speaker_id,recording_id,geometry,unique_cutpoint_count,inside_phone_count,inside_phone_rate,depth_gt_20ms_count,depth_gt_50ms_count,depth_gt_100ms_count,depth_gt_20ms_rate,depth_gt_50ms_rate,depth_gt_100ms_rate,edge_occurrence_count,edge_inside_phone_count,edge_inside_phone_rate,edge_depth_gt_20ms_count,edge_depth_gt_50ms_count,edge_depth_gt_100ms_count,edge_depth_gt_20ms_rate,edge_depth_gt_50ms_rate,edge_depth_gt_100ms_rate,eligible_target_speech_sec,retained_target_speech_sec,speech_coverage,emitted_audio_sec,clip_count,mean_clip_duration_sec,geometry_fingerprint,policy_fingerprint,vad_observation_count,vad_timestamp_sha256,vad_probability_sha256,candidate_cutpoint_sha256,selected_cutpoint_sha256,selected_clip_sha256,elapsed_sec,workdir
s01,s0101b,A_O50_8,61,12,0.19672131147540983,7,1,0,0.11475409836065574,0.01639344262295082,0.0,62,13,0.20967741935483872,7,1,0,0.11290322580645161,0.016129032258064516,0.0,209.11561500000002,146.16466499999984,0.6989658089377966,160.66400000000013,31,5.182709677419359,72ea8093df3fb11222b7291a784e2272246d6349ad6d5da63900e79412997498,7742f46ba78ed9fa88c087d5ec69553ce3988bd974cf12b77459f3fa28b99e2d,69829,b5f8a95b25d461ec3215edf05f53a64020c432b08d7f50d8cefb5751856aba9b,384a554710434280e25c770cc87360cb0d79a3166be9cd62ec7f621d1a8f1c9b,835a283ac8a08d15a2c476ee85cc1038028df075c42b92849fa378efb48602be,fde371348ffd3e0de0343f96160d7e7ec8b17b02029203168bb09da0d9d03b61,6694f87bbf9bec0d96aa648a36a3c853910f2b919a606e785e1a7ee36fa5ab25,13.713755,/tmp/buckeye_slicer_A_O50_8_n7lzf7w2
s01,s0101b,D_O0_8,53,9,0.16981132075471697,4,1,0,0.07547169811320754,0.018867924528301886,0.0,54,9,0.16666666666666666,4,1,0,0.07407407407407407,0.018518518518518517,0.0,209.11561500000002,125.40575199999986,0.5996957807287603,138.65600000000003,27,5.135407407407409,b35b56fbf50e01487bef7f59ef870fe839ea7b8d3f84afb9014d7c5503a3e4dc,7742f46ba78ed9fa88c087d5ec69553ce3988bd974cf12b77459f3fa28b99e2d,69829,962658f962094f595f9b0cebfc00f56d83bd6d61daccfc01f6173c09c7055bc6,874417e3c83753978674a246cbdf37bdb8f41ee28bc6e79eb69892f80bb5a37b,919e164726688c2b703b3f629f60ccb1d9ac0f7278041a59994a0f650f221e80,fc3091eebbf3ed5a9c717b82cd53e2fabbfd40bd8b92f8b184bea9a27ac54b93,e9b3e8da1848e91e41072705207748d1d321528a01ab07ccb74231c93652581c,11.698359,/tmp/buckeye_slicer_D_O0_8_skwckdnv
s01,s0101b,O25_4,59,10,0.1694915254237288,4,1,0,0.06779661016949153,0.01694915254237288,0.0,60,10,0.16666666666666666,4,1,0,0.06666666666666667,0.016666666666666666,0.0,209.11561500000002,138.33045599999988,0.6615022794926141,152.244,30,5.0748,5c718a3fdc193cf92e8babe55085d9a6c49c09e1bb11c69c0d3e71192acf39c2,7742f46ba78ed9fa88c087d5ec69553ce3988bd974cf12b77459f3fa28b99e2d,139658,ab91a53220904c729eba6f2b4508bc5eb537415a15619e2bd9f6dc755686c64a,d5c0cc36494cec66400e90f4f9b9ac285361a8c684e8b20c9c5ee6484d9ade54,1bd14ce4c5f67d2fb21777d94e8a5a56097fb455384b65c1e209912dd015d8fe,9fa8643b6b061a68f84045aaf60bfd71b4ce0a1133f4ea53c8e1e7b407c8cd58,6db0490f3b1917dce995d8fdf1cbe1a445c222dc4ccd8e65285ef8064675cab5,16.476509,/tmp/buckeye_slicer_O25_4_b2rxeimn
s01,s0101b,O0_4,55,9,0.16363636363636364,5,0,0,0.09090909090909091,0.0,0.0,56,9,0.16071428571428573,5,0,0,0.08928571428571429,0.0,0.0,209.11561500000002,130.0281159999999,0.6218001271688864,143.732,28,5.133285714285714,87130029b5443647ed1f1febd32ab768bf957a0a1698217eb3cf14b2d00c6ecf,7742f46ba78ed9fa88c087d5ec69553ce3988bd974cf12b77459f3fa28b99e2d,139658,2782d4bb2a530808626b99eae1aeb3e51d6e4981e47584d4f3e9692b56a234f9,4e4584a5863e2d63a13b5175a0fbfdfe0457ab33a360df8c79c4a4b8e17f170c,2ab0ebe3ad0f23b799a7659fd42449a681a6c2a7f2281a69787839c75731ca57,859d0c4cd3b83eaf7502c4710a4394c7135806d330b5d8a746af01d127bd64d8,b30ca7cab60532a8eb945a34f5853f41ceeff0068be93bf74e3f95fd318082ca,18.518799,/tmp/buckeye_slicer_O0_4_lw_5_3p9
s01,s0101b,O12.5_4,57,11,0.19298245614035087,4,1,0,0.07017543859649122,0.017543859649122806,0.0,58,12,0.20689655172413793,4,1,0,0.06896551724137931,0.017241379310344827,0.0,209.11561500000002,133.8176539999999,0.6399218633194842,147.65600000000006,29,5.091586206896554,c4a9d51af35f27f1e99f5960f01d8721e1c9a7ae761cc52d68b81ecc3366390d,7742f46ba78ed9fa88c087d5ec69553ce3988bd974cf12b77459f3fa28b99e2d,139658,84554d9bc0abd6dd4cf0ff6e1617e70c7281ae0e064febf67688a127abeea598,b9a094b3c03be59dee16c16aea87c0c4a0be8a460a57065fece38e327f54fdbe,19fdca54fb949cd27eb2d43d046df927cf7d7fc72b02c1fc98a41d3f948b7017,a267902f21bc03e5692781164317ec9634a05bde7c3c548b4c40dc2378e447cf,10cae0ba08f0001903e24012df30cf19a4ba3e0355421c85d9261ff8bcb87078,16.592832,/tmp/buckeye_slicer_O12.5_4_yjrb8j9q
s01,s0101b,O0_2,55,9,0.16363636363636364,5,0,0,0.09090909090909091,0.0,0.0,56,9,0.16071428571428573,5,0,0,0.08928571428571429,0.0,0.0,209.11561500000002,130.03411599999987,0.6218288194308199,143.87199999999993,28,5.138285714285712,b8f9c3af61c5c18d8b52a1cdb992e5c98e154bc752c5665b52bea987b6d3c947,7742f46ba78ed9fa88c087d5ec69553ce3988bd974cf12b77459f3fa28b99e2d,279315,fe4e799b924c00133081c98246d51480eeb1eb5710b07afaf4ea9bfddc9eef1c,c9bbc57c9cf2d639d5c981344ffe579d53e5df845a7816e5e227b96a736cccd9,5a56fffd24ccb3b4181ba4176689f53778c93f465afe41994421674b5e732a69,0fb5f5721cef8346bc0c39aadb105f00655084b3c0fc73a855b2de548b2d1aee,b25cde7f4fcbcf0be17c45d6824570164b7b9d56f406b991bb04f5eb6de3d338,34.898654,/tmp/buckeye_slicer_O0_2_ckbjv29t
s01,s0102a,A_O50_8,93,17,0.1827956989247312,9,2,0,0.0967741935483871,0.021505376344086023,0.0,96,19,0.19791666666666666,10,3,0,0.10416666666666667,0.03125,0.0,315.34814700000044,218.65627400000017,0.693380557584186,244.55199999999982,48,5.094833333333329,72ea8093df3fb11222b7291a784e2272246d6349ad6d5da63900e79412997498,7742f46ba78ed9fa88c087d5ec69553ce3988bd974cf12b77459f3fa28b99e2d,75244,4168420175b9518f9058ff89351657540ffcba781092e077e1fd9034007337a3,7d25326a33a61de091d150f2f7008d881e094ea62c7ae4dfac29991456f1f5ec,6f0692a887c56eef7a5ba5f1d67e35b0d133e27ca8880ffcb22054594a29b89b,a465aa829343c1cca0bc72f0a52c0a5e36ffd6ecfce43565ba9eb3db9bdceaea,b93c904974ff334b02d8260c617da0587bd6d7ae2f503eb4ee338e4c5bc79dc1,13.921877,/tmp/buckeye_slicer_A_O50_8_4sq01hze
s01,s0102a,D_O0_8,88,14,0.1590909090909091,7,2,0,0.07954545454545454,0.022727272727272728,0.0,90,16,0.17777777777777778,7,2,0,0.07777777777777778,0.022222222222222223,0.0,315.34814700000044,206.4356650000002,0.6546278041075659,232.78399999999996,45,5.172977777777777,b35b56fbf50e01487bef7f59ef870fe839ea7b8d3f84afb9014d7c5503a3e4dc,7742f46ba78ed9fa88c087d5ec69553ce3988bd974cf12b77459f3fa28b99e2d,75244,06ffbaa6653164877f0cf46c9d15714ec374a696735d7436d97cb936e4537db4,8bddbaae662fe63a6ad5d1643accddd95ac73072c5f8e921cab50ebaa5a5fff1,88de09ceca58f4f53047366a8d01f7f8ba96c449233ce9cec96d2015ea34f20c,67372b5251f16b480749861721a7b3f565f358676762ead46aa8578f9e331ac3,b260e1adb40688295693f68b0c546baf4b43f841e316ee29de1be753e9601bbc,12.57961,/tmp/buckeye_slicer_D_O0_8_qp708xld
s01,s0102a,O25_4,93,16,0.17204301075268819,7,2,0,0.07526881720430108,0.021505376344086023,0.0,96,18,0.1875,8,3,0,0.08333333333333333,0.03125,0.0,315.34814700000044,218.81807900000018,0.6938936571585432,245.34000000000017,48,5.111250000000004,5c718a3fdc193cf92e8babe55085d9a6c49c09e1bb11c69c0d3e71192acf39c2,7742f46ba78ed9fa88c087d5ec69553ce3988bd974cf12b77459f3fa28b99e2d,150488,92e6f8e9dc7dff5003219e4cb21ca2384004ca5f0914edc26fb9dcde1d106235,3b5f11f5c3e58a27c9ac1e96ddcd2012ebca4d34e6c2db1c52da309756357720,717859f74c85f464c33f57f76fe505abd9a846738661e8d34023a5bc0cb94e53,9accaff1f81e2eae4e6dd1a3f23663c8465c1b24f8e57cd2eb9466ecbf03fdb5,989bcb97ff11c179ed1422b36c29d065eef2c9e2d345965a92970827f8a1122d,18.45606,/tmp/buckeye_slicer_O25_4_tpw08h02
s01,s0102a,O0_4,88,17,0.19318181818181818,5,2,0,0.056818181818181816,0.022727272727272728,0.0,90,18,0.2,5,2,0,0.05555555555555555,0.022222222222222223,0.0,315.34814700000044,206.58390100000014,0.6550978750479224,232.49600000000015,45,5.166577777777781,87130029b5443647ed1f1febd32ab768bf957a0a1698217eb3cf14b2d00c6ecf,7742f46ba78ed9fa88c087d5ec69553ce3988bd974cf12b77459f3fa28b99e2d,150488,f8ac5ccee719fe46044a149f4e11f193b7f765fd6c0b0f8f644535ae61ecf4f5,7483ce7f7c39f4e4f6222262b72465a2fee81d2939498b470b996a0cdab69f92,0e12babbf2de5cf2d903faddc2ae702174a2d8c2d14611c24ecbaa021a679875,62a5d1a27982008e97acaadce676afc91e8bd7ad2e01809b03b4d2f6c1aafacc,704866300ea6be4cd83acf245e9defea0e4558e41ab98cf37900ae25aa461745,19.538068,/tmp/buckeye_slicer_O0_4_kjs2k_r8
s01,s0102a,O12.5_4,93,15,0.16129032258064516,8,2,0,0.08602150537634409,0.021505376344086023,0.0,96,16,0.16666666666666666,8,2,0,0.08333333333333333,0.020833333333333332,0.0,315.34814700000044,215.22642300000012,0.6825041626136457,241.65200000000019,48,5.0344166666666705,c4a9d51af35f27f1e99f5960f01d8721e1c9a7ae761cc52d68b81ecc3366390d,7742f46ba78ed9fa88c087d5ec69553ce3988bd974cf12b77459f3fa28b99e2d,150488,24f7b053694e8d3566e262df30b53ebaab3ab01afa02ad93f5dff2235f74189f,3662d2989c5649b3b6ef4c5943a62a3d4e291bdce07eda9c6553442080cacc44,c16f9c9614766aa6d44b19806c444a661da37798e6366bbc6b8fbecaf6d88db7,ceffb6e496c5f8c4be9fef80d882f1ea3b2abd588e7645d4be1ffb79b5415302,95fcc0ae2f4fb42bb57b56ab34b062fa1d893555fbff9968acee8b50b55b33c6,20.535737,/tmp/buckeye_slicer_O12.5_4_qkqnv3px
s01,s0102a,O0_2,91,17,0.18681318681318682,5,2,0,0.054945054945054944,0.02197802197802198,0.0,94,19,0.20212765957446807,6,3,0,0.06382978723404255,0.031914893617021274,0.0,315.34814700000044,214.59439500000002,0.680499939642898,241.5140000000001,47,5.1385957446808534,b8f9c3af61c5c18d8b52a1cdb992e5c98e154bc752c5665b52bea987b6d3c947,7742f46ba78ed9fa88c087d5ec69553ce3988bd974cf12b77459f3fa28b99e2d,300976,74e44bccb1e2cdcec97d8bf9f49e3209782193806a5211d591d03d19bb828d30,0ae3175de0b038d897f356d565110b122cd4e22b4872c9de1d0618b7247044d6,59f0844337b1bf7e548ffba76403a34100bc6547674cfebf5503356c5a7da1b7,9eba1c387089414c74b060010971a9418993053f686e5552c6fa7bdda79f1532,a7d8df21b1d2b1ecaca4d805b202d7cdfe04ce2c4b8948077126f7bfca5d5de7,38.589058,/tmp/buckeye_slicer_O0_2_hkjczu4w
s01,s0102b,A_O50_8,65,18,0.27692307692307694,14,2,0,0.2153846153846154,0.03076923076923077,0.0,70,21,0.3,16,3,0,0.22857142857142856,0.04285714285714286,0.0,247.2786510000001,160.4295300000001,0.6487803510380685,181.24000000000004,35,5.178285714285716,72ea8093df3fb11222b7291a784e2272246d6349ad6d5da63900e79412997498,7742f46ba78ed9fa88c087d5ec69553ce3988bd974cf12b77459f3fa28b99e2d,69505,052b56263617d73b0e0c3a987d45a90bc390cdbceaeb39b1d62e08d9cdf0a02e,87711b564c6e4d6a4083df2e4b6741fd162f86cec4f48c34803d08f684ab3cec,a6b26bbc95c28fbfaf98daa8f068e92166d3aa1ca13fe1aed64018b258befe8b,7707e9575624a14394e401f59b34e57bc18e9594405ad769f91afbfd0e2402c5,8c89182b608ae11bb79a31a7f6567e6a38c455090018906cae89a367b75afb7d,7.382585,/tmp/buckeye_slicer_A_O50_8__axqmwd4
s01,s0102b,D_O0_8,56,10,0.17857142857142858,4,0,0,0.07142857142857142,0.0,0.0,60,10,0.16666666666666666,4,0,0,0.06666666666666667,0.0,0.0,247.2786510000001,139.2212089999999,0.5630134604705517,157.096,30,5.236533333333333,b35b56fbf50e01487bef7f59ef870fe839ea7b8d3f84afb9014d7c5503a3e4dc,7742f46ba78ed9fa88c087d5ec69553ce3988bd974cf12b77459f3fa28b99e2d,69505,bc80d6e6c4256af680ff5f2b3c42561827c99014db77ea24260832d67ee76501,c20b055b047f7a37bbb4af99fc228e3bd910dfa3662ad75d8386db1675f0847d,aa4c11f9037e980baff82b9b0b593641c68a6ad218919b42cff4f2f63219f6ce,4a572cc0526a7402f2da064a69ed38a59dd3d9195ffc90130464584df85b5833,9807895de917bfa75fc1df8b4ca86834bf9d3149b39296a9a6270c2afb6c10a4,9.59712,/tmp/buckeye_slicer_D_O0_8_1vr63i71
s01,s0102b,O25_4,61,12,0.19672131147540983,8,1,1,0.13114754098360656,0.01639344262295082,0.01639344262295082,66,14,0.21212121212121213,9,1,1,0.13636363636363635,0.015151515151515152,0.015151515151515152,247.2786510000001,152.298247,0.6158972737197598,171.88399999999982,33,5.208606060606055,5c718a3fdc193cf92e8babe55085d9a6c49c09e1bb11c69c0d3e71192acf39c2,7742f46ba78ed9fa88c087d5ec69553ce3988bd974cf12b77459f3fa28b99e2d,139010,ac0a9f4956b5517d7dacd2590c0bccf171c4b9ab359b8770e92a708be77b4e33,f0f6df0deb3e7b8c1fed82a9884823f85ccdc5e9d739f6e12fc948e5928c0945,06e5d6775efdfb146a0c54eec5baa23821ec204ebad085457c2f9ffb7eda8386,2134d71eac4b750b2f0822411c18cf9ae2f6a147c1f0ec73ef11c8818514214a,125e8fbdf67c1e07103064cf5f07791a7ca34363460f85c1e24b60da017b3fe5,16.789856,/tmp/buckeye_slicer_O25_4_xifrbxvc
s01,s0102b,O0_4,58,12,0.20689655172413793,5,1,0,0.08620689655172414,0.017241379310344827,0.0,62,13,0.20967741935483872,6,2,0,0.0967741935483871,0.03225806451612903,0.0,247.2786510000001,146.23603599999998,0.5913815665388756,165.14799999999985,31,5.327354838709673,87130029b5443647ed1f1febd32ab768bf957a0a1698217eb3cf14b2d00c6ecf,7742f46ba78ed9fa88c087d5ec69553ce3988bd974cf12b77459f3fa28b99e2d,139010,241c7cdaa825be3240fd679366f3b1193fb890cd9be6e88cefc8dacc71b008ca,184f920f82e18675368fb89883c0719854637cb8187e687568722a4bdfc20336,0bd7579e98db32cd5b6fe9c02eb4ad43a4ce0f343a1c57db1687a7285a89a4f5,df59907d57e259a080439960ed9068006c75b00c27c8df699247ca8fae9f5f4a,fb0e2f67f7e2e9605864304b91e50caddcbb402eb432d9c93264ee556badb4e2,17.873225,/tmp/buckeye_slicer_O0_4_k6s5xlkj
s01,s0102b,O12.5_4,61,13,0.21311475409836064,5,2,0,0.08196721311475409,0.03278688524590164,0.0,66,14,0.21212121212121213,6,3,0,0.09090909090909091,0.045454545454545456,0.0,247.2786510000001,152.35680400000004,0.6161340794438416,171.72800000000004,33,5.203878787878789,c4a9d51af35f27f1e99f5960f01d8721e1c9a7ae761cc52d68b81ecc3366390d,7742f46ba78ed9fa88c087d5ec69553ce3988bd974cf12b77459f3fa28b99e2d,139010,6980595a8211db4887dd46b6f76785dbfcfe08be948c9bd5f7eca6d1ffce44af,75f61abb8dd50a00190e37b79588a8fdbe38df8c3954e12a24be739a7923f96a,e6df2598fb08115f933624f98c92987f1b910e0701dcff2f11db7cbc903b28a3,8e9c2cbd34e8fb8b443c16bec16307af2c719704f9d5cd2d7180d4f98be68078,e2354a7ea7e6503218b9ceab734833479fbbae9d066a6c3181c227588e77203d,16.127399,/tmp/buckeye_slicer_O12.5_4_nj6upbji
s01,s0102b,O0_2,61,13,0.21311475409836064,6,1,0,0.09836065573770492,0.01639344262295082,0.0,66,15,0.22727272727272727,7,2,0,0.10606060606060606,0.030303030303030304,0.0,247.2786510000001,151.54221600000002,0.6128398686548964,170.98799999999983,33,5.181454545454541,b8f9c3af61c5c18d8b52a1cdb992e5c98e154bc752c5665b52bea987b6d3c947,7742f46ba78ed9fa88c087d5ec69553ce3988bd974cf12b77459f3fa28b99e2d,278020,873e6aeb9f38166b0450019cf6f2fbf2d6055890023705ff2340d4a8263886fa,f7fd5f739b0d1dfc79049cf85905d341e29cad1f4137859ec55acc5b926f8e03,5cb7e3999e76e6b90c152e512b2497366286872a35eb81a9e9a62b7e931d2a05,a0c67d8143362fb71352c2b77907a64fcea758f1bf829a9acbd78b1ccd89bdce,d51fdc3694f40c9ec68a3e0e8535719ba4b032b0b53ad976cf346ec24c8d48a3,33.218177,/tmp/buckeye_slicer_O0_2_x9tqgbv8
s01,s0103a,A_O50_8,49,11,0.22448979591836735,3,2,1,0.061224489795918366,0.04081632653061224,0.02040816326530612,50,12,0.24,4,3,2,0.08,0.06,0.04,184.805317,119.40362199999996,0.6461049061699884,130.848,25,5.23392,72ea8093df3fb11222b7291a784e2272246d6349ad6d5da63900e79412997498,7742f46ba78ed9fa88c087d5ec69553ce3988bd974cf12b77459f3fa28b99e2d,53796,2788a70ecbe971b843b1a7412258dd6fca21a0a39cb2f6af354f945f3db002dd,fe8db971d76d15ffcd7e50850c88afc413c4171869fc07318d19910da59e0d37,d65315883d527ba03889ad68426efe50edde4dc9021d805a4cf8ff556357d287,48eaa2743ddcc377669abdcf822d26442d7042f6b2cc271bca1530c283954d62,3399780d115c69b02bb74cbf41e173857264637b8d3b0472e7381a95d2a77fc9,8.052698,/tmp/buckeye_slicer_A_O50_8_lhbq6ym2
s01,s0103a,D_O0_8,43,8,0.18604651162790697,5,2,1,0.11627906976744186,0.046511627906976744,0.023255813953488372,44,9,0.20454545454545456,6,3,2,0.13636363636363635,0.06818181818181818,0.045454545454545456,184.805317,107.36742700000002,0.5809758547152625,118.02400000000004,22,5.364727272727275,b35b56fbf50e01487bef7f59ef870fe839ea7b8d3f84afb9014d7c5503a3e4dc,7742f46ba78ed9fa88c087d5ec69553ce3988bd974cf12b77459f3fa28b99e2d,53796,222a9a2a1890817d7f2053e4404ede3ac8373058f8d3864524fb9de9328da9ca,9ba691484105a4e737b4ec4fe0106261c5f3094fd998fd47d3162e04d2e7f24c,1cef63b12e646231e4327b959b812fd4640a20f107899f19ea64623be1351e18,e3ac41f439bba2da904e662e046f6c62a7d630defd0cf5ed3c50a817cf3f81af,489d0bb00a32c618baddbc703d053e17ed0dadc5ae0794bd77b0a327f610a460,6.250139,/tmp/buckeye_slicer_D_O0_8_fhtwvzrn
s01,s0103a,O25_4,45,8,0.17777777777777778,5,3,2,0.1111111111111111,0.06666666666666667,0.044444444444444446,46,9,0.1956521739130435,6,4,3,0.13043478260869565,0.08695652173913043,0.06521739130434782,184.805317,112.06565900000003,0.6063984565985189,122.96400000000007,23,5.346260869565221,5c718a3fdc193cf92e8babe55085d9a6c49c09e1bb11c69c0d3e71192acf39c2,7742f46ba78ed9fa88c087d5ec69553ce3988bd974cf12b77459f3fa28b99e2d,107591,af752b432eb4950d8770b0fc1f3f0249d2f5bac1ece0b26f9775441bee88781f,ee045d5744a0119b046fd86e5f378f9b060e754e7b2220b6851dc34a00b4234c,d1fe6e299c9149cfb6d2df37dc68a9e8343258a6a4eb28e4713e85ed6c0b7516,f1d0857b5a09e1a7c94d56a56aba46b21b8fa0b7f14191b4f00562c2a03c7439,778056abde498c7dfc226b8f94d7725ddc6e3faa66a48115cf69857bfbbcd8a3,15.083454,/tmp/buckeye_slicer_O25_4_clz581sp
s01,s0103a,O0_4,43,8,0.18604651162790697,5,2,1,0.11627906976744186,0.046511627906976744,0.023255813953488372,44,9,0.20454545454545456,6,3,2,0.13636363636363635,0.06818181818181818,0.045454545454545456,184.805317,107.549769,0.581962525461321,118.15199999999992,22,5.370545454545451,87130029b5443647ed1f1febd32ab768bf957a0a1698217eb3cf14b2d00c6ecf,7742f46ba78ed9fa88c087d5ec69553ce3988bd974cf12b77459f3fa28b99e2d,107591,fdb92a37ea8a91cf63b72c2d8f39aac63e790b2033feb310db19235dd59cdf92,4b9d29bde0157465ee1f702dde1407f49e7df68f1bd37a23fec2875b1254ffb7,b50b34704a67fb0b4395e6635fcd2b149a20d299a4d6173d66ac4c089bd0c546,a56356c987cad84f18a58cb752a1f1b0d8d87a2217987c592c16535f421db22e,81ad904a899666431a54e1ac5da86160b603041ef29dc61954478ff6d745d717,13.916392,/tmp/buckeye_slicer_O0_4_ug5skikv
s01,s0103a,O12.5_4,45,9,0.2,4,3,2,0.08888888888888889,0.06666666666666667,0.044444444444444446,46,10,0.21739130434782608,5,4,3,0.10869565217391304,0.08695652173913043,0.06521739130434782,184.805317,112.08467700000006,0.6065013648930894,123.08000000000001,23,5.351304347826088,c4a9d51af35f27f1e99f5960f01d8721e1c9a7ae761cc52d68b81ecc3366390d,7742f46ba78ed9fa88c087d5ec69553ce3988bd974cf12b77459f3fa28b99e2d,107591,659d455a14ec77222caf99de44f99deecb58c4f7aae8a61e56467237ab4ffe95,cea4e538e91c9236d543e6f9e4584580786ccceaf8b9d75f2ec0a6926159e2d1,5a0aef3a0531888fa9cdda7096511062974f67d8312225d0dd1b5e59ee722a4e,0727105779a5ef0143e39a2472baa3ca45bf473093c5ca411018f6caaa052841,39f1aab00023af63d0240a8f5fc5d613358a6c5e776fbab887a1d1252c8f2928,13.788249,/tmp/buckeye_slicer_O12.5_4_mbljv4k2
s01,s0103a,O0_2,43,8,0.18604651162790697,6,2,1,0.13953488372093023,0.046511627906976744,0.023255813953488372,44,9,0.20454545454545456,7,3,2,0.1590909090909091,0.06818181818181818,0.045454545454545456,184.805317,107.54176900000007,0.5819192366635213,118.16600000000011,22,5.371181818181824,b8f9c3af61c5c18d8b52a1cdb992e5c98e154bc752c5665b52bea987b6d3c947,7742f46ba78ed9fa88c087d5ec69553ce3988bd974cf12b77459f3fa28b99e2d,215181,02fe3cb22c27303b5dba6c4e6cbd8b1c7dfef6430dd096aa9a6f03de9447cb21,c56a4b04f71773bd2331aa17c643bbd5eb6c9261ace1c25ee22db4479586efa0,64c6d5e5cbb436a04f3a7674addc8cfc5e30c49a4515652b64a727c36947d836,37ea0fee8130cbda84c260fa4722fba3de75ee65944155456221bfb4ae414309,16646478056b6d567c8e906c6ace01f39de507b9a21d27a5ef79682ee2849e9a,26.809099,/tmp/buckeye_slicer_O0_2_8m6us8ph
s02,s0201b,A_O50_8,23,2,0.08695652173913043,0,0,0,0.0,0.0,0.0,26,2,0.07692307692307693,0,0,0,0.0,0.0,0.0,84.13449100000008,65.20768599999997,0.7750410708492894,71.96800000000003,13,5.536000000000002,72ea8093df3fb11222b7291a784e2272246d6349ad6d5da63900e79412997498,7742f46ba78ed9fa88c087d5ec69553ce3988bd974cf12b77459f3fa28b99e2d,32484,8b2efa05a43b198d1fc7be34bc4d73cdbd2fe9258a1118ced61c942016203f41,68734076bed194547a53560ffd2079703f6cd9c224ffa7d03ddb39f86eb75b8a,41f59f5212a17f99a1653d1d17cf5ec3a663aaaba2ef7be5c145745fcb8a3fcc,ada5ac545f7aaee1808b6708f893bb20b03251d005a4efd6005aa56a309d7ad4,bcb6a571f8b361d387e736ec13f8d13acd5ae2809a705d0d0b58e9a2071fc64c,4.886663,/tmp/buckeye_slicer_A_O50_8_uny_t7m5
s02,s0201b,D_O0_8,18,1,0.05555555555555555,1,0,0,0.05555555555555555,0.0,0.0,18,1,0.05555555555555555,1,0,0,0.05555555555555555,0.0,0.0,84.13449100000008,41.37084499999999,0.4917227703915146,46.36800000000005,9,5.1520000000000055,b35b56fbf50e01487bef7f59ef870fe839ea7b8d3f84afb9014d7c5503a3e4dc,7742f46ba78ed9fa88c087d5ec69553ce3988bd974cf12b77459f3fa28b99e2d,32484,7764fc90e1c0ed7b572c39b39598fc51e57885c599e326fabe3c27dd497f4c20,7ab18180177334e785d91da63393962528534f92dda4c2c63df2c2c686c700a9,7b85bf54f00f0b0faf61dcdf6e7acb9e60cef23df79d9c3d481fcbd07a6a07f3,3ceaca14370472d125444d5a7a58a2c0cae850e2671681f88a8e5e6a0ff88476,faf10dcb889871528f14673acefa45dc8b6a5c1600028b710a5edd2bea227fdd,4.312584,/tmp/buckeye_slicer_D_O0_8_zkdh_870
s02,s0201b,O25_4,22,2,0.09090909090909091,0,0,0,0.0,0.0,0.0,24,2,0.08333333333333333,0,0,0,0.0,0.0,0.0,84.13449100000008,65.21568599999995,0.7751361567041498,72.09599999999999,12,6.007999999999999,5c718a3fdc193cf92e8babe55085d9a6c49c09e1bb11c69c0d3e71192acf39c2,7742f46ba78ed9fa88c087d5ec69553ce3988bd974cf12b77459f3fa28b99e2d,64968,fbb3295d982a49a094a5bfd4ffeb6dd084dc4a39d337580c96823ca4c555bab1,d04e3c03206e9627b9e6f8abc805209fb0c02dffe4d903244725d681756546f9,e9857ce44917ebd4879e22234390efbd3b1382ce57b25ce6db27b9c834aba50d,5b7fa32960bea3e77505cb93b6507c054d10ebe8153224762a66e6860f4c4299,546d2240a2ba9f2a91e17d71d8ba88de7fe5f83534ea4b92513b0252609a126e,8.289967,/tmp/buckeye_slicer_O25_4_dltpl2i2
s02,s0201b,O0_4,18,1,0.05555555555555555,1,0,0,0.05555555555555555,0.0,0.0,18,1,0.05555555555555555,1,0,0,0.05555555555555555,0.0,0.0,84.13449100000008,41.37084499999999,0.4917227703915146,46.39599999999999,9,5.155111111111109,87130029b5443647ed1f1febd32ab768bf957a0a1698217eb3cf14b2d00c6ecf,7742f46ba78ed9fa88c087d5ec69553ce3988bd974cf12b77459f3fa28b99e2d,64968,fdc796c69deaf628ddb1aadce65ae2940f36e1052bf5192532b53e001cb57c4c,e69c9a2be06ffe6442dbf0cd98fb2d7b8fc07af79cd1a4289975b595db56dd87,b943ac79db7a0627a92dec55cb1623795612f950f85b2088010ca823baa61b8d,21db6eaf439f07bb1b389b3f8c0aaf3e0d91ed6bceb83ed0df29d1aa92c92a94,2d9d81e5c53bd03fa486c8447519a3e74b4ed0ae4b24bf59ea326da53b01a30e,8.817473,/tmp/buckeye_slicer_O0_4__9hz7yry
s02,s0201b,O12.5_4,22,2,0.09090909090909091,0,0,0,0.0,0.0,0.0,24,2,0.08333333333333333,0,0,0,0.0,0.0,0.0,84.13449100000008,65.21168599999999,0.77508861377672,72.03600000000003,12,6.003000000000003,c4a9d51af35f27f1e99f5960f01d8721e1c9a7ae761cc52d68b81ecc3366390d,7742f46ba78ed9fa88c087d5ec69553ce3988bd974cf12b77459f3fa28b99e2d,64968,76141708e894f4fbc40a3ccd9b6f178f1c0a7e13c638e06a59dfe30a6690e43e,923bbdca69feccf8ef353fd55d4fb8e89de197a6cd8351a231037a079e8a7b75,7494325e1076dde60858a0c250b83e3b283df9917d6f93dd3c606ae34bc23877,2c077833c0ca2ae773481609c7d3eb82d0b831d99db8d4e38efaa14416bdffb1,0b31120ddb10bc1022f0a2e787b7f41949ec7852f8be6400252d5ee6d2e7fc04,7.313542,/tmp/buckeye_slicer_O12.5_4_o4558s4n
s02,s0201b,O0_2,18,2,0.1111111111111111,1,0,0,0.05555555555555555,0.0,0.0,18,2,0.1111111111111111,1,0,0,0.05555555555555555,0.0,0.0,84.13449100000008,41.35973299999996,0.4915906961391128,46.38799999999998,9,5.15422222222222,b8f9c3af61c5c18d8b52a1cdb992e5c98e154bc752c5665b52bea987b6d3c947,7742f46ba78ed9fa88c087d5ec69553ce3988bd974cf12b77459f3fa28b99e2d,129935,463a8a2f02af638bd28d59bec337b4c4b0b764afde3bcd53eb138555544dd37c,e9d51ca413ecb9f34d509330f498cb9b749f909f2d2e9b2b1e16f085773b70b6,7209d1f2a87f7189308e7f8a34b9055debe6158f9aa0733fd19db480c2a493ad,dd7f71c36d1aed3915ed2326194583678be5488a93411df815a858fe9d7e5304,63756c8f3c1317986f7b581ab097d2d41aeebc47db5abc45c8322276aea1ae30,16.063878,/tmp/buckeye_slicer_O0_2_knqoqjq1
s02,s0202b,A_O50_8,53,3,0.05660377358490566,2,0,0,0.03773584905660377,0.0,0.0,56,3,0.05357142857142857,2,0,0,0.03571428571428571,0.0,0.0,188.87636500000005,153.01229800000004,0.8101188203193131,171.736,28,6.1334285714285715,72ea8093df3fb11222b7291a784e2272246d6349ad6d5da63900e79412997498,7742f46ba78ed9fa88c087d5ec69553ce3988bd974cf12b77459f3fa28b99e2d,53935,48167044e025dda4045fe3327947e1d9400d66cc205af3fcb1543b0cafe9cd53,b578cce9b8a373f67d0cdeb14cc4a8f0b16c84118b10174ad7a9daa7b8204327,0415a0e4b006a3eb6f0953e5519d4238852837b48156cdfbf7100dfdef360891,425364a49e720abb478786291489bfb4dcc4115084e9381325098f5fe60e30ca,4d64cd323a2b204d62d27418baa82e3fbbc4e6dd29d2290c6511125c508a4884,7.765631,/tmp/buckeye_slicer_A_O50_8_w45lkg4y
s02,s0202b,D_O0_8,48,1,0.020833333333333332,0,0,0,0.0,0.0,0.0,50,1,0.02,0,0,0,0.0,0.0,0.0,188.87636500000005,141.025514,0.7466551677866098,157.91200000000003,25,6.316480000000001,b35b56fbf50e01487bef7f59ef870fe839ea7b8d3f84afb9014d7c5503a3e4dc,7742f46ba78ed9fa88c087d5ec69553ce3988bd974cf12b77459f3fa28b99e2d,53935,eb877ad4228daa6c5ed56c92c4e61befc4768bdeead8af0a0c3ccbce60ca5d6c,cce07662e01ef31893ca396d4071f1cbed888ea8d2050c56a6fe9022e3516071,08d31d6a49fdba5fc33739ad3e4e59451c40b76ce00bbd929f9b415101e37b0d,a3ca86e744b67632a242424cc79f9acd3c5e69c27f0e4faedc00ac92deb82e79,f4fd5594ac63dc45f31d86961795e667d12e9d972424c03cb8d0ccf84b2756d6,6.502435,/tmp/buckeye_slicer_D_O0_8_51q6__xm
s02,s0202b,O25_4,53,3,0.05660377358490566,1,0,0,0.018867924528301886,0.0,0.0,56,3,0.05357142857142857,1,0,0,0.017857142857142856,0.0,0.0,188.87636500000005,156.56355499999998,0.8289208393014126,176.30400000000006,28,6.296571428571431,5c718a3fdc193cf92e8babe55085d9a6c49c09e1bb11c69c0d3e71192acf39c2,7742f46ba78ed9fa88c087d5ec69553ce3988bd974cf12b77459f3fa28b99e2d,107870,680d438b33e7bd925171579776e6e608e3f767a0d40f9995d52553a5d51c6b27,87c626771333aac064f7ea63df44869703c23eef43b4d8d90d05e13b6b0ecd0d,3864302069a3ad70111f1436b4c5f782549fa1425d2383856d4e404db624e6cc,11d17bafbca740bd104122e4957b5420f88b329ec1ae6bc4034d7eff928ca69e,4e4507c8854a9198693947c9d7d7ec737f3d7773dcdfb32ea3a98e0d01052b69,12.682165,/tmp/buckeye_slicer_O25_4_aw62dg8r
s02,s0202b,O0_4,48,1,0.020833333333333332,0,0,0,0.0,0.0,0.0,50,1,0.02,0,0,0,0.0,0.0,0.0,188.87636500000005,141.025514,0.7466551677866098,157.92000000000004,25,6.3168000000000015,87130029b5443647ed1f1febd32ab768bf957a0a1698217eb3cf14b2d00c6ecf,7742f46ba78ed9fa88c087d5ec69553ce3988bd974cf12b77459f3fa28b99e2d,107870,5742ff6db24e9fa71809d5e96c80881478f13294b7a9f626d946ad94e8e84021,85fe8273af706b1dd235e05efe4dd1665a2ee0a0a51b71e13d59e2aa9bf20795,82a898c6922f0c7f9297b0ddd7d96e2bdc00b1f09759066c8921666863ce93e0,6e2e3788b4b7c48e6e85953085ff7393c7475c11f8d22ac26a608738f4664cf1,01c62338459f1066ab415b3f6f443cb075d613912b468b172bdf2750ef158efe,12.603003,/tmp/buckeye_slicer_O0_4_74kzorw1
s02,s0202b,O12.5_4,48,2,0.041666666666666664,1,0,0,0.020833333333333332,0.0,0.0,50,2,0.04,1,0,0,0.02,0.0,0.0,188.87636500000005,139.24451399999998,0.7372257190570135,156.092,25,6.24368,c4a9d51af35f27f1e99f5960f01d8721e1c9a7ae761cc52d68b81ecc3366390d,7742f46ba78ed9fa88c087d5ec69553ce3988bd974cf12b77459f3fa28b99e2d,107870,9463526cdd71fdfcbc2d7a4536ea74e97bf2e2cedecdd269e51635a197ee7668,7f63b5b60c9db31a58488fac88a5a545a524c63eaa3232485c7d7212a4167e99,b4fc8cd5fa55590bdbfff4a13fb69fbe2b4d8765ab6eb2ea3adbd14873d8f9e2,76a1bf354bb9a7be8eb58449984a93358dd75ea4c07f99f5d3f8a708a45b46d5,013b03b6439de15d0ffa2e682b6121a4608750c3e683ad8746bdeba73a42bb3c,12.713351,/tmp/buckeye_slicer_O12.5_4_xx1qyvg9
s02,s0202b,O0_2,48,2,0.041666666666666664,1,0,0,0.020833333333333332,0.0,0.0,50,2,0.04,1,0,0,0.02,0.0,0.0,188.87636500000005,139.24251400000003,0.737215130119642,156.13000000000002,25,6.2452000000000005,b8f9c3af61c5c18d8b52a1cdb992e5c98e154bc752c5665b52bea987b6d3c947,7742f46ba78ed9fa88c087d5ec69553ce3988bd974cf12b77459f3fa28b99e2d,215740,760905da52a0daf9877fd4d99784ec2d6c195a9e1a243fb33248d28cb759af01,e160b406fbb4276e21e89f5cd3ab7f87c4a1b62695cc47f9726fcae278dd3b51,99ad080451ce98f2ba7cebd7d67b2cd2c52882e3c8df4be797e609f346f9d0d3,2cbb636e91717e7a7e8ce656f9b933f5d25cecf579dd217e35dbf65c661b026c,48a85ead8c190d1719ce21134d803c792afc97189b3f60bcf9281e51177e667f,23.975366,/tmp/buckeye_slicer_O0_2_caxepfi3
s02,s0203a,A_O50_8,40,2,0.05,2,0,0,0.05,0.0,0.0,44,3,0.06818181818181818,3,0,0,0.06818181818181818,0.0,0.0,155.45741400000006,109.01807699999998,0.7012729351074882,123.04,22,5.592727272727273,72ea8093df3fb11222b7291a784e2272246d6349ad6d5da63900e79412997498,7742f46ba78ed9fa88c087d5ec69553ce3988bd974cf12b77459f3fa28b99e2d,53544,1f5567092187e6a190735e920093685c6d23d3b6d006ce4df6e6e01e4b84efb4,04c8c6f5e8bd6e9a7abd8c6a482b678aac8d184ff9c9e29f3315ee937470a9c3,18620c41753825226ac8e33aeba8747c76546c1703feaf22f83cead9515c46f0,c606c828685135e77040aa1e0ed9a8a6af7de1dae44c6d45004fa8bb74c5c282,a9490f7678b2863f9cba8fb1be585374bab09cfba787711e99f9ad3c759c733f,6.825265,/tmp/buckeye_slicer_A_O50_8_qciy9lqo
s02,s0203a,D_O0_8,34,0,0.0,0,0,0,0.0,0.0,0.0,34,0,0.0,0,0,0,0.0,0.0,0.0,155.45741400000006,82.202193,0.5287762795282313,94.71999999999997,17,5.571764705882352,b35b56fbf50e01487bef7f59ef870fe839ea7b8d3f84afb9014d7c5503a3e4dc,7742f46ba78ed9fa88c087d5ec69553ce3988bd974cf12b77459f3fa28b99e2d,53544,7a0a6d403f6d293f1bc18f34684d0b93bb600778814e84375565d0c75ed79950,0f28b15256a8ec53d9fa0803a8e44e95ce0bd8e40847c7212bd9858706451ebe,c741f8eecf1edaa0670f245736b52eee25d2624e98c73ec1c6579e427e93caa4,4809d6230e04b73861b3f22cf52d1ef8de42c1269f0c14cf199a707a824ce81e,5dd204d64cba4f85b325129e24a7179315bf74fd741543daeeadc5d8d91db124,6.320914,/tmp/buckeye_slicer_D_O0_8_6jzz0p9z
s02,s0203a,O25_4,39,1,0.02564102564102564,0,0,0,0.0,0.0,0.0,42,1,0.023809523809523808,0,0,0,0.0,0.0,0.0,155.45741400000006,108.77679099999997,0.69972083158414,123.34800000000001,21,5.8737142857142866,5c718a3fdc193cf92e8babe55085d9a6c49c09e1bb11c69c0d3e71192acf39c2,7742f46ba78ed9fa88c087d5ec69553ce3988bd974cf12b77459f3fa28b99e2d,107088,030ba2fc02eb992a909267a44e42fdd017db74ad98065ec8c39f20d2116d622d,d853a1a6bb93a8fcf00218cedd04859f9b143954098fee292157e607b9df7dfd,abd89c62fb8514bb4fc85835b840ba252fa2f2726181883a404f4ff8ad1affc3,5ea1624db8dfabce3a42bc6b46486272202fdb2b84b6e68b0c70db180066f979,0ed81eada2a2255f3e774e4f3a409e07a5887e367880a672f6b02479a62282a3,13.210267,/tmp/buckeye_slicer_O25_4_kcdvsb11
s02,s0203a,O0_4,37,1,0.02702702702702703,1,0,0,0.02702702702702703,0.0,0.0,38,1,0.02631578947368421,1,0,0,0.02631578947368421,0.0,0.0,155.45741400000006,93.75794899999997,0.6031101803867646,106.93199999999993,19,5.627999999999997,87130029b5443647ed1f1febd32ab768bf957a0a1698217eb3cf14b2d00c6ecf,7742f46ba78ed9fa88c087d5ec69553ce3988bd974cf12b77459f3fa28b99e2d,107088,4722b9952a0f0bc861f679fc17db82cbae6c0964a2de1abbcf7a37c23eba0bd0,1590ccc344efc28fddb69eecf70ecc4a6d71dad4a27b6582648f72479e502f9e,97cba17b4db90ce2d2f7dc9bdc9627ab68d581b60b1f7510fe9c0a53502900fb,f8678256334704e145cabf52b55d5826e112d0dd9a319142bc744ce6a5f3a380,0e5273d051e0994f096b6ca2951fd208d7fb2e9027afe2249f27214d021486fe,11.144858,/tmp/buckeye_slicer_O0_4_eb_980ru
s02,s0203a,O12.5_4,37,1,0.02702702702702703,0,0,0,0.0,0.0,0.0,38,1,0.02631578947368421,0,0,0,0.0,0.0,0.0,155.45741400000006,93.85348399999998,0.6037247216784395,107.16800000000005,19,5.640421052631582,c4a9d51af35f27f1e99f5960f01d8721e1c9a7ae761cc52d68b81ecc3366390d,7742f46ba78ed9fa88c087d5ec69553ce3988bd974cf12b77459f3fa28b99e2d,107088,9a76f48aa9c3b75648464756ffd30e0477ff3c2904f2de2c99dfbdeac6b5e824,35d5e48173fbacf53d3fe80e6884c00ce706105bcc400bc08aba4b65174bc0cd,293200083abe7d3a217d12a3b902a455c58e596bab0d030885bc83603e18ee92,0db6634d48fd72b334d1603484047b7b90cd16bb4d96fc56af83e38dff6d2954,06f48811fd2d96b4181591a534b532dfd93043bea845f419a76b8cb4a2ea6f95,10.792059,/tmp/buckeye_slicer_O12.5_4_2wimo41h
s02,s0203a,O0_2,39,1,0.02564102564102564,1,0,0,0.02564102564102564,0.0,0.0,40,1,0.025,1,0,0,0.025,0.0,0.0,155.45741400000006,96.90257099999997,0.6233383696965391,110.12399999999992,20,5.506199999999996,b8f9c3af61c5c18d8b52a1cdb992e5c98e154bc752c5665b52bea987b6d3c947,7742f46ba78ed9fa88c087d5ec69553ce3988bd974cf12b77459f3fa28b99e2d,214175,87f4e5c213372dd59701536e40325f5c3da3d5a19f5ae67c9ecb301f02058478,298d5f69fc8b338fd1369cd3c277b429ca922e3c14e4de3ca9f57eacb8ba8727,3b713ac6f28bfe8eb38879937eeec2c4758b6f2de649711a5ef5345d2871f210,67f9532f601d021a624b23d11a70e2e92285988f147a222469abe8662ad1bf71,cb85bd333b01704fe6c9db4c7677f1f8a73c51bd3abfe02a1fa673320ff7fcc1,21.53407,/tmp/buckeye_slicer_O0_2_r6pc8ti9
s02,s0203b,A_O50_8,20,2,0.1,2,0,0,0.1,0.0,0.0,26,3,0.11538461538461539,3,0,0,0.11538461538461539,0.0,0.0,91.48491799999996,74.77620299999992,0.817360988398109,82.048,13,6.311384615384616,72ea8093df3fb11222b7291a784e2272246d6349ad6d5da63900e79412997498,7742f46ba78ed9fa88c087d5ec69553ce3988bd974cf12b77459f3fa28b99e2d,40648,bc20333fa86a874cd64404fbcea9ed28af7a930ce4b587a36a1070d07aa626e1,712822114a6252a3d9c7bc3ca973d865cc893e4e9b9317b8973c58f6fa498346,29c4e6eaa5d1e1281921aa44440ada2d15159fd1d3c8ea6fed862c072e9dfe36,cdd17cc56558691171424f6e7fc8211f9fc8178b18213b8c4b0a6c6176f9ed27,848e60c0509effd119685c70999041612057c85bacc9e39208c4147717ad8198,3.897838,/tmp/buckeye_slicer_A_O50_8_d164vdk8
s02,s0203b,D_O0_8,16,2,0.125,2,0,0,0.125,0.0,0.0,18,2,0.1111111111111111,2,0,0,0.1111111111111111,0.0,0.0,91.48491799999996,52.65098900000001,0.5755155073757625,57.55200000000008,9,6.394666666666676,b35b56fbf50e01487bef7f59ef870fe839ea7b8d3f84afb9014d7c5503a3e4dc,7742f46ba78ed9fa88c087d5ec69553ce3988bd974cf12b77459f3fa28b99e2d,40648,a2968aa21f553c4d2589fc48485c5df000ed8095ebbc78708080a7e36106dc27,40d99308187aacf0c11670e1e66137843fbc7ab99fdc938c2ae6b63c5375c11e,adc48a0f0ec07367ca1d87cf27edded3a38d680620e63cf97eab5d77c622e55b,3c78d0b895cf1e645a86950952937bc362f8d7e717740074b3fcb09f203c579a,f895407cd8071836a1616d2f3a0ede756b5edb58218aff396d96dac9ac9df40e,3.969412,/tmp/buckeye_slicer_D_O0_8_h590nxgw
s02,s0203b,O25_4,22,2,0.09090909090909091,1,0,0,0.045454545454545456,0.0,0.0,26,2,0.07692307692307693,1,0,0,0.038461538461538464,0.0,0.0,91.48491799999996,75.39049399999993,0.8240756580226695,82.93199999999999,13,6.379384615384614,5c718a3fdc193cf92e8babe55085d9a6c49c09e1bb11c69c0d3e71192acf39c2,7742f46ba78ed9fa88c087d5ec69553ce3988bd974cf12b77459f3fa28b99e2d,81295,ac7ee7907cf83677393cce462628431dfa4b9729639495f77f0cae8aa99aecde,4f9f01f1f57d6357219ec3f4bddb41cdc55db71f5098dda4cfe12cf4e0171764,33a8dabb531d3cd505dbedca338ab5d40ace7e4112b0d43a468c24f4e5faaed8,cfb91391698c64ab0c928a1c6f64c8d2e8c6d5e95f6286e25885f6906ae8c7a6,50dae7384f4dd90076f773be2c187e99442966e0e028ca4c8449d23701dfea33,7.691026,/tmp/buckeye_slicer_O25_4_qhvxpy4b
s02,s0203b,O0_4,18,2,0.1111111111111111,1,0,0,0.05555555555555555,0.0,0.0,20,2,0.1,1,0,0,0.05,0.0,0.0,91.48491799999996,58.29758999999996,0.637237167332871,64.20799999999994,10,6.4207999999999945,87130029b5443647ed1f1febd32ab768bf957a0a1698217eb3cf14b2d00c6ecf,7742f46ba78ed9fa88c087d5ec69553ce3988bd974cf12b77459f3fa28b99e2d,81295,89fcb0ae7779bae8a5e244b56304ff259e4f7a605c7340878a39f0b06ad815f7,9b3dc8460b06a0d901d32b6567d8ac08ead278019a24e7507ce9a50a910d67c6,7c43a115be75ce31dde85e3b50512bd6d4c328ad0eab79edcf3cc1c05b2eeb95,ed5defc2219afb709848856fd676c6a5b8cd2c7e678784e8509cd3a4d6ed6339,658c6e45a6f1e76ee9103be794f80542a010f6dec4e159f93e1e14cc9bc3ec0d,7.640725,/tmp/buckeye_slicer_O0_4_htwmpr7z
s02,s0203b,O12.5_4,21,3,0.14285714285714285,2,0,0,0.09523809523809523,0.0,0.0,24,3,0.125,2,0,0,0.08333333333333333,0.0,0.0,91.48491799999996,75.44042899999994,0.8246214856966912,83.41600000000003,12,6.951333333333335,c4a9d51af35f27f1e99f5960f01d8721e1c9a7ae761cc52d68b81ecc3366390d,7742f46ba78ed9fa88c087d5ec69553ce3988bd974cf12b77459f3fa28b99e2d,81295,69797cb99300b0ea50c1a2094f8e4177825784a567b5eca6fab8aa637dc6683b,7e08c3ff06961dab23ae1a1a4d6e37f76459a943a44ef2f61722eae16229a686,c1e75c9fc3c37ef70c9c5f6a2f5d62c1cf1c680a001a3587c391f8c3969d14d4,c75fd0c97e0e939c5dae308aaa404f27b2a88e5aa453b47de7a5c74ef7fe1f2f,222c0aa20ef23b5ef8902782c84aa4621bbb4e14100472723fc49256c0b31387,7.697116,/tmp/buckeye_slicer_O12.5_4_qlq68tbe
s02,s0203b,O0_2,18,3,0.16666666666666666,2,0,0,0.1111111111111111,0.0,0.0,20,3,0.15,2,0,0,0.1,0.0,0.0,91.48491799999996,58.31442899999996,0.637421230458992,64.21999999999994,10,6.421999999999994,b8f9c3af61c5c18d8b52a1cdb992e5c98e154bc752c5665b52bea987b6d3c947,7742f46ba78ed9fa88c087d5ec69553ce3988bd974cf12b77459f3fa28b99e2d,162590,2e39e5cc23a5bf67560b0705ab44c032c902898e426d6092be01283427dd4b95,4e45d16e4c73d2b411e0417371a89cedd01ada1283116a94d06a2c8c847616ce,f0b8d8214662dce7e34f8585590fcfbafec4086a79ccdfd3004766069fc6077f,a06cc86d70c3cb4ec776bb8cc4b2963a227bdc05505bb5966601d5e383da9ec5,f7564b2a38ee34667a690488b65fa6e13e9210b1a1288941d0074cb652bd035f,15.451072,/tmp/buckeye_slicer_O0_2_11hqe3cg
s02,s0204a,A_O50_8,38,4,0.10526315789473684,3,1,0,0.07894736842105263,0.02631578947368421,0.0,46,6,0.13043478260869565,5,2,0,0.10869565217391304,0.043478260869565216,0.0,152.81252600000005,124.216665,0.81286965310684,139.35200000000003,23,6.058782608695654,72ea8093df3fb11222b7291a784e2272246d6349ad6d5da63900e79412997498,7742f46ba78ed9fa88c087d5ec69553ce3988bd974cf12b77459f3fa28b99e2d,57138,8b22fe147a79d86942a2399de1a8ba07222c4bcacbc7c0b7f68079c19efcfa59,b6b47531899a848d7273272cbcf11e89d9786821dd7ecb1b42c7bd7bcf946680,5de68d23f7fd12316e58001cae14ce9e73e41e38c4847cedb9d27f539c9f2ed1,8040aa187ecbb447a5962cdee27d32d07f0fa3afd5c3953096ec34bc73f0cb32,c07eb5076a32750db2fd635f299445f73b0c531f3cd8bc533521c5d25ac682bb,5.880185,/tmp/buckeye_slicer_A_O50_8_hzl2ka_o
s02,s0204a,D_O0_8,33,1,0.030303030303030304,0,0,0,0.0,0.0,0.0,38,1,0.02631578947368421,0,0,0,0.0,0.0,0.0,152.81252600000005,123.55658000000001,0.8085500791996592,137.41599999999994,19,7.232421052631576,b35b56fbf50e01487bef7f59ef870fe839ea7b8d3f84afb9014d7c5503a3e4dc,7742f46ba78ed9fa88c087d5ec69553ce3988bd974cf12b77459f3fa28b99e2d,57138,c1a7f85057ac1f499611c20585cfb272dca656d497cf8f29b256677b410b39b9,edbfccad5b9f54724fc6aeff0f97eb4834c3ed459655559b8b0b12e2fbaa7605,4ca1b3960d62876e4427a0b14dd6a6bc3571d710ed3f5e0741caaacf419b0b2d,c84b39793c9757e93869beec280152a0629ac1eac75428cebe5cb17760158655,fb70e281e2d3f802657f814aed6274c1e1bee92ec88c3af7f71ba389a91e681e,5.742673,/tmp/buckeye_slicer_D_O0_8_8ty2zf2k
s02,s0204a,O25_4,36,1,0.027777777777777776,0,0,0,0.0,0.0,0.0,44,1,0.022727272727272728,0,0,0,0.0,0.0,0.0,152.81252600000005,131.81566500000002,0.862597252007993,146.864,22,6.675636363636364,5c718a3fdc193cf92e8babe55085d9a6c49c09e1bb11c69c0d3e71192acf39c2,7742f46ba78ed9fa88c087d5ec69553ce3988bd974cf12b77459f3fa28b99e2d,114275,7e040b347dac2a4b44176d2d723e8585d8d3f7445746b8480e2c8ffe7d00fd98,a2146eb36c353d753d02d4f0970171e03f3b62ed0c7c4886fed6bb39867d752e,91f11813da8efdc49f210caf653653b80600748df02a0df327e06645009f1f85,5b1c630545a207e771b68350cea06c1a1f922e7454dff1c78bb696bab3f8a6b9,d78b7947ca06e70379bd3b915ae03be1ff9b63505e9125e320fbbc70cfdce0a1,11.468231,/tmp/buckeye_slicer_O25_4_4v2_69vr
s02,s0204a,O0_4,33,1,0.030303030303030304,0,0,0,0.0,0.0,0.0,38,1,0.02631578947368421,0,0,0,0.0,0.0,0.0,152.81252600000005,123.56058,0.8085762550643261,137.4919999999999,19,7.236421052631574,87130029b5443647ed1f1febd32ab768bf957a0a1698217eb3cf14b2d00c6ecf,7742f46ba78ed9fa88c087d5ec69553ce3988bd974cf12b77459f3fa28b99e2d,114275,b52dc99f5365aa0c57e414a10cff9ac2374f15d849cc8c3f6dffbca2a821d6bf,69e4029da3fd96c35b49bd4cbc2e0c2d51424fd87469203da7fb51214fab54d7,b3982a922e64e5e764b04f705e4fb22404729f21134ecfdb47f237f90dae4677,a339d24a762799163d5f79dab57107b2005853f9b615502bd8ebbf516c181c88,e14203a83afe31e82a7cfecf52436fd7dee18a3e27d22bdb85e69fb155ae8e35,11.329915,/tmp/buckeye_slicer_O0_4_h6w8v922
s02,s0204a,O12.5_4,35,2,0.05714285714285714,1,1,0,0.02857142857142857,0.02857142857142857,0.0,42,3,0.07142857142857142,2,2,0,0.047619047619047616,0.047619047619047616,0.0,152.81252600000005,129.275665,0.8459755779444413,144.13199999999998,21,6.86342857142857,c4a9d51af35f27f1e99f5960f01d8721e1c9a7ae761cc52d68b81ecc3366390d,7742f46ba78ed9fa88c087d5ec69553ce3988bd974cf12b77459f3fa28b99e2d,114275,3f6085c19a577fc798f548783c75d1447e13dc289b9e77895df700043b2d2df1,db3a1382a906a5e995806a001f614454f25be0c6038c3ea24afc74ae33a0ac6b,e7ed2b3622a367f4ceb13bae5424b0ddbadb2dfa0324779a0a8047615c5ec5e5,af5000cbafdc5a3bc27fb30be1f046a8c18aa5b885bd2ed3dee593ca356eecab,90eead3c0cbf18109a5055525c9fc80960222651b17f1449374067deda388d6c,11.303859,/tmp/buckeye_slicer_O12.5_4_kwp5ctgs
s02,s0204a,O0_2,34,1,0.029411764705882353,0,0,0,0.0,0.0,0.0,40,1,0.025,0,0,0,0.0,0.0,0.0,152.81252600000005,129.346665,0.8464401995422807,144.36400000000003,20,7.218200000000001,b8f9c3af61c5c18d8b52a1cdb992e5c98e154bc752c5665b52bea987b6d3c947,7742f46ba78ed9fa88c087d5ec69553ce3988bd974cf12b77459f3fa28b99e2d,228550,08da15f027e261b6b8f7d3e90a5c73a9f774c2e192be50e305c8f93770ca90ed,b181bad8bf753c97d24e8f97d42e64a74a469b62129af94d3d393e5c89987010,d417190c1a83e2146bdec03b1343e64a02a7fbf3e60fc9af481bf8156187dc3d,abcc3bf11b80fd04be616b95151b0831270b0f5d7950eec24c8d9eed4205ed79,e760e02529294016d83bfed79e12ed74e7ffde7ba5b1132eebba81dc94585a59,22.603826,/tmp/buckeye_slicer_O0_2_5iva3qpg
s02,s0204b,A_O50_8,61,6,0.09836065573770492,5,2,0,0.08196721311475409,0.03278688524590164,0.0,66,8,0.12121212121212122,7,3,0,0.10606060606060606,0.045454545454545456,0.0,201.31874800000014,171.89789200000004,0.8538593335579452,190.00800000000004,33,5.757818181818183,72ea8093df3fb11222b7291a784e2272246d6349ad6d5da63900e79412997498,7742f46ba78ed9fa88c087d5ec69553ce3988bd974cf12b77459f3fa28b99e2d,59283,9c392ef89399cf6db51fe64171e6d3ed910ef45ac4bc440071f7d14331732905,dc55f5d12e345cf3f3a5b2656ef2e8dd84d1879e0f6329f35ef991b3d029b894,bbe53b2547af1ca9dfdc8f9c678c2aee340e9bb08160e8c5337ef8e77c7051b5,80465c48274e3b35955a66817d8e3dac103ecd6bfd522ef33ba4c2160135cc5d,3e48233d8b7af0296910923a9186a5a8da22b163efc5baee0ffa19ecb1daccba,5.728551,/tmp/buckeye_slicer_A_O50_8_nof02p41
s02,s0204b,D_O0_8,54,3,0.05555555555555555,2,0,0,0.037037037037037035,0.0,0.0,56,3,0.05357142857142857,2,0,0,0.03571428571428571,0.0,0.0,201.31874800000014,141.966399,0.7051822068752379,157.8080000000001,28,5.636000000000004,b35b56fbf50e01487bef7f59ef870fe839ea7b8d3f84afb9014d7c5503a3e4dc,7742f46ba78ed9fa88c087d5ec69553ce3988bd974cf12b77459f3fa28b99e2d,59283,c6300086c6eb1747d57fcf02fe79be0826954515dbc9db502e6dcf49c373031a,f59dd0ecdec07bb24189f150d6845a981fbb8d015ed365b10d2bc5274304e07e,a70bf13153b0f1f2cbc1327be5c3a12717d3054240cb01fdca95a9bc70cc5697,11815d736b3ebce894e12fcef6b7eeec22d8730eecd28d80a588fdbbcc13cfea,c25ce47f08ace49405c1560718c90009e9fd7d87e7f3ccdb2b6c18750d1f232c,5.554575,/tmp/buckeye_slicer_D_O0_8_0dmsjrt9
s02,s0204b,O25_4,59,3,0.05084745762711865,3,0,0,0.05084745762711865,0.0,0.0,64,4,0.0625,4,0,0,0.0625,0.0,0.0,201.31874800000014,175.1438920000001,0.869983018173747,193.71599999999998,32,6.053624999999999,5c718a3fdc193cf92e8babe55085d9a6c49c09e1bb11c69c0d3e71192acf39c2,7742f46ba78ed9fa88c087d5ec69553ce3988bd974cf12b77459f3fa28b99e2d,118565,4c50eabd0e52aebb8b6ee67f02dcca4b49fbb27ee3186690b4f35e0063b98236,b63010bef18443f8a2d7954d52a9953643953ab272930b5a95260d37db85d9e2,5e6206d9f2623211f9b98e30a822215836c6d18f06c8ddbaae5042352bb81164,a3f72f47fb6b0fc3b7150c13d397ed7a662182ff96cdbb1bd823ef915313e208,3f5c7d77069f53c94b84cc60a694827c29e086b5f02f81cf21107a09c22a5df6,11.018724,/tmp/buckeye_slicer_O25_4_xdszdlr4
s02,s0204b,O0_4,54,3,0.05555555555555555,2,0,0,0.037037037037037035,0.0,0.0,56,3,0.05357142857142857,2,0,0,0.03571428571428571,0.0,0.0,201.31874800000014,141.96639900000002,0.7051822068752381,157.82400000000004,28,5.63657142857143,87130029b5443647ed1f1febd32ab768bf957a0a1698217eb3cf14b2d00c6ecf,7742f46ba78ed9fa88c087d5ec69553ce3988bd974cf12b77459f3fa28b99e2d,118565,50a793ee71a36f5043b6024cea63a6a4fdb22fb97420fb0382389238b67ea696,984b0d3192894c9edbb23457ed9cf9cb66b63ba8ec1be63f10a1a995a7a775b8,d1839fc63342318c88242a4b4fbaac78165b79cdc3e7d899b3bf1a66ad66bef9,b354ab750e771ac1b16f53f9e9a7a2b437ff29d4bb808660e3a5f34bd4d65613,f15b2edb569949ce17e3de0e4606f378ee8d6c34bf2bd155b95f7643245e32a4,10.918473,/tmp/buckeye_slicer_O0_4_vzho73tp
s02,s0204b,O12.5_4,59,3,0.05084745762711865,2,0,0,0.03389830508474576,0.0,0.0,64,4,0.0625,3,0,0,0.046875,0.0,0.0,201.31874800000014,175.1918920000001,0.8702214460423725,193.8119999999999,32,6.056624999999997,c4a9d51af35f27f1e99f5960f01d8721e1c9a7ae761cc52d68b81ecc3366390d,7742f46ba78ed9fa88c087d5ec69553ce3988bd974cf12b77459f3fa28b99e2d,118565,f94cf9656382851588a2ed996e9a58d28420a19fd9b444cb8c54f9d99a818628,c7b6a8e59774725eecad43e612cd405e777588725e045832d45693ad61dbc895,e282f08a86fa27070d0827569ba10de601158e157a63d6bb2370aca45ed9b6da,ab07f2ea967bc1b64b8e4029cfc18d9659eeeeb523faf70f8c9e940caf33f179,c91a797184f3ec912c07b26a2be550db3ca80985f76bd2273f841dded897aed9,10.948333,/tmp/buckeye_slicer_O12.5_4_1q1wgmsv
s02,s0204b,O0_2,55,3,0.05454545454545454,2,0,0,0.03636363636363636,0.0,0.0,58,4,0.06896551724137931,3,0,0,0.05172413793103448,0.0,0.0,201.31874800000014,147.86339900000002,0.7344740639853369,164.65999999999988,29,5.6779310344827545,b8f9c3af61c5c18d8b52a1cdb992e5c98e154bc752c5665b52bea987b6d3c947,7742f46ba78ed9fa88c087d5ec69553ce3988bd974cf12b77459f3fa28b99e2d,237130,1f750ca48c8a9f79b8b8233e30b11c72b3f6af72f9b9884891a776943dce1a77,1ca8f0004a8061edfaa73bfad6a3ed0bdf3b9df65894ee0b4c9a47b465e144fe,bb89117c30db5992c218080c27033c2ccbb176d971874698bff1f820ada7b9e6,8b38ec0fe09b22eb05f00dc6b958e2908e12bd1992c481ebc4e720e8e05b2494,30aafa359df7df9e29a9accdfd31ac2786a043caf7329614b9d8d7a043ad5270,22.107529,/tmp/buckeye_slicer_O0_2_5e8v05bf
s02,s0205b,A_O50_8,44,5,0.11363636363636363,2,0,0,0.045454545454545456,0.0,0.0,48,5,0.10416666666666667,2,0,0,0.041666666666666664,0.0,0.0,161.09723800000006,127.83305300000004,0.7935148646061827,141.40000000000015,24,5.891666666666673,72ea8093df3fb11222b7291a784e2272246d6349ad6d5da63900e79412997498,7742f46ba78ed9fa88c087d5ec69553ce3988bd974cf12b77459f3fa28b99e2d,51325,72872c6a7cb4a43c26130de56a2c0b18c42442166ab96326356a96497cb8db96,6ad5b55db964e057ae36d0ec64042ec56ff7fae1f98c5398be53877ef5b828c7,b3ea7d69499b9119d6e0aab1ba4b8ec2f3e38059286f72c80ef84329fedccb05,8fbd95fec15d8b6fe73cf415fa0f04d7e2e00f6ad71bd37fde830eeaaf1e40d4,74cc850a6a772f2a48664937dadc1f11912e28bb496c4c27772984d01a8ff87e,5.173981,/tmp/buckeye_slicer_A_O50_8_i54jhgvc
s02,s0205b,D_O0_8,34,4,0.11764705882352941,1,1,0,0.029411764705882353,0.029411764705882353,0.0,36,4,0.1111111111111111,1,1,0,0.027777777777777776,0.027777777777777776,0.0,161.09723800000006,101.30341800000005,0.6288339841059225,114.03200000000004,18,6.335111111111114,b35b56fbf50e01487bef7f59ef870fe839ea7b8d3f84afb9014d7c5503a3e4dc,7742f46ba78ed9fa88c087d5ec69553ce3988bd974cf12b77459f3fa28b99e2d,51325,bad54138687f7648862540f87fa1599c287f0dfe00f74933459b0db18b2af1f1,5f7d37b7a8e2abaa5e0f0f09be5c85d4c3570cf4f6967364cd21367d59cb06da,9e1a836327c7371edc8f84ae88745491af8fe39884149bd8639ac4e9bcc3f658,4c65a7266d3019bb8d49d1c2b742029cea4105373cd2e09c7975ca2971075aab,8c5a2148eb220fcb1cd45c834ef25347aa6bce5bf378aa14101d89d3ed56112d,5.079525,/tmp/buckeye_slicer_D_O0_8_dr6n98sj
s02,s0205b,O25_4,41,5,0.12195121951219512,2,0,0,0.04878048780487805,0.0,0.0,44,5,0.11363636363636363,2,0,0,0.045454545454545456,0.0,0.0,161.09723800000006,125.20793099999995,0.7772196007482133,139.1440000000001,22,6.3247272727272765,5c718a3fdc193cf92e8babe55085d9a6c49c09e1bb11c69c0d3e71192acf39c2,7742f46ba78ed9fa88c087d5ec69553ce3988bd974cf12b77459f3fa28b99e2d,102650,89f24cfd0217d1fea89b236e6e62c6b71583520f63e6be8f4e2bcb321d4214a0,db0900d7438f755764c498d4da81d7c14d9fcd7a403d3df62f93181e0856cfba,70ed649a9d4a06a1736b489797db56c52addfa04e27c570649edb0840b8238a8,b05a953a379fad3562353f88ae4089ca6319fc551f8aed2acec8097b71e1a00b,7a193bbd274c582c270bf7b474c596bf1c3223f4b739e511af3d2f20085727e3,10.110839,/tmp/buckeye_slicer_O25_4_3g7kjkr7
s02,s0205b,O0_4,36,4,0.1111111111111111,1,1,0,0.027777777777777776,0.027777777777777776,0.0,38,4,0.10526315789473684,1,1,0,0.02631578947368421,0.02631578947368421,0.0,161.09723800000006,104.566663,0.6490903524987807,117.40000000000012,19,6.178947368421059,87130029b5443647ed1f1febd32ab768bf957a0a1698217eb3cf14b2d00c6ecf,7742f46ba78ed9fa88c087d5ec69553ce3988bd974cf12b77459f3fa28b99e2d,102650,119c73ff178c769cd6fd3f2d96af0d6a18886261b93778295de5893fec1340a0,bb865facd94e5568ad5c950b4547cd6cee6c5c5d2808c7869dbf417e9950f3c1,b65896bfdcce0d4a3a7418b5f755d180c290e90977f8682f02e3cfca420e75dc,ccd9b6dda376b4be8359c5bd3b8da70eb2c88caa266177ae4b53be250295cf7d,f37e4fbd72a893e0926b466e7c302d781c6df642f642e7bee41446efac8c9038,10.130401,/tmp/buckeye_slicer_O0_4_ak8b0fmu
s02,s0205b,O12.5_4,41,6,0.14634146341463414,2,0,0,0.04878048780487805,0.0,0.0,44,7,0.1590909090909091,2,0,0,0.045454545454545456,0.0,0.0,161.09723800000006,125.18566299999998,0.7770813736732093,139.10000000000005,22,6.322727272727275,c4a9d51af35f27f1e99f5960f01d8721e1c9a7ae761cc52d68b81ecc3366390d,7742f46ba78ed9fa88c087d5ec69553ce3988bd974cf12b77459f3fa28b99e2d,102650,c5b1d6cd2b054088fe62097582a48731775f4c47d1bd3c900bf16e6d7f857edb,83c11a2f913c5cffb42cf9c4df25965b0e0b63dfb4e82e1de137403366659571,d7c43d6a30bdd7680a401daca4f9255b0e1792a35eacee7625dc98570f8a56de,d4bff16cb590a43040f6c6d58e23843f9b6faa985f2d20764496c58475417e4a,85021839d6701cad1d95785294b1adf0a5b7f087efdac3a51b5cc1dd498c19c9,10.130003,/tmp/buckeye_slicer_O12.5_4_uwkyqjfs
s02,s0205b,O0_2,38,3,0.07894736842105263,1,1,0,0.02631578947368421,0.02631578947368421,0.0,40,3,0.075,1,1,0,0.025,0.025,0.0,161.09723800000006,115.81930399999993,0.718940345830137,129.51200000000003,20,6.475600000000002,b8f9c3af61c5c18d8b52a1cdb992e5c98e154bc752c5665b52bea987b6d3c947,7742f46ba78ed9fa88c087d5ec69553ce3988bd974cf12b77459f3fa28b99e2d,205300,9b3acaeb370267c7a79cf15138cae962fe9382295fc2d00d93bbfb4814ac8183,2deb23c070b504ee37dfd2ccd95f615f6500285beb23b96d7f2e66fe1e6c09fa,6044fab24b2adbda742219ecba9dcee8fa25b9ba932791a14280a4da9d6628f4,e08da3ebb17a0a6e30b261fc5ced6b7e797a2da1203edab6602d31470e89a59f,cfaec1dc4040d911658b203a381ee791e452dda81e893f37dad5cc1e7b564db4,20.16279,/tmp/buckeye_slicer_O0_2_ykc_u0f5
s02,s0206a,A_O50_8,60,8,0.13333333333333333,6,3,0,0.1,0.05,0.0,70,12,0.17142857142857143,10,6,0,0.14285714285714285,0.08571428571428572,0.0,206.09556500000008,180.95768199999998,0.8780280254939009,200.54399999999995,35,5.72982857142857,72ea8093df3fb11222b7291a784e2272246d6349ad6d5da63900e79412997498,7742f46ba78ed9fa88c087d5ec69553ce3988bd974cf12b77459f3fa28b99e2d,54105,b8539525157f282f6cdc5e61a64ecc5e5b9e2de85177173b2dab5cf4231c2128,ea431622cb7c3b4ff532b714fa3b4ec1570754ff869558749c6c857a54875403,9261c6fe0c810dc7bd4598ba87e76a7611c69d89d66976a6ecd804fe1cc6b21e,87505b80c8f32f59c45086184b37c06c903b53624d604a2063049aa039f35212,247b4b3329b12b9de37c03ca11722404841d85c9462fc26295641868fa9e5000,5.187382,/tmp/buckeye_slicer_A_O50_8_4f6qg6pt
s02,s0206a,D_O0_8,50,4,0.08,2,0,0,0.04,0.0,0.0,52,5,0.09615384615384616,2,0,0,0.038461538461538464,0.0,0.0,206.09556500000008,151.77578500000004,0.7364340178790358,167.79999999999998,26,6.453846153846153,b35b56fbf50e01487bef7f59ef870fe839ea7b8d3f84afb9014d7c5503a3e4dc,7742f46ba78ed9fa88c087d5ec69553ce3988bd974cf12b77459f3fa28b99e2d,54105,d01361230b8682ec51dcef2daa3bac9da9928cfe4271cf81ea41c2c548c66875,8d878ff8b15f1ebb2a3c21f8a358e820ce04aa83b6f0c81a0330cf83cda86756,88a9c06c20e21e68de2205ef73cec5b461976d25066f4bff6103ca5f0ff97399,f9792f527289e3d55e271085e712db44f282d03c8375547a37f98fe4c6626cbd,5cda6fee8111553fe86a912a6b18f3d93347f32673f287ccb037c103cce936b2,5.051662,/tmp/buckeye_slicer_D_O0_8_5295vbe1
s02,s0206a,O25_4,53,5,0.09433962264150944,3,2,0,0.05660377358490566,0.03773584905660377,0.0,58,7,0.1206896551724138,4,3,0,0.06896551724137931,0.05172413793103448,0.0,206.09556500000008,159.19665500000005,0.7724409547580512,176.43999999999997,29,6.084137931034482,5c718a3fdc193cf92e8babe55085d9a6c49c09e1bb11c69c0d3e71192acf39c2,7742f46ba78ed9fa88c087d5ec69553ce3988bd974cf12b77459f3fa28b99e2d,108209,b9cfc8ed9534b8a9feebb00d491c36102d3ba4749c02a8540d73e424f500c23d,9e00678940ac84bd08138a9a17702fd6606aca433949c47beede5213406a04f3,5420c80cde41a6fca762d9bf4a5021b0db382af3fcebf1eab3e29d7e05f91eed,352c77f904e45fc2ab678bf5f7ce83275045710d83207df8d2a16ff60bad6f9c,3311b791d4a8673ab77c9b1bbba40cffacb08236910c8805e22cca51ca3c874f,10.150652,/tmp/buckeye_slicer_O25_4_zpxa3tdw
s02,s0206a,O0_4,50,4,0.08,2,0,0,0.04,0.0,0.0,52,5,0.09615384615384616,2,0,0,0.038461538461538464,0.0,0.0,206.09556500000008,151.75978500000002,0.7363563839910867,168.05999999999997,26,6.463846153846153,87130029b5443647ed1f1febd32ab768bf957a0a1698217eb3cf14b2d00c6ecf,7742f46ba78ed9fa88c087d5ec69553ce3988bd974cf12b77459f3fa28b99e2d,108209,933fecd7748008531dcbdc94371fe20539c220a75f058601d1b048073dd3ea3b,9ec5cb6c4228791232577b58ee835fefbd67657a415ca2c53bbc70f2855ec1e6,3cb9b80a7b19eb95f6c71a2194bc04c3e72dcc06a8a2dd391b6ef1781fea6c7e,ec6dd8c7c2243c42be44371049a0a2d1e4cf4c1ecf25e7c02e1418323991a254,20dd4ffc92f373ab30c59130c93c084a37d43be94a2902c91c4abbea62908b31,10.055717,/tmp/buckeye_slicer_O0_4_6l01etji
s02,s0206a,O12.5_4,52,4,0.07692307692307693,3,1,0,0.057692307692307696,0.019230769230769232,0.0,56,5,0.08928571428571429,3,1,0,0.05357142857142857,0.017857142857142856,0.0,206.09556500000008,161.10977100000002,0.7817236193316434,178.3000000000001,28,6.367857142857146,c4a9d51af35f27f1e99f5960f01d8721e1c9a7ae761cc52d68b81ecc3366390d,7742f46ba78ed9fa88c087d5ec69553ce3988bd974cf12b77459f3fa28b99e2d,108209,c5bc6abe1b9706d939789a18e61df52a2d0249c14d84ac6910046c3cb22c8e17,c1ba5937b247a1d31d5e442bcec3676d4265151c8f561aa263231bfbd1790584,01f6d453b89f5908e4a5c5fc69b86fba24dbca7289dc84aa95cbb6656292d1a2,9eaeec71d91fb9aeff21db603adb61cf7f0380d9471d3152716e59e089bff264,ec7b70ffb7459e0c1816c9f764460c261ee5dc49d2c296db385c0d473e3e681e,10.071363,/tmp/buckeye_slicer_O12.5_4_uyrwz1vx
s02,s0206a,O0_2,50,4,0.08,2,0,0,0.04,0.0,0.0,52,5,0.09615384615384616,2,0,0,0.038461538461538464,0.0,0.0,206.09556500000008,151.78378500000002,0.7364728348230102,168.09,26,6.465,b8f9c3af61c5c18d8b52a1cdb992e5c98e154bc752c5665b52bea987b6d3c947,7742f46ba78ed9fa88c087d5ec69553ce3988bd974cf12b77459f3fa28b99e2d,216417,3690016c924a162801c470df549f7e27b50536a836a860aa834dc96afd8ac08b,816f2db97495c5a3e5bdbd4b5b1658d4a011e2f152a62666d2f3210de0aecdb7,3b7803735bd638e2df40f808817aba6dcbb60362e51b0aee7a59a96e2f08efb6,0bac499ee75aa2ccc4a0e0eb9a2a40c86dfe3455f511f4332192c2db2808de9e,32aa977822c97539e5f20d6eeb24df4156c284e7e640513778df849e9f5ae7f4,20.10369,/tmp/buckeye_slicer_O0_2_ropjw8kr
s03,s0301a,A_O50_8,38,9,0.23684210526315788,8,4,0,0.21052631578947367,0.10526315789473684,0.0,46,11,0.2391304347826087,10,6,0,0.21739130434782608,0.13043478260869565,0.0,152.70144000000008,123.10903500000016,0.8062074267276071,140.09599999999998,23,6.091130434782608,72ea8093df3fb11222b7291a784e2272246d6349ad6d5da63900e79412997498,7742f46ba78ed9fa88c087d5ec69553ce3988bd974cf12b77459f3fa28b99e2d,37925,055dbe11b7ef3f134fcb0defe4a7d5300a994180b0d3927c1f49b415625cdcb9,b48d4357b899773119aa18c4241ceceb03bfd88012510cba17618a852abac9b5,dde4d4ebea4b6035c99ef7c4205882606aec0cd157035d8026c3b85b16145c10,c4f6fba77c6054440da4bd4d43e8fdf7c24e7be0f8758187c0ce1f5de5315a6b,73dc2afca8eeef87812891b6b8e8574cd7aa4e67ec0c52bfee3ce3ad00515eb0,3.837087,/tmp/buckeye_slicer_A_O50_8_opf4e7nt
s03,s0301a,D_O0_8,38,3,0.07894736842105263,1,0,0,0.02631578947368421,0.0,0.0,48,3,0.0625,1,0,0,0.020833333333333332,0.0,0.0,152.70144000000008,124.07275500000013,0.8125185656402458,141.68800000000005,24,5.903666666666669,b35b56fbf50e01487bef7f59ef870fe839ea7b8d3f84afb9014d7c5503a3e4dc,7742f46ba78ed9fa88c087d5ec69553ce3988bd974cf12b77459f3fa28b99e2d,37925,572090e5cc7da395de641b63b4a83d1885882024484a82ac9876b0372327cf8c,ad067f00549956441919e05e0658b19fd3a90d901795f7a68ef2376a9555ce15,f0ed71be8bd092f54bb42e9ea90b6b91fa46b2b1adbef54b88c5cb9f802abe89,5fc92299aeb26c2e0161c6e361e7951965ce1a18577ece6428db6245b5aabf85,e5d33a18bc4979d89a5b8349a88d62b93cd58007070b74fdddb941d7d7e65d5b,3.784324,/tmp/buckeye_slicer_D_O0_8_jb1agj_2
s03,s0301a,O25_4,38,5,0.13157894736842105,3,2,0,0.07894736842105263,0.05263157894736842,0.0,46,6,0.13043478260869565,4,3,0,0.08695652173913043,0.06521739130434782,0.0,152.70144000000008,124.50875500000014,0.8153738104892795,142.216,23,6.183304347826088,5c718a3fdc193cf92e8babe55085d9a6c49c09e1bb11c69c0d3e71192acf39c2,7742f46ba78ed9fa88c087d5ec69553ce3988bd974cf12b77459f3fa28b99e2d,75850,4c616b8729f8e3bdc3edd6b3edffc7d01a2bcc0d87b6f9f808193429f28366f0,2966119330c8d5c52e567da979778ad44ed9806e24ed3c2cb1e01a74dd73bb40,3a22109a2a94abe2ed41a5f1326c3f820a8687598171d9e04674a31922477873,5bf3feb2e4fdd2d6ad89b5291a5d30137d67182740e8abef8cb78950ef81c366,a06b607032264c975a9a86b2c7e9f611168723f7fdd009cddd8a02f48e848f72,7.500224,/tmp/buckeye_slicer_O25_4_r3pbpc4q
s03,s0301a,O0_4,38,3,0.07894736842105263,1,0,0,0.02631578947368421,0.0,0.0,48,3,0.0625,1,0,0,0.020833333333333332,0.0,0.0,152.70144000000008,124.07675500000009,0.8125447605471174,141.71199999999996,24,5.904666666666665,87130029b5443647ed1f1febd32ab768bf957a0a1698217eb3cf14b2d00c6ecf,7742f46ba78ed9fa88c087d5ec69553ce3988bd974cf12b77459f3fa28b99e2d,75850,181f7d8d50fc9e13492eafd2dd0f02ccd1a32788894e852e21d8aed39bef2d9a,650399f477ff1e436c60866f83165b992e7f921aaa8eba7a4a36b2ccfd91f90b,fbbe0963cc8beb5d5674ba1e1d0cd24f0162ae28ad88c43ece42143196a5d20c,865d7f0d64629572fb08c84494255ff4cea4e92ec7d8fd07646c22ce6cc6bb9a,d6164e77a18cfc2d37c8efbdceb15af9c5bfc196dcbf20e49b1e16f975609979,7.518117,/tmp/buckeye_slicer_O0_4_8poz7vh6
s03,s0301a,O12.5_4,38,4,0.10526315789473684,2,1,0,0.05263157894736842,0.02631578947368421,0.0,48,4,0.08333333333333333,2,1,0,0.041666666666666664,0.020833333333333332,0.0,152.70144000000008,124.5007550000001,0.8153214206755355,142.32799999999992,24,5.93033333333333,c4a9d51af35f27f1e99f5960f01d8721e1c9a7ae761cc52d68b81ecc3366390d,7742f46ba78ed9fa88c087d5ec69553ce3988bd974cf12b77459f3fa28b99e2d,75850,97821bce3c3a04ccfb4445c06c4f75fc4e504e38fb914b7038eb92071b4a5a37,379f4b9be2b0732cccb093bf3549d2bf9d091aef46d2a4a3e204e40d4439a40a,d6e72e44cae55f8c162b8ab1e849fcd1549902e68f4eefe69aa47bbd41fc1886,cdc8b818d3705263a8640151eb2abb725cd8aff725584ed520a29b5b0de9f3b3,d0a9dde83b1d3c54b2ea7aee1969886443221e49327b801462821f395f739577,7.522614,/tmp/buckeye_slicer_O12.5_4_9dtmio7u
s03,s0301a,O0_2,38,3,0.07894736842105263,1,0,0,0.02631578947368421,0.0,0.0,48,3,0.0625,1,0,0,0.020833333333333332,0.0,0.0,152.70144000000008,124.0787550000001,0.8125578580005535,141.73799999999994,24,5.905749999999998,b8f9c3af61c5c18d8b52a1cdb992e5c98e154bc752c5665b52bea987b6d3c947,7742f46ba78ed9fa88c087d5ec69553ce3988bd974cf12b77459f3fa28b99e2d,151699,5bfbef46e6fec74e53903bc8c856f1d2f13f1f0a665fcc8e5fe51e220218db1c,63c0b4921a38491cd53684f24b3c6d37389c64a3451dbf8bd5167e4336a82566,8a14116a79dc77cce1d5d83f7b82cdf083312ee74a3e701bbff13772377399a3,1540aad35fc62a165d5c93fa9ef3d9b81cb3887c8b9682055fb12852ad2f5717,8aaf38531dcb33ac6a4a5d48b7e063c8a4d61caaebc6d300f6d5c7ad74eb3d9c,14.976289,/tmp/buckeye_slicer_O0_2_5oqkyigc
s03,s0301b,A_O50_8,23,4,0.17391304347826086,3,1,0,0.13043478260869565,0.043478260869565216,0.0,28,5,0.17857142857142858,4,2,0,0.14285714285714285,0.07142857142857142,0.0,99.97984400000006,83.35369500000006,0.8337049915781026,94.60000000000001,14,6.757142857142858,72ea8093df3fb11222b7291a784e2272246d6349ad6d5da63900e79412997498,7742f46ba78ed9fa88c087d5ec69553ce3988bd974cf12b77459f3fa28b99e2d,32482,954f99422a4843e896836481a59ef628d321890c87fbe5498e51604c3bd0e7f7,c5f19807f09976b1f1122bb273b9a865e2243e2a2eb190b76ae6abce7696ed11,ae66c05ffb1928329ef9878bb57caddf470b24986e78e0d4e58e438fdfbdc730,c51214d470f5333e106051aa6b5a402f35e73913f67bdbf848a50f1f56bb0138,a233b9613a40c0779b20f79e0e55e24aca789871942f9b19a39f576f87d48b1e,4.048981,/tmp/buckeye_slicer_A_O50_8_vm91jfs7
s03,s0301b,D_O0_8,24,1,0.041666666666666664,0,0,0,0.0,0.0,0.0,28,2,0.07142857142857142,0,0,0,0.0,0.0,0.0,99.97984400000006,85.15753900000007,0.8517470681390543,96.02400000000003,14,6.858857142857145,b35b56fbf50e01487bef7f59ef870fe839ea7b8d3f84afb9014d7c5503a3e4dc,7742f46ba78ed9fa88c087d5ec69553ce3988bd974cf12b77459f3fa28b99e2d,32482,8996127fabcb31852db914f4e970ab843b4b869ab96d400ac33bee4035d7c3e0,7011a49c432d3a25fd67af649b335039cdf669975732974864e8459332549f53,d3285fc57c46c22d903f118d06f05c2af1c7c367c346385895dc3c87db9feb3b,9d6a65774f5a1e9447d3181e2409b2e1e4ae08f1a1deca08cd7e87f28ca01722,db4a939fb78966d55ed05d6be9cee32b40c8df6193f3a3d83658345ffc00ef8c,3.049375,/tmp/buckeye_slicer_D_O0_8_omz8x36j
s03,s0301b,O25_4,24,4,0.16666666666666666,3,2,0,0.125,0.08333333333333333,0.0,30,5,0.16666666666666666,4,2,0,0.13333333333333333,0.06666666666666667,0.0,99.97984400000006,85.19370800000007,0.8521088310559879,96.50800000000004,15,6.4338666666666695,5c718a3fdc193cf92e8babe55085d9a6c49c09e1bb11c69c0d3e71192acf39c2,7742f46ba78ed9fa88c087d5ec69553ce3988bd974cf12b77459f3fa28b99e2d,64963,e9eb26cc36cb2f8f5609af47d865883299ca0772608382bf5de51bcc07f09b7e,5a302952e31f833a6ac1686088092457ec767eb9765da86c3678fb2b3b19fad8,1345444c08112bbf5f859f04a3834d70eef110f5ccca12682fd5743bfed84835,3d0ede62327efbbc7c5282d6185d85a79c44abb5a71ea4509b6c2bdd33315f88,c1d00a6de0b6d020f4a006f54d98a05a31080758e2378ac212fe2f5d332be260,6.047676,/tmp/buckeye_slicer_O25_4_lfv25hb4
s03,s0301b,O0_4,24,1,0.041666666666666664,0,0,0,0.0,0.0,0.0,28,2,0.07142857142857142,0,0,0,0.0,0.0,0.0,99.97984400000006,85.15753900000007,0.8517470681390543,96.06000000000002,14,6.861428571428573,87130029b5443647ed1f1febd32ab768bf957a0a1698217eb3cf14b2d00c6ecf,7742f46ba78ed9fa88c087d5ec69553ce3988bd974cf12b77459f3fa28b99e2d,64963,743478c0485c24163bb35e5aaa8fdc59fb6751b7fe38228fa25155ed884cc3b8,0f3122954a83011dfc3eb589d460523127a47aa0182aa11e72aaafd45475b8b2,45f9bdcd823a8f4f498058671de55337f4fb91a015a701a8339c569caedc4bbd,37065c1a3c8f45b2ec8538be0e904fe5bd6e55c3aba4c5cda7afe026d190ea0c,a797d62befde22ba37137fb7fb539fe18bb0391641dfd2065bd5a764f2708ddd,6.035001,/tmp/buckeye_slicer_O0_4_950itqra
s03,s0301b,O12.5_4,25,2,0.08,1,1,0,0.04,0.04,0.0,28,2,0.07142857142857142,1,1,0,0.03571428571428571,0.03571428571428571,0.0,99.97984400000006,81.24257400000008,0.8125895255447692,91.97600000000006,14,6.56971428571429,c4a9d51af35f27f1e99f5960f01d8721e1c9a7ae761cc52d68b81ecc3366390d,7742f46ba78ed9fa88c087d5ec69553ce3988bd974cf12b77459f3fa28b99e2d,64963,4964f7d62279caae7f8e05655efaf0f267b4679bd91ea2d79f41833f9b7d1c18,4dcd7db38c8156c83b93d7c1ff8f294e74de491cbbb5a4b35447f1e1f189ecca,e0350f193f851c85790a531f99d4233331b055db6f04c511415ba63fda9a5e7e,a79bc04812d3130ed84df8236773da9a9b21742168db88c8e0638886ce7f9291,0d086baec8855d478dfa1e2580b3b656ee9a1a4f7a842ce1db74a2ae2a6ea5c5,6.016481,/tmp/buckeye_slicer_O12.5_4_78e04dkn
s03,s0301b,O0_2,25,2,0.08,0,0,0,0.0,0.0,0.0,28,3,0.10714285714285714,0,0,0,0.0,0.0,0.0,99.97984400000006,83.87380600000006,0.8389071501251794,94.73400000000004,14,6.766714285714288,b8f9c3af61c5c18d8b52a1cdb992e5c98e154bc752c5665b52bea987b6d3c947,7742f46ba78ed9fa88c087d5ec69553ce3988bd974cf12b77459f3fa28b99e2d,129925,84a332e665c5f195d8c7dfe910b98619c90ed9790e8577c6e76a71daa8abf63d,fc2c8c1d9a8acf3044e117826beef9e2654b18f66ed50178d8f5a8a849e7ca9b,aa0cfe0c17c359ca33c8956427970f829e87881253d4081a9e9ed1ea4e90aee9,ebacf936e9848c9dfb152cd5caa7234a7bd37b063a619d647f501a092bd0a940,e9e42ccc25e55f2225a3261d60da5133acc124dd40082e8fba7f6cd2ddbeddd2,12.109972,/tmp/buckeye_slicer_O0_2_19l8zjmw
s03,s0302a,A_O50_8,51,5,0.09803921568627451,5,1,0,0.09803921568627451,0.0196078431372549,0.0,62,7,0.11290322580645161,7,1,0,0.11290322580645161,0.016129032258064516,0.0,211.1286410000003,170.6944460000003,0.8084855052896404,191.07200000000006,31,6.1636129032258085,72ea8093df3fb11222b7291a784e2272246d6349ad6d5da63900e79412997498,7742f46ba78ed9fa88c087d5ec69553ce3988bd974cf12b77459f3fa28b99e2d,62382,39b4db731adc553737e2b962a8e820e3963027ae461ec608d75727f524233ac6,be4059baf2be8a56f8153c22a61bbb4d4d4e42794e3fd54389bc3f4e5e25f681,e1b4dd416ecd95c07c84f9bd91773914a01cb1078d959dc9349cf4b05447633b,08be9992878f3d626335769b5707d80d6b2ebdf9adda3eaae4305594a9a3cbc5,46aab2aa0e75945b52e5d019bb98cbfb795f3379126464272cb547ea4b265237,6.323138,/tmp/buckeye_slicer_A_O50_8_2wo83xi2
s03,s0302a,D_O0_8,45,5,0.1111111111111111,2,1,0,0.044444444444444446,0.022222222222222223,0.0,50,7,0.14,2,1,0,0.04,0.02,0.0,211.1286410000003,157.3356280000002,0.7452121476971947,175.88800000000006,25,7.035520000000003,b35b56fbf50e01487bef7f59ef870fe839ea7b8d3f84afb9014d7c5503a3e4dc,7742f46ba78ed9fa88c087d5ec69553ce3988bd974cf12b77459f3fa28b99e2d,62382,13cf52ceb165b59480ec1cf4854b871b3c56d52087f5071c7bdb89330c14d478,1c289a4158303ad701d3c5a1711aa3105b9973ae9bcc30bcf205995d9386075c,2912146aa76b8b546cd298c15af834fe7e531d10295a2767dd1f6de8d1ea60df,6cc7672e4ffbd864fe990ff6b0a618b77f248016af3415ae5656b67f613c183b,ec7923cadff94481cfd8c57f9b49133cc94a642d08a12f5966eeff9f27f98373,5.828319,/tmp/buckeye_slicer_D_O0_8_32trxzie
s03,s0302a,O25_4,51,3,0.058823529411764705,3,2,1,0.058823529411764705,0.0392156862745098,0.0196078431372549,62,4,0.06451612903225806,4,3,2,0.06451612903225806,0.04838709677419355,0.03225806451612903,211.1286410000003,172.18105100000028,0.8155267337698633,192.98400000000004,31,6.225290322580646,5c718a3fdc193cf92e8babe55085d9a6c49c09e1bb11c69c0d3e71192acf39c2,7742f46ba78ed9fa88c087d5ec69553ce3988bd974cf12b77459f3fa28b99e2d,124764,ef72d1ac684d7d4e321b4899722e2f4a15a39c290107e39cd945398e377e1e29,c806617c12ee07843c018672d83bbdb61bcc1ec4bf449f006f3d27c6889256b9,f234475dbe6b36543e38b6c0d92dae5f4aef881d29663bdc0be33129b07ef068,5f739686979e1a124bcbc6698596e28a468ee0c7982dbbd01a8348310bad9f07,68d76b3bfb9934de7d1bbd3815dafcf46f0a9031a94ae01096d55708c0c3090f,11.787916,/tmp/buckeye_slicer_O25_4_gn37wzkm
s03,s0302a,O0_4,49,5,0.10204081632653061,2,1,0,0.04081632653061224,0.02040816326530612,0.0,54,7,0.12962962962962962,3,1,0,0.05555555555555555,0.018518518518518517,0.0,211.1286410000003,165.46476500000017,0.7837153889509474,185.08800000000014,27,6.855111111111116,87130029b5443647ed1f1febd32ab768bf957a0a1698217eb3cf14b2d00c6ecf,7742f46ba78ed9fa88c087d5ec69553ce3988bd974cf12b77459f3fa28b99e2d,124764,4226170465f8b1a2d0595e6cb2786489913278fe28d7df009dd58504dc6b7c53,6a69dca18e6cebf8138e1f85396ce5f86d6e05b49db0abdb32f672b99fe2f79b,a5c67bbb6b0c9e15b0213a71d046ce4890cf37ddbf274a50c6b5204aa4603ab0,ddc5c0759c57012c2a417927c595162d357e585237bb9bc1eef9ff7d2317fadc,2b91a5fef281bd572d4d48cdb6bd64ff31e23b5ac500ffe81849f1d854d4816d,11.688077,/tmp/buckeye_slicer_O0_4_5_1ce0wu
s03,s0302a,O12.5_4,47,3,0.06382978723404255,2,1,0,0.0425531914893617,0.02127659574468085,0.0,54,4,0.07407407407407407,2,1,0,0.037037037037037035,0.018518518518518517,0.0,211.1286410000003,168.12823700000024,0.7963307877305003,187.82400000000013,27,6.9564444444444495,c4a9d51af35f27f1e99f5960f01d8721e1c9a7ae761cc52d68b81ecc3366390d,7742f46ba78ed9fa88c087d5ec69553ce3988bd974cf12b77459f3fa28b99e2d,124764,6738928d41430fb9e9ec05b8e5caeec9f65bb24ef4dfae1eef8b14528bfe83c7,4d8267f88cb520a91bf32f7a9d3ff5dd23abb44b2da53e55f9fcb0c745b6767f,e1522ee490914b4f6c06c68991f0893b564d6d1ff92dbfe04e083ec3c35dadc6,e8aa16e1f1185a2e141814961a61d2e0bcf6a1e539fa4a10dbae202c62f8f158,2dc6594ae9b81867980425ec543ec7300342a4955d1f829c0e4b680ab3975f1e,11.577949,/tmp/buckeye_slicer_O12.5_4_cyyxufof
s03,s0302a,O0_2,50,4,0.08,2,1,0,0.04,0.02,0.0,56,6,0.10714285714285714,3,1,0,0.05357142857142857,0.017857142857142856,0.0,211.1286410000003,168.22834200000017,0.7968049299384252,188.2900000000001,28,6.724642857142861,b8f9c3af61c5c18d8b52a1cdb992e5c98e154bc752c5665b52bea987b6d3c947,7742f46ba78ed9fa88c087d5ec69553ce3988bd974cf12b77459f3fa28b99e2d,249528,c584bdc6c01023003e502b66cde8765c43b3fae293b27127c2d745ea3e206a97,b29364ee95b10913cb0731c5aaf39a9c8822c9042f30ccf998cb11e793d6cd15,b3a69f384102659e3ae53988081e5dc6e2e6bbd560806e5852a677343795ee79,801ee83150c1d371326bd6ba4d12807a23c1232a2fdd754bd8f02476d5005444,9619af9a024fbce5715bd233c1aeb1f67447f5b3969921121b0f82a023f8e493,23.168575,/tmp/buckeye_slicer_O0_2_nhw360p_
s03,s0302b,A_O50_8,40,5,0.125,4,2,0,0.1,0.05,0.0,48,7,0.14583333333333334,6,3,0,0.125,0.0625,0.0,146.9410219999997,138.03709599999974,0.9394047633614527,154.10400000000007,24,6.421000000000003,72ea8093df3fb11222b7291a784e2272246d6349ad6d5da63900e79412997498,7742f46ba78ed9fa88c087d5ec69553ce3988bd974cf12b77459f3fa28b99e2d,54202,d638f12cf31914cc50f55b37675cbf245bd90219e940f7f53e3566d7637c558b,424d2292e5bd2a17d14a1b9b8ab9050a4726e20cf8784db394470427d974efb3,fdca03b0eb6cf3a32595b9fcf23919f418e2dbb812faba3613a6fd84f554140f,5c9b6879ab7d1fdb75229629a305fb7fec4871bcb36f2711845b3a8e6d08489a,34057ca8f8569b8fcf8ca6baf947cf78323b6deddb8370a42e95b3fa623278db,5.884255,/tmp/buckeye_slicer_A_O50_8_oj0_katb
s03,s0302b,D_O0_8,38,4,0.10526315789473684,3,1,0,0.07894736842105263,0.02631578947368421,0.0,46,5,0.10869565217391304,4,1,0,0.08695652173913043,0.021739130434782608,0.0,146.9410219999997,132.5491979999997,0.9020571396325254,148.76000000000005,23,6.467826086956523,b35b56fbf50e01487bef7f59ef870fe839ea7b8d3f84afb9014d7c5503a3e4dc,7742f46ba78ed9fa88c087d5ec69553ce3988bd974cf12b77459f3fa28b99e2d,54202,13943e67cdf6b35e347c32dc41947006644254abac8b4eadc61f55a47ec314c5,0d047abf3cf9b4772dcdabc32fb8c5e20595c8778066afa7c4ab58d5bee819c0,0b86d666dc0235468258b1cb3ce667131773e9f8d793d893b2bc5f799e40f6ee,8fa672a4460ac1afb5e4cac9e78ec62fbf918d6c969eaec3ff03cda20429a3b8,1964b925572fafb46dba756bfd34cef599228012f18455ea114bf82652826630,5.508726,/tmp/buckeye_slicer_D_O0_8_457p0ppf
s03,s0302b,O25_4,41,4,0.0975609756097561,3,2,0,0.07317073170731707,0.04878048780487805,0.0,48,5,0.10416666666666667,4,3,0,0.08333333333333333,0.0625,0.0,146.9410219999997,136.61509599999974,0.9297274113147248,152.81200000000013,24,6.367166666666672,5c718a3fdc193cf92e8babe55085d9a6c49c09e1bb11c69c0d3e71192acf39c2,7742f46ba78ed9fa88c087d5ec69553ce3988bd974cf12b77459f3fa28b99e2d,108404,80aa54346ca7fed75d7e787dcef1d18944c05e3adb074dd7bb38ee6d35f68d3f,692ca378b8242c1434821e4e976aaa78640c8a420b78d74e23fb5df8270d4d86,da75075a82d9b108fa6d69860da337f44db35de44a070a650a51e1deec7ed034,fd6853789d701e01485b852ec57081fa649410a6eb1e528612d545fc897a9cf9,600a1a95776a9238b7839881c3544a81f7722f178730c559df81e59be3eacbe8,10.90547,/tmp/buckeye_slicer_O25_4_ewortonq
s03,s0302b,O0_4,38,4,0.10526315789473684,2,1,0,0.05263157894736842,0.02631578947368421,0.0,46,5,0.10869565217391304,3,1,0,0.06521739130434782,0.021739130434782608,0.0,146.9410219999997,132.57319799999973,0.9022204704687573,148.8280000000001,23,6.470782608695656,87130029b5443647ed1f1febd32ab768bf957a0a1698217eb3cf14b2d00c6ecf,7742f46ba78ed9fa88c087d5ec69553ce3988bd974cf12b77459f3fa28b99e2d,108404,0e1d48b1f31b209e363a9968427cafacb52f9deae270b26248ad666b0cff6588,d7ca7ef7cbfd5d4bb5c2ca185cee4130eb541ce44e088334c0141faeedb600d1,f5523ea36acc53a1fe34fbb9789aeeaeb9f8d4adfbb96ad8b6de607c0b971a51,6d84520d075ad910c91285894a49900c9589dd9c9615011c6523792e138f87f1,f5e9ad8779f5122982e50cccbc72c47f63b8915731f60192920c25ff7729daad,10.694132,/tmp/buckeye_slicer_O0_4_s2up_yf7
s03,s0302b,O12.5_4,41,4,0.0975609756097561,3,1,0,0.07317073170731707,0.024390243902439025,0.0,48,5,0.10416666666666667,4,1,0,0.08333333333333333,0.020833333333333332,0.0,146.9410219999997,136.62309599999972,0.9297818549268019,152.84000000000006,24,6.368333333333336,c4a9d51af35f27f1e99f5960f01d8721e1c9a7ae761cc52d68b81ecc3366390d,7742f46ba78ed9fa88c087d5ec69553ce3988bd974cf12b77459f3fa28b99e2d,108404,bee4655ef096287e6006bce63de7445b8cb9a78703fd03e2f1a49748ca707c24,4fafce3e5989857b7fa0f819d4dd7d08803afe97282e71646d4bd759541d6ee8,e17bb1920f2c39b9ef9879bcb2200ecaacfe560d8afa7f4495633cc40c7d85af,a88413f4b4b0d1af8928457e76ab4dbfb238a5d3ef48c58fc2bf66ad8824cb1d,8075d480a0d4c7d7c61fc157aaca19a189c58e78e609e4e678eb0f3606a0e545,10.680318,/tmp/buckeye_slicer_O12.5_4_goh8sysr
s03,s0302b,O0_2,38,4,0.10526315789473684,2,1,0,0.05263157894736842,0.02631578947368421,0.0,46,5,0.10869565217391304,3,1,0,0.06521739130434782,0.021739130434782608,0.0,146.9410219999997,132.57319799999973,0.9022204704687573,148.85800000000006,23,6.472086956521742,b8f9c3af61c5c18d8b52a1cdb992e5c98e154bc752c5665b52bea987b6d3c947,7742f46ba78ed9fa88c087d5ec69553ce3988bd974cf12b77459f3fa28b99e2d,216807,2098bcea8640758dff0c4de6c003d448d7d76115e13a4aee1a312283c5d6eaa0,3131eedcf3643a38bb93dff2b389022c958c4668d94703b07ab35dd715b7349d,280c41dc021e3f504e5eaa01e33e81245b7db2e57344383ea1b1c38729281efc,cd675aa9e227ea8f0d2771dec973e2b94e46372f7f74741e775cdd026067a925,fca74d3afcbf1929991884e10e95b4bfd035dfbb4cfd376456d45f5abd714de9,21.308699,/tmp/buckeye_slicer_O0_2_v79j0i_s
s03,s0303a,A_O50_8,44,6,0.13636363636363635,3,0,0,0.06818181818181818,0.0,0.0,50,6,0.12,3,0,0,0.06,0.0,0.0,162.6260390000001,142.2717029999999,0.8748396251599032,158.8800000000001,25,6.355200000000004,72ea8093df3fb11222b7291a784e2272246d6349ad6d5da63900e79412997498,7742f46ba78ed9fa88c087d5ec69553ce3988bd974cf12b77459f3fa28b99e2d,56120,90af02969ff4492d5e063d4a72a525d1f2f094d0f26c407668dfaeff93f67f81,c26449024f90a4e7f9bc3be461c035f1f3ce967a2e5ed9942672627cdd44006d,58f32dc5784bfedef559a68a7348c9f1967a649ba089db03d0e8fc8cb0cb2db2,7bac0f977d64ab08ef9ec6f4ef799de7a9869b4e8a6eb7c6177c6946462a68c4,16a88ad5a309fc5b8107ea58fa06d4355b38157247d121fa1296773c60312457,5.930293,/tmp/buckeye_slicer_A_O50_8_r5ygvv2c
s03,s0303a,D_O0_8,42,6,0.14285714285714285,5,1,0,0.11904761904761904,0.023809523809523808,0.0,50,8,0.16,7,2,0,0.14,0.04,0.0,162.6260390000001,136.40470299999993,0.8387629917002396,153.0800000000001,25,6.123200000000004,b35b56fbf50e01487bef7f59ef870fe839ea7b8d3f84afb9014d7c5503a3e4dc,7742f46ba78ed9fa88c087d5ec69553ce3988bd974cf12b77459f3fa28b99e2d,56120,a4538fc087902a07732ee042139af19cce5cbf065689275583f966fcf652a4d1,4468d1f671def3f7f4bc58802bd5723b2c1fc38d72b95f46d8893ac952af3a74,5639507b6eb9ac8eeea6db8caf87f54c6041c404d90fd98c16f9694ee993429b,f42330ce23fd5032460ff480c1cb3fcacae3dd16791f3801d4313ecbe0020cee,55d2253cbf310f61cdefe8f44e7787ba546def709dc0c01d1142c518842e6590,5.564681,/tmp/buckeye_slicer_D_O0_8_mb6_cvv1
s03,s0303a,O25_4,44,7,0.1590909090909091,7,2,0,0.1590909090909091,0.045454545454545456,0.0,52,9,0.17307692307692307,9,4,0,0.17307692307692307,0.07692307692307693,0.0,162.6260390000001,143.04370299999994,0.8795867124329324,160.06000000000006,26,6.156153846153848,5c718a3fdc193cf92e8babe55085d9a6c49c09e1bb11c69c0d3e71192acf39c2,7742f46ba78ed9fa88c087d5ec69553ce3988bd974cf12b77459f3fa28b99e2d,112240,a079502a9ee19698504e3893cc285b26097abb08095e6f5e078a749db59efaea,f7e09ad308ba30c90cb07900e734711b995b6a79039b0579bef1d89ef7b20379,87b316ff54da9ece442f122d5a265434a331ca92adf631297218b45af735478a,f51897f1ada3882596cde837436a15b3d9dcc2fd54f1237242b5a0793731b46d,5669651291f54e7cd5d65427abf625ad85f8b1a4674e891e7db21790da439bad,11.121901,/tmp/buckeye_slicer_O25_4_ba5ugz9l
s03,s0303a,O0_4,42,6,0.14285714285714285,5,0,0,0.11904761904761904,0.0,0.0,48,7,0.14583333333333334,6,0,0,0.125,0.0,0.0,162.6260390000001,132.0817029999999,0.8121805327866333,148.1439999999999,24,6.172666666666662,87130029b5443647ed1f1febd32ab768bf957a0a1698217eb3cf14b2d00c6ecf,7742f46ba78ed9fa88c087d5ec69553ce3988bd974cf12b77459f3fa28b99e2d,112240,7ddf21f16e2e1ae59067eaa05c21893b698add86954c5bdf0008290b7b7c38a3,0100526d3b4b8f5e85be1a50b02cc2bba9e3037a70f119d835a5cd245f6b5545,cebb657c5cc924ef38eb025389723fee17edd4b8f9e68905cc58ffc95984aa6d,9c34766d548bc46586cc02e7c33131856e82a3e12e2eac156346a244f278f188,6aac21539f6e27d91c27294ca1f16450ca07e72d9443496eb19a218229895be5,11.052567,/tmp/buckeye_slicer_O0_4_7uqwto25
s03,s0303a,O12.5_4,41,8,0.1951219512195122,6,3,1,0.14634146341463414,0.07317073170731707,0.024390243902439025,48,10,0.20833333333333334,8,5,1,0.16666666666666666,0.10416666666666667,0.020833333333333332,162.6260390000001,135.06070300000005,0.8304986325098895,152.4880000000001,24,6.353666666666672,c4a9d51af35f27f1e99f5960f01d8721e1c9a7ae761cc52d68b81ecc3366390d,7742f46ba78ed9fa88c087d5ec69553ce3988bd974cf12b77459f3fa28b99e2d,112240,dda0e499266e6f46944cfa26cbccc7d461a4fce1e19b66a47998977433af4db4,413d51f4d9e7f08f75e579864b0d9ccacee0def679d5badc08e6f58c168a5524,53938f3db3008068ec66d063ca0750e4132873e37fc94e799dd8e4cdd103b419,51b5ec762b29476299320feb9dad3968a2b480b919408e66e4bcc1eaf35d1359,a2b4d85d93cf96b7dc16422c5989e46682dc57a41830aa56991a64a0829944aa,11.057089,/tmp/buckeye_slicer_O12.5_4_uevshetw
s03,s0303a,O0_2,42,6,0.14285714285714285,5,0,0,0.11904761904761904,0.0,0.0,48,7,0.14583333333333334,6,0,0,0.125,0.0,0.0,162.6260390000001,132.07570299999992,0.8121436383259623,148.202,24,6.175083333333333,b8f9c3af61c5c18d8b52a1cdb992e5c98e154bc752c5665b52bea987b6d3c947,7742f46ba78ed9fa88c087d5ec69553ce3988bd974cf12b77459f3fa28b99e2d,224480,0aa0db0e45c5ad1f36bb83cadc14a3c8889cf9afa5d5a5abf9b98515474b319e,bd0725947dfae5b02642e9c68687e1d0168f424d71d2e707973fa43f38827d4a,32ef1d67ae07963a967f3d1944e71cd7fdf8377121f4b5f8cf09f203d5fa7ca5,db286b2219b8215bd11b55008e0a236a2c54023d15a77a579f8d35ce5555f22f,ea9985438c6377fb3bcc1314b9dff1941a35b80244a76751eef42004838b78ab,22.155944,/tmp/buckeye_slicer_O0_2_4zs2pawq
s03,s0303b,A_O50_8,42,11,0.2619047619047619,8,4,2,0.19047619047619047,0.09523809523809523,0.047619047619047616,48,15,0.3125,11,5,3,0.22916666666666666,0.10416666666666667,0.0625,150.29388099999994,124.50062999999996,0.8283812299716979,140.35200000000003,24,5.848000000000002,72ea8093df3fb11222b7291a784e2272246d6349ad6d5da63900e79412997498,7742f46ba78ed9fa88c087d5ec69553ce3988bd974cf12b77459f3fa28b99e2d,40650,f3376591c86537f6141ae0c412fea6e64c31a94473cc178165806baee7c8c83d,1053c63cfd2c8f27072fde725b5882b5d881f9f6355cef207fb490ab43b7367d,a6153fb6866f90e016c98b17e3596306a667aafc0459a2d0ca5b177a58dc85c4,bcf747bb05fa1f0ee55d9607036e03d471ddcec742b2568f161e10a8e496a0ad,3d613731f3071b94b6154478549fedd38d6c16c55cc7f57794601b63fb144f94,5.062654,/tmp/buckeye_slicer_A_O50_8_7ejvcphs
s03,s0303b,D_O0_8,36,8,0.2222222222222222,3,3,1,0.08333333333333333,0.08333333333333333,0.027777777777777776,42,11,0.2619047619047619,4,4,1,0.09523809523809523,0.09523809523809523,0.023809523809523808,150.29388099999994,112.97388899999997,0.7516865506986277,125.488,21,5.975619047619047,b35b56fbf50e01487bef7f59ef870fe839ea7b8d3f84afb9014d7c5503a3e4dc,7742f46ba78ed9fa88c087d5ec69553ce3988bd974cf12b77459f3fa28b99e2d,40650,d5567067576a46d3bdd393f057b9cded113dd775840611d906c88018f0e44a27,1d4861d328c5c07872872403f6188aeffcf8eed97ec5ef5d2146ceb625f43c97,c388fed9fcce8e4aa1bf421c62965587b8e24b806a447235d0c77716b4e931f6,2008d4c3f7df471aff53d74b59ff1f64b9ab77fb41b76bf9745efe42e1e2d10f,22cb0a8cdd12518868a2958bbf017b1f0803592afc1c27dd6078e4bc2e089b7c,3.75433,/tmp/buckeye_slicer_D_O0_8_8m1clscm
s03,s0303b,O25_4,41,8,0.1951219512195122,5,3,1,0.12195121951219512,0.07317073170731707,0.024390243902439025,48,11,0.22916666666666666,7,4,1,0.14583333333333334,0.08333333333333333,0.020833333333333332,150.29388099999994,122.92051199999996,0.817867708133773,139.096,24,5.7956666666666665,5c718a3fdc193cf92e8babe55085d9a6c49c09e1bb11c69c0d3e71192acf39c2,7742f46ba78ed9fa88c087d5ec69553ce3988bd974cf12b77459f3fa28b99e2d,81300,0ddc8c5c8991f852e97fe1c1625855e0a2b57ec6facbf4f86f9a8f2a2dfdd368,d64b050fe73f68a62510f180845c8b91b3ed769bd89fdb6b3a867de669b6e427,4ee664eb8d95cca40c9ca326726deaadff5392520ccbe4eea83c8d2140bc2975,8a72f946e80e6ca5d2d17ed1b9302ff946471c904f6cbdc0f9d10d003008b607,cf51d390c5b50ea486dab7e5140ce08567dd7fe04091364abf3713abe7e00082,7.616755,/tmp/buckeye_slicer_O25_4_s_9s1xd0
s03,s0303b,O0_4,39,7,0.1794871794871795,3,3,1,0.07692307692307693,0.07692307692307693,0.02564102564102564,46,10,0.21739130434782608,4,4,1,0.08695652173913043,0.08695652173913043,0.021739130434782608,150.29388099999994,121.33861799999995,0.807342369447496,134.51199999999994,23,5.848347826086954,87130029b5443647ed1f1febd32ab768bf957a0a1698217eb3cf14b2d00c6ecf,7742f46ba78ed9fa88c087d5ec69553ce3988bd974cf12b77459f3fa28b99e2d,81300,b89ed46861932b6b19874b3eb56e1203a51556086080d7e64eeca559a8d4efd7,7ebaea7256d03f69985030e098e02bfd2d2d79da4f475c59d8913443d249e06c,5654bc0aa8cba36a50105d2345a7e2319a34e9c700939ae0458082f64810e399,b94d6517082c5a6a712c2daec70873ada6d7bd6989801e3a27184dc685ab1d5b,93c396b28a8190298c60d437bd4a8515957bfe4f3bc8c7f65287c7824ab71430,7.557481,/tmp/buckeye_slicer_O0_4__sq0xmlc
s03,s0303b,O12.5_4,39,8,0.20512820512820512,4,2,0,0.10256410256410256,0.05128205128205128,0.0,46,10,0.21739130434782608,5,2,0,0.10869565217391304,0.043478260869565216,0.0,150.29388099999994,121.42851199999997,0.8079404909372193,133.856,23,5.819826086956522,c4a9d51af35f27f1e99f5960f01d8721e1c9a7ae761cc52d68b81ecc3366390d,7742f46ba78ed9fa88c087d5ec69553ce3988bd974cf12b77459f3fa28b99e2d,81300,fe2c9de60e6e0a5492acac62c3232ee0428f335940c3a1b27633dc0f454a3d97,75aa4bcb8440114db4fb92d52fadbc44f2bfc5124d96f062da624d4b25354a9d,bba7115406f30f192d4f45caef028d1d96e6321bf528282b612114e0b037ca02,839d7f182a85d9215e6ccfdab08e3df99cd5663b1226e6331df10f1e5a72a9be,e1f2327aa30f164bc983493fed1e8e6f9f9a8bb23d0d3c4ea56570dda38d47fb,7.537827,/tmp/buckeye_slicer_O12.5_4_p9xu2ev4
s03,s0303b,O0_2,39,6,0.15384615384615385,3,3,1,0.07692307692307693,0.07692307692307693,0.02564102564102564,46,8,0.17391304347826086,4,4,1,0.08695652173913043,0.08695652173913043,0.021739130434782608,150.29388099999994,119.76306499999997,0.7968592214343045,132.15,23,5.745652173913044,b8f9c3af61c5c18d8b52a1cdb992e5c98e154bc752c5665b52bea987b6d3c947,7742f46ba78ed9fa88c087d5ec69553ce3988bd974cf12b77459f3fa28b99e2d,162600,6857f33bdbc95c2784258128f1b3c79f390a6b7e267373c001363099a9c419ca,0027f2ed3ce21d9bbb5e9599eb0f709c12455da7ec9f40215587a442c10a2e61,bff8585d0ff48e544ee01647607a1676366d195d90601a34ce07dfe0601b044e,5a30e085fce0303cdc9f32a2e76e48b49d7d74db951fb51a5d2f3e9dd16cd6c3,adc4ff69c04a1e1583aed5a8ec0dc2237e713ed3023e704866cfb68f2e82141c,15.071597,/tmp/buckeye_slicer_O0_2_8kkj72xx
s03,s0304a,A_O50_8,51,8,0.1568627450980392,8,3,0,0.1568627450980392,0.058823529411764705,0.0,62,11,0.1774193548387097,11,5,0,0.1774193548387097,0.08064516129032258,0.0,191.59093099999984,167.12527399999982,0.8723026352432097,188.48,31,6.08,72ea8093df3fb11222b7291a784e2272246d6349ad6d5da63900e79412997498,7742f46ba78ed9fa88c087d5ec69553ce3988bd974cf12b77459f3fa28b99e2d,54767,4fefb1dca16f05d19a1d3274a6efb7a7dcf84c3e866bf08f667b95dd89b05cf3,1940ae77eed15032e3a481d4e67871c72a08161f7c5d576d9e53898fb17686ad,3732e96d51c6f316b66010b85e5b8f60c07bc242a4903ee7130c1ff04dcfac08,5a72a04f4f91e1a13dbb114f6dea3bc87721a195756d3349f9ecdbdfeac3eb2a,d43ab83fec3b6c4746b4fcfa3275c9c8eea1e49cb49ccef663f2e224a2e6f897,5.536308,/tmp/buckeye_slicer_A_O50_8_6ajq7796
s03,s0304a,D_O0_8,47,2,0.0425531914893617,1,0,0,0.02127659574468085,0.0,0.0,56,2,0.03571428571428571,1,0,0,0.017857142857142856,0.0,0.0,191.59093099999984,161.8604199999998,0.8448229733796739,182.15200000000013,28,6.505428571428576,b35b56fbf50e01487bef7f59ef870fe839ea7b8d3f84afb9014d7c5503a3e4dc,7742f46ba78ed9fa88c087d5ec69553ce3988bd974cf12b77459f3fa28b99e2d,54767,45e6fad9d04172aa252244f5da6ad412a164462dea61a9d4aa43d58c10f10cda,9bfaa6efcfec84ec2fe312c4afafc23a1cb41515626aae7885b24ce1624958e8,6e27f3151c4b92e90ff37f72dac5396c3b3cd5bed4fef209829acef3e16a0a49,f921fdb795d914b978f96ef561ec6b37e967766920248f0836883fec776444b1,16b113df5dcfac6a58c486c1dae8e43b4a4369fb1bf49046e391d7d74798f358,5.075241,/tmp/buckeye_slicer_D_O0_8_5f9hfo1d
s03,s0304a,O25_4,52,8,0.15384615384615385,7,4,0,0.1346153846153846,0.07692307692307693,0.0,64,12,0.1875,10,7,0,0.15625,0.109375,0.0,191.59093099999984,170.83137399999984,0.8916464527227543,193.10400000000013,32,6.034500000000004,5c718a3fdc193cf92e8babe55085d9a6c49c09e1bb11c69c0d3e71192acf39c2,7742f46ba78ed9fa88c087d5ec69553ce3988bd974cf12b77459f3fa28b99e2d,109534,61f859424091ac857e83f9ac9db12c8c718214255c7b718b0587a264faf9776d,cd104f88227b4b70502cfd75985b59606c617d7e5cc0fdfa6b61409a8ed7ce61,483b10bc08cc5855dccc0649df1fd11d50787a27e87ff7fe451fe925536a5156,821210fb4802e28b11a8e639e984e35e52e3410dd52807d10213a204a693d62b,f2795409a7238172f4a945c3d28b2bf641e6d0106acbb1dad4b34bb3da5543a0,10.273453,/tmp/buckeye_slicer_O25_4_xu6nh764
s03,s0304a,O0_4,47,1,0.02127659574468085,0,0,0,0.0,0.0,0.0,56,1,0.017857142857142856,0,0,0,0.0,0.0,0.0,191.59093099999984,161.89202399999982,0.844987928995449,182.24800000000008,28,6.508857142857146,87130029b5443647ed1f1febd32ab768bf957a0a1698217eb3cf14b2d00c6ecf,7742f46ba78ed9fa88c087d5ec69553ce3988bd974cf12b77459f3fa28b99e2d,109534,547bcbfd917dfeb686426db50d4c7c5b4970c2afc2de8e0ba10570c88a8416fd,55c0112ba25113311c4bcb3b5846c069de99e833d5fcd6bdc43da00b75feb735,9b2a4d77b17d05a03fa546257f3dde303340372ddb241421cd872921c4b65650,659cab671dbb553c92ebba651032c1965384eb001c57f9e88cfd88c20ad6d5c5,4e3f4dcd606efd55c96412553f94942978d3a950e616da4beb3d95828bbff419,10.265048,/tmp/buckeye_slicer_O0_4__40tahc0
s03,s0304a,O12.5_4,50,6,0.12,3,0,0,0.06,0.0,0.0,60,6,0.1,3,0,0,0.05,0.0,0.0,191.59093099999984,170.94505299999983,0.8922397950036579,191.35600000000014,30,6.378533333333338,c4a9d51af35f27f1e99f5960f01d8721e1c9a7ae761cc52d68b81ecc3366390d,7742f46ba78ed9fa88c087d5ec69553ce3988bd974cf12b77459f3fa28b99e2d,109534,4b48fb6153c4c8ed249d612691152bad39ac9cc4c42228011f9b2308b6f126fa,49677a2e6151bdbc10bc6523c945b69ef2cdb0fd1b6178ffaa1a73ddde26b21f,d7bf6d1c76f002071fc8dab9b8d0122f18664ee7508dc2cf89c1a0b020b7fd56,8a1a64e31150ec04abe3a2953454feb211459cd5d63bb2fe8b6aabaf96c02a7a,113f8d6091d81aa96ef1e460b8aac743943479e2806a6aa7d1670fefedca60bd,10.118729,/tmp/buckeye_slicer_O12.5_4_3fgnxcfd
s03,s0304a,O0_2,48,2,0.041666666666666664,1,0,0,0.020833333333333332,0.0,0.0,58,2,0.034482758620689655,1,0,0,0.017241379310344827,0.0,0.0,191.59093099999984,163.9573079999998,0.8557675832787719,184.574,29,6.3646206896551725,b8f9c3af61c5c18d8b52a1cdb992e5c98e154bc752c5665b52bea987b6d3c947,7742f46ba78ed9fa88c087d5ec69553ce3988bd974cf12b77459f3fa28b99e2d,219068,482c0e1a47f299faf187788d73f7d0bf833a732e0842411e0c109f2044376f51,e5fb3c971d65c1184c73c91d20584afa2ea5673c34e7bfa3ece404594a540187,99e149f5765131e5705213bd3be25f6185107e53eb1ecef5cf9cba39d88aa88c,e3b26fc361b1a192bc9dad78ad7b99e9ae3402602ad1d76ac9a64cce0efc3a76,6b6b7ccdd4e92b9abd372ed23eba8db8e223db02978d4922c3ed36b32347ee24,20.132691,/tmp/buckeye_slicer_O0_2_tyi2rw28
s03,s0304b,A_O50_8,47,9,0.19148936170212766,7,4,1,0.14893617021276595,0.0851063829787234,0.02127659574468085,54,14,0.25925925925925924,12,6,2,0.2222222222222222,0.1111111111111111,0.037037037037037035,166.21760200000017,152.62332000000015,0.9182139446338541,171.03200000000004,27,6.33451851851852,72ea8093df3fb11222b7291a784e2272246d6349ad6d5da63900e79412997498,7742f46ba78ed9fa88c087d5ec69553ce3988bd974cf12b77459f3fa28b99e2d,59323,c278f4d2e5535dcd01c7589a28855e89530fd74baf59f7846479f7f766538b28,5219610d95818a393f8a64cf3c6068303bdbfd8ed8b6e9dbcd881844f173d861,78d4afcb3b30fe82721546f15a68b87f2277e7b014e48ab419f80f9ef27b17aa,2316acd749c253d767c1d973dc8100d8c8f0da4cec7d1c4fc1238e2e33b0d89a,d0a237b66bed277162ab3e28ed8ca64bff8e2fa460f2da8192fccfe9a08355e2,6.425276,/tmp/buckeye_slicer_A_O50_8_5jze8xe8
s03,s0304b,D_O0_8,45,5,0.1111111111111111,3,3,0,0.06666666666666667,0.06666666666666667,0.0,52,7,0.1346153846153846,5,5,0,0.09615384615384616,0.09615384615384616,0.0,166.21760200000017,152.44493100000017,0.9171407189474434,170.55199999999996,26,6.559692307692306,b35b56fbf50e01487bef7f59ef870fe839ea7b8d3f84afb9014d7c5503a3e4dc,7742f46ba78ed9fa88c087d5ec69553ce3988bd974cf12b77459f3fa28b99e2d,59323,e6812819520b848474c78c2a0941251449290636820a36b2e266a3619bb8b541,7ece97c7ffa15f628997e78f1120a6a1b2eccc4a1069143354b95e3867ed0ef5,b7592f6877d51b6ae899343a46849e52555e5659d29d33f22cd8c4f19c7ba677,e69a3d741e2be3aa9c7f67e65fd8720d3e21ca728dd72e29d6fc434f43b811ef,db19116bc64a89a72d7234550253271adff4f60cf0a27802a6778d7ad9849796,5.859196,/tmp/buckeye_slicer_D_O0_8_chu32w16
s03,s0304b,O25_4,46,8,0.17391304347826086,4,2,0,0.08695652173913043,0.043478260869565216,0.0,54,12,0.2222222222222222,7,3,0,0.12962962962962962,0.05555555555555555,0.0,166.21760200000017,152.41467900000015,0.9169587165624011,170.41199999999998,27,6.311555555555555,5c718a3fdc193cf92e8babe55085d9a6c49c09e1bb11c69c0d3e71192acf39c2,7742f46ba78ed9fa88c087d5ec69553ce3988bd974cf12b77459f3fa28b99e2d,118645,4785f25224d42becba0b6361049ff1d019292bc791c3db6174efc63083d219b6,010d7408d4cd2824eec41e1375588d62c2e7c9ebc3dd211076d01b57e09fb6b6,2cb7ac58622248f8d23a8f69cba7ace146603860635620235c32930d421b61de,e321b0d35bfa15ff94da127a118968aee8243ceb6507507f3d81c0877bec4bcd,e181aca90d177f106751d5df0497b66e7b26f566e52eb3bb5f62410a2a21865a,11.685745,/tmp/buckeye_slicer_O25_4_wlh099w4
s03,s0304b,O0_4,45,6,0.13333333333333333,4,3,0,0.08888888888888889,0.06666666666666667,0.0,52,8,0.15384615384615385,6,5,0,0.11538461538461539,0.09615384615384616,0.0,166.21760200000017,152.42267900000016,0.9170068462424334,170.63999999999996,26,6.563076923076921,87130029b5443647ed1f1febd32ab768bf957a0a1698217eb3cf14b2d00c6ecf,7742f46ba78ed9fa88c087d5ec69553ce3988bd974cf12b77459f3fa28b99e2d,118645,79fdececd796ba47c49e0f7872a746fff46b87323cbeee10f9557ae23f726bb9,b6b511859884cf6a2269c2a1de0d9688238dffc280198bc89c544f46a0a85373,b12a743b01c390e57714d5f76afd64929e2c6ce8fed984cec146acfd27e18389,72340429965cc16af3a92d9520d4088d24d0f8a7aa53ef9e166f595d8f27cdc2,48a2a35782d8cc3015bf392634b6fc7e61e1aa147cc3baf19c25ae83bca44a61,11.770081,/tmp/buckeye_slicer_O0_4_2ndoz9_1
s03,s0304b,O12.5_4,46,7,0.15217391304347827,3,2,0,0.06521739130434782,0.043478260869565216,0.0,54,10,0.18518518518518517,6,4,0,0.1111111111111111,0.07407407407407407,0.0,166.21760200000017,152.45467900000017,0.9171993649625628,170.53200000000004,27,6.316000000000002,c4a9d51af35f27f1e99f5960f01d8721e1c9a7ae761cc52d68b81ecc3366390d,7742f46ba78ed9fa88c087d5ec69553ce3988bd974cf12b77459f3fa28b99e2d,118645,13d91ec71a6c3511450478057cae5113fb4325e5bef6658ec00ed23090db279c,c1dca940efa645ca5b4ffdc97a64fe40fc6665e37ad61ef5415a3df026b52b1b,9320de913b8c8ab5672538bba61a483f72076ff608f5ee1689463cddebdb2377,527aaa4bc1e169003e6ac028696abf38c25213dabb3d7430df5848f7cd684e94,8bacd358411e711e058b90564edeb9262bee7d53c6640e2a21a3e30c6060841d,11.720588,/tmp/buckeye_slicer_O12.5_4_ir_cyjfd
s03,s0304b,O0_2,45,5,0.1111111111111111,4,3,0,0.08888888888888889,0.06666666666666667,0.0,52,7,0.1346153846153846,6,5,0,0.11538461538461539,0.09615384615384616,0.0,166.21760200000017,152.5247560000002,0.9176209629110161,170.80000000000007,26,6.569230769230772,b8f9c3af61c5c18d8b52a1cdb992e5c98e154bc752c5665b52bea987b6d3c947,7742f46ba78ed9fa88c087d5ec69553ce3988bd974cf12b77459f3fa28b99e2d,237290,dfe9a19f7db2bd9c119a846a2349622b06698563bd6c44ec372e579df81cfdcf,1a64e58b21e200c525a7e7d74d0ff3e6526bac8e476e7a6edb629b214d614231,e3686c2515a41d06fa25bf13128b676af8a3e59b9d47d7eb81f876407fc6ee7c,a6141d710404a3c1d780dec629f1619c934a80d00ad4191f38b5b5ebb2a1f8c5,c653c32d352ad770d351ead542585ad91678bdf83e915c550c707c28794055bd,23.52732,/tmp/buckeye_slicer_O0_2_kuxatvq9
s03,s0305a,A_O50_8,66,7,0.10606060606060606,7,1,0,0.10606060606060606,0.015151515151515152,0.0,76,10,0.13157894736842105,10,2,0,0.13157894736842105,0.02631578947368421,0.0,247.04075699999993,207.45448900000002,0.8397581497048282,228.79999999999993,38,6.021052631578946,72ea8093df3fb11222b7291a784e2272246d6349ad6d5da63900e79412997498,7742f46ba78ed9fa88c087d5ec69553ce3988bd974cf12b77459f3fa28b99e2d,60467,c91732241599939575284df1754ac6bee899a1a8a887e97a525863813a249144,de852428728b4a6e62ce8839e7f05f82733df429f28194ebfb1ce2d4fe0ab5d8,58faa60f65b1f45ed72317183c2d8f40769bbf5c56b5dacf584dde663aa4f1cc,cbac0c15cadfdfc5e6537523b2c73f2ba1e0e068b04d31720e6725971061ffc0,932c3dcdeff684431d41fe73b7c5471a04636773afc6da5b62c2e8ddace4f50d,6.277865,/tmp/buckeye_slicer_A_O50_8_gn9zknxh
s03,s0305a,D_O0_8,61,2,0.03278688524590164,1,0,0,0.01639344262295082,0.0,0.0,70,2,0.02857142857142857,1,0,0,0.014285714285714285,0.0,0.0,247.04075699999993,192.45161000000007,0.7790277698995236,213.37599999999998,35,6.096457142857142,b35b56fbf50e01487bef7f59ef870fe839ea7b8d3f84afb9014d7c5503a3e4dc,7742f46ba78ed9fa88c087d5ec69553ce3988bd974cf12b77459f3fa28b99e2d,60467,5e435cbcb1c5c03ff2c8fc79a073df4c5243bf5897298f7adac23ea2b84215f2,52f38026c65917c25978ac4f2e4ed9a35c051fd3568080dd9c99299c75b61f9a,e62744bb7dd0322193e4698115a49f8995895ac0434886457c3d530d7f01a6c0,dc9cb7cbc1a7b64481f3dbf2054ca43ca9b8390287baf3a0e4f51eb1b40c49b5,a1f64b5aa06ac274762b56b2370cab8c8c4193e120cb55d2fed1ba1abf65c20c,5.625127,/tmp/buckeye_slicer_D_O0_8_ldu8zeot
s03,s0305a,O25_4,64,5,0.078125,3,1,1,0.046875,0.015625,0.015625,76,6,0.07894736842105263,4,1,1,0.05263157894736842,0.013157894736842105,0.013157894736842105,247.04075699999993,202.48319000000004,0.819634753628933,224.16,38,5.8989473684210525,5c718a3fdc193cf92e8babe55085d9a6c49c09e1bb11c69c0d3e71192acf39c2,7742f46ba78ed9fa88c087d5ec69553ce3988bd974cf12b77459f3fa28b99e2d,120933,f6b30545cb3e5d3fc6dc15845c8b7feb54ce88972926208a064c7f4f627c75fd,08c741481ddf40e1a5e4b4cd0fd24e66076a5f78e0711b934e809314102cd436,c9bfe48f63b2ebaaaabae357824493c15d1d1a5a58a02cfe4b2b8dafd8be732a,d53b4645a18d22385b9400e0d28f5eb68e4e33b1be46b81b267b4c53700a3b05,e34674bd68534226f9cced7096a514c55625b919bb5ec0cbb46c368964d85edd,11.180867,/tmp/buckeye_slicer_O25_4_321ot1of
s03,s0305a,O0_4,63,3,0.047619047619047616,1,1,0,0.015873015873015872,0.015873015873015872,0.0,74,3,0.04054054054054054,1,1,0,0.013513513513513514,0.013513513513513514,0.0,247.04075699999993,204.25402000000008,0.8268029230496575,225.844,37,6.103891891891892,87130029b5443647ed1f1febd32ab768bf957a0a1698217eb3cf14b2d00c6ecf,7742f46ba78ed9fa88c087d5ec69553ce3988bd974cf12b77459f3fa28b99e2d,120933,fc057384a587b3de58c785e8a502b3b90649bad03370418c4b95bce541fa4ef7,4c31947dfe0a55c89feaf89ea20695f5ea182ab02eeabe0e2ffeeb2129d453a0,0be1758b4f1a5e6916a234885c78059ed528b4afacbdc7ca5500413624e3f589,831292c0b63d878af9c1f664bb7a49dc5f4d8fabd221b50eba7909f28e46f67c,6c6b203bccc88adf6cc66f8ae56efffc4bb6aac9f6689881ffabcc0c92be29dc,11.301568,/tmp/buckeye_slicer_O0_4_9gxkay0h
s03,s0305a,O12.5_4,63,4,0.06349206349206349,2,1,1,0.031746031746031744,0.015873015873015872,0.015873015873015872,74,4,0.05405405405405406,2,1,1,0.02702702702702703,0.013513513513513514,0.013513513513513514,247.04075699999993,203.85464900000005,0.8251863031653522,225.42799999999994,37,6.092648648648647,c4a9d51af35f27f1e99f5960f01d8721e1c9a7ae761cc52d68b81ecc3366390d,7742f46ba78ed9fa88c087d5ec69553ce3988bd974cf12b77459f3fa28b99e2d,120933,e759f055dde45923aacd0f61232e004c94708cdc007932244805978383a16f02,a1f6053b461591f2bc5e351ebb3dd28cf3fc46833efd5e8d0203337eed2c730c,307a37a38eb3ad07b36303059dd6c42cb156d7a762052a36577f0fab161acf37,11a00c019d9b53c9bef2a43b61c0c9043d6bbedb5369c07b93d8b6c34291c845,dfec87b88199854c3f1de7b20b1d0d4eb034fa3c0980de44df38ce01e924b4bc,11.231057,/tmp/buckeye_slicer_O12.5_4_jk51lnyq
s03,s0305a,O0_2,63,3,0.047619047619047616,1,1,0,0.015873015873015872,0.015873015873015872,0.0,74,3,0.04054054054054054,1,1,0,0.013513513513513514,0.013513513513513514,0.0,247.04075699999993,204.26202000000006,0.8268353063701149,225.93199999999996,37,6.10627027027027,b8f9c3af61c5c18d8b52a1cdb992e5c98e154bc752c5665b52bea987b6d3c947,7742f46ba78ed9fa88c087d5ec69553ce3988bd974cf12b77459f3fa28b99e2d,241865,0819f38100cd925cc6c197e4f42a6a6d97b99d329bdec46842e8427e519096fe,9c3ca73036f28a4ef6585e543ca39c727170c953711c0bfc98ff470749b8b6e4,7ed269c431947c811f74b3b23c5f4055c5110996539d99bcb3fd6dd53135c6d8,38bea4ea2cf84be0635a6de99879d83af045ab8d98e969206ac2ba7e092bbeb2,6235f8a2dd2d9bf14822b1b7bcae4096fa69bc73a242ba6987f8633c1f7e6a17,22.290465,/tmp/buckeye_slicer_O0_2_c3v3qtqc
s03,s0305b,A_O50_8,34,6,0.17647058823529413,6,4,1,0.17647058823529413,0.11764705882352941,0.029411764705882353,42,9,0.21428571428571427,9,6,2,0.21428571428571427,0.14285714285714285,0.047619047619047616,138.288746,112.70795,0.8150189604004363,125.42399999999999,21,5.972571428571428,72ea8093df3fb11222b7291a784e2272246d6349ad6d5da63900e79412997498,7742f46ba78ed9fa88c087d5ec69553ce3988bd974cf12b77459f3fa28b99e2d,51281,e91c6e676adb02d939ffc697f815ff2c0869a2b38820f4a5745c3570f7a2613a,faf5993f34f662ea58d34e3e9e2ea6566d10ebe27c3c652dcbe8869db2afede5,55ffccc9d92890f6a0da3da8c39f9b709028a2895c1b49227bbe2bf7876f6365,def9a637636364ef0a1625e04a85a002c0c44ab474b53096b04c445e32145004,fe573deb5cbc196054a6e8ea7778eb74522adc523f578156dc95fe002aebb933,5.599937,/tmp/buckeye_slicer_A_O50_8_pwei8usz
s03,s0305b,D_O0_8,29,3,0.10344827586206896,2,2,2,0.06896551724137931,0.06896551724137931,0.06896551724137931,34,3,0.08823529411764706,2,2,2,0.058823529411764705,0.058823529411764705,0.058823529411764705,138.288746,95.45533099999996,0.6902610209510466,105.23200000000001,17,6.190117647058824,b35b56fbf50e01487bef7f59ef870fe839ea7b8d3f84afb9014d7c5503a3e4dc,7742f46ba78ed9fa88c087d5ec69553ce3988bd974cf12b77459f3fa28b99e2d,51281,9b0d99211c9a9506503960a8c17c0a59050975623d7336911db45aacf9e82c82,9500c9c97084e5b6981882e7d34c9d475642e09fdb37eb8c1f47e6e62be94ba8,46e48727da74442a7afd028254cebff22353c9348930b679ba2f137410615c8f,0b00f7af73c17fb833dd8ec93cae2d7e92bd3d93cfb3788b8e60be1ea7168677,609541b3232b56d414eb11d58bb0d946c56763e60cd2a1bb542c5860b2085170,5.097153,/tmp/buckeye_slicer_D_O0_8_1bm3qop8
s03,s0305b,O25_4,32,5,0.15625,5,2,2,0.15625,0.0625,0.0625,38,6,0.15789473684210525,6,3,3,0.15789473684210525,0.07894736842105263,0.07894736842105263,138.288746,109.18907300000004,0.7895730936774857,121.08000000000001,19,6.372631578947369,5c718a3fdc193cf92e8babe55085d9a6c49c09e1bb11c69c0d3e71192acf39c2,7742f46ba78ed9fa88c087d5ec69553ce3988bd974cf12b77459f3fa28b99e2d,102562,909413ae8240ad88b185c1c0fb562f5e0d65874d6c2d7dddbe8a951f09173344,d6bb7a3cee15b0829ea41f0aa33606d60d6e4dc910c67a450d3a5f253f02070c,ad0ae722dc84574b091d7840ec0e5339f1e4f5b9311e31619ff1220151fd0a08,8de8be0112e369b76eb489f0e69cfa4697b77375337a3740b5d26615a9107195,cc4bd52f1a53c93b6242069b94997b54efec5639c10cea8a6f7f811f6a083984,10.205742,/tmp/buckeye_slicer_O25_4_an3p7_mr
s03,s0305b,O0_4,31,4,0.12903225806451613,2,2,2,0.06451612903225806,0.06451612903225806,0.06451612903225806,36,4,0.1111111111111111,2,2,2,0.05555555555555555,0.05555555555555555,0.05555555555555555,138.288746,98.82579799999999,0.7146336983922031,109.93600000000002,18,6.107555555555557,87130029b5443647ed1f1febd32ab768bf957a0a1698217eb3cf14b2d00c6ecf,7742f46ba78ed9fa88c087d5ec69553ce3988bd974cf12b77459f3fa28b99e2d,102562,70a1ad6e5413537c14fba4f9e90ad2ab46b508fdfccf8b0263db4b399e71b85f,ab7312bedbec5f63b55ce822548f36d95a165f8d2e6d8f777cf7298211509b21,1a9ce14ab61bb9be14ba2edb66a1f57166a07cd0c3125fc498558bb6554314ae,3d68a2f5c54516f88b75b032573f5e066403678c487d41ab5246d249c2789ba9,e8f5b8b5da833551e605e40e15c237d655c05a68f117c2f60df0e3b5b7604587,10.112051,/tmp/buckeye_slicer_O0_4_x1h4r6jn
s03,s0305b,O12.5_4,32,6,0.1875,3,2,2,0.09375,0.0625,0.0625,38,7,0.18421052631578946,4,3,3,0.10526315789473684,0.07894736842105263,0.07894736842105263,138.288746,107.03409600000003,0.7739899239523079,119.06400000000001,19,6.266526315789474,c4a9d51af35f27f1e99f5960f01d8721e1c9a7ae761cc52d68b81ecc3366390d,7742f46ba78ed9fa88c087d5ec69553ce3988bd974cf12b77459f3fa28b99e2d,102562,4106a6ad7fdb39a61ac32a0aec190cd1db615ba72a2ff17f42b4bbf08482ac62,fe3b69441767f59d5d2accbad39cb6478d00d4010eca3de60156f2a03e8f47aa,053f73a0df1d187e6e63bf1183475159284aa872e25687a6426bad11a9f5d3a4,39ac60679c2ba5a07a1918f5276bb9926c16ff139b9b6cf733c5f79886a67559,205a65b3997c49be0df487ef6d86dea5a3a37ec7cef167abe884c67a97c4b0b2,10.104374,/tmp/buckeye_slicer_O12.5_4_vpaoyfa1
s03,s0305b,O0_2,32,4,0.125,1,1,1,0.03125,0.03125,0.03125,38,4,0.10526315789473684,1,1,1,0.02631578947368421,0.02631578947368421,0.02631578947368421,138.288746,104.04315299999999,0.7523616780789956,115.68799999999996,19,6.088842105263156,b8f9c3af61c5c18d8b52a1cdb992e5c98e154bc752c5665b52bea987b6d3c947,7742f46ba78ed9fa88c087d5ec69553ce3988bd974cf12b77459f3fa28b99e2d,205124,8a535e4823b9f63a05553a177469228316f6fd5f21b24f895323792bd1af1df4,17649cfc36023dfecf4a566031e67459c17159b1d7dc10526f4ffeb2344bdc3f,19e847b0a7344228218eac71cd3399c11078f0de9061cbc11b06756d4b46b685,3dbd4394e7e7e0cd8ce3c4a71c22c1effeeed6fa27af69de8efa9bc0bdaa5e30,441308b9af8d735c9a5235447832ed4853c9c10f79047392b5a466c47e5f0db8,20.294049,/tmp/buckeye_slicer_O0_2_qx7bcf43
s03,s0306a,A_O50_8,34,4,0.11764705882352941,4,1,1,0.11764705882352941,0.029411764705882353,0.029411764705882353,38,5,0.13157894736842105,5,2,2,0.13157894736842105,0.05263157894736842,0.05263157894736842,135.67482200000006,100.44733900000011,0.740353571276475,110.816,19,5.832421052631579,72ea8093df3fb11222b7291a784e2272246d6349ad6d5da63900e79412997498,7742f46ba78ed9fa88c087d5ec69553ce3988bd974cf12b77459f3fa28b99e2d,54105,b8539525157f282f6cdc5e61a64ecc5e5b9e2de85177173b2dab5cf4231c2128,8ccc6532d6a01f1361b21d49d5a053b1438db5488ccff215b32958aef0108b7b,24362752bfecb7cec29fccc29f3ffab5008f64ae8c4d83f344d8e82db16e6d0e,84c81798d25bd3298609b64ab32258f60416fb9abdb995433d16b221d4d5338f,7bc66453172bd96b837a5e61cd94ac16db3a997969a0f0f897a1eaeaf8b2db67,6.617975,/tmp/buckeye_slicer_A_O50_8_ymlo5a2g
s03,s0306a,D_O0_8,33,3,0.09090909090909091,3,1,1,0.09090909090909091,0.030303030303030304,0.030303030303030304,34,4,0.11764705882352941,4,2,2,0.11764705882352941,0.058823529411764705,0.058823529411764705,135.67482200000006,95.84084100000004,0.7064010815507095,105.01599999999993,17,6.177411764705878,b35b56fbf50e01487bef7f59ef870fe839ea7b8d3f84afb9014d7c5503a3e4dc,7742f46ba78ed9fa88c087d5ec69553ce3988bd974cf12b77459f3fa28b99e2d,54105,d01361230b8682ec51dcef2daa3bac9da9928cfe4271cf81ea41c2c548c66875,62514dca1fe56c466322ea4eaa915d925e59e8cbdcbe4461c74d342a1a142311,3ca6d3ed0fae803f2f6ee2d289eb581174b800bfd98666564fc3442c34613914,6b8dbb5625e993d744a2d83db54e45f1c6daeb41c2be19a285bfd46f0a80bbbd,cd0d01ad644eead208099efb5abbfbed2dd658ac5bed5a3ac9d4c23eaa7b8418,5.077687,/tmp/buckeye_slicer_D_O0_8_6jyuvir5
s03,s0306a,O25_4,35,3,0.08571428571428572,3,1,1,0.08571428571428572,0.02857142857142857,0.02857142857142857,38,4,0.10526315789473684,4,2,2,0.10526315789473684,0.05263157894736842,0.05263157894736842,135.67482200000006,100.34068200000006,0.7395674489994909,110.77599999999991,19,5.83031578947368,5c718a3fdc193cf92e8babe55085d9a6c49c09e1bb11c69c0d3e71192acf39c2,7742f46ba78ed9fa88c087d5ec69553ce3988bd974cf12b77459f3fa28b99e2d,108209,b9cfc8ed9534b8a9feebb00d491c36102d3ba4749c02a8540d73e424f500c23d,541ce63adfac5e0d6a74560f0e4b03d7e40ffd7fdc173af9b862bcc8dec64f06,ce5b4160efec3daa03f2cf995865b89de5bf83019e1acdcd94c022f9705a76e3,08bde2efc8f7a8d7dab3e523da1569099ff60c23b730c28daec5b8bde955a165,354eba672a1c30138d6eba742db7a798057a246f9b7daeaae6f8b7bc557e0727,10.016277,/tmp/buckeye_slicer_O25_4_v9tsqtdw
s03,s0306a,O0_4,35,2,0.05714285714285714,2,1,1,0.05714285714285714,0.02857142857142857,0.02857142857142857,38,3,0.07894736842105263,3,2,2,0.07894736842105263,0.05263157894736842,0.05263157894736842,135.67482200000006,101.86996400000005,0.7508391203196125,112.09599999999992,19,5.899789473684206,87130029b5443647ed1f1febd32ab768bf957a0a1698217eb3cf14b2d00c6ecf,7742f46ba78ed9fa88c087d5ec69553ce3988bd974cf12b77459f3fa28b99e2d,108209,933fecd7748008531dcbdc94371fe20539c220a75f058601d1b048073dd3ea3b,7972fd8233ee9db6b2dfb9bee1064495b21eabf5f420a3cfd509b45de066a4dc,d31f27e5d61a9adb4a4b98b15373f9d7f88b333ad4081f767158314d971217fc,68a1aacf606faeb6b8935c1c6317826d0a16a22445eafbe2ab7b23671bb54538,be3895f9857c820595d304f1e47171f145ab1ef3c3dba3a9735830203e64edb5,10.168166,/tmp/buckeye_slicer_O0_4_hk4tnwgf
s03,s0306a,O12.5_4,35,4,0.11428571428571428,3,2,1,0.08571428571428572,0.05714285714285714,0.02857142857142857,38,5,0.13157894736842105,4,3,2,0.10526315789473684,0.07894736842105263,0.05263157894736842,135.67482200000006,101.70968400000008,0.7496577662729496,111.56799999999996,19,5.871999999999997,c4a9d51af35f27f1e99f5960f01d8721e1c9a7ae761cc52d68b81ecc3366390d,7742f46ba78ed9fa88c087d5ec69553ce3988bd974cf12b77459f3fa28b99e2d,108209,c5bc6abe1b9706d939789a18e61df52a2d0249c14d84ac6910046c3cb22c8e17,5f44bdb44eea7cb579cc7cda7c58b36b16e5f15fd4d0e0cdbfb5db401e1c41be,303c7a0aa02001e569f6cf7ee51961938840a82b9e159f1fd835bf1c21e5041f,aba05be895fedf026fe69ca02e6da41e393aabdf3088f6e9dd4c20b18e518bfa,49b2d75d46a6e702721d01668973d6ea009700d400f165ff444b30656edce2d7,9.967335,/tmp/buckeye_slicer_O12.5_4_gdq0b766
s03,s0306a,O0_2,35,3,0.08571428571428572,2,1,1,0.05714285714285714,0.02857142857142857,0.02857142857142857,38,4,0.10526315789473684,3,2,2,0.07894736842105263,0.05263157894736842,0.05263157894736842,135.67482200000006,103.28437500000005,0.7612641275475563,114.28799999999997,19,6.0151578947368405,b8f9c3af61c5c18d8b52a1cdb992e5c98e154bc752c5665b52bea987b6d3c947,7742f46ba78ed9fa88c087d5ec69553ce3988bd974cf12b77459f3fa28b99e2d,216417,3690016c924a162801c470df549f7e27b50536a836a860aa834dc96afd8ac08b,e404fd6ae175d2297740d1f744cd12a13903b40cf9e04ab9ce10f539250dd7c4,d644636e3d68be98ce47e89536952f60f61f8f40c25f3eeeac50de02c1850bc2,e64cd5a8f61d022b858ea38b56a1aec51ede539eb3a2711b05694f98081a2d4b,4c15b90fca5de33df1b3aebb28a3f61bf343a23f9688145c36829288e1e365f8,19.988236,/tmp/buckeye_slicer_O0_2_40qxix5q
s04,s0401b,A_O50_8,76,6,0.07894736842105263,4,1,0,0.05263157894736842,0.013157894736842105,0.0,78,8,0.10256410256410256,6,2,0,0.07692307692307693,0.02564102564102564,0.0,297.30200100000025,175.26054099999982,0.589503401963311,203.49599999999998,39,5.217846153846153,72ea8093df3fb11222b7291a784e2272246d6349ad6d5da63900e79412997498,7742f46ba78ed9fa88c087d5ec69553ce3988bd974cf12b77459f3fa28b99e2d,71073,3a288a4a6f73a2abd5cfe3cf4d99c68d5eb79cf05de2289ea256f4cc4d72d57a,dbf17109b0b24f98fb9dcb8c371af7e87e27c579ce227f91fffed04006709e0f,83aba6f7466c10dded77878747993a186058623e416d81a9a92beca24d73f033,e0d77eb717ff74cc22fed68d9c537aa43f1c1e516cba3ec15e955c0b4cc88f7d,1d1d7309463c295da1de2f080afa7bd052669d499a7738c305e7d5acc4c17b1b,7.569843,/tmp/buckeye_slicer_A_O50_8_vnsqmw9z
s04,s0401b,D_O0_8,72,6,0.08333333333333333,1,0,0,0.013888888888888888,0.0,0.0,74,6,0.08108108108108109,1,0,0,0.013513513513513514,0.0,0.0,297.30200100000025,166.13421999999986,0.558806262457681,193.83199999999997,37,5.238702702702701,b35b56fbf50e01487bef7f59ef870fe839ea7b8d3f84afb9014d7c5503a3e4dc,7742f46ba78ed9fa88c087d5ec69553ce3988bd974cf12b77459f3fa28b99e2d,71073,0936955a267b013a6b282b31ba884d10a2b8bcb76593a7c30ae70060ba67519c,eec926ce9d651c20905103ee99f76b5dc28d8cdb9103477dbd7bb49bc47153da,c51f264047bf68e3f88a23edb7955f407d902ef1a1ab4f4afc0c7a675e3a625a,d38a47d246df0823af9e16ff7d8333b5de3c49511735773bdc07c2276d5212a5,d1d84c2d8b013139112c19435bcef6079a4852f5cd22021f49ebf4553547c9f7,6.996044,/tmp/buckeye_slicer_D_O0_8_v067gcdd
s04,s0401b,O25_4,76,5,0.06578947368421052,4,1,0,0.05263157894736842,0.013157894736842105,0.0,78,7,0.08974358974358974,6,2,0,0.07692307692307693,0.02564102564102564,0.0,297.30200100000025,174.78763399999988,0.5879127399482243,203.60399999999996,39,5.2206153846153835,5c718a3fdc193cf92e8babe55085d9a6c49c09e1bb11c69c0d3e71192acf39c2,7742f46ba78ed9fa88c087d5ec69553ce3988bd974cf12b77459f3fa28b99e2d,142145,f7d6dc4cc90f94b0f16226202ba6594dd94d9b7d2567d27c7a98b7864b8994e5,58a608b61919361215aa895731f6059737e0384a121e7faaca4060326bf4db73,86ab3a55db3cff56f702c029c4c9e9575863651b60811988f709cd457631405f,6c5fe13b9c26c43e461963c695a756265be5e9ea437e5a6cba2a33ecb41f3878,0b443476e7c84f9bb3e47debc584e7e6240b6551807361fe43f880713196662e,14.036197,/tmp/buckeye_slicer_O25_4_uhz9dmo5
s04,s0401b,O0_4,74,4,0.05405405405405406,2,1,0,0.02702702702702703,0.013513513513513514,0.0,76,5,0.06578947368421052,3,2,0,0.039473684210526314,0.02631578947368421,0.0,297.30200100000025,171.62390499999987,0.5772712744035642,199.82400000000004,38,5.258526315789474,87130029b5443647ed1f1febd32ab768bf957a0a1698217eb3cf14b2d00c6ecf,7742f46ba78ed9fa88c087d5ec69553ce3988bd974cf12b77459f3fa28b99e2d,142145,991ec5ac27eb4a92f0999476f9153412b235a7364dc0ac5a4dbd74bc564552de,9b380e91181a592c91f5b86b4a05661f37cbafc95d83b6a1b48cd0abe79cb506,5e0847e57a2bc55db5aeb92d66eac908a6df6e3a2e88d1c6f1903e6151dac6bd,3824533ae172cee91a80760a7981153c8e9f66bb56581ff16ffea3c07fdb0279,b6c840f084e97204d1926a84f9ed06df38fba18eb7a79a108c09f1ad72e73bbb,14.134375,/tmp/buckeye_slicer_O0_4_mnbp79_1
s04,s0401b,O12.5_4,76,6,0.07894736842105263,3,1,0,0.039473684210526314,0.013157894736842105,0.0,78,8,0.10256410256410256,5,2,0,0.0641025641025641,0.02564102564102564,0.0,297.30200100000025,174.4828079999999,0.5868874323519934,202.98000000000008,39,5.204615384615386,c4a9d51af35f27f1e99f5960f01d8721e1c9a7ae761cc52d68b81ecc3366390d,7742f46ba78ed9fa88c087d5ec69553ce3988bd974cf12b77459f3fa28b99e2d,142145,54aa701093574fc3ec5784fea59d9a27209076be98dc43fe872d8f3782752786,b2ff84d2613240de35294b5351d71f79a80d9e31677e150daa249fdd5e6b4b49,a45e59595f7eb2ccab6994fba7008159af0b33c7d9a71cd5c2df37c668a1ba0d,4d49c4a71f1456a8eefd46c93b4d504bd370e007bc90fc62a6417ffa7db18c00,5d51a3a44fce8d29acfb13dac126fb0dd1befd10b4f9317ab32410553879c0d6,14.228986,/tmp/buckeye_slicer_O12.5_4__03m9epr
s04,s0401b,O0_2,74,6,0.08108108108108109,4,1,0,0.05405405405405406,0.013513513513513514,0.0,76,8,0.10526315789473684,6,2,0,0.07894736842105263,0.02631578947368421,0.0,297.30200100000025,171.5560299999999,0.577042971197492,199.89000000000007,38,5.260263157894738,b8f9c3af61c5c18d8b52a1cdb992e5c98e154bc752c5665b52bea987b6d3c947,7742f46ba78ed9fa88c087d5ec69553ce3988bd974cf12b77459f3fa28b99e2d,284290,4c02ff947dedc02b3eaf664e73792efc656ca8a192ec6b732789315cc4c785ea,e2ebc8f88d371ba87e549876fd0192eccffd98d7eab95aaf3125b28cfa57e7e7,fa09055b44fe68ad5553ba6cc2a9307d3104cd233594d946b9d3d61575c3d4a3,238c8682dec841e1c5e9e714f606b3b7a11d918c4f883a9636fdf3f1a029521e,efefa1218b4e336cdfcd7bf295ce1b1da6edbe95cc14023ed609e885679cb9fd,28.073858,/tmp/buckeye_slicer_O0_2_r3injv6y
s04,s0402a,A_O50_8,76,12,0.15789473684210525,8,2,0,0.10526315789473684,0.02631578947368421,0.0,78,13,0.16666666666666666,9,2,0,0.11538461538461539,0.02564102564102564,0.0,267.10904999999997,160.76133399999978,0.6018565600828568,183.37599999999998,39,4.701948717948717,72ea8093df3fb11222b7291a784e2272246d6349ad6d5da63900e79412997498,7742f46ba78ed9fa88c087d5ec69553ce3988bd974cf12b77459f3fa28b99e2d,75323,60625c14003541d499a696ba1494f4de89b1bf88d4c33adb1646b780df065218,5038284ae3713b944154e74b58498d04a27958ac0bf725741374b33412336cad,dda4f2b322b8885d65c743213ebb3f6b3fafc860657a9e84ae12fa7d23a52dd0,4b3420e4ea05e3ac1c71b0c2a0ac03245f88fe5fbf0a9c53af58ae2c13126f24,38a1b9deb6ff05b8e8a73466f7d9f06c5ae98e94888707fb1510dc1f1925014c,7.323649,/tmp/buckeye_slicer_A_O50_8_lzzv4bhi
s04,s0402a,D_O0_8,70,10,0.14285714285714285,4,0,0,0.05714285714285714,0.0,0.0,72,11,0.1527777777777778,5,0,0,0.06944444444444445,0.0,0.0,267.10904999999997,147.48464999999996,0.5521514527493545,168.72799999999995,36,4.6868888888888875,b35b56fbf50e01487bef7f59ef870fe839ea7b8d3f84afb9014d7c5503a3e4dc,7742f46ba78ed9fa88c087d5ec69553ce3988bd974cf12b77459f3fa28b99e2d,75323,974f09ecce0895aa4a6ada9870d93842400b140fdcee28ee48652d4fd5cd1ad6,965db0d3dcd9d7928282d28429b30ec39920fd2ee3fb3b1269025b6fc745add1,3a40f596642d3d972613dc1f6b9ef435b268ad233c3ddb5b1776bf2485d05180,8a89f944a410344184f5247c3af076b9cff2539ea9dcd0f9cf8fcf476084191c,ea6f30abb59f638630fd1ce1971abcb8041337ffd1a7489a83247d2e4a2afe02,7.028214,/tmp/buckeye_slicer_D_O0_8_khojlisi
s04,s0402a,O25_4,76,11,0.14473684210526316,7,1,0,0.09210526315789473,0.013157894736842105,0.0,78,12,0.15384615384615385,8,1,0,0.10256410256410256,0.01282051282051282,0.0,267.10904999999997,160.5983339999998,0.6012463224289848,183.15599999999995,39,4.696307692307691,5c718a3fdc193cf92e8babe55085d9a6c49c09e1bb11c69c0d3e71192acf39c2,7742f46ba78ed9fa88c087d5ec69553ce3988bd974cf12b77459f3fa28b99e2d,150646,811b911bff3430295ecd966f9847d99054635d321af15f98c46d0994efa5bde4,38af0eebacc3347b453ce8a3b1c6ffaf0ec1791fbb6fb6e609e616a53470351e,b754e1c3a0b9f722aa6fb25d445e4bdc1d81353a0d0399a4deb9d9197a9686af,bcc6116c17bdaa630d2b086ba8947387948a8b2691819a3bc699b4d6190d44c9,35cc8862a07c2d72552847ead7c66c5409f6df51c3007aa057c5f65e5ae8792d,14.023344,/tmp/buckeye_slicer_O25_4_lbrtueou
s04,s0402a,O0_4,70,10,0.14285714285714285,6,0,0,0.08571428571428572,0.0,0.0,72,11,0.1527777777777778,7,0,0,0.09722222222222222,0.0,0.0,267.10904999999997,147.44864999999996,0.5520166763350024,168.84799999999996,36,4.690222222222221,87130029b5443647ed1f1febd32ab768bf957a0a1698217eb3cf14b2d00c6ecf,7742f46ba78ed9fa88c087d5ec69553ce3988bd974cf12b77459f3fa28b99e2d,150646,58adfead45e5307b2aa94847192417f7aad61ee8898b5532d8defd002ab03f68,aa635bffe7b58a163440e1d5cc591f1020d874b778b3f617efbbf7c7ee9dabc6,88e81803a6b4da0e03e94d54cf717e6b59463b11910a7059f6a5e63a2008cbf4,b58fcbd3e7b3f734df73ba40ce8a81eb40fcfe1bd48978d5d99d5907b2cda9ed,2df0ffaf0a03143436fa27b427bfd2f5001a712d1ea420f57d1ee27d7628823a,13.995634,/tmp/buckeye_slicer_O0_4_qu4t0y_6
s04,s0402a,O12.5_4,74,10,0.13513513513513514,6,0,0,0.08108108108108109,0.0,0.0,76,11,0.14473684210526316,7,0,0,0.09210526315789473,0.0,0.0,267.10904999999997,155.60166699999976,0.5825398540408863,177.5119999999997,38,4.671368421052623,c4a9d51af35f27f1e99f5960f01d8721e1c9a7ae761cc52d68b81ecc3366390d,7742f46ba78ed9fa88c087d5ec69553ce3988bd974cf12b77459f3fa28b99e2d,150646,ed58ccc1cc5237bfe4d6b3e43901c6415a075e1e45ddb8fcd1848801f0714533,a976459ecfc4e5237723aeeac113af0b08a15c170b85b85b27265957ffa7743e,63a93d484e3f463b65e9d409f44f0690de2231a01c5b9dee8eecd3d303946c2e,5fb3de0007b8dd15d5470391d3387d6f6ecf20c471faa34a03d8dab2e5c28291,932cb3af1717c28a386df66deb06501c19ce2f515205230b5dd4c211784443c9,14.042675,/tmp/buckeye_slicer_O12.5_4_xlpz1ycm
s04,s0402a,O0_2,70,10,0.14285714285714285,5,0,0,0.07142857142857142,0.0,0.0,72,11,0.1527777777777778,6,0,0,0.08333333333333333,0.0,0.0,267.10904999999997,147.45864999999992,0.5520541142278779,168.94399999999996,36,4.692888888888888,b8f9c3af61c5c18d8b52a1cdb992e5c98e154bc752c5665b52bea987b6d3c947,7742f46ba78ed9fa88c087d5ec69553ce3988bd974cf12b77459f3fa28b99e2d,301291,98883bda3d5428a5b5d9f04ecb8ab654ac0223de0d1c1c74c2dcd7a501c74661,5bc005b3bd3f78c843476a2b69049dadc57a395b8e68c65d8a0e6915cc1318bd,8ae7be1e8affddc278d5914cf94cdd489642b2e54ecd4d85a3d7977db15aa38f,667ef4f68f0560ce140d8366a8d2788fb4142e32bc826529fdf40d1f80c90263,89045dbc1094fb351bb7a94856627787814a8b2c44a294ee652a3f72ab393ab5,27.929699,/tmp/buckeye_slicer_O0_2_o726d7m_
s04,s0402b,A_O50_8,70,7,0.1,4,0,0,0.05714285714285714,0.0,0.0,72,8,0.1111111111111111,4,0,0,0.05555555555555555,0.0,0.0,265.910721,180.7803320000001,0.6798534911271971,209.8959999999999,36,5.830444444444442,72ea8093df3fb11222b7291a784e2272246d6349ad6d5da63900e79412997498,7742f46ba78ed9fa88c087d5ec69553ce3988bd974cf12b77459f3fa28b99e2d,71152,9c6af596c2cb7670a365616ad97d1bf4a5886606090b60e7945757a123914c47,ad4333a2e79f54b9031eb1a18a030e74d1f2541d4f84877c78545024ebe1c8cf,d49e2c1833aaa81f79327130b2e9a3a6cf1f4c1c863887871af3047d77786ed3,946a636f6b0eb984a158f3ca26f76648ae29701edd56a3a704a5d7837ca83d49,7138f9eb42a17019be1ce5513179263a13d53b3fb2931b6102b8dd29deebffc4,7.342038,/tmp/buckeye_slicer_A_O50_8_rzatk73w
s04,s0402b,D_O0_8,67,3,0.04477611940298507,2,1,1,0.029850746268656716,0.014925373134328358,0.014925373134328358,70,3,0.04285714285714286,2,1,1,0.02857142857142857,0.014285714285714285,0.014285714285714285,265.910721,176.03752800000007,0.6620174144840142,205.34400000000025,35,5.866971428571436,b35b56fbf50e01487bef7f59ef870fe839ea7b8d3f84afb9014d7c5503a3e4dc,7742f46ba78ed9fa88c087d5ec69553ce3988bd974cf12b77459f3fa28b99e2d,71152,3eb5e54e465cc7fdf7c73f9bc772a165fa4821efb5b673f51bcd5b5f306f29e3,c1b0034c3b81d8fe40433d660fa5fb16f7337c759d4543671ec806420af8fbdf,f0d7c5d860aaea29c60081f9371bded60d22e5568d5d9f06a0dc7d8f55e4208b,670e97ccb1d59b59aebdfa16c7ca2b2094db7bacc7a1077bfcb23351a4b02ad7,e1516a1e9ffb618a1f8b0a596adaeb704ebfd927d9a46e8de55561da4d893805,7.016869,/tmp/buckeye_slicer_D_O0_8_lrm4dt64
s04,s0402b,O25_4,71,5,0.07042253521126761,3,1,1,0.04225352112676056,0.014084507042253521,0.014084507042253521,74,5,0.06756756756756757,3,1,1,0.04054054054054054,0.013513513513513514,0.013513513513513514,265.910721,188.34912800000006,0.7083171648427069,218.96000000000018,37,5.917837837837842,5c718a3fdc193cf92e8babe55085d9a6c49c09e1bb11c69c0d3e71192acf39c2,7742f46ba78ed9fa88c087d5ec69553ce3988bd974cf12b77459f3fa28b99e2d,142303,a74d6892636f2df37d1075d81058fe3fce35cd7fe6dac08234c24e94a8d78499,31099380b9e503d6d610b8cb36c810541afb242df7f2124cb8bb516b86b1e2b6,3b95e9a5461ada196563e595ae8633753f17649451b7ae25d7d23115eb9990d9,e90f7194ef7cfb398afff55ea4732f2a4d635c71ebbdd6d55d22df7dced9ce9f,f7004236447c12a28215ec58d34de05ec3a90bce158787d851ea47580ca81a9b,13.928803,/tmp/buckeye_slicer_O25_4_06wy7n50
s04,s0402b,O0_4,71,4,0.056338028169014086,3,1,1,0.04225352112676056,0.014084507042253521,0.014084507042253521,74,4,0.05405405405405406,3,1,1,0.04054054054054054,0.013513513513513514,0.013513513513513514,265.910721,187.43503700000008,0.7048795787365041,218.11600000000024,37,5.895027027027034,87130029b5443647ed1f1febd32ab768bf957a0a1698217eb3cf14b2d00c6ecf,7742f46ba78ed9fa88c087d5ec69553ce3988bd974cf12b77459f3fa28b99e2d,142303,1ffc1903365fa9708b4c92d4f7e2f0c389d0e9946598d13732317062fcfe3e4c,431e63684e0a9798614aeaba527d45c49e5b2351f4f13fe664316fd619a7dd68,1073a9d9a2c4602a8c0fe5727efad3c98c0f9ea2e2da3ecd56b5930cfa5114b2,d3a8d413011916ac4ac6241ec44415d8c433ce94f1f4e6a8123f6575fa8f863e,cb7ee18cb775b3160c5b1ab87983c9a422cca38d02b82abb3e0c895ca9fa6c52,14.234637,/tmp/buckeye_slicer_O0_4_pucaicbm
s04,s0402b,O12.5_4,71,5,0.07042253521126761,3,1,1,0.04225352112676056,0.014084507042253521,0.014084507042253521,74,5,0.06756756756756757,3,1,1,0.04054054054054054,0.013513513513513514,0.013513513513513514,265.910721,187.45033100000006,0.7049370942813549,217.90800000000004,37,5.889405405405407,c4a9d51af35f27f1e99f5960f01d8721e1c9a7ae761cc52d68b81ecc3366390d,7742f46ba78ed9fa88c087d5ec69553ce3988bd974cf12b77459f3fa28b99e2d,142303,7ae2936bdb7b4998d83008249cacc8b8fc606e171ab48ad902888d234dc39ae3,245d4ea6e7cd73e6aa7a59995d0edaf5d7f409afced046a81af62785aadbb05b,0315a5d0bf1ae89a43ab06b06b052f2d66a690892d756f99c853ace7d86e5f82,5e6f94f1e615967acde65d70416b7867b504fb767263958308c837a5f3e1a471,855a86bedd6767d1b9b9ddff4335502b47ba7a42089f4bf9118b488c7d721a21,14.10069,/tmp/buckeye_slicer_O12.5_4_3f4x1fvx
s04,s0402b,O0_2,71,6,0.08450704225352113,3,1,1,0.04225352112676056,0.014084507042253521,0.014084507042253521,74,6,0.08108108108108109,3,1,1,0.04054054054054054,0.013513513513513514,0.013513513513513514,265.910721,186.62569100000007,0.7018359030360422,217.21,37,5.87054054054054,b8f9c3af61c5c18d8b52a1cdb992e5c98e154bc752c5665b52bea987b6d3c947,7742f46ba78ed9fa88c087d5ec69553ce3988bd974cf12b77459f3fa28b99e2d,284605,e05e7c361db003b65173396a81071f08405e6031766bb2162c68ba9a024a2057,36a7393021ac291412e78923119f8227c32d5662556cd67b516283cc40859b03,232acc3e48f6913ee5127dd35c47f61d7d7b82def5d40bcd60af0f11dfa00aeb,660ca140228cedc3ad1df96e86ba818be0db4b6094bc4173972a72a6772e0588,e26dbf03c86c33e8c80cde2ad247c665c7cfea2b4d18e1658dc9ed899e2d80b1,28.075528,/tmp/buckeye_slicer_O0_2_3ippad2c
s04,s0403a,A_O50_8,82,10,0.12195121951219512,4,1,0,0.04878048780487805,0.012195121951219513,0.0,84,11,0.13095238095238096,4,1,0,0.047619047619047616,0.011904761904761904,0.0,278.21848800000015,181.64005700000007,0.6528683924125127,207.60000000000008,42,4.942857142857145,72ea8093df3fb11222b7291a784e2272246d6349ad6d5da63900e79412997498,7742f46ba78ed9fa88c087d5ec69553ce3988bd974cf12b77459f3fa28b99e2d,75231,003026da8901a7a9fd55a2bbde9f3d8b269ea497930c92dfe05aa548c9c2f5d8,f039fd94ad46858b7b382b662d0dfa8be98ae6f0e4d70e0ff8cea2b52041efba,4eb0f7f0cea9cfb99297fb9782d86951fa55fe8dd39ec57d6f5561aab07cd42f,8b12bde56bd06032d194070c701ceceb2c4208b5b9f582fae3b36ccbc0a39c99,1cefe801f5ab98d168ba94280763f39a8602b1a7c3cc156d5ad83eb55e63e7fb,7.479913,/tmp/buckeye_slicer_A_O50_8_hxwskr34
s04,s0403a,D_O0_8,82,8,0.0975609756097561,3,1,0,0.036585365853658534,0.012195121951219513,0.0,84,8,0.09523809523809523,3,1,0,0.03571428571428571,0.011904761904761904,0.0,278.21848800000015,180.46618500000005,0.6486491472845614,207.00800000000007,42,4.928761904761906,b35b56fbf50e01487bef7f59ef870fe839ea7b8d3f84afb9014d7c5503a3e4dc,7742f46ba78ed9fa88c087d5ec69553ce3988bd974cf12b77459f3fa28b99e2d,75231,1e9d6a0ecc556be7cd9ec33ff996ae1cc9b0ee21ac46e6d03d611bad8b6d54fb,2a0fdb1a1f635dc7c9bfd15b43dd6781715da4beaa46fbae7b7b2538679c6cbc,904f29a5773cd5fce7af61e893d7fc622e176582ab8461a00bddcf9a411027d9,925d869b9d63d15cc113cfc2299a6316807033207ed61cb7313dc2770e1cc02b,7cf1a039bfb52b84bde3653c3cffe9bfaa26909d2ace785447c4b6dddf004cc4,7.033977,/tmp/buckeye_slicer_D_O0_8_mdf_hxjg
s04,s0403a,O25_4,83,7,0.08433734939759036,6,1,0,0.07228915662650602,0.012048192771084338,0.0,86,8,0.09302325581395349,7,1,0,0.08139534883720931,0.011627906976744186,0.0,278.21848800000015,183.80818500000012,0.6606612893389027,210.6400000000001,43,4.898604651162793,5c718a3fdc193cf92e8babe55085d9a6c49c09e1bb11c69c0d3e71192acf39c2,7742f46ba78ed9fa88c087d5ec69553ce3988bd974cf12b77459f3fa28b99e2d,150461,e53c30b6e6e2c0b732cf03097e5013d9ec24252a079b0cc37c3dc6d9174dfc47,6b8b7fd3b68c8b0857aa7fb51ccc1045ff1b610e6a1fb7fc2d1a0bf6de39412c,c60bb8c6cd7377c04d6ba2edd9ea4325491ad29f43e03681d5ac15e1d972293a,a0ef2e746f7fd33f1aeb230fb6ac743fb8f8388fe3150a0bf828055239f63678,a6f09446f6ac3739462700da0163d710876faa99793a958cae019f23c8b53130,13.937025,/tmp/buckeye_slicer_O25_4_4kperi84
s04,s0403a,O0_4,82,7,0.08536585365853659,2,1,0,0.024390243902439025,0.012195121951219513,0.0,84,7,0.08333333333333333,2,1,0,0.023809523809523808,0.011904761904761904,0.0,278.21848800000015,180.49618500000005,0.6487569762078499,206.97200000000024,42,4.927904761904768,87130029b5443647ed1f1febd32ab768bf957a0a1698217eb3cf14b2d00c6ecf,7742f46ba78ed9fa88c087d5ec69553ce3988bd974cf12b77459f3fa28b99e2d,150461,a78615cea0b7a78b307f5954defca252224cff7f72a2e37b24cb5c2cfda387f8,0d0a8af3e6107f60d35e2ab7892122a789ee03105e1d1f855d813443e2d7e663,6821e573853c08bdc5252373f823435ca42b84ac130fa59c4c776de4f3c21fff,754b3a40b59ee323cfb6c1b356a3e64a1f973e88ac1cabb0962504be73cab43a,fcc826ab80cd0c78aabcf53e403edfcc6a0567e502302790e4a98c1a7d687412,13.904085,/tmp/buckeye_slicer_O0_4_hms2ty27
s04,s0403a,O12.5_4,82,7,0.08536585365853659,3,0,0,0.036585365853658534,0.0,0.0,84,7,0.08333333333333333,3,0,0,0.03571428571428571,0.0,0.0,278.21848800000015,181.50705700000006,0.6523903508526003,207.9879999999999,42,4.952095238095235,c4a9d51af35f27f1e99f5960f01d8721e1c9a7ae761cc52d68b81ecc3366390d,7742f46ba78ed9fa88c087d5ec69553ce3988bd974cf12b77459f3fa28b99e2d,150461,60742ab458cde7b37b7616dc4d1e0f6b29baba10e5cf8ad4617a851e143f3081,9fb3a22afbf7045b7f97cf567332d9a75e98d7d02c44d67f55629f0928b3059f,96d717592da2e8362e64480a3581ba960bf9bde40c645b7393453f1307de25a5,22694cd1585e6700ec3a59aa27b21a404ee5ea8b071fa801f36b4f9ec5773e90,ce2d0c2d6e4df96ad18783dd52264266e4f74238624c5ff98246372ea43b0096,14.00378,/tmp/buckeye_slicer_O12.5_4_i2s5plu2
s04,s0403a,O0_2,82,6,0.07317073170731707,2,0,0,0.024390243902439025,0.0,0.0,84,6,0.07142857142857142,2,0,0,0.023809523809523808,0.0,0.0,278.21848800000015,180.527185,0.6488683994285811,207.18799999999987,42,4.933047619047616,b8f9c3af61c5c18d8b52a1cdb992e5c98e154bc752c5665b52bea987b6d3c947,7742f46ba78ed9fa88c087d5ec69553ce3988bd974cf12b77459f3fa28b99e2d,300922,65834a9799715c98894b587ad06076cb93b372a419f7e78ba86d010857710dde,85bdff43037a6afaa4d3bbbedad07eec94eaefb305fc6ed513e743342f9af1b3,68d02dab03a4f7dbfa02ee77ba0a048fd8705734b77ecab6cc0269b14ab7ed44,5a91fb212db1b8d6d7bc0603beb47ebbf44e00eab74ee141ed439ee12528e313,596a802eb5fb2fcf42a987ff5d19dae48c342257919fb7245699689e00ad781a,27.88912,/tmp/buckeye_slicer_O0_2_slcnrqwl
s04,s0403b,A_O50_8,71,13,0.18309859154929578,8,2,0,0.11267605633802817,0.028169014084507043,0.0,74,14,0.1891891891891892,9,3,0,0.12162162162162163,0.04054054054054054,0.0,247.76005400000017,147.90123600000015,0.5969535185845578,172.072,37,4.650594594594595,72ea8093df3fb11222b7291a784e2272246d6349ad6d5da63900e79412997498,7742f46ba78ed9fa88c087d5ec69553ce3988bd974cf12b77459f3fa28b99e2d,67202,18e83db2407026af35ca9002e1086b2e504bdc088187f68d93cde232dd79e9ca,ea62b5356ee08986eca7ff8e55d5e30342d5393df320707d9dee6d1788d0c5dc,3a4b00efc899419ce2c697823f1b4b3fefa026932160e9d3387b4a8a30535a51,6ead6efd6c0ea93298d65bbcab83b511ed2998c2518a3ad6699a5a0ece2dce97,01f22c3ef67bd7abfa8c3b2049be25b6d24741daec3a2c3b6b8ee17c65f847f9,6.963533,/tmp/buckeye_slicer_A_O50_8_hzsi_xw9
s04,s0403b,D_O0_8,74,14,0.1891891891891892,5,1,0,0.06756756756756757,0.013513513513513514,0.0,78,15,0.19230769230769232,5,1,0,0.0641025641025641,0.01282051282051282,0.0,247.76005400000017,152.20448600000012,0.6143221376598506,178.0,39,4.564102564102564,b35b56fbf50e01487bef7f59ef870fe839ea7b8d3f84afb9014d7c5503a3e4dc,7742f46ba78ed9fa88c087d5ec69553ce3988bd974cf12b77459f3fa28b99e2d,67202,1ea1648ca72afa5a25677c9cff573463283d17e484b1891b5013fba0e91d869e,67d6686e161fed2d92639ba1a7cc53bc1fcfdbca71aacba5f0d29e8baf7d168c,30b5f6f0dd1b5e833bd686034c457f23da4c61a22de65bc97ec30a73041c41a4,c935c8cc7ec1d9d64e793fcd7a824a28aeaed820725403bfb4184ead1a394975,2dbe1781700a29de891d4572eca63185471cac254235b6614524bd1eae1a31a1,6.608926,/tmp/buckeye_slicer_D_O0_8_g6e2lhfw
s04,s0403b,O25_4,71,11,0.15492957746478872,4,0,0,0.056338028169014086,0.0,0.0,74,12,0.16216216216216217,5,0,0,0.06756756756756757,0.0,0.0,247.76005400000017,147.9284480000002,0.5970633506561962,172.94400000000005,37,4.674162162162164,5c718a3fdc193cf92e8babe55085d9a6c49c09e1bb11c69c0d3e71192acf39c2,7742f46ba78ed9fa88c087d5ec69553ce3988bd974cf12b77459f3fa28b99e2d,134403,edcce757928d95bce3a0af3cb9bdf471ab969268c8f784aed168e16722b5d8ff,0a3e0721f92516b2d7cf79b12eba7dab4842a220795601ab7bf7ee015cc7c9e5,eec709ffd9b600994d8cb5cbe4e177ce0ad689289cb52e53699567821648cf2c,f02972fa665372dad5b5b5d068dd5daf07c2b01a3749cbb3b2754b15fe7987ea,553d1d175ce43bc4f1fc073c1c1e30d3c8b64739d1a1ac41364f74e9ea9728a1,13.298561,/tmp/buckeye_slicer_O25_4_8a4wr81a
s04,s0403b,O0_4,74,13,0.17567567567567569,7,1,0,0.0945945945945946,0.013513513513513514,0.0,78,14,0.1794871794871795,8,1,0,0.10256410256410256,0.01282051282051282,0.0,247.76005400000017,152.19123600000015,0.6142686584981131,178.04799999999992,39,4.5653333333333315,87130029b5443647ed1f1febd32ab768bf957a0a1698217eb3cf14b2d00c6ecf,7742f46ba78ed9fa88c087d5ec69553ce3988bd974cf12b77459f3fa28b99e2d,134403,29858bebc36a9a1149517c295affa101a73764989c4b156078fc78661856dacd,3fd720185d25ede84b60b0e3bcf22ce132454a234768c6627f93b6a346aa7aec,fc31e67874a2962d2cc219b055dcbd5e3bdc01971fdbe537c4d9e0a5447a7bf7,94dba8edb0a4be6ad8f778872329ed2d075ddf5f0017ab4ebd5150f570cf1ea7,30869a00970d4fe7b11224b0f04fbcd8db44ba164d6e85ce673a289548766913,13.30499,/tmp/buckeye_slicer_O0_4_99g3ogmz
s04,s0403b,O12.5_4,73,13,0.1780821917808219,7,0,0,0.0958904109589041,0.0,0.0,76,14,0.18421052631578946,8,0,0,0.10526315789473684,0.0,0.0,247.76005400000017,150.49923600000005,0.6074394704482908,175.80800000000002,38,4.626526315789474,c4a9d51af35f27f1e99f5960f01d8721e1c9a7ae761cc52d68b81ecc3366390d,7742f46ba78ed9fa88c087d5ec69553ce3988bd974cf12b77459f3fa28b99e2d,134403,977c66a630654f1738cde477af0f4a54990c82c7874419c99a4a93aeaeab0f52,493c6020e4c93137db445216c8c30886489867371e39a7544e0cd87a256a58e7,32e8bdc159075a25fd08ad3f40ab1df2d973c381492e4da76d244e9576e12163,f880399363467d805014f286c822f3adb9b0a804333383dc79249dc1f92e085f,90cae9cfbd098feb9fb6c770145ae365b967ffc0dd44cad6edaa27d21f07c89e,13.301456,/tmp/buckeye_slicer_O12.5_4_xjov86ue
s04,s0403b,O0_2,74,11,0.14864864864864866,6,1,0,0.08108108108108109,0.013513513513513514,0.0,78,12,0.15384615384615385,7,1,0,0.08974358974358974,0.01282051282051282,0.0,247.76005400000017,152.19873600000014,0.614298929721738,178.25399999999988,39,4.570615384615381,b8f9c3af61c5c18d8b52a1cdb992e5c98e154bc752c5665b52bea987b6d3c947,7742f46ba78ed9fa88c087d5ec69553ce3988bd974cf12b77459f3fa28b99e2d,268805,158f0708d7c27979419c8216a9ac0e79e2fe89a1166091210359a18f209f04e1,150f94dd61c0e3aeda03a2b3bfa437e71a63cf6957ce823a588d54e2a04780eb,fe39d738d5d8efb401fd9791ecfe85e88eca7868e4062a913c0245975023e4b2,fc4acf1e75bb303ddbd859f70be83337fbf87bc2e836a87a4e4ddd3cf75e699f,b8a19d5da8dc4fea51c87a6514107d54b644aed486966e34e2539d61fc7bd3fe,26.540263,/tmp/buckeye_slicer_O0_2_13e1n4jg
s05,s0501a,A_O50_8,66,4,0.06060606060606061,2,0,0,0.030303030303030304,0.0,0.0,68,4,0.058823529411764705,2,0,0,0.029411764705882353,0.0,0.0,249.91086399999998,150.28191399999992,0.6013420609037626,172.83999999999972,34,5.083529411764697,72ea8093df3fb11222b7291a784e2272246d6349ad6d5da63900e79412997498,7742f46ba78ed9fa88c087d5ec69553ce3988bd974cf12b77459f3fa28b99e2d,76716,af2ce64debdb09338d0c7d141047094c0a583c53c84db29267fefa246457a10e,5c412377da3dfe0ac4f7c3da8c85e2f0946f465fc9d7f250ffbec5a3468eea6e,a4eeed118fd44d51753d842cc9558fcd4ed3368828a6c54b55110db072f2a2fa,b123cce6a6d134ee4e6d9ed98d75b8ea59988ee20de09c665f3f6828a55403d9,e3ef52c20cef80d46472821f4db9a679113b49e65f250b06b6ee77d685964a25,7.493827,/tmp/buckeye_slicer_A_O50_8_hriyem2w
s05,s0501a,D_O0_8,57,3,0.05263157894736842,2,1,0,0.03508771929824561,0.017543859649122806,0.0,58,3,0.05172413793103448,2,1,0,0.034482758620689655,0.017241379310344827,0.0,249.91086399999998,127.96057699999992,0.51202486739432,148.67999999999998,29,5.126896551724137,b35b56fbf50e01487bef7f59ef870fe839ea7b8d3f84afb9014d7c5503a3e4dc,7742f46ba78ed9fa88c087d5ec69553ce3988bd974cf12b77459f3fa28b99e2d,76716,7d682324af30cff8b0d28fecd7b88ec709e8067f216ca547bf5e2b4289a96acf,d59a9a1a63a54a3d7f2e74ec18ffcf24436465e26ebbcf8d06ca1c6778590dac,e169f6533392fa29aaa2172201a95ecbd30cef8bc9ea348f7181dfd589335023,f8dcafd3fe89e90a9c313cc3d761af595a897c4fc609878843809c30e2915a75,d48b45ac0a8825480327cb32a43e9212b1c13fbdf0275bd5ccea8a12c671d0e4,7.146143,/tmp/buckeye_slicer_D_O0_8_02vepbw_
s05,s0501a,O25_4,65,2,0.03076923076923077,1,0,0,0.015384615384615385,0.0,0.0,66,2,0.030303030303030304,1,0,0,0.015151515151515152,0.0,0.0,249.91086399999998,147.695043,0.5909908862545488,170.2519999999999,33,5.159151515151512,5c718a3fdc193cf92e8babe55085d9a6c49c09e1bb11c69c0d3e71192acf39c2,7742f46ba78ed9fa88c087d5ec69553ce3988bd974cf12b77459f3fa28b99e2d,153432,8bdcd91abf1a8b3854ffdb0459995f335aa28b047b17f171a9e59643286dcf62,6a7d4c75bfe0565c2e2805c06005513c82d73218360a99c44569096aa2f9368f,e54ccf40314cb85d2728bafb652b14478262a2e9a75e2f08690606f0f92c7e7b,f274c97058df6072d4042a495b6b00d8e14959685ab9751c045d18252690013a,c97861ad35cdaf9ec35f6f6785164ada0fa62136d04e39acb7890465a9ea18da,14.259504,/tmp/buckeye_slicer_O25_4_9fd334vk
s05,s0501a,O0_4,57,2,0.03508771929824561,1,0,0,0.017543859649122806,0.0,0.0,58,2,0.034482758620689655,1,0,0,0.017241379310344827,0.0,0.0,249.91086399999998,130.08081999999993,0.5205088643125172,151.08400000000003,29,5.209793103448277,87130029b5443647ed1f1febd32ab768bf957a0a1698217eb3cf14b2d00c6ecf,7742f46ba78ed9fa88c087d5ec69553ce3988bd974cf12b77459f3fa28b99e2d,153432,8c08e7ec52e348550fa2b47a7b4f3793130738c0d5348c1b622f178f54994db9,cb4f8046adf5a476b3519cb81c343828d4f23479e068aec2114910ab983e8597,0a3409238f0bf55552ae78c484547e9db6966e03731b97fe341d0f9dfc2f7e2a,66218e4fec58ceee275affee704779674a0c863d3cfd0a3a84d57a2e2ea05713,d2ca83b3e7a0cce75e8f5639d79584dd33fb5570817dde40b691d3e610b9d929,14.264447,/tmp/buckeye_slicer_O0_4_c0gwc5kk
s05,s0501a,O12.5_4,65,2,0.03076923076923077,1,0,0,0.015384615384615385,0.0,0.0,66,2,0.030303030303030304,1,0,0,0.015151515151515152,0.0,0.0,249.91086399999998,147.70704300000006,0.5910389033747652,170.43599999999998,33,5.164727272727272,c4a9d51af35f27f1e99f5960f01d8721e1c9a7ae761cc52d68b81ecc3366390d,7742f46ba78ed9fa88c087d5ec69553ce3988bd974cf12b77459f3fa28b99e2d,153432,54f2c67159bac1fdf76c3e8ba98210ef37b1eb3853e745bbcced9e9e3e0c68d1,931eff65309aa60993df5c4a6c8219cf5fa82a948c42b39304ed7be9459139dd,f4aa95606bc4c7f3a1be6cb2eb3bbeac5b5fac6f6be22e7e726be8c3676c97cb,bd899fe36e1d698472509ac9e5487f9723e55f83cf79e7914091fc9104a53a17,8a88de79315ef1399450bd96a6c7814b5bfbfd45368fbd265ccfdf4927af9f8f,14.273215,/tmp/buckeye_slicer_O12.5_4_0oav734j
s05,s0501a,O0_2,57,2,0.03508771929824561,1,0,0,0.017543859649122806,0.0,0.0,58,2,0.034482758620689655,1,0,0,0.017241379310344827,0.0,0.0,249.91086399999998,130.0848199999999,0.5205248700192557,151.14400000000023,29,5.211862068965525,b8f9c3af61c5c18d8b52a1cdb992e5c98e154bc752c5665b52bea987b6d3c947,7742f46ba78ed9fa88c087d5ec69553ce3988bd974cf12b77459f3fa28b99e2d,306864,5ac86f9674e81727adb7b4b56c15da84b884148d3068b9fb090325b49112836a,176a5e0235d9a70d1246c1a52143031e8a1cf1b27a7e0f47ecb793f581794412,db0532af674579cacd9dc3a2bd24b24579ebe94e662ab449ed28636981549d9d,33c73dcdd28eeb54d16edbaf3b6509996efa7ed7c0ccb745911662459292a5b7,71fe0a716a25628d28fec5bbeadd3baa510278d053035088c88830b13a94dce5,28.557787,/tmp/buckeye_slicer_O0_2_91g9gp2r
s05,s0503a,A_O50_8,68,4,0.058823529411764705,3,0,0,0.04411764705882353,0.0,0.0,68,4,0.058823529411764705,3,0,0,0.04411764705882353,0.0,0.0,226.58320099999995,127.03871599999995,0.5606713800463962,146.16799999999986,34,4.299058823529408,72ea8093df3fb11222b7291a784e2272246d6349ad6d5da63900e79412997498,7742f46ba78ed9fa88c087d5ec69553ce3988bd974cf12b77459f3fa28b99e2d,75075,e4c395f41a926cb7891b6c3440cef6848868037cc491ff3d434db4888520d1bd,778f4bf74a41f69aa413579547f51cde26ac16b79d639314e09db301b100670f,d465259730179749629749a74c6a83a5f9e5c92d6efc361e4a7de5100f0dc0b4,430c3073a5bb2d2e7abbcca814ce774bcd8e898c8cd4e7ae3761c2e9695f627d,4e6c4dc4c63340246827b1e39de1ec8b759330853f721c78cdcc4ded0ddf8886,8.065008,/tmp/buckeye_slicer_A_O50_8_eb1uv4s2
s05,s0503a,D_O0_8,62,4,0.06451612903225806,3,1,0,0.04838709677419355,0.016129032258064516,0.0,62,4,0.06451612903225806,3,1,0,0.04838709677419355,0.016129032258064516,0.0,226.58320099999995,115.92293999999991,0.5116131270473133,133.52000000000004,31,4.30709677419355,b35b56fbf50e01487bef7f59ef870fe839ea7b8d3f84afb9014d7c5503a3e4dc,7742f46ba78ed9fa88c087d5ec69553ce3988bd974cf12b77459f3fa28b99e2d,75075,a2f6cc0d12e43172b2de227e90fcd9beb2c8fd417c82bfdc451aa3326b005706,3aa9c0bc88b3b17b2b1e2482d21c22075220a1118fdb38d6420cd9a32243eb9e,66adfbe79509ee8d2bd6ee70a856c96afcab49632e332ed8a97356b127e55b78,b08ff2a3ae57247b43219e0ffbceec6bbcf8abc525687aba8120fe39aa7f7272,dce5de05e0f280ecfdae0a75c18d5a82b3498d5a5adf3d70aadceca08e02bb17,7.410041,/tmp/buckeye_slicer_D_O0_8__l68hlq2
s05,s0503a,O25_4,64,3,0.046875,2,0,0,0.03125,0.0,0.0,64,3,0.046875,2,0,0,0.03125,0.0,0.0,226.58320099999995,119.37351099999995,0.5268418420834295,137.20400000000018,32,4.287625000000006,5c718a3fdc193cf92e8babe55085d9a6c49c09e1bb11c69c0d3e71192acf39c2,7742f46ba78ed9fa88c087d5ec69553ce3988bd974cf12b77459f3fa28b99e2d,150149,acdae062a36cee4180abc5a7a7e53c3f5f076b7b1a03f0c02743b2d7af09cba5,b52ad4d1fa7db6a47c892a9f2b36c6bc0ba68d7801c3f868d83a597888eca83b,28e9c422a0256c5f120f98f9e263e837bae33a1d4ada4ebe10e9f458e2730d0f,5932fd37b1c69da61d770fb1d1e8e5a73c36ecedd44d8c9f619a6bdf46be8cda,0c3c322025b59e21d107fddd6021ec08cb1207b2829731587985a53748d2d51f,14.786803,/tmp/buckeye_slicer_O25_4_lvwtdmqs
s05,s0503a,O0_4,62,3,0.04838709677419355,3,1,0,0.04838709677419355,0.016129032258064516,0.0,62,3,0.04838709677419355,3,1,0,0.04838709677419355,0.016129032258064516,0.0,226.58320099999995,115.90630199999991,0.5115396970669505,133.65200000000004,31,4.311354838709679,87130029b5443647ed1f1febd32ab768bf957a0a1698217eb3cf14b2d00c6ecf,7742f46ba78ed9fa88c087d5ec69553ce3988bd974cf12b77459f3fa28b99e2d,150149,cda70cf25b050bc2998324efc721bb09e102bfa26b0d6bc3dafe4bf6b9da505a,a5790bc102005847a5dd8e313dbdf3f60fcd7b6fa9efe024eacc78ef73f40e0c,6c04dd06fd50833572196b67650b23f9a6ab07b5937509e42c0a67a5dbbd1e41,b5be2e2d8c76fd0e492e7f530bac806ad52cba82835163525c6aa7f59a0a18bf,8b679d9405295e7cba5285df51137b5de6804584f88a385ef76ae25426ab2e80,14.791123,/tmp/buckeye_slicer_O0_4_6e21za67
s05,s0503a,O12.5_4,66,3,0.045454545454545456,2,0,0,0.030303030303030304,0.0,0.0,66,3,0.045454545454545456,2,0,0,0.030303030303030304,0.0,0.0,226.58320099999995,123.03153699999994,0.542986136911359,141.80800000000028,33,4.297212121212129,c4a9d51af35f27f1e99f5960f01d8721e1c9a7ae761cc52d68b81ecc3366390d,7742f46ba78ed9fa88c087d5ec69553ce3988bd974cf12b77459f3fa28b99e2d,150149,8794c2cda4c5f05f9f2d0e3c531f7035b47687c0f51dea2a0440bf36c4da988d,a5b72a5843d13ddace2053008352a414a2c63411421c0909a25e4a3c9a611bef,a768efdb90fa71839fed26d00145a1b4d6885c8da0bfcf62a360f269605372de,71dc29f90ee4b454ecffb18e15aa2b11073f2d87c92e6ec789774c3ef3302362,8cc4408d9efd9cba3b86c49643da801c615e0250a36cad40d55a452d8f731c99,14.768903,/tmp/buckeye_slicer_O12.5_4_mltevr93
s05,s0503a,O0_2,62,5,0.08064516129032258,4,1,0,0.06451612903225806,0.016129032258064516,0.0,62,5,0.08064516129032258,4,1,0,0.06451612903225806,0.016129032258064516,0.0,226.58320099999995,115.88249899999992,0.5114346451482956,133.59400000000005,31,4.309483870967743,b8f9c3af61c5c18d8b52a1cdb992e5c98e154bc752c5665b52bea987b6d3c947,7742f46ba78ed9fa88c087d5ec69553ce3988bd974cf12b77459f3fa28b99e2d,300298,c598ef5421332b416e03c8972010cc935176d366bb4110ade80eaf6f5f101892,44cc46e00f8a9387b8095c552077ee3ad86133a0be03ed5ace57326f5362b741,d5c7bc6dffc9de4a3c533c842169a8f43b9721be0d0e827015df645d6f93fb87,a04e86c70b993df0f3976a5af3dbe3c471834686fc48fd41615723493db796b0,20c28df3617d29db1dfd9acedf6a962317347c192fc6f81861d6452e73d54505,30.044894,/tmp/buckeye_slicer_O0_2_949h5_qa
s05,s0504a,A_O50_8,23,1,0.043478260869565216,0,0,0,0.0,0.0,0.0,24,2,0.08333333333333333,0,0,0,0.0,0.0,0.0,73.6838530000001,48.67168100000001,0.6605474472134342,55.57600000000001,12,4.631333333333334,72ea8093df3fb11222b7291a784e2272246d6349ad6d5da63900e79412997498,7742f46ba78ed9fa88c087d5ec69553ce3988bd974cf12b77459f3fa28b99e2d,31116,5782a0bf177592041d9a4446231d9ec6d591d002f579457ba90ffe7693bd694b,7b112cadc28f70ecd1bbe847e85947eed7c227d564c6a69679a4f795748dca6f,2e3aee6991471173f3d7435a4c61415c292daff8b30c0116ff99d52f7d8e5497,e1e566ca4a67dfa688f8528306f296a609303f2a167c41e3f5bf501b54e1c8a3,ccb50283d9d10cded4f494d3bd511aef4489f32f1c09cbdeb51d24b659248fef,3.072804,/tmp/buckeye_slicer_A_O50_8_85rpxz5i
s05,s0504a,D_O0_8,19,0,0.0,0,0,0,0.0,0.0,0.0,20,0,0.0,0,0,0,0.0,0.0,0.0,73.6838530000001,41.67528800000001,0.5655959386380074,47.88799999999999,10,4.788799999999999,b35b56fbf50e01487bef7f59ef870fe839ea7b8d3f84afb9014d7c5503a3e4dc,7742f46ba78ed9fa88c087d5ec69553ce3988bd974cf12b77459f3fa28b99e2d,31116,baa785e8bd895c816c8a326864b4ee46a51653f8fddc4a5faeb377d78f177458,6bec10c65a09f577bc7927846abd8f61dba552e619b7b8b822bb03e84386fb25,81d6aba8ec9583c9bdd37b9922422717a0629f24a5afe2c7d499f95fd69c2f88,03b910d63c744f0760ead885a58d53277348745f19e93eaf1d503287c7cc9d88,e0ee6f13a539ab26b01b94bd7247d73f595063c0bba04b4cd1202b4356c54d19,2.918005,/tmp/buckeye_slicer_D_O0_8_wz5ufayi
s05,s0504a,O25_4,23,2,0.08695652173913043,2,0,0,0.08695652173913043,0.0,0.0,24,3,0.125,3,0,0,0.125,0.0,0.0,73.6838530000001,47.87060600000001,0.6496756623191237,54.819999999999965,12,4.568333333333331,5c718a3fdc193cf92e8babe55085d9a6c49c09e1bb11c69c0d3e71192acf39c2,7742f46ba78ed9fa88c087d5ec69553ce3988bd974cf12b77459f3fa28b99e2d,62231,35b8bf25049d5cdec49de406085897c2d15e6f84f99ca5158465a6c53eb6f85b,44200020b95e75b457f9439775d51e332ca19a9c49050ccd2cb4ded3eb31c7e2,849a9dbb23a748264a5a5949f056f58ac1a756a59a0489580da1bc2a566276f0,efb68465cb3229a54f99c1faa6aaf080a8b0d7299fb065e413540c875730143d,e4d568a456eec31b204ad6eb2f4a6263e3436a8163494ba1c1418f992ba422ff,5.796107,/tmp/buckeye_slicer_O25_4_8zw7kuam
s05,s0504a,O0_4,21,0,0.0,0,0,0,0.0,0.0,0.0,22,0,0.0,0,0,0,0.0,0.0,0.0,73.6838530000001,46.481984000000026,0.6308299865914987,53.115999999999964,11,4.82872727272727,87130029b5443647ed1f1febd32ab768bf957a0a1698217eb3cf14b2d00c6ecf,7742f46ba78ed9fa88c087d5ec69553ce3988bd974cf12b77459f3fa28b99e2d,62231,ba564a4eaae31e040f8c9c9bc2248ce02d67c534fb132360d186ebb133b4a344,028c067a4ebb67961802668d8bd5d28c97bf7c8a68e65314b525478181aadd1f,0b8489c4d2fe95c7234b55b3cec57de7c1ec5e15dbb9fefe4bab71a116142f01,8b090f779ca0e20ea0406a27faa416f61adcc0a2ad35c848a341179e5f14d23f,f4495bca852e1d7bd9bc3620e520f2ad496c213bd0472e256a8d802e1ea3b45f,5.753876,/tmp/buckeye_slicer_O0_4_dqu6i6uw
s05,s0504a,O12.5_4,23,1,0.043478260869565216,1,0,0,0.043478260869565216,0.0,0.0,24,1,0.041666666666666664,1,0,0,0.041666666666666664,0.0,0.0,73.6838530000001,47.862606000000014,0.6495670903637456,54.819999999999965,12,4.568333333333331,c4a9d51af35f27f1e99f5960f01d8721e1c9a7ae761cc52d68b81ecc3366390d,7742f46ba78ed9fa88c087d5ec69553ce3988bd974cf12b77459f3fa28b99e2d,62231,941c0109abaa155d074cf5df7409c93495ac72f28e5c8e6c325fb59c384577c8,e63b4910ef7160df63624e5429c145021880844224b7a342ad428b3ac9efd547,4287f532eab72c70698ea2254dda2dde815386073d32acc8c9a9e79e55c95119,8cfb10136f8275749a6093c8376cdef54ab4bb4ec5e4bd613acb2bac6034c653,3a6359fa64b4752b00b8ef178c47944db1c7af0c01370be6c1d11d171ec95002,5.76847,/tmp/buckeye_slicer_O12.5_4_b1nphe5j
s05,s0504a,O0_2,21,0,0.0,0,0,0,0.0,0.0,0.0,22,0,0.0,0,0,0,0.0,0.0,0.0,73.6838530000001,46.033189000000036,0.6247391677522615,52.81399999999996,11,4.801272727272724,b8f9c3af61c5c18d8b52a1cdb992e5c98e154bc752c5665b52bea987b6d3c947,7742f46ba78ed9fa88c087d5ec69553ce3988bd974cf12b77459f3fa28b99e2d,124461,93cde4a8b07d90cc4fcb8c505aebb0be1799fea99b7fbfcfcb6c6565ca9e294d,9d8c281d98335326b49dd909cf421c6411db4eca0073fe6427d4ad64c82e110e,2538e88533b0af3bc4a202da3c325e22081957e4ef2de5447546de55db197bd9,fdb4bf47bf70fd8112c4e9c14d008a5db0579fce28aaa38c2b51d253a9091571,e4b54e12320f95111b02e3b80c859ab0a46db34f87c01a1fec040ad80ec0e1a1,11.582677,/tmp/buckeye_slicer_O0_2_scy23nw9
s06,s0601a,A_O50_8,84,17,0.20238095238095238,8,1,0,0.09523809523809523,0.011904761904761904,0.0,84,17,0.20238095238095238,8,1,0,0.09523809523809523,0.011904761904761904,0.0,245.50644200000008,175.6110109999996,0.7153010306751932,189.3439999999997,42,4.508190476190469,72ea8093df3fb11222b7291a784e2272246d6349ad6d5da63900e79412997498,7742f46ba78ed9fa88c087d5ec69553ce3988bd974cf12b77459f3fa28b99e2d,75124,023d3a80d5ecc488edbaebe60c3d9ba24044951d0425960285743c3ae27e8c2d,a18bc7ea177f69356e16aaf971a8801e9a6fa9a052e2821a8db7fbf638abbe31,3b307fb90a06c2859463ea6b8cb88b5b928c86620ac0b0664b6e094a6bb0665e,75b128fc69a82cc3e01e00aac6b29d41637e63a464dbb8b52de1d111541a3677,3e8715a17cb41d0e47750d0e6d5d5793ef45e6dad65d86ef590db54578311a7b,7.49646,/tmp/buckeye_slicer_A_O50_8_11i2rqzp
s06,s0601a,D_O0_8,74,13,0.17567567567567569,6,0,0,0.08108108108108109,0.0,0.0,74,13,0.17567567567567569,6,0,0,0.08108108108108109,0.0,0.0,245.50644200000008,155.95967599999994,0.6352569599782636,169.1920000000003,37,4.572756756756765,b35b56fbf50e01487bef7f59ef870fe839ea7b8d3f84afb9014d7c5503a3e4dc,7742f46ba78ed9fa88c087d5ec69553ce3988bd974cf12b77459f3fa28b99e2d,75124,147ffaaad4fe4cd904772cba074c98cd95e4b5cd37685941c89879f3b86110a3,31b39f55ba00bdbba6e37a2c9c0f4aef52596b9dc93005ed7963118e03f55e66,688c46ef1e7c0911172fb21b7e60e229ca211ac50229fb2849030d129a168a9a,e03b7ce3cb9d08476d7fc6258dbdafdda9d11c18f3525c2eb0360d1747e0b67a,1dadcabbad545c3f15573b000f343861f037e920833ad0e4c7e1d37e56786961,7.144075,/tmp/buckeye_slicer_D_O0_8_ok4wrprb
s06,s0601a,O25_4,84,14,0.16666666666666666,5,1,0,0.05952380952380952,0.011904761904761904,0.0,84,14,0.16666666666666666,5,1,0,0.05952380952380952,0.011904761904761904,0.0,245.50644200000008,176.50522699999988,0.7189433627977869,190.91599999999983,42,4.545619047619043,5c718a3fdc193cf92e8babe55085d9a6c49c09e1bb11c69c0d3e71192acf39c2,7742f46ba78ed9fa88c087d5ec69553ce3988bd974cf12b77459f3fa28b99e2d,150248,0eb547b1e863bddfb1a003ee63e0716f7c4925a7996c095e5f0987bd06fdbe2a,86767bfeeb91b36677ef2fabdacfd41a06128655d02ccfe7627e6eddc01239c5,1e1e05758c1a4cdaee1ce9de6070f23d67aebcec5f079f4dc2fcd2583c819b1d,6c5de810fa2f70d1d2e195718e8661ff581f347c9d6348b0bafe8bd723807f07,d2005edef27cd74cb95ac98d40ae291f57d4376f38348255743330cab36af762,14.049839,/tmp/buckeye_slicer_O25_4_q0nhqs3r
s06,s0601a,O0_4,78,12,0.15384615384615385,5,0,0,0.0641025641025641,0.0,0.0,78,12,0.15384615384615385,5,0,0,0.0641025641025641,0.0,0.0,245.50644200000008,164.34488199999998,0.6694116890016268,178.10400000000027,39,4.566769230769237,87130029b5443647ed1f1febd32ab768bf957a0a1698217eb3cf14b2d00c6ecf,7742f46ba78ed9fa88c087d5ec69553ce3988bd974cf12b77459f3fa28b99e2d,150248,8914100ccab187fc26b4b3f09b4314a1c09bc850c2610a678201cb449466f5c0,9dac84fe822a391696e2b75130dc396c4eca6d6d2992829aea87c130b63a8a16,8f25cf2140a2df72bb353973605eb76fde33212bd0ecf5da471762d59ba6f1ad,383a56103446678fa5b53765f4cad207e325db5e7a53636c26183006cc1c40ab,e5fb227248ebe83bbb4bc41b248bc624d80860bdfeb599453b542db1b1d49f64,13.987117,/tmp/buckeye_slicer_O0_4_m79xy__c
s06,s0601a,O12.5_4,82,15,0.18292682926829268,5,0,0,0.06097560975609756,0.0,0.0,82,15,0.18292682926829268,5,0,0,0.06097560975609756,0.0,0.0,245.50644200000008,172.02995599999974,0.7007146313496723,186.0559999999997,41,4.537951219512188,c4a9d51af35f27f1e99f5960f01d8721e1c9a7ae761cc52d68b81ecc3366390d,7742f46ba78ed9fa88c087d5ec69553ce3988bd974cf12b77459f3fa28b99e2d,150248,856114d9d7fe0f8a938bf6f91cd52008f97fa5c8201d0c8b7d871079df245c7a,56936021f096d53e36881390e5ef4f4855cebf10c91ec81ac380c8753a2578ac,98782c3e67d16ab214d476afc8718e31ad719e4d6f28e8fa14ba7b02f79e8056,cf0d005def4ca11819b359def1dce26537962cec8a6c61a8415238e6c76ffab0,043d9a7dabbc0a8f422a37dae8e0c65317c8a50496c49d72fc8e054de2d37730,13.936551,/tmp/buckeye_slicer_O12.5_4_0nm7fuzf
s06,s0601a,O0_2,82,12,0.14634146341463414,5,0,0,0.06097560975609756,0.0,0.0,82,12,0.14634146341463414,5,0,0,0.06097560975609756,0.0,0.0,245.50644200000008,172.88178900000003,0.7041843284910625,187.432,41,4.571512195121951,b8f9c3af61c5c18d8b52a1cdb992e5c98e154bc752c5665b52bea987b6d3c947,7742f46ba78ed9fa88c087d5ec69553ce3988bd974cf12b77459f3fa28b99e2d,300496,90e44c20c234316524875297c1ff845f32243e0027025aaec94baf40a735c5a7,6ad6731a6d2201aed7e1e49113bcafd9e33b8152d047e3a361935019704fff52,8f8ec677d19e812ea8cc5a0186a441d5414c299dd4477216829847935331cd61,d4af13c548c2b5173eca92f9ee2964e90cc77c608bcd2fd3753f66d5ee99c3de,155cce285418575604b97ce23ae9d91cfa8b4f9e0ed461b977b7ad2903151f1c,27.914523,/tmp/buckeye_slicer_O0_2_7fycpu5q
s06,s0602a,A_O50_8,84,16,0.19047619047619047,9,4,0,0.10714285714285714,0.047619047619047616,0.0,84,16,0.19047619047619047,9,4,0,0.10714285714285714,0.047619047619047616,0.0,258.45341200000007,178.65152900000004,0.691233006434444,190.07999999999987,42,4.525714285714282,72ea8093df3fb11222b7291a784e2272246d6349ad6d5da63900e79412997498,7742f46ba78ed9fa88c087d5ec69553ce3988bd974cf12b77459f3fa28b99e2d,76098,ab7f54c779e419f757c17822597025f62a3e8dedd722045b495a1d208d666541,edeca8336e7149dca45f3087869dbf8f59b5a210d2d8cd6d9dbcadbf39ead91d,aa6c0e18004cd6ee543ad8080b5c448b59ec28849142651678351d781a518092,9b3d73fb79d6f2c13aafaaa6abd9987dd1e6d54bc1e2f85095255fa3f7d49ca2,0ac0a3d5552d8ede8561964eda86cd1e671546aee9f6b86f56e07e47e0d2e4e6,7.746751,/tmp/buckeye_slicer_A_O50_8_hgyyp8tr
s06,s0602a,D_O0_8,80,14,0.175,7,1,0,0.0875,0.0125,0.0,80,14,0.175,7,1,0,0.0875,0.0125,0.0,258.45341200000007,173.46661800000012,0.6711717081142657,184.5039999999999,40,4.612599999999998,b35b56fbf50e01487bef7f59ef870fe839ea7b8d3f84afb9014d7c5503a3e4dc,7742f46ba78ed9fa88c087d5ec69553ce3988bd974cf12b77459f3fa28b99e2d,76098,1b9e446f1b6136e2ce89636656a32a8a86ad8fa21f560a2012478e13f042c066,e5ef482fd2e64523fe87c98a47765c48f3fc9b3556d34ef374683fa6a2f0eefd,3483830a1ff3235d12492e2c6a6fe6c3c52b547c5b5d7bdadb54fffdbe39939d,6c3dd5a68651038cef71f0b1d29b7d96850be6a281d47287b04ed8cad01dd5e3,8e7033ba7da80688731a44253512a45a9dea47c9c9e7c7731f620329af026fec,7.548115,/tmp/buckeye_slicer_D_O0_8_mz0ulac7
s06,s0602a,O25_4,82,17,0.2073170731707317,9,1,0,0.10975609756097561,0.012195121951219513,0.0,82,17,0.2073170731707317,9,1,0,0.10975609756097561,0.012195121951219513,0.0,258.45341200000007,176.5111370000001,0.6829514674776282,187.50399999999993,41,4.573268292682926,5c718a3fdc193cf92e8babe55085d9a6c49c09e1bb11c69c0d3e71192acf39c2,7742f46ba78ed9fa88c087d5ec69553ce3988bd974cf12b77459f3fa28b99e2d,152196,bd9aa6423d5c1f9c25b99061b946633b3714ce775afcb1d13aee33a00a9cced2,16612abd5532bc2c52eb4f2824da80bc26068e4f9a6c064ae1f34c17f4e38a80,546e9197bdae2a0ebe11bd5275294214a25a1564b777eebae9ebc03ef8e06595,b4009a4aed837185a715915c7e10887389bc818e6f253a169d7350d4c8467fd7,b86371bf32882993c0cc96b46e35857e3aee53aee9738b4c5dd60f93416408ce,15.077605,/tmp/buckeye_slicer_O25_4_u0g9i8uz
s06,s0602a,O0_4,80,14,0.175,9,1,0,0.1125,0.0125,0.0,80,14,0.175,9,1,0,0.1125,0.0125,0.0,258.45341200000007,173.454618,0.6711252780829992,184.68399999999983,40,4.617099999999995,87130029b5443647ed1f1febd32ab768bf957a0a1698217eb3cf14b2d00c6ecf,7742f46ba78ed9fa88c087d5ec69553ce3988bd974cf12b77459f3fa28b99e2d,152196,b87d905f21c9771d8fd095e5433b75ebd7b9aa4afd760a5800f15dfdb4f767f8,d03374072c1ac57242bc7203f38cd96cd2416941560e51c225ba7c537eea4669,6ee33faef27fa1c475d931a35dcf5e9a4f2334ead385040ecc6f64dba178a3e0,9b449989e29248ef2f9d2f5786dd14a46c0bd721175a21f2c984d17c806da2da,5570fb97b6a5cb82c19468ba48f63682dce73250be8b234b632fbd53103e3bdd,14.99146,/tmp/buckeye_slicer_O0_4_lekswf2r
s06,s0602a,O12.5_4,76,15,0.19736842105263158,9,1,0,0.11842105263157894,0.013157894736842105,0.0,76,15,0.19736842105263158,9,1,0,0.11842105263157894,0.013157894736842105,0.0,258.45341200000007,166.55047500000015,0.6444119801366759,177.0720000000002,38,4.659789473684216,c4a9d51af35f27f1e99f5960f01d8721e1c9a7ae761cc52d68b81ecc3366390d,7742f46ba78ed9fa88c087d5ec69553ce3988bd974cf12b77459f3fa28b99e2d,152196,57d16fbfb5d2d43b59140d55b6c483c2b98cc69bf6b2037d8b011292c17e691e,1e567e4d61e2e76c31c41ec5fb24079b52368e90a8dbf60b27e980d839778de7,0deffc8e6aaa21a13226523c4a82fb56b222faa4b1d020ccfd250bb988894853,004ca05f1c775192c552481fba8aabec3cfe55b34d5aff943adfcb16caa0a82d,ece44f0be3a5769ce96d6cf9adf51ade6981ad0a1382afa11e4a3fa38e9867b6,15.010262,/tmp/buckeye_slicer_O12.5_4_4ub91m4a
s06,s0602a,O0_2,80,14,0.175,8,0,0,0.1,0.0,0.0,80,14,0.175,8,0,0,0.1,0.0,0.0,258.45341200000007,173.45861800000003,0.6711407547600879,184.686,40,4.6171500000000005,b8f9c3af61c5c18d8b52a1cdb992e5c98e154bc752c5665b52bea987b6d3c947,7742f46ba78ed9fa88c087d5ec69553ce3988bd974cf12b77459f3fa28b99e2d,304392,7a0db8c8016895119e60378bab3cc2a7a8262b6b268416a7202c9d673ba1eddf,caca50689d0aaec1877d5442173ddd41f7e7bcc6d07560dd4dd4073396b82568,cea94d8b14b2a993e9d4bed25944777d8bf66ac3d62dcda912bc0a6a5f3a073e,8fedbebcccb3d7e1f5ec855b2e89ac1c12f004dedb2b2f63bd4cdd786d71926e,a822708ac16defbd87fffc266d3a3b23e6979d58bbdf19200af48dacde281f3a,30.001674,/tmp/buckeye_slicer_O0_2_w9k3ukwr
s06,s0602b,A_O50_8,78,4,0.05128205128205128,3,1,0,0.038461538461538464,0.01282051282051282,0.0,78,4,0.05128205128205128,3,1,0,0.038461538461538464,0.01282051282051282,0.0,244.09602899999965,150.31945699999994,0.615820984945233,171.26399999999984,39,4.391384615384611,72ea8093df3fb11222b7291a784e2272246d6349ad6d5da63900e79412997498,7742f46ba78ed9fa88c087d5ec69553ce3988bd974cf12b77459f3fa28b99e2d,70362,60b74d0c5dc9574f7d1a583607efc2aa68432c15b6f95177ce8c019b2c37c825,06f0854765cd64f7c95d71a06784d985660f6814c12619ae6f177b3397af6863,50a5994e3d6f48ccaf396cc77f9417c77db4cb57a19eb394437048c00a946de3,083616b64a563269bb7963a2238dac10c03f5ca3f30ae08d178ce8f393050d70,ff55f5fbe148d4264965f79da1bf88ecaa3200ddabccc878bf688fd56265e40a,6.725461,/tmp/buckeye_slicer_A_O50_8_wf91eq8d
s06,s0602b,D_O0_8,74,2,0.02702702702702703,2,1,0,0.02702702702702703,0.013513513513513514,0.0,74,2,0.02702702702702703,2,1,0,0.02702702702702703,0.013513513513513514,0.0,244.09602899999965,140.25838399999992,0.5746033009000737,160.06399999999982,37,4.326054054054049,b35b56fbf50e01487bef7f59ef870fe839ea7b8d3f84afb9014d7c5503a3e4dc,7742f46ba78ed9fa88c087d5ec69553ce3988bd974cf12b77459f3fa28b99e2d,70362,c13f8eb030f5d1b481155b4d070299261f19d08d05303c960a8cfa98f37c7b01,0fd3067d5704cb132d4b8a37f68952ee31ae8bb8b1f6ffd429706ef9e1729dff,772a57ab65d555bde499782c8198f5a63033276ded2799046db3cd3083c19a72,c5d46f371220aa2d6f6c52994490af72cf53213a4f76e92af767d3f84ea67158,0c4923ba490c32112e8d77743c05b16f1fbd38144a89372f99c3dc7c00a62d5c,6.522751,/tmp/buckeye_slicer_D_O0_8_5wnlqub6
s06,s0602b,O25_4,78,2,0.02564102564102564,2,1,0,0.02564102564102564,0.01282051282051282,0.0,78,2,0.02564102564102564,2,1,0,0.02564102564102564,0.01282051282051282,0.0,244.09602899999965,150.37480199999993,0.6160477194817461,171.8560000000001,39,4.406564102564105,5c718a3fdc193cf92e8babe55085d9a6c49c09e1bb11c69c0d3e71192acf39c2,7742f46ba78ed9fa88c087d5ec69553ce3988bd974cf12b77459f3fa28b99e2d,140723,49e3b8d6b1bea9ee8e0a638e2da2dd8d01b063a1363db4a2c23c2aa8d28315b4,ce8a3404497d6c359283f264e3c6fe92227dbe44caebd29e648c26223f9bd880,531aab06c47ceb879daa8931dd4663d07745c3436ff37171c823d02566389e99,c1e0da5249070d1d387f8abdf64f718b72417eb9efb09ba00a57cd3c7d54a854,c08dc55859252d26a88031c8bfeb192111e8ff9bf2580df8321b2dc83f5c0181,13.195629,/tmp/buckeye_slicer_O25_4_xyw5e7pl
s06,s0602b,O0_4,76,2,0.02631578947368421,1,1,0,0.013157894736842105,0.013157894736842105,0.0,76,2,0.02631578947368421,1,1,0,0.013157894736842105,0.013157894736842105,0.0,244.09602899999965,146.48801599999996,0.600124535413889,167.72800000000004,38,4.413894736842106,87130029b5443647ed1f1febd32ab768bf957a0a1698217eb3cf14b2d00c6ecf,7742f46ba78ed9fa88c087d5ec69553ce3988bd974cf12b77459f3fa28b99e2d,140723,cb4c588cc4784d538fecbac078320b16de1fc50b8364d7176d86849726701191,7e04d8b8d2f0450187d37403ac36b8b561778cbbac18138b0b4cde34d1744543,b9ae44d42eec75a1a9de6af8016152dd4b0f990a356e6b3af16530f13d588830,659ae3c8563d4d130e383fa1cfbcb2e8344d9f9fc44c3614678e824b19aac685,48b67649336933220e616fefcec2542dd1d2cbfc6d5ae819c55c8a7ae9eb62d4,13.177957,/tmp/buckeye_slicer_O0_4_24jf7hns
s06,s0602b,O12.5_4,74,2,0.02702702702702703,0,0,0,0.0,0.0,0.0,74,2,0.02702702702702703,0,0,0,0.0,0.0,0.0,244.09602899999965,144.6275379999999,0.5925026252680257,165.37199999999987,37,4.46951351351351,c4a9d51af35f27f1e99f5960f01d8721e1c9a7ae761cc52d68b81ecc3366390d,7742f46ba78ed9fa88c087d5ec69553ce3988bd974cf12b77459f3fa28b99e2d,140723,34bc0cb6563d3d5ce30cbf96bf6f19ccbbc09ce781120b21b33ae4be9dddb747,675a452d5294796fc7c6a3bf8be705b7403ce74d66a278694c8e400ed282c7cd,bdc59942f8c0e05697950f89f434e19594aa7b34566c2784fdc66dca8f71703c,689bfe5d4257e86e87c2bb21eccd1e5331a348d8a7ab733d16557e07b9c7a786,8808a53977b910849d8115ca2416c024bd652f11304f161e4cb3218a11c171b8,13.05245,/tmp/buckeye_slicer_O12.5_4_5b02ai10
s06,s0602b,O0_2,76,3,0.039473684210526314,1,1,0,0.013157894736842105,0.013157894736842105,0.0,76,3,0.039473684210526314,1,1,0,0.013157894736842105,0.013157894736842105,0.0,244.09602899999965,146.48464299999995,0.6001107170817603,167.90400000000005,38,4.418526315789475,b8f9c3af61c5c18d8b52a1cdb992e5c98e154bc752c5665b52bea987b6d3c947,7742f46ba78ed9fa88c087d5ec69553ce3988bd974cf12b77459f3fa28b99e2d,281445,d05c4f37c511ff95aea8e13214de143287eeed2a30ae8d26833dca6654ec504c,9334dd0965fbc3307553e126dd65f1e4d8a92b5baf7285bf0cb66829fd3dcc96,352a4758effb90bf097b0402e1b6fd76dc3fdfb511b59bf80b02b9dfcfa3c839,a8dd557cba28bba47bd742e5af50d4b718946b6470c755dd6d4808246e3d8a4c,a4d6d572abe3ae6790aa2df5c3514c6248d64a37e211b0b4d868bfcbb4361ad4,26.282677,/tmp/buckeye_slicer_O0_2_alkfe6bk
s06,s0603a,A_O50_8,8,0,0.0,0,0,0,0.0,0.0,0.0,8,0,0.0,0,0,0,0.0,0.0,0.0,31.913417000000013,17.986055000000004,0.5635891324329199,20.89599999999999,4,5.2239999999999975,72ea8093df3fb11222b7291a784e2272246d6349ad6d5da63900e79412997498,7742f46ba78ed9fa88c087d5ec69553ce3988bd974cf12b77459f3fa28b99e2d,10134,a200c3455ec4f6aff688ad056700dd1853b541b0fe501fb0a905e4c8c991ceb0,52a4239fe025e9de54d9000bee6897774122c5d835b5ddd22c0044ae66949ab0,2830a5ea026e4b3ea232d9bf413349a639f42f79bf0ff7d97493c11cd4ed3ba1,933bb9f053def358e18fd263a6f279ba2f21ad3cbc5691ae14a12b7438fea0f2,04aa5acff6ff3ef70511da2492ff627b870f3efb35ad866c531b583ba1d52c5b,1.077273,/tmp/buckeye_slicer_A_O50_8_203alnvq
s06,s0603a,D_O0_8,8,0,0.0,0,0,0,0.0,0.0,0.0,8,0,0.0,0,0,0,0.0,0.0,0.0,31.913417000000013,17.986055000000004,0.5635891324329199,20.975999999999992,4,5.243999999999998,b35b56fbf50e01487bef7f59ef870fe839ea7b8d3f84afb9014d7c5503a3e4dc,7742f46ba78ed9fa88c087d5ec69553ce3988bd974cf12b77459f3fa28b99e2d,10134,cfb83c9c9c72a77d6ab85d8f70d5789447131040c7827dd4c54af86179e1ce93,13c0a41b2aff4128c3a31afee77ca9bca4b59674dfc0b2e14ae9452c8dbda29f,4243a07487bfc1830d7e692c87b5110aa726699dc5630e6e14fbfd0b4f64b637,9f87f4ef9a32385f912c27db2731600be19b7d5d323f57a88feed90f11f66e20,5a244e637f2418300b3c12ae1b2e0a5ad4ea023f79b7c636960c6e7ce6d3d2bc,1.036315,/tmp/buckeye_slicer_D_O0_8_u7pcqf2r
s06,s0603a,O25_4,8,0,0.0,0,0,0,0.0,0.0,0.0,8,0,0.0,0,0,0,0.0,0.0,0.0,31.913417000000013,17.986055000000004,0.5635891324329199,20.928,4,5.232,5c718a3fdc193cf92e8babe55085d9a6c49c09e1bb11c69c0d3e71192acf39c2,7742f46ba78ed9fa88c087d5ec69553ce3988bd974cf12b77459f3fa28b99e2d,20268,c5b76a8920a8afbe00fb6baca48af8fd1bb1b8422f57c6839ea660494e4831ab,fa134969dc0ffbacd2bd03be967fc08cf7454684ca88b547c24e3a7207aa9724,ebecbb0397a0b97eb18c34a892ea7e4344c6c050de9a310bde3a2bdeb7ad5839,bbe5561f0b8df35ab69dcc4f9f01d797517c154f2e6bc34c1423e4385bfed0c0,00a11b4a4083b39e4a1f04cc2bd6847e1c9375153007dd24bdba6d06889b5c95,2.070205,/tmp/buckeye_slicer_O25_4_zpf5jx0d
s06,s0603a,O0_4,8,0,0.0,0,0,0,0.0,0.0,0.0,8,0,0.0,0,0,0,0.0,0.0,0.0,31.913417000000013,17.986055000000004,0.5635891324329199,20.95200000000001,4,5.238000000000002,87130029b5443647ed1f1febd32ab768bf957a0a1698217eb3cf14b2d00c6ecf,7742f46ba78ed9fa88c087d5ec69553ce3988bd974cf12b77459f3fa28b99e2d,20268,19d34140c014399c2f4153eb4a11f685ca802868c8c7911136a39bbc9479b7a7,45bdb0cc8d2dd86f35ffde3709ec2ac2119c9ef80c976953e0b2518cae08d468,0e3d9b1427f7d0e57b0ba93383eff517e415347d2c6120ca8eef9be0b1484427,fca8b19f037ce27949077ba13492e9c8eab89c1af363abc6a0536272ac68df8b,01a47f2abbed5b660218a0ab1ba5ed19d3a5bc82223f341c1fba80efed40ffa5,2.014945,/tmp/buckeye_slicer_O0_4_q9bou9ix
s06,s0603a,O12.5_4,8,0,0.0,0,0,0,0.0,0.0,0.0,8,0,0.0,0,0,0,0.0,0.0,0.0,31.913417000000013,17.986055000000004,0.5635891324329199,20.971999999999994,4,5.2429999999999986,c4a9d51af35f27f1e99f5960f01d8721e1c9a7ae761cc52d68b81ecc3366390d,7742f46ba78ed9fa88c087d5ec69553ce3988bd974cf12b77459f3fa28b99e2d,20268,cbe2044a6dd76ac1615ac3affbe60f15be6d502c2dca09455f6a2d8baf8a8cd6,19b329b5027eea5a0b3152b42bf5472ddc9f983e20519a41166b08e39d0941d3,e427111f8c637e7e9c5a75ebabfa1cb6a913f9c8033ebf5f27af9ff6b738105c,0c482a64f328289b1f802ec4af42b012f3e335424426127203b4f9c2e7135f1d,39156917f25da713abbc313c337985c6be2a40ed8f2966fde172f555a2f95a13,2.007146,/tmp/buckeye_slicer_O12.5_4_orsqfk44
s06,s0603a,O0_2,8,0,0.0,0,0,0,0.0,0.0,0.0,8,0,0.0,0,0,0,0.0,0.0,0.0,31.913417000000013,17.986055000000004,0.5635891324329199,20.927999999999997,4,5.231999999999999,b8f9c3af61c5c18d8b52a1cdb992e5c98e154bc752c5665b52bea987b6d3c947,7742f46ba78ed9fa88c087d5ec69553ce3988bd974cf12b77459f3fa28b99e2d,40536,6d339c1154bee0096369245af587bd49ab4e274e512f5ba24907498b23c51cb2,02c5493602747e6632308cbd6002b2f4a7e33c8ee9f9dc6ff575229571d8a983,7961fc2af7336d8d59179fa28741ebeef1637f612b216fb2ecd709135919f745,873ab135299a094abae29bcb5527c4e8f988464c091c2ed4de1619365e7b4855,795f654e066b19891d370e992ee57b496d86b7249c74c7fe140e87dc0efd1eee,4.018512,/tmp/buckeye_slicer_O0_2_haf0g42k
s07,s0701a,A_O50_8,99,17,0.1717171717171717,5,2,0,0.050505050505050504,0.020202020202020204,0.0,114,20,0.17543859649122806,7,4,0,0.06140350877192982,0.03508771929824561,0.0,378.3523960000005,295.12341100000015,0.780022577153178,333.77599999999984,57,5.855719298245611,72ea8093df3fb11222b7291a784e2272246d6349ad6d5da63900e79412997498,7742f46ba78ed9fa88c087d5ec69553ce3988bd974cf12b77459f3fa28b99e2d,75058,5d09b802edaab2ba39231e4baf813d997a22727b1c043bac95da8cd2e220778b,0dc27595f84c5bcca29c0f9e50f0f0071bce4ad62e42839459726962c68925bb,ba7c571c0eac60f24990675a886cefb5a3ce04b930be13bcda3ad764156e1441,9a5885db68f74c0294193d13aac90f3a866d82ba6cd2227e6f9321e27f7b6605,94239af4a6fe89a6917a12e3b59379cc833d0ad50b0c5bcdffe2677d6cf97f9b,7.641175,/tmp/buckeye_slicer_A_O50_8_beoojr76
s07,s0701a,D_O0_8,88,12,0.13636363636363635,5,2,0,0.056818181818181816,0.022727272727272728,0.0,100,15,0.15,7,3,0,0.07,0.03,0.0,378.3523960000005,265.77720900000014,0.7024594314978245,301.4799999999999,50,6.0295999999999985,b35b56fbf50e01487bef7f59ef870fe839ea7b8d3f84afb9014d7c5503a3e4dc,7742f46ba78ed9fa88c087d5ec69553ce3988bd974cf12b77459f3fa28b99e2d,75058,0ecc6cb7d8f606e46b3c5b318f82924a5bdf4abd3e55db3373ef99e54cba57b6,5e82f47be750574b7cb5056af2db4e618cd82d0678118387d6a59ed95b0acdd0,d9c1abb75512d04b9feb2e570c3bc24fd1fb297fc4c171573736a67536132d88,d8c172303fac75b69e009bb904dc94bd108234197b5b6ba42becef0f1a8c373f,a584f0ddf40c2450f6fa28b8ebc6d08270b36e703c1ecbd1657450b7e7b3dc3a,7.426629,/tmp/buckeye_slicer_D_O0_8_4l_9agq9
s07,s0701a,O25_4,98,17,0.17346938775510204,8,1,1,0.08163265306122448,0.01020408163265306,0.01020408163265306,112,20,0.17857142857142858,10,2,2,0.08928571428571429,0.017857142857142856,0.017857142857142856,378.3523960000005,293.6579900000002,0.7761494128346945,332.19599999999997,56,5.932071428571428,5c718a3fdc193cf92e8babe55085d9a6c49c09e1bb11c69c0d3e71192acf39c2,7742f46ba78ed9fa88c087d5ec69553ce3988bd974cf12b77459f3fa28b99e2d,150115,060d4ac7b1c10002442b37681f2928fe7f56c384254038659ef8d157060fec9d,6a5d2754bed0f90d88fc159dc9f761293648170b4aeacbf99fd10ab32f10b794,e543320e3e2098d3ee32e18e0ddd72db0d11247eb9180eea5087533e947c1a9c,69f0241641a032f4f30d43b388108ba8dcf65361af3a57b7004cb9357d0ed3b4,850a3e4eb274921b21a18bc89065ade62f33bf690f90730db002e88989e1d696,14.807496,/tmp/buckeye_slicer_O25_4_cqbyvl3o
s07,s0701a,O0_4,88,11,0.125,4,1,0,0.045454545454545456,0.011363636363636364,0.0,100,14,0.14,6,2,0,0.06,0.02,0.0,378.3523960000005,270.402795,0.7146850340020039,306.80800000000016,50,6.136160000000003,87130029b5443647ed1f1febd32ab768bf957a0a1698217eb3cf14b2d00c6ecf,7742f46ba78ed9fa88c087d5ec69553ce3988bd974cf12b77459f3fa28b99e2d,150115,4fecc908870d65b95d9579983f919e4e327c4091e2b2446496f6323764195b38,4916eeebb43224260a53fb7472ec3fd5d5688638a4a6f5cad445250606312a83,727deedcd6c78c9a12e7325d3b732c8afc516fed14377540ea658c6d726ce1ee,81a190ffc422bdb7be09fb41925bc29993ec70921127ef75b51e9a75b6e13473,d2c04d6c7cb33aa7b3d741a44fefc73eea7ad5c92121f9c8d3a545f2eb96cbdf,14.605636,/tmp/buckeye_slicer_O0_4_878jb349
s07,s0701a,O12.5_4,91,13,0.14285714285714285,7,2,0,0.07692307692307693,0.02197802197802198,0.0,104,16,0.15384615384615385,9,3,0,0.08653846153846154,0.028846153846153848,0.0,378.3523960000005,279.0187580000001,0.7374573570825219,316.12400000000054,52,6.079307692307703,c4a9d51af35f27f1e99f5960f01d8721e1c9a7ae761cc52d68b81ecc3366390d,7742f46ba78ed9fa88c087d5ec69553ce3988bd974cf12b77459f3fa28b99e2d,150115,70355af2a031a3777167539bf7deefc5ee30ec47988b0cd83d2c6305d51d4632,fcb6889775336786f7dd364bd29d904dd4748788af2b9823885fd01441057931,018a5d6935499955401fdb6c57af5a984823a2643723a8f8540b0a0775d1d09f,61b5d765e78ff5a5141da09437e4f3af9b7a6979c72deacc18045b93b89efcca,75209631b3e02068634ef0fc674d94b9b7e2fe6f72d38922bc6779a92e0c7845,14.652871,/tmp/buckeye_slicer_O12.5_4_tpjwn994
s07,s0701a,O0_2,89,12,0.1348314606741573,4,1,0,0.0449438202247191,0.011235955056179775,0.0,102,15,0.14705882352941177,6,2,0,0.058823529411764705,0.0196078431372549,0.0,378.3523960000005,276.52602300000007,0.7308689621725025,313.35600000000017,51,6.14423529411765,b8f9c3af61c5c18d8b52a1cdb992e5c98e154bc752c5665b52bea987b6d3c947,7742f46ba78ed9fa88c087d5ec69553ce3988bd974cf12b77459f3fa28b99e2d,300230,59c4ce61cdd7dfd9a037716719609df2b575ea0d1ccdc1714798cce29145ef2a,f4d40ef9f78908ff1b20ad441f53ed6e450b1eaec2bd89f4b8ea655a31aaf27f,f02901526010f439d518e6cb0920b5db265eaf8973973a5838ecf8c6b3f1ba3e,0953622e809959af2ec567337a596ed38da49f8533a442fe70a7bfdfe054fe23,2908d241f32c08d46348f644b56fb92f977ac72578077717eedc43e83f20bc2f,28.918521,/tmp/buckeye_slicer_O0_2_as4whf0d
s07,s0701b,A_O50_8,89,7,0.07865168539325842,1,1,0,0.011235955056179775,0.011235955056179775,0.0,106,11,0.10377358490566038,2,2,0,0.018867924528301886,0.018867924528301886,0.0,342.0425969999997,285.13177299999995,0.8336148055851658,327.0160000000001,53,6.170113207547171,72ea8093df3fb11222b7291a784e2272246d6349ad6d5da63900e79412997498,7742f46ba78ed9fa88c087d5ec69553ce3988bd974cf12b77459f3fa28b99e2d,74799,6cd1fd1289be811a52482dace06904e5fcf40428383000b43a5f336cc17031e6,3fa76d949486f1781650d97000de60000946727dcc0b0d605e868ac6a3841ad5,d6091aadd1e844c7b59567ad6e92012eeda47c56bd6c61c58168d4aa72e91d5a,1520b0b09f90d246e2b3ef49f73ae7eb288b4ddeaad64ecadb85f853a202a151,e0ac8c5679d28a85e057bdb1d1236c5dffe22d16c7ab59e1d85293da5b5bcd27,7.644,/tmp/buckeye_slicer_A_O50_8_82_i8fnv
s07,s0701b,D_O0_8,83,3,0.03614457831325301,3,1,0,0.03614457831325301,0.012048192771084338,0.0,94,4,0.0425531914893617,4,2,0,0.0425531914893617,0.02127659574468085,0.0,342.0425969999997,269.16689699999995,0.7869396951163956,306.7359999999996,47,6.526297872340417,b35b56fbf50e01487bef7f59ef870fe839ea7b8d3f84afb9014d7c5503a3e4dc,7742f46ba78ed9fa88c087d5ec69553ce3988bd974cf12b77459f3fa28b99e2d,74799,5d682e66eb73b4bda4f9075846b7fe2e20acc10c6197fd1af65554160979d62e,f518e8a85c8c28b1b0367ba0b4a7a18f5edd78064c5bc7de443542130df97003,f4dce0beec171091f92d32d73794ca427b2c5ff886e63ea65389dccd87e542a3,20b6ec27c02b03bda85ee2cb49e7cccd51c412bf8175ec1387a7827337e2ef1b,36aa12d15efd19942a80e7b9f423697988aa89eeee3edce232218dad2fc9697f,6.972151,/tmp/buckeye_slicer_D_O0_8_rc_xdybs
s07,s0701b,O25_4,87,8,0.09195402298850575,3,1,0,0.034482758620689655,0.011494252873563218,0.0,102,13,0.12745098039215685,6,2,0,0.058823529411764705,0.0196078431372549,0.0,342.0425969999997,283.9477089999999,0.8301530613159277,324.94800000000004,51,6.3715294117647066,5c718a3fdc193cf92e8babe55085d9a6c49c09e1bb11c69c0d3e71192acf39c2,7742f46ba78ed9fa88c087d5ec69553ce3988bd974cf12b77459f3fa28b99e2d,149598,5ee1b2fb0ee91d426397b319cfdb1933bee2acf1cd5d74dd0cabdbb537f7e2e4,00dd6192206b6d4b28ce854a1d7735fbbf3e98d4828320ff92ecef37c68ffb82,dced7ab7765e0ce63649eefd4cb40bb485408bdf6fc8885ca08fc4ba821b734a,548619c2506150ea11303cca1c2b479cb2e7cc18ea3ea229afb6e715078589ac,adbff41d2ac9805ed8f6f9137c5d25783ba5ec9e85d7f27a0a2624268d445c2c,14.043581,/tmp/buckeye_slicer_O25_4_vjn2f859
s07,s0701b,O0_4,84,3,0.03571428571428571,3,1,0,0.03571428571428571,0.011904761904761904,0.0,98,4,0.04081632653061224,4,2,0,0.04081632653061224,0.02040816326530612,0.0,342.0425969999997,271.9726199999999,0.7951425418513008,310.2919999999999,49,6.332489795918366,87130029b5443647ed1f1febd32ab768bf957a0a1698217eb3cf14b2d00c6ecf,7742f46ba78ed9fa88c087d5ec69553ce3988bd974cf12b77459f3fa28b99e2d,149598,ee3f621a5cc81ca91a2880a15695de54061152b9c414f0a62a058d048d1e9a97,d1130bacf2383fdda84a94b66f1cd3803e2a94c86d48e330c00c23bb52c192df,6924af636fe7dcce6b38d9a1841a4b9a9666649192ee5e7130dcdf21855f225a,e2e1769fea33bb8da84f0e2e0eb8ea4922e66154668d0d6897d39bd50c27a0fe,ceceedc8e577b353aa21e9f0962d2ce084b80726034a72532b167094b43e0a9b,13.950259,/tmp/buckeye_slicer_O0_4_m6uel4x0
s07,s0701b,O12.5_4,85,6,0.07058823529411765,1,1,0,0.011764705882352941,0.011764705882352941,0.0,100,9,0.09,2,2,0,0.02,0.02,0.0,342.0425969999997,285.08890699999995,0.8334894820132599,326.28400000000016,50,6.525680000000003,c4a9d51af35f27f1e99f5960f01d8721e1c9a7ae761cc52d68b81ecc3366390d,7742f46ba78ed9fa88c087d5ec69553ce3988bd974cf12b77459f3fa28b99e2d,149598,36092816bc428ad8277c1b15a60b5c413004295262d4d8333748c13f71e6eb1e,49e6f5dbfdb1192a5e05c8c0e120a354f41b832226f75c4ecf27b5b287d3dbfc,44a6cf8eeed7abbcb7134297c4f69649efc260052c0342dfdc848430c2692cef,13fababfe1d62ae1ff3d5a3d0ab9891593a4bfd913fc79ced32cab9442550e1f,afb7e6bc6635d86811904a3a97e203db964a7a6362c042964640fbb4ac6bc937,14.080741,/tmp/buckeye_slicer_O12.5_4_jykor9ka
s07,s0701b,O0_2,84,5,0.05952380952380952,3,1,0,0.03571428571428571,0.011904761904761904,0.0,98,6,0.061224489795918366,4,2,0,0.04081632653061224,0.02040816326530612,0.0,342.0425969999997,275.29237099999995,0.8048482072541396,314.20399999999995,49,6.412326530612244,b8f9c3af61c5c18d8b52a1cdb992e5c98e154bc752c5665b52bea987b6d3c947,7742f46ba78ed9fa88c087d5ec69553ce3988bd974cf12b77459f3fa28b99e2d,299195,4701cde8e445b5cb8115892435c2b80d2e8d3be100713c57bbe7b863fb86d1e1,b92f0d99a1a51773e7c4e1a8ccc3e4b72b923e6d0317b794aeab08187c0eb1bb,1c0361511f7e4955ceb0b86e313fbf75ac4e4d1beecff6f24da81e1be3b38a86,200da2705100a7cfa2714aaac5375f2dd4d8b02a3e8ecd391dea63e0d72d2a94,3a2fa06f99e2085dea2c99cbf92026460ce4e3386c442bccd254c713893f12ca,28.116354,/tmp/buckeye_slicer_O0_2_9z6q6vkl
s07,s0702a,A_O50_8,103,17,0.1650485436893204,14,4,1,0.13592233009708737,0.038834951456310676,0.009708737864077669,126,21,0.16666666666666666,18,7,2,0.14285714285714285,0.05555555555555555,0.015873015873015872,397.1939759999996,337.2433839999999,0.8490646998130712,380.152,63,6.03415873015873,72ea8093df3fb11222b7291a784e2272246d6349ad6d5da63900e79412997498,7742f46ba78ed9fa88c087d5ec69553ce3988bd974cf12b77459f3fa28b99e2d,72579,4416c91ac4dd249794723e7cf409bc636421da2b7adeaa0643e8e09f35f3df3e,36c279b1324bb0081a4882a012607a276e100129bdb192558a301c3ffb6c75e3,e6e58508682dc00cfc713d3fa82e8a2007eeaa89e28045dd3503e4bebb2de64b,e7f2ddf503a9ff8b4b833737e9e698fc34af425aacd68829454a26c3e45f5b73,808717d5ec9c22b8dc8c9080c3df41f8d0ceb910849ea52908f31c05136b799e,7.666279,/tmp/buckeye_slicer_A_O50_8_v_jkapnt
s07,s0702a,D_O0_8,93,13,0.13978494623655913,9,5,1,0.0967741935483871,0.053763440860215055,0.010752688172043012,108,16,0.14814814814814814,11,7,2,0.10185185185185185,0.06481481481481481,0.018518518518518517,397.1939759999996,306.07561699999997,0.77059481133722,345.49600000000004,54,6.398074074074075,b35b56fbf50e01487bef7f59ef870fe839ea7b8d3f84afb9014d7c5503a3e4dc,7742f46ba78ed9fa88c087d5ec69553ce3988bd974cf12b77459f3fa28b99e2d,72579,9658dfa8f249108f8edca840c8ee9c477877a166b3c57ba11849074fd6856abc,415a9baa5e7f7fb4f5202bca88adba3208ba12521e87dbbd8911e8313306d709,d269b4a883167938506015762d13682e7e54a330c03dcfcf130e8791cd6354e7,0adc758b250ba03a45e86f8e5bf87d2a860b79dcae8a61dcf73f611d281a8267,d5c1105dabe71a4991f1312dcfb9a01db61e7ac999011f95688e515778d3cb6e,6.978225,/tmp/buckeye_slicer_D_O0_8_8gy73nhh
s07,s0702a,O25_4,102,13,0.12745098039215685,12,4,2,0.11764705882352941,0.0392156862745098,0.0196078431372549,124,17,0.13709677419354838,16,8,4,0.12903225806451613,0.06451612903225806,0.03225806451612903,397.1939759999996,337.6427259999998,0.8500701078104974,381.124,62,6.147161290322581,5c718a3fdc193cf92e8babe55085d9a6c49c09e1bb11c69c0d3e71192acf39c2,7742f46ba78ed9fa88c087d5ec69553ce3988bd974cf12b77459f3fa28b99e2d,145157,72ed81edfe28e84c6fbf96649ce403e70d121d5794c3a4941b7cb6b3278d5d10,1852d3316ec904bc857433abe1195b14cc5ab426841611fa8e857870a1b30fb7,ee3bdc764ba97fb40fc7f10e966ed875d2509cf3b5fa09a07723bb51b724bfbd,72075d3c60a4106fd3436090fb9d859b10ccbbe497e8e338871798b368c618c8,a2eefca1c0efe3d517c70be6f1dd49c9ac9f53713b68c99685bd2646eaae9827,13.988976,/tmp/buckeye_slicer_O25_4_9ofsfae9
s07,s0702a,O0_4,97,14,0.14432989690721648,9,5,1,0.09278350515463918,0.05154639175257732,0.010309278350515464,114,18,0.15789473684210525,12,8,2,0.10526315789473684,0.07017543859649122,0.017543859649122806,397.1939759999996,322.89797699999986,0.8129478202358239,364.776,57,6.399578947368421,87130029b5443647ed1f1febd32ab768bf957a0a1698217eb3cf14b2d00c6ecf,7742f46ba78ed9fa88c087d5ec69553ce3988bd974cf12b77459f3fa28b99e2d,145157,e03ac153e239a9714a59bfb6fe6b71989e83be9056aa68a5ceb704e7987cf76c,8eaccf5e62ff65b4b016bb005c6f9481a0130707239fe8abfd254d69808e3e35,1f0f8150ffeaa56f88b5c70ca4fa40a3f54faac5811708f49d99e19a0f2d4699,41626da9710b67f5a735514bb39031299150ab6ccbc59e752258358193886169,13e75cb3313dfea1267b8fc3171efc5b5ebd2fa8df9f7d4c27fad69dd77aa036,13.967142,/tmp/buckeye_slicer_O0_4_bqdbki9c
s07,s0702a,O12.5_4,103,12,0.11650485436893204,10,4,2,0.0970873786407767,0.038834951456310676,0.019417475728155338,126,16,0.12698412698412698,14,8,4,0.1111111111111111,0.06349206349206349,0.031746031746031744,397.1939759999996,336.72260999999975,0.8477535671386921,380.38000000000017,63,6.03777777777778,c4a9d51af35f27f1e99f5960f01d8721e1c9a7ae761cc52d68b81ecc3366390d,7742f46ba78ed9fa88c087d5ec69553ce3988bd974cf12b77459f3fa28b99e2d,145157,a78cb65abad4e439665ba340ed6580f8ebdefca0820bf3ac85751b02b4b5b85a,f6d6ac92dd4dcecb46a18efbc4ea32a605ab53a67f6907bcd57c1fc9a1748e99,2f43dee91ae1fdec44e69c6aba72b5bd0210846d51ec646a2702fa3854d17fd3,4d1a60919c6d813ee09311565b3791dc271a65638f0eb52e3ac7c8cb82620bf2,7de930b1d0779e006d2416e7e607f6aa3cdec1e5ac67743f8401e0f8550b08b5,13.989735,/tmp/buckeye_slicer_O12.5_4_7c7r_95n
s07,s0702a,O0_2,99,14,0.1414141414141414,9,5,1,0.09090909090909091,0.050505050505050504,0.010101010101010102,116,18,0.15517241379310345,12,8,2,0.10344827586206896,0.06896551724137931,0.017241379310344827,397.1939759999996,329.7742159999998,0.830259862752803,371.9360000000001,58,6.412689655172415,b8f9c3af61c5c18d8b52a1cdb992e5c98e154bc752c5665b52bea987b6d3c947,7742f46ba78ed9fa88c087d5ec69553ce3988bd974cf12b77459f3fa28b99e2d,290313,c873437572c7068acc1ac66d06082ba0da8fc8a450b7c714a447a81b29f1464b,804be0aeda399c9187db4b8391f82632e00107b067fcc00fb84f7bc7fcbb363e,e7915b06a8512022ba85284593e926c400ea614c02e544a8682e42f738c7e783,2473b7b39cf2fcfe5d3112de15d4c33b56ac8a317867709ea1f1ecb612224bf8,2339560e1079b1d6bf49f3028e6536a235dde81ad85241a180491be00e7d2b42,28.008547,/tmp/buckeye_slicer_O0_2_ahdku0jp
s07,s0702b,A_O50_8,97,6,0.061855670103092786,3,0,0,0.030927835051546393,0.0,0.0,116,6,0.05172413793103448,3,0,0,0.02586206896551724,0.0,0.0,356.5397469999999,312.7968840000001,0.8773128006959633,355.6960000000001,58,6.132689655172415,72ea8093df3fb11222b7291a784e2272246d6349ad6d5da63900e79412997498,7742f46ba78ed9fa88c087d5ec69553ce3988bd974cf12b77459f3fa28b99e2d,73487,aba78e1734eeeb58161ba231aff12cc98f42a3a7f72b2900292774d9ad941d01,8ba293c7d2e19c5e8529bd7b69d34e3407c08e32bca0fe5c89f6f520bb95982f,5c06638841550774073d80130fd78f4c0f60d5490c4c06dc7ddf22ba119026c2,8a868b7724c302c7b790bb3201cb7fb38c7434886e43a3fdec9cbde3e96d4062,68aef2f672704b6d052d85e8533bfe48bad1c92cff80006e41693bfdbe4e8801,7.154572,/tmp/buckeye_slicer_A_O50_8_w7ipdhds
s07,s0702b,D_O0_8,89,8,0.0898876404494382,3,0,0,0.033707865168539325,0.0,0.0,104,11,0.10576923076923077,4,0,0,0.038461538461538464,0.0,0.0,356.5397469999999,281.37669900000014,0.7891874647008156,319.0159999999997,52,6.134923076923071,b35b56fbf50e01487bef7f59ef870fe839ea7b8d3f84afb9014d7c5503a3e4dc,7742f46ba78ed9fa88c087d5ec69553ce3988bd974cf12b77459f3fa28b99e2d,73487,e38d8e22c163eef7a53e2c473878dc8945381eac6d9956ad75149ddf1f5323db,66eb96d7752398a34d63a14d32ec090b3293763b0ca76b2a79abd2fae593cf35,d0396524f25c4eefd4ff74a3c12348b9e954b3bbe71f3c8d88bc9faac4a9d3d2,ca8013da122e1d2b943d1224a24e8812375bca7839ef11f7dcce9c488f56ddd2,ac4074adf67647009f274fb7a48b569e1de2413dee847589fe888402d3122b11,6.942466,/tmp/buckeye_slicer_D_O0_8_vfk_nq6w
s07,s0702b,O25_4,99,9,0.09090909090909091,3,0,0,0.030303030303030304,0.0,0.0,118,12,0.1016949152542373,5,0,0,0.0423728813559322,0.0,0.0,356.5397469999999,311.53069400000004,0.8737614715365805,354.89599999999984,59,6.015186440677963,5c718a3fdc193cf92e8babe55085d9a6c49c09e1bb11c69c0d3e71192acf39c2,7742f46ba78ed9fa88c087d5ec69553ce3988bd974cf12b77459f3fa28b99e2d,146973,8986caae6ee66da5a59a6ad547b2181e9b745d43c4cbcea2ae6d7b2665171f64,06b4929db7d3ba5a099f429f3eb0fd9f7ee0cd6d229ece45093aa1ff88a0de99,08c22731757784c11737a6a7cb34a659db78f7ecc6c2c502eebb475b181ae10f,89720f320590f11f9f4b3d4346ae0ad3e3f105da0825402b105992e53c7d8a51,8ff12f0b05738e3d6fbf9632c9ab49e842ddd7833c5adf5854dd70ffae014708,13.756035,/tmp/buckeye_slicer_O25_4_xn99dlmc
s07,s0702b,O0_4,92,8,0.08695652173913043,3,0,0,0.03260869565217391,0.0,0.0,108,11,0.10185185185185185,4,0,0,0.037037037037037035,0.0,0.0,356.5397469999999,294.9625860000001,0.8272922962499331,334.3559999999999,54,6.191777777777776,87130029b5443647ed1f1febd32ab768bf957a0a1698217eb3cf14b2d00c6ecf,7742f46ba78ed9fa88c087d5ec69553ce3988bd974cf12b77459f3fa28b99e2d,146973,15e86ee508dfb23c6546dc276c461e628ae9017b53cb71660659547d93e945ce,1805cc50768fff5e8bcf7e50de622c317c0a6053ca74fae0a4b9ada5b249a32c,ad87c54efd7b144ce9f2870d524c74f757a68224b1e49979273f20861bf921b7,538298fd2a7a01264c34e91631980aec118e80668168be3a94fdb8d68b01e4ca,105b488ade613dc004eb2d3bdbf8293bbc7cc45d364c93f2eee14c7edcd96d78,13.800123,/tmp/buckeye_slicer_O0_4_cqnodh_q
s07,s0702b,O12.5_4,99,7,0.0707070707070707,2,0,0,0.020202020202020204,0.0,0.0,118,9,0.07627118644067797,3,0,0,0.025423728813559324,0.0,0.0,356.5397469999999,312.32031500000016,0.8759761502831835,355.00800000000004,59,6.017084745762713,c4a9d51af35f27f1e99f5960f01d8721e1c9a7ae761cc52d68b81ecc3366390d,7742f46ba78ed9fa88c087d5ec69553ce3988bd974cf12b77459f3fa28b99e2d,146973,b7576acc6a8614cdc173dec76b7211c38e889392e97850a1f945dc1493d6b138,e6ba57a888b8985147e10d827bce3b663f42bb6b8e72c2ed99f3f678af1c0d65,835042c05322d804e791e18b0ee16215290fb9e34870508af53be2ea5c3f7155,f81fc63f58051124213c6e2332141e4e09f5971cbcee09cac35a84f9db4bda5d,4fdee9bfb25fb24e7cb3f8373f2988cafacb0e98df231a85ad85c06502325cf0,13.797348,/tmp/buckeye_slicer_O12.5_4_lr7cu26j
s07,s0702b,O0_2,96,7,0.07291666666666667,3,0,0,0.03125,0.0,0.0,112,10,0.08928571428571429,4,0,0,0.03571428571428571,0.0,0.0,356.5397469999999,301.49909100000013,0.8456254696338251,345.44399999999985,56,6.168642857142855,b8f9c3af61c5c18d8b52a1cdb992e5c98e154bc752c5665b52bea987b6d3c947,7742f46ba78ed9fa88c087d5ec69553ce3988bd974cf12b77459f3fa28b99e2d,293945,b456094c0cbf44a75018303556e112ef7ff3e438c6f3817066ba4701cde3f271,473190c6da37e51f0943ec48d3f49e916553a5aed11e04efc3d133422cabd213,272017b7a51422da291aa2f1bad4ce6f257030e622d33ff5901b99de7523f2f1,6761f4838323b5fc74b0497abca22065f2e5641488cfcc68eeca66fdbc6f7ef4,086b6e42a8cba84f4b150fb6049c42b0ba88d55c0801a39e52d665c1f352e0ed,27.774368,/tmp/buckeye_slicer_O0_2_yht8czg2
s07,s0703a,A_O50_8,73,10,0.136986301369863,8,4,0,0.1095890410958904,0.0547945205479452,0.0,82,13,0.15853658536585366,11,6,0,0.13414634146341464,0.07317073170731707,0.0,280.4691349999997,230.7954779999996,0.8228908254022314,258.3919999999999,41,6.302243902439021,72ea8093df3fb11222b7291a784e2272246d6349ad6d5da63900e79412997498,7742f46ba78ed9fa88c087d5ec69553ce3988bd974cf12b77459f3fa28b99e2d,71590,209c665c8c280b0aa382f5cc7e869b138372dbcc9017fdd414e74932b29fd8cd,3ee4bfb843a076d50ecaa7785c29d95da4d17c9181e04a280ddaf26ce193a631,5aa2ca3ab66077c5a7cdf9457c394da6f9b24f2b9bf084daf6acb02d969ace7b,d5b398813e467cc7eff01ce14ae74384a9e2d0e9c580a6789bc2b4ac36395e33,b7721740f01fdb96fc2f189596ef44f897c7e831063964bbe6986fae16c2497e,7.240676,/tmp/buckeye_slicer_A_O50_8_u9962wzl
s07,s0703a,D_O0_8,68,6,0.08823529411764706,4,2,0,0.058823529411764705,0.029411764705882353,0.0,74,7,0.0945945945945946,4,2,0,0.05405405405405406,0.02702702702702703,0.0,280.4691349999997,208.95573699999971,0.7450222178636516,233.99199999999996,37,6.324108108108107,b35b56fbf50e01487bef7f59ef870fe839ea7b8d3f84afb9014d7c5503a3e4dc,7742f46ba78ed9fa88c087d5ec69553ce3988bd974cf12b77459f3fa28b99e2d,71590,554882a6c6468d30cb89f34d5bc90ad3a6355e837209f04c9c08ab86199eadd7,c6b2feb17909f2ff58743d75ffafad72163c69ad792422c4b2fdd6f8d4c28b5d,3d8558271352eebe58c45927bfd16e0e3052fafd502df971910ff8707e10de9e,9cb500b920542f849dfe70da5e29f9da98c72eb70d4d886ea2082b07481e4a32,510374c6465cb5015344445329c57e74c860d3355c47a3c8e35286284483e3f9,6.912683,/tmp/buckeye_slicer_D_O0_8_zfry9sxs
s07,s0703a,O25_4,71,6,0.08450704225352113,5,2,0,0.07042253521126761,0.028169014084507043,0.0,78,6,0.07692307692307693,5,2,0,0.0641025641025641,0.02564102564102564,0.0,280.4691349999997,219.93428399999974,0.7841657300365688,247.10399999999981,39,6.335999999999995,5c718a3fdc193cf92e8babe55085d9a6c49c09e1bb11c69c0d3e71192acf39c2,7742f46ba78ed9fa88c087d5ec69553ce3988bd974cf12b77459f3fa28b99e2d,143179,05c79eff1dc7a97d6148e74affcc0ce7bb2cc2f76e382760da6085f07352a533,a59faf0612476d5ce817a02fad03bef2caf6b914b0091c4ff0ec25d773265b2f,6104b25fd860b2a0171b2bbc33ad945aabd3c02a6fa6ab72ef3e813978868cee,6c435beeba600896f6cc9a9bcef775148ce29788afb2815ab5a75d27fefb08ae,8de1bbd2bfc3faa35e9f524f3b888ff1cec1a96651f5c8c06715ff2439394180,13.733529,/tmp/buckeye_slicer_O25_4_7wfmsnb4
s07,s0703a,O0_4,70,8,0.11428571428571428,5,3,0,0.07142857142857142,0.04285714285714286,0.0,76,9,0.11842105263157894,5,3,0,0.06578947368421052,0.039473684210526314,0.0,280.4691349999997,220.5520099999998,0.7863682041162926,247.97600000000003,38,6.525684210526316,87130029b5443647ed1f1febd32ab768bf957a0a1698217eb3cf14b2d00c6ecf,7742f46ba78ed9fa88c087d5ec69553ce3988bd974cf12b77459f3fa28b99e2d,143179,5195ceac8d9c6172a283b3120e598239925dcc00943a5cc9eae1425b58e0e61a,269fbb536541054a4cdda6dc778f61ea7ed3c28aa41ee5ed78456fa91a886c7f,305de4acc558117d5a698edbc3efa3c6836f16222a64a8d4cf02be6ba6da4657,5619ed3d348887021a0039a07eecae67cd8e3709e4d41393700e94a5ec992eaa,3ee9e0756280db27704bd581e3b3664958b7425cddea579fef10083ee3afb807,13.919478,/tmp/buckeye_slicer_O0_4_b7az11tt
s07,s0703a,O12.5_4,70,5,0.07142857142857142,5,2,0,0.07142857142857142,0.02857142857142857,0.0,76,5,0.06578947368421052,5,2,0,0.06578947368421052,0.02631578947368421,0.0,280.4691349999997,218.79030799999973,0.7800869354126968,245.94799999999998,38,6.472315789473684,c4a9d51af35f27f1e99f5960f01d8721e1c9a7ae761cc52d68b81ecc3366390d,7742f46ba78ed9fa88c087d5ec69553ce3988bd974cf12b77459f3fa28b99e2d,143179,9b8ceb50e5261f70d299c902e71121b061d13c12a65f67ea3fbf93a43de1439c,ce04f79cc8a9572dfeaad3a26692725d2f5cd935abc74b26c8e5fab6505d738c,5ac71e41936a0b99197ee2ca281506bf40c6ba0e41b63a079f566cb023420561,08a89e336cfb76870ecd20b3419009dbe554569d8d8c4c3ce0977c394dd71b49,9a3ea4fd1037499d7f2c8341b2997493ad246473886a33517a45af6703a334b5,13.928503,/tmp/buckeye_slicer_O12.5_4_nm9h0ri9
s07,s0703a,O0_2,70,8,0.11428571428571428,4,3,0,0.05714285714285714,0.04285714285714286,0.0,76,9,0.11842105263157894,4,3,0,0.05263157894736842,0.039473684210526314,0.0,280.4691349999997,220.5520099999998,0.7863682041162926,247.98799999999994,38,6.525999999999999,b8f9c3af61c5c18d8b52a1cdb992e5c98e154bc752c5665b52bea987b6d3c947,7742f46ba78ed9fa88c087d5ec69553ce3988bd974cf12b77459f3fa28b99e2d,286357,0bb8e5e3329d102a5c8c3ffd36d91913c508283109e1b8a4aea72a6064f16be5,2ec0c658557f36045f4dec021159b14fe554d8b05262bd96e20976fcf937c64f,a627e0087bda384343ccebfa63a47a2211fa3c46091c20c1c2867f604e68269b,0f5ff09930ad6964343f6f2567d250ec681671543947777e9ba7fde352fccc12,80ae79eb6243a6ed1c91849c9e5b68abbf2ad5be88407da08c89a2ed4fd1d74f,27.561444,/tmp/buckeye_slicer_O0_2_cvfb9ogk
s07,s0703b,A_O50_8,81,12,0.14814814814814814,10,0,0,0.12345679012345678,0.0,0.0,90,14,0.15555555555555556,11,0,0,0.12222222222222222,0.0,0.0,311.8577019999999,253.7254759999999,0.8135937460348501,279.3919999999998,45,6.208711111111107,72ea8093df3fb11222b7291a784e2272246d6349ad6d5da63900e79412997498,7742f46ba78ed9fa88c087d5ec69553ce3988bd974cf12b77459f3fa28b99e2d,75027,3e2b70b10de215a48b8dc239d177ec5cf42dd62014b7b5c5f80ca3f4ae3d2d00,41f69d496577e1a05862ec12386fc51b2d804338e013ae3a7caa706fb32cfe7d,40de4f25d4101c1939a040f0bcd61483aebef89977eec5ae11a2c460bcb30d8c,6c4205e7170767abeb13e08145f929cd49427436d73e6065db80dee9f50292fa,49e14e9d1915d63425aec03362c4414ceec39e1edb2880eeb53a8bbe33b55ba8,7.568655,/tmp/buckeye_slicer_A_O50_8_7y_in206
s07,s0703b,D_O0_8,72,6,0.08333333333333333,5,1,0,0.06944444444444445,0.013888888888888888,0.0,78,6,0.07692307692307693,5,1,0,0.0641025641025641,0.01282051282051282,0.0,311.8577019999999,234.37861199999998,0.7515562722898537,257.9040000000001,39,6.61292307692308,b35b56fbf50e01487bef7f59ef870fe839ea7b8d3f84afb9014d7c5503a3e4dc,7742f46ba78ed9fa88c087d5ec69553ce3988bd974cf12b77459f3fa28b99e2d,75027,0c8f2d9be0616b519e02aac713636c1eb48ca853b147e5ea0ca233d38d7facbc,b80bc9078dde780295349a340843ff87cde68e33a6b29f6140b1474fa44bbf83,421ba421599ea126aeb979b2c0888fc16b8050c63e02f511283f512e64024e3d,d35dac97ea5d821bd8518dc6f491c9b43b6b7465892af97d52ab5a909206e9e7,c84d9f267598fb0d2551e17be4ba500495813135528ddf8d2f430ac3160c36ef,7.01351,/tmp/buckeye_slicer_D_O0_8_bcmelzyw
s07,s0703b,O25_4,80,4,0.05,2,0,0,0.025,0.0,0.0,90,4,0.044444444444444446,2,0,0,0.022222222222222223,0.0,0.0,311.8577019999999,256.9790039999998,0.8240264785892634,284.4359999999998,45,6.320799999999996,5c718a3fdc193cf92e8babe55085d9a6c49c09e1bb11c69c0d3e71192acf39c2,7742f46ba78ed9fa88c087d5ec69553ce3988bd974cf12b77459f3fa28b99e2d,150054,a0f05386a00b2e57562463da1095037a9eed59fe4df3e99befe77647eac74341,1c3ac6e64f55bf90fff4cd9995ad14a67f567f123b5e72406d281ab58c0bc950,a59ffd654398b3804be07622fd44ae0938a7d8ded03cda4e2d94f81e8f2a82fc,de8db09a5c9cd0ad45ae41275534c9f1daafd1971fbe110222b9b7de36ba7a10,19e92ac46a5581d99e54432e54dbf7209639e121cd8aa2de73f946fa3665bd0f,14.084853,/tmp/buckeye_slicer_O25_4_4liudmdq
s07,s0703b,O0_4,78,6,0.07692307692307693,3,0,0,0.038461538461538464,0.0,0.0,84,6,0.07142857142857142,3,0,0,0.03571428571428571,0.0,0.0,311.8577019999999,244.91326399999994,0.7853365891857949,270.1639999999999,42,6.432476190476187,87130029b5443647ed1f1febd32ab768bf957a0a1698217eb3cf14b2d00c6ecf,7742f46ba78ed9fa88c087d5ec69553ce3988bd974cf12b77459f3fa28b99e2d,150054,5f8986c5e44e0e09c4e41e86233d9e2083537005e9933360ec5bffbfdc1904e9,36008c9a45d66edb18486583b2c77114e4f0546798d15adfbe80f12e171c1919,218ec08f8dd059f4a409f7a476967dde057369c4954c29cb736630a4ccdb9320,d727e1a39be29e1462d1bc67f32b1e25ada57f846d0b2641af73d8295cb93cf2,6bc3c4c04223c713c1973e0aa1c34a4cc296846aadfc241333813d5992036132,14.197315,/tmp/buckeye_slicer_O0_4_upmpewos
s07,s0703b,O12.5_4,80,7,0.0875,5,0,0,0.0625,0.0,0.0,88,7,0.07954545454545454,5,0,0,0.056818181818181816,0.0,0.0,311.8577019999999,252.95664499999984,0.8111284197175285,279.596,44,6.354454545454545,c4a9d51af35f27f1e99f5960f01d8721e1c9a7ae761cc52d68b81ecc3366390d,7742f46ba78ed9fa88c087d5ec69553ce3988bd974cf12b77459f3fa28b99e2d,150054,0ba82304a50f937ee4d204645cdb6c2792d654da667e76a7f0c90376f444ea46,05008b616cd4f56f671db9f04185153f31102da308d0f8aa34a20eb59930cbac,dc14de81518b04599da81072f80b3a0a3ec67f5f0dd935c37d9275f64d15786b,a9067ef63c7f305050bb4f29c26a3e9a3955c8f08a0b45ccf3848e723dd5de58,29768c1619b9f1a46d1401f509c141e2b2b0539d076f6dc7e9d7f070f96b00b5,14.065837,/tmp/buckeye_slicer_O12.5_4_o21_avam
s07,s0703b,O0_2,78,6,0.07692307692307693,4,0,0,0.05128205128205128,0.0,0.0,84,6,0.07142857142857142,4,0,0,0.047619047619047616,0.0,0.0,311.8577019999999,244.89526400000003,0.7852788705535966,270.23399999999975,42,6.434142857142851,b8f9c3af61c5c18d8b52a1cdb992e5c98e154bc752c5665b52bea987b6d3c947,7742f46ba78ed9fa88c087d5ec69553ce3988bd974cf12b77459f3fa28b99e2d,300107,71c68e7e0cf48d64b7eb4a37e3013de0d88e55315d464f7467687901dea2983f,a3d59386a641fb5fe0ae5e38c01309b5564214fc05e72542812fc28d68424794,e7849e988ca06f19b0937db8a24a88284a5e7e0740e9086b18c0facc4602355a,e2795283a670cac3c57ea4ab6660187e052a806b3f885f14cf4470ae8545e8c6,f29b6781b679dab02c2956731497b8d224835332edb91268e2503eea8cc8630c,28.089751,/tmp/buckeye_slicer_O0_2_o73kcefp
s07,s0704a,A_O50_8,42,6,0.14285714285714285,2,0,0,0.047619047619047616,0.0,0.0,56,8,0.14285714285714285,3,0,0,0.05357142857142857,0.0,0.0,173.56520900000004,155.07386200000002,0.8934616729554365,178.93599999999995,28,6.390571428571427,72ea8093df3fb11222b7291a784e2272246d6349ad6d5da63900e79412997498,7742f46ba78ed9fa88c087d5ec69553ce3988bd974cf12b77459f3fa28b99e2d,30384,a205a57c9f9ed5c97324800476f7eba0c534752f1cac4f8be56ec66daec4a3e2,71391a7d93e8fcaaffe4b0677dbb3ed8f48e6ca3f794460e6656f872e1386eb5,a84211f99f64b27c1f4e7ff3f940d57d0c24b72f8cf5b9743aed32b4996b62b4,3510c34197336a02e4206a0443529e2844dd13ccc201d964e338f0cfb62ea151,d8c6f32785ef615bdfbf4af3b51d0625a3470d6b98058e6f732ae722bbe09968,3.206238,/tmp/buckeye_slicer_A_O50_8_qte5ysj1
s07,s0704a,D_O0_8,38,3,0.07894736842105263,2,0,0,0.05263157894736842,0.0,0.0,50,4,0.08,3,0,0,0.06,0.0,0.0,173.56520900000004,144.74912800000004,0.8339754771937042,168.456,25,6.738239999999999,b35b56fbf50e01487bef7f59ef870fe839ea7b8d3f84afb9014d7c5503a3e4dc,7742f46ba78ed9fa88c087d5ec69553ce3988bd974cf12b77459f3fa28b99e2d,30384,167622c6740c3543d3563c2b761788076c640ae0bfd06fd2094403a519e2fc5e,de709ee584e861641c4f02bbff0cfc610e1d4bd23f26a6657dcac006505a67a8,ebad16c1f5d5f12727a4a948adf367d8884f15b02b9d6fb6b9aed4b889650921,221ce3f9ba1f4d1d5fa51a0c0d8167b5fa289b7b883c53538651bb347e4c01f4,084bbea063959444cd62a305b612d6dc743292aa844557a7fbb22a42de72d397,2.970731,/tmp/buckeye_slicer_D_O0_8_tyymjmxw
s07,s0704a,O25_4,43,3,0.06976744186046512,1,0,0,0.023255813953488372,0.0,0.0,58,4,0.06896551724137931,1,0,0,0.017241379310344827,0.0,0.0,173.56520900000004,156.851357,0.9037027518573724,181.78000000000006,29,6.268275862068967,5c718a3fdc193cf92e8babe55085d9a6c49c09e1bb11c69c0d3e71192acf39c2,7742f46ba78ed9fa88c087d5ec69553ce3988bd974cf12b77459f3fa28b99e2d,60768,3901e6c5c56adc9202e584013c95ea1cbcd4321e3a081e8fb9853eebde728647,67ff87591e7292494bbc9c7d0ca28d94d78f7ab37bb231916bb2a84ed02fb991,f97b7a5f9019814c86999349069a3c365eaba76043a03373467b1bb1fdc97326,a0d5b548398d34d5d5e98c4e31c0d2e04d2a4cd2ef91a07bd2440c37e64b09e7,71828c8f85ee7056aecb7e216e39f01c92f482a0ad067b6a42d49787e69c00df,5.826095,/tmp/buckeye_slicer_O25_4_solqx2ih
s07,s0704a,O0_4,38,2,0.05263157894736842,2,1,0,0.05263157894736842,0.02631578947368421,0.0,50,3,0.06,3,1,0,0.06,0.02,0.0,173.56520900000004,144.73935100000006,0.8339191467801593,168.51600000000002,25,6.740640000000001,87130029b5443647ed1f1febd32ab768bf957a0a1698217eb3cf14b2d00c6ecf,7742f46ba78ed9fa88c087d5ec69553ce3988bd974cf12b77459f3fa28b99e2d,60768,db7ed14c0ba8ccda15ad86a69517a6e462e4635600279c8bcf389b30ea22be8f,ec20d3a8bb7d9eb17e6f637fd122a92deae929527dca2d8768b2ace73f9bd7ba,fd7ccf09ea3be1e51701e726c9b4b762db81ecc14a56e866d982c26c44a68c75,f3186c9ff922120c83b701ebe40538a15c12fffec34f3b34283b7310d3c8c388,c328e96dc82cfccbbfc088b127d85857b27740b05f466443c3a41826fa7658fc,5.794771,/tmp/buckeye_slicer_O0_4_jk1008lz
s07,s0704a,O12.5_4,42,3,0.07142857142857142,2,1,0,0.047619047619047616,0.023809523809523808,0.0,56,4,0.07142857142857142,3,2,0,0.05357142857142857,0.03571428571428571,0.0,173.56520900000004,156.85535700000003,0.9037257979506711,181.836,28,6.494142857142857,c4a9d51af35f27f1e99f5960f01d8721e1c9a7ae761cc52d68b81ecc3366390d,7742f46ba78ed9fa88c087d5ec69553ce3988bd974cf12b77459f3fa28b99e2d,60768,0f067280bc7d3ffeaf7371bf6dde298cec7cd9f8b2cd5a24e18f2173565aa9ee,addca11335c4deb5d31941f61050f35362de8a8874f7f8676bfba64a1c6bbe55,90a5700ba7e12bfb67a6738209e9bdafa724c155627be1b56ae329fec1735140,541edc982faae11bce43ea92f7cea8546d140a9ef3d6220c1ab3f3cb7d00231a,f5d8ef2dac7b4388ffab204ffc5c8b4635fa30e8d08b00b09e8f22d69f26b45a,5.810707,/tmp/buckeye_slicer_O12.5_4_qv8umn7e
s07,s0704a,O0_2,40,2,0.05,2,1,0,0.05,0.025,0.0,52,3,0.057692307692307696,3,1,0,0.057692307692307696,0.019230769230769232,0.0,173.56520900000004,147.78182800000002,0.8514484489803483,172.436,26,6.632153846153846,b8f9c3af61c5c18d8b52a1cdb992e5c98e154bc752c5665b52bea987b6d3c947,7742f46ba78ed9fa88c087d5ec69553ce3988bd974cf12b77459f3fa28b99e2d,121535,862d9364d110182b86bb075576b76f703e60dd0a464b0a1bde6e590b68ebfaa4,ebedf91a353a01c2f1ea04783ef46c10ffacf4656a7cbca0e39a68c792c81d12,7adb35be478d3da17ca2ba30ec7ac7108812d7cce660c2e0f8eb9ead17f498f8,4bc4bc102346adae3770579e8538b22e8b37bdbf95aa62df04d01428f4360c0c,e21093fc8148a948e1d9a8c3f1c60b7f50ca7f3c27d1f665deeb05d0ccfa932b,11.667737,/tmp/buckeye_slicer_O0_2_bzkvxh69
s08,s0801a,A_O50_8,89,11,0.12359550561797752,6,1,0,0.06741573033707865,0.011235955056179775,0.0,90,11,0.12222222222222222,6,1,0,0.06666666666666667,0.011111111111111112,0.0,298.62118099999964,200.35501699999998,0.6709337104925596,227.96000000000012,45,5.065777777777781,72ea8093df3fb11222b7291a784e2272246d6349ad6d5da63900e79412997498,7742f46ba78ed9fa88c087d5ec69553ce3988bd974cf12b77459f3fa28b99e2d,74475,84e5c32ca10087ffbe01d5e356e44cc17d8e7c20c0375497f2c1e923021b72a4,ac31bcd73a6e7a4f84bae2c340ad064e9507391d823d5b9ca790279b9f7b771d,216e6e9eaacc62d2ed2d0b94839c336b60c16ae3d8544b6f8b729be2bda9ecb6,25e1cf76b86ec62a349a12110e2b9f3442ff8dd3de0374c0a58d911e4a7f20e1,02d392c44f1ef21980565a0e91258b385dfb9a2a89dd9ebdbd2c3de6685de2c4,7.47119,/tmp/buckeye_slicer_A_O50_8_tvixd_bk
s08,s0801a,D_O0_8,85,10,0.11764705882352941,2,1,0,0.023529411764705882,0.011764705882352941,0.0,86,10,0.11627906976744186,2,1,0,0.023255813953488372,0.011627906976744186,0.0,298.62118099999964,188.93067799999983,0.6326767490749428,216.26400000000027,43,5.029395348837215,b35b56fbf50e01487bef7f59ef870fe839ea7b8d3f84afb9014d7c5503a3e4dc,7742f46ba78ed9fa88c087d5ec69553ce3988bd974cf12b77459f3fa28b99e2d,74475,4769300093592cbc86713ae66e3d5b4c3f45a93a55750b8de4f654285913b257,ab225b92f8d8e65c0cf0838989656ae0335426e602dca67a8ac011d2a8bac9e2,f59eb3e541cb4041d71b2a7561f7ec3c6378b3272b27f8d095fb3f449e0c9a94,c294db5391e45fa002de565471b84b2ca4d1acac6d62380d7e37577f41a8864e,7dd3e8d75009feab1fdb62f0604d46b3465674e82b0a619720a350629d367e3f,7.208184,/tmp/buckeye_slicer_D_O0_8_h91nb2ac
s08,s0801a,O25_4,89,10,0.11235955056179775,5,1,0,0.056179775280898875,0.011235955056179775,0.0,90,10,0.1111111111111111,5,1,0,0.05555555555555555,0.011111111111111112,0.0,298.62118099999964,199.83336899999992,0.6691868551681877,228.18000000000006,45,5.070666666666668,5c718a3fdc193cf92e8babe55085d9a6c49c09e1bb11c69c0d3e71192acf39c2,7742f46ba78ed9fa88c087d5ec69553ce3988bd974cf12b77459f3fa28b99e2d,148949,5b7a628a756dc58959dd72fd74c80ff876b9d3010c27785da864dd460777c0bd,58cab278f67531451ce3cd389acbb9b669be43abe893379a5495e737344380bd,d5980cd1f37183e171a2743e26b15e972b2df6bb6c1fa906a9ddc1e474747a7b,b5de253a9dca0eafb977ea21e0b3ef2ef41c1c35c15a8f9df8893a142b6d703f,98a3ffe5b9fa253cc85bb4b1acc32583beffc63b58ec3b2fe1ea4bc322a1f212,14.245988,/tmp/buckeye_slicer_O25_4_7apzubzn
s08,s0801a,O0_4,89,11,0.12359550561797752,2,1,0,0.02247191011235955,0.011235955056179775,0.0,90,11,0.12222222222222222,2,1,0,0.022222222222222223,0.011111111111111112,0.0,298.62118099999964,198.4384859999999,0.6645157765952313,226.94400000000027,45,5.043200000000006,87130029b5443647ed1f1febd32ab768bf957a0a1698217eb3cf14b2d00c6ecf,7742f46ba78ed9fa88c087d5ec69553ce3988bd974cf12b77459f3fa28b99e2d,148949,df1e4e9a11e85c60603570512d9de2c61d4430ca1bfdf3c2564a13d0178aef76,6c9c6ae9aa6a3f824808dd16b3144e3940003b1ba1d982d562e3725ee31074a0,0ccbd8e0ed6e44a7ccf96ac45e89d3b76b91dff15383f7a5a80fe5dd6b4dd6ce,aa23cc441229ef64c0ef084237289b79eb3c0369cc72496c7e445ed3d0eea538,0ceac4f3b1fda55fd4664ed5c09e24527709f5c5cdfcbc3182a14bec8e022cfd,14.247441,/tmp/buckeye_slicer_O0_4__cq5fz4d
s08,s0801a,O12.5_4,89,10,0.11235955056179775,3,1,0,0.033707865168539325,0.011235955056179775,0.0,90,10,0.1111111111111111,3,1,0,0.03333333333333333,0.011111111111111112,0.0,298.62118099999964,200.6448839999998,0.6719043951540733,229.01599999999988,45,5.089244444444442,c4a9d51af35f27f1e99f5960f01d8721e1c9a7ae761cc52d68b81ecc3366390d,7742f46ba78ed9fa88c087d5ec69553ce3988bd974cf12b77459f3fa28b99e2d,148949,758daa22efbd55d33ccef02286990e18af0bd6f8ae44c2093a6237a841ccc6d5,9e7228fb84aad8dd212b3a6b7bde662f09480e211f88e1f7eb10e2c01ad7e4c4,27eb9dd8d5392ab7be2672e616d806e58bfe35e73c6fb2ae833003a0738d2ddc,6f61ae4d8b85be0bd7cf473ed7f5e69171bd4d4e45ed503420cad21d1c24ea99,ad180128337286858113d0d5c42262967860fdc7290c96732b6bb45d349b5063,14.239597,/tmp/buckeye_slicer_O12.5_4_u_pilf35
s08,s0801a,O0_2,89,12,0.1348314606741573,2,1,0,0.02247191011235955,0.011235955056179775,0.0,90,12,0.13333333333333333,2,1,0,0.022222222222222223,0.011111111111111112,0.0,298.62118099999964,198.43846799999994,0.6645157163181944,226.93200000000016,45,5.042933333333337,b8f9c3af61c5c18d8b52a1cdb992e5c98e154bc752c5665b52bea987b6d3c947,7742f46ba78ed9fa88c087d5ec69553ce3988bd974cf12b77459f3fa28b99e2d,297898,678acc07b07469ef214d423ee026a9976525d0bcb3a16936fe81512a83c61c97,af2158a8eb7986b234a32524746f0cd7abe2d47691661ba2cfcec5ddfe61eea1,527dadcdef8114d3e21165923d8aeade2b7b381380fde5dd1378d0f68d4e2c5e,c1a747bc97eebb0d71f33e8fa609e85d62d5d6b75bad2bec40474fa304dd1c71,5428b8e6417731de981451e45c8069a08b19c4e5d404820dfcf88cf26d48944d,28.304632,/tmp/buckeye_slicer_O0_2_zefcn8xg
s08,s0801b,A_O50_8,84,5,0.05952380952380952,2,0,0,0.023809523809523808,0.0,0.0,86,6,0.06976744186046512,2,0,0,0.023255813953488372,0.0,0.0,267.185302,196.13155700000007,0.7340656672798569,229.11999999999998,43,5.328372093023256,72ea8093df3fb11222b7291a784e2272246d6349ad6d5da63900e79412997498,7742f46ba78ed9fa88c087d5ec69553ce3988bd974cf12b77459f3fa28b99e2d,71477,2528b9a990fca43648aefa27ed678778ee7fcfe84bb0ff6955c3e5280790b90d,998c9aec42d0eae65fb5fecda85f5a5eadddfa30bb89987d5001b5fd888334c0,604f135665868ba05131ccc3c9c81cc9f4e63858dce981b12a46d8d4eebfcd99,0c7d52eeb192188e99707f106dbae7e5436e085e5cd9718de678ae5813344d3c,8b8c82d65ba2b1622bced17f0ebf2aa8678f2c73658fd4b0645b121a081f29b4,6.944706,/tmp/buckeye_slicer_A_O50_8_vut_14xz
s08,s0801b,D_O0_8,80,6,0.075,2,1,1,0.025,0.0125,0.0125,82,6,0.07317073170731707,2,1,1,0.024390243902439025,0.012195121951219513,0.012195121951219513,267.185302,183.6749740000002,0.6874441543943918,213.58400000000012,41,5.209365853658539,b35b56fbf50e01487bef7f59ef870fe839ea7b8d3f84afb9014d7c5503a3e4dc,7742f46ba78ed9fa88c087d5ec69553ce3988bd974cf12b77459f3fa28b99e2d,71477,f19ab8e626c92b4cd75a9076a69eacbd6782a86458382fb6bc25bc8e75a002a5,3eef502590836117c7c2e61c2775dc1eee896f237e2797967bbd61115819fb12,7f4cf113bd8e203f10af67eae6f81f4a11b23f1076d45b31450bcf72e6d0b0a3,e0ecea9e57fee87c97238243b312743a646394e47cd100122bca7e6bace01efd,fb1113ca9d5b7e3ae09194f3c6f3e4b104b75fd9b8e1416778ea8c2538d6b3dd,6.673089,/tmp/buckeye_slicer_D_O0_8_374a28q1
s08,s0801b,O25_4,86,4,0.046511627906976744,0,0,0,0.0,0.0,0.0,88,4,0.045454545454545456,0,0,0,0.0,0.0,0.0,267.185302,197.62524000000022,0.7396561057838438,231.09599999999992,44,5.252181818181817,5c718a3fdc193cf92e8babe55085d9a6c49c09e1bb11c69c0d3e71192acf39c2,7742f46ba78ed9fa88c087d5ec69553ce3988bd974cf12b77459f3fa28b99e2d,142954,175e6af4bee765cb7cbf3251e94f07af3334e0c582aaea7d5453fb419674f31f,0cf4d653d49f770c04e741e5c6a19358830affe981b17bebca82e4e6d91fef5e,e3c4adff56851b083496c2b86af11b6dd74ea9c6736c708070d599aa97852a7b,d6bfbffe075176f78108c4ea8fd420cd3a47938a1690bbfb6d831e951504e642,fe5be670fa9fd5d144eeac87ac5249082042ba6c81fa12b607643449724c252e,13.322475,/tmp/buckeye_slicer_O25_4_nhdvj9sl
s08,s0801b,O0_4,84,5,0.05952380952380952,2,2,1,0.023809523809523808,0.023809523809523808,0.011904761904761904,86,5,0.05813953488372093,2,2,1,0.023255813953488372,0.023255813953488372,0.011627906976744186,267.185302,192.54884000000018,0.7206565576724733,224.32000000000025,43,5.216744186046517,87130029b5443647ed1f1febd32ab768bf957a0a1698217eb3cf14b2d00c6ecf,7742f46ba78ed9fa88c087d5ec69553ce3988bd974cf12b77459f3fa28b99e2d,142954,de8b056f0cfae7995c6019cb150d0a912768323542311454a16c22314dc7b85d,05465a519456872ad94d74e60ef22aa0dbd7bd1f269fb7a6a09189fcce108d25,27cc336898086c8b38da3e20e7a5323282ec59949efb0c15504c00f065cb778b,522acd4f89b1efe808660e83edb5ac6d6d65ce6497e21d36f481b45062f61292,09dbdf92c1a63404ae22ff4447988927ca7499275ca128e576d160b720ce2f08,13.307824,/tmp/buckeye_slicer_O0_4__urww7ak
s08,s0801b,O12.5_4,86,6,0.06976744186046512,5,1,1,0.05813953488372093,0.011627906976744186,0.011627906976744186,88,6,0.06818181818181818,5,1,1,0.056818181818181816,0.011363636363636364,0.011363636363636364,267.185302,194.22279800000015,0.7269217151772823,225.9959999999999,44,5.136272727272725,c4a9d51af35f27f1e99f5960f01d8721e1c9a7ae761cc52d68b81ecc3366390d,7742f46ba78ed9fa88c087d5ec69553ce3988bd974cf12b77459f3fa28b99e2d,142954,a72602b29c8b6a3c52eed7e0a6d5bdfa2460490c328c3700bf47336adca4431b,bae8fcdeb1be5c3aa997f0816f7a860387b2b7cab1ecc40f393636d4048b1644,31419c60a28ec328cc4ea83ca09234b15e404f79b783fc174d1b2c4a0c48938b,91ca8cf63cd74911cc66c9b352800caea80a41544589cd3eeebc4df5cfcd0c75,76a801e788339c330a1e583e1f10be4b57118da47cf8d69436cd35936cce5214,13.353736,/tmp/buckeye_slicer_O12.5_4_j0m89_np
s08,s0801b,O0_2,84,6,0.07142857142857142,3,1,1,0.03571428571428571,0.011904761904761904,0.011904761904761904,86,6,0.06976744186046512,3,1,1,0.03488372093023256,0.011627906976744186,0.011627906976744186,267.185302,192.52895100000018,0.720582118697533,224.32199999999983,43,5.216790697674415,b8f9c3af61c5c18d8b52a1cdb992e5c98e154bc752c5665b52bea987b6d3c947,7742f46ba78ed9fa88c087d5ec69553ce3988bd974cf12b77459f3fa28b99e2d,285908,53f12f743657d4f1a333e20527bcf135c35a8991686ddee2187b65b044b8a2b2,a1387bc7a3a85d9b04d301a51acbd7e675f79e970f25e58ad500589103d966a4,4796503fedfdf1e197c55f718cde0c3688a8186880d398e94dd660f25e58be8f,c79b17b849fea5c718188b583c5fe9bd7d7f99df7aef4569cb88261ff881516b,2846de8745672cd8d071136b2276556bd27c44ce20770bb15ebad78c798577b4,26.556202,/tmp/buckeye_slicer_O0_2_3sdf1uih
s08,s0802b,A_O50_8,114,7,0.06140350877192982,4,2,0,0.03508771929824561,0.017543859649122806,0.0,116,7,0.0603448275862069,4,2,0,0.034482758620689655,0.017241379310344827,0.0,366.7549859999997,255.21781299999958,0.6958809634288102,297.04000000000036,58,5.1213793103448335,72ea8093df3fb11222b7291a784e2272246d6349ad6d5da63900e79412997498,7742f46ba78ed9fa88c087d5ec69553ce3988bd974cf12b77459f3fa28b99e2d,70779,e4433f64cf2955e16f5ab2b211e392447715de1f7d83ff5f5272e96491ea0f71,9d1f767b33577a766bb00815056202c2a888b0cffca044cf9ffa589182d0d58f,a0ba5d65c8a6f67d7be2fe49de39a9b55b1ad11238d67ced6a09dc26fb5b6298,8d85d2637eab9466970ae03dcfa801ec8af6a1a98ef4de211b069918b2b78ac8,72301431a786ffe3faf16b5e94169b348df60952c9101178d989dd2d6bf87705,7.048846,/tmp/buckeye_slicer_A_O50_8_vlqfrc3v
s08,s0802b,D_O0_8,106,6,0.05660377358490566,3,1,0,0.02830188679245283,0.009433962264150943,0.0,108,6,0.05555555555555555,3,1,0,0.027777777777777776,0.009259259259259259,0.0,366.7549859999997,242.69669999999957,0.6617406968258633,282.9840000000004,54,5.240444444444451,b35b56fbf50e01487bef7f59ef870fe839ea7b8d3f84afb9014d7c5503a3e4dc,7742f46ba78ed9fa88c087d5ec69553ce3988bd974cf12b77459f3fa28b99e2d,70779,64e520b6b35d87cbdc9543487000a36cb1797432ee12e2384685abde7f7a03a0,e35b24ae7428a1a38dcc282271a12ca702b39c4acc4ee9b68e369e4e0c87ee4d,bf6d0c84ea2b2c05352d9fa9d9712161e585969b511dbccc566cbfdd50044993,6c7be116bc5bb03549a5fd8f927d8f794596ec6b98217a3977f6657759947c46,4fce69682822b956ecc8310297d623b40232bbb68d5e3b67dd736709cd985fd8,6.818871,/tmp/buckeye_slicer_D_O0_8_1kcisp_2
s08,s0802b,O25_4,114,7,0.06140350877192982,2,0,0,0.017543859649122806,0.0,0.0,116,7,0.0603448275862069,2,0,0,0.017241379310344827,0.0,0.0,366.7549859999997,255.3492039999997,0.6962392162270424,297.68800000000005,58,5.132551724137932,5c718a3fdc193cf92e8babe55085d9a6c49c09e1bb11c69c0d3e71192acf39c2,7742f46ba78ed9fa88c087d5ec69553ce3988bd974cf12b77459f3fa28b99e2d,141558,6ba17591c0962c5a18c783022c055e40dbdb6825fb0622d980cd26fc747494b5,d3e8d44f783df248c8d0b7f34d375f7a9d5292b08cf5c22b34a3e3a4ea217262,db2a8ef53f01b1326cc78bcd3f04ae1b7bea82ebd0406f462219359ec09509f3,672f8ed8abc013329516b791c76f672db98260e4c76240d77b70384295129811,b427265148b7875b9b56850bdbea79f2980e0628592c7ac0a182f5bf08b7d729,13.417798,/tmp/buckeye_slicer_O25_4_pqr3h4fu
s08,s0802b,O0_4,110,6,0.05454545454545454,3,1,0,0.02727272727272727,0.00909090909090909,0.0,112,6,0.05357142857142857,3,1,0,0.026785714285714284,0.008928571428571428,0.0,366.7549859999997,249.77266099999957,0.6810341250548119,291.18800000000016,56,5.199785714285717,87130029b5443647ed1f1febd32ab768bf957a0a1698217eb3cf14b2d00c6ecf,7742f46ba78ed9fa88c087d5ec69553ce3988bd974cf12b77459f3fa28b99e2d,141558,1c18408752f6df3a35c4688b66faf673a0502fe099b5706653bf166735c85d68,088acf07d9018168d9eb7dcdce0194a0f7eb05da8d6fb482492d69a34040e256,79240f6f161f8466a22accad7c1db277e8e2b5dcda1d9e9420fa3f1e12d0d2d3,2d8f502be96a2d979064a2a269533c48d6d25f87841a6a80ceb3d4cb33f5c2de,2746852a4fa4b3359e94026d4dff65efbaaa5961372a02720c7c7d21df3fe454,13.511126,/tmp/buckeye_slicer_O0_4__2h4q3w0
s08,s0802b,O12.5_4,112,6,0.05357142857142857,3,1,0,0.026785714285714284,0.008928571428571428,0.0,114,6,0.05263157894736842,3,1,0,0.02631578947368421,0.008771929824561403,0.0,366.7549859999997,251.74115299999954,0.6864014467686058,293.2199999999999,57,5.144210526315788,c4a9d51af35f27f1e99f5960f01d8721e1c9a7ae761cc52d68b81ecc3366390d,7742f46ba78ed9fa88c087d5ec69553ce3988bd974cf12b77459f3fa28b99e2d,141558,808bfdb9f21dd98ca71bd11475a829ebe3644120dff86e258415c73e14aa8630,f3455fc4b6e6cf750f8c73ad1fe32d1fe69ecaa59f2dc49bda0540c76ed73c22,00acf25c5a87baf1e0c8a5fece1fc7d5cdbd2a9cf86ecc44886b1ea9c4523581,95fbdc1c54df08ea1346b9f894dec7e1e6b035b4327dd1300c0bfdd58b00b9db,11ca6942bf96c04eb818490c5b390926980791d57f8c30f600753b71b12314b4,13.458022,/tmp/buckeye_slicer_O12.5_4_hjsasz1u
s08,s0802b,O0_2,110,7,0.06363636363636363,3,0,0,0.02727272727272727,0.0,0.0,112,7,0.0625,3,0,0,0.026785714285714284,0.0,0.0,366.7549859999997,249.7850079999995,0.6810677905821292,291.3000000000003,56,5.20178571428572,b8f9c3af61c5c18d8b52a1cdb992e5c98e154bc752c5665b52bea987b6d3c947,7742f46ba78ed9fa88c087d5ec69553ce3988bd974cf12b77459f3fa28b99e2d,283115,dc4c5ceb5da3181abe6d4580ccf6d3355891e08698c94cf840c1ec980f0a7580,2db48146cbc130596686d0476f51bfe615cac06d4f0239e4f0d3064918dbc581,2b85dba157f1325ee7d9cc12a107af8e4440659ca3ea51c52f4c2bebbf382da6,649dbd6c726c8368aed40be5954b9292ed89c04f1538f439c7b2df36fed946dd,17170c5a8209668db27ea69bd8ec153c92977830c9c49dd7b73fa85c0253807b,26.912505,/tmp/buckeye_slicer_O0_2_hkih50fm
s08,s0803a,A_O50_8,110,9,0.08181818181818182,5,1,0,0.045454545454545456,0.00909090909090909,0.0,110,9,0.08181818181818182,5,1,0,0.045454545454545456,0.00909090909090909,0.0,327.51184900000027,234.9379960000001,0.7173419731754497,261.6400000000001,55,4.757090909090911,72ea8093df3fb11222b7291a784e2272246d6349ad6d5da63900e79412997498,7742f46ba78ed9fa88c087d5ec69553ce3988bd974cf12b77459f3fa28b99e2d,74712,949bd1a3155ecd5bee28929c72a373539a98dda1ce33927a56a1d1ca2e6c3181,34a7a4f2aabcd7a309012235f0cdae222489bfecc453e24089223336cb88965f,67d91ec7e6ba3e2ffc1e86ab2a87be74351eaf1ac412a3f4e524acd557b2d319,b29b975b22dd09fdd462ab9b04a0d8671838e21de5aa55a3289fc32ecea5de01,14fd908f03db8d78d3e205189b360cf3d74c7afec7484e8da4c1cc2fa3638818,8.301822,/tmp/buckeye_slicer_A_O50_8_v5bepm5p
s08,s0803a,D_O0_8,102,7,0.06862745098039216,2,1,1,0.0196078431372549,0.00980392156862745,0.00980392156862745,102,7,0.06862745098039216,2,1,1,0.0196078431372549,0.00980392156862745,0.00980392156862745,327.51184900000027,219.745948,0.6709557186127938,246.248,51,4.828392156862745,b35b56fbf50e01487bef7f59ef870fe839ea7b8d3f84afb9014d7c5503a3e4dc,7742f46ba78ed9fa88c087d5ec69553ce3988bd974cf12b77459f3fa28b99e2d,74712,2340bc048d8e68e7ba38dc72037a9f597950a66abae75e72a3d8352e467a8a90,0660ffc4b1e74585568613dae1fcafe0bec63ff7f5f4712230a61167d6de1a86,d444e10826830da9fc6d0fd862334e671e69527b1c3c5323d00a6741fe5f6235,b7eca1bdb0e9aafeb4fcf8471eda4b1e092b531d3b5247f6ab8d96e5f897965d,bfba1ac7a5e79660efd747f7410d41deafd4c0b07622f8b73392013f812cb35b,6.900549,/tmp/buckeye_slicer_D_O0_8_9godadh0
s08,s0803a,O25_4,110,6,0.05454545454545454,2,0,0,0.01818181818181818,0.0,0.0,110,6,0.05454545454545454,2,0,0,0.01818181818181818,0.0,0.0,327.51184900000027,238.95214900000002,0.7295984854581546,267.4359999999998,55,4.862472727272724,5c718a3fdc193cf92e8babe55085d9a6c49c09e1bb11c69c0d3e71192acf39c2,7742f46ba78ed9fa88c087d5ec69553ce3988bd974cf12b77459f3fa28b99e2d,149424,0fc2537d7019b93889998da4406a5cd01776f26cffe40550bc74ef05246605ef,e53edf59d1ff689c2a19a90910710449a6d8bf26bd4c58720ee67affc3074fd1,1b1314b1a10d33b5e5bfd64f4ae0156637ee08bf927b675613f38e6eea48eed8,3e86769d93028384371650e14fcb41e233f0ce0370da31f10153fde79894762f,dd1985857906515253256e36ad0531d50c285ac377584ad4939c750a7ae5c8fb,13.679371,/tmp/buckeye_slicer_O25_4_ik5bz_j8
s08,s0803a,O0_4,104,7,0.0673076923076923,2,1,1,0.019230769230769232,0.009615384615384616,0.009615384615384616,104,7,0.0673076923076923,2,1,1,0.019230769230769232,0.009615384615384616,0.009615384615384616,327.51184900000027,224.6334080000001,0.6858787206810337,251.7880000000003,52,4.842076923076929,87130029b5443647ed1f1febd32ab768bf957a0a1698217eb3cf14b2d00c6ecf,7742f46ba78ed9fa88c087d5ec69553ce3988bd974cf12b77459f3fa28b99e2d,149424,b6d2eb5f80ba82fbdf4454a5b374b2a1ac4038bd65f5a1bfc1f15bb24ec308ab,36daaaccd7734663770c0a88ff0f5bae6cf87542257ac2e01f23d5c989064ea0,6a6e0c1a929a96878274c289e62304b1684895fb1a3ccc351bdb19c4423e954f,68868fa52e1d1a86631f191ec5b4c50f53b155ecf5d05dd161766e921c3617fb,630a7adacc61b6e7de9cd30d0bd40e4e9076c716680aa899170e22e2d2af3836,13.706348,/tmp/buckeye_slicer_O0_4_yr4bzcmq
s08,s0803a,O12.5_4,110,8,0.07272727272727272,2,1,1,0.01818181818181818,0.00909090909090909,0.00909090909090909,110,8,0.07272727272727272,2,1,1,0.01818181818181818,0.00909090909090909,0.00909090909090909,327.51184900000027,236.29042000000015,0.7214713627048038,264.69999999999993,55,4.812727272727272,c4a9d51af35f27f1e99f5960f01d8721e1c9a7ae761cc52d68b81ecc3366390d,7742f46ba78ed9fa88c087d5ec69553ce3988bd974cf12b77459f3fa28b99e2d,149424,40ca40776efd02b7f8e8a9bfc845bb53fe740e297eca91af1f5ab13396133da3,62b086a4ac4902fb0532aa49132883c28ea7680fd8e5106b7cedcaf205ff652f,e9d261383b988aa846eae1217dca9ae1cd47b305ea1f966e1c527c1381bea1ee,f92aced7f878fb7d1e5870f8809832c1dafca8b66f59934a2c50fc59f9194ee4,5a785506cf096c0af59703b02f85a01c0d8a54e33ffc4168eaccbec770935c4a,13.79238,/tmp/buckeye_slicer_O12.5_4_i4390wru
s08,s0803a,O0_2,104,7,0.0673076923076923,2,1,1,0.019230769230769232,0.009615384615384616,0.009615384615384616,104,7,0.0673076923076923,2,1,1,0.019230769230769232,0.009615384615384616,0.009615384615384616,327.51184900000027,224.62940800000013,0.6858665073824549,251.91000000000014,52,4.844423076923079,b8f9c3af61c5c18d8b52a1cdb992e5c98e154bc752c5665b52bea987b6d3c947,7742f46ba78ed9fa88c087d5ec69553ce3988bd974cf12b77459f3fa28b99e2d,298847,5d762eea1fb1049de74e5771bc78f6f37cca3496f6ec2f7697138de1d503bad2,31288114b47f52c91f86cd17b7c9d64192b58d81e2c7d86404c9c5e4f0fc4160,c4742ac1f76ef3334ee83b24a77963548773f656e0c2ed4dd0ef7cfebb043174,d5b630b379480e0a7a5e0a1881f565176b7d5baf9f094666ec740a5efd217206,89ea66b3999a0ae0294c371b1ca801e177f8eb4cd84c29df3dd702f228be7d0b,27.504136,/tmp/buckeye_slicer_O0_2_tv_0d1yr
s08,s0803b,A_O50_8,87,4,0.04597701149425287,3,0,0,0.034482758620689655,0.0,0.0,88,4,0.045454545454545456,3,0,0,0.03409090909090909,0.0,0.0,292.44129599999997,191.74332200000003,0.6556643149331415,220.06400000000005,44,5.001454545454546,72ea8093df3fb11222b7291a784e2272246d6349ad6d5da63900e79412997498,7742f46ba78ed9fa88c087d5ec69553ce3988bd974cf12b77459f3fa28b99e2d,71178,8f3df16bf43877f04928b9d5c1fb892f13a0d0cd86afc3420eed9e41a28ee700,b080b2d5b6ba7806a4dabbe6e077b6de9cba165cc84b1550e54106d07d4a6b0b,3fa576ef92f549446a1d47d3d6888a4b5dc0aeb0038f2c5f93aed0b93282baa8,2ca3c84e45a04981b511aefcf3402ad96b8620b3194a2db2f0804d2833975c22,324381df96a08bdb13f358187df2695984e24e6872bb4a1816eb1253d2a1378a,7.470325,/tmp/buckeye_slicer_A_O50_8_lr7pno31
s08,s0803b,D_O0_8,83,3,0.03614457831325301,3,0,0,0.03614457831325301,0.0,0.0,84,3,0.03571428571428571,3,0,0,0.03571428571428571,0.0,0.0,292.44129599999997,181.8381780000002,0.6217937770320927,209.1519999999999,42,4.9798095238095215,b35b56fbf50e01487bef7f59ef870fe839ea7b8d3f84afb9014d7c5503a3e4dc,7742f46ba78ed9fa88c087d5ec69553ce3988bd974cf12b77459f3fa28b99e2d,71178,f3f6e2532aaf51ba7cfcf33035bc76835f0cae5570409d58e9505358592f7cf7,6e4d5a409111f19ab62e56f55a0f09d32e8d2f75269b8aee3d8e2fde56f89ab6,d886f1f0a80ed81590d877a292c5e546554d1c717734395ec4798c9af903ad96,a1fce48dde08f5e86a9f2a2451e9512611d0e45a98d3d7ef2ac083a41f42baed,e7e21dd5efee12d23894a5b87618b43ee8ff12886f3f234be5aa7c9f7c784f8d,6.813968,/tmp/buckeye_slicer_D_O0_8_2xp5usw0
s08,s0803b,O25_4,89,3,0.033707865168539325,3,0,0,0.033707865168539325,0.0,0.0,90,3,0.03333333333333333,3,0,0,0.03333333333333333,0.0,0.0,292.44129599999997,195.88356100000016,0.6698218195558817,224.41200000000026,45,4.986933333333339,5c718a3fdc193cf92e8babe55085d9a6c49c09e1bb11c69c0d3e71192acf39c2,7742f46ba78ed9fa88c087d5ec69553ce3988bd974cf12b77459f3fa28b99e2d,142355,225624a081f030da3f6380b145210f454db07a94d4a09b4c1e520f0639c6359f,513335e93e607953d7f3964586f82d38470bf547a65e8946719c2c3fab4a413f,c936980cbb677697ac3c12ba1fff26c6708658a4deef747d21f838fb411a3172,8f7305e1446189ab39c25ff01dde3996f86f8eea9abb37e6b3a3d2d8bceba986,0d2cf2acbd3fa76256153f0362d674e16e43c2591cb1a28d91bd98a47105e547,13.432858,/tmp/buckeye_slicer_O25_4_0r4c9kns
s08,s0803b,O0_4,85,4,0.047058823529411764,3,0,0,0.03529411764705882,0.0,0.0,86,4,0.046511627906976744,3,0,0,0.03488372093023256,0.0,0.0,292.44129599999997,185.86415000000022,0.6355605468250977,213.44800000000004,43,4.963906976744187,87130029b5443647ed1f1febd32ab768bf957a0a1698217eb3cf14b2d00c6ecf,7742f46ba78ed9fa88c087d5ec69553ce3988bd974cf12b77459f3fa28b99e2d,142355,001598fb4cb25527b416cbfdd5330646202ec2b8ffc0e8f499d2299ed8b35998,ecbd1b2ecdebd73e146bc1a32c42e54c85097765abdb256dee78f396f39632d9,68ea202a82b145f6d71b0d67b37555b19519f3213eead29d436db3e5ab46ef87,1ed320f650c25e826eb3be6f3884aa8ff745f238dcfc3b3f2b93927a4dd18dac,b3a198e2c1ea47baa0e48fda799968870c9a7925af911b872ce6124f07b91fa3,13.599278,/tmp/buckeye_slicer_O0_4_a_4qfcnf
s08,s0803b,O12.5_4,87,3,0.034482758620689655,3,0,0,0.034482758620689655,0.0,0.0,88,3,0.03409090909090909,3,0,0,0.03409090909090909,0.0,0.0,292.44129599999997,191.31288600000013,0.6541924434639359,219.50799999999998,44,4.988818181818181,c4a9d51af35f27f1e99f5960f01d8721e1c9a7ae761cc52d68b81ecc3366390d,7742f46ba78ed9fa88c087d5ec69553ce3988bd974cf12b77459f3fa28b99e2d,142355,a63e91f8f403870cb2010f7c96112ff7550be6836a2bea61bf4a053e67c03d09,f889e2a36025a46bcbb7295d30b13d09e7beffb912461f1120b545f35172baf1,2863bee7f896cee1ed8af9cef00857a3632175536622b68bbb4bd1fb63a8f5b2,6c2f05ad3d812fbb96621d3bb077dd880481425eeba5be383ee5547779374e09,0cb61f65232bc8e55e3face30e20d9bbceef1a18f18b6ca084ade9ae194eca34,13.525176,/tmp/buckeye_slicer_O12.5_4_ndhyp24_
s08,s0803b,O0_2,85,4,0.047058823529411764,3,0,0,0.03529411764705882,0.0,0.0,86,4,0.046511627906976744,3,0,0,0.03488372093023256,0.0,0.0,292.44129599999997,185.86215000000024,0.6355537078456945,213.64600000000033,43,4.9685116279069845,b8f9c3af61c5c18d8b52a1cdb992e5c98e154bc752c5665b52bea987b6d3c947,7742f46ba78ed9fa88c087d5ec69553ce3988bd974cf12b77459f3fa28b99e2d,284710,671c0662a4ffa1a6ee8f6119da82a242f34fadf5ce89cc5267b0924427fd6cc3,318b968523b59655b6e8a9cb4646ba96bc256681ea5c717c3fb55caae1ff40c2,0ec42cf6c23967d00f374506b4e526745c8ea932ac0d29894e08e8d1cbb0c1bb,bd353d3fc7ce6014d60e5648b46c09ac0abd496bef8631b931ec6dcbb070a4bf,ecca0f5624d38cb8a43b1d7c95e38ae82586fc6b1c91ba8b5f6606bbaf3f4f00,26.931553,/tmp/buckeye_slicer_O0_2_1_xw02nk
s08,s0804a,A_O50_8,19,2,0.10526315789473684,2,1,0,0.10526315789473684,0.05263157894736842,0.0,20,2,0.1,2,1,0,0.1,0.05,0.0,90.74609900000007,49.02971999999998,0.5402956219638703,55.27999999999998,10,5.527999999999998,72ea8093df3fb11222b7291a784e2272246d6349ad6d5da63900e79412997498,7742f46ba78ed9fa88c087d5ec69553ce3988bd974cf12b77459f3fa28b99e2d,23174,0c105226542aa5c3a19c5961777d72e51bf03480d82e23ce0ce8e0324454a2bb,e47cd1c92e2f82024482bb7b73ce34e8f42b591f66ad30659b12c3968eee4032,afc06d7119e782e9a1c15e09f0393a6fee173fd7d7327adbe3769b7a196dcfe2,e6b5100749f22426ea22ce3d5fcacda4a2841a8329e9491728299d9aed20fee4,90ddec3ddb1d2c78e8ee9f92469cff5be291cbaa61ea62d303f7932e26bb87f6,2.443337,/tmp/buckeye_slicer_A_O50_8_rqgqivgl
s08,s0804a,D_O0_8,18,1,0.05555555555555555,1,0,0,0.05555555555555555,0.0,0.0,18,1,0.05555555555555555,1,0,0,0.05555555555555555,0.0,0.0,90.74609900000007,48.85475499999997,0.5383675501026213,54.83999999999999,9,6.093333333333332,b35b56fbf50e01487bef7f59ef870fe839ea7b8d3f84afb9014d7c5503a3e4dc,7742f46ba78ed9fa88c087d5ec69553ce3988bd974cf12b77459f3fa28b99e2d,23174,82939c7cdd6cd97310ecc4fad745bf13e9aa2b1c6ef234a3c7ae40dbf50a57d2,d6293d63b2b05cb14475ffd123dffe041b78ad34e82bf5b892e5de29478e05ca,bfa186c64ca7af6a54f107fbbf75e68fab50e04ad976ed74dc879d3e9f67c423,974f00f4b9518a6614ead8f57074bb561448ef76cff232a832ad87d1a08ce617,68e9dfeb35d63640d5399809ba01e91da7820cdc66cb50c449e89aeabec1eaf7,2.156705,/tmp/buckeye_slicer_D_O0_8_adn3q7fa
s08,s0804a,O25_4,19,2,0.10526315789473684,2,1,0,0.10526315789473684,0.05263157894736842,0.0,20,2,0.1,2,1,0,0.1,0.05,0.0,90.74609900000007,49.02571999999998,0.5402515429340928,55.47600000000001,10,5.547600000000001,5c718a3fdc193cf92e8babe55085d9a6c49c09e1bb11c69c0d3e71192acf39c2,7742f46ba78ed9fa88c087d5ec69553ce3988bd974cf12b77459f3fa28b99e2d,46348,86cd53d4f08bb0edf19dea098e664c147aa791394f757ffda4ac7f7618b59eec,0efd8202ef6e7861ff3a0096175aedff198893d64bd5ad1b878a4e84421c07b4,8f246a9060ce3146bcfad172c9400438a59175fdf337dce41208f631a3263445,971ac3439313a994489e08f6b81e38e7a73b1bd226f7c3d44ae9c45d34319e77,449d1f0924bc3772a9c631edacc0fd2375aee04a8636e3070d48341af9793797,4.309225,/tmp/buckeye_slicer_O25_4_20xfsvmg
s08,s0804a,O0_4,18,1,0.05555555555555555,1,0,0,0.05555555555555555,0.0,0.0,18,1,0.05555555555555555,1,0,0,0.05555555555555555,0.0,0.0,90.74609900000007,48.85475499999997,0.5383675501026213,54.97999999999999,9,6.108888888888888,87130029b5443647ed1f1febd32ab768bf957a0a1698217eb3cf14b2d00c6ecf,7742f46ba78ed9fa88c087d5ec69553ce3988bd974cf12b77459f3fa28b99e2d,46348,8900aa01a88a8928cdd7169385254ac93ebaca7cb4ddf652a7d73cd634ad108c,be383aebe6aeec9387364f3bc02736ea648c8bd7e9577d4fc841a00176fe8e77,a1818ced80b52a7eee6a182c9a92090c83f94b440bfebca2dfed9e8beca9681a,8b59b89187777e673694a40e2e8a66b3cb03f9f518c9dbda9d17e6e5464e3c79,d74453476b567a8efbb8d3fb792fe86711c0b437f8d1315a00174a4f5ada5ff9,4.231342,/tmp/buckeye_slicer_O0_4_9w69ine7
s08,s0804a,O12.5_4,18,1,0.05555555555555555,1,0,0,0.05555555555555555,0.0,0.0,18,1,0.05555555555555555,1,0,0,0.05555555555555555,0.0,0.0,90.74609900000007,50.34557299999999,0.5547960028562765,56.396,9,6.266222222222222,c4a9d51af35f27f1e99f5960f01d8721e1c9a7ae761cc52d68b81ecc3366390d,7742f46ba78ed9fa88c087d5ec69553ce3988bd974cf12b77459f3fa28b99e2d,46348,d13843ce5edb85c4747d936df22330d0272785d693c3ff7b4702db0175445cbc,5798fd89b56db94fa8d35283c9e641a8a1686bd029114f0e4a2c01d55acdce5c,1f598076c8c248447d2b7295c55642fc3180f5c9f90142ea2140c7d49ddf7fc9,e7dee972f711fe65483e439851237ca0e2f89f9958579df2c74c572c7ec5b655,902c518d47c3af7ee1c557d6e0a204811d0a9a03b1dccd8ac48d08505c32d399,4.252829,/tmp/buckeye_slicer_O12.5_4_t944m0xt
s08,s0804a,O0_2,18,1,0.05555555555555555,1,0,0,0.05555555555555555,0.0,0.0,18,1,0.05555555555555555,1,0,0,0.05555555555555555,0.0,0.0,90.74609900000007,48.85475499999997,0.5383675501026213,54.98000000000002,9,6.108888888888891,b8f9c3af61c5c18d8b52a1cdb992e5c98e154bc752c5665b52bea987b6d3c947,7742f46ba78ed9fa88c087d5ec69553ce3988bd974cf12b77459f3fa28b99e2d,92695,cabe3315d4f11d6602b3d8c1fcd0c11018e10a977657e4fb8e0537a558a376b0,c511a895ba6e659652a5c3f14181355505941cbb3bf9406b9f267becac2abdad,0ba5bbda009eaa95e6542d29ce35809f88298380f834a2bf756db0f0991f4d15,1f15d8be6973ea2d60ba81cfa28b2ef227643fbcfd5e0523ed62a8635414e4d9,c3ffba9f8d259a65ac731692086adc2b34efa5bb33663b204644f19b39b2ea93,8.501066,/tmp/buckeye_slicer_O0_2_u2w9_lwp
s09,s0901a,A_O50_8,99,12,0.12121212121212122,10,3,1,0.10101010101010101,0.030303030303030304,0.010101010101010102,104,13,0.125,11,4,2,0.10576923076923077,0.038461538461538464,0.019230769230769232,319.76242100000013,235.67006900000013,0.7370161517509902,272.0800000000001,52,5.232307692307694,72ea8093df3fb11222b7291a784e2272246d6349ad6d5da63900e79412997498,7742f46ba78ed9fa88c087d5ec69553ce3988bd974cf12b77459f3fa28b99e2d,75100,d8c4e139e3bf0752b782cce74c5704d790570d4c8ad1df947c305a5aa9b10e19,abdd3ffc7826dbed58cc2f6d20cfc27c206da7781c69036f2652de51c142e5e2,c331f8b5362943f9bcc2e0c8b406d710d1147510aea5eb73e7464f696dcdbbad,fb6d0f8e7370bcee8289b247817b2966930079837264fd0b4647075b3b4e031b,8ec1441528dca7feff32902aa316fe05986cdd38fdad7b00f9eca4f932fd2af9,7.248864,/tmp/buckeye_slicer_A_O50_8_e6069z88
s09,s0901a,D_O0_8,91,11,0.12087912087912088,7,3,1,0.07692307692307693,0.03296703296703297,0.01098901098901099,94,12,0.1276595744680851,8,4,2,0.0851063829787234,0.0425531914893617,0.02127659574468085,319.76242100000013,213.19875000000008,0.6667411052657748,244.6159999999998,47,5.204595744680846,b35b56fbf50e01487bef7f59ef870fe839ea7b8d3f84afb9014d7c5503a3e4dc,7742f46ba78ed9fa88c087d5ec69553ce3988bd974cf12b77459f3fa28b99e2d,75100,9295b5b162e29f10bc0d7373b3b6b9ec485a0126fcad0241a18f4760dd6d221e,4b8d30c0e9b8e9ae65575d042b48facac592dbf6bc02eeee9fe94c6bc29623b1,ffcef45d6ded4ddaf8f1a8797aa3a3b15ab4280b443d7cb78d2ab1fc81b851da,30b8a56051940ec96ab1b7c9e88b9cb402b231792b062126b8d51a39619c89da,5403f1eb0dbfbc4fe0a33acc392bf861bf95868101b18fc527416cf2422c82e3,6.951442,/tmp/buckeye_slicer_D_O0_8_8dhmol5r
s09,s0901a,O25_4,99,10,0.10101010101010101,6,3,0,0.06060606060606061,0.030303030303030304,0.0,104,11,0.10576923076923077,7,4,0,0.0673076923076923,0.038461538461538464,0.0,319.76242100000013,234.91538800000018,0.7346560213840765,271.8400000000001,52,5.227692307692309,5c718a3fdc193cf92e8babe55085d9a6c49c09e1bb11c69c0d3e71192acf39c2,7742f46ba78ed9fa88c087d5ec69553ce3988bd974cf12b77459f3fa28b99e2d,150200,f50729558daa178d497f1e920cfa2849092260ef20bac4c5dcd70742dd0c1222,30b572d1dfc541a078ae74254c76d2080c23254b0027e3911f28202530bf7112,bcbf56025492512581b4d3257d2710174bf7a3317a0642af7f8e1315fe174f5e,06a2b8350c447d25d72bda092127c411bafa04f8701fa00918141722e4815366,20e9277878cafdc56002e97f96c56bf1c8475a0292a7e779fc923f2bc6230c16,13.877147,/tmp/buckeye_slicer_O25_4_j2isx53n
s09,s0901a,O0_4,92,10,0.10869565217391304,6,3,1,0.06521739130434782,0.03260869565217391,0.010869565217391304,96,11,0.11458333333333333,7,4,2,0.07291666666666667,0.041666666666666664,0.020833333333333332,319.76242100000013,217.27399700000012,0.6794857141765261,250.272,48,5.2139999999999995,87130029b5443647ed1f1febd32ab768bf957a0a1698217eb3cf14b2d00c6ecf,7742f46ba78ed9fa88c087d5ec69553ce3988bd974cf12b77459f3fa28b99e2d,150200,01f4b7790ae550e058d482e360f9da7bfaf572885f0558d9f78573bae2fc1a4b,3c9b6f06e72aea7bd62e4afb7d569d5c29fab529bddad5bdd222dcad4bd72c8e,1dfcf9ccad5bec31bb7dc6059dfca75495f151d4ac1d33679d7c79e221f71741,1f07f10c83dbc027a5e0be320bc9c5986b6e8d287460db5d83712d23134918e4,a60cca58cc96a9d3b55d885e8acf9df1bd3a0c347cf74b4aa45aac703ed492eb,13.792886,/tmp/buckeye_slicer_O0_4_kz0qb_kf
s09,s0901a,O12.5_4,97,9,0.09278350515463918,7,3,0,0.07216494845360824,0.030927835051546393,0.0,102,10,0.09803921568627451,8,4,0,0.0784313725490196,0.0392156862745098,0.0,319.76242100000013,231.50484700000015,0.7239901620584742,268.34799999999984,51,5.261725490196075,c4a9d51af35f27f1e99f5960f01d8721e1c9a7ae761cc52d68b81ecc3366390d,7742f46ba78ed9fa88c087d5ec69553ce3988bd974cf12b77459f3fa28b99e2d,150200,ce8f99899382311c3f0cb39a603278cb3149fc5ad0f618d22c392ecdf47f6142,f291103fbe3d450a8484607849bc76770ce589b2a5fc49fd63348ee2f04fc08f,7a844af0b06a509fa0757fc54062fd4c6681f4e47b01546d32296605373ca461,b9a797a191ddcf0f58e8a35eb4648c6c3d54c6b1879fee070b06470aeeb4a945,23ebb6c3b8f117bfc30f6695a7683cc9a7bc28e25726828d567af9c34bdbbea1,13.907292,/tmp/buckeye_slicer_O12.5_4_ukvlgwqz
s09,s0901a,O0_2,96,11,0.11458333333333333,6,3,0,0.0625,0.03125,0.0,100,12,0.12,7,4,0,0.07,0.04,0.0,319.76242100000013,222.0933520000002,0.69455738828047,257.9320000000002,50,5.158640000000004,b8f9c3af61c5c18d8b52a1cdb992e5c98e154bc752c5665b52bea987b6d3c947,7742f46ba78ed9fa88c087d5ec69553ce3988bd974cf12b77459f3fa28b99e2d,300399,36eef14ff9f0fad126983457dd7991fa8fd629c46a02192c820d25ce81085acc,5bd6cca5b5a2887d9bba165eebb2f07a07088e834f9986cd3887c5de4c5805bc,046bc77e00683f880bf91582e87c4cd2dd500379be11b50cfe99f883ea895004,aa97d6ef12ba9c1af0ef7c4b2e0042cd002abe0183642192f041e99ce9d4b0f3,9fa4acd65a20ca3604c38d06edd776ab5f537330cfb1834481c2b8e356580af8,27.732505,/tmp/buckeye_slicer_O0_2_al97ifqi
s09,s0901b,A_O50_8,73,6,0.0821917808219178,4,0,0,0.0547945205479452,0.0,0.0,76,6,0.07894736842105263,4,0,0,0.05263157894736842,0.0,0.0,273.5998189999996,162.8267389999996,0.5951273637355726,186.37600000000018,38,4.904631578947373,72ea8093df3fb11222b7291a784e2272246d6349ad6d5da63900e79412997498,7742f46ba78ed9fa88c087d5ec69553ce3988bd974cf12b77459f3fa28b99e2d,70935,b5cc7fd37de65e8e0ea5d9f09ce9e01bc9be27b37c47d7848a4d02644e583178,d901e31e450735a1a5fd8bf88ab62725c2783dd2bf581f2b44739128642ca68b,e962e53b2eb6f58038c1ad08cd4a1ff8f4a593ca220377720acb0608e9793f2f,1ab39437bed98d0eeccd98076194a30b0028bd6842e1fdf60f5dc061e0f3ba91,ecf942924b81e653966961d59f510b9f077713c6ced7202d63fba36fc68c5085,7.012342,/tmp/buckeye_slicer_A_O50_8_rvgum5ux
s09,s0901b,D_O0_8,69,6,0.08695652173913043,4,0,0,0.057971014492753624,0.0,0.0,72,6,0.08333333333333333,4,0,0,0.05555555555555555,0.0,0.0,273.5998189999996,153.89978499999964,0.5624995863027228,176.25599999999986,36,4.895999999999996,b35b56fbf50e01487bef7f59ef870fe839ea7b8d3f84afb9014d7c5503a3e4dc,7742f46ba78ed9fa88c087d5ec69553ce3988bd974cf12b77459f3fa28b99e2d,70935,aff9d5c6e25692a5c11abca748163bcead1726159ba45b59afbc0d64e1f5f7d0,a4c19c116c54982d0cd9b5fb946c7d38fca704f6861a7298ef9a3083a481e05d,3dd2ad6007fbf58f6dde502ae37c6167f29dfb019fbab1e91fe6c4a166fcf394,e0fd3cc619e613ba30ed8aa15b5d5ccb9f4ad67997a4062167d01cfcbd94f246,481d52b860ad4f1a807a65926f94d058de5aa65e3faf0a260c55ce61f3e1edfa,6.670122,/tmp/buckeye_slicer_D_O0_8_kxtinhzt
s09,s0901b,O25_4,70,6,0.08571428571428572,3,0,0,0.04285714285714286,0.0,0.0,72,6,0.08333333333333333,3,0,0,0.041666666666666664,0.0,0.0,273.5998189999996,157.85857399999966,0.5769688539157983,180.45200000000006,36,5.012555555555557,5c718a3fdc193cf92e8babe55085d9a6c49c09e1bb11c69c0d3e71192acf39c2,7742f46ba78ed9fa88c087d5ec69553ce3988bd974cf12b77459f3fa28b99e2d,141870,c5908b56f07eb38460e5db31e20be64b1f667255221ae51b2ad59b38ffa1c59f,5b83775ad4cb3829f6fbe4abc469353deedb6db89589fc4b59aa12f857d302d5,5a6a1be032fcb37416027faa816652723a0bbf407c733e51e37aba5e2eb5b9a7,ee1bf7dcf5589ede055bef43cbafbaf30c54b8903bbe97823c6f3a1971a92447,361f984b9804d3c31b7e4ffba718e1f3f1d31b5ca6a7d27ab29fd4f21de940b5,13.400906,/tmp/buckeye_slicer_O25_4_qsg6edj2
s09,s0901b,O0_4,69,5,0.07246376811594203,3,0,0,0.043478260869565216,0.0,0.0,72,5,0.06944444444444445,3,0,0,0.041666666666666664,0.0,0.0,273.5998189999996,154.99712099999957,0.5665103199501743,177.58800000000002,36,4.933000000000001,87130029b5443647ed1f1febd32ab768bf957a0a1698217eb3cf14b2d00c6ecf,7742f46ba78ed9fa88c087d5ec69553ce3988bd974cf12b77459f3fa28b99e2d,141870,d0861d31ba099fd02dc38283383d31d8a69aa323e26ed74834d88adb65b35d30,79a96062c7c5f07397a0adb284d13d96b68a8f1b971a6f706742c2f879449dff,b22a6df98c8dd00b3701fc6a03d0b616c65b3362f3911a2e39b0ef7af5dc873b,22aa9cdb32edf939e0171011f929a104ba392eb05e497b072b20fe5d3eccdd0f,9b4e5db3de0f0a456fb3e710bbaf0324c87dcce6a72d0a9644983d1f33b75cff,13.544526,/tmp/buckeye_slicer_O0_4_k2_efeyp
s09,s0901b,O12.5_4,68,7,0.10294117647058823,3,0,0,0.04411764705882353,0.0,0.0,70,7,0.1,3,0,0,0.04285714285714286,0.0,0.0,273.5998189999996,155.30557399999972,0.5676377073919041,177.4040000000001,35,5.068685714285717,c4a9d51af35f27f1e99f5960f01d8721e1c9a7ae761cc52d68b81ecc3366390d,7742f46ba78ed9fa88c087d5ec69553ce3988bd974cf12b77459f3fa28b99e2d,141870,1203e686aca4ff015f826a4e7531e36fc2ee11ec6eb0088b61fed2be08659b7d,43fcddc94bf3b42c83ebf9b099b4cc869f2559fc244b0a936909c40428386cc9,192d8eaaf111da13eb0ee29eb235922a267f21e1506afe9e7c594a49527dc64f,31c4ce09a3b80a5bb5a9b4a76b8eef51f3d40ca891e2ce035a91111c790cea44,8e831e4589be0f9b6342657f112bc4ffd9fc01242411e62d062123b6a7f26a05,13.427547,/tmp/buckeye_slicer_O12.5_4_qn7ylwmc
s09,s0901b,O0_2,69,6,0.08695652173913043,4,0,0,0.057971014492753624,0.0,0.0,72,6,0.08333333333333333,4,0,0,0.05555555555555555,0.0,0.0,273.5998189999996,154.95484499999958,0.5663558023040935,177.57799999999992,36,4.93272222222222,b8f9c3af61c5c18d8b52a1cdb992e5c98e154bc752c5665b52bea987b6d3c947,7742f46ba78ed9fa88c087d5ec69553ce3988bd974cf12b77459f3fa28b99e2d,283740,5b7bbe4f183db179b71d831143e2d88ae4d082fec3e73b56f6549fe09c20326e,09bdd05e1ea5694f66148ae15ecda02f81868f0d6b023c7e9d88fc0c4fc655a8,6b4cb3ce78acc6a2b2cc03ac64295fb6e33853658713f2282a08a917c5ba4a17,ed6bab48751c539947eb4d0b5b5c384986f102b86b77af275676ef0f4d24c440,3c65ae5a4bb90f4ea542b8de1ca97db8b445b76cb2c2486978f7808ad100e1e0,26.88777,/tmp/buckeye_slicer_O0_2_7i98bkv5
s09,s0902a,A_O50_8,86,15,0.1744186046511628,11,1,0,0.12790697674418605,0.011627906976744186,0.0,90,15,0.16666666666666666,11,1,0,0.12222222222222222,0.011111111111111112,0.0,284.41532999999964,207.7244470000001,0.7303560149166375,232.42400000000015,45,5.164977777777781,72ea8093df3fb11222b7291a784e2272246d6349ad6d5da63900e79412997498,7742f46ba78ed9fa88c087d5ec69553ce3988bd974cf12b77459f3fa28b99e2d,79567,6e4e3a7026db4a8ab19000798245755267ff0e68d58a038233d3b26d98dfaa78,477343dc71a0695ddbf89ed9387ee5eda8120c9d7248f25724c3d4a726589a94,514e93f35598da7658911d74c81442399878391218dd333f1f2c8641e06876d0,b21247c5e6c398e0fb827d529df68efb4319ab81d2fa42f1c583de4c6aa0c21f,1fe5be97ab7d58add733096cabc31c2e68544514400a1403e07f4d07e7c72b9e,7.792508,/tmp/buckeye_slicer_A_O50_8_tm6blj0o
s09,s0902a,D_O0_8,79,16,0.20253164556962025,11,1,0,0.13924050632911392,0.012658227848101266,0.0,80,16,0.2,11,1,0,0.1375,0.0125,0.0,284.41532999999964,197.12761199999989,0.6930977032778091,221.36000000000004,40,5.534000000000001,b35b56fbf50e01487bef7f59ef870fe839ea7b8d3f84afb9014d7c5503a3e4dc,7742f46ba78ed9fa88c087d5ec69553ce3988bd974cf12b77459f3fa28b99e2d,79567,716c2af9b3720f08308d4f410b6eb281e327774da37e941dd360a8874c610be7,1b599608e8f5f4a82cff5697a4dceb183964d848d0e65d765477a99b2cc455a1,0919e4d3dc298f2dade2e382b6adeba810a7c1d7c4d1b82de67ea99d91aefc7a,12c18bcad410903c5dc8bc7800f2f9c268dfe8a5d1e4faec6e3272c528b418b4,c57b43f0136494e13b58dbcf234174b2cb1d4fd407a1c869733a7341e345e7ff,7.317826,/tmp/buckeye_slicer_D_O0_8_e4zbuvsw
s09,s0902a,O25_4,84,17,0.20238095238095238,12,0,0,0.14285714285714285,0.0,0.0,86,17,0.19767441860465115,12,0,0,0.13953488372093023,0.0,0.0,284.41532999999964,202.454042,0.711825350623682,228.14400000000006,43,5.305674418604653,5c718a3fdc193cf92e8babe55085d9a6c49c09e1bb11c69c0d3e71192acf39c2,7742f46ba78ed9fa88c087d5ec69553ce3988bd974cf12b77459f3fa28b99e2d,159134,616f23b0a8a2aa04c8af8e94e27ecc8ab3f2934750f29f301d458a10486cdee8,73a281db0a51aa1a13978d757676d3dda29a57d31179372398d9a7a81ba54364,1ef494dfc3b9d761eae667be6c62f9ac0f86008c85f7f3f316117e6536dad7b3,05b4c13e8bd365d0612b23cd1c0aa4078d1084401158cd21602df6385fe57393,3797de0ab67c23e99c15989e313c1fff82d1e8848f2667e4cd50d9deca4586c6,14.720549,/tmp/buckeye_slicer_O25_4_kbg8oclm
s09,s0902a,O0_4,80,16,0.2,12,0,0,0.15,0.0,0.0,82,16,0.1951219512195122,12,0,0,0.14634146341463414,0.0,0.0,284.41532999999964,197.11485099999993,0.693052835794752,221.52000000000004,41,5.402926829268294,87130029b5443647ed1f1febd32ab768bf957a0a1698217eb3cf14b2d00c6ecf,7742f46ba78ed9fa88c087d5ec69553ce3988bd974cf12b77459f3fa28b99e2d,159134,0aad6e3d5fe6c575d9798c207ab0e76aad294c1db2bb26ec9e41c66c381d9173,5d9874212973666141acaef2a02e1208b027594da19c7e4a37e8edefd3ba62d8,9aba95aec0199431c79f758adcd0ed5507dd34d73bf9305a25fbc15af6126f7f,3d47ee8c92862e0e9f1a8bf4063a02200611c630d63c515e709c944a5c17fe8b,bf7f7652952f10b3dcbae7647be591dada76d4f8f6f7c69096367b70d8c1ba75,14.641541,/tmp/buckeye_slicer_O0_4_02n1dn4o
s09,s0902a,O12.5_4,84,16,0.19047619047619047,12,1,0,0.14285714285714285,0.011904761904761904,0.0,86,16,0.18604651162790697,12,1,0,0.13953488372093023,0.011627906976744186,0.0,284.41532999999964,202.50030199999978,0.7119880000842431,228.28399999999993,43,5.308930232558138,c4a9d51af35f27f1e99f5960f01d8721e1c9a7ae761cc52d68b81ecc3366390d,7742f46ba78ed9fa88c087d5ec69553ce3988bd974cf12b77459f3fa28b99e2d,159134,87db5fa30e1ceb86613feca463f369939fd5d57fc46c151e796ad1e74d4a937a,7247823a7bec199f4c1edfb7e135ce0c187db9338bf5a3f1c3462a23bc50b3ae,e675df19eaa9584563a2b882c6ca6e1dbcb89bb2af41f2922c63b156217f6dd8,3131c340b29f5b93a82a1ea941102fb503148c56843e88a91e468e4e11089f05,0c92104d7f1aef444b6992a8940297fc8e748abb2b9f986eaaaf2cc4c811d299,14.759382,/tmp/buckeye_slicer_O12.5_4_jwgd0g2i
s09,s0902a,O0_2,82,18,0.21951219512195122,12,0,0,0.14634146341463414,0.0,0.0,84,18,0.21428571428571427,12,0,0,0.14285714285714285,0.0,0.0,284.41532999999964,199.61437799999996,0.701841134934605,224.99999999999994,42,5.357142857142856,b8f9c3af61c5c18d8b52a1cdb992e5c98e154bc752c5665b52bea987b6d3c947,7742f46ba78ed9fa88c087d5ec69553ce3988bd974cf12b77459f3fa28b99e2d,318267,8a722e7fe54840a1de884f9bd80703af9ba7f037078e4ca0ab6f1bf8ffb56a1e,63a63f773d40c27ee416c97755664b4d673c35400b997ea0814b210b4519f9dc,55e608f972c8d4205c4551c1bb254a5c7de7826830ea6fa8a6d1079138434f6d,6f83e0f7ed51a59513b82ed64721ce29ce2b68a5d946ccd9b348c93645632118,331082b03a5610761f1cba53367d02482c503c55462f3f6d8d43158f137b3164,29.139856,/tmp/buckeye_slicer_O0_2_4jxesw8p
s09,s0902b,A_O50_8,70,10,0.14285714285714285,6,0,0,0.08571428571428572,0.0,0.0,74,10,0.13513513513513514,6,0,0,0.08108108108108109,0.0,0.0,254.63442900000018,175.4186140000001,0.6889037538596164,197.23200000000008,37,5.330594594594597,72ea8093df3fb11222b7291a784e2272246d6349ad6d5da63900e79412997498,7742f46ba78ed9fa88c087d5ec69553ce3988bd974cf12b77459f3fa28b99e2d,66675,104928c750349caa35ef60425d7db079b7f952cdedd3e3e434b754d6166a9c26,5a2f93829962381a49f06a85f64a57c45ebe203d8312a5335064ac33fc8fdad4,eb3bd582145fa18208b624d11de840fae00d600381329fae0b7656a9c253bd12,95287e002761195b54671828516137755dc6bbb802f416040f76bbcd642e2bdd,5b2db9330ae5e0c456c4cd723e63e9fc86d5e3b37fb76932c6c23c8e4a01d32a,6.789325,/tmp/buckeye_slicer_A_O50_8_abv0n5dj
s09,s0902b,D_O0_8,70,9,0.12857142857142856,6,0,0,0.08571428571428572,0.0,0.0,74,9,0.12162162162162163,6,0,0,0.08108108108108109,0.0,0.0,254.63442900000018,170.42160600000005,0.6692795105095546,192.52800000000002,37,5.20345945945946,b35b56fbf50e01487bef7f59ef870fe839ea7b8d3f84afb9014d7c5503a3e4dc,7742f46ba78ed9fa88c087d5ec69553ce3988bd974cf12b77459f3fa28b99e2d,66675,84d1165640be5f154b0224fe1e35baac5f2e37f05019891552110a400a346021,f64ed244dbb79343f7fa4357fd79bb9dd29d75e78f8f7d9af210b4e8da8a19bc,bb34702cd68053e21b3bb03fed3b26155bc959243a24db3fd72924f45965424b,44d6020190eaadf981031a707ca994b3e615fe683b74bccb66dabc4fd4571466,291e30684475e76db74a3f1fb5d98f8fcb5c16cbc7f9a1a772a830b578453243,6.292263,/tmp/buckeye_slicer_D_O0_8_zx4eri4x
s09,s0902b,O25_4,71,9,0.1267605633802817,5,0,0,0.07042253521126761,0.0,0.0,76,9,0.11842105263157894,5,0,0,0.06578947368421052,0.0,0.0,254.63442900000018,175.8283090000001,0.6905127075333555,197.91200000000003,38,5.20821052631579,5c718a3fdc193cf92e8babe55085d9a6c49c09e1bb11c69c0d3e71192acf39c2,7742f46ba78ed9fa88c087d5ec69553ce3988bd974cf12b77459f3fa28b99e2d,133350,95f78023c61dd53254a44dd88be6f28dd4ed5ff79e24d515eb7edbbb22a57da2,86fa7c457c98fac92dff3a3930b264edffce874f053ec6d9ea91b5f06a5887ff,5e28fea23defbcf3b1eaccac8358dfb47517f7cf047936ec02c5b078f23e7488,71a534976c099f40da435a32a9c80c48f24924a315806d24ac816b0b38d9e329,737ff78e27191f232bff9c5018b6b8d68ebc01175dcb013168e67c5ca543f629,12.614292,/tmp/buckeye_slicer_O25_4_jsqeilae
s09,s0902b,O0_4,68,9,0.1323529411764706,5,0,0,0.07352941176470588,0.0,0.0,72,9,0.125,5,0,0,0.06944444444444445,0.0,0.0,254.63442900000018,168.00375000000008,0.6597841095557426,189.57999999999996,36,5.26611111111111,87130029b5443647ed1f1febd32ab768bf957a0a1698217eb3cf14b2d00c6ecf,7742f46ba78ed9fa88c087d5ec69553ce3988bd974cf12b77459f3fa28b99e2d,133350,8c7f563e344f915357d4e46dfb6972efb89408ee6554a535e06efb60262e9b7f,4261b49fe344e165393866dd900e69893173fa474b29a87911c33aab7274c6ca,aa6608a2106e6de2fde871220af68eb1989e6dce9036c45d7e1235def24d8417,b317fd19e713ea8912c2fc8a2d5127ec6f9b742e510218c7082025355818189e,40a5b0ecd444b5d6a7c40c510bc004941d5ef9832866e836b54ae5a3009d0d24,12.471379,/tmp/buckeye_slicer_O0_4_ntpdx4a9
s09,s0902b,O12.5_4,71,8,0.11267605633802817,3,0,0,0.04225352112676056,0.0,0.0,76,8,0.10526315789473684,3,0,0,0.039473684210526314,0.0,0.0,254.63442900000018,176.41998100000006,0.6928363210459648,198.66399999999996,38,5.227999999999999,c4a9d51af35f27f1e99f5960f01d8721e1c9a7ae761cc52d68b81ecc3366390d,7742f46ba78ed9fa88c087d5ec69553ce3988bd974cf12b77459f3fa28b99e2d,133350,28d114692bc0d12d27554b7f76d9cbc1b4cab386b058a94247694e4bff81e16a,493a17b00bb1f5c2b7d3d137ba253229c4771f15cb53e201131186a3055d3b0e,65cb6a1259e0fcec877588cb7fd8e2eb94a75249f734df583def4c941f89f0d6,394d0bdaa25a300565aefc84cf3a3dded7c538390697446748d99f3d860aaa51,c5ac83ef913169508747f935f4fa98dba12f407a503995ba9a1cfaf479a3bc45,12.76361,/tmp/buckeye_slicer_O12.5_4_vc44aeo7
s09,s0902b,O0_2,68,9,0.1323529411764706,6,0,0,0.08823529411764706,0.0,0.0,72,9,0.125,6,0,0,0.08333333333333333,0.0,0.0,254.63442900000018,167.9937500000001,0.6597448375686855,189.59999999999982,36,5.266666666666662,b8f9c3af61c5c18d8b52a1cdb992e5c98e154bc752c5665b52bea987b6d3c947,7742f46ba78ed9fa88c087d5ec69553ce3988bd974cf12b77459f3fa28b99e2d,266700,801d4345882698ef13cd89ed403bdd4dadb889e58081f66c0d06df4f74d34275,770c2b78c6b2ce348065e9ffb3904ab123b219419c32cce370aafd81b660b5a5,6ab6b27e6a1bb0bb393a9af4489a462044c442e4527f7d9a54269d0cf6d46ba0,8a5455c26b1fa232ccbb5e54bde97f1349973361a633d0d4cd9ff0c92b611815,a39212d31e95020266fbc80042cf23e1f6016643faf4cc832ee4b773327551b5,25.180596,/tmp/buckeye_slicer_O0_2__qc5dmzk
s09,s0903a,A_O50_8,87,11,0.12643678160919541,5,2,0,0.05747126436781609,0.022988505747126436,0.0,92,13,0.14130434782608695,7,4,0,0.07608695652173914,0.043478260869565216,0.0,327.9295140000001,217.1623169999998,0.6622225439580279,243.18399999999997,46,5.286608695652173,72ea8093df3fb11222b7291a784e2272246d6349ad6d5da63900e79412997498,7742f46ba78ed9fa88c087d5ec69553ce3988bd974cf12b77459f3fa28b99e2d,75003,18bd8b33f7ffdfbec3c4b472b9ac9f9f603b519f4fc403cf031cac276a936e28,aaa2e56704bd1c0d8ca8c605148aee260585d40e6351c631d276e085267cadc4,fdba7b6aebd9f09368ee6c3cc516833cb7e403bb4fbcee2564383e37a886db96,36b98491fd8718e14e445d9c995209002df98d730ae0d992ba6a61ccaa01fc54,0dce6d58c6512f98a1082329b09f1c0927a98ae3553fc1533776a077dda8c5b3,7.290072,/tmp/buckeye_slicer_A_O50_8_d8mjkdc5
s09,s0903a,D_O0_8,84,5,0.05952380952380952,3,1,0,0.03571428571428571,0.011904761904761904,0.0,88,6,0.06818181818181818,4,2,0,0.045454545454545456,0.022727272727272728,0.0,327.9295140000001,201.83622799999995,0.6154866194812825,227.8960000000002,44,5.179454545454551,b35b56fbf50e01487bef7f59ef870fe839ea7b8d3f84afb9014d7c5503a3e4dc,7742f46ba78ed9fa88c087d5ec69553ce3988bd974cf12b77459f3fa28b99e2d,75003,0740f98f5ba88dd3f797a15add701cf6516014c6984c3361d2af9b1c2a6be01e,f8f6fa4a6b7260c9a44a8e0eda217f04dfcb6c46bd51baf87c0e7eb7fa460b57,ad2f933aab4448873c8d98367d27f856e6c781cce37f3f3c4c0f9f43f5287ded,f4585c3e557055a88e0c5b9d4354b601d8c87b6d5643c7fc1bcb336cd9416d7b,fed6c7915635cb2c59c29bc3f180d813e0c9761556fbd81360927ff61e837349,6.888491,/tmp/buckeye_slicer_D_O0_8_4nwb5eyl
s09,s0903a,O25_4,87,5,0.05747126436781609,4,2,1,0.04597701149425287,0.022988505747126436,0.011494252873563218,92,7,0.07608695652173914,6,4,2,0.06521739130434782,0.043478260869565216,0.021739130434782608,327.9295140000001,216.69288299999988,0.6607910351125023,243.43600000000012,46,5.292086956521742,5c718a3fdc193cf92e8babe55085d9a6c49c09e1bb11c69c0d3e71192acf39c2,7742f46ba78ed9fa88c087d5ec69553ce3988bd974cf12b77459f3fa28b99e2d,150005,6a1aea1e3776d6976f4abd7f56a3b2fcd1e22332b08db7b9e3034c479414ebbb,b6df45ed1cef20d247fa0cc13160e91548cc59c9ce134392d4a4f90c6085e729,f7298bf47bf2ac331625d33494da05aee80a24e2bf82b751c0171e400cb1158f,a1e6dae087308e0a7c65c06915877a7a7b2496d208f35f0e9f1e966c2fbff51f,de6f72d7649c3d19ad893858add8cebdb518a35b60701297e04bcef019c4462f,13.851153,/tmp/buckeye_slicer_O25_4_ula0t3w1
s09,s0903a,O0_4,89,5,0.056179775280898875,2,1,0,0.02247191011235955,0.011235955056179775,0.0,94,6,0.06382978723404255,3,2,0,0.031914893617021274,0.02127659574468085,0.0,327.9295140000001,217.23586199999986,0.6624468147139687,244.31200000000018,47,5.198127659574472,87130029b5443647ed1f1febd32ab768bf957a0a1698217eb3cf14b2d00c6ecf,7742f46ba78ed9fa88c087d5ec69553ce3988bd974cf12b77459f3fa28b99e2d,150005,97f74c83766d132fb14ef4b34956e514db2f850d56a0dc9906686024316cd9d9,22fd6238839d010f45f61626fb833b4cba0a0b92df4c9cfdca9b4c1ced8777d3,c76da5642a35bddd69c83a6eb51d45090bc350c6a928f4caa2cf9daf89290ce3,157aa0d528a277de1b44c2ad5e9ba2bbb1ef5140ba655ca2584228aa616a5382,1c0f67e8f5c25c8d405d8f25bd24124f035a242e48c89d3201ebe4ab0ce12b02,13.894286,/tmp/buckeye_slicer_O0_4_nv8vemi_
s09,s0903a,O12.5_4,87,6,0.06896551724137931,4,2,1,0.04597701149425287,0.022988505747126436,0.011494252873563218,92,8,0.08695652173913043,6,4,2,0.06521739130434782,0.043478260869565216,0.021739130434782608,327.9295140000001,216.68696499999987,0.6607729885514355,243.4400000000002,46,5.292173913043483,c4a9d51af35f27f1e99f5960f01d8721e1c9a7ae761cc52d68b81ecc3366390d,7742f46ba78ed9fa88c087d5ec69553ce3988bd974cf12b77459f3fa28b99e2d,150005,7c32d4b10a9d35eb22bff514ad5679da53c1d204abef2e8153141e9cdd65178a,da72614f814bd8e22f6d2ea487d2100206fc9feaf09dc6e39a48b1f8e7c35421,464f9c5d214e6b8ada098c792be6966ffd70b7b5a0713f627bd41925ecdc815a,e25dc1c95a22c40b891bde410599b0a853c12e2253004823b4c04401ef7e89d7,e775b1f5bdecba55d5136a7aec25bcf064ce5a57b603193469821579b47f7c54,13.795144,/tmp/buckeye_slicer_O12.5_4_xft4z7kn
s09,s0903a,O0_2,89,5,0.056179775280898875,3,1,0,0.033707865168539325,0.011235955056179775,0.0,94,6,0.06382978723404255,4,2,0,0.0425531914893617,0.02127659574468085,0.0,327.9295140000001,217.19186199999984,0.662312639538751,244.2320000000002,47,5.1964255319148975,b8f9c3af61c5c18d8b52a1cdb992e5c98e154bc752c5665b52bea987b6d3c947,7742f46ba78ed9fa88c087d5ec69553ce3988bd974cf12b77459f3fa28b99e2d,300010,e7831fded219fc5a28d1665f11eea690bf466eb393dc9a4a093c3b65fbf78082,2b51158d27bacc83474dfdeea9599207b939b51fbe1ce52e5ad2aef64e6acc25,6505aff7e23a34f7f6f58bd964d980f97d7a038771fcaa6d27df2970e42271bb,e679dc8c2cd51f65f1db1e8c048346b5659e40693c01df4075341852dd2e7b04,a14763144c0c3ebef75e816a73f922950984247ea2ccf7c4215df0a95570170e,27.643315,/tmp/buckeye_slicer_O0_2_2xdhon7v
s09,s0903b,A_O50_8,53,8,0.1509433962264151,4,1,0,0.07547169811320754,0.018867924528301886,0.0,56,9,0.16071428571428573,5,1,0,0.08928571428571429,0.017857142857142856,0.0,208.15898099999947,134.34184199999993,0.645380955242091,147.7120000000001,28,5.275428571428575,72ea8093df3fb11222b7291a784e2272246d6349ad6d5da63900e79412997498,7742f46ba78ed9fa88c087d5ec69553ce3988bd974cf12b77459f3fa28b99e2d,69168,616caea4bc5ad1d395ce716b5178a286e678750013d4041d65dde38319da5c38,a07092280a3d657890b43109f5eb1e16bd8b47da74444f4d601b413533862f08,26d865c2bbde8450a377338f1ee402a7f8fdb672f6a0063c461aa13751e44943,7b0de5df54bfee6f087222a42d269ca7b8bb78b9b26491075efcf7a0dcbf165e,d1627f3664ebac884e1ff6e479db8208597b66c87dc31a7f02d2e1ddcc7dfb13,6.906927,/tmp/buckeye_slicer_A_O50_8_k_hz8ys2
s09,s0903b,D_O0_8,42,8,0.19047619047619047,4,1,0,0.09523809523809523,0.023809523809523808,0.0,44,9,0.20454545454545456,5,1,0,0.11363636363636363,0.022727272727272728,0.0,208.15898099999947,109.49112999999991,0.5259976267850782,121.58399999999995,22,5.526545454545452,b35b56fbf50e01487bef7f59ef870fe839ea7b8d3f84afb9014d7c5503a3e4dc,7742f46ba78ed9fa88c087d5ec69553ce3988bd974cf12b77459f3fa28b99e2d,69168,f866a5a720a7cce936f8f1bd2028ec99b3323287df98c378ad66eba7475527c2,b928976b5fac615ae3fddd3ae7f17bb723f659628b84eddf5bbf628bb570ffcb,fcc7bbdca129b6cefd85d852e09d291d6ea849f64efa2c87c90c726bfc9473aa,edfea7a8e454fa2f9488298756899d1072d08ec9813e762b645d7538b99d63a1,999939952629d12dc81a44cf37389e67c79510a521d1f6aa2c77bdf01cd2e89a,6.561107,/tmp/buckeye_slicer_D_O0_8_4z5uo1om
s09,s0903b,O25_4,54,7,0.12962962962962962,3,1,0,0.05555555555555555,0.018518518518518517,0.0,56,8,0.14285714285714285,4,1,0,0.07142857142857142,0.017857142857142856,0.0,208.15898099999947,140.39531399999993,0.6744619584777862,153.79200000000017,28,5.492571428571435,5c718a3fdc193cf92e8babe55085d9a6c49c09e1bb11c69c0d3e71192acf39c2,7742f46ba78ed9fa88c087d5ec69553ce3988bd974cf12b77459f3fa28b99e2d,138336,39f48d3e77a38d3ba03ed89e476c59bd96c8b1cd4fdfa1da401458ddbb066cd1,130ed7c3fe44f63db8da96645d79a86700f8fc7ca2ecf36f3c7eea794fdfadc3,d26f73d6907b7f0511539f8216f234cd4bc28962fe852c35ee18c3376b4accfe,32b43a8ddadb85c59eb10db68a90153f3fe531233c9d32dc963bd90ff27e9398,dbd529ba8d178e8d990cb26f976cbec2e2317840c7a7062ee63fa76c391a0ef9,13.031144,/tmp/buckeye_slicer_O25_4_mgpg8yar
s09,s0903b,O0_4,47,8,0.1702127659574468,3,1,0,0.06382978723404255,0.02127659574468085,0.0,50,9,0.18,4,1,0,0.08,0.02,0.0,208.15898099999947,124.99080799999986,0.6004583967482056,138.2959999999999,25,5.531839999999996,87130029b5443647ed1f1febd32ab768bf957a0a1698217eb3cf14b2d00c6ecf,7742f46ba78ed9fa88c087d5ec69553ce3988bd974cf12b77459f3fa28b99e2d,138336,8d891ea66ae46227432445356df7f672fd7b780e9a7177ab259715c1d3e2d30c,31bab50c9c0f0b5f7b8b816b638a53fbeef55c6bced9ab3256ddb7091d9eaa53,8128547415a4a2c9471cd2b5d372804797a31b6c4780e2563748beeb2f18cec7,fb54769b107d6089a67d94ab762ea76e02dbfddef34327cac4cfc47bd185c37a,7132b27d2f1c8284774cbf19fbcef2818263247070771a88eec6b10c281a4730,13.069675,/tmp/buckeye_slicer_O0_4_bifwj7al
s09,s0903b,O12.5_4,53,7,0.1320754716981132,4,0,0,0.07547169811320754,0.0,0.0,56,8,0.14285714285714285,5,0,0,0.08928571428571429,0.0,0.0,208.15898099999947,142.48215299999993,0.6844871756938524,156.64800000000008,28,5.594571428571432,c4a9d51af35f27f1e99f5960f01d8721e1c9a7ae761cc52d68b81ecc3366390d,7742f46ba78ed9fa88c087d5ec69553ce3988bd974cf12b77459f3fa28b99e2d,138336,317c3ae3d32a710f652d84ceab987e8d768e040bf864c605a0ad457e83b1d1b4,4f8f25df2cf0a3c820a08cd4f840f2c2da98fadc1089d6b57262b888b34cd143,3852e479c1545bae3e628563f2ded9c744b52f692ab62fec7dba5c7f647b32c0,a31ef18a5e921491989dea64a52d0c6db8bd790fe84da7b22083f849f86ed21b,0d035647c126fc5a64a97045651f81a8ef761eb7ff7c26449948bdc1535b9ec9,13.089934,/tmp/buckeye_slicer_O12.5_4_7qbqhynj
s09,s0903b,O0_2,51,8,0.1568627450980392,3,1,0,0.058823529411764705,0.0196078431372549,0.0,54,9,0.16666666666666666,4,1,0,0.07407407407407407,0.018518518518518517,0.0,208.15898099999947,138.51279099999988,0.6654182795024358,152.298,27,5.640666666666667,b8f9c3af61c5c18d8b52a1cdb992e5c98e154bc752c5665b52bea987b6d3c947,7742f46ba78ed9fa88c087d5ec69553ce3988bd974cf12b77459f3fa28b99e2d,276672,c4948fd9ef9b57d8e5407420399851c4f13cf97b957407606ff7ec57b96bc0a3,5fc8ab1e67c0c008cd007a8bb4e2a9b01017c9b66d4046296df88d9fabafed13,e68d3176adb92b2956b5553d93cc01d619e9cf57be62f857b44d677d8a1561e9,6ac1622431d4c15b398a58522c84cf13e307fa168803d714cf0658fd77a85e27,737902cf386e41fadb3bc33011e43386020e91e521eb64438e0b804ca59ef60b,26.180824,/tmp/buckeye_slicer_O0_2_nt10c4rn
s10,s1001a,A_O50_8,96,7,0.07291666666666667,5,1,1,0.052083333333333336,0.010416666666666666,0.010416666666666666,106,9,0.08490566037735849,7,2,2,0.0660377358490566,0.018867924528301886,0.018867924528301886,338.27082600000017,278.35283799999996,0.8228697735819518,312.9599999999995,53,5.9049056603773495,72ea8093df3fb11222b7291a784e2272246d6349ad6d5da63900e79412997498,7742f46ba78ed9fa88c087d5ec69553ce3988bd974cf12b77459f3fa28b99e2d,74376,107607e2ba1d76c3c39442d05d44a58a391926012b429e9dad3cdf40649f0d59,e257fcf45905c121693fa88fe5e9c14e97ac3c968c08b039848fda022c137c9c,6a2b12f27f39268a62b1f8677ba47dc05720bd6d2d01175102480b2de9225be2,521fcc3703af584a0a049c861e717cc83cced51b8c2b0472b25482712481d19b,922a9f6c27c3f3d7accec3b8be43802e5e6e1ddbf24dbc5223b4ccce8a20b5d0,7.809795,/tmp/buckeye_slicer_A_O50_8_545jbwos
s10,s1001a,D_O0_8,88,4,0.045454545454545456,3,1,1,0.03409090909090909,0.011363636363636364,0.011363636363636364,98,6,0.061224489795918366,5,2,2,0.05102040816326531,0.02040816326530612,0.02040816326530612,338.27082600000017,256.696094,0.7588478646988017,290.3759999999999,49,5.926040816326529,b35b56fbf50e01487bef7f59ef870fe839ea7b8d3f84afb9014d7c5503a3e4dc,7742f46ba78ed9fa88c087d5ec69553ce3988bd974cf12b77459f3fa28b99e2d,74376,013ca51f4d846cb97fe46a30bd15eac2a3c853a0c979b09f573db657e38e1b7c,3ee5534c43c0e9eca8f754983e109fe12680b5f522905942d91d2f3d39829f64,6fa00241d9e8b090e2d7e738482c7d3a15db6247ffe396a7f2c3dd6316a31a24,052309cb613100e7748e9d3a95add9108d07d0f3f3b5fe84ce4ce7e65daf172a,65a553a20b640eee3be79e7b662b8d96f6bfb82d2b8c8d8e929ce28b42e20883,6.92915,/tmp/buckeye_slicer_D_O0_8_fjseqpum
s10,s1001a,O25_4,96,3,0.03125,2,1,1,0.020833333333333332,0.010416666666666666,0.010416666666666666,106,4,0.03773584905660377,3,2,2,0.02830188679245283,0.018867924528301886,0.018867924528301886,338.27082600000017,279.52493599999997,0.8263347428016149,315.16399999999993,53,5.946490566037735,5c718a3fdc193cf92e8babe55085d9a6c49c09e1bb11c69c0d3e71192acf39c2,7742f46ba78ed9fa88c087d5ec69553ce3988bd974cf12b77459f3fa28b99e2d,148751,91df968b86c6ee5443f78b31e7d5b4a4a09ba13ecbf504fe9799d9c2e7b756ff,54a99bc288f0c07ccbce6f190bb970d94672568130343b12a5caef17ebf2e41e,e624003c6bb08a992941a10c442d9a6dfe6b8f3ee2406464ac0424674d2c5e27,e163030689c7032ace3ea7548a81a52593a42fdc18ecd3dd1b4912b5d9e9f97a,32fc8ea6616dbdf0406e23268d414ff1bd8230af6732654707e6e77c7255f7ea,13.705762,/tmp/buckeye_slicer_O25_4_2mmwsbj1
s10,s1001a,O0_4,94,4,0.0425531914893617,2,1,1,0.02127659574468085,0.010638297872340425,0.010638297872340425,104,6,0.057692307692307696,4,2,2,0.038461538461538464,0.019230769230769232,0.019230769230769232,338.27082600000017,269.826747,0.7976648479878069,305.108,52,5.867461538461539,87130029b5443647ed1f1febd32ab768bf957a0a1698217eb3cf14b2d00c6ecf,7742f46ba78ed9fa88c087d5ec69553ce3988bd974cf12b77459f3fa28b99e2d,148751,7dd6673d4425f4f1a39e6492ea246353dea83c4f02199ac6833306eb8ad6cfb1,ec84d32a754d0de5710517cc1f83e177f0a9bbd83108ee95ff328ee5e69830b0,f6c84c740226c0b7c73830cfff4e7010445bf4cacf76adbf1752438b743dadb9,6306924078b87470d03da94eb86c09077f0e2454c515586b2549008628cb64e4,1ec41398b95b078a687ed553ef232d41532a721c8f3f18c17f200774d9e44616,13.769399,/tmp/buckeye_slicer_O0_4_7bx2criy
s10,s1001a,O12.5_4,96,2,0.020833333333333332,2,1,1,0.020833333333333332,0.010416666666666666,0.010416666666666666,106,4,0.03773584905660377,4,2,2,0.03773584905660377,0.018867924528301886,0.018867924528301886,338.27082600000017,281.7540369999999,0.8329244361143925,318.46400000000006,53,6.008754716981133,c4a9d51af35f27f1e99f5960f01d8721e1c9a7ae761cc52d68b81ecc3366390d,7742f46ba78ed9fa88c087d5ec69553ce3988bd974cf12b77459f3fa28b99e2d,148751,f325b5d885b44048b31dee3bf22fb27802129d63d23f2b9091263a5bd9689054,e310a3a82e67680551aa409a4243906f195b93dedd95f41bcbbc491b23b1dd92,439e844ce7f9fc4c0bd17664b9dfd8acc75b8438c1a85146bb9669d3321896e4,ed20533f09ac56265772ebaa140c9c8e5c906890351c59953161eee4cce0a840,51790def3514ea72a42b53631e93bc53a9ed81a0fa12a1045117ff62160b24eb,13.896277,/tmp/buckeye_slicer_O12.5_4_8cc3p_om
s10,s1001a,O0_2,94,4,0.0425531914893617,2,1,1,0.02127659574468085,0.010638297872340425,0.010638297872340425,104,6,0.057692307692307696,4,2,2,0.038461538461538464,0.019230769230769232,0.019230769230769232,338.27082600000017,272.626508,0.805941532776462,308.3439999999997,52,5.929692307692302,b8f9c3af61c5c18d8b52a1cdb992e5c98e154bc752c5665b52bea987b6d3c947,7742f46ba78ed9fa88c087d5ec69553ce3988bd974cf12b77459f3fa28b99e2d,297501,3805052ffd1600ccd8a3402963356cd61f8da3bc7d25b065b2f2764978b94bd2,a4d5039e0e118581656ec27df81bbaa9e97fb71a32317c53793d0b9e467adee8,697d640ef5761ed903bc07e3cb2de4bce99937b62ae08f37097be6c16d5c6b9a,548913aa38bb07a66e63062478dd3769b68a3268c83ff107d52460cb56785150,2d95fb84f0450ceb100f4c2867c495e401a652df80add272f21fac7b4c325da5,27.389221,/tmp/buckeye_slicer_O0_2_93029cl5
s10,s1001b,A_O50_8,129,21,0.16279069767441862,12,2,0,0.09302325581395349,0.015503875968992248,0.0,140,24,0.17142857142857143,15,3,0,0.10714285714285714,0.02142857142857143,0.0,408.47848400000026,330.9221399999999,0.8101335883336261,377.5679999999998,70,5.3938285714285685,72ea8093df3fb11222b7291a784e2272246d6349ad6d5da63900e79412997498,7742f46ba78ed9fa88c087d5ec69553ce3988bd974cf12b77459f3fa28b99e2d,71882,2ee98a3e956e0a9d532d17198567d23c0c0123c11a2c5b03a3bf946eb9251ed3,c0a62484729517b77bb6e0b6f5841924c0ed1c19960e4b8bb13a27f856b8f90c,f88e2e6d6c2043cc6b8f4f90217d576727145927578f58ad9878e078eaf5c936,982d1c97dec7c9a065f508eb9d17f99578e1796a0dc4bf4e3b11d1d8d353e43e,e9f9d2f49a8d31b7326ebaefcdfe276cf7a583a50965058bd07b8cd1734cd717,7.515269,/tmp/buckeye_slicer_A_O50_8_puh_lj6g
s10,s1001b,D_O0_8,106,11,0.10377358490566038,7,0,0,0.0660377358490566,0.0,0.0,114,11,0.09649122807017543,7,0,0,0.06140350877192982,0.0,0.0,408.47848400000026,279.087131,0.6832358176299925,319.8399999999999,57,5.611228070175438,b35b56fbf50e01487bef7f59ef870fe839ea7b8d3f84afb9014d7c5503a3e4dc,7742f46ba78ed9fa88c087d5ec69553ce3988bd974cf12b77459f3fa28b99e2d,71882,dd974b480c91df5265bf47d836b09d0d6fb609ad4ee526f27688b50056ab0102,6bababb0b92096015a8619d8f3cbe66058b5bacf0a94ce39b184623932680b96,c2e5b157f6a494a2b78bbd0f0b78b886e029db011095f44710bc76c84fd3a9fc,d04bbd59ffe5b26c2bd8d3102bf3adc4b997ede4a9f1131308114f22f2d3be1f,eb6c3b0b551622270a00e46101f5deb7fa0794f3cf2e1a06470dbb02d0354cd0,6.877411,/tmp/buckeye_slicer_D_O0_8_zfggfilb
s10,s1001b,O25_4,123,14,0.11382113821138211,6,1,0,0.04878048780487805,0.008130081300813009,0.0,132,17,0.12878787878787878,8,2,0,0.06060606060606061,0.015151515151515152,0.0,408.47848400000026,321.2725989999999,0.7865104566927439,367.3879999999999,66,5.566484848484848,5c718a3fdc193cf92e8babe55085d9a6c49c09e1bb11c69c0d3e71192acf39c2,7742f46ba78ed9fa88c087d5ec69553ce3988bd974cf12b77459f3fa28b99e2d,143763,8b08d90f713bbd7aa4f01b3648a6eb9800f79d09b52f74666903aec8719fb4a8,07d249864e6b18632c9db36cbddd2c57857d3da5053afe981c636482f8d263a0,0f4a920e3a773823ede99e0fc2ab1c3e604764acf30caffd3f3ae45beec924d2,f41b4b97351c90716407790868d783d26d6ab77f5a66aa54147e69a5ac265b02,e4edf6aaa121f2534028d604b25b6d2c6ec6a6ddcb731d56f12e0012d5f9af57,13.726084,/tmp/buckeye_slicer_O25_4_0i19e2zc
s10,s1001b,O0_4,108,12,0.1111111111111111,7,0,0,0.06481481481481481,0.0,0.0,116,12,0.10344827586206896,7,0,0,0.0603448275862069,0.0,0.0,408.47848400000026,284.92788400000006,0.697534619718183,326.564,58,5.630413793103449,87130029b5443647ed1f1febd32ab768bf957a0a1698217eb3cf14b2d00c6ecf,7742f46ba78ed9fa88c087d5ec69553ce3988bd974cf12b77459f3fa28b99e2d,143763,b74866d4125c507c218a171801ef10c167f82f903e0512b280123141ef05d948,d6ef49eba7b1b1b17a8a1d599d3820d3e777631eab3d44c5690bb30dc5831e68,79e2e66ecea19d2cb1a919522475063b57f062edee8e5a59302d00819d64d840,c68ffadcd5277d5d2de6fd6173137ad3d499e6a79daffff76c35a40ad3f7784d,c91d4d62acc4d36da762b071815ef552b83345ff20214b6f8a8e87e855a56f37,13.642109,/tmp/buckeye_slicer_O0_4_8t44456x
s10,s1001b,O12.5_4,120,14,0.11666666666666667,7,1,0,0.058333333333333334,0.008333333333333333,0.0,130,16,0.12307692307692308,9,2,0,0.06923076923076923,0.015384615384615385,0.0,408.47848400000026,312.58702399999993,0.7652472192390914,357.8080000000001,65,5.504738461538463,c4a9d51af35f27f1e99f5960f01d8721e1c9a7ae761cc52d68b81ecc3366390d,7742f46ba78ed9fa88c087d5ec69553ce3988bd974cf12b77459f3fa28b99e2d,143763,da1e7e592778d574d2a7907c4b7d761404281f4694b4780e95bbb177b76b683b,0975d8a5570aa0a68c7d4daf235373d45ee4d976138d1f6fced090a8e44137c3,752ac1c53143f9abc522aa344c3487394a52c7e5db240ab53c77fdf065377db7,a7071fbbcd66a70b5cde2f28717efb340b36b53bf605001d052307ff8dc6b7a6,87238d28054e6982ca9676791df92fdbafe91685c8d5d57ea80fa4d1e0b804ae,13.62395,/tmp/buckeye_slicer_O12.5_4_pfl8f3cm
s10,s1001b,O0_2,113,13,0.11504424778761062,6,0,0,0.05309734513274336,0.0,0.0,122,14,0.11475409836065574,6,0,0,0.04918032786885246,0.0,0.0,408.47848400000026,302.004999,0.7393412647898483,345.58199999999994,61,5.665278688524589,b8f9c3af61c5c18d8b52a1cdb992e5c98e154bc752c5665b52bea987b6d3c947,7742f46ba78ed9fa88c087d5ec69553ce3988bd974cf12b77459f3fa28b99e2d,287525,cd2693a87afe542078fc19980f66364030a67738676fd1b0f26d0758faecc9cd,1ca23275e7593de5e162e0da3c1dcd8753efb30765b0fb91527f508b8114538c,d65096745117029d8f7f6545b3e1e2925564d139b18d6f5b3d3a97ca958688cc,870b7a6a31223b65a52c51a95c2ac3e300594bc414db3810f9f6e226bd7f34a4,13f03ee720bb869a17798a6b6aeb2be33f0e888a4e514eb01f639875fc37c4bf,27.473347,/tmp/buckeye_slicer_O0_2_fnjiauyx
s10,s1002a,A_O50_8,116,18,0.15517241379310345,10,1,0,0.08620689655172414,0.008620689655172414,0.0,130,22,0.16923076923076924,12,1,0,0.09230769230769231,0.007692307692307693,0.0,397.357996,324.11492099999987,0.8156748429947283,371.13599999999985,65,5.7097846153846135,72ea8093df3fb11222b7291a784e2272246d6349ad6d5da63900e79412997498,7742f46ba78ed9fa88c087d5ec69553ce3988bd974cf12b77459f3fa28b99e2d,74751,54657bcdd765b525decb64aee67a642af913ebb52cc62f045e0ea904ac2e59f7,a3a6fea8063199f4925c5e2037c3aea774a423060d6b9567db1eb36e0beb6a68,d230ef89de233cb9a4b5953ef19e822b31f0cddd8587815df9897a81b34551af,7f47fcdcae0439e50254811aa106763f4fb3f179f3b171452d774957f9ebf004,05598f4a0142c765e41bd58da5b6424d54e5f49163a3ef9442544e477956d3c7,8.049605,/tmp/buckeye_slicer_A_O50_8_zm34oaf9
s10,s1002a,D_O0_8,101,16,0.15841584158415842,6,0,0,0.0594059405940594,0.0,0.0,114,19,0.16666666666666666,7,0,0,0.06140350877192982,0.0,0.0,397.357996,281.76159899999993,0.7090875277114089,325.5440000000001,57,5.711298245614037,b35b56fbf50e01487bef7f59ef870fe839ea7b8d3f84afb9014d7c5503a3e4dc,7742f46ba78ed9fa88c087d5ec69553ce3988bd974cf12b77459f3fa28b99e2d,74751,0b0cf70ba6ab8ba5e2cbd7cc9adb51dbd12ad468e2dd0a4cb6a778f657d7f576,8dcd52adafef4fd22dbe8578fdf734fe3097942b41b35f4ba7c3024eb226b27e,5a25be1506477853446ce337038da830ecd308938dd3aaab8620466e062b780c,67d4e39847ff631491ebf20b7db92b284bfc6ff7b9d7dda37f3f6b7d1be447b8,ba661874461abd78f274c8203120272a1196d5e4f9a33d099cc88a7035b12592,6.876597,/tmp/buckeye_slicer_D_O0_8_y6kcalnh
s10,s1002a,O25_4,115,13,0.11304347826086956,7,1,0,0.06086956521739131,0.008695652173913044,0.0,130,18,0.13846153846153847,10,1,0,0.07692307692307693,0.007692307692307693,0.0,397.357996,322.90079999999983,0.8126193589923375,370.98799999999983,65,5.70750769230769,5c718a3fdc193cf92e8babe55085d9a6c49c09e1bb11c69c0d3e71192acf39c2,7742f46ba78ed9fa88c087d5ec69553ce3988bd974cf12b77459f3fa28b99e2d,149501,e615f1ca3821a0df52b819edfeeaa05a911639d64cfd5d4fac9c382fde4ae091,2ee3b500d556f9b66c976fb9425d7e099d193346b6bc42444ae495bd52c4b6dd,f883c0f3042852641145fc5828b52a124a9bf3ea5f1abfa4d195da9e3aad64ce,569b9500087f3a5d9cc6adb79598d22ba2e558953583579c7fd4296aacdf7aa2,d3239149315bc3f62d420b2953a2b7738bef5fc81c63a11e803b3dab1902f698,13.809011,/tmp/buckeye_slicer_O25_4_059wcd7y
s10,s1002a,O0_4,109,17,0.1559633027522936,7,1,0,0.06422018348623854,0.009174311926605505,0.0,122,19,0.1557377049180328,7,1,0,0.05737704918032787,0.00819672131147541,0.0,397.357996,297.37914500000005,0.7483909924893019,342.87600000000003,61,5.620918032786886,87130029b5443647ed1f1febd32ab768bf957a0a1698217eb3cf14b2d00c6ecf,7742f46ba78ed9fa88c087d5ec69553ce3988bd974cf12b77459f3fa28b99e2d,149501,79e42f4d60b6b13437251a103ca2a6d92dc224e30a00778560b9f7e4136cdb0b,7aa0bbf0cdd70911a91520149e1224b0cec33f87b1837a6ef030b6dba218e353,412cc5d3c4021c26dd0d75e98ede2b51c02a9a5684b1afea55cbbd52ba3db265,56f4902473d9747b8a81a69279980f4513e9187421747fdc3538f2378ec75c4e,f95a8ed0df63576f52e726ff43301c5b35091835a329e4fd27167bc20685be5b,13.839732,/tmp/buckeye_slicer_O0_4_ksz_fyxp
s10,s1002a,O12.5_4,115,12,0.10434782608695652,6,1,0,0.05217391304347826,0.008695652173913044,0.0,130,16,0.12307692307692308,7,1,0,0.05384615384615385,0.007692307692307693,0.0,397.357996,322.9047829999997,0.8126293826990202,371.69199999999984,65,5.718338461538459,c4a9d51af35f27f1e99f5960f01d8721e1c9a7ae761cc52d68b81ecc3366390d,7742f46ba78ed9fa88c087d5ec69553ce3988bd974cf12b77459f3fa28b99e2d,149501,b3a334042c847bf4fde62080f91cf1f0a116ca9a9db75c9ab8caef5185c38adf,4dc88859c21edb5a742b92ed9e7b393251b9c3b73ec751e607186367c570c694,b23f4939a539c706dfb253addee1e9bdafe9ac3ea22476ca5256a59353a5d40d,046e4a9baa19e8de65ce0950ed20f886dbd8cd71a63a207d3191c6910fcf4ebd,aa42212e2a7ddfcd4e742dad014af35ea11004555df8bb1ba032bfb16a9c44c6,13.729009,/tmp/buckeye_slicer_O12.5_4_3llttsri
s10,s1002a,O0_2,111,15,0.13513513513513514,6,1,0,0.05405405405405406,0.009009009009009009,0.0,126,19,0.15079365079365079,8,1,0,0.06349206349206349,0.007936507936507936,0.0,397.357996,309.26349700000003,0.7782994179384779,356.10800000000006,63,5.652507936507938,b8f9c3af61c5c18d8b52a1cdb992e5c98e154bc752c5665b52bea987b6d3c947,7742f46ba78ed9fa88c087d5ec69553ce3988bd974cf12b77459f3fa28b99e2d,299001,99630669ec9ca534aa102656e338d62b0134877eea51d45b3cd1a272f4143e80,69e67673f8aeb11b50295c0749536980bb02da324aed7415bafec8d433cd3ae9,ea4383f7d2567f6a28a6988a704dff1a03d9b45a91ebf0b540c118051e6062a3,ed87f8beb3e1869dcadb9aeb20975460511249162ca587e5eb5435ed82f5b806,d5f9545c9a7530a77a429a9b444635f3cb5c4e89d58c68ba56549770736ab003,27.610544,/tmp/buckeye_slicer_O0_2_4qpwe5k_
s10,s1002b,A_O50_8,117,10,0.08547008547008547,4,2,0,0.03418803418803419,0.017094017094017096,0.0,134,14,0.1044776119402985,5,3,0,0.03731343283582089,0.022388059701492536,0.0,409.7904379999997,333.9227650000002,0.8148622662591274,379.79200000000003,67,5.668537313432836,72ea8093df3fb11222b7291a784e2272246d6349ad6d5da63900e79412997498,7742f46ba78ed9fa88c087d5ec69553ce3988bd974cf12b77459f3fa28b99e2d,71180,908f2d0bd517570c7a49b98a97321cd5588e9f9e45fe630787b9cf39941abd2c,07d1b81b769f9e0dff37855944b3d2362d6b1ff412501232bc827cb14eaed432,9c08bb534b06ad879e07626a05d9b526df1d19aea4ce2efb891e5d3e0279e47b,f373090de2581a0e38fdd79f9b996e92b00eddff0c9b1571961b5e6a5d020f82,846a5136a749636ad1b957f7f86296d23d58dfa0e0117c1fc198e57101be800f,7.111685,/tmp/buckeye_slicer_A_O50_8_swnxfzpz
s10,s1002b,D_O0_8,105,10,0.09523809523809523,5,1,0,0.047619047619047616,0.009523809523809525,0.0,116,11,0.09482758620689655,6,1,0,0.05172413793103448,0.008620689655172414,0.0,409.7904379999997,298.99897400000015,0.729638728173546,341.664,58,5.890758620689655,b35b56fbf50e01487bef7f59ef870fe839ea7b8d3f84afb9014d7c5503a3e4dc,7742f46ba78ed9fa88c087d5ec69553ce3988bd974cf12b77459f3fa28b99e2d,71180,44fcecf228122cd98b31204de7542a1b5046e182072eef983406c4e5ec055fc3,4f30ea14bda51dde2a5cf247e3d5f57c1ff02a5835ded252cb104ac36542c781,3639867b4213f2baf45c4019618d5bd03b096417a9aeae1f8094a94993351760,c66f90a95668d94fcfe26eb3396d887bd5429b619056e941efc3fa45d84c0db3,4bd6b1bebb4373f744262cec79866f8ae2207421479f465463ec0fcf702055df,6.766784,/tmp/buckeye_slicer_D_O0_8_ifz0gik5
s10,s1002b,O25_4,117,12,0.10256410256410256,7,1,0,0.05982905982905983,0.008547008547008548,0.0,132,17,0.12878787878787878,12,1,0,0.09090909090909091,0.007575757575757576,0.0,409.7904379999997,330.58824600000014,0.8067251339817753,377.1639999999999,66,5.714606060606059,5c718a3fdc193cf92e8babe55085d9a6c49c09e1bb11c69c0d3e71192acf39c2,7742f46ba78ed9fa88c087d5ec69553ce3988bd974cf12b77459f3fa28b99e2d,142360,f238bb152c44872ff14965451c98d4d2b19549501bba42a99146a5d2f7c6a2be,0114998917b06e490f1792e8b6d5258c75466e1455a8ba24d591afc9adc0a8d8,d09b06de6313233b30882689cf062e5fe11d28ecfd6287872c0002e1fa8d7f7c,164342f3f74e9e22d743ce8d8e5b0df9dc703bc57529569b842ef27d9b1e859b,0584e75e462484f6c0261841e4e25ba54f455b4f5777e980948d8df2da4a37b4,13.514597,/tmp/buckeye_slicer_O25_4_he29k5pp
s10,s1002b,O0_4,110,9,0.08181818181818182,5,1,0,0.045454545454545456,0.00909090909090909,0.0,122,11,0.09016393442622951,7,1,0,0.05737704918032787,0.00819672131147541,0.0,409.7904379999997,311.13373800000005,0.7592508490888709,356.02399999999994,61,5.836459016393442,87130029b5443647ed1f1febd32ab768bf957a0a1698217eb3cf14b2d00c6ecf,7742f46ba78ed9fa88c087d5ec69553ce3988bd974cf12b77459f3fa28b99e2d,142360,ab14e860675ea1fe90cd530ebe1e6159ae46fb2c024ae08c72eeabbd8089d6b5,12051867d80cd26bf00302508c62a14f76e1b5d03d3713cec23ddefd940eb42c,5fc2f87e0c18e468210a0d58653d0f5ffb701ad30c23a57b721c1cd69a083ef6,ab80f07bbbeea1df702132841086e554d0302b98196c3c88be2072db8cd02589,60fc09c867cbb00e3621fd9cd5f9a10ddeb01edd2665e99fdf36b34aa35817b0,13.432204,/tmp/buckeye_slicer_O0_4_0vncqx7t
s10,s1002b,O12.5_4,117,11,0.09401709401709402,7,0,0,0.05982905982905983,0.0,0.0,132,15,0.11363636363636363,11,0,0,0.08333333333333333,0.0,0.0,409.7904379999997,329.19021400000014,0.8033135560864414,375.99199999999996,66,5.696848484848484,c4a9d51af35f27f1e99f5960f01d8721e1c9a7ae761cc52d68b81ecc3366390d,7742f46ba78ed9fa88c087d5ec69553ce3988bd974cf12b77459f3fa28b99e2d,142360,3119998107370294b2f40c1d527b03b87bc2703868c338239021497ec04bcdb1,a7317a264a6cd4d0f838060c5ae860f94c1315846790fd21f38f66b541a055aa,5e9d3aba3572024e2a81bcc308b25a6298ac45e4c97880b082bcf5c73bef0e15,b3b76da3bca8af10612c502801eac6aa18b2713306e61d0b185638a1fa981a9c,89b18e7d06ce70904b2008eb46fa7b81d3fcbd63dfcb8ac8dcba8ba39dc6ea77,13.486488,/tmp/buckeye_slicer_O12.5_4_apapibbx
s10,s1002b,O0_2,113,9,0.07964601769911504,4,1,0,0.035398230088495575,0.008849557522123894,0.0,126,11,0.0873015873015873,6,1,0,0.047619047619047616,0.007936507936507936,0.0,409.7904379999997,320.89153900000014,0.7830625345142884,366.78199999999987,63,5.821936507936506,b8f9c3af61c5c18d8b52a1cdb992e5c98e154bc752c5665b52bea987b6d3c947,7742f46ba78ed9fa88c087d5ec69553ce3988bd974cf12b77459f3fa28b99e2d,284720,1ce9544501cc4528476075c9128dc0d0491bc66cd8673a8fef4c4e9265b120c5,e4a7870bde3dcd1b9eb5e5d7981e18c2163dcd140cc33b7fc613289902294385,ad7e5ea76f7b11851766ebb5bfba18df76b3e6800628df6c2c7fedbb384ad38b,629dc1febb42b0a475dbcd817bbe72048c6c1b307e7ed7aa67f4276a956c4ee5,f2d3585a0bbd22e3adc71762954f531612be427f4808eae1a2e3b292e9d8f3f7,27.048891,/tmp/buckeye_slicer_O0_2_7p6ge5ji
s10,s1003b,A_O50_8,109,10,0.09174311926605505,7,2,0,0.06422018348623854,0.01834862385321101,0.0,128,13,0.1015625,10,2,0,0.078125,0.015625,0.0,401.8676450000002,339.07971400000037,0.8437596761490967,389.92799999999977,64,6.092624999999996,72ea8093df3fb11222b7291a784e2272246d6349ad6d5da63900e79412997498,7742f46ba78ed9fa88c087d5ec69553ce3988bd974cf12b77459f3fa28b99e2d,71334,b462fd19310b9ceac88b99a9c1aa1911597e8a3549e697aaddaec223788eacdd,f8a47cb1f7d6f8be80f249aecfeacb3f7f078dcbca98ff1f14b41582ad857028,9ee1c1c3e6a65daa5a7dda810b5eb9d8fe7c8658194d3d391c881bb4a3952fc2,3d3003de0c22230c59514204c636d3c959ff9dea9b6896376b7ee4c69bd7661e,cfbd9f6a096fd3f5741d5054bd6e076b0c9d959cbb2bb3110a11cdf393e97088,6.755856,/tmp/buckeye_slicer_A_O50_8_z3qklo2k
s10,s1003b,D_O0_8,96,10,0.10416666666666667,6,2,1,0.0625,0.020833333333333332,0.010416666666666666,110,14,0.12727272727272726,7,3,2,0.06363636363636363,0.02727272727272727,0.01818181818181818,401.8676450000002,287.22845000000035,0.7147339517716093,331.88800000000003,55,6.034327272727273,b35b56fbf50e01487bef7f59ef870fe839ea7b8d3f84afb9014d7c5503a3e4dc,7742f46ba78ed9fa88c087d5ec69553ce3988bd974cf12b77459f3fa28b99e2d,71334,ff6b9a0a411641e223f2e7bc9851bc2931c26f1eb6e0a55d6daefa6bc7ed838a,8ae7d5ffff208cbad2e5ba08e528b8db3bd0e3388071824359f1a0264cfb460b,a66288b717c186d46915b31e24994e0b736708765ccd58d659c110430e0c1cdf,971c6d6716ed0cb63adcb4a2f287760cef1440703826d01c998eced3ee84c949,902ba4670eb3da2091c13af37176cd98d8269974efdaf5afc5f4d735a4671f68,6.555476,/tmp/buckeye_slicer_D_O0_8_3wa6l6c4
s10,s1003b,O25_4,111,9,0.08108108108108109,7,2,0,0.06306306306306306,0.018018018018018018,0.0,130,10,0.07692307692307693,8,2,0,0.06153846153846154,0.015384615384615385,0.0,401.8676450000002,339.36799300000035,0.8444770242700185,390.4680000000001,65,6.007200000000001,5c718a3fdc193cf92e8babe55085d9a6c49c09e1bb11c69c0d3e71192acf39c2,7742f46ba78ed9fa88c087d5ec69553ce3988bd974cf12b77459f3fa28b99e2d,142668,d060172db3b26e7db8aef956d557bc43c23c9b6766073c555afa72a95ef1c37c,2c4fb76cb89c5eb60a2940b6976cac37d535f36dc53a96311304daa893ac2b3d,bc036645d85512d2e7aaadc772deb1fe8532876888bc16f394baa40e68c9a51d,316e7d8442edc73671d512cec4e06e71399a3fae1e13cc4032ed76c86ae9c9c6,9cdde58f194a3ab255c2402f5fe215e99e7b619aa71d9c640e4e7e01f420564f,13.104478,/tmp/buckeye_slicer_O25_4_rcmp6hzz
s10,s1003b,O0_4,97,9,0.09278350515463918,7,2,1,0.07216494845360824,0.020618556701030927,0.010309278350515464,112,12,0.10714285714285714,9,3,2,0.08035714285714286,0.026785714285714284,0.017857142857142856,401.8676450000002,287.2204500000005,0.7147140447198738,331.97600000000017,56,5.92814285714286,87130029b5443647ed1f1febd32ab768bf957a0a1698217eb3cf14b2d00c6ecf,7742f46ba78ed9fa88c087d5ec69553ce3988bd974cf12b77459f3fa28b99e2d,142668,055f899d2fea489d7d473920710b5104c68ef4472016720592e960388a428ebf,d71fe919161e42f1657f4ba9f2012cf8761c037950528d4b6c9e84d752626992,a020579b853c6110b84b6ba6fd3810bc67e60c475354eea1c803d8e47cbdda7a,66b2aa9f136a260bbcbb09fdbaa15e366b11226e6390e1a2cc0b148c75b72261,3cea671ce01efe74f677227bfa1c60239c7e7b487f527ff724dfec29386d5aa4,13.234529,/tmp/buckeye_slicer_O0_4_22u9wgrb
s10,s1003b,O12.5_4,108,8,0.07407407407407407,6,2,1,0.05555555555555555,0.018518518518518517,0.009259259259259259,126,10,0.07936507936507936,7,3,2,0.05555555555555555,0.023809523809523808,0.015873015873015872,401.8676450000002,318.0991640000005,0.7915520643618879,366.27200000000033,63,5.813841269841275,c4a9d51af35f27f1e99f5960f01d8721e1c9a7ae761cc52d68b81ecc3366390d,7742f46ba78ed9fa88c087d5ec69553ce3988bd974cf12b77459f3fa28b99e2d,142668,7f469dc7d5807b8654a982d8494a3038b07e56d7a6d0a8470fe98d885fbdf49e,867f3c9e3d4a0b59617580ef37b2f671ee591321e7a4cb2e9dc2b757ddcb1d93,eea898a9941c3b2a37770e98c0c98aa621d39a828ccfc198fb73aa16b2e4b7b4,53c894aa7b18ca7f731ff456561de51a50334242970619c16d03a5ed0b8dc724,c2d5911ba7f51f5147c68f25f4098514109c20d7ddce53f81ad1a659c24e54e3,13.189786,/tmp/buckeye_slicer_O12.5_4_cqicky9n
s10,s1003b,O0_2,97,10,0.10309278350515463,7,2,1,0.07216494845360824,0.020618556701030927,0.010309278350515464,112,13,0.11607142857142858,10,3,2,0.08928571428571429,0.026785714285714284,0.017857142857142856,401.8676450000002,287.2421770000005,0.714768109784007,331.98999999999995,56,5.928392857142856,b8f9c3af61c5c18d8b52a1cdb992e5c98e154bc752c5665b52bea987b6d3c947,7742f46ba78ed9fa88c087d5ec69553ce3988bd974cf12b77459f3fa28b99e2d,285335,88a3626871f14bcb7535140183cb6603d8e68057d0ffc643bb126ecd4d4ff2f6,7529af811a503dd9da825d56a2a2200932e6db7c37874be99f331143b3f0d424,cd5004df9df83b15995039f4128098400e86252292d48c4c771584ca1be99e09,b59faae84de2e07c2aea17cfdb4187d4b5214d3e2cce449adc6b8fd18768a098,5c2c0ce48b360166eb3ab76f26eb2616021fd52f49a63e0a8a54c61d9159331d,26.227934,/tmp/buckeye_slicer_O0_2_upf4bo79
s11,s1101a,A_O50_8,92,5,0.05434782608695652,3,0,0,0.03260869565217391,0.0,0.0,92,5,0.05434782608695652,3,0,0,0.03260869565217391,0.0,0.0,285.0435980000001,159.25655800000015,0.5587094715244231,187.27200000000028,46,4.0711304347826145,72ea8093df3fb11222b7291a784e2272246d6349ad6d5da63900e79412997498,7742f46ba78ed9fa88c087d5ec69553ce3988bd974cf12b77459f3fa28b99e2d,75082,a65f4d0444de573db665120dbee0d2a3ac930aa33b062a1732f4d6dbb0efa401,e5f1e908b0168ff7d21190d826a5f59b8d87deba2cbf7fa6a4f79cdf848f9bcc,d902e22bb6deb917c087978b3264108d8348ca1ace75745097c5467c065f0e47,62168ce0509e5b0aeafe51fc112451e8c9407dd0b5b779ae6ad6ba67238e9a11,838866119310f54dc14d18ee4e28cb30f267cacd766dde9cbd2dc3f714646ae6,7.69201,/tmp/buckeye_slicer_A_O50_8_513b_qq2
s11,s1101a,D_O0_8,92,6,0.06521739130434782,3,2,0,0.03260869565217391,0.021739130434782608,0.0,92,6,0.06521739130434782,3,2,0,0.03260869565217391,0.021739130434782608,0.0,285.0435980000001,157.4062380000002,0.5522181136655459,185.38400000000007,46,4.030086956521741,b35b56fbf50e01487bef7f59ef870fe839ea7b8d3f84afb9014d7c5503a3e4dc,7742f46ba78ed9fa88c087d5ec69553ce3988bd974cf12b77459f3fa28b99e2d,75082,bbb014a7207127a7d0c685f5fb229712287627b580c1848388b62bec655fe998,0ce960ae773fbe4ba6dad07ade7f23e665446b13db559889c97bc48ef208f7c7,27d4e520afaa30733aee5a2534b0d6310189dec702afdfb59ca9c3b842abbaf2,01c53b12fade03980d766d30cb1238a518a743f0168f3309596997a39935dae7,5a4d0729098b5b736612ded053373e6d2adc366246998ccfd78f4000f1d6a4da,7.11698,/tmp/buckeye_slicer_D_O0_8_h2iywp_4
s11,s1101a,O25_4,94,5,0.05319148936170213,2,1,0,0.02127659574468085,0.010638297872340425,0.0,94,5,0.05319148936170213,2,1,0,0.02127659574468085,0.010638297872340425,0.0,285.0435980000001,159.29655800000023,0.5588498009346633,192.21600000000007,47,4.089702127659576,5c718a3fdc193cf92e8babe55085d9a6c49c09e1bb11c69c0d3e71192acf39c2,7742f46ba78ed9fa88c087d5ec69553ce3988bd974cf12b77459f3fa28b99e2d,150164,9a631f36688c456171fa05cd0b364ef9254131669eb8bdc504bb947f1b3518e0,e4b655ba2af6696f16e9552950c57adcc479ae2be76b0788614913e8bc414bef,c1a9b7f0975561a79aa50ddfb2ef29436638d5f2ffed81eeedfae331fe893375,ebfe4e8562e44623d7330188283d7f41de6892431d8a71c171a8a24dae4841b1,d21d695a3e1ebe8ab2d63b5055d59bd24a76990056bd7bd6fc10ab4f0b118f40,14.212263,/tmp/buckeye_slicer_O25_4_fgqn76k5
s11,s1101a,O0_4,94,6,0.06382978723404255,3,2,0,0.031914893617021274,0.02127659574468085,0.0,94,6,0.06382978723404255,3,2,0,0.031914893617021274,0.02127659574468085,0.0,285.0435980000001,157.4182380000002,0.5522602124886178,189.38000000000005,47,4.029361702127661,87130029b5443647ed1f1febd32ab768bf957a0a1698217eb3cf14b2d00c6ecf,7742f46ba78ed9fa88c087d5ec69553ce3988bd974cf12b77459f3fa28b99e2d,150164,598c3ee805362d62a4417e339fe72ecf3cd49808721f2a3a72b74a4efd3a474e,8dba59c45830597bb9af3a721ed6fb965edd09390d6f7daf79a5f8a233f9fb07,d4e5d5642e4ba12315de68462203eb4112f620a80797a1d8f9b0a351d5d17fe4,1cdc92e0ae9111f321b25ca64b1d79c9dc8582059016e503717ce30f0019675c,fe6511108d638097de348e26270d00c7e47a017dad99c5527867eb6b4ad0a845,14.243042,/tmp/buckeye_slicer_O0_4_omm587lb
s11,s1101a,O12.5_4,94,5,0.05319148936170213,2,0,0,0.02127659574468085,0.0,0.0,94,5,0.05319148936170213,2,0,0,0.02127659574468085,0.0,0.0,285.0435980000001,159.28455800000023,0.5588077021115913,192.37600000000015,47,4.093106382978727,c4a9d51af35f27f1e99f5960f01d8721e1c9a7ae761cc52d68b81ecc3366390d,7742f46ba78ed9fa88c087d5ec69553ce3988bd974cf12b77459f3fa28b99e2d,150164,0a1e7061aa0cece2babb612100b4431e296ed9d89377369dd708c595b512ac9f,810fdb0bfe9dc782b9ed114860105870a5c57baff2a3db5ff7e7338cbf68b8c0,06b86f6eb90982eaef13c013eeff1491ab0572baa4a515f3a1219e47d93a60af,3fdf5286662cf59a551b767a385f51156c55550b4300d853645f5352489e266e,232e704d046292937389a8433b76ef6aaa3ae7fc656fcc6b7b43a50db3377194,14.281869,/tmp/buckeye_slicer_O12.5_4_4jahwonx
s11,s1101a,O0_2,94,6,0.06382978723404255,3,1,0,0.031914893617021274,0.010638297872340425,0.0,94,6,0.06382978723404255,3,1,0,0.031914893617021274,0.010638297872340425,0.0,285.0435980000001,159.7315440000001,0.5603758341557281,192.4319999999998,47,4.094297872340421,b8f9c3af61c5c18d8b52a1cdb992e5c98e154bc752c5665b52bea987b6d3c947,7742f46ba78ed9fa88c087d5ec69553ce3988bd974cf12b77459f3fa28b99e2d,300328,f185bf6d57971b1a2fd13797b1b35968751a9fab16c62dbbe2f8e2a56db0a2fc,f1edbf54435d53ea3024cbd13b2c2b1165a6f5c07043fb3ac2f8027f9f0d768c,bc45f82e2cd7c84c22826f0565dd756cc3a69d78f7b65e996c6f00b6915673ee,4de538e641ca0c88512afd2acbe12ad6556091236fe2e659287e867e1cc6a8d7,045273772ac2a5f31eafc9038d2cda4698355e952d2292ed3db731df2070e690,28.5189,/tmp/buckeye_slicer_O0_2_sjew0bqx
s11,s1102a,A_O50_8,70,5,0.07142857142857142,4,0,0,0.05714285714285714,0.0,0.0,70,5,0.07142857142857142,4,0,0,0.05714285714285714,0.0,0.0,238.4946670000003,126.9472240000002,0.5322853781044925,145.12800000000004,35,4.146514285714287,72ea8093df3fb11222b7291a784e2272246d6349ad6d5da63900e79412997498,7742f46ba78ed9fa88c087d5ec69553ce3988bd974cf12b77459f3fa28b99e2d,57721,b4c680e897c85f336578d41114edafdf0eea081b9cd811ff54a34ef00b13120a,b4a19a851a7ca77c773689a0cdc345fbe7a79b1d5da1617d40f5831795941c49,12146610a37051a1f8e90c287e16545143798869c501599a52ec5800badda105,66ec8fd13ca9fc9ee607f6ac334afab37e69b91ce2ece79e7a2cace6037778ef,1d5826f7cbd90bca25da3f8fb3a9cb4538aaf3308832a004b78258ee49aa6ca9,5.506955,/tmp/buckeye_slicer_A_O50_8_52jiuhy6
s11,s1102a,D_O0_8,68,4,0.058823529411764705,3,1,0,0.04411764705882353,0.014705882352941176,0.0,68,4,0.058823529411764705,3,1,0,0.04411764705882353,0.014705882352941176,0.0,238.4946670000003,124.37223500000022,0.5214885371000773,142.56800000000004,34,4.193176470588236,b35b56fbf50e01487bef7f59ef870fe839ea7b8d3f84afb9014d7c5503a3e4dc,7742f46ba78ed9fa88c087d5ec69553ce3988bd974cf12b77459f3fa28b99e2d,57721,22911337e67f758624b91ff7c5d809db55d97438d5fd7b669f2f623489ecb8e0,75b2353b799c643c6a3f677fab07ade2405ec5bcdb5cefada17ef8a5ff6ed156,74b17f9d81f449282fe2823c8ebf86c347602a58fecaa8352c21b3a6f0f357e3,8a29575685e9457a0db55a850b25e7f834ff0fc2674d89d48e2dde3c5d900183,70fd35da56ec17a3852ffdf96ff6584d8c2c15b009d7c53fc157d6636ce2244d,5.318469,/tmp/buckeye_slicer_D_O0_8_094r7f_v
s11,s1102a,O25_4,68,4,0.058823529411764705,3,1,0,0.04411764705882353,0.014705882352941176,0.0,68,4,0.058823529411764705,3,1,0,0.04411764705882353,0.014705882352941176,0.0,238.4946670000003,124.38423500000019,0.521538852690572,142.50400000000013,34,4.191294117647063,5c718a3fdc193cf92e8babe55085d9a6c49c09e1bb11c69c0d3e71192acf39c2,7742f46ba78ed9fa88c087d5ec69553ce3988bd974cf12b77459f3fa28b99e2d,115441,d37b9cd71c95d452df5e3a8642a23b8d3ae13fbe19dfd06f6a29b074697651f0,3cddfaa77efae65ca6abb50e1a81521dc62c5474f6632a62f800b9b5bbba476c,873598630cc3dfde108a896644cba4887f640095fed6b1d963f2f46f9936dcd2,addcf4d67798b13152e42696032c61cee12e2b191ae2f31e2914761c3eaee09d,f177aa986a827b5a1b0c2cb0ffad1744bafbb5c693a8260d07a1d0ccd1a8d275,10.608087,/tmp/buckeye_slicer_O25_4_7zyivn24
s11,s1102a,O0_4,68,4,0.058823529411764705,3,1,0,0.04411764705882353,0.014705882352941176,0.0,68,4,0.058823529411764705,3,1,0,0.04411764705882353,0.014705882352941176,0.0,238.4946670000003,124.37223500000019,0.521488537100077,142.65200000000002,34,4.19564705882353,87130029b5443647ed1f1febd32ab768bf957a0a1698217eb3cf14b2d00c6ecf,7742f46ba78ed9fa88c087d5ec69553ce3988bd974cf12b77459f3fa28b99e2d,115441,3f26453248aacdfc10a1215d4863cabe7763d3f584cb6899c632811cbd6b23d0,51efa3a39e4a0c51107086fbbd5706dd0be651f3b4cef7ca9ddf872c424d528b,4387a9e44df5f2c8b417fb637f32e29973603154077e46cb0a5b46a4a6805bc7,7387375c92be61b3d106f29a97633f49c014dab5a80e1fba4d0997e47c31fece,4c7024a715951d43322d7b448bd67c0b9a727f4b529bd8324190024ba42a9587,10.575128,/tmp/buckeye_slicer_O0_4_6unv_5__
s11,s1102a,O12.5_4,68,4,0.058823529411764705,2,1,0,0.029411764705882353,0.014705882352941176,0.0,68,4,0.058823529411764705,2,1,0,0.029411764705882353,0.014705882352941176,0.0,238.4946670000003,124.40823500000019,0.5216394838715619,142.68,34,4.196470588235294,c4a9d51af35f27f1e99f5960f01d8721e1c9a7ae761cc52d68b81ecc3366390d,7742f46ba78ed9fa88c087d5ec69553ce3988bd974cf12b77459f3fa28b99e2d,115441,3b71257100a3719adb07a8f1451ae48442446fae45d058f89c5ff2729a459fc8,8d7494c926b082dc3c8cb53981d2bf3b02fb6722fa4dbf647b26467ff0a94f96,00facbb698915cf8ac8489c292006b24cf3412bccbcd5a59ccd9cc0c1e524ba0,f0031ae6724bc13e9338544fbd1ceb5d22dde086361797ed6d63a62788448fd6,91b69666065eadb79b8a1f2e96cea16e7146c33097f718524ae74b6be4166d41,10.655642,/tmp/buckeye_slicer_O12.5_4_2vq15rkf
s11,s1102a,O0_2,68,5,0.07352941176470588,3,1,0,0.04411764705882353,0.014705882352941176,0.0,68,5,0.07352941176470588,3,1,0,0.04411764705882353,0.014705882352941176,0.0,238.4946670000003,124.37359700000025,0.5214942479195985,142.73400000000018,34,4.198058823529417,b8f9c3af61c5c18d8b52a1cdb992e5c98e154bc752c5665b52bea987b6d3c947,7742f46ba78ed9fa88c087d5ec69553ce3988bd974cf12b77459f3fa28b99e2d,230882,29717728628e00672ea163cac13689c69dadc1844c0b52eebf1ef178b151fd60,8db2e4c58a19111f418f716c450e7d4b132576cc0a4aff87685b40f84f998757,31093c0c0d67058916d95cbc986efdd623ad6dd882f387068ffd0c47fe50e478,84a82f901ef75d3ad249f0b5240028c4d573563f8f1a05f5169db4dd80cd1f01,8761b6a1b2884324dca136f90255fb3caeb3979ae3e7efb06d1c2bfdb34462e5,21.341077,/tmp/buckeye_slicer_O0_2_lrvy2sby
s11,s1102b,A_O50_8,40,4,0.1,2,0,0,0.05,0.0,0.0,40,4,0.1,2,0,0,0.05,0.0,0.0,189.80443799999995,77.04573999999998,0.4059216992597402,88.71199999999996,20,4.435599999999998,72ea8093df3fb11222b7291a784e2272246d6349ad6d5da63900e79412997498,7742f46ba78ed9fa88c087d5ec69553ce3988bd974cf12b77459f3fa28b99e2d,43675,0cfa8ba3d622f44bb40f322e59fbe08c67f005c377d018a8fb5035df4352d5b2,c23a1f56ed19e31f89574b18adecddcc02a1c0166589c5ec75dcd805b85aeada,f6e61d842a8f9503e4fdc732403ee619852c0d5f824d1013fd52d61e9888be9d,2f6824103445c63a0c8d45ba322292cf0d4c7e2b802fc40d3a080524fe568ad5,2e66ab1f39bd507595fa94236be58936ceb10ce24244cbea944af1081dc9c6b0,4.244451,/tmp/buckeye_slicer_A_O50_8_4h1up7ay
s11,s1102b,D_O0_8,42,3,0.07142857142857142,1,0,0,0.023809523809523808,0.0,0.0,42,3,0.07142857142857142,1,0,0,0.023809523809523808,0.0,0.0,189.80443799999995,79.37723299999995,0.41820535829620575,92.27999999999994,21,4.3942857142857115,b35b56fbf50e01487bef7f59ef870fe839ea7b8d3f84afb9014d7c5503a3e4dc,7742f46ba78ed9fa88c087d5ec69553ce3988bd974cf12b77459f3fa28b99e2d,43675,418aed13a6ea809d06ed51fa15f56918aa173ab895c46c9c1f8bc41848918c72,c6e199350c70963e322aa2eacd23070aa06e00a78fa2d6f4a38fdc433aadce7b,7b33797ec9cf7eeba29446ba3fa0d023f94173063453f2ade57a5d233ff0cbc9,50da6a11d5152cc0208b7f23cc05398ce7a5a94766a65dfadfceabd98a7b1a17,1b7ab9c9ea67a3f8a9f4c5bfd82184bd642a918cf0aed9ca6578a6c054dfb64a,4.157785,/tmp/buckeye_slicer_D_O0_8_98nr2a12
s11,s1102b,O25_4,40,4,0.1,1,0,0,0.025,0.0,0.0,40,4,0.1,1,0,0,0.025,0.0,0.0,189.80443799999995,77.07773999999998,0.4060902938423389,89.14399999999996,20,4.4571999999999985,5c718a3fdc193cf92e8babe55085d9a6c49c09e1bb11c69c0d3e71192acf39c2,7742f46ba78ed9fa88c087d5ec69553ce3988bd974cf12b77459f3fa28b99e2d,87350,b31250742bffc20e04360e389c6763495c40c6d11016f2e1b00a08152bad6e59,9ea9a8211c87c07f517ee38ad8fd1ff644beba828cf5532ca072e94f6d49b86e,c58dcb07759e14b8d5c33e254574024fc3c2e7f10de9a7f9f1c4b91de9aecdb9,1685e7e6f3bff3e7c9e13b34f7a3f1ae74f2a69638ef1584c284c7a9c32343fd,2401fbdc34e26e5861760f0efbeeebb50a4b9b2753b16d958295b942c9d858ef,8.232666,/tmp/buckeye_slicer_O25_4_tahw4yww
s11,s1102b,O0_4,42,4,0.09523809523809523,1,0,0,0.023809523809523808,0.0,0.0,42,4,0.09523809523809523,1,0,0,0.023809523809523808,0.0,0.0,189.80443799999995,79.37668699999995,0.41820248165114016,92.27199999999992,21,4.393904761904758,87130029b5443647ed1f1febd32ab768bf957a0a1698217eb3cf14b2d00c6ecf,7742f46ba78ed9fa88c087d5ec69553ce3988bd974cf12b77459f3fa28b99e2d,87350,135c05639170fd77e57b9d1624cc5640b1c28594c23012aba4a1c9c7bfdf22e9,25e4a0ebccede566f898677573a3de3c6900c996ee222df1ff1f31b19894dee4,a7212b9f3793269cbc154db6f087c7c9b5aba32e07447a727ccf53de7f76cb8b,7a9a3388bd654748801d2648f28a4ee63c3969b4633ee393904c2a6b36b9948f,2bcf09217f2ac0a69352989a224e9b65c7ac73fb0ca32435cf24b452bb5840e8,8.284861,/tmp/buckeye_slicer_O0_4_uf9ip6e2
s11,s1102b,O12.5_4,40,3,0.075,0,0,0,0.0,0.0,0.0,40,3,0.075,0,0,0,0.0,0.0,0.0,189.80443799999995,77.10898999999998,0.406254936989408,89.29600000000008,20,4.464800000000004,c4a9d51af35f27f1e99f5960f01d8721e1c9a7ae761cc52d68b81ecc3366390d,7742f46ba78ed9fa88c087d5ec69553ce3988bd974cf12b77459f3fa28b99e2d,87350,5178c35fc1f6e96c424e0cf69e2a441c168b1fc6005fc9cd8c7ec41bd40d691c,9fa1e94fd37f7b6065e56508f3a1e11ce0e0ca8701b9a4a78c7b3d5cdde13614,819b8eff8e48455c21fa10249a29bbc8a232156162b2b9aa8987e36be7acc458,38845b5349a30ebf0ae8e38e59651b4e745a46639cb0d7ad15b55af606826723,859cb05500f04c15c16eb27047e82cff5a3987feded14b411f51b5d5be7df021,8.394046,/tmp/buckeye_slicer_O12.5_4_y3rb67lh
s11,s1102b,O0_2,40,4,0.1,1,0,0,0.025,0.0,0.0,40,4,0.1,1,0,0,0.025,0.0,0.0,189.80443799999995,77.10244399999998,0.40622044886010517,89.31600000000009,20,4.465800000000004,b8f9c3af61c5c18d8b52a1cdb992e5c98e154bc752c5665b52bea987b6d3c947,7742f46ba78ed9fa88c087d5ec69553ce3988bd974cf12b77459f3fa28b99e2d,174700,f2de24530a0194669c34df17c529a5d9dba17537a2fc43ac1db7afe187511773,053fd3bd76575ffe99a0c830e4da29e893547e2a71696c31360fcabc293c9312,4a088a5649bf514cdeca0cc6b193e3917893b2fdd0e63272e3c96d9941bc5533,2a6ea6ec8a708fdbec2815e41bd8e429e88328f41a04b8c1e0ef13c2b405eddf,3d576f6318435712e10d6427e3a4e8dfad190a74984c7e7396bfa571883fb567,16.61688,/tmp/buckeye_slicer_O0_2_o_7vqcie
s11,s1103a,A_O50_8,68,2,0.029411764705882353,1,0,0,0.014705882352941176,0.0,0.0,68,2,0.029411764705882353,1,0,0,0.014705882352941176,0.0,0.0,300.7196709999997,126.72603100000006,0.42140918343848605,144.2000000000002,34,4.241176470588241,72ea8093df3fb11222b7291a784e2272246d6349ad6d5da63900e79412997498,7742f46ba78ed9fa88c087d5ec69553ce3988bd974cf12b77459f3fa28b99e2d,76116,2cb9003afd7af49b46f5828f81eeaec567ad9338b23b2cfc8283853f623d78d9,ead738b7c81e88ef1781cd783e8a81c3550ff5f1df381a38fb90b9525faf85af,d77d288fe06c6404f4c0785c35fd76d5f17b3f8e93d5375face54df9fe76140f,c7ab25fd22456bc731564ae5c9a6b0b9edeb29c071176b1383170228e91dbedf,c88ff23aab494cbbb9214604a6706cd60b2a0784097dd0282b5a043bc5ecf31d,7.157425,/tmp/buckeye_slicer_A_O50_8_uqibf0jg
s11,s1103a,D_O0_8,66,2,0.030303030303030304,1,0,0,0.015151515151515152,0.0,0.0,66,2,0.030303030303030304,1,0,0,0.015151515151515152,0.0,0.0,300.7196709999997,122.48213999999999,0.4072967345059383,140.05600000000013,33,4.2441212121212155,b35b56fbf50e01487bef7f59ef870fe839ea7b8d3f84afb9014d7c5503a3e4dc,7742f46ba78ed9fa88c087d5ec69553ce3988bd974cf12b77459f3fa28b99e2d,76116,0219d3902e4dde09790e18ec903ea5d6030eaea5b349c187bee73b7fcfee2bcf,9afcf85a9d66dbc0027ce7b3f3f352beaeff06d177777540b31c3021070196fe,1697c922475c9196c7c5f83898dd9547072154185c2910e532f19950f95650bb,4fd01c411602e110168e5f6310810f8041d87f8fc3cd2f42193968f26a201cad,5671afcb0c7584586fe9361e13f9b656b8d21c422321881002580e9624d77136,6.977528,/tmp/buckeye_slicer_D_O0_8_bpyvad58
s11,s1103a,O25_4,68,2,0.029411764705882353,1,0,0,0.014705882352941176,0.0,0.0,68,2,0.029411764705882353,1,0,0,0.014705882352941176,0.0,0.0,300.7196709999997,126.73003100000005,0.4214224848629878,144.56000000000026,34,4.25176470588236,5c718a3fdc193cf92e8babe55085d9a6c49c09e1bb11c69c0d3e71192acf39c2,7742f46ba78ed9fa88c087d5ec69553ce3988bd974cf12b77459f3fa28b99e2d,152232,0c21831d3c308137d7f2ba696b2efee628e640423a07c62b5a83dfce355f2aa4,aa907e56c23e6703b141d1c179aa6591a22e1a6deda7045c9114bac088849d56,c1ec46a0b4e216bcf56b5b988dff300f8d965aba74e4c2965e318db221faa6ac,d13696ac2c22b4838aca619a6473376a4019040ed1c158fd4bd36d155b78a994,2566827912cd1df90ef3494f86919e6b1f98ec44add730bde1a2968b415bebe6,14.190819,/tmp/buckeye_slicer_O25_4_0fenysio
s11,s1103a,O0_4,68,2,0.029411764705882353,1,0,0,0.014705882352941176,0.0,0.0,68,2,0.029411764705882353,1,0,0,0.014705882352941176,0.0,0.0,300.7196709999997,126.71803100000002,0.4213825805894824,144.76000000000028,34,4.2576470588235376,87130029b5443647ed1f1febd32ab768bf957a0a1698217eb3cf14b2d00c6ecf,7742f46ba78ed9fa88c087d5ec69553ce3988bd974cf12b77459f3fa28b99e2d,152232,e9c6796eaaf09793778b1185b434f4fcaa1fa47ee5397e5b58ae48c147dfc974,c497d866948b684685c25ded28c3cc6f81f3bc00c37a0f386dd2c7c1ff37c71e,62a666e1787117c3b64ab81b81b454fac7bee0cad7478cea611e0831d99a2665,9167e39551df684b5814a4aea9778fce574e8cd01aa1db8da4c82a864cb30585,83c859c8724efd78913ba7aeba70684eedc5f35d6c32cb799f5454d941734055,14.117014,/tmp/buckeye_slicer_O0_4_dhznrxrj
s11,s1103a,O12.5_4,68,2,0.029411764705882353,1,0,0,0.014705882352941176,0.0,0.0,68,2,0.029411764705882353,1,0,0,0.014705882352941176,0.0,0.0,300.7196709999997,126.72203100000004,0.42139588201398426,144.67200000000037,34,4.255058823529422,c4a9d51af35f27f1e99f5960f01d8721e1c9a7ae761cc52d68b81ecc3366390d,7742f46ba78ed9fa88c087d5ec69553ce3988bd974cf12b77459f3fa28b99e2d,152232,f66a760806481ad3ff9a91d851cdbb36eef10210e1ab47579cc386a876f83e03,8b0c69cdf5cc6d53d8771d65c94ea1825f536463955a0b0dee85d9a4cf2f3ab0,72470dcfe9f5f11c970bee86c3d2ed9a4b0931f396cc340397e53ffb5f620105,e9fbaa93cbcd4c1bea860652dce806f389a4db6e518615b870013575011aea6d,5845b70313266c45276ae38cf6ec67f8d6b770819671cc663e1f5b6ce928d2fc,14.051543,/tmp/buckeye_slicer_O12.5_4_8csi3fji
s11,s1103a,O0_2,68,2,0.029411764705882353,1,0,0,0.014705882352941176,0.0,0.0,68,2,0.029411764705882353,1,0,0,0.014705882352941176,0.0,0.0,300.7196709999997,126.71603100000002,0.4213759298772315,144.81799999999987,34,4.259352941176466,b8f9c3af61c5c18d8b52a1cdb992e5c98e154bc752c5665b52bea987b6d3c947,7742f46ba78ed9fa88c087d5ec69553ce3988bd974cf12b77459f3fa28b99e2d,304464,fc38a9356f19de2bb58cff402cdf9e019bad3f71148679c841dd841d6c8c8f0f,1c381c556ff849603582e397822f8a250d682a186a0a5d5932c184fede9c166d,0f336b54d1f3083ef3ab77160821d9d275e321f432c051e111e211a8b7264098,1256f70cf953c087a441d6113cb16fe3788159411e3b7a72e97206461ba8df6a,b2d4881bb9351a0f34901870631c23bfe79d268fd7e3995770cc58d9f2aa278b,27.892792,/tmp/buckeye_slicer_O0_2_spv3zb22
s11,s1103b,A_O50_8,85,6,0.07058823529411765,4,0,0,0.047058823529411764,0.0,0.0,86,6,0.06976744186046512,4,0,0,0.046511627906976744,0.0,0.0,326.98767699999894,173.49216799999977,0.5305770834905205,198.21600000000004,43,4.609674418604652,72ea8093df3fb11222b7291a784e2272246d6349ad6d5da63900e79412997498,7742f46ba78ed9fa88c087d5ec69553ce3988bd974cf12b77459f3fa28b99e2d,70288,6084e06f3b041db93a451fcb21efd0032041755d960ac5af65dfc6b65642febe,01fe5587c84542c5348e6227485a522272c3430b3631e0a2251a8b1ea191f660,4fe704e83e426eedbc78c1ebc247e10fd52ee4049a74d73141dd46bc3424621d,a0175173757d83f3df337505aac8042ba2f66905f2636d04c77808499edb86ad,98a83dd23a2ff0bb8226185007cf6253dfbd28de3e670e05206f0d80fc659c4d,6.96816,/tmp/buckeye_slicer_A_O50_8_y0ljpzf5
s11,s1103b,D_O0_8,87,6,0.06896551724137931,4,0,0,0.04597701149425287,0.0,0.0,88,6,0.06818181818181818,4,0,0,0.045454545454545456,0.0,0.0,326.98767699999894,175.10605799999973,0.5355127129148671,201.13600000000025,44,4.571272727272733,b35b56fbf50e01487bef7f59ef870fe839ea7b8d3f84afb9014d7c5503a3e4dc,7742f46ba78ed9fa88c087d5ec69553ce3988bd974cf12b77459f3fa28b99e2d,70288,1a9611c4ef9509560195037a908379393bcd6213a21387a70331f503ba7270a0,ec989d5ce1bc3e742f6e28e2448fc121a865a9e9cf7948417d7cead8ec54c009,43e8a557b22d2eed138a057c56b63535ce539ad3a01c00c472889161b167cacd,47b9d30c69ef6d2a146571a67122aa8f69587e2f2aba19d4958bcbc2e7368c7b,00b567cec9db14915ffa5f174e26903c2dfc89b4b213cab661c4650c982bb650,6.666398,/tmp/buckeye_slicer_D_O0_8_ysvaas32
s11,s1103b,O25_4,85,6,0.07058823529411765,4,0,0,0.047058823529411764,0.0,0.0,86,6,0.06976744186046512,4,0,0,0.046511627906976744,0.0,0.0,326.98767699999894,173.51216799999975,0.5306382478750118,198.9120000000001,43,4.625860465116281,5c718a3fdc193cf92e8babe55085d9a6c49c09e1bb11c69c0d3e71192acf39c2,7742f46ba78ed9fa88c087d5ec69553ce3988bd974cf12b77459f3fa28b99e2d,140575,cfb94ec7d344a460ec7fbcc294902267e5453872b19696c1a49ef20a83d5785b,8b9a02ecf678ff6f6f2f68a9728c26c8f0544155630f7adbc80365fc39f5c833,6e6eb3c5d6b98f6d512fdec7fc67d2c08f374b618d0cbc57192b0309d41a806c,5d99c8d73bf257d4f0d912c5eca6171efd22fe85be7342cd5cef14aa20670ab0,b12232e691f7697031210fccb9de38154def59614c73f359fe2971ccd7a512cd,13.390013,/tmp/buckeye_slicer_O25_4_441bnfga
s11,s1103b,O0_4,87,7,0.08045977011494253,3,1,0,0.034482758620689655,0.011494252873563218,0.0,88,7,0.07954545454545454,3,1,0,0.03409090909090909,0.011363636363636364,0.0,326.98767699999894,175.13771099999974,0.5356095147279826,201.14800000000005,44,4.571545454545456,87130029b5443647ed1f1febd32ab768bf957a0a1698217eb3cf14b2d00c6ecf,7742f46ba78ed9fa88c087d5ec69553ce3988bd974cf12b77459f3fa28b99e2d,140575,d56e7ed5f47c23bbfc4da87099391c3965be3313dc5df246f72c7efd5011721e,06697a62e2d39463f968c4af8a80b3d296211ba23f35de923c23c12b1a393740,47b003faa1badff8297e301688ad5692b0887295c00453518b982d4cd0096810,815515f8f74f718c24303167645a213b13c2f55d8cb05b443f371068275bbbb7,22168c6c5dd36b499aecb6812034512eb765845d4bebd74be9123365a56a7ee5,13.315554,/tmp/buckeye_slicer_O0_4_msrvonal
s11,s1103b,O12.5_4,87,7,0.08045977011494253,4,1,0,0.04597701149425287,0.011494252873563218,0.0,88,7,0.07954545454545454,4,1,0,0.045454545454545456,0.011363636363636364,0.0,326.98767699999894,175.98571099999975,0.5382028846304209,202.06400000000014,44,4.59236363636364,c4a9d51af35f27f1e99f5960f01d8721e1c9a7ae761cc52d68b81ecc3366390d,7742f46ba78ed9fa88c087d5ec69553ce3988bd974cf12b77459f3fa28b99e2d,140575,8e45baec08aaea499f654b5301b5d30487382634762d7710d796f4aff1ecefcd,eaa04bc54758e2b252eeca60ca89bc1c121978b07f109e582c836b4f5c1e8109,c4f97e1b7271b757746af4b303460a7e103a789eda1d448fbc079badc0104c20,37fa86aa74b25d102cc762f2cc3bb3686427afbf0678c58c845709f46a6c1f56,0c27c0fbe631d8fc7f48e41196a1c9f699273a284d011932dc8d35c20b620f6d,13.260487,/tmp/buckeye_slicer_O12.5_4_i3_0cem9
s11,s1103b,O0_2,87,5,0.05747126436781609,3,1,0,0.034482758620689655,0.011494252873563218,0.0,88,5,0.056818181818181816,3,1,0,0.03409090909090909,0.011363636363636364,0.0,326.98767699999894,175.14934799999975,0.535645103225099,201.43000000000004,44,4.5779545454545465,b8f9c3af61c5c18d8b52a1cdb992e5c98e154bc752c5665b52bea987b6d3c947,7742f46ba78ed9fa88c087d5ec69553ce3988bd974cf12b77459f3fa28b99e2d,281150,2ff6960ff60fd194dc54b64c2bbd3a0825ad7924276b6dddb6c94ed4bd508186,3495a9d910cb3f1af806207b399c6b7d1c46e4b00725266dc0e1b6e4dddbc000,59121b9f4fe67f55cbcb0a08e16842fcc625aacb99753d4c57aa05f1e6f5f9d3,7fa369b182b101b1d54301473aa3bc68a291174f7bb19f4a2ce1ae7ba36091ed,483d69d89d5b4a7c697dfb452b0525c947e7c573d6e393364716df589acbd977,26.757354,/tmp/buckeye_slicer_O0_2_n8xl718u
s11,s1104a,A_O50_8,80,6,0.075,2,1,0,0.025,0.0125,0.0,80,6,0.075,2,1,0,0.025,0.0125,0.0,289.8333909999997,150.2512019999997,0.5184054241700531,172.16799999999998,40,4.3042,72ea8093df3fb11222b7291a784e2272246d6349ad6d5da63900e79412997498,7742f46ba78ed9fa88c087d5ec69553ce3988bd974cf12b77459f3fa28b99e2d,62369,f7db308a1c92293c2c53b8343fef1ff9a8e11354070cc5733099d1c2265b6e9f,e58ba7c27f076d81bce570e166a7385e6c1a100b180c62faf3f5fda0c98cb00a,20d276932443b29f64689e154eb616f34e488aa65debe43ba47431b57b9b8bc5,1366cb6bff786607105146aa28e68f1cb0809d1180d64dc8b2431982fbf06a41,550e0e6c5a7473bbd2638ee2a060722dafa78a857c56c8b431ff924ce07087c3,6.062335,/tmp/buckeye_slicer_A_O50_8_nmsnih41
s11,s1104a,D_O0_8,80,6,0.075,2,1,0,0.025,0.0125,0.0,80,6,0.075,2,1,0,0.025,0.0125,0.0,289.8333909999997,149.19564399999973,0.5147634766485545,171.31200000000004,40,4.282800000000001,b35b56fbf50e01487bef7f59ef870fe839ea7b8d3f84afb9014d7c5503a3e4dc,7742f46ba78ed9fa88c087d5ec69553ce3988bd974cf12b77459f3fa28b99e2d,62369,8d4b2a13a42d52890a09d381cd21b3c85378f6558f6269a8de40176b93e92983,45d9c2023d8867831848d29789c4fb3350465e79cec7d229b7905ed8239c8fce,5e995bd77f5d4bbb476089a0bdb694d6ba08344996cf3eb269b351e91814804b,e51248a15756959c5bf3566023acfa2a8a899c5fc8f6fbcdf874e3589a5a32cc,7e5ac146ca893aa3875ce54024a185a3eed8011bf04ef36f380015480b14dbea,5.726983,/tmp/buckeye_slicer_D_O0_8_9y993s7l
s11,s1104a,O25_4,82,6,0.07317073170731707,3,0,0,0.036585365853658534,0.0,0.0,82,6,0.07317073170731707,3,0,0,0.036585365853658534,0.0,0.0,289.8333909999997,153.07324399999976,0.5281421973909138,175.57199999999983,41,4.282243902439021,5c718a3fdc193cf92e8babe55085d9a6c49c09e1bb11c69c0d3e71192acf39c2,7742f46ba78ed9fa88c087d5ec69553ce3988bd974cf12b77459f3fa28b99e2d,124738,6d54b6eaec52c418fa27f0169da0f604570a11e4500f474056b2b5e3cf72604f,a4fc09dfdddbd14c15b5c6b53a21dd9da7f88b906c10ecc8378ea742c6e47a4e,d45eea426a8ce3f228fa01c62d5952bb1ebbfa9bbc0cc3adf0b62483986f8e21,e50f9616f553e037de92b04ca1e8c7bc9b7278407b97889b0a63895e6ea64f1c,98861d7ccfbf1f47179cbcfcbdea2b73769d7cd554567461a145b5a185761ab3,11.608333,/tmp/buckeye_slicer_O25_4_0_7vgz3w
s11,s1104a,O0_4,80,6,0.075,2,1,0,0.025,0.0125,0.0,80,6,0.075,2,1,0,0.025,0.0125,0.0,289.8333909999997,149.20364399999977,0.514791078713218,171.42,40,4.2855,87130029b5443647ed1f1febd32ab768bf957a0a1698217eb3cf14b2d00c6ecf,7742f46ba78ed9fa88c087d5ec69553ce3988bd974cf12b77459f3fa28b99e2d,124738,6b4149825513fed4a35e9239bef00c93ea39e3ebefff9aa83ca0e0eac6718e3f,5d08c05b9cda65c73488b54ebb0fde043a50ec12ba7b7966569b0d7e19eabfc7,e4a5e1ba9628936e8868aa4c57a03673341bd64729b74e079b8fc93391424474,d3a1732d180ed2c86ff42f161e400a79151d2736e5d010c963d702e30cdd27b8,5a8488588e6ac8bc38db9153772b0c60e4fae898bccd43002301c18edbf5d7b6,11.534901,/tmp/buckeye_slicer_O0_4_prf6jeya
s11,s1104a,O12.5_4,80,6,0.075,1,0,0,0.0125,0.0,0.0,80,6,0.075,1,0,0,0.0125,0.0,0.0,289.8333909999997,149.2436439999998,0.5149290890365352,171.3159999999998,40,4.282899999999995,c4a9d51af35f27f1e99f5960f01d8721e1c9a7ae761cc52d68b81ecc3366390d,7742f46ba78ed9fa88c087d5ec69553ce3988bd974cf12b77459f3fa28b99e2d,124738,aca8ac58da66a743e0c03f6d19511c233226c5baa42f7e73aaa0fc2db6c0feaf,3646b13317d5d6333efd093bc2de61bb4ba484aef7c6b54106348c4c0d77302b,016a84f6ea0214fa7da6658efa9f8b29cbb2ad69d24a2a26979281cf4e0e45a0,cfd0e87f0ee2ef74c00cb46633149a9ccb918723dd4c5b4b36502fe8fc44390c,66ea3800af9b24ee1c5b12e9081ddec24f4335084ac4d72f88968d6c841b14fb,11.485194,/tmp/buckeye_slicer_O12.5_4_p3adp9v5
s11,s1104a,O0_2,80,6,0.075,0,0,0,0.0,0.0,0.0,80,6,0.075,0,0,0,0.0,0.0,0.0,289.8333909999997,149.28564399999976,0.5150739998760181,171.56599999999995,40,4.2891499999999985,b8f9c3af61c5c18d8b52a1cdb992e5c98e154bc752c5665b52bea987b6d3c947,7742f46ba78ed9fa88c087d5ec69553ce3988bd974cf12b77459f3fa28b99e2d,249476,29d5a37ae2ce3c840073a4bd47f6b14c8d4ac5ed4873db88dab2eab942ed4899,e5299cf2f3217b1c7f5e5a804d3a3e546b674a60aeccce48049f962b48d43366,9362e5527a7fcdaacf2a97107f629f44249fb694ee373d2847a8dda5e68f0b8a,b1cacfbde3c32c9b3dcebc068e9cbcaf823ef36b2f60fb802120efbcf4943d7a,26f79daa4f4c9be88a9947b3d86bc8ae7b940a3f264bd3c706fae52fa138fa1d,22.931879,/tmp/buckeye_slicer_O0_2_fiiqpavg
s11,s1104b,A_O50_8,68,5,0.07352941176470588,3,1,0,0.04411764705882353,0.014705882352941176,0.0,68,5,0.07352941176470588,3,1,0,0.04411764705882353,0.014705882352941176,0.0,275.3630759999999,118.25114099999992,0.4294371733412796,134.5280000000001,34,3.9567058823529444,72ea8093df3fb11222b7291a784e2272246d6349ad6d5da63900e79412997498,7742f46ba78ed9fa88c087d5ec69553ce3988bd974cf12b77459f3fa28b99e2d,62336,2badf60746079438660c1dbf73c896aebfd3d45270685574174996336f4a26e0,e4402a49bf0ce753ffc7389c1e11c11574b12d78c9646757c6088daf10f5b457,8c98da0ba47ce70365f9db9da94151556a5f8e31ea89d7b8b221325a4a956874,005673e2a5b8a36f3ce50625f9552be44a31154dbb9657a451aea8d3dc9f4d8e,55ef6dae8199a5702e90a5242d7a256217e5c2fc202a03d46f180c8ab77c2c87,6.189074,/tmp/buckeye_slicer_A_O50_8_w448y5d6
s11,s1104b,D_O0_8,66,5,0.07575757575757576,2,0,0,0.030303030303030304,0.0,0.0,66,5,0.07575757575757576,2,0,0,0.030303030303030304,0.0,0.0,275.3630759999999,115.3574859999999,0.4189286656574098,131.75200000000007,33,3.9924848484848505,b35b56fbf50e01487bef7f59ef870fe839ea7b8d3f84afb9014d7c5503a3e4dc,7742f46ba78ed9fa88c087d5ec69553ce3988bd974cf12b77459f3fa28b99e2d,62336,a5c8ff4ccbfb316fa8c3749cb99d70337dfe08a71bf6ce5c15d4cf58ffa16d0c,ee2791d55fb5d3b2d90f0cb844a5b7e1b9c6f73a684063dcf9e8e71e5b2e2331,476413d5875f0849e440f6ffa3645ea331fb6e0d0f908d629b96be8ce22b3b96,1d8947cd9cbc613d12521e5e15b5256a8c2c8c40ad1f4a15ffe92c0305aaf352,3be34f9e3a784c59732f2d74bcec366dee92ef813553ac5b39e24a7b48efb2fa,5.934846,/tmp/buckeye_slicer_D_O0_8_t198lvkk
s11,s1104b,O25_4,68,6,0.08823529411764706,3,0,0,0.04411764705882353,0.0,0.0,68,6,0.08823529411764706,3,0,0,0.04411764705882353,0.0,0.0,275.3630759999999,118.25308399999997,0.4294442294797724,134.87199999999999,34,3.9668235294117644,5c718a3fdc193cf92e8babe55085d9a6c49c09e1bb11c69c0d3e71192acf39c2,7742f46ba78ed9fa88c087d5ec69553ce3988bd974cf12b77459f3fa28b99e2d,124672,cb90bbaea66478ba298b568ca6cf765ff9bc2b48e7afcbc7ee9f0627a2fc1b84,266a7e9ccc48bf88e9bf94ce9aa49c7d3ca12b102a1b74aa48ec0bb1fd11a1a7,97d7ad5e7a747e1b0c08e77e13672c4ef9e7b05d05bf7c0469cef10e6ab891cc,8688f465224d7d60af99ad3621557698ade4fd169c48883bd3148b9c4c852fe8,5d87a6afeff0aaa597c34b355e9cda744e0b59c0b1aa2661212d12608be2c076,11.788746,/tmp/buckeye_slicer_O25_4_1mtb7y1e
s11,s1104b,O0_4,66,5,0.07575757575757576,2,0,0,0.030303030303030304,0.0,0.0,66,5,0.07575757575757576,2,0,0,0.030303030303030304,0.0,0.0,275.3630759999999,115.3454859999999,0.4188850868298694,131.93599999999995,33,3.9980606060606045,87130029b5443647ed1f1febd32ab768bf957a0a1698217eb3cf14b2d00c6ecf,7742f46ba78ed9fa88c087d5ec69553ce3988bd974cf12b77459f3fa28b99e2d,124672,4279436ce8a7d296fbc0524bfbdb12071520a944f0f7f0d821c6a7228f218f29,840fcb5467f7b2142dc6e147e4151d78dc9ab03310f43ebd439aba86f51121f3,add18de73fc06d681021fa519ad53b80f6b949b4efcad0faf10db8bb221e1405,edec24e8bdeea9f1924601e0086a0da2ce5f8062e6312692e370eb34ac7a27c9,9a51132011c696035b1af2ba4d6a2799a852690a7bed5df7d20c6316286b24ce,11.793664,/tmp/buckeye_slicer_O0_4_2sqmqh_4
s11,s1104b,O12.5_4,68,5,0.07352941176470588,2,0,0,0.029411764705882353,0.0,0.0,68,5,0.07352941176470588,2,0,0,0.029411764705882353,0.0,0.0,275.3630759999999,118.2591409999999,0.4294662258929732,135.12400000000005,34,3.9742352941176486,c4a9d51af35f27f1e99f5960f01d8721e1c9a7ae761cc52d68b81ecc3366390d,7742f46ba78ed9fa88c087d5ec69553ce3988bd974cf12b77459f3fa28b99e2d,124672,26d32c9ade3916775d0208d6b557ac8ae53fc3acd2da2737689e042ce8524052,68771031bbfc838c562e9cf894cfccfcda69a780633b76c48d3b6d96b36ebe3d,8223dad0ec3b2548e7ad95f6feacadb30e01542de2acd0c6c3364ac9267ac4e9,c1218809da49b6c527122c392c49091ef2e8201dc8e18948af6a172491fd263a,e2e494f4ddb381cf0a73773cc32f02118e354ff38e1dad0fc57785a59eff29cc,11.797549,/tmp/buckeye_slicer_O12.5_4_9gpx_rhf
s11,s1104b,O0_2,68,5,0.07352941176470588,2,0,0,0.029411764705882353,0.0,0.0,68,5,0.07352941176470588,2,0,0,0.029411764705882353,0.0,0.0,275.3630759999999,118.2711409999999,0.4295098047205136,135.11,34,3.973823529411765,b8f9c3af61c5c18d8b52a1cdb992e5c98e154bc752c5665b52bea987b6d3c947,7742f46ba78ed9fa88c087d5ec69553ce3988bd974cf12b77459f3fa28b99e2d,249344,e14d6326937d52815cbbe6205096345a0ef5c0bcc948e58ee6e43206e464407d,8ad047d93dba160e5a36a17523871698e331582149be4b513aa746ab5e50294e,1e8475f9c5f4eec0c717074b7dce276b6ba79b96c636404989b97b74c606d112,a91c1e5ae2588a223041a152766e0d740f8f9359178185f824fd5bdae71c1607,b384671f9ad9349c05a0bf19bc299f8985bad4e3f828f54aa7ac481b8ba4b947,23.659355,/tmp/buckeye_slicer_O0_2_f_olwafy
s12,s1201a,A_O50_8,100,10,0.1,8,0,0,0.08,0.0,0.0,120,15,0.125,13,0,0,0.10833333333333334,0.0,0.0,358.78190500000005,308.25072399999993,0.8591590593176651,358.272,60,5.9712,72ea8093df3fb11222b7291a784e2272246d6349ad6d5da63900e79412997498,7742f46ba78ed9fa88c087d5ec69553ce3988bd974cf12b77459f3fa28b99e2d,76021,378d35eff008c2ccda84ef57d2a0e97d039cc52fba50d605af8d0e748ebac09a,73f20107f77aae131624ffcb22407cb8385ae68a25302c3498b532a9393e8459,bdeb4b0bd6965714149666aece837361d5db1a0d32a60733e8076fb420699354,3949ebe6fc3adc955f0a6b110ee6a674614fb109aec0879595a4366e0d372e0d,c9c8c514018f3c4f74fa455c0b45624e5d25d8cecf25088265ace0c444064092,7.535587,/tmp/buckeye_slicer_A_O50_8_fvkz8pvu
s12,s1201a,D_O0_8,82,3,0.036585365853658534,3,0,0,0.036585365853658534,0.0,0.0,94,4,0.0425531914893617,4,0,0,0.0425531914893617,0.0,0.0,358.78190500000005,258.8790520000001,0.721549912055905,297.4159999999998,47,6.327999999999997,b35b56fbf50e01487bef7f59ef870fe839ea7b8d3f84afb9014d7c5503a3e4dc,7742f46ba78ed9fa88c087d5ec69553ce3988bd974cf12b77459f3fa28b99e2d,76021,bf6ee60380a91a974f6158530ccfd0e7ed007c2a0f8e34f4ab7e5f783b0507e5,c74b3274c57b3929539c6f602a410dde5f78cfef45411d90bccc3ef7f9eb6f57,1678ea871efe72bd87924012192b38ece9f28995d74b55c1dec407c551b04b17,1d74107aa2e551aa19278c9432499c88c2748ede3c8aa48b40496099dd8c600b,27183d9beb49c4e66b2a0fb9d43cc02848434a7ebb279d41ddd3463262befa7e,7.005143,/tmp/buckeye_slicer_D_O0_8_aln7rub8
s12,s1201a,O25_4,96,8,0.08333333333333333,6,0,0,0.0625,0.0,0.0,116,13,0.11206896551724138,10,0,0,0.08620689655172414,0.0,0.0,358.78190500000005,299.3420380000002,0.834328693360386,345.72399999999993,58,5.960758620689654,5c718a3fdc193cf92e8babe55085d9a6c49c09e1bb11c69c0d3e71192acf39c2,7742f46ba78ed9fa88c087d5ec69553ce3988bd974cf12b77459f3fa28b99e2d,152041,c6964f2c4805d288b3454ae25adf5209143f5b9de59e0c47a63cca55190e112c,5f0648267f40d75b6db406e8e37a34a69305dfaef61f6e19bec3140b1fc6cfbd,7131845c59b52555e43aab34bf2ad8e8a99da092b515576f9bbf699a7a4a47d2,e224d0a622ffef52856f48565705fcdac610c740bdea9cdc54e596e8ff08d970,f9e76f208a61578913ee7c4798fa1650158b2e4bb8044bbe2739c08a86bef958,14.128918,/tmp/buckeye_slicer_O25_4_7wq9alts
s12,s1201a,O0_4,82,3,0.036585365853658534,2,0,0,0.024390243902439025,0.0,0.0,94,4,0.0425531914893617,3,0,0,0.031914893617021274,0.0,0.0,358.78190500000005,260.3825360000001,0.7257404355439833,299.25599999999986,47,6.36714893617021,87130029b5443647ed1f1febd32ab768bf957a0a1698217eb3cf14b2d00c6ecf,7742f46ba78ed9fa88c087d5ec69553ce3988bd974cf12b77459f3fa28b99e2d,152041,f90d3fc7a65188502fc58d4444079c1fff9afd9db368c0e15d01ef4682538799,edddaa65491eeb0ee5c63f8853c78689068bbdc10dde02e4a04decee86d6b8ff,62d62a3e269df35ffe1d5d99af7417337d13728cfbce59039c251a845d4f7e62,3d43db054532f32ac89d5fbbadbb555f628c2a45130aba5309e3355903bb3a85,6769abad33d3af7bcb757ca193263e9fe9ca99d345f919453b5880a778a3ebae,13.955547,/tmp/buckeye_slicer_O0_4_mnpsp39u
s12,s1201a,O12.5_4,95,6,0.06315789473684211,2,0,0,0.021052631578947368,0.0,0.0,110,9,0.08181818181818182,3,0,0,0.02727272727272727,0.0,0.0,358.78190500000005,294.348847,0.8204116286187842,340.6119999999998,55,6.192945454545451,c4a9d51af35f27f1e99f5960f01d8721e1c9a7ae761cc52d68b81ecc3366390d,7742f46ba78ed9fa88c087d5ec69553ce3988bd974cf12b77459f3fa28b99e2d,152041,5b763ddff4bd18476c1d33c19ba063275ea64b01be0eab300c6c631a729a0350,a2ba1a1407227af65521b4e2ce8b036db8e9050383b8a3d95c7d1a4cbbb5fc92,0482484e3caff0def242e582f073d9bf1cf2dd940547a4c2544ccaa6c884957e,efe114f5c446ae0e40059fda270546ccde2fcf802d357ea11094eebb4d0962ed,446f008172956d976deba59ead2a2c8eaf2e0e6e488591d178f8232e713c3a14,13.888873,/tmp/buckeye_slicer_O12.5_4_43askx_h
s12,s1201a,O0_2,86,3,0.03488372093023256,2,0,0,0.023255813953488372,0.0,0.0,98,4,0.04081632653061224,3,0,0,0.030612244897959183,0.0,0.0,358.78190500000005,262.77254800000003,0.7324018974702752,308.118,49,6.288122448979592,b8f9c3af61c5c18d8b52a1cdb992e5c98e154bc752c5665b52bea987b6d3c947,7742f46ba78ed9fa88c087d5ec69553ce3988bd974cf12b77459f3fa28b99e2d,304081,d915592977d9295dfbb71d112a6e2cccffab5cfa4863ccdcbf481b38b01d6bfe,786f2be7e96c7cde319d01ea2c9c6654a1749d9a9a84a531e4c6a33478b1899e,8cc81ad82154f2c7497c6a952fcf043bdc0cdcd5c9cf7bb359313a6fb929f2d1,82ce05bced99595284d0fab89f10a7b778ae79dc39d77d0564c7a2a0c4c2ec34,4714078efb253d13bccb94313cb790b99ebec37e4dc3d4bd94037a70ba6b7ca3,28.098185,/tmp/buckeye_slicer_O0_2_g7n4x2w3
s12,s1202b,A_O50_8,79,10,0.12658227848101267,4,0,0,0.05063291139240506,0.0,0.0,96,14,0.14583333333333334,6,0,0,0.0625,0.0,0.0,279.36872900000037,235.98491100000035,0.8447076802214325,273.14399999999995,48,5.690499999999999,72ea8093df3fb11222b7291a784e2272246d6349ad6d5da63900e79412997498,7742f46ba78ed9fa88c087d5ec69553ce3988bd974cf12b77459f3fa28b99e2d,56334,8e3bbbcc0325710513177f0b0587828a511a2218d95606cb2f1fe7edb05a1be2,064df653db2169c6771101990e9f4d51a974713627b1975adb90561a22ff25ed,31a7c8390f7ab89f39fd3212e1355a692b4945576e3122630439fc3f8fa7183f,5f6d39063949159dc4d7e21052c3e4c4cb6591f830cd8f759463191dc9b1bf40,52e4c1f89901087c1a8f4dfb53cfa22a610c22d74f486041133b9f9ef0b55c24,5.437253,/tmp/buckeye_slicer_A_O50_8_j935ccmp
s12,s1202b,D_O0_8,73,5,0.0684931506849315,2,0,0,0.0273972602739726,0.0,0.0,88,6,0.06818181818181818,3,0,0,0.03409090909090909,0.0,0.0,279.36872900000037,220.1408360000002,0.7879938344853189,256.448,44,5.828363636363636,b35b56fbf50e01487bef7f59ef870fe839ea7b8d3f84afb9014d7c5503a3e4dc,7742f46ba78ed9fa88c087d5ec69553ce3988bd974cf12b77459f3fa28b99e2d,56334,8705ed0c6920cef15f840b8c5a1dcfc709a69debb0e8663d578329265b8835ee,9ef4c8966c79cc586e93e21608e5bdb9a2501c473a15ad4be1617fe58934b30c,829fb59b5b59fa74bab08b592a5792c82fdc767f12924bfb87c0c6628a44bef8,3940ff30998865717afcc63e9387558c74db00ae3018f634ed6bcae896c2e1ef,6deedf30113dc87576f0fb955f73b0927ceaca58ed4c5e5a9a5793de464e9e9e,5.328542,/tmp/buckeye_slicer_D_O0_8_7r5fv77u
s12,s1202b,O25_4,81,6,0.07407407407407407,2,0,0,0.024691358024691357,0.0,0.0,98,9,0.09183673469387756,4,0,0,0.04081632653061224,0.0,0.0,279.36872900000037,237.51093800000018,0.8501700918716635,275.64399999999983,49,5.625387755102038,5c718a3fdc193cf92e8babe55085d9a6c49c09e1bb11c69c0d3e71192acf39c2,7742f46ba78ed9fa88c087d5ec69553ce3988bd974cf12b77459f3fa28b99e2d,112668,a99fc07ba0f3e57c577dfc69d34d8ea01b85e0084b9bf0a622a38a496577633c,8a542915f5eede529dcad556ec906060e9786e159a707aa87fd25a30f02de804,76f9e059c312136901b8ba548790c112056ab0ac426ffbc6411185b4ca52ab47,e31c074c067e3abb3f561f900b1e6100a18577b15496824128488f40223d3d32,2f62eddc2184fa272cc072dfd7cc04492d9ee354b53c1acfc539aae19dba44b1,10.578714,/tmp/buckeye_slicer_O25_4_x969n57u
s12,s1202b,O0_4,80,6,0.075,1,0,0,0.0125,0.0,0.0,98,7,0.07142857142857142,1,0,0,0.01020408163265306,0.0,0.0,279.36872900000037,232.56970600000022,0.8324829583915239,271.6680000000001,49,5.544244897959186,87130029b5443647ed1f1febd32ab768bf957a0a1698217eb3cf14b2d00c6ecf,7742f46ba78ed9fa88c087d5ec69553ce3988bd974cf12b77459f3fa28b99e2d,112668,bda6d990342766846e2b067b661c8b65c16c7189873ab1664c57613a1d30f2ac,fd20727e8d3a966f1492a0c6cbcbb500aa640217617ac08042cb197a8ef4b632,ccfd60bca48ae31c0185e7b2090e3a709f081b3d82a6ce17d60a1eba5224c600,903e43d5408d8db33162a5e92f3817857d16dd3583f3d2f257a5f5a8d4d46960,9505c373d841026e31bfaf18f4476206928278662a00d3179eb415078a5d0cdd,10.632465,/tmp/buckeye_slicer_O0_4_vekib_qq
s12,s1202b,O12.5_4,81,6,0.07407407407407407,2,0,0,0.024691358024691357,0.0,0.0,100,9,0.09,2,0,0,0.02,0.0,0.0,279.36872900000037,240.90870600000028,0.8623323979828822,280.37999999999994,50,5.607599999999999,c4a9d51af35f27f1e99f5960f01d8721e1c9a7ae761cc52d68b81ecc3366390d,7742f46ba78ed9fa88c087d5ec69553ce3988bd974cf12b77459f3fa28b99e2d,112668,00e0cabb07262e738c403eb4575aa69df2e53cc8f45f4e5be29b42f23b749fb6,5dd5340fdbcbb10e8b3e4a626ad493f9f3bc8d2ddf7e64ad22cea396d7ab1fd7,3a53696e588c34ff2b1345f4ea2f85fafd945856251dcc0c1772564b59490676,175d74602876d3a8539d2aad5586fa94450bc1c8adb05fe7c192813515a23dbd,4842b64b99e5ca4fb76bdc362c82ebbda7acab0d09d9f89c1841152d02ebb854,10.639155,/tmp/buckeye_slicer_O12.5_4_gluusdcb
s12,s1202b,O0_2,80,6,0.075,2,0,0,0.025,0.0,0.0,98,7,0.07142857142857142,3,0,0,0.030612244897959183,0.0,0.0,279.36872900000037,232.5694280000002,0.8324819632908874,271.71200000000005,49,5.545142857142858,b8f9c3af61c5c18d8b52a1cdb992e5c98e154bc752c5665b52bea987b6d3c947,7742f46ba78ed9fa88c087d5ec69553ce3988bd974cf12b77459f3fa28b99e2d,225336,de70663a0940484538662fc6a6d124a91aa962feafc3f6f51e3c0f79039c7411,9072ffd0a2c28febb73d9bb1467afdeef4f36006dc0dbe2d44bbe57130abafe8,ac6ef14fcd353f767be97f69dd59881f7315e1b4ad14c0c5377c550bc4a57b20,b0fca9937c93cb83af5bfe7dc83a7b777729293e727ff7a7ec4355bc7fdd717a,eda0d6fdab20ca63d85011cead57b36ae24b94cf2e51ff9438da2993dcbf5141,21.2867,/tmp/buckeye_slicer_O0_2_h5_6j3s7
s12,s1203a,A_O50_8,101,12,0.1188118811881188,5,1,1,0.04950495049504951,0.009900990099009901,0.009900990099009901,122,16,0.13114754098360656,7,2,2,0.05737704918032787,0.01639344262295082,0.01639344262295082,388.30411899999996,335.2132979999999,0.8632751536689208,376.36800000000005,61,6.169967213114755,72ea8093df3fb11222b7291a784e2272246d6349ad6d5da63900e79412997498,7742f46ba78ed9fa88c087d5ec69553ce3988bd974cf12b77459f3fa28b99e2d,75184,2aa97e2d664d52bd05bc269be9f32bb13f251606991eb0877b287755d83a6553,342a381ed8b501dc368e3c7a392d17dac33ceaa5195a2883e54b4aa580da6083,f16da8f6cb19faf0f97115e466448392af5741a33a41d64f576c0cf119277bd3,e16694ac39d3be9a428d1966aec9af8395b9847ecd6d9f7c1c934f497d472ff7,119b47279b386fb4cb1f2a2b58063baa4847e3376b179166b133050fc693cbde,7.367587,/tmp/buckeye_slicer_A_O50_8_6vvor3ws
s12,s1203a,D_O0_8,92,6,0.06521739130434782,3,0,0,0.03260869565217391,0.0,0.0,104,6,0.057692307692307696,3,0,0,0.028846153846153848,0.0,0.0,388.30411899999996,306.8968810000001,0.7903518556289127,345.52000000000004,52,6.644615384615386,b35b56fbf50e01487bef7f59ef870fe839ea7b8d3f84afb9014d7c5503a3e4dc,7742f46ba78ed9fa88c087d5ec69553ce3988bd974cf12b77459f3fa28b99e2d,75184,9cdbb95e47b0e76e99c415b841eeb62f8b6f14be81eee72dedec39ce56d2746a,17d3e90764dfea423bf014731a428b35693e2462c2d9bcaa0f142de1366a0d49,be1333b4b6327cf9476879b8fe6a5eb8fd4370c19ed1c2e4f4b626a9b13044d7,7f72fa66e51d0cf5c173913eeb4b5d453c52048c5e763eeff805a0fc613824dc,8df519ef95366e2e5ff10b4759c43fd2f9dc41301f0bb47f4835d4070e1ffaf9,7.128978,/tmp/buckeye_slicer_D_O0_8_ojz3228i
s12,s1203a,O25_4,100,9,0.09,4,0,0,0.04,0.0,0.0,122,13,0.10655737704918032,7,0,0,0.05737704918032787,0.0,0.0,388.30411899999996,335.3872809999998,0.8637232122690922,376.30000000000007,61,6.168852459016395,5c718a3fdc193cf92e8babe55085d9a6c49c09e1bb11c69c0d3e71192acf39c2,7742f46ba78ed9fa88c087d5ec69553ce3988bd974cf12b77459f3fa28b99e2d,150367,9fcf2a60e02057b31215c6d286255ad05b8224cc7d47ff9ecbbe405fd47cf303,f30b8467ecc139eac221761b0a5354a1a83d8b2cbb7017a2666bbbab09def682,ed1f7c59e02b9aab0ffbe529cd4d1a6c8cd4546c473933bf8dcc5fbcef301540,987c1bc007204b0620f13c8a5ab712f06d86800a9f827f4e30eebf5c67cb29d1,e069259ab03e745b435712656cf0a79c4f0110ce2cc9e626748600e89d07b5ad,14.206077,/tmp/buckeye_slicer_O25_4_j6126ggu
s12,s1203a,O0_4,94,6,0.06382978723404255,3,0,0,0.031914893617021274,0.0,0.0,108,7,0.06481481481481481,3,0,0,0.027777777777777776,0.0,0.0,388.30411899999996,322.92699600000003,0.831634227397933,363.58800000000014,54,6.733111111111113,87130029b5443647ed1f1febd32ab768bf957a0a1698217eb3cf14b2d00c6ecf,7742f46ba78ed9fa88c087d5ec69553ce3988bd974cf12b77459f3fa28b99e2d,150367,73abeb124f0e3a6221e8d8eea1145108727f5ae12a43e09a71a8f43a9d44bd59,e77f40711461025d98fb5b4d55d0b66e9593706dd2ead254c32824087a6c3f79,6ab153efa15899edeaafdfd92fb59eecb01b9856dd52f1a18dd4c8a0147d7705,ee7c6c19d7679e18aa23ba6c441ba73809defb4787a03a904b46582e36268578,d48a1195fcade01611f07137758fde208caebea161909106b1cae7a9440c0154,14.234812,/tmp/buckeye_slicer_O0_4_373w49ex
s12,s1203a,O12.5_4,96,7,0.07291666666666667,4,2,1,0.041666666666666664,0.020833333333333332,0.010416666666666666,114,10,0.08771929824561403,6,2,1,0.05263157894736842,0.017543859649122806,0.008771929824561403,388.30411899999996,323.8553699999999,0.8340250699220626,363.32800000000003,57,6.374175438596492,c4a9d51af35f27f1e99f5960f01d8721e1c9a7ae761cc52d68b81ecc3366390d,7742f46ba78ed9fa88c087d5ec69553ce3988bd974cf12b77459f3fa28b99e2d,150367,4d86559bbfdf5f43269a57f498d478ae474473e6777dccbcd6a9e1a9c48ccdcb,7d36324eaa9ef5b8cf05b800ecdf1adb9e29df26b4a14b1aa2a03e42866800b9,42bf04353c5de485dc72d1133437570172efb259817e844c4577d0161348d797,bd85ff46f8429d932522754c5a088730fbb536f5ffecebbf62d3507140f7336e,1c6471669d207f70ee131f6a415549968d55f82daebf0b83571914d5585b64a9,14.262753,/tmp/buckeye_slicer_O12.5_4_dzr9lter
s12,s1203a,O0_2,95,7,0.07368421052631578,4,1,1,0.042105263157894736,0.010526315789473684,0.010526315789473684,110,8,0.07272727272727272,4,1,1,0.03636363636363636,0.00909090909090909,0.00909090909090909,388.30411899999996,327.99727199999995,0.844691714434273,368.3099999999997,55,6.69654545454545,b8f9c3af61c5c18d8b52a1cdb992e5c98e154bc752c5665b52bea987b6d3c947,7742f46ba78ed9fa88c087d5ec69553ce3988bd974cf12b77459f3fa28b99e2d,300733,74c507cce3ee89d56c256acccf881a3a56b6bf8a4ac365959222bf4790616f15,f6d1655ba062f398f173949c0f91a6072cf3158e222953d1d519d9f4d5049de8,cdcdd65db715914dbe075797a047ef7b1f0c38c72042f76c58486a056c10b651,6c7049ff4a4485b7ba8ce2b6e88cf25fb28d2f0f83ca3bfe6814e958b719be34,760f2c82902354028dc1cdf87dcd1d24bc4af7e07f82303386a986a69bb3fe59,28.454133,/tmp/buckeye_slicer_O0_2_z_nd2eup
s13,s1301a,A_O50_8,125,10,0.08,4,0,0,0.032,0.0,0.0,126,10,0.07936507936507936,4,0,0,0.031746031746031744,0.0,0.0,392.2692699999997,286.17104199999994,0.7295270465616646,318.7840000000001,63,5.0600634920634935,72ea8093df3fb11222b7291a784e2272246d6349ad6d5da63900e79412997498,7742f46ba78ed9fa88c087d5ec69553ce3988bd974cf12b77459f3fa28b99e2d,75357,afec762f7b8c2f553aad5060b622d225bc1f4288dc620307a57c1c386a968cba,ae5058e26455047843dc4e501799051512e63f253737f361fafb67b743dab90a,69d258d0f3284ca263c3c8cb2a982aa436590b5ab86400c2723967ec256cfb61,afdb8e9edfcd9b02663f1f26f1f67fc876b1b1eb6a621612662ad1527eec1280,4de94db79bec7f18f8c229bed3300757654de4ca143ca972a53e2c2c1a1a36db,7.725199,/tmp/buckeye_slicer_A_O50_8_v9drdral
s13,s1301a,D_O0_8,112,5,0.044642857142857144,2,0,0,0.017857142857142856,0.0,0.0,112,5,0.044642857142857144,2,0,0,0.017857142857142856,0.0,0.0,392.2692699999997,259.160933,0.660671005404018,287.1360000000002,56,5.127428571428575,b35b56fbf50e01487bef7f59ef870fe839ea7b8d3f84afb9014d7c5503a3e4dc,7742f46ba78ed9fa88c087d5ec69553ce3988bd974cf12b77459f3fa28b99e2d,75357,1e270e6e822774a151b926b0f74158066e5d2173bb54f255ca68fa796f0f1009,f2983209ffcd0777c03a5b418a3af0cfb79be3129ed56be03021094aed0b452e,806e0950ee9e6981615cf2ad8a0f1ce809c4cc721f102ca6551e5d8017705536,c08598a50755c1ebb4ad28595502d6aba084097df4133b68e604c7796bcb76be,09d6f523d037a585f5d662bf97281e81035463decb1c365b9217c3e57a9d9400,6.903295,/tmp/buckeye_slicer_D_O0_8_ppy2_8dj
s13,s1301a,O25_4,122,8,0.06557377049180328,1,0,0,0.00819672131147541,0.0,0.0,122,8,0.06557377049180328,1,0,0,0.00819672131147541,0.0,0.0,392.2692699999997,282.6088229999999,0.7204459910917828,315.40000000000026,61,5.170491803278693,5c718a3fdc193cf92e8babe55085d9a6c49c09e1bb11c69c0d3e71192acf39c2,7742f46ba78ed9fa88c087d5ec69553ce3988bd974cf12b77459f3fa28b99e2d,150713,d1c9cfea7d2862b33c0f7367ca2e79384fdc0d127d22841e3d363ac65788f7a2,97df7842f6288fd1ebc3be7822746c1f37ea606a446df33b28df6cf9faf770e1,3690f721da71ef03c3276b09e1ad939d2fd70fd9264eae09334a9a23674e699d,8c7dc8041c54c31a1e22b898d3bb6e0ec61ef660c4bde36dad815523593b777c,543ea016c066bc25f84b7c78d3427782f29c758a795387c7958cad407434f07f,13.786423,/tmp/buckeye_slicer_O25_4_beqf84st
s13,s1301a,O0_4,116,5,0.04310344827586207,1,0,0,0.008620689655172414,0.0,0.0,116,5,0.04310344827586207,1,0,0,0.008620689655172414,0.0,0.0,392.2692699999997,266.8974039999999,0.680393353269809,297.34799999999984,58,5.126689655172411,87130029b5443647ed1f1febd32ab768bf957a0a1698217eb3cf14b2d00c6ecf,7742f46ba78ed9fa88c087d5ec69553ce3988bd974cf12b77459f3fa28b99e2d,150713,88b2123d868fc33d15a94e11e546fa68493b2b41c77f81dcf8d47969175cbc3e,99b36b86c929596aa1015f4828538baf0a56ca44550b14575436ea747172246f,e63b803ae5a073155f6f1ce64639bfff6f35b4352a0c860405c2aabc3695dffa,4373628b32bca0752e256b495d10abdc149ccbdf1744549531349e1cd584299f,6fe94b5377370e70e1c77c063e483ae7cd0123852f516d6c9af8f62f0bc45a95,13.840454,/tmp/buckeye_slicer_O0_4_qezw59ig
s13,s1301a,O12.5_4,120,7,0.058333333333333334,1,0,0,0.008333333333333333,0.0,0.0,120,7,0.058333333333333334,1,0,0,0.008333333333333333,0.0,0.0,392.2692699999997,276.097625,0.7038471940460699,308.68799999999993,60,5.144799999999999,c4a9d51af35f27f1e99f5960f01d8721e1c9a7ae761cc52d68b81ecc3366390d,7742f46ba78ed9fa88c087d5ec69553ce3988bd974cf12b77459f3fa28b99e2d,150713,735998e61281ff722b154b0984fa7d516199c2fd75d5632aebfb2d3b39e13e06,5b19f96d18fbbd594ddd895118ea9af9972724e58b39b22aeca46e0fff211985,c8db51d6bd8947f7e0e393ad6a9023149855c1d897a104c244dd7c7d6e133a29,3c74d17db1adba63edd67a362ba62efcead2bb6fe581588beeaf1c4d3f42fff0,28b6f140c1a7de255f478a63e7bdadae79e70ec78896f32a45ac58e356951a68,13.895738,/tmp/buckeye_slicer_O12.5_4_eop4qu18
s13,s1301a,O0_2,116,6,0.05172413793103448,0,0,0,0.0,0.0,0.0,116,6,0.05172413793103448,0,0,0,0.0,0.0,0.0,392.2692699999997,266.88734099999994,0.6803676999730316,297.53000000000003,58,5.129827586206897,b8f9c3af61c5c18d8b52a1cdb992e5c98e154bc752c5665b52bea987b6d3c947,7742f46ba78ed9fa88c087d5ec69553ce3988bd974cf12b77459f3fa28b99e2d,301426,fb45c29bc5a33a7f86f3a223610c0ac6263ab6e8cbd792d3bc72ba8eb8f5bc40,5ea86392038134df55069dd5802362f3e1468b6af3757022493107716475c291,d2b5842474395199767c6558729d432e791faa3ecc5fa69fac04ad4e572112d3,86d0cccf9fa0f23cff792d6cbeb8c3f69306963c7adfb72f03d802a6f11bcdc2,6de8997781cf949e27b962b7715f23961ada11d0592b45a6851fac3ccb4d6c4a,27.69067,/tmp/buckeye_slicer_O0_2_4_ugr736
s13,s1301b,A_O50_8,122,6,0.04918032786885246,5,3,0,0.040983606557377046,0.02459016393442623,0.0,122,6,0.04918032786885246,5,3,0,0.040983606557377046,0.02459016393442623,0.0,397.994431,266.173397,0.6687867373702021,288.304,61,4.726295081967213,72ea8093df3fb11222b7291a784e2272246d6349ad6d5da63900e79412997498,7742f46ba78ed9fa88c087d5ec69553ce3988bd974cf12b77459f3fa28b99e2d,70743,b5d440f453753bd3d5e44ea770ca570dcaf9fd01209ac4b21867bc477d47c793,5e542bac0915eacb6b9fdd4e111df225e6b70716dc5b1b6f55f6e92824e1bb9b,c29f482651c721d5cbe4c29cae5bf5233d368a7547cd90dc2cb01fab05901c7a,14dd689a3ad4b9be584faa3ea005551e0d7ebbbbe813d62cf6e6dd9c011d1d31,abfdc10aac0d4723eaee54f1afa43878e95e826210312adef00b456235aa7025,7.295399,/tmp/buckeye_slicer_A_O50_8_su91dn4k
s13,s1301b,D_O0_8,124,5,0.04032258064516129,5,1,0,0.04032258064516129,0.008064516129032258,0.0,124,5,0.04032258064516129,5,1,0,0.04032258064516129,0.008064516129032258,0.0,397.994431,267.47904300000005,0.6720673008613028,290.79200000000026,62,4.690193548387101,b35b56fbf50e01487bef7f59ef870fe839ea7b8d3f84afb9014d7c5503a3e4dc,7742f46ba78ed9fa88c087d5ec69553ce3988bd974cf12b77459f3fa28b99e2d,70743,ab9df3c2c811003bc41e7bf15e86750445f75a37ba242e2ca85bde6172665d48,8b0aa7450070d51abdc5056aae8f93beba233ae9f2742e8809536765e16b8b06,2d2edd2f8e9c7c608c5c8e04f9f52ea8345363c9cd1c7ea8291992867603d89e,a8b8dd9b9058a032391874c1af52faf3ebd2d2c720da9166d3c7f2bcb624a98a,11449adb0ec010c62ccd70fa23f466a488a0d93b623a99c8d3ddf21edfa4059a,6.683254,/tmp/buckeye_slicer_D_O0_8_jfdvwwcn
s13,s1301b,O25_4,124,6,0.04838709677419355,4,2,0,0.03225806451612903,0.016129032258064516,0.0,124,6,0.04838709677419355,4,2,0,0.03225806451612903,0.016129032258064516,0.0,397.994431,268.8731,0.675570005651662,292.0920000000001,62,4.711161290322583,5c718a3fdc193cf92e8babe55085d9a6c49c09e1bb11c69c0d3e71192acf39c2,7742f46ba78ed9fa88c087d5ec69553ce3988bd974cf12b77459f3fa28b99e2d,141485,438584b8b14d362564bf1afd9cc31a4361d3a8dbbd289abc38e06805a0d44935,16358ee62fc442696d99f4c2406c80deac6475d3eee3679011ee78349da2c82d,7f20f7f16ec38514d16df264889c9700daa28503ec12acb8cad795015e1c1128,918869bcd58f2687d6161b068ef9bdc6b8224b70e45f79c31879a5be3ee416a0,89555f768ffc91626d77662480318b62c002387934afe60838684dac5ba3bfc2,13.454072,/tmp/buckeye_slicer_O25_4_fu6giwop
s13,s1301b,O0_4,124,5,0.04032258064516129,5,1,0,0.04032258064516129,0.008064516129032258,0.0,124,5,0.04032258064516129,5,1,0,0.04032258064516129,0.008064516129032258,0.0,397.994431,267.471043,0.6720472000775307,291.0519999999999,62,4.694387096774192,87130029b5443647ed1f1febd32ab768bf957a0a1698217eb3cf14b2d00c6ecf,7742f46ba78ed9fa88c087d5ec69553ce3988bd974cf12b77459f3fa28b99e2d,141485,36b4cd0103866ae78bb1f79192b5958e62aaef568a1183cdfea3db271669f84a,41d7e2d2baa89cc417d9012f71f17e465e2a0ef470255056cbbc76af5acf5efd,60e5085ce282107d2c289703c20e45b5e6704116555b9cad87a3b66d0808f84e,29b617137ad5fd1e39dffb710d48c3c78d97949bb75f6d56d97b80a13b298d47,480d6e52ff5467297c616b475d85717e6ce60c4a4a70f182e9807687dbf7c850,13.41929,/tmp/buckeye_slicer_O0_4_bwclgal8
s13,s1301b,O12.5_4,122,5,0.040983606557377046,2,1,0,0.01639344262295082,0.00819672131147541,0.0,122,5,0.040983606557377046,2,1,0,0.01639344262295082,0.00819672131147541,0.0,397.994431,264.791068,0.6653135003288525,288.00400000000036,61,4.721377049180334,c4a9d51af35f27f1e99f5960f01d8721e1c9a7ae761cc52d68b81ecc3366390d,7742f46ba78ed9fa88c087d5ec69553ce3988bd974cf12b77459f3fa28b99e2d,141485,38afa352f76a977a95d1e895b834731c6b446c350022331cd886159626d632cd,17872ce128f7332cd8068089d786097ed70c812d5c7abe1a35b7f850ea4c877e,01f4847d75d812f5be11764edb34b7d0a1f7a78511f760a5681b0422ce47c861,42c1904ab184c67cbe45200e23b4df09635a9e6376ec32f73d0740eaac7b47f1,535fc9b006f2e6a81d14e48ef39f3594160c0bbe54c6da1fcfb51ae92e54743f,13.390543,/tmp/buckeye_slicer_O12.5_4_ain12pot
s13,s1301b,O0_2,126,6,0.047619047619047616,4,1,0,0.031746031746031744,0.007936507936507936,0.0,126,6,0.047619047619047616,4,1,0,0.031746031746031744,0.007936507936507936,0.0,397.994431,271.82248000000004,0.6829806118568529,295.6079999999998,63,4.692190476190473,b8f9c3af61c5c18d8b52a1cdb992e5c98e154bc752c5665b52bea987b6d3c947,7742f46ba78ed9fa88c087d5ec69553ce3988bd974cf12b77459f3fa28b99e2d,282970,13736f01b597b82191bfd50302a186027db7a544f881325fe846d98e65596396,e434324c3a3a0c5df585583c318f2f1b39c06c698e5f53b4d2b744be8c6b9dfa,9b60fe0fa803f524f098311eb83743eafcc3a124a9c7b02937cf33180583efda,f8407ff89557d176d1f289e259da76cf9f5f93780f596da226b13c741351ffdb,cb2f4f92482d94e380f3c3dc9d4a652519390629b91b65d5e422cd5020014f92,26.721461,/tmp/buckeye_slicer_O0_2_6ysvfahj
s13,s1302a,A_O50_8,143,7,0.04895104895104895,3,1,0,0.02097902097902098,0.006993006993006993,0.0,146,9,0.06164383561643835,5,2,0,0.03424657534246575,0.0136986301369863,0.0,461.33878399999975,346.5018149999996,0.7510788752588375,374.23200000000014,73,5.126465753424659,72ea8093df3fb11222b7291a784e2272246d6349ad6d5da63900e79412997498,7742f46ba78ed9fa88c087d5ec69553ce3988bd974cf12b77459f3fa28b99e2d,75011,a7899faf20e004ef6fbefd980d66c68767176592e8ae787507f7eef97e437f29,a5be94f56244f51fa10dcc5eca2b656ef8731690b0fac3ce4983007666a13d1f,f2ef78b87249b64d0fb6b7cd1a10de16f3ae65274fce31462c86c0bd700f584f,499d07833296b5b2c1bdf5fac7efcfceb28bed8cd732f22fec0b500ff3485c95,95055c8586a82b11bcc6545b9612735b757e690ba9944bf5e17ac144b4ea32f3,7.124717,/tmp/buckeye_slicer_A_O50_8_0umf8vhw
s13,s1302a,D_O0_8,142,7,0.04929577464788732,2,1,1,0.014084507042253521,0.007042253521126761,0.007042253521126761,144,7,0.04861111111111111,2,1,1,0.013888888888888888,0.006944444444444444,0.006944444444444444,461.33878399999975,341.5718209999998,0.7403925983383178,369.51199999999994,72,5.132111111111111,b35b56fbf50e01487bef7f59ef870fe839ea7b8d3f84afb9014d7c5503a3e4dc,7742f46ba78ed9fa88c087d5ec69553ce3988bd974cf12b77459f3fa28b99e2d,75011,1510b7e057cbf5d3e34794a40416df3587696d85d75fdf0dd2b21abb275ab0f8,78caf65d8c614e934132e34fd391d04c0124b2d30c6702e288f4b9e317244391,cb78863db888028099eab4b11a9bad6779f022f9281cf678c86555aa07b57610,bfdbce43ee0ece488839d03106de70734ca837a09ba472818783f7939524c498,82de487ba2b8b081090508744baca135e989d5d564903bf8aae25adcf36e77c4,6.930887,/tmp/buckeye_slicer_D_O0_8_2z3iyh8d
s13,s1302a,O25_4,146,3,0.02054794520547945,0,0,0,0.0,0.0,0.0,148,3,0.02027027027027027,0,0,0,0.0,0.0,0.0,461.33878399999975,349.6105369999997,0.757817354892061,377.8720000000001,74,5.1063783783783805,5c718a3fdc193cf92e8babe55085d9a6c49c09e1bb11c69c0d3e71192acf39c2,7742f46ba78ed9fa88c087d5ec69553ce3988bd974cf12b77459f3fa28b99e2d,150021,9876f6b69947f85a0bac0b0eea86e6adde55b4540a9ad3d1d9fa204acbaf66ad,acf819148d023d8960e0f6c21ecba07bdca7cc18dd8906493aed4f58a804d1a9,478ce714aeebd045f83d27ee698eaa205314bf0f7df8eab2d6e4450e3e336313,aae401722c3931040075f1c56505cc707e97d3d7e7b2b884d2ee1311d174afaa,f80fad4735e747c84829273d65b45441e2efd8da7d2b1fcfa5c88e4f7af0755e,13.766962,/tmp/buckeye_slicer_O25_4_lo5e6o2t
s13,s1302a,O0_4,140,5,0.03571428571428571,1,1,1,0.007142857142857143,0.007142857142857143,0.007142857142857143,142,5,0.035211267605633804,1,1,1,0.007042253521126761,0.007042253521126761,0.007042253521126761,461.33878399999975,338.8019169999998,0.7343885421087857,366.85599999999994,71,5.1669859154929565,87130029b5443647ed1f1febd32ab768bf957a0a1698217eb3cf14b2d00c6ecf,7742f46ba78ed9fa88c087d5ec69553ce3988bd974cf12b77459f3fa28b99e2d,150021,7e199924cb599522d969f7c134749e50b1e53d522b7a9712b4b17cdf57d63d03,e8e5f54d1a8b56172aba36a59a249e0f650309d1eb77e0214223e6beca3caf48,7476bffae5a12e42c6f91a772f4682c9d313d479e69af98c9e56cf002c4900dd,5d3e6f46ba2bf52d7be0dafdefcbb219a6a21ccac1dd114f51adbb5f2049fbe1,49b8e05abfdc38254cf7efcc5e91d19a864ca835fb3e39578d12d95be3f5e210,13.779049,/tmp/buckeye_slicer_O0_4_4u4ds7gy
s13,s1302a,O12.5_4,144,3,0.020833333333333332,0,0,0,0.0,0.0,0.0,146,3,0.02054794520547945,0,0,0,0.0,0.0,0.0,461.33878399999975,346.80922899999973,0.7517452272124598,375.1200000000002,73,5.138630136986304,c4a9d51af35f27f1e99f5960f01d8721e1c9a7ae761cc52d68b81ecc3366390d,7742f46ba78ed9fa88c087d5ec69553ce3988bd974cf12b77459f3fa28b99e2d,150021,c428f97fed18d97c0cd7ffddda4a6348a62eccbd895aba0f42613de9cfe6ebb2,55ad2b9c5da45848897a5864eb44c9855ec54a79e189c15888635251bc726a05,a51141a302ba81330304afcf545d93ebe6cb44fa336c580668e34210ec3be71d,55d1a95f033ac44f48abf41f4a5525f2b085bde49b28f611470b3130952bfddb,270582a5f390829fe48c28354e59a75bf1bcc26d3dd55704217fbb120c373212,13.834729,/tmp/buckeye_slicer_O12.5_4_862ijum8
s13,s1302a,O0_2,142,5,0.035211267605633804,1,1,1,0.007042253521126761,0.007042253521126761,0.007042253521126761,144,5,0.034722222222222224,1,1,1,0.006944444444444444,0.006944444444444444,0.006944444444444444,461.33878399999975,344.7372529999998,0.7472540028197585,373.1199999999996,72,5.182222222222217,b8f9c3af61c5c18d8b52a1cdb992e5c98e154bc752c5665b52bea987b6d3c947,7742f46ba78ed9fa88c087d5ec69553ce3988bd974cf12b77459f3fa28b99e2d,300042,cf0b574c1cf6c5e079fde362b7b27c20d19c37ea482f42117f38d63a49ef8b30,b02ea7b73a08af292fa49ac66bc216b5ca26852166a74bc93944f9b036447f95,f1e77faa6960fb29f6d657dfd4f628dd4014bab6991dc4c21238dd646e25e377,87c3cd92d0838b41da2a030b3472beecc03a40fd8391a0d10df1cc9387830607,25330b49c353b2e1675a9e1867ee5f0a3d9876b66ef3152602094342b5612f2b,27.85846,/tmp/buckeye_slicer_O0_2_yg1ad0yl
s13,s1302b,A_O50_8,90,3,0.03333333333333333,0,0,0,0.0,0.0,0.0,90,3,0.03333333333333333,0,0,0,0.0,0.0,0.0,385.7584199999994,192.37342599999968,0.4986888581719098,214.79199999999986,45,4.773155555555553,72ea8093df3fb11222b7291a784e2272246d6349ad6d5da63900e79412997498,7742f46ba78ed9fa88c087d5ec69553ce3988bd974cf12b77459f3fa28b99e2d,74949,3dfdabcd76851c9d50a7043da54ada4537358754ce425bc8a809422655516260,7d070c97b2217695b4a1ddbb7fb9f8a9c0c261a6060449baa8fcce16a47f63f3,8329412c0111f8ba47dd62560ab483e6b69b6b7d6c6976d79234f202885984db,3898f3e197c71be474c2679ea290b6b82a6fcc3c6aaf572cad3b03a3cb69cd9f,6f84fb0db4360014066f101350b2586d8d94d150aa9fb218967f4b3c8b5142ea,7.312358,/tmp/buckeye_slicer_A_O50_8_ar9ogzrd
s13,s1302b,D_O0_8,82,3,0.036585365853658534,0,0,0,0.0,0.0,0.0,82,3,0.036585365853658534,0,0,0,0.0,0.0,0.0,385.7584199999994,182.62094899999968,0.4734075512855947,198.03999999999996,41,4.830243902439023,b35b56fbf50e01487bef7f59ef870fe839ea7b8d3f84afb9014d7c5503a3e4dc,7742f46ba78ed9fa88c087d5ec69553ce3988bd974cf12b77459f3fa28b99e2d,74949,b87e342f140f6dae43bd72448f1b7a74bf1d822a2540cd8f7aa49ae4915d8249,cd014c53dbbc9aa55a1180c51fd64e5d2656ab6c0e2625b019522e7ec6496b6d,c1e871345afa5158eb50b3242119f6aae53433147ee3e1cf93e2fc478b5473e2,bb4a503a08a767646dbe17d35fe323b706e5a1bc2a884c8ce99c7addfaaf3d08,cbcf122a77ebac1a0175cefd33c677dbd8ba325b617588b2dec0a3fde26e9d96,7.168071,/tmp/buckeye_slicer_D_O0_8_01s4gzn2
s13,s1302b,O25_4,96,3,0.03125,0,0,0,0.0,0.0,0.0,96,3,0.03125,0,0,0,0.0,0.0,0.0,385.7584199999994,202.17494399999973,0.5240972938452,225.94400000000007,48,4.7071666666666685,5c718a3fdc193cf92e8babe55085d9a6c49c09e1bb11c69c0d3e71192acf39c2,7742f46ba78ed9fa88c087d5ec69553ce3988bd974cf12b77459f3fa28b99e2d,149898,6a66d93eb08b923797ef1fd693c392ca840acdd2cbc1ead134c139bc98dc835f,cd653ef8b30245d0aee52049f8e0c4708b311377ad4eb1575cf03e45f3194c80,aab508bbd0b4fc5f392453db6ff9bb60facbf12e0a663aeb2e1f922520001844,c1d7fdcb121bf087ab87c891c4a355262101506eaa019cbb5be0dca5b5a4d1c0,c0144f24013c8ee5a5e122c52234342e500d2138e4922a202cb38013712d4fd8,14.877809,/tmp/buckeye_slicer_O25_4_ei421qp_
s13,s1302b,O0_4,88,4,0.045454545454545456,0,0,0,0.0,0.0,0.0,88,4,0.045454545454545456,0,0,0,0.0,0.0,0.0,385.7584199999994,193.1501659999997,0.5007023981485615,209.4520000000001,44,4.76027272727273,87130029b5443647ed1f1febd32ab768bf957a0a1698217eb3cf14b2d00c6ecf,7742f46ba78ed9fa88c087d5ec69553ce3988bd974cf12b77459f3fa28b99e2d,149898,c7d4faa4cde64dafa650148e84e03b313c7bd6645231445d5154df5510bf0915,a39e5feb5300c2503762a71dffead6dea9135161f38ef9a888cdbba4c849d889,0f7b52afa4dae8fe935afeda140dbee1eae48a612ec4123589aea45490686dae,53b03d2ae3d6f48e03b86d5bda35f774a0bad86995eb05d733711fd52dd04780,a4d503a09e834bd8b2aabf7042c64ece53d5ce08afe77df3c1840803ef85a33c,15.308339,/tmp/buckeye_slicer_O0_4_bnmls9hr
s13,s1302b,O12.5_4,92,3,0.03260869565217391,0,0,0,0.0,0.0,0.0,92,3,0.03260869565217391,0,0,0,0.0,0.0,0.0,385.7584199999994,196.34668799999972,0.5089887292674001,219.18800000000036,46,4.764956521739138,c4a9d51af35f27f1e99f5960f01d8721e1c9a7ae761cc52d68b81ecc3366390d,7742f46ba78ed9fa88c087d5ec69553ce3988bd974cf12b77459f3fa28b99e2d,149898,31735351b1c1883f018809dcd4b68646549269b3ea5e2a1e7b5c869faa94963b,7f3905c88cc7397ca23da46012990a4196943b38b306104894191b8a351520cf,02209262af8f32f3bf62e5acccb660d6025059ba9d4e48f4181f37ffa6e23005,dfe2d38f1c6982af6b99ca25acf6515b7fd96672595bcc47b98bba81995058ca,f5a3bbb1313537b856beaf681edf00a590ca48eca2d1a67b07a4253b6819b263,14.959224,/tmp/buckeye_slicer_O12.5_4_j1oj_af7
s13,s1302b,O0_2,90,3,0.03333333333333333,0,0,0,0.0,0.0,0.0,90,3,0.03333333333333333,0,0,0,0.0,0.0,0.0,385.7584199999994,193.15199599999968,0.5007071420501982,215.75000000000028,45,4.7944444444444505,b8f9c3af61c5c18d8b52a1cdb992e5c98e154bc752c5665b52bea987b6d3c947,7742f46ba78ed9fa88c087d5ec69553ce3988bd974cf12b77459f3fa28b99e2d,299795,a1635ec65c50ed979dc5932c55d4f225667e35b448f4960e87788dd5b06cc7c5,b1b8e01f9c81393b9b77ba3e7382ff7ab470b9768d7afb6c5899ca07db2db2b1,d40d48526f7501c8a9c95cdd585c252efe7d1c3443a875489f19040f328a082c,151bc65806e3848cf5d30b8028eb97273c470c7ca0ea4749a455420741bb57b0,660a6aa3b06f569a749ff4487810e11a15d108c958b2d12db91a0680d5aeb43b,29.40781,/tmp/buckeye_slicer_O0_2_43rgxgy1
s13,s1303a,A_O50_8,90,3,0.03333333333333333,1,0,0,0.011111111111111112,0.0,0.0,90,3,0.03333333333333333,1,0,0,0.011111111111111112,0.0,0.0,394.1540639999997,204.4988709999997,0.5188297918957898,222.536,45,4.9452444444444446,72ea8093df3fb11222b7291a784e2272246d6349ad6d5da63900e79412997498,7742f46ba78ed9fa88c087d5ec69553ce3988bd974cf12b77459f3fa28b99e2d,75006,74de14d14faa53d772404680adcdfb9817cfd9056b7532f3ae045b4d4135f684,3e410510a34be3ab8a1900beb31a11ca67e17af55b4d26046a46279ebf7ab792,9f926081b5326131197a9ef15c39d65f544913df72ad5854b6a843e5b6b43b90,0b43f1f69cc96e03e26f9a270a1f6f5028270346fc542ee2ebe4eea3cc96300d,0e0616cd84106e7d8d1fb71072dacc4bcc0b0d50799306602d80655925eeaac9,7.07262,/tmp/buckeye_slicer_A_O50_8_bsitlgv2
s13,s1303a,D_O0_8,86,3,0.03488372093023256,1,0,0,0.011627906976744186,0.0,0.0,86,3,0.03488372093023256,1,0,0,0.011627906976744186,0.0,0.0,394.1540639999997,195.97819299999978,0.4972121586446459,213.7359999999999,43,4.970604651162788,b35b56fbf50e01487bef7f59ef870fe839ea7b8d3f84afb9014d7c5503a3e4dc,7742f46ba78ed9fa88c087d5ec69553ce3988bd974cf12b77459f3fa28b99e2d,75006,a34f4bd97d36f8532d9dab5d4d4c237825c7a498de074d2d7073df0dbe7a2ecc,6de9955cef055283da2f359462a3b1f3ddd0624c8eaa4ab0eca47001c48999da,d34c4da0f21691200f95ba7970908400929324dd58553c1cd960221041ee833f,a09695d38583df2ad9d26371d7a6946b91c68ebf5cd7a40cdbb95ff084799502,93e34891987e0caa7829a7229db39cf90fe5f3c95dbf987740e8bb3b663c4cf2,6.99998,/tmp/buckeye_slicer_D_O0_8_mseav47p
s13,s1303a,O25_4,92,4,0.043478260869565216,1,0,0,0.010869565217391304,0.0,0.0,92,4,0.043478260869565216,1,0,0,0.010869565217391304,0.0,0.0,394.1540639999997,207.26197699999975,0.5258400101134055,226.0720000000001,46,4.914608695652176,5c718a3fdc193cf92e8babe55085d9a6c49c09e1bb11c69c0d3e71192acf39c2,7742f46ba78ed9fa88c087d5ec69553ce3988bd974cf12b77459f3fa28b99e2d,150011,28e09e42477eda887594cd360db94c20b76b72a94b25dc506b191ae72851fd3a,f79c433ff3761d617a3782e9b39786322b77ed9fceac64f488548752f3ab9c4f,0317ab067dfb2b6e9e3374a724bc0cc8450160b265669ee3fb024a6a914052a7,e8d018e4b750ae3dcd5437860c0ab81813dab1b21cc76dfa4e9aa23372e8c846,80a1b4b76a15ac581871365a68bfb22922625c24d10a37981ab02022f4201f6c,14.721581,/tmp/buckeye_slicer_O25_4_c0x7fu08
s13,s1303a,O0_4,88,3,0.03409090909090909,1,0,0,0.011363636363636364,0.0,0.0,88,3,0.03409090909090909,1,0,0,0.011363636363636364,0.0,0.0,394.1540639999997,198.75124599999975,0.5042476131871113,217.0359999999998,44,4.932636363636359,87130029b5443647ed1f1febd32ab768bf957a0a1698217eb3cf14b2d00c6ecf,7742f46ba78ed9fa88c087d5ec69553ce3988bd974cf12b77459f3fa28b99e2d,150011,e94a0fed5e09c8f531f78adf2eb78607ee7b3e08b32c8538b477d76e4d1ef93e,2cc3eeafc6aa5fe1f337b1bdebecd9f0e831b03b27b2ac59f05da914282d0e84,de5cc31c4c0c2529112cd124e0e0800c2e1689b57539adac78ecac6a9413b003,a1afe611ecd2659e039a873e2ac2973805b04f19c450b436f36589cec27214a0,4eb006da165f18f4dbef5a44f6511bd22a01ed4094dccba15a7a8050e586ed10,14.654212,/tmp/buckeye_slicer_O0_4_jsks0rlt
s13,s1303a,O12.5_4,92,3,0.03260869565217391,1,0,0,0.010869565217391304,0.0,0.0,92,3,0.03260869565217391,1,0,0,0.010869565217391304,0.0,0.0,394.1540639999997,206.23635599999972,0.523237928608545,224.97199999999987,46,4.8906956521739104,c4a9d51af35f27f1e99f5960f01d8721e1c9a7ae761cc52d68b81ecc3366390d,7742f46ba78ed9fa88c087d5ec69553ce3988bd974cf12b77459f3fa28b99e2d,150011,b96cfe14b3120d6f662f153844c9475d596be0bec5ad58e2ec8e262b927c7a47,47c6cdc2b2197a0d7be1db9cf4cc44861ffc3e8769e04345e8accf7eb19ca163,5fbf4a4a5a27ac888253edf26056faaf33ad97c16c7f73ab7e5efbc330a8bba6,cd3606c7c6648fd759b23e330ed33cbbe1810e3b532214b0186a88d927756133,e9067c2783e54bb128cd32d6bf7f702ce77b80ae0f10100b3c0db29de86005a5,14.546805,/tmp/buckeye_slicer_O12.5_4_e0yo_ic4
s13,s1303a,O0_2,90,4,0.044444444444444446,1,0,0,0.011111111111111112,0.0,0.0,90,4,0.044444444444444446,1,0,0,0.011111111111111112,0.0,0.0,394.1540639999997,201.55625399999974,0.5113641400891401,220.0800000000001,45,4.890666666666669,b8f9c3af61c5c18d8b52a1cdb992e5c98e154bc752c5665b52bea987b6d3c947,7742f46ba78ed9fa88c087d5ec69553ce3988bd974cf12b77459f3fa28b99e2d,300022,daf1033272bb1291ddb2eb62b9aac91951b14438699c1c29acbf888146fe6a25,88795c4ca2f6279e3469844c3c556b7b73c5ecfb0e50c51a235af08be3765b3a,943fdd120e8e7a378d9e7e5948f757ef237059baae215a5ba53e549279017f88,e367eb92fba8253ac4c343e4941bbb0dd9dcf37963cea53a74a33cc75d09726d,87204de061a669ea4ac4ebadc4ae0a47b438837e03513476cf85ad18a68df737,28.636056,/tmp/buckeye_slicer_O0_2_26yrripd
s13,s1303b,A_O50_8,129,8,0.06201550387596899,4,1,0,0.031007751937984496,0.007751937984496124,0.0,132,10,0.07575757575757576,5,2,0,0.03787878787878788,0.015151515151515152,0.0,394.5759039999998,306.3634140000001,0.7764372099113286,333.67999999999984,66,5.055757575757573,72ea8093df3fb11222b7291a784e2272246d6349ad6d5da63900e79412997498,7742f46ba78ed9fa88c087d5ec69553ce3988bd974cf12b77459f3fa28b99e2d,71277,aaf5accaea7822377e1b219dc53e6b6f87412c5e875082dcee77189432ae7025,25c0f8fcbef8f0f6d6b8b3d305887bf1747f65855c1fe264a1bf41345bc7000f,f14934afe7c8e0ffcb4ddaf335c7d64a7192564ec189937b4133955593b8561e,33c4f0c63da5e5e8430d65ddc4491cdc55653d6383af0f5dd1ad5feb6b51cfc4,1302ae222ab7d56288db328d7bfc2df3b335d98b8c17db2da303c97bd5dd4701,7.060375,/tmp/buckeye_slicer_A_O50_8_h10o4lzy
s13,s1303b,D_O0_8,123,5,0.04065040650406504,1,1,0,0.008130081300813009,0.008130081300813009,0.0,126,5,0.03968253968253968,1,1,0,0.007936507936507936,0.007936507936507936,0.0,394.5759039999998,288.5305130000002,0.7312421008861208,315.624,63,5.009904761904762,b35b56fbf50e01487bef7f59ef870fe839ea7b8d3f84afb9014d7c5503a3e4dc,7742f46ba78ed9fa88c087d5ec69553ce3988bd974cf12b77459f3fa28b99e2d,71277,1ef36094e89eb52fd0f9a402c9762f9b8ce4f928d255795d4d30a75a9b23c813,ce0769db682191e2bed931900a07e1a957354e340387d67b172e25c2f616b29a,c0d675c4f30f7dd55b639008d031a88c0f4d51c31a1d48340c55feeee3cc1005,e50f56a619fc37883f41c67ae1afc9eb4e44af114a8f89bad5a485ab3a80aec1,ccd697d068d12bea6498aa814e00cea29253eb38a1a7a78fd16780308c9fbd3b,7.019623,/tmp/buckeye_slicer_D_O0_8_k51wax7x
s13,s1303b,O25_4,129,7,0.05426356589147287,4,1,0,0.031007751937984496,0.007751937984496124,0.0,132,7,0.05303030303030303,4,1,0,0.030303030303030304,0.007575757575757576,0.0,394.5759039999998,305.92639200000025,0.7753296359424938,334.04399999999987,66,5.061272727272725,5c718a3fdc193cf92e8babe55085d9a6c49c09e1bb11c69c0d3e71192acf39c2,7742f46ba78ed9fa88c087d5ec69553ce3988bd974cf12b77459f3fa28b99e2d,142553,61ae433f39792a45c1a2844c21921f93a60c75a6572d6eb171d5be0319ff330c,a9948e406df156c9b782b15bf7815c733e189040e6a3ba516daf5df409ffe239,050d1fc84c2390fe29d2fccb717c197e1cce4e84061ed8e97553bf802f71b9c6,ee0b5ca29a94e776552ce76865b286fd8023ba02ee30af33322b92150a2229a7,d0c1f3bd30847e70339e3cf8f48ff87d28781fc74f6f0f4be93ea9cbc5bae818,13.882895,/tmp/buckeye_slicer_O25_4_rl5lxs00
s13,s1303b,O0_4,123,5,0.04065040650406504,2,1,0,0.016260162601626018,0.008130081300813009,0.0,126,6,0.047619047619047616,3,1,0,0.023809523809523808,0.007936507936507936,0.0,394.5759039999998,289.27144700000014,0.7331198992830548,316.408,63,5.022349206349206,87130029b5443647ed1f1febd32ab768bf957a0a1698217eb3cf14b2d00c6ecf,7742f46ba78ed9fa88c087d5ec69553ce3988bd974cf12b77459f3fa28b99e2d,142553,40909e0cafc24dbeb23c5ae98c63ba6af62c376aecd50ee77eced2146150e6aa,f8ea9467264b0cdf979c2f562435f9ab92c0cf691d7bf11e3068e8858e51d683,c9714f1e98261b89196104e15106bef9af02f75d3ec8298bd5401833b455f640,9c87895cfc2337c08aabf1ed96fc5b49f3d2fb7874c9bf29ffb274f903aa0167,d8dd7dd2ebf4b2cae56cdd2bf64f3b1a9b3c92f04c1666e77b83915720a81915,14.463004,/tmp/buckeye_slicer_O0_4_goo171nt
s13,s1303b,O12.5_4,129,7,0.05426356589147287,4,1,0,0.031007751937984496,0.007751937984496124,0.0,132,8,0.06060606060606061,5,1,0,0.03787878787878788,0.007575757575757576,0.0,394.5759039999998,305.9477930000002,0.7753838739225201,334.49999999999966,66,5.068181818181813,c4a9d51af35f27f1e99f5960f01d8721e1c9a7ae761cc52d68b81ecc3366390d,7742f46ba78ed9fa88c087d5ec69553ce3988bd974cf12b77459f3fa28b99e2d,142553,247e0b02817b538d16e63c203531ced3d92dea461c2387e5faa73d2c132beb6a,5198f65fd248e33f082b25880b5f6dc575d6d83b669ec613d47fa63557de2bdf,87f93787e03b98879ca2a6f1b40b1858a790ceb1734f7191a8eede8366055448,20a23b7484c1d5eebb83c3983d7a5b28731fc80f5ceada1f5072cf4005559b43,69093a2dc9b9bf10ff833f4fd11a5022ab6afeed6eaee34ab765ec453827bed0,14.224664,/tmp/buckeye_slicer_O12.5_4_q63zv7n0
s13,s1303b,O0_2,123,4,0.032520325203252036,2,1,0,0.016260162601626018,0.008130081300813009,0.0,126,5,0.03968253968253968,3,1,0,0.023809523809523808,0.007936507936507936,0.0,394.5759039999998,289.2817440000002,0.7331459956561369,316.624,63,5.025777777777778,b8f9c3af61c5c18d8b52a1cdb992e5c98e154bc752c5665b52bea987b6d3c947,7742f46ba78ed9fa88c087d5ec69553ce3988bd974cf12b77459f3fa28b99e2d,285105,b3ab0c6034d50f45e1a0de09f44577de273d0502742b88bd9a28a32f08dd382e,415b0e63a6fc07b231a79cbe624accf16dc2bcbbad36868ba8ee3b9077adc986,6bf791bf19172eb510160ed318b24daef15476c2f8e9e44bb1c192a6f5b0a35f,b20328a7217ec43018d6e05aa84c56c4973b7c63da68de3302dfd0c0aa70dadb,e3e21e6443ae7154b0b7ce254be4c5dfeab07ed9ec2ae81e62de920fe0cc4a76,28.59335,/tmp/buckeye_slicer_O0_2_637264bb
s13,s1304a,A_O50_8,54,5,0.09259259259259259,2,1,0,0.037037037037037035,0.018518518518518517,0.0,54,5,0.09259259259259259,2,1,0,0.037037037037037035,0.018518518518518517,0.0,181.15421500000005,122.17242099999999,0.6744111419102224,131.43999999999997,27,4.868148148148147,72ea8093df3fb11222b7291a784e2272246d6349ad6d5da63900e79412997498,7742f46ba78ed9fa88c087d5ec69553ce3988bd974cf12b77459f3fa28b99e2d,31257,eadd6ceab1c5299c881a5a98025ab2695487e42bf95b3f8bb786a6282fc5bc0d,dfb801d92b84785d18e87c8115e5b36f9c6dbcf46323a279722537679f46cbde,136b0d5e4eae5f04fb72669c359f1023b0f32679dc5e79f96f087024e5516850,7eaa9ed84ca196d275f4bdb947ebf0e19f5e67af831a8a5d520b701d11347cdf,9e040539d787d13e805e4070cd17f6d24fecedd3e7298ba5a4bc6ae860dba238,3.101067,/tmp/buckeye_slicer_A_O50_8_r25zzhp1
s13,s1304a,D_O0_8,54,4,0.07407407407407407,2,0,0,0.037037037037037035,0.0,0.0,54,4,0.07407407407407407,2,0,0,0.037037037037037035,0.0,0.0,181.15421500000005,122.19869300000002,0.6745561675172724,131.79999999999995,27,4.8814814814814795,b35b56fbf50e01487bef7f59ef870fe839ea7b8d3f84afb9014d7c5503a3e4dc,7742f46ba78ed9fa88c087d5ec69553ce3988bd974cf12b77459f3fa28b99e2d,31257,b733e093a1439541b87f7b8da46a368fc16a4e70f2fd60198932389e59b6ae16,7e741ce34131665d6aa3abfe3c39d352619ba840df59e350cc664cfca1b4769a,cc0ce78cc7f04f53ff329b5d70d2b9b373aa06c6bede13ebe56109899caf898c,e4565bc22049e22e819dff85c3ce9feff585a8b536e6e38746fd7e53b329aa61,31822234056778849d556e1bacd365d7a1b7cc95fba026c50d9f428e1e305263,2.961253,/tmp/buckeye_slicer_D_O0_8_lc610zh8
s13,s1304a,O25_4,54,4,0.07407407407407407,3,1,0,0.05555555555555555,0.018518518518518517,0.0,54,4,0.07407407407407407,3,1,0,0.05555555555555555,0.018518518518518517,0.0,181.15421500000005,122.16269299999999,0.6743574418072467,131.41199999999992,27,4.867111111111108,5c718a3fdc193cf92e8babe55085d9a6c49c09e1bb11c69c0d3e71192acf39c2,7742f46ba78ed9fa88c087d5ec69553ce3988bd974cf12b77459f3fa28b99e2d,62513,a7f6badafe0544f6ee2323cbd201272ef4ef3c4f38b477d78492f276f933e42b,38d766070b4438991b366caf28f4b03344e64b9015e9f75e993a2800028b3dc1,7414ffdacc7f9302f22feb34c59d2d71b8e955039cde99be5b078265a60798e8,bc65e318fe43e01ba173be54a1f212ac5c50a65eb384a8c74e74ba1f377de11a,75d0d7bd04f46ce131ad8b2cda25ba138b0b2fed5b07683ee597c78d76a7bf7e,5.861506,/tmp/buckeye_slicer_O25_4_11bhr8w_
s13,s1304a,O0_4,54,4,0.07407407407407407,1,0,0,0.018518518518518517,0.0,0.0,54,4,0.07407407407407407,1,0,0,0.018518518518518517,0.0,0.0,181.15421500000005,122.21869300000003,0.6746665706895089,131.93599999999998,27,4.886518518518518,87130029b5443647ed1f1febd32ab768bf957a0a1698217eb3cf14b2d00c6ecf,7742f46ba78ed9fa88c087d5ec69553ce3988bd974cf12b77459f3fa28b99e2d,62513,3dd4c469a6a310ee7b928078ff2501ad3df0430009095ee3ecd167afd7dff8c4,8a40ecda66dc0b292f49838c8f73e857151e7fcd4b73a657eb9b5de645546efa,cca46ea4c0289120f7842bc5cd29d428f0a80f5dc01f0783d503d66cc7ca5acb,3eed8bf499661a020ca38176148e6e903a14b5add2940da1fc08f32b54deec62,8da44603e2d53ef56cba1d4d99dc84d5011cecce78dbd57d0dd517102629a920,5.787225,/tmp/buckeye_slicer_O0_4_d7j0zz5c
s13,s1304a,O12.5_4,54,4,0.07407407407407407,2,1,0,0.037037037037037035,0.018518518518518517,0.0,54,4,0.07407407407407407,2,1,0,0.037037037037037035,0.018518518518518517,0.0,181.15421500000005,122.170693,0.6744016030761413,131.80799999999988,27,4.881777777777773,c4a9d51af35f27f1e99f5960f01d8721e1c9a7ae761cc52d68b81ecc3366390d,7742f46ba78ed9fa88c087d5ec69553ce3988bd974cf12b77459f3fa28b99e2d,62513,bd8ee14f1b0884ba8fdaaa72d6e0caa8db51b632057279ebae96ae0a8823eba0,a83d1d6682395d8dd9e0860841cac3aac5d62b54cf3c8bfaad9e9387521374f0,bb69e3c82b9b93f13d632a0fa04c8d14afa4d3480fa61dc9ff8461fcaef21733,460e64b3072a70382eff77ffe74a6c550dfe4b56a8ae951aa4c2815b6c7fbc8d,6f56100b4eef8e5e58b5eae9912544d1c4edd02ec9475e4c61cb8d41e8afb8d8,5.978627,/tmp/buckeye_slicer_O12.5_4_lavsm3kg
s13,s1304a,O0_2,54,4,0.07407407407407407,1,0,0,0.018518518518518517,0.0,0.0,54,4,0.07407407407407407,1,0,0,0.018518518518518517,0.0,0.0,181.15421500000005,122.218693,0.6746665706895087,132.00599999999994,27,4.889111111111109,b8f9c3af61c5c18d8b52a1cdb992e5c98e154bc752c5665b52bea987b6d3c947,7742f46ba78ed9fa88c087d5ec69553ce3988bd974cf12b77459f3fa28b99e2d,125025,4da7f0d0ca005e6e1f2c71afb9978746b07b01ce2b0259bc937d3e45c33ee5be,2e49679a1f8ccc966fabf4486f2fecb572afffa68cd6929940109c3e1bd514fc,9af7dfe45ab3be1bc5488d33670450bb7584ed3ba94d3af4e1baaab3ae5aa883,db9ad2c18558118ea2be15782ad540fc7179ee0d6f08c8a6f84caadf95740fa0,8fdfc0b93e48d488fae3568acdf810daee4a21f8858bbbecbd190bfbb23f9853,12.262923,/tmp/buckeye_slicer_O0_2_uwo53844
s14,s1401a,A_O50_8,88,16,0.18181818181818182,15,3,1,0.17045454545454544,0.03409090909090909,0.011363636363636364,104,24,0.23076923076923078,23,6,2,0.22115384615384615,0.057692307692307696,0.019230769230769232,339.05232500000045,282.7750400000004,0.8340159295471576,304.83200000000033,52,5.862153846153853,72ea8093df3fb11222b7291a784e2272246d6349ad6d5da63900e79412997498,7742f46ba78ed9fa88c087d5ec69553ce3988bd974cf12b77459f3fa28b99e2d,71763,d6673005a5c167408b51cb1ff1b144d21a702a731ef2182fc4c2b7faa06df3a5,fcf57fac2e9c99cd18152b14330ac044366e8ee120e398b78477c7c3c59f36e4,43c7d59052a7f6fbe9ac8dc6abbb721ba66cd38620a0cc18c88b02a3db51d974,b3d4a2449a3b9f9952691e7b96abd8a9e8aa160be609d67396b24f74f0019e79,1efe6007cf4aa7d1702e63d57957cef41d2c9afe7d7cf90b3f632889ecae2dbc,7.049393,/tmp/buckeye_slicer_A_O50_8_8m42drnu
s14,s1401a,D_O0_8,76,4,0.05263157894736842,2,0,0,0.02631578947368421,0.0,0.0,86,5,0.05813953488372093,2,0,0,0.023255813953488372,0.0,0.0,339.05232500000045,243.1894130000004,0.7172621895455225,262.86400000000026,43,6.113116279069773,b35b56fbf50e01487bef7f59ef870fe839ea7b8d3f84afb9014d7c5503a3e4dc,7742f46ba78ed9fa88c087d5ec69553ce3988bd974cf12b77459f3fa28b99e2d,71763,5ff8da899f599659717278b9be9bd7940038a8841fa79c08f363f6cf3703ace5,632c69bf6e0e2318cc0e54e46df0aad0772325e34add517bb6e3e1a7890fd050,8ccb4cd8937eb19a5b3cc1b4bb88054419338d26ea178309c61960b08ecdae24,6e4a1222827425fd5085dd44ebf3acba0810502b1e9f1b84a2932942723ec89d,44d8b01b241d02516e767d45cbb67de2586f7bd4579f366c13cc1780ec49251c,6.95597,/tmp/buckeye_slicer_D_O0_8_t6we681x
s14,s1401a,O25_4,89,10,0.11235955056179775,5,1,0,0.056179775280898875,0.011235955056179775,0.0,106,15,0.14150943396226415,7,2,0,0.0660377358490566,0.018867924528301886,0.0,339.05232500000045,280.7472280000004,0.828035106380704,303.388,53,5.724301886792452,5c718a3fdc193cf92e8babe55085d9a6c49c09e1bb11c69c0d3e71192acf39c2,7742f46ba78ed9fa88c087d5ec69553ce3988bd974cf12b77459f3fa28b99e2d,143525,dfb915ecbdfcac9dbd30dd384586ae61a99493cbfa113d63a2f5ecbb73fab2b5,2aa45df7a35a90295711e669c62e2c46b02e1c8fd8c4eed6054d76889ddf25ed,8dad5c0bbb0dda64bf31ad939a319797cd7f96682d526cafe739ee7d51b31fd9,b6d5cec358d2a5b70ba607eb90cd23e4801b48aec424766c27ca1f1580d4fb5f,e3889970316d40bcf556c7f731311089691248889ac0457835d17b849ba45c17,13.948742,/tmp/buckeye_slicer_O25_4__p7hc9l0
s14,s1401a,O0_4,78,4,0.05128205128205128,2,0,0,0.02564102564102564,0.0,0.0,88,5,0.056818181818181816,2,0,0,0.022727272727272728,0.0,0.0,339.05232500000045,246.4105310000004,0.7267625461645192,266.57200000000006,44,6.058454545454547,87130029b5443647ed1f1febd32ab768bf957a0a1698217eb3cf14b2d00c6ecf,7742f46ba78ed9fa88c087d5ec69553ce3988bd974cf12b77459f3fa28b99e2d,143525,385266fffd15705d6c642315f0f3d8cc122c793eaead6732c2344eb6b5e50f9e,e7cc70bf96f6136f5f9bdb276eec447d7bc1110fe66ee7b0aa526b1430f356dd,451309a96b56b5a46af3e5275d11c714f689336547ae0ca11aac55f9c95a5509,84416599ce93776436ed5ce205f178076f2c58970e71507f2efd7ef81f218f9b,07efca6aa625d8120eeebe7794021592d9943048be6d0e2260c8b482ad3d76f5,13.890865,/tmp/buckeye_slicer_O0_4__7zfsymz
s14,s1401a,O12.5_4,87,9,0.10344827586206896,4,1,0,0.04597701149425287,0.011494252873563218,0.0,100,12,0.12,5,2,0,0.05,0.02,0.0,339.05232500000045,274.20266700000025,0.8087325960675831,296.312,50,5.92624,c4a9d51af35f27f1e99f5960f01d8721e1c9a7ae761cc52d68b81ecc3366390d,7742f46ba78ed9fa88c087d5ec69553ce3988bd974cf12b77459f3fa28b99e2d,143525,2c0a379664e158ff3b5ca969f51a46f3469727fc71237f270ecebb05eeb71260,4c0cb21631d9cce21621e65b7979851955225c863463111a2370594d4c944700,5424395a6c27ae739e51586a56861f52d3b4cf0f20f0d66feed1ec8918e7ebf3,083c1778f67c2defd1c229259a6f1356219de0f455dd81fbbfd193d38ccb95a0,c724faf72113133faad43d39d39c742f6f0c833605ea677e3610a2dda308a33a,14.233248,/tmp/buckeye_slicer_O12.5_4_zp58vty2
s14,s1401a,O0_2,81,5,0.06172839506172839,2,0,0,0.024691358024691357,0.0,0.0,92,6,0.06521739130434782,2,0,0,0.021739130434782608,0.0,0.0,339.05232500000045,255.12051100000036,0.7524517373535192,276.46799999999985,46,6.010173913043475,b8f9c3af61c5c18d8b52a1cdb992e5c98e154bc752c5665b52bea987b6d3c947,7742f46ba78ed9fa88c087d5ec69553ce3988bd974cf12b77459f3fa28b99e2d,287050,75b85cce644f5e5a4a748275953dc1f88ddb77c384d614500e991c36f68d7c6d,97ea22a8e3e47660d61535ae11ba9836dae26958003fe414c9e5774eadba16f2,f9681603b4d853c14401465f9122bc03faff4fea72f512447a993822bbe0f40c,f1cdf76a33f5a37c7ccb1b918f7a6c1b7cca7b699fd88fb035f2162fa072a9b0,35b60c8539de68e099a7ca19f156d0603d9428d59f0bd7fc1585ed5b7f027a6c,28.065487,/tmp/buckeye_slicer_O0_2_98b9odaq
s14,s1401b,A_O50_8,107,12,0.11214953271028037,10,4,0,0.09345794392523364,0.037383177570093455,0.0,134,18,0.13432835820895522,15,6,0,0.11194029850746269,0.04477611940298507,0.0,475.42898099999957,403.1297449999998,0.8479284206698374,441.01599999999996,67,6.5823283582089545,72ea8093df3fb11222b7291a784e2272246d6349ad6d5da63900e79412997498,7742f46ba78ed9fa88c087d5ec69553ce3988bd974cf12b77459f3fa28b99e2d,92677,ce7036946ba93d689f3952d43f2a0c12b9d36ae22759406e26135bcbd0cc4287,a9acc4490a76b6c7c04752b762c687aed967a05e8cdf215dd2047f62a77f3fd6,b2ec9d464acf40f2e18b22080f61a80cd23d501a3794bd5a4886e3418abb397b,c4c6992782c945c56d4bfa64e6651543b6614693ee446967331b909fabcf8dae,74ca1a269666cdb849088b83c5ce9977095b904be36185abdef654f7bc68e3c4,9.557684,/tmp/buckeye_slicer_A_O50_8_4re18bbu
s14,s1401b,D_O0_8,93,7,0.07526881720430108,7,4,0,0.07526881720430108,0.043010752688172046,0.0,110,11,0.1,11,6,0,0.1,0.05454545454545454,0.0,475.42898099999957,339.84371499999975,0.7148148905125329,371.8639999999999,55,6.7611636363636345,b35b56fbf50e01487bef7f59ef870fe839ea7b8d3f84afb9014d7c5503a3e4dc,7742f46ba78ed9fa88c087d5ec69553ce3988bd974cf12b77459f3fa28b99e2d,92677,e0984d4958042d456a99fce59c8ecbcbb6c50201642f59d3ac42a84ee4adf1af,d71eb5284b6bd33bd25bbdc3bba573b64b138cb6138daddab3dc0af7f603643b,403823ddf9af0dd90d6997faadf036903ca57e37e6503d51c75bb024b63d4299,009b5af78b96d28394cf0a382f856923faa7b77e62ffa5cfb6fffc4e2a7b0e62,bf5c8c47e7183bd21a3fab5b37b2af9ca45bda4a780944c6cfc22675c5e2727f,9.419241,/tmp/buckeye_slicer_D_O0_8_74h3jhq1
s14,s1401b,O25_4,111,10,0.09009009009009009,10,5,0,0.09009009009009009,0.04504504504504504,0.0,136,17,0.125,17,8,0,0.125,0.058823529411764705,0.0,475.42898099999957,402.3812389999998,0.8463540404155552,441.3480000000002,68,6.490411764705885,5c718a3fdc193cf92e8babe55085d9a6c49c09e1bb11c69c0d3e71192acf39c2,7742f46ba78ed9fa88c087d5ec69553ce3988bd974cf12b77459f3fa28b99e2d,185353,1d37c74736e77758ed425f89fcb63f22c40cd6c87cfb0c91148552186c5b1cbf,3172d301823425b2eea1cfeaa7058431877adc4947d3489811918ae503255eb2,3d4ae1f7d80673f0be306437f6e9134dec352247d90e74ba204fb7f963baee2c,1c7caf4dc1d7cc9c805bd644f12066e66514d2fa74f9c50b95ba6333f943539b,eb4b4ab1d53ccf57c967f7535f0442d16ca7594be2c545eba1698878d4faf001,18.544296,/tmp/buckeye_slicer_O25_4_yhkgguwq
s14,s1401b,O0_4,96,6,0.0625,5,3,0,0.052083333333333336,0.03125,0.0,114,10,0.08771929824561403,8,5,0,0.07017543859649122,0.043859649122807015,0.0,475.42898099999957,351.6377789999998,0.7396220951032013,385.2759999999998,57,6.759228070175435,87130029b5443647ed1f1febd32ab768bf957a0a1698217eb3cf14b2d00c6ecf,7742f46ba78ed9fa88c087d5ec69553ce3988bd974cf12b77459f3fa28b99e2d,185353,83a1e7cb9cbbe6c8e083ccdf3b4c628c41885c20029755b9d06c9f78d817783d,028b5c4ec26f0c6bae2c86e7d973575b866fd4c3a2dce43aadb1edc67f5b1267,1888f2e6e232ce3ba78894572a8740429eeaf28bb1f1c42edebc8f2479f69a6a,0605d975b0b89f6b33f1fc7ae20ce58d64eaeb78034e594df2767afef84b4d4f,ef16537397f692327b637d23d315e7abea1eb8701caaed8e54d47a8712ccd715,18.579952,/tmp/buckeye_slicer_O0_4__v_z9ak3
s14,s1401b,O12.5_4,104,10,0.09615384615384616,9,4,0,0.08653846153846154,0.038461538461538464,0.0,128,17,0.1328125,15,7,0,0.1171875,0.0546875,0.0,475.42898099999957,391.68177499999973,0.8238491775914689,429.34,64,6.7084375,c4a9d51af35f27f1e99f5960f01d8721e1c9a7ae761cc52d68b81ecc3366390d,7742f46ba78ed9fa88c087d5ec69553ce3988bd974cf12b77459f3fa28b99e2d,185353,1beaaef0ead987d84877d1a62ebe92a12f7821fa92bca3eadb1662b47c4c4586,f004804170eab624a45ccba58165238b52258794b101c12f98735c32d6d6fc65,d482a1954d91826a0468b36e80c33e7c42823f590f8d0aa1387c70232f799bba,ba1f0b7987e465bef8511b52b89c8f1933052ec69f5d0d56bc95d89ad0662b92,b6fe9b4035d4d74a65f86d6cd20f556f03c6235e34086d631110078180aefb78,18.68052,/tmp/buckeye_slicer_O12.5_4_nc3c1sy5
s14,s1401b,O0_2,98,7,0.07142857142857142,6,3,0,0.061224489795918366,0.030612244897959183,0.0,118,12,0.1016949152542373,10,5,0,0.0847457627118644,0.0423728813559322,0.0,475.42898099999957,367.78295499999984,0.77358127017503,403.1300000000002,59,6.832711864406783,b8f9c3af61c5c18d8b52a1cdb992e5c98e154bc752c5665b52bea987b6d3c947,7742f46ba78ed9fa88c087d5ec69553ce3988bd974cf12b77459f3fa28b99e2d,370705,07bcbf0bea7319a49b702cc2981c089a6f7ce676157269a31d457de66352ea36,ff54dcf0089e0e2ca33d9742b75b21927f307f8ff7118b0a16a58c930d2349e7,9fe26c216ae9346e39d7aa2f8c3232b94638ffe6eb1b3908903b48f4c1cc3be6,98eb53ff1a8f681081976b095f17b2303d00e8101fa4af68b79991be53a5c931,1ece724a41dbbfe39bb1aa37ae1f8c393443fae64c0c288a2dc4509cb8261d4d,35.982372,/tmp/buckeye_slicer_O0_2_275k7jp8
s14,s1402a,A_O50_8,100,16,0.16,9,1,0,0.09,0.01,0.0,116,21,0.1810344827586207,13,2,0,0.11206896551724138,0.017241379310344827,0.0,382.0668270000001,313.1350250000001,0.8195818188633268,340.0400000000002,58,5.862758620689658,72ea8093df3fb11222b7291a784e2272246d6349ad6d5da63900e79412997498,7742f46ba78ed9fa88c087d5ec69553ce3988bd974cf12b77459f3fa28b99e2d,75009,ed010cb5c20d76e5397dc2120ef0e3617da22c664ec65cd2f7ee451262cb7232,3a6429796f7013f73e53a0e75e5ae4b754e74c2b5137619fe2c22321231d8b24,4a7421cd2bc85498122c23e14c7bda1c5f89c0741c24206eae7b6fcf65badc3a,dfa830738c4e2394f6f3dcd49d217d429fa7cdeb8c76d561efaaa440cbfcc3a5,730771561fe391fb50a25dd6ad4898502c4fe448b4116c723888cce15213111a,7.628674,/tmp/buckeye_slicer_A_O50_8_w36agbn7
s14,s1402a,D_O0_8,89,12,0.1348314606741573,4,0,0,0.0449438202247191,0.0,0.0,94,12,0.1276595744680851,4,0,0,0.0425531914893617,0.0,0.0,382.0668270000001,264.79210499999994,0.6930518074001747,287.72800000000024,47,6.121872340425537,b35b56fbf50e01487bef7f59ef870fe839ea7b8d3f84afb9014d7c5503a3e4dc,7742f46ba78ed9fa88c087d5ec69553ce3988bd974cf12b77459f3fa28b99e2d,75009,446f2ab74fc700c6a9ebfa42724969eae2f7bf6639dc30c7666d74f06af49d9f,18f6815da998a24b6e5f7ac8e78cc59e0dbdd4cb5ee15a80347431773fc01504,53551c4f72351cf2b0bb551ba902cb777c5ce845609f11444a9e4978e21753a2,513a32914a7ed46d0dc76f4be7858644659219d59dfd0054454c7a62779b2d48,3defe25cd7b07fe8461015843c7a8cabcc4a0310ecadfad2c84d3fa74c7fa2fc,7.267208,/tmp/buckeye_slicer_D_O0_8_2ggvu3bh
s14,s1402a,O25_4,99,12,0.12121212121212122,6,0,0,0.06060606060606061,0.0,0.0,112,15,0.13392857142857142,8,0,0,0.07142857142857142,0.0,0.0,382.0668270000001,313.82240600000034,0.8213809308286277,340.7319999999999,56,6.0844999999999985,5c718a3fdc193cf92e8babe55085d9a6c49c09e1bb11c69c0d3e71192acf39c2,7742f46ba78ed9fa88c087d5ec69553ce3988bd974cf12b77459f3fa28b99e2d,150017,751cdfef35d39527bc249c6ab185444a8ca6927a9c94671ec27cc8fac2365bf4,10734dead22e4a7965f0932fdd746886b5478b92d9f612f5b38170c0c5aec478,e835fbed99a91880aa44e408302f0f53b68b17e134e4c89ba0d8d7087c6d1cb0,c4c074ea117b5de568de6ecb5c3747d0d95e7292a3595ef8fd4d5dbaf5d75bfb,e87c0886f48ce61303ff41aacd5c096e5865acf3146989d4cc07fd04b590e6b9,14.45244,/tmp/buckeye_slicer_O25_4_ll7ddprq
s14,s1402a,O0_4,92,12,0.13043478260869565,6,1,0,0.06521739130434782,0.010869565217391304,0.0,98,12,0.12244897959183673,6,1,0,0.061224489795918366,0.01020408163265306,0.0,382.0668270000001,274.5889930000001,0.7186936252908447,298.62800000000016,49,6.0944489795918395,87130029b5443647ed1f1febd32ab768bf957a0a1698217eb3cf14b2d00c6ecf,7742f46ba78ed9fa88c087d5ec69553ce3988bd974cf12b77459f3fa28b99e2d,150017,568c9b97fae296a7669be2339dc72db948fe2057214b8191462dde19bb3336b0,0f9c2d38bb5d750686f996768df65ce30b36cce172953065f29c75cd2e6ce163,8ceda5c59d275806b3611b4f862814e051a889edbf67fc80e7081236f071dce0,17f85ce009fa8004d0f76132c4fffe093bd5edd972cdc0b8159cfecbd5d54cb1,c35471f6fa61d5bb1e3e6e047e2ef7d70176fee6001a0e80d9a2d0a2fa56919f,14.567113,/tmp/buckeye_slicer_O0_4_bl65mgqm
s14,s1402a,O12.5_4,94,13,0.13829787234042554,6,1,0,0.06382978723404255,0.010638297872340425,0.0,104,15,0.14423076923076922,8,1,0,0.07692307692307693,0.009615384615384616,0.0,382.0668270000001,293.4624970000002,0.7680920620726911,319.04799999999994,52,6.13553846153846,c4a9d51af35f27f1e99f5960f01d8721e1c9a7ae761cc52d68b81ecc3366390d,7742f46ba78ed9fa88c087d5ec69553ce3988bd974cf12b77459f3fa28b99e2d,150017,06a1c23410a945ee5feb837e4191c9443e0a8de6c4cb4ac22bbe4e2ab044738d,c9330a97bb4aad429ab455c9157c37297a4fc9048891682571d1a93a5f3638a2,491630f3ed779e912c3094bea1b6aa775f784f2f611bd2bb9ce8f9da4c2f7628,269d0d550b76bb7dce4576fbabcb3af3088358448c09a47e8c3ed9250d3922f9,a74d3a548789d014dfcccd9145cdb0124f11bdb939d5034c4e9c6cd3d855ad3d,14.157548,/tmp/buckeye_slicer_O12.5_4_6e591y89
s14,s1402a,O0_2,94,10,0.10638297872340426,6,0,0,0.06382978723404255,0.0,0.0,100,10,0.1,6,0,0,0.06,0.0,0.0,382.0668270000001,280.7750220000001,0.7348845860412792,305.8540000000003,50,6.117080000000007,b8f9c3af61c5c18d8b52a1cdb992e5c98e154bc752c5665b52bea987b6d3c947,7742f46ba78ed9fa88c087d5ec69553ce3988bd974cf12b77459f3fa28b99e2d,300033,1c17d8f38f12f4b42483d0a3ca57c45b013f63855389d0573f654c0710d37a62,4e2b92dad1f0a4daef5bbcfe1925946774d75278b657f74eb72cfbae320ad703,163b6db0dcaf75b3fd0b5f3d684a126dadce423363317ab0aea1fe7ca4523e34,85cdb24aa358066e1086d47aedc1c27ffcc3a3f625cd79203ecdcbb625f6dc8c,c8044f5106c1b5b4a6b6788fe0d34de1b2ed8d9f33a4582c993fc00259fbe90d,27.895626,/tmp/buckeye_slicer_O0_2_h_cn6j55
s14,s1402b,A_O50_8,96,10,0.10416666666666667,6,1,0,0.0625,0.010416666666666666,0.0,112,12,0.10714285714285714,8,2,0,0.07142857142857142,0.017857142857142856,0.0,363.4329330000003,315.8606300000003,0.8691029384505451,341.53599999999994,56,6.098857142857142,72ea8093df3fb11222b7291a784e2272246d6349ad6d5da63900e79412997498,7742f46ba78ed9fa88c087d5ec69553ce3988bd974cf12b77459f3fa28b99e2d,71655,2b4720e6957f7830c5e729c2faba6ec6d2ceadaf21716568b438bba835cce058,e9d268b2f546dc3c52263b687beac5b04b18233c19db19f1bb8441a780caf96f,91edbc007d7ffebfdb4313a3a00331c6b21a137279286bb5b7be62707e56ce82,d0d57ce77325d0a4bbb426b221a6a8ecb10a4481901973c686a24b9ff4e910df,3d773ad7eb9cfe251e21264b81a8061d5180111da6f192fe0360f94eae6b9ee7,7.167293,/tmp/buckeye_slicer_A_O50_8_bvndiqy6
s14,s1402b,D_O0_8,84,6,0.07142857142857142,1,0,0,0.011904761904761904,0.0,0.0,98,7,0.07142857142857142,2,0,0,0.02040816326530612,0.0,0.0,363.4329330000003,277.58381900000006,0.7637827885014478,301.6719999999999,49,6.156571428571427,b35b56fbf50e01487bef7f59ef870fe839ea7b8d3f84afb9014d7c5503a3e4dc,7742f46ba78ed9fa88c087d5ec69553ce3988bd974cf12b77459f3fa28b99e2d,71655,f886f76646334a166d1b9c98a164cbfa789a95cfcf816e7e349ef3ce32bd7c86,0211c33d601c76687bf444e0b71de2bd9e37bb2000e95d115584cff4c1ceb72c,f2fbac5fd18e9d482e1864c46d71876eef930153825d4ed2b30fdb6c1162dad8,b2e458abfaef3e265d96882566a648f627cabd25e236a22e85f9335cb384b39b,5e003b49f23dc12903f63242174afa1cf2397a666062c009dc86e7298b931463,6.902188,/tmp/buckeye_slicer_D_O0_8_ka8oa5xe
s14,s1402b,O25_4,92,8,0.08695652173913043,5,3,0,0.05434782608695652,0.03260869565217391,0.0,106,10,0.09433962264150944,7,5,0,0.0660377358490566,0.04716981132075472,0.0,363.4329330000003,300.48305700000014,0.8267909419204998,326.30400000000014,53,6.156679245283022,5c718a3fdc193cf92e8babe55085d9a6c49c09e1bb11c69c0d3e71192acf39c2,7742f46ba78ed9fa88c087d5ec69553ce3988bd974cf12b77459f3fa28b99e2d,143310,db0f5d1aab5275e2e24f8bdeeacdb3160cdaa7de864d9d9c454417a85a0d3f35,ffb153f705003875f959ca75fc662118a9af865422066cdbe20e4db3ed779d7a,d5bc8d6c71673af839b386acdb4ff19f47112b4f14b6de0c18930a71eec736c7,de060da127634b6ec1816d6da33370578ae95ea2bbc502e52508941fc3c63b72,d0c5d6b2ca509c038c8628269131659b5a45ab3ff73ef25aaa49335c1f75d72c,13.843185,/tmp/buckeye_slicer_O25_4_oer1sepq
s14,s1402b,O0_4,84,4,0.047619047619047616,1,0,0,0.011904761904761904,0.0,0.0,98,5,0.05102040816326531,2,0,0,0.02040816326530612,0.0,0.0,363.4329330000003,277.9202250000001,0.7647084228329959,302.236,49,6.168081632653061,87130029b5443647ed1f1febd32ab768bf957a0a1698217eb3cf14b2d00c6ecf,7742f46ba78ed9fa88c087d5ec69553ce3988bd974cf12b77459f3fa28b99e2d,143310,c2e2494f009a3fd9ed8fc3a3bc17b5a003bfc8f0c984a5b8e79112aef824b3bd,2be8f55eb91f77e710096c1aa4439dfa139e51907acfb138181dc29eee96c8b4,775a3d71846004ec22bf00a7399d2c1b10ba64410c01588df76130e1a46c0e67,c0fb0e9160f738070ebc92c52de9e2f361ef0677a139aa1424492a7f4e677b3c,a7faf901b7a9f68fd56d3f8191f2fb64ea43f5596068d971644c783657ff5c79,14.135942,/tmp/buckeye_slicer_O0_4_zda52d17
s14,s1402b,O12.5_4,92,3,0.03260869565217391,2,1,0,0.021739130434782608,0.010869565217391304,0.0,108,3,0.027777777777777776,2,1,0,0.018518518518518517,0.009259259259259259,0.0,363.4329330000003,305.8681740000002,0.841608303009788,332.4359999999999,54,6.156222222222221,c4a9d51af35f27f1e99f5960f01d8721e1c9a7ae761cc52d68b81ecc3366390d,7742f46ba78ed9fa88c087d5ec69553ce3988bd974cf12b77459f3fa28b99e2d,143310,e9fd2965c21ad13c0afc91da5f39c72a7689f095b7f1f5e49c89780fc13c7fe6,4e5ce11e591f8dd3772b832027375f2a653d9636d2069be0a20e8a07eb426ec9,56e8113d6cb0bb17c95d6b4892ed6113258159c8d1cd5087884fd592100f7751,a9c747566643ef188e35fb31a87eef121a94a4dfb7283a2cacf2c18500f57101,4e76fb769f52ce846512848ed132f7acde949292959fe649861bae7595f5f02c,14.098616,/tmp/buckeye_slicer_O12.5_4_tkf_g_jh
s14,s1402b,O0_2,85,4,0.047058823529411764,1,0,0,0.011764705882352941,0.0,0.0,100,5,0.05,2,0,0,0.02,0.0,0.0,363.4329330000003,282.3728970000001,0.7769601248547277,307.0839999999999,50,6.141679999999997,b8f9c3af61c5c18d8b52a1cdb992e5c98e154bc752c5665b52bea987b6d3c947,7742f46ba78ed9fa88c087d5ec69553ce3988bd974cf12b77459f3fa28b99e2d,286620,f7ba57f6f6edf7e27786acd1a12a9bfb1d5291ce9393d3f578c60a671746a2aa,f24d11b2d5afbc1d000efff99e06e78e95960eca204e74d77cde5d052b14057e,069f5bf2acb858db850c0b8f7c0e066015125e97da0676058e2c506363d90a07,ed8f3d94eb293ca602eb7cfe7a95d6fbd6d30829566b06bfdefe4761fc4ff13e,b731abb780b49d9cb14ca327310e9a7ae1cef08aaaff7b0e907f800bb1851df3,27.755157,/tmp/buckeye_slicer_O0_2_ry0y4c8a
s14,s1403a,A_O50_8,97,7,0.07216494845360824,6,1,0,0.061855670103092786,0.010309278350515464,0.0,106,10,0.09433962264150944,9,1,0,0.08490566037735849,0.009433962264150943,0.0,331.02790899999997,253.63042600000003,0.7661904603940813,276.34400000000005,53,5.2140377358490575,72ea8093df3fb11222b7291a784e2272246d6349ad6d5da63900e79412997498,7742f46ba78ed9fa88c087d5ec69553ce3988bd974cf12b77459f3fa28b99e2d,64196,c2f5198d251d2dbce043732b1bc205166b44697248b8f5c5992454be24fddb44,644fd447b0f9e7757fe5947cd79216387451be1605d2e9b714e1ccbb00d5e0bd,a5eea84be03a51c9925f1b98c0e381a3c1bf2455abe4b9592c846bd25503ddb8,b18d61c801e9bef9bdc2e0dcc06a46c42c6449470c0001005fd53959044cf9b7,3d25e4c654e7b14775516994493d27eeed32cc83732e69f03868b7c273231388,7.828777,/tmp/buckeye_slicer_A_O50_8_dzn54wti
s14,s1403a,D_O0_8,82,2,0.024390243902439025,2,1,0,0.024390243902439025,0.012195121951219513,0.0,88,3,0.03409090909090909,3,2,0,0.03409090909090909,0.022727272727272728,0.0,331.02790899999997,207.5594190000001,0.6270148629673401,227.34400000000016,44,5.166909090909095,b35b56fbf50e01487bef7f59ef870fe839ea7b8d3f84afb9014d7c5503a3e4dc,7742f46ba78ed9fa88c087d5ec69553ce3988bd974cf12b77459f3fa28b99e2d,64196,237c4427694a147eebaab3268abc29d15741f70edfd86884b85d5feb7f2fc75a,8bed6a2d0908bbf5f0b8c51a307208278f8c757762fc2cc4f9b082067583ba6a,fe71eb4a823506bd66368d9c1e06f24cecd0834aefaab41cdce0885860aa8998,85fd66c3020232ad8b35887786039e3471d18fa24acf1fcb90f060fdc9d81815,c29a7faa9d067a1d40f52015f0fca3057b3d66c4de1788b0a236cc07dfa491db,6.002229,/tmp/buckeye_slicer_D_O0_8_fpfua187
s14,s1403a,O25_4,97,5,0.05154639175257732,4,2,0,0.041237113402061855,0.020618556701030927,0.0,106,7,0.0660377358490566,6,3,0,0.05660377358490566,0.02830188679245283,0.0,331.02790899999997,258.52560600000004,0.7809782769705985,282.0319999999998,53,5.321358490566034,5c718a3fdc193cf92e8babe55085d9a6c49c09e1bb11c69c0d3e71192acf39c2,7742f46ba78ed9fa88c087d5ec69553ce3988bd974cf12b77459f3fa28b99e2d,128392,b5b2da478385db7ea801d60f5fb7d7c812d957e39c28f259c406d05d689dab0b,1e9703b93a2fd1a2486c8339e104684c60421ce349a7b0f4756aa3103d5c5d22,97222ebe698afadf1a5b4f56c307d9964785ed132d5d6fc622efcd7e72313a25,729773cd6101e654a615887bc1c24ce473eb5c1f1514be04fca701887ff70bce,581f3b7660918bd92459020b9487732bca1c56b5860d0675ffb1cb0494a49201,12.240151,/tmp/buckeye_slicer_O25_4_g_xzmb5w
s14,s1403a,O0_4,87,2,0.022988505747126436,2,1,0,0.022988505747126436,0.011494252873563218,0.0,96,3,0.03125,3,2,0,0.03125,0.020833333333333332,0.0,331.02790899999997,232.16668700000008,0.7013507945639716,254.32399999999998,48,5.298416666666666,87130029b5443647ed1f1febd32ab768bf957a0a1698217eb3cf14b2d00c6ecf,7742f46ba78ed9fa88c087d5ec69553ce3988bd974cf12b77459f3fa28b99e2d,128392,f8a1bf40baf5469eaae57ff4065f80efa72375cb0b2851cec2f6aae7b6c43633,c6690db29a32cb0e375acc43592f0fef9b6f54a9c95ea29e2fb471353290b79e,2184a104f75c993c2c1af0e9978846942b0e223431556b832f6d31d2d05e5de7,997ad030d4e00f0960729da99a1b5a3ce422e9bef15bf2ef8353cc5bca7b3b1c,5f297562334add4cdcf3d800ebf3f6ce53963c9ee15ecc55eb1892b261e40fd5,12.235933,/tmp/buckeye_slicer_O0_4_vtr6uvpx
s14,s1403a,O12.5_4,95,5,0.05263157894736842,4,3,0,0.042105263157894736,0.031578947368421054,0.0,104,7,0.0673076923076923,6,4,0,0.057692307692307696,0.038461538461538464,0.0,331.02790899999997,262.0005530000001,0.7914757211604176,286.2039999999997,52,5.503923076923072,c4a9d51af35f27f1e99f5960f01d8721e1c9a7ae761cc52d68b81ecc3366390d,7742f46ba78ed9fa88c087d5ec69553ce3988bd974cf12b77459f3fa28b99e2d,128392,c247c0b4d086820230ab1b54b28ec7b6629fb38db0cfea50e99e4d99f341541c,081b241ec3bb9f1262c4a89a208068106abfac3196ec96236c74adec9727b65b,5dbd61df2fcb8d2645b61635426babaac85aefba23d68ba9336e623f7c1ca95f,ba3055456b61d0aadd714dbb282f04608084c57c384e56212a273c21ecf8dc96,46eefc9b146f5d51c5e5679a7b63adf295d1729bfbb5f19068bd66df036eec25,12.271437,/tmp/buckeye_slicer_O12.5_4_kehsb0sb
s14,s1403a,O0_2,87,2,0.022988505747126436,2,1,0,0.022988505747126436,0.011494252873563218,0.0,96,3,0.03125,3,2,0,0.03125,0.020833333333333332,0.0,331.02790899999997,235.86576600000006,0.7125253176160445,258.27399999999994,48,5.380708333333332,b8f9c3af61c5c18d8b52a1cdb992e5c98e154bc752c5665b52bea987b6d3c947,7742f46ba78ed9fa88c087d5ec69553ce3988bd974cf12b77459f3fa28b99e2d,256783,420e1600f50ccd53b8e8dcf2c37c3f9058e7ac5fde2db360dc6b1d9a8e43d907,dac8e3bef4f03353434755314b9ce4258f28a41c56de3311013f1bd265f6f955,4c549a0414d56ca6db37a192aa4da81aa3cd070075cb708265c57283c2b29c50,e1d725fb6eba8648e87094ef85bf359811ef746c999bbc5e3a0ce7c4094d2a41,3e70d642efea214dc021eef2cbc1a9527aeb93f4d091e61ffdbb621a9e366402,24.049249,/tmp/buckeye_slicer_O0_2_s1q_5u5l
s14,s1403b,A_O50_8,64,8,0.125,6,2,0,0.09375,0.03125,0.0,68,8,0.11764705882352941,6,2,0,0.08823529411764706,0.029411764705882353,0.0,233.89246400000053,173.98394600000034,0.7438629831186008,189.91200000000012,34,5.5856470588235325,72ea8093df3fb11222b7291a784e2272246d6349ad6d5da63900e79412997498,7742f46ba78ed9fa88c087d5ec69553ce3988bd974cf12b77459f3fa28b99e2d,62621,d6ac1cb1eb0fcb0f98d8c422ab9035c08f43cbee45fb6ca881dc7b9781fcf9ad,0a15973b70bbaa15ef727c2391386aefe9314f6d3310a7667487f886098a299a,24ac2a9bfb4c090806c873505767994d285467fcb0649f2b3e94169ffb03b8ca,740e9bd97c42a0c307a3fd138e0122762ef57723e72b589a7349ef83e61d5077,f81bae159b401104f52d1faff70b68955c0f6cb8fc770dac3e694d3fbad627e0,6.10518,/tmp/buckeye_slicer_A_O50_8_ca6ejave
s14,s1403b,D_O0_8,59,6,0.1016949152542373,2,0,0,0.03389830508474576,0.0,0.0,62,6,0.0967741935483871,2,0,0,0.03225806451612903,0.0,0.0,233.89246400000053,171.6613790000003,0.7339329197027908,185.76000000000002,31,5.99225806451613,b35b56fbf50e01487bef7f59ef870fe839ea7b8d3f84afb9014d7c5503a3e4dc,7742f46ba78ed9fa88c087d5ec69553ce3988bd974cf12b77459f3fa28b99e2d,62621,bc40bb3bd0042d981fe17ac89b3ab46cd329ce5dbc7c4bdd7ad44fc659b73a88,cde384e27cf78de8abb30f339b42d56c484786bc5b29ca80b56c885a8436d323,a9afe01d181d90203961f96e5aa27905cdf99b39c3d4211b848ee735e5d0c4ab,aac3aa3f11ebba1e3b09a578cd8671e8cd85f31100eeca06e2fe93658a8e70fc,2b80a50304897547d491b141264da007eebdd652f8554ce2af216be60f011ce9,6.253707,/tmp/buckeye_slicer_D_O0_8_lr3pytmo
s14,s1403b,O25_4,60,7,0.11666666666666667,3,0,0,0.05,0.0,0.0,64,7,0.109375,3,0,0,0.046875,0.0,0.0,233.89246400000053,171.61775700000035,0.7337464151901875,185.70799999999994,32,5.803374999999998,5c718a3fdc193cf92e8babe55085d9a6c49c09e1bb11c69c0d3e71192acf39c2,7742f46ba78ed9fa88c087d5ec69553ce3988bd974cf12b77459f3fa28b99e2d,125242,b6c500a2f4a3777b0785212c86332c9b516ca619107b7bf21d49e4e02ff314af,fc56a90dd25d67f885f50e51484c00301ef5179dcc6d15a0ae8d0932f436302b,ad60eae4a1731a07f4daa596567f75d9bc2179da9fe2fdbc10fa26f1a2437b0e,49520d941931ede29207c04f5929f43283b87d93b50bbe0d8068cadc28acd0aa,96eb4cde9b9a6b464d7bd52ebc4e7f0031401d2436c17090345b8b09b7556df7,12.279974,/tmp/buckeye_slicer_O25_4_n_26xa6v
s14,s1403b,O0_4,59,7,0.11864406779661017,2,0,0,0.03389830508474576,0.0,0.0,62,7,0.11290322580645161,2,0,0,0.03225806451612903,0.0,0.0,233.89246400000053,171.64575700000032,0.7338661283246815,185.78799999999984,31,5.9931612903225755,87130029b5443647ed1f1febd32ab768bf957a0a1698217eb3cf14b2d00c6ecf,7742f46ba78ed9fa88c087d5ec69553ce3988bd974cf12b77459f3fa28b99e2d,125242,faadf8a3244629be94f0288f1e792607bf7a95ad39b90b639d52696c213afdd9,0ad8fad9192ba082bc7e76a0cab78b2294ea5a3f53f6ef20aa40ce3fbcd9a321,f568754b33fb85dd5925801d1efe56838286c9c36d1b9a9bdd859f7e7e6fe97d,9efb7fc9620e8a67b79db7622bde02ad050db381cfcdce88cf607b812ebdd831,6c5dc2550e061578479d811e4c0aac1acf254743f76acfb5e3fdaa312797cdef,12.353241,/tmp/buckeye_slicer_O0_4_c109feib
s14,s1403b,O12.5_4,59,7,0.11864406779661017,2,0,0,0.03389830508474576,0.0,0.0,62,7,0.11290322580645161,2,0,0,0.03225806451612903,0.0,0.0,233.89246400000053,171.6337570000004,0.7338148226956128,185.79199999999994,31,5.993290322580643,c4a9d51af35f27f1e99f5960f01d8721e1c9a7ae761cc52d68b81ecc3366390d,7742f46ba78ed9fa88c087d5ec69553ce3988bd974cf12b77459f3fa28b99e2d,125242,899b7abb3540138739133bf76d85a0e6f5ad3ea19d5289d5882d98dc714ac150,e37d671981d0aa7322465e18c0b447c5d786a5c427673a79fb11e1ac3b493501,937bcc2f26a9e8eb0f42990e585e3353dad9cfb4d19dce62d9bdaf182c744bb9,88a127474dead7909074d39a7b85cae96917818d8d966c9bbf31a504f3c11b92,ddb6590d94a64f479b9b306c9664e077b5408925e66085afe00206a8a20f3118,12.223581,/tmp/buckeye_slicer_O12.5_4_rv5i2etp
s14,s1403b,O0_2,59,7,0.11864406779661017,3,0,0,0.05084745762711865,0.0,0.0,62,7,0.11290322580645161,3,0,0,0.04838709677419355,0.0,0.0,233.89246400000053,171.6297570000003,0.7337977208192561,185.88399999999973,31,5.9962580645161205,b8f9c3af61c5c18d8b52a1cdb992e5c98e154bc752c5665b52bea987b6d3c947,7742f46ba78ed9fa88c087d5ec69553ce3988bd974cf12b77459f3fa28b99e2d,250483,0aa70e3e7a8cb025353957bf0f2ed2e212da0f8541ef72298141eeee352a74c8,3dd5103a9b7f72f2f6443d6d0bda401620a47515ac613e30de6cd17564dd0912,cf1d4fae8bf59a00528d24e941bb26dfde338aebe87e46d8f8f0c347e517a4b8,c313b5b3601317a49eb004407439e9132853ddc407cd277442302a428c1f722f,dccca4439572575042148e071abaedb9aae87863f60c80ba6ac49d7df76b41e7,24.979572,/tmp/buckeye_slicer_O0_2_tx1nn1xn
s15,s1501a,A_O50_8,111,9,0.08108108108108109,5,1,0,0.04504504504504504,0.009009009009009009,0.0,120,10,0.08333333333333333,6,1,0,0.05,0.008333333333333333,0.0,395.99358299999983,307.768055,0.7772046523289246,358.59200000000016,60,5.976533333333336,72ea8093df3fb11222b7291a784e2272246d6349ad6d5da63900e79412997498,7742f46ba78ed9fa88c087d5ec69553ce3988bd974cf12b77459f3fa28b99e2d,74750,461f77ca3576fcdf7d6aefd48c4c16bcbcad77a8d9e6e907df958d09613a2fb5,cb264597b44db4c91c7f7e0e469c1ae2baf1f7895111da461b862678c4cf21c7,51ad0ddbe58b4481d0eeeda8806c083bd9ab79edbbb2ca8ad9dc87ed3a754b3f,416f1f03baa0bef6184e1f131ac6f3a87468a36303a3f86b4c482e821be15b3b,473ea48f1865e9c79e2a856147e22c698b435499ba3ad7314172abf4d8b57fd6,7.369424,/tmp/buckeye_slicer_A_O50_8_5x36gmzp
s15,s1501a,D_O0_8,105,2,0.01904761904761905,1,0,0,0.009523809523809525,0.0,0.0,114,2,0.017543859649122806,1,0,0,0.008771929824561403,0.0,0.0,395.99358299999983,294.5288720000002,0.7437718302622099,342.6480000000002,57,6.011368421052635,b35b56fbf50e01487bef7f59ef870fe839ea7b8d3f84afb9014d7c5503a3e4dc,7742f46ba78ed9fa88c087d5ec69553ce3988bd974cf12b77459f3fa28b99e2d,74750,3a8c21369902496c96530c2de941ec9221e22eb6672ec7c1252a580656207ff7,6569dd66a179ec35f274e9d7c19132aca157866e4f773c6f54998f5823ec177f,de34667f20e1f954cb6260d2eeb7319c3f5daf7a4a9fb5e062c24a5fc8c2d2dd,eb914c8db2eec56d844859450cc7f1d0ff482bde81829606a28cda1365aa7b7d,8550fd231459d9ff3cda3012ba414f940f3ff01da776bd437825a282dbe027fe,7.251796,/tmp/buckeye_slicer_D_O0_8_csd69c8h
s15,s1501a,O25_4,110,6,0.05454545454545454,4,2,0,0.03636363636363636,0.01818181818181818,0.0,120,7,0.058333333333333334,4,2,0,0.03333333333333333,0.016666666666666666,0.0,395.99358299999983,311.62678200000005,0.7869490703337992,362.91999999999996,60,6.048666666666666,5c718a3fdc193cf92e8babe55085d9a6c49c09e1bb11c69c0d3e71192acf39c2,7742f46ba78ed9fa88c087d5ec69553ce3988bd974cf12b77459f3fa28b99e2d,149500,d84eff1caf9ae54906185511723f2406891ac6625d3aba6b1cfe88f72714fe31,7495d33a1f32d210176c86adc00bfcf2cb9dfc373498a09d566fc57fc0e064fc,e5a7a3a1ff3653ace7c4ef3187ffdc11983a94b17433adacba177129c0f431cd,8c05086a57d4a432a492b0a101795c412f88e89fad2518f595ca928f5e841c32,ecbaed975f8182e4f1d8ebdc0c573efb39f2ea77a67fa3164706fb5210a27525,14.213763,/tmp/buckeye_slicer_O25_4_ps73_1c6
s15,s1501a,O0_4,107,4,0.037383177570093455,1,0,0,0.009345794392523364,0.0,0.0,116,4,0.034482758620689655,1,0,0,0.008620689655172414,0.0,0.0,395.99358299999983,301.5276610000001,0.7614458262572407,350.47200000000015,58,6.042620689655175,87130029b5443647ed1f1febd32ab768bf957a0a1698217eb3cf14b2d00c6ecf,7742f46ba78ed9fa88c087d5ec69553ce3988bd974cf12b77459f3fa28b99e2d,149500,a7d736cc666a73127530b190604480467a1857ebf0200c15c591965c681370b4,2c5366e4f627ad374203d9c0270a200cb2f33a5d98310d56675854f027df13ff,9e529f861718d91f24fbea105c97df4ec62a4ae3832b997bc49ce98b590e2b51,5a2c867d41932f7fb6b27cad6c40bb200014c95bcd021b085737d50711cea2b1,bc1dfe9c156f54fb620b1905fafd648992a3523e663732aecb4db278248eeac7,14.258777,/tmp/buckeye_slicer_O0_4_cn2__j_s
s15,s1501a,O12.5_4,108,4,0.037037037037037035,2,0,0,0.018518518518518517,0.0,0.0,120,5,0.041666666666666664,3,0,0,0.025,0.0,0.0,395.99358299999983,312.125668,0.7882089038801423,363.89199999999994,60,6.064866666666665,c4a9d51af35f27f1e99f5960f01d8721e1c9a7ae761cc52d68b81ecc3366390d,7742f46ba78ed9fa88c087d5ec69553ce3988bd974cf12b77459f3fa28b99e2d,149500,2fbcbaa5e3ec22957548d9a427adca05e25fd63cafb9165453d509eb82e1cf60,2dea7f7eadbe9329d349bdb0b7d0303776c3f9f9b9a168e7fe6a63f3c1373283,72d3229ec5385eb507610213ba9b6876f4a9a037aa95a431f338119056c81d6e,6e6fe4ad2c38ba633c9fe1aff5a08a5395e091b4b64e30c3ae3c780cfeb9bb1e,9ffcd68788885dc39530252e8fa96b5076695b52e8a9389e21ba9618fcd65d3d,14.589334,/tmp/buckeye_slicer_O12.5_4_lo6hamri
s15,s1501a,O0_2,108,4,0.037037037037037035,3,0,0,0.027777777777777776,0.0,0.0,118,4,0.03389830508474576,3,0,0,0.025423728813559324,0.0,0.0,395.99358299999983,306.8853540000001,0.7749755732784191,356.914,59,6.049389830508474,b8f9c3af61c5c18d8b52a1cdb992e5c98e154bc752c5665b52bea987b6d3c947,7742f46ba78ed9fa88c087d5ec69553ce3988bd974cf12b77459f3fa28b99e2d,299000,28fc543302d1cd688175593244672e50dc8806bbb51bebe0797f5feb0a1303a6,2ee0fa6256863f05ab237b4d20312bd1480c30752a69296037ab478742527b28,1b8c67d2d20c3f4876eac05fa79b699ebfb579076315f9a06fb157219b970ab4,77f7aa86e9eb16e1a4472cd7fc523653e5e047e5f53a6e8fdfc8b2756a9ef1a5,9f4fd9c4c490abdeb97c4b74d321fa6d5fbb181434565e361048212fb859e69f,30.894572,/tmp/buckeye_slicer_O0_2_4aob0duz
s15,s1501b,A_O50_8,126,9,0.07142857142857142,5,1,0,0.03968253968253968,0.007936507936507936,0.0,138,12,0.08695652173913043,7,2,0,0.050724637681159424,0.014492753623188406,0.0,388.26682699999975,330.86255900000015,0.8521525301464922,386.3199999999998,69,5.598840579710142,72ea8093df3fb11222b7291a784e2272246d6349ad6d5da63900e79412997498,7742f46ba78ed9fa88c087d5ec69553ce3988bd974cf12b77459f3fa28b99e2d,74620,7ffb77da2518b3b0bcdd71142ab1e531263e11f5c9d313d0cbb548445ba07593,46c6cbe0c5b876e7937645467c7458cfa583f9b48a6c85bf0bd6b54a82bbffb6,309145de2321f967cd46b0581e35efdc58aedb00231126d3de7d985db546d36c,9caf68ffb8ad250f47d717d86a5cafa2d93c66ce2b711a9a5aae59c9b5aaa602,a1e85a8ca54c790ae9423fb6456a7e0216fa639d55fb5500c887989b38eef37a,8.172088,/tmp/buckeye_slicer_A_O50_8_sx5i1eyl
s15,s1501b,D_O0_8,103,5,0.04854368932038835,4,0,0,0.038834951456310676,0.0,0.0,114,7,0.06140350877192982,5,0,0,0.043859649122807015,0.0,0.0,388.26682699999975,275.69793000000004,0.7100733589068638,322.7199999999999,57,5.661754385964911,b35b56fbf50e01487bef7f59ef870fe839ea7b8d3f84afb9014d7c5503a3e4dc,7742f46ba78ed9fa88c087d5ec69553ce3988bd974cf12b77459f3fa28b99e2d,74620,9b087332fc599b20cc06157341f32fbeb9d6429aeffc7e5795e3802dcdf2b2a5,f13e71133bc40db1584aed171578f0eb002c3f1cf25f4ed06ab07788299eed91,337a189e567fe486d92fa057a90f5edd4fd295ffd3fb26bf2e04edab8393e321,644ef138cf582a630c3274267cd163e88dbb34737aff75ce12b947acda700a54,2652ef9565f726d696e1a440634940c4266163155175d7c6ca0853175220405a,9.195848,/tmp/buckeye_slicer_D_O0_8_ek7hugxj
s15,s1501b,O25_4,121,8,0.06611570247933884,7,1,0,0.05785123966942149,0.008264462809917356,0.0,134,12,0.08955223880597014,11,2,0,0.08208955223880597,0.014925373134328358,0.0,388.26682699999975,324.5044160000002,0.8357768251986164,379.568,67,5.665194029850746,5c718a3fdc193cf92e8babe55085d9a6c49c09e1bb11c69c0d3e71192acf39c2,7742f46ba78ed9fa88c087d5ec69553ce3988bd974cf12b77459f3fa28b99e2d,149239,ceb2719bde80a055d25e3ca067f6543216d3f25472c660b2b9bdd1b0b16f58f5,fb066e7510d6fbace66cd07d2745bbf86fcf8acb42e0987c44dba5eb0364d41e,d2c1c5a730e9e507e0e8ab63a8153f7523e972f962ad76bf681a9a14abcaa8d6,1cf2d68c1e5c27157ad9cc4ba4c8cec038c653be113d47f6904d6aa7098ee290,0b8a6e8887987b3db064054ed113af9e81b326d07ba5c838ae1cc0b3429c0cc9,17.010854,/tmp/buckeye_slicer_O25_4_nl_pj8g4
s15,s1501b,O0_4,109,6,0.05504587155963303,4,0,0,0.03669724770642202,0.0,0.0,120,8,0.06666666666666667,5,0,0,0.041666666666666664,0.0,0.0,388.26682699999975,291.247249,0.7501213823760436,342.22399999999993,60,5.703733333333332,87130029b5443647ed1f1febd32ab768bf957a0a1698217eb3cf14b2d00c6ecf,7742f46ba78ed9fa88c087d5ec69553ce3988bd974cf12b77459f3fa28b99e2d,149239,59313e042accdf27eab4627b036de8478374678263cb425dd8bc3a5677b92707,e5c1173de517e6f6979f08a994337cb400f0a9fdb9500267037ea555fc63b435,b6ab16fcba5a6624d2a10109e3ebbdd9b913eff99a94efe8cfb4d2f1f7393c03,c61f2d04f194b242c9edba0fc0c38eb00b984aeed51f8b9da044079eaf1e3858,ce1b5452b3e876ad9571bf643c4cac7ccf1ff9b3343fcd3c5cdff5552c372d41,16.850404,/tmp/buckeye_slicer_O0_4_cy1fp91p
s15,s1501b,O12.5_4,117,5,0.042735042735042736,2,0,0,0.017094017094017096,0.0,0.0,130,6,0.046153846153846156,3,0,0,0.023076923076923078,0.0,0.0,388.26682699999975,314.78932400000014,0.8107551356685961,368.2120000000002,65,5.664800000000003,c4a9d51af35f27f1e99f5960f01d8721e1c9a7ae761cc52d68b81ecc3366390d,7742f46ba78ed9fa88c087d5ec69553ce3988bd974cf12b77459f3fa28b99e2d,149239,eba9cff7506f6b36c77efb2bf570e1740e3dcd19fd36f3711f8693aabd67fe58,5be26d251a57a1b490f2b5a566546a824608669593d94a6c8e89c03e6b09690f,87dfef6c685ba3cbd8592925edf99c19f0929b3505c555d57c7aea37b7a4992d,afa4b934e00738eb8ed2eac624691c984ef67b8a5da55d71d2c29bb5acb6562c,27f2e387f2257688f8b27d263d71262d192c41c27e89242f481c0ad6d948bd74,17.077653,/tmp/buckeye_slicer_O12.5_4_uiz6zm24
s15,s1501b,O0_2,115,6,0.05217391304347826,3,0,0,0.02608695652173913,0.0,0.0,126,8,0.06349206349206349,4,0,0,0.031746031746031744,0.0,0.0,388.26682699999975,307.19805000000014,0.7912034421627278,359.7079999999999,63,5.709650793650792,b8f9c3af61c5c18d8b52a1cdb992e5c98e154bc752c5665b52bea987b6d3c947,7742f46ba78ed9fa88c087d5ec69553ce3988bd974cf12b77459f3fa28b99e2d,298478,ae61365911561fa31de2548cab406ec24f6d9c82cba816b390d9c75bfdab027a,ac003ff4e7d96eec3926f2ebba0894416f61cbd9a0456092032cf434693bea2e,705bddd0f1a20f53e3a63ab1fea889ffb8600e5d942c770fd119756a143dea47,27fff4ccb1f6351d4fe1c78b6298a6c95f2959bd199ad76a3dbb092a1190090a,a2c938379720ae7c5954dbb7b506b454567cfcea98a5e4f2764f545e77d63e0d,34.695537,/tmp/buckeye_slicer_O0_2_8d1pfe07
s15,s1502a,A_O50_8,108,6,0.05555555555555555,3,1,0,0.027777777777777776,0.009259259259259259,0.0,112,8,0.07142857142857142,4,2,0,0.03571428571428571,0.017857142857142856,0.0,351.06815300000005,270.46735200000006,0.7704126668533219,307.4480000000001,56,5.4901428571428585,72ea8093df3fb11222b7291a784e2272246d6349ad6d5da63900e79412997498,7742f46ba78ed9fa88c087d5ec69553ce3988bd974cf12b77459f3fa28b99e2d,70312,279baf3bfa1a0b3b331e7265e083ece94bcedd9cf623ea95da5dd54d56ee9ce5,cdc4c11549b65063606bb8bdedafeb037e2297e5233c58ab4a2222a4bbca8281,277c4cc094a984d7f54a46ca9ea37cf5568c88fa4023ac3f990866c5cdc65314,4524f21c847f54fc68cc11de9cf607a63013eff89bec7801e2b2ae00bf87c3d3,95347cd5668b4f3b80b3532e72a5abc32e54de1eaccdbfae5d4d41bbc2c3ce8b,7.859473,/tmp/buckeye_slicer_A_O50_8_4uud89yi
s15,s1502a,D_O0_8,91,2,0.02197802197802198,1,0,0,0.01098901098901099,0.0,0.0,92,2,0.021739130434782608,1,0,0,0.010869565217391304,0.0,0.0,351.06815300000005,236.1825580000001,0.6727541532370214,271.2080000000001,46,5.895826086956523,b35b56fbf50e01487bef7f59ef870fe839ea7b8d3f84afb9014d7c5503a3e4dc,7742f46ba78ed9fa88c087d5ec69553ce3988bd974cf12b77459f3fa28b99e2d,70312,3a26fb77af7222c91e3a4e2c3126a3270b0241bdafedb1072e88876a32604e8a,f79a650b0634f0307c60234ca242bd8fd0d6a6d80566db621644cf3adac758e0,d1bd91e239e5c804d129a86747961e1f64fa66061a23a16688dae308068997cb,5112fb03a604ed46bf1b6f9f5cce14161e8de7ca5728361c5f81bf23dbee6fe3,5089e8edacbeff1aaf920bd072a00b4473691a0019255a2f2b47564616fa9b22,7.848469,/tmp/buckeye_slicer_D_O0_8_ilz1021i
s15,s1502a,O25_4,107,4,0.037383177570093455,2,0,0,0.018691588785046728,0.0,0.0,110,5,0.045454545454545456,3,0,0,0.02727272727272727,0.0,0.0,351.06815300000005,271.9523920000001,0.7746427287011706,309.692,55,5.630763636363636,5c718a3fdc193cf92e8babe55085d9a6c49c09e1bb11c69c0d3e71192acf39c2,7742f46ba78ed9fa88c087d5ec69553ce3988bd974cf12b77459f3fa28b99e2d,140623,fa76034792e17abc94720c7527966873150bd7d307f0f3a50cc2b87731add41c,c78403131fd99785f2f8315959b1798ef02e7e75242742bd5b02444e09f16902,ae1be515b896b56d984fe5287daeb6a94aa48c1c14e9018a163c451ca22b0ae2,32ef97f395c624ce4aa887f0ea4004c3ebefe0591da6f1ff893d7537550e3986,d962c905cf99fadbaaaf37366537c2de17fddd88ec2f676942ffdfd795b0e209,15.405036,/tmp/buckeye_slicer_O25_4_fr46jxpm
s15,s1502a,O0_4,92,3,0.03260869565217391,2,0,0,0.021739130434782608,0.0,0.0,94,4,0.0425531914893617,3,0,0,0.031914893617021274,0.0,0.0,351.06815300000005,237.0949420000001,0.675353033232838,273.12,47,5.811063829787234,87130029b5443647ed1f1febd32ab768bf957a0a1698217eb3cf14b2d00c6ecf,7742f46ba78ed9fa88c087d5ec69553ce3988bd974cf12b77459f3fa28b99e2d,140623,3bc674d7b14eb7c1db767b9fe87b7c5106ea7f22ae547d3a85d1cb84fb2b78af,9dd38689824ad759d0bd57b9c7c8e038484804bcfec827de70cbec64fa4e8c29,ec3188f7e8f217e57212dd0338818a4fd4e14a60b8057ce7b60aa3c5e56dea3c,106dc803555ff5b87e3c4a59256b1ee78fb212d7f525d5bd80cca59ba7e0e8f1,3e1337030c6037137152e43e755b98f2a24bd2e1326019a51319a07be4012d62,15.510273,/tmp/buckeye_slicer_O0_4_hbmmf1lu
s15,s1502a,O12.5_4,106,5,0.04716981132075472,2,0,0,0.018867924528301886,0.0,0.0,108,6,0.05555555555555555,3,0,0,0.027777777777777776,0.0,0.0,351.06815300000005,273.20900600000016,0.7782221305616409,312.072,54,5.779111111111111,c4a9d51af35f27f1e99f5960f01d8721e1c9a7ae761cc52d68b81ecc3366390d,7742f46ba78ed9fa88c087d5ec69553ce3988bd974cf12b77459f3fa28b99e2d,140623,1ce31562c70b86e42be63b6faebb282b9c05423cd6f67d9d08831639705a5fc9,819c6386ede20c3fa44d6a06cfae8b784c9e98002345fc23c72e3340c281eee7,58947db1722677ae28f85d330010ac5796e4b48bb7101c7407dedd5aee6a73da,230d8c393821e6f01f992abd7c26afc89756470766741f31bff4118859b24dcd,76eba0cbe5da43c7f9cd5466196905487d7f0b8b0888ced7becc1d946c3fbc3a,15.741645,/tmp/buckeye_slicer_O12.5_4_b9xir1u2
s15,s1502a,O0_2,94,5,0.05319148936170213,3,0,0,0.031914893617021274,0.0,0.0,96,6,0.0625,4,0,0,0.041666666666666664,0.0,0.0,351.06815300000005,240.2718300000001,0.6844022391287656,276.7059999999998,48,5.764708333333329,b8f9c3af61c5c18d8b52a1cdb992e5c98e154bc752c5665b52bea987b6d3c947,7742f46ba78ed9fa88c087d5ec69553ce3988bd974cf12b77459f3fa28b99e2d,281245,8784bd2e79a7d4279059dca9c5e91659c7dfa6b5ba0aed98ba1cdee380aa00ea,f789baf7a5141a077f0f48b3c3a2717775f578bc6d87167b10c4536b8542b35f,4f3fbbba06efbd159b928dd18f819fa42885517ab0e2f14f1e7535e892b495d2,49df3ac32b98a67865fb841ae901a189b11e7cfda0267d9f30c6d3acfca711d1,be5d89da9b1e63957124663a66390a8af9cdc7dacd64e492eeec9fb58c7369b6,31.597771,/tmp/buckeye_slicer_O0_2_2xnfsy9u
s15,s1502b,A_O50_8,110,6,0.05454545454545454,3,1,0,0.02727272727272727,0.00909090909090909,0.0,124,8,0.06451612903225806,5,2,0,0.04032258064516129,0.016129032258064516,0.0,403.84522399999963,301.18884699999967,0.7458026716690846,351.78400000000016,62,5.67393548387097,72ea8093df3fb11222b7291a784e2272246d6349ad6d5da63900e79412997498,7742f46ba78ed9fa88c087d5ec69553ce3988bd974cf12b77459f3fa28b99e2d,70494,cf935c9f6b8c040a619486a2cb671d3aac4a5e7d7ec53e4b53edf82d87658d28,90e899a415fc8a930ae81b46c0e8951ff0a9cc69491ac8f763e2e7b6381dc003,b6e13807ac81a5f721f04e9446440385a0029adc1b358b7f0adbb5d203687a4c,e592541c28a9062427aaa77696140ceee3f6a829e0ce0f8b963e18face004cb6,34ecaddb47dde0d3eee43e786cadb0481c6b6b3bd114e4b4b2e54d72a7e1fa6f,8.339022,/tmp/buckeye_slicer_A_O50_8_sda79ic_
s15,s1502b,D_O0_8,99,3,0.030303030303030304,2,0,0,0.020202020202020204,0.0,0.0,106,3,0.02830188679245283,2,0,0,0.018867924528301886,0.0,0.0,403.84522399999963,268.4628759999997,0.6647667473715126,312.92000000000013,53,5.904150943396229,b35b56fbf50e01487bef7f59ef870fe839ea7b8d3f84afb9014d7c5503a3e4dc,7742f46ba78ed9fa88c087d5ec69553ce3988bd974cf12b77459f3fa28b99e2d,70494,b41d8e5b1a3d83e58a38aa9c802be4d1b105e7b07eb24cd8a65997c18231fd21,e6fde8784c452b4ad51f13c8e2600533594b2568c96a900580723bc847a6ee3f,74959cddd114816b9ab49c19c6740c858cbd063110b0bc69b540901262e57519,a422e40b4e42db09044a15ca26e05fb6a2743301d9d5e74d19b11354648ca1c1,05f638e0a9b07b5708dd686d1cb81d4135b375ddb59ff69da32e92f48426f681,8.16889,/tmp/buckeye_slicer_D_O0_8_1_zn2ukv
s15,s1502b,O25_4,114,8,0.07017543859649122,5,1,0,0.043859649122807015,0.008771929824561403,0.0,126,10,0.07936507936507936,7,2,0,0.05555555555555555,0.015873015873015872,0.0,403.84522399999963,305.2422399999998,0.7558396679218871,357.20400000000006,63,5.669904761904763,5c718a3fdc193cf92e8babe55085d9a6c49c09e1bb11c69c0d3e71192acf39c2,7742f46ba78ed9fa88c087d5ec69553ce3988bd974cf12b77459f3fa28b99e2d,140988,a3fada7711e5e4df3e7a0b21628b98f43a50a419d05e45878650c0c206ce1517,0c2faf02b4adaa6f8a20a177c25c8aed6e6dbd4e170a2e556ed87ba1b541e825,ad994f3522059ab445008694f64b9f40eaf2617fd587d468817df565bd768c09,14e86f08e08d8ee194d77065ac71fe018eff0f93a4c07e27af164d05463814ab,c089c1ae72b556cb0d8ac4a56e0cc2eb02ff381736ca6676a24f898e220b76f1,16.108848,/tmp/buckeye_slicer_O25_4_nm0psnlv
s15,s1502b,O0_4,101,3,0.0297029702970297,2,0,0,0.019801980198019802,0.0,0.0,108,3,0.027777777777777776,2,0,0,0.018518518518518517,0.0,0.0,403.84522399999963,271.1299709999997,0.6713709978157374,316.6639999999999,54,5.8641481481481454,87130029b5443647ed1f1febd32ab768bf957a0a1698217eb3cf14b2d00c6ecf,7742f46ba78ed9fa88c087d5ec69553ce3988bd974cf12b77459f3fa28b99e2d,140988,f86b0985476523ddcb99901367317225b7283bd74ff986f8fa3fb4061ddd4dc6,49b8c49a6efcafea2c5b780b9e5eec9bf9ef4bd57b9fcd0a2b3e592370f6375a,a499de4e08f47640aea8a443c7bc27b7016683ab9a46dad57bc089aa84df32b5,5969897a1766a7e7e73fa239f9b6df7a4024e3450c215d2c4f1cde7b5ab7fa45,6733fca9678286d2517ebb42595d19dee7ce14808bf0d0a0ff9204bc319de8c2,16.352957,/tmp/buckeye_slicer_O0_4_2dpaajrr
s15,s1502b,O12.5_4,109,8,0.07339449541284404,7,1,0,0.06422018348623854,0.009174311926605505,0.0,118,10,0.0847457627118644,9,2,0,0.07627118644067797,0.01694915254237288,0.0,403.84522399999963,299.02495299999975,0.7404444456176112,348.7040000000001,59,5.910237288135595,c4a9d51af35f27f1e99f5960f01d8721e1c9a7ae761cc52d68b81ecc3366390d,7742f46ba78ed9fa88c087d5ec69553ce3988bd974cf12b77459f3fa28b99e2d,140988,417c7be6b430d25186a405491fcb21dfa4ab4020d3a2875b0a66a0ac2a73ec4b,dde9455458c12d5d017cdcb3b17c1c937f50ffc343000a2127517173debb22ed,af211dea28a1f8bfb9a37e1df3c7b34913f991e675dba3e34c3c0b48168cb1d7,e23f449567570e6170f836e53130ff290257d6a01dfe9f35aa9a11c083fa22cd,86d4638b79cdd11d75c503991bc4eafe07c4869fa73754665bcb7590797609d7,15.880407,/tmp/buckeye_slicer_O12.5_4_rr1felp4
s15,s1502b,O0_2,105,3,0.02857142857142857,1,0,0,0.009523809523809525,0.0,0.0,112,3,0.026785714285714284,1,0,0,0.008928571428571428,0.0,0.0,403.84522399999963,281.48555799999974,0.6970134627616643,328.8539999999998,56,5.872392857142854,b8f9c3af61c5c18d8b52a1cdb992e5c98e154bc752c5665b52bea987b6d3c947,7742f46ba78ed9fa88c087d5ec69553ce3988bd974cf12b77459f3fa28b99e2d,281975,0c5220203dd0bf5e8d08613bc0bd1bbc809233c728ddcfd450a6b565c7d6b02f,d7b30ae10a02519918ebd049473e44772388798b87d46744be9505cd0cf0c043,dd2a8cb3738f35745431cdbabca014e143814424bc1685e8f184215dab05e2e3,8f238ceb3853f372966c45b5a625ba01399c303bbe74962398360e82c72c91d9,3535b75cabc5ab2333bb5046eb800457a1ad55872b4881fec5de766135cba146,31.47315,/tmp/buckeye_slicer_O0_2_0wtghntm
s16,s1601a,A_O50_8,128,8,0.0625,2,0,0,0.015625,0.0,0.0,130,8,0.06153846153846154,2,0,0,0.015384615384615385,0.0,0.0,411.3029530000003,273.2063440000004,0.6642460065196766,301.99199999999996,65,4.6460307692307685,72ea8093df3fb11222b7291a784e2272246d6349ad6d5da63900e79412997498,7742f46ba78ed9fa88c087d5ec69553ce3988bd974cf12b77459f3fa28b99e2d,75001,ac24e8a5e4aa4b24862c80b3e77d0e93c1c4e2433a85e34917a8ef3d5d21004d,401b62b9214b6828f0f6e3fc9a50f4ebf70b369b49fe48430be5339b1a2c94d3,26b316b1768efbfc21325dfb698d64a06d03f7178ee254632142e2907b96008d,40ec53d1b094a17fde768fc5d02f589c1b51800de5f852b7b3e16d8fc15cba10,8120a42d253ff3d1504cfbca77df6c247563b09ab25682c3935c49d4af02b8bc,8.747065,/tmp/buckeye_slicer_A_O50_8__m18ymu6
s16,s1601a,D_O0_8,118,10,0.0847457627118644,4,1,0,0.03389830508474576,0.00847457627118644,0.0,120,11,0.09166666666666666,4,1,0,0.03333333333333333,0.008333333333333333,0.0,411.3029530000003,257.04251300000044,0.6249469183849995,284.40000000000003,60,4.74,b35b56fbf50e01487bef7f59ef870fe839ea7b8d3f84afb9014d7c5503a3e4dc,7742f46ba78ed9fa88c087d5ec69553ce3988bd974cf12b77459f3fa28b99e2d,75001,a1452d873946b75029a953d475d1d2004e043fdfe6ce9c28b20e046f5643db7a,bc6816bcef7e5de51b8b2c79941a6916cfefb7ef191267992870d5172a814181,9fef54e91e1cd778067109681a40e0b081ff385af5494a1dd16b38337fb7e374,5f702f16f0be43db5a118defa5e35a296f302d5c7cb18bd6ed1864406ab261df,5f93968011a577a0271637ed953f6b98df3839b43f196799550e548bd830184b,8.248221,/tmp/buckeye_slicer_D_O0_8_cbd5dixq
s16,s1601a,O25_4,130,8,0.06153846153846154,3,1,0,0.023076923076923078,0.007692307692307693,0.0,132,8,0.06060606060606061,3,1,0,0.022727272727272728,0.007575757575757576,0.0,411.3029530000003,278.1378340000002,0.6762359277298942,308.19600000000014,66,4.669636363636366,5c718a3fdc193cf92e8babe55085d9a6c49c09e1bb11c69c0d3e71192acf39c2,7742f46ba78ed9fa88c087d5ec69553ce3988bd974cf12b77459f3fa28b99e2d,150001,4379629f1feff55a2d06f99a7f32df69b58f48cb0dc9f056af863c9d81bacae5,b04674e45258b92a518917e9c69355723e2b053b43cc48719f4c35af1d43327c,279e0175c62189a114afca26dd335a89f7bbe87b0c12d8970f78acdb5f0eca4e,51d68b422056f562eddd622bc46c0c51baf748972b9ae0923a85e4e5443f8680,ce8cb2d7b1a5776c360fbc60ed47b721503fffc67bc04806ee7eb554442b74ee,16.777136,/tmp/buckeye_slicer_O25_4_kczkj36z
s16,s1601a,O0_4,124,10,0.08064516129032258,5,1,0,0.04032258064516129,0.008064516129032258,0.0,126,11,0.0873015873015873,5,1,0,0.03968253968253968,0.007936507936507936,0.0,411.3029530000003,267.01683400000036,0.649197463943324,295.54799999999994,63,4.691238095238094,87130029b5443647ed1f1febd32ab768bf957a0a1698217eb3cf14b2d00c6ecf,7742f46ba78ed9fa88c087d5ec69553ce3988bd974cf12b77459f3fa28b99e2d,150001,fdf56a7dd78827e76608c052d4dd9fb9b585d3a2f31b47bc3aa91711b549f722,8004f642eee82c9238c7efd9629f3e2735e0206e7f9bfbc1d23a0c6dc4c2c434,834f519c55ecb1d859ea7f0d4c4651970a016c8ef48350d61dfe9eb6ecf09ebf,2fdd54fe123d54e136ba3f7bd6cf43d79e75c71f854280f320b457d8cab2365e,8318f696508e1cf183f78d6baff3d6c15e4e85a9b26e918ae7bc25014db7ead3,16.675457,/tmp/buckeye_slicer_O0_4_xfo29qpi
s16,s1601a,O12.5_4,130,8,0.06153846153846154,4,1,0,0.03076923076923077,0.007692307692307693,0.0,132,8,0.06060606060606061,4,1,0,0.030303030303030304,0.007575757575757576,0.0,411.3029530000003,278.0978340000004,0.6761386758144675,308.2320000000001,66,4.6701818181818195,c4a9d51af35f27f1e99f5960f01d8721e1c9a7ae761cc52d68b81ecc3366390d,7742f46ba78ed9fa88c087d5ec69553ce3988bd974cf12b77459f3fa28b99e2d,150001,b0b5420a0c80fad21928f6c0ab49771c6f81f91c7e2cacf63b87e9295df7a5bd,e693fb645bdf7b49551042112e24555d82358f976685d2a5a029a68d0beb6122,0f00a59bfc2002e91a25ebb7a3a5f559b598798add3f9594c26cd1bac45f258f,d166b8e9eaddf52daef748f9e524ab438e4a2ee8c711f49f9b78e5544e30c53a,1543d9100a5d6d937a747aefa8ad05e9ffe1ab8a41d9b6a3a44864d3e136a34b,16.309311,/tmp/buckeye_slicer_O12.5_4_tf5ooh4t
s16,s1601a,O0_2,128,9,0.0703125,4,1,0,0.03125,0.0078125,0.0,130,10,0.07692307692307693,4,1,0,0.03076923076923077,0.007692307692307693,0.0,411.3029530000003,274.32123800000045,0.6669566459446262,303.92600000000033,65,4.675784615384621,b8f9c3af61c5c18d8b52a1cdb992e5c98e154bc752c5665b52bea987b6d3c947,7742f46ba78ed9fa88c087d5ec69553ce3988bd974cf12b77459f3fa28b99e2d,300001,4bc031b48ae232cc8d4bd396b09c83c225bd2d831d6c2e9beb15667d18163e68,4a5361ebd135eb562fa67fb724b8aaa0e08d56610d900ac9ca556b9d185a18b1,68d280f34bb9aa96ba2ad4896c286729127d7d9ede9f00f24dfdb7c224b96649,2538c12dcd65128cdce3dd3fe15fdc1de29a6f1b8cef834957b2885b604a2452,1dccfa826031c2e382ca3759dc264615dcf81dde17bd9ba9c7987825bd5a4098,32.942048,/tmp/buckeye_slicer_O0_2_8pc8pb9a
s16,s1601b,A_O50_8,109,11,0.10091743119266056,5,2,0,0.045871559633027525,0.01834862385321101,0.0,116,14,0.1206896551724138,7,3,0,0.0603448275862069,0.02586206896551724,0.0,386.1117060000002,276.01845000000037,0.7148668266483489,309.7920000000003,58,5.34124137931035,72ea8093df3fb11222b7291a784e2272246d6349ad6d5da63900e79412997498,7742f46ba78ed9fa88c087d5ec69553ce3988bd974cf12b77459f3fa28b99e2d,71420,aaffbe43a758da79ac39d48864d13b520c4b83bdf8a18d73b30814385eb832dd,10715919aa8fb33fcefe6fc8be26b8159ced6a80ae5b6417cf33ba41817ec049,9c7071bdba17939a60ae6a2b3c5e2d4caac9ac816c8c4a156fce8b5dd60bbb20,6b1c76bbb774e946ad0d88cfb280e6d2ee38c9d270fb0872213b95a9573690cf,1e24e122832622a0ef7b0011a929cc0b15df047cd87a64381197e74408dd32ba,8.548868,/tmp/buckeye_slicer_A_O50_8_oj78jmu9
s16,s1601b,D_O0_8,102,4,0.0392156862745098,2,0,0,0.0196078431372549,0.0,0.0,110,5,0.045454545454545456,3,0,0,0.02727272727272727,0.0,0.0,386.1117060000002,258.6353590000002,0.669845940904988,290.7920000000001,55,5.2871272727272745,b35b56fbf50e01487bef7f59ef870fe839ea7b8d3f84afb9014d7c5503a3e4dc,7742f46ba78ed9fa88c087d5ec69553ce3988bd974cf12b77459f3fa28b99e2d,71420,fd8836915c72ba5110d74243315917ef4834cbe4d6cd1643afac20d88a562d0f,06e8e1c47833eec30fcf2e5df22fd9b7e51e9b480f11d97a54081b6661d5e838,6603f9582e31897695706770e7f3655daf8a628f827a2d800dbd5feb8d2cd920,c0347a25efd83d30e710ea108d25983fb9463399036fd3754f3ed47c6a22da5e,ec563b6639e75386eddedd2ae4a0e64377782a21b03d81a497f468cb9b31f107,8.623233,/tmp/buckeye_slicer_D_O0_8_rzf5323p
s16,s1601b,O25_4,110,7,0.06363636363636363,3,0,0,0.02727272727272727,0.0,0.0,118,7,0.059322033898305086,3,0,0,0.025423728813559324,0.0,0.0,386.1117060000002,277.13177700000034,0.7177502590403209,311.2560000000001,59,5.275525423728815,5c718a3fdc193cf92e8babe55085d9a6c49c09e1bb11c69c0d3e71192acf39c2,7742f46ba78ed9fa88c087d5ec69553ce3988bd974cf12b77459f3fa28b99e2d,142840,889348c72cbc95015681e4bef19f2af2fc2af3977e4dbe25c07eeea218b91a37,cab65f23cda7a1b77341c8ea7b5e18eb4514f051311ffed6d96e2da2f5fa83f0,a03a78855a7895c571acafad14ab1ef3d477a95f21f4c20e379d4709b8239c3b,8730f83d3f765670bdf7d663db1109213873378c29e5a6a8b042d36a59a59e3a,1ba7eae934506e5d88116472256509605c78c594dc5bffc0a3ccedd10b778412,15.893766,/tmp/buckeye_slicer_O25_4_9jrj_75g
s16,s1601b,O0_4,106,6,0.05660377358490566,4,0,0,0.03773584905660377,0.0,0.0,114,7,0.06140350877192982,5,0,0,0.043859649122807015,0.0,0.0,386.1117060000002,265.19077100000015,0.6868239602142495,298.4800000000001,57,5.236491228070177,87130029b5443647ed1f1febd32ab768bf957a0a1698217eb3cf14b2d00c6ecf,7742f46ba78ed9fa88c087d5ec69553ce3988bd974cf12b77459f3fa28b99e2d,142840,29fe7eb614deda8617a9e912556b7412bd62762c5647b6be68fa03c371fff16e,a6ed21f73f50770e5f599fe244810c5d820206830cbc0944347db0b95098fe93,db969e8238e2d04501130343b25fc08e45cd58964ce1cfb18027e70aa9392890,88dfff09e2cdc0889340a84ea2a46d2cc1d4e6fcb985b656b9fc7e39e4d19049,71bc57fa846a7ca0a9ae2bd1882f70cc6841fa92defe4d637ec3eabea51a7bb2,15.90475,/tmp/buckeye_slicer_O0_4_l3c0bxbe
s16,s1601b,O12.5_4,113,6,0.05309734513274336,3,1,0,0.02654867256637168,0.008849557522123894,0.0,122,6,0.04918032786885246,3,1,0,0.02459016393442623,0.00819672131147541,0.0,386.1117060000002,280.4577770000004,0.7263643464878536,315.65600000000006,61,5.174688524590165,c4a9d51af35f27f1e99f5960f01d8721e1c9a7ae761cc52d68b81ecc3366390d,7742f46ba78ed9fa88c087d5ec69553ce3988bd974cf12b77459f3fa28b99e2d,142840,10544f13cc5d4794427e3d3b197f10ffe718629322907015fcf7b700c27739d1,bec80dfa5c73a71a09cfe45336079318e3991e6cd7ea29c7a3209482fcb14934,e531190b33786ab60238c595817ce436d6596129c26352d1bbe54a623bb38797,02e8865c0d81bd85e0be144c279d767ef63245be2c19e5a512a9fc94693181ef,99a04ddefc0ecad457ba5fd4335f32822064904e66f4f0360bcfaf350316feca,15.981504,/tmp/buckeye_slicer_O12.5_4__q8g0krk
s16,s1601b,O0_2,106,7,0.0660377358490566,4,0,0,0.03773584905660377,0.0,0.0,114,8,0.07017543859649122,5,0,0,0.043859649122807015,0.0,0.0,386.1117060000002,265.1839110000002,0.6868061933351486,298.55599999999987,57,5.237824561403507,b8f9c3af61c5c18d8b52a1cdb992e5c98e154bc752c5665b52bea987b6d3c947,7742f46ba78ed9fa88c087d5ec69553ce3988bd974cf12b77459f3fa28b99e2d,285680,2a959f5a477c850fe4691c6935f755cd0e918e73b71dd117d8d1655d1f4353c7,39652dfba7e70ca9b27b75fb7f36b2fddefd9da24a15a8457fccb5cfc9262de0,2c5c33e15a23224a5ccb8d6e745064ed383d3e8f3b89bf25670f5e1f7f66526e,4e8e5471189f0e722126072e7d14dce8fdeb530ca58b45f1892a3b7c73b88edf,05481e7e7885d96b37dc51f40d34570e035854172a105e5e7f1ea0f02dd37eb8,31.958476,/tmp/buckeye_slicer_O0_2_yltfxk09
s16,s1602a,A_O50_8,123,3,0.024390243902439025,0,0,0,0.0,0.0,0.0,128,3,0.0234375,0,0,0,0.0,0.0,0.0,417.5880069999999,273.181862,0.6541899130738209,314.4560000000001,64,4.913375000000001,72ea8093df3fb11222b7291a784e2272246d6349ad6d5da63900e79412997498,7742f46ba78ed9fa88c087d5ec69553ce3988bd974cf12b77459f3fa28b99e2d,74886,b06322c8c9f3aef502eac7d25cb9a73c3bb4d19150273847ee627ae6d7aca158,02bc9830c08dfde7cc37a1a4858724346bf9183b3acf6e5fa052e824b7b170be,512eaf37450f6b604f166de017ccc3446fd506f15c00f70488d89f3b030b1be4,d99c16f19ae895e276605395a16a961530a3610fc1e374c3db93a0f07f227fd6,f63f65af20f4966cc3fda80af3bb533fbf1344b01fb97a1e9e9ae7dd7faa2fc6,8.306132,/tmp/buckeye_slicer_A_O50_8_sd89lbm0
s16,s1602a,D_O0_8,115,4,0.034782608695652174,2,0,0,0.017391304347826087,0.0,0.0,120,5,0.041666666666666664,3,0,0,0.025,0.0,0.0,417.5880069999999,255.118317,0.6109330553643033,295.6720000000003,60,4.927866666666672,b35b56fbf50e01487bef7f59ef870fe839ea7b8d3f84afb9014d7c5503a3e4dc,7742f46ba78ed9fa88c087d5ec69553ce3988bd974cf12b77459f3fa28b99e2d,74886,27d7fee18a7f4fe96b0359a78fbbed50dfbc7516eae204c4b770fe214dcf2a65,d4396bf72f42ff141702d8719827dd2e8a07a9abcd0e7ae3aaf3b286b0b3e1fc,f35d397bc13a4b0816b3f517261b71030e0bf1f4af5afa876c0c587451cf2031,45fe40b4b8ca33fcb67643bca8523bef26d1b30e7f09f7a0623359f3ada1bdcb,6dd2775647f2b31a6cb606aabfb27d34c3c2759dfd741b4d4d68949558036453,8.202016,/tmp/buckeye_slicer_D_O0_8_hwttijgy
s16,s1602a,O25_4,121,2,0.01652892561983471,0,0,0,0.0,0.0,0.0,126,2,0.015873015873015872,0,0,0,0.0,0.0,0.0,417.5880069999999,267.4806440000001,0.6405371790287075,309.2720000000002,63,4.909079365079369,5c718a3fdc193cf92e8babe55085d9a6c49c09e1bb11c69c0d3e71192acf39c2,7742f46ba78ed9fa88c087d5ec69553ce3988bd974cf12b77459f3fa28b99e2d,149772,4b5c3e3bcf7c3d552776ea5649e7d4577a3367d095261656d748742d226bd36b,bd1b7dcdfd83812697ff830e39da6cc08cfabc517ed48629aeaf80bd7930dd10,fc9df59f491cf476997abe1701c84dfbad8beeba8a3ae2f6cb730bb9012f57c0,ba1309c70a5c2a5ae968bbd1ac8c7ef751c3cf2d04811cfdded2b21ffc897abf,fa88de504ef16bad6ba6732fb17acd40f3e822d1f6787b328f1782959f5634a5,16.08158,/tmp/buckeye_slicer_O25_4_8n9xfhwa
s16,s1602a,O0_4,119,4,0.03361344537815126,2,0,0,0.01680672268907563,0.0,0.0,124,5,0.04032258064516129,3,0,0,0.024193548387096774,0.0,0.0,417.5880069999999,262.50600700000007,0.6286243919835565,303.62000000000023,62,4.897096774193552,87130029b5443647ed1f1febd32ab768bf957a0a1698217eb3cf14b2d00c6ecf,7742f46ba78ed9fa88c087d5ec69553ce3988bd974cf12b77459f3fa28b99e2d,149772,01180e5415729aacfb37398ff9d7ebc3685976e4fc900375973c153ca68361c1,54d7139952b93e2120183d189557be79c00675e9d052ff5fb670fe57be756216,428752592f9b59381c14890f8c39cc216983a2d4947bb7391e98da8c3ae7b882,8b176bc966615b7bd02d74a1ce55a6d182175715118699a08b6e427fc25a6da7,dff6dfb46b67ce84931d3e00ce676cc4937e2c04d03df550823895d92fa871b9,16.005212,/tmp/buckeye_slicer_O0_4_sgzows06
s16,s1602a,O12.5_4,123,3,0.024390243902439025,0,0,0,0.0,0.0,0.0,128,3,0.0234375,0,0,0,0.0,0.0,0.0,417.5880069999999,271.61944000000005,0.6504483736286999,314.0560000000002,64,4.907125000000003,c4a9d51af35f27f1e99f5960f01d8721e1c9a7ae761cc52d68b81ecc3366390d,7742f46ba78ed9fa88c087d5ec69553ce3988bd974cf12b77459f3fa28b99e2d,149772,b05679a5417569da0b76d5e2d9d09150c070c7d4b98776be3e46304d4f1aa197,6ee41488284a59fdc6bd44deb57405a8a6da6ca01c45de0e0113d85902aec572,9b333aa80d13329793525c0ad9eedc95f947382e9b8ee795f7ef81c9aa72606a,e1d0ca225b5228358c6551828c4753a124f83aee7cabec248cbe870f7eb05ae6,8955e560c8567d7dbf04deb21f27f7e62f7830ee20eec98d0bd384b57fe42d93,16.27774,/tmp/buckeye_slicer_O12.5_4_7uxll642
s16,s1602a,O0_2,119,4,0.03361344537815126,2,0,0,0.01680672268907563,0.0,0.0,124,5,0.04032258064516129,3,0,0,0.024193548387096774,0.0,0.0,417.5880069999999,263.8460070000001,0.6318332964002009,305.1759999999999,62,4.922193548387095,b8f9c3af61c5c18d8b52a1cdb992e5c98e154bc752c5665b52bea987b6d3c947,7742f46ba78ed9fa88c087d5ec69553ce3988bd974cf12b77459f3fa28b99e2d,299543,a7931fda1796b73e6bfbfd8beb232d8e9ff9a077f9eefe56933047badbf1a3e2,34cca342a01f02f6079af75aee8e06a52ea8b995ffb55988dc8097f7d138576b,a3eda9d5492f0a0405d884b46822366972c2d266c1e66d6c6d0da1d9b98a13d5,f65c41e663547fe101590c7f4dd3f922a1b94254eefbc029e81ba11e74354c7d,4c4a14212bc1a7d7babeeb27d41924567ea546282f02a7b5dde83c1307faade2,32.78508,/tmp/buckeye_slicer_O0_2_5wiem4kt
s16,s1602b,A_O50_8,91,9,0.0989010989010989,5,0,0,0.054945054945054944,0.0,0.0,92,9,0.09782608695652174,5,0,0,0.05434782608695652,0.0,0.0,346.54061999999965,189.27472699999996,0.5461833795991943,221.37599999999992,46,4.812521739130433,72ea8093df3fb11222b7291a784e2272246d6349ad6d5da63900e79412997498,7742f46ba78ed9fa88c087d5ec69553ce3988bd974cf12b77459f3fa28b99e2d,71525,d9f4e0947c08275295997bf1fb2bc4bcd0663b8781c9b86510f5fbb8f5547e55,91f16d9c2c5439bf796f1c2d8ef957d7c061510f50da3b7cda3b08ba98416adc,9e774ac2307ff3653b556f4185f5b45e0ac54e43b41a76489d13b0b612239f1d,e9fd8ec0ab65865b24d7d2a369dc59da61c9c48f6c22227a16996c592c31a535,c79a83d62cf199e2dd0806c600927fdff6693be30753b2ebd2e6ae9039e568e2,8.032871,/tmp/buckeye_slicer_A_O50_8_p0_inqla
s16,s1602b,D_O0_8,87,8,0.09195402298850575,3,0,0,0.034482758620689655,0.0,0.0,88,8,0.09090909090909091,3,0,0,0.03409090909090909,0.0,0.0,346.54061999999965,179.22709499999985,0.5171892836112547,211.03199999999975,44,4.796181818181813,b35b56fbf50e01487bef7f59ef870fe839ea7b8d3f84afb9014d7c5503a3e4dc,7742f46ba78ed9fa88c087d5ec69553ce3988bd974cf12b77459f3fa28b99e2d,71525,d55eab656e6f44cee8ade13c37938f9c1234da8c918ea4511d6a68b1cfa10510,c75227c1854dff4bb4cea74feb12397031ee6f5b06f3f280de7cdd1c2a492ced,26d4cf414b83d1a3061df7f69337e149a9755abacce857b3f6b4caf20f1fd9dd,7cf9d29fa901f8a2882c7a455f0702602a9d2767c3cdefd2c949eaec7a423aa2,673376b42982cd67c1d67cd072c77c4203a696ddb52ce2303c54d1a68286e98d,8.246972,/tmp/buckeye_slicer_D_O0_8_6raqk6sx
s16,s1602b,O25_4,89,8,0.0898876404494382,2,1,0,0.02247191011235955,0.011235955056179775,0.0,90,8,0.08888888888888889,2,1,0,0.022222222222222223,0.011111111111111112,0.0,346.54061999999965,186.29544999999996,0.5375861854232273,218.44399999999973,45,4.854311111111105,5c718a3fdc193cf92e8babe55085d9a6c49c09e1bb11c69c0d3e71192acf39c2,7742f46ba78ed9fa88c087d5ec69553ce3988bd974cf12b77459f3fa28b99e2d,143050,0c1c429d895de223eae9a9adb49d85f73527629e6ca87e78f035e39a2e3a55ef,f310d444cffc3cee2ff5a3ffc0f2c173607555c550230f97b324348067b03f4e,6b5fca79dec9e0d9c470daf1255afd0dddc8d2c1c6c9ef34215e147af6593b69,56ba44f2682af5862eef190b96d1e74649726c0de8c29c3580d7610f5323e4c6,e5ec583dbcd2e54d3efec2560b32da86c0c844d18fa3a2d918f12ad78d94bea5,16.058287,/tmp/buckeye_slicer_O25_4_j9m_4e0l
s16,s1602b,O0_4,87,7,0.08045977011494253,3,1,1,0.034482758620689655,0.011494252873563218,0.011494252873563218,88,7,0.07954545454545454,3,1,1,0.03409090909090909,0.011363636363636364,0.011363636363636364,346.54061999999965,182.85724699999983,0.5276646847345053,215.2199999999998,44,4.891363636363632,87130029b5443647ed1f1febd32ab768bf957a0a1698217eb3cf14b2d00c6ecf,7742f46ba78ed9fa88c087d5ec69553ce3988bd974cf12b77459f3fa28b99e2d,143050,06b4410e0ffdf60f3c20820c9e5a243db997c3c9392e55415846fb262f4dc37b,61f4babfa52239b837e5507358e499cd628f274a4da4f69d3c85828cc7e8b8f6,17753d380fb1160bed1c279c8732bc6280e1059e544f6189fd98fe92704dff29,c15370e17e4669319df8025a1228a82f6ce3e92b6a7d8783ea515ebed0f6c5f9,15df7e690f4f97936cb897175414753f9fc516e5e9451fac36968e029edf0e85,16.125863,/tmp/buckeye_slicer_O0_4_a31p3ru0
s16,s1602b,O12.5_4,87,6,0.06896551724137931,3,1,1,0.034482758620689655,0.011494252873563218,0.011494252873563218,88,6,0.06818181818181818,3,1,1,0.03409090909090909,0.011363636363636364,0.011363636363636364,346.54061999999965,183.0580759999999,0.528244209870693,215.26799999999994,44,4.8924545454545445,c4a9d51af35f27f1e99f5960f01d8721e1c9a7ae761cc52d68b81ecc3366390d,7742f46ba78ed9fa88c087d5ec69553ce3988bd974cf12b77459f3fa28b99e2d,143050,0950f3050357ca68678a0799fdcc1d183afedb41e6c0def727d6e86a62c8d518,413f14f0122e360639bc52edddb953aaab1c96f339cfc122ca9e55275b7702b6,d948105ff7b7af771978b3177c93c6b9313e6e172174555fec5153714908b066,1eb3e43818759d223f09e688ca8b8b1c3f908a9ee8a1fca5f7d7e1a86aaa717b,2371168033796574594970d8fb3775f490a5785977d4b45f24f693917d30e52d,15.992709,/tmp/buckeye_slicer_O12.5_4_weisaeq6
s16,s1602b,O0_2,89,7,0.07865168539325842,3,1,1,0.033707865168539325,0.011235955056179775,0.011235955056179775,90,7,0.07777777777777778,3,1,1,0.03333333333333333,0.011111111111111112,0.011111111111111112,346.54061999999965,186.9079329999999,0.5393536059351429,219.2860000000001,45,4.873022222222224,b8f9c3af61c5c18d8b52a1cdb992e5c98e154bc752c5665b52bea987b6d3c947,7742f46ba78ed9fa88c087d5ec69553ce3988bd974cf12b77459f3fa28b99e2d,286100,c420cd00344f29cbd2cb5f51edc3eded778fd8fd392de7f2f807ae4b5ab34d63,e5ae411125bb8451162773a5aa5c138b7103646838ae869ec1ecae4936fc2239,da95b8fb04a9893c60d0cdfade09bcb4657686891eb6930e43a32e5f6221b8d5,fcf8f047bb0b53eaa5cbf3120fcf49622bc0d11dc9843d65ce75ba4af79f5418,43eb1952f7ed6a7c83094567d9ad5b4ba088692268b127d0775ea3c3bc9c0a62,31.953797,/tmp/buckeye_slicer_O0_2_ovbg6659
s16,s1603a,A_O50_8,128,14,0.109375,8,3,0,0.0625,0.0234375,0.0,132,16,0.12121212121212122,9,4,0,0.06818181818181818,0.030303030303030304,0.0,429.5231180000001,287.3917489999998,0.6690949496227109,322.00799999999987,66,4.878909090909089,72ea8093df3fb11222b7291a784e2272246d6349ad6d5da63900e79412997498,7742f46ba78ed9fa88c087d5ec69553ce3988bd974cf12b77459f3fa28b99e2d,77112,23d715a91207e9b0eea3aa1a63ae34442d964829c23af0235190532c4e16d83a,82736e1189d34a682aef4baa9b3b306d056a7f215d877a32583244c9fdc11df0,92dc452a13275438ce6a133761147a308661c5ac061fd1ae91be09b1ae917d94,7f0600bb65eb79cb85263e5b4495e73f959f5e361f5f1360ce93c0116d3b0d0d,2fbcd621900f0cdd44fc17b1875fb4bf92971409567060d55319450d679a89c7,8.503946,/tmp/buckeye_slicer_A_O50_8_b6edkr9f
s16,s1603a,D_O0_8,119,8,0.06722689075630252,5,1,0,0.04201680672268908,0.008403361344537815,0.0,124,9,0.07258064516129033,5,1,0,0.04032258064516129,0.008064516129032258,0.0,429.5231180000001,262.61662899999965,0.6114144221685399,297.4879999999999,62,4.798193548387095,b35b56fbf50e01487bef7f59ef870fe839ea7b8d3f84afb9014d7c5503a3e4dc,7742f46ba78ed9fa88c087d5ec69553ce3988bd974cf12b77459f3fa28b99e2d,77112,ec63e8dd57b8f14f5c6fe0df27706baf74ee9c77230c15a983566b53b7ddcd73,0787d11ee73593745feb69aac0b3252430b550b87d7f2d9b2f952cdad549f20d,60892b707d7f721b8d52c740bd2dabf4bd466cbe29813d61569b38b8153cf1f5,b79c8138c1caad191f425626a8f4c2d8e53a77220224c7d561a852b367998ed5,407e812c806cfd717a7838a5855f30b8c9e87b8b8ff20c67c2387b5b9c3039e1,8.36438,/tmp/buckeye_slicer_D_O0_8_itqb9res
s16,s1603a,O25_4,129,9,0.06976744186046512,5,1,0,0.03875968992248062,0.007751937984496124,0.0,134,10,0.07462686567164178,5,1,0,0.03731343283582089,0.007462686567164179,0.0,429.5231180000001,280.77090199999986,0.6536805360031862,316.7560000000003,67,4.727701492537318,5c718a3fdc193cf92e8babe55085d9a6c49c09e1bb11c69c0d3e71192acf39c2,7742f46ba78ed9fa88c087d5ec69553ce3988bd974cf12b77459f3fa28b99e2d,154223,db0948bf7bc50267cd13857c4602997a68e738beadaa633052ec0d2e42d73cb6,d1d8ef275cd1d95902cdee4c5a4d6c22450ac848f1a2a366fbaa5a750fdc8d1e,3862e9d91d42938c1da3a2833d0bf22ec01035119aae5ece57dcbb9b0b0cefc9,1e16d8a2cdf71a861ec40f338e4c00f069ec88c973629a727f01a607a9923b6e,af3272279c1dbc738e700a7f4f29ac0021777dfca17db6b5e2352013202f57f8,16.673717,/tmp/buckeye_slicer_O25_4_9gj4te46
s16,s1603a,O0_4,120,9,0.075,6,1,0,0.05,0.008333333333333333,0.0,124,10,0.08064516129032258,7,1,0,0.056451612903225805,0.008064516129032258,0.0,429.5231180000001,265.7973009999997,0.6188195462857476,300.5679999999999,62,4.847870967741934,87130029b5443647ed1f1febd32ab768bf957a0a1698217eb3cf14b2d00c6ecf,7742f46ba78ed9fa88c087d5ec69553ce3988bd974cf12b77459f3fa28b99e2d,154223,2be2fb85b24904091c2103c11e6072aa714f46419e9d7c3c695602b3a65288d9,acf5a55cf43a7b1d2bbfadf6b53aebfdbffd30a0370d5de593f5857c6c399999,a12a99868cdc3a1dc0e99892c58e6ffa74433caab46e4dc936d5e705f6c5fd75,7af3d0d513f0ef5982fa5a9913436ef3594cd28074ab8785255499e87d046900,a0f86bf11d92bdd1ba2dc1e21ee5625d487f4e85d1b21f389babfd1513b18824,16.869859,/tmp/buckeye_slicer_O0_4_hrycmadd
s16,s1603a,O12.5_4,128,13,0.1015625,7,1,0,0.0546875,0.0078125,0.0,132,14,0.10606060606060606,7,1,0,0.05303030303030303,0.007575757575757576,0.0,429.5231180000001,277.94944499999986,0.6471117230993834,313.4080000000003,66,4.748606060606065,c4a9d51af35f27f1e99f5960f01d8721e1c9a7ae761cc52d68b81ecc3366390d,7742f46ba78ed9fa88c087d5ec69553ce3988bd974cf12b77459f3fa28b99e2d,154223,28b8ba5ae0e05566ee7ce60a21c8910090d2385f4573f7f478aaa8a76936567e,3c04ae040e7b4a0322253d303febe8842195282a34c4dedf4f2787173438cf49,a3fa1d8cb601608ae32d8cc382bb70612e50a4c80610020852aaa0f361e08aad,81f2a1fbdb08d84667936687ccb1b11a6b3a22234da55f63a8a8c61697f14051,14e1f4c5085c0572432e92f499b46b6bb9df9711e0b9320026c82fbff8c5ad10,16.758171,/tmp/buckeye_slicer_O12.5_4_bg8tc1l5
s16,s1603a,O0_2,125,8,0.064,5,1,0,0.04,0.008,0.0,130,9,0.06923076923076923,6,1,0,0.046153846153846156,0.007692307692307693,0.0,429.5231180000001,276.17902999999967,0.6429899077050367,312.512,65,4.807876923076923,b8f9c3af61c5c18d8b52a1cdb992e5c98e154bc752c5665b52bea987b6d3c947,7742f46ba78ed9fa88c087d5ec69553ce3988bd974cf12b77459f3fa28b99e2d,308445,f0621a7ee0df5dce3ea739d9c2ae091857599778e3cda294a905f808fe233dea,67831d235e13ca03d8925e0fc99c40010c0580d237f1ac4b8f434895f8687bc0,401deed8589196d790d7a8bcc037e84340c5e982108ea41f9fec1ae9b5ea39b7,195375c1130db4ec4195f7464ea599106ef3e2ae4b32c2baef26a1b8994329e9,b66e60e3d55de832ff4f514cb078b4831395f631dca862e8025ee6cd803d88bb,33.849813,/tmp/buckeye_slicer_O0_2_82jk2c7g
s16,s1604a,A_O50_8,125,18,0.144,14,1,0,0.112,0.008,0.0,130,19,0.14615384615384616,15,1,0,0.11538461538461539,0.007692307692307693,0.0,456.3730579999997,306.9590600000001,0.672605568227913,349.8480000000003,65,5.382276923076928,72ea8093df3fb11222b7291a784e2272246d6349ad6d5da63900e79412997498,7742f46ba78ed9fa88c087d5ec69553ce3988bd974cf12b77459f3fa28b99e2d,83148,995cfe7605c0b194421aec2a189f5c692e36d07662af693bc8eef04465b2dfec,ce57e0a505f04f15702283d029c50bcbd894ac6452d2e149fd37c7567e5d3a37,67cc0c4df912c1002d9306544d848098c3d65a25a06288e6eb8844de7487d76b,dcd1550c0e5fca3a2f2de392f089cb9562136f34a95c070788a1b7dd7b6f70ae,b197a307949bca0d2eeefb14d07092ec0260a1ef67c80030173c3fc97fef87e1,9.661892,/tmp/buckeye_slicer_A_O50_8_icvfgwwd
s16,s1604a,D_O0_8,109,7,0.06422018348623854,1,0,0,0.009174311926605505,0.0,0.0,114,7,0.06140350877192982,1,0,0,0.008771929824561403,0.0,0.0,456.3730579999997,276.5509640000001,0.6059756577479652,314.83200000000005,57,5.523368421052632,b35b56fbf50e01487bef7f59ef870fe839ea7b8d3f84afb9014d7c5503a3e4dc,7742f46ba78ed9fa88c087d5ec69553ce3988bd974cf12b77459f3fa28b99e2d,83148,0b980a98ba3aaf228827ceb54ac95280c1228381ec5cb9faea29f9576f57b251,7ccf6580475457441a235ce97b61aeace7d3b9c0162dce80805bf6f33e6b60d5,03a42a2df10c1a7fda2efef00e3c634b1224e23c352276baa1ee6dbcd97e9773,60d0e51ad51b2d4d1c874349bc8ec0d584a95dd49422bddd1f9ef273fb83eb4c,64a1c7eee28cacadb6297610e7751b1e66fe1a101dc77e6c027cbeaea60e47b6,9.371278,/tmp/buckeye_slicer_D_O0_8_4n4gf6bx
s16,s1604a,O25_4,123,11,0.08943089430894309,7,1,0,0.056910569105691054,0.008130081300813009,0.0,128,12,0.09375,8,1,0,0.0625,0.0078125,0.0,456.3730579999997,302.98556800000006,0.6638988929973169,345.77200000000045,64,5.402687500000007,5c718a3fdc193cf92e8babe55085d9a6c49c09e1bb11c69c0d3e71192acf39c2,7742f46ba78ed9fa88c087d5ec69553ce3988bd974cf12b77459f3fa28b99e2d,166296,05e3ff87329ff4fee267ba94233135d1e673b9d710f1b59bdad2c9845ff103cc,4667a81d1ad244ac771e0136a992ebb300c484735f185c79173937d866d5522c,3b3fc1195735276c255f6ed6d2efdf2261948a0055cc92574e8e6b14c81ecb59,6a8952c9c0e2a214e17399d96239254a5f658c90074529c2633ae9787efe1ff1,2048d436fce8ab3d5b371dc298f28a850ac6d599c60cd45944b90731b8e4f984,19.13619,/tmp/buckeye_slicer_O25_4_xj5ou9f4
s16,s1604a,O0_4,115,10,0.08695652173913043,2,0,0,0.017391304347826087,0.0,0.0,120,10,0.08333333333333333,2,0,0,0.016666666666666666,0.0,0.0,456.3730579999997,288.85601599999995,0.6329383624569708,329.27200000000016,60,5.48786666666667,87130029b5443647ed1f1febd32ab768bf957a0a1698217eb3cf14b2d00c6ecf,7742f46ba78ed9fa88c087d5ec69553ce3988bd974cf12b77459f3fa28b99e2d,166296,1bce8fd74703b6b496900cba125eb67a7a6f855f2c1cbaa065c8c77903b58013,c9daa2e937eb5f2142ed00fa86bb869dc6d35dce87cd6689f2c3b5f1abd4f275,119558be89106dba189278e390a107cf9a7a3c68a46192745339aa462678d631,b1114318f6d2ca45ae29965d32f9a10f3d7b077d1e258cdf3ebd6daebbf05e8a,bd15666734aa614dda82542ca72e4a0fa086f9470cf15747c923a597f2fad66f,19.912912,/tmp/buckeye_slicer_O0_4_qsskger0
s16,s1604a,O12.5_4,123,11,0.08943089430894309,3,1,0,0.024390243902439025,0.008130081300813009,0.0,128,11,0.0859375,3,1,0,0.0234375,0.0078125,0.0,456.3730579999997,303.05091500000015,0.6640420806786547,346.3480000000003,64,5.411687500000005,c4a9d51af35f27f1e99f5960f01d8721e1c9a7ae761cc52d68b81ecc3366390d,7742f46ba78ed9fa88c087d5ec69553ce3988bd974cf12b77459f3fa28b99e2d,166296,e65edc0d17f5906f622eddd9f157f99db47ce5192908fff364c07aed06e9b11e,b233c85ab9c635e7199181019bc0fc516deccde5027a1647b9478ffe3bed7595,f70753f378a205eb1f8ef53c92bb9832cc5fa9b2dad89045faeef8310474b99b,b15bfeb04c03bff00129ce55caadb1631e2766fc8cdd1e2acb0e32b9073f4cae,29ab858bd8ecf42c9b2740c9602d1f628842cc5a8adb18d9b1bbd943ff91fa42,19.356829,/tmp/buckeye_slicer_O12.5_4_lfpsxfgz
s16,s1604a,O0_2,119,11,0.09243697478991597,2,0,0,0.01680672268907563,0.0,0.0,124,11,0.08870967741935484,2,0,0,0.016129032258064516,0.0,0.0,456.3730579999997,296.3151889999999,0.649282826419609,338.83600000000007,62,5.465096774193549,b8f9c3af61c5c18d8b52a1cdb992e5c98e154bc752c5665b52bea987b6d3c947,7742f46ba78ed9fa88c087d5ec69553ce3988bd974cf12b77459f3fa28b99e2d,332591,9a7181a8dd9e63c4ec1a3b76699079566763250ef872ea72bc098d4f9ef7b082,0dfec7323351c07711638c553e5474d252a393cb67cf27b37477589180d4394b,fd0171aa6cb639db3ae26950dd03e83a0eef6135157a17058364cf2085782e09,c7895ec6ae61442b3508ed4005e064b61df9e6d476f37ab81d1eceaa438f5a65,a4b5a4caeadc169b6faca894e554b687e02416dec3c3305f336b77971267d0ac,38.833888,/tmp/buckeye_slicer_O0_2_g2vil629
s17,s1701a,A_O50_8,65,11,0.16923076923076924,8,1,0,0.12307692307692308,0.015384615384615385,0.0,80,17,0.2125,12,1,0,0.15,0.0125,0.0,245.8421080000001,204.488519,0.831788014931925,229.97600000000006,40,5.749400000000001,72ea8093df3fb11222b7291a784e2272246d6349ad6d5da63900e79412997498,7742f46ba78ed9fa88c087d5ec69553ce3988bd974cf12b77459f3fa28b99e2d,45002,3431681e434d23a7d413bb6cca86886dae014f3769e93d00fc01f830f78e622f,da0e3b109d76545ebbb40807d6319e0d30886125e83b3139dd6189bd349cf3c6,5754184a89fb31f85dd0473681d72b615c627efff8e139c04a1a8dd0fe77f986,e44b9461c1d0c8528052c12d0e06ff57eb9c59a8544126ddd32af17fd8b7ba68,f134bd8be136926483a76e71b05ee027541a7edc49376017bf2b7ba842f151aa,5.102018,/tmp/buckeye_slicer_A_O50_8_edsh5xpn
s17,s1701a,D_O0_8,57,3,0.05263157894736842,2,1,1,0.03508771929824561,0.017543859649122806,0.017543859649122806,68,5,0.07352941176470588,3,2,2,0.04411764705882353,0.029411764705882353,0.029411764705882353,245.8421080000001,190.07505899999995,0.7731590838783398,212.208,34,6.241411764705882,b35b56fbf50e01487bef7f59ef870fe839ea7b8d3f84afb9014d7c5503a3e4dc,7742f46ba78ed9fa88c087d5ec69553ce3988bd974cf12b77459f3fa28b99e2d,45002,422661a5b65000709562aa4820d793abd7f909e8db4952297f35cea7aed29b81,d763b2e218e98e045d15728440b624faa4006a6a1e51393a4ec29eb92d2cbba2,1cf6518c4737d8b553e2693b86656663d09abcd2146e8ffd3e6de7b0e5b4f866,3771f34b814b8ac412023daf4973d81fd1d1d518d8b5b6f81ef1f6ad13685616,e2ddfb300b6420a8b6c774eeee7d5f17c29bc1706fccabb62ce489f5ec8641bc,5.036076,/tmp/buckeye_slicer_D_O0_8_1yl378ki
s17,s1701a,O25_4,63,10,0.15873015873015872,6,3,0,0.09523809523809523,0.047619047619047616,0.0,76,14,0.18421052631578946,8,4,0,0.10526315789473684,0.05263157894736842,0.0,245.8421080000001,205.23830399999997,0.8348378789527784,230.70400000000004,38,6.071157894736843,5c718a3fdc193cf92e8babe55085d9a6c49c09e1bb11c69c0d3e71192acf39c2,7742f46ba78ed9fa88c087d5ec69553ce3988bd974cf12b77459f3fa28b99e2d,90003,9a72fbb99ee75f3b14538063483aa934564014a3363cefa2f860f4587ed41bdd,192d6ac0735a6fcc6f595d7cb92216a043d3671829168378bd991251356a44ef,f6ab90e90883e90202f8f7f0c9d55c8cb2924ae14ed7d04025ea7536bbe43960,25184e831666638738c1223e253a80cae56daeef4577d005a42bbf72f353889f,2dc2ba5e12e11caeaefa362d1ae6c4392a51d67ad8fdcec475dae5c301f866d9,9.91369,/tmp/buckeye_slicer_O25_4_niqtbocu
s17,s1701a,O0_4,57,3,0.05263157894736842,2,1,1,0.03508771929824561,0.017543859649122806,0.017543859649122806,68,5,0.07352941176470588,3,2,2,0.04411764705882353,0.029411764705882353,0.029411764705882353,245.8421080000001,190.07505899999995,0.7731590838783398,213.17199999999997,34,6.269764705882352,87130029b5443647ed1f1febd32ab768bf957a0a1698217eb3cf14b2d00c6ecf,7742f46ba78ed9fa88c087d5ec69553ce3988bd974cf12b77459f3fa28b99e2d,90003,8d7a692172971b7f3d80eb1ee45780eedd920614e79e21cb97e1ef40153bed59,56e8b4a4313bbfa4f476decd2b2c51d1cef847a4d07481b4345f7b775df1bb36,012af89355db81314ead2db8e6255833008efefc3f9588635021f6427e1ea9cd,2bac708c99395e5dd8cbef0cc4c58ce0e98062caf1ec91ea3d3898440a7564b4,28c427f8d281060d519200fe0a0e875091fc626133643494dbc951ee08ea7d1a,10.028814,/tmp/buckeye_slicer_O0_4_gf_xwlag
s17,s1701a,O12.5_4,58,3,0.05172413793103448,2,1,0,0.034482758620689655,0.017241379310344827,0.0,70,5,0.07142857142857142,4,2,0,0.05714285714285714,0.02857142857142857,0.0,245.8421080000001,202.87940199999997,0.8252426878799781,227.91200000000012,35,6.511771428571432,c4a9d51af35f27f1e99f5960f01d8721e1c9a7ae761cc52d68b81ecc3366390d,7742f46ba78ed9fa88c087d5ec69553ce3988bd974cf12b77459f3fa28b99e2d,90003,aad241fb9685ab5161dbb54598540f97bcb3f114135f5dde8a7c055944c38841,dc94f168444e85fdd6927628b465b2ae2494f9d74dc0a08414053684041e38bb,adae8d81a251435db513684bc5e26624c66967cdaf7d76504cc0fb261de428ae,251d1390716a622d56166c6e4a9be9852e26ec5bf20dc781080b5542aac7e52d,aef0a727fb6a14b7269a0b05de8317e84a972de7e7495b6352e76cc5f454c320,10.196563,/tmp/buckeye_slicer_O12.5_4_dtw0zc8d
s17,s1701a,O0_2,57,3,0.05263157894736842,2,1,1,0.03508771929824561,0.017543859649122806,0.017543859649122806,68,5,0.07352941176470588,3,2,2,0.04411764705882353,0.029411764705882353,0.029411764705882353,245.8421080000001,191.35405899999995,0.7783616100460702,214.88799999999995,34,6.320235294117645,b8f9c3af61c5c18d8b52a1cdb992e5c98e154bc752c5665b52bea987b6d3c947,7742f46ba78ed9fa88c087d5ec69553ce3988bd974cf12b77459f3fa28b99e2d,180005,111a2309d6c96d64ee2dafa49c741016b251002ba7541da78a78daff0065c94c,7e72080c6c162a1d1481921b9c8f77854e6a802f4441712ef5a51b8ccb4f0121,cbd56cc25eda1b51e0cbb2cf279c3382db1c9d5fea5bba175300daaa822f1cee,b96a10b2ee4fa9b89598ab2b0d6a93f52dde90779a77de974ed7a653f95b947b,69a7df5189cf98b2ab9086815b7a1eb30e1610ae9d916cb51ce6b18e16148a54,20.22593,/tmp/buckeye_slicer_O0_2_bfew58y5
s17,s1702a,A_O50_8,93,17,0.1827956989247312,13,3,0,0.13978494623655913,0.03225806451612903,0.0,100,18,0.18,14,3,0,0.14,0.03,0.0,344.6748890000001,261.679093,0.7592055625496986,294.1919999999999,50,5.8838399999999975,72ea8093df3fb11222b7291a784e2272246d6349ad6d5da63900e79412997498,7742f46ba78ed9fa88c087d5ec69553ce3988bd974cf12b77459f3fa28b99e2d,65842,1bf040eb790ceb0123d8c55412aec1cfacedb303a284b7be38ada46cea6e5507,d945602d1984f7c778b387dac079d5e27f290b31ea43ce0ddb95438c73c7695f,2f54c3340a2c28f04b41ffe1ee81341407f3aae57d5d9458983d46c691afa0fd,221454a2f0218add9482bf0e37437a685eb54a3de24af1b28ad177713a39e203,5f3bac76aa36cf1b69484062792d7f14e1fc49d606d00bbdb0afa88d661f2da7,7.484439,/tmp/buckeye_slicer_A_O50_8_oxqn9ppr
s17,s1702a,D_O0_8,82,10,0.12195121951219512,8,3,0,0.0975609756097561,0.036585365853658534,0.0,88,13,0.14772727272727273,11,5,0,0.125,0.056818181818181816,0.0,344.6748890000001,220.84278300000025,0.6407277990013371,252.30400000000006,44,5.73418181818182,b35b56fbf50e01487bef7f59ef870fe839ea7b8d3f84afb9014d7c5503a3e4dc,7742f46ba78ed9fa88c087d5ec69553ce3988bd974cf12b77459f3fa28b99e2d,65842,24572cfe6e228ece0deea09f29ad680209faf7f3dee6e998054dbf9b90144c75,49d22f1ba3770871ee190b8b0e554c9c6b998dc0821d6c3e61ba239ea38101cd,2c1b369e30af7de12a67a0bbf1a32650605e93b54f3eaf406c703a5a0da5a92d,c277e7f9fbf9f736089e46d0a0602023c96d497f21f86e366505ccf7165e02a7,dca573620bccabd04be6b6301b9f4d1dc12023148eef2e377f3e363baa81bc9b,7.472354,/tmp/buckeye_slicer_D_O0_8_9jcloj32
s17,s1702a,O25_4,90,16,0.17777777777777778,13,4,0,0.14444444444444443,0.044444444444444446,0.0,96,19,0.19791666666666666,16,4,0,0.16666666666666666,0.041666666666666664,0.0,344.6748890000001,248.4260310000002,0.720754655846136,279.0239999999999,48,5.812999999999998,5c718a3fdc193cf92e8babe55085d9a6c49c09e1bb11c69c0d3e71192acf39c2,7742f46ba78ed9fa88c087d5ec69553ce3988bd974cf12b77459f3fa28b99e2d,131684,76ff54ef6c93ea5e382ea2898b48bb7f1804aa3979b0e29e2ff98ced42f509c0,7f91c49205524b27503396d7b2838265115c9fb78687b9f4fb651ea8a85c0ad5,f11a0a6329a1ff27911eac988c237cfe580caf81b6b009278bc6e81446f0cb8b,36dd214369ef56e33846a5ee358e3772129e794a72ca280cf7384fbd25643a69,83c1e8149845676964207a7d3c9b4c909b4fb3134ef35fa3167d0ba7cee4a99f,14.879236,/tmp/buckeye_slicer_O25_4_e72klede
s17,s1702a,O0_4,86,12,0.13953488372093023,11,4,0,0.12790697674418605,0.046511627906976744,0.0,92,15,0.16304347826086957,14,6,0,0.15217391304347827,0.06521739130434782,0.0,344.6748890000001,233.04696900000022,0.6761356177589141,265.1880000000002,46,5.764956521739135,87130029b5443647ed1f1febd32ab768bf957a0a1698217eb3cf14b2d00c6ecf,7742f46ba78ed9fa88c087d5ec69553ce3988bd974cf12b77459f3fa28b99e2d,131684,44d906ca605a579d658b5987335f50a0c7c052dd7ba9cc4ec4f1349fa0f1c9d5,a8d3cdf516ef9dee9ce889aab211e9957c825caebb1c22ddbd18b8db9bee1650,cade36e9214990bbb788c1da35896936ab5b70a21a849f8e3d6425609b3b9da1,e500badaaf2e4b5a99a7f555f91c56601b294120ad4eb27f26a1dcae4e5b0757,630abe93701653d2e1c7890c9a80899f19c3d4596bd08685b611dd82e0adf1cc,15.148064,/tmp/buckeye_slicer_O0_4_rtlzp4h7
s17,s1702a,O12.5_4,92,16,0.17391304347826086,12,3,0,0.13043478260869565,0.03260869565217391,0.0,98,19,0.19387755102040816,15,3,0,0.15306122448979592,0.030612244897959183,0.0,344.6748890000001,251.4266780000003,0.7294603872346506,284.16000000000014,49,5.799183673469391,c4a9d51af35f27f1e99f5960f01d8721e1c9a7ae761cc52d68b81ecc3366390d,7742f46ba78ed9fa88c087d5ec69553ce3988bd974cf12b77459f3fa28b99e2d,131684,5a626af89d0ea769d3b3a865a4f802f60e0afece02c31ff9bfa2957e2c885b6a,fb732ad793ca068b335aacd65d56b9e5e05fb5e291068ad1b7731336d275f4c7,6853f7c4a2f84859f3e0f791ca98cd8bc0bb368e954f09555632125c4af8e272,75946b7f1acce3f3411820f4d42098c50f23bb0047d3f848704b78e74d7bd836,e1cdb7b9cd6d4aeebcfa40e2594ec28f11b3675db3792b0bd8bbdadc22a7b42e,14.931697,/tmp/buckeye_slicer_O12.5_4_p40cxlw5
s17,s1702a,O0_2,90,12,0.13333333333333333,11,4,0,0.12222222222222222,0.044444444444444446,0.0,96,15,0.15625,14,6,0,0.14583333333333334,0.0625,0.0,344.6748890000001,246.58674200000024,0.7154183547151303,280.0080000000001,48,5.833500000000002,b8f9c3af61c5c18d8b52a1cdb992e5c98e154bc752c5665b52bea987b6d3c947,7742f46ba78ed9fa88c087d5ec69553ce3988bd974cf12b77459f3fa28b99e2d,263368,6faef42d8ae03f1052997e2c4134c7485e66102a02625ec6c13d83b838e60cf0,a0b634743895c990ea433a2caf6f550e0b8f5ed0d370701ed020413ae8a72543,a20efe8d208c039b233edee6f3939f8d8f4008c40b7c29ba12be5cb7ff1092f3,9682681a78597570425138f4f6528de233fdc5ddc297b711d9fae7efaf3699d6,7e156cc48ca234889e39c8f79eb71861e3eeb9dcfa37c65d8cead300afae45f2,29.704726,/tmp/buckeye_slicer_O0_2_qbwyznll
s17,s1703a,A_O50_8,97,20,0.20618556701030927,11,2,1,0.1134020618556701,0.020618556701030927,0.010309278350515464,100,22,0.22,11,2,1,0.11,0.02,0.01,347.56502900000015,246.74887700000008,0.7099358577873494,276.04,50,5.5208,72ea8093df3fb11222b7291a784e2272246d6349ad6d5da63900e79412997498,7742f46ba78ed9fa88c087d5ec69553ce3988bd974cf12b77459f3fa28b99e2d,67518,f592260ffe11f6b618a17a7b485142295c4c4945d63f1644676f714eac6ccc7d,ff453b864704eecae304449b99858c1aa83070064434ccf3cfc501bf29d6f424,bbc55f48549f8d7e841d1d84f7a222f99f9e050473862aeaafa5d4aa60eef946,c36084fae8101326e63da5d279efddb7e5c094ab39b7f98cdf25ae5ec4f71120,990846a9a9b5afa97324f135f94827c83ed75dfd9306a9114551509664c7320a,7.941424,/tmp/buckeye_slicer_A_O50_8__pqivc16
s17,s1703a,D_O0_8,82,11,0.13414634146341464,5,3,3,0.06097560975609756,0.036585365853658534,0.036585365853658534,84,11,0.13095238095238096,5,3,3,0.05952380952380952,0.03571428571428571,0.03571428571428571,347.56502900000015,201.67008400000014,0.5802369835084877,225.9040000000002,42,5.378666666666671,b35b56fbf50e01487bef7f59ef870fe839ea7b8d3f84afb9014d7c5503a3e4dc,7742f46ba78ed9fa88c087d5ec69553ce3988bd974cf12b77459f3fa28b99e2d,67518,1d7ed72c7ce968511db9a034328bc7391d0ed0b7433343415a9a8fb44b567df0,07b1c4ab7667235bb0067c379e2a455a9e16d6e0b81ba081e8e8efd161ec515a,ba523e48d6d2a7c1800858b8f6aaf5df32a7503c3c4b0054a66ed1749f82d80c,d24fe43b82ca5800bd5771a3b6f1b5fe77d3269d12790880b10c9a241e6d814e,6938c2510830dbf37e7a4a46c825c4a5b4276099915aa5469b9714ebb0277e62,7.774764,/tmp/buckeye_slicer_D_O0_8_uh8j_y2u
s17,s1703a,O25_4,99,16,0.16161616161616163,8,4,0,0.08080808080808081,0.04040404040404041,0.0,102,17,0.16666666666666666,8,4,0,0.0784313725490196,0.0392156862745098,0.0,347.56502900000015,246.6669010000002,0.7096999997660872,276.6800000000002,51,5.42509803921569,5c718a3fdc193cf92e8babe55085d9a6c49c09e1bb11c69c0d3e71192acf39c2,7742f46ba78ed9fa88c087d5ec69553ce3988bd974cf12b77459f3fa28b99e2d,135035,f86263010cb3c4ee28541488aa819ab40f3b6adee8284923b3c80455fc342b82,3bc03793b8cdb6b8638e0cf7a1953ff9ab3ccea3e3b9388f3d99f383ef78877f,c766b2e6f5234e90ff1618306aba38c541218ac8a276f435aa65e940371e6b00,3236a5f9686ef1b593bfcca7f09e6d6b9c6ad435534457a5fb4b2bb92cba7654,2b4ca649d342b007e67d6b30af9ad10a63c78514fdd8a2b3cbfd32f6641da5b7,15.993514,/tmp/buckeye_slicer_O25_4_bfk_1xzj
s17,s1703a,O0_4,90,11,0.12222222222222222,4,3,1,0.044444444444444446,0.03333333333333333,0.011111111111111112,92,11,0.11956521739130435,4,3,1,0.043478260869565216,0.03260869565217391,0.010869565217391304,347.56502900000015,220.6325720000001,0.6347950846343635,247.6800000000001,46,5.384347826086959,87130029b5443647ed1f1febd32ab768bf957a0a1698217eb3cf14b2d00c6ecf,7742f46ba78ed9fa88c087d5ec69553ce3988bd974cf12b77459f3fa28b99e2d,135035,8ea8a353b8716d9aa44bd9542e01b2299a64a6a744f5819d52e888ab7e620ab6,2d3e5df019ac33f0abb6139f9798fba36686e604d73da3ee73be1bf961d14850,f2712b8db1f0f6fab74a1503997da3c0ace91f69d4dc230a5b73dff4c081f09a,590330226a4a1c371483ed975776e75a665a7ec933312544c2966219d042b95e,8178a4e168cf5e7b51c618bf5449e82054aa50407aa177d28e54f9835f17558b,15.670019,/tmp/buckeye_slicer_O0_4_8zb383_9
s17,s1703a,O12.5_4,97,12,0.12371134020618557,6,1,0,0.061855670103092786,0.010309278350515464,0.0,100,13,0.13,6,1,0,0.06,0.01,0.0,347.56502900000015,239.24290100000005,0.688339968173265,268.41600000000005,50,5.368320000000001,c4a9d51af35f27f1e99f5960f01d8721e1c9a7ae761cc52d68b81ecc3366390d,7742f46ba78ed9fa88c087d5ec69553ce3988bd974cf12b77459f3fa28b99e2d,135035,923bab0b1f7b686484119fbf50598e5349bf11b606569b23e65f1ee0cac211cd,5a67eb492100ed19551acfd62113896d82b54ab3049aaa1b6ccc03f9e527b8f3,b7b7cdc920185c985b097d92bcf82a4ab2ede6e02d5e90b4328ca6ce2e50cf57,5ea48b75bc3270600b5abb800609a70c3bbe12be072ed384987975d119a3f859,b574fc0768fa1e6e408ad490a2b1b72059e37ba00a19657908e0c2dcec0b4895,15.402168,/tmp/buckeye_slicer_O12.5_4_44z8i4b1
s17,s1703a,O0_2,92,11,0.11956521739130435,5,3,1,0.05434782608695652,0.03260869565217391,0.010869565217391304,94,11,0.11702127659574468,5,3,1,0.05319148936170213,0.031914893617021274,0.010638297872340425,347.56502900000015,225.52595499999995,0.6488741276671994,253.6859999999999,47,5.3975744680851045,b8f9c3af61c5c18d8b52a1cdb992e5c98e154bc752c5665b52bea987b6d3c947,7742f46ba78ed9fa88c087d5ec69553ce3988bd974cf12b77459f3fa28b99e2d,270070,a6eb486d839764af9b7394302baa7494a08724e89f270bb3324feba658573d71,41ab01b0d81c4ed65d6af1cef75fca4ed4df49d04f4913aa62967adde8e66b51,18a9874b83bdb77b33d6c679e996280188232b48e82b68ed033c2306febf446d,1f087e1dfdf839009f7b0d6c19da6f6901add1d4e61ff73a06fc69ff41fe61ac,fcf3c93546b185585e46bb993c83e125fa1edce4d157185da337336caa972f97,30.955082,/tmp/buckeye_slicer_O0_2_sbklk032
s17,s1703b,A_O50_8,63,3,0.047619047619047616,2,0,0,0.031746031746031744,0.0,0.0,66,3,0.045454545454545456,2,0,0,0.030303030303030304,0.0,0.0,199.897655,158.87051200000005,0.7947592581813931,183.79999999999995,33,5.5696969696969685,72ea8093df3fb11222b7291a784e2272246d6349ad6d5da63900e79412997498,7742f46ba78ed9fa88c087d5ec69553ce3988bd974cf12b77459f3fa28b99e2d,40411,f0aaaf64a4fe3d3eddacb3f36f8dc036fc750383559435f1025642803e2ebf09,b0cfca853ce810efa4aca4f19999d25cc78c8677d0c981878a956493b8545f15,3cd0b59ad6dd4f2c09638eeec875492fcab2744382ef54d9d12ec6b5759f995a,c5298d760dfac3426a32479ceb904324d4f19f55d395386e56aed7bb87c2c6e4,0ea8a0b4af86f45ef42fe4d3792ff67a6b6e0d5b97a10d6ae1f1cc8bc5e6c792,4.556784,/tmp/buckeye_slicer_A_O50_8_kbf0da5z
s17,s1703b,D_O0_8,62,7,0.11290322580645161,5,3,0,0.08064516129032258,0.04838709677419355,0.0,64,8,0.125,6,4,0,0.09375,0.0625,0.0,199.897655,150.7335120000001,0.754053427990439,173.64800000000002,32,5.426500000000001,b35b56fbf50e01487bef7f59ef870fe839ea7b8d3f84afb9014d7c5503a3e4dc,7742f46ba78ed9fa88c087d5ec69553ce3988bd974cf12b77459f3fa28b99e2d,40411,c128933902963be2ef8d7cac540fb588e1de703ec8d47fdb7149db59b766cb2f,c671b683299c771ccb3569e551bdc9de9d31aed07e6cfa1030dd73f32096e2fc,f78b222d3081e77a9ba2b78712bf8f6b41a487f3cfed56943c260b684328ea61,c593f7b2dcdb6d4cbfd4af2b0da4a0a5ec9c1f06d4cea4390b7439a317f16504,62677dae264bda2e89fe89bde0dc23b981e4c36a422532508f2be88c6f49e805,4.472335,/tmp/buckeye_slicer_D_O0_8_ke73t5lk
s17,s1703b,O25_4,62,6,0.0967741935483871,4,1,0,0.06451612903225806,0.016129032258064516,0.0,64,6,0.09375,4,1,0,0.0625,0.015625,0.0,199.897655,156.11251200000012,0.7809621978807112,178.45600000000007,32,5.576750000000002,5c718a3fdc193cf92e8babe55085d9a6c49c09e1bb11c69c0d3e71192acf39c2,7742f46ba78ed9fa88c087d5ec69553ce3988bd974cf12b77459f3fa28b99e2d,80821,de2134f246f7f6e4d82797f8c927523491a31ac3db341668a6d68fb43cd7be9a,f1670fb7b58b2576e0b8e260896ec4e4539a01aca7bb7f6c7f68ea6bb8db74bd,c54853d9c2046cf335591600d18af42f02a45dc16ca39776eb42fa81df2ef85f,c4562c279a6eaae49f510573639ee12a26b9094411004064e24d65f5509ec661,4317080daf505e9b82a49dd9434720d362db27df551ab6bd75d1b45ae4d25030,8.913524,/tmp/buckeye_slicer_O25_4_6l4xdg4w
s17,s1703b,O0_4,64,7,0.109375,5,3,0,0.078125,0.046875,0.0,66,8,0.12121212121212122,6,4,0,0.09090909090909091,0.06060606060606061,0.0,199.897655,160.05751200000006,0.8006972968242178,185.9760000000001,33,5.635636363636367,87130029b5443647ed1f1febd32ab768bf957a0a1698217eb3cf14b2d00c6ecf,7742f46ba78ed9fa88c087d5ec69553ce3988bd974cf12b77459f3fa28b99e2d,80821,738daa1e0c6af7adf068b8f8662a33f35305290e7149988038d4f6873155c113,c2a224d699568a560e232553160f6292fc5ce4657615d265ab310dde92fa36ca,2b44cd1a4c7d737d41120dbaad36f4024155d38f2f11e78f1c4e9f6d987d8ac9,a8c2b3e5f9d68d545076731ce779ea5708f47d16de777bc306abd49482798c6f,712db1bc716bd2e665e2b555d62087e3c095d72f4fad96c2c7fbabfdf71e67ac,8.894819,/tmp/buckeye_slicer_O0_4_y8x75f6x
s17,s1703b,O12.5_4,62,6,0.0967741935483871,5,2,0,0.08064516129032258,0.03225806451612903,0.0,64,6,0.09375,5,2,0,0.078125,0.03125,0.0,199.897655,156.18151200000008,0.7813073745162248,178.528,32,5.579,c4a9d51af35f27f1e99f5960f01d8721e1c9a7ae761cc52d68b81ecc3366390d,7742f46ba78ed9fa88c087d5ec69553ce3988bd974cf12b77459f3fa28b99e2d,80821,c6fdb24754370a11634419b7a3ea8d8fd79fc16e30d9791c90d7104166c553d4,987dad5f0ccff992d7a609639d955252d767eec3cafa24394e1ec966a073cd07,84dc1fbd18b7b44de81c1126c8835464fb7f93aa6ba2802b76a8f5b1ed55dc24,f9ab9fe959b8324dbfa9059e51a3d1102c31354633af9c8e9d15a4ff6bb42752,e7537a7ab7e6282f5b417d3c03bcb8338e79c4f38a958954551fc6af675728c5,8.937093,/tmp/buckeye_slicer_O12.5_4_wq1wgdv8
s17,s1703b,O0_2,64,7,0.109375,5,2,0,0.078125,0.03125,0.0,66,8,0.12121212121212122,6,2,0,0.09090909090909091,0.030303030303030304,0.0,199.897655,160.06551200000007,0.8007373173036977,185.98999999999995,33,5.636060606060605,b8f9c3af61c5c18d8b52a1cdb992e5c98e154bc752c5665b52bea987b6d3c947,7742f46ba78ed9fa88c087d5ec69553ce3988bd974cf12b77459f3fa28b99e2d,161642,ca5585f3e8e758453d49c47e8208355511b8af4feaeec8e015e127a0ec9a48ca,dc7b940c5968a0b6a92dcea4e8d068688a2bb8fb065a29e18145f20a82c2cf51,05b0f797b019239599c7d889301053e946c18b2f56f7d007365ce53ae64b8ec2,1489e530e2e07cc3ecfee19afcc87f54f6071591f293eceec2f07ca2b3c1f547,5c2725f5c8c60a9a8d79c866c461f43c2e1727070977db799610c17d86949bf8,17.823275,/tmp/buckeye_slicer_O0_2_n3wjdhh2
s18,s1801a,A_O50_8,87,7,0.08045977011494253,4,0,0,0.04597701149425287,0.0,0.0,90,7,0.07777777777777778,4,0,0,0.044444444444444446,0.0,0.0,308.74047000000076,194.16803800000042,0.6289037455957748,223.87199999999993,45,4.974933333333332,72ea8093df3fb11222b7291a784e2272246d6349ad6d5da63900e79412997498,7742f46ba78ed9fa88c087d5ec69553ce3988bd974cf12b77459f3fa28b99e2d,75155,eb84cb9442f9386d7fbc14dfd5769d8ec911a73b40ea44d12c5a4d14026f2275,957de6bb98f0d9afa5c73051b88f8e345be237fe1c62f06f3e8cf890b796adb4,2cf1779ec5fe17f4bc7cef62642ade2d4d44c779aa2ea71c2e6bd126f50152dd,b0b049c5f740359b17ddef3b7ebd1398496774a5876fc677a942241b1866ad9c,6504f32ee567030cbd1430854ff90f463877ba9d38abfdc97a99644b3636b3d3,8.676473,/tmp/buckeye_slicer_A_O50_8_r6_uvac3
s18,s1801a,D_O0_8,82,8,0.0975609756097561,5,0,0,0.06097560975609756,0.0,0.0,84,9,0.10714285714285714,5,0,0,0.05952380952380952,0.0,0.0,308.74047000000076,179.0031960000004,0.5797853323213505,206.41600000000034,42,4.914666666666674,b35b56fbf50e01487bef7f59ef870fe839ea7b8d3f84afb9014d7c5503a3e4dc,7742f46ba78ed9fa88c087d5ec69553ce3988bd974cf12b77459f3fa28b99e2d,75155,27612b68da93ed46d52b8617a576323663a28ae0d9c42ed12b8897421033b45b,a38ff7d45aa74b031f7721d5c3a6db65a32f8d2e804a8b3e4423a2432d48b3b4,9ba602f81b4b563ae1aea07e04e8222073d049e96efa8a163d35380f4af8a965,93edae54964ec94297487146459a1350eb8e2f6681e9d9ac12740f0d6bc23026,ce041c6859cd271070afa9fef3b1de88f9cff2eabb5768740162e9b5f9fee2c3,8.642144,/tmp/buckeye_slicer_D_O0_8_ajev6v81
s18,s1801a,O25_4,85,8,0.09411764705882353,5,0,0,0.058823529411764705,0.0,0.0,88,9,0.10227272727272728,5,0,0,0.056818181818181816,0.0,0.0,308.74047000000076,190.71937500000038,0.6177336421104752,218.79599999999994,44,4.972636363636362,5c718a3fdc193cf92e8babe55085d9a6c49c09e1bb11c69c0d3e71192acf39c2,7742f46ba78ed9fa88c087d5ec69553ce3988bd974cf12b77459f3fa28b99e2d,150310,51b2139d39538cd3a312a99a989c25fbded88f95c7860587774a516eff45e8b5,d44541d02ffe3cb4365e886514315c621a798b6c976b73467ee1608f5a28ea39,e6b4cc3a785a4b32f871ad32b2b552d4c5891166af6d479c24de6573c16af4c2,03b897b9e533c2fae919e7299865524cf8f78bce54acb880d0112a4ba8cac6ed,7dada07f46fa99d3fca276e988c0e0be8df9a1e894b27ee5ab5e4fbe5dbc56b7,17.529739,/tmp/buckeye_slicer_O25_4_1xap7lq9
s18,s1801a,O0_4,82,7,0.08536585365853659,5,0,0,0.06097560975609756,0.0,0.0,84,8,0.09523809523809523,5,0,0,0.05952380952380952,0.0,0.0,308.74047000000076,179.00294600000035,0.5797845225797574,206.59600000000017,42,4.918952380952385,87130029b5443647ed1f1febd32ab768bf957a0a1698217eb3cf14b2d00c6ecf,7742f46ba78ed9fa88c087d5ec69553ce3988bd974cf12b77459f3fa28b99e2d,150310,4db9bccc33903aa24a73a00eaaf043fb9cba694052cbe11028be3f1628478a3a,9c1d020507e9879b1fe24864283084de03b4bf72ccb18fc2e1accf0b20594252,f8ca6000043b44802d4203c9f0c8660f599ef3cc9c04509e6fd5398f075fa94c,683a5e4e85013220dc28d7c58ce0dfc59a1e5f2aaa1bbb4498de590a9536918f,f803987d6c896d2a24d3e1d2b932b85218b4d413d4f100e5700c2b5ee041b418,16.952767,/tmp/buckeye_slicer_O0_4_nl5xpa54
s18,s1801a,O12.5_4,82,7,0.08536585365853659,4,0,0,0.04878048780487805,0.0,0.0,84,8,0.09523809523809523,4,0,0,0.047619047619047616,0.0,0.0,308.74047000000076,183.28114900000037,0.593641478229271,210.84800000000013,42,5.020190476190479,c4a9d51af35f27f1e99f5960f01d8721e1c9a7ae761cc52d68b81ecc3366390d,7742f46ba78ed9fa88c087d5ec69553ce3988bd974cf12b77459f3fa28b99e2d,150310,4395c6ba248a5b1e31906ec3c77d65b8f9ef78f53733af122ccaf0bf44881988,0e2466cdbbb2a9285e269129918dd4ece4f03d67c42b7905807c441dcef69a78,3dd82fad5b6e4b0796260ad0bf3d76a98d65f5cc232856afda0b8b6b24d0e0e0,e387f6454ac4d5fb4dfdcf516b395fb7fe7ed356ee153efbfd0e9aaec097af99,f054e4b179aadc4cea11e43b6f28f61ae01308c52f4022a47bb4ca1b015c8528,16.989072,/tmp/buckeye_slicer_O12.5_4_90yffv1n
s18,s1801a,O0_2,84,8,0.09523809523809523,4,0,0,0.047619047619047616,0.0,0.0,86,9,0.10465116279069768,4,0,0,0.046511627906976744,0.0,0.0,308.74047000000076,183.00158700000054,0.5927359863123876,211.37600000000003,43,4.915720930232559,b8f9c3af61c5c18d8b52a1cdb992e5c98e154bc752c5665b52bea987b6d3c947,7742f46ba78ed9fa88c087d5ec69553ce3988bd974cf12b77459f3fa28b99e2d,300619,18ed39e26ca1d3dd0d30d5b9bd0449663c746d1f7388785c376256ab5b415d99,62839a45a185d42539e44d87075f13145d37c52c2cce928be7efeba4bcccee7e,9ec8613caf80c21c490cd5790af6a959970ebd1aea6b1fea79b7ba3678e7cc29,aa86571daed8b566bc2d33e07bb1dfd965b8174569227c8e9a84c2de4fc304d6,b1a550a956ad4e2d641b9ac434bc6c34dfdd7980fa0cede2978373fe468b1428,34.134331,/tmp/buckeye_slicer_O0_2_la9iy434
s18,s1801b,A_O50_8,106,14,0.1320754716981132,8,2,0,0.07547169811320754,0.018867924528301886,0.0,108,14,0.12962962962962962,8,2,0,0.07407407407407407,0.018518518518518517,0.0,352.18614600000035,248.75703700000025,0.7063226075905893,284.8159999999998,54,5.274370370370367,72ea8093df3fb11222b7291a784e2272246d6349ad6d5da63900e79412997498,7742f46ba78ed9fa88c087d5ec69553ce3988bd974cf12b77459f3fa28b99e2d,70894,3be406d8dee232e4de061ee8f33433fb2645aa1586c6a86b8ab860d8d2e3a8ec,4152ac63c78b5b3ceba0d6436fd3e4fb10b5533604dbb21e4637326b6c0a5d69,5b400806d2a2c0c82ddde88145acbeb4d46ef2a3e7a78d68b47e1f5a6607dbdb,85e17ccf98ecc61facfdede6acff5379d50798b5d34577fe680cebaf9579a2db,baca5b6a752b301acc476b7fe748947902b834c448b0c22057395f3d451e1027,8.077609,/tmp/buckeye_slicer_A_O50_8_cg8p3ekc
s18,s1801b,D_O0_8,98,13,0.1326530612244898,7,2,0,0.07142857142857142,0.02040816326530612,0.0,100,13,0.13,7,2,0,0.07,0.02,0.0,352.18614600000035,212.00015500000006,0.6019548395296612,245.22399999999976,50,4.904479999999995,b35b56fbf50e01487bef7f59ef870fe839ea7b8d3f84afb9014d7c5503a3e4dc,7742f46ba78ed9fa88c087d5ec69553ce3988bd974cf12b77459f3fa28b99e2d,70894,ce141ced990a6cde3a4ad90e41b31103b34769c7d88f2e5a48e7ad500223aa34,0ead12293727b2639281e0332582e650de97c620bc1e00ef9baa51ff77758008,4f50b4099348c8411ac1596106512f3fa202021aaf4135ec23ce5ad98c7d5246,8ab6a8911a6e6c1bfc557900d7b249cd8716ee20e5be21c2bf7843d32d8adcd3,299c7df0ac7e85d780f668acf7d839ee3a1c5ae32144159f26aa4430b4057da2,8.045279,/tmp/buckeye_slicer_D_O0_8_iheg4z8r
s18,s1801b,O25_4,108,12,0.1111111111111111,5,3,0,0.046296296296296294,0.027777777777777776,0.0,110,12,0.10909090909090909,5,3,0,0.045454545454545456,0.02727272727272727,0.0,352.18614600000035,251.5011810000003,0.714114350767222,289.1079999999997,55,5.256509090909086,5c718a3fdc193cf92e8babe55085d9a6c49c09e1bb11c69c0d3e71192acf39c2,7742f46ba78ed9fa88c087d5ec69553ce3988bd974cf12b77459f3fa28b99e2d,141788,c82f4569293d62edc8c535cbd5d65f28845c84f6633e64834872e9a29eee3371,187ed6722093b59a0641f178c97282e58d088ec05d5609ea414e4f011cfa8680,23eed6cee88f898d8db806b1922c5c21e1e6d58aee64dbc6f223c7052c5fb0dc,fba702850b635980e0ee3eaa94df950aa3f055d8e3e6f9e328e24a9437203e45,6a78cc78ff9c6b3f37b421e384a2a29b012cf24b7f2d0991a954d98db44d52f5,15.439765,/tmp/buckeye_slicer_O25_4_zbafznrp
s18,s1801b,O0_4,100,13,0.13,6,2,0,0.06,0.02,0.0,102,13,0.12745098039215685,6,2,0,0.058823529411764705,0.0196078431372549,0.0,352.18614600000035,218.14897000000022,0.6194138312300337,252.2920000000003,51,4.946901960784319,87130029b5443647ed1f1febd32ab768bf957a0a1698217eb3cf14b2d00c6ecf,7742f46ba78ed9fa88c087d5ec69553ce3988bd974cf12b77459f3fa28b99e2d,141788,5589d5e8ac5a4b30b8a878562672e59a8516f535693efdf572efd21f01d90ca2,331a2b2bd587b65cf177de71393bcffaa971ca3a0b2c609b46c399b1a3712dd7,af61cb2bf494cde8be2777d830e282966456afd763dbeb831143339256da0dc7,f0b7947a039aeca048d661c97225acbe374b7573d8e88d2d668dd2518cfeaca6,9549e1fe6e3f27cdd03d0035f7f9e9bad151e2d3d3d40545723fb218a84457dc,15.552655,/tmp/buckeye_slicer_O0_4_atjcteou
s18,s1801b,O12.5_4,106,10,0.09433962264150944,6,2,0,0.05660377358490566,0.018867924528301886,0.0,108,10,0.09259259259259259,6,2,0,0.05555555555555555,0.018518518518518517,0.0,352.18614600000035,245.7803800000001,0.6978706652475758,283.0879999999999,54,5.242370370370368,c4a9d51af35f27f1e99f5960f01d8721e1c9a7ae761cc52d68b81ecc3366390d,7742f46ba78ed9fa88c087d5ec69553ce3988bd974cf12b77459f3fa28b99e2d,141788,2bebeb7eb0d86a1593248319e5b5eb918a87cd5983b5721ffe0ff0a115715a45,9cb1582d08ccc67e343dc708652eb93d018bf9c34c96b086de35c4d5ce7c637a,9f8cffb0291af46e93fb8743a78f1a65680b36f3310afa49514ddd9124ce9d96,27c0bb0b2273f0ccbd26a2052125b7f92557ac936e29a0d13e3ca570c68bbc4f,4faab3298dc07e516a61dd6edee6029326eba48391591d60e8aa2bf6d6745dfc,15.57824,/tmp/buckeye_slicer_O12.5_4_yund59ro
s18,s1801b,O0_2,102,12,0.11764705882352941,6,2,0,0.058823529411764705,0.0196078431372549,0.0,104,12,0.11538461538461539,6,2,0,0.057692307692307696,0.019230769230769232,0.0,352.18614600000035,227.1911410000003,0.6450882397855595,262.47000000000037,52,5.047500000000007,b8f9c3af61c5c18d8b52a1cdb992e5c98e154bc752c5665b52bea987b6d3c947,7742f46ba78ed9fa88c087d5ec69553ce3988bd974cf12b77459f3fa28b99e2d,283575,931ebef7970ef70afb87ba4ea83f3b337da8724513fc93756780cbb6907b6a64,8217c419d762ee5b2e699eba9eecff654f3c8b22058f73f21bb3063a5d6a8067,0a7fc3243c0a57fffa5b126082e65dd2542d607526cb3083ade0196f0977a790,4741ab35b269f254745e559e30c93945264ceecd294a8840c38736b6369e1a76,7d11aa93dde1568a313605c794fb5e4cf37f557bcbfb310a410a15c608b41e59,31.091444,/tmp/buckeye_slicer_O0_2_eoe7xhuc
s18,s1803a,A_O50_8,92,8,0.08695652173913043,2,0,0,0.021739130434782608,0.0,0.0,94,9,0.09574468085106383,2,0,0,0.02127659574468085,0.0,0.0,336.5856770000002,213.95613800000007,0.6356661991888619,250.8880000000001,47,5.3380425531914915,72ea8093df3fb11222b7291a784e2272246d6349ad6d5da63900e79412997498,7742f46ba78ed9fa88c087d5ec69553ce3988bd974cf12b77459f3fa28b99e2d,75033,e114ce9f3d34b7c359a21a86bce211ac8ee9e44d81b25959b650f9a1a7324038,9b6ffd06a74599770a0e39e52d96e2ede35131a3f7838c8dd8056fcfbf012d0d,dd9a7e5f1c4424694380f17e934292f1238795804a099a9aac37bf5505462ee6,17d12d0fc84131110d50ebe2711843f8f7eecbaab82ca738587cd279623c811e,1c286ddd12b9a96f284f14e616c6ab827c201c1e44f748c667d5a67cb7118be7,8.571907,/tmp/buckeye_slicer_A_O50_8_nu17e307
s18,s1803a,D_O0_8,86,3,0.03488372093023256,0,0,0,0.0,0.0,0.0,88,4,0.045454545454545456,0,0,0,0.0,0.0,0.0,336.5856770000002,197.15866100000008,0.5857606977138244,232.35199999999986,44,5.28072727272727,b35b56fbf50e01487bef7f59ef870fe839ea7b8d3f84afb9014d7c5503a3e4dc,7742f46ba78ed9fa88c087d5ec69553ce3988bd974cf12b77459f3fa28b99e2d,75033,25267d0a8c3fbe7f8dbe4a6224c98e25cccc4ce089fa86543bc9e83b2143e444,98a3e3dde6f0d151a77895bf2edde47719772b8bfd4e03f3e07a473e61ffd981,19dbddf3ec437dbb59399a4f94b3e5b09124c5b9cc2ea5ba881382e012071cac,f74f1de17ca2c8cde5cff023d907a9ac75fd4977ed0f9a360fab5cc9abaa2132,23866fcbf4670bd514b38848d589b50b04dc225e74c2a314f33feb6ce6074840,8.417875,/tmp/buckeye_slicer_D_O0_8_ce87tiew
s18,s1803a,O25_4,92,8,0.08695652173913043,1,0,0,0.010869565217391304,0.0,0.0,94,9,0.09574468085106383,1,0,0,0.010638297872340425,0.0,0.0,336.5856770000002,217.8716260000001,0.6472991600293199,256.6239999999998,47,5.460085106382975,5c718a3fdc193cf92e8babe55085d9a6c49c09e1bb11c69c0d3e71192acf39c2,7742f46ba78ed9fa88c087d5ec69553ce3988bd974cf12b77459f3fa28b99e2d,150065,fbfe25f718f3d312c1e8d63c94d398239c75c113b5cc0d55e31ce933ee66af71,2830132c911e3d38790e7141e421c92d7bcf3ff1ed26987677ddc3d66d8db10a,74bb5d8bb203f987c9198fe3a3dedab8c0bbd31c9a6ecebf74be9ad64c777e7a,164ebf4a0df31ffd1269e9bdfb41c6b5a878788763a8171d0cb8ad3080959ad4,ab6c795da8bb613ba56a6af258ff03ca79ea2ae8f487e792f7ffd7aa6257986b,16.906665,/tmp/buckeye_slicer_O25_4_b20l3qx5
s18,s1803a,O0_4,92,4,0.043478260869565216,0,0,0,0.0,0.0,0.0,94,5,0.05319148936170213,0,0,0,0.0,0.0,0.0,336.5856770000002,208.5116430000001,0.6194905405912444,245.93599999999992,47,5.2326808510638285,87130029b5443647ed1f1febd32ab768bf957a0a1698217eb3cf14b2d00c6ecf,7742f46ba78ed9fa88c087d5ec69553ce3988bd974cf12b77459f3fa28b99e2d,150065,36225e698811263a23101be4beb40695649f0805bc8dfec4924d57ce09c26983,ef169d441c2e57127b97002e9588c22b29e031e814e962192f87f0bd08368662,b8f3f0c7ff7133b18aaff7c48131be6bbe35118bdc7fdeeb382e87330d1f6e4b,491e26dff602635bc02a486cde831adb4a2b700242c61e7524673d852af53897,a8c04e0ede851330c374e48c4e1fb0e2c9f227f7cbc2debadeb2c49671c7f301,16.899364,/tmp/buckeye_slicer_O0_4_poljqzu0
s18,s1803a,O12.5_4,94,6,0.06382978723404255,0,0,0,0.0,0.0,0.0,96,7,0.07291666666666667,0,0,0,0.0,0.0,0.0,336.5856770000002,219.98978300000005,0.6535922293568063,259.168,48,5.399333333333334,c4a9d51af35f27f1e99f5960f01d8721e1c9a7ae761cc52d68b81ecc3366390d,7742f46ba78ed9fa88c087d5ec69553ce3988bd974cf12b77459f3fa28b99e2d,150065,83269b8d2f30d7e066b8588d111443599e51b3d4c940865ab396d445ccc80f5e,1db2bae1433c4a0cf478ac3c5f09c1d90ad00f66398c91058c7a10378825eb99,0972c0bc4f4101cae44a0d7cbedba2f3b6434cdb70c0ec001dbf1cf57e39596e,414f353cc2b0128f9597ec3cf41c119c0d2b3a1872265f340a1148b09e0ab7c5,4689c1e0fb5e8c3decbe65ef19e1e655b7baed69062ff9cd0d02876fe0caf930,16.87429,/tmp/buckeye_slicer_O12.5_4_di24gtht
s18,s1803a,O0_2,92,3,0.03260869565217391,0,0,0,0.0,0.0,0.0,94,4,0.0425531914893617,0,0,0,0.0,0.0,0.0,336.5856770000002,209.25376200000005,0.6216953848573893,247.02399999999986,47,5.255829787234039,b8f9c3af61c5c18d8b52a1cdb992e5c98e154bc752c5665b52bea987b6d3c947,7742f46ba78ed9fa88c087d5ec69553ce3988bd974cf12b77459f3fa28b99e2d,300129,e9c2aeb23c9268879beac23d3ad0b551da8650b06c01719e3b8db71618965f2e,6fdf5955d576f38ca71e9db3bdc3e2f9dc21f55d9e3bda378e9b6cc879e9737d,d3c2a7bfa0f74ab4f22af718935f8635c2a977f14d9832ec93426c5ec70be3bb,bd3ec6460cc17caa34627509525841f05494f5e926df039ac6e2a0d2cc4c109f,a22f23e9e854e570274840dc07eb80a8ad5943e480efda09fed57f9cc6dc1b88,32.849923,/tmp/buckeye_slicer_O0_2__9ght1qb
s18,s1803b,A_O50_8,105,7,0.06666666666666667,5,1,1,0.047619047619047616,0.009523809523809525,0.009523809523809525,108,7,0.06481481481481481,5,1,1,0.046296296296296294,0.009259259259259259,0.009259259259259259,349.29989300000005,224.49082599999966,0.6426879323435682,263.688,54,4.883111111111111,72ea8093df3fb11222b7291a784e2272246d6349ad6d5da63900e79412997498,7742f46ba78ed9fa88c087d5ec69553ce3988bd974cf12b77459f3fa28b99e2d,75118,642a3b5902afde5050c3f4259e086f5362d46db1a459db7dd9541d18e4942559,6dd53637a3a432b2eb48ff603ef1073df92515c3a1005cf8e672c791102e6e8c,258c72d40ce092f424eabc3bb5491da11c53c9d2146752c2880d7cbee0696f6b,73a91c7bb25bc25250066ff6d9f1bfce4ffb697458f9aeb074d8eb77f39f4afe,3bae711d89c8e8986be23634b0ad13a64a2097a24cefa1a62ef11a738159e39b,8.316482,/tmp/buckeye_slicer_A_O50_8_yylj0uxq
s18,s1803b,D_O0_8,93,4,0.043010752688172046,3,0,0,0.03225806451612903,0.0,0.0,96,4,0.041666666666666664,3,0,0,0.03125,0.0,0.0,349.29989300000005,193.64523699999978,0.5543810372710299,229.23199999999972,48,4.775666666666661,b35b56fbf50e01487bef7f59ef870fe839ea7b8d3f84afb9014d7c5503a3e4dc,7742f46ba78ed9fa88c087d5ec69553ce3988bd974cf12b77459f3fa28b99e2d,75118,003686bd72317f47146759bb7ff3212c5fd93a873b5f71b5123fb150909c8aba,c9d4cfa7d7caacf78089efe441396d3b2d0dec63a4f1c47a4cc654b25690ab95,615d62b6336d2ba92d1e15227fbdab811b51782572361ceb65bf04bfc19e3864,6dc6a3e69bf271879fc3bbd565e20875db543c119b9790420e833c0fa204b329,89ec6b74b1274ae5327b7867df147e3398c5344b14de484ec17b2feec8ee4354,8.235947,/tmp/buckeye_slicer_D_O0_8_kncjpvt7
s18,s1803b,O25_4,105,8,0.0761904761904762,5,1,1,0.047619047619047616,0.009523809523809525,0.009523809523809525,108,8,0.07407407407407407,5,1,1,0.046296296296296294,0.009259259259259259,0.009259259259259259,349.29989300000005,224.51049799999973,0.642744250711808,264.4399999999999,54,4.897037037037035,5c718a3fdc193cf92e8babe55085d9a6c49c09e1bb11c69c0d3e71192acf39c2,7742f46ba78ed9fa88c087d5ec69553ce3988bd974cf12b77459f3fa28b99e2d,150235,d0efc79447a86d36f3ec6b13932fc660758e010c17c774533c072131ba9d2b74,cb7e675acf8950dfbeb07bfc683c8275c926fc955909039f7210ba92662b5032,062aa9dbaa38cbc4de43cf62d6565ab9c3a659096456ef628db383904e84daf9,4cbb9c268280f2e884ed89ed08619b9ace8b69bb15f5e31e92088069bb549ee5,6737a858f64fd476cca76c3b76f3d70da858457fa90200988bdc3de11ad758d1,16.519411,/tmp/buckeye_slicer_O25_4_gaoj5no4
s18,s1803b,O0_4,95,6,0.06315789473684211,2,0,0,0.021052631578947368,0.0,0.0,98,6,0.061224489795918366,2,0,0,0.02040816326530612,0.0,0.0,349.29989300000005,198.27346499999982,0.5676310499184716,235.17199999999983,49,4.799428571428568,87130029b5443647ed1f1febd32ab768bf957a0a1698217eb3cf14b2d00c6ecf,7742f46ba78ed9fa88c087d5ec69553ce3988bd974cf12b77459f3fa28b99e2d,150235,d05371cc0e607743641dc1852becb986887c6b85373e732f9c850095f8527e86,7357a9cb1862272b6bd97d785692c3a15ce32f0180367e9e0229e4dfc0978711,4e1d38dd8c949da59593ca48937eaa9b4a3ed6f3a284ad77bddada59d55828b1,ccfcee2bcb6353ad89ee7abf17f4ec308983978e55a5a202a092988777f9f845,0254723b3416daf66c4df8ba3a3dd032bf8e72b52e5d087d0bfb684956d5ab39,16.423139,/tmp/buckeye_slicer_O0_4_ujcif8qd
s18,s1803b,O12.5_4,105,7,0.06666666666666667,4,1,0,0.0380952380952381,0.009523809523809525,0.0,108,7,0.06481481481481481,4,1,0,0.037037037037037035,0.009259259259259259,0.0,349.29989300000005,224.53376999999978,0.6428108754101444,264.6560000000003,54,4.901037037037042,c4a9d51af35f27f1e99f5960f01d8721e1c9a7ae761cc52d68b81ecc3366390d,7742f46ba78ed9fa88c087d5ec69553ce3988bd974cf12b77459f3fa28b99e2d,150235,5236cbb4c17173ac41aabc328dc525c96a88e7fb04d56aacf5efc6f5e5e41e7a,a38e3df2cd49df3c8c5cbdf8989da35ca12192d48b2b15303f942e6d8f8d65ef,b7a2dda22c9dd52c5f45a357a6623a486db83afa6d7c77e1f1f924ad8213d6f0,940f0304ded3e7480da92f06d29d888265bc27b900f00ab3f472d172e52887b1,9444ca37a17dac2438f639ee9c7b12b9b3877690a00259c38723360b0382fab9,16.373437,/tmp/buckeye_slicer_O12.5_4_n9cmler0
s18,s1803b,O0_2,97,7,0.07216494845360824,4,0,0,0.041237113402061855,0.0,0.0,100,7,0.07,4,0,0,0.04,0.0,0.0,349.29989300000005,204.09342599999974,0.5842928385895604,242.3579999999999,50,4.847159999999998,b8f9c3af61c5c18d8b52a1cdb992e5c98e154bc752c5665b52bea987b6d3c947,7742f46ba78ed9fa88c087d5ec69553ce3988bd974cf12b77459f3fa28b99e2d,300470,5331f015b1439c7028bb444ecb86a1aa0317c04861a7b99a4260a001437a0178,4a732ecd1238ed324563d7488b11328953e6d2a4e02c91673c9d2f50f584bdbf,7d1aa6ed0b4704a9233d08dae0bc1b0e5c5eb99b3d2499abb441150d1004715c,775e48d42d5285d4f3eb96cc888c7a0e2e5eacbd185c4e4b5c880f0b67e41277,cfcfef38b83164769c26340492bf8af740e18d64806e8219506669e2d9ea6e99,31.997656,/tmp/buckeye_slicer_O0_2_5c2iphhy
s19,s1901a,A_O50_8,96,10,0.10416666666666667,7,3,0,0.07291666666666667,0.03125,0.0,104,14,0.1346153846153846,11,6,0,0.10576923076923077,0.057692307692307696,0.0,315.94474199999985,239.64904499999977,0.7585156932284061,283.68800000000016,52,5.455538461538465,72ea8093df3fb11222b7291a784e2272246d6349ad6d5da63900e79412997498,7742f46ba78ed9fa88c087d5ec69553ce3988bd974cf12b77459f3fa28b99e2d,75126,eb6052c9fef1ddf0fdb11e46e9269cc2098c81cc9e02ad8dff4d5f224659dea6,5161829f35d8b7d95e3394f1ab594573757d90f4a2d60afd1af70e71fb329ce6,06a2e932a4e9aae12537bd3f2eebc9d76957fdac0a0bcb713f03076b28ef5c9a,0cf769f9fdcdcff8b5e450f2a874fffb47faf125463888b1b01279374f6260d6,04322923f05641b73e071517893bc2e2ee3d508eb380876de6ae476315abc920,7.681744,/tmp/buckeye_slicer_A_O50_8_zcwhnesu
s19,s1901a,D_O0_8,89,3,0.033707865168539325,2,0,0,0.02247191011235955,0.0,0.0,94,4,0.0425531914893617,3,0,0,0.031914893617021274,0.0,0.0,315.94474199999985,219.7610609999996,0.6955680275255212,261.56000000000023,47,5.565106382978728,b35b56fbf50e01487bef7f59ef870fe839ea7b8d3f84afb9014d7c5503a3e4dc,7742f46ba78ed9fa88c087d5ec69553ce3988bd974cf12b77459f3fa28b99e2d,75126,dc5654e2dd296103d16ec4df373383ca705050cc1ae38cff67e3af17d315e87f,558f20d25c47215b069363b3c828bd6bc033b873b914c38faf3d46ccd379a65f,08126019520717fe9a86b75bb1da01a6cb02ac8ae9c463a0679151f11713e0c7,71916a58516d6af83e66ca84675a5d53832b79b83e7a2cb28af1660c7da630a3,0ad1abd15a252c8b968a1aac24d1f1dfcbf4bdace0c0e6ed4fd2c930efd1b077,7.290421,/tmp/buckeye_slicer_D_O0_8_wuifjji8
s19,s1901a,O25_4,96,6,0.0625,3,1,0,0.03125,0.010416666666666666,0.0,102,8,0.0784313725490196,5,2,0,0.049019607843137254,0.0196078431372549,0.0,315.94474199999985,238.75636399999962,0.7556902592795791,283.58000000000004,51,5.560392156862746,5c718a3fdc193cf92e8babe55085d9a6c49c09e1bb11c69c0d3e71192acf39c2,7742f46ba78ed9fa88c087d5ec69553ce3988bd974cf12b77459f3fa28b99e2d,150251,abd0fcdd29f60e33131189804b81ef2584b58e19a9120c8faa72f35ef4758d6a,000d03d52ca82829ddb06863e8e74a5149a94a58a46938156779756e022042eb,24e536d09593d33039d04c94ab5d73f2f6b6084455e361bed9018943b0a1bcd2,6255259b92990ec4caa12a03c9d528763ef4cf14e5d55a805628ba00c2d79522,ab835103513bd4eac3a72739d05b51e9ef9cf85cc48c4401fca6a542a8d16c70,14.306094,/tmp/buckeye_slicer_O25_4_op5g1l4d
s19,s1901a,O0_4,93,5,0.053763440860215055,3,0,0,0.03225806451612903,0.0,0.0,98,6,0.061224489795918366,4,0,0,0.04081632653061224,0.0,0.0,315.94474199999985,229.50980299999958,0.7264238725643982,273.31999999999994,49,5.577959183673468,87130029b5443647ed1f1febd32ab768bf957a0a1698217eb3cf14b2d00c6ecf,7742f46ba78ed9fa88c087d5ec69553ce3988bd974cf12b77459f3fa28b99e2d,150251,7e3e833e6f7dd780df874efb8ce821404f8572e318a08b4e184af809722abc1f,eddeb145406ef4c9037f921fcdf1022ffd5bf00c41a19ca7216380e11ba3ef49,ae577e1c80f9ea31535df682a9e3913526276d558ed439a641658926d8d4b0d1,3474434451f50565d3593d3ef940ff78a818d2876e410c490bcd7c030bc4cb00,f8f68e5d9105072c749d0f39f86b9907892b7fdf792feaa7101f7f464e52b5f8,14.199744,/tmp/buckeye_slicer_O0_4_5i6lbffk
s19,s1901a,O12.5_4,93,7,0.07526881720430108,2,0,0,0.021505376344086023,0.0,0.0,98,9,0.09183673469387756,3,0,0,0.030612244897959183,0.0,0.0,315.94474199999985,229.56279199999955,0.726591588601274,273.2320000000003,49,5.576163265306128,c4a9d51af35f27f1e99f5960f01d8721e1c9a7ae761cc52d68b81ecc3366390d,7742f46ba78ed9fa88c087d5ec69553ce3988bd974cf12b77459f3fa28b99e2d,150251,68ed7d7cd9563832c89e8665a711210b91a5d2355e17a0d1fc9da32cf71d0e27,b842e4d302d7b02716654c2ac6c857a16da0969ca44296c48c6397e4a1732410,b760937df0d9e5221507e399382415af8994b80992c78098e260a1ef3377df77,bf1219200fc04be4990a0c429ab84bb5bf63a99b768a936f87c594b5e2842531,10453e7545739c4b52e1032b8f8f8f5dafd04c35c17ab93986a1286fe78ede63,14.200673,/tmp/buckeye_slicer_O12.5_4_lbjiukz0
s19,s1901a,O0_2,93,5,0.053763440860215055,2,0,0,0.021505376344086023,0.0,0.0,98,6,0.061224489795918366,3,0,0,0.030612244897959183,0.0,0.0,315.94474199999985,229.55980299999953,0.7265821280861817,273.54000000000013,49,5.582448979591839,b8f9c3af61c5c18d8b52a1cdb992e5c98e154bc752c5665b52bea987b6d3c947,7742f46ba78ed9fa88c087d5ec69553ce3988bd974cf12b77459f3fa28b99e2d,300501,72bf3253d4fb078b0dd5dcc135a365fecd953404d702f6b0243761c5e37a5c05,49bf32b0460858cff20f8fe19cdf674e7edd93caa573c3197afc36430847c525,5b6f6dabb4f6f311041ccce092b61727958a09be446b747bd5ea415b6015e563,9d832a76db652ca5eb4fb440558ea42510f6cf754ac0256e5634b75ed64a4f27,d7bcd8c8a4bf3dc69f24473b5a4503ce6e5de4a4bd2ea7cfa1364ee0a0a74439,28.516748,/tmp/buckeye_slicer_O0_2_vqifr27m
s19,s1902a,A_O50_8,102,11,0.10784313725490197,7,3,0,0.06862745098039216,0.029411764705882353,0.0,106,11,0.10377358490566038,7,3,0,0.0660377358490566,0.02830188679245283,0.0,314.40116800000015,238.79063600000032,0.7595093794308048,285.6,53,5.3886792452830194,72ea8093df3fb11222b7291a784e2272246d6349ad6d5da63900e79412997498,7742f46ba78ed9fa88c087d5ec69553ce3988bd974cf12b77459f3fa28b99e2d,75281,c2b298e2c25ef1c8f7f1f59d2cadecd227288d7254ddefd440ed3edaced69cd0,7fb185810f0d9b194035481d4527299d2a35ee348ab8d6c9845c4bda5f469415,96387fbe8950096580c135815028c71339f081c95d18a3ba2a92630568d25c08,96218d1f892a910cb6a1313983cdc29a99985780a098b2caf9924b23ac1e605d,dd7c6b73079b0c1079348df64450d9837c3732e5faaa762749b71177b15e18ba,7.385762,/tmp/buckeye_slicer_A_O50_8_q0mztdlk
s19,s1902a,D_O0_8,96,7,0.07291666666666667,1,0,0,0.010416666666666666,0.0,0.0,98,7,0.07142857142857142,1,0,0,0.01020408163265306,0.0,0.0,314.40116800000015,229.86737700000037,0.7311276178210644,275.06399999999996,49,5.6135510204081625,b35b56fbf50e01487bef7f59ef870fe839ea7b8d3f84afb9014d7c5503a3e4dc,7742f46ba78ed9fa88c087d5ec69553ce3988bd974cf12b77459f3fa28b99e2d,75281,6bb5aa38da57dc8ab68120e8853740f70eef4d6dc2e10289b143f1b89ad3805b,36a3555e11e45b5f24766895762a9db4af823d94ae8646aa30ae5c23c0ba5373,f0a23271c41d161e11af0a68206135ccccf82f489fb0a5cbb0b8a14587e36a8e,8af1bb81dad1ec5bf7142608fac3c7d1f52488359cab4d025b0a06dc828101ac,a41ca52ba09adbb5327249f8c39514eb3f0b60359d41133ab72f549d0392074a,7.093457,/tmp/buckeye_slicer_D_O0_8_3teiouzb
s19,s1902a,O25_4,101,7,0.06930693069306931,2,1,0,0.019801980198019802,0.009900990099009901,0.0,106,7,0.0660377358490566,2,1,0,0.018867924528301886,0.009433962264150943,0.0,314.40116800000015,241.7719880000003,0.7689920159584146,289.75599999999986,53,5.467094339622639,5c718a3fdc193cf92e8babe55085d9a6c49c09e1bb11c69c0d3e71192acf39c2,7742f46ba78ed9fa88c087d5ec69553ce3988bd974cf12b77459f3fa28b99e2d,150562,cb6571dd4a6c38327aacbb000da4439a26198af71479b1617731a52df10b5982,fa6c8ba8ccae04e037c1aa15736fac2f8cb580a8c08d20ac3d2d1c024a3e3a76,cdcce8c17f86e9e8cd3d2629ad9ae1a9ef4c8c55bd478c09eadd5d623e7d1b26,4ea187483dcd368a2c8321c09298dcce6118b6cf8836719900a20efac2fb7800,edfe23a842906ffb5de4c77e08eb148261e3baee27c7652fc977056e134c953b,13.821032,/tmp/buckeye_slicer_O25_4_owapo5ue
s19,s1902a,O0_4,98,5,0.05102040816326531,2,0,0,0.02040816326530612,0.0,0.0,102,5,0.049019607843137254,2,0,0,0.0196078431372549,0.0,0.0,314.40116800000015,239.42574400000038,0.7615294355395024,287.4039999999998,51,5.635372549019604,87130029b5443647ed1f1febd32ab768bf957a0a1698217eb3cf14b2d00c6ecf,7742f46ba78ed9fa88c087d5ec69553ce3988bd974cf12b77459f3fa28b99e2d,150562,caca065e0c47de008a0c703be1bf5620535943f7516ead2fe17e07f19fdd88c9,c956e8e2b3c13285223200696ece886b174513da1e40c235cdf25b735ffcff3d,745cd205eda97d18e9cf67eae1c6712bf6163a49164ed09ca24ee1de6304724f,0722c51b7be5c329ee9d7777b78d3c21f293554a9a9da84787d9d4e61e0f9268,b06250f4440bf45865cb8e31422242d46a5cee78edeae9218415c7655e15d34b,13.859948,/tmp/buckeye_slicer_O0_4_1x9i6040
s19,s1902a,O12.5_4,100,6,0.06,1,0,0,0.01,0.0,0.0,104,6,0.057692307692307696,1,0,0,0.009615384615384616,0.0,0.0,314.40116800000015,238.41123500000032,0.7583026377306594,285.9000000000002,52,5.498076923076927,c4a9d51af35f27f1e99f5960f01d8721e1c9a7ae761cc52d68b81ecc3366390d,7742f46ba78ed9fa88c087d5ec69553ce3988bd974cf12b77459f3fa28b99e2d,150562,9dc75d9601af9c2f8daa1aa5cb9f39c55eee7098e2f50150ccc0f9fe176f20c8,3b1013b6ef8352795815efdf13b5db5c9b026f4b29cb81d0beda1d62e6b13d32,b84f771faa95ec0445a136a6d32b74468434771ec104ba3eed65c52a725e0136,48ecfd888f4d8907a952f3fb4cd3116f04ad1828a6f65730ffd0efcf0d55fc07,3db60cfc1aaea2e7efe0fc4d91b35f4b5853f63c5e9a31cd08dc9a8cd2151c81,13.872072,/tmp/buckeye_slicer_O12.5_4_bboo6vfc
s19,s1902a,O0_2,99,5,0.050505050505050504,2,0,0,0.020202020202020204,0.0,0.0,104,5,0.04807692307692308,2,0,0,0.019230769230769232,0.0,0.0,314.40116800000015,240.66674000000026,0.7654766091708671,288.7860000000003,52,5.553576923076928,b8f9c3af61c5c18d8b52a1cdb992e5c98e154bc752c5665b52bea987b6d3c947,7742f46ba78ed9fa88c087d5ec69553ce3988bd974cf12b77459f3fa28b99e2d,301123,88357a2d2d308c1ee758e60efb016103aec16fa944178eadb9d7f31f1825907b,e2eed977f0b88e91cd9c0232fd5d6a3253460cb1cb57ccc01fd76090517a7d7b,ecd807ae8e971afbde9b3098ecf380603a3e092e580ac3cf755376e9ecccbd61,63d845fbd9bf80a3bec3956c76d25858d315f8c308526501732dc369a844315e,67c5f718d01362c553e09af904d891233f147cbc7f6fa0fac289b7d43b8b2fe3,27.683228,/tmp/buckeye_slicer_O0_2_4k6r5oyc
s19,s1902b,A_O50_8,83,15,0.18072289156626506,5,0,0,0.060240963855421686,0.0,0.0,88,18,0.20454545454545456,7,0,0,0.07954545454545454,0.0,0.0,303.7564060000003,191.61560900000026,0.6308199768468424,228.21599999999978,44,5.186727272727268,72ea8093df3fb11222b7291a784e2272246d6349ad6d5da63900e79412997498,7742f46ba78ed9fa88c087d5ec69553ce3988bd974cf12b77459f3fa28b99e2d,71153,c622ea45bea5dad03658f9816bf9c400ed8f266aa71806bcb7fffdf0d4e55950,ea80244af3a8c7218fd083ffd81f1aa3204ee51936d31dd43fa65b00e2999a41,2f28e7a9e0df8f634c4d6d1445d37873c444fb5ff3b18e61a3b1f618a4549f29,8d59b505b218d0429403d6ba63b8d7cc698136d85a7401c91093a167deb4d61e,85de26cf7ae55770694681eb2638269d5eb209630d2ca3eda8d2e3822fe4fa52,6.660313,/tmp/buckeye_slicer_A_O50_8_05e8pcub
s19,s1902b,D_O0_8,78,10,0.1282051282051282,3,0,0,0.038461538461538464,0.0,0.0,82,12,0.14634146341463414,4,0,0,0.04878048780487805,0.0,0.0,303.7564060000003,178.61118200000013,0.5880079513450654,211.11199999999988,41,5.149073170731705,b35b56fbf50e01487bef7f59ef870fe839ea7b8d3f84afb9014d7c5503a3e4dc,7742f46ba78ed9fa88c087d5ec69553ce3988bd974cf12b77459f3fa28b99e2d,71153,b4b29e2a2bc89eea3daece69e83c4638cb7e0d793d91f58692481c8b5394ca14,170731a3d6ce01fdbb43d97a5ae1dd3064929760f23e756df9e1a0a09b9d1b34,0a3ff55305fd36dd11a306e01c230b11f0ffd5d9434e0a1575f5613bd039591c,be0715a4b9ab7e8bab33b88f74e820d964b2182d136deac700643b80c9bb0679,d85743e2c6345a4e56a14f770c44fedd8352b3f8bfa17592ed93ee236d766f6e,6.563887,/tmp/buckeye_slicer_D_O0_8_r99gbzp9
s19,s1902b,O25_4,82,10,0.12195121951219512,5,1,0,0.06097560975609756,0.012195121951219513,0.0,86,12,0.13953488372093023,6,1,0,0.06976744186046512,0.011627906976744186,0.0,303.7564060000003,191.09487000000013,0.629105645923398,225.81599999999975,43,5.251534883720924,5c718a3fdc193cf92e8babe55085d9a6c49c09e1bb11c69c0d3e71192acf39c2,7742f46ba78ed9fa88c087d5ec69553ce3988bd974cf12b77459f3fa28b99e2d,142306,a4f23ae5826be783b42e2157a63b4a7e73be4cf8276548e3e84ca154876a12be,0250902968be1bac28b5ad304e58d2b0cafebf4adee9da34bab3549aac935fb3,ae242079f95464885af238351d3822c812491e57ad9e7a32e548786ae6fe9879,537b5a02c4b5c030514c7d126dc59919f79d31c83e00d7b7c619e74085364176,51bf11675230b237dd31239b4ab548f690bf4ee8c3f6b8bdd3c98b085d38012b,13.070293,/tmp/buckeye_slicer_O25_4_dfdn6vnd
s19,s1902b,O0_4,80,9,0.1125,3,0,0,0.0375,0.0,0.0,84,11,0.13095238095238096,4,0,0,0.047619047619047616,0.0,0.0,303.7564060000003,184.63688300000024,0.6078452317479687,218.604,42,5.2048571428571435,87130029b5443647ed1f1febd32ab768bf957a0a1698217eb3cf14b2d00c6ecf,7742f46ba78ed9fa88c087d5ec69553ce3988bd974cf12b77459f3fa28b99e2d,142306,f3815b85c438c3f77f253197f0e9285f70a4b385ff2837dc8412908b9c88de32,f6d7ccab81eaf36315101dc9d463ccb148ca8c4c1ea2c9cfd67a8ae640c4bdd4,6df58c7d4e0b7d1597789fd7385f1f36d9f6832785a5a3654b98ff41c7cb9ea7,0d6e01ffcaf8ed80793129e1c0c06f0d8987ffea6907196f9b674548512f40f6,ab1baa598c059b5bb8e0a73eb9f74f20bac077dbaec4e308549e230c4c9210c1,13.028176,/tmp/buckeye_slicer_O0_4_dmhd7zt3
s19,s1902b,O12.5_4,82,10,0.12195121951219512,1,0,0,0.012195121951219513,0.0,0.0,86,12,0.13953488372093023,1,0,0,0.011627906976744186,0.0,0.0,303.7564060000003,188.38758900000028,0.6201929746298094,222.2160000000001,43,5.167813953488374,c4a9d51af35f27f1e99f5960f01d8721e1c9a7ae761cc52d68b81ecc3366390d,7742f46ba78ed9fa88c087d5ec69553ce3988bd974cf12b77459f3fa28b99e2d,142306,e6625c620ff86513361cdfd69218e10164446c678e57f80b2467154096a2878f,9d2a3e3860ca467dc7b522d1a3e7b7bff2b52ed9f7a69b5e53e2646e2772b2dc,26b1b6309bcd3c29c62b31572de82861c94821c57af8fa46100aa511ab00b6bf,1b6a67289421f9e707b9bab7c0e660a957ad02eee67f5ca8c4164bcc2af07b9e,a31570d9a77a71bdb60417e28979897fff1b840e52c71d7e708b34662b05d19e,13.138705,/tmp/buckeye_slicer_O12.5_4_85qms1qy
s19,s1902b,O0_2,80,9,0.1125,2,0,0,0.025,0.0,0.0,84,11,0.13095238095238096,2,0,0,0.023809523809523808,0.0,0.0,303.7564060000003,183.28451000000024,0.6033930688526781,216.96200000000027,42,5.165761904761911,b8f9c3af61c5c18d8b52a1cdb992e5c98e154bc752c5665b52bea987b6d3c947,7742f46ba78ed9fa88c087d5ec69553ce3988bd974cf12b77459f3fa28b99e2d,284612,22ffe3e2b447a504e11c79af7639e8ff17e24bedb6b9966d5c97eaa44b2fefed,e7f31ce7cb78ae415ccba20ec7b81d7ba217c0b9e36c0af32ddc5e4693974dd7,f1ee08c1f1b1665a9736e5420662bc598a199b7df3c1ca1b87694865377eef72,2341228b3397541ad6ce73475f05eb247deed37696ce1a803476f5b37901868f,32132978ee988318e3c8b4e34d65a0312e8ab5aa95516cd4dfb99aa5b2a29cde,25.988282,/tmp/buckeye_slicer_O0_2_iw107va9
s19,s1904a,A_O50_8,78,11,0.14102564102564102,8,2,1,0.10256410256410256,0.02564102564102564,0.01282051282051282,80,13,0.1625,10,3,2,0.125,0.0375,0.025,310.3453850000004,184.322659,0.5939275011291041,216.27999999999994,40,5.406999999999998,72ea8093df3fb11222b7291a784e2272246d6349ad6d5da63900e79412997498,7742f46ba78ed9fa88c087d5ec69553ce3988bd974cf12b77459f3fa28b99e2d,71237,39e83eb308c6a6fb83e3cf4efb1fa59337eeb072dcd0db969eba93d25d5d303e,74b772ef8247ae1d7527d1d56179703aa76f6d8720ca0a2ed8b918d9a8ca2bcf,a96b829514f133a24bb28f06e4a87a39328e8b1eb9b4112dedb3911b16a3ad8e,67fa81b6722ab6202c3dae13bef53602a5a2dac8c04af970e66c2e7a1a880a42,b7de72982e6f8764e26efaf1c4fcec82fac0491da1c685594dbb6f4fe6af5bc2,7.070041,/tmp/buckeye_slicer_A_O50_8_19uj2old
s19,s1904a,D_O0_8,76,5,0.06578947368421052,4,0,0,0.05263157894736842,0.0,0.0,78,6,0.07692307692307693,5,0,0,0.0641025641025641,0.0,0.0,310.3453850000004,180.4748060000001,0.5815288859539505,211.5279999999999,39,5.423794871794869,b35b56fbf50e01487bef7f59ef870fe839ea7b8d3f84afb9014d7c5503a3e4dc,7742f46ba78ed9fa88c087d5ec69553ce3988bd974cf12b77459f3fa28b99e2d,71237,baed877af21382e77be49266c6160734f0399a7d3258b942795181b9e0c25cdf,d4adce69a9e87aa5dd22d410f4a4e17dc6d68a9252ef4a42c89d4a38fc1703c5,a7308058c9d9de719d8b90ff7dd9d6fbfadc1e7196688bd3d5c41afc194da9eb,9451717bb8d395757975afc0aacf776859053dd9a7c73d5534da84b048c19c01,b151987d333bb28ecb355671007cd2df49321dcb2a7afc1065ecae574f2eaf59,6.727841,/tmp/buckeye_slicer_D_O0_8_umfff8l0
s19,s1904a,O25_4,76,8,0.10526315789473684,3,0,0,0.039473684210526314,0.0,0.0,78,9,0.11538461538461539,4,0,0,0.05128205128205128,0.0,0.0,310.3453850000004,183.22738900000004,0.5903983041346008,215.10399999999998,39,5.515487179487179,5c718a3fdc193cf92e8babe55085d9a6c49c09e1bb11c69c0d3e71192acf39c2,7742f46ba78ed9fa88c087d5ec69553ce3988bd974cf12b77459f3fa28b99e2d,142473,82dfd1f210bc8c469af677869acbd0fd5d09d21495bdf5c4bae81fd5d7741bec,36ccd1cb2c267d8cf1ee9152106566d9d97563570c112cf661ae36cc6a554082,b4fa58ef194aa76d4080f12c7a0370b81bc0070c66ca4f99fc6d211b04bb1b96,79229a4a9c980881db27621aeefdfeac84d6fa7600154fb37437bfac9404a461,19636536f5b63aee97f37faf00a43aa21055fecb7c929e7b489f403b8ad71101,13.486622,/tmp/buckeye_slicer_O25_4_zlw_fjcg
s19,s1904a,O0_4,76,6,0.07894736842105263,3,0,0,0.039473684210526314,0.0,0.0,78,7,0.08974358974358974,4,0,0,0.05128205128205128,0.0,0.0,310.3453850000004,181.30192600000012,0.5841940456114721,212.62799999999987,39,5.451999999999996,87130029b5443647ed1f1febd32ab768bf957a0a1698217eb3cf14b2d00c6ecf,7742f46ba78ed9fa88c087d5ec69553ce3988bd974cf12b77459f3fa28b99e2d,142473,e538d4fa75537a9d1e3b3d090ee9b29acc24e0096546d763d49f8b3bdc99d275,c434f80c033de215d833c11801017571280c93986ea12e62379fe74bd5c46113,8a7e5c4ad3ff24cc76746a755203948c4c0dd34ab042b309c421f5816d42005d,15aceaf96e9a5ccd1e3f61de4ddea9eeb0a609af9d6c1febe1983c0a8c87d652,b4faf10d53e1afdedbce65e67a651f2593a854ac0a53d958432fc8e13c6f1fa0,13.446351,/tmp/buckeye_slicer_O0_4_vlu_jo2t
s19,s1904a,O12.5_4,76,8,0.10526315789473684,4,0,0,0.05263157894736842,0.0,0.0,78,9,0.11538461538461539,5,0,0,0.0641025641025641,0.0,0.0,310.3453850000004,182.85961200000008,0.589213247040873,214.76399999999995,39,5.50676923076923,c4a9d51af35f27f1e99f5960f01d8721e1c9a7ae761cc52d68b81ecc3366390d,7742f46ba78ed9fa88c087d5ec69553ce3988bd974cf12b77459f3fa28b99e2d,142473,39d0dfde9e9db1180814b5735c1986eefb53244feb1077bc516382030a6227ce,ff8f4a17ab8112d1f69ef2a2a46242593af31cd0593de65751c512f1e7117203,a66dd6b49fdd691ed3a29554d27458ac5cda6f559c44940b1b93e7a329de0e0e,e8ce23e0ca3e9101c89571fe6f09cb8d0dc280c884b018f3158f78363ef560ed,d1dc55c93066298a531a8dbaf3fd70d54390e442e565ab83874edb232b18ad4a,13.54003,/tmp/buckeye_slicer_O12.5_4_88ntsjt6
s19,s1904a,O0_2,78,5,0.0641025641025641,1,0,0,0.01282051282051282,0.0,0.0,80,6,0.075,2,0,0,0.025,0.0,0.0,310.3453850000004,183.79107500000023,0.5922146224278475,215.71400000000006,40,5.392850000000001,b8f9c3af61c5c18d8b52a1cdb992e5c98e154bc752c5665b52bea987b6d3c947,7742f46ba78ed9fa88c087d5ec69553ce3988bd974cf12b77459f3fa28b99e2d,284945,05684711fa015d899b65891b1b493f22e8f74a8045dd7b2698ac85970c434ce0,b0e1f99a5b8dfe2b40faaa47c1828b5543559c6d5e6f41c518e9c5b50ef59708,c2317cc56012bc2ee7568ddb8b48de674b76a9d84afb21b46b4db63efe6c1dfe,cbd35048bbb3b67eca325b8aba8de466e097c30feab8bf5527b979821a53a13c,d69a1b2711d607df0d769d5f6a7529b6c06a3b00452d0815c5f1fd0d30c50ac6,27.127237,/tmp/buckeye_slicer_O0_2_hw87ygzo
s19,s1904b,A_O50_8,84,15,0.17857142857142858,8,1,0,0.09523809523809523,0.011904761904761904,0.0,86,17,0.19767441860465115,10,1,0,0.11627906976744186,0.011627906976744186,0.0,320.27711800000003,195.32953100000037,0.609876635020802,227.04000000000016,43,5.280000000000004,72ea8093df3fb11222b7291a784e2272246d6349ad6d5da63900e79412997498,7742f46ba78ed9fa88c087d5ec69553ce3988bd974cf12b77459f3fa28b99e2d,70438,8f4fd9722da32b96b52c560cd44ac9fec6f92f817bf6502b7c3863ebd326993e,3953fe1284cedc897f994e6c0c53dcfdd1942348881cbeeb07e227734dd39ef0,19998b4fe90286a95ec14cd523bb74c2cc4756ee752c8f07857cefa7358b1095,ea0fab2b9bd7c8a852e6e8652dfa5eb3e324e1c9376a7848a9f88a849ff38943,f87ee234911bf4a6883c3927cad58c6a6d2f241a4d89c7da74eb00f99335a44e,6.899804,/tmp/buckeye_slicer_A_O50_8_aqxfm2ey
s19,s1904b,D_O0_8,80,13,0.1625,6,2,0,0.075,0.025,0.0,82,13,0.15853658536585366,6,2,0,0.07317073170731707,0.024390243902439025,0.0,320.27711800000003,186.48078600000034,0.5822482329193442,217.25600000000023,41,5.298926829268298,b35b56fbf50e01487bef7f59ef870fe839ea7b8d3f84afb9014d7c5503a3e4dc,7742f46ba78ed9fa88c087d5ec69553ce3988bd974cf12b77459f3fa28b99e2d,70438,cb1af3a58d792fd99cb19089500907762099f3b090ec053ec38d2f8f5c5e511c,66d6d9f1f8abf9647ec46aedb451bad4d0af03bceb37295b1596652dfeea1718,c00ef5c1e0765dd481a9670b10b6ec95f9865d5797a91f579279d4f36fc73178,9d7b7968fbf42dc2e12f3b9f1b4dbe7355b191a741695f828439d4226c86eeb8,95c461d5f769fc09699f83d232e48881fbf6f9420fcc7d16c464a3a65ccba2be,6.540183,/tmp/buckeye_slicer_D_O0_8_dvf89fl0
s19,s1904b,O25_4,84,13,0.15476190476190477,6,0,0,0.07142857142857142,0.0,0.0,86,14,0.16279069767441862,6,0,0,0.06976744186046512,0.0,0.0,320.27711800000003,195.40394400000034,0.610108974441316,227.71599999999998,43,5.295720930232558,5c718a3fdc193cf92e8babe55085d9a6c49c09e1bb11c69c0d3e71192acf39c2,7742f46ba78ed9fa88c087d5ec69553ce3988bd974cf12b77459f3fa28b99e2d,140876,63924717e95eaa48f850511df2e7a126205d6aefb8959d4ae0cf9f68427a4e2e,4db1fd869183c4644f327933af05a2749c8e0fd8d113876b9e61a89fe9b5d450,1435b892ec7285618fa7941c9945445b1e70dc012926f2131ac82a8c8e715859,24e81f228ea108e57c5ecdfd332aecbc02dcef9454e8f33b66b9499243b0fd18,345eaea98687f30649511edb9aec9c84b216bbc5f38348af9eacbaa451f01518,13.026723,/tmp/buckeye_slicer_O25_4_8vw7fuso
s19,s1904b,O0_4,80,13,0.1625,5,1,0,0.0625,0.0125,0.0,82,13,0.15853658536585366,5,1,0,0.06097560975609756,0.012195121951219513,0.0,320.27711800000003,186.43655200000032,0.5821101212731666,217.312,41,5.3002926829268295,87130029b5443647ed1f1febd32ab768bf957a0a1698217eb3cf14b2d00c6ecf,7742f46ba78ed9fa88c087d5ec69553ce3988bd974cf12b77459f3fa28b99e2d,140876,e300daabfdb57de3def11b33cc0b5c555d4bfa46564f5d03b64c195347221e10,b9217cce0184724ff4eb07312a66bcc4f38975b5187cddbc13c2d70a18325d5f,715c06a4f3c822cc839f2e2220456f63986d16906da2fcd1dc4347d3d4050590,6b86d024f5ddb1ec5015c17dbd24c89ec6bfa742cfc24cbda379f60a002bf5cb,09eec3fa7f1af4cebd73c42d42049d3a184461ecaf60fc85acfa2c5a2c3f81b3,12.993745,/tmp/buckeye_slicer_O0_4_pgigm5h5
s19,s1904b,O12.5_4,84,14,0.16666666666666666,6,2,0,0.07142857142857142,0.023809523809523808,0.0,86,14,0.16279069767441862,6,2,0,0.06976744186046512,0.023255813953488372,0.0,320.27711800000003,193.71197000000026,0.6048261306010636,225.82000000000014,43,5.251627906976747,c4a9d51af35f27f1e99f5960f01d8721e1c9a7ae761cc52d68b81ecc3366390d,7742f46ba78ed9fa88c087d5ec69553ce3988bd974cf12b77459f3fa28b99e2d,140876,005fefe9e0855585cafdb7988c78826910d53bb7fe13a67fe39df458ef80ca72,4d17b3dce7861c733afcfb109f23006d2828de8cb6c5bd0f2f3257b5c9548203,da354aa9328cd9f6e3100753c7df4445f164a8d50f84fda4a261559ec28369dc,7e0a4b0db22302270c5f9e04da0a62ca17ec73e8bdb13edb126cae442e03de4f,9a4533946662d28f8449076a795eb94e6c0479f896a13d88f389ef0f9a6249df,12.916129,/tmp/buckeye_slicer_O12.5_4_7x2uu9gn
s19,s1904b,O0_2,80,12,0.15,6,1,0,0.075,0.0125,0.0,82,12,0.14634146341463414,6,1,0,0.07317073170731707,0.012195121951219513,0.0,320.27711800000003,188.00696800000037,0.587013425042748,219.13,41,5.3446341463414635,b8f9c3af61c5c18d8b52a1cdb992e5c98e154bc752c5665b52bea987b6d3c947,7742f46ba78ed9fa88c087d5ec69553ce3988bd974cf12b77459f3fa28b99e2d,281752,c33387205f68670fdb7a69f789385a4fb61325629708d9b078e7d8ce9f5fd212,5a28c02888cd376449bdacbadac89788e2933452acd33e06b1b4a166c2755e0e,e94219cf8dc4b54149ca90ab9ed207e77289817204c03227a47d110002675eb1,62616c6de059d13d85e45f70827382ec2bbd075615ead6382d0218a090b8059d,8c32b9d4f6c7d47f17a303e007ec56701ce855c87b21d851e993abce9870efd9,25.917037,/tmp/buckeye_slicer_O0_2_albz8g1y
s20,s2002b,A_O50_8,34,4,0.11764705882352941,3,0,0,0.08823529411764706,0.0,0.0,36,4,0.1111111111111111,3,0,0,0.08333333333333333,0.0,0.0,126.60653799999977,86.16360099999989,0.680562018053128,95.10400000000013,18,5.283555555555562,72ea8093df3fb11222b7291a784e2272246d6349ad6d5da63900e79412997498,7742f46ba78ed9fa88c087d5ec69553ce3988bd974cf12b77459f3fa28b99e2d,70383,35a37f36e88d938e20b1b82a9410c3f130aad926e97c779ce082b7ab4d74cb01,d9bd07d1b974609dba1e2b964cd041e959f8fa46998738e29df011248e1e3d72,d045b10b5ee9e4e3d7829b00e33210b63b64dd51fe8ea1365005de62ac6e3053,9f2c07e5f7d48ee382cbe8d426d80abc1b1e896682177b6f6af917c464595320,3f4bedb06009e5e0449d01281d63f41238646fa549d87408e9b8f4da594e2953,6.870454,/tmp/buckeye_slicer_A_O50_8_jvp0fh5u
s20,s2002b,D_O0_8,33,3,0.09090909090909091,1,0,0,0.030303030303030304,0.0,0.0,34,3,0.08823529411764706,1,0,0,0.029411764705882353,0.0,0.0,126.60653799999977,83.05286499999968,0.6559919125187661,91.65599999999999,17,5.391529411764705,b35b56fbf50e01487bef7f59ef870fe839ea7b8d3f84afb9014d7c5503a3e4dc,7742f46ba78ed9fa88c087d5ec69553ce3988bd974cf12b77459f3fa28b99e2d,70383,9ad477090dcc83f2f8db830edcebb5d5908072bd787d6bcd8e73c7619616ba7a,5c60c82cb26de004d73eb47b9fc28bf27700c113f3dc60aa3cee51d40281af59,0b7e6cee5621e04a1b7f7b8242f08b548b8585b554f492bb11c66d85feeac31d,813914387383af6063adbacc814eb67ba090a0accdaa9a923aa833276c9d8139,ddb2fb532ffd1cafd79dfb2cffd80a40eb3ad0683f4541f467cc435a4b664278,6.685856,/tmp/buckeye_slicer_D_O0_8_qlgw4y3x
s20,s2002b,O25_4,32,3,0.09375,1,0,0,0.03125,0.0,0.0,34,3,0.08823529411764706,1,0,0,0.029411764705882353,0.0,0.0,126.60653799999977,81.02009999999976,0.6399361461096101,89.56000000000003,17,5.268235294117649,5c718a3fdc193cf92e8babe55085d9a6c49c09e1bb11c69c0d3e71192acf39c2,7742f46ba78ed9fa88c087d5ec69553ce3988bd974cf12b77459f3fa28b99e2d,140765,500ebedddb3dede0fa5d5a6bc426690f6e4e21579934c06dd22dc51001f1b35e,d7373018ac97e0d413b9621b70f00d18d7209a7f8eab95ab366c7386342b7469,a91e376825f2399218bac74870aed75d39e8cafce9513d26450097cd2fea82d0,dca1fffdda1f28388992f4d3544ec89f961631bfad1fdc0037ae6bec88d7ba7b,e1b32b3b6bbe4ea5ea18edcac7a5d1dfdf78d3184bb28935741592aa3a213df5,13.335865,/tmp/buckeye_slicer_O25_4_vjwzbzac
s20,s2002b,O0_4,33,3,0.09090909090909091,1,0,0,0.030303030303030304,0.0,0.0,34,3,0.08823529411764706,1,0,0,0.029411764705882353,0.0,0.0,126.60653799999977,83.0688649999997,0.6561182882988227,91.70799999999991,17,5.394588235294113,87130029b5443647ed1f1febd32ab768bf957a0a1698217eb3cf14b2d00c6ecf,7742f46ba78ed9fa88c087d5ec69553ce3988bd974cf12b77459f3fa28b99e2d,140765,53129d24512ea1a88c9e444229cf0fc5bba51010560310e51367ff01a3d7ed4d,e7b4ed28553b6d3dafaa9529e2634d7ed9c34ecdd5ba75e7d91e31ff2ad77749,ef2a12ea7dafb3b8a021a78ea16c54dc004fa34b077c84f2b1f5d0538150a01a,6a317b275e7b0bf1448b1051fc4619ab33f01c2e3726d5a60960d0c6c97a90ca,4e329a200852968b6607736d95c6f6b808fa954ad4537030cc17abee64140d83,13.23184,/tmp/buckeye_slicer_O0_4_03205if7
s20,s2002b,O12.5_4,32,3,0.09375,0,0,0,0.0,0.0,0.0,34,3,0.08823529411764706,0,0,0,0.0,0.0,0.0,126.60653799999977,80.19055399999976,0.6333839884319395,88.61999999999992,17,5.212941176470584,c4a9d51af35f27f1e99f5960f01d8721e1c9a7ae761cc52d68b81ecc3366390d,7742f46ba78ed9fa88c087d5ec69553ce3988bd974cf12b77459f3fa28b99e2d,140765,f567d466cc2005764a92e7cb3d299729f57a2ded4af6cd5b8fd7798ca08c52bb,3e146e6a82e23b09ce65f5ae4e68f14d9f46907d1170cffe3c21c64ce25f67fb,936f317d2978a05973d221b655b17edeff57b720600fdd76ff6491d722691d43,8337b6b530083d6935aea1cef2cd755d255bf557734813da0a855710382b49a1,28628a0b44d6b662bdcbc2c64df8da56b7e43adb1240fb4907e929d92dad6aa9,13.225058,/tmp/buckeye_slicer_O12.5_4_z42lfvih
s20,s2002b,O0_2,34,3,0.08823529411764706,1,0,0,0.029411764705882353,0.0,0.0,36,3,0.08333333333333333,1,0,0,0.027777777777777776,0.0,0.0,126.60653799999977,83.06686499999975,0.656102491326316,91.74599999999998,18,5.096999999999999,b8f9c3af61c5c18d8b52a1cdb992e5c98e154bc752c5665b52bea987b6d3c947,7742f46ba78ed9fa88c087d5ec69553ce3988bd974cf12b77459f3fa28b99e2d,281530,08de016cf7d86ca4a6fb3d5f6b90a76df5392bdcb589a8e7acc86db91414068b,79bda85acbf5a49d575e7f5ab9c82f724bf29d0da5ad1e005677a68d0ea1b4b2,7d937ca90f95dcf857efdfd006445936255b4c61296e3565938e1a7c91f4dde9,7b69878acaa50009ba3ba9249b4167c7f504fe61d4355c3df956e6d0400caba0,5758a7c8fe7ce43f9f82800d072d0f62c926ae096b029e2526b5d78fb1c55e68,26.657612,/tmp/buckeye_slicer_O0_2_dgqti6qn
s20,s2003a,A_O50_8,27,5,0.18518518518518517,5,0,0,0.18518518518518517,0.0,0.0,30,6,0.2,6,0,0,0.2,0.0,0.0,124.08455999999993,77.5293639999998,0.6248107258469535,85.58400000000007,15,5.705600000000005,72ea8093df3fb11222b7291a784e2272246d6349ad6d5da63900e79412997498,7742f46ba78ed9fa88c087d5ec69553ce3988bd974cf12b77459f3fa28b99e2d,75452,5f6ff3662fadd81d8706e21792e5be42b74161069de68ec973d2d637c907083c,63621ed5f644e29dc3cff6ab567e7ce4afc45b407dcac9bad42062ed70c76df0,e1ae986e159551c611e572ef9a0d14790feb93c163f8465473db51f47cc489a9,3afbd64eae6b6f8bc6fe377a8f059ec3149581937ba005d54ee24c754d569825,eab62928b3ec56d389d71235c0367730157fba940ecd888bc933a4922d4f7301,7.141515,/tmp/buckeye_slicer_A_O50_8_80feuxh9
s20,s2003a,D_O0_8,26,2,0.07692307692307693,1,0,0,0.038461538461538464,0.0,0.0,28,2,0.07142857142857142,1,0,0,0.03571428571428571,0.0,0.0,124.08455999999993,67.16016399999994,0.5412451315457779,74.6560000000001,14,5.332571428571436,b35b56fbf50e01487bef7f59ef870fe839ea7b8d3f84afb9014d7c5503a3e4dc,7742f46ba78ed9fa88c087d5ec69553ce3988bd974cf12b77459f3fa28b99e2d,75452,d887aa26be6c454135add6352664ff524e8124b1d7f09fbb7b751a3301b03afd,e61404c4414b4e01213cc772af89354fe5711738048be5ce319d25f6b8ee378c,07c31220334fac1e5836d0c325881e8af8c90a74ef73cab46d0ae269ffb44713,34250e779eac7ae0fb7a879e05678543bd76ac110b3ce442096c77116a95dba8,b055d92989b1147445ec028db1af0f7a7355cf6bc28134a53c24813cc8f636ad,6.985742,/tmp/buckeye_slicer_D_O0_8_24njf6lh
s20,s2003a,O25_4,26,3,0.11538461538461539,3,0,0,0.11538461538461539,0.0,0.0,28,3,0.10714285714285714,3,0,0,0.10714285714285714,0.0,0.0,124.08455999999993,70.4761889999998,0.5679690446579321,78.53599999999989,14,5.609714285714277,5c718a3fdc193cf92e8babe55085d9a6c49c09e1bb11c69c0d3e71192acf39c2,7742f46ba78ed9fa88c087d5ec69553ce3988bd974cf12b77459f3fa28b99e2d,150904,73f14c7a635a33d6baa92ce5163d733b1025a9d69a0eb5d6e2ae23d625371f38,337c40d9264548971481a13b715e07a5c4a008c0af206b810615ad0fed08267f,6b07f71716c46674c550522d36e339984657892f2a2b037387f536bcbb598c11,0c800fd67576ed37e572ece2079e9adf8596358c3ab043310e956a48e8c46b65,b39440029fa8f0bf48824ae0fdfecbbd22d333d9187fe3c544ec616097cb6421,13.826092,/tmp/buckeye_slicer_O25_4_ideg7d12
s20,s2003a,O0_4,26,2,0.07692307692307693,1,0,0,0.038461538461538464,0.0,0.0,28,2,0.07142857142857142,1,0,0,0.03571428571428571,0.0,0.0,124.08455999999993,67.16016399999994,0.5412451315457779,74.73599999999989,14,5.338285714285706,87130029b5443647ed1f1febd32ab768bf957a0a1698217eb3cf14b2d00c6ecf,7742f46ba78ed9fa88c087d5ec69553ce3988bd974cf12b77459f3fa28b99e2d,150904,ad1753936d7813173a973386d2f66b9d0aedc5b1469bd440b32b8fa09c4b3f3d,68089742025f9346fa8618c78768f11170a4c4e134d226584f0944c1fc3ae14b,50f34cae464768c2336e0a63cbab3c106d8f5cf93c550008bac83dceecaddaee,236e2d92f2a511f21ec280f3d75902ce73b53e92a5db3e0e90a2a8631b7e950e,780b26d3f0f63440ebe22b2e718fc05310d6085fd927a4f02195963312309271,13.647934,/tmp/buckeye_slicer_O0_4_qqb0_556
s20,s2003a,O12.5_4,26,3,0.11538461538461539,2,0,0,0.07692307692307693,0.0,0.0,28,3,0.10714285714285714,2,0,0,0.07142857142857142,0.0,0.0,124.08455999999993,67.21072599999991,0.5416526117350938,74.9640000000001,14,5.354571428571435,c4a9d51af35f27f1e99f5960f01d8721e1c9a7ae761cc52d68b81ecc3366390d,7742f46ba78ed9fa88c087d5ec69553ce3988bd974cf12b77459f3fa28b99e2d,150904,76dfaf520914b803f74928042b68cc7bffee541ee6e7a6d1681265bc3fecedb0,4ee50e9ba14ceae80ecab2048301d90b56852d5e4e85abe0797c953407988b54,981e45a1aaeb0d07fc269e0d5c595316240386930d2db125bb5f9efdab02fbe1,06fa13ffdff39f4bb6ae48d39f5a53acc38ea6ba15c6bedc9063ae1f4b45752f,cac1226bda13fa133d237193d6eebc7b53cfea52414e461284fffc324276b53a,13.834934,/tmp/buckeye_slicer_O12.5_4_xhrbunrl
s20,s2003a,O0_2,26,2,0.07692307692307693,1,0,0,0.038461538461538464,0.0,0.0,28,2,0.07142857142857142,1,0,0,0.03571428571428571,0.0,0.0,124.08455999999993,67.16016399999994,0.5412451315457779,74.75200000000001,14,5.339428571428572,b8f9c3af61c5c18d8b52a1cdb992e5c98e154bc752c5665b52bea987b6d3c947,7742f46ba78ed9fa88c087d5ec69553ce3988bd974cf12b77459f3fa28b99e2d,301808,dfb6d8536f3d15b22d5467ef23c3c52fa31d3b17b1c9e37d8276bd5fd19e5662,8ba6f7534a11923797ca47643edba7d8423f0ee3b9eeec0996ab3e2344b590b3,fd11b7d7872d4b3168268610d00626be6c9d1bd5bebca3f78d52e0e2b4aa929d,d225777011a5be76a344c6d8299008ef6ea4d27c5d768f3e9c84ef81f50b389d,4b3e56af1509e85ebc069b1153660f3f74fe1b555aafceca375113c0f20a1ae4,27.490275,/tmp/buckeye_slicer_O0_2_80sfk6im
s20,s2003b,A_O50_8,60,18,0.3,14,1,0,0.23333333333333334,0.016666666666666666,0.0,68,22,0.3235294117647059,18,1,0,0.2647058823529412,0.014705882352941176,0.0,226.11595900000012,179.9981049999999,0.7960433478293313,196.05599999999993,34,5.766352941176469,72ea8093df3fb11222b7291a784e2272246d6349ad6d5da63900e79412997498,7742f46ba78ed9fa88c087d5ec69553ce3988bd974cf12b77459f3fa28b99e2d,71164,8049cd5843882b55cf9238d9c39d85544b00ae9e0ddbfd32ca89a8cd060dedb2,5ae7f8d7233ef093d0181534d5e303f546f417b3bed9ae7c27e5ac85cba2fba6,0dba1bec0139d0965910481f391790d3940bcb63b9eea3e04bd9e2a7ff9978ef,955329f79d78c7b4acee98c17066e951b269f2a9238f10d6150c7c2b7130d314,a25d8da2422afd373e6fe3b5f18266e8418353589074144240cc7fedc2684e9a,7.450721,/tmp/buckeye_slicer_A_O50_8_osybp37v
s20,s2003b,D_O0_8,50,9,0.18,6,1,1,0.12,0.02,0.02,54,9,0.16666666666666666,6,1,1,0.1111111111111111,0.018518518518518517,0.018518518518518517,226.11595900000012,153.9418139999999,0.6808091506712263,168.2159999999999,27,6.230222222222218,b35b56fbf50e01487bef7f59ef870fe839ea7b8d3f84afb9014d7c5503a3e4dc,7742f46ba78ed9fa88c087d5ec69553ce3988bd974cf12b77459f3fa28b99e2d,71164,adabe6c4cb20c4715ddc70c355b3f432c00c526844e775204f0a7f441c92787a,1adfa8e9182f29b4c4783e04bedf2cc0180bb45457f9b00b2bf1a972ec02a890,d7b3c946737a4b4f44d06964b395c4e55c9dd0e40d545b671318977e68267fe3,2fa11474a9bcd0b87dbf7f4bbada59a57c95b8e7311cbf4a129624aeb16e6d95,7fac72aac39e7475047b18e15b0f9cccc7239bc8ea9dbe5d5acdd30ad4b4532b,6.702166,/tmp/buckeye_slicer_D_O0_8_wamhiytb
s20,s2003b,O25_4,54,12,0.2222222222222222,9,2,1,0.16666666666666666,0.037037037037037035,0.018518518518518517,60,14,0.23333333333333334,11,3,1,0.18333333333333332,0.05,0.016666666666666666,226.11595900000012,164.67117999999994,0.7282598748370515,180.25600000000006,30,6.008533333333335,5c718a3fdc193cf92e8babe55085d9a6c49c09e1bb11c69c0d3e71192acf39c2,7742f46ba78ed9fa88c087d5ec69553ce3988bd974cf12b77459f3fa28b99e2d,142328,5602a8a1b4f6691f6d27550d840cf9e6d0ccb1cb0d6e1293b5cfa7cfae211b86,ded47437d874451f1825a8c31daf59d943d76cedf9aa266faf1ad9e1fd3df86c,6fcfb7e24fa48956408864bdda8e178c59288e2649987160454c5236b1dc3c40,a698c107b320eaab70d25a2f8163bfd36fbdb7e82cc1a3a032efb64262547b95,8e3dc6be38d45ff7050649c8b9c94b6c7a343adc91fca4d03f383858715d82cb,13.379469,/tmp/buckeye_slicer_O25_4_qxtl7viv
s20,s2003b,O0_4,54,9,0.16666666666666666,6,1,1,0.1111111111111111,0.018518518518518517,0.018518518518518517,58,9,0.15517241379310345,6,1,1,0.10344827586206896,0.017241379310344827,0.017241379310344827,226.11595900000012,162.48827699999993,0.7186059653578005,177.29599999999996,29,6.113655172413792,87130029b5443647ed1f1febd32ab768bf957a0a1698217eb3cf14b2d00c6ecf,7742f46ba78ed9fa88c087d5ec69553ce3988bd974cf12b77459f3fa28b99e2d,142328,ec99eecb3de39912ff331970998dec95366639258bc3b647909c69306ce36324,8e4d225dd713949709cf56f287a62af049e23224805f063a49402058159d36c7,23ecf6afbe861f93d2ac193c7cb5979b27b44a6be780075449798efa93d7d443,2373e34c242ab33b8e90d58f3559391e701131da6694a7cee467c34820ae8f38,65e70eb5f646ad2746e4e706c504d2f4454acbfa160fc9537bf3fe4971439c6a,13.442306,/tmp/buckeye_slicer_O0_4_do73dgxx
s20,s2003b,O12.5_4,54,10,0.18518518518518517,5,1,1,0.09259259259259259,0.018518518518518517,0.018518518518518517,60,10,0.16666666666666666,5,1,1,0.08333333333333333,0.016666666666666666,0.016666666666666666,226.11595900000012,162.82773999999984,0.7201072437350596,177.37999999999994,30,5.912666666666665,c4a9d51af35f27f1e99f5960f01d8721e1c9a7ae761cc52d68b81ecc3366390d,7742f46ba78ed9fa88c087d5ec69553ce3988bd974cf12b77459f3fa28b99e2d,142328,524710395cb8d9b930d31a19fafc8c875c6ee5f2d47406b09da05d84082ce4e4,0ebfa08150062662c5cf8e3475c14b0c403a8ec7b3d37b7d6cf68a372697cef4,b7866532596d43cb567bd7a55fd658d3e5908c55bb47435d2b140c40a04a2479,a942b519b1bb9c168a61146ad47bdfb4bdd380c7f2df2c681230bff7075dd0e9,83db0066bad86c32eb107b052ae545a04d6ed3ad9146907df2073852416d968c,13.402014,/tmp/buckeye_slicer_O12.5_4_sjaosuqy
s20,s2003b,O0_2,54,9,0.16666666666666666,6,1,1,0.1111111111111111,0.018518518518518517,0.018518518518518517,58,9,0.15517241379310345,6,1,1,0.10344827586206896,0.017241379310344827,0.017241379310344827,226.11595900000012,162.50227699999988,0.7186678804922381,177.33199999999985,29,6.114896551724133,b8f9c3af61c5c18d8b52a1cdb992e5c98e154bc752c5665b52bea987b6d3c947,7742f46ba78ed9fa88c087d5ec69553ce3988bd974cf12b77459f3fa28b99e2d,284655,9dc1ad21f7b314bac68917e13df9e3f6bb718cef8c90671e96443fed171712f6,13b3aead13e283a3de2d6d24213eecf54cacc7c3519a7abbb75287af856a231f,67e7ff9413bc1fd21e4280eb414281a7686a4568737261ab187e499703b8f5a7,ab5f161f7631d16ac3651307eb16026e9f8c4602d1a31311b0ea19d5fa9531f7,ad30e765db8e346cddea6445886d45554b04233d6724c9e9060e4803eb46c1d6,26.955338,/tmp/buckeye_slicer_O0_2_hysq9ajh
s20,s2004a,A_O50_8,39,7,0.1794871794871795,4,1,0,0.10256410256410256,0.02564102564102564,0.0,40,7,0.175,4,1,0,0.1,0.025,0.0,144.97945300000003,102.78334700000005,0.7089511297852671,111.368,20,5.5684,72ea8093df3fb11222b7291a784e2272246d6349ad6d5da63900e79412997498,7742f46ba78ed9fa88c087d5ec69553ce3988bd974cf12b77459f3fa28b99e2d,50965,fff0e1c90e8dfe59baa3530255f15344119e8c587a2b7a0f8e1e960abb5edc44,699ebf042a3dd26ee6a82ab44a7f11017d12daac2ba620e304c443cc96cb33b8,d763b8ea26c4b62539cf2a3b1ad7e0cc7630ea06e561b6261f0328b291d9345e,5d1c721df5d9d137e0f2588174b3d71f988a13d844b465f6086a5cdaf8d07c81,e767146cb9378a89b6b2c28bbdc63d06ef2a12abc1adcbe7ffb14745a28ecaab,4.756984,/tmp/buckeye_slicer_A_O50_8_fj_qokmt
s20,s2004a,D_O0_8,33,4,0.12121212121212122,0,0,0,0.0,0.0,0.0,34,4,0.11764705882352941,0,0,0,0.0,0.0,0.0,144.97945300000003,94.62195100000001,0.652657663151757,102.64800000000005,17,6.038117647058827,b35b56fbf50e01487bef7f59ef870fe839ea7b8d3f84afb9014d7c5503a3e4dc,7742f46ba78ed9fa88c087d5ec69553ce3988bd974cf12b77459f3fa28b99e2d,50965,07e545d19540fc8527e2450edd83a8ee66039955bac17340f02e3016d159b505,60053643bc1ccd4cfb3de271211da3a1143cbf40fb39dfb93b4f08ae3eb339b1,d5d0325089ac60eaecb0f5c6ac0981d1567593814a5480a144237db26ea041f1,1262f234be3ba03da2d0f4f88f9110a3bb067a6b63f1afa8a854c8d600c5359d,b6550f5d3528dd21892b5b5d2f0d6cbce4119291c959b54654a69e750ea7d479,4.742756,/tmp/buckeye_slicer_D_O0_8_t6tvtdb5
s20,s2004a,O25_4,35,5,0.14285714285714285,1,0,0,0.02857142857142857,0.0,0.0,36,5,0.1388888888888889,1,0,0,0.027777777777777776,0.0,0.0,144.97945300000003,96.97538200000004,0.6688905220245245,105.08800000000006,18,5.8382222222222255,5c718a3fdc193cf92e8babe55085d9a6c49c09e1bb11c69c0d3e71192acf39c2,7742f46ba78ed9fa88c087d5ec69553ce3988bd974cf12b77459f3fa28b99e2d,101929,3bea45d38e7c88732644b162674f7039d8688f40b77047c6cd84d029047c8b3c,0008f9ca52c8fa45f522caeca3421ff75530d6cdf68bce4c3e83c9a0b04b69cd,bfbd3bd71c9d04da8184b2162b1c279df694dabfc389500f05d7486dd8d51eb2,a0a00cfa88f5b0212db1628688e430c8a8709a48f6c97533eea26e2c3c3fa598,2c25edb57981ba39e2023b59799ef52104b8ab474ceaaf50f50dc21b4d3df43c,9.381984,/tmp/buckeye_slicer_O25_4_hl6ha2w2
s20,s2004a,O0_4,33,4,0.12121212121212122,0,0,0,0.0,0.0,0.0,34,4,0.11764705882352941,0,0,0,0.0,0.0,0.0,144.97945300000003,94.62995099999999,0.6527128433847793,102.7040000000001,17,6.041411764705888,87130029b5443647ed1f1febd32ab768bf957a0a1698217eb3cf14b2d00c6ecf,7742f46ba78ed9fa88c087d5ec69553ce3988bd974cf12b77459f3fa28b99e2d,101929,07d051db288bfd5a4bc26ce9b04d2ae9dd08a866e7f26ebd3418afc2a8382338,08c72d409406769b7874e88871ae932436d4840d234fee4d15822048819db6a4,e0cc25e365b83811e0af7903b8df9f351fae2ffdb0c0b9030018a2552f017160,8161dce7924ec0f410105530e733bcb1c4f3e9fbc5a19118847c771d4b2c308e,13b8a5a3367b4451a0121641bc8fedd02abd4bf6356fec54afed1c0ebe8b3497,9.280958,/tmp/buckeye_slicer_O0_4_rgacdsaz
s20,s2004a,O12.5_4,35,4,0.11428571428571428,2,0,0,0.05714285714285714,0.0,0.0,36,4,0.1111111111111111,2,0,0,0.05555555555555555,0.0,0.0,144.97945300000003,99.21406900000001,0.6843319308150513,107.39200000000007,18,5.966222222222226,c4a9d51af35f27f1e99f5960f01d8721e1c9a7ae761cc52d68b81ecc3366390d,7742f46ba78ed9fa88c087d5ec69553ce3988bd974cf12b77459f3fa28b99e2d,101929,8f21dc0d1c7a289725e59008211a14f13f4a75ea94401d09cb61e1bb8c9d2742,4eff2f4b35bc22e0f9ca993fd868d836e4427337b407217e92c6ec3a555df46a,29d872e6a0c688494583ea74b03df71b611f27eafb093be4c3ea8881a4ec84eb,faea418bf8aa76150a71abc32adf4019dbbd660820c8a198be04c7b25a4290a7,0dc8ccd16bad7c9f740d12682ffbf5537b9a2707282e706298504b4c8b101475,9.268188,/tmp/buckeye_slicer_O12.5_4_4elzchtc
s20,s2004a,O0_2,35,4,0.11428571428571428,0,0,0,0.0,0.0,0.0,36,4,0.1111111111111111,0,0,0,0.0,0.0,0.0,144.97945300000003,99.26406900000002,0.6846768072714414,107.54199999999996,18,5.974555555555553,b8f9c3af61c5c18d8b52a1cdb992e5c98e154bc752c5665b52bea987b6d3c947,7742f46ba78ed9fa88c087d5ec69553ce3988bd974cf12b77459f3fa28b99e2d,203857,59d72d8a8414464734b24bbbb7b0a720aa8f2ecbcebb56f6cb20d5eb9eacbda4,cde59eda8cd49912d33852328267ee23f92736c025c2b15124e5f48d7f5b4fc1,54bcada80212de6dc71c1e1b88817470b497060355a97ad0415c14a526d3cb8d,63ebfd6ded537197283e5e2ae5cee58cb5528ede505c4fd52898f803cd185496,33b2ec0c58c3a3a4a1262308c4e3370f2b485afc5dae2999a7ee5961974886be,18.570762,/tmp/buckeye_slicer_O0_2_upvwei0t
s21,s2101b,A_O50_8,104,11,0.10576923076923077,8,0,0,0.07692307692307693,0.0,0.0,110,12,0.10909090909090909,9,0,0,0.08181818181818182,0.0,0.0,322.43769900000007,224.66603299999997,0.6967734656858469,265.6639999999997,55,4.83025454545454,72ea8093df3fb11222b7291a784e2272246d6349ad6d5da63900e79412997498,7742f46ba78ed9fa88c087d5ec69553ce3988bd974cf12b77459f3fa28b99e2d,72239,92298c65934ec7f1c6b0dbae03a095b57535a3cd7920c684ca035148a644d7e1,b5fc20ca96ca813e8745348d8d1537e188d3729f37c2ab19db0524eb16581f0b,3462185b81da986a37cc8157862685beca9a93635a13e824ad2eecad6a87227f,514a6d8c393bd0bf9a3b78b82654c3eef2c1a3d0001bd179d1b72f17502c5247,7e52b9ad4da874ea9080aab495d6357a95b8d96ddfb164c7d5f466e1b5a2b166,7.181746,/tmp/buckeye_slicer_A_O50_8__4xlwyjg
s21,s2101b,D_O0_8,87,11,0.12643678160919541,6,2,0,0.06896551724137931,0.022988505747126436,0.0,92,12,0.13043478260869565,6,2,0,0.06521739130434782,0.021739130434782608,0.0,322.43769900000007,193.9619390000001,0.6015485769857204,227.2559999999996,46,4.940347826086948,b35b56fbf50e01487bef7f59ef870fe839ea7b8d3f84afb9014d7c5503a3e4dc,7742f46ba78ed9fa88c087d5ec69553ce3988bd974cf12b77459f3fa28b99e2d,72239,51af27eab6dcfd9c12dba8a9669b5ef0f938f2f9cba04973a2a062e23e78020f,fc3edd06b8c30f1f3b445ae7df585eb5369b24d92b69dd242c639a7a6bcb99e4,f322236a2e999c8836ebe957aed66cdf3d833eb174dc4d32d1427489d70650c8,9b8a02ce6ac2bb476a9bbfb3cb3a5ac035034a44a8967c24b558bbb41c5089db,18c85c81252b49ebe91ead22f13a29669677ad4aae3a796001b6a5d8abe49dbd,6.885155,/tmp/buckeye_slicer_D_O0_8_bf4r8w5d
s21,s2101b,O25_4,98,7,0.07142857142857142,4,0,0,0.04081632653061224,0.0,0.0,104,7,0.0673076923076923,4,0,0,0.038461538461538464,0.0,0.0,322.43769900000007,214.90730800000006,0.6665080065591215,253.66400000000004,52,4.878153846153847,5c718a3fdc193cf92e8babe55085d9a6c49c09e1bb11c69c0d3e71192acf39c2,7742f46ba78ed9fa88c087d5ec69553ce3988bd974cf12b77459f3fa28b99e2d,144478,9f313847b75e4d4297701ec127b6996a1642b856420319deae9dd6516f0064f9,e6f3692acb8b655a45e13cb01e38bb1b28df8cafd0fc42be8079ac768af9c0b8,e33f1167199b59e6bd7ad1391df3ce2651cd276f4264c9d536c6c145c714abe2,4f9de278d56a65dec3c66e9b33e128c2ff3a8773adc7b145d9d660f86a316acf,9c33d68acb23ebecd8bb23485c2e904e9f87de7d314f4f11f47f42c0b9bb28af,13.678603,/tmp/buckeye_slicer_O25_4_7jcghd_q
s21,s2101b,O0_4,91,10,0.10989010989010989,6,1,0,0.06593406593406594,0.01098901098901099,0.0,96,11,0.11458333333333333,6,1,0,0.0625,0.010416666666666666,0.0,322.43769900000007,199.5335510000001,0.6188282313725358,235.81599999999963,48,4.912833333333325,87130029b5443647ed1f1febd32ab768bf957a0a1698217eb3cf14b2d00c6ecf,7742f46ba78ed9fa88c087d5ec69553ce3988bd974cf12b77459f3fa28b99e2d,144478,cdfb3497942f3a017e07bea3387bcacbbaa47653075e65275d2cd9fd3449c163,97cb7288277ea707606daa20faeaa267951813611a06200abcfe60bd02f357bd,c2bb651c67bad13c1c8cb730775bf7f0d3ee6a859b7a691aa57ea6b3e5134d7a,fba0144460cd32aa8c4e690eed77a4a5d1c9449d17d440849d56bdccd204070b,90b8a7583f61938e6dcd5bcea893e3d1b4936b39af9b581465b19234f950fefe,13.594166,/tmp/buckeye_slicer_O0_4_0lnw_15d
s21,s2101b,O12.5_4,98,8,0.08163265306122448,2,0,0,0.02040816326530612,0.0,0.0,104,8,0.07692307692307693,2,0,0,0.019230769230769232,0.0,0.0,322.43769900000007,213.8415270000001,0.6632026207332539,251.79600000000022,52,4.842230769230773,c4a9d51af35f27f1e99f5960f01d8721e1c9a7ae761cc52d68b81ecc3366390d,7742f46ba78ed9fa88c087d5ec69553ce3988bd974cf12b77459f3fa28b99e2d,144478,6bffd31846164b321afb4caa013e4f494f9c5b78376a132ee06192d297147641,2fedab66d1c898bf0a7746faa30182288beba3d28989c219b526cd2c0bd06885,94dc3496659f0b2a62458f6039be67857b73dd85894adbf9c804900ed587d7b0,9f1704c07aae9ee0930cc22a5637156087cbe8a85206f8aaea58cb9a3836fa19,ca80c3da509a05251eb9e8090cc054671541705e97f00a850be9290dcc5b97f1,13.808319,/tmp/buckeye_slicer_O12.5_4_f6y7h066
s21,s2101b,O0_2,95,10,0.10526315789473684,6,0,0,0.06315789473684211,0.0,0.0,100,11,0.11,6,0,0,0.06,0.0,0.0,322.43769900000007,206.31647200000015,0.6398646083874954,243.26199999999986,50,4.865239999999997,b8f9c3af61c5c18d8b52a1cdb992e5c98e154bc752c5665b52bea987b6d3c947,7742f46ba78ed9fa88c087d5ec69553ce3988bd974cf12b77459f3fa28b99e2d,288955,41915dd8577a11574d2d61dd8e9ec0aab461cbb3e6a9b309b9417930ad0a0cc7,cd253a9da8f3133e1f076b696aa6cc97a7c324f6a397744f2fb68d9a978a5737,bf7bdfd4e4237ef3d15ccfa335fc9ee563a7f0a16c16177abd42eac34863c10c,fc7e9e187ebe1488589327f15abf68e21060f349b949c3f01301946d425deb6a,518bb2f125a0c4d39d53abd83b22fc9e758511f6e620ecd8593b3120945ac32b,27.49525,/tmp/buckeye_slicer_O0_2_ctpa8qu6
s21,s2102b,A_O50_8,105,14,0.13333333333333333,6,1,0,0.05714285714285714,0.009523809523809525,0.0,106,14,0.1320754716981132,6,1,0,0.05660377358490566,0.009433962264150943,0.0,339.1314599999995,222.45198999999945,0.6559461926652271,264.34400000000005,53,4.987622641509435,72ea8093df3fb11222b7291a784e2272246d6349ad6d5da63900e79412997498,7742f46ba78ed9fa88c087d5ec69553ce3988bd974cf12b77459f3fa28b99e2d,74185,3de73a4b17ac6745d3a7b1cc7316503ca0422951fe001b4d7b8a64b9e4b97b40,d39ae64078941e254cd35706eedecac8f6ce71e96aed753547d83bfe2861eeaa,230d882993dc0adcdb7101f99e51d8fcb2f74c986d013e17b016432775cc9a90,95ee27d6e70817b8a7e2a5effec31eb273f7c4f94ed7fab7eb536a65c49eb976,803b23e8faeafeba1b00ca29d78251065ea3e22ee0fd1a568997bfb65adae336,7.055495,/tmp/buckeye_slicer_A_O50_8_3v6ef_qi
s21,s2102b,D_O0_8,95,15,0.15789473684210525,6,2,0,0.06315789473684211,0.021052631578947368,0.0,96,15,0.15625,6,2,0,0.0625,0.020833333333333332,0.0,339.1314599999995,200.22612999999967,0.590408598482724,240.2479999999998,48,5.005166666666662,b35b56fbf50e01487bef7f59ef870fe839ea7b8d3f84afb9014d7c5503a3e4dc,7742f46ba78ed9fa88c087d5ec69553ce3988bd974cf12b77459f3fa28b99e2d,74185,4955f144ac2674161ef7665557aababb1c343721cbf899d5bd68e9c578c1b6d2,a290eb38c5911d90cc8e71858d32c1f6a4502154da2d01adb602695e3bd53f1e,beca82a1044b5a995a043e82361052f1b9daa7f5268a5f3a00930cc381b8ce04,5052a3c8309309232f4cdcdfabff510b2a748b3c6f7c2205916f9a753743d7c2,52bb52587e227a8e329689f540400878569ccc642c449f444dec6ffdf9f2a8eb,6.808161,/tmp/buckeye_slicer_D_O0_8_jy16jtuv
s21,s2102b,O25_4,101,15,0.1485148514851485,6,0,0,0.0594059405940594,0.0,0.0,102,15,0.14705882352941177,6,0,0,0.058823529411764705,0.0,0.0,339.1314599999995,212.54447999999948,0.626731828418395,254.164,51,4.983607843137254,5c718a3fdc193cf92e8babe55085d9a6c49c09e1bb11c69c0d3e71192acf39c2,7742f46ba78ed9fa88c087d5ec69553ce3988bd974cf12b77459f3fa28b99e2d,148370,9f2ed675b962b43d3e29dceca7888d058974a495493d3978c49af08b04294ab8,5278bbd65cdc9458a3567f304d052989109d4e4b71a8f8a965943b58b84bbb3a,f90ccd504f667bc778e72890dd685d821c8bb460663bc62181e0e5c01d904137,93dd1ec8f6b39e88be12792bbb6156c4dff302b197b10d9e5565c72ae40632a5,e5c4ded14c0ff8a27e5fe5909f71c746ebf18e9938858af47a7ca801bf980b65,13.560212,/tmp/buckeye_slicer_O25_4_zfdni6f1
s21,s2102b,O0_4,97,12,0.12371134020618557,5,1,0,0.05154639175257732,0.010309278350515464,0.0,98,12,0.12244897959183673,5,1,0,0.05102040816326531,0.01020408163265306,0.0,339.1314599999995,206.76422599999955,0.6096875412266378,247.74799999999976,49,5.056081632653056,87130029b5443647ed1f1febd32ab768bf957a0a1698217eb3cf14b2d00c6ecf,7742f46ba78ed9fa88c087d5ec69553ce3988bd974cf12b77459f3fa28b99e2d,148370,cb20f215d661cc6535618a2567e734d41a3fff8e16d7610f02a5e63b39375335,fb18611f27877bb68b21cabe46a886300bbd7fac3956f91dd3918e30435309ce,f4d93df13681c55def2bcede84b1f59fe78a1413d69369d4a9a51e0ef1748998,a3d596c9bc2cc7621236793990ec39f4f8d6a530157738d8e6bdb41a3ae22fd9,e1a4bd54c4aa6e24deccb843c38271aa4b0923eccdc9a4772032638c9873d1b8,13.787015,/tmp/buckeye_slicer_O0_4_x8mbojrh
s21,s2102b,O12.5_4,99,17,0.1717171717171717,6,0,0,0.06060606060606061,0.0,0.0,100,17,0.17,6,0,0,0.06,0.0,0.0,339.1314599999995,209.5740509999996,0.6179728975896247,250.0879999999998,50,5.0017599999999955,c4a9d51af35f27f1e99f5960f01d8721e1c9a7ae761cc52d68b81ecc3366390d,7742f46ba78ed9fa88c087d5ec69553ce3988bd974cf12b77459f3fa28b99e2d,148370,ac6ac2d9d4d983658dfff7b59529dfc83a338911e8aaaad7e105812ab569b932,90e374bf9fb807be4970ce02413fae1c490f60c163e9dcdb341a7030b6adc22f,d1d5e45e1e22dac5c0b5fc818742452d2c01670599ffc1fd787b8dfed2288f1f,c92dc2d89b4a4b0887e4a33d88deda7b7df369283fb2b6b2578f7d403ff2ae78,8431e77c1c2b8176f376b91de77ba4fabb32bee7b8e1fe4d765a8045a299e0d0,13.640143,/tmp/buckeye_slicer_O12.5_4_rexaqicl
s21,s2102b,O0_2,99,12,0.12121212121212122,5,1,0,0.050505050505050504,0.010101010101010102,0.0,100,12,0.12,5,1,0,0.05,0.01,0.0,339.1314599999995,209.29656699999956,0.6171546780118833,251.8299999999998,50,5.036599999999996,b8f9c3af61c5c18d8b52a1cdb992e5c98e154bc752c5665b52bea987b6d3c947,7742f46ba78ed9fa88c087d5ec69553ce3988bd974cf12b77459f3fa28b99e2d,296740,0dec7e94b65a0548e678d66137c49902f7f91829b90b9b9148769d5fc8301e44,f7f3d1d79d2a9578302e5813fc71e0fcfbdd6022a438754b9eade0e2612b7eeb,8fa38d1c8916fc3ea13d36baabb9c3a72c2a6b9e07eae05ef925bf578fd639a1,e94ae6e25824efbad41af0a0e9d1cfd9d9203c4f97a90547312039b021b1044c,a740543890892fc1c5a2a2350c27c4223c7c18760f3c29c1a5752dd2d1c1b4d8,27.420445,/tmp/buckeye_slicer_O0_2_c4y32qge
s22,s2201a,A_O50_8,48,13,0.2708333333333333,7,0,0,0.14583333333333334,0.0,0.0,48,13,0.2708333333333333,7,0,0,0.14583333333333334,0.0,0.0,323.9832690000002,90.14738600000018,0.27824704120755117,104.92800000000014,24,4.372000000000006,72ea8093df3fb11222b7291a784e2272246d6349ad6d5da63900e79412997498,7742f46ba78ed9fa88c087d5ec69553ce3988bd974cf12b77459f3fa28b99e2d,75139,1224add14d577df56f36bc6c33cee7e517e46845798c04764bbb07683fce65d8,6be5510f09b1f9754cfb2789dba0ccb8751556757ea291f3ef95b28f9da9bd7e,70d816d4a7da76734d3c51b5034bd96ab285d271350c7608e3acadc2e6a08cab,007af1db9173451e89fa3b5e2ab7bbaab93149827a28b102d9052532f95828fb,02a05a1bf220948080a05645a78b0f7f884500a3fa6830b3d7cba42e89962caf,7.368365,/tmp/buckeye_slicer_A_O50_8_yaf5_raq
s22,s2201a,D_O0_8,46,12,0.2608695652173913,5,0,0,0.10869565217391304,0.0,0.0,46,12,0.2608695652173913,5,0,0,0.10869565217391304,0.0,0.0,323.9832690000002,84.44630300000009,0.26065019734090045,98.22400000000029,23,4.270608695652187,b35b56fbf50e01487bef7f59ef870fe839ea7b8d3f84afb9014d7c5503a3e4dc,7742f46ba78ed9fa88c087d5ec69553ce3988bd974cf12b77459f3fa28b99e2d,75139,ea5ecb2d26486e03b6170898979109cf859ef956d6cd85dd52fa1ad9629197ed,81bf13ca844c1380cd198feff529a950a52f4dd04c3311293c25bf90ac6683c4,f6ace0aea96e4c32e647b39eff00608e1a2652870b663f8ef6577267dafeba48,6092ea92d0448a12a7b7c99b222c0f00c7d03de080d8a60c0db5c3cd3efb8603,359fd7718007e4ca8bbff5bcf7db8b6330c31550de4e0aa8cf4bbd8b4b064942,7.159913,/tmp/buckeye_slicer_D_O0_8_2oogbjdo
s22,s2201a,O25_4,50,12,0.24,5,0,0,0.1,0.0,0.0,50,12,0.24,5,0,0,0.1,0.0,0.0,323.9832690000002,93.03703900000009,0.2871661838809338,108.13999999999993,25,4.325599999999997,5c718a3fdc193cf92e8babe55085d9a6c49c09e1bb11c69c0d3e71192acf39c2,7742f46ba78ed9fa88c087d5ec69553ce3988bd974cf12b77459f3fa28b99e2d,150278,01f3872c3ac219c0341ba001b5518855d8f46066d6b9210ca37ba10f5293c373,5cad0e4bd3158dc9cd16b8bc8bca2104d57c51572e4d2399b7880402f532b87e,c59085b4ac31ed23eff4fd0e846a6aea949857f0ca99d99e6dd8c5fe00608928,b3bc91c00fc513cccddb699d1b72f821762b856181a71d8a46227d97cde69641,a4735b31474cc100b7622b39b7401f94e8d99e437d20f729d03f1a4e4d242636,14.249044,/tmp/buckeye_slicer_O25_4_1bsiue4d
s22,s2201a,O0_4,50,11,0.22,5,0,0,0.1,0.0,0.0,50,11,0.22,5,0,0,0.1,0.0,0.0,323.9832690000002,90.38155900000012,0.2789698347046436,104.86000000000034,25,4.194400000000013,87130029b5443647ed1f1febd32ab768bf957a0a1698217eb3cf14b2d00c6ecf,7742f46ba78ed9fa88c087d5ec69553ce3988bd974cf12b77459f3fa28b99e2d,150278,0ce061090530239770edf792f95f853bc9f1f3e58b0b9a9bb114d0c6d07c643a,9c5a4d8109a4551d91a364e053ff0ebd6fa7fc93116be92f0b56f171adff8889,e8e1356e266f6b0aec4d494e7815e79eff50fd33555c63fbd11937996f006a2d,9961894719866e44f4dd6e6efc96602899f314d1ff114ed10aa81476a564ef55,6c4b1831fe8c2fd13c5e07fa75cde6bbc94d458784330b8939da412c0525abd0,14.257492,/tmp/buckeye_slicer_O0_4_tjuki6ip
s22,s2201a,O12.5_4,48,11,0.22916666666666666,5,0,0,0.10416666666666667,0.0,0.0,48,11,0.22916666666666666,5,0,0,0.10416666666666667,0.0,0.0,323.9832690000002,89.19558099999999,0.27530921974862826,103.3760000000001,24,4.307333333333338,c4a9d51af35f27f1e99f5960f01d8721e1c9a7ae761cc52d68b81ecc3366390d,7742f46ba78ed9fa88c087d5ec69553ce3988bd974cf12b77459f3fa28b99e2d,150278,a12cdbd1a66c439f3787f135b9151d2fc09e09e14ea31120f5560cf53bbd5ccf,227cd5b6765383dfee1694fbb580e2dc63700529c0eeff587f32126aa18e36ba,b65f9a03804a1d2d42708ab7f67268c3e83531b6297183addbd74212dcacca6d,bb12207dc8b6297da29e1d35f87d73a6f3e65dba7dfd2d6115743a1defd14198,3da5975ca6acc654593a1de5d15d858123ad04ab1c35fae25936478de7fbc8ed,14.42607,/tmp/buckeye_slicer_O12.5_4_wmvbbodc
s22,s2201a,O0_2,54,11,0.2037037037037037,5,0,0,0.09259259259259259,0.0,0.0,54,11,0.2037037037037037,5,0,0,0.09259259259259259,0.0,0.0,323.9832690000002,96.09545200000015,0.2966062176500852,111.68800000000027,27,4.136592592592603,b8f9c3af61c5c18d8b52a1cdb992e5c98e154bc752c5665b52bea987b6d3c947,7742f46ba78ed9fa88c087d5ec69553ce3988bd974cf12b77459f3fa28b99e2d,300555,ba353332fa072e9a3573283447d58ba71055aca48a8332e9d2948027e6e3b733,79b9a64444d07fdaff6499714dfe431bf8697ada31b19070e63c61af7a583198,1958bc64edae3a326cce3499183e9586ec29591717894b788f392e0158816ad2,24ac0da8af12c646343a4688f40daf301c48e324d71ec7957c957876dbf5cebb,8c337afb4f3d89561dba3b6aeecbd5eb80d59852feb41388ca7d5b953cb5bb94,28.60587,/tmp/buckeye_slicer_O0_2_i6i5uelg
s22,s2201b,A_O50_8,60,10,0.16666666666666666,6,0,0,0.1,0.0,0.0,60,10,0.16666666666666666,6,0,0,0.1,0.0,0.0,342.59070799999927,114.37187299999988,0.33384406035904546,137.30399999999997,30,4.5767999999999995,72ea8093df3fb11222b7291a784e2272246d6349ad6d5da63900e79412997498,7742f46ba78ed9fa88c087d5ec69553ce3988bd974cf12b77459f3fa28b99e2d,70800,4bed228130a5c695ad0eab687225cf3c6609753457ef1d9bc687d3e49ac26584,ad0a243406e4d0c61ca83a062fc982440827ee6961a9d93e7f7a1e451226b11b,b8fa1a75e2e5c871288438d73e027d20da17ef74b5ffbb5f016a8bdd68d2efe0,4e8070b631f4e90e2bccea929a1bd70efd6d4728d1400ffe5d62068c3b3020a3,a95cdd2f941320853fd4a34cffb99c046d5ed5d4865fe8ffc13f1ef31835a898,6.600803,/tmp/buckeye_slicer_A_O50_8_w8x34s75
s22,s2201b,D_O0_8,56,8,0.14285714285714285,4,0,0,0.07142857142857142,0.0,0.0,56,8,0.14285714285714285,4,0,0,0.07142857142857142,0.0,0.0,342.59070799999927,103.22951099999986,0.30132023020309145,122.22400000000015,28,4.365142857142862,b35b56fbf50e01487bef7f59ef870fe839ea7b8d3f84afb9014d7c5503a3e4dc,7742f46ba78ed9fa88c087d5ec69553ce3988bd974cf12b77459f3fa28b99e2d,70800,3eb53642599eeb55ff1140f076d26fea4e7ad3ef3bf2f08576d18c4124cb52f8,0feec780c37d486e95efbf3f32c7f8e1e510176c69de570609ac20f4b6bf3e19,9cbd7b68eb806f8aa03cd61bbcf1ff4432de19f8e655838a0aca4f27642e84a7,ef8ca46e7987145d735fdf00113cbe8d17806ae4be2f1c21ed637ebdd31b0563,bcd29cb5c36d1a2e16115d9d745451bfb78774d643385fac66696956167f5f24,6.519655,/tmp/buckeye_slicer_D_O0_8_4dzyzpme
s22,s2201b,O25_4,60,9,0.15,6,1,0,0.1,0.016666666666666666,0.0,60,9,0.15,6,1,0,0.1,0.016666666666666666,0.0,342.59070799999927,114.52865499999992,0.3343016968224373,135.53999999999988,30,4.517999999999996,5c718a3fdc193cf92e8babe55085d9a6c49c09e1bb11c69c0d3e71192acf39c2,7742f46ba78ed9fa88c087d5ec69553ce3988bd974cf12b77459f3fa28b99e2d,141600,44848d14dbd1e8873eb0c95d5f580b3f6cb692f812accbf81c3f95219c60f938,ef33f1668558f37a69fd8cc6acda9adc50a0276bbc77af8d4913ec8be9c7bb66,c56b19862a447c427c8169d20cc8f86d5e841fabb708892b283ea33416119a6d,ad20f35af8a1e09c106bdaf178e55cf06aa9adb6727b29f060252635d35fed1d,949a398d2aa87bedaeaeeaf3f5d67ad3921d5ee3b7cd0e29e5a2db24f6d52773,13.067199,/tmp/buckeye_slicer_O25_4_ma0_no20
s22,s2201b,O0_4,58,9,0.15517241379310345,4,1,0,0.06896551724137931,0.017241379310344827,0.0,58,9,0.15517241379310345,4,1,0,0.06896551724137931,0.017241379310344827,0.0,342.59070799999927,107.25100399999984,0.3130587067761338,127.01600000000003,29,4.379862068965519,87130029b5443647ed1f1febd32ab768bf957a0a1698217eb3cf14b2d00c6ecf,7742f46ba78ed9fa88c087d5ec69553ce3988bd974cf12b77459f3fa28b99e2d,141600,efa359242ca10635a0f3f745b6f3e4c1269ba96ae92c2617eb33e16452fd1e7b,a9dc20a0692dd053cac791b07ad56ec03cf757d4e0d97ce6af10414fb73a3db9,921ba475a04bcbdd0a49d6afde77cacec3ae4144bbbf4f4bb5783801559eb7e0,c0ef9a2197d735b8560d1f762aa1a97f2b6a38df9b2bd2216165c6133c31ea41,438ea065f09b25b2ce518d91a504c34cecca689fdcfa2481972eea11542011bb,13.080251,/tmp/buckeye_slicer_O0_4_d3eu22uv
s22,s2201b,O12.5_4,60,12,0.2,6,1,0,0.1,0.016666666666666666,0.0,60,12,0.2,6,1,0,0.1,0.016666666666666666,0.0,342.59070799999927,112.48074599999993,0.32832398361487425,133.54799999999977,30,4.451599999999993,c4a9d51af35f27f1e99f5960f01d8721e1c9a7ae761cc52d68b81ecc3366390d,7742f46ba78ed9fa88c087d5ec69553ce3988bd974cf12b77459f3fa28b99e2d,141600,ef06089016b454924b6b3eb5dab5921e49c41623fc8ecd12f248d087620f3127,3cfea562afbcdf5df8f5ffc333ba1d2d8f1db8a6de5389413f7bc71f8b8dde6e,39410c2be441c4a2048a8e76fc2c5ee5c60123937fe1bcc1d1d05e80696a68e3,542decbc8f0f4d453787a30eabdf8341f47d538aa7df49dbf24e33d1483bca81,3a024dfd2f94a748ae8da3c3cd560666a2637686aeeb5a5560a6d52e8d1da4b0,12.944009,/tmp/buckeye_slicer_O12.5_4_3qsj1egf
s22,s2201b,O0_2,60,10,0.16666666666666666,6,0,0,0.1,0.0,0.0,60,10,0.16666666666666666,6,0,0,0.1,0.0,0.0,342.59070799999927,111.38895099999989,0.32513710500285997,131.61000000000013,30,4.387000000000004,b8f9c3af61c5c18d8b52a1cdb992e5c98e154bc752c5665b52bea987b6d3c947,7742f46ba78ed9fa88c087d5ec69553ce3988bd974cf12b77459f3fa28b99e2d,283200,454d1f2388d805a947df90719227e88d68372eaf914c87c5edfc3a06edcc51df,317177c0ef7c769a54d616795f80f232bd76480804d287ef65cd2838e86c495f,6937ce00bdd654891adfa670ad3ffb7813aa74971f709a0a1d33700256d26784,66aea42a56227d0185aa090c3244007aa812cfeefbfae9a688acac78efdebd5f,09d57d8bceafd44f4997f555165a36ffacf0c8231888d2b143a7fc8315c02ed7,25.927112,/tmp/buckeye_slicer_O0_2_3gokg7se
s22,s2202b,A_O50_8,54,11,0.2037037037037037,7,0,0,0.12962962962962962,0.0,0.0,54,11,0.2037037037037037,7,0,0,0.12962962962962962,0.0,0.0,296.8867750000001,96.51037200000012,0.32507467535392937,111.8720000000001,27,4.143407407407411,72ea8093df3fb11222b7291a784e2272246d6349ad6d5da63900e79412997498,7742f46ba78ed9fa88c087d5ec69553ce3988bd974cf12b77459f3fa28b99e2d,70995,3b790a4b7e96a17d29f8bacd2b25b5cebdd1a27291eb7534f1d07e4fa5db5daf,cf8ac02277a8cb91f8ba50c86f5059ca26cc95fd0f1c673c1f4ee0f85981b5e5,32c5f17626bc965278618c062fdcdc827a4385379a119855d45737f0ba7f316c,8afd0d28245944bee7eed56496eeaa8031e8e47bef64e68a35bae6f639166612,e92f13e33d9fb59c4c8458f2adb488ad270a065edd544bc35d758c7889672349,6.840493,/tmp/buckeye_slicer_A_O50_8_j6badcyf
s22,s2202b,D_O0_8,50,9,0.18,3,0,0,0.06,0.0,0.0,50,9,0.18,3,0,0,0.06,0.0,0.0,296.8867750000001,91.71081200000012,0.30890837761298084,106.31999999999991,25,4.252799999999996,b35b56fbf50e01487bef7f59ef870fe839ea7b8d3f84afb9014d7c5503a3e4dc,7742f46ba78ed9fa88c087d5ec69553ce3988bd974cf12b77459f3fa28b99e2d,70995,51fff9826d44cf58721810c7b58332054ff83f554f13276997dbb17a37910ec8,92f71e115c0461d7cef96bae7a8c5853617973d89807cdad4ecd7dbac77c8891,9442b8500b562ee3f6b368dbb0b8abaef08c88df61821a3d721ce5f8638124bc,d57970219b22906459d881175129df44e037db6266fd012b21d416d1f5eb6f22,7114b0425df063ec7d2b047603861f047c11c436cdabb7590fc469d1b929a70a,6.693621,/tmp/buckeye_slicer_D_O0_8_9vjfv5se
s22,s2202b,O25_4,54,10,0.18518518518518517,8,0,0,0.14814814814814814,0.0,0.0,54,10,0.18518518518518517,8,0,0,0.14814814814814814,0.0,0.0,296.8867750000001,96.51582700000014,0.3250930493620004,112.71200000000009,27,4.174518518518521,5c718a3fdc193cf92e8babe55085d9a6c49c09e1bb11c69c0d3e71192acf39c2,7742f46ba78ed9fa88c087d5ec69553ce3988bd974cf12b77459f3fa28b99e2d,141990,5e151a05e9cb46795ad1e4c91ee121f6a8f037d92a9f0481e384a7fda84fdde0,ce8f4bcc986eb6a5425d38394065ae1817726ccb0a8a5d3dfdfbc3b93ad12e9b,f8679e80bfede4da79fb6adecd8aa2fab6b4a707fcebdd6b6b887d78c9730470,3940ce0a16d00b29edb44f63d9614033ea496aaa3daa070e062d35955c583b09,6f708a6684947dfe61bb71c33301c20adae6f87708fda3f0640a922dc37587eb,13.408969,/tmp/buckeye_slicer_O25_4_rvsgdrlt
s22,s2202b,O0_4,52,9,0.17307692307692307,1,0,0,0.019230769230769232,0.0,0.0,52,9,0.17307692307692307,1,0,0,0.019230769230769232,0.0,0.0,296.8867750000001,94.54787300000014,0.31846441459037744,110.04400000000004,26,4.23246153846154,87130029b5443647ed1f1febd32ab768bf957a0a1698217eb3cf14b2d00c6ecf,7742f46ba78ed9fa88c087d5ec69553ce3988bd974cf12b77459f3fa28b99e2d,141990,4f07dbd60dd1e1145e8f3e27996646a3c60b87c3788562a5caab3e0f6807fa45,f5d252f9ed2fff0edc3227d4d4936c75037c21081b26a81e7ff78d7b8363f06f,b83388478c7230acae93c1a4bb1009572bba48b566c60972314c8ef4cc43073c,351d2f02abd72d67c43c55daa56d7083ab9d98d8cb84069760cd6767797c1861,11fa8418cafd3b27f36dfcf4ad24b2a28c39eff8b2b49a2930956732c63ee7f9,13.362477,/tmp/buckeye_slicer_O0_4_6oud74fm
s22,s2202b,O12.5_4,52,9,0.17307692307692307,5,0,0,0.09615384615384616,0.0,0.0,52,9,0.17307692307692307,5,0,0,0.09615384615384616,0.0,0.0,296.8867750000001,94.41187300000017,0.3180063274964004,109.72800000000004,26,4.220307692307694,c4a9d51af35f27f1e99f5960f01d8721e1c9a7ae761cc52d68b81ecc3366390d,7742f46ba78ed9fa88c087d5ec69553ce3988bd974cf12b77459f3fa28b99e2d,141990,dfa833807784d57978f309c036badb2d1621fcaedc92d36e9911121f15d9c214,87d2ace776b99b81c022fae71ec512e010da09f806b617bd55c30c86715c7fb3,6cefcf07882405dec3c1ba31c39649817cd0041e0b2bd222d6eca21fe21f1e90,ecfb0b922223e90646a2f9dfde65ebd0d5821c7ccd8b9f7cb53f6d7c1a4f3bae,899dcb5b0abeae59accfc622b48544db7c09ad70774a77aa37962e48975a4234,13.490026,/tmp/buckeye_slicer_O12.5_4_nwl44tkx
s22,s2202b,O0_2,52,9,0.17307692307692307,5,0,0,0.09615384615384616,0.0,0.0,52,9,0.17307692307692307,5,0,0,0.09615384615384616,0.0,0.0,296.8867750000001,94.4698730000001,0.3182016881688316,110.00199999999998,26,4.230846153846153,b8f9c3af61c5c18d8b52a1cdb992e5c98e154bc752c5665b52bea987b6d3c947,7742f46ba78ed9fa88c087d5ec69553ce3988bd974cf12b77459f3fa28b99e2d,283980,5e444e4702e90ccee53eb4d058ca696f4afe0cfb12547e2e1afa5394ee0c7187,f62508629b87f6f23994a0c09897471975a496f8fe5de055b2d76c01d46ba9df,2c8c35823e706e8314b2b48ca9c5cea30bfa87c78fedaebd51c7d9a545d73094,f459ff8196bdfc7965db3d65bc4f6d80d5c112bb67f70c314d6524937280edc0,a05898c0469319acf30804fead86ca283bf4cd952acde161bf360a19489cc99a,26.898163,/tmp/buckeye_slicer_O0_2_uoz31jrg
s22,s2203b,A_O50_8,50,11,0.22,6,0,0,0.12,0.0,0.0,50,11,0.22,6,0,0,0.12,0.0,0.0,293.0139249999996,93.84773399999995,0.32028421174863986,108.71199999999993,25,4.348479999999998,72ea8093df3fb11222b7291a784e2272246d6349ad6d5da63900e79412997498,7742f46ba78ed9fa88c087d5ec69553ce3988bd974cf12b77459f3fa28b99e2d,66829,bf095924382bb951c1e4b15bb3804e9d097826e142c8e988e1690d5a430debdf,ba3797bd6f4272818a5b30ef4c49f57f4488ca0588ee603cde003e477a85d9f3,ae5fc2d1f67fb3b553cefff7da5cdfa227af12cea38b012192738988c2de2970,b36b972922206237b5ccf9f1e7f1e1fbd7d983ffbab55949fecb003d74ff322f,64954acfbb730e5097d5c1590f5f9e145745598738a541baa4a911c3071a7026,6.222037,/tmp/buckeye_slicer_A_O50_8_5n0szkbf
s22,s2203b,D_O0_8,44,9,0.20454545454545456,3,0,0,0.06818181818181818,0.0,0.0,44,9,0.20454545454545456,3,0,0,0.06818181818181818,0.0,0.0,293.0139249999996,83.2667,0.28417318391950186,97.17600000000013,22,4.417090909090915,b35b56fbf50e01487bef7f59ef870fe839ea7b8d3f84afb9014d7c5503a3e4dc,7742f46ba78ed9fa88c087d5ec69553ce3988bd974cf12b77459f3fa28b99e2d,66829,c136f64bae089b1b24900cbd69e6802435ff29d04c91a332096462af6423d4a8,6542ecd04f1bd2d7222c94e6f65abc079a731c091dd12f57e58bc9a8e4264c4f,51c43e3dda7d680158a0d9a1f43803cfa015ff851255f5a03b6a8cf1fd7482ee,260430cfc14336552825111d8818505aaea3b7a284554d389c5dfb6b9a8770a0,98fb2c9f719504117ba14d372b053d25992407b9919f7482027cf9efe4d69e44,6.151827,/tmp/buckeye_slicer_D_O0_8_niifug1u
s22,s2203b,O25_4,50,11,0.22,4,0,0,0.08,0.0,0.0,50,11,0.22,4,0,0,0.08,0.0,0.0,293.0139249999996,93.98773399999995,0.3207620047409013,108.95200000000001,25,4.35808,5c718a3fdc193cf92e8babe55085d9a6c49c09e1bb11c69c0d3e71192acf39c2,7742f46ba78ed9fa88c087d5ec69553ce3988bd974cf12b77459f3fa28b99e2d,133657,3b9a03e13ffbbcf581bac37ca966e89a8f4f0707f47afb917463308e1ff4487c,063017a10d060079002c78a031003ccbbb49a98a6f722a7587031db9397c6aa9,0aafa3d45da1e57d99bac8eed25654311116c092ded91a3daf483ab92d84627b,48c24f7eb29d3f8c0dfa43f47d41dda0b4067a9233435af1796332ed9d6f3539,d3d0eb214feba8e9e86c1760a460e17d5a7bcb197a5437887488343d6c784709,12.23023,/tmp/buckeye_slicer_O25_4_qeyq0xhe
s22,s2203b,O0_4,46,10,0.21739130434782608,3,0,0,0.06521739130434782,0.0,0.0,46,10,0.21739130434782608,3,0,0,0.06521739130434782,0.0,0.0,293.0139249999996,86.65587999999997,0.2957398014445904,100.72400000000002,23,4.379304347826087,87130029b5443647ed1f1febd32ab768bf957a0a1698217eb3cf14b2d00c6ecf,7742f46ba78ed9fa88c087d5ec69553ce3988bd974cf12b77459f3fa28b99e2d,133657,37b18c0bd261016ae80cfe573197e3dacc24b0e3a7f8ad567b8f4dfd2f76fb9d,d83112d99e128ca8714b9e2fef9bcc98ac18208d13fc0714ba6a06ab8fea1aec,67b1ebd094c3d1288dec4757454543aaf3082f8499fbf921a5d8b16140fe6079,8f928eadb56e6aed10e15e08e8930abad90797ed73eef0af58c9628232face15,20643f902f3299c63f29505725a889b039fd416a830e1f02f426eac861214cdf,12.12727,/tmp/buckeye_slicer_O0_4_b9kli9xw
s22,s2203b,O12.5_4,44,8,0.18181818181818182,2,0,0,0.045454545454545456,0.0,0.0,44,8,0.18181818181818182,2,0,0,0.045454545454545456,0.0,0.0,293.0139249999996,82.51879499999995,0.28162072843466424,96.02000000000011,22,4.36454545454546,c4a9d51af35f27f1e99f5960f01d8721e1c9a7ae761cc52d68b81ecc3366390d,7742f46ba78ed9fa88c087d5ec69553ce3988bd974cf12b77459f3fa28b99e2d,133657,cad3a3d7ab73cc903da895c4a6941e32cd1788e59d6bcb486c81c0aa71a86eef,fe8ee4b0fe78bb62e02a7c8cc5e747f10731a372c3f26b30998c19f70ca8132d,58e425a66e0e6c439f56fe65f8269f36bbe0790814d6894a568abc528b155d89,bb38e55412a12748c75657ca290a89f847b85976ff8258168913d36a32ea229a,248c29486ebecf88c1a8f71a7d4d5454353b3fceb28f38185b0ae918ff3c4eec,12.223253,/tmp/buckeye_slicer_O12.5_4_rs48m7zo
s22,s2203b,O0_2,48,11,0.22916666666666666,4,0,0,0.08333333333333333,0.0,0.0,48,11,0.22916666666666666,4,0,0,0.08333333333333333,0.0,0.0,293.0139249999996,90.676611,0.3094617806986481,105.43000000000012,24,4.392916666666672,b8f9c3af61c5c18d8b52a1cdb992e5c98e154bc752c5665b52bea987b6d3c947,7742f46ba78ed9fa88c087d5ec69553ce3988bd974cf12b77459f3fa28b99e2d,267314,e07f9e147d520bfe172c1b5850cb122483af87dfacdc5b64ad68f62217051682,9973bfb4c27080f4c94a0e9db937fcd94e18eacf66c10e0b0b4cacdaeb651bec,4b33214958d52ec36838c9a0a1a6da2380e2244c35f307c104f92f342b808792,59daaf29e9720102701b6bf4887fea20e6ad3c3fa53c2d177efeaf949cd5198b,e94b19e0bb2ab588b7ea0869a510e0c2dc12513735a63a9c6a9de803e5bb1c88,24.040348,/tmp/buckeye_slicer_O0_2_m5_ezpmu
s24,s2401b,A_O50_8,62,5,0.08064516129032258,3,0,0,0.04838709677419355,0.0,0.0,62,5,0.08064516129032258,3,0,0,0.04838709677419355,0.0,0.0,255.15574200000026,120.9899500000002,0.47418078484786785,132.93599999999986,31,4.288258064516125,72ea8093df3fb11222b7291a784e2272246d6349ad6d5da63900e79412997498,7742f46ba78ed9fa88c087d5ec69553ce3988bd974cf12b77459f3fa28b99e2d,71353,f75cee05cd7bc190cf1478d2193ef86d6b556a8c15f27b274ba90581164707ec,7106044d25cbc7d690b10e0a585b4f6a6b0831ce439b39d41e37fff805ee3504,5cb22e54be665b5bde25e4bd6fb0eff4046b73e8b62f34109bbd22546bee6673,05d50c8b0288bfba456696365c45c1e6a8eabf94615197f586fda7fedd194431,a5c2b6a32b0e4587e65f3e761159b86477a7bd267b35569f57ea4f9c148f2d15,6.921492,/tmp/buckeye_slicer_A_O50_8_z4pmmc6n
s24,s2401b,D_O0_8,56,4,0.07142857142857142,2,0,0,0.03571428571428571,0.0,0.0,56,4,0.07142857142857142,2,0,0,0.03571428571428571,0.0,0.0,255.15574200000026,110.75451600000018,0.43406632800762157,122.68800000000007,28,4.381714285714288,b35b56fbf50e01487bef7f59ef870fe839ea7b8d3f84afb9014d7c5503a3e4dc,7742f46ba78ed9fa88c087d5ec69553ce3988bd974cf12b77459f3fa28b99e2d,71353,f970808290dc406b4d4a8fa193fc38a50b1bc8b35daf7a90935b81426eba8da0,58fc2841b3711e9cb215817a03048f17cff468754f0bd4db3bb7aba22c3ab47a,1fcb4e93207e6a9a13690a70d8c8f91839a94fd08769e08c0da11fdab01c5155,e04cff2d2092286f615fbe8200de11b7b2a0e22cb891de8ab2b7f51af8ccb388,1d9fd485512e329faa4ac3d6e6d0dc9508554b391bd1166d883e0dde9b4a1f78,6.732821,/tmp/buckeye_slicer_D_O0_8_eub1t4bw
s24,s2401b,O25_4,64,6,0.09375,2,0,0,0.03125,0.0,0.0,64,6,0.09375,2,0,0,0.03125,0.0,0.0,255.15574200000026,124.20065400000009,0.48676409563222744,137.49999999999991,32,4.296874999999997,5c718a3fdc193cf92e8babe55085d9a6c49c09e1bb11c69c0d3e71192acf39c2,7742f46ba78ed9fa88c087d5ec69553ce3988bd974cf12b77459f3fa28b99e2d,142705,0eaa155ae96403d491633ad8726942319f0f4e3d0ca99c624a541e4ed1a11d53,91d5466284a231bcc9db5be27e1b9caa304b95d360c77f5e9b7c3cb95e46697a,e067be00a6c118c5fcb338d5f8d4fb2f4d0da6638e08c7c5510121ebe9452dbf,c18dfb4e4998e2462c1be07dd735d2e649a387d083735841f920f2d2466c063d,c5bbfe8422b5269bec09d2df2b422abc1ebec1aebc37f7b568e193efbce63bd0,13.485434,/tmp/buckeye_slicer_O25_4_d3o6dfn0
s24,s2401b,O0_4,64,4,0.0625,3,0,0,0.046875,0.0,0.0,64,4,0.0625,3,0,0,0.046875,0.0,0.0,255.15574200000026,124.16631200000013,0.4866295033250712,137.33599999999973,32,4.2917499999999915,87130029b5443647ed1f1febd32ab768bf957a0a1698217eb3cf14b2d00c6ecf,7742f46ba78ed9fa88c087d5ec69553ce3988bd974cf12b77459f3fa28b99e2d,142705,0dce2d458ff601f38e4dc487936f61e08548639d10c8a1d7f09690dd1bda3d17,ca61bdb2a60387bedff20951954a6ecc69e59229a58e673220cac57e5b1a85b7,3f227c1846343c12e801ae09797275353a3a6123405757aef6836333917d67bd,5dd10fbaac0856b87213c68127860dd69c68040678413b2495cc02efb90b2c5d,29a9718da0787e7a06c419e78612d1407dc4cdd632fa31370d416365b4dac3f7,13.499104,/tmp/buckeye_slicer_O0_4_8d9nwo6x
s24,s2401b,O12.5_4,64,3,0.046875,2,0,0,0.03125,0.0,0.0,64,3,0.046875,2,0,0,0.03125,0.0,0.0,255.15574200000026,124.21245600000013,0.4868103497353393,137.53199999999995,32,4.297874999999999,c4a9d51af35f27f1e99f5960f01d8721e1c9a7ae761cc52d68b81ecc3366390d,7742f46ba78ed9fa88c087d5ec69553ce3988bd974cf12b77459f3fa28b99e2d,142705,08197ce3e59675a5995afeff3d7d1e0b25f6b1f497d877903eb29b344d1b4f88,28850dee631a73e1d9a5734b919786ecb756973062133701ca6bcc1013bb138d,e9e9538ac8c477e7fe383da5d335b6496c4e7689ac0e830939e11991875ccb13,aa66f518b45e30444c012e70faefffd04e19b77ad6fd6e199f03c79ecfa48d15,fd67851d291222fb1d329409ee02a109a4bbe93749fa25c89ab4b20c47df4ca9,13.485417,/tmp/buckeye_slicer_O12.5_4_ng5h2p1f
s24,s2401b,O0_2,64,3,0.046875,3,0,0,0.046875,0.0,0.0,64,3,0.046875,3,0,0,0.046875,0.0,0.0,255.15574200000026,124.19045600000014,0.4867241278857836,137.40799999999993,32,4.293999999999998,b8f9c3af61c5c18d8b52a1cdb992e5c98e154bc752c5665b52bea987b6d3c947,7742f46ba78ed9fa88c087d5ec69553ce3988bd974cf12b77459f3fa28b99e2d,285410,f9b63b5ad2fb938d8c0f940a018fc292b897889697e966bcc6a43976d2946f64,9aefa39e899ddd930040d2b839607ed3d84d5e10d60ac75facdb90e372340b71,219db56c6ccdd56e4bc78a9c2c87600eba3c38dde8078a87b149813d56754390,3c2c3e88442c72309519a2e1f04384675113c3ccfd8d1e4a9ac7bd9235a35526,575f9abd500e769f1330a4f4c10f86253362db0f789636c7454b84b8693279ef,26.938884,/tmp/buckeye_slicer_O0_2_96ygizv3
s24,s2402a,A_O50_8,70,2,0.02857142857142857,1,1,0,0.014285714285714285,0.014285714285714285,0.0,70,2,0.02857142857142857,1,1,0,0.014285714285714285,0.014285714285714285,0.0,318.3237590000002,146.42253599999967,0.45997991623364676,160.76800000000006,35,4.59337142857143,72ea8093df3fb11222b7291a784e2272246d6349ad6d5da63900e79412997498,7742f46ba78ed9fa88c087d5ec69553ce3988bd974cf12b77459f3fa28b99e2d,75251,2fba122f885c476d0dc2076dbf4c7b3d346f1410f6602ab3966d0e2be1f3aae9,40e7ea196c776f36f55f61eec6e9b0acf9a5818cbcf1efe44dd61a0445018172,542b0bd3f32aa8038d7d3355fe19a68bc92a743a6615b667d122459c2c35b262,aab8bb244a1290e48fc0dcee93e4dd428985e5a476f0f356ff7b35f8f984d765,fbb00a244053bbb880ec614eea393797cc4a6f731e4685c47ccfe45f2108861e,6.886386,/tmp/buckeye_slicer_A_O50_8_n3ut507c
s24,s2402a,D_O0_8,68,2,0.029411764705882353,1,0,0,0.014705882352941176,0.0,0.0,68,2,0.029411764705882353,1,0,0,0.014705882352941176,0.0,0.0,318.3237590000002,141.56239799999963,0.4447120078146587,155.75999999999996,34,4.581176470588234,b35b56fbf50e01487bef7f59ef870fe839ea7b8d3f84afb9014d7c5503a3e4dc,7742f46ba78ed9fa88c087d5ec69553ce3988bd974cf12b77459f3fa28b99e2d,75251,0598be770b7e6c50fff1bb083705b75c5783c873e3cf204edd88ecf90f396e7c,4f706c4bf73321b5493ebe6305c2609a41ae1ed8aa40145465e1abebc8f28007,66363922f4f2beae20984a8c57ae069f323b798b9d53195043c7a2e4846c0046,8c83c0cc073cd320a166ce127f3000fac63a5de497b658eb8fc2fa81599703cc,ce78ec07c9cba76cc271774e0e63e545da2146ee256239eb1ac4cf1e7f35cb2c,6.811368,/tmp/buckeye_slicer_D_O0_8_4zbm_vvd
s24,s2402a,O25_4,70,2,0.02857142857142857,1,0,0,0.014285714285714285,0.0,0.0,70,2,0.02857142857142857,1,0,0,0.014285714285714285,0.0,0.0,318.3237590000002,146.4305359999997,0.4600050478795697,161.08799999999997,35,4.6025142857142844,5c718a3fdc193cf92e8babe55085d9a6c49c09e1bb11c69c0d3e71192acf39c2,7742f46ba78ed9fa88c087d5ec69553ce3988bd974cf12b77459f3fa28b99e2d,150501,bf98926b28efabb012c0f9f552b36ac4b562078cdeac6c7cfaaccfceb20c6124,33d44b8b8957333b4e43e24266d73b85a0b4a89df177fc4b9cc3d8f6c4be4960,e702e797ca49c8dee252bfd75befdba7eed7153e62dc3770fb1bab29de38af58,40aabad0bf4b6307374d803c3905c9f702a882490ddeddaaa4ad4a4d0cf1a4bf,95d67708b0a594dce6fb7da1e986719abca4d7895dae868c7915b7494d84eee7,13.546452,/tmp/buckeye_slicer_O25_4_nhfmq86s
s24,s2402a,O0_4,70,1,0.014285714285714285,0,0,0,0.0,0.0,0.0,70,1,0.014285714285714285,0,0,0,0.0,0.0,0.0,318.3237590000002,146.47305699999967,0.46013862571910497,161.07199999999997,35,4.602057142857142,87130029b5443647ed1f1febd32ab768bf957a0a1698217eb3cf14b2d00c6ecf,7742f46ba78ed9fa88c087d5ec69553ce3988bd974cf12b77459f3fa28b99e2d,150501,13bd7bbfcf4a1f37b178f7cc415de333e226ff6aa8dff70dca7369233110d000,4ed9d2deeb540f32b049058f8c286214edcf3cbf4480f36f81b6efd90aaf3831,08f6aadfa69f9178811f631495f30797c1e68d5fd1452ae4405fe5c674c8a6ac,4497d18104bc490aaeff8ae14a2f837a4e68b6fd9c3748d8fd1669a1f66843b5,edb9502c7dbeef2de734b1f5c874f6b010e2297ddf96b12a4d1c56a40135540e,13.589916,/tmp/buckeye_slicer_O0_4_k30vj0w8
s24,s2402a,O12.5_4,70,2,0.02857142857142857,1,0,0,0.014285714285714285,0.0,0.0,70,2,0.02857142857142857,1,0,0,0.014285714285714285,0.0,0.0,318.3237590000002,146.43053599999968,0.4600050478795696,161.05199999999988,35,4.601485714285711,c4a9d51af35f27f1e99f5960f01d8721e1c9a7ae761cc52d68b81ecc3366390d,7742f46ba78ed9fa88c087d5ec69553ce3988bd974cf12b77459f3fa28b99e2d,150501,602d2cbd6a2f157ec17f18d2f95a9df3e5186eafb8c7b86226ba2b818004e72c,88742b54d5b6b9c807d341d568e2a7422bfefec42cc10fc29aecf23ae6a880dd,69820eff436d16c92e8bead3de74433b21925e9fe79acbe9e7ba11a91b5cf0d4,5fb3cd965cd269c55c2a80cfcd874a845ec517ac3c08b20c596bc75fb7496a24,3f4a6ce61fbd9bebb601c83eb18bc5e3116101cd893d792fd1819cac7f67301a,13.670226,/tmp/buckeye_slicer_O12.5_4__wojjebh
s24,s2402a,O0_2,70,1,0.014285714285714285,0,0,0,0.0,0.0,0.0,70,1,0.014285714285714285,0,0,0,0.0,0.0,0.0,318.3237590000002,146.47505699999968,0.46014490863058566,161.08399999999986,35,4.602399999999996,b8f9c3af61c5c18d8b52a1cdb992e5c98e154bc752c5665b52bea987b6d3c947,7742f46ba78ed9fa88c087d5ec69553ce3988bd974cf12b77459f3fa28b99e2d,301001,a7d5452894a5af7bbb0a2b04df6982a3b388e022249f0aea4174d5e09d120781,5236fc74176b244ef5694af30d22c25f18641a1275d8b4c8b6d170431c7caf44,efa11bea1e64f7065cf5594e3f6eca6e56f869412164b53d3fbc3f0063a0d7c0,4852a082bcfed5f0f0e8063f80f49090b145914897acf4aac6201a5bdaebca9e,7a3a7a32916a114b6d59b4efaa1863d808d9bc229edfe93641d6eaf69dfcb8c6,27.267531,/tmp/buckeye_slicer_O0_2_p2m86cc2
s24,s2402b,A_O50_8,84,4,0.047619047619047616,3,1,0,0.03571428571428571,0.011904761904761904,0.0,84,4,0.047619047619047616,3,1,0,0.03571428571428571,0.011904761904761904,0.0,292.2592680000001,169.8522099999999,0.5811696277840532,184.7520000000001,42,4.398857142857145,72ea8093df3fb11222b7291a784e2272246d6349ad6d5da63900e79412997498,7742f46ba78ed9fa88c087d5ec69553ce3988bd974cf12b77459f3fa28b99e2d,71320,664b1bb183925442d02a586d6f394b1a81da78e59b1008a02b77beb71e40b035,f53a2bdb7ff8fbc5d7ba45646a3a53c742aafecd5e11efc6760350f7f2869167,97d51f54b84cb8e0b18ce988ea7f59a8fda258c51225d63c29905049aab3db64,11403f204c13e8ce6974d20876a823338829c1ff7264a959dece6a358f682783,dd5694deef8791a086d0b7ae7395fcc53a975e5d8c166fd5111ce52dbcd92ce8,6.879961,/tmp/buckeye_slicer_A_O50_8_swcjmfra
s24,s2402b,D_O0_8,82,3,0.036585365853658534,2,1,0,0.024390243902439025,0.012195121951219513,0.0,82,3,0.036585365853658534,2,1,0,0.024390243902439025,0.012195121951219513,0.0,292.2592680000001,166.35416599999988,0.5692006523468054,181.19199999999992,41,4.419317073170729,b35b56fbf50e01487bef7f59ef870fe839ea7b8d3f84afb9014d7c5503a3e4dc,7742f46ba78ed9fa88c087d5ec69553ce3988bd974cf12b77459f3fa28b99e2d,71320,51963109d72114d2adb989a495c858244ac36559604ab9ea0f636951ac06c8a0,3f4ed9a6b4cafa073be38d5177357d94cd93aa27be043e21ba9d37fecc2e2717,5a6ce510ddb59734741cde3a22e6796bc438eb40a7e839a61597e81da7d6eea2,f7a35628d41c7e690971434351018ad435836840526f272bd29b8b5e91cd2768,b356e173868194491b1e989d9d962d086c27645c418f69762bb8b3ffdef01d23,6.755362,/tmp/buckeye_slicer_D_O0_8_clpv7pwj
s24,s2402b,O25_4,84,3,0.03571428571428571,2,1,0,0.023809523809523808,0.011904761904761904,0.0,84,3,0.03571428571428571,2,1,0,0.023809523809523808,0.011904761904761904,0.0,292.2592680000001,169.87016499999993,0.5812310629615342,185.0439999999998,42,4.405809523809519,5c718a3fdc193cf92e8babe55085d9a6c49c09e1bb11c69c0d3e71192acf39c2,7742f46ba78ed9fa88c087d5ec69553ce3988bd974cf12b77459f3fa28b99e2d,142640,818b4557568953582a6cd575a663d3e1d96e226f23c27350842e8e858b7b4648,47853bb5fcb7447d034ba1f055b3e841d6f4aeac6182bf2dbec889bcf6c89b66,21a2ef3189921d687cb84d770f7df9e584498e35fa3ce22a7f9b921bfd30ecb7,3e82d11e4ab563cea1ef894d581f16f132a94a85c00a1b652ad97c5af6310d4d,6ccc29bde7cfcd6771082621d65925a96432ec827744c49153bf71954a2e7c1d,13.587824,/tmp/buckeye_slicer_O25_4_twmva9lo
s24,s2402b,O0_4,86,4,0.046511627906976744,2,1,0,0.023255813953488372,0.011627906976744186,0.0,86,4,0.046511627906976744,2,1,0,0.023255813953488372,0.011627906976744186,0.0,292.2592680000001,172.65595399999987,0.5907629728272632,188.2,43,4.376744186046511,87130029b5443647ed1f1febd32ab768bf957a0a1698217eb3cf14b2d00c6ecf,7742f46ba78ed9fa88c087d5ec69553ce3988bd974cf12b77459f3fa28b99e2d,142640,cb84b2f8e876d774f622bac238e142c063828a0b367c498bf3ab1d76b8727900,a38cf193195957de30fee1881b393ca73b57a10722e8b12fb71e9091a702ec5e,49e02ff49db5008793144de16e3d3bc3289b32af9d38dd81b5e1340dc45eddf1,d7436263dfa9a2351a6aa838ddd17ee0f244954c4f10e5808027e62efd8d1b93,39b8db794393266586af87640ab027d0813dd362b132dd485634ca696867029c,13.564044,/tmp/buckeye_slicer_O0_4_qlilp9fd
s24,s2402b,O12.5_4,84,5,0.05952380952380952,2,1,0,0.023809523809523808,0.011904761904761904,0.0,84,5,0.05952380952380952,2,1,0,0.023809523809523808,0.011904761904761904,0.0,292.2592680000001,169.8676579999999,0.5812224849615372,185.00800000000032,42,4.4049523809523885,c4a9d51af35f27f1e99f5960f01d8721e1c9a7ae761cc52d68b81ecc3366390d,7742f46ba78ed9fa88c087d5ec69553ce3988bd974cf12b77459f3fa28b99e2d,142640,798f80c6db8df7814c75ae7a0a78b8bd13dd09324833965daa18bb767b236c27,67305648c6c7dc5c949283e4f3ebfb38bb3e50ea8ff1d8a054427bf76e1c7c49,c466955d256eabf58f2d9c530f0ac47d15080e9351f46fbe9c15d94f7db777f0,dded469dbd7c00dcb151c275e04c541f2e3be80b473bb8f1efdc9debef0374ba,df1944182a347eb27ccb5a8288018c82d5124c89323662602e80f083d9d4f453,13.485365,/tmp/buckeye_slicer_O12.5_4_hktb54a7
s24,s2402b,O0_2,86,3,0.03488372093023256,1,0,0,0.011627906976744186,0.0,0.0,86,3,0.03488372093023256,1,0,0,0.011627906976744186,0.0,0.0,292.2592680000001,173.2459089999999,0.5927815743383025,188.96600000000012,43,4.394558139534887,b8f9c3af61c5c18d8b52a1cdb992e5c98e154bc752c5665b52bea987b6d3c947,7742f46ba78ed9fa88c087d5ec69553ce3988bd974cf12b77459f3fa28b99e2d,285280,4309986dea5fb3325a47acd26fd69a11dcd926068d983f92476eeac620c24be3,094e24e5856be9b30c6355d7b29d5d2110b5e59da38019cce346bbf5297ccab7,8c5a41d7e885fb2f33e74db410c01499cd06c055cfe66608b3931c25da28cb2b,ffedb3c7ce454df694ae5a931891d9171533187f7c797758b700d23e6443084b,7e6b680a6f64cf7ad3b15f6054472000c750720a28e93de978a56bca46cc326e,26.998721,/tmp/buckeye_slicer_O0_2_zohyijka
s24,s2403a,A_O50_8,64,6,0.09375,4,1,1,0.0625,0.015625,0.015625,64,6,0.09375,4,1,1,0.0625,0.015625,0.015625,290.60342199999906,133.82968799999963,0.460523441461746,142.9440000000002,32,4.467000000000006,72ea8093df3fb11222b7291a784e2272246d6349ad6d5da63900e79412997498,7742f46ba78ed9fa88c087d5ec69553ce3988bd974cf12b77459f3fa28b99e2d,75699,79d6ce8d3554ba9e88cb29b9c9d409f2159a0b395e1a54fd46829c9234664bcc,71f9ad96c35880c8217c12687fd180f765a641aed90d58b9662d71e56a77a4fe,8d8e15f9fde47bd5985c4c38926d70b35a4a51f9892dd1efcf3116c78e082337,2c887607402cbfb2209f1bb9f0f59c0609cd83d9349a8cbfef136c8d790d1ad3,3e8bacc9890b6a983e720fdf3e3fef72e22b30ccad06ed56ba2604a81406a48b,6.907705,/tmp/buckeye_slicer_A_O50_8_d9wkfwv6
s24,s2403a,D_O0_8,60,6,0.1,2,1,0,0.03333333333333333,0.016666666666666666,0.0,60,6,0.1,2,1,0,0.03333333333333333,0.016666666666666666,0.0,290.60342199999906,126.98809299999957,0.43698072144518646,135.7920000000001,30,4.526400000000003,b35b56fbf50e01487bef7f59ef870fe839ea7b8d3f84afb9014d7c5503a3e4dc,7742f46ba78ed9fa88c087d5ec69553ce3988bd974cf12b77459f3fa28b99e2d,75699,c2584fd47ec16bdf3a47c7177a933e040fd5f462e2d838af36d63a3f9a8fc7d8,a9935a43fdb4f9b374ff49b5c8740852e90363928aacc868d7b54a0fd3a431fd,4fbf80343b6e1761538027f66f8c71ba0e408733152e048448bf9ca9c17d9254,85b8635550fd4b0cfa304221ed5bfeeb4253c69052897bafed26ff2b12cb85eb,f0618139a44e2e318c4752c5738d5257b78a2ee165d11998499323b45f798c8e,6.797227,/tmp/buckeye_slicer_D_O0_8_2jcmyd87
s24,s2403a,O25_4,60,6,0.1,3,1,1,0.05,0.016666666666666666,0.016666666666666666,60,6,0.1,3,1,1,0.05,0.016666666666666666,0.016666666666666666,290.60342199999906,126.97609299999962,0.4369394280567007,136.032,30,4.534400000000001,5c718a3fdc193cf92e8babe55085d9a6c49c09e1bb11c69c0d3e71192acf39c2,7742f46ba78ed9fa88c087d5ec69553ce3988bd974cf12b77459f3fa28b99e2d,151398,2995f721f76be2dc20d3bf986b6662e0153eb27664ba2bf5aa2849722e6c3e8c,e1592bd86c032ed8991804911b5e4ec33400b1a6482932627581192814a20571,c2f4806cd1f0d8ffb289c0c2070a924255c6b4ce16055cabdc8fab203aa4b503,be747a8d75e6846f1a52dd262784586037d0f0647ec06158fb562888764a00c1,37d8900583f48861108afa9657e1d118d76186648b1b0040b1d3df7bb5ee729a,13.581236,/tmp/buckeye_slicer_O25_4_s8twxyei
s24,s2403a,O0_4,60,6,0.1,1,1,0,0.016666666666666666,0.016666666666666666,0.0,60,6,0.1,1,1,0,0.016666666666666666,0.016666666666666666,0.0,290.60342199999906,127.0240929999996,0.4371046016106445,135.9320000000001,30,4.53106666666667,87130029b5443647ed1f1febd32ab768bf957a0a1698217eb3cf14b2d00c6ecf,7742f46ba78ed9fa88c087d5ec69553ce3988bd974cf12b77459f3fa28b99e2d,151398,ce12cbbae05dabd40cf102a80a8167ff3a5feb9649a974fa000aa623905ec2a2,ee3708c7f2da9e48c26f0ef6ecabc5ced2d106aac89e85c6434517c3754218fb,558ad4b9a0e7e725e84ae40c945d928c790ed5fa9bd06373d6aad4e14a2e9590,70344645089a6a43aba7f50a1075c51d02c3615071408ed8c051024e87a60bc9,4ab7d2693b2bdd7e646b3462de789c9c33517a5c42690bb7ed8036ac2bed8fba,13.615728,/tmp/buckeye_slicer_O0_4_krcfv22r
s24,s2403a,O12.5_4,60,6,0.1,3,1,0,0.05,0.016666666666666666,0.0,60,6,0.1,3,1,0,0.05,0.016666666666666666,0.0,290.60342199999906,126.94409299999964,0.4368293123540715,135.93200000000002,30,4.531066666666667,c4a9d51af35f27f1e99f5960f01d8721e1c9a7ae761cc52d68b81ecc3366390d,7742f46ba78ed9fa88c087d5ec69553ce3988bd974cf12b77459f3fa28b99e2d,151398,0dc18eade882a926d456679bd0531225481dc6a67b975c242da8ce326c44a3bc,4667e0e1438f484fb60ab1a75ee151abd6b6f4ae1e3636223f900e5d0776fda8,d4568b53dee2b076c97a2c66f6ae95e4d4236a40192148661cf9a4df82f2fe10,808ad47d3fac5eb846aa19bc2fef34a7adac019c68d28459a0ac7a8569b40886,859c309984ade819cdc9507b2b73f50e70ec2f2ebde46d5cf30a117a6ce10410,13.710643,/tmp/buckeye_slicer_O12.5_4_jerbsf6x
s24,s2403a,O0_2,60,4,0.06666666666666667,1,1,0,0.016666666666666666,0.016666666666666666,0.0,60,4,0.06666666666666667,1,1,0,0.016666666666666666,0.016666666666666666,0.0,290.60342199999906,127.03161099999963,0.4371304719185311,136.10200000000026,30,4.536733333333342,b8f9c3af61c5c18d8b52a1cdb992e5c98e154bc752c5665b52bea987b6d3c947,7742f46ba78ed9fa88c087d5ec69553ce3988bd974cf12b77459f3fa28b99e2d,302796,a1854ef8d51c7aab5e0bf532d676cb7334f30682ee9fbc61f5a67d051cdd45ef,3ba3050f740179c55fa7af6a30e49a324c7dc3a468f15a7225f5e00a6f8cc949,749e19cc722cba21db7ebe4f23343d7839b21837096d5aa3f43597a2b085efa1,697fd2ae470f0563dae1462890d657c86b7d1dd8f6eef1b2b9025193a3780953,9bd9d1b3dcbc4afade5de3af825035660a069c340a8bb7ded303dfedb07becda,27.261324,/tmp/buckeye_slicer_O0_2_u__thjud
s24,s2403b,A_O50_8,66,5,0.07575757575757576,5,0,0,0.07575757575757576,0.0,0.0,66,5,0.07575757575757576,5,0,0,0.07575757575757576,0.0,0.0,285.733641,132.40596900000006,0.46338949987341554,143.22400000000007,33,4.340121212121215,72ea8093df3fb11222b7291a784e2272246d6349ad6d5da63900e79412997498,7742f46ba78ed9fa88c087d5ec69553ce3988bd974cf12b77459f3fa28b99e2d,74251,5fefeceda9aca6045f4293fc4e362121d4d9cd9cd4cd4e046471b0414e05c4d6,470a96e2d5272def8f3facb1dc5a43b9e4debe50a06d3315113f60b82acc5199,cf0399022fe28cde26b5c67cfb80530db7e5460b0dc63cb366ffdd8920c9fb0f,8e3b8a614e154dd8287a18b7fccfa5f25cb50050f6384abdc8a5b6519ccd1c55,bde5fdd0ee73fbf796c081735e7aeeac50fd717a8f8b143dc7dfc295d77526ab,7.175704,/tmp/buckeye_slicer_A_O50_8_w6qunw4e
s24,s2403b,D_O0_8,68,6,0.08823529411764706,5,0,0,0.07352941176470588,0.0,0.0,68,6,0.08823529411764706,5,0,0,0.07352941176470588,0.0,0.0,285.733641,136.93220300000002,0.47923024576584605,148.28799999999993,34,4.36141176470588,b35b56fbf50e01487bef7f59ef870fe839ea7b8d3f84afb9014d7c5503a3e4dc,7742f46ba78ed9fa88c087d5ec69553ce3988bd974cf12b77459f3fa28b99e2d,74251,447e8d8d7db8bdde0aa41f4bf8e5c33b7c29688414ddc2d087a72d7a74476be7,ade227563c9ead388822bc272f805dc94ff22c53ef41c8f2337882b9154bf7e7,1b4b072f3cebbaac133caf2fa892c83dca0bbce442e5efacdada7f6ab5121208,8e478ffb1f9612d048ef7c2e38e707184160d745a262e820a1195ec4bc54bbc9,b97cd95cd42efc6edc1df04ea60742e9e11aaee10697f4487ab919eb06061ddc,6.983137,/tmp/buckeye_slicer_D_O0_8_3mjrf0ws
s24,s2403b,O25_4,70,6,0.08571428571428572,2,0,0,0.02857142857142857,0.0,0.0,70,6,0.08571428571428572,2,0,0,0.02857142857142857,0.0,0.0,285.733641,140.53693600000005,0.49184595663343705,152.69199999999987,35,4.3626285714285675,5c718a3fdc193cf92e8babe55085d9a6c49c09e1bb11c69c0d3e71192acf39c2,7742f46ba78ed9fa88c087d5ec69553ce3988bd974cf12b77459f3fa28b99e2d,148501,8a5410e37b480fe9ed1a106d6e30ffa7cb2f8ef330622f71711fbde9dcb2a144,13646609dbfe205a41c6f9110aa2aa0f604ba382c3660ba19335c84a18e139a3,ccf60107a578e52deeda21d938eac1b51353669757319524a6c35330d2adaf33,dd4d41d49f90b0fd3bff3aadf2e4741111190fd81df45da9727a6d0396b96cf3,4afed8b2bc7ac41a7c400b3bff9c57efeaddbdb2ca6fecd9faccb1b7a8f82d4f,14.01964,/tmp/buckeye_slicer_O25_4_h9e4k04y
s24,s2403b,O0_4,70,7,0.1,4,0,0,0.05714285714285714,0.0,0.0,70,7,0.1,4,0,0,0.05714285714285714,0.0,0.0,285.733641,140.51128100000005,0.4917561702158832,152.7200000000001,35,4.3634285714285745,87130029b5443647ed1f1febd32ab768bf957a0a1698217eb3cf14b2d00c6ecf,7742f46ba78ed9fa88c087d5ec69553ce3988bd974cf12b77459f3fa28b99e2d,148501,b4735cde2c8c68226ee4a27a524ac383f77f0a2b45455ff293c573213854e7e0,bbd0c177821aba006ec285ee51c893073913f8c8ac684743f2cba326bfc13a88,38ee6235227b76fd223b0b446cbd6ce23686a77d13e846aca9452ef3ed528ec8,8d13ed5b1bd132819c18361e68648f6d6a20a23d852c987833102497c1311b3c,9ad9846bf15d3a8a04d0bedc83ca9bdd5edf3a27d9bad3f25f576efbaeba1e1e,14.07512,/tmp/buckeye_slicer_O0_4_8w_p0ze7
s24,s2403b,O12.5_4,70,7,0.1,3,0,0,0.04285714285714286,0.0,0.0,70,7,0.1,3,0,0,0.04285714285714286,0.0,0.0,285.733641,140.52328100000005,0.4917981673708489,152.77200000000008,35,4.3649142857142875,c4a9d51af35f27f1e99f5960f01d8721e1c9a7ae761cc52d68b81ecc3366390d,7742f46ba78ed9fa88c087d5ec69553ce3988bd974cf12b77459f3fa28b99e2d,148501,325bd3282ed34faa6e26fb69d63a4b02a0a054ec0c4afcd65145f7afd0d9145e,0184191c48e19093b9080fbf3e243cfafc0f2bc754fac997ff8fdfe711ef03e4,57c052a7300412b9002e9fb40cd58f659cad7c2212d118e2d887ff6a205f6804,f6994915ae8e98442947417292f7b1ff581287fb91596a6bf26f325777af2e8f,e963807c7f975ad3a410e4023fbffcfc4460b9592fbb7c9406323be9850e16a3,13.848998,/tmp/buckeye_slicer_O12.5_4_27b6py_d
s24,s2403b,O0_2,70,7,0.1,3,0,0,0.04285714285714286,0.0,0.0,70,7,0.1,3,0,0,0.04285714285714286,0.0,0.0,285.733641,142.8241680000001,0.4998507263623191,155.28000000000026,35,4.436571428571436,b8f9c3af61c5c18d8b52a1cdb992e5c98e154bc752c5665b52bea987b6d3c947,7742f46ba78ed9fa88c087d5ec69553ce3988bd974cf12b77459f3fa28b99e2d,297001,5a5502d9901ee6358637d3375b7dc1be2b2fb3360cbc5cb0ed489d558f4bae9d,2f14558b9b728ac495b51dfa87e02c67205f18ad35508949616395e4582c0487,c58479a560ae0ebc329df0bd5ad167ebc22ce8c62c5b83fc21098bc4819d3343,281755c91a20504918f41168680d84855917f73b2ca9a889d5ca7cd00b296172,68898e8d075defcdf60cb47e9c9d91fd36da64df92af71c4fe83b74841eed8d8,27.640692,/tmp/buckeye_slicer_O0_2_ro_6zg62
