geometry,speaker_id,recording_id,buffer_id,time_sec,depth_ms,gt_20ms,gt_50ms,gt_100ms
A_O50_8,s01,s0101b,s01_s0101b_raw_nemo_buffer_000000,1.328,3.022,False,False,False
A_O50_8,s01,s0101b,s01_s0101b_raw_nemo_buffer_000010,45.0,43.689,True,False,False
A_O50_8,s01,s0101b,s01_s0101b_raw_nemo_buffer_000032,158.376,23.724,True,False,False
A_O50_8,s01,s0101b,s01_s0101b_raw_nemo_buffer_000038,244.12,8.0,False,False,False
A_O50_8,s01,s0101b,s01_s0101b_raw_nemo_buffer_000039,251.464,10.794,False,False,False
A_O50_8,s01,s0101b,s01_s0101b_raw_nemo_buffer_000045,304.344,11.288,False,False,False
A_O50_8,s01,s0101b,s01_s0101b_raw_nemo_buffer_000051,348.32,21.481,True,False,False
A_O50_8,s01,s0101b,s01_s0101b_raw_nemo_buffer_000051,356.12,71.063,True,True,False
A_O50_8,s01,s0101b,s01_s0101b_raw_nemo_buffer_000057,392.456,8.191,False,False,False
A_O50_8,s01,s0101b,s01_s0101b_raw_nemo_buffer_000063,435.496,24.0,True,False,False
A_O50_8,s01,s0101b,s01_s0101b_raw_nemo_buffer_000067,474.224,32.0,True,False,False
A_O50_8,s01,s0101b,s01_s0101b_raw_nemo_buffer_000071,506.808,27.041,True,False,False
D_O0_8,s01,s0101b,s01_s0101b_raw_nemo_buffer_000015,94.264,21.787,True,False,False
D_O0_8,s01,s0101b,s01_s0101b_raw_nemo_buffer_000032,158.368,15.724,False,False,False
D_O0_8,s01,s0101b,s01_s0101b_raw_nemo_buffer_000038,244.128,16.0,False,False,False
D_O0_8,s01,s0101b,s01_s0101b_raw_nemo_buffer_000051,348.328,29.481,True,False,False
D_O0_8,s01,s0101b,s01_s0101b_raw_nemo_buffer_000051,355.304,9.353,False,False,False
D_O0_8,s01,s0101b,s01_s0101b_raw_nemo_buffer_000057,393.72,9.093,False,False,False
D_O0_8,s01,s0101b,s01_s0101b_raw_nemo_buffer_000063,435.488,16.0,False,False,False
D_O0_8,s01,s0101b,s01_s0101b_raw_nemo_buffer_000067,474.224,32.0,True,False,False
D_O0_8,s01,s0101b,s01_s0101b_raw_nemo_buffer_000071,507.32,51.014,True,True,False
O25_4,s01,s0101b,s01_s0101b_raw_nemo_buffer_000000,1.94,3.929,False,False,False
O25_4,s01,s0101b,s01_s0101b_raw_nemo_buffer_000015,94.244,1.787,False,False,False
O25_4,s01,s0101b,s01_s0101b_raw_nemo_buffer_000032,158.372,19.724,False,False,False
O25_4,s01,s0101b,s01_s0101b_raw_nemo_buffer_000038,244.14,28.0,True,False,False
O25_4,s01,s0101b,s01_s0101b_raw_nemo_buffer_000051,348.316,17.481,False,False,False
O25_4,s01,s0101b,s01_s0101b_raw_nemo_buffer_000051,355.284,29.353,True,False,False
O25_4,s01,s0101b,s01_s0101b_raw_nemo_buffer_000057,393.716,5.093,False,False,False
O25_4,s01,s0101b,s01_s0101b_raw_nemo_buffer_000063,435.496,24.0,True,False,False
O25_4,s01,s0101b,s01_s0101b_raw_nemo_buffer_000067,474.208,16.0,False,False,False
O25_4,s01,s0101b,s01_s0101b_raw_nemo_buffer_000071,507.304,67.014,True,True,False
O0_4,s01,s0101b,s01_s0101b_raw_nemo_buffer_000015,94.264,21.787,True,False,False
O0_4,s01,s0101b,s01_s0101b_raw_nemo_buffer_000032,158.356,3.724,False,False,False
O0_4,s01,s0101b,s01_s0101b_raw_nemo_buffer_000038,244.14,28.0,True,False,False
O0_4,s01,s0101b,s01_s0101b_raw_nemo_buffer_000051,348.328,29.481,True,False,False
O0_4,s01,s0101b,s01_s0101b_raw_nemo_buffer_000051,355.3,13.353,False,False,False
O0_4,s01,s0101b,s01_s0101b_raw_nemo_buffer_000057,393.72,9.093,False,False,False
O0_4,s01,s0101b,s01_s0101b_raw_nemo_buffer_000063,435.488,16.0,False,False,False
O0_4,s01,s0101b,s01_s0101b_raw_nemo_buffer_000067,474.224,32.0,True,False,False
O0_4,s01,s0101b,s01_s0101b_raw_nemo_buffer_000071,507.324,47.014,True,False,False
O12.5_4,s01,s0101b,s01_s0101b_raw_nemo_buffer_000005,25.332,23.88,True,False,False
O12.5_4,s01,s0101b,s01_s0101b_raw_nemo_buffer_000015,94.26,17.787,False,False,False
O12.5_4,s01,s0101b,s01_s0101b_raw_nemo_buffer_000032,158.376,23.724,True,False,False
O12.5_4,s01,s0101b,s01_s0101b_raw_nemo_buffer_000038,244.12,8.0,False,False,False
O12.5_4,s01,s0101b,s01_s0101b_raw_nemo_buffer_000039,251.464,10.794,False,False,False
O12.5_4,s01,s0101b,s01_s0101b_raw_nemo_buffer_000051,348.332,33.481,True,False,False
O12.5_4,s01,s0101b,s01_s0101b_raw_nemo_buffer_000051,355.3,13.353,False,False,False
O12.5_4,s01,s0101b,s01_s0101b_raw_nemo_buffer_000057,393.712,1.093,False,False,False
O12.5_4,s01,s0101b,s01_s0101b_raw_nemo_buffer_000063,435.476,4.0,False,False,False
O12.5_4,s01,s0101b,s01_s0101b_raw_nemo_buffer_000067,474.212,20.0,False,False,False
O12.5_4,s01,s0101b,s01_s0101b_raw_nemo_buffer_000071,507.3,71.014,True,True,False
O0_2,s01,s0101b,s01_s0101b_raw_nemo_buffer_000015,94.266,23.787,True,False,False
O0_2,s01,s0101b,s01_s0101b_raw_nemo_buffer_000032,158.354,1.724,False,False,False
O0_2,s01,s0101b,s01_s0101b_raw_nemo_buffer_000038,244.14,28.0,True,False,False
O0_2,s01,s0101b,s01_s0101b_raw_nemo_buffer_000051,348.328,29.481,True,False,False
O0_2,s01,s0101b,s01_s0101b_raw_nemo_buffer_000051,355.302,11.353,False,False,False
O0_2,s01,s0101b,s01_s0101b_raw_nemo_buffer_000057,393.718,7.093,False,False,False
O0_2,s01,s0101b,s01_s0101b_raw_nemo_buffer_000063,435.488,16.0,False,False,False
O0_2,s01,s0101b,s01_s0101b_raw_nemo_buffer_000067,474.222,30.0,True,False,False
O0_2,s01,s0101b,s01_s0101b_raw_nemo_buffer_000071,507.324,47.014,True,False,False
A_O50_8,s01,s0102a,s01_s0102a_raw_nemo_buffer_000021,110.432,42.725,True,False,False
A_O50_8,s01,s0102a,s01_s0102a_raw_nemo_buffer_000033,174.896,32.0,True,False,False
A_O50_8,s01,s0102a,s01_s0102a_raw_nemo_buffer_000035,187.384,8.0,False,False,False
A_O50_8,s01,s0102a,s01_s0102a_raw_nemo_buffer_000035,194.704,53.667,True,True,False
A_O50_8,s01,s0102a,s01_s0102a_raw_nemo_buffer_000045,254.352,32.0,True,False,False
A_O50_8,s01,s0102a,s01_s0102a_raw_nemo_buffer_000062,318.816,16.0,False,False,False
A_O50_8,s01,s0102a,s01_s0102a_raw_nemo_buffer_000062,326.408,0.527,False,False,False
A_O50_8,s01,s0102a,s01_s0102a_raw_nemo_buffer_000070,368.488,24.0,True,False,False
A_O50_8,s01,s0102a,s01_s0102a_raw_nemo_buffer_000076,404.896,12.71,False,False,False
A_O50_8,s01,s0102a,s01_s0102a_raw_nemo_buffer_000080,419.472,19.878,False,False,False
A_O50_8,s01,s0102a,s01_s0102a_raw_nemo_buffer_000085,450.016,58.815,True,True,False
A_O50_8,s01,s0102a,s01_s0102a_raw_nemo_buffer_000100,494.552,42.25,True,False,False
A_O50_8,s01,s0102a,s01_s0102a_raw_nemo_buffer_000108,518.04,23.221,True,False,False
A_O50_8,s01,s0102a,s01_s0102a_raw_nemo_buffer_000110,535.056,43.238,True,False,False
A_O50_8,s01,s0102a,s01_s0102a_raw_nemo_buffer_000111,541.04,19.446,False,False,False
A_O50_8,s01,s0102a,s01_s0102a_raw_nemo_buffer_000113,553.528,8.0,False,False,False
A_O50_8,s01,s0102a,s01_s0102a_raw_nemo_buffer_000119,581.832,4.5,False,False,False
D_O0_8,s01,s0102a,s01_s0102a_raw_nemo_buffer_000021,110.416,26.725,True,False,False
D_O0_8,s01,s0102a,s01_s0102a_raw_nemo_buffer_000033,174.88,16.0,False,False,False
D_O0_8,s01,s0102a,s01_s0102a_raw_nemo_buffer_000035,191.176,74.938,True,True,False
D_O0_8,s01,s0102a,s01_s0102a_raw_nemo_buffer_000039,219.504,0.233,False,False,False
D_O0_8,s01,s0102a,s01_s0102a_raw_nemo_buffer_000045,254.36,24.0,True,False,False
D_O0_8,s01,s0102a,s01_s0102a_raw_nemo_buffer_000062,318.832,32.0,True,False,False
D_O0_8,s01,s0102a,s01_s0102a_raw_nemo_buffer_000062,326.424,16.527,False,False,False
D_O0_8,s01,s0102a,s01_s0102a_raw_nemo_buffer_000070,368.504,40.0,True,False,False
D_O0_8,s01,s0102a,s01_s0102a_raw_nemo_buffer_000080,419.472,19.878,False,False,False
D_O0_8,s01,s0102a,s01_s0102a_raw_nemo_buffer_000085,442.4,4.354,False,False,False
D_O0_8,s01,s0102a,s01_s0102a_raw_nemo_buffer_000085,450.016,58.815,True,True,False
D_O0_8,s01,s0102a,s01_s0102a_raw_nemo_buffer_000108,518.064,42.563,True,False,False
D_O0_8,s01,s0102a,s01_s0102a_raw_nemo_buffer_000111,541.024,3.446,False,False,False
D_O0_8,s01,s0102a,s01_s0102a_raw_nemo_buffer_000113,553.528,8.0,False,False,False
O25_4,s01,s0102a,s01_s0102a_raw_nemo_buffer_000021,110.44,37.625,True,False,False
O25_4,s01,s0102a,s01_s0102a_raw_nemo_buffer_000033,174.876,12.0,False,False,False
O25_4,s01,s0102a,s01_s0102a_raw_nemo_buffer_000035,187.38,4.0,False,False,False
O25_4,s01,s0102a,s01_s0102a_raw_nemo_buffer_000035,194.708,57.667,True,True,False
O25_4,s01,s0102a,s01_s0102a_raw_nemo_buffer_000045,254.348,36.0,True,False,False
O25_4,s01,s0102a,s01_s0102a_raw_nemo_buffer_000062,318.836,36.0,True,False,False
O25_4,s01,s0102a,s01_s0102a_raw_nemo_buffer_000062,326.408,0.527,False,False,False
O25_4,s01,s0102a,s01_s0102a_raw_nemo_buffer_000070,368.504,40.0,True,False,False
O25_4,s01,s0102a,s01_s0102a_raw_nemo_buffer_000076,404.884,0.71,False,False,False
O25_4,s01,s0102a,s01_s0102a_raw_nemo_buffer_000076,412.112,2.404,False,False,False
O25_4,s01,s0102a,s01_s0102a_raw_nemo_buffer_000080,419.472,19.878,False,False,False
O25_4,s01,s0102a,s01_s0102a_raw_nemo_buffer_000085,450.004,70.815,True,True,False
O25_4,s01,s0102a,s01_s0102a_raw_nemo_buffer_000100,493.82,10.931,False,False,False
O25_4,s01,s0102a,s01_s0102a_raw_nemo_buffer_000108,518.052,35.221,True,False,False
O25_4,s01,s0102a,s01_s0102a_raw_nemo_buffer_000113,553.524,4.0,False,False,False
O25_4,s01,s0102a,s01_s0102a_raw_nemo_buffer_000119,581.828,0.5,False,False,False
O0_4,s01,s0102a,s01_s0102a_raw_nemo_buffer_000021,110.444,33.625,True,False,False
O0_4,s01,s0102a,s01_s0102a_raw_nemo_buffer_000033,174.876,12.0,False,False,False
O0_4,s01,s0102a,s01_s0102a_raw_nemo_buffer_000035,191.176,74.938,True,True,False
O0_4,s01,s0102a,s01_s0102a_raw_nemo_buffer_000035,202.108,8.206,False,False,False
O0_4,s01,s0102a,s01_s0102a_raw_nemo_buffer_000039,219.504,0.233,False,False,False
O0_4,s01,s0102a,s01_s0102a_raw_nemo_buffer_000045,254.356,28.0,True,False,False
O0_4,s01,s0102a,s01_s0102a_raw_nemo_buffer_000062,318.812,12.0,False,False,False
O0_4,s01,s0102a,s01_s0102a_raw_nemo_buffer_000062,326.424,16.527,False,False,False
O0_4,s01,s0102a,s01_s0102a_raw_nemo_buffer_000070,368.504,40.0,True,False,False
O0_4,s01,s0102a,s01_s0102a_raw_nemo_buffer_000076,404.884,0.71,False,False,False
O0_4,s01,s0102a,s01_s0102a_raw_nemo_buffer_000080,419.472,19.878,False,False,False
O0_4,s01,s0102a,s01_s0102a_raw_nemo_buffer_000085,450.016,58.815,True,True,False
O0_4,s01,s0102a,s01_s0102a_raw_nemo_buffer_000100,493.82,10.931,False,False,False
O0_4,s01,s0102a,s01_s0102a_raw_nemo_buffer_000108,518.036,19.221,False,False,False
O0_4,s01,s0102a,s01_s0102a_raw_nemo_buffer_000111,541.024,3.446,False,False,False
O0_4,s01,s0102a,s01_s0102a_raw_nemo_buffer_000113,553.532,12.0,False,False,False
O0_4,s01,s0102a,s01_s0102a_raw_nemo_buffer_000117,571.548,2.75,False,False,False
O12.5_4,s01,s0102a,s01_s0102a_raw_nemo_buffer_000021,110.444,33.625,True,False,False
O12.5_4,s01,s0102a,s01_s0102a_raw_nemo_buffer_000033,174.896,32.0,True,False,False
O12.5_4,s01,s0102a,s01_s0102a_raw_nemo_buffer_000035,191.172,78.938,True,True,False
O12.5_4,s01,s0102a,s01_s0102a_raw_nemo_buffer_000045,254.352,32.0,True,False,False
O12.5_4,s01,s0102a,s01_s0102a_raw_nemo_buffer_000062,318.828,28.0,True,False,False
O12.5_4,s01,s0102a,s01_s0102a_raw_nemo_buffer_000062,326.42,12.527,False,False,False
O12.5_4,s01,s0102a,s01_s0102a_raw_nemo_buffer_000070,368.496,32.0,True,False,False
O12.5_4,s01,s0102a,s01_s0102a_raw_nemo_buffer_000076,404.896,12.71,False,False,False
O12.5_4,s01,s0102a,s01_s0102a_raw_nemo_buffer_000080,419.464,11.878,False,False,False
O12.5_4,s01,s0102a,s01_s0102a_raw_nemo_buffer_000085,450.008,66.815,True,True,False
O12.5_4,s01,s0102a,s01_s0102a_raw_nemo_buffer_000100,493.82,10.931,False,False,False
O12.5_4,s01,s0102a,s01_s0102a_raw_nemo_buffer_000102,499.944,0.335,False,False,False
O12.5_4,s01,s0102a,s01_s0102a_raw_nemo_buffer_000108,518.052,35.221,True,False,False
O12.5_4,s01,s0102a,s01_s0102a_raw_nemo_buffer_000111,541.024,3.446,False,False,False
O12.5_4,s01,s0102a,s01_s0102a_raw_nemo_buffer_000113,553.524,4.0,False,False,False
O0_2,s01,s0102a,s01_s0102a_raw_nemo_buffer_000021,110.446,31.625,True,False,False
O0_2,s01,s0102a,s01_s0102a_raw_nemo_buffer_000033,174.878,14.0,False,False,False
O0_2,s01,s0102a,s01_s0102a_raw_nemo_buffer_000035,187.378,2.0,False,False,False
O0_2,s01,s0102a,s01_s0102a_raw_nemo_buffer_000035,191.176,74.938,True,True,False
O0_2,s01,s0102a,s01_s0102a_raw_nemo_buffer_000035,202.108,8.206,False,False,False
O0_2,s01,s0102a,s01_s0102a_raw_nemo_buffer_000039,219.504,0.233,False,False,False
O0_2,s01,s0102a,s01_s0102a_raw_nemo_buffer_000045,254.356,28.0,True,False,False
O0_2,s01,s0102a,s01_s0102a_raw_nemo_buffer_000062,318.81,10.0,False,False,False
O0_2,s01,s0102a,s01_s0102a_raw_nemo_buffer_000062,326.424,16.527,False,False,False
O0_2,s01,s0102a,s01_s0102a_raw_nemo_buffer_000070,368.478,14.0,False,False,False
O0_2,s01,s0102a,s01_s0102a_raw_nemo_buffer_000076,404.884,0.71,False,False,False
O0_2,s01,s0102a,s01_s0102a_raw_nemo_buffer_000080,419.472,19.878,False,False,False
O0_2,s01,s0102a,s01_s0102a_raw_nemo_buffer_000085,450.018,56.815,True,True,False
O0_2,s01,s0102a,s01_s0102a_raw_nemo_buffer_000100,493.82,10.931,False,False,False
O0_2,s01,s0102a,s01_s0102a_raw_nemo_buffer_000108,518.062,44.563,True,False,False
O0_2,s01,s0102a,s01_s0102a_raw_nemo_buffer_000111,541.022,1.446,False,False,False
O0_2,s01,s0102a,s01_s0102a_raw_nemo_buffer_000113,553.534,14.0,False,False,False
A_O50_8,s01,s0102b,s01_s0102b_raw_nemo_buffer_000004,62.152,24.0,True,False,False
A_O50_8,s01,s0102b,s01_s0102b_raw_nemo_buffer_000009,80.144,23.62,True,False,False
A_O50_8,s01,s0102b,s01_s0102b_raw_nemo_buffer_000017,135.712,33.062,True,False,False
A_O50_8,s01,s0102b,s01_s0102b_raw_nemo_buffer_000017,141.864,53.976,True,True,False
A_O50_8,s01,s0102b,s01_s0102b_raw_nemo_buffer_000019,166.56,44.491,True,False,False
A_O50_8,s01,s0102b,s01_s0102b_raw_nemo_buffer_000021,192.192,16.0,False,False,False
A_O50_8,s01,s0102b,s01_s0102b_raw_nemo_buffer_000051,297.232,49.988,True,False,False
A_O50_8,s01,s0102b,s01_s0102b_raw_nemo_buffer_000052,303.368,38.073,True,False,False
A_O50_8,s01,s0102b,s01_s0102b_raw_nemo_buffer_000052,311.072,3.191,False,False,False
A_O50_8,s01,s0102b,s01_s0102b_raw_nemo_buffer_000054,322.432,21.429,True,False,False
A_O50_8,s01,s0102b,s01_s0102b_raw_nemo_buffer_000054,329.576,59.576,True,True,False
A_O50_8,s01,s0102b,s01_s0102b_raw_nemo_buffer_000058,347.4,24.0,True,False,False
A_O50_8,s01,s0102b,s01_s0102b_raw_nemo_buffer_000058,352.288,16.0,False,False,False
A_O50_8,s01,s0102b,s01_s0102b_raw_nemo_buffer_000061,396.696,43.76,True,False,False
A_O50_8,s01,s0102b,s01_s0102b_raw_nemo_buffer_000061,404.6,34.438,True,False,False
A_O50_8,s01,s0102b,s01_s0102b_raw_nemo_buffer_000062,405.344,30.438,True,False,False
A_O50_8,s01,s0102b,s01_s0102b_raw_nemo_buffer_000081,512.56,28.892,True,False,False
A_O50_8,s01,s0102b,s01_s0102b_raw_nemo_buffer_000084,537.896,8.0,False,False,False
D_O0_8,s01,s0102b,s01_s0102b_raw_nemo_buffer_000009,80.136,15.62,False,False,False
D_O0_8,s01,s0102b,s01_s0102b_raw_nemo_buffer_000016,130.824,5.294,False,False,False
D_O0_8,s01,s0102b,s01_s0102b_raw_nemo_buffer_000017,135.696,32.0,True,False,False
D_O0_8,s01,s0102b,s01_s0102b_raw_nemo_buffer_000021,192.192,16.0,False,False,False
D_O0_8,s01,s0102b,s01_s0102b_raw_nemo_buffer_000052,303.368,38.073,True,False,False
D_O0_8,s01,s0102b,s01_s0102b_raw_nemo_buffer_000058,347.408,32.0,True,False,False
D_O0_8,s01,s0102b,s01_s0102b_raw_nemo_buffer_000058,352.296,8.0,False,False,False
D_O0_8,s01,s0102b,s01_s0102b_raw_nemo_buffer_000062,405.344,30.438,True,False,False
D_O0_8,s01,s0102b,s01_s0102b_raw_nemo_buffer_000065,431.184,12.149,False,False,False
D_O0_8,s01,s0102b,s01_s0102b_raw_nemo_buffer_000084,537.896,8.0,False,False,False
O25_4,s01,s0102b,s01_s0102b_raw_nemo_buffer_000004,62.144,16.0,False,False,False
O25_4,s01,s0102b,s01_s0102b_raw_nemo_buffer_000009,80.144,23.62,True,False,False
O25_4,s01,s0102b,s01_s0102b_raw_nemo_buffer_000017,135.704,40.0,True,False,False
O25_4,s01,s0102b,s01_s0102b_raw_nemo_buffer_000017,141.856,45.976,True,False,False
O25_4,s01,s0102b,s01_s0102b_raw_nemo_buffer_000019,160.644,102.154,True,True,True
O25_4,s01,s0102b,s01_s0102b_raw_nemo_buffer_000021,192.192,16.0,False,False,False
O25_4,s01,s0102b,s01_s0102b_raw_nemo_buffer_000052,303.368,38.073,True,False,False
O25_4,s01,s0102b,s01_s0102b_raw_nemo_buffer_000052,311.072,3.191,False,False,False
O25_4,s01,s0102b,s01_s0102b_raw_nemo_buffer_000058,347.408,32.0,True,False,False
O25_4,s01,s0102b,s01_s0102b_raw_nemo_buffer_000058,352.296,8.0,False,False,False
O25_4,s01,s0102b,s01_s0102b_raw_nemo_buffer_000062,405.344,30.438,True,False,False
O25_4,s01,s0102b,s01_s0102b_raw_nemo_buffer_000084,537.88,24.0,True,False,False
O0_4,s01,s0102b,s01_s0102b_raw_nemo_buffer_000009,80.136,15.62,False,False,False
O0_4,s01,s0102b,s01_s0102b_raw_nemo_buffer_000016,130.824,5.294,False,False,False
O0_4,s01,s0102b,s01_s0102b_raw_nemo_buffer_000017,135.7,36.0,True,False,False
O0_4,s01,s0102b,s01_s0102b_raw_nemo_buffer_000017,141.868,57.976,True,True,False
O0_4,s01,s0102b,s01_s0102b_raw_nemo_buffer_000021,192.188,12.0,False,False,False
O0_4,s01,s0102b,s01_s0102b_raw_nemo_buffer_000052,303.368,38.073,True,False,False
O0_4,s01,s0102b,s01_s0102b_raw_nemo_buffer_000058,347.408,32.0,True,False,False
O0_4,s01,s0102b,s01_s0102b_raw_nemo_buffer_000058,352.3,4.0,False,False,False
O0_4,s01,s0102b,s01_s0102b_raw_nemo_buffer_000061,403.188,1.372,False,False,False
O0_4,s01,s0102b,s01_s0102b_raw_nemo_buffer_000062,405.344,30.438,True,False,False
O0_4,s01,s0102b,s01_s0102b_raw_nemo_buffer_000065,431.184,12.149,False,False,False
O0_4,s01,s0102b,s01_s0102b_raw_nemo_buffer_000084,537.896,8.0,False,False,False
O12.5_4,s01,s0102b,s01_s0102b_raw_nemo_buffer_000004,62.14,12.0,False,False,False
O12.5_4,s01,s0102b,s01_s0102b_raw_nemo_buffer_000009,80.136,15.62,False,False,False
O12.5_4,s01,s0102b,s01_s0102b_raw_nemo_buffer_000016,130.82,1.294,False,False,False
O12.5_4,s01,s0102b,s01_s0102b_raw_nemo_buffer_000017,135.7,36.0,True,False,False
O12.5_4,s01,s0102b,s01_s0102b_raw_nemo_buffer_000017,141.864,53.976,True,True,False
O12.5_4,s01,s0102b,s01_s0102b_raw_nemo_buffer_000019,160.64,98.154,True,True,False
O12.5_4,s01,s0102b,s01_s0102b_raw_nemo_buffer_000021,192.184,8.0,False,False,False
O12.5_4,s01,s0102b,s01_s0102b_raw_nemo_buffer_000052,303.368,38.073,True,False,False
O12.5_4,s01,s0102b,s01_s0102b_raw_nemo_buffer_000058,347.384,8.0,False,False,False
O12.5_4,s01,s0102b,s01_s0102b_raw_nemo_buffer_000058,352.3,4.0,False,False,False
O12.5_4,s01,s0102b,s01_s0102b_raw_nemo_buffer_000062,405.344,30.438,True,False,False
O12.5_4,s01,s0102b,s01_s0102b_raw_nemo_buffer_000065,431.184,12.149,False,False,False
O12.5_4,s01,s0102b,s01_s0102b_raw_nemo_buffer_000084,537.896,8.0,False,False,False
O0_2,s01,s0102b,s01_s0102b_raw_nemo_buffer_000009,80.134,13.62,False,False,False
O0_2,s01,s0102b,s01_s0102b_raw_nemo_buffer_000016,130.822,3.294,False,False,False
O0_2,s01,s0102b,s01_s0102b_raw_nemo_buffer_000017,135.698,34.0,True,False,False
O0_2,s01,s0102b,s01_s0102b_raw_nemo_buffer_000017,141.868,57.976,True,True,False
O0_2,s01,s0102b,s01_s0102b_raw_nemo_buffer_000021,192.19,14.0,False,False,False
O0_2,s01,s0102b,s01_s0102b_raw_nemo_buffer_000052,303.368,38.073,True,False,False
O0_2,s01,s0102b,s01_s0102b_raw_nemo_buffer_000058,347.406,30.0,True,False,False
O0_2,s01,s0102b,s01_s0102b_raw_nemo_buffer_000058,352.294,10.0,False,False,False
O0_2,s01,s0102b,s01_s0102b_raw_nemo_buffer_000061,401.738,9.227,False,False,False
O0_2,s01,s0102b,s01_s0102b_raw_nemo_buffer_000062,405.344,30.438,True,False,False
O0_2,s01,s0102b,s01_s0102b_raw_nemo_buffer_000065,431.184,12.149,False,False,False
O0_2,s01,s0102b,s01_s0102b_raw_nemo_buffer_000081,511.766,33.308,True,False,False
O0_2,s01,s0102b,s01_s0102b_raw_nemo_buffer_000084,537.89,14.0,False,False,False
A_O50_8,s01,s0103a,s01_s0103a_raw_nemo_buffer_000002,19.76,12.982,False,False,False
A_O50_8,s01,s0103a,s01_s0103a_raw_nemo_buffer_000006,55.816,8.0,False,False,False
A_O50_8,s01,s0103a,s01_s0103a_raw_nemo_buffer_000035,156.384,12.577,False,False,False
A_O50_8,s01,s0103a,s01_s0103a_raw_nemo_buffer_000038,163.416,13.307,False,False,False
A_O50_8,s01,s0103a,s01_s0103a_raw_nemo_buffer_000048,217.208,76.125,True,True,False
A_O50_8,s01,s0103a,s01_s0103a_raw_nemo_buffer_000060,273.24,8.0,False,False,False
A_O50_8,s01,s0103a,s01_s0103a_raw_nemo_buffer_000060,281.152,0.5,False,False,False
A_O50_8,s01,s0103a,s01_s0103a_raw_nemo_buffer_000067,329.224,121.0,True,True,True
A_O50_8,s01,s0103a,s01_s0103a_raw_nemo_buffer_000068,337.608,1.895,False,False,False
A_O50_8,s01,s0103a,s01_s0103a_raw_nemo_buffer_000070,345.648,32.0,True,False,False
A_O50_8,s01,s0103a,s01_s0103a_raw_nemo_buffer_000078,384.776,10.312,False,False,False
D_O0_8,s01,s0103a,s01_s0103a_raw_nemo_buffer_000006,55.808,16.0,False,False,False
D_O0_8,s01,s0103a,s01_s0103a_raw_nemo_buffer_000038,163.4,29.307,True,False,False
D_O0_8,s01,s0103a,s01_s0103a_raw_nemo_buffer_000048,217.224,60.125,True,True,False
D_O0_8,s01,s0103a,s01_s0103a_raw_nemo_buffer_000060,273.264,32.0,True,False,False
D_O0_8,s01,s0103a,s01_s0103a_raw_nemo_buffer_000067,329.832,193.0,True,True,True
D_O0_8,s01,s0103a,s01_s0103a_raw_nemo_buffer_000068,337.6,9.895,False,False,False
D_O0_8,s01,s0103a,s01_s0103a_raw_nemo_buffer_000070,345.64,24.0,True,False,False
D_O0_8,s01,s0103a,s01_s0103a_raw_nemo_buffer_000078,384.776,10.312,False,False,False
O25_4,s01,s0103a,s01_s0103a_raw_nemo_buffer_000006,55.812,12.0,False,False,False
O25_4,s01,s0103a,s01_s0103a_raw_nemo_buffer_000038,163.412,17.307,False,False,False
O25_4,s01,s0103a,s01_s0103a_raw_nemo_buffer_000048,217.216,68.125,True,True,False
O25_4,s01,s0103a,s01_s0103a_raw_nemo_buffer_000060,275.788,133.5,True,True,True
O25_4,s01,s0103a,s01_s0103a_raw_nemo_buffer_000067,329.224,121.0,True,True,True
O25_4,s01,s0103a,s01_s0103a_raw_nemo_buffer_000068,337.616,6.105,False,False,False
O25_4,s01,s0103a,s01_s0103a_raw_nemo_buffer_000070,345.648,32.0,True,False,False
O25_4,s01,s0103a,s01_s0103a_raw_nemo_buffer_000078,384.804,38.312,True,False,False
O0_4,s01,s0103a,s01_s0103a_raw_nemo_buffer_000006,55.808,16.0,False,False,False
O0_4,s01,s0103a,s01_s0103a_raw_nemo_buffer_000038,163.4,29.307,True,False,False
O0_4,s01,s0103a,s01_s0103a_raw_nemo_buffer_000048,217.224,60.125,True,True,False
O0_4,s01,s0103a,s01_s0103a_raw_nemo_buffer_000060,273.264,32.0,True,False,False
O0_4,s01,s0103a,s01_s0103a_raw_nemo_buffer_000067,329.828,197.0,True,True,True
O0_4,s01,s0103a,s01_s0103a_raw_nemo_buffer_000068,337.62,10.105,False,False,False
O0_4,s01,s0103a,s01_s0103a_raw_nemo_buffer_000070,345.636,20.0,False,False,False
O0_4,s01,s0103a,s01_s0103a_raw_nemo_buffer_000078,384.812,33.688,True,False,False
O12.5_4,s01,s0103a,s01_s0103a_raw_nemo_buffer_000002,19.76,12.982,False,False,False
O12.5_4,s01,s0103a,s01_s0103a_raw_nemo_buffer_000006,55.82,4.0,False,False,False
O12.5_4,s01,s0103a,s01_s0103a_raw_nemo_buffer_000038,163.412,17.307,False,False,False
O12.5_4,s01,s0103a,s01_s0103a_raw_nemo_buffer_000048,217.208,76.125,True,True,False
O12.5_4,s01,s0103a,s01_s0103a_raw_nemo_buffer_000060,275.784,137.5,True,True,True
O12.5_4,s01,s0103a,s01_s0103a_raw_nemo_buffer_000067,329.812,213.0,True,True,True
O12.5_4,s01,s0103a,s01_s0103a_raw_nemo_buffer_000068,337.62,10.105,False,False,False
O12.5_4,s01,s0103a,s01_s0103a_raw_nemo_buffer_000070,345.632,16.0,False,False,False
O12.5_4,s01,s0103a,s01_s0103a_raw_nemo_buffer_000078,384.804,38.312,True,False,False
O0_2,s01,s0103a,s01_s0103a_raw_nemo_buffer_000006,55.814,10.0,False,False,False
O0_2,s01,s0103a,s01_s0103a_raw_nemo_buffer_000038,163.402,27.307,True,False,False
O0_2,s01,s0103a,s01_s0103a_raw_nemo_buffer_000048,217.224,60.125,True,True,False
O0_2,s01,s0103a,s01_s0103a_raw_nemo_buffer_000060,273.262,30.0,True,False,False
O0_2,s01,s0103a,s01_s0103a_raw_nemo_buffer_000067,329.83,195.0,True,True,True
O0_2,s01,s0103a,s01_s0103a_raw_nemo_buffer_000068,337.62,10.105,False,False,False
O0_2,s01,s0103a,s01_s0103a_raw_nemo_buffer_000070,345.65,34.0,True,False,False
O0_2,s01,s0103a,s01_s0103a_raw_nemo_buffer_000078,384.812,33.688,True,False,False
A_O50_8,s02,s0201b,s02_s0201b_raw_nemo_buffer_000017,219.84,7.112,False,False,False
A_O50_8,s02,s0201b,s02_s0201b_raw_nemo_buffer_000021,248.16,3.284,False,False,False
D_O0_8,s02,s0201b,s02_s0201b_raw_nemo_buffer_000021,242.2,30.934,True,False,False
O25_4,s02,s0201b,s02_s0201b_raw_nemo_buffer_000017,219.836,3.112,False,False,False
O25_4,s02,s0201b,s02_s0201b_raw_nemo_buffer_000021,248.164,7.284,False,False,False
O0_4,s02,s0201b,s02_s0201b_raw_nemo_buffer_000021,242.2,30.934,True,False,False
O12.5_4,s02,s0201b,s02_s0201b_raw_nemo_buffer_000017,219.844,11.112,False,False,False
O12.5_4,s02,s0201b,s02_s0201b_raw_nemo_buffer_000021,248.168,11.284,False,False,False
O0_2,s02,s0201b,s02_s0201b_raw_nemo_buffer_000017,219.842,9.112,False,False,False
O0_2,s02,s0201b,s02_s0201b_raw_nemo_buffer_000021,242.202,32.934,True,False,False
A_O50_8,s02,s0202b,s02_s0202b_raw_nemo_buffer_000011,93.616,31.456,True,False,False
A_O50_8,s02,s0202b,s02_s0202b_raw_nemo_buffer_000041,389.96,30.0,True,False,False
A_O50_8,s02,s0202b,s02_s0202b_raw_nemo_buffer_000047,426.672,14.705,False,False,False
D_O0_8,s02,s0202b,s02_s0202b_raw_nemo_buffer_000047,426.672,14.705,False,False,False
O25_4,s02,s0202b,s02_s0202b_raw_nemo_buffer_000008,72.588,2.804,False,False,False
O25_4,s02,s0202b,s02_s0202b_raw_nemo_buffer_000019,138.384,45.0,True,False,False
O25_4,s02,s0202b,s02_s0202b_raw_nemo_buffer_000047,426.672,14.705,False,False,False
O0_4,s02,s0202b,s02_s0202b_raw_nemo_buffer_000047,426.672,14.705,False,False,False
O12.5_4,s02,s0202b,s02_s0202b_raw_nemo_buffer_000019,138.38,49.0,True,False,False
O12.5_4,s02,s0202b,s02_s0202b_raw_nemo_buffer_000047,426.668,10.705,False,False,False
O0_2,s02,s0202b,s02_s0202b_raw_nemo_buffer_000019,138.384,45.0,True,False,False
O0_2,s02,s0202b,s02_s0202b_raw_nemo_buffer_000047,426.674,16.705,False,False,False
A_O50_8,s02,s0203a,s02_s0203a_raw_nemo_buffer_000015,77.712,24.998,True,False,False
A_O50_8,s02,s0203a,s02_s0203a_raw_nemo_buffer_000038,197.512,24.124,True,False,False
O25_4,s02,s0203a,s02_s0203a_raw_nemo_buffer_000038,197.5,12.124,False,False,False
O0_4,s02,s0203a,s02_s0203a_raw_nemo_buffer_000038,197.508,20.124,True,False,False
O12.5_4,s02,s0203a,s02_s0203a_raw_nemo_buffer_000038,197.5,12.124,False,False,False
O0_2,s02,s0203a,s02_s0203a_raw_nemo_buffer_000038,197.508,20.124,True,False,False
A_O50_8,s02,s0203b,s02_s0203b_raw_nemo_buffer_000010,267.224,30.0,True,False,False
A_O50_8,s02,s0203b,s02_s0203b_raw_nemo_buffer_000014,309.392,38.231,True,False,False
D_O0_8,s02,s0203b,s02_s0203b_raw_nemo_buffer_000009,256.064,37.0,True,False,False
D_O0_8,s02,s0203b,s02_s0203b_raw_nemo_buffer_000014,306.528,33.935,True,False,False
O25_4,s02,s0203b,s02_s0203b_raw_nemo_buffer_000009,256.056,45.0,True,False,False
O25_4,s02,s0203b,s02_s0203b_raw_nemo_buffer_000014,293.292,11.161,False,False,False
O0_4,s02,s0203b,s02_s0203b_raw_nemo_buffer_000009,256.068,33.0,True,False,False
O0_4,s02,s0203b,s02_s0203b_raw_nemo_buffer_000014,306.508,13.935,False,False,False
O12.5_4,s02,s0203b,s02_s0203b_raw_nemo_buffer_000009,256.068,33.0,True,False,False
O12.5_4,s02,s0203b,s02_s0203b_raw_nemo_buffer_000014,293.288,7.161,False,False,False
O12.5_4,s02,s0203b,s02_s0203b_raw_nemo_buffer_000014,306.528,33.935,True,False,False
O0_2,s02,s0203b,s02_s0203b_raw_nemo_buffer_000009,256.068,33.0,True,False,False
O0_2,s02,s0203b,s02_s0203b_raw_nemo_buffer_000014,293.298,17.161,False,False,False
O0_2,s02,s0203b,s02_s0203b_raw_nemo_buffer_000014,306.542,47.935,True,False,False
A_O50_8,s02,s0204a,s02_s0204a_raw_nemo_buffer_000000,10.392,73.0,True,True,False
A_O50_8,s02,s0204a,s02_s0204a_raw_nemo_buffer_000012,113.688,40.0,True,False,False
A_O50_8,s02,s0204a,s02_s0204a_raw_nemo_buffer_000015,142.376,9.634,False,False,False
A_O50_8,s02,s0204a,s02_s0204a_raw_nemo_buffer_000021,177.24,49.0,True,False,False
D_O0_8,s02,s0204a,s02_s0204a_raw_nemo_buffer_000015,142.376,9.634,False,False,False
O25_4,s02,s0204a,s02_s0204a_raw_nemo_buffer_000015,142.38,13.634,False,False,False
O0_4,s02,s0204a,s02_s0204a_raw_nemo_buffer_000015,142.372,5.634,False,False,False
O12.5_4,s02,s0204a,s02_s0204a_raw_nemo_buffer_000010,82.488,51.0,True,True,False
O12.5_4,s02,s0204a,s02_s0204a_raw_nemo_buffer_000015,142.368,1.634,False,False,False
O0_2,s02,s0204a,s02_s0204a_raw_nemo_buffer_000015,142.372,5.634,False,False,False
A_O50_8,s02,s0204b,s02_s0204b_raw_nemo_buffer_000004,22.856,52.0,True,True,False
A_O50_8,s02,s0204b,s02_s0204b_raw_nemo_buffer_000009,52.368,8.0,False,False,False
A_O50_8,s02,s0204b,s02_s0204b_raw_nemo_buffer_000009,60.8,27.0,True,False,False
A_O50_8,s02,s0204b,s02_s0204b_raw_nemo_buffer_000035,386.024,37.376,True,False,False
A_O50_8,s02,s0204b,s02_s0204b_raw_nemo_buffer_000035,392.392,42.935,True,False,False
A_O50_8,s02,s0204b,s02_s0204b_raw_nemo_buffer_000037,432.712,56.0,True,True,False
D_O0_8,s02,s0204b,s02_s0204b_raw_nemo_buffer_000004,22.872,36.0,True,False,False
D_O0_8,s02,s0204b,s02_s0204b_raw_nemo_buffer_000035,386.0,13.376,False,False,False
D_O0_8,s02,s0204b,s02_s0204b_raw_nemo_buffer_000035,392.384,34.935,True,False,False
O25_4,s02,s0204b,s02_s0204b_raw_nemo_buffer_000004,22.868,40.0,True,False,False
O25_4,s02,s0204b,s02_s0204b_raw_nemo_buffer_000035,386.036,42.0,True,False,False
O25_4,s02,s0204b,s02_s0204b_raw_nemo_buffer_000035,392.384,34.935,True,False,False
O0_4,s02,s0204b,s02_s0204b_raw_nemo_buffer_000004,22.876,32.0,True,False,False
O0_4,s02,s0204b,s02_s0204b_raw_nemo_buffer_000035,385.996,9.376,False,False,False
O0_4,s02,s0204b,s02_s0204b_raw_nemo_buffer_000035,392.384,34.935,True,False,False
O12.5_4,s02,s0204b,s02_s0204b_raw_nemo_buffer_000004,22.868,40.0,True,False,False
O12.5_4,s02,s0204b,s02_s0204b_raw_nemo_buffer_000035,385.988,1.376,False,False,False
O12.5_4,s02,s0204b,s02_s0204b_raw_nemo_buffer_000035,392.396,46.935,True,False,False
O0_2,s02,s0204b,s02_s0204b_raw_nemo_buffer_000004,22.878,30.0,True,False,False
O0_2,s02,s0204b,s02_s0204b_raw_nemo_buffer_000035,385.996,9.376,False,False,False
O0_2,s02,s0204b,s02_s0204b_raw_nemo_buffer_000035,392.386,36.935,True,False,False
A_O50_8,s02,s0205b,s02_s0205b_raw_nemo_buffer_000015,203.064,23.875,True,False,False
A_O50_8,s02,s0205b,s02_s0205b_raw_nemo_buffer_000018,216.76,7.523,False,False,False
A_O50_8,s02,s0205b,s02_s0205b_raw_nemo_buffer_000019,222.344,18.627,False,False,False
A_O50_8,s02,s0205b,s02_s0205b_raw_nemo_buffer_000020,231.144,24.0,True,False,False
A_O50_8,s02,s0205b,s02_s0205b_raw_nemo_buffer_000038,377.304,9.025,False,False,False
D_O0_8,s02,s0205b,s02_s0205b_raw_nemo_buffer_000018,216.76,7.523,False,False,False
D_O0_8,s02,s0205b,s02_s0205b_raw_nemo_buffer_000019,224.456,71.652,True,True,False
D_O0_8,s02,s0205b,s02_s0205b_raw_nemo_buffer_000020,231.128,8.0,False,False,False
D_O0_8,s02,s0205b,s02_s0205b_raw_nemo_buffer_000031,318.208,4.103,False,False,False
O25_4,s02,s0205b,s02_s0205b_raw_nemo_buffer_000014,188.812,1.128,False,False,False
O25_4,s02,s0205b,s02_s0205b_raw_nemo_buffer_000018,216.78,27.523,True,False,False
O25_4,s02,s0205b,s02_s0205b_raw_nemo_buffer_000019,222.348,22.627,True,False,False
O25_4,s02,s0205b,s02_s0205b_raw_nemo_buffer_000020,231.136,16.0,False,False,False
O25_4,s02,s0205b,s02_s0205b_raw_nemo_buffer_000038,377.308,13.025,False,False,False
O0_4,s02,s0205b,s02_s0205b_raw_nemo_buffer_000018,216.76,7.523,False,False,False
O0_4,s02,s0205b,s02_s0205b_raw_nemo_buffer_000019,224.46,67.652,True,True,False
O0_4,s02,s0205b,s02_s0205b_raw_nemo_buffer_000020,231.124,4.0,False,False,False
O0_4,s02,s0205b,s02_s0205b_raw_nemo_buffer_000031,318.208,4.103,False,False,False
O12.5_4,s02,s0205b,s02_s0205b_raw_nemo_buffer_000018,216.796,43.523,True,False,False
O12.5_4,s02,s0205b,s02_s0205b_raw_nemo_buffer_000019,222.352,26.627,True,False,False
O12.5_4,s02,s0205b,s02_s0205b_raw_nemo_buffer_000020,231.136,16.0,False,False,False
O12.5_4,s02,s0205b,s02_s0205b_raw_nemo_buffer_000023,261.6,0.686,False,False,False
O12.5_4,s02,s0205b,s02_s0205b_raw_nemo_buffer_000032,320.908,3.396,False,False,False
O12.5_4,s02,s0205b,s02_s0205b_raw_nemo_buffer_000038,377.308,13.025,False,False,False
O0_2,s02,s0205b,s02_s0205b_raw_nemo_buffer_000018,216.76,7.523,False,False,False
O0_2,s02,s0205b,s02_s0205b_raw_nemo_buffer_000019,224.462,65.652,True,True,False
O0_2,s02,s0205b,s02_s0205b_raw_nemo_buffer_000020,231.13,10.0,False,False,False
A_O50_8,s02,s0206a,s02_s0206a_raw_nemo_buffer_000004,33.04,51.149,True,True,False
A_O50_8,s02,s0206a,s02_s0206a_raw_nemo_buffer_000010,65.712,30.264,True,False,False
A_O50_8,s02,s0206a,s02_s0206a_raw_nemo_buffer_000022,144.608,26.088,True,False,False
A_O50_8,s02,s0206a,s02_s0206a_raw_nemo_buffer_000026,197.704,24.0,True,False,False
A_O50_8,s02,s0206a,s02_s0206a_raw_nemo_buffer_000027,228.328,86.021,True,True,False
A_O50_8,s02,s0206a,s02_s0206a_raw_nemo_buffer_000033,343.712,63.563,True,True,False
A_O50_8,s02,s0206a,s02_s0206a_raw_nemo_buffer_000036,359.168,17.256,False,False,False
A_O50_8,s02,s0206a,s02_s0206a_raw_nemo_buffer_000046,421.696,16.0,False,False,False
D_O0_8,s02,s0206a,s02_s0206a_raw_nemo_buffer_000026,197.704,24.0,True,False,False
D_O0_8,s02,s0206a,s02_s0206a_raw_nemo_buffer_000036,371.544,32.017,True,False,False
D_O0_8,s02,s0206a,s02_s0206a_raw_nemo_buffer_000039,388.944,5.886,False,False,False
D_O0_8,s02,s0206a,s02_s0206a_raw_nemo_buffer_000046,421.688,8.0,False,False,False
O25_4,s02,s0206a,s02_s0206a_raw_nemo_buffer_000004,35.528,74.063,True,True,False
O25_4,s02,s0206a,s02_s0206a_raw_nemo_buffer_000010,65.716,28.75,True,False,False
O25_4,s02,s0206a,s02_s0206a_raw_nemo_buffer_000033,343.716,59.563,True,True,False
O25_4,s02,s0206a,s02_s0206a_raw_nemo_buffer_000039,388.944,5.886,False,False,False
O25_4,s02,s0206a,s02_s0206a_raw_nemo_buffer_000046,421.7,20.0,False,False,False
O0_4,s02,s0206a,s02_s0206a_raw_nemo_buffer_000026,197.708,28.0,True,False,False
O0_4,s02,s0206a,s02_s0206a_raw_nemo_buffer_000036,371.532,20.017,True,False,False
O0_4,s02,s0206a,s02_s0206a_raw_nemo_buffer_000039,388.944,5.886,False,False,False
O0_4,s02,s0206a,s02_s0206a_raw_nemo_buffer_000046,421.688,8.0,False,False,False
O12.5_4,s02,s0206a,s02_s0206a_raw_nemo_buffer_000004,35.528,74.063,True,True,False
O12.5_4,s02,s0206a,s02_s0206a_raw_nemo_buffer_000026,197.712,32.0,True,False,False
O12.5_4,s02,s0206a,s02_s0206a_raw_nemo_buffer_000039,388.944,5.886,False,False,False
O12.5_4,s02,s0206a,s02_s0206a_raw_nemo_buffer_000046,421.704,24.0,True,False,False
O0_2,s02,s0206a,s02_s0206a_raw_nemo_buffer_000026,197.708,28.0,True,False,False
O0_2,s02,s0206a,s02_s0206a_raw_nemo_buffer_000036,371.55,31.731,True,False,False
O0_2,s02,s0206a,s02_s0206a_raw_nemo_buffer_000039,388.946,7.886,False,False,False
O0_2,s02,s0206a,s02_s0206a_raw_nemo_buffer_000046,421.682,2.0,False,False,False
A_O50_8,s03,s0301a,s03_s0301a_raw_nemo_buffer_000002,57.8,51.0,True,True,False
A_O50_8,s03,s0301a,s03_s0301a_raw_nemo_buffer_000003,81.848,15.0,False,False,False
A_O50_8,s03,s0301a,s03_s0301a_raw_nemo_buffer_000003,91.44,53.0,True,True,False
A_O50_8,s03,s0301a,s03_s0301a_raw_nemo_buffer_000007,120.864,46.0,True,False,False
A_O50_8,s03,s0301a,s03_s0301a_raw_nemo_buffer_000009,135.816,56.0,True,True,False
A_O50_8,s03,s0301a,s03_s0301a_raw_nemo_buffer_000013,156.072,25.09,True,False,False
A_O50_8,s03,s0301a,s03_s0301a_raw_nemo_buffer_000016,167.016,68.0,True,True,False
A_O50_8,s03,s0301a,s03_s0301a_raw_nemo_buffer_000018,219.688,24.0,True,False,False
A_O50_8,s03,s0301a,s03_s0301a_raw_nemo_buffer_000023,285.952,42.0,True,False,False
D_O0_8,s03,s0301a,s03_s0301a_raw_nemo_buffer_000009,135.768,8.0,False,False,False
D_O0_8,s03,s0301a,s03_s0301a_raw_nemo_buffer_000018,219.672,8.0,False,False,False
D_O0_8,s03,s0301a,s03_s0301a_raw_nemo_buffer_000023,285.952,42.0,True,False,False
O25_4,s03,s0301a,s03_s0301a_raw_nemo_buffer_000002,57.808,55.0,True,True,False
O25_4,s03,s0301a,s03_s0301a_raw_nemo_buffer_000009,135.764,4.0,False,False,False
O25_4,s03,s0301a,s03_s0301a_raw_nemo_buffer_000016,167.044,73.0,True,True,False
O25_4,s03,s0301a,s03_s0301a_raw_nemo_buffer_000018,219.672,8.0,False,False,False
O25_4,s03,s0301a,s03_s0301a_raw_nemo_buffer_000023,285.956,38.0,True,False,False
O0_4,s03,s0301a,s03_s0301a_raw_nemo_buffer_000009,135.764,4.0,False,False,False
O0_4,s03,s0301a,s03_s0301a_raw_nemo_buffer_000018,219.668,4.0,False,False,False
O0_4,s03,s0301a,s03_s0301a_raw_nemo_buffer_000023,285.948,42.122,True,False,False
O12.5_4,s03,s0301a,s03_s0301a_raw_nemo_buffer_000009,135.764,4.0,False,False,False
O12.5_4,s03,s0301a,s03_s0301a_raw_nemo_buffer_000016,167.044,73.0,True,True,False
O12.5_4,s03,s0301a,s03_s0301a_raw_nemo_buffer_000018,219.672,8.0,False,False,False
O12.5_4,s03,s0301a,s03_s0301a_raw_nemo_buffer_000023,285.948,42.122,True,False,False
O0_2,s03,s0301a,s03_s0301a_raw_nemo_buffer_000009,135.764,4.0,False,False,False
O0_2,s03,s0301a,s03_s0301a_raw_nemo_buffer_000018,219.666,2.0,False,False,False
O0_2,s03,s0301a,s03_s0301a_raw_nemo_buffer_000023,285.948,42.122,True,False,False
A_O50_8,s03,s0301b,s03_s0301b_raw_nemo_buffer_000003,38.928,2.612,False,False,False
A_O50_8,s03,s0301b,s03_s0301b_raw_nemo_buffer_000007,86.08,46.437,True,False,False
A_O50_8,s03,s0301b,s03_s0301b_raw_nemo_buffer_000011,122.112,42.187,True,False,False
A_O50_8,s03,s0301b,s03_s0301b_raw_nemo_buffer_000012,129.464,54.35,True,True,False
D_O0_8,s03,s0301b,s03_s0301b_raw_nemo_buffer_000012,131.096,11.544,False,False,False
O25_4,s03,s0301b,s03_s0301b_raw_nemo_buffer_000001,29.308,54.686,True,True,False
O25_4,s03,s0301b,s03_s0301b_raw_nemo_buffer_000007,72.472,4.883,False,False,False
O25_4,s03,s0301b,s03_s0301b_raw_nemo_buffer_000007,86.068,58.437,True,True,False
O25_4,s03,s0301b,s03_s0301b_raw_nemo_buffer_000012,129.476,49.029,True,False,False
O0_4,s03,s0301b,s03_s0301b_raw_nemo_buffer_000012,131.096,11.544,False,False,False
O12.5_4,s03,s0301b,s03_s0301b_raw_nemo_buffer_000001,29.304,50.686,True,True,False
O12.5_4,s03,s0301b,s03_s0301b_raw_nemo_buffer_000007,72.484,16.883,False,False,False
O0_2,s03,s0301b,s03_s0301b_raw_nemo_buffer_000007,72.47,2.883,False,False,False
O0_2,s03,s0301b,s03_s0301b_raw_nemo_buffer_000012,131.098,13.544,False,False,False
A_O50_8,s03,s0302a,s03_s0302a_raw_nemo_buffer_000007,46.152,34.738,True,False,False
A_O50_8,s03,s0302a,s03_s0302a_raw_nemo_buffer_000007,53.976,44.688,True,False,False
A_O50_8,s03,s0302a,s03_s0302a_raw_nemo_buffer_000017,126.656,48.0,True,False,False
A_O50_8,s03,s0302a,s03_s0302a_raw_nemo_buffer_000034,403.144,49.562,True,False,False
A_O50_8,s03,s0302a,s03_s0302a_raw_nemo_buffer_000034,410.6,54.298,True,True,False
D_O0_8,s03,s0302a,s03_s0302a_raw_nemo_buffer_000007,40.032,56.679,True,True,False
D_O0_8,s03,s0302a,s03_s0302a_raw_nemo_buffer_000007,54.496,1.857,False,False,False
D_O0_8,s03,s0302a,s03_s0302a_raw_nemo_buffer_000008,88.8,4.716,False,False,False
D_O0_8,s03,s0302a,s03_s0302a_raw_nemo_buffer_000017,126.64,32.0,True,False,False
D_O0_8,s03,s0302a,s03_s0302a_raw_nemo_buffer_000035,416.384,17.908,False,False,False
O25_4,s03,s0302a,s03_s0302a_raw_nemo_buffer_000007,40.02,68.679,True,True,False
O25_4,s03,s0302a,s03_s0302a_raw_nemo_buffer_000007,47.148,120.633,True,True,True
O25_4,s03,s0302a,s03_s0302a_raw_nemo_buffer_000017,126.648,40.0,True,False,False
O0_4,s03,s0302a,s03_s0302a_raw_nemo_buffer_000007,40.02,68.679,True,True,False
O0_4,s03,s0302a,s03_s0302a_raw_nemo_buffer_000007,54.5,5.857,False,False,False
O0_4,s03,s0302a,s03_s0302a_raw_nemo_buffer_000008,88.8,4.716,False,False,False
O0_4,s03,s0302a,s03_s0302a_raw_nemo_buffer_000017,126.628,20.0,False,False,False
O0_4,s03,s0302a,s03_s0302a_raw_nemo_buffer_000035,416.396,29.908,True,False,False
O12.5_4,s03,s0302a,s03_s0302a_raw_nemo_buffer_000007,40.012,76.679,True,True,False
O12.5_4,s03,s0302a,s03_s0302a_raw_nemo_buffer_000007,54.504,9.857,False,False,False
O12.5_4,s03,s0302a,s03_s0302a_raw_nemo_buffer_000017,126.64,32.0,True,False,False
O0_2,s03,s0302a,s03_s0302a_raw_nemo_buffer_000007,40.022,66.679,True,True,False
O0_2,s03,s0302a,s03_s0302a_raw_nemo_buffer_000007,54.498,3.857,False,False,False
O0_2,s03,s0302a,s03_s0302a_raw_nemo_buffer_000017,126.628,20.0,False,False,False
O0_2,s03,s0302a,s03_s0302a_raw_nemo_buffer_000035,416.396,29.908,True,False,False
A_O50_8,s03,s0302b,s03_s0302b_raw_nemo_buffer_000005,186.432,45.0,True,False,False
A_O50_8,s03,s0302b,s03_s0302b_raw_nemo_buffer_000008,220.688,41.0,True,False,False
A_O50_8,s03,s0302b,s03_s0302b_raw_nemo_buffer_000020,293.872,54.747,True,True,False
A_O50_8,s03,s0302b,s03_s0302b_raw_nemo_buffer_000022,317.784,8.0,False,False,False
A_O50_8,s03,s0302b,s03_s0302b_raw_nemo_buffer_000023,335.84,51.0,True,True,False
D_O0_8,s03,s0302b,s03_s0302b_raw_nemo_buffer_000005,186.432,45.0,True,False,False
D_O0_8,s03,s0302b,s03_s0302b_raw_nemo_buffer_000020,293.872,54.747,True,True,False
D_O0_8,s03,s0302b,s03_s0302b_raw_nemo_buffer_000022,317.784,8.0,False,False,False
D_O0_8,s03,s0302b,s03_s0302b_raw_nemo_buffer_000023,335.856,35.0,True,False,False
O25_4,s03,s0302b,s03_s0302b_raw_nemo_buffer_000005,186.412,28.0,True,False,False
O25_4,s03,s0302b,s03_s0302b_raw_nemo_buffer_000020,293.88,62.747,True,True,False
O25_4,s03,s0302b,s03_s0302b_raw_nemo_buffer_000022,317.784,8.0,False,False,False
O25_4,s03,s0302b,s03_s0302b_raw_nemo_buffer_000023,335.84,51.0,True,True,False
O0_4,s03,s0302b,s03_s0302b_raw_nemo_buffer_000005,186.404,20.0,False,False,False
O0_4,s03,s0302b,s03_s0302b_raw_nemo_buffer_000020,293.876,58.747,True,True,False
O0_4,s03,s0302b,s03_s0302b_raw_nemo_buffer_000022,317.784,8.0,False,False,False
O0_4,s03,s0302b,s03_s0302b_raw_nemo_buffer_000023,335.856,35.0,True,False,False
O12.5_4,s03,s0302b,s03_s0302b_raw_nemo_buffer_000005,186.412,28.0,True,False,False
O12.5_4,s03,s0302b,s03_s0302b_raw_nemo_buffer_000020,293.868,50.747,True,True,False
O12.5_4,s03,s0302b,s03_s0302b_raw_nemo_buffer_000022,317.788,12.0,False,False,False
O12.5_4,s03,s0302b,s03_s0302b_raw_nemo_buffer_000023,335.856,35.0,True,False,False
O0_2,s03,s0302b,s03_s0302b_raw_nemo_buffer_000005,186.404,20.0,False,False,False
O0_2,s03,s0302b,s03_s0302b_raw_nemo_buffer_000020,293.876,58.747,True,True,False
O0_2,s03,s0302b,s03_s0302b_raw_nemo_buffer_000022,317.784,8.0,False,False,False
O0_2,s03,s0302b,s03_s0302b_raw_nemo_buffer_000023,335.858,33.0,True,False,False
A_O50_8,s03,s0303a,s03_s0303a_raw_nemo_buffer_000014,281.952,14.0,False,False,False
A_O50_8,s03,s0303a,s03_s0303a_raw_nemo_buffer_000015,284.472,8.0,False,False,False
A_O50_8,s03,s0303a,s03_s0303a_raw_nemo_buffer_000024,337.68,35.111,True,False,False
A_O50_8,s03,s0303a,s03_s0303a_raw_nemo_buffer_000025,343.184,32.0,True,False,False
A_O50_8,s03,s0303a,s03_s0303a_raw_nemo_buffer_000028,380.456,11.0,False,False,False
A_O50_8,s03,s0303a,s03_s0303a_raw_nemo_buffer_000029,386.456,45.724,True,False,False
D_O0_8,s03,s0303a,s03_s0303a_raw_nemo_buffer_000015,284.488,24.0,True,False,False
D_O0_8,s03,s0303a,s03_s0303a_raw_nemo_buffer_000024,337.688,43.111,True,False,False
D_O0_8,s03,s0303a,s03_s0303a_raw_nemo_buffer_000025,343.168,16.0,False,False,False
D_O0_8,s03,s0303a,s03_s0303a_raw_nemo_buffer_000029,386.456,45.724,True,False,False
D_O0_8,s03,s0303a,s03_s0303a_raw_nemo_buffer_000030,407.496,45.0,True,False,False
D_O0_8,s03,s0303a,s03_s0303a_raw_nemo_buffer_000030,421.664,81.0,True,True,False
O25_4,s03,s0303a,s03_s0303a_raw_nemo_buffer_000014,276.848,47.0,True,False,False
O25_4,s03,s0303a,s03_s0303a_raw_nemo_buffer_000015,284.492,28.0,True,False,False
O25_4,s03,s0303a,s03_s0303a_raw_nemo_buffer_000024,337.68,35.111,True,False,False
O25_4,s03,s0303a,s03_s0303a_raw_nemo_buffer_000025,343.176,24.0,True,False,False
O25_4,s03,s0303a,s03_s0303a_raw_nemo_buffer_000029,386.448,37.724,True,False,False
O25_4,s03,s0303a,s03_s0303a_raw_nemo_buffer_000030,407.464,61.736,True,True,False
O25_4,s03,s0303a,s03_s0303a_raw_nemo_buffer_000030,421.664,81.0,True,True,False
O0_4,s03,s0303a,s03_s0303a_raw_nemo_buffer_000014,276.852,43.0,True,False,False
O0_4,s03,s0303a,s03_s0303a_raw_nemo_buffer_000015,284.492,28.0,True,False,False
O0_4,s03,s0303a,s03_s0303a_raw_nemo_buffer_000024,337.684,39.111,True,False,False
O0_4,s03,s0303a,s03_s0303a_raw_nemo_buffer_000025,343.168,16.0,False,False,False
O0_4,s03,s0303a,s03_s0303a_raw_nemo_buffer_000029,386.456,45.724,True,False,False
O0_4,s03,s0303a,s03_s0303a_raw_nemo_buffer_000030,407.492,49.0,True,False,False
O12.5_4,s03,s0303a,s03_s0303a_raw_nemo_buffer_000014,276.852,43.0,True,False,False
O12.5_4,s03,s0303a,s03_s0303a_raw_nemo_buffer_000015,284.472,8.0,False,False,False
O12.5_4,s03,s0303a,s03_s0303a_raw_nemo_buffer_000024,337.684,39.111,True,False,False
O12.5_4,s03,s0303a,s03_s0303a_raw_nemo_buffer_000025,343.176,24.0,True,False,False
O12.5_4,s03,s0303a,s03_s0303a_raw_nemo_buffer_000028,380.448,3.0,False,False,False
O12.5_4,s03,s0303a,s03_s0303a_raw_nemo_buffer_000029,387.724,114.0,True,True,True
O12.5_4,s03,s0303a,s03_s0303a_raw_nemo_buffer_000030,407.46,57.736,True,True,False
O12.5_4,s03,s0303a,s03_s0303a_raw_nemo_buffer_000030,421.66,85.0,True,True,False
O0_2,s03,s0303a,s03_s0303a_raw_nemo_buffer_000014,276.852,43.0,True,False,False
O0_2,s03,s0303a,s03_s0303a_raw_nemo_buffer_000015,284.492,28.0,True,False,False
O0_2,s03,s0303a,s03_s0303a_raw_nemo_buffer_000024,337.69,45.111,True,False,False
O0_2,s03,s0303a,s03_s0303a_raw_nemo_buffer_000025,343.168,16.0,False,False,False
O0_2,s03,s0303a,s03_s0303a_raw_nemo_buffer_000029,386.456,45.724,True,False,False
O0_2,s03,s0303a,s03_s0303a_raw_nemo_buffer_000030,407.498,43.0,True,False,False
A_O50_8,s03,s0303b,s03_s0303b_raw_nemo_buffer_000001,10.44,103.0,True,True,True
A_O50_8,s03,s0303b,s03_s0303b_raw_nemo_buffer_000004,29.672,106.0,True,True,True
A_O50_8,s03,s0303b,s03_s0303b_raw_nemo_buffer_000004,43.112,76.0,True,True,False
A_O50_8,s03,s0303b,s03_s0303b_raw_nemo_buffer_000011,66.712,8.0,False,False,False
A_O50_8,s03,s0303b,s03_s0303b_raw_nemo_buffer_000011,70.152,49.0,True,False,False
A_O50_8,s03,s0303b,s03_s0303b_raw_nemo_buffer_000015,95.44,44.89,True,False,False
A_O50_8,s03,s0303b,s03_s0303b_raw_nemo_buffer_000020,124.256,32.0,True,False,False
A_O50_8,s03,s0303b,s03_s0303b_raw_nemo_buffer_000021,129.832,72.0,True,True,False
A_O50_8,s03,s0303b,s03_s0303b_raw_nemo_buffer_000022,130.856,9.609,False,False,False
A_O50_8,s03,s0303b,s03_s0303b_raw_nemo_buffer_000025,172.424,20.0,False,False,False
A_O50_8,s03,s0303b,s03_s0303b_raw_nemo_buffer_000029,209.488,42.539,True,False,False
D_O0_8,s03,s0303b,s03_s0303b_raw_nemo_buffer_000001,10.44,103.0,True,True,True
D_O0_8,s03,s0303b,s03_s0303b_raw_nemo_buffer_000004,29.72,58.0,True,True,False
D_O0_8,s03,s0303b,s03_s0303b_raw_nemo_buffer_000004,48.264,7.083,False,False,False
D_O0_8,s03,s0303b,s03_s0303b_raw_nemo_buffer_000011,66.72,16.0,False,False,False
D_O0_8,s03,s0303b,s03_s0303b_raw_nemo_buffer_000015,95.472,76.89,True,True,False
D_O0_8,s03,s0303b,s03_s0303b_raw_nemo_buffer_000021,129.888,16.0,False,False,False
D_O0_8,s03,s0303b,s03_s0303b_raw_nemo_buffer_000022,130.848,1.609,False,False,False
D_O0_8,s03,s0303b,s03_s0303b_raw_nemo_buffer_000025,172.424,20.0,False,False,False
O25_4,s03,s0303b,s03_s0303b_raw_nemo_buffer_000001,10.444,107.0,True,True,True
O25_4,s03,s0303b,s03_s0303b_raw_nemo_buffer_000004,29.72,58.0,True,True,False
O25_4,s03,s0303b,s03_s0303b_raw_nemo_buffer_000011,66.712,8.0,False,False,False
O25_4,s03,s0303b,s03_s0303b_raw_nemo_buffer_000011,74.136,43.26,True,False,False
O25_4,s03,s0303b,s03_s0303b_raw_nemo_buffer_000015,95.464,68.89,True,True,False
O25_4,s03,s0303b,s03_s0303b_raw_nemo_buffer_000021,129.884,20.0,False,False,False
O25_4,s03,s0303b,s03_s0303b_raw_nemo_buffer_000022,130.868,21.609,True,False,False
O25_4,s03,s0303b,s03_s0303b_raw_nemo_buffer_000025,172.432,12.0,False,False,False
O0_4,s03,s0303b,s03_s0303b_raw_nemo_buffer_000001,10.444,107.0,True,True,True
O0_4,s03,s0303b,s03_s0303b_raw_nemo_buffer_000004,29.72,58.0,True,True,False
O0_4,s03,s0303b,s03_s0303b_raw_nemo_buffer_000004,48.264,7.083,False,False,False
O0_4,s03,s0303b,s03_s0303b_raw_nemo_buffer_000011,66.724,20.0,False,False,False
O0_4,s03,s0303b,s03_s0303b_raw_nemo_buffer_000015,95.472,76.89,True,True,False
O0_4,s03,s0303b,s03_s0303b_raw_nemo_buffer_000021,129.892,12.0,False,False,False
O0_4,s03,s0303b,s03_s0303b_raw_nemo_buffer_000025,172.428,16.0,False,False,False
O12.5_4,s03,s0303b,s03_s0303b_raw_nemo_buffer_000001,10.436,99.0,True,True,False
O12.5_4,s03,s0303b,s03_s0303b_raw_nemo_buffer_000004,29.732,46.0,True,False,False
O12.5_4,s03,s0303b,s03_s0303b_raw_nemo_buffer_000011,66.72,16.0,False,False,False
O12.5_4,s03,s0303b,s03_s0303b_raw_nemo_buffer_000015,95.456,60.89,True,True,False
O12.5_4,s03,s0303b,s03_s0303b_raw_nemo_buffer_000020,121.828,45.89,True,False,False
O12.5_4,s03,s0303b,s03_s0303b_raw_nemo_buffer_000021,129.892,12.0,False,False,False
O12.5_4,s03,s0303b,s03_s0303b_raw_nemo_buffer_000022,130.848,1.609,False,False,False
O12.5_4,s03,s0303b,s03_s0303b_raw_nemo_buffer_000025,172.428,16.0,False,False,False
O0_2,s03,s0303b,s03_s0303b_raw_nemo_buffer_000001,10.444,107.0,True,True,True
O0_2,s03,s0303b,s03_s0303b_raw_nemo_buffer_000004,29.714,64.0,True,True,False
O0_2,s03,s0303b,s03_s0303b_raw_nemo_buffer_000011,66.722,18.0,False,False,False
O0_2,s03,s0303b,s03_s0303b_raw_nemo_buffer_000015,95.472,76.89,True,True,False
O0_2,s03,s0303b,s03_s0303b_raw_nemo_buffer_000021,129.886,18.0,False,False,False
O0_2,s03,s0303b,s03_s0303b_raw_nemo_buffer_000025,172.428,16.0,False,False,False
A_O50_8,s03,s0304a,s03_s0304a_raw_nemo_buffer_000010,222.88,36.086,True,False,False
A_O50_8,s03,s0304a,s03_s0304a_raw_nemo_buffer_000018,263.976,35.604,True,False,False
A_O50_8,s03,s0304a,s03_s0304a_raw_nemo_buffer_000019,277.032,33.182,True,False,False
A_O50_8,s03,s0304a,s03_s0304a_raw_nemo_buffer_000025,350.28,41.563,True,False,False
A_O50_8,s03,s0304a,s03_s0304a_raw_nemo_buffer_000033,400.88,59.312,True,True,False
A_O50_8,s03,s0304a,s03_s0304a_raw_nemo_buffer_000035,416.976,32.878,True,False,False
A_O50_8,s03,s0304a,s03_s0304a_raw_nemo_buffer_000036,421.912,56.0,True,True,False
A_O50_8,s03,s0304a,s03_s0304a_raw_nemo_buffer_000037,429.792,58.526,True,True,False
D_O0_8,s03,s0304a,s03_s0304a_raw_nemo_buffer_000018,263.968,27.604,True,False,False
D_O0_8,s03,s0304a,s03_s0304a_raw_nemo_buffer_000036,421.952,16.0,False,False,False
O25_4,s03,s0304a,s03_s0304a_raw_nemo_buffer_000018,263.976,35.604,True,False,False
O25_4,s03,s0304a,s03_s0304a_raw_nemo_buffer_000019,278.696,87.435,True,True,False
O25_4,s03,s0304a,s03_s0304a_raw_nemo_buffer_000025,350.28,41.563,True,False,False
O25_4,s03,s0304a,s03_s0304a_raw_nemo_buffer_000025,366.576,5.568,False,False,False
O25_4,s03,s0304a,s03_s0304a_raw_nemo_buffer_000033,400.596,63.312,True,True,False
O25_4,s03,s0304a,s03_s0304a_raw_nemo_buffer_000035,416.984,40.878,True,False,False
O25_4,s03,s0304a,s03_s0304a_raw_nemo_buffer_000036,421.916,52.0,True,True,False
O25_4,s03,s0304a,s03_s0304a_raw_nemo_buffer_000037,429.796,62.526,True,True,False
O0_4,s03,s0304a,s03_s0304a_raw_nemo_buffer_000036,421.956,12.0,False,False,False
O12.5_4,s03,s0304a,s03_s0304a_raw_nemo_buffer_000018,263.976,35.604,True,False,False
O12.5_4,s03,s0304a,s03_s0304a_raw_nemo_buffer_000025,350.284,37.563,True,False,False
O12.5_4,s03,s0304a,s03_s0304a_raw_nemo_buffer_000025,359.492,11.323,False,False,False
O12.5_4,s03,s0304a,s03_s0304a_raw_nemo_buffer_000033,386.14,3.925,False,False,False
O12.5_4,s03,s0304a,s03_s0304a_raw_nemo_buffer_000035,416.984,40.878,True,False,False
O12.5_4,s03,s0304a,s03_s0304a_raw_nemo_buffer_000036,421.956,12.0,False,False,False
O0_2,s03,s0304a,s03_s0304a_raw_nemo_buffer_000018,263.966,25.604,True,False,False
O0_2,s03,s0304a,s03_s0304a_raw_nemo_buffer_000036,421.956,12.0,False,False,False
A_O50_8,s03,s0304b,s03_s0304b_raw_nemo_buffer_000004,129.536,101.16,True,True,True
A_O50_8,s03,s0304b,s03_s0304b_raw_nemo_buffer_000008,169.688,53.625,True,True,False
A_O50_8,s03,s0304b,s03_s0304b_raw_nemo_buffer_000013,206.664,39.758,True,False,False
A_O50_8,s03,s0304b,s03_s0304b_raw_nemo_buffer_000013,212.96,32.75,True,False,False
A_O50_8,s03,s0304b,s03_s0304b_raw_nemo_buffer_000014,227.808,48.936,True,False,False
A_O50_8,s03,s0304b,s03_s0304b_raw_nemo_buffer_000015,234.064,50.816,True,True,False
A_O50_8,s03,s0304b,s03_s0304b_raw_nemo_buffer_000017,252.088,0.839,False,False,False
A_O50_8,s03,s0304b,s03_s0304b_raw_nemo_buffer_000019,256.544,3.148,False,False,False
A_O50_8,s03,s0304b,s03_s0304b_raw_nemo_buffer_000024,296.888,78.151,True,True,False
D_O0_8,s03,s0304b,s03_s0304b_raw_nemo_buffer_000004,129.568,95.209,True,True,False
D_O0_8,s03,s0304b,s03_s0304b_raw_nemo_buffer_000015,234.064,50.816,True,True,False
D_O0_8,s03,s0304b,s03_s0304b_raw_nemo_buffer_000017,252.088,0.839,False,False,False
D_O0_8,s03,s0304b,s03_s0304b_raw_nemo_buffer_000019,256.552,11.148,False,False,False
D_O0_8,s03,s0304b,s03_s0304b_raw_nemo_buffer_000024,296.08,50.625,True,True,False
O25_4,s03,s0304b,s03_s0304b_raw_nemo_buffer_000002,116.108,14.252,False,False,False
O25_4,s03,s0304b,s03_s0304b_raw_nemo_buffer_000004,129.568,95.209,True,True,False
O25_4,s03,s0304b,s03_s0304b_raw_nemo_buffer_000008,166.972,4.99,False,False,False
O25_4,s03,s0304b,s03_s0304b_raw_nemo_buffer_000014,225.212,30.723,True,False,False
O25_4,s03,s0304b,s03_s0304b_raw_nemo_buffer_000015,234.068,54.816,True,True,False
O25_4,s03,s0304b,s03_s0304b_raw_nemo_buffer_000017,252.1,12.839,False,False,False
O25_4,s03,s0304b,s03_s0304b_raw_nemo_buffer_000019,256.552,11.148,False,False,False
O25_4,s03,s0304b,s03_s0304b_raw_nemo_buffer_000024,296.068,44.645,True,False,False
O0_4,s03,s0304b,s03_s0304b_raw_nemo_buffer_000002,116.116,22.252,True,False,False
O0_4,s03,s0304b,s03_s0304b_raw_nemo_buffer_000004,129.572,91.209,True,True,False
O0_4,s03,s0304b,s03_s0304b_raw_nemo_buffer_000015,234.064,50.816,True,True,False
O0_4,s03,s0304b,s03_s0304b_raw_nemo_buffer_000017,252.092,4.839,False,False,False
O0_4,s03,s0304b,s03_s0304b_raw_nemo_buffer_000019,256.548,7.148,False,False,False
O0_4,s03,s0304b,s03_s0304b_raw_nemo_buffer_000024,296.08,50.625,True,True,False
O12.5_4,s03,s0304b,s03_s0304b_raw_nemo_buffer_000002,116.108,14.252,False,False,False
O12.5_4,s03,s0304b,s03_s0304b_raw_nemo_buffer_000004,129.564,99.209,True,True,False
O12.5_4,s03,s0304b,s03_s0304b_raw_nemo_buffer_000014,225.22,38.723,True,False,False
O12.5_4,s03,s0304b,s03_s0304b_raw_nemo_buffer_000015,234.028,14.816,False,False,False
O12.5_4,s03,s0304b,s03_s0304b_raw_nemo_buffer_000017,252.104,16.839,False,False,False
O12.5_4,s03,s0304b,s03_s0304b_raw_nemo_buffer_000019,256.548,7.148,False,False,False
O12.5_4,s03,s0304b,s03_s0304b_raw_nemo_buffer_000024,296.076,52.645,True,True,False
O0_2,s03,s0304b,s03_s0304b_raw_nemo_buffer_000002,116.116,22.252,True,False,False
O0_2,s03,s0304b,s03_s0304b_raw_nemo_buffer_000004,129.572,91.209,True,True,False
O0_2,s03,s0304b,s03_s0304b_raw_nemo_buffer_000015,234.064,50.816,True,True,False
O0_2,s03,s0304b,s03_s0304b_raw_nemo_buffer_000017,252.09,2.839,False,False,False
O0_2,s03,s0304b,s03_s0304b_raw_nemo_buffer_000024,296.08,50.625,True,True,False
A_O50_8,s03,s0305a,s03_s0305a_raw_nemo_buffer_000000,7.928,24.0,True,False,False
A_O50_8,s03,s0305a,s03_s0305a_raw_nemo_buffer_000004,29.664,40.813,True,False,False
A_O50_8,s03,s0305a,s03_s0305a_raw_nemo_buffer_000011,62.288,45.4,True,False,False
A_O50_8,s03,s0305a,s03_s0305a_raw_nemo_buffer_000033,354.4,37.259,True,False,False
A_O50_8,s03,s0305a,s03_s0305a_raw_nemo_buffer_000043,415.264,62.5,True,True,False
A_O50_8,s03,s0305a,s03_s0305a_raw_nemo_buffer_000047,435.72,27.998,True,False,False
A_O50_8,s03,s0305a,s03_s0305a_raw_nemo_buffer_000049,469.344,48.668,True,False,False
D_O0_8,s03,s0305a,s03_s0305a_raw_nemo_buffer_000000,7.944,8.0,False,False,False
D_O0_8,s03,s0305a,s03_s0305a_raw_nemo_buffer_000033,357.32,30.813,True,False,False
O25_4,s03,s0305a,s03_s0305a_raw_nemo_buffer_000000,7.932,20.0,False,False,False
O25_4,s03,s0305a,s03_s0305a_raw_nemo_buffer_000011,62.284,41.4,True,False,False
O25_4,s03,s0305a,s03_s0305a_raw_nemo_buffer_000033,354.404,41.259,True,False,False
O25_4,s03,s0305a,s03_s0305a_raw_nemo_buffer_000043,406.584,120.269,True,True,True
O25_4,s03,s0305a,s03_s0305a_raw_nemo_buffer_000049,472.348,0.629,False,False,False
O0_4,s03,s0305a,s03_s0305a_raw_nemo_buffer_000000,7.944,8.0,False,False,False
O0_4,s03,s0305a,s03_s0305a_raw_nemo_buffer_000033,357.372,82.813,True,True,False
O0_4,s03,s0305a,s03_s0305a_raw_nemo_buffer_000043,403.224,8.0,False,False,False
O12.5_4,s03,s0305a,s03_s0305a_raw_nemo_buffer_000000,7.944,8.0,False,False,False
O12.5_4,s03,s0305a,s03_s0305a_raw_nemo_buffer_000033,354.408,45.259,True,False,False
O12.5_4,s03,s0305a,s03_s0305a_raw_nemo_buffer_000043,406.596,108.269,True,True,True
O12.5_4,s03,s0305a,s03_s0305a_raw_nemo_buffer_000049,472.356,8.629,False,False,False
O0_2,s03,s0305a,s03_s0305a_raw_nemo_buffer_000000,7.946,6.0,False,False,False
O0_2,s03,s0305a,s03_s0305a_raw_nemo_buffer_000033,357.372,82.813,True,True,False
O0_2,s03,s0305a,s03_s0305a_raw_nemo_buffer_000043,403.218,2.0,False,False,False
A_O50_8,s03,s0305b,s03_s0305b_raw_nemo_buffer_000012,71.448,67.356,True,True,False
A_O50_8,s03,s0305b,s03_s0305b_raw_nemo_buffer_000012,81.768,32.639,True,False,False
A_O50_8,s03,s0305b,s03_s0305b_raw_nemo_buffer_000013,90.368,53.0,True,True,False
A_O50_8,s03,s0305b,s03_s0305b_raw_nemo_buffer_000013,98.04,34.867,True,False,False
A_O50_8,s03,s0305b,s03_s0305b_raw_nemo_buffer_000023,385.776,50.375,True,True,False
A_O50_8,s03,s0305b,s03_s0305b_raw_nemo_buffer_000023,393.688,128.06,True,True,True
D_O0_8,s03,s0305b,s03_s0305b_raw_nemo_buffer_000012,65.464,136.072,True,True,True
D_O0_8,s03,s0305b,s03_s0305b_raw_nemo_buffer_000013,89.6,16.0,False,False,False
D_O0_8,s03,s0305b,s03_s0305b_raw_nemo_buffer_000023,393.688,128.06,True,True,True
O25_4,s03,s0305b,s03_s0305b_raw_nemo_buffer_000012,65.46,140.072,True,True,True
O25_4,s03,s0305b,s03_s0305b_raw_nemo_buffer_000013,90.372,49.0,True,False,False
O25_4,s03,s0305b,s03_s0305b_raw_nemo_buffer_000013,98.04,34.867,True,False,False
O25_4,s03,s0305b,s03_s0305b_raw_nemo_buffer_000023,385.788,43.018,True,False,False
O25_4,s03,s0305b,s03_s0305b_raw_nemo_buffer_000023,393.676,140.06,True,True,True
O0_4,s03,s0305b,s03_s0305b_raw_nemo_buffer_000012,65.46,140.072,True,True,True
O0_4,s03,s0305b,s03_s0305b_raw_nemo_buffer_000013,89.596,12.0,False,False,False
O0_4,s03,s0305b,s03_s0305b_raw_nemo_buffer_000016,118.352,17.197,False,False,False
O0_4,s03,s0305b,s03_s0305b_raw_nemo_buffer_000023,393.684,132.06,True,True,True
O12.5_4,s03,s0305b,s03_s0305b_raw_nemo_buffer_000001,3.556,6.757,False,False,False
O12.5_4,s03,s0305b,s03_s0305b_raw_nemo_buffer_000012,65.46,140.072,True,True,True
O12.5_4,s03,s0305b,s03_s0305b_raw_nemo_buffer_000013,89.592,8.0,False,False,False
O12.5_4,s03,s0305b,s03_s0305b_raw_nemo_buffer_000016,118.352,17.197,False,False,False
O12.5_4,s03,s0305b,s03_s0305b_raw_nemo_buffer_000023,385.784,47.018,True,False,False
O12.5_4,s03,s0305b,s03_s0305b_raw_nemo_buffer_000023,393.684,132.06,True,True,True
O0_2,s03,s0305b,s03_s0305b_raw_nemo_buffer_000012,65.46,140.072,True,True,True
O0_2,s03,s0305b,s03_s0305b_raw_nemo_buffer_000013,89.596,12.0,False,False,False
O0_2,s03,s0305b,s03_s0305b_raw_nemo_buffer_000016,118.352,17.197,False,False,False
O0_2,s03,s0305b,s03_s0305b_raw_nemo_buffer_000023,384.754,12.905,False,False,False
A_O50_8,s03,s0306a,s03_s0306a_raw_nemo_buffer_000008,121.576,48.974,True,False,False
A_O50_8,s03,s0306a,s03_s0306a_raw_nemo_buffer_000025,262.544,37.936,True,False,False
A_O50_8,s03,s0306a,s03_s0306a_raw_nemo_buffer_000027,285.2,109.084,True,True,True
A_O50_8,s03,s0306a,s03_s0306a_raw_nemo_buffer_000032,311.984,38.75,True,False,False
D_O0_8,s03,s0306a,s03_s0306a_raw_nemo_buffer_000006,92.576,37.903,True,False,False
D_O0_8,s03,s0306a,s03_s0306a_raw_nemo_buffer_000027,285.216,125.084,True,True,True
D_O0_8,s03,s0306a,s03_s0306a_raw_nemo_buffer_000032,310.184,24.0,True,False,False
O25_4,s03,s0306a,s03_s0306a_raw_nemo_buffer_000005,80.348,49.086,True,False,False
O25_4,s03,s0306a,s03_s0306a_raw_nemo_buffer_000027,285.224,133.084,True,True,True
O25_4,s03,s0306a,s03_s0306a_raw_nemo_buffer_000032,311.98,42.75,True,False,False
O0_4,s03,s0306a,s03_s0306a_raw_nemo_buffer_000027,285.216,125.084,True,True,True
O0_4,s03,s0306a,s03_s0306a_raw_nemo_buffer_000032,310.184,24.0,True,False,False
O12.5_4,s03,s0306a,s03_s0306a_raw_nemo_buffer_000004,44.256,2.998,False,False,False
O12.5_4,s03,s0306a,s03_s0306a_raw_nemo_buffer_000005,80.34,41.086,True,False,False
O12.5_4,s03,s0306a,s03_s0306a_raw_nemo_buffer_000027,285.232,130.112,True,True,True
O12.5_4,s03,s0306a,s03_s0306a_raw_nemo_buffer_000032,310.616,93.232,True,True,False
O0_2,s03,s0306a,s03_s0306a_raw_nemo_buffer_000000,0.038,10.477,False,False,False
O0_2,s03,s0306a,s03_s0306a_raw_nemo_buffer_000027,285.216,125.084,True,True,True
O0_2,s03,s0306a,s03_s0306a_raw_nemo_buffer_000032,310.182,22.0,True,False,False
A_O50_8,s04,s0401b,s04_s0401b_raw_nemo_buffer_000026,89.32,23.125,True,False,False
A_O50_8,s04,s0401b,s04_s0401b_raw_nemo_buffer_000035,137.944,8.0,False,False,False
A_O50_8,s04,s0401b,s04_s0401b_raw_nemo_buffer_000040,163.512,27.125,True,False,False
A_O50_8,s04,s0401b,s04_s0401b_raw_nemo_buffer_000071,275.792,41.125,True,False,False
A_O50_8,s04,s0401b,s04_s0401b_raw_nemo_buffer_000073,285.24,18.093,False,False,False
A_O50_8,s04,s0401b,s04_s0401b_raw_nemo_buffer_000116,452.672,63.875,True,True,False
D_O0_8,s04,s0401b,s04_s0401b_raw_nemo_buffer_000026,89.32,23.125,True,False,False
D_O0_8,s04,s0401b,s04_s0401b_raw_nemo_buffer_000032,120.864,4.54,False,False,False
D_O0_8,s04,s0401b,s04_s0401b_raw_nemo_buffer_000035,137.944,8.0,False,False,False
D_O0_8,s04,s0401b,s04_s0401b_raw_nemo_buffer_000040,163.52,19.125,False,False,False
D_O0_8,s04,s0401b,s04_s0401b_raw_nemo_buffer_000073,285.24,18.093,False,False,False
D_O0_8,s04,s0401b,s04_s0401b_raw_nemo_buffer_000136,509.616,17.875,False,False,False
O25_4,s04,s0401b,s04_s0401b_raw_nemo_buffer_000026,89.316,27.125,True,False,False
O25_4,s04,s0401b,s04_s0401b_raw_nemo_buffer_000035,137.94,4.0,False,False,False
O25_4,s04,s0401b,s04_s0401b_raw_nemo_buffer_000040,163.504,32.0,True,False,False
O25_4,s04,s0401b,s04_s0401b_raw_nemo_buffer_000071,275.8,33.125,True,False,False
O25_4,s04,s0401b,s04_s0401b_raw_nemo_buffer_000116,452.676,63.125,True,True,False
O0_4,s04,s0401b,s04_s0401b_raw_nemo_buffer_000026,89.268,4.0,False,False,False
O0_4,s04,s0401b,s04_s0401b_raw_nemo_buffer_000035,137.94,4.0,False,False,False
O0_4,s04,s0401b,s04_s0401b_raw_nemo_buffer_000040,163.508,31.125,True,False,False
O0_4,s04,s0401b,s04_s0401b_raw_nemo_buffer_000116,452.676,63.125,True,True,False
O12.5_4,s04,s0401b,s04_s0401b_raw_nemo_buffer_000026,89.3,36.0,True,False,False
O12.5_4,s04,s0401b,s04_s0401b_raw_nemo_buffer_000035,137.944,8.0,False,False,False
O12.5_4,s04,s0401b,s04_s0401b_raw_nemo_buffer_000040,163.524,15.125,False,False,False
O12.5_4,s04,s0401b,s04_s0401b_raw_nemo_buffer_000071,275.796,37.125,True,False,False
O12.5_4,s04,s0401b,s04_s0401b_raw_nemo_buffer_000073,285.224,2.093,False,False,False
O12.5_4,s04,s0401b,s04_s0401b_raw_nemo_buffer_000116,452.664,55.875,True,True,False
O0_2,s04,s0401b,s04_s0401b_raw_nemo_buffer_000026,89.318,25.125,True,False,False
O0_2,s04,s0401b,s04_s0401b_raw_nemo_buffer_000035,137.94,4.0,False,False,False
O0_2,s04,s0401b,s04_s0401b_raw_nemo_buffer_000040,163.51,29.125,True,False,False
O0_2,s04,s0401b,s04_s0401b_raw_nemo_buffer_000071,275.8,33.125,True,False,False
O0_2,s04,s0401b,s04_s0401b_raw_nemo_buffer_000116,452.674,65.125,True,True,False
O0_2,s04,s0401b,s04_s0401b_raw_nemo_buffer_000136,509.614,15.875,False,False,False
A_O50_8,s04,s0402a,s04_s0402a_raw_nemo_buffer_000003,34.56,16.0,False,False,False
A_O50_8,s04,s0402a,s04_s0402a_raw_nemo_buffer_000004,53.472,49.667,True,False,False
A_O50_8,s04,s0402a,s04_s0402a_raw_nemo_buffer_000019,103.288,8.0,False,False,False
A_O50_8,s04,s0402a,s04_s0402a_raw_nemo_buffer_000031,141.352,70.0,True,True,False
A_O50_8,s04,s0402a,s04_s0402a_raw_nemo_buffer_000044,189.616,56.0,True,True,False
A_O50_8,s04,s0402a,s04_s0402a_raw_nemo_buffer_000050,217.288,40.0,True,False,False
A_O50_8,s04,s0402a,s04_s0402a_raw_nemo_buffer_000064,275.2,21.0,True,False,False
A_O50_8,s04,s0402a,s04_s0402a_raw_nemo_buffer_000064,280.896,16.0,False,False,False
A_O50_8,s04,s0402a,s04_s0402a_raw_nemo_buffer_000099,421.112,33.0,True,False,False
A_O50_8,s04,s0402a,s04_s0402a_raw_nemo_buffer_000120,502.296,29.0,True,False,False
A_O50_8,s04,s0402a,s04_s0402a_raw_nemo_buffer_000121,508.184,1.0,False,False,False
A_O50_8,s04,s0402a,s04_s0402a_raw_nemo_buffer_000123,523.944,49.0,True,False,False
D_O0_8,s04,s0402a,s04_s0402a_raw_nemo_buffer_000003,34.552,8.0,False,False,False
D_O0_8,s04,s0402a,s04_s0402a_raw_nemo_buffer_000004,53.448,25.667,True,False,False
D_O0_8,s04,s0402a,s04_s0402a_raw_nemo_buffer_000019,103.288,8.0,False,False,False
D_O0_8,s04,s0402a,s04_s0402a_raw_nemo_buffer_000044,189.576,16.0,False,False,False
D_O0_8,s04,s0402a,s04_s0402a_raw_nemo_buffer_000050,217.32,8.0,False,False,False
D_O0_8,s04,s0402a,s04_s0402a_raw_nemo_buffer_000064,275.2,21.0,True,False,False
D_O0_8,s04,s0402a,s04_s0402a_raw_nemo_buffer_000064,280.896,16.0,False,False,False
D_O0_8,s04,s0402a,s04_s0402a_raw_nemo_buffer_000099,421.104,25.0,True,False,False
D_O0_8,s04,s0402a,s04_s0402a_raw_nemo_buffer_000121,508.2,17.0,False,False,False
D_O0_8,s04,s0402a,s04_s0402a_raw_nemo_buffer_000123,523.384,40.0,True,False,False
O25_4,s04,s0402a,s04_s0402a_raw_nemo_buffer_000003,34.576,32.0,True,False,False
O25_4,s04,s0402a,s04_s0402a_raw_nemo_buffer_000004,53.472,49.667,True,False,False
O25_4,s04,s0402a,s04_s0402a_raw_nemo_buffer_000019,103.296,16.0,False,False,False
O25_4,s04,s0402a,s04_s0402a_raw_nemo_buffer_000044,189.62,60.0,True,True,False
O25_4,s04,s0402a,s04_s0402a_raw_nemo_buffer_000050,217.312,16.0,False,False,False
O25_4,s04,s0402a,s04_s0402a_raw_nemo_buffer_000064,275.212,33.0,True,False,False
O25_4,s04,s0402a,s04_s0402a_raw_nemo_buffer_000064,280.896,16.0,False,False,False
O25_4,s04,s0402a,s04_s0402a_raw_nemo_buffer_000099,421.108,29.0,True,False,False
O25_4,s04,s0402a,s04_s0402a_raw_nemo_buffer_000120,502.3,33.0,True,False,False
O25_4,s04,s0402a,s04_s0402a_raw_nemo_buffer_000121,508.188,5.0,False,False,False
O25_4,s04,s0402a,s04_s0402a_raw_nemo_buffer_000123,523.388,44.0,True,False,False
O0_4,s04,s0402a,s04_s0402a_raw_nemo_buffer_000003,34.552,8.0,False,False,False
O0_4,s04,s0402a,s04_s0402a_raw_nemo_buffer_000004,53.448,25.667,True,False,False
O0_4,s04,s0402a,s04_s0402a_raw_nemo_buffer_000019,103.288,8.0,False,False,False
O0_4,s04,s0402a,s04_s0402a_raw_nemo_buffer_000044,189.576,16.0,False,False,False
O0_4,s04,s0402a,s04_s0402a_raw_nemo_buffer_000050,217.32,8.0,False,False,False
O0_4,s04,s0402a,s04_s0402a_raw_nemo_buffer_000064,275.2,21.0,True,False,False
O0_4,s04,s0402a,s04_s0402a_raw_nemo_buffer_000064,280.884,28.0,True,False,False
O0_4,s04,s0402a,s04_s0402a_raw_nemo_buffer_000099,421.104,25.0,True,False,False
O0_4,s04,s0402a,s04_s0402a_raw_nemo_buffer_000121,508.204,21.0,True,False,False
O0_4,s04,s0402a,s04_s0402a_raw_nemo_buffer_000123,523.404,39.0,True,False,False
O12.5_4,s04,s0402a,s04_s0402a_raw_nemo_buffer_000003,34.572,28.0,True,False,False
O12.5_4,s04,s0402a,s04_s0402a_raw_nemo_buffer_000004,53.456,33.667,True,False,False
O12.5_4,s04,s0402a,s04_s0402a_raw_nemo_buffer_000019,103.296,16.0,False,False,False
O12.5_4,s04,s0402a,s04_s0402a_raw_nemo_buffer_000044,189.588,28.0,True,False,False
O12.5_4,s04,s0402a,s04_s0402a_raw_nemo_buffer_000050,217.32,8.0,False,False,False
O12.5_4,s04,s0402a,s04_s0402a_raw_nemo_buffer_000064,275.192,13.0,False,False,False
O12.5_4,s04,s0402a,s04_s0402a_raw_nemo_buffer_000064,280.896,16.0,False,False,False
O12.5_4,s04,s0402a,s04_s0402a_raw_nemo_buffer_000099,421.112,33.0,True,False,False
O12.5_4,s04,s0402a,s04_s0402a_raw_nemo_buffer_000121,508.204,21.0,True,False,False
O12.5_4,s04,s0402a,s04_s0402a_raw_nemo_buffer_000123,523.388,44.0,True,False,False
O0_2,s04,s0402a,s04_s0402a_raw_nemo_buffer_000003,34.552,8.0,False,False,False
O0_2,s04,s0402a,s04_s0402a_raw_nemo_buffer_000004,53.454,31.667,True,False,False
O0_2,s04,s0402a,s04_s0402a_raw_nemo_buffer_000019,103.29,10.0,False,False,False
O0_2,s04,s0402a,s04_s0402a_raw_nemo_buffer_000044,189.578,18.0,False,False,False
O0_2,s04,s0402a,s04_s0402a_raw_nemo_buffer_000050,217.326,2.0,False,False,False
O0_2,s04,s0402a,s04_s0402a_raw_nemo_buffer_000064,275.194,15.0,False,False,False
O0_2,s04,s0402a,s04_s0402a_raw_nemo_buffer_000064,280.884,28.0,True,False,False
O0_2,s04,s0402a,s04_s0402a_raw_nemo_buffer_000099,421.102,23.0,True,False,False
O0_2,s04,s0402a,s04_s0402a_raw_nemo_buffer_000121,508.204,21.0,True,False,False
O0_2,s04,s0402a,s04_s0402a_raw_nemo_buffer_000123,523.404,39.0,True,False,False
A_O50_8,s04,s0402b,s04_s0402b_raw_nemo_buffer_000009,36.184,29.375,True,False,False
A_O50_8,s04,s0402b,s04_s0402b_raw_nemo_buffer_000032,189.312,45.375,True,False,False
A_O50_8,s04,s0402b,s04_s0402b_raw_nemo_buffer_000033,197.408,41.51,True,False,False
A_O50_8,s04,s0402b,s04_s0402b_raw_nemo_buffer_000065,335.32,4.375,False,False,False
A_O50_8,s04,s0402b,s04_s0402b_raw_nemo_buffer_000085,433.448,31.375,True,False,False
A_O50_8,s04,s0402b,s04_s0402b_raw_nemo_buffer_000094,492.184,9.375,False,False,False
A_O50_8,s04,s0402b,s04_s0402b_raw_nemo_buffer_000094,496.72,15.375,False,False,False
D_O0_8,s04,s0402b,s04_s0402b_raw_nemo_buffer_000009,36.184,29.375,True,False,False
D_O0_8,s04,s0402b,s04_s0402b_raw_nemo_buffer_000065,334.736,113.625,True,True,True
D_O0_8,s04,s0402b,s04_s0402b_raw_nemo_buffer_000081,405.856,1.375,False,False,False
O25_4,s04,s0402b,s04_s0402b_raw_nemo_buffer_000009,36.184,29.375,True,False,False
O25_4,s04,s0402b,s04_s0402b_raw_nemo_buffer_000033,197.412,45.51,True,False,False
O25_4,s04,s0402b,s04_s0402b_raw_nemo_buffer_000065,334.744,105.625,True,True,True
O25_4,s04,s0402b,s04_s0402b_raw_nemo_buffer_000081,405.872,17.375,False,False,False
O25_4,s04,s0402b,s04_s0402b_raw_nemo_buffer_000094,492.18,5.375,False,False,False
O0_4,s04,s0402b,s04_s0402b_raw_nemo_buffer_000009,36.188,33.375,True,False,False
O0_4,s04,s0402b,s04_s0402b_raw_nemo_buffer_000033,197.412,45.51,True,False,False
O0_4,s04,s0402b,s04_s0402b_raw_nemo_buffer_000065,334.732,117.625,True,True,True
O0_4,s04,s0402b,s04_s0402b_raw_nemo_buffer_000094,492.18,5.375,False,False,False
O12.5_4,s04,s0402b,s04_s0402b_raw_nemo_buffer_000009,36.184,29.375,True,False,False
O12.5_4,s04,s0402b,s04_s0402b_raw_nemo_buffer_000033,197.412,45.51,True,False,False
O12.5_4,s04,s0402b,s04_s0402b_raw_nemo_buffer_000053,279.632,4.706,False,False,False
O12.5_4,s04,s0402b,s04_s0402b_raw_nemo_buffer_000065,334.748,101.625,True,True,True
O12.5_4,s04,s0402b,s04_s0402b_raw_nemo_buffer_000081,405.86,5.375,False,False,False
O0_2,s04,s0402b,s04_s0402b_raw_nemo_buffer_000009,36.188,33.375,True,False,False
O0_2,s04,s0402b,s04_s0402b_raw_nemo_buffer_000033,197.41,43.51,True,False,False
O0_2,s04,s0402b,s04_s0402b_raw_nemo_buffer_000058,302.954,13.375,False,False,False
O0_2,s04,s0402b,s04_s0402b_raw_nemo_buffer_000065,334.734,115.625,True,True,True
O0_2,s04,s0402b,s04_s0402b_raw_nemo_buffer_000094,492.18,5.375,False,False,False
O0_2,s04,s0402b,s04_s0402b_raw_nemo_buffer_000094,503.194,17.279,False,False,False
A_O50_8,s04,s0403a,s04_s0403a_raw_nemo_buffer_000045,190.696,50.0,True,False,False
A_O50_8,s04,s0403a,s04_s0403a_raw_nemo_buffer_000049,201.344,29.0,True,False,False
A_O50_8,s04,s0403a,s04_s0403a_raw_nemo_buffer_000053,215.968,12.974,False,False,False
A_O50_8,s04,s0403a,s04_s0403a_raw_nemo_buffer_000053,219.464,17.927,False,False,False
A_O50_8,s04,s0403a,s04_s0403a_raw_nemo_buffer_000077,307.104,16.0,False,False,False
A_O50_8,s04,s0403a,s04_s0403a_raw_nemo_buffer_000081,322.648,1.0,False,False,False
A_O50_8,s04,s0403a,s04_s0403a_raw_nemo_buffer_000102,425.848,4.0,False,False,False
A_O50_8,s04,s0403a,s04_s0403a_raw_nemo_buffer_000112,466.0,32.0,True,False,False
A_O50_8,s04,s0403a,s04_s0403a_raw_nemo_buffer_000113,470.544,3.0,False,False,False
A_O50_8,s04,s0403a,s04_s0403a_raw_nemo_buffer_000140,586.952,51.95,True,True,False
D_O0_8,s04,s0403a,s04_s0403a_raw_nemo_buffer_000049,201.344,29.0,True,False,False
D_O0_8,s04,s0403a,s04_s0403a_raw_nemo_buffer_000053,215.96,4.974,False,False,False
D_O0_8,s04,s0403a,s04_s0403a_raw_nemo_buffer_000069,270.88,11.0,False,False,False
D_O0_8,s04,s0403a,s04_s0403a_raw_nemo_buffer_000077,307.096,8.0,False,False,False
D_O0_8,s04,s0403a,s04_s0403a_raw_nemo_buffer_000081,322.648,1.0,False,False,False
D_O0_8,s04,s0403a,s04_s0403a_raw_nemo_buffer_000102,425.848,4.0,False,False,False
D_O0_8,s04,s0403a,s04_s0403a_raw_nemo_buffer_000112,466.0,32.0,True,False,False
D_O0_8,s04,s0403a,s04_s0403a_raw_nemo_buffer_000140,586.952,51.95,True,True,False
O25_4,s04,s0403a,s04_s0403a_raw_nemo_buffer_000049,201.34,33.0,True,False,False
O25_4,s04,s0403a,s04_s0403a_raw_nemo_buffer_000053,215.968,12.974,False,False,False
O25_4,s04,s0403a,s04_s0403a_raw_nemo_buffer_000076,302.772,21.0,True,False,False
O25_4,s04,s0403a,s04_s0403a_raw_nemo_buffer_000077,307.124,36.0,True,False,False
O25_4,s04,s0403a,s04_s0403a_raw_nemo_buffer_000112,465.996,28.0,True,False,False
O25_4,s04,s0403a,s04_s0403a_raw_nemo_buffer_000139,583.352,34.0,True,False,False
O25_4,s04,s0403a,s04_s0403a_raw_nemo_buffer_000140,586.952,51.95,True,True,False
O0_4,s04,s0403a,s04_s0403a_raw_nemo_buffer_000049,201.316,20.0,False,False,False
O0_4,s04,s0403a,s04_s0403a_raw_nemo_buffer_000053,215.956,0.974,False,False,False
O0_4,s04,s0403a,s04_s0403a_raw_nemo_buffer_000076,302.756,5.0,False,False,False
O0_4,s04,s0403a,s04_s0403a_raw_nemo_buffer_000077,307.108,20.0,False,False,False
O0_4,s04,s0403a,s04_s0403a_raw_nemo_buffer_000081,322.648,1.0,False,False,False
O0_4,s04,s0403a,s04_s0403a_raw_nemo_buffer_000112,466.0,32.0,True,False,False
O0_4,s04,s0403a,s04_s0403a_raw_nemo_buffer_000140,586.952,51.95,True,True,False
O12.5_4,s04,s0403a,s04_s0403a_raw_nemo_buffer_000045,190.484,38.0,True,False,False
O12.5_4,s04,s0403a,s04_s0403a_raw_nemo_buffer_000049,201.324,28.0,True,False,False
O12.5_4,s04,s0403a,s04_s0403a_raw_nemo_buffer_000053,215.964,8.974,False,False,False
O12.5_4,s04,s0403a,s04_s0403a_raw_nemo_buffer_000077,307.104,16.0,False,False,False
O12.5_4,s04,s0403a,s04_s0403a_raw_nemo_buffer_000081,322.648,1.0,False,False,False
O12.5_4,s04,s0403a,s04_s0403a_raw_nemo_buffer_000112,465.996,28.0,True,False,False
O12.5_4,s04,s0403a,s04_s0403a_raw_nemo_buffer_000140,586.908,7.95,False,False,False
O0_2,s04,s0403a,s04_s0403a_raw_nemo_buffer_000049,201.316,20.0,False,False,False
O0_2,s04,s0403a,s04_s0403a_raw_nemo_buffer_000053,215.956,0.974,False,False,False
O0_2,s04,s0403a,s04_s0403a_raw_nemo_buffer_000077,307.106,18.0,False,False,False
O0_2,s04,s0403a,s04_s0403a_raw_nemo_buffer_000081,322.648,1.0,False,False,False
O0_2,s04,s0403a,s04_s0403a_raw_nemo_buffer_000112,466.002,34.0,True,False,False
O0_2,s04,s0403a,s04_s0403a_raw_nemo_buffer_000140,586.926,25.95,True,False,False
A_O50_8,s04,s0403b,s04_s0403b_raw_nemo_buffer_000002,16.064,16.0,False,False,False
A_O50_8,s04,s0403b,s04_s0403b_raw_nemo_buffer_000005,24.072,24.0,True,False,False
A_O50_8,s04,s0403b,s04_s0403b_raw_nemo_buffer_000006,28.008,34.888,True,False,False
A_O50_8,s04,s0403b,s04_s0403b_raw_nemo_buffer_000013,92.632,6.75,False,False,False
A_O50_8,s04,s0403b,s04_s0403b_raw_nemo_buffer_000034,163.928,28.75,True,False,False
A_O50_8,s04,s0403b,s04_s0403b_raw_nemo_buffer_000042,192.096,16.0,False,False,False
A_O50_8,s04,s0403b,s04_s0403b_raw_nemo_buffer_000046,207.528,32.25,True,False,False
A_O50_8,s04,s0403b,s04_s0403b_raw_nemo_buffer_000048,218.504,22.75,True,False,False
A_O50_8,s04,s0403b,s04_s0403b_raw_nemo_buffer_000056,266.792,8.0,False,False,False
A_O50_8,s04,s0403b,s04_s0403b_raw_nemo_buffer_000070,305.96,56.0,True,True,False
A_O50_8,s04,s0403b,s04_s0403b_raw_nemo_buffer_000073,318.336,30.25,True,False,False
A_O50_8,s04,s0403b,s04_s0403b_raw_nemo_buffer_000101,430.24,16.0,False,False,False
A_O50_8,s04,s0403b,s04_s0403b_raw_nemo_buffer_000114,481.72,63.75,True,True,False
D_O0_8,s04,s0403b,s04_s0403b_raw_nemo_buffer_000002,16.064,16.0,False,False,False
D_O0_8,s04,s0403b,s04_s0403b_raw_nemo_buffer_000005,24.056,8.0,False,False,False
D_O0_8,s04,s0403b,s04_s0403b_raw_nemo_buffer_000006,28.024,37.25,True,False,False
D_O0_8,s04,s0403b,s04_s0403b_raw_nemo_buffer_000013,92.632,6.75,False,False,False
D_O0_8,s04,s0403b,s04_s0403b_raw_nemo_buffer_000030,150.52,6.75,False,False,False
D_O0_8,s04,s0403b,s04_s0403b_raw_nemo_buffer_000034,163.92,20.75,True,False,False
D_O0_8,s04,s0403b,s04_s0403b_raw_nemo_buffer_000042,192.088,8.0,False,False,False
D_O0_8,s04,s0403b,s04_s0403b_raw_nemo_buffer_000046,207.512,32.226,True,False,False
D_O0_8,s04,s0403b,s04_s0403b_raw_nemo_buffer_000048,218.496,14.75,False,False,False
D_O0_8,s04,s0403b,s04_s0403b_raw_nemo_buffer_000056,266.792,8.0,False,False,False
D_O0_8,s04,s0403b,s04_s0403b_raw_nemo_buffer_000070,305.96,56.0,True,True,False
D_O0_8,s04,s0403b,s04_s0403b_raw_nemo_buffer_000073,318.336,30.25,True,False,False
D_O0_8,s04,s0403b,s04_s0403b_raw_nemo_buffer_000101,430.232,8.0,False,False,False
D_O0_8,s04,s0403b,s04_s0403b_raw_nemo_buffer_000114,477.784,17.25,False,False,False
O25_4,s04,s0403b,s04_s0403b_raw_nemo_buffer_000002,16.06,12.0,False,False,False
O25_4,s04,s0403b,s04_s0403b_raw_nemo_buffer_000005,24.052,4.0,False,False,False
O25_4,s04,s0403b,s04_s0403b_raw_nemo_buffer_000006,28.02,41.25,True,False,False
O25_4,s04,s0403b,s04_s0403b_raw_nemo_buffer_000013,92.636,10.75,False,False,False
O25_4,s04,s0403b,s04_s0403b_raw_nemo_buffer_000042,192.084,4.0,False,False,False
O25_4,s04,s0403b,s04_s0403b_raw_nemo_buffer_000046,207.536,24.25,True,False,False
O25_4,s04,s0403b,s04_s0403b_raw_nemo_buffer_000048,218.496,14.75,False,False,False
O25_4,s04,s0403b,s04_s0403b_raw_nemo_buffer_000056,266.784,16.0,False,False,False
O25_4,s04,s0403b,s04_s0403b_raw_nemo_buffer_000070,305.924,20.0,False,False,False
O25_4,s04,s0403b,s04_s0403b_raw_nemo_buffer_000073,318.336,30.25,True,False,False
O25_4,s04,s0403b,s04_s0403b_raw_nemo_buffer_000114,477.772,29.25,True,False,False
O0_4,s04,s0403b,s04_s0403b_raw_nemo_buffer_000002,16.064,16.0,False,False,False
O0_4,s04,s0403b,s04_s0403b_raw_nemo_buffer_000005,24.084,36.0,True,False,False
O0_4,s04,s0403b,s04_s0403b_raw_nemo_buffer_000006,28.024,37.25,True,False,False
O0_4,s04,s0403b,s04_s0403b_raw_nemo_buffer_000013,92.632,6.75,False,False,False
O0_4,s04,s0403b,s04_s0403b_raw_nemo_buffer_000034,163.92,20.75,True,False,False
O0_4,s04,s0403b,s04_s0403b_raw_nemo_buffer_000042,192.084,4.0,False,False,False
O0_4,s04,s0403b,s04_s0403b_raw_nemo_buffer_000046,207.512,32.226,True,False,False
O0_4,s04,s0403b,s04_s0403b_raw_nemo_buffer_000048,218.496,14.75,False,False,False
O0_4,s04,s0403b,s04_s0403b_raw_nemo_buffer_000056,266.788,12.0,False,False,False
O0_4,s04,s0403b,s04_s0403b_raw_nemo_buffer_000070,305.96,56.0,True,True,False
O0_4,s04,s0403b,s04_s0403b_raw_nemo_buffer_000073,318.34,26.25,True,False,False
O0_4,s04,s0403b,s04_s0403b_raw_nemo_buffer_000101,430.228,4.0,False,False,False
O0_4,s04,s0403b,s04_s0403b_raw_nemo_buffer_000114,477.78,21.25,True,False,False
O12.5_4,s04,s0403b,s04_s0403b_raw_nemo_buffer_000002,16.056,8.0,False,False,False
O12.5_4,s04,s0403b,s04_s0403b_raw_nemo_buffer_000005,24.056,8.0,False,False,False
O12.5_4,s04,s0403b,s04_s0403b_raw_nemo_buffer_000006,28.024,37.25,True,False,False
O12.5_4,s04,s0403b,s04_s0403b_raw_nemo_buffer_000013,92.632,6.75,False,False,False
O12.5_4,s04,s0403b,s04_s0403b_raw_nemo_buffer_000042,192.104,24.0,True,False,False
O12.5_4,s04,s0403b,s04_s0403b_raw_nemo_buffer_000046,207.512,32.226,True,False,False
O12.5_4,s04,s0403b,s04_s0403b_raw_nemo_buffer_000048,218.492,10.75,False,False,False
O12.5_4,s04,s0403b,s04_s0403b_raw_nemo_buffer_000056,266.788,12.0,False,False,False
O12.5_4,s04,s0403b,s04_s0403b_raw_nemo_buffer_000070,305.952,48.0,True,False,False
O12.5_4,s04,s0403b,s04_s0403b_raw_nemo_buffer_000073,318.34,26.25,True,False,False
O12.5_4,s04,s0403b,s04_s0403b_raw_nemo_buffer_000074,319.684,32.75,True,False,False
O12.5_4,s04,s0403b,s04_s0403b_raw_nemo_buffer_000101,430.244,20.0,False,False,False
O12.5_4,s04,s0403b,s04_s0403b_raw_nemo_buffer_000114,477.772,29.25,True,False,False
O0_2,s04,s0403b,s04_s0403b_raw_nemo_buffer_000002,16.066,18.0,False,False,False
O0_2,s04,s0403b,s04_s0403b_raw_nemo_buffer_000005,24.084,36.0,True,False,False
O0_2,s04,s0403b,s04_s0403b_raw_nemo_buffer_000006,28.024,37.25,True,False,False
O0_2,s04,s0403b,s04_s0403b_raw_nemo_buffer_000042,192.084,4.0,False,False,False
O0_2,s04,s0403b,s04_s0403b_raw_nemo_buffer_000046,207.53,30.25,True,False,False
O0_2,s04,s0403b,s04_s0403b_raw_nemo_buffer_000048,218.496,14.75,False,False,False
O0_2,s04,s0403b,s04_s0403b_raw_nemo_buffer_000056,266.79,10.0,False,False,False
O0_2,s04,s0403b,s04_s0403b_raw_nemo_buffer_000070,305.96,56.0,True,True,False
O0_2,s04,s0403b,s04_s0403b_raw_nemo_buffer_000073,318.34,26.25,True,False,False
O0_2,s04,s0403b,s04_s0403b_raw_nemo_buffer_000101,430.23,6.0,False,False,False
O0_2,s04,s0403b,s04_s0403b_raw_nemo_buffer_000114,477.78,21.25,True,False,False
A_O50_8,s05,s0501a,s05_s0501a_raw_nemo_buffer_000062,263.032,40.0,True,False,False
A_O50_8,s05,s0501a,s05_s0501a_raw_nemo_buffer_000075,340.76,8.0,False,False,False
A_O50_8,s05,s0501a,s05_s0501a_raw_nemo_buffer_000077,355.496,30.826,True,False,False
A_O50_8,s05,s0501a,s05_s0501a_raw_nemo_buffer_000108,511.648,12.97,False,False,False
D_O0_8,s05,s0501a,s05_s0501a_raw_nemo_buffer_000062,263.032,40.0,True,False,False
D_O0_8,s05,s0501a,s05_s0501a_raw_nemo_buffer_000075,340.76,8.0,False,False,False
D_O0_8,s05,s0501a,s05_s0501a_raw_nemo_buffer_000092,425.152,55.569,True,True,False
O25_4,s05,s0501a,s05_s0501a_raw_nemo_buffer_000062,263.036,43.062,True,False,False
O25_4,s05,s0501a,s05_s0501a_raw_nemo_buffer_000075,340.764,12.0,False,False,False
O0_4,s05,s0501a,s05_s0501a_raw_nemo_buffer_000062,263.032,40.0,True,False,False
O0_4,s05,s0501a,s05_s0501a_raw_nemo_buffer_000075,340.756,4.0,False,False,False
O12.5_4,s05,s0501a,s05_s0501a_raw_nemo_buffer_000062,263.032,40.0,True,False,False
O12.5_4,s05,s0501a,s05_s0501a_raw_nemo_buffer_000075,340.756,4.0,False,False,False
O0_2,s05,s0501a,s05_s0501a_raw_nemo_buffer_000062,263.03,38.0,True,False,False
O0_2,s05,s0501a,s05_s0501a_raw_nemo_buffer_000075,340.754,2.0,False,False,False
A_O50_8,s05,s0503a,s05_s0503a_raw_nemo_buffer_000001,6.664,7.186,False,False,False
A_O50_8,s05,s0503a,s05_s0503a_raw_nemo_buffer_000039,207.816,24.0,True,False,False
A_O50_8,s05,s0503a,s05_s0503a_raw_nemo_buffer_000063,322.56,31.362,True,False,False
A_O50_8,s05,s0503a,s05_s0503a_raw_nemo_buffer_000083,449.608,24.0,True,False,False
D_O0_8,s05,s0503a,s05_s0503a_raw_nemo_buffer_000039,207.8,8.0,False,False,False
D_O0_8,s05,s0503a,s05_s0503a_raw_nemo_buffer_000063,322.552,23.362,True,False,False
D_O0_8,s05,s0503a,s05_s0503a_raw_nemo_buffer_000083,449.608,24.0,True,False,False
D_O0_8,s05,s0503a,s05_s0503a_raw_nemo_buffer_000108,583.016,55.872,True,True,False
O25_4,s05,s0503a,s05_s0503a_raw_nemo_buffer_000039,207.804,12.0,False,False,False
O25_4,s05,s0503a,s05_s0503a_raw_nemo_buffer_000063,322.556,27.362,True,False,False
O25_4,s05,s0503a,s05_s0503a_raw_nemo_buffer_000083,449.612,28.0,True,False,False
O0_4,s05,s0503a,s05_s0503a_raw_nemo_buffer_000039,207.836,39.451,True,False,False
O0_4,s05,s0503a,s05_s0503a_raw_nemo_buffer_000083,449.612,28.0,True,False,False
O0_4,s05,s0503a,s05_s0503a_raw_nemo_buffer_000108,583.016,55.872,True,True,False
O12.5_4,s05,s0503a,s05_s0503a_raw_nemo_buffer_000039,207.836,39.451,True,False,False
O12.5_4,s05,s0503a,s05_s0503a_raw_nemo_buffer_000063,322.56,31.362,True,False,False
O12.5_4,s05,s0503a,s05_s0503a_raw_nemo_buffer_000083,449.596,12.0,False,False,False
O0_2,s05,s0503a,s05_s0503a_raw_nemo_buffer_000039,207.836,39.451,True,False,False
O0_2,s05,s0503a,s05_s0503a_raw_nemo_buffer_000063,322.55,21.362,True,False,False
O0_2,s05,s0503a,s05_s0503a_raw_nemo_buffer_000083,449.612,28.0,True,False,False
O0_2,s05,s0503a,s05_s0503a_raw_nemo_buffer_000092,483.614,2.441,False,False,False
O0_2,s05,s0503a,s05_s0503a_raw_nemo_buffer_000108,583.016,55.872,True,True,False
A_O50_8,s05,s0504a,s05_s0504a_raw_nemo_buffer_000009,64.056,9.595,False,False,False
O25_4,s05,s0504a,s05_s0504a_raw_nemo_buffer_000009,64.036,29.595,True,False,False
O25_4,s05,s0504a,s05_s0504a_raw_nemo_buffer_000015,124.664,40.896,True,False,False
O12.5_4,s05,s0504a,s05_s0504a_raw_nemo_buffer_000015,124.672,41.125,True,False,False
A_O50_8,s06,s0601a,s06_s0601a_raw_nemo_buffer_000001,87.352,56.017,True,True,False
A_O50_8,s06,s0601a,s06_s0601a_raw_nemo_buffer_000033,239.064,8.0,False,False,False
A_O50_8,s06,s0601a,s06_s0601a_raw_nemo_buffer_000038,267.896,35.149,True,False,False
A_O50_8,s06,s0601a,s06_s0601a_raw_nemo_buffer_000039,272.856,14.426,False,False,False
A_O50_8,s06,s0601a,s06_s0601a_raw_nemo_buffer_000041,286.96,32.0,True,False,False
A_O50_8,s06,s0601a,s06_s0601a_raw_nemo_buffer_000043,293.192,3.755,False,False,False
A_O50_8,s06,s0601a,s06_s0601a_raw_nemo_buffer_000043,296.264,8.0,False,False,False
A_O50_8,s06,s0601a,s06_s0601a_raw_nemo_buffer_000056,379.784,40.0,True,False,False
A_O50_8,s06,s0601a,s06_s0601a_raw_nemo_buffer_000058,391.088,42.179,True,False,False
A_O50_8,s06,s0601a,s06_s0601a_raw_nemo_buffer_000067,450.624,32.638,True,False,False
A_O50_8,s06,s0601a,s06_s0601a_raw_nemo_buffer_000068,457.624,19.499,False,False,False
A_O50_8,s06,s0601a,s06_s0601a_raw_nemo_buffer_000070,477.4,8.0,False,False,False
A_O50_8,s06,s0601a,s06_s0601a_raw_nemo_buffer_000078,536.408,8.0,False,False,False
A_O50_8,s06,s0601a,s06_s0601a_raw_nemo_buffer_000082,574.104,47.749,True,False,False
A_O50_8,s06,s0601a,s06_s0601a_raw_nemo_buffer_000084,584.912,13.927,False,False,False
A_O50_8,s06,s0601a,s06_s0601a_raw_nemo_buffer_000084,589.944,24.0,True,False,False
A_O50_8,s06,s0601a,s06_s0601a_raw_nemo_buffer_000085,591.104,16.0,False,False,False
D_O0_8,s06,s0601a,s06_s0601a_raw_nemo_buffer_000033,239.072,16.0,False,False,False
D_O0_8,s06,s0601a,s06_s0601a_raw_nemo_buffer_000038,267.896,35.149,True,False,False
D_O0_8,s06,s0601a,s06_s0601a_raw_nemo_buffer_000041,286.968,24.0,True,False,False
D_O0_8,s06,s0601a,s06_s0601a_raw_nemo_buffer_000043,293.192,3.755,False,False,False
D_O0_8,s06,s0601a,s06_s0601a_raw_nemo_buffer_000043,296.264,8.0,False,False,False
D_O0_8,s06,s0601a,s06_s0601a_raw_nemo_buffer_000056,379.816,8.0,False,False,False
D_O0_8,s06,s0601a,s06_s0601a_raw_nemo_buffer_000058,391.088,42.179,True,False,False
D_O0_8,s06,s0601a,s06_s0601a_raw_nemo_buffer_000067,450.624,32.638,True,False,False
D_O0_8,s06,s0601a,s06_s0601a_raw_nemo_buffer_000070,477.408,16.0,False,False,False
D_O0_8,s06,s0601a,s06_s0601a_raw_nemo_buffer_000078,536.448,20.868,True,False,False
D_O0_8,s06,s0601a,s06_s0601a_raw_nemo_buffer_000084,584.912,13.927,False,False,False
D_O0_8,s06,s0601a,s06_s0601a_raw_nemo_buffer_000084,589.96,8.0,False,False,False
D_O0_8,s06,s0601a,s06_s0601a_raw_nemo_buffer_000085,591.112,24.0,True,False,False
O25_4,s06,s0601a,s06_s0601a_raw_nemo_buffer_000001,87.356,52.017,True,True,False
O25_4,s06,s0601a,s06_s0601a_raw_nemo_buffer_000033,239.064,8.0,False,False,False
O25_4,s06,s0601a,s06_s0601a_raw_nemo_buffer_000038,267.908,47.149,True,False,False
O25_4,s06,s0601a,s06_s0601a_raw_nemo_buffer_000039,272.856,14.426,False,False,False
O25_4,s06,s0601a,s06_s0601a_raw_nemo_buffer_000041,286.988,4.0,False,False,False
O25_4,s06,s0601a,s06_s0601a_raw_nemo_buffer_000043,296.256,16.0,False,False,False
O25_4,s06,s0601a,s06_s0601a_raw_nemo_buffer_000056,379.796,28.0,True,False,False
O25_4,s06,s0601a,s06_s0601a_raw_nemo_buffer_000058,391.08,34.179,True,False,False
O25_4,s06,s0601a,s06_s0601a_raw_nemo_buffer_000067,450.62,28.638,True,False,False
O25_4,s06,s0601a,s06_s0601a_raw_nemo_buffer_000068,457.62,15.499,False,False,False
O25_4,s06,s0601a,s06_s0601a_raw_nemo_buffer_000070,477.396,4.0,False,False,False
O25_4,s06,s0601a,s06_s0601a_raw_nemo_buffer_000078,536.428,0.868,False,False,False
O25_4,s06,s0601a,s06_s0601a_raw_nemo_buffer_000084,589.956,12.0,False,False,False
O25_4,s06,s0601a,s06_s0601a_raw_nemo_buffer_000085,591.104,16.0,False,False,False
O0_4,s06,s0601a,s06_s0601a_raw_nemo_buffer_000033,239.06,4.0,False,False,False
O0_4,s06,s0601a,s06_s0601a_raw_nemo_buffer_000038,267.9,39.149,True,False,False
O0_4,s06,s0601a,s06_s0601a_raw_nemo_buffer_000041,286.968,24.0,True,False,False
O0_4,s06,s0601a,s06_s0601a_raw_nemo_buffer_000043,296.264,8.0,False,False,False
O0_4,s06,s0601a,s06_s0601a_raw_nemo_buffer_000056,379.812,12.0,False,False,False
O0_4,s06,s0601a,s06_s0601a_raw_nemo_buffer_000058,391.088,42.179,True,False,False
O0_4,s06,s0601a,s06_s0601a_raw_nemo_buffer_000067,450.624,32.638,True,False,False
O0_4,s06,s0601a,s06_s0601a_raw_nemo_buffer_000070,477.396,4.0,False,False,False
O0_4,s06,s0601a,s06_s0601a_raw_nemo_buffer_000078,536.452,24.868,True,False,False
O0_4,s06,s0601a,s06_s0601a_raw_nemo_buffer_000084,584.912,13.927,False,False,False
O0_4,s06,s0601a,s06_s0601a_raw_nemo_buffer_000084,589.964,4.0,False,False,False
O0_4,s06,s0601a,s06_s0601a_raw_nemo_buffer_000085,591.108,20.0,False,False,False
O12.5_4,s06,s0601a,s06_s0601a_raw_nemo_buffer_000001,87.408,0.017,False,False,False
O12.5_4,s06,s0601a,s06_s0601a_raw_nemo_buffer_000033,239.072,16.0,False,False,False
O12.5_4,s06,s0601a,s06_s0601a_raw_nemo_buffer_000038,267.864,3.149,False,False,False
O12.5_4,s06,s0601a,s06_s0601a_raw_nemo_buffer_000039,272.864,22.426,True,False,False
O12.5_4,s06,s0601a,s06_s0601a_raw_nemo_buffer_000041,286.964,28.0,True,False,False
O12.5_4,s06,s0601a,s06_s0601a_raw_nemo_buffer_000043,296.252,20.0,False,False,False
O12.5_4,s06,s0601a,s06_s0601a_raw_nemo_buffer_000056,379.8,24.0,True,False,False
O12.5_4,s06,s0601a,s06_s0601a_raw_nemo_buffer_000058,391.076,30.179,True,False,False
O12.5_4,s06,s0601a,s06_s0601a_raw_nemo_buffer_000067,450.624,32.638,True,False,False
O12.5_4,s06,s0601a,s06_s0601a_raw_nemo_buffer_000068,457.624,19.499,False,False,False
O12.5_4,s06,s0601a,s06_s0601a_raw_nemo_buffer_000070,477.396,4.0,False,False,False
O12.5_4,s06,s0601a,s06_s0601a_raw_nemo_buffer_000078,536.412,12.0,False,False,False
O12.5_4,s06,s0601a,s06_s0601a_raw_nemo_buffer_000084,584.912,13.927,False,False,False
O12.5_4,s06,s0601a,s06_s0601a_raw_nemo_buffer_000084,589.948,20.0,False,False,False
O12.5_4,s06,s0601a,s06_s0601a_raw_nemo_buffer_000085,591.104,16.0,False,False,False
O0_2,s06,s0601a,s06_s0601a_raw_nemo_buffer_000033,239.06,4.0,False,False,False
O0_2,s06,s0601a,s06_s0601a_raw_nemo_buffer_000038,267.9,39.149,True,False,False
O0_2,s06,s0601a,s06_s0601a_raw_nemo_buffer_000039,272.862,20.426,True,False,False
O0_2,s06,s0601a,s06_s0601a_raw_nemo_buffer_000041,286.968,24.0,True,False,False
O0_2,s06,s0601a,s06_s0601a_raw_nemo_buffer_000043,296.27,2.0,False,False,False
O0_2,s06,s0601a,s06_s0601a_raw_nemo_buffer_000056,379.818,6.0,False,False,False
O0_2,s06,s0601a,s06_s0601a_raw_nemo_buffer_000058,391.086,40.179,True,False,False
O0_2,s06,s0601a,s06_s0601a_raw_nemo_buffer_000067,450.624,32.638,True,False,False
O0_2,s06,s0601a,s06_s0601a_raw_nemo_buffer_000070,477.394,2.0,False,False,False
O0_2,s06,s0601a,s06_s0601a_raw_nemo_buffer_000078,536.41,10.0,False,False,False
O0_2,s06,s0601a,s06_s0601a_raw_nemo_buffer_000084,589.964,4.0,False,False,False
O0_2,s06,s0601a,s06_s0601a_raw_nemo_buffer_000085,591.108,20.0,False,False,False
A_O50_8,s06,s0602a,s06_s0602a_raw_nemo_buffer_000008,49.656,1.316,False,False,False
A_O50_8,s06,s0602a,s06_s0602a_raw_nemo_buffer_000014,72.488,18.732,False,False,False
A_O50_8,s06,s0602a,s06_s0602a_raw_nemo_buffer_000021,124.368,17.145,False,False,False
A_O50_8,s06,s0602a,s06_s0602a_raw_nemo_buffer_000026,145.784,74.37,True,True,False
A_O50_8,s06,s0602a,s06_s0602a_raw_nemo_buffer_000028,169.312,48.0,True,False,False
A_O50_8,s06,s0602a,s06_s0602a_raw_nemo_buffer_000029,176.368,64.0,True,True,False
A_O50_8,s06,s0602a,s06_s0602a_raw_nemo_buffer_000034,201.456,56.313,True,True,False
A_O50_8,s06,s0602a,s06_s0602a_raw_nemo_buffer_000045,274.88,16.0,False,False,False
A_O50_8,s06,s0602a,s06_s0602a_raw_nemo_buffer_000060,374.8,32.0,True,False,False
A_O50_8,s06,s0602a,s06_s0602a_raw_nemo_buffer_000060,378.024,8.0,False,False,False
A_O50_8,s06,s0602a,s06_s0602a_raw_nemo_buffer_000070,425.152,1.765,False,False,False
A_O50_8,s06,s0602a,s06_s0602a_raw_nemo_buffer_000081,486.624,48.0,True,False,False
A_O50_8,s06,s0602a,s06_s0602a_raw_nemo_buffer_000083,494.8,22.775,True,False,False
A_O50_8,s06,s0602a,s06_s0602a_raw_nemo_buffer_000094,580.544,16.0,False,False,False
A_O50_8,s06,s0602a,s06_s0602a_raw_nemo_buffer_000100,605.168,32.0,True,False,False
A_O50_8,s06,s0602a,s06_s0602a_raw_nemo_buffer_000100,608.184,80.444,True,True,False
D_O0_8,s06,s0602a,s06_s0602a_raw_nemo_buffer_000008,49.664,9.316,False,False,False
D_O0_8,s06,s0602a,s06_s0602a_raw_nemo_buffer_000014,72.488,18.732,False,False,False
D_O0_8,s06,s0602a,s06_s0602a_raw_nemo_buffer_000021,124.376,25.145,True,False,False
D_O0_8,s06,s0602a,s06_s0602a_raw_nemo_buffer_000028,169.312,48.0,True,False,False
D_O0_8,s06,s0602a,s06_s0602a_raw_nemo_buffer_000029,176.416,16.0,False,False,False
D_O0_8,s06,s0602a,s06_s0602a_raw_nemo_buffer_000034,201.456,56.313,True,True,False
D_O0_8,s06,s0602a,s06_s0602a_raw_nemo_buffer_000045,274.904,40.0,True,False,False
D_O0_8,s06,s0602a,s06_s0602a_raw_nemo_buffer_000060,374.784,16.0,False,False,False
D_O0_8,s06,s0602a,s06_s0602a_raw_nemo_buffer_000060,378.024,8.0,False,False,False
D_O0_8,s06,s0602a,s06_s0602a_raw_nemo_buffer_000070,425.176,25.765,True,False,False
D_O0_8,s06,s0602a,s06_s0602a_raw_nemo_buffer_000074,446.456,13.985,False,False,False
D_O0_8,s06,s0602a,s06_s0602a_raw_nemo_buffer_000081,486.624,48.0,True,False,False
D_O0_8,s06,s0602a,s06_s0602a_raw_nemo_buffer_000083,494.8,22.775,True,False,False
D_O0_8,s06,s0602a,s06_s0602a_raw_nemo_buffer_000094,580.536,8.0,False,False,False
O25_4,s06,s0602a,s06_s0602a_raw_nemo_buffer_000008,49.664,9.316,False,False,False
O25_4,s06,s0602a,s06_s0602a_raw_nemo_buffer_000014,72.472,2.732,False,False,False
O25_4,s06,s0602a,s06_s0602a_raw_nemo_buffer_000021,124.372,21.145,True,False,False
O25_4,s06,s0602a,s06_s0602a_raw_nemo_buffer_000028,169.304,40.0,True,False,False
O25_4,s06,s0602a,s06_s0602a_raw_nemo_buffer_000029,176.424,8.0,False,False,False
O25_4,s06,s0602a,s06_s0602a_raw_nemo_buffer_000034,201.44,48.0,True,False,False
O25_4,s06,s0602a,s06_s0602a_raw_nemo_buffer_000045,274.868,4.0,False,False,False
O25_4,s06,s0602a,s06_s0602a_raw_nemo_buffer_000051,320.404,23.481,True,False,False
O25_4,s06,s0602a,s06_s0602a_raw_nemo_buffer_000060,374.788,20.0,False,False,False
O25_4,s06,s0602a,s06_s0602a_raw_nemo_buffer_000060,378.028,4.0,False,False,False
O25_4,s06,s0602a,s06_s0602a_raw_nemo_buffer_000070,425.16,9.765,False,False,False
O25_4,s06,s0602a,s06_s0602a_raw_nemo_buffer_000074,446.468,25.985,True,False,False
O25_4,s06,s0602a,s06_s0602a_raw_nemo_buffer_000081,486.62,44.0,True,False,False
O25_4,s06,s0602a,s06_s0602a_raw_nemo_buffer_000083,494.8,22.775,True,False,False
O25_4,s06,s0602a,s06_s0602a_raw_nemo_buffer_000094,580.548,20.0,False,False,False
O25_4,s06,s0602a,s06_s0602a_raw_nemo_buffer_000100,605.172,36.0,True,False,False
O25_4,s06,s0602a,s06_s0602a_raw_nemo_buffer_000100,608.188,76.444,True,True,False
O0_4,s06,s0602a,s06_s0602a_raw_nemo_buffer_000008,49.664,9.316,False,False,False
O0_4,s06,s0602a,s06_s0602a_raw_nemo_buffer_000014,72.488,18.732,False,False,False
O0_4,s06,s0602a,s06_s0602a_raw_nemo_buffer_000021,124.376,25.145,True,False,False
O0_4,s06,s0602a,s06_s0602a_raw_nemo_buffer_000028,169.312,48.0,True,False,False
O0_4,s06,s0602a,s06_s0602a_raw_nemo_buffer_000029,176.416,16.0,False,False,False
O0_4,s06,s0602a,s06_s0602a_raw_nemo_buffer_000034,201.452,60.0,True,True,False
O0_4,s06,s0602a,s06_s0602a_raw_nemo_buffer_000045,274.908,37.829,True,False,False
O0_4,s06,s0602a,s06_s0602a_raw_nemo_buffer_000060,374.772,4.0,False,False,False
O0_4,s06,s0602a,s06_s0602a_raw_nemo_buffer_000060,378.028,4.0,False,False,False
O0_4,s06,s0602a,s06_s0602a_raw_nemo_buffer_000070,425.176,25.765,True,False,False
O0_4,s06,s0602a,s06_s0602a_raw_nemo_buffer_000074,446.468,25.985,True,False,False
O0_4,s06,s0602a,s06_s0602a_raw_nemo_buffer_000081,486.62,44.0,True,False,False
O0_4,s06,s0602a,s06_s0602a_raw_nemo_buffer_000083,494.8,22.775,True,False,False
O0_4,s06,s0602a,s06_s0602a_raw_nemo_buffer_000094,580.556,28.0,True,False,False
O12.5_4,s06,s0602a,s06_s0602a_raw_nemo_buffer_000008,49.664,9.316,False,False,False
O12.5_4,s06,s0602a,s06_s0602a_raw_nemo_buffer_000014,72.472,2.732,False,False,False
O12.5_4,s06,s0602a,s06_s0602a_raw_nemo_buffer_000021,124.372,21.145,True,False,False
O12.5_4,s06,s0602a,s06_s0602a_raw_nemo_buffer_000028,169.308,44.0,True,False,False
O12.5_4,s06,s0602a,s06_s0602a_raw_nemo_buffer_000029,176.412,20.0,False,False,False
O12.5_4,s06,s0602a,s06_s0602a_raw_nemo_buffer_000034,201.444,52.0,True,True,False
O12.5_4,s06,s0602a,s06_s0602a_raw_nemo_buffer_000045,274.904,40.0,True,False,False
O12.5_4,s06,s0602a,s06_s0602a_raw_nemo_buffer_000051,320.42,39.481,True,False,False
O12.5_4,s06,s0602a,s06_s0602a_raw_nemo_buffer_000060,374.792,24.0,True,False,False
O12.5_4,s06,s0602a,s06_s0602a_raw_nemo_buffer_000060,378.028,4.0,False,False,False
O12.5_4,s06,s0602a,s06_s0602a_raw_nemo_buffer_000070,425.16,9.765,False,False,False
O12.5_4,s06,s0602a,s06_s0602a_raw_nemo_buffer_000074,446.468,25.985,True,False,False
O12.5_4,s06,s0602a,s06_s0602a_raw_nemo_buffer_000081,486.604,28.0,True,False,False
O12.5_4,s06,s0602a,s06_s0602a_raw_nemo_buffer_000083,494.8,22.775,True,False,False
O12.5_4,s06,s0602a,s06_s0602a_raw_nemo_buffer_000094,580.544,16.0,False,False,False
O0_2,s06,s0602a,s06_s0602a_raw_nemo_buffer_000008,49.664,9.316,False,False,False
O0_2,s06,s0602a,s06_s0602a_raw_nemo_buffer_000014,72.486,16.732,False,False,False
O0_2,s06,s0602a,s06_s0602a_raw_nemo_buffer_000021,124.378,27.145,True,False,False
O0_2,s06,s0602a,s06_s0602a_raw_nemo_buffer_000028,169.312,48.0,True,False,False
O0_2,s06,s0602a,s06_s0602a_raw_nemo_buffer_000029,176.414,18.0,False,False,False
O0_2,s06,s0602a,s06_s0602a_raw_nemo_buffer_000034,201.43,38.0,True,False,False
O0_2,s06,s0602a,s06_s0602a_raw_nemo_buffer_000045,274.906,39.829,True,False,False
O0_2,s06,s0602a,s06_s0602a_raw_nemo_buffer_000060,374.772,4.0,False,False,False
O0_2,s06,s0602a,s06_s0602a_raw_nemo_buffer_000060,378.028,4.0,False,False,False
O0_2,s06,s0602a,s06_s0602a_raw_nemo_buffer_000070,425.158,7.765,False,False,False
O0_2,s06,s0602a,s06_s0602a_raw_nemo_buffer_000074,446.468,25.985,True,False,False
O0_2,s06,s0602a,s06_s0602a_raw_nemo_buffer_000081,486.622,46.0,True,False,False
O0_2,s06,s0602a,s06_s0602a_raw_nemo_buffer_000083,494.798,20.775,True,False,False
O0_2,s06,s0602a,s06_s0602a_raw_nemo_buffer_000094,580.556,28.0,True,False,False
A_O50_8,s06,s0602b,s06_s0602b_raw_nemo_buffer_000025,127.128,52.082,True,True,False
A_O50_8,s06,s0602b,s06_s0602b_raw_nemo_buffer_000034,180.224,23.641,True,False,False
A_O50_8,s06,s0602b,s06_s0602b_raw_nemo_buffer_000074,427.944,45.373,True,False,False
A_O50_8,s06,s0602b,s06_s0602b_raw_nemo_buffer_000094,535.736,13.972,False,False,False
D_O0_8,s06,s0602b,s06_s0602b_raw_nemo_buffer_000025,127.128,52.082,True,True,False
D_O0_8,s06,s0602b,s06_s0602b_raw_nemo_buffer_000034,180.224,23.641,True,False,False
O25_4,s06,s0602b,s06_s0602b_raw_nemo_buffer_000025,127.128,52.082,True,True,False
O25_4,s06,s0602b,s06_s0602b_raw_nemo_buffer_000034,180.228,27.641,True,False,False
O0_4,s06,s0602b,s06_s0602b_raw_nemo_buffer_000025,127.128,52.082,True,True,False
O0_4,s06,s0602b,s06_s0602b_raw_nemo_buffer_000034,180.212,11.641,False,False,False
O12.5_4,s06,s0602b,s06_s0602b_raw_nemo_buffer_000025,127.076,0.082,False,False,False
O12.5_4,s06,s0602b,s06_s0602b_raw_nemo_buffer_000034,180.208,7.641,False,False,False
O0_2,s06,s0602b,s06_s0602b_raw_nemo_buffer_000025,127.128,52.082,True,True,False
O0_2,s06,s0602b,s06_s0602b_raw_nemo_buffer_000034,180.212,11.641,False,False,False
O0_2,s06,s0602b,s06_s0602b_raw_nemo_buffer_000074,427.902,3.373,False,False,False
A_O50_8,s07,s0701a,s07_s0701a_raw_nemo_buffer_000005,14.448,17.089,False,False,False
A_O50_8,s07,s0701a,s07_s0701a_raw_nemo_buffer_000005,18.008,65.46,True,True,False
A_O50_8,s07,s0701a,s07_s0701a_raw_nemo_buffer_000005,25.96,27.578,True,False,False
A_O50_8,s07,s0701a,s07_s0701a_raw_nemo_buffer_000007,36.472,8.0,False,False,False
A_O50_8,s07,s0701a,s07_s0701a_raw_nemo_buffer_000036,175.96,7.179,False,False,False
A_O50_8,s07,s0701a,s07_s0701a_raw_nemo_buffer_000046,234.424,1.562,False,False,False
A_O50_8,s07,s0701a,s07_s0701a_raw_nemo_buffer_000051,305.448,11.115,False,False,False
A_O50_8,s07,s0701a,s07_s0701a_raw_nemo_buffer_000056,348.352,14.076,False,False,False
A_O50_8,s07,s0701a,s07_s0701a_raw_nemo_buffer_000058,355.224,22.94,True,False,False
A_O50_8,s07,s0701a,s07_s0701a_raw_nemo_buffer_000063,383.808,1.334,False,False,False
A_O50_8,s07,s0701a,s07_s0701a_raw_nemo_buffer_000066,403.368,65.688,True,True,False
A_O50_8,s07,s0701a,s07_s0701a_raw_nemo_buffer_000068,413.552,16.276,False,False,False
A_O50_8,s07,s0701a,s07_s0701a_raw_nemo_buffer_000076,460.16,7.506,False,False,False
A_O50_8,s07,s0701a,s07_s0701a_raw_nemo_buffer_000077,467.328,16.0,False,False,False
A_O50_8,s07,s0701a,s07_s0701a_raw_nemo_buffer_000085,517.408,1.861,False,False,False
A_O50_8,s07,s0701a,s07_s0701a_raw_nemo_buffer_000090,555.944,49.688,True,False,False
A_O50_8,s07,s0701a,s07_s0701a_raw_nemo_buffer_000092,569.904,14.623,False,False,False
D_O0_8,s07,s0701a,s07_s0701a_raw_nemo_buffer_000005,23.048,88.231,True,True,False
D_O0_8,s07,s0701a,s07_s0701a_raw_nemo_buffer_000007,36.472,8.0,False,False,False
D_O0_8,s07,s0701a,s07_s0701a_raw_nemo_buffer_000046,236.064,51.891,True,True,False
D_O0_8,s07,s0701a,s07_s0701a_raw_nemo_buffer_000055,342.888,2.762,False,False,False
D_O0_8,s07,s0701a,s07_s0701a_raw_nemo_buffer_000058,355.224,22.94,True,False,False
D_O0_8,s07,s0701a,s07_s0701a_raw_nemo_buffer_000063,383.808,1.334,False,False,False
D_O0_8,s07,s0701a,s07_s0701a_raw_nemo_buffer_000066,408.272,43.062,True,False,False
D_O0_8,s07,s0701a,s07_s0701a_raw_nemo_buffer_000068,413.552,16.276,False,False,False
D_O0_8,s07,s0701a,s07_s0701a_raw_nemo_buffer_000077,467.32,8.0,False,False,False
D_O0_8,s07,s0701a,s07_s0701a_raw_nemo_buffer_000085,517.408,1.861,False,False,False
D_O0_8,s07,s0701a,s07_s0701a_raw_nemo_buffer_000092,569.912,6.623,False,False,False
D_O0_8,s07,s0701a,s07_s0701a_raw_nemo_buffer_000093,581.688,37.563,True,False,False
O25_4,s07,s0701a,s07_s0701a_raw_nemo_buffer_000005,14.452,21.089,True,False,False
O25_4,s07,s0701a,s07_s0701a_raw_nemo_buffer_000005,18.4,17.802,False,False,False
O25_4,s07,s0701a,s07_s0701a_raw_nemo_buffer_000005,25.964,31.578,True,False,False
O25_4,s07,s0701a,s07_s0701a_raw_nemo_buffer_000007,36.472,8.0,False,False,False
O25_4,s07,s0701a,s07_s0701a_raw_nemo_buffer_000036,175.972,19.179,False,False,False
O25_4,s07,s0701a,s07_s0701a_raw_nemo_buffer_000036,179.86,6.842,False,False,False
O25_4,s07,s0701a,s07_s0701a_raw_nemo_buffer_000046,236.592,127.179,True,True,True
O25_4,s07,s0701a,s07_s0701a_raw_nemo_buffer_000054,328.348,42.125,True,False,False
O25_4,s07,s0701a,s07_s0701a_raw_nemo_buffer_000056,348.592,24.547,True,False,False
O25_4,s07,s0701a,s07_s0701a_raw_nemo_buffer_000058,355.224,22.94,True,False,False
O25_4,s07,s0701a,s07_s0701a_raw_nemo_buffer_000063,383.812,5.334,False,False,False
O25_4,s07,s0701a,s07_s0701a_raw_nemo_buffer_000066,403.6,48.277,True,False,False
O25_4,s07,s0701a,s07_s0701a_raw_nemo_buffer_000076,460.16,7.506,False,False,False
O25_4,s07,s0701a,s07_s0701a_raw_nemo_buffer_000077,467.324,12.0,False,False,False
O25_4,s07,s0701a,s07_s0701a_raw_nemo_buffer_000085,517.432,25.861,True,False,False
O25_4,s07,s0701a,s07_s0701a_raw_nemo_buffer_000090,548.156,1.06,False,False,False
O25_4,s07,s0701a,s07_s0701a_raw_nemo_buffer_000092,569.908,10.623,False,False,False
O0_4,s07,s0701a,s07_s0701a_raw_nemo_buffer_000007,36.484,20.0,False,False,False
O0_4,s07,s0701a,s07_s0701a_raw_nemo_buffer_000046,236.064,51.891,True,True,False
O0_4,s07,s0701a,s07_s0701a_raw_nemo_buffer_000055,342.888,2.762,False,False,False
O0_4,s07,s0701a,s07_s0701a_raw_nemo_buffer_000058,355.224,22.94,True,False,False
O0_4,s07,s0701a,s07_s0701a_raw_nemo_buffer_000063,383.808,1.334,False,False,False
O0_4,s07,s0701a,s07_s0701a_raw_nemo_buffer_000066,408.272,43.062,True,False,False
O0_4,s07,s0701a,s07_s0701a_raw_nemo_buffer_000068,413.552,16.276,False,False,False
O0_4,s07,s0701a,s07_s0701a_raw_nemo_buffer_000071,422.684,4.304,False,False,False
O0_4,s07,s0701a,s07_s0701a_raw_nemo_buffer_000077,467.324,12.0,False,False,False
O0_4,s07,s0701a,s07_s0701a_raw_nemo_buffer_000092,569.908,10.623,False,False,False
O0_4,s07,s0701a,s07_s0701a_raw_nemo_buffer_000093,581.688,37.563,True,False,False
O12.5_4,s07,s0701a,s07_s0701a_raw_nemo_buffer_000005,16.892,19.802,False,False,False
O12.5_4,s07,s0701a,s07_s0701a_raw_nemo_buffer_000005,23.056,91.313,True,True,False
O12.5_4,s07,s0701a,s07_s0701a_raw_nemo_buffer_000007,36.472,8.0,False,False,False
O12.5_4,s07,s0701a,s07_s0701a_raw_nemo_buffer_000046,236.056,43.891,True,False,False
O12.5_4,s07,s0701a,s07_s0701a_raw_nemo_buffer_000054,328.348,42.125,True,False,False
O12.5_4,s07,s0701a,s07_s0701a_raw_nemo_buffer_000055,342.888,2.762,False,False,False
O12.5_4,s07,s0701a,s07_s0701a_raw_nemo_buffer_000058,355.228,26.94,True,False,False
O12.5_4,s07,s0701a,s07_s0701a_raw_nemo_buffer_000066,408.264,51.062,True,True,False
O12.5_4,s07,s0701a,s07_s0701a_raw_nemo_buffer_000068,413.556,20.276,True,False,False
O12.5_4,s07,s0701a,s07_s0701a_raw_nemo_buffer_000076,460.16,7.506,False,False,False
O12.5_4,s07,s0701a,s07_s0701a_raw_nemo_buffer_000077,467.32,8.0,False,False,False
O12.5_4,s07,s0701a,s07_s0701a_raw_nemo_buffer_000090,548.156,1.06,False,False,False
O12.5_4,s07,s0701a,s07_s0701a_raw_nemo_buffer_000092,569.892,22.531,True,False,False
O0_2,s07,s0701a,s07_s0701a_raw_nemo_buffer_000007,36.484,20.0,False,False,False
O0_2,s07,s0701a,s07_s0701a_raw_nemo_buffer_000046,236.064,51.891,True,True,False
O0_2,s07,s0701a,s07_s0701a_raw_nemo_buffer_000055,342.886,0.762,False,False,False
O0_2,s07,s0701a,s07_s0701a_raw_nemo_buffer_000058,355.222,20.94,True,False,False
O0_2,s07,s0701a,s07_s0701a_raw_nemo_buffer_000063,383.808,1.334,False,False,False
O0_2,s07,s0701a,s07_s0701a_raw_nemo_buffer_000066,408.266,49.062,True,False,False
O0_2,s07,s0701a,s07_s0701a_raw_nemo_buffer_000068,413.552,16.276,False,False,False
O0_2,s07,s0701a,s07_s0701a_raw_nemo_buffer_000071,422.684,4.304,False,False,False
O0_2,s07,s0701a,s07_s0701a_raw_nemo_buffer_000077,467.318,6.0,False,False,False
O0_2,s07,s0701a,s07_s0701a_raw_nemo_buffer_000087,523.192,8.0,False,False,False
O0_2,s07,s0701a,s07_s0701a_raw_nemo_buffer_000092,569.91,8.623,False,False,False
O0_2,s07,s0701a,s07_s0701a_raw_nemo_buffer_000093,581.686,39.563,True,False,False
A_O50_8,s07,s0701b,s07_s0701b_raw_nemo_buffer_000004,28.736,13.022,False,False,False
A_O50_8,s07,s0701b,s07_s0701b_raw_nemo_buffer_000007,67.888,12.639,False,False,False
A_O50_8,s07,s0701b,s07_s0701b_raw_nemo_buffer_000009,89.864,15.266,False,False,False
A_O50_8,s07,s0701b,s07_s0701b_raw_nemo_buffer_000024,207.128,8.0,False,False,False
A_O50_8,s07,s0701b,s07_s0701b_raw_nemo_buffer_000030,255.432,59.394,True,True,False
A_O50_8,s07,s0701b,s07_s0701b_raw_nemo_buffer_000043,351.72,9.146,False,False,False
A_O50_8,s07,s0701b,s07_s0701b_raw_nemo_buffer_000079,583.56,6.262,False,False,False
D_O0_8,s07,s0701b,s07_s0701b_raw_nemo_buffer_000009,116.696,31.595,True,False,False
D_O0_8,s07,s0701b,s07_s0701b_raw_nemo_buffer_000024,207.144,24.0,True,False,False
D_O0_8,s07,s0701b,s07_s0701b_raw_nemo_buffer_000047,393.44,58.0,True,True,False
O25_4,s07,s0701b,s07_s0701b_raw_nemo_buffer_000004,28.744,5.022,False,False,False
O25_4,s07,s0701b,s07_s0701b_raw_nemo_buffer_000009,89.86,11.266,False,False,False
O25_4,s07,s0701b,s07_s0701b_raw_nemo_buffer_000009,105.184,37.237,True,False,False
O25_4,s07,s0701b,s07_s0701b_raw_nemo_buffer_000024,207.132,12.0,False,False,False
O25_4,s07,s0701b,s07_s0701b_raw_nemo_buffer_000030,255.444,47.394,True,False,False
O25_4,s07,s0701b,s07_s0701b_raw_nemo_buffer_000043,351.716,5.146,False,False,False
O25_4,s07,s0701b,s07_s0701b_raw_nemo_buffer_000047,393.432,66.0,True,True,False
O25_4,s07,s0701b,s07_s0701b_raw_nemo_buffer_000079,583.56,6.262,False,False,False
O0_4,s07,s0701b,s07_s0701b_raw_nemo_buffer_000009,116.696,31.595,True,False,False
O0_4,s07,s0701b,s07_s0701b_raw_nemo_buffer_000024,207.144,24.0,True,False,False
O0_4,s07,s0701b,s07_s0701b_raw_nemo_buffer_000047,393.44,58.0,True,True,False
O12.5_4,s07,s0701b,s07_s0701b_raw_nemo_buffer_000004,28.74,9.022,False,False,False
O12.5_4,s07,s0701b,s07_s0701b_raw_nemo_buffer_000009,89.86,11.266,False,False,False
O12.5_4,s07,s0701b,s07_s0701b_raw_nemo_buffer_000024,207.128,8.0,False,False,False
O12.5_4,s07,s0701b,s07_s0701b_raw_nemo_buffer_000043,351.464,8.13,False,False,False
O12.5_4,s07,s0701b,s07_s0701b_raw_nemo_buffer_000047,393.44,58.0,True,True,False
O12.5_4,s07,s0701b,s07_s0701b_raw_nemo_buffer_000079,583.56,6.262,False,False,False
O0_2,s07,s0701b,s07_s0701b_raw_nemo_buffer_000009,116.696,31.595,True,False,False
O0_2,s07,s0701b,s07_s0701b_raw_nemo_buffer_000024,207.144,24.0,True,False,False
O0_2,s07,s0701b,s07_s0701b_raw_nemo_buffer_000043,351.462,6.13,False,False,False
O0_2,s07,s0701b,s07_s0701b_raw_nemo_buffer_000047,393.438,60.0,True,True,False
O0_2,s07,s0701b,s07_s0701b_raw_nemo_buffer_000077,577.518,2.0,False,False,False
A_O50_8,s07,s0702a,s07_s0702a_raw_nemo_buffer_000003,28.584,79.125,True,True,False
A_O50_8,s07,s0702a,s07_s0702a_raw_nemo_buffer_000004,34.224,45.375,True,False,False
A_O50_8,s07,s0702a,s07_s0702a_raw_nemo_buffer_000008,88.424,24.0,True,False,False
A_O50_8,s07,s0702a,s07_s0702a_raw_nemo_buffer_000014,130.336,36.179,True,False,False
A_O50_8,s07,s0702a,s07_s0702a_raw_nemo_buffer_000022,164.08,12.688,False,False,False
A_O50_8,s07,s0702a,s07_s0702a_raw_nemo_buffer_000023,172.344,40.0,True,False,False
A_O50_8,s07,s0702a,s07_s0702a_raw_nemo_buffer_000024,176.016,31.658,True,False,False
A_O50_8,s07,s0702a,s07_s0702a_raw_nemo_buffer_000025,188.8,43.87,True,False,False
A_O50_8,s07,s0702a,s07_s0702a_raw_nemo_buffer_000062,391.88,20.4,True,False,False
A_O50_8,s07,s0702a,s07_s0702a_raw_nemo_buffer_000065,415.64,8.0,False,False,False
A_O50_8,s07,s0702a,s07_s0702a_raw_nemo_buffer_000067,426.664,22.993,True,False,False
A_O50_8,s07,s0702a,s07_s0702a_raw_nemo_buffer_000067,433.848,29.374,True,False,False
A_O50_8,s07,s0702a,s07_s0702a_raw_nemo_buffer_000067,441.24,94.629,True,True,False
A_O50_8,s07,s0702a,s07_s0702a_raw_nemo_buffer_000069,458.144,11.692,False,False,False
A_O50_8,s07,s0702a,s07_s0702a_raw_nemo_buffer_000069,464.808,110.749,True,True,True
A_O50_8,s07,s0702a,s07_s0702a_raw_nemo_buffer_000069,477.144,73.25,True,True,False
A_O50_8,s07,s0702a,s07_s0702a_raw_nemo_buffer_000070,498.248,29.373,True,False,False
D_O0_8,s07,s0702a,s07_s0702a_raw_nemo_buffer_000003,28.584,79.125,True,True,False
D_O0_8,s07,s0702a,s07_s0702a_raw_nemo_buffer_000004,34.232,37.375,True,False,False
D_O0_8,s07,s0702a,s07_s0702a_raw_nemo_buffer_000023,172.336,32.0,True,False,False
D_O0_8,s07,s0702a,s07_s0702a_raw_nemo_buffer_000024,176.584,60.574,True,True,False
D_O0_8,s07,s0702a,s07_s0702a_raw_nemo_buffer_000025,188.792,35.87,True,False,False
D_O0_8,s07,s0702a,s07_s0702a_raw_nemo_buffer_000041,259.584,61.072,True,True,False
D_O0_8,s07,s0702a,s07_s0702a_raw_nemo_buffer_000062,391.872,12.4,False,False,False
D_O0_8,s07,s0702a,s07_s0702a_raw_nemo_buffer_000065,415.64,8.0,False,False,False
D_O0_8,s07,s0702a,s07_s0702a_raw_nemo_buffer_000069,458.144,11.692,False,False,False
D_O0_8,s07,s0702a,s07_s0702a_raw_nemo_buffer_000069,464.704,182.0,True,True,True
D_O0_8,s07,s0702a,s07_s0702a_raw_nemo_buffer_000069,471.08,5.877,False,False,False
D_O0_8,s07,s0702a,s07_s0702a_raw_nemo_buffer_000069,477.144,73.25,True,True,False
D_O0_8,s07,s0702a,s07_s0702a_raw_nemo_buffer_000070,498.24,37.373,True,False,False
O25_4,s07,s0702a,s07_s0702a_raw_nemo_buffer_000003,28.584,79.125,True,True,False
O25_4,s07,s0702a,s07_s0702a_raw_nemo_buffer_000004,34.22,49.375,True,False,False
O25_4,s07,s0702a,s07_s0702a_raw_nemo_buffer_000008,88.44,40.0,True,False,False
O25_4,s07,s0702a,s07_s0702a_raw_nemo_buffer_000023,172.348,44.0,True,False,False
O25_4,s07,s0702a,s07_s0702a_raw_nemo_buffer_000024,176.008,23.658,True,False,False
O25_4,s07,s0702a,s07_s0702a_raw_nemo_buffer_000025,188.8,43.87,True,False,False
O25_4,s07,s0702a,s07_s0702a_raw_nemo_buffer_000062,391.88,20.4,True,False,False
O25_4,s07,s0702a,s07_s0702a_raw_nemo_buffer_000065,415.676,44.0,True,False,False
O25_4,s07,s0702a,s07_s0702a_raw_nemo_buffer_000069,458.14,7.692,False,False,False
O25_4,s07,s0702a,s07_s0702a_raw_nemo_buffer_000069,464.808,110.749,True,True,True
O25_4,s07,s0702a,s07_s0702a_raw_nemo_buffer_000069,477.14,77.25,True,True,False
O25_4,s07,s0702a,s07_s0702a_raw_nemo_buffer_000069,490.26,100.477,True,True,True
O25_4,s07,s0702a,s07_s0702a_raw_nemo_buffer_000070,498.244,33.373,True,False,False
O0_4,s07,s0702a,s07_s0702a_raw_nemo_buffer_000003,28.588,75.125,True,True,False
O0_4,s07,s0702a,s07_s0702a_raw_nemo_buffer_000004,34.228,41.375,True,False,False
O0_4,s07,s0702a,s07_s0702a_raw_nemo_buffer_000023,172.336,32.0,True,False,False
O0_4,s07,s0702a,s07_s0702a_raw_nemo_buffer_000024,176.588,56.574,True,True,False
O0_4,s07,s0702a,s07_s0702a_raw_nemo_buffer_000025,188.792,35.87,True,False,False
O0_4,s07,s0702a,s07_s0702a_raw_nemo_buffer_000041,259.584,61.072,True,True,False
O0_4,s07,s0702a,s07_s0702a_raw_nemo_buffer_000062,391.872,12.4,False,False,False
O0_4,s07,s0702a,s07_s0702a_raw_nemo_buffer_000065,415.636,4.0,False,False,False
O0_4,s07,s0702a,s07_s0702a_raw_nemo_buffer_000069,458.14,7.692,False,False,False
O0_4,s07,s0702a,s07_s0702a_raw_nemo_buffer_000069,464.704,182.0,True,True,True
O0_4,s07,s0702a,s07_s0702a_raw_nemo_buffer_000069,471.08,5.877,False,False,False
O0_4,s07,s0702a,s07_s0702a_raw_nemo_buffer_000069,477.144,73.25,True,True,False
O0_4,s07,s0702a,s07_s0702a_raw_nemo_buffer_000069,486.212,1.68,False,False,False
O0_4,s07,s0702a,s07_s0702a_raw_nemo_buffer_000070,498.236,41.373,True,False,False
O12.5_4,s07,s0702a,s07_s0702a_raw_nemo_buffer_000003,28.588,75.125,True,True,False
O12.5_4,s07,s0702a,s07_s0702a_raw_nemo_buffer_000004,34.228,41.375,True,False,False
O12.5_4,s07,s0702a,s07_s0702a_raw_nemo_buffer_000023,172.348,44.0,True,False,False
O12.5_4,s07,s0702a,s07_s0702a_raw_nemo_buffer_000024,176.012,27.658,True,False,False
O12.5_4,s07,s0702a,s07_s0702a_raw_nemo_buffer_000025,188.784,27.87,True,False,False
O12.5_4,s07,s0702a,s07_s0702a_raw_nemo_buffer_000041,264.536,3.59,False,False,False
O12.5_4,s07,s0702a,s07_s0702a_raw_nemo_buffer_000062,391.884,24.4,True,False,False
O12.5_4,s07,s0702a,s07_s0702a_raw_nemo_buffer_000065,415.636,4.0,False,False,False
O12.5_4,s07,s0702a,s07_s0702a_raw_nemo_buffer_000069,464.8,118.749,True,True,True
O12.5_4,s07,s0702a,s07_s0702a_raw_nemo_buffer_000069,477.14,77.25,True,True,False
O12.5_4,s07,s0702a,s07_s0702a_raw_nemo_buffer_000069,490.26,100.477,True,True,True
O12.5_4,s07,s0702a,s07_s0702a_raw_nemo_buffer_000070,498.244,33.373,True,False,False
O0_2,s07,s0702a,s07_s0702a_raw_nemo_buffer_000003,28.588,75.125,True,True,False
O0_2,s07,s0702a,s07_s0702a_raw_nemo_buffer_000004,34.228,41.375,True,False,False
O0_2,s07,s0702a,s07_s0702a_raw_nemo_buffer_000023,172.338,34.0,True,False,False
O0_2,s07,s0702a,s07_s0702a_raw_nemo_buffer_000024,176.588,56.574,True,True,False
O0_2,s07,s0702a,s07_s0702a_raw_nemo_buffer_000025,188.802,45.87,True,False,False
O0_2,s07,s0702a,s07_s0702a_raw_nemo_buffer_000041,259.582,63.072,True,True,False
O0_2,s07,s0702a,s07_s0702a_raw_nemo_buffer_000062,391.872,12.4,False,False,False
O0_2,s07,s0702a,s07_s0702a_raw_nemo_buffer_000065,415.634,2.0,False,False,False
O0_2,s07,s0702a,s07_s0702a_raw_nemo_buffer_000069,458.142,9.692,False,False,False
O0_2,s07,s0702a,s07_s0702a_raw_nemo_buffer_000069,464.702,180.0,True,True,True
O0_2,s07,s0702a,s07_s0702a_raw_nemo_buffer_000069,471.082,7.877,False,False,False
O0_2,s07,s0702a,s07_s0702a_raw_nemo_buffer_000069,477.144,73.25,True,True,False
O0_2,s07,s0702a,s07_s0702a_raw_nemo_buffer_000069,486.214,3.68,False,False,False
O0_2,s07,s0702a,s07_s0702a_raw_nemo_buffer_000070,498.242,35.373,True,False,False
A_O50_8,s07,s0702b,s07_s0702b_raw_nemo_buffer_000018,188.4,41.308,True,False,False
A_O50_8,s07,s0702b,s07_s0702b_raw_nemo_buffer_000031,282.568,10.606,False,False,False
A_O50_8,s07,s0702b,s07_s0702b_raw_nemo_buffer_000033,305.08,8.0,False,False,False
A_O50_8,s07,s0702b,s07_s0702b_raw_nemo_buffer_000049,425.92,47.108,True,False,False
A_O50_8,s07,s0702b,s07_s0702b_raw_nemo_buffer_000071,532.256,35.079,True,False,False
A_O50_8,s07,s0702b,s07_s0702b_raw_nemo_buffer_000076,576.392,8.0,False,False,False
D_O0_8,s07,s0702b,s07_s0702b_raw_nemo_buffer_000000,9.864,3.657,False,False,False
D_O0_8,s07,s0702b,s07_s0702b_raw_nemo_buffer_000018,188.4,41.308,True,False,False
D_O0_8,s07,s0702b,s07_s0702b_raw_nemo_buffer_000031,282.56,2.606,False,False,False
D_O0_8,s07,s0702b,s07_s0702b_raw_nemo_buffer_000033,305.088,16.0,False,False,False
D_O0_8,s07,s0702b,s07_s0702b_raw_nemo_buffer_000038,335.544,3.024,False,False,False
D_O0_8,s07,s0702b,s07_s0702b_raw_nemo_buffer_000044,393.16,40.734,True,False,False
D_O0_8,s07,s0702b,s07_s0702b_raw_nemo_buffer_000049,425.904,31.108,True,False,False
D_O0_8,s07,s0702b,s07_s0702b_raw_nemo_buffer_000076,576.392,8.0,False,False,False
O25_4,s07,s0702b,s07_s0702b_raw_nemo_buffer_000000,9.868,7.657,False,False,False
O25_4,s07,s0702b,s07_s0702b_raw_nemo_buffer_000005,40.18,14.317,False,False,False
O25_4,s07,s0702b,s07_s0702b_raw_nemo_buffer_000005,48.124,37.961,True,False,False
O25_4,s07,s0702b,s07_s0702b_raw_nemo_buffer_000018,188.4,41.308,True,False,False
O25_4,s07,s0702b,s07_s0702b_raw_nemo_buffer_000031,282.564,6.606,False,False,False
O25_4,s07,s0702b,s07_s0702b_raw_nemo_buffer_000033,305.084,12.0,False,False,False
O25_4,s07,s0702b,s07_s0702b_raw_nemo_buffer_000044,393.164,36.734,True,False,False
O25_4,s07,s0702b,s07_s0702b_raw_nemo_buffer_000049,425.888,15.108,False,False,False
O25_4,s07,s0702b,s07_s0702b_raw_nemo_buffer_000076,576.388,12.0,False,False,False
O0_4,s07,s0702b,s07_s0702b_raw_nemo_buffer_000000,9.864,3.657,False,False,False
O0_4,s07,s0702b,s07_s0702b_raw_nemo_buffer_000018,188.4,41.308,True,False,False
O0_4,s07,s0702b,s07_s0702b_raw_nemo_buffer_000031,282.56,2.606,False,False,False
O0_4,s07,s0702b,s07_s0702b_raw_nemo_buffer_000033,305.084,12.0,False,False,False
O0_4,s07,s0702b,s07_s0702b_raw_nemo_buffer_000038,335.548,7.024,False,False,False
O0_4,s07,s0702b,s07_s0702b_raw_nemo_buffer_000044,393.164,36.734,True,False,False
O0_4,s07,s0702b,s07_s0702b_raw_nemo_buffer_000049,425.9,27.108,True,False,False
O0_4,s07,s0702b,s07_s0702b_raw_nemo_buffer_000076,576.396,4.0,False,False,False
O12.5_4,s07,s0702b,s07_s0702b_raw_nemo_buffer_000000,9.876,15.657,False,False,False
O12.5_4,s07,s0702b,s07_s0702b_raw_nemo_buffer_000018,188.4,41.308,True,False,False
O12.5_4,s07,s0702b,s07_s0702b_raw_nemo_buffer_000031,282.568,10.606,False,False,False
O12.5_4,s07,s0702b,s07_s0702b_raw_nemo_buffer_000033,305.08,8.0,False,False,False
O12.5_4,s07,s0702b,s07_s0702b_raw_nemo_buffer_000044,393.152,38.115,True,False,False
O12.5_4,s07,s0702b,s07_s0702b_raw_nemo_buffer_000049,425.892,19.108,False,False,False
O12.5_4,s07,s0702b,s07_s0702b_raw_nemo_buffer_000076,576.392,8.0,False,False,False
O0_2,s07,s0702b,s07_s0702b_raw_nemo_buffer_000000,9.866,5.657,False,False,False
O0_2,s07,s0702b,s07_s0702b_raw_nemo_buffer_000018,188.402,43.308,True,False,False
O0_2,s07,s0702b,s07_s0702b_raw_nemo_buffer_000033,305.084,12.0,False,False,False
O0_2,s07,s0702b,s07_s0702b_raw_nemo_buffer_000038,335.558,17.024,False,False,False
O0_2,s07,s0702b,s07_s0702b_raw_nemo_buffer_000044,393.158,42.734,True,False,False
O0_2,s07,s0702b,s07_s0702b_raw_nemo_buffer_000049,425.894,21.108,True,False,False
O0_2,s07,s0702b,s07_s0702b_raw_nemo_buffer_000076,576.396,4.0,False,False,False
A_O50_8,s07,s0703a,s07_s0703a_raw_nemo_buffer_000001,9.104,58.308,True,True,False
A_O50_8,s07,s0703a,s07_s0703a_raw_nemo_buffer_000005,51.856,70.415,True,True,False
A_O50_8,s07,s0703a,s07_s0703a_raw_nemo_buffer_000009,106.784,60.375,True,True,False
A_O50_8,s07,s0703a,s07_s0703a_raw_nemo_buffer_000023,216.224,48.0,True,False,False
A_O50_8,s07,s0703a,s07_s0703a_raw_nemo_buffer_000025,244.032,27.001,True,False,False
A_O50_8,s07,s0703a,s07_s0703a_raw_nemo_buffer_000027,264.12,4.251,False,False,False
A_O50_8,s07,s0703a,s07_s0703a_raw_nemo_buffer_000044,349.216,3.093,False,False,False
A_O50_8,s07,s0703a,s07_s0703a_raw_nemo_buffer_000053,419.744,48.0,True,False,False
A_O50_8,s07,s0703a,s07_s0703a_raw_nemo_buffer_000054,432.992,54.5,True,True,False
A_O50_8,s07,s0703a,s07_s0703a_raw_nemo_buffer_000068,547.904,37.844,True,False,False
D_O0_8,s07,s0703a,s07_s0703a_raw_nemo_buffer_000001,9.104,58.308,True,True,False
D_O0_8,s07,s0703a,s07_s0703a_raw_nemo_buffer_000005,51.856,70.415,True,True,False
D_O0_8,s07,s0703a,s07_s0703a_raw_nemo_buffer_000027,264.128,12.251,False,False,False
D_O0_8,s07,s0703a,s07_s0703a_raw_nemo_buffer_000044,349.24,27.093,True,False,False
D_O0_8,s07,s0703a,s07_s0703a_raw_nemo_buffer_000053,419.744,48.0,True,False,False
D_O0_8,s07,s0703a,s07_s0703a_raw_nemo_buffer_000068,551.84,10.192,False,False,False
O25_4,s07,s0703a,s07_s0703a_raw_nemo_buffer_000001,9.096,50.308,True,True,False
O25_4,s07,s0703a,s07_s0703a_raw_nemo_buffer_000005,51.864,62.415,True,True,False
O25_4,s07,s0703a,s07_s0703a_raw_nemo_buffer_000009,102.256,4.3,False,False,False
O25_4,s07,s0703a,s07_s0703a_raw_nemo_buffer_000009,109.984,44.688,True,False,False
O25_4,s07,s0703a,s07_s0703a_raw_nemo_buffer_000044,349.24,27.093,True,False,False
O25_4,s07,s0703a,s07_s0703a_raw_nemo_buffer_000053,419.736,40.0,True,False,False
O0_4,s07,s0703a,s07_s0703a_raw_nemo_buffer_000001,9.104,58.308,True,True,False
O0_4,s07,s0703a,s07_s0703a_raw_nemo_buffer_000005,51.868,58.415,True,True,False
O0_4,s07,s0703a,s07_s0703a_raw_nemo_buffer_000023,216.236,60.0,True,True,False
O0_4,s07,s0703a,s07_s0703a_raw_nemo_buffer_000025,247.588,20.452,True,False,False
O0_4,s07,s0703a,s07_s0703a_raw_nemo_buffer_000027,264.128,12.251,False,False,False
O0_4,s07,s0703a,s07_s0703a_raw_nemo_buffer_000044,349.24,27.093,True,False,False
O0_4,s07,s0703a,s07_s0703a_raw_nemo_buffer_000053,419.716,20.0,False,False,False
O0_4,s07,s0703a,s07_s0703a_raw_nemo_buffer_000068,551.84,10.192,False,False,False
O12.5_4,s07,s0703a,s07_s0703a_raw_nemo_buffer_000001,9.096,50.308,True,True,False
O12.5_4,s07,s0703a,s07_s0703a_raw_nemo_buffer_000005,51.86,66.415,True,True,False
O12.5_4,s07,s0703a,s07_s0703a_raw_nemo_buffer_000025,247.584,24.452,True,False,False
O12.5_4,s07,s0703a,s07_s0703a_raw_nemo_buffer_000044,349.244,31.093,True,False,False
O12.5_4,s07,s0703a,s07_s0703a_raw_nemo_buffer_000053,419.74,44.0,True,False,False
O0_2,s07,s0703a,s07_s0703a_raw_nemo_buffer_000001,9.104,58.308,True,True,False
O0_2,s07,s0703a,s07_s0703a_raw_nemo_buffer_000005,51.868,58.415,True,True,False
O0_2,s07,s0703a,s07_s0703a_raw_nemo_buffer_000023,216.236,60.0,True,True,False
O0_2,s07,s0703a,s07_s0703a_raw_nemo_buffer_000025,247.59,18.452,False,False,False
O0_2,s07,s0703a,s07_s0703a_raw_nemo_buffer_000027,264.128,12.251,False,False,False
O0_2,s07,s0703a,s07_s0703a_raw_nemo_buffer_000044,349.24,27.093,True,False,False
O0_2,s07,s0703a,s07_s0703a_raw_nemo_buffer_000053,419.714,18.0,False,False,False
O0_2,s07,s0703a,s07_s0703a_raw_nemo_buffer_000068,551.84,10.192,False,False,False
A_O50_8,s07,s0703b,s07_s0703b_raw_nemo_buffer_000014,90.392,12.313,False,False,False
A_O50_8,s07,s0703b,s07_s0703b_raw_nemo_buffer_000019,105.784,22.916,True,False,False
A_O50_8,s07,s0703b,s07_s0703b_raw_nemo_buffer_000020,125.592,20.333,True,False,False
A_O50_8,s07,s0703b,s07_s0703b_raw_nemo_buffer_000033,210.712,31.499,True,False,False
A_O50_8,s07,s0703b,s07_s0703b_raw_nemo_buffer_000042,272.12,35.312,True,False,False
A_O50_8,s07,s0703b,s07_s0703b_raw_nemo_buffer_000044,291.664,16.218,False,False,False
A_O50_8,s07,s0703b,s07_s0703b_raw_nemo_buffer_000055,377.536,23.295,True,False,False
A_O50_8,s07,s0703b,s07_s0703b_raw_nemo_buffer_000060,424.872,21.369,True,False,False
A_O50_8,s07,s0703b,s07_s0703b_raw_nemo_buffer_000063,444.488,34.478,True,False,False
A_O50_8,s07,s0703b,s07_s0703b_raw_nemo_buffer_000064,453.904,32.0,True,False,False
A_O50_8,s07,s0703b,s07_s0703b_raw_nemo_buffer_000072,557.712,26.563,True,False,False
A_O50_8,s07,s0703b,s07_s0703b_raw_nemo_buffer_000075,583.168,28.381,True,False,False
D_O0_8,s07,s0703b,s07_s0703b_raw_nemo_buffer_000031,198.072,37.876,True,False,False
D_O0_8,s07,s0703b,s07_s0703b_raw_nemo_buffer_000041,267.784,47.25,True,False,False
D_O0_8,s07,s0703b,s07_s0703b_raw_nemo_buffer_000055,377.144,20.7,True,False,False
D_O0_8,s07,s0703b,s07_s0703b_raw_nemo_buffer_000064,453.912,40.0,True,False,False
D_O0_8,s07,s0703b,s07_s0703b_raw_nemo_buffer_000074,580.432,74.148,True,True,False
D_O0_8,s07,s0703b,s07_s0703b_raw_nemo_buffer_000075,583.192,4.381,False,False,False
O25_4,s07,s0703b,s07_s0703b_raw_nemo_buffer_000041,261.692,7.057,False,False,False
O25_4,s07,s0703b,s07_s0703b_raw_nemo_buffer_000064,453.912,40.0,True,False,False
O25_4,s07,s0703b,s07_s0703b_raw_nemo_buffer_000066,460.564,4.0,False,False,False
O25_4,s07,s0703b,s07_s0703b_raw_nemo_buffer_000075,583.168,28.381,True,False,False
O0_4,s07,s0703b,s07_s0703b_raw_nemo_buffer_000031,198.072,37.876,True,False,False
O0_4,s07,s0703b,s07_s0703b_raw_nemo_buffer_000041,267.784,47.25,True,False,False
O0_4,s07,s0703b,s07_s0703b_raw_nemo_buffer_000055,377.144,20.7,True,False,False
O0_4,s07,s0703b,s07_s0703b_raw_nemo_buffer_000064,453.892,20.0,False,False,False
O0_4,s07,s0703b,s07_s0703b_raw_nemo_buffer_000066,460.564,4.0,False,False,False
O0_4,s07,s0703b,s07_s0703b_raw_nemo_buffer_000075,583.192,4.381,False,False,False
O12.5_4,s07,s0703b,s07_s0703b_raw_nemo_buffer_000041,261.692,7.057,False,False,False
O12.5_4,s07,s0703b,s07_s0703b_raw_nemo_buffer_000041,267.784,47.25,True,False,False
O12.5_4,s07,s0703b,s07_s0703b_raw_nemo_buffer_000055,377.148,24.7,True,False,False
O12.5_4,s07,s0703b,s07_s0703b_raw_nemo_buffer_000064,453.908,36.0,True,False,False
O12.5_4,s07,s0703b,s07_s0703b_raw_nemo_buffer_000066,460.564,4.0,False,False,False
O12.5_4,s07,s0703b,s07_s0703b_raw_nemo_buffer_000072,549.92,34.673,True,False,False
O12.5_4,s07,s0703b,s07_s0703b_raw_nemo_buffer_000075,583.22,23.619,True,False,False
O0_2,s07,s0703b,s07_s0703b_raw_nemo_buffer_000031,198.072,37.876,True,False,False
O0_2,s07,s0703b,s07_s0703b_raw_nemo_buffer_000041,267.786,45.25,True,False,False
O0_2,s07,s0703b,s07_s0703b_raw_nemo_buffer_000055,377.146,22.7,True,False,False
O0_2,s07,s0703b,s07_s0703b_raw_nemo_buffer_000064,453.914,42.0,True,False,False
O0_2,s07,s0703b,s07_s0703b_raw_nemo_buffer_000066,460.562,2.0,False,False,False
O0_2,s07,s0703b,s07_s0703b_raw_nemo_buffer_000075,583.194,2.381,False,False,False
A_O50_8,s07,s0704a,s07_s0704a_raw_nemo_buffer_000002,31.984,9.548,False,False,False
A_O50_8,s07,s0704a,s07_s0704a_raw_nemo_buffer_000010,88.76,31.274,True,False,False
A_O50_8,s07,s0704a,s07_s0704a_raw_nemo_buffer_000010,96.016,7.623,False,False,False
A_O50_8,s07,s0704a,s07_s0704a_raw_nemo_buffer_000012,136.4,12.283,False,False,False
A_O50_8,s07,s0704a,s07_s0704a_raw_nemo_buffer_000013,140.896,1.677,False,False,False
A_O50_8,s07,s0704a,s07_s0704a_raw_nemo_buffer_000017,200.672,48.0,True,False,False
D_O0_8,s07,s0704a,s07_s0704a_raw_nemo_buffer_000002,27.768,34.426,True,False,False
D_O0_8,s07,s0704a,s07_s0704a_raw_nemo_buffer_000014,162.52,2.223,False,False,False
D_O0_8,s07,s0704a,s07_s0704a_raw_nemo_buffer_000017,200.664,40.0,True,False,False
O25_4,s07,s0704a,s07_s0704a_raw_nemo_buffer_000002,22.612,15.766,False,False,False
O25_4,s07,s0704a,s07_s0704a_raw_nemo_buffer_000012,136.424,11.717,False,False,False
O25_4,s07,s0704a,s07_s0704a_raw_nemo_buffer_000017,200.672,48.0,True,False,False
O0_4,s07,s0704a,s07_s0704a_raw_nemo_buffer_000002,27.768,34.426,True,False,False
O0_4,s07,s0704a,s07_s0704a_raw_nemo_buffer_000017,200.676,52.0,True,True,False
O12.5_4,s07,s0704a,s07_s0704a_raw_nemo_buffer_000002,27.784,50.426,True,True,False
O12.5_4,s07,s0704a,s07_s0704a_raw_nemo_buffer_000012,136.424,11.717,False,False,False
O12.5_4,s07,s0704a,s07_s0704a_raw_nemo_buffer_000017,200.668,44.0,True,False,False
O0_2,s07,s0704a,s07_s0704a_raw_nemo_buffer_000002,27.768,34.426,True,False,False
O0_2,s07,s0704a,s07_s0704a_raw_nemo_buffer_000017,200.676,52.0,True,True,False
A_O50_8,s08,s0801a,s08_s0801a_raw_nemo_buffer_000005,63.072,14.675,False,False,False
A_O50_8,s08,s0801a,s08_s0801a_raw_nemo_buffer_000024,155.088,30.82,True,False,False
A_O50_8,s08,s0801a,s08_s0801a_raw_nemo_buffer_000026,166.984,28.524,True,False,False
A_O50_8,s08,s0801a,s08_s0801a_raw_nemo_buffer_000027,174.0,32.0,True,False,False
A_O50_8,s08,s0801a,s08_s0801a_raw_nemo_buffer_000054,284.568,40.0,True,False,False
A_O50_8,s08,s0801a,s08_s0801a_raw_nemo_buffer_000067,313.208,8.0,False,False,False
A_O50_8,s08,s0801a,s08_s0801a_raw_nemo_buffer_000078,346.392,45.101,True,False,False
A_O50_8,s08,s0801a,s08_s0801a_raw_nemo_buffer_000085,377.048,0.122,False,False,False
A_O50_8,s08,s0801a,s08_s0801a_raw_nemo_buffer_000114,523.736,3.902,False,False,False
A_O50_8,s08,s0801a,s08_s0801a_raw_nemo_buffer_000115,529.704,51.141,True,True,False
A_O50_8,s08,s0801a,s08_s0801a_raw_nemo_buffer_000126,576.92,11.59,False,False,False
D_O0_8,s08,s0801a,s08_s0801a_raw_nemo_buffer_000005,63.072,14.675,False,False,False
D_O0_8,s08,s0801a,s08_s0801a_raw_nemo_buffer_000024,155.064,6.82,False,False,False
D_O0_8,s08,s0801a,s08_s0801a_raw_nemo_buffer_000026,166.936,8.0,False,False,False
D_O0_8,s08,s0801a,s08_s0801a_raw_nemo_buffer_000027,173.992,24.0,True,False,False
D_O0_8,s08,s0801a,s08_s0801a_raw_nemo_buffer_000030,192.272,1.02,False,False,False
D_O0_8,s08,s0801a,s08_s0801a_raw_nemo_buffer_000054,284.536,8.0,False,False,False
D_O0_8,s08,s0801a,s08_s0801a_raw_nemo_buffer_000067,313.208,8.0,False,False,False
D_O0_8,s08,s0801a,s08_s0801a_raw_nemo_buffer_000114,523.744,11.902,False,False,False
D_O0_8,s08,s0801a,s08_s0801a_raw_nemo_buffer_000115,529.712,59.141,True,True,False
D_O0_8,s08,s0801a,s08_s0801a_raw_nemo_buffer_000126,576.92,11.59,False,False,False
O25_4,s08,s0801a,s08_s0801a_raw_nemo_buffer_000005,63.06,2.675,False,False,False
O25_4,s08,s0801a,s08_s0801a_raw_nemo_buffer_000024,155.064,6.82,False,False,False
O25_4,s08,s0801a,s08_s0801a_raw_nemo_buffer_000026,166.984,28.524,True,False,False
O25_4,s08,s0801a,s08_s0801a_raw_nemo_buffer_000027,173.98,12.0,False,False,False
O25_4,s08,s0801a,s08_s0801a_raw_nemo_buffer_000028,179.216,99.789,True,True,False
O25_4,s08,s0801a,s08_s0801a_raw_nemo_buffer_000054,284.576,48.0,True,False,False
O25_4,s08,s0801a,s08_s0801a_raw_nemo_buffer_000067,313.212,12.0,False,False,False
O25_4,s08,s0801a,s08_s0801a_raw_nemo_buffer_000114,523.776,33.269,True,False,False
O25_4,s08,s0801a,s08_s0801a_raw_nemo_buffer_000115,529.7,47.141,True,False,False
O25_4,s08,s0801a,s08_s0801a_raw_nemo_buffer_000126,576.92,11.59,False,False,False
O0_4,s08,s0801a,s08_s0801a_raw_nemo_buffer_000005,63.06,2.675,False,False,False
O0_4,s08,s0801a,s08_s0801a_raw_nemo_buffer_000024,155.076,18.82,False,False,False
O0_4,s08,s0801a,s08_s0801a_raw_nemo_buffer_000026,166.956,28.0,True,False,False
O0_4,s08,s0801a,s08_s0801a_raw_nemo_buffer_000027,173.98,12.0,False,False,False
O0_4,s08,s0801a,s08_s0801a_raw_nemo_buffer_000030,192.272,1.02,False,False,False
O0_4,s08,s0801a,s08_s0801a_raw_nemo_buffer_000032,204.188,1.69,False,False,False
O0_4,s08,s0801a,s08_s0801a_raw_nemo_buffer_000054,284.532,4.0,False,False,False
O0_4,s08,s0801a,s08_s0801a_raw_nemo_buffer_000067,313.208,8.0,False,False,False
O0_4,s08,s0801a,s08_s0801a_raw_nemo_buffer_000114,523.748,15.902,False,False,False
O0_4,s08,s0801a,s08_s0801a_raw_nemo_buffer_000115,529.708,55.141,True,True,False
O0_4,s08,s0801a,s08_s0801a_raw_nemo_buffer_000126,576.92,11.59,False,False,False
O12.5_4,s08,s0801a,s08_s0801a_raw_nemo_buffer_000005,63.064,6.675,False,False,False
O12.5_4,s08,s0801a,s08_s0801a_raw_nemo_buffer_000021,143.6,1.726,False,False,False
O12.5_4,s08,s0801a,s08_s0801a_raw_nemo_buffer_000024,155.068,10.82,False,False,False
O12.5_4,s08,s0801a,s08_s0801a_raw_nemo_buffer_000026,166.98,32.524,True,False,False
O12.5_4,s08,s0801a,s08_s0801a_raw_nemo_buffer_000027,173.98,12.0,False,False,False
O12.5_4,s08,s0801a,s08_s0801a_raw_nemo_buffer_000054,284.58,52.0,True,True,False
O12.5_4,s08,s0801a,s08_s0801a_raw_nemo_buffer_000067,313.208,8.0,False,False,False
O12.5_4,s08,s0801a,s08_s0801a_raw_nemo_buffer_000114,523.744,11.902,False,False,False
O12.5_4,s08,s0801a,s08_s0801a_raw_nemo_buffer_000115,529.692,39.141,True,False,False
O12.5_4,s08,s0801a,s08_s0801a_raw_nemo_buffer_000126,576.916,7.59,False,False,False
O0_2,s08,s0801a,s08_s0801a_raw_nemo_buffer_000005,63.06,2.675,False,False,False
O0_2,s08,s0801a,s08_s0801a_raw_nemo_buffer_000024,155.076,18.82,False,False,False
O0_2,s08,s0801a,s08_s0801a_raw_nemo_buffer_000026,166.956,28.0,True,False,False
O0_2,s08,s0801a,s08_s0801a_raw_nemo_buffer_000027,173.98,12.0,False,False,False
O0_2,s08,s0801a,s08_s0801a_raw_nemo_buffer_000030,192.272,1.02,False,False,False
O0_2,s08,s0801a,s08_s0801a_raw_nemo_buffer_000032,204.188,1.69,False,False,False
O0_2,s08,s0801a,s08_s0801a_raw_nemo_buffer_000036,220.482,8.018,False,False,False
O0_2,s08,s0801a,s08_s0801a_raw_nemo_buffer_000054,284.53,2.0,False,False,False
O0_2,s08,s0801a,s08_s0801a_raw_nemo_buffer_000067,313.202,2.0,False,False,False
O0_2,s08,s0801a,s08_s0801a_raw_nemo_buffer_000114,523.748,15.902,False,False,False
O0_2,s08,s0801a,s08_s0801a_raw_nemo_buffer_000115,529.708,55.141,True,True,False
O0_2,s08,s0801a,s08_s0801a_raw_nemo_buffer_000126,576.92,11.59,False,False,False
A_O50_8,s08,s0801b,s08_s0801b_raw_nemo_buffer_000006,31.944,13.313,False,False,False
A_O50_8,s08,s0801b,s08_s0801b_raw_nemo_buffer_000039,186.504,38.758,True,False,False
A_O50_8,s08,s0801b,s08_s0801b_raw_nemo_buffer_000048,236.496,16.632,False,False,False
A_O50_8,s08,s0801b,s08_s0801b_raw_nemo_buffer_000082,444.232,19.84,False,False,False
A_O50_8,s08,s0801b,s08_s0801b_raw_nemo_buffer_000085,455.672,22.578,True,False,False
D_O0_8,s08,s0801b,s08_s0801b_raw_nemo_buffer_000010,55.6,46.477,True,False,False
D_O0_8,s08,s0801b,s08_s0801b_raw_nemo_buffer_000040,196.192,11.889,False,False,False
D_O0_8,s08,s0801b,s08_s0801b_raw_nemo_buffer_000048,236.488,8.632,False,False,False
D_O0_8,s08,s0801b,s08_s0801b_raw_nemo_buffer_000061,321.672,132.416,True,True,True
D_O0_8,s08,s0801b,s08_s0801b_raw_nemo_buffer_000082,444.232,19.84,False,False,False
D_O0_8,s08,s0801b,s08_s0801b_raw_nemo_buffer_000085,455.664,14.578,False,False,False
O25_4,s08,s0801b,s08_s0801b_raw_nemo_buffer_000040,196.2,19.889,False,False,False
O25_4,s08,s0801b,s08_s0801b_raw_nemo_buffer_000048,236.492,12.632,False,False,False
O25_4,s08,s0801b,s08_s0801b_raw_nemo_buffer_000082,444.232,19.84,False,False,False
O25_4,s08,s0801b,s08_s0801b_raw_nemo_buffer_000085,455.664,14.578,False,False,False
O0_4,s08,s0801b,s08_s0801b_raw_nemo_buffer_000010,55.588,58.477,True,True,False
O0_4,s08,s0801b,s08_s0801b_raw_nemo_buffer_000048,236.492,12.632,False,False,False
O0_4,s08,s0801b,s08_s0801b_raw_nemo_buffer_000061,321.676,136.416,True,True,True
O0_4,s08,s0801b,s08_s0801b_raw_nemo_buffer_000082,444.232,19.84,False,False,False
O0_4,s08,s0801b,s08_s0801b_raw_nemo_buffer_000085,455.668,18.578,False,False,False
O12.5_4,s08,s0801b,s08_s0801b_raw_nemo_buffer_000040,196.208,27.889,True,False,False
O12.5_4,s08,s0801b,s08_s0801b_raw_nemo_buffer_000041,206.948,32.397,True,False,False
O12.5_4,s08,s0801b,s08_s0801b_raw_nemo_buffer_000048,236.484,4.632,False,False,False
O12.5_4,s08,s0801b,s08_s0801b_raw_nemo_buffer_000061,321.688,148.416,True,True,True
O12.5_4,s08,s0801b,s08_s0801b_raw_nemo_buffer_000082,444.236,23.84,True,False,False
O12.5_4,s08,s0801b,s08_s0801b_raw_nemo_buffer_000085,455.672,22.578,True,False,False
O0_2,s08,s0801b,s08_s0801b_raw_nemo_buffer_000010,55.602,44.477,True,False,False
O0_2,s08,s0801b,s08_s0801b_raw_nemo_buffer_000040,196.218,37.889,True,False,False
O0_2,s08,s0801b,s08_s0801b_raw_nemo_buffer_000048,236.49,10.632,False,False,False
O0_2,s08,s0801b,s08_s0801b_raw_nemo_buffer_000061,321.676,136.416,True,True,True
O0_2,s08,s0801b,s08_s0801b_raw_nemo_buffer_000082,444.232,19.84,False,False,False
O0_2,s08,s0801b,s08_s0801b_raw_nemo_buffer_000085,455.666,16.578,False,False,False
A_O50_8,s08,s0802b,s08_s0802b_raw_nemo_buffer_000020,81.544,8.0,False,False,False
A_O50_8,s08,s0802b,s08_s0802b_raw_nemo_buffer_000029,108.624,8.804,False,False,False
A_O50_8,s08,s0802b,s08_s0802b_raw_nemo_buffer_000046,168.92,20.514,True,False,False
A_O50_8,s08,s0802b,s08_s0802b_raw_nemo_buffer_000064,254.856,55.041,True,True,False
A_O50_8,s08,s0802b,s08_s0802b_raw_nemo_buffer_000070,277.784,8.0,False,False,False
A_O50_8,s08,s0802b,s08_s0802b_raw_nemo_buffer_000082,318.352,52.246,True,True,False
A_O50_8,s08,s0802b,s08_s0802b_raw_nemo_buffer_000122,516.8,42.782,True,False,False
D_O0_8,s08,s0802b,s08_s0802b_raw_nemo_buffer_000020,81.392,26.219,True,False,False
D_O0_8,s08,s0802b,s08_s0802b_raw_nemo_buffer_000029,108.616,0.804,False,False,False
D_O0_8,s08,s0802b,s08_s0802b_raw_nemo_buffer_000064,254.848,47.041,True,False,False
D_O0_8,s08,s0802b,s08_s0802b_raw_nemo_buffer_000070,277.792,16.0,False,False,False
D_O0_8,s08,s0802b,s08_s0802b_raw_nemo_buffer_000082,318.352,52.246,True,True,False
D_O0_8,s08,s0802b,s08_s0802b_raw_nemo_buffer_000083,340.216,8.733,False,False,False
O25_4,s08,s0802b,s08_s0802b_raw_nemo_buffer_000020,81.404,14.219,False,False,False
O25_4,s08,s0802b,s08_s0802b_raw_nemo_buffer_000029,108.632,16.804,False,False,False
O25_4,s08,s0802b,s08_s0802b_raw_nemo_buffer_000046,168.936,4.514,False,False,False
O25_4,s08,s0802b,s08_s0802b_raw_nemo_buffer_000064,254.848,47.041,True,False,False
O25_4,s08,s0802b,s08_s0802b_raw_nemo_buffer_000070,277.78,4.0,False,False,False
O25_4,s08,s0802b,s08_s0802b_raw_nemo_buffer_000082,318.344,44.246,True,False,False
O25_4,s08,s0802b,s08_s0802b_raw_nemo_buffer_000122,515.772,15.621,False,False,False
O0_4,s08,s0802b,s08_s0802b_raw_nemo_buffer_000020,81.392,26.219,True,False,False
O0_4,s08,s0802b,s08_s0802b_raw_nemo_buffer_000029,108.616,0.804,False,False,False
O0_4,s08,s0802b,s08_s0802b_raw_nemo_buffer_000064,254.848,47.041,True,False,False
O0_4,s08,s0802b,s08_s0802b_raw_nemo_buffer_000070,277.78,4.0,False,False,False
O0_4,s08,s0802b,s08_s0802b_raw_nemo_buffer_000082,318.352,52.246,True,True,False
O0_4,s08,s0802b,s08_s0802b_raw_nemo_buffer_000083,340.216,8.733,False,False,False
O12.5_4,s08,s0802b,s08_s0802b_raw_nemo_buffer_000020,81.388,30.219,True,False,False
O12.5_4,s08,s0802b,s08_s0802b_raw_nemo_buffer_000046,168.936,4.514,False,False,False
O12.5_4,s08,s0802b,s08_s0802b_raw_nemo_buffer_000064,254.856,55.041,True,True,False
O12.5_4,s08,s0802b,s08_s0802b_raw_nemo_buffer_000070,277.796,20.0,False,False,False
O12.5_4,s08,s0802b,s08_s0802b_raw_nemo_buffer_000082,318.344,44.246,True,False,False
O12.5_4,s08,s0802b,s08_s0802b_raw_nemo_buffer_000102,431.256,3.653,False,False,False
O0_2,s08,s0802b,s08_s0802b_raw_nemo_buffer_000020,81.392,26.219,True,False,False
O0_2,s08,s0802b,s08_s0802b_raw_nemo_buffer_000029,108.618,2.804,False,False,False
O0_2,s08,s0802b,s08_s0802b_raw_nemo_buffer_000064,254.846,45.041,True,False,False
O0_2,s08,s0802b,s08_s0802b_raw_nemo_buffer_000070,277.78,4.0,False,False,False
O0_2,s08,s0802b,s08_s0802b_raw_nemo_buffer_000082,318.334,34.246,True,False,False
O0_2,s08,s0802b,s08_s0802b_raw_nemo_buffer_000083,340.216,8.733,False,False,False
O0_2,s08,s0802b,s08_s0802b_raw_nemo_buffer_000102,431.254,1.653,False,False,False
A_O50_8,s08,s0803a,s08_s0803a_raw_nemo_buffer_000030,133.472,30.156,True,False,False
A_O50_8,s08,s0803a,s08_s0803a_raw_nemo_buffer_000043,196.96,0.296,False,False,False
A_O50_8,s08,s0803a,s08_s0803a_raw_nemo_buffer_000051,259.448,13.625,False,False,False
A_O50_8,s08,s0803a,s08_s0803a_raw_nemo_buffer_000061,293.408,33.563,True,False,False
A_O50_8,s08,s0803a,s08_s0803a_raw_nemo_buffer_000081,370.144,16.0,False,False,False
A_O50_8,s08,s0803a,s08_s0803a_raw_nemo_buffer_000106,467.888,32.0,True,False,False
A_O50_8,s08,s0803a,s08_s0803a_raw_nemo_buffer_000109,477.728,5.236,False,False,False
A_O50_8,s08,s0803a,s08_s0803a_raw_nemo_buffer_000134,588.872,86.072,True,True,False
A_O50_8,s08,s0803a,s08_s0803a_raw_nemo_buffer_000134,595.304,40.0,True,False,False
D_O0_8,s08,s0803a,s08_s0803a_raw_nemo_buffer_000030,133.456,14.156,False,False,False
D_O0_8,s08,s0803a,s08_s0803a_raw_nemo_buffer_000061,293.408,33.563,True,False,False
D_O0_8,s08,s0803a,s08_s0803a_raw_nemo_buffer_000081,370.144,16.0,False,False,False
D_O0_8,s08,s0803a,s08_s0803a_raw_nemo_buffer_000106,467.872,16.0,False,False,False
D_O0_8,s08,s0803a,s08_s0803a_raw_nemo_buffer_000109,477.728,5.236,False,False,False
D_O0_8,s08,s0803a,s08_s0803a_raw_nemo_buffer_000133,583.632,124.125,True,True,True
D_O0_8,s08,s0803a,s08_s0803a_raw_nemo_buffer_000134,595.328,16.0,False,False,False
O25_4,s08,s0803a,s08_s0803a_raw_nemo_buffer_000030,131.612,12.0,False,False,False
O25_4,s08,s0803a,s08_s0803a_raw_nemo_buffer_000061,293.4,31.972,True,False,False
O25_4,s08,s0803a,s08_s0803a_raw_nemo_buffer_000081,370.136,8.0,False,False,False
O25_4,s08,s0803a,s08_s0803a_raw_nemo_buffer_000106,467.884,28.0,True,False,False
O25_4,s08,s0803a,s08_s0803a_raw_nemo_buffer_000109,477.732,9.236,False,False,False
O25_4,s08,s0803a,s08_s0803a_raw_nemo_buffer_000134,595.332,12.0,False,False,False
O0_4,s08,s0803a,s08_s0803a_raw_nemo_buffer_000030,131.608,8.0,False,False,False
O0_4,s08,s0803a,s08_s0803a_raw_nemo_buffer_000061,293.408,33.563,True,False,False
O0_4,s08,s0803a,s08_s0803a_raw_nemo_buffer_000081,370.144,16.0,False,False,False
O0_4,s08,s0803a,s08_s0803a_raw_nemo_buffer_000106,467.872,16.0,False,False,False
O0_4,s08,s0803a,s08_s0803a_raw_nemo_buffer_000109,477.732,9.236,False,False,False
O0_4,s08,s0803a,s08_s0803a_raw_nemo_buffer_000133,583.628,128.125,True,True,True
O0_4,s08,s0803a,s08_s0803a_raw_nemo_buffer_000134,595.332,12.0,False,False,False
O12.5_4,s08,s0803a,s08_s0803a_raw_nemo_buffer_000030,131.612,12.0,False,False,False
O12.5_4,s08,s0803a,s08_s0803a_raw_nemo_buffer_000061,293.408,33.563,True,False,False
O12.5_4,s08,s0803a,s08_s0803a_raw_nemo_buffer_000081,370.144,16.0,False,False,False
O12.5_4,s08,s0803a,s08_s0803a_raw_nemo_buffer_000106,467.868,12.0,False,False,False
O12.5_4,s08,s0803a,s08_s0803a_raw_nemo_buffer_000109,477.736,13.236,False,False,False
O12.5_4,s08,s0803a,s08_s0803a_raw_nemo_buffer_000133,583.632,124.125,True,True,True
O12.5_4,s08,s0803a,s08_s0803a_raw_nemo_buffer_000134,586.756,6.816,False,False,False
O12.5_4,s08,s0803a,s08_s0803a_raw_nemo_buffer_000134,595.34,4.0,False,False,False
O0_2,s08,s0803a,s08_s0803a_raw_nemo_buffer_000030,131.608,8.0,False,False,False
O0_2,s08,s0803a,s08_s0803a_raw_nemo_buffer_000061,293.408,33.563,True,False,False
O0_2,s08,s0803a,s08_s0803a_raw_nemo_buffer_000081,370.146,18.0,False,False,False
O0_2,s08,s0803a,s08_s0803a_raw_nemo_buffer_000106,467.872,16.0,False,False,False
O0_2,s08,s0803a,s08_s0803a_raw_nemo_buffer_000109,477.732,9.236,False,False,False
O0_2,s08,s0803a,s08_s0803a_raw_nemo_buffer_000133,583.628,128.125,True,True,True
O0_2,s08,s0803a,s08_s0803a_raw_nemo_buffer_000134,595.33,14.0,False,False,False
A_O50_8,s08,s0803b,s08_s0803b_raw_nemo_buffer_000007,31.896,39.813,True,False,False
A_O50_8,s08,s0803b,s08_s0803b_raw_nemo_buffer_000066,342.88,48.0,True,False,False
A_O50_8,s08,s0803b,s08_s0803b_raw_nemo_buffer_000071,368.816,15.704,False,False,False
A_O50_8,s08,s0803b,s08_s0803b_raw_nemo_buffer_000078,384.464,22.222,True,False,False
D_O0_8,s08,s0803b,s08_s0803b_raw_nemo_buffer_000007,31.896,39.813,True,False,False
D_O0_8,s08,s0803b,s08_s0803b_raw_nemo_buffer_000066,342.88,48.0,True,False,False
D_O0_8,s08,s0803b,s08_s0803b_raw_nemo_buffer_000078,384.448,38.222,True,False,False
O25_4,s08,s0803b,s08_s0803b_raw_nemo_buffer_000007,31.896,39.813,True,False,False
O25_4,s08,s0803b,s08_s0803b_raw_nemo_buffer_000066,342.88,48.0,True,False,False
O25_4,s08,s0803b,s08_s0803b_raw_nemo_buffer_000078,384.464,22.222,True,False,False
O0_4,s08,s0803b,s08_s0803b_raw_nemo_buffer_000007,31.896,39.813,True,False,False
O0_4,s08,s0803b,s08_s0803b_raw_nemo_buffer_000023,116.732,3.058,False,False,False
O0_4,s08,s0803b,s08_s0803b_raw_nemo_buffer_000066,342.876,44.0,True,False,False
O0_4,s08,s0803b,s08_s0803b_raw_nemo_buffer_000078,384.448,38.222,True,False,False
O12.5_4,s08,s0803b,s08_s0803b_raw_nemo_buffer_000007,31.9,35.813,True,False,False
O12.5_4,s08,s0803b,s08_s0803b_raw_nemo_buffer_000066,342.88,48.0,True,False,False
O12.5_4,s08,s0803b,s08_s0803b_raw_nemo_buffer_000078,384.432,25.714,True,False,False
O0_2,s08,s0803b,s08_s0803b_raw_nemo_buffer_000007,31.898,37.813,True,False,False
O0_2,s08,s0803b,s08_s0803b_raw_nemo_buffer_000023,116.732,3.058,False,False,False
O0_2,s08,s0803b,s08_s0803b_raw_nemo_buffer_000066,342.876,44.0,True,False,False
O0_2,s08,s0803b,s08_s0803b_raw_nemo_buffer_000078,384.448,38.222,True,False,False
A_O50_8,s08,s0804a,s08_s0804a_raw_nemo_buffer_000023,125.256,51.688,True,True,False
A_O50_8,s08,s0804a,s08_s0804a_raw_nemo_buffer_000030,144.824,40.0,True,False,False
D_O0_8,s08,s0804a,s08_s0804a_raw_nemo_buffer_000030,144.824,40.0,True,False,False
O25_4,s08,s0804a,s08_s0804a_raw_nemo_buffer_000023,125.252,55.688,True,True,False
O25_4,s08,s0804a,s08_s0804a_raw_nemo_buffer_000030,144.824,40.0,True,False,False
O0_4,s08,s0804a,s08_s0804a_raw_nemo_buffer_000030,144.824,40.0,True,False,False
O12.5_4,s08,s0804a,s08_s0804a_raw_nemo_buffer_000030,144.824,40.0,True,False,False
O0_2,s08,s0804a,s08_s0804a_raw_nemo_buffer_000030,144.824,40.0,True,False,False
A_O50_8,s09,s0901a,s09_s0901a_raw_nemo_buffer_000007,50.44,42.306,True,False,False
A_O50_8,s09,s0901a,s09_s0901a_raw_nemo_buffer_000014,71.368,8.135,False,False,False
A_O50_8,s09,s0901a,s09_s0901a_raw_nemo_buffer_000018,91.528,22.335,True,False,False
A_O50_8,s09,s0901a,s09_s0901a_raw_nemo_buffer_000027,122.512,53.858,True,True,False
A_O50_8,s09,s0901a,s09_s0901a_raw_nemo_buffer_000050,243.296,42.646,True,False,False
A_O50_8,s09,s0901a,s09_s0901a_raw_nemo_buffer_000054,275.392,39.017,True,False,False
A_O50_8,s09,s0901a,s09_s0901a_raw_nemo_buffer_000066,351.28,100.56,True,True,True
A_O50_8,s09,s0901a,s09_s0901a_raw_nemo_buffer_000074,385.08,40.317,True,False,False
A_O50_8,s09,s0901a,s09_s0901a_raw_nemo_buffer_000094,466.24,0.016,False,False,False
A_O50_8,s09,s0901a,s09_s0901a_raw_nemo_buffer_000102,501.824,80.625,True,True,False
A_O50_8,s09,s0901a,s09_s0901a_raw_nemo_buffer_000108,538.216,24.517,True,False,False
A_O50_8,s09,s0901a,s09_s0901a_raw_nemo_buffer_000118,584.52,21.243,True,False,False
D_O0_8,s09,s0901a,s09_s0901a_raw_nemo_buffer_000027,122.512,53.858,True,True,False
D_O0_8,s09,s0901a,s09_s0901a_raw_nemo_buffer_000050,243.28,26.646,True,False,False
D_O0_8,s09,s0901a,s09_s0901a_raw_nemo_buffer_000054,275.392,39.017,True,False,False
D_O0_8,s09,s0901a,s09_s0901a_raw_nemo_buffer_000066,351.28,100.56,True,True,True
D_O0_8,s09,s0901a,s09_s0901a_raw_nemo_buffer_000094,466.248,8.016,False,False,False
D_O0_8,s09,s0901a,s09_s0901a_raw_nemo_buffer_000102,501.824,80.625,True,True,False
D_O0_8,s09,s0901a,s09_s0901a_raw_nemo_buffer_000103,515.024,9.823,False,False,False
D_O0_8,s09,s0901a,s09_s0901a_raw_nemo_buffer_000108,538.192,18.059,False,False,False
D_O0_8,s09,s0901a,s09_s0901a_raw_nemo_buffer_000109,541.608,34.203,True,False,False
D_O0_8,s09,s0901a,s09_s0901a_raw_nemo_buffer_000117,577.6,2.898,False,False,False
D_O0_8,s09,s0901a,s09_s0901a_raw_nemo_buffer_000118,584.52,21.243,True,False,False
O25_4,s09,s0901a,s09_s0901a_raw_nemo_buffer_000027,122.5,52.0,True,True,False
O25_4,s09,s0901a,s09_s0901a_raw_nemo_buffer_000050,243.296,42.646,True,False,False
O25_4,s09,s0901a,s09_s0901a_raw_nemo_buffer_000054,275.348,4.0,False,False,False
O25_4,s09,s0901a,s09_s0901a_raw_nemo_buffer_000066,351.284,96.56,True,True,False
O25_4,s09,s0901a,s09_s0901a_raw_nemo_buffer_000074,385.088,32.317,True,False,False
O25_4,s09,s0901a,s09_s0901a_raw_nemo_buffer_000094,466.244,4.016,False,False,False
O25_4,s09,s0901a,s09_s0901a_raw_nemo_buffer_000096,473.604,11.242,False,False,False
O25_4,s09,s0901a,s09_s0901a_raw_nemo_buffer_000102,501.82,84.625,True,True,False
O25_4,s09,s0901a,s09_s0901a_raw_nemo_buffer_000108,538.212,28.517,True,False,False
O25_4,s09,s0901a,s09_s0901a_raw_nemo_buffer_000118,584.516,17.243,False,False,False
O0_4,s09,s0901a,s09_s0901a_raw_nemo_buffer_000027,122.512,53.858,True,True,False
O0_4,s09,s0901a,s09_s0901a_raw_nemo_buffer_000050,243.28,26.646,True,False,False
O0_4,s09,s0901a,s09_s0901a_raw_nemo_buffer_000054,275.348,4.0,False,False,False
O0_4,s09,s0901a,s09_s0901a_raw_nemo_buffer_000066,351.28,100.56,True,True,True
O0_4,s09,s0901a,s09_s0901a_raw_nemo_buffer_000074,385.084,36.317,True,False,False
O0_4,s09,s0901a,s09_s0901a_raw_nemo_buffer_000094,466.228,4.0,False,False,False
O0_4,s09,s0901a,s09_s0901a_raw_nemo_buffer_000096,473.604,11.242,False,False,False
O0_4,s09,s0901a,s09_s0901a_raw_nemo_buffer_000102,501.828,76.625,True,True,False
O0_4,s09,s0901a,s09_s0901a_raw_nemo_buffer_000108,538.192,18.059,False,False,False
O0_4,s09,s0901a,s09_s0901a_raw_nemo_buffer_000118,584.548,24.518,True,False,False
O12.5_4,s09,s0901a,s09_s0901a_raw_nemo_buffer_000027,122.512,53.858,True,True,False
O12.5_4,s09,s0901a,s09_s0901a_raw_nemo_buffer_000050,243.296,42.646,True,False,False
O12.5_4,s09,s0901a,s09_s0901a_raw_nemo_buffer_000054,275.372,28.0,True,False,False
O12.5_4,s09,s0901a,s09_s0901a_raw_nemo_buffer_000066,351.284,96.56,True,True,False
O12.5_4,s09,s0901a,s09_s0901a_raw_nemo_buffer_000074,385.092,28.317,True,False,False
O12.5_4,s09,s0901a,s09_s0901a_raw_nemo_buffer_000094,466.228,4.0,False,False,False
O12.5_4,s09,s0901a,s09_s0901a_raw_nemo_buffer_000102,501.824,80.625,True,True,False
O12.5_4,s09,s0901a,s09_s0901a_raw_nemo_buffer_000108,538.212,28.517,True,False,False
O12.5_4,s09,s0901a,s09_s0901a_raw_nemo_buffer_000118,584.516,17.243,False,False,False
O0_2,s09,s0901a,s09_s0901a_raw_nemo_buffer_000019,92.664,8.0,False,False,False
O0_2,s09,s0901a,s09_s0901a_raw_nemo_buffer_000027,122.512,53.858,True,True,False
O0_2,s09,s0901a,s09_s0901a_raw_nemo_buffer_000050,243.278,24.646,True,False,False
O0_2,s09,s0901a,s09_s0901a_raw_nemo_buffer_000054,275.346,2.0,False,False,False
O0_2,s09,s0901a,s09_s0901a_raw_nemo_buffer_000066,351.282,98.56,True,True,False
O0_2,s09,s0901a,s09_s0901a_raw_nemo_buffer_000074,385.084,36.317,True,False,False
O0_2,s09,s0901a,s09_s0901a_raw_nemo_buffer_000094,466.228,4.0,False,False,False
O0_2,s09,s0901a,s09_s0901a_raw_nemo_buffer_000096,473.602,9.242,False,False,False
O0_2,s09,s0901a,s09_s0901a_raw_nemo_buffer_000102,501.828,76.625,True,True,False
O0_2,s09,s0901a,s09_s0901a_raw_nemo_buffer_000108,538.192,18.059,False,False,False
O0_2,s09,s0901a,s09_s0901a_raw_nemo_buffer_000118,584.548,24.518,True,False,False
A_O50_8,s09,s0901b,s09_s0901b_raw_nemo_buffer_000016,97.936,25.793,True,False,False
A_O50_8,s09,s0901b,s09_s0901b_raw_nemo_buffer_000054,257.512,20.108,True,False,False
A_O50_8,s09,s0901b,s09_s0901b_raw_nemo_buffer_000066,292.136,35.395,True,False,False
A_O50_8,s09,s0901b,s09_s0901b_raw_nemo_buffer_000074,317.432,40.0,True,False,False
A_O50_8,s09,s0901b,s09_s0901b_raw_nemo_buffer_000105,425.6,13.538,False,False,False
A_O50_8,s09,s0901b,s09_s0901b_raw_nemo_buffer_000128,557.016,8.0,False,False,False
D_O0_8,s09,s0901b,s09_s0901b_raw_nemo_buffer_000016,97.936,25.793,True,False,False
D_O0_8,s09,s0901b,s09_s0901b_raw_nemo_buffer_000061,271.896,30.935,True,False,False
D_O0_8,s09,s0901b,s09_s0901b_raw_nemo_buffer_000066,292.136,35.395,True,False,False
D_O0_8,s09,s0901b,s09_s0901b_raw_nemo_buffer_000074,317.4,8.0,False,False,False
D_O0_8,s09,s0901b,s09_s0901b_raw_nemo_buffer_000105,425.6,13.538,False,False,False
D_O0_8,s09,s0901b,s09_s0901b_raw_nemo_buffer_000128,561.904,35.675,True,False,False
O25_4,s09,s0901b,s09_s0901b_raw_nemo_buffer_000054,257.54,43.428,True,False,False
O25_4,s09,s0901b,s09_s0901b_raw_nemo_buffer_000061,271.884,18.935,False,False,False
O25_4,s09,s0901b,s09_s0901b_raw_nemo_buffer_000066,292.144,43.395,True,False,False
O25_4,s09,s0901b,s09_s0901b_raw_nemo_buffer_000074,317.4,8.0,False,False,False
O25_4,s09,s0901b,s09_s0901b_raw_nemo_buffer_000105,425.592,21.538,True,False,False
O25_4,s09,s0901b,s09_s0901b_raw_nemo_buffer_000128,557.016,8.0,False,False,False
O0_4,s09,s0901b,s09_s0901b_raw_nemo_buffer_000016,97.936,25.793,True,False,False
O0_4,s09,s0901b,s09_s0901b_raw_nemo_buffer_000061,271.9,34.935,True,False,False
O0_4,s09,s0901b,s09_s0901b_raw_nemo_buffer_000066,292.136,35.395,True,False,False
O0_4,s09,s0901b,s09_s0901b_raw_nemo_buffer_000074,317.396,4.0,False,False,False
O0_4,s09,s0901b,s09_s0901b_raw_nemo_buffer_000105,425.6,13.538,False,False,False
O12.5_4,s09,s0901b,s09_s0901b_raw_nemo_buffer_000054,257.524,32.108,True,False,False
O12.5_4,s09,s0901b,s09_s0901b_raw_nemo_buffer_000061,271.9,34.935,True,False,False
O12.5_4,s09,s0901b,s09_s0901b_raw_nemo_buffer_000066,292.148,42.107,True,False,False
O12.5_4,s09,s0901b,s09_s0901b_raw_nemo_buffer_000074,317.408,16.0,False,False,False
O12.5_4,s09,s0901b,s09_s0901b_raw_nemo_buffer_000080,347.464,5.184,False,False,False
O12.5_4,s09,s0901b,s09_s0901b_raw_nemo_buffer_000105,425.6,13.538,False,False,False
O12.5_4,s09,s0901b,s09_s0901b_raw_nemo_buffer_000128,557.012,4.0,False,False,False
O0_2,s09,s0901b,s09_s0901b_raw_nemo_buffer_000016,97.938,27.793,True,False,False
O0_2,s09,s0901b,s09_s0901b_raw_nemo_buffer_000061,271.894,28.935,True,False,False
O0_2,s09,s0901b,s09_s0901b_raw_nemo_buffer_000066,292.136,35.395,True,False,False
O0_2,s09,s0901b,s09_s0901b_raw_nemo_buffer_000074,317.398,6.0,False,False,False
O0_2,s09,s0901b,s09_s0901b_raw_nemo_buffer_000105,425.6,13.538,False,False,False
O0_2,s09,s0901b,s09_s0901b_raw_nemo_buffer_000128,560.636,44.276,True,False,False
A_O50_8,s09,s0902a,s09_s0902a_raw_nemo_buffer_000029,137.664,42.548,True,False,False
A_O50_8,s09,s0902a,s09_s0902a_raw_nemo_buffer_000047,208.328,36.528,True,False,False
A_O50_8,s09,s0902a,s09_s0902a_raw_nemo_buffer_000054,236.152,8.0,False,False,False
A_O50_8,s09,s0902a,s09_s0902a_raw_nemo_buffer_000068,323.776,46.812,True,False,False
A_O50_8,s09,s0902a,s09_s0902a_raw_nemo_buffer_000070,342.264,40.0,True,False,False
A_O50_8,s09,s0902a,s09_s0902a_raw_nemo_buffer_000072,348.256,40.258,True,False,False
A_O50_8,s09,s0902a,s09_s0902a_raw_nemo_buffer_000073,355.728,32.0,True,False,False
A_O50_8,s09,s0902a,s09_s0902a_raw_nemo_buffer_000075,361.0,38.331,True,False,False
A_O50_8,s09,s0902a,s09_s0902a_raw_nemo_buffer_000081,393.128,4.36,False,False,False
A_O50_8,s09,s0902a,s09_s0902a_raw_nemo_buffer_000081,397.504,40.084,True,False,False
A_O50_8,s09,s0902a,s09_s0902a_raw_nemo_buffer_000084,401.04,32.0,True,False,False
A_O50_8,s09,s0902a,s09_s0902a_raw_nemo_buffer_000085,406.104,2.26,False,False,False
A_O50_8,s09,s0902a,s09_s0902a_raw_nemo_buffer_000097,461.472,68.562,True,True,False
A_O50_8,s09,s0902a,s09_s0902a_raw_nemo_buffer_000098,477.152,23.651,True,False,False
A_O50_8,s09,s0902a,s09_s0902a_raw_nemo_buffer_000102,490.584,8.0,False,False,False
D_O0_8,s09,s0902a,s09_s0902a_raw_nemo_buffer_000029,137.64,18.548,False,False,False
D_O0_8,s09,s0902a,s09_s0902a_raw_nemo_buffer_000044,199.288,35.864,True,False,False
D_O0_8,s09,s0902a,s09_s0902a_raw_nemo_buffer_000047,208.32,44.528,True,False,False
D_O0_8,s09,s0902a,s09_s0902a_raw_nemo_buffer_000049,218.848,50.018,True,True,False
D_O0_8,s09,s0902a,s09_s0902a_raw_nemo_buffer_000054,236.152,8.0,False,False,False
D_O0_8,s09,s0902a,s09_s0902a_raw_nemo_buffer_000066,314.264,33.447,True,False,False
D_O0_8,s09,s0902a,s09_s0902a_raw_nemo_buffer_000068,323.752,23.598,True,False,False
D_O0_8,s09,s0902a,s09_s0902a_raw_nemo_buffer_000070,342.256,32.0,True,False,False
D_O0_8,s09,s0902a,s09_s0902a_raw_nemo_buffer_000072,348.232,24.0,True,False,False
D_O0_8,s09,s0902a,s09_s0902a_raw_nemo_buffer_000073,355.728,32.0,True,False,False
D_O0_8,s09,s0902a,s09_s0902a_raw_nemo_buffer_000081,393.136,12.36,False,False,False
D_O0_8,s09,s0902a,s09_s0902a_raw_nemo_buffer_000084,401.032,24.0,True,False,False
D_O0_8,s09,s0902a,s09_s0902a_raw_nemo_buffer_000085,406.112,10.26,False,False,False
D_O0_8,s09,s0902a,s09_s0902a_raw_nemo_buffer_000098,477.152,23.651,True,False,False
D_O0_8,s09,s0902a,s09_s0902a_raw_nemo_buffer_000099,479.496,43.848,True,False,False
D_O0_8,s09,s0902a,s09_s0902a_raw_nemo_buffer_000102,490.584,8.0,False,False,False
O25_4,s09,s0902a,s09_s0902a_raw_nemo_buffer_000029,137.66,38.548,True,False,False
O25_4,s09,s0902a,s09_s0902a_raw_nemo_buffer_000044,199.296,43.864,True,False,False
O25_4,s09,s0902a,s09_s0902a_raw_nemo_buffer_000047,208.308,32.818,True,False,False
O25_4,s09,s0902a,s09_s0902a_raw_nemo_buffer_000049,218.852,46.018,True,False,False
O25_4,s09,s0902a,s09_s0902a_raw_nemo_buffer_000054,236.164,20.0,False,False,False
O25_4,s09,s0902a,s09_s0902a_raw_nemo_buffer_000066,314.256,41.447,True,False,False
O25_4,s09,s0902a,s09_s0902a_raw_nemo_buffer_000068,323.736,7.598,False,False,False
O25_4,s09,s0902a,s09_s0902a_raw_nemo_buffer_000070,342.268,44.0,True,False,False
O25_4,s09,s0902a,s09_s0902a_raw_nemo_buffer_000072,348.248,40.0,True,False,False
O25_4,s09,s0902a,s09_s0902a_raw_nemo_buffer_000073,355.728,32.0,True,False,False
O25_4,s09,s0902a,s09_s0902a_raw_nemo_buffer_000075,360.972,17.121,False,False,False
O25_4,s09,s0902a,s09_s0902a_raw_nemo_buffer_000084,401.048,40.0,True,False,False
O25_4,s09,s0902a,s09_s0902a_raw_nemo_buffer_000085,406.112,10.26,False,False,False
O25_4,s09,s0902a,s09_s0902a_raw_nemo_buffer_000097,462.476,43.802,True,False,False
O25_4,s09,s0902a,s09_s0902a_raw_nemo_buffer_000098,477.152,23.651,True,False,False
O25_4,s09,s0902a,s09_s0902a_raw_nemo_buffer_000099,479.492,39.848,True,False,False
O25_4,s09,s0902a,s09_s0902a_raw_nemo_buffer_000102,490.58,4.0,False,False,False
O0_4,s09,s0902a,s09_s0902a_raw_nemo_buffer_000029,137.628,6.548,False,False,False
O0_4,s09,s0902a,s09_s0902a_raw_nemo_buffer_000044,199.284,31.864,True,False,False
O0_4,s09,s0902a,s09_s0902a_raw_nemo_buffer_000047,208.316,40.818,True,False,False
O0_4,s09,s0902a,s09_s0902a_raw_nemo_buffer_000049,218.852,46.018,True,False,False
O0_4,s09,s0902a,s09_s0902a_raw_nemo_buffer_000054,236.156,12.0,False,False,False
O0_4,s09,s0902a,s09_s0902a_raw_nemo_buffer_000066,314.26,37.447,True,False,False
O0_4,s09,s0902a,s09_s0902a_raw_nemo_buffer_000068,323.756,27.598,True,False,False
O0_4,s09,s0902a,s09_s0902a_raw_nemo_buffer_000070,342.268,44.0,True,False,False
O0_4,s09,s0902a,s09_s0902a_raw_nemo_buffer_000072,348.232,24.0,True,False,False
O0_4,s09,s0902a,s09_s0902a_raw_nemo_buffer_000073,355.728,32.0,True,False,False
O0_4,s09,s0902a,s09_s0902a_raw_nemo_buffer_000075,360.988,33.121,True,False,False
O0_4,s09,s0902a,s09_s0902a_raw_nemo_buffer_000084,401.032,24.0,True,False,False
O0_4,s09,s0902a,s09_s0902a_raw_nemo_buffer_000085,406.112,10.26,False,False,False
O0_4,s09,s0902a,s09_s0902a_raw_nemo_buffer_000098,477.152,23.651,True,False,False
O0_4,s09,s0902a,s09_s0902a_raw_nemo_buffer_000099,479.492,39.848,True,False,False
O0_4,s09,s0902a,s09_s0902a_raw_nemo_buffer_000102,490.58,4.0,False,False,False
O12.5_4,s09,s0902a,s09_s0902a_raw_nemo_buffer_000029,137.656,34.548,True,False,False
O12.5_4,s09,s0902a,s09_s0902a_raw_nemo_buffer_000044,199.276,23.864,True,False,False
O12.5_4,s09,s0902a,s09_s0902a_raw_nemo_buffer_000047,208.32,44.528,True,False,False
O12.5_4,s09,s0902a,s09_s0902a_raw_nemo_buffer_000049,218.844,54.018,True,True,False
O12.5_4,s09,s0902a,s09_s0902a_raw_nemo_buffer_000054,236.156,12.0,False,False,False
O12.5_4,s09,s0902a,s09_s0902a_raw_nemo_buffer_000066,314.26,37.447,True,False,False
O12.5_4,s09,s0902a,s09_s0902a_raw_nemo_buffer_000068,323.744,15.598,False,False,False
O12.5_4,s09,s0902a,s09_s0902a_raw_nemo_buffer_000070,342.252,28.0,True,False,False
O12.5_4,s09,s0902a,s09_s0902a_raw_nemo_buffer_000072,348.24,32.0,True,False,False
O12.5_4,s09,s0902a,s09_s0902a_raw_nemo_buffer_000073,355.728,32.0,True,False,False
O12.5_4,s09,s0902a,s09_s0902a_raw_nemo_buffer_000075,360.98,25.121,True,False,False
O12.5_4,s09,s0902a,s09_s0902a_raw_nemo_buffer_000084,401.052,44.0,True,False,False
O12.5_4,s09,s0902a,s09_s0902a_raw_nemo_buffer_000097,462.48,39.802,True,False,False
O12.5_4,s09,s0902a,s09_s0902a_raw_nemo_buffer_000098,477.156,19.651,False,False,False
O12.5_4,s09,s0902a,s09_s0902a_raw_nemo_buffer_000099,479.48,27.848,True,False,False
O12.5_4,s09,s0902a,s09_s0902a_raw_nemo_buffer_000102,490.584,8.0,False,False,False
O0_2,s09,s0902a,s09_s0902a_raw_nemo_buffer_000006,22.794,6.528,False,False,False
O0_2,s09,s0902a,s09_s0902a_raw_nemo_buffer_000029,137.638,16.548,False,False,False
O0_2,s09,s0902a,s09_s0902a_raw_nemo_buffer_000044,199.284,31.864,True,False,False
O0_2,s09,s0902a,s09_s0902a_raw_nemo_buffer_000047,208.316,40.818,True,False,False
O0_2,s09,s0902a,s09_s0902a_raw_nemo_buffer_000049,218.85,48.018,True,False,False
O0_2,s09,s0902a,s09_s0902a_raw_nemo_buffer_000054,236.158,14.0,False,False,False
O0_2,s09,s0902a,s09_s0902a_raw_nemo_buffer_000066,314.26,37.447,True,False,False
O0_2,s09,s0902a,s09_s0902a_raw_nemo_buffer_000068,323.754,25.598,True,False,False
O0_2,s09,s0902a,s09_s0902a_raw_nemo_buffer_000070,342.27,46.0,True,False,False
O0_2,s09,s0902a,s09_s0902a_raw_nemo_buffer_000072,348.23,22.0,True,False,False
O0_2,s09,s0902a,s09_s0902a_raw_nemo_buffer_000073,355.726,30.0,True,False,False
O0_2,s09,s0902a,s09_s0902a_raw_nemo_buffer_000075,360.988,33.121,True,False,False
O0_2,s09,s0902a,s09_s0902a_raw_nemo_buffer_000084,401.032,24.0,True,False,False
O0_2,s09,s0902a,s09_s0902a_raw_nemo_buffer_000085,406.112,10.26,False,False,False
O0_2,s09,s0902a,s09_s0902a_raw_nemo_buffer_000097,462.476,43.802,True,False,False
O0_2,s09,s0902a,s09_s0902a_raw_nemo_buffer_000098,477.158,17.651,False,False,False
O0_2,s09,s0902a,s09_s0902a_raw_nemo_buffer_000099,479.492,39.848,True,False,False
O0_2,s09,s0902a,s09_s0902a_raw_nemo_buffer_000102,490.578,2.0,False,False,False
A_O50_8,s09,s0902b,s09_s0902b_raw_nemo_buffer_000003,21.048,7.622,False,False,False
A_O50_8,s09,s0902b,s09_s0902b_raw_nemo_buffer_000021,103.92,21.309,True,False,False
A_O50_8,s09,s0902b,s09_s0902b_raw_nemo_buffer_000023,118.736,37.25,True,False,False
A_O50_8,s09,s0902b,s09_s0902b_raw_nemo_buffer_000033,172.152,40.0,True,False,False
A_O50_8,s09,s0902b,s09_s0902b_raw_nemo_buffer_000036,183.736,9.456,False,False,False
A_O50_8,s09,s0902b,s09_s0902b_raw_nemo_buffer_000036,191.672,34.972,True,False,False
A_O50_8,s09,s0902b,s09_s0902b_raw_nemo_buffer_000037,192.696,3.566,False,False,False
A_O50_8,s09,s0902b,s09_s0902b_raw_nemo_buffer_000045,250.944,32.022,True,False,False
A_O50_8,s09,s0902b,s09_s0902b_raw_nemo_buffer_000065,368.92,8.0,False,False,False
A_O50_8,s09,s0902b,s09_s0902b_raw_nemo_buffer_000090,467.64,37.413,True,False,False
D_O0_8,s09,s0902b,s09_s0902b_raw_nemo_buffer_000003,21.048,7.622,False,False,False
D_O0_8,s09,s0902b,s09_s0902b_raw_nemo_buffer_000021,103.944,39.898,True,False,False
D_O0_8,s09,s0902b,s09_s0902b_raw_nemo_buffer_000033,172.12,8.0,False,False,False
D_O0_8,s09,s0902b,s09_s0902b_raw_nemo_buffer_000036,183.776,49.456,True,False,False
D_O0_8,s09,s0902b,s09_s0902b_raw_nemo_buffer_000036,191.68,37.954,True,False,False
D_O0_8,s09,s0902b,s09_s0902b_raw_nemo_buffer_000037,192.736,35.673,True,False,False
D_O0_8,s09,s0902b,s09_s0902b_raw_nemo_buffer_000045,250.952,24.022,True,False,False
D_O0_8,s09,s0902b,s09_s0902b_raw_nemo_buffer_000065,368.92,8.0,False,False,False
D_O0_8,s09,s0902b,s09_s0902b_raw_nemo_buffer_000090,463.144,32.188,True,False,False
O25_4,s09,s0902b,s09_s0902b_raw_nemo_buffer_000003,21.048,7.622,False,False,False
O25_4,s09,s0902b,s09_s0902b_raw_nemo_buffer_000021,103.916,17.309,False,False,False
O25_4,s09,s0902b,s09_s0902b_raw_nemo_buffer_000033,172.132,20.0,False,False,False
O25_4,s09,s0902b,s09_s0902b_raw_nemo_buffer_000036,183.776,49.456,True,False,False
O25_4,s09,s0902b,s09_s0902b_raw_nemo_buffer_000036,191.668,30.972,True,False,False
O25_4,s09,s0902b,s09_s0902b_raw_nemo_buffer_000037,192.736,35.673,True,False,False
O25_4,s09,s0902b,s09_s0902b_raw_nemo_buffer_000045,250.928,23.62,True,False,False
O25_4,s09,s0902b,s09_s0902b_raw_nemo_buffer_000065,368.916,4.0,False,False,False
O25_4,s09,s0902b,s09_s0902b_raw_nemo_buffer_000090,463.144,32.188,True,False,False
O0_4,s09,s0902b,s09_s0902b_raw_nemo_buffer_000003,21.044,3.622,False,False,False
O0_4,s09,s0902b,s09_s0902b_raw_nemo_buffer_000021,103.948,35.898,True,False,False
O0_4,s09,s0902b,s09_s0902b_raw_nemo_buffer_000033,172.124,12.0,False,False,False
O0_4,s09,s0902b,s09_s0902b_raw_nemo_buffer_000036,183.78,46.859,True,False,False
O0_4,s09,s0902b,s09_s0902b_raw_nemo_buffer_000036,191.676,38.972,True,False,False
O0_4,s09,s0902b,s09_s0902b_raw_nemo_buffer_000037,192.732,39.566,True,False,False
O0_4,s09,s0902b,s09_s0902b_raw_nemo_buffer_000045,250.924,19.62,False,False,False
O0_4,s09,s0902b,s09_s0902b_raw_nemo_buffer_000065,368.916,4.0,False,False,False
O0_4,s09,s0902b,s09_s0902b_raw_nemo_buffer_000090,463.144,32.188,True,False,False
O12.5_4,s09,s0902b,s09_s0902b_raw_nemo_buffer_000003,21.044,3.622,False,False,False
O12.5_4,s09,s0902b,s09_s0902b_raw_nemo_buffer_000015,85.024,13.576,False,False,False
O12.5_4,s09,s0902b,s09_s0902b_raw_nemo_buffer_000033,172.116,4.0,False,False,False
O12.5_4,s09,s0902b,s09_s0902b_raw_nemo_buffer_000036,183.78,46.859,True,False,False
O12.5_4,s09,s0902b,s09_s0902b_raw_nemo_buffer_000036,191.664,26.972,True,False,False
O12.5_4,s09,s0902b,s09_s0902b_raw_nemo_buffer_000037,192.7,7.566,False,False,False
O12.5_4,s09,s0902b,s09_s0902b_raw_nemo_buffer_000065,368.92,8.0,False,False,False
O12.5_4,s09,s0902b,s09_s0902b_raw_nemo_buffer_000090,463.144,32.188,True,False,False
O0_2,s09,s0902b,s09_s0902b_raw_nemo_buffer_000003,21.044,3.622,False,False,False
O0_2,s09,s0902b,s09_s0902b_raw_nemo_buffer_000021,103.948,35.898,True,False,False
O0_2,s09,s0902b,s09_s0902b_raw_nemo_buffer_000033,172.126,14.0,False,False,False
O0_2,s09,s0902b,s09_s0902b_raw_nemo_buffer_000036,183.782,44.859,True,False,False
O0_2,s09,s0902b,s09_s0902b_raw_nemo_buffer_000036,191.676,38.972,True,False,False
O0_2,s09,s0902b,s09_s0902b_raw_nemo_buffer_000037,192.734,37.673,True,False,False
O0_2,s09,s0902b,s09_s0902b_raw_nemo_buffer_000045,250.926,21.62,True,False,False
O0_2,s09,s0902b,s09_s0902b_raw_nemo_buffer_000065,368.918,6.0,False,False,False
O0_2,s09,s0902b,s09_s0902b_raw_nemo_buffer_000090,463.144,32.188,True,False,False
A_O50_8,s09,s0903a,s09_s0903a_raw_nemo_buffer_000017,56.512,33.688,True,False,False
A_O50_8,s09,s0903a,s09_s0903a_raw_nemo_buffer_000023,84.648,80.643,True,True,False
A_O50_8,s09,s0903a,s09_s0903a_raw_nemo_buffer_000026,97.256,3.672,False,False,False
A_O50_8,s09,s0903a,s09_s0903a_raw_nemo_buffer_000026,104.824,17.438,False,False,False
A_O50_8,s09,s0903a,s09_s0903a_raw_nemo_buffer_000028,111.664,20.771,True,False,False
A_O50_8,s09,s0903a,s09_s0903a_raw_nemo_buffer_000050,248.664,3.127,False,False,False
A_O50_8,s09,s0903a,s09_s0903a_raw_nemo_buffer_000069,339.184,29.541,True,False,False
A_O50_8,s09,s0903a,s09_s0903a_raw_nemo_buffer_000101,446.0,18.586,False,False,False
A_O50_8,s09,s0903a,s09_s0903a_raw_nemo_buffer_000106,465.936,7.5,False,False,False
A_O50_8,s09,s0903a,s09_s0903a_raw_nemo_buffer_000112,508.608,3.776,False,False,False
A_O50_8,s09,s0903a,s09_s0903a_raw_nemo_buffer_000131,567.328,73.375,True,True,False
D_O0_8,s09,s0903a,s09_s0903a_raw_nemo_buffer_000017,56.512,33.688,True,False,False
D_O0_8,s09,s0903a,s09_s0903a_raw_nemo_buffer_000028,111.648,22.971,True,False,False
D_O0_8,s09,s0903a,s09_s0903a_raw_nemo_buffer_000067,327.24,2.389,False,False,False
D_O0_8,s09,s0903a,s09_s0903a_raw_nemo_buffer_000106,465.936,7.5,False,False,False
D_O0_8,s09,s0903a,s09_s0903a_raw_nemo_buffer_000131,567.336,65.375,True,True,False
O25_4,s09,s0903a,s09_s0903a_raw_nemo_buffer_000017,56.512,33.688,True,False,False
O25_4,s09,s0903a,s09_s0903a_raw_nemo_buffer_000023,84.672,104.643,True,True,True
O25_4,s09,s0903a,s09_s0903a_raw_nemo_buffer_000028,111.664,20.771,True,False,False
O25_4,s09,s0903a,s09_s0903a_raw_nemo_buffer_000070,339.508,10.53,False,False,False
O25_4,s09,s0903a,s09_s0903a_raw_nemo_buffer_000131,567.32,81.375,True,True,False
O0_4,s09,s0903a,s09_s0903a_raw_nemo_buffer_000017,56.468,4.0,False,False,False
O0_4,s09,s0903a,s09_s0903a_raw_nemo_buffer_000028,111.648,22.971,True,False,False
O0_4,s09,s0903a,s09_s0903a_raw_nemo_buffer_000070,339.5,2.53,False,False,False
O0_4,s09,s0903a,s09_s0903a_raw_nemo_buffer_000106,465.936,7.5,False,False,False
O0_4,s09,s0903a,s09_s0903a_raw_nemo_buffer_000131,567.336,65.375,True,True,False
O12.5_4,s09,s0903a,s09_s0903a_raw_nemo_buffer_000017,56.512,33.688,True,False,False
O12.5_4,s09,s0903a,s09_s0903a_raw_nemo_buffer_000023,84.672,104.643,True,True,True
O12.5_4,s09,s0903a,s09_s0903a_raw_nemo_buffer_000028,111.66,24.771,True,False,False
O12.5_4,s09,s0903a,s09_s0903a_raw_nemo_buffer_000106,465.948,19.5,False,False,False
O12.5_4,s09,s0903a,s09_s0903a_raw_nemo_buffer_000131,567.336,65.375,True,True,False
O12.5_4,s09,s0903a,s09_s0903a_raw_nemo_buffer_000132,575.584,0.948,False,False,False
O0_2,s09,s0903a,s09_s0903a_raw_nemo_buffer_000017,56.51,35.688,True,False,False
O0_2,s09,s0903a,s09_s0903a_raw_nemo_buffer_000028,111.648,22.971,True,False,False
O0_2,s09,s0903a,s09_s0903a_raw_nemo_buffer_000070,339.5,2.53,False,False,False
O0_2,s09,s0903a,s09_s0903a_raw_nemo_buffer_000106,465.938,9.5,False,False,False
O0_2,s09,s0903a,s09_s0903a_raw_nemo_buffer_000131,567.31,91.375,True,True,False
A_O50_8,s09,s0903b,s09_s0903b_raw_nemo_buffer_000011,73.72,26.295,True,False,False
A_O50_8,s09,s0903b,s09_s0903b_raw_nemo_buffer_000011,80.72,33.727,True,False,False
A_O50_8,s09,s0903b,s09_s0903b_raw_nemo_buffer_000030,253.912,8.0,False,False,False
A_O50_8,s09,s0903b,s09_s0903b_raw_nemo_buffer_000035,269.656,3.895,False,False,False
A_O50_8,s09,s0903b,s09_s0903b_raw_nemo_buffer_000062,425.184,16.317,False,False,False
A_O50_8,s09,s0903b,s09_s0903b_raw_nemo_buffer_000072,491.688,24.0,True,False,False
A_O50_8,s09,s0903b,s09_s0903b_raw_nemo_buffer_000073,497.576,52.871,True,True,False
A_O50_8,s09,s0903b,s09_s0903b_raw_nemo_buffer_000077,519.464,8.0,False,False,False
D_O0_8,s09,s0903b,s09_s0903b_raw_nemo_buffer_000011,73.72,26.295,True,False,False
D_O0_8,s09,s0903b,s09_s0903b_raw_nemo_buffer_000011,80.184,43.31,True,False,False
D_O0_8,s09,s0903b,s09_s0903b_raw_nemo_buffer_000030,253.92,9.504,False,False,False
D_O0_8,s09,s0903b,s09_s0903b_raw_nemo_buffer_000035,269.656,3.895,False,False,False
D_O0_8,s09,s0903b,s09_s0903b_raw_nemo_buffer_000062,425.192,8.317,False,False,False
D_O0_8,s09,s0903b,s09_s0903b_raw_nemo_buffer_000072,491.688,24.0,True,False,False
D_O0_8,s09,s0903b,s09_s0903b_raw_nemo_buffer_000073,497.576,52.871,True,True,False
D_O0_8,s09,s0903b,s09_s0903b_raw_nemo_buffer_000077,519.456,16.0,False,False,False
O25_4,s09,s0903b,s09_s0903b_raw_nemo_buffer_000011,73.74,18.611,False,False,False
O25_4,s09,s0903b,s09_s0903b_raw_nemo_buffer_000011,80.72,33.727,True,False,False
O25_4,s09,s0903b,s09_s0903b_raw_nemo_buffer_000030,253.92,9.504,False,False,False
O25_4,s09,s0903b,s09_s0903b_raw_nemo_buffer_000062,425.188,12.317,False,False,False
O25_4,s09,s0903b,s09_s0903b_raw_nemo_buffer_000072,491.692,28.0,True,False,False
O25_4,s09,s0903b,s09_s0903b_raw_nemo_buffer_000073,497.576,52.871,True,True,False
O25_4,s09,s0903b,s09_s0903b_raw_nemo_buffer_000077,519.464,8.0,False,False,False
O0_4,s09,s0903b,s09_s0903b_raw_nemo_buffer_000011,73.72,26.295,True,False,False
O0_4,s09,s0903b,s09_s0903b_raw_nemo_buffer_000011,80.184,43.31,True,False,False
O0_4,s09,s0903b,s09_s0903b_raw_nemo_buffer_000029,248.852,6.147,False,False,False
O0_4,s09,s0903b,s09_s0903b_raw_nemo_buffer_000030,253.92,9.504,False,False,False
O0_4,s09,s0903b,s09_s0903b_raw_nemo_buffer_000062,425.196,4.317,False,False,False
O0_4,s09,s0903b,s09_s0903b_raw_nemo_buffer_000072,491.684,20.0,False,False,False
O0_4,s09,s0903b,s09_s0903b_raw_nemo_buffer_000073,497.58,56.871,True,True,False
O0_4,s09,s0903b,s09_s0903b_raw_nemo_buffer_000077,519.456,16.0,False,False,False
O12.5_4,s09,s0903b,s09_s0903b_raw_nemo_buffer_000011,73.72,26.295,True,False,False
O12.5_4,s09,s0903b,s09_s0903b_raw_nemo_buffer_000011,80.184,43.31,True,False,False
O12.5_4,s09,s0903b,s09_s0903b_raw_nemo_buffer_000030,253.92,9.504,False,False,False
O12.5_4,s09,s0903b,s09_s0903b_raw_nemo_buffer_000062,425.196,4.317,False,False,False
O12.5_4,s09,s0903b,s09_s0903b_raw_nemo_buffer_000072,491.692,28.0,True,False,False
O12.5_4,s09,s0903b,s09_s0903b_raw_nemo_buffer_000073,497.568,44.871,True,False,False
O12.5_4,s09,s0903b,s09_s0903b_raw_nemo_buffer_000077,519.46,12.0,False,False,False
O0_2,s09,s0903b,s09_s0903b_raw_nemo_buffer_000011,73.746,12.611,False,False,False
O0_2,s09,s0903b,s09_s0903b_raw_nemo_buffer_000011,80.182,41.31,True,False,False
O0_2,s09,s0903b,s09_s0903b_raw_nemo_buffer_000029,248.85,4.147,False,False,False
O0_2,s09,s0903b,s09_s0903b_raw_nemo_buffer_000030,253.918,11.504,False,False,False
O0_2,s09,s0903b,s09_s0903b_raw_nemo_buffer_000062,425.196,4.317,False,False,False
O0_2,s09,s0903b,s09_s0903b_raw_nemo_buffer_000072,491.686,22.0,True,False,False
O0_2,s09,s0903b,s09_s0903b_raw_nemo_buffer_000073,497.578,54.871,True,True,False
O0_2,s09,s0903b,s09_s0903b_raw_nemo_buffer_000077,519.458,14.0,False,False,False
A_O50_8,s10,s1001a,s10_s1001a_raw_nemo_buffer_000031,178.472,37.084,True,False,False
A_O50_8,s10,s1001a,s10_s1001a_raw_nemo_buffer_000040,220.704,21.0,True,False,False
A_O50_8,s10,s1001a,s10_s1001a_raw_nemo_buffer_000047,291.952,44.036,True,False,False
A_O50_8,s10,s1001a,s10_s1001a_raw_nemo_buffer_000052,335.056,4.0,False,False,False
A_O50_8,s10,s1001a,s10_s1001a_raw_nemo_buffer_000055,357.552,9.849,False,False,False
A_O50_8,s10,s1001a,s10_s1001a_raw_nemo_buffer_000066,438.92,170.062,True,True,True
A_O50_8,s10,s1001a,s10_s1001a_raw_nemo_buffer_000078,524.552,42.486,True,False,False
D_O0_8,s10,s1001a,s10_s1001a_raw_nemo_buffer_000047,291.944,36.036,True,False,False
D_O0_8,s10,s1001a,s10_s1001a_raw_nemo_buffer_000052,335.056,4.0,False,False,False
D_O0_8,s10,s1001a,s10_s1001a_raw_nemo_buffer_000066,438.936,186.062,True,True,True
D_O0_8,s10,s1001a,s10_s1001a_raw_nemo_buffer_000078,524.536,26.486,True,False,False
O25_4,s10,s1001a,s10_s1001a_raw_nemo_buffer_000052,335.06,8.0,False,False,False
O25_4,s10,s1001a,s10_s1001a_raw_nemo_buffer_000066,438.932,182.062,True,True,True
O25_4,s10,s1001a,s10_s1001a_raw_nemo_buffer_000078,524.552,42.486,True,False,False
O0_4,s10,s1001a,s10_s1001a_raw_nemo_buffer_000047,291.964,34.516,True,False,False
O0_4,s10,s1001a,s10_s1001a_raw_nemo_buffer_000052,335.06,8.0,False,False,False
O0_4,s10,s1001a,s10_s1001a_raw_nemo_buffer_000066,438.936,186.062,True,True,True
O0_4,s10,s1001a,s10_s1001a_raw_nemo_buffer_000085,559.172,8.068,False,False,False
O12.5_4,s10,s1001a,s10_s1001a_raw_nemo_buffer_000047,291.964,34.516,True,False,False
O12.5_4,s10,s1001a,s10_s1001a_raw_nemo_buffer_000066,438.932,182.062,True,True,True
O0_2,s10,s1001a,s10_s1001a_raw_nemo_buffer_000047,291.964,34.516,True,False,False
O0_2,s10,s1001a,s10_s1001a_raw_nemo_buffer_000052,335.06,8.0,False,False,False
O0_2,s10,s1001a,s10_s1001a_raw_nemo_buffer_000066,438.936,186.062,True,True,True
O0_2,s10,s1001a,s10_s1001a_raw_nemo_buffer_000085,559.172,8.068,False,False,False
A_O50_8,s10,s1001b,s10_s1001b_raw_nemo_buffer_000005,29.04,88.188,True,True,False
A_O50_8,s10,s1001b,s10_s1001b_raw_nemo_buffer_000010,52.368,32.0,True,False,False
A_O50_8,s10,s1001b,s10_s1001b_raw_nemo_buffer_000014,65.28,16.0,False,False,False
A_O50_8,s10,s1001b,s10_s1001b_raw_nemo_buffer_000016,84.976,47.228,True,False,False
A_O50_8,s10,s1001b,s10_s1001b_raw_nemo_buffer_000016,88.064,23.265,True,False,False
A_O50_8,s10,s1001b,s10_s1001b_raw_nemo_buffer_000034,179.688,60.458,True,True,False
A_O50_8,s10,s1001b,s10_s1001b_raw_nemo_buffer_000035,189.616,19.563,False,False,False
A_O50_8,s10,s1001b,s10_s1001b_raw_nemo_buffer_000048,235.8,8.755,False,False,False
A_O50_8,s10,s1001b,s10_s1001b_raw_nemo_buffer_000062,306.8,9.008,False,False,False
A_O50_8,s10,s1001b,s10_s1001b_raw_nemo_buffer_000066,320.312,8.0,False,False,False
A_O50_8,s10,s1001b,s10_s1001b_raw_nemo_buffer_000080,383.0,3.812,False,False,False
A_O50_8,s10,s1001b,s10_s1001b_raw_nemo_buffer_000084,402.416,49.062,True,False,False
A_O50_8,s10,s1001b,s10_s1001b_raw_nemo_buffer_000095,471.824,38.741,True,False,False
A_O50_8,s10,s1001b,s10_s1001b_raw_nemo_buffer_000097,485.744,32.0,True,False,False
A_O50_8,s10,s1001b,s10_s1001b_raw_nemo_buffer_000101,499.904,33.403,True,False,False
A_O50_8,s10,s1001b,s10_s1001b_raw_nemo_buffer_000102,505.528,8.0,False,False,False
A_O50_8,s10,s1001b,s10_s1001b_raw_nemo_buffer_000104,513.84,32.0,True,False,False
A_O50_8,s10,s1001b,s10_s1001b_raw_nemo_buffer_000109,547.544,24.75,True,False,False
A_O50_8,s10,s1001b,s10_s1001b_raw_nemo_buffer_000109,549.264,8.788,False,False,False
A_O50_8,s10,s1001b,s10_s1001b_raw_nemo_buffer_000110,558.616,8.505,False,False,False
A_O50_8,s10,s1001b,s10_s1001b_raw_nemo_buffer_000110,564.112,43.309,True,False,False
D_O0_8,s10,s1001b,s10_s1001b_raw_nemo_buffer_000010,52.36,24.0,True,False,False
D_O0_8,s10,s1001b,s10_s1001b_raw_nemo_buffer_000014,65.272,8.0,False,False,False
D_O0_8,s10,s1001b,s10_s1001b_raw_nemo_buffer_000016,85.888,43.0,True,False,False
D_O0_8,s10,s1001b,s10_s1001b_raw_nemo_buffer_000035,189.56,8.0,False,False,False
D_O0_8,s10,s1001b,s10_s1001b_raw_nemo_buffer_000050,253.0,1.056,False,False,False
D_O0_8,s10,s1001b,s10_s1001b_raw_nemo_buffer_000062,306.808,17.008,False,False,False
D_O0_8,s10,s1001b,s10_s1001b_raw_nemo_buffer_000095,471.824,38.741,True,False,False
D_O0_8,s10,s1001b,s10_s1001b_raw_nemo_buffer_000097,485.744,32.0,True,False,False
D_O0_8,s10,s1001b,s10_s1001b_raw_nemo_buffer_000101,499.896,40.0,True,False,False
D_O0_8,s10,s1001b,s10_s1001b_raw_nemo_buffer_000102,505.544,24.0,True,False,False
D_O0_8,s10,s1001b,s10_s1001b_raw_nemo_buffer_000104,513.848,40.0,True,False,False
O25_4,s10,s1001b,s10_s1001b_raw_nemo_buffer_000010,52.34,4.0,False,False,False
O25_4,s10,s1001b,s10_s1001b_raw_nemo_buffer_000014,65.268,4.0,False,False,False
O25_4,s10,s1001b,s10_s1001b_raw_nemo_buffer_000016,85.896,39.0,True,False,False
O25_4,s10,s1001b,s10_s1001b_raw_nemo_buffer_000035,189.556,4.0,False,False,False
O25_4,s10,s1001b,s10_s1001b_raw_nemo_buffer_000062,306.808,17.008,False,False,False
O25_4,s10,s1001b,s10_s1001b_raw_nemo_buffer_000095,471.808,22.741,True,False,False
O25_4,s10,s1001b,s10_s1001b_raw_nemo_buffer_000095,479.244,8.371,False,False,False
O25_4,s10,s1001b,s10_s1001b_raw_nemo_buffer_000097,485.744,32.0,True,False,False
O25_4,s10,s1001b,s10_s1001b_raw_nemo_buffer_000101,499.872,16.0,False,False,False
O25_4,s10,s1001b,s10_s1001b_raw_nemo_buffer_000102,505.524,4.0,False,False,False
O25_4,s10,s1001b,s10_s1001b_raw_nemo_buffer_000104,513.856,48.0,True,False,False
O25_4,s10,s1001b,s10_s1001b_raw_nemo_buffer_000109,549.284,28.788,True,False,False
O25_4,s10,s1001b,s10_s1001b_raw_nemo_buffer_000110,558.608,0.505,False,False,False
O25_4,s10,s1001b,s10_s1001b_raw_nemo_buffer_000110,564.12,51.309,True,True,False
O0_4,s10,s1001b,s10_s1001b_raw_nemo_buffer_000007,43.9,14.099,False,False,False
O0_4,s10,s1001b,s10_s1001b_raw_nemo_buffer_000010,52.34,4.0,False,False,False
O0_4,s10,s1001b,s10_s1001b_raw_nemo_buffer_000014,65.3,36.0,True,False,False
O0_4,s10,s1001b,s10_s1001b_raw_nemo_buffer_000016,85.892,43.0,True,False,False
O0_4,s10,s1001b,s10_s1001b_raw_nemo_buffer_000035,189.556,4.0,False,False,False
O0_4,s10,s1001b,s10_s1001b_raw_nemo_buffer_000050,253.0,1.056,False,False,False
O0_4,s10,s1001b,s10_s1001b_raw_nemo_buffer_000062,306.804,13.008,False,False,False
O0_4,s10,s1001b,s10_s1001b_raw_nemo_buffer_000095,471.82,34.741,True,False,False
O0_4,s10,s1001b,s10_s1001b_raw_nemo_buffer_000097,485.744,32.0,True,False,False
O0_4,s10,s1001b,s10_s1001b_raw_nemo_buffer_000101,499.896,40.0,True,False,False
O0_4,s10,s1001b,s10_s1001b_raw_nemo_buffer_000102,505.548,28.0,True,False,False
O0_4,s10,s1001b,s10_s1001b_raw_nemo_buffer_000104,513.848,40.0,True,False,False
O12.5_4,s10,s1001b,s10_s1001b_raw_nemo_buffer_000010,52.36,24.0,True,False,False
O12.5_4,s10,s1001b,s10_s1001b_raw_nemo_buffer_000014,65.28,16.0,False,False,False
O12.5_4,s10,s1001b,s10_s1001b_raw_nemo_buffer_000016,85.892,43.0,True,False,False
O12.5_4,s10,s1001b,s10_s1001b_raw_nemo_buffer_000035,189.556,4.0,False,False,False
O12.5_4,s10,s1001b,s10_s1001b_raw_nemo_buffer_000048,235.8,8.755,False,False,False
O12.5_4,s10,s1001b,s10_s1001b_raw_nemo_buffer_000062,306.8,9.008,False,False,False
O12.5_4,s10,s1001b,s10_s1001b_raw_nemo_buffer_000095,471.824,38.741,True,False,False
O12.5_4,s10,s1001b,s10_s1001b_raw_nemo_buffer_000097,485.72,8.0,False,False,False
O12.5_4,s10,s1001b,s10_s1001b_raw_nemo_buffer_000101,499.896,40.0,True,False,False
O12.5_4,s10,s1001b,s10_s1001b_raw_nemo_buffer_000102,505.532,12.0,False,False,False
O12.5_4,s10,s1001b,s10_s1001b_raw_nemo_buffer_000104,513.832,24.0,True,False,False
O12.5_4,s10,s1001b,s10_s1001b_raw_nemo_buffer_000109,549.284,28.788,True,False,False
O12.5_4,s10,s1001b,s10_s1001b_raw_nemo_buffer_000110,558.616,8.505,False,False,False
O12.5_4,s10,s1001b,s10_s1001b_raw_nemo_buffer_000110,564.12,51.309,True,True,False
O0_2,s10,s1001b,s10_s1001b_raw_nemo_buffer_000007,43.898,12.099,False,False,False
O0_2,s10,s1001b,s10_s1001b_raw_nemo_buffer_000010,52.34,4.0,False,False,False
O0_2,s10,s1001b,s10_s1001b_raw_nemo_buffer_000014,65.27,6.0,False,False,False
O0_2,s10,s1001b,s10_s1001b_raw_nemo_buffer_000016,85.89,45.0,True,False,False
O0_2,s10,s1001b,s10_s1001b_raw_nemo_buffer_000035,189.554,2.0,False,False,False
O0_2,s10,s1001b,s10_s1001b_raw_nemo_buffer_000050,253.322,4.645,False,False,False
O0_2,s10,s1001b,s10_s1001b_raw_nemo_buffer_000062,306.802,11.008,False,False,False
O0_2,s10,s1001b,s10_s1001b_raw_nemo_buffer_000095,471.826,40.741,True,False,False
O0_2,s10,s1001b,s10_s1001b_raw_nemo_buffer_000095,479.246,10.371,False,False,False
O0_2,s10,s1001b,s10_s1001b_raw_nemo_buffer_000097,485.744,32.0,True,False,False
O0_2,s10,s1001b,s10_s1001b_raw_nemo_buffer_000101,499.894,38.0,True,False,False
O0_2,s10,s1001b,s10_s1001b_raw_nemo_buffer_000102,505.548,28.0,True,False,False
O0_2,s10,s1001b,s10_s1001b_raw_nemo_buffer_000104,513.848,40.0,True,False,False
A_O50_8,s10,s1002a,s10_s1002a_raw_nemo_buffer_000000,6.344,8.0,False,False,False
A_O50_8,s10,s1002a,s10_s1002a_raw_nemo_buffer_000007,35.064,21.488,True,False,False
A_O50_8,s10,s1002a,s10_s1002a_raw_nemo_buffer_000010,50.312,30.409,True,False,False
A_O50_8,s10,s1002a,s10_s1002a_raw_nemo_buffer_000015,87.184,29.375,True,False,False
A_O50_8,s10,s1002a,s10_s1002a_raw_nemo_buffer_000023,106.864,41.875,True,False,False
A_O50_8,s10,s1002a,s10_s1002a_raw_nemo_buffer_000028,134.512,37.824,True,False,False
A_O50_8,s10,s1002a,s10_s1002a_raw_nemo_buffer_000030,148.032,44.843,True,False,False
A_O50_8,s10,s1002a,s10_s1002a_raw_nemo_buffer_000032,173.048,39.201,True,False,False
A_O50_8,s10,s1002a,s10_s1002a_raw_nemo_buffer_000048,267.808,11.063,False,False,False
A_O50_8,s10,s1002a,s10_s1002a_raw_nemo_buffer_000055,289.12,4.997,False,False,False
A_O50_8,s10,s1002a,s10_s1002a_raw_nemo_buffer_000070,355.104,11.051,False,False,False
A_O50_8,s10,s1002a,s10_s1002a_raw_nemo_buffer_000077,378.96,48.005,True,False,False
A_O50_8,s10,s1002a,s10_s1002a_raw_nemo_buffer_000088,421.312,25.729,True,False,False
A_O50_8,s10,s1002a,s10_s1002a_raw_nemo_buffer_000093,456.208,14.498,False,False,False
A_O50_8,s10,s1002a,s10_s1002a_raw_nemo_buffer_000101,505.824,16.938,False,False,False
A_O50_8,s10,s1002a,s10_s1002a_raw_nemo_buffer_000102,519.544,8.0,False,False,False
A_O50_8,s10,s1002a,s10_s1002a_raw_nemo_buffer_000105,535.472,59.956,True,True,False
A_O50_8,s10,s1002a,s10_s1002a_raw_nemo_buffer_000106,545.848,6.312,False,False,False
D_O0_8,s10,s1002a,s10_s1002a_raw_nemo_buffer_000000,0.384,5.544,False,False,False
D_O0_8,s10,s1002a,s10_s1002a_raw_nemo_buffer_000000,6.344,8.0,False,False,False
D_O0_8,s10,s1002a,s10_s1002a_raw_nemo_buffer_000007,35.064,21.488,True,False,False
D_O0_8,s10,s1002a,s10_s1002a_raw_nemo_buffer_000023,106.84,36.076,True,False,False
D_O0_8,s10,s1002a,s10_s1002a_raw_nemo_buffer_000030,148.032,44.843,True,False,False
D_O0_8,s10,s1002a,s10_s1002a_raw_nemo_buffer_000047,251.32,45.23,True,False,False
D_O0_8,s10,s1002a,s10_s1002a_raw_nemo_buffer_000048,267.808,11.063,False,False,False
D_O0_8,s10,s1002a,s10_s1002a_raw_nemo_buffer_000055,289.12,4.997,False,False,False
D_O0_8,s10,s1002a,s10_s1002a_raw_nemo_buffer_000088,428.88,8.404,False,False,False
D_O0_8,s10,s1002a,s10_s1002a_raw_nemo_buffer_000090,440.632,10.401,False,False,False
D_O0_8,s10,s1002a,s10_s1002a_raw_nemo_buffer_000100,498.768,14.731,False,False,False
D_O0_8,s10,s1002a,s10_s1002a_raw_nemo_buffer_000101,505.824,16.938,False,False,False
D_O0_8,s10,s1002a,s10_s1002a_raw_nemo_buffer_000102,519.544,8.0,False,False,False
D_O0_8,s10,s1002a,s10_s1002a_raw_nemo_buffer_000105,535.424,11.956,False,False,False
D_O0_8,s10,s1002a,s10_s1002a_raw_nemo_buffer_000106,548.824,40.761,True,False,False
D_O0_8,s10,s1002a,s10_s1002a_raw_nemo_buffer_000114,596.184,40.577,True,False,False
O25_4,s10,s1002a,s10_s1002a_raw_nemo_buffer_000000,6.34,10.387,False,False,False
O25_4,s10,s1002a,s10_s1002a_raw_nemo_buffer_000023,106.84,36.076,True,False,False
O25_4,s10,s1002a,s10_s1002a_raw_nemo_buffer_000030,147.996,8.843,False,False,False
O25_4,s10,s1002a,s10_s1002a_raw_nemo_buffer_000032,173.056,47.201,True,False,False
O25_4,s10,s1002a,s10_s1002a_raw_nemo_buffer_000055,289.12,4.997,False,False,False
O25_4,s10,s1002a,s10_s1002a_raw_nemo_buffer_000070,355.104,11.051,False,False,False
O25_4,s10,s1002a,s10_s1002a_raw_nemo_buffer_000077,378.952,40.005,True,False,False
O25_4,s10,s1002a,s10_s1002a_raw_nemo_buffer_000088,428.88,8.404,False,False,False
O25_4,s10,s1002a,s10_s1002a_raw_nemo_buffer_000100,498.776,22.731,True,False,False
O25_4,s10,s1002a,s10_s1002a_raw_nemo_buffer_000101,505.828,20.938,True,False,False
O25_4,s10,s1002a,s10_s1002a_raw_nemo_buffer_000102,519.54,4.0,False,False,False
O25_4,s10,s1002a,s10_s1002a_raw_nemo_buffer_000105,535.472,59.956,True,True,False
O25_4,s10,s1002a,s10_s1002a_raw_nemo_buffer_000106,548.816,32.761,True,False,False
O0_4,s10,s1002a,s10_s1002a_raw_nemo_buffer_000000,0.384,5.544,False,False,False
O0_4,s10,s1002a,s10_s1002a_raw_nemo_buffer_000000,6.344,8.0,False,False,False
O0_4,s10,s1002a,s10_s1002a_raw_nemo_buffer_000007,35.064,21.488,True,False,False
O0_4,s10,s1002a,s10_s1002a_raw_nemo_buffer_000023,106.84,36.076,True,False,False
O0_4,s10,s1002a,s10_s1002a_raw_nemo_buffer_000030,148.028,40.843,True,False,False
O0_4,s10,s1002a,s10_s1002a_raw_nemo_buffer_000047,251.292,17.23,False,False,False
O0_4,s10,s1002a,s10_s1002a_raw_nemo_buffer_000048,267.808,11.063,False,False,False
O0_4,s10,s1002a,s10_s1002a_raw_nemo_buffer_000055,289.132,16.997,False,False,False
O0_4,s10,s1002a,s10_s1002a_raw_nemo_buffer_000077,378.964,52.005,True,True,False
O0_4,s10,s1002a,s10_s1002a_raw_nemo_buffer_000088,428.876,4.404,False,False,False
O0_4,s10,s1002a,s10_s1002a_raw_nemo_buffer_000090,440.676,40.405,True,False,False
O0_4,s10,s1002a,s10_s1002a_raw_nemo_buffer_000100,498.772,18.731,False,False,False
O0_4,s10,s1002a,s10_s1002a_raw_nemo_buffer_000101,505.824,16.938,False,False,False
O0_4,s10,s1002a,s10_s1002a_raw_nemo_buffer_000102,519.54,4.0,False,False,False
O0_4,s10,s1002a,s10_s1002a_raw_nemo_buffer_000105,535.42,7.956,False,False,False
O0_4,s10,s1002a,s10_s1002a_raw_nemo_buffer_000106,548.824,40.761,True,False,False
O0_4,s10,s1002a,s10_s1002a_raw_nemo_buffer_000114,596.172,28.577,True,False,False
O12.5_4,s10,s1002a,s10_s1002a_raw_nemo_buffer_000000,6.324,5.613,False,False,False
O12.5_4,s10,s1002a,s10_s1002a_raw_nemo_buffer_000007,35.072,29.488,True,False,False
O12.5_4,s10,s1002a,s10_s1002a_raw_nemo_buffer_000023,106.832,28.076,True,False,False
O12.5_4,s10,s1002a,s10_s1002a_raw_nemo_buffer_000030,148.032,44.843,True,False,False
O12.5_4,s10,s1002a,s10_s1002a_raw_nemo_buffer_000047,251.292,17.23,False,False,False
O12.5_4,s10,s1002a,s10_s1002a_raw_nemo_buffer_000055,289.12,4.997,False,False,False
O12.5_4,s10,s1002a,s10_s1002a_raw_nemo_buffer_000077,378.968,56.005,True,True,False
O12.5_4,s10,s1002a,s10_s1002a_raw_nemo_buffer_000088,428.884,12.404,False,False,False
O12.5_4,s10,s1002a,s10_s1002a_raw_nemo_buffer_000100,498.772,18.731,False,False,False
O12.5_4,s10,s1002a,s10_s1002a_raw_nemo_buffer_000102,519.552,16.0,False,False,False
O12.5_4,s10,s1002a,s10_s1002a_raw_nemo_buffer_000106,548.824,40.761,True,False,False
O12.5_4,s10,s1002a,s10_s1002a_raw_nemo_buffer_000114,596.168,24.577,True,False,False
O0_2,s10,s1002a,s10_s1002a_raw_nemo_buffer_000000,0.384,5.544,False,False,False
O0_2,s10,s1002a,s10_s1002a_raw_nemo_buffer_000000,6.342,10.0,False,False,False
O0_2,s10,s1002a,s10_s1002a_raw_nemo_buffer_000007,35.064,21.488,True,False,False
O0_2,s10,s1002a,s10_s1002a_raw_nemo_buffer_000023,106.83,26.076,True,False,False
O0_2,s10,s1002a,s10_s1002a_raw_nemo_buffer_000047,251.318,43.23,True,False,False
O0_2,s10,s1002a,s10_s1002a_raw_nemo_buffer_000048,267.808,11.063,False,False,False
O0_2,s10,s1002a,s10_s1002a_raw_nemo_buffer_000055,289.132,16.997,False,False,False
O0_2,s10,s1002a,s10_s1002a_raw_nemo_buffer_000077,378.964,52.005,True,True,False
O0_2,s10,s1002a,s10_s1002a_raw_nemo_buffer_000088,428.878,6.404,False,False,False
O0_2,s10,s1002a,s10_s1002a_raw_nemo_buffer_000100,498.772,18.731,False,False,False
O0_2,s10,s1002a,s10_s1002a_raw_nemo_buffer_000101,505.824,16.938,False,False,False
O0_2,s10,s1002a,s10_s1002a_raw_nemo_buffer_000102,519.538,2.0,False,False,False
O0_2,s10,s1002a,s10_s1002a_raw_nemo_buffer_000105,535.42,7.956,False,False,False
O0_2,s10,s1002a,s10_s1002a_raw_nemo_buffer_000106,548.824,40.761,True,False,False
O0_2,s10,s1002a,s10_s1002a_raw_nemo_buffer_000114,596.172,28.577,True,False,False
A_O50_8,s10,s1002b,s10_s1002b_raw_nemo_buffer_000015,83.016,30.937,True,False,False
A_O50_8,s10,s1002b,s10_s1002b_raw_nemo_buffer_000018,117.256,6.832,False,False,False
A_O50_8,s10,s1002b,s10_s1002b_raw_nemo_buffer_000019,125.208,14.577,False,False,False
A_O50_8,s10,s1002b,s10_s1002b_raw_nemo_buffer_000031,197.208,2.113,False,False,False
A_O50_8,s10,s1002b,s10_s1002b_raw_nemo_buffer_000032,208.68,16.2,False,False,False
A_O50_8,s10,s1002b,s10_s1002b_raw_nemo_buffer_000038,232.272,13.557,False,False,False
A_O50_8,s10,s1002b,s10_s1002b_raw_nemo_buffer_000060,369.76,16.0,False,False,False
A_O50_8,s10,s1002b,s10_s1002b_raw_nemo_buffer_000063,391.36,62.776,True,True,False
A_O50_8,s10,s1002b,s10_s1002b_raw_nemo_buffer_000082,485.664,45.658,True,False,False
A_O50_8,s10,s1002b,s10_s1002b_raw_nemo_buffer_000087,511.56,52.335,True,True,False
D_O0_8,s10,s1002b,s10_s1002b_raw_nemo_buffer_000015,82.968,4.751,False,False,False
D_O0_8,s10,s1002b,s10_s1002b_raw_nemo_buffer_000019,125.208,14.577,False,False,False
D_O0_8,s10,s1002b,s10_s1002b_raw_nemo_buffer_000038,231.464,35.993,True,False,False
D_O0_8,s10,s1002b,s10_s1002b_raw_nemo_buffer_000060,369.752,8.0,False,False,False
D_O0_8,s10,s1002b,s10_s1002b_raw_nemo_buffer_000070,428.144,11.553,False,False,False
D_O0_8,s10,s1002b,s10_s1002b_raw_nemo_buffer_000078,449.992,31.224,True,False,False
D_O0_8,s10,s1002b,s10_s1002b_raw_nemo_buffer_000078,464.8,42.13,True,False,False
D_O0_8,s10,s1002b,s10_s1002b_raw_nemo_buffer_000082,485.656,37.658,True,False,False
D_O0_8,s10,s1002b,s10_s1002b_raw_nemo_buffer_000082,493.456,4.813,False,False,False
D_O0_8,s10,s1002b,s10_s1002b_raw_nemo_buffer_000087,511.56,52.335,True,True,False
O25_4,s10,s1002b,s10_s1002b_raw_nemo_buffer_000014,75.936,2.841,False,False,False
O25_4,s10,s1002b,s10_s1002b_raw_nemo_buffer_000015,82.964,0.751,False,False,False
O25_4,s10,s1002b,s10_s1002b_raw_nemo_buffer_000015,89.172,28.94,True,False,False
O25_4,s10,s1002b,s10_s1002b_raw_nemo_buffer_000018,117.276,26.832,True,False,False
O25_4,s10,s1002b,s10_s1002b_raw_nemo_buffer_000019,125.208,14.577,False,False,False
O25_4,s10,s1002b,s10_s1002b_raw_nemo_buffer_000032,208.696,32.2,True,False,False
O25_4,s10,s1002b,s10_s1002b_raw_nemo_buffer_000038,231.468,31.993,True,False,False
O25_4,s10,s1002b,s10_s1002b_raw_nemo_buffer_000049,304.04,16.233,False,False,False
O25_4,s10,s1002b,s10_s1002b_raw_nemo_buffer_000060,369.756,12.0,False,False,False
O25_4,s10,s1002b,s10_s1002b_raw_nemo_buffer_000078,464.804,46.13,True,False,False
O25_4,s10,s1002b,s10_s1002b_raw_nemo_buffer_000082,485.672,48.362,True,False,False
O25_4,s10,s1002b,s10_s1002b_raw_nemo_buffer_000087,511.56,52.335,True,True,False
O0_4,s10,s1002b,s10_s1002b_raw_nemo_buffer_000015,82.964,0.751,False,False,False
O0_4,s10,s1002b,s10_s1002b_raw_nemo_buffer_000038,231.464,35.993,True,False,False
O0_4,s10,s1002b,s10_s1002b_raw_nemo_buffer_000060,369.752,8.0,False,False,False
O0_4,s10,s1002b,s10_s1002b_raw_nemo_buffer_000070,428.144,11.553,False,False,False
O0_4,s10,s1002b,s10_s1002b_raw_nemo_buffer_000078,449.964,3.224,False,False,False
O0_4,s10,s1002b,s10_s1002b_raw_nemo_buffer_000078,464.804,46.13,True,False,False
O0_4,s10,s1002b,s10_s1002b_raw_nemo_buffer_000082,485.668,49.658,True,False,False
O0_4,s10,s1002b,s10_s1002b_raw_nemo_buffer_000082,493.484,32.813,True,False,False
O0_4,s10,s1002b,s10_s1002b_raw_nemo_buffer_000087,511.56,52.335,True,True,False
O12.5_4,s10,s1002b,s10_s1002b_raw_nemo_buffer_000014,75.936,2.841,False,False,False
O12.5_4,s10,s1002b,s10_s1002b_raw_nemo_buffer_000015,82.964,0.751,False,False,False
O12.5_4,s10,s1002b,s10_s1002b_raw_nemo_buffer_000018,117.28,30.832,True,False,False
O12.5_4,s10,s1002b,s10_s1002b_raw_nemo_buffer_000032,208.708,44.2,True,False,False
O12.5_4,s10,s1002b,s10_s1002b_raw_nemo_buffer_000038,231.468,31.993,True,False,False
O12.5_4,s10,s1002b,s10_s1002b_raw_nemo_buffer_000060,369.752,8.0,False,False,False
O12.5_4,s10,s1002b,s10_s1002b_raw_nemo_buffer_000070,428.144,11.553,False,False,False
O12.5_4,s10,s1002b,s10_s1002b_raw_nemo_buffer_000078,464.808,43.125,True,False,False
O12.5_4,s10,s1002b,s10_s1002b_raw_nemo_buffer_000082,485.656,37.658,True,False,False
O12.5_4,s10,s1002b,s10_s1002b_raw_nemo_buffer_000082,493.484,32.813,True,False,False
O12.5_4,s10,s1002b,s10_s1002b_raw_nemo_buffer_000087,511.556,48.335,True,False,False
O0_2,s10,s1002b,s10_s1002b_raw_nemo_buffer_000015,82.964,0.751,False,False,False
O0_2,s10,s1002b,s10_s1002b_raw_nemo_buffer_000038,231.462,37.993,True,False,False
O0_2,s10,s1002b,s10_s1002b_raw_nemo_buffer_000060,369.752,8.0,False,False,False
O0_2,s10,s1002b,s10_s1002b_raw_nemo_buffer_000070,428.142,9.553,False,False,False
O0_2,s10,s1002b,s10_s1002b_raw_nemo_buffer_000078,449.962,1.224,False,False,False
O0_2,s10,s1002b,s10_s1002b_raw_nemo_buffer_000078,464.802,44.13,True,False,False
O0_2,s10,s1002b,s10_s1002b_raw_nemo_buffer_000082,485.668,49.658,True,False,False
O0_2,s10,s1002b,s10_s1002b_raw_nemo_buffer_000082,493.458,6.813,False,False,False
O0_2,s10,s1002b,s10_s1002b_raw_nemo_buffer_000087,511.56,52.335,True,True,False
A_O50_8,s10,s1003b,s10_s1003b_raw_nemo_buffer_000007,86.288,31.088,True,False,False
A_O50_8,s10,s1003b,s10_s1003b_raw_nemo_buffer_000007,91.248,37.081,True,False,False
A_O50_8,s10,s1003b,s10_s1003b_raw_nemo_buffer_000009,101.296,37.5,True,False,False
A_O50_8,s10,s1003b,s10_s1003b_raw_nemo_buffer_000023,202.592,2.853,False,False,False
A_O50_8,s10,s1003b,s10_s1003b_raw_nemo_buffer_000024,210.656,16.0,False,False,False
A_O50_8,s10,s1003b,s10_s1003b_raw_nemo_buffer_000024,218.032,28.688,True,False,False
A_O50_8,s10,s1003b,s10_s1003b_raw_nemo_buffer_000049,343.624,56.0,True,True,False
A_O50_8,s10,s1003b,s10_s1003b_raw_nemo_buffer_000052,382.0,1.498,False,False,False
A_O50_8,s10,s1003b,s10_s1003b_raw_nemo_buffer_000053,382.304,52.088,True,True,False
A_O50_8,s10,s1003b,s10_s1003b_raw_nemo_buffer_000069,449.184,41.116,True,False,False
D_O0_8,s10,s1003b,s10_s1003b_raw_nemo_buffer_000009,101.28,30.85,True,False,False
D_O0_8,s10,s1003b,s10_s1003b_raw_nemo_buffer_000014,141.48,5.305,False,False,False
D_O0_8,s10,s1003b,s10_s1003b_raw_nemo_buffer_000023,202.064,39.301,True,False,False
D_O0_8,s10,s1003b,s10_s1003b_raw_nemo_buffer_000024,210.648,8.0,False,False,False
D_O0_8,s10,s1003b,s10_s1003b_raw_nemo_buffer_000024,215.688,136.191,True,True,True
D_O0_8,s10,s1003b,s10_s1003b_raw_nemo_buffer_000052,375.12,10.505,False,False,False
D_O0_8,s10,s1003b,s10_s1003b_raw_nemo_buffer_000069,449.176,33.116,True,False,False
D_O0_8,s10,s1003b,s10_s1003b_raw_nemo_buffer_000083,541.008,78.875,True,True,False
D_O0_8,s10,s1003b,s10_s1003b_raw_nemo_buffer_000086,554.416,32.0,True,False,False
D_O0_8,s10,s1003b,s10_s1003b_raw_nemo_buffer_000086,558.176,16.011,False,False,False
O25_4,s10,s1003b,s10_s1003b_raw_nemo_buffer_000009,101.296,37.5,True,False,False
O25_4,s10,s1003b,s10_s1003b_raw_nemo_buffer_000023,202.068,35.301,True,False,False
O25_4,s10,s1003b,s10_s1003b_raw_nemo_buffer_000024,210.656,16.0,False,False,False
O25_4,s10,s1003b,s10_s1003b_raw_nemo_buffer_000024,214.468,26.841,True,False,False
O25_4,s10,s1003b,s10_s1003b_raw_nemo_buffer_000049,343.628,60.0,True,True,False
O25_4,s10,s1003b,s10_s1003b_raw_nemo_buffer_000052,362.84,25.907,True,False,False
O25_4,s10,s1003b,s10_s1003b_raw_nemo_buffer_000069,449.176,33.116,True,False,False
O25_4,s10,s1003b,s10_s1003b_raw_nemo_buffer_000076,485.168,11.926,False,False,False
O25_4,s10,s1003b,s10_s1003b_raw_nemo_buffer_000083,541.012,74.875,True,True,False
O0_4,s10,s1003b,s10_s1003b_raw_nemo_buffer_000009,101.28,30.85,True,False,False
O0_4,s10,s1003b,s10_s1003b_raw_nemo_buffer_000023,202.06,43.301,True,False,False
O0_4,s10,s1003b,s10_s1003b_raw_nemo_buffer_000024,210.652,12.0,False,False,False
O0_4,s10,s1003b,s10_s1003b_raw_nemo_buffer_000024,215.692,132.191,True,True,True
O0_4,s10,s1003b,s10_s1003b_raw_nemo_buffer_000052,375.148,32.6,True,False,False
O0_4,s10,s1003b,s10_s1003b_raw_nemo_buffer_000069,449.172,29.116,True,False,False
O0_4,s10,s1003b,s10_s1003b_raw_nemo_buffer_000083,541.012,74.875,True,True,False
O0_4,s10,s1003b,s10_s1003b_raw_nemo_buffer_000086,554.416,32.0,True,False,False
O0_4,s10,s1003b,s10_s1003b_raw_nemo_buffer_000086,558.176,16.011,False,False,False
O12.5_4,s10,s1003b,s10_s1003b_raw_nemo_buffer_000009,101.284,34.85,True,False,False
O12.5_4,s10,s1003b,s10_s1003b_raw_nemo_buffer_000023,202.068,35.301,True,False,False
O12.5_4,s10,s1003b,s10_s1003b_raw_nemo_buffer_000024,210.652,12.0,False,False,False
O12.5_4,s10,s1003b,s10_s1003b_raw_nemo_buffer_000024,215.688,136.191,True,True,True
O12.5_4,s10,s1003b,s10_s1003b_raw_nemo_buffer_000052,375.12,10.505,False,False,False
O12.5_4,s10,s1003b,s10_s1003b_raw_nemo_buffer_000069,449.192,49.116,True,False,False
O12.5_4,s10,s1003b,s10_s1003b_raw_nemo_buffer_000083,541.012,74.875,True,True,False
O12.5_4,s10,s1003b,s10_s1003b_raw_nemo_buffer_000086,555.968,26.901,True,False,False
O0_2,s10,s1003b,s10_s1003b_raw_nemo_buffer_000009,101.28,30.85,True,False,False
O0_2,s10,s1003b,s10_s1003b_raw_nemo_buffer_000023,202.062,41.301,True,False,False
O0_2,s10,s1003b,s10_s1003b_raw_nemo_buffer_000024,210.65,10.0,False,False,False
O0_2,s10,s1003b,s10_s1003b_raw_nemo_buffer_000024,215.692,132.191,True,True,True
O0_2,s10,s1003b,s10_s1003b_raw_nemo_buffer_000052,375.148,32.6,True,False,False
O0_2,s10,s1003b,s10_s1003b_raw_nemo_buffer_000069,449.172,29.116,True,False,False
O0_2,s10,s1003b,s10_s1003b_raw_nemo_buffer_000080,510.254,8.273,False,False,False
O0_2,s10,s1003b,s10_s1003b_raw_nemo_buffer_000083,541.012,74.875,True,True,False
O0_2,s10,s1003b,s10_s1003b_raw_nemo_buffer_000086,554.386,2.0,False,False,False
O0_2,s10,s1003b,s10_s1003b_raw_nemo_buffer_000086,558.186,26.011,True,False,False
A_O50_8,s11,s1101a,s11_s1101a_raw_nemo_buffer_000051,233.752,40.0,True,False,False
A_O50_8,s11,s1101a,s11_s1101a_raw_nemo_buffer_000055,252.832,45.628,True,False,False
A_O50_8,s11,s1101a,s11_s1101a_raw_nemo_buffer_000058,273.96,18.0,False,False,False
A_O50_8,s11,s1101a,s11_s1101a_raw_nemo_buffer_000064,295.296,46.037,True,False,False
A_O50_8,s11,s1101a,s11_s1101a_raw_nemo_buffer_000083,339.288,8.0,False,False,False
D_O0_8,s11,s1101a,s11_s1101a_raw_nemo_buffer_000051,233.72,8.0,False,False,False
D_O0_8,s11,s1101a,s11_s1101a_raw_nemo_buffer_000052,241.264,13.0,False,False,False
D_O0_8,s11,s1101a,s11_s1101a_raw_nemo_buffer_000055,252.816,29.628,True,False,False
D_O0_8,s11,s1101a,s11_s1101a_raw_nemo_buffer_000058,273.96,18.0,False,False,False
D_O0_8,s11,s1101a,s11_s1101a_raw_nemo_buffer_000064,295.304,54.037,True,True,False
D_O0_8,s11,s1101a,s11_s1101a_raw_nemo_buffer_000083,339.336,56.0,True,True,False
O25_4,s11,s1101a,s11_s1101a_raw_nemo_buffer_000051,233.72,8.0,False,False,False
O25_4,s11,s1101a,s11_s1101a_raw_nemo_buffer_000055,252.82,33.628,True,False,False
O25_4,s11,s1101a,s11_s1101a_raw_nemo_buffer_000058,273.96,18.0,False,False,False
O25_4,s11,s1101a,s11_s1101a_raw_nemo_buffer_000064,295.304,54.037,True,True,False
O25_4,s11,s1101a,s11_s1101a_raw_nemo_buffer_000083,339.284,4.0,False,False,False
O0_4,s11,s1101a,s11_s1101a_raw_nemo_buffer_000051,233.72,8.0,False,False,False
O0_4,s11,s1101a,s11_s1101a_raw_nemo_buffer_000052,241.252,1.0,False,False,False
O0_4,s11,s1101a,s11_s1101a_raw_nemo_buffer_000055,252.816,29.628,True,False,False
O0_4,s11,s1101a,s11_s1101a_raw_nemo_buffer_000058,273.96,18.0,False,False,False
O0_4,s11,s1101a,s11_s1101a_raw_nemo_buffer_000064,295.304,54.037,True,True,False
O0_4,s11,s1101a,s11_s1101a_raw_nemo_buffer_000083,339.336,56.0,True,True,False
O12.5_4,s11,s1101a,s11_s1101a_raw_nemo_buffer_000051,233.72,8.0,False,False,False
O12.5_4,s11,s1101a,s11_s1101a_raw_nemo_buffer_000055,252.832,45.628,True,False,False
O12.5_4,s11,s1101a,s11_s1101a_raw_nemo_buffer_000058,273.96,18.0,False,False,False
O12.5_4,s11,s1101a,s11_s1101a_raw_nemo_buffer_000064,295.296,46.037,True,False,False
O12.5_4,s11,s1101a,s11_s1101a_raw_nemo_buffer_000083,339.292,12.0,False,False,False
O0_2,s11,s1101a,s11_s1101a_raw_nemo_buffer_000051,233.72,8.0,False,False,False
O0_2,s11,s1101a,s11_s1101a_raw_nemo_buffer_000052,241.252,1.0,False,False,False
O0_2,s11,s1101a,s11_s1101a_raw_nemo_buffer_000055,252.814,27.628,True,False,False
O0_2,s11,s1101a,s11_s1101a_raw_nemo_buffer_000058,273.96,18.0,False,False,False
O0_2,s11,s1101a,s11_s1101a_raw_nemo_buffer_000064,295.278,28.037,True,False,False
O0_2,s11,s1101a,s11_s1101a_raw_nemo_buffer_000083,339.336,56.0,True,True,False
A_O50_8,s11,s1102a,s11_s1102a_raw_nemo_buffer_000025,93.352,41.161,True,False,False
A_O50_8,s11,s1102a,s11_s1102a_raw_nemo_buffer_000064,223.608,25.49,True,False,False
A_O50_8,s11,s1102a,s11_s1102a_raw_nemo_buffer_000071,240.16,36.735,True,False,False
A_O50_8,s11,s1102a,s11_s1102a_raw_nemo_buffer_000083,286.68,4.955,False,False,False
A_O50_8,s11,s1102a,s11_s1102a_raw_nemo_buffer_000104,365.976,40.0,True,False,False
D_O0_8,s11,s1102a,s11_s1102a_raw_nemo_buffer_000025,93.352,41.161,True,False,False
D_O0_8,s11,s1102a,s11_s1102a_raw_nemo_buffer_000071,240.192,68.735,True,True,False
D_O0_8,s11,s1102a,s11_s1102a_raw_nemo_buffer_000083,286.688,12.955,False,False,False
D_O0_8,s11,s1102a,s11_s1102a_raw_nemo_buffer_000104,365.96,24.0,True,False,False
O25_4,s11,s1102a,s11_s1102a_raw_nemo_buffer_000025,93.348,37.161,True,False,False
O25_4,s11,s1102a,s11_s1102a_raw_nemo_buffer_000071,240.188,64.735,True,True,False
O25_4,s11,s1102a,s11_s1102a_raw_nemo_buffer_000083,286.684,8.955,False,False,False
O25_4,s11,s1102a,s11_s1102a_raw_nemo_buffer_000104,365.96,24.0,True,False,False
O0_4,s11,s1102a,s11_s1102a_raw_nemo_buffer_000025,93.352,41.161,True,False,False
O0_4,s11,s1102a,s11_s1102a_raw_nemo_buffer_000071,240.196,72.735,True,True,False
O0_4,s11,s1102a,s11_s1102a_raw_nemo_buffer_000083,286.684,8.955,False,False,False
O0_4,s11,s1102a,s11_s1102a_raw_nemo_buffer_000104,365.96,24.0,True,False,False
O12.5_4,s11,s1102a,s11_s1102a_raw_nemo_buffer_000025,93.344,33.161,True,False,False
O12.5_4,s11,s1102a,s11_s1102a_raw_nemo_buffer_000071,240.188,64.735,True,True,False
O12.5_4,s11,s1102a,s11_s1102a_raw_nemo_buffer_000083,286.68,4.955,False,False,False
O12.5_4,s11,s1102a,s11_s1102a_raw_nemo_buffer_000104,365.944,8.0,False,False,False
O0_2,s11,s1102a,s11_s1102a_raw_nemo_buffer_000009,44.138,0.638,False,False,False
O0_2,s11,s1102a,s11_s1102a_raw_nemo_buffer_000025,93.35,39.161,True,False,False
O0_2,s11,s1102a,s11_s1102a_raw_nemo_buffer_000071,240.194,70.735,True,True,False
O0_2,s11,s1102a,s11_s1102a_raw_nemo_buffer_000083,286.686,10.955,False,False,False
O0_2,s11,s1102a,s11_s1102a_raw_nemo_buffer_000104,365.96,24.0,True,False,False
A_O50_8,s11,s1102b,s11_s1102b_raw_nemo_buffer_000009,24.816,32.0,True,False,False
A_O50_8,s11,s1102b,s11_s1102b_raw_nemo_buffer_000024,66.264,40.0,True,False,False
A_O50_8,s11,s1102b,s11_s1102b_raw_nemo_buffer_000046,149.464,8.0,False,False,False
A_O50_8,s11,s1102b,s11_s1102b_raw_nemo_buffer_000099,306.712,7.25,False,False,False
D_O0_8,s11,s1102b,s11_s1102b_raw_nemo_buffer_000009,24.792,8.0,False,False,False
D_O0_8,s11,s1102b,s11_s1102b_raw_nemo_buffer_000024,66.248,24.0,True,False,False
D_O0_8,s11,s1102b,s11_s1102b_raw_nemo_buffer_000046,149.464,8.0,False,False,False
O25_4,s11,s1102b,s11_s1102b_raw_nemo_buffer_000009,24.796,12.0,False,False,False
O25_4,s11,s1102b,s11_s1102b_raw_nemo_buffer_000024,66.256,32.0,True,False,False
O25_4,s11,s1102b,s11_s1102b_raw_nemo_buffer_000046,149.46,4.0,False,False,False
O25_4,s11,s1102b,s11_s1102b_raw_nemo_buffer_000099,306.712,7.25,False,False,False
O0_4,s11,s1102b,s11_s1102b_raw_nemo_buffer_000009,24.792,8.0,False,False,False
O0_4,s11,s1102b,s11_s1102b_raw_nemo_buffer_000024,66.252,28.0,True,False,False
O0_4,s11,s1102b,s11_s1102b_raw_nemo_buffer_000028,77.284,0.546,False,False,False
O0_4,s11,s1102b,s11_s1102b_raw_nemo_buffer_000046,149.46,4.0,False,False,False
O12.5_4,s11,s1102b,s11_s1102b_raw_nemo_buffer_000009,24.8,16.0,False,False,False
O12.5_4,s11,s1102b,s11_s1102b_raw_nemo_buffer_000024,66.228,4.0,False,False,False
O12.5_4,s11,s1102b,s11_s1102b_raw_nemo_buffer_000046,149.46,4.0,False,False,False
O0_2,s11,s1102b,s11_s1102b_raw_nemo_buffer_000009,24.806,22.0,True,False,False
O0_2,s11,s1102b,s11_s1102b_raw_nemo_buffer_000024,66.23,6.0,False,False,False
O0_2,s11,s1102b,s11_s1102b_raw_nemo_buffer_000028,77.284,0.546,False,False,False
O0_2,s11,s1102b,s11_s1102b_raw_nemo_buffer_000046,149.458,2.0,False,False,False
A_O50_8,s11,s1103a,s11_s1103a_raw_nemo_buffer_000046,172.6,40.0,True,False,False
A_O50_8,s11,s1103a,s11_s1103a_raw_nemo_buffer_000133,461.4,8.0,False,False,False
D_O0_8,s11,s1103a,s11_s1103a_raw_nemo_buffer_000046,172.6,40.0,True,False,False
D_O0_8,s11,s1103a,s11_s1103a_raw_nemo_buffer_000133,461.408,16.0,False,False,False
O25_4,s11,s1103a,s11_s1103a_raw_nemo_buffer_000046,172.596,36.0,True,False,False
O25_4,s11,s1103a,s11_s1103a_raw_nemo_buffer_000133,461.4,8.0,False,False,False
O0_4,s11,s1103a,s11_s1103a_raw_nemo_buffer_000046,172.6,40.0,True,False,False
O0_4,s11,s1103a,s11_s1103a_raw_nemo_buffer_000133,461.408,16.0,False,False,False
O12.5_4,s11,s1103a,s11_s1103a_raw_nemo_buffer_000046,172.604,39.028,True,False,False
O12.5_4,s11,s1103a,s11_s1103a_raw_nemo_buffer_000133,461.4,8.0,False,False,False
O0_2,s11,s1103a,s11_s1103a_raw_nemo_buffer_000046,172.602,41.028,True,False,False
O0_2,s11,s1103a,s11_s1103a_raw_nemo_buffer_000133,461.408,16.0,False,False,False
A_O50_8,s11,s1103b,s11_s1103b_raw_nemo_buffer_000033,100.312,40.0,True,False,False
A_O50_8,s11,s1103b,s11_s1103b_raw_nemo_buffer_000092,294.032,1.29,False,False,False
A_O50_8,s11,s1103b,s11_s1103b_raw_nemo_buffer_000111,358.584,32.473,True,False,False
A_O50_8,s11,s1103b,s11_s1103b_raw_nemo_buffer_000115,376.184,8.0,False,False,False
A_O50_8,s11,s1103b,s11_s1103b_raw_nemo_buffer_000118,388.736,44.783,True,False,False
A_O50_8,s11,s1103b,s11_s1103b_raw_nemo_buffer_000143,481.28,33.472,True,False,False
D_O0_8,s11,s1103b,s11_s1103b_raw_nemo_buffer_000033,100.312,40.0,True,False,False
D_O0_8,s11,s1103b,s11_s1103b_raw_nemo_buffer_000092,294.032,1.29,False,False,False
D_O0_8,s11,s1103b,s11_s1103b_raw_nemo_buffer_000111,358.6,48.473,True,False,False
D_O0_8,s11,s1103b,s11_s1103b_raw_nemo_buffer_000115,376.184,8.0,False,False,False
D_O0_8,s11,s1103b,s11_s1103b_raw_nemo_buffer_000118,388.728,36.783,True,False,False
D_O0_8,s11,s1103b,s11_s1103b_raw_nemo_buffer_000143,481.28,33.472,True,False,False
O25_4,s11,s1103b,s11_s1103b_raw_nemo_buffer_000033,100.308,36.0,True,False,False
O25_4,s11,s1103b,s11_s1103b_raw_nemo_buffer_000092,294.032,1.29,False,False,False
O25_4,s11,s1103b,s11_s1103b_raw_nemo_buffer_000111,358.588,36.473,True,False,False
O25_4,s11,s1103b,s11_s1103b_raw_nemo_buffer_000115,376.18,4.0,False,False,False
O25_4,s11,s1103b,s11_s1103b_raw_nemo_buffer_000118,388.74,48.783,True,False,False
O25_4,s11,s1103b,s11_s1103b_raw_nemo_buffer_000143,481.26,24.846,True,False,False
O0_4,s11,s1103b,s11_s1103b_raw_nemo_buffer_000033,100.308,36.0,True,False,False
O0_4,s11,s1103b,s11_s1103b_raw_nemo_buffer_000037,110.156,0.347,False,False,False
O0_4,s11,s1103b,s11_s1103b_raw_nemo_buffer_000092,294.032,1.29,False,False,False
O0_4,s11,s1103b,s11_s1103b_raw_nemo_buffer_000111,358.604,52.473,True,True,False
O0_4,s11,s1103b,s11_s1103b_raw_nemo_buffer_000115,376.18,4.0,False,False,False
O0_4,s11,s1103b,s11_s1103b_raw_nemo_buffer_000118,388.728,36.783,True,False,False
O0_4,s11,s1103b,s11_s1103b_raw_nemo_buffer_000143,481.252,16.846,False,False,False
O12.5_4,s11,s1103b,s11_s1103b_raw_nemo_buffer_000033,100.304,32.0,True,False,False
O12.5_4,s11,s1103b,s11_s1103b_raw_nemo_buffer_000037,110.156,0.347,False,False,False
O12.5_4,s11,s1103b,s11_s1103b_raw_nemo_buffer_000092,294.036,5.29,False,False,False
O12.5_4,s11,s1103b,s11_s1103b_raw_nemo_buffer_000111,358.608,56.473,True,True,False
O12.5_4,s11,s1103b,s11_s1103b_raw_nemo_buffer_000115,376.18,4.0,False,False,False
O12.5_4,s11,s1103b,s11_s1103b_raw_nemo_buffer_000118,388.728,36.783,True,False,False
O12.5_4,s11,s1103b,s11_s1103b_raw_nemo_buffer_000143,481.28,33.472,True,False,False
O0_2,s11,s1103b,s11_s1103b_raw_nemo_buffer_000033,100.306,34.0,True,False,False
O0_2,s11,s1103b,s11_s1103b_raw_nemo_buffer_000111,358.604,52.473,True,True,False
O0_2,s11,s1103b,s11_s1103b_raw_nemo_buffer_000115,376.18,4.0,False,False,False
O0_2,s11,s1103b,s11_s1103b_raw_nemo_buffer_000118,388.73,38.783,True,False,False
O0_2,s11,s1103b,s11_s1103b_raw_nemo_buffer_000143,481.242,6.846,False,False,False
A_O50_8,s11,s1104a,s11_s1104a_raw_nemo_buffer_000008,30.312,56.0,True,True,False
A_O50_8,s11,s1104a,s11_s1104a_raw_nemo_buffer_000030,104.728,8.0,False,False,False
A_O50_8,s11,s1104a,s11_s1104a_raw_nemo_buffer_000040,142.0,32.0,True,False,False
A_O50_8,s11,s1104a,s11_s1104a_raw_nemo_buffer_000081,275.456,16.0,False,False,False
A_O50_8,s11,s1104a,s11_s1104a_raw_nemo_buffer_000105,372.72,7.5,False,False,False
A_O50_8,s11,s1104a,s11_s1104a_raw_nemo_buffer_000135,474.496,16.0,False,False,False
D_O0_8,s11,s1104a,s11_s1104a_raw_nemo_buffer_000008,30.312,56.0,True,True,False
D_O0_8,s11,s1104a,s11_s1104a_raw_nemo_buffer_000030,104.728,8.0,False,False,False
D_O0_8,s11,s1104a,s11_s1104a_raw_nemo_buffer_000040,142.0,32.0,True,False,False
D_O0_8,s11,s1104a,s11_s1104a_raw_nemo_buffer_000081,275.456,16.0,False,False,False
D_O0_8,s11,s1104a,s11_s1104a_raw_nemo_buffer_000105,372.72,7.5,False,False,False
D_O0_8,s11,s1104a,s11_s1104a_raw_nemo_buffer_000135,474.488,8.0,False,False,False
O25_4,s11,s1104a,s11_s1104a_raw_nemo_buffer_000008,30.28,24.0,True,False,False
O25_4,s11,s1104a,s11_s1104a_raw_nemo_buffer_000030,104.752,32.0,True,False,False
O25_4,s11,s1104a,s11_s1104a_raw_nemo_buffer_000040,142.004,36.0,True,False,False
O25_4,s11,s1104a,s11_s1104a_raw_nemo_buffer_000081,275.444,4.0,False,False,False
O25_4,s11,s1104a,s11_s1104a_raw_nemo_buffer_000105,372.72,7.5,False,False,False
O25_4,s11,s1104a,s11_s1104a_raw_nemo_buffer_000135,474.484,4.0,False,False,False
O0_4,s11,s1104a,s11_s1104a_raw_nemo_buffer_000008,30.312,56.0,True,True,False
O0_4,s11,s1104a,s11_s1104a_raw_nemo_buffer_000030,104.732,12.0,False,False,False
O0_4,s11,s1104a,s11_s1104a_raw_nemo_buffer_000040,142.004,36.0,True,False,False
O0_4,s11,s1104a,s11_s1104a_raw_nemo_buffer_000081,275.444,4.0,False,False,False
O0_4,s11,s1104a,s11_s1104a_raw_nemo_buffer_000105,372.72,7.5,False,False,False
O0_4,s11,s1104a,s11_s1104a_raw_nemo_buffer_000135,474.484,4.0,False,False,False
O12.5_4,s11,s1104a,s11_s1104a_raw_nemo_buffer_000008,30.268,12.0,False,False,False
O12.5_4,s11,s1104a,s11_s1104a_raw_nemo_buffer_000030,104.732,12.0,False,False,False
O12.5_4,s11,s1104a,s11_s1104a_raw_nemo_buffer_000040,142.008,40.0,True,False,False
O12.5_4,s11,s1104a,s11_s1104a_raw_nemo_buffer_000081,275.444,4.0,False,False,False
O12.5_4,s11,s1104a,s11_s1104a_raw_nemo_buffer_000105,372.72,7.5,False,False,False
O12.5_4,s11,s1104a,s11_s1104a_raw_nemo_buffer_000135,474.484,4.0,False,False,False
O0_2,s11,s1104a,s11_s1104a_raw_nemo_buffer_000008,30.27,14.0,False,False,False
O0_2,s11,s1104a,s11_s1104a_raw_nemo_buffer_000030,104.732,12.0,False,False,False
O0_2,s11,s1104a,s11_s1104a_raw_nemo_buffer_000040,141.97,2.0,False,False,False
O0_2,s11,s1104a,s11_s1104a_raw_nemo_buffer_000081,275.442,2.0,False,False,False
O0_2,s11,s1104a,s11_s1104a_raw_nemo_buffer_000105,372.718,5.5,False,False,False
O0_2,s11,s1104a,s11_s1104a_raw_nemo_buffer_000135,474.482,2.0,False,False,False
A_O50_8,s11,s1104b,s11_s1104b_raw_nemo_buffer_000006,19.272,53.478,True,True,False
A_O50_8,s11,s1104b,s11_s1104b_raw_nemo_buffer_000007,22.856,24.0,True,False,False
A_O50_8,s11,s1104b,s11_s1104b_raw_nemo_buffer_000064,174.648,28.361,True,False,False
A_O50_8,s11,s1104b,s11_s1104b_raw_nemo_buffer_000069,186.984,14.976,False,False,False
A_O50_8,s11,s1104b,s11_s1104b_raw_nemo_buffer_000094,280.416,16.0,False,False,False
D_O0_8,s11,s1104b,s11_s1104b_raw_nemo_buffer_000006,19.264,45.478,True,False,False
D_O0_8,s11,s1104b,s11_s1104b_raw_nemo_buffer_000007,22.84,8.0,False,False,False
D_O0_8,s11,s1104b,s11_s1104b_raw_nemo_buffer_000064,174.648,28.361,True,False,False
D_O0_8,s11,s1104b,s11_s1104b_raw_nemo_buffer_000069,186.984,14.976,False,False,False
D_O0_8,s11,s1104b,s11_s1104b_raw_nemo_buffer_000094,280.408,8.0,False,False,False
O25_4,s11,s1104b,s11_s1104b_raw_nemo_buffer_000006,19.264,45.478,True,False,False
O25_4,s11,s1104b,s11_s1104b_raw_nemo_buffer_000007,22.86,28.0,True,False,False
O25_4,s11,s1104b,s11_s1104b_raw_nemo_buffer_000064,174.648,28.361,True,False,False
O25_4,s11,s1104b,s11_s1104b_raw_nemo_buffer_000069,186.988,18.976,False,False,False
O25_4,s11,s1104b,s11_s1104b_raw_nemo_buffer_000091,269.08,2.057,False,False,False
O25_4,s11,s1104b,s11_s1104b_raw_nemo_buffer_000094,280.412,12.0,False,False,False
O0_4,s11,s1104b,s11_s1104b_raw_nemo_buffer_000006,19.26,41.478,True,False,False
O0_4,s11,s1104b,s11_s1104b_raw_nemo_buffer_000007,22.844,12.0,False,False,False
O0_4,s11,s1104b,s11_s1104b_raw_nemo_buffer_000064,174.648,28.361,True,False,False
O0_4,s11,s1104b,s11_s1104b_raw_nemo_buffer_000069,186.984,14.976,False,False,False
O0_4,s11,s1104b,s11_s1104b_raw_nemo_buffer_000094,280.42,20.0,False,False,False
O12.5_4,s11,s1104b,s11_s1104b_raw_nemo_buffer_000006,19.268,49.478,True,False,False
O12.5_4,s11,s1104b,s11_s1104b_raw_nemo_buffer_000007,22.852,20.0,False,False,False
O12.5_4,s11,s1104b,s11_s1104b_raw_nemo_buffer_000064,174.644,24.361,True,False,False
O12.5_4,s11,s1104b,s11_s1104b_raw_nemo_buffer_000069,186.984,14.976,False,False,False
O12.5_4,s11,s1104b,s11_s1104b_raw_nemo_buffer_000094,280.42,20.0,False,False,False
O0_2,s11,s1104b,s11_s1104b_raw_nemo_buffer_000006,19.26,41.478,True,False,False
O0_2,s11,s1104b,s11_s1104b_raw_nemo_buffer_000007,22.844,12.0,False,False,False
O0_2,s11,s1104b,s11_s1104b_raw_nemo_buffer_000064,174.65,30.361,True,False,False
O0_2,s11,s1104b,s11_s1104b_raw_nemo_buffer_000069,186.982,12.976,False,False,False
O0_2,s11,s1104b,s11_s1104b_raw_nemo_buffer_000094,280.42,20.0,False,False,False
A_O50_8,s12,s1201a,s12_s1201a_raw_nemo_buffer_000012,87.32,26.125,True,False,False
A_O50_8,s12,s1201a,s12_s1201a_raw_nemo_buffer_000015,109.864,38.875,True,False,False
A_O50_8,s12,s1201a,s12_s1201a_raw_nemo_buffer_000026,164.312,32.091,True,False,False
A_O50_8,s12,s1201a,s12_s1201a_raw_nemo_buffer_000029,207.136,24.438,True,False,False
A_O50_8,s12,s1201a,s12_s1201a_raw_nemo_buffer_000045,291.648,48.203,True,False,False
A_O50_8,s12,s1201a,s12_s1201a_raw_nemo_buffer_000056,368.048,44.875,True,False,False
A_O50_8,s12,s1201a,s12_s1201a_raw_nemo_buffer_000080,479.528,17.621,False,False,False
A_O50_8,s12,s1201a,s12_s1201a_raw_nemo_buffer_000081,509.384,49.732,True,False,False
A_O50_8,s12,s1201a,s12_s1201a_raw_nemo_buffer_000090,556.416,35.043,True,False,False
A_O50_8,s12,s1201a,s12_s1201a_raw_nemo_buffer_000091,580.408,5.422,False,False,False
D_O0_8,s12,s1201a,s12_s1201a_raw_nemo_buffer_000012,88.12,26.226,True,False,False
D_O0_8,s12,s1201a,s12_s1201a_raw_nemo_buffer_000056,368.04,37.67,True,False,False
D_O0_8,s12,s1201a,s12_s1201a_raw_nemo_buffer_000091,580.424,21.422,True,False,False
O25_4,s12,s1201a,s12_s1201a_raw_nemo_buffer_000012,88.128,34.226,True,False,False
O25_4,s12,s1201a,s12_s1201a_raw_nemo_buffer_000015,109.864,38.875,True,False,False
O25_4,s12,s1201a,s12_s1201a_raw_nemo_buffer_000029,207.136,24.438,True,False,False
O25_4,s12,s1201a,s12_s1201a_raw_nemo_buffer_000052,339.288,3.891,False,False,False
O25_4,s12,s1201a,s12_s1201a_raw_nemo_buffer_000056,368.04,37.67,True,False,False
O25_4,s12,s1201a,s12_s1201a_raw_nemo_buffer_000081,509.396,37.732,True,False,False
O25_4,s12,s1201a,s12_s1201a_raw_nemo_buffer_000090,556.74,22.66,True,False,False
O25_4,s12,s1201a,s12_s1201a_raw_nemo_buffer_000091,580.404,1.422,False,False,False
O0_4,s12,s1201a,s12_s1201a_raw_nemo_buffer_000012,88.124,30.226,True,False,False
O0_4,s12,s1201a,s12_s1201a_raw_nemo_buffer_000056,368.04,37.67,True,False,False
O0_4,s12,s1201a,s12_s1201a_raw_nemo_buffer_000091,580.404,1.422,False,False,False
O12.5_4,s12,s1201a,s12_s1201a_raw_nemo_buffer_000012,88.124,30.226,True,False,False
O12.5_4,s12,s1201a,s12_s1201a_raw_nemo_buffer_000029,207.144,16.438,False,False,False
O12.5_4,s12,s1201a,s12_s1201a_raw_nemo_buffer_000052,339.304,19.891,False,False,False
O12.5_4,s12,s1201a,s12_s1201a_raw_nemo_buffer_000056,368.052,40.875,True,False,False
O12.5_4,s12,s1201a,s12_s1201a_raw_nemo_buffer_000090,556.744,18.66,False,False,False
O12.5_4,s12,s1201a,s12_s1201a_raw_nemo_buffer_000091,580.404,1.422,False,False,False
O0_2,s12,s1201a,s12_s1201a_raw_nemo_buffer_000012,88.126,32.226,True,False,False
O0_2,s12,s1201a,s12_s1201a_raw_nemo_buffer_000056,368.04,37.67,True,False,False
O0_2,s12,s1201a,s12_s1201a_raw_nemo_buffer_000091,580.404,1.422,False,False,False
A_O50_8,s12,s1202b,s12_s1202b_raw_nemo_buffer_000001,27.872,20.398,True,False,False
A_O50_8,s12,s1202b,s12_s1202b_raw_nemo_buffer_000008,77.608,14.074,False,False,False
A_O50_8,s12,s1202b,s12_s1202b_raw_nemo_buffer_000026,177.016,31.5,True,False,False
A_O50_8,s12,s1202b,s12_s1202b_raw_nemo_buffer_000035,248.552,24.375,True,False,False
A_O50_8,s12,s1202b,s12_s1202b_raw_nemo_buffer_000036,261.424,12.353,False,False,False
A_O50_8,s12,s1202b,s12_s1202b_raw_nemo_buffer_000042,288.016,6.934,False,False,False
A_O50_8,s12,s1202b,s12_s1202b_raw_nemo_buffer_000043,298.008,8.0,False,False,False
A_O50_8,s12,s1202b,s12_s1202b_raw_nemo_buffer_000044,304.048,15.332,False,False,False
A_O50_8,s12,s1202b,s12_s1202b_raw_nemo_buffer_000054,352.216,15.559,False,False,False
A_O50_8,s12,s1202b,s12_s1202b_raw_nemo_buffer_000057,393.504,46.125,True,False,False
D_O0_8,s12,s1202b,s12_s1202b_raw_nemo_buffer_000001,27.864,12.398,False,False,False
D_O0_8,s12,s1202b,s12_s1202b_raw_nemo_buffer_000042,295.496,14.828,False,False,False
D_O0_8,s12,s1202b,s12_s1202b_raw_nemo_buffer_000043,298.008,8.0,False,False,False
D_O0_8,s12,s1202b,s12_s1202b_raw_nemo_buffer_000044,304.056,23.332,True,False,False
D_O0_8,s12,s1202b,s12_s1202b_raw_nemo_buffer_000054,352.232,31.559,True,False,False
O25_4,s12,s1202b,s12_s1202b_raw_nemo_buffer_000006,55.984,2.631,False,False,False
O25_4,s12,s1202b,s12_s1202b_raw_nemo_buffer_000042,288.024,14.934,False,False,False
O25_4,s12,s1202b,s12_s1202b_raw_nemo_buffer_000043,298.004,4.0,False,False,False
O25_4,s12,s1202b,s12_s1202b_raw_nemo_buffer_000044,304.052,19.332,False,False,False
O25_4,s12,s1202b,s12_s1202b_raw_nemo_buffer_000054,352.24,39.559,True,False,False
O25_4,s12,s1202b,s12_s1202b_raw_nemo_buffer_000057,393.504,46.125,True,False,False
O0_4,s12,s1202b,s12_s1202b_raw_nemo_buffer_000001,27.864,12.398,False,False,False
O0_4,s12,s1202b,s12_s1202b_raw_nemo_buffer_000036,261.412,0.353,False,False,False
O0_4,s12,s1202b,s12_s1202b_raw_nemo_buffer_000042,295.496,14.828,False,False,False
O0_4,s12,s1202b,s12_s1202b_raw_nemo_buffer_000043,298.008,8.0,False,False,False
O0_4,s12,s1202b,s12_s1202b_raw_nemo_buffer_000044,304.056,23.332,True,False,False
O0_4,s12,s1202b,s12_s1202b_raw_nemo_buffer_000054,352.204,3.559,False,False,False
O12.5_4,s12,s1202b,s12_s1202b_raw_nemo_buffer_000006,56.004,22.631,True,False,False
O12.5_4,s12,s1202b,s12_s1202b_raw_nemo_buffer_000027,199.052,7.65,False,False,False
O12.5_4,s12,s1202b,s12_s1202b_raw_nemo_buffer_000042,288.024,14.934,False,False,False
O12.5_4,s12,s1202b,s12_s1202b_raw_nemo_buffer_000043,298.008,8.0,False,False,False
O12.5_4,s12,s1202b,s12_s1202b_raw_nemo_buffer_000044,304.056,23.332,True,False,False
O12.5_4,s12,s1202b,s12_s1202b_raw_nemo_buffer_000054,352.22,19.559,False,False,False
O0_2,s12,s1202b,s12_s1202b_raw_nemo_buffer_000001,27.864,12.398,False,False,False
O0_2,s12,s1202b,s12_s1202b_raw_nemo_buffer_000006,55.982,0.631,False,False,False
O0_2,s12,s1202b,s12_s1202b_raw_nemo_buffer_000042,295.496,14.828,False,False,False
O0_2,s12,s1202b,s12_s1202b_raw_nemo_buffer_000043,298.008,8.0,False,False,False
O0_2,s12,s1202b,s12_s1202b_raw_nemo_buffer_000044,304.056,23.332,True,False,False
O0_2,s12,s1202b,s12_s1202b_raw_nemo_buffer_000054,352.234,33.559,True,False,False
A_O50_8,s12,s1203a,s12_s1203a_raw_nemo_buffer_000001,21.2,8.312,False,False,False
A_O50_8,s12,s1203a,s12_s1203a_raw_nemo_buffer_000004,47.936,130.187,True,True,True
A_O50_8,s12,s1203a,s12_s1203a_raw_nemo_buffer_000020,136.576,16.0,False,False,False
A_O50_8,s12,s1203a,s12_s1203a_raw_nemo_buffer_000021,142.328,8.0,False,False,False
A_O50_8,s12,s1203a,s12_s1203a_raw_nemo_buffer_000023,161.64,28.625,True,False,False
A_O50_8,s12,s1203a,s12_s1203a_raw_nemo_buffer_000030,232.272,17.296,False,False,False
A_O50_8,s12,s1203a,s12_s1203a_raw_nemo_buffer_000045,340.68,18.009,False,False,False
A_O50_8,s12,s1203a,s12_s1203a_raw_nemo_buffer_000053,405.544,4.293,False,False,False
A_O50_8,s12,s1203a,s12_s1203a_raw_nemo_buffer_000059,460.352,33.706,True,False,False
A_O50_8,s12,s1203a,s12_s1203a_raw_nemo_buffer_000061,478.552,28.979,True,False,False
A_O50_8,s12,s1203a,s12_s1203a_raw_nemo_buffer_000073,556.72,9.753,False,False,False
A_O50_8,s12,s1203a,s12_s1203a_raw_nemo_buffer_000075,570.232,29.513,True,False,False
D_O0_8,s12,s1203a,s12_s1203a_raw_nemo_buffer_000020,136.576,16.0,False,False,False
D_O0_8,s12,s1203a,s12_s1203a_raw_nemo_buffer_000021,142.352,32.0,True,False,False
D_O0_8,s12,s1203a,s12_s1203a_raw_nemo_buffer_000026,196.92,25.169,True,False,False
D_O0_8,s12,s1203a,s12_s1203a_raw_nemo_buffer_000059,460.32,1.706,False,False,False
D_O0_8,s12,s1203a,s12_s1203a_raw_nemo_buffer_000073,556.72,9.753,False,False,False
D_O0_8,s12,s1203a,s12_s1203a_raw_nemo_buffer_000075,570.24,37.513,True,False,False
O25_4,s12,s1203a,s12_s1203a_raw_nemo_buffer_000001,21.22,11.688,False,False,False
O25_4,s12,s1203a,s12_s1203a_raw_nemo_buffer_000020,136.564,4.0,False,False,False
O25_4,s12,s1203a,s12_s1203a_raw_nemo_buffer_000021,142.328,8.0,False,False,False
O25_4,s12,s1203a,s12_s1203a_raw_nemo_buffer_000023,161.64,28.625,True,False,False
O25_4,s12,s1203a,s12_s1203a_raw_nemo_buffer_000035,272.66,32.851,True,False,False
O25_4,s12,s1203a,s12_s1203a_raw_nemo_buffer_000045,340.668,6.009,False,False,False
O25_4,s12,s1203a,s12_s1203a_raw_nemo_buffer_000056,437.92,27.936,True,False,False
O25_4,s12,s1203a,s12_s1203a_raw_nemo_buffer_000059,460.32,1.706,False,False,False
O25_4,s12,s1203a,s12_s1203a_raw_nemo_buffer_000073,556.736,25.753,True,False,False
O0_4,s12,s1203a,s12_s1203a_raw_nemo_buffer_000018,126.588,8.452,False,False,False
O0_4,s12,s1203a,s12_s1203a_raw_nemo_buffer_000020,136.572,12.0,False,False,False
O0_4,s12,s1203a,s12_s1203a_raw_nemo_buffer_000021,142.352,32.0,True,False,False
O0_4,s12,s1203a,s12_s1203a_raw_nemo_buffer_000026,196.916,21.169,True,False,False
O0_4,s12,s1203a,s12_s1203a_raw_nemo_buffer_000073,556.716,5.753,False,False,False
O0_4,s12,s1203a,s12_s1203a_raw_nemo_buffer_000075,570.244,41.513,True,False,False
O12.5_4,s12,s1203a,s12_s1203a_raw_nemo_buffer_000020,136.568,8.0,False,False,False
O12.5_4,s12,s1203a,s12_s1203a_raw_nemo_buffer_000021,142.332,12.0,False,False,False
O12.5_4,s12,s1203a,s12_s1203a_raw_nemo_buffer_000035,272.66,32.851,True,False,False
O12.5_4,s12,s1203a,s12_s1203a_raw_nemo_buffer_000045,340.68,18.009,False,False,False
O12.5_4,s12,s1203a,s12_s1203a_raw_nemo_buffer_000048,365.812,143.526,True,True,True
O12.5_4,s12,s1203a,s12_s1203a_raw_nemo_buffer_000056,437.916,29.653,True,False,False
O12.5_4,s12,s1203a,s12_s1203a_raw_nemo_buffer_000075,570.26,57.513,True,True,False
O0_2,s12,s1203a,s12_s1203a_raw_nemo_buffer_000018,126.588,8.452,False,False,False
O0_2,s12,s1203a,s12_s1203a_raw_nemo_buffer_000020,136.574,14.0,False,False,False
O0_2,s12,s1203a,s12_s1203a_raw_nemo_buffer_000021,142.352,32.0,True,False,False
O0_2,s12,s1203a,s12_s1203a_raw_nemo_buffer_000026,196.916,21.169,True,False,False
O0_2,s12,s1203a,s12_s1203a_raw_nemo_buffer_000048,365.83,125.526,True,True,True
O0_2,s12,s1203a,s12_s1203a_raw_nemo_buffer_000073,556.718,7.753,False,False,False
O0_2,s12,s1203a,s12_s1203a_raw_nemo_buffer_000075,570.246,43.513,True,False,False
A_O50_8,s13,s1301a,s13_s1301a_raw_nemo_buffer_000011,91.344,20.773,True,False,False
A_O50_8,s13,s1301a,s13_s1301a_raw_nemo_buffer_000030,192.312,12.415,False,False,False
A_O50_8,s13,s1301a,s13_s1301a_raw_nemo_buffer_000041,230.28,24.927,True,False,False
A_O50_8,s13,s1301a,s13_s1301a_raw_nemo_buffer_000044,249.592,8.0,False,False,False
A_O50_8,s13,s1301a,s13_s1301a_raw_nemo_buffer_000050,268.68,24.0,True,False,False
A_O50_8,s13,s1301a,s13_s1301a_raw_nemo_buffer_000073,349.0,16.903,False,False,False
A_O50_8,s13,s1301a,s13_s1301a_raw_nemo_buffer_000079,383.392,16.0,False,False,False
A_O50_8,s13,s1301a,s13_s1301a_raw_nemo_buffer_000085,409.592,8.0,False,False,False
A_O50_8,s13,s1301a,s13_s1301a_raw_nemo_buffer_000095,437.832,29.453,True,False,False
A_O50_8,s13,s1301a,s13_s1301a_raw_nemo_buffer_000113,513.96,8.0,False,False,False
D_O0_8,s13,s1301a,s13_s1301a_raw_nemo_buffer_000044,249.592,8.0,False,False,False
D_O0_8,s13,s1301a,s13_s1301a_raw_nemo_buffer_000050,268.68,24.0,True,False,False
D_O0_8,s13,s1301a,s13_s1301a_raw_nemo_buffer_000073,349.0,16.903,False,False,False
D_O0_8,s13,s1301a,s13_s1301a_raw_nemo_buffer_000079,383.408,32.0,True,False,False
D_O0_8,s13,s1301a,s13_s1301a_raw_nemo_buffer_000085,409.592,8.0,False,False,False
O25_4,s13,s1301a,s13_s1301a_raw_nemo_buffer_000011,91.324,0.773,False,False,False
O25_4,s13,s1301a,s13_s1301a_raw_nemo_buffer_000030,192.316,16.415,False,False,False
O25_4,s13,s1301a,s13_s1301a_raw_nemo_buffer_000044,249.588,4.0,False,False,False
O25_4,s13,s1301a,s13_s1301a_raw_nemo_buffer_000050,268.668,12.0,False,False,False
O25_4,s13,s1301a,s13_s1301a_raw_nemo_buffer_000073,348.996,12.903,False,False,False
O25_4,s13,s1301a,s13_s1301a_raw_nemo_buffer_000079,383.408,32.0,True,False,False
O25_4,s13,s1301a,s13_s1301a_raw_nemo_buffer_000085,409.588,4.0,False,False,False
O25_4,s13,s1301a,s13_s1301a_raw_nemo_buffer_000113,513.964,4.0,False,False,False
O0_4,s13,s1301a,s13_s1301a_raw_nemo_buffer_000044,249.592,8.0,False,False,False
O0_4,s13,s1301a,s13_s1301a_raw_nemo_buffer_000050,268.66,4.0,False,False,False
O0_4,s13,s1301a,s13_s1301a_raw_nemo_buffer_000073,349.004,20.903,True,False,False
O0_4,s13,s1301a,s13_s1301a_raw_nemo_buffer_000079,383.38,4.0,False,False,False
O0_4,s13,s1301a,s13_s1301a_raw_nemo_buffer_000085,409.596,12.0,False,False,False
O12.5_4,s13,s1301a,s13_s1301a_raw_nemo_buffer_000030,192.308,8.415,False,False,False
O12.5_4,s13,s1301a,s13_s1301a_raw_nemo_buffer_000044,249.6,16.0,False,False,False
O12.5_4,s13,s1301a,s13_s1301a_raw_nemo_buffer_000050,268.672,16.0,False,False,False
O12.5_4,s13,s1301a,s13_s1301a_raw_nemo_buffer_000073,348.996,12.903,False,False,False
O12.5_4,s13,s1301a,s13_s1301a_raw_nemo_buffer_000079,383.4,24.0,True,False,False
O12.5_4,s13,s1301a,s13_s1301a_raw_nemo_buffer_000085,409.592,8.0,False,False,False
O12.5_4,s13,s1301a,s13_s1301a_raw_nemo_buffer_000113,513.96,8.0,False,False,False
O0_2,s13,s1301a,s13_s1301a_raw_nemo_buffer_000044,249.592,8.0,False,False,False
O0_2,s13,s1301a,s13_s1301a_raw_nemo_buffer_000050,268.66,4.0,False,False,False
O0_2,s13,s1301a,s13_s1301a_raw_nemo_buffer_000073,349.002,18.903,False,False,False
O0_2,s13,s1301a,s13_s1301a_raw_nemo_buffer_000079,383.39,14.0,False,False,False
O0_2,s13,s1301a,s13_s1301a_raw_nemo_buffer_000085,409.598,14.0,False,False,False
O0_2,s13,s1301a,s13_s1301a_raw_nemo_buffer_000109,491.426,0.063,False,False,False
A_O50_8,s13,s1301b,s13_s1301b_raw_nemo_buffer_000012,53.016,4.012,False,False,False
A_O50_8,s13,s1301b,s13_s1301b_raw_nemo_buffer_000054,217.656,56.0,True,True,False
A_O50_8,s13,s1301b,s13_s1301b_raw_nemo_buffer_000069,259.896,33.813,True,False,False
A_O50_8,s13,s1301b,s13_s1301b_raw_nemo_buffer_000087,339.312,50.919,True,True,False
A_O50_8,s13,s1301b,s13_s1301b_raw_nemo_buffer_000101,383.344,32.0,True,False,False
A_O50_8,s13,s1301b,s13_s1301b_raw_nemo_buffer_000117,457.64,72.0,True,True,False
D_O0_8,s13,s1301b,s13_s1301b_raw_nemo_buffer_000012,53.032,20.012,True,False,False
D_O0_8,s13,s1301b,s13_s1301b_raw_nemo_buffer_000069,259.896,33.813,True,False,False
D_O0_8,s13,s1301b,s13_s1301b_raw_nemo_buffer_000087,339.32,58.919,True,True,False
D_O0_8,s13,s1301b,s13_s1301b_raw_nemo_buffer_000101,383.352,40.0,True,False,False
D_O0_8,s13,s1301b,s13_s1301b_raw_nemo_buffer_000117,457.688,24.0,True,False,False
O25_4,s13,s1301b,s13_s1301b_raw_nemo_buffer_000012,53.012,0.012,False,False,False
O25_4,s13,s1301b,s13_s1301b_raw_nemo_buffer_000054,217.66,52.0,True,True,False
O25_4,s13,s1301b,s13_s1301b_raw_nemo_buffer_000069,259.9,37.813,True,False,False
O25_4,s13,s1301b,s13_s1301b_raw_nemo_buffer_000087,339.324,62.919,True,True,False
O25_4,s13,s1301b,s13_s1301b_raw_nemo_buffer_000101,383.352,40.0,True,False,False
O25_4,s13,s1301b,s13_s1301b_raw_nemo_buffer_000117,457.708,4.0,False,False,False
O0_4,s13,s1301b,s13_s1301b_raw_nemo_buffer_000012,53.032,20.012,True,False,False
O0_4,s13,s1301b,s13_s1301b_raw_nemo_buffer_000069,259.9,37.813,True,False,False
O0_4,s13,s1301b,s13_s1301b_raw_nemo_buffer_000087,339.324,62.919,True,True,False
O0_4,s13,s1301b,s13_s1301b_raw_nemo_buffer_000101,383.352,40.0,True,False,False
O0_4,s13,s1301b,s13_s1301b_raw_nemo_buffer_000117,457.688,24.0,True,False,False
O12.5_4,s13,s1301b,s13_s1301b_raw_nemo_buffer_000012,53.012,0.012,False,False,False
O12.5_4,s13,s1301b,s13_s1301b_raw_nemo_buffer_000069,259.9,37.813,True,False,False
O12.5_4,s13,s1301b,s13_s1301b_raw_nemo_buffer_000087,339.324,62.919,True,True,False
O12.5_4,s13,s1301b,s13_s1301b_raw_nemo_buffer_000101,383.328,16.0,False,False,False
O12.5_4,s13,s1301b,s13_s1301b_raw_nemo_buffer_000117,457.708,4.0,False,False,False
O0_2,s13,s1301b,s13_s1301b_raw_nemo_buffer_000000,2.742,6.0,False,False,False
O0_2,s13,s1301b,s13_s1301b_raw_nemo_buffer_000012,53.014,2.012,False,False,False
O0_2,s13,s1301b,s13_s1301b_raw_nemo_buffer_000069,259.902,39.813,True,False,False
O0_2,s13,s1301b,s13_s1301b_raw_nemo_buffer_000087,339.324,62.919,True,True,False
O0_2,s13,s1301b,s13_s1301b_raw_nemo_buffer_000101,383.352,40.0,True,False,False
O0_2,s13,s1301b,s13_s1301b_raw_nemo_buffer_000117,457.688,24.0,True,False,False
A_O50_8,s13,s1302a,s13_s1302a_raw_nemo_buffer_000002,17.304,13.375,False,False,False
A_O50_8,s13,s1302a,s13_s1302a_raw_nemo_buffer_000044,157.848,11.016,False,False,False
A_O50_8,s13,s1302a,s13_s1302a_raw_nemo_buffer_000064,249.784,45.173,True,False,False
A_O50_8,s13,s1302a,s13_s1302a_raw_nemo_buffer_000075,289.792,2.785,False,False,False
A_O50_8,s13,s1302a,s13_s1302a_raw_nemo_buffer_000128,487.824,12.619,False,False,False
A_O50_8,s13,s1302a,s13_s1302a_raw_nemo_buffer_000135,524.688,32.0,True,False,False
A_O50_8,s13,s1302a,s13_s1302a_raw_nemo_buffer_000150,592.888,56.984,True,True,False
D_O0_8,s13,s1302a,s13_s1302a_raw_nemo_buffer_000001,4.632,186.437,True,True,True
D_O0_8,s13,s1302a,s13_s1302a_raw_nemo_buffer_000003,22.984,2.813,False,False,False
D_O0_8,s13,s1302a,s13_s1302a_raw_nemo_buffer_000075,289.792,2.785,False,False,False
D_O0_8,s13,s1302a,s13_s1302a_raw_nemo_buffer_000080,307.144,3.938,False,False,False
D_O0_8,s13,s1302a,s13_s1302a_raw_nemo_buffer_000099,376.36,0.476,False,False,False
D_O0_8,s13,s1302a,s13_s1302a_raw_nemo_buffer_000128,487.848,36.619,True,False,False
D_O0_8,s13,s1302a,s13_s1302a_raw_nemo_buffer_000135,524.664,8.0,False,False,False
O25_4,s13,s1302a,s13_s1302a_raw_nemo_buffer_000003,22.988,4.0,False,False,False
O25_4,s13,s1302a,s13_s1302a_raw_nemo_buffer_000099,376.356,4.476,False,False,False
O25_4,s13,s1302a,s13_s1302a_raw_nemo_buffer_000135,524.668,12.0,False,False,False
O0_4,s13,s1302a,s13_s1302a_raw_nemo_buffer_000001,4.632,186.437,True,True,True
O0_4,s13,s1302a,s13_s1302a_raw_nemo_buffer_000003,22.988,4.0,False,False,False
O0_4,s13,s1302a,s13_s1302a_raw_nemo_buffer_000080,307.144,3.938,False,False,False
O0_4,s13,s1302a,s13_s1302a_raw_nemo_buffer_000099,376.36,0.476,False,False,False
O0_4,s13,s1302a,s13_s1302a_raw_nemo_buffer_000135,524.664,8.0,False,False,False
O12.5_4,s13,s1302a,s13_s1302a_raw_nemo_buffer_000003,22.988,4.0,False,False,False
O12.5_4,s13,s1302a,s13_s1302a_raw_nemo_buffer_000099,376.36,0.476,False,False,False
O12.5_4,s13,s1302a,s13_s1302a_raw_nemo_buffer_000135,524.66,4.0,False,False,False
O0_2,s13,s1302a,s13_s1302a_raw_nemo_buffer_000001,4.69,128.437,True,True,True
O0_2,s13,s1302a,s13_s1302a_raw_nemo_buffer_000003,22.99,2.0,False,False,False
O0_2,s13,s1302a,s13_s1302a_raw_nemo_buffer_000044,157.858,1.016,False,False,False
O0_2,s13,s1302a,s13_s1302a_raw_nemo_buffer_000099,376.35,10.476,False,False,False
O0_2,s13,s1302a,s13_s1302a_raw_nemo_buffer_000135,524.664,8.0,False,False,False
A_O50_8,s13,s1302b,s13_s1302b_raw_nemo_buffer_000063,219.272,6.956,False,False,False
A_O50_8,s13,s1302b,s13_s1302b_raw_nemo_buffer_000153,495.32,3.459,False,False,False
A_O50_8,s13,s1302b,s13_s1302b_raw_nemo_buffer_000156,504.832,9.83,False,False,False
D_O0_8,s13,s1302b,s13_s1302b_raw_nemo_buffer_000054,191.712,6.369,False,False,False
D_O0_8,s13,s1302b,s13_s1302b_raw_nemo_buffer_000063,219.272,6.956,False,False,False
D_O0_8,s13,s1302b,s13_s1302b_raw_nemo_buffer_000156,504.824,1.83,False,False,False
O25_4,s13,s1302b,s13_s1302b_raw_nemo_buffer_000054,191.716,10.369,False,False,False
O25_4,s13,s1302b,s13_s1302b_raw_nemo_buffer_000156,504.824,1.83,False,False,False
O25_4,s13,s1302b,s13_s1302b_raw_nemo_buffer_000158,519.804,12.0,False,False,False
O0_4,s13,s1302b,s13_s1302b_raw_nemo_buffer_000054,191.716,10.369,False,False,False
O0_4,s13,s1302b,s13_s1302b_raw_nemo_buffer_000063,219.268,2.956,False,False,False
O0_4,s13,s1302b,s13_s1302b_raw_nemo_buffer_000156,504.824,1.83,False,False,False
O0_4,s13,s1302b,s13_s1302b_raw_nemo_buffer_000158,519.8,8.0,False,False,False
O12.5_4,s13,s1302b,s13_s1302b_raw_nemo_buffer_000054,191.716,10.369,False,False,False
O12.5_4,s13,s1302b,s13_s1302b_raw_nemo_buffer_000063,219.268,2.956,False,False,False
O12.5_4,s13,s1302b,s13_s1302b_raw_nemo_buffer_000158,519.8,8.0,False,False,False
O0_2,s13,s1302b,s13_s1302b_raw_nemo_buffer_000054,191.716,10.369,False,False,False
O0_2,s13,s1302b,s13_s1302b_raw_nemo_buffer_000063,219.268,2.956,False,False,False
O0_2,s13,s1302b,s13_s1302b_raw_nemo_buffer_000158,519.8,8.0,False,False,False
A_O50_8,s13,s1303a,s13_s1303a_raw_nemo_buffer_000009,20.664,8.0,False,False,False
A_O50_8,s13,s1303a,s13_s1303a_raw_nemo_buffer_000009,28.032,13.312,False,False,False
A_O50_8,s13,s1303a,s13_s1303a_raw_nemo_buffer_000136,457.896,24.0,True,False,False
D_O0_8,s13,s1303a,s13_s1303a_raw_nemo_buffer_000009,20.664,8.0,False,False,False
D_O0_8,s13,s1303a,s13_s1303a_raw_nemo_buffer_000049,187.736,5.8,False,False,False
D_O0_8,s13,s1303a,s13_s1303a_raw_nemo_buffer_000136,457.912,40.0,True,False,False
O25_4,s13,s1303a,s13_s1303a_raw_nemo_buffer_000009,20.664,8.0,False,False,False
O25_4,s13,s1303a,s13_s1303a_raw_nemo_buffer_000009,28.036,17.312,False,False,False
O25_4,s13,s1303a,s13_s1303a_raw_nemo_buffer_000015,63.172,1.947,False,False,False
O25_4,s13,s1303a,s13_s1303a_raw_nemo_buffer_000136,457.916,44.0,True,False,False
O0_4,s13,s1303a,s13_s1303a_raw_nemo_buffer_000009,20.668,12.0,False,False,False
O0_4,s13,s1303a,s13_s1303a_raw_nemo_buffer_000049,187.736,5.8,False,False,False
O0_4,s13,s1303a,s13_s1303a_raw_nemo_buffer_000136,457.916,44.0,True,False,False
O12.5_4,s13,s1303a,s13_s1303a_raw_nemo_buffer_000009,20.668,12.0,False,False,False
O12.5_4,s13,s1303a,s13_s1303a_raw_nemo_buffer_000049,187.736,5.8,False,False,False
O12.5_4,s13,s1303a,s13_s1303a_raw_nemo_buffer_000136,457.916,44.0,True,False,False
O0_2,s13,s1303a,s13_s1303a_raw_nemo_buffer_000009,20.67,14.0,False,False,False
O0_2,s13,s1303a,s13_s1303a_raw_nemo_buffer_000048,184.498,2.0,False,False,False
O0_2,s13,s1303a,s13_s1303a_raw_nemo_buffer_000049,187.736,5.8,False,False,False
O0_2,s13,s1303a,s13_s1303a_raw_nemo_buffer_000136,457.916,44.0,True,False,False
A_O50_8,s13,s1303b,s13_s1303b_raw_nemo_buffer_000023,83.632,11.126,False,False,False
A_O50_8,s13,s1303b,s13_s1303b_raw_nemo_buffer_000026,97.368,2.297,False,False,False
A_O50_8,s13,s1303b,s13_s1303b_raw_nemo_buffer_000043,157.512,20.614,True,False,False
A_O50_8,s13,s1303b,s13_s1303b_raw_nemo_buffer_000044,164.92,8.0,False,False,False
A_O50_8,s13,s1303b,s13_s1303b_raw_nemo_buffer_000046,190.192,30.28,True,False,False
A_O50_8,s13,s1303b,s13_s1303b_raw_nemo_buffer_000071,293.008,49.401,True,False,False
A_O50_8,s13,s1303b,s13_s1303b_raw_nemo_buffer_000115,490.976,13.386,False,False,False
A_O50_8,s13,s1303b,s13_s1303b_raw_nemo_buffer_000125,542.976,52.721,True,True,False
D_O0_8,s13,s1303b,s13_s1303b_raw_nemo_buffer_000004,13.248,5.446,False,False,False
D_O0_8,s13,s1303b,s13_s1303b_raw_nemo_buffer_000026,97.368,2.297,False,False,False
D_O0_8,s13,s1303b,s13_s1303b_raw_nemo_buffer_000044,164.92,8.0,False,False,False
D_O0_8,s13,s1303b,s13_s1303b_raw_nemo_buffer_000071,292.976,17.401,False,False,False
D_O0_8,s13,s1303b,s13_s1303b_raw_nemo_buffer_000125,543.712,72.563,True,True,False
O25_4,s13,s1303b,s13_s1303b_raw_nemo_buffer_000010,34.404,1.646,False,False,False
O25_4,s13,s1303b,s13_s1303b_raw_nemo_buffer_000023,83.66,31.247,True,False,False
O25_4,s13,s1303b,s13_s1303b_raw_nemo_buffer_000026,97.368,2.297,False,False,False
O25_4,s13,s1303b,s13_s1303b_raw_nemo_buffer_000043,157.516,24.614,True,False,False
O25_4,s13,s1303b,s13_s1303b_raw_nemo_buffer_000044,164.916,4.0,False,False,False
O25_4,s13,s1303b,s13_s1303b_raw_nemo_buffer_000071,292.984,25.401,True,False,False
O25_4,s13,s1303b,s13_s1303b_raw_nemo_buffer_000125,543.712,72.563,True,True,False
O0_4,s13,s1303b,s13_s1303b_raw_nemo_buffer_000026,97.368,2.297,False,False,False
O0_4,s13,s1303b,s13_s1303b_raw_nemo_buffer_000044,164.92,8.0,False,False,False
O0_4,s13,s1303b,s13_s1303b_raw_nemo_buffer_000046,179.632,33.681,True,False,False
O0_4,s13,s1303b,s13_s1303b_raw_nemo_buffer_000071,292.976,17.401,False,False,False
O0_4,s13,s1303b,s13_s1303b_raw_nemo_buffer_000125,543.712,72.563,True,True,False
O12.5_4,s13,s1303b,s13_s1303b_raw_nemo_buffer_000010,34.404,1.646,False,False,False
O12.5_4,s13,s1303b,s13_s1303b_raw_nemo_buffer_000023,83.628,7.126,False,False,False
O12.5_4,s13,s1303b,s13_s1303b_raw_nemo_buffer_000026,97.368,2.297,False,False,False
O12.5_4,s13,s1303b,s13_s1303b_raw_nemo_buffer_000043,157.516,24.614,True,False,False
O12.5_4,s13,s1303b,s13_s1303b_raw_nemo_buffer_000044,164.952,40.0,True,False,False
O12.5_4,s13,s1303b,s13_s1303b_raw_nemo_buffer_000046,179.628,29.681,True,False,False
O12.5_4,s13,s1303b,s13_s1303b_raw_nemo_buffer_000125,543.712,72.563,True,True,False
O0_2,s13,s1303b,s13_s1303b_raw_nemo_buffer_000044,164.914,2.0,False,False,False
O0_2,s13,s1303b,s13_s1303b_raw_nemo_buffer_000046,179.632,33.681,True,False,False
O0_2,s13,s1303b,s13_s1303b_raw_nemo_buffer_000071,292.974,15.401,False,False,False
O0_2,s13,s1303b,s13_s1303b_raw_nemo_buffer_000125,543.712,72.563,True,True,False
A_O50_8,s13,s1304a,s13_s1304a_raw_nemo_buffer_000003,15.848,2.272,False,False,False
A_O50_8,s13,s1304a,s13_s1304a_raw_nemo_buffer_000007,29.592,8.0,False,False,False
A_O50_8,s13,s1304a,s13_s1304a_raw_nemo_buffer_000036,130.032,50.497,True,True,False
A_O50_8,s13,s1304a,s13_s1304a_raw_nemo_buffer_000044,161.024,38.635,True,False,False
A_O50_8,s13,s1304a,s13_s1304a_raw_nemo_buffer_000047,182.168,8.0,False,False,False
D_O0_8,s13,s1304a,s13_s1304a_raw_nemo_buffer_000007,29.592,8.0,False,False,False
D_O0_8,s13,s1304a,s13_s1304a_raw_nemo_buffer_000036,130.016,42.296,True,False,False
D_O0_8,s13,s1304a,s13_s1304a_raw_nemo_buffer_000044,161.0,14.635,False,False,False
D_O0_8,s13,s1304a,s13_s1304a_raw_nemo_buffer_000047,182.184,24.0,True,False,False
O25_4,s13,s1304a,s13_s1304a_raw_nemo_buffer_000007,29.592,8.0,False,False,False
O25_4,s13,s1304a,s13_s1304a_raw_nemo_buffer_000036,130.032,50.497,True,True,False
O25_4,s13,s1304a,s13_s1304a_raw_nemo_buffer_000044,161.02,34.635,True,False,False
O25_4,s13,s1304a,s13_s1304a_raw_nemo_buffer_000047,182.184,24.0,True,False,False
O0_4,s13,s1304a,s13_s1304a_raw_nemo_buffer_000007,29.592,8.0,False,False,False
O0_4,s13,s1304a,s13_s1304a_raw_nemo_buffer_000036,130.016,42.296,True,False,False
O0_4,s13,s1304a,s13_s1304a_raw_nemo_buffer_000044,161.0,14.635,False,False,False
O0_4,s13,s1304a,s13_s1304a_raw_nemo_buffer_000047,182.164,4.0,False,False,False
O12.5_4,s13,s1304a,s13_s1304a_raw_nemo_buffer_000007,29.592,8.0,False,False,False
O12.5_4,s13,s1304a,s13_s1304a_raw_nemo_buffer_000036,130.032,50.497,True,True,False
O12.5_4,s13,s1304a,s13_s1304a_raw_nemo_buffer_000044,161.02,34.635,True,False,False
O12.5_4,s13,s1304a,s13_s1304a_raw_nemo_buffer_000047,182.176,16.0,False,False,False
O0_2,s13,s1304a,s13_s1304a_raw_nemo_buffer_000007,29.592,8.0,False,False,False
O0_2,s13,s1304a,s13_s1304a_raw_nemo_buffer_000036,130.016,42.296,True,False,False
O0_2,s13,s1304a,s13_s1304a_raw_nemo_buffer_000044,161.002,16.635,False,False,False
O0_2,s13,s1304a,s13_s1304a_raw_nemo_buffer_000047,182.162,2.0,False,False,False
A_O50_8,s14,s1401a,s14_s1401a_raw_nemo_buffer_000011,105.032,40.398,True,False,False
A_O50_8,s14,s1401a,s14_s1401a_raw_nemo_buffer_000011,111.648,62.87,True,True,False
A_O50_8,s14,s1401a,s14_s1401a_raw_nemo_buffer_000013,140.416,132.922,True,True,True
A_O50_8,s14,s1401a,s14_s1401a_raw_nemo_buffer_000013,146.56,24.0,True,False,False
A_O50_8,s14,s1401a,s14_s1401a_raw_nemo_buffer_000013,154.12,23.5,True,False,False
A_O50_8,s14,s1401a,s14_s1401a_raw_nemo_buffer_000020,207.528,30.48,True,False,False
A_O50_8,s14,s1401a,s14_s1401a_raw_nemo_buffer_000023,219.04,16.0,False,False,False
A_O50_8,s14,s1401a,s14_s1401a_raw_nemo_buffer_000029,261.328,21.909,True,False,False
A_O50_8,s14,s1401a,s14_s1401a_raw_nemo_buffer_000044,316.312,31.106,True,False,False
A_O50_8,s14,s1401a,s14_s1401a_raw_nemo_buffer_000052,359.928,40.0,True,False,False
A_O50_8,s14,s1401a,s14_s1401a_raw_nemo_buffer_000064,412.624,32.0,True,False,False
A_O50_8,s14,s1401a,s14_s1401a_raw_nemo_buffer_000068,435.736,30.188,True,False,False
A_O50_8,s14,s1401a,s14_s1401a_raw_nemo_buffer_000072,467.424,95.937,True,True,False
A_O50_8,s14,s1401a,s14_s1401a_raw_nemo_buffer_000078,508.784,20.105,True,False,False
A_O50_8,s14,s1401a,s14_s1401a_raw_nemo_buffer_000079,525.216,23.045,True,False,False
A_O50_8,s14,s1401a,s14_s1401a_raw_nemo_buffer_000084,553.208,21.381,True,False,False
D_O0_8,s14,s1401a,s14_s1401a_raw_nemo_buffer_000020,207.512,14.48,False,False,False
D_O0_8,s14,s1401a,s14_s1401a_raw_nemo_buffer_000023,219.048,24.0,True,False,False
D_O0_8,s14,s1401a,s14_s1401a_raw_nemo_buffer_000052,359.928,40.0,True,False,False
D_O0_8,s14,s1401a,s14_s1401a_raw_nemo_buffer_000079,517.336,3.812,False,False,False
O25_4,s14,s1401a,s14_s1401a_raw_nemo_buffer_000011,105.032,40.398,True,False,False
O25_4,s14,s1401a,s14_s1401a_raw_nemo_buffer_000013,150.392,4.48,False,False,False
O25_4,s14,s1401a,s14_s1401a_raw_nemo_buffer_000013,154.132,11.5,False,False,False
O25_4,s14,s1401a,s14_s1401a_raw_nemo_buffer_000020,207.528,30.48,True,False,False
O25_4,s14,s1401a,s14_s1401a_raw_nemo_buffer_000023,219.048,24.0,True,False,False
O25_4,s14,s1401a,s14_s1401a_raw_nemo_buffer_000044,316.308,27.106,True,False,False
O25_4,s14,s1401a,s14_s1401a_raw_nemo_buffer_000052,359.908,20.0,False,False,False
O25_4,s14,s1401a,s14_s1401a_raw_nemo_buffer_000064,412.596,4.0,False,False,False
O25_4,s14,s1401a,s14_s1401a_raw_nemo_buffer_000066,423.596,1.369,False,False,False
O25_4,s14,s1401a,s14_s1401a_raw_nemo_buffer_000072,467.428,91.937,True,True,False
O0_4,s14,s1401a,s14_s1401a_raw_nemo_buffer_000020,207.512,14.48,False,False,False
O0_4,s14,s1401a,s14_s1401a_raw_nemo_buffer_000023,219.048,24.0,True,False,False
O0_4,s14,s1401a,s14_s1401a_raw_nemo_buffer_000052,359.928,40.0,True,False,False
O0_4,s14,s1401a,s14_s1401a_raw_nemo_buffer_000079,517.34,7.812,False,False,False
O12.5_4,s14,s1401a,s14_s1401a_raw_nemo_buffer_000013,154.132,11.5,False,False,False
O12.5_4,s14,s1401a,s14_s1401a_raw_nemo_buffer_000020,207.528,30.48,True,False,False
O12.5_4,s14,s1401a,s14_s1401a_raw_nemo_buffer_000023,219.032,8.0,False,False,False
O12.5_4,s14,s1401a,s14_s1401a_raw_nemo_buffer_000044,316.308,27.106,True,False,False
O12.5_4,s14,s1401a,s14_s1401a_raw_nemo_buffer_000052,359.92,32.0,True,False,False
O12.5_4,s14,s1401a,s14_s1401a_raw_nemo_buffer_000064,412.6,8.0,False,False,False
O12.5_4,s14,s1401a,s14_s1401a_raw_nemo_buffer_000072,467.428,91.937,True,True,False
O12.5_4,s14,s1401a,s14_s1401a_raw_nemo_buffer_000079,517.336,3.812,False,False,False
O12.5_4,s14,s1401a,s14_s1401a_raw_nemo_buffer_000084,553.188,1.381,False,False,False
O0_2,s14,s1401a,s14_s1401a_raw_nemo_buffer_000020,207.514,16.48,False,False,False
O0_2,s14,s1401a,s14_s1401a_raw_nemo_buffer_000023,219.05,26.0,True,False,False
O0_2,s14,s1401a,s14_s1401a_raw_nemo_buffer_000052,359.922,34.0,True,False,False
O0_2,s14,s1401a,s14_s1401a_raw_nemo_buffer_000064,412.594,2.0,False,False,False
O0_2,s14,s1401a,s14_s1401a_raw_nemo_buffer_000079,517.34,7.812,False,False,False
A_O50_8,s14,s1401b,s14_s1401b_raw_nemo_buffer_000004,100.08,25.75,True,False,False
A_O50_8,s14,s1401b,s14_s1401b_raw_nemo_buffer_000011,124.08,17.0,False,False,False
A_O50_8,s14,s1401b,s14_s1401b_raw_nemo_buffer_000011,138.928,24.894,True,False,False
A_O50_8,s14,s1401b,s14_s1401b_raw_nemo_buffer_000021,241.256,56.668,True,True,False
A_O50_8,s14,s1401b,s14_s1401b_raw_nemo_buffer_000021,249.248,54.983,True,True,False
A_O50_8,s14,s1401b,s14_s1401b_raw_nemo_buffer_000028,342.032,15.958,False,False,False
A_O50_8,s14,s1401b,s14_s1401b_raw_nemo_buffer_000032,410.264,40.875,True,False,False
A_O50_8,s14,s1401b,s14_s1401b_raw_nemo_buffer_000032,417.248,85.777,True,True,False
A_O50_8,s14,s1401b,s14_s1401b_raw_nemo_buffer_000053,544.92,40.762,True,False,False
A_O50_8,s14,s1401b,s14_s1401b_raw_nemo_buffer_000055,585.656,30.123,True,False,False
A_O50_8,s14,s1401b,s14_s1401b_raw_nemo_buffer_000056,597.656,20.994,True,False,False
A_O50_8,s14,s1401b,s14_s1401b_raw_nemo_buffer_000067,696.616,69.874,True,True,False
D_O0_8,s14,s1401b,s14_s1401b_raw_nemo_buffer_000001,17.336,24.768,True,False,False
D_O0_8,s14,s1401b,s14_s1401b_raw_nemo_buffer_000021,240.68,54.584,True,True,False
D_O0_8,s14,s1401b,s14_s1401b_raw_nemo_buffer_000028,338.92,57.298,True,True,False
D_O0_8,s14,s1401b,s14_s1401b_raw_nemo_buffer_000043,476.408,56.541,True,True,False
D_O0_8,s14,s1401b,s14_s1401b_raw_nemo_buffer_000055,568.728,31.062,True,False,False
D_O0_8,s14,s1401b,s14_s1401b_raw_nemo_buffer_000055,574.856,81.98,True,True,False
D_O0_8,s14,s1401b,s14_s1401b_raw_nemo_buffer_000062,634.816,48.0,True,False,False
O25_4,s14,s1401b,s14_s1401b_raw_nemo_buffer_000021,241.26,60.668,True,True,False
O25_4,s14,s1401b,s14_s1401b_raw_nemo_buffer_000021,249.276,26.983,True,False,False
O25_4,s14,s1401b,s14_s1401b_raw_nemo_buffer_000024,272.1,91.926,True,True,False
O25_4,s14,s1401b,s14_s1401b_raw_nemo_buffer_000025,298.852,81.102,True,True,False
O25_4,s14,s1401b,s14_s1401b_raw_nemo_buffer_000028,342.044,27.958,True,False,False
O25_4,s14,s1401b,s14_s1401b_raw_nemo_buffer_000053,541.96,30.245,True,False,False
O25_4,s14,s1401b,s14_s1401b_raw_nemo_buffer_000055,568.728,31.062,True,False,False
O25_4,s14,s1401b,s14_s1401b_raw_nemo_buffer_000055,574.876,61.98,True,True,False
O25_4,s14,s1401b,s14_s1401b_raw_nemo_buffer_000062,634.82,52.0,True,True,False
O25_4,s14,s1401b,s14_s1401b_raw_nemo_buffer_000067,699.792,37.718,True,False,False
O0_4,s14,s1401b,s14_s1401b_raw_nemo_buffer_000001,17.316,4.768,False,False,False
O0_4,s14,s1401b,s14_s1401b_raw_nemo_buffer_000021,240.684,58.584,True,True,False
O0_4,s14,s1401b,s14_s1401b_raw_nemo_buffer_000028,338.924,61.298,True,True,False
O0_4,s14,s1401b,s14_s1401b_raw_nemo_buffer_000055,568.724,35.062,True,False,False
O0_4,s14,s1401b,s14_s1401b_raw_nemo_buffer_000055,574.868,69.98,True,True,False
O0_4,s14,s1401b,s14_s1401b_raw_nemo_buffer_000062,634.816,48.0,True,False,False
O12.5_4,s14,s1401b,s14_s1401b_raw_nemo_buffer_000001,17.336,24.768,True,False,False
O12.5_4,s14,s1401b,s14_s1401b_raw_nemo_buffer_000021,240.684,58.584,True,True,False
O12.5_4,s14,s1401b,s14_s1401b_raw_nemo_buffer_000021,249.276,26.983,True,False,False
O12.5_4,s14,s1401b,s14_s1401b_raw_nemo_buffer_000024,272.1,91.926,True,True,False
O12.5_4,s14,s1401b,s14_s1401b_raw_nemo_buffer_000028,338.92,57.298,True,True,False
O12.5_4,s14,s1401b,s14_s1401b_raw_nemo_buffer_000055,568.728,31.062,True,False,False
O12.5_4,s14,s1401b,s14_s1401b_raw_nemo_buffer_000055,574.876,61.98,True,True,False
O12.5_4,s14,s1401b,s14_s1401b_raw_nemo_buffer_000062,634.816,48.0,True,False,False
O12.5_4,s14,s1401b,s14_s1401b_raw_nemo_buffer_000062,644.536,15.033,False,False,False
O12.5_4,s14,s1401b,s14_s1401b_raw_nemo_buffer_000067,699.796,33.718,True,False,False
O0_2,s14,s1401b,s14_s1401b_raw_nemo_buffer_000001,17.316,4.768,False,False,False
O0_2,s14,s1401b,s14_s1401b_raw_nemo_buffer_000021,240.684,58.584,True,True,False
O0_2,s14,s1401b,s14_s1401b_raw_nemo_buffer_000028,338.922,59.298,True,True,False
O0_2,s14,s1401b,s14_s1401b_raw_nemo_buffer_000055,568.724,35.062,True,False,False
O0_2,s14,s1401b,s14_s1401b_raw_nemo_buffer_000055,574.868,69.98,True,True,False
O0_2,s14,s1401b,s14_s1401b_raw_nemo_buffer_000062,634.816,48.0,True,False,False
O0_2,s14,s1401b,s14_s1401b_raw_nemo_buffer_000062,644.542,21.033,True,False,False
A_O50_8,s14,s1402a,s14_s1402a_raw_nemo_buffer_000005,25.848,40.0,True,False,False
A_O50_8,s14,s1402a,s14_s1402a_raw_nemo_buffer_000006,29.72,8.0,False,False,False
A_O50_8,s14,s1402a,s14_s1402a_raw_nemo_buffer_000020,119.96,5.023,False,False,False
A_O50_8,s14,s1402a,s14_s1402a_raw_nemo_buffer_000027,173.432,56.849,True,True,False
A_O50_8,s14,s1402a,s14_s1402a_raw_nemo_buffer_000029,200.744,11.976,False,False,False
A_O50_8,s14,s1402a,s14_s1402a_raw_nemo_buffer_000032,245.912,49.345,True,False,False
A_O50_8,s14,s1402a,s14_s1402a_raw_nemo_buffer_000036,302.24,16.0,False,False,False
A_O50_8,s14,s1402a,s14_s1402a_raw_nemo_buffer_000039,312.536,40.0,True,False,False
A_O50_8,s14,s1402a,s14_s1402a_raw_nemo_buffer_000039,331.48,43.437,True,False,False
A_O50_8,s14,s1402a,s14_s1402a_raw_nemo_buffer_000046,393.76,16.0,False,False,False
A_O50_8,s14,s1402a,s14_s1402a_raw_nemo_buffer_000052,417.512,14.327,False,False,False
A_O50_8,s14,s1402a,s14_s1402a_raw_nemo_buffer_000061,497.32,18.826,False,False,False
A_O50_8,s14,s1402a,s14_s1402a_raw_nemo_buffer_000064,519.368,29.985,True,False,False
A_O50_8,s14,s1402a,s14_s1402a_raw_nemo_buffer_000068,547.144,37.302,True,False,False
A_O50_8,s14,s1402a,s14_s1402a_raw_nemo_buffer_000072,571.184,32.0,True,False,False
A_O50_8,s14,s1402a,s14_s1402a_raw_nemo_buffer_000074,591.96,34.133,True,False,False
D_O0_8,s14,s1402a,s14_s1402a_raw_nemo_buffer_000005,25.848,40.0,True,False,False
D_O0_8,s14,s1402a,s14_s1402a_raw_nemo_buffer_000006,29.72,8.0,False,False,False
D_O0_8,s14,s1402a,s14_s1402a_raw_nemo_buffer_000014,65.744,7.978,False,False,False
D_O0_8,s14,s1402a,s14_s1402a_raw_nemo_buffer_000033,246.832,22.285,True,False,False
D_O0_8,s14,s1402a,s14_s1402a_raw_nemo_buffer_000036,302.24,16.0,False,False,False
D_O0_8,s14,s1402a,s14_s1402a_raw_nemo_buffer_000039,312.544,48.0,True,False,False
D_O0_8,s14,s1402a,s14_s1402a_raw_nemo_buffer_000039,333.032,36.515,True,False,False
D_O0_8,s14,s1402a,s14_s1402a_raw_nemo_buffer_000046,393.752,8.0,False,False,False
D_O0_8,s14,s1402a,s14_s1402a_raw_nemo_buffer_000052,417.512,14.327,False,False,False
D_O0_8,s14,s1402a,s14_s1402a_raw_nemo_buffer_000061,497.312,10.826,False,False,False
D_O0_8,s14,s1402a,s14_s1402a_raw_nemo_buffer_000063,505.664,1.861,False,False,False
D_O0_8,s14,s1402a,s14_s1402a_raw_nemo_buffer_000072,571.16,8.0,False,False,False
O25_4,s14,s1402a,s14_s1402a_raw_nemo_buffer_000005,25.844,36.0,True,False,False
O25_4,s14,s1402a,s14_s1402a_raw_nemo_buffer_000006,29.716,4.0,False,False,False
O25_4,s14,s1402a,s14_s1402a_raw_nemo_buffer_000027,165.736,37.738,True,False,False
O25_4,s14,s1402a,s14_s1402a_raw_nemo_buffer_000027,172.524,16.242,False,False,False
O25_4,s14,s1402a,s14_s1402a_raw_nemo_buffer_000036,302.228,4.0,False,False,False
O25_4,s14,s1402a,s14_s1402a_raw_nemo_buffer_000039,312.544,48.0,True,False,False
O25_4,s14,s1402a,s14_s1402a_raw_nemo_buffer_000039,333.032,36.515,True,False,False
O25_4,s14,s1402a,s14_s1402a_raw_nemo_buffer_000046,393.756,12.0,False,False,False
O25_4,s14,s1402a,s14_s1402a_raw_nemo_buffer_000052,417.52,22.327,True,False,False
O25_4,s14,s1402a,s14_s1402a_raw_nemo_buffer_000061,497.32,18.826,False,False,False
O25_4,s14,s1402a,s14_s1402a_raw_nemo_buffer_000072,571.16,8.0,False,False,False
O25_4,s14,s1402a,s14_s1402a_raw_nemo_buffer_000073,575.78,30.701,True,False,False
O0_4,s14,s1402a,s14_s1402a_raw_nemo_buffer_000005,25.852,44.0,True,False,False
O0_4,s14,s1402a,s14_s1402a_raw_nemo_buffer_000006,29.716,4.0,False,False,False
O0_4,s14,s1402a,s14_s1402a_raw_nemo_buffer_000033,246.832,22.285,True,False,False
O0_4,s14,s1402a,s14_s1402a_raw_nemo_buffer_000036,302.24,16.0,False,False,False
O0_4,s14,s1402a,s14_s1402a_raw_nemo_buffer_000039,312.548,52.0,True,True,False
O0_4,s14,s1402a,s14_s1402a_raw_nemo_buffer_000039,333.032,36.515,True,False,False
O0_4,s14,s1402a,s14_s1402a_raw_nemo_buffer_000046,393.772,28.0,True,False,False
O0_4,s14,s1402a,s14_s1402a_raw_nemo_buffer_000052,417.512,14.327,False,False,False
O0_4,s14,s1402a,s14_s1402a_raw_nemo_buffer_000061,497.312,10.826,False,False,False
O0_4,s14,s1402a,s14_s1402a_raw_nemo_buffer_000063,505.664,1.861,False,False,False
O0_4,s14,s1402a,s14_s1402a_raw_nemo_buffer_000072,571.156,4.0,False,False,False
O0_4,s14,s1402a,s14_s1402a_raw_nemo_buffer_000073,575.776,26.701,True,False,False
O12.5_4,s14,s1402a,s14_s1402a_raw_nemo_buffer_000005,25.848,40.0,True,False,False
O12.5_4,s14,s1402a,s14_s1402a_raw_nemo_buffer_000006,29.72,8.0,False,False,False
O12.5_4,s14,s1402a,s14_s1402a_raw_nemo_buffer_000033,246.832,22.285,True,False,False
O12.5_4,s14,s1402a,s14_s1402a_raw_nemo_buffer_000036,302.228,4.0,False,False,False
O12.5_4,s14,s1402a,s14_s1402a_raw_nemo_buffer_000039,312.548,52.0,True,True,False
O12.5_4,s14,s1402a,s14_s1402a_raw_nemo_buffer_000039,333.028,32.515,True,False,False
O12.5_4,s14,s1402a,s14_s1402a_raw_nemo_buffer_000043,382.876,4.0,False,False,False
O12.5_4,s14,s1402a,s14_s1402a_raw_nemo_buffer_000046,393.76,16.0,False,False,False
O12.5_4,s14,s1402a,s14_s1402a_raw_nemo_buffer_000052,417.512,14.327,False,False,False
O12.5_4,s14,s1402a,s14_s1402a_raw_nemo_buffer_000061,497.316,14.826,False,False,False
O12.5_4,s14,s1402a,s14_s1402a_raw_nemo_buffer_000064,520.536,26.449,True,False,False
O12.5_4,s14,s1402a,s14_s1402a_raw_nemo_buffer_000072,571.164,12.0,False,False,False
O12.5_4,s14,s1402a,s14_s1402a_raw_nemo_buffer_000073,575.784,34.701,True,False,False
O0_2,s14,s1402a,s14_s1402a_raw_nemo_buffer_000005,25.85,42.0,True,False,False
O0_2,s14,s1402a,s14_s1402a_raw_nemo_buffer_000006,29.716,4.0,False,False,False
O0_2,s14,s1402a,s14_s1402a_raw_nemo_buffer_000033,246.832,22.285,True,False,False
O0_2,s14,s1402a,s14_s1402a_raw_nemo_buffer_000036,302.238,14.0,False,False,False
O0_2,s14,s1402a,s14_s1402a_raw_nemo_buffer_000039,312.546,50.0,True,False,False
O0_2,s14,s1402a,s14_s1402a_raw_nemo_buffer_000039,333.034,38.515,True,False,False
O0_2,s14,s1402a,s14_s1402a_raw_nemo_buffer_000046,393.772,28.0,True,False,False
O0_2,s14,s1402a,s14_s1402a_raw_nemo_buffer_000052,417.512,14.327,False,False,False
O0_2,s14,s1402a,s14_s1402a_raw_nemo_buffer_000061,497.326,24.826,True,False,False
O0_2,s14,s1402a,s14_s1402a_raw_nemo_buffer_000072,571.156,4.0,False,False,False
A_O50_8,s14,s1402b,s14_s1402b_raw_nemo_buffer_000007,40.472,38.106,True,False,False
A_O50_8,s14,s1402b,s14_s1402b_raw_nemo_buffer_000010,96.656,28.278,True,False,False
A_O50_8,s14,s1402b,s14_s1402b_raw_nemo_buffer_000011,100.248,28.817,True,False,False
A_O50_8,s14,s1402b,s14_s1402b_raw_nemo_buffer_000015,136.824,0.136,False,False,False
A_O50_8,s14,s1402b,s14_s1402b_raw_nemo_buffer_000016,142.368,0.08,False,False,False
A_O50_8,s14,s1402b,s14_s1402b_raw_nemo_buffer_000019,154.2,0.175,False,False,False
A_O50_8,s14,s1402b,s14_s1402b_raw_nemo_buffer_000020,160.064,40.304,True,False,False
A_O50_8,s14,s1402b,s14_s1402b_raw_nemo_buffer_000029,232.24,19.125,False,False,False
A_O50_8,s14,s1402b,s14_s1402b_raw_nemo_buffer_000030,253.872,60.692,True,True,False
A_O50_8,s14,s1402b,s14_s1402b_raw_nemo_buffer_000030,260.76,35.375,True,False,False
D_O0_8,s14,s1402b,s14_s1402b_raw_nemo_buffer_000011,100.232,12.817,False,False,False
D_O0_8,s14,s1402b,s14_s1402b_raw_nemo_buffer_000014,130.848,14.692,False,False,False
D_O0_8,s14,s1402b,s14_s1402b_raw_nemo_buffer_000015,136.824,0.136,False,False,False
D_O0_8,s14,s1402b,s14_s1402b_raw_nemo_buffer_000016,142.368,0.08,False,False,False
D_O0_8,s14,s1402b,s14_s1402b_raw_nemo_buffer_000020,160.024,0.304,False,False,False
D_O0_8,s14,s1402b,s14_s1402b_raw_nemo_buffer_000055,440.256,38.741,True,False,False
O25_4,s14,s1402b,s14_s1402b_raw_nemo_buffer_000007,42.796,67.239,True,True,False
O25_4,s14,s1402b,s14_s1402b_raw_nemo_buffer_000011,100.228,8.817,False,False,False
O25_4,s14,s1402b,s14_s1402b_raw_nemo_buffer_000014,130.84,6.692,False,False,False
O25_4,s14,s1402b,s14_s1402b_raw_nemo_buffer_000026,204.764,54.375,True,True,False
O25_4,s14,s1402b,s14_s1402b_raw_nemo_buffer_000029,232.244,23.125,True,False,False
O25_4,s14,s1402b,s14_s1402b_raw_nemo_buffer_000030,249.004,29.056,True,False,False
O25_4,s14,s1402b,s14_s1402b_raw_nemo_buffer_000042,329.984,5.273,False,False,False
O25_4,s14,s1402b,s14_s1402b_raw_nemo_buffer_000071,552.832,72.565,True,True,False
O0_4,s14,s1402b,s14_s1402b_raw_nemo_buffer_000011,100.236,16.817,False,False,False
O0_4,s14,s1402b,s14_s1402b_raw_nemo_buffer_000014,130.852,18.692,False,False,False
O0_4,s14,s1402b,s14_s1402b_raw_nemo_buffer_000020,160.024,0.304,False,False,False
O0_4,s14,s1402b,s14_s1402b_raw_nemo_buffer_000055,440.244,26.741,True,False,False
O12.5_4,s14,s1402b,s14_s1402b_raw_nemo_buffer_000011,100.26,40.817,True,False,False
O12.5_4,s14,s1402b,s14_s1402b_raw_nemo_buffer_000014,130.844,10.692,False,False,False
O12.5_4,s14,s1402b,s14_s1402b_raw_nemo_buffer_000071,552.824,80.565,True,True,False
O0_2,s14,s1402b,s14_s1402b_raw_nemo_buffer_000011,100.236,16.817,False,False,False
O0_2,s14,s1402b,s14_s1402b_raw_nemo_buffer_000014,130.85,16.692,False,False,False
O0_2,s14,s1402b,s14_s1402b_raw_nemo_buffer_000054,428.092,4.57,False,False,False
O0_2,s14,s1402b,s14_s1402b_raw_nemo_buffer_000055,440.254,36.741,True,False,False
A_O50_8,s14,s1403a,s14_s1403a_raw_nemo_buffer_000006,29.016,40.0,True,False,False
A_O50_8,s14,s1403a,s14_s1403a_raw_nemo_buffer_000014,73.616,18.807,False,False,False
A_O50_8,s14,s1403a,s14_s1403a_raw_nemo_buffer_000018,89.544,61.929,True,True,False
A_O50_8,s14,s1403a,s14_s1403a_raw_nemo_buffer_000018,97.968,41.312,True,False,False
A_O50_8,s14,s1403a,s14_s1403a_raw_nemo_buffer_000021,150.984,45.812,True,False,False
A_O50_8,s14,s1403a,s14_s1403a_raw_nemo_buffer_000079,444.28,43.778,True,False,False
A_O50_8,s14,s1403a,s14_s1403a_raw_nemo_buffer_000079,448.536,29.25,True,False,False
D_O0_8,s14,s1403a,s14_s1403a_raw_nemo_buffer_000006,29.016,40.0,True,False,False
D_O0_8,s14,s1403a,s14_s1403a_raw_nemo_buffer_000079,446.296,78.276,True,True,False
O25_4,s14,s1403a,s14_s1403a_raw_nemo_buffer_000006,29.0,24.0,True,False,False
O25_4,s14,s1403a,s14_s1403a_raw_nemo_buffer_000012,58.488,63.188,True,True,False
O25_4,s14,s1403a,s14_s1403a_raw_nemo_buffer_000014,73.616,18.807,False,False,False
O25_4,s14,s1403a,s14_s1403a_raw_nemo_buffer_000021,150.988,44.276,True,False,False
O25_4,s14,s1403a,s14_s1403a_raw_nemo_buffer_000079,446.3,74.276,True,True,False
O0_4,s14,s1403a,s14_s1403a_raw_nemo_buffer_000006,29.02,44.0,True,False,False
O0_4,s14,s1403a,s14_s1403a_raw_nemo_buffer_000079,446.296,78.276,True,True,False
O12.5_4,s14,s1403a,s14_s1403a_raw_nemo_buffer_000006,29.028,52.0,True,True,False
O12.5_4,s14,s1403a,s14_s1403a_raw_nemo_buffer_000012,58.488,63.188,True,True,False
O12.5_4,s14,s1403a,s14_s1403a_raw_nemo_buffer_000014,73.616,18.807,False,False,False
O12.5_4,s14,s1403a,s14_s1403a_raw_nemo_buffer_000021,155.256,46.277,True,False,False
O12.5_4,s14,s1403a,s14_s1403a_raw_nemo_buffer_000079,446.3,74.276,True,True,False
O0_2,s14,s1403a,s14_s1403a_raw_nemo_buffer_000006,29.018,42.0,True,False,False
O0_2,s14,s1403a,s14_s1403a_raw_nemo_buffer_000079,446.296,78.276,True,True,False
A_O50_8,s14,s1403b,s14_s1403b_raw_nemo_buffer_000013,100.472,31.39,True,False,False
A_O50_8,s14,s1403b,s14_s1403b_raw_nemo_buffer_000028,185.624,3.081,False,False,False
A_O50_8,s14,s1403b,s14_s1403b_raw_nemo_buffer_000047,270.568,56.0,True,True,False
A_O50_8,s14,s1403b,s14_s1403b_raw_nemo_buffer_000048,277.328,50.672,True,True,False
A_O50_8,s14,s1403b,s14_s1403b_raw_nemo_buffer_000061,344.92,34.366,True,False,False
A_O50_8,s14,s1403b,s14_s1403b_raw_nemo_buffer_000068,386.576,49.195,True,False,False
A_O50_8,s14,s1403b,s14_s1403b_raw_nemo_buffer_000074,405.952,15.64,False,False,False
A_O50_8,s14,s1403b,s14_s1403b_raw_nemo_buffer_000074,412.688,21.844,True,False,False
D_O0_8,s14,s1403b,s14_s1403b_raw_nemo_buffer_000013,100.456,15.39,False,False,False
D_O0_8,s14,s1403b,s14_s1403b_raw_nemo_buffer_000028,185.624,3.081,False,False,False
D_O0_8,s14,s1403b,s14_s1403b_raw_nemo_buffer_000048,275.904,12.926,False,False,False
D_O0_8,s14,s1403b,s14_s1403b_raw_nemo_buffer_000061,344.92,34.366,True,False,False
D_O0_8,s14,s1403b,s14_s1403b_raw_nemo_buffer_000068,386.592,33.195,True,False,False
D_O0_8,s14,s1403b,s14_s1403b_raw_nemo_buffer_000074,405.944,7.64,False,False,False
O25_4,s14,s1403b,s14_s1403b_raw_nemo_buffer_000013,100.456,15.39,False,False,False
O25_4,s14,s1403b,s14_s1403b_raw_nemo_buffer_000025,172.036,3.622,False,False,False
O25_4,s14,s1403b,s14_s1403b_raw_nemo_buffer_000028,185.628,7.081,False,False,False
O25_4,s14,s1403b,s14_s1403b_raw_nemo_buffer_000048,275.916,24.926,True,False,False
O25_4,s14,s1403b,s14_s1403b_raw_nemo_buffer_000061,344.928,42.366,True,False,False
O25_4,s14,s1403b,s14_s1403b_raw_nemo_buffer_000068,386.584,41.195,True,False,False
O25_4,s14,s1403b,s14_s1403b_raw_nemo_buffer_000074,405.952,15.64,False,False,False
O0_4,s14,s1403b,s14_s1403b_raw_nemo_buffer_000013,100.452,11.39,False,False,False
O0_4,s14,s1403b,s14_s1403b_raw_nemo_buffer_000025,172.036,3.622,False,False,False
O0_4,s14,s1403b,s14_s1403b_raw_nemo_buffer_000028,185.628,7.081,False,False,False
O0_4,s14,s1403b,s14_s1403b_raw_nemo_buffer_000048,275.904,12.926,False,False,False
O0_4,s14,s1403b,s14_s1403b_raw_nemo_buffer_000061,344.932,46.366,True,False,False
O0_4,s14,s1403b,s14_s1403b_raw_nemo_buffer_000068,386.592,33.195,True,False,False
O0_4,s14,s1403b,s14_s1403b_raw_nemo_buffer_000074,405.944,7.64,False,False,False
O12.5_4,s14,s1403b,s14_s1403b_raw_nemo_buffer_000013,100.452,11.39,False,False,False
O12.5_4,s14,s1403b,s14_s1403b_raw_nemo_buffer_000025,172.044,11.622,False,False,False
O12.5_4,s14,s1403b,s14_s1403b_raw_nemo_buffer_000028,185.628,7.081,False,False,False
O12.5_4,s14,s1403b,s14_s1403b_raw_nemo_buffer_000048,275.904,12.926,False,False,False
O12.5_4,s14,s1403b,s14_s1403b_raw_nemo_buffer_000061,344.924,38.366,True,False,False
O12.5_4,s14,s1403b,s14_s1403b_raw_nemo_buffer_000068,386.576,49.195,True,False,False
O12.5_4,s14,s1403b,s14_s1403b_raw_nemo_buffer_000074,405.94,3.64,False,False,False
O0_2,s14,s1403b,s14_s1403b_raw_nemo_buffer_000013,100.452,11.39,False,False,False
O0_2,s14,s1403b,s14_s1403b_raw_nemo_buffer_000025,172.062,29.622,True,False,False
O0_2,s14,s1403b,s14_s1403b_raw_nemo_buffer_000028,185.628,7.081,False,False,False
O0_2,s14,s1403b,s14_s1403b_raw_nemo_buffer_000048,275.904,12.926,False,False,False
O0_2,s14,s1403b,s14_s1403b_raw_nemo_buffer_000061,344.922,36.366,True,False,False
O0_2,s14,s1403b,s14_s1403b_raw_nemo_buffer_000068,386.592,33.195,True,False,False
O0_2,s14,s1403b,s14_s1403b_raw_nemo_buffer_000074,405.944,7.64,False,False,False
A_O50_8,s15,s1501a,s15_s1501a_raw_nemo_buffer_000051,212.808,16.754,False,False,False
A_O50_8,s15,s1501a,s15_s1501a_raw_nemo_buffer_000066,296.096,25.318,True,False,False
A_O50_8,s15,s1501a,s15_s1501a_raw_nemo_buffer_000088,419.0,19.937,False,False,False
A_O50_8,s15,s1501a,s15_s1501a_raw_nemo_buffer_000089,428.232,45.625,True,False,False
A_O50_8,s15,s1501a,s15_s1501a_raw_nemo_buffer_000089,438.04,13.625,False,False,False
A_O50_8,s15,s1501a,s15_s1501a_raw_nemo_buffer_000094,474.32,24.228,True,False,False
A_O50_8,s15,s1501a,s15_s1501a_raw_nemo_buffer_000105,531.2,28.625,True,False,False
A_O50_8,s15,s1501a,s15_s1501a_raw_nemo_buffer_000110,562.336,66.565,True,True,False
A_O50_8,s15,s1501a,s15_s1501a_raw_nemo_buffer_000111,579.368,17.688,False,False,False
D_O0_8,s15,s1501a,s15_s1501a_raw_nemo_buffer_000051,212.808,16.754,False,False,False
D_O0_8,s15,s1501a,s15_s1501a_raw_nemo_buffer_000111,579.352,33.688,True,False,False
O25_4,s15,s1501a,s15_s1501a_raw_nemo_buffer_000051,212.8,8.754,False,False,False
O25_4,s15,s1501a,s15_s1501a_raw_nemo_buffer_000088,412.916,96.736,True,True,False
O25_4,s15,s1501a,s15_s1501a_raw_nemo_buffer_000088,420.276,7.715,False,False,False
O25_4,s15,s1501a,s15_s1501a_raw_nemo_buffer_000089,428.236,49.625,True,False,False
O25_4,s15,s1501a,s15_s1501a_raw_nemo_buffer_000089,438.584,56.046,True,True,False
O25_4,s15,s1501a,s15_s1501a_raw_nemo_buffer_000111,579.356,29.688,True,False,False
O0_4,s15,s1501a,s15_s1501a_raw_nemo_buffer_000017,66.948,10.008,False,False,False
O0_4,s15,s1501a,s15_s1501a_raw_nemo_buffer_000051,212.796,4.754,False,False,False
O0_4,s15,s1501a,s15_s1501a_raw_nemo_buffer_000089,428.232,45.625,True,False,False
O0_4,s15,s1501a,s15_s1501a_raw_nemo_buffer_000111,579.316,4.0,False,False,False
O12.5_4,s15,s1501a,s15_s1501a_raw_nemo_buffer_000051,212.808,16.754,False,False,False
O12.5_4,s15,s1501a,s15_s1501a_raw_nemo_buffer_000088,418.044,35.929,True,False,False
O12.5_4,s15,s1501a,s15_s1501a_raw_nemo_buffer_000089,428.224,37.625,True,False,False
O12.5_4,s15,s1501a,s15_s1501a_raw_nemo_buffer_000111,579.368,17.688,False,False,False
O0_2,s15,s1501a,s15_s1501a_raw_nemo_buffer_000051,212.796,4.754,False,False,False
O0_2,s15,s1501a,s15_s1501a_raw_nemo_buffer_000089,428.23,43.625,True,False,False
O0_2,s15,s1501a,s15_s1501a_raw_nemo_buffer_000110,546.682,40.085,True,False,False
O0_2,s15,s1501a,s15_s1501a_raw_nemo_buffer_000111,579.354,31.688,True,False,False
A_O50_8,s15,s1501b,s15_s1501b_raw_nemo_buffer_000003,24.936,29.745,True,False,False
A_O50_8,s15,s1501b,s15_s1501b_raw_nemo_buffer_000004,33.408,11.75,False,False,False
A_O50_8,s15,s1501b,s15_s1501b_raw_nemo_buffer_000021,139.824,29.497,True,False,False
A_O50_8,s15,s1501b,s15_s1501b_raw_nemo_buffer_000062,351.512,40.0,True,False,False
A_O50_8,s15,s1501b,s15_s1501b_raw_nemo_buffer_000063,364.448,3.429,False,False,False
A_O50_8,s15,s1501b,s15_s1501b_raw_nemo_buffer_000068,394.728,32.616,True,False,False
A_O50_8,s15,s1501b,s15_s1501b_raw_nemo_buffer_000070,400.232,2.503,False,False,False
A_O50_8,s15,s1501b,s15_s1501b_raw_nemo_buffer_000072,433.856,54.312,True,True,False
A_O50_8,s15,s1501b,s15_s1501b_raw_nemo_buffer_000090,510.688,16.0,False,False,False
D_O0_8,s15,s1501b,s15_s1501b_raw_nemo_buffer_000003,24.936,29.745,True,False,False
D_O0_8,s15,s1501b,s15_s1501b_raw_nemo_buffer_000054,302.984,23.436,True,False,False
D_O0_8,s15,s1501b,s15_s1501b_raw_nemo_buffer_000057,334.168,31.321,True,False,False
D_O0_8,s15,s1501b,s15_s1501b_raw_nemo_buffer_000062,351.504,32.0,True,False,False
D_O0_8,s15,s1501b,s15_s1501b_raw_nemo_buffer_000097,537.2,7.111,False,False,False
O25_4,s15,s1501b,s15_s1501b_raw_nemo_buffer_000003,24.94,33.745,True,False,False
O25_4,s15,s1501b,s15_s1501b_raw_nemo_buffer_000004,33.676,35.388,True,False,False
O25_4,s15,s1501b,s15_s1501b_raw_nemo_buffer_000021,139.832,21.497,True,False,False
O25_4,s15,s1501b,s15_s1501b_raw_nemo_buffer_000054,302.988,24.294,True,False,False
O25_4,s15,s1501b,s15_s1501b_raw_nemo_buffer_000062,351.508,36.0,True,False,False
O25_4,s15,s1501b,s15_s1501b_raw_nemo_buffer_000063,364.448,3.429,False,False,False
O25_4,s15,s1501b,s15_s1501b_raw_nemo_buffer_000072,433.86,58.312,True,True,False
O25_4,s15,s1501b,s15_s1501b_raw_nemo_buffer_000090,510.696,24.0,True,False,False
O0_4,s15,s1501b,s15_s1501b_raw_nemo_buffer_000003,24.936,29.745,True,False,False
O0_4,s15,s1501b,s15_s1501b_raw_nemo_buffer_000054,302.988,24.294,True,False,False
O0_4,s15,s1501b,s15_s1501b_raw_nemo_buffer_000057,334.168,31.321,True,False,False
O0_4,s15,s1501b,s15_s1501b_raw_nemo_buffer_000062,351.5,28.0,True,False,False
O0_4,s15,s1501b,s15_s1501b_raw_nemo_buffer_000063,364.432,12.571,False,False,False
O0_4,s15,s1501b,s15_s1501b_raw_nemo_buffer_000097,537.2,7.111,False,False,False
O12.5_4,s15,s1501b,s15_s1501b_raw_nemo_buffer_000003,24.956,20.0,False,False,False
O12.5_4,s15,s1501b,s15_s1501b_raw_nemo_buffer_000054,302.988,24.294,True,False,False
O12.5_4,s15,s1501b,s15_s1501b_raw_nemo_buffer_000062,351.496,24.0,True,False,False
O12.5_4,s15,s1501b,s15_s1501b_raw_nemo_buffer_000063,364.452,7.429,False,False,False
O12.5_4,s15,s1501b,s15_s1501b_raw_nemo_buffer_000090,510.684,12.0,False,False,False
O0_2,s15,s1501b,s15_s1501b_raw_nemo_buffer_000003,24.966,10.0,False,False,False
O0_2,s15,s1501b,s15_s1501b_raw_nemo_buffer_000054,302.988,24.294,True,False,False
O0_2,s15,s1501b,s15_s1501b_raw_nemo_buffer_000057,334.166,29.321,True,False,False
O0_2,s15,s1501b,s15_s1501b_raw_nemo_buffer_000062,351.502,30.0,True,False,False
O0_2,s15,s1501b,s15_s1501b_raw_nemo_buffer_000063,364.43,14.571,False,False,False
O0_2,s15,s1501b,s15_s1501b_raw_nemo_buffer_000097,537.2,7.111,False,False,False
A_O50_8,s15,s1502a,s15_s1502a_raw_nemo_buffer_000008,39.792,32.0,True,False,False
A_O50_8,s15,s1502a,s15_s1502a_raw_nemo_buffer_000009,50.96,19.267,False,False,False
A_O50_8,s15,s1502a,s15_s1502a_raw_nemo_buffer_000036,174.624,2.062,False,False,False
A_O50_8,s15,s1502a,s15_s1502a_raw_nemo_buffer_000044,216.616,24.0,True,False,False
A_O50_8,s15,s1502a,s15_s1502a_raw_nemo_buffer_000110,520.672,53.125,True,True,False
A_O50_8,s15,s1502a,s15_s1502a_raw_nemo_buffer_000114,549.168,4.5,False,False,False
D_O0_8,s15,s1502a,s15_s1502a_raw_nemo_buffer_000008,39.792,32.0,True,False,False
D_O0_8,s15,s1502a,s15_s1502a_raw_nemo_buffer_000036,174.624,2.062,False,False,False
O25_4,s15,s1502a,s15_s1502a_raw_nemo_buffer_000008,39.8,40.0,True,False,False
O25_4,s15,s1502a,s15_s1502a_raw_nemo_buffer_000036,174.624,2.062,False,False,False
O25_4,s15,s1502a,s15_s1502a_raw_nemo_buffer_000044,216.628,13.652,False,False,False
O25_4,s15,s1502a,s15_s1502a_raw_nemo_buffer_000110,520.696,29.125,True,False,False
O0_4,s15,s1502a,s15_s1502a_raw_nemo_buffer_000008,39.792,32.0,True,False,False
O0_4,s15,s1502a,s15_s1502a_raw_nemo_buffer_000036,174.624,2.062,False,False,False
O0_4,s15,s1502a,s15_s1502a_raw_nemo_buffer_000110,520.696,29.125,True,False,False
O12.5_4,s15,s1502a,s15_s1502a_raw_nemo_buffer_000008,39.8,40.0,True,False,False
O12.5_4,s15,s1502a,s15_s1502a_raw_nemo_buffer_000018,90.452,4.264,False,False,False
O12.5_4,s15,s1502a,s15_s1502a_raw_nemo_buffer_000036,174.628,6.062,False,False,False
O12.5_4,s15,s1502a,s15_s1502a_raw_nemo_buffer_000044,216.628,13.652,False,False,False
O12.5_4,s15,s1502a,s15_s1502a_raw_nemo_buffer_000110,520.7,25.125,True,False,False
O0_2,s15,s1502a,s15_s1502a_raw_nemo_buffer_000008,39.792,32.0,True,False,False
O0_2,s15,s1502a,s15_s1502a_raw_nemo_buffer_000018,90.45,2.264,False,False,False
O0_2,s15,s1502a,s15_s1502a_raw_nemo_buffer_000036,174.624,2.062,False,False,False
O0_2,s15,s1502a,s15_s1502a_raw_nemo_buffer_000044,216.614,22.0,True,False,False
O0_2,s15,s1502a,s15_s1502a_raw_nemo_buffer_000110,520.698,27.125,True,False,False
A_O50_8,s15,s1502b,s15_s1502b_raw_nemo_buffer_000015,65.288,77.187,True,True,False
A_O50_8,s15,s1502b,s15_s1502b_raw_nemo_buffer_000017,81.904,16.761,False,False,False
A_O50_8,s15,s1502b,s15_s1502b_raw_nemo_buffer_000043,247.0,8.0,False,False,False
A_O50_8,s15,s1502b,s15_s1502b_raw_nemo_buffer_000073,367.04,30.473,True,False,False
A_O50_8,s15,s1502b,s15_s1502b_raw_nemo_buffer_000073,374.952,43.125,True,False,False
A_O50_8,s15,s1502b,s15_s1502b_raw_nemo_buffer_000084,422.68,8.0,False,False,False
D_O0_8,s15,s1502b,s15_s1502b_raw_nemo_buffer_000017,81.904,16.761,False,False,False
D_O0_8,s15,s1502b,s15_s1502b_raw_nemo_buffer_000030,168.224,24.766,True,False,False
D_O0_8,s15,s1502b,s15_s1502b_raw_nemo_buffer_000084,422.696,24.0,True,False,False
O25_4,s15,s1502b,s15_s1502b_raw_nemo_buffer_000015,65.288,77.187,True,True,False
O25_4,s15,s1502b,s15_s1502b_raw_nemo_buffer_000017,81.904,16.761,False,False,False
O25_4,s15,s1502b,s15_s1502b_raw_nemo_buffer_000030,168.22,28.766,True,False,False
O25_4,s15,s1502b,s15_s1502b_raw_nemo_buffer_000043,247.0,8.0,False,False,False
O25_4,s15,s1502b,s15_s1502b_raw_nemo_buffer_000061,305.916,16.176,False,False,False
O25_4,s15,s1502b,s15_s1502b_raw_nemo_buffer_000073,367.032,38.473,True,False,False
O25_4,s15,s1502b,s15_s1502b_raw_nemo_buffer_000073,374.952,43.125,True,False,False
O25_4,s15,s1502b,s15_s1502b_raw_nemo_buffer_000084,422.716,35.25,True,False,False
O0_4,s15,s1502b,s15_s1502b_raw_nemo_buffer_000017,81.904,16.761,False,False,False
O0_4,s15,s1502b,s15_s1502b_raw_nemo_buffer_000030,168.356,25.702,True,False,False
O0_4,s15,s1502b,s15_s1502b_raw_nemo_buffer_000084,422.7,28.0,True,False,False
O12.5_4,s15,s1502b,s15_s1502b_raw_nemo_buffer_000015,65.292,73.187,True,True,False
O12.5_4,s15,s1502b,s15_s1502b_raw_nemo_buffer_000017,81.912,24.761,True,False,False
O12.5_4,s15,s1502b,s15_s1502b_raw_nemo_buffer_000030,168.22,28.766,True,False,False
O12.5_4,s15,s1502b,s15_s1502b_raw_nemo_buffer_000043,247.004,12.0,False,False,False
O12.5_4,s15,s1502b,s15_s1502b_raw_nemo_buffer_000061,305.92,20.176,True,False,False
O12.5_4,s15,s1502b,s15_s1502b_raw_nemo_buffer_000073,367.04,30.473,True,False,False
O12.5_4,s15,s1502b,s15_s1502b_raw_nemo_buffer_000073,374.952,43.125,True,False,False
O12.5_4,s15,s1502b,s15_s1502b_raw_nemo_buffer_000084,422.716,35.25,True,False,False
O0_2,s15,s1502b,s15_s1502b_raw_nemo_buffer_000017,81.904,16.761,False,False,False
O0_2,s15,s1502b,s15_s1502b_raw_nemo_buffer_000030,168.382,0.298,False,False,False
O0_2,s15,s1502b,s15_s1502b_raw_nemo_buffer_000084,422.7,28.0,True,False,False
A_O50_8,s16,s1601a,s16_s1601a_raw_nemo_buffer_000020,108.608,48.0,True,False,False
A_O50_8,s16,s1601a,s16_s1601a_raw_nemo_buffer_000043,190.536,11.0,False,False,False
A_O50_8,s16,s1601a,s16_s1601a_raw_nemo_buffer_000059,244.088,7.0,False,False,False
A_O50_8,s16,s1601a,s16_s1601a_raw_nemo_buffer_000068,271.896,10.0,False,False,False
A_O50_8,s16,s1601a,s16_s1601a_raw_nemo_buffer_000083,328.104,15.0,False,False,False
A_O50_8,s16,s1601a,s16_s1601a_raw_nemo_buffer_000088,346.192,13.419,False,False,False
A_O50_8,s16,s1601a,s16_s1601a_raw_nemo_buffer_000101,398.288,7.402,False,False,False
A_O50_8,s16,s1601a,s16_s1601a_raw_nemo_buffer_000123,489.072,25.404,True,False,False
D_O0_8,s16,s1601a,s16_s1601a_raw_nemo_buffer_000009,56.624,6.529,False,False,False
D_O0_8,s16,s1601a,s16_s1601a_raw_nemo_buffer_000017,97.032,14.0,False,False,False
D_O0_8,s16,s1601a,s16_s1601a_raw_nemo_buffer_000020,108.608,48.0,True,False,False
D_O0_8,s16,s1601a,s16_s1601a_raw_nemo_buffer_000059,244.088,7.0,False,False,False
D_O0_8,s16,s1601a,s16_s1601a_raw_nemo_buffer_000068,270.624,65.0,True,True,False
D_O0_8,s16,s1601a,s16_s1601a_raw_nemo_buffer_000083,328.096,7.0,False,False,False
D_O0_8,s16,s1601a,s16_s1601a_raw_nemo_buffer_000088,346.192,13.419,False,False,False
D_O0_8,s16,s1601a,s16_s1601a_raw_nemo_buffer_000101,398.32,39.0,True,False,False
D_O0_8,s16,s1601a,s16_s1601a_raw_nemo_buffer_000123,489.072,25.404,True,False,False
D_O0_8,s16,s1601a,s16_s1601a_raw_nemo_buffer_000134,518.8,18.51,False,False,False
O25_4,s16,s1601a,s16_s1601a_raw_nemo_buffer_000017,97.028,10.0,False,False,False
O25_4,s16,s1601a,s16_s1601a_raw_nemo_buffer_000020,108.572,12.0,False,False,False
O25_4,s16,s1601a,s16_s1601a_raw_nemo_buffer_000068,270.62,61.0,True,True,False
O25_4,s16,s1601a,s16_s1601a_raw_nemo_buffer_000083,328.1,11.0,False,False,False
O25_4,s16,s1601a,s16_s1601a_raw_nemo_buffer_000088,346.188,9.419,False,False,False
O25_4,s16,s1601a,s16_s1601a_raw_nemo_buffer_000101,398.316,35.402,True,False,False
O25_4,s16,s1601a,s16_s1601a_raw_nemo_buffer_000123,489.076,29.404,True,False,False
O25_4,s16,s1601a,s16_s1601a_raw_nemo_buffer_000134,518.796,14.51,False,False,False
O0_4,s16,s1601a,s16_s1601a_raw_nemo_buffer_000009,56.624,6.529,False,False,False
O0_4,s16,s1601a,s16_s1601a_raw_nemo_buffer_000017,97.032,14.0,False,False,False
O0_4,s16,s1601a,s16_s1601a_raw_nemo_buffer_000020,108.608,48.0,True,False,False
O0_4,s16,s1601a,s16_s1601a_raw_nemo_buffer_000059,244.088,7.0,False,False,False
O0_4,s16,s1601a,s16_s1601a_raw_nemo_buffer_000068,270.624,65.0,True,True,False
O0_4,s16,s1601a,s16_s1601a_raw_nemo_buffer_000083,328.1,11.0,False,False,False
O0_4,s16,s1601a,s16_s1601a_raw_nemo_buffer_000088,346.188,9.419,False,False,False
O0_4,s16,s1601a,s16_s1601a_raw_nemo_buffer_000101,398.316,35.402,True,False,False
O0_4,s16,s1601a,s16_s1601a_raw_nemo_buffer_000123,489.076,29.404,True,False,False
O0_4,s16,s1601a,s16_s1601a_raw_nemo_buffer_000134,518.804,22.51,True,False,False
O12.5_4,s16,s1601a,s16_s1601a_raw_nemo_buffer_000017,97.032,14.0,False,False,False
O12.5_4,s16,s1601a,s16_s1601a_raw_nemo_buffer_000020,108.608,48.0,True,False,False
O12.5_4,s16,s1601a,s16_s1601a_raw_nemo_buffer_000068,270.628,69.0,True,True,False
O12.5_4,s16,s1601a,s16_s1601a_raw_nemo_buffer_000083,328.096,7.0,False,False,False
O12.5_4,s16,s1601a,s16_s1601a_raw_nemo_buffer_000088,346.192,13.419,False,False,False
O12.5_4,s16,s1601a,s16_s1601a_raw_nemo_buffer_000101,398.316,35.402,True,False,False
O12.5_4,s16,s1601a,s16_s1601a_raw_nemo_buffer_000123,489.072,25.404,True,False,False
O12.5_4,s16,s1601a,s16_s1601a_raw_nemo_buffer_000134,518.792,10.51,False,False,False
O0_2,s16,s1601a,s16_s1601a_raw_nemo_buffer_000009,56.624,6.529,False,False,False
O0_2,s16,s1601a,s16_s1601a_raw_nemo_buffer_000017,97.034,16.0,False,False,False
O0_2,s16,s1601a,s16_s1601a_raw_nemo_buffer_000020,108.608,48.0,True,False,False
O0_2,s16,s1601a,s16_s1601a_raw_nemo_buffer_000068,270.622,63.0,True,True,False
O0_2,s16,s1601a,s16_s1601a_raw_nemo_buffer_000083,328.1,11.0,False,False,False
O0_2,s16,s1601a,s16_s1601a_raw_nemo_buffer_000088,346.19,11.419,False,False,False
O0_2,s16,s1601a,s16_s1601a_raw_nemo_buffer_000101,398.318,37.402,True,False,False
O0_2,s16,s1601a,s16_s1601a_raw_nemo_buffer_000134,518.804,22.51,True,False,False
O0_2,s16,s1601a,s16_s1601a_raw_nemo_buffer_000139,540.852,4.0,False,False,False
A_O50_8,s16,s1601b,s16_s1601b_raw_nemo_buffer_000022,104.68,56.0,True,True,False
A_O50_8,s16,s1601b,s16_s1601b_raw_nemo_buffer_000041,183.768,8.0,False,False,False
A_O50_8,s16,s1601b,s16_s1601b_raw_nemo_buffer_000050,223.08,20.817,True,False,False
A_O50_8,s16,s1601b,s16_s1601b_raw_nemo_buffer_000056,242.496,9.304,False,False,False
A_O50_8,s16,s1601b,s16_s1601b_raw_nemo_buffer_000060,270.424,6.722,False,False,False
A_O50_8,s16,s1601b,s16_s1601b_raw_nemo_buffer_000063,289.232,25.755,True,False,False
A_O50_8,s16,s1601b,s16_s1601b_raw_nemo_buffer_000063,292.48,64.0,True,True,False
A_O50_8,s16,s1601b,s16_s1601b_raw_nemo_buffer_000063,299.856,39.0,True,False,False
A_O50_8,s16,s1601b,s16_s1601b_raw_nemo_buffer_000068,318.08,17.0,False,False,False
A_O50_8,s16,s1601b,s16_s1601b_raw_nemo_buffer_000089,427.656,20.0,False,False,False
A_O50_8,s16,s1601b,s16_s1601b_raw_nemo_buffer_000113,515.136,6.0,False,False,False
D_O0_8,s16,s1601b,s16_s1601b_raw_nemo_buffer_000041,183.768,8.0,False,False,False
D_O0_8,s16,s1601b,s16_s1601b_raw_nemo_buffer_000056,242.488,1.304,False,False,False
D_O0_8,s16,s1601b,s16_s1601b_raw_nemo_buffer_000060,270.44,22.722,True,False,False
D_O0_8,s16,s1601b,s16_s1601b_raw_nemo_buffer_000089,422.976,32.0,True,False,False
O25_4,s16,s1601b,s16_s1601b_raw_nemo_buffer_000022,104.644,20.0,False,False,False
O25_4,s16,s1601b,s16_s1601b_raw_nemo_buffer_000026,123.444,36.0,True,False,False
O25_4,s16,s1601b,s16_s1601b_raw_nemo_buffer_000041,183.768,8.0,False,False,False
O25_4,s16,s1601b,s16_s1601b_raw_nemo_buffer_000056,242.492,5.304,False,False,False
O25_4,s16,s1601b,s16_s1601b_raw_nemo_buffer_000060,270.448,30.722,True,False,False
O25_4,s16,s1601b,s16_s1601b_raw_nemo_buffer_000063,299.86,35.0,True,False,False
O25_4,s16,s1601b,s16_s1601b_raw_nemo_buffer_000113,515.136,6.0,False,False,False
O0_4,s16,s1601b,s16_s1601b_raw_nemo_buffer_000022,104.664,40.0,True,False,False
O0_4,s16,s1601b,s16_s1601b_raw_nemo_buffer_000026,123.444,36.0,True,False,False
O0_4,s16,s1601b,s16_s1601b_raw_nemo_buffer_000041,183.768,8.0,False,False,False
O0_4,s16,s1601b,s16_s1601b_raw_nemo_buffer_000056,242.488,1.304,False,False,False
O0_4,s16,s1601b,s16_s1601b_raw_nemo_buffer_000060,270.44,22.722,True,False,False
O0_4,s16,s1601b,s16_s1601b_raw_nemo_buffer_000089,422.98,36.0,True,False,False
O12.5_4,s16,s1601b,s16_s1601b_raw_nemo_buffer_000022,104.676,52.0,True,True,False
O12.5_4,s16,s1601b,s16_s1601b_raw_nemo_buffer_000026,123.448,40.0,True,False,False
O12.5_4,s16,s1601b,s16_s1601b_raw_nemo_buffer_000041,183.796,36.0,True,False,False
O12.5_4,s16,s1601b,s16_s1601b_raw_nemo_buffer_000056,242.496,9.304,False,False,False
O12.5_4,s16,s1601b,s16_s1601b_raw_nemo_buffer_000060,270.428,10.722,False,False,False
O12.5_4,s16,s1601b,s16_s1601b_raw_nemo_buffer_000113,515.136,6.0,False,False,False
O0_2,s16,s1601b,s16_s1601b_raw_nemo_buffer_000022,104.664,40.0,True,False,False
O0_2,s16,s1601b,s16_s1601b_raw_nemo_buffer_000026,123.446,38.0,True,False,False
O0_2,s16,s1601b,s16_s1601b_raw_nemo_buffer_000033,143.618,0.86,False,False,False
O0_2,s16,s1601b,s16_s1601b_raw_nemo_buffer_000041,183.77,10.0,False,False,False
O0_2,s16,s1601b,s16_s1601b_raw_nemo_buffer_000056,242.49,3.304,False,False,False
O0_2,s16,s1601b,s16_s1601b_raw_nemo_buffer_000060,270.44,22.722,True,False,False
O0_2,s16,s1601b,s16_s1601b_raw_nemo_buffer_000089,422.98,36.0,True,False,False
A_O50_8,s16,s1602a,s16_s1602a_raw_nemo_buffer_000020,92.04,0.517,False,False,False
A_O50_8,s16,s1602a,s16_s1602a_raw_nemo_buffer_000036,170.328,5.935,False,False,False
A_O50_8,s16,s1602a,s16_s1602a_raw_nemo_buffer_000092,347.624,19.436,False,False,False
D_O0_8,s16,s1602a,s16_s1602a_raw_nemo_buffer_000029,138.184,13.981,False,False,False
D_O0_8,s16,s1602a,s16_s1602a_raw_nemo_buffer_000035,163.424,29.151,True,False,False
D_O0_8,s16,s1602a,s16_s1602a_raw_nemo_buffer_000036,170.344,21.935,True,False,False
D_O0_8,s16,s1602a,s16_s1602a_raw_nemo_buffer_000092,347.608,3.436,False,False,False
O25_4,s16,s1602a,s16_s1602a_raw_nemo_buffer_000036,170.332,9.935,False,False,False
O25_4,s16,s1602a,s16_s1602a_raw_nemo_buffer_000092,347.624,19.436,False,False,False
O0_4,s16,s1602a,s16_s1602a_raw_nemo_buffer_000029,138.172,1.981,False,False,False
O0_4,s16,s1602a,s16_s1602a_raw_nemo_buffer_000035,163.424,29.151,True,False,False
O0_4,s16,s1602a,s16_s1602a_raw_nemo_buffer_000036,170.344,21.935,True,False,False
O0_4,s16,s1602a,s16_s1602a_raw_nemo_buffer_000092,347.608,3.436,False,False,False
O12.5_4,s16,s1602a,s16_s1602a_raw_nemo_buffer_000029,138.172,1.981,False,False,False
O12.5_4,s16,s1602a,s16_s1602a_raw_nemo_buffer_000036,170.336,13.935,False,False,False
O12.5_4,s16,s1602a,s16_s1602a_raw_nemo_buffer_000092,347.624,19.436,False,False,False
O0_2,s16,s1602a,s16_s1602a_raw_nemo_buffer_000029,138.172,1.981,False,False,False
O0_2,s16,s1602a,s16_s1602a_raw_nemo_buffer_000035,163.424,29.151,True,False,False
O0_2,s16,s1602a,s16_s1602a_raw_nemo_buffer_000036,170.344,21.935,True,False,False
O0_2,s16,s1602a,s16_s1602a_raw_nemo_buffer_000092,347.608,3.436,False,False,False
A_O50_8,s16,s1602b,s16_s1602b_raw_nemo_buffer_000001,15.992,2.133,False,False,False
A_O50_8,s16,s1602b,s16_s1602b_raw_nemo_buffer_000001,21.56,24.0,True,False,False
A_O50_8,s16,s1602b,s16_s1602b_raw_nemo_buffer_000003,25.328,20.626,True,False,False
A_O50_8,s16,s1602b,s16_s1602b_raw_nemo_buffer_000073,262.768,25.0,True,False,False
A_O50_8,s16,s1602b,s16_s1602b_raw_nemo_buffer_000083,307.632,4.0,False,False,False
A_O50_8,s16,s1602b,s16_s1602b_raw_nemo_buffer_000092,358.112,43.0,True,False,False
A_O50_8,s16,s1602b,s16_s1602b_raw_nemo_buffer_000097,381.68,13.723,False,False,False
A_O50_8,s16,s1602b,s16_s1602b_raw_nemo_buffer_000103,397.096,24.0,True,False,False
A_O50_8,s16,s1602b,s16_s1602b_raw_nemo_buffer_000138,509.144,5.033,False,False,False
D_O0_8,s16,s1602b,s16_s1602b_raw_nemo_buffer_000001,16.0,10.133,False,False,False
D_O0_8,s16,s1602b,s16_s1602b_raw_nemo_buffer_000001,21.56,24.0,True,False,False
D_O0_8,s16,s1602b,s16_s1602b_raw_nemo_buffer_000003,25.312,4.626,False,False,False
D_O0_8,s16,s1602b,s16_s1602b_raw_nemo_buffer_000073,263.52,7.0,False,False,False
D_O0_8,s16,s1602b,s16_s1602b_raw_nemo_buffer_000092,358.088,24.0,True,False,False
D_O0_8,s16,s1602b,s16_s1602b_raw_nemo_buffer_000103,397.088,16.0,False,False,False
D_O0_8,s16,s1602b,s16_s1602b_raw_nemo_buffer_000138,509.144,5.033,False,False,False
D_O0_8,s16,s1602b,s16_s1602b_raw_nemo_buffer_000148,545.728,30.0,True,False,False
O25_4,s16,s1602b,s16_s1602b_raw_nemo_buffer_000001,16.004,14.133,False,False,False
O25_4,s16,s1602b,s16_s1602b_raw_nemo_buffer_000001,21.56,24.0,True,False,False
O25_4,s16,s1602b,s16_s1602b_raw_nemo_buffer_000003,25.324,16.626,False,False,False
O25_4,s16,s1602b,s16_s1602b_raw_nemo_buffer_000073,262.692,51.0,True,True,False
O25_4,s16,s1602b,s16_s1602b_raw_nemo_buffer_000083,307.632,4.0,False,False,False
O25_4,s16,s1602b,s16_s1602b_raw_nemo_buffer_000092,358.08,16.0,False,False,False
O25_4,s16,s1602b,s16_s1602b_raw_nemo_buffer_000103,397.084,12.0,False,False,False
O25_4,s16,s1602b,s16_s1602b_raw_nemo_buffer_000138,509.148,9.033,False,False,False
O0_4,s16,s1602b,s16_s1602b_raw_nemo_buffer_000001,21.56,24.0,True,False,False
O0_4,s16,s1602b,s16_s1602b_raw_nemo_buffer_000003,25.308,0.626,False,False,False
O0_4,s16,s1602b,s16_s1602b_raw_nemo_buffer_000073,262.848,105.0,True,True,True
O0_4,s16,s1602b,s16_s1602b_raw_nemo_buffer_000092,358.088,24.0,True,False,False
O0_4,s16,s1602b,s16_s1602b_raw_nemo_buffer_000103,397.088,16.0,False,False,False
O0_4,s16,s1602b,s16_s1602b_raw_nemo_buffer_000138,509.144,5.033,False,False,False
O0_4,s16,s1602b,s16_s1602b_raw_nemo_buffer_000148,545.708,18.336,False,False,False
O12.5_4,s16,s1602b,s16_s1602b_raw_nemo_buffer_000001,15.992,2.133,False,False,False
O12.5_4,s16,s1602b,s16_s1602b_raw_nemo_buffer_000001,21.56,24.0,True,False,False
O12.5_4,s16,s1602b,s16_s1602b_raw_nemo_buffer_000073,262.856,113.0,True,True,True
O12.5_4,s16,s1602b,s16_s1602b_raw_nemo_buffer_000092,358.068,4.0,False,False,False
O12.5_4,s16,s1602b,s16_s1602b_raw_nemo_buffer_000103,397.096,24.0,True,False,False
O12.5_4,s16,s1602b,s16_s1602b_raw_nemo_buffer_000138,509.148,9.033,False,False,False
O0_2,s16,s1602b,s16_s1602b_raw_nemo_buffer_000001,21.562,22.0,True,False,False
O0_2,s16,s1602b,s16_s1602b_raw_nemo_buffer_000003,25.308,0.626,False,False,False
O0_2,s16,s1602b,s16_s1602b_raw_nemo_buffer_000073,262.846,103.0,True,True,True
O0_2,s16,s1602b,s16_s1602b_raw_nemo_buffer_000092,358.088,24.0,True,False,False
O0_2,s16,s1602b,s16_s1602b_raw_nemo_buffer_000103,397.09,18.0,False,False,False
O0_2,s16,s1602b,s16_s1602b_raw_nemo_buffer_000138,509.144,5.033,False,False,False
O0_2,s16,s1602b,s16_s1602b_raw_nemo_buffer_000148,545.708,18.336,False,False,False
A_O50_8,s16,s1603a,s16_s1603a_raw_nemo_buffer_000004,20.136,72.0,True,True,False
A_O50_8,s16,s1603a,s16_s1603a_raw_nemo_buffer_000005,24.12,6.893,False,False,False
A_O50_8,s16,s1603a,s16_s1603a_raw_nemo_buffer_000014,64.944,3.637,False,False,False
A_O50_8,s16,s1603a,s16_s1603a_raw_nemo_buffer_000034,145.864,35.948,True,False,False
A_O50_8,s16,s1603a,s16_s1603a_raw_nemo_buffer_000048,214.832,17.0,False,False,False
A_O50_8,s16,s1603a,s16_s1603a_raw_nemo_buffer_000068,274.48,13.563,False,False,False
A_O50_8,s16,s1603a,s16_s1603a_raw_nemo_buffer_000074,293.888,48.0,True,False,False
A_O50_8,s16,s1603a,s16_s1603a_raw_nemo_buffer_000082,334.68,40.0,True,False,False
A_O50_8,s16,s1603a,s16_s1603a_raw_nemo_buffer_000092,366.104,17.0,False,False,False
A_O50_8,s16,s1603a,s16_s1603a_raw_nemo_buffer_000092,371.048,33.0,True,False,False
A_O50_8,s16,s1603a,s16_s1603a_raw_nemo_buffer_000100,404.944,54.423,True,True,False
A_O50_8,s16,s1603a,s16_s1603a_raw_nemo_buffer_000102,414.056,30.0,True,False,False
A_O50_8,s16,s1603a,s16_s1603a_raw_nemo_buffer_000121,476.928,52.0,True,True,False
A_O50_8,s16,s1603a,s16_s1603a_raw_nemo_buffer_000133,509.144,8.0,False,False,False
D_O0_8,s16,s1603a,s16_s1603a_raw_nemo_buffer_000004,20.168,40.0,True,False,False
D_O0_8,s16,s1603a,s16_s1603a_raw_nemo_buffer_000014,64.96,19.637,False,False,False
D_O0_8,s16,s1603a,s16_s1603a_raw_nemo_buffer_000074,293.888,48.0,True,False,False
D_O0_8,s16,s1603a,s16_s1603a_raw_nemo_buffer_000082,334.696,56.0,True,True,False
D_O0_8,s16,s1603a,s16_s1603a_raw_nemo_buffer_000092,366.44,41.0,True,False,False
D_O0_8,s16,s1603a,s16_s1603a_raw_nemo_buffer_000092,371.08,1.0,False,False,False
D_O0_8,s16,s1603a,s16_s1603a_raw_nemo_buffer_000102,414.048,27.492,True,False,False
D_O0_8,s16,s1603a,s16_s1603a_raw_nemo_buffer_000133,509.152,16.0,False,False,False
O25_4,s16,s1603a,s16_s1603a_raw_nemo_buffer_000004,20.164,44.0,True,False,False
O25_4,s16,s1603a,s16_s1603a_raw_nemo_buffer_000014,64.952,11.637,False,False,False
O25_4,s16,s1603a,s16_s1603a_raw_nemo_buffer_000034,145.876,39.0,True,False,False
O25_4,s16,s1603a,s16_s1603a_raw_nemo_buffer_000074,293.844,4.0,False,False,False
O25_4,s16,s1603a,s16_s1603a_raw_nemo_buffer_000082,334.692,52.0,True,True,False
O25_4,s16,s1603a,s16_s1603a_raw_nemo_buffer_000092,366.44,41.0,True,False,False
O25_4,s16,s1603a,s16_s1603a_raw_nemo_buffer_000102,414.056,30.0,True,False,False
O25_4,s16,s1603a,s16_s1603a_raw_nemo_buffer_000133,509.14,4.0,False,False,False
O25_4,s16,s1603a,s16_s1603a_raw_nemo_buffer_000155,577.636,8.347,False,False,False
O0_4,s16,s1603a,s16_s1603a_raw_nemo_buffer_000004,20.168,40.0,True,False,False
O0_4,s16,s1603a,s16_s1603a_raw_nemo_buffer_000014,64.964,23.637,True,False,False
O0_4,s16,s1603a,s16_s1603a_raw_nemo_buffer_000074,293.844,4.0,False,False,False
O0_4,s16,s1603a,s16_s1603a_raw_nemo_buffer_000082,334.692,52.0,True,True,False
O0_4,s16,s1603a,s16_s1603a_raw_nemo_buffer_000092,366.444,37.0,True,False,False
O0_4,s16,s1603a,s16_s1603a_raw_nemo_buffer_000092,371.08,1.0,False,False,False
O0_4,s16,s1603a,s16_s1603a_raw_nemo_buffer_000100,398.164,20.328,True,False,False
O0_4,s16,s1603a,s16_s1603a_raw_nemo_buffer_000102,414.044,23.492,True,False,False
O0_4,s16,s1603a,s16_s1603a_raw_nemo_buffer_000133,509.152,16.0,False,False,False
O12.5_4,s16,s1603a,s16_s1603a_raw_nemo_buffer_000004,20.16,48.0,True,False,False
O12.5_4,s16,s1603a,s16_s1603a_raw_nemo_buffer_000014,64.96,19.637,False,False,False
O12.5_4,s16,s1603a,s16_s1603a_raw_nemo_buffer_000020,92.116,5.129,False,False,False
O12.5_4,s16,s1603a,s16_s1603a_raw_nemo_buffer_000034,145.868,39.948,True,False,False
O12.5_4,s16,s1603a,s16_s1603a_raw_nemo_buffer_000074,293.844,4.0,False,False,False
O12.5_4,s16,s1603a,s16_s1603a_raw_nemo_buffer_000082,334.692,52.0,True,True,False
O12.5_4,s16,s1603a,s16_s1603a_raw_nemo_buffer_000092,366.444,37.0,True,False,False
O12.5_4,s16,s1603a,s16_s1603a_raw_nemo_buffer_000092,371.068,13.0,False,False,False
O12.5_4,s16,s1603a,s16_s1603a_raw_nemo_buffer_000100,398.164,20.328,True,False,False
O12.5_4,s16,s1603a,s16_s1603a_raw_nemo_buffer_000102,414.056,30.0,True,False,False
O12.5_4,s16,s1603a,s16_s1603a_raw_nemo_buffer_000111,438.156,11.001,False,False,False
O12.5_4,s16,s1603a,s16_s1603a_raw_nemo_buffer_000133,509.144,8.0,False,False,False
O12.5_4,s16,s1603a,s16_s1603a_raw_nemo_buffer_000155,577.672,44.0,True,False,False
O0_2,s16,s1603a,s16_s1603a_raw_nemo_buffer_000004,20.17,38.0,True,False,False
O0_2,s16,s1603a,s16_s1603a_raw_nemo_buffer_000014,64.964,23.637,True,False,False
O0_2,s16,s1603a,s16_s1603a_raw_nemo_buffer_000074,293.844,4.0,False,False,False
O0_2,s16,s1603a,s16_s1603a_raw_nemo_buffer_000082,334.694,54.0,True,True,False
O0_2,s16,s1603a,s16_s1603a_raw_nemo_buffer_000092,366.444,37.0,True,False,False
O0_2,s16,s1603a,s16_s1603a_raw_nemo_buffer_000092,371.078,3.0,False,False,False
O0_2,s16,s1603a,s16_s1603a_raw_nemo_buffer_000102,414.044,23.492,True,False,False
O0_2,s16,s1603a,s16_s1603a_raw_nemo_buffer_000133,509.15,14.0,False,False,False
A_O50_8,s16,s1604a,s16_s1604a_raw_nemo_buffer_000005,23.776,46.368,True,False,False
A_O50_8,s16,s1604a,s16_s1604a_raw_nemo_buffer_000015,54.712,71.622,True,True,False
A_O50_8,s16,s1604a,s16_s1604a_raw_nemo_buffer_000020,78.336,20.523,True,False,False
A_O50_8,s16,s1604a,s16_s1604a_raw_nemo_buffer_000025,121.824,21.154,True,False,False
A_O50_8,s16,s1604a,s16_s1604a_raw_nemo_buffer_000059,256.064,18.985,False,False,False
A_O50_8,s16,s1604a,s16_s1604a_raw_nemo_buffer_000060,260.872,32.133,True,False,False
A_O50_8,s16,s1604a,s16_s1604a_raw_nemo_buffer_000065,283.224,8.0,False,False,False
A_O50_8,s16,s1604a,s16_s1604a_raw_nemo_buffer_000082,346.944,48.0,True,False,False
A_O50_8,s16,s1604a,s16_s1604a_raw_nemo_buffer_000090,370.96,32.0,True,False,False
A_O50_8,s16,s1604a,s16_s1604a_raw_nemo_buffer_000111,434.84,40.0,True,False,False
A_O50_8,s16,s1604a,s16_s1604a_raw_nemo_buffer_000129,502.056,47.405,True,False,False
A_O50_8,s16,s1604a,s16_s1604a_raw_nemo_buffer_000130,510.328,40.0,True,False,False
A_O50_8,s16,s1604a,s16_s1604a_raw_nemo_buffer_000145,567.192,22.187,True,False,False
A_O50_8,s16,s1604a,s16_s1604a_raw_nemo_buffer_000146,568.824,6.653,False,False,False
A_O50_8,s16,s1604a,s16_s1604a_raw_nemo_buffer_000148,577.864,3.603,False,False,False
A_O50_8,s16,s1604a,s16_s1604a_raw_nemo_buffer_000152,593.496,40.0,True,False,False
A_O50_8,s16,s1604a,s16_s1604a_raw_nemo_buffer_000153,606.912,27.195,True,False,False
A_O50_8,s16,s1604a,s16_s1604a_raw_nemo_buffer_000154,616.664,39.938,True,False,False
D_O0_8,s16,s1604a,s16_s1604a_raw_nemo_buffer_000060,260.848,8.133,False,False,False
D_O0_8,s16,s1604a,s16_s1604a_raw_nemo_buffer_000065,283.232,16.0,False,False,False
D_O0_8,s16,s1604a,s16_s1604a_raw_nemo_buffer_000082,346.904,8.0,False,False,False
D_O0_8,s16,s1604a,s16_s1604a_raw_nemo_buffer_000111,434.832,32.0,True,False,False
D_O0_8,s16,s1604a,s16_s1604a_raw_nemo_buffer_000146,568.824,6.653,False,False,False
D_O0_8,s16,s1604a,s16_s1604a_raw_nemo_buffer_000148,577.872,11.603,False,False,False
D_O0_8,s16,s1604a,s16_s1604a_raw_nemo_buffer_000153,606.904,19.195,False,False,False
O25_4,s16,s1604a,s16_s1604a_raw_nemo_buffer_000000,0.028,3.329,False,False,False
O25_4,s16,s1604a,s16_s1604a_raw_nemo_buffer_000059,256.068,22.985,True,False,False
O25_4,s16,s1604a,s16_s1604a_raw_nemo_buffer_000060,260.868,28.133,True,False,False
O25_4,s16,s1604a,s16_s1604a_raw_nemo_buffer_000065,283.228,12.0,False,False,False
O25_4,s16,s1604a,s16_s1604a_raw_nemo_buffer_000082,346.916,20.0,False,False,False
O25_4,s16,s1604a,s16_s1604a_raw_nemo_buffer_000090,370.964,36.0,True,False,False
O25_4,s16,s1604a,s16_s1604a_raw_nemo_buffer_000111,434.852,52.0,True,True,False
O25_4,s16,s1604a,s16_s1604a_raw_nemo_buffer_000130,510.324,36.0,True,False,False
O25_4,s16,s1604a,s16_s1604a_raw_nemo_buffer_000148,577.872,11.603,False,False,False
O25_4,s16,s1604a,s16_s1604a_raw_nemo_buffer_000152,593.496,40.0,True,False,False
O25_4,s16,s1604a,s16_s1604a_raw_nemo_buffer_000154,616.668,43.938,True,False,False
O0_4,s16,s1604a,s16_s1604a_raw_nemo_buffer_000000,0.028,3.329,False,False,False
O0_4,s16,s1604a,s16_s1604a_raw_nemo_buffer_000015,55.244,0.287,False,False,False
O0_4,s16,s1604a,s16_s1604a_raw_nemo_buffer_000060,260.848,8.133,False,False,False
O0_4,s16,s1604a,s16_s1604a_raw_nemo_buffer_000065,283.228,12.0,False,False,False
O0_4,s16,s1604a,s16_s1604a_raw_nemo_buffer_000082,346.904,8.0,False,False,False
O0_4,s16,s1604a,s16_s1604a_raw_nemo_buffer_000111,434.832,32.0,True,False,False
O0_4,s16,s1604a,s16_s1604a_raw_nemo_buffer_000130,510.304,16.0,False,False,False
O0_4,s16,s1604a,s16_s1604a_raw_nemo_buffer_000146,568.824,6.653,False,False,False
O0_4,s16,s1604a,s16_s1604a_raw_nemo_buffer_000148,577.872,11.603,False,False,False
O0_4,s16,s1604a,s16_s1604a_raw_nemo_buffer_000153,606.908,23.195,True,False,False
O12.5_4,s16,s1604a,s16_s1604a_raw_nemo_buffer_000000,0.028,3.329,False,False,False
O12.5_4,s16,s1604a,s16_s1604a_raw_nemo_buffer_000059,256.064,18.985,False,False,False
O12.5_4,s16,s1604a,s16_s1604a_raw_nemo_buffer_000060,260.868,28.133,True,False,False
O12.5_4,s16,s1604a,s16_s1604a_raw_nemo_buffer_000065,283.22,4.0,False,False,False
O12.5_4,s16,s1604a,s16_s1604a_raw_nemo_buffer_000082,346.904,8.0,False,False,False
O12.5_4,s16,s1604a,s16_s1604a_raw_nemo_buffer_000090,370.948,20.0,False,False,False
O12.5_4,s16,s1604a,s16_s1604a_raw_nemo_buffer_000111,434.852,52.0,True,True,False
O12.5_4,s16,s1604a,s16_s1604a_raw_nemo_buffer_000130,510.292,4.0,False,False,False
O12.5_4,s16,s1604a,s16_s1604a_raw_nemo_buffer_000146,568.824,6.653,False,False,False
O12.5_4,s16,s1604a,s16_s1604a_raw_nemo_buffer_000148,577.872,11.603,False,False,False
O12.5_4,s16,s1604a,s16_s1604a_raw_nemo_buffer_000152,593.496,40.0,True,False,False
O0_2,s16,s1604a,s16_s1604a_raw_nemo_buffer_000000,0.028,3.329,False,False,False
O0_2,s16,s1604a,s16_s1604a_raw_nemo_buffer_000015,55.244,0.287,False,False,False
O0_2,s16,s1604a,s16_s1604a_raw_nemo_buffer_000059,256.064,18.985,False,False,False
O0_2,s16,s1604a,s16_s1604a_raw_nemo_buffer_000060,260.848,8.133,False,False,False
O0_2,s16,s1604a,s16_s1604a_raw_nemo_buffer_000065,283.228,12.0,False,False,False
O0_2,s16,s1604a,s16_s1604a_raw_nemo_buffer_000082,346.904,8.0,False,False,False
O0_2,s16,s1604a,s16_s1604a_raw_nemo_buffer_000090,370.958,30.0,True,False,False
O0_2,s16,s1604a,s16_s1604a_raw_nemo_buffer_000111,434.83,30.0,True,False,False
O0_2,s16,s1604a,s16_s1604a_raw_nemo_buffer_000130,510.306,18.0,False,False,False
O0_2,s16,s1604a,s16_s1604a_raw_nemo_buffer_000146,568.826,8.653,False,False,False
O0_2,s16,s1604a,s16_s1604a_raw_nemo_buffer_000148,577.872,11.603,False,False,False
A_O50_8,s17,s1701a,s17_s1701a_raw_nemo_buffer_000008,17.68,24.0,True,False,False
A_O50_8,s17,s1701a,s17_s1701a_raw_nemo_buffer_000012,54.84,22.0,True,False,False
A_O50_8,s17,s1701a,s17_s1701a_raw_nemo_buffer_000018,117.88,31.0,True,False,False
A_O50_8,s17,s1701a,s17_s1701a_raw_nemo_buffer_000020,132.0,12.0,False,False,False
A_O50_8,s17,s1701a,s17_s1701a_raw_nemo_buffer_000020,139.712,50.0,True,False,False
A_O50_8,s17,s1701a,s17_s1701a_raw_nemo_buffer_000024,177.768,33.0,True,False,False
A_O50_8,s17,s1701a,s17_s1701a_raw_nemo_buffer_000029,197.816,28.0,True,False,False
A_O50_8,s17,s1701a,s17_s1701a_raw_nemo_buffer_000036,220.176,20.0,False,False,False
A_O50_8,s17,s1701a,s17_s1701a_raw_nemo_buffer_000048,288.008,10.466,False,False,False
A_O50_8,s17,s1701a,s17_s1701a_raw_nemo_buffer_000053,317.128,72.0,True,True,False
A_O50_8,s17,s1701a,s17_s1701a_raw_nemo_buffer_000057,347.824,37.0,True,False,False
D_O0_8,s17,s1701a,s17_s1701a_raw_nemo_buffer_000018,117.88,31.0,True,False,False
D_O0_8,s17,s1701a,s17_s1701a_raw_nemo_buffer_000020,142.152,15.951,False,False,False
D_O0_8,s17,s1701a,s17_s1701a_raw_nemo_buffer_000057,347.032,138.64,True,True,True
O25_4,s17,s1701a,s17_s1701a_raw_nemo_buffer_000008,17.68,24.0,True,False,False
O25_4,s17,s1701a,s17_s1701a_raw_nemo_buffer_000012,47.128,1.093,False,False,False
O25_4,s17,s1701a,s17_s1701a_raw_nemo_buffer_000012,54.844,18.0,False,False,False
O25_4,s17,s1701a,s17_s1701a_raw_nemo_buffer_000016,99.372,56.0,True,True,False
O25_4,s17,s1701a,s17_s1701a_raw_nemo_buffer_000018,117.88,31.0,True,False,False
O25_4,s17,s1701a,s17_s1701a_raw_nemo_buffer_000020,140.588,99.795,True,True,False
O25_4,s17,s1701a,s17_s1701a_raw_nemo_buffer_000020,142.156,19.951,False,False,False
O25_4,s17,s1701a,s17_s1701a_raw_nemo_buffer_000024,171.1,76.0,True,True,False
O25_4,s17,s1701a,s17_s1701a_raw_nemo_buffer_000048,288.0,2.466,False,False,False
O25_4,s17,s1701a,s17_s1701a_raw_nemo_buffer_000057,347.828,33.0,True,False,False
O0_4,s17,s1701a,s17_s1701a_raw_nemo_buffer_000018,117.88,31.0,True,False,False
O0_4,s17,s1701a,s17_s1701a_raw_nemo_buffer_000020,142.156,19.951,False,False,False
O0_4,s17,s1701a,s17_s1701a_raw_nemo_buffer_000057,347.036,142.64,True,True,True
O12.5_4,s17,s1701a,s17_s1701a_raw_nemo_buffer_000018,117.86,11.0,False,False,False
O12.5_4,s17,s1701a,s17_s1701a_raw_nemo_buffer_000020,140.588,99.795,True,True,False
O12.5_4,s17,s1701a,s17_s1701a_raw_nemo_buffer_000057,347.828,33.0,True,False,False
O0_2,s17,s1701a,s17_s1701a_raw_nemo_buffer_000018,117.878,29.0,True,False,False
O0_2,s17,s1701a,s17_s1701a_raw_nemo_buffer_000020,142.154,17.951,False,False,False
O0_2,s17,s1701a,s17_s1701a_raw_nemo_buffer_000057,347.036,142.64,True,True,True
A_O50_8,s17,s1702a,s17_s1702a_raw_nemo_buffer_000006,30.36,34.0,True,False,False
A_O50_8,s17,s1702a,s17_s1702a_raw_nemo_buffer_000011,48.504,5.692,False,False,False
A_O50_8,s17,s1702a,s17_s1702a_raw_nemo_buffer_000013,69.312,33.0,True,False,False
A_O50_8,s17,s1702a,s17_s1702a_raw_nemo_buffer_000013,76.92,45.0,True,False,False
A_O50_8,s17,s1702a,s17_s1702a_raw_nemo_buffer_000037,173.064,72.0,True,True,False
A_O50_8,s17,s1702a,s17_s1702a_raw_nemo_buffer_000051,228.552,0.37,False,False,False
A_O50_8,s17,s1702a,s17_s1702a_raw_nemo_buffer_000052,243.2,41.255,True,False,False
A_O50_8,s17,s1702a,s17_s1702a_raw_nemo_buffer_000065,305.328,21.494,True,False,False
A_O50_8,s17,s1702a,s17_s1702a_raw_nemo_buffer_000076,360.72,10.224,False,False,False
A_O50_8,s17,s1702a,s17_s1702a_raw_nemo_buffer_000086,406.784,31.0,True,False,False
A_O50_8,s17,s1702a,s17_s1702a_raw_nemo_buffer_000090,448.864,90.0,True,True,False
A_O50_8,s17,s1702a,s17_s1702a_raw_nemo_buffer_000092,451.224,26.773,True,False,False
A_O50_8,s17,s1702a,s17_s1702a_raw_nemo_buffer_000096,473.8,11.0,False,False,False
A_O50_8,s17,s1702a,s17_s1702a_raw_nemo_buffer_000098,477.0,39.0,True,False,False
A_O50_8,s17,s1702a,s17_s1702a_raw_nemo_buffer_000108,512.744,56.0,True,True,False
A_O50_8,s17,s1702a,s17_s1702a_raw_nemo_buffer_000110,519.032,28.0,True,False,False
A_O50_8,s17,s1702a,s17_s1702a_raw_nemo_buffer_000110,526.016,45.0,True,False,False
D_O0_8,s17,s1702a,s17_s1702a_raw_nemo_buffer_000002,12.912,24.375,True,False,False
D_O0_8,s17,s1702a,s17_s1702a_raw_nemo_buffer_000006,30.36,34.0,True,False,False
D_O0_8,s17,s1702a,s17_s1702a_raw_nemo_buffer_000006,36.008,55.0,True,True,False
D_O0_8,s17,s1702a,s17_s1702a_raw_nemo_buffer_000012,63.968,52.0,True,True,False
D_O0_8,s17,s1702a,s17_s1702a_raw_nemo_buffer_000030,130.768,12.0,False,False,False
D_O0_8,s17,s1702a,s17_s1702a_raw_nemo_buffer_000030,138.288,63.823,True,True,False
D_O0_8,s17,s1702a,s17_s1702a_raw_nemo_buffer_000052,243.2,41.255,True,False,False
D_O0_8,s17,s1702a,s17_s1702a_raw_nemo_buffer_000065,305.32,13.494,False,False,False
D_O0_8,s17,s1702a,s17_s1702a_raw_nemo_buffer_000086,406.184,35.0,True,False,False
D_O0_8,s17,s1702a,s17_s1702a_raw_nemo_buffer_000098,477.008,31.0,True,False,False
O25_4,s17,s1702a,s17_s1702a_raw_nemo_buffer_000006,30.364,30.0,True,False,False
O25_4,s17,s1702a,s17_s1702a_raw_nemo_buffer_000006,36.012,51.0,True,True,False
O25_4,s17,s1702a,s17_s1702a_raw_nemo_buffer_000012,63.984,36.0,True,False,False
O25_4,s17,s1702a,s17_s1702a_raw_nemo_buffer_000013,69.324,45.0,True,False,False
O25_4,s17,s1702a,s17_s1702a_raw_nemo_buffer_000013,75.64,24.0,True,False,False
O25_4,s17,s1702a,s17_s1702a_raw_nemo_buffer_000030,130.78,24.0,True,False,False
O25_4,s17,s1702a,s17_s1702a_raw_nemo_buffer_000030,138.248,23.823,True,False,False
O25_4,s17,s1702a,s17_s1702a_raw_nemo_buffer_000037,173.064,72.0,True,True,False
O25_4,s17,s1702a,s17_s1702a_raw_nemo_buffer_000051,228.552,0.37,False,False,False
O25_4,s17,s1702a,s17_s1702a_raw_nemo_buffer_000052,243.192,49.255,True,False,False
O25_4,s17,s1702a,s17_s1702a_raw_nemo_buffer_000065,305.316,9.494,False,False,False
O25_4,s17,s1702a,s17_s1702a_raw_nemo_buffer_000086,406.788,27.0,True,False,False
O25_4,s17,s1702a,s17_s1702a_raw_nemo_buffer_000090,448.872,82.0,True,True,False
O25_4,s17,s1702a,s17_s1702a_raw_nemo_buffer_000092,451.208,10.773,False,False,False
O25_4,s17,s1702a,s17_s1702a_raw_nemo_buffer_000098,477.008,31.0,True,False,False
O25_4,s17,s1702a,s17_s1702a_raw_nemo_buffer_000108,512.744,56.0,True,True,False
O0_4,s17,s1702a,s17_s1702a_raw_nemo_buffer_000002,12.908,20.375,True,False,False
O0_4,s17,s1702a,s17_s1702a_raw_nemo_buffer_000006,30.356,38.0,True,False,False
O0_4,s17,s1702a,s17_s1702a_raw_nemo_buffer_000006,36.008,55.0,True,True,False
O0_4,s17,s1702a,s17_s1702a_raw_nemo_buffer_000012,63.968,52.0,True,True,False
O0_4,s17,s1702a,s17_s1702a_raw_nemo_buffer_000013,75.64,24.0,True,False,False
O0_4,s17,s1702a,s17_s1702a_raw_nemo_buffer_000030,130.78,24.0,True,False,False
O0_4,s17,s1702a,s17_s1702a_raw_nemo_buffer_000030,138.288,63.823,True,True,False
O0_4,s17,s1702a,s17_s1702a_raw_nemo_buffer_000052,243.2,41.255,True,False,False
O0_4,s17,s1702a,s17_s1702a_raw_nemo_buffer_000065,305.316,9.494,False,False,False
O0_4,s17,s1702a,s17_s1702a_raw_nemo_buffer_000086,406.188,39.0,True,False,False
O0_4,s17,s1702a,s17_s1702a_raw_nemo_buffer_000098,477.008,31.0,True,False,False
O0_4,s17,s1702a,s17_s1702a_raw_nemo_buffer_000108,512.744,56.0,True,True,False
O12.5_4,s17,s1702a,s17_s1702a_raw_nemo_buffer_000002,12.908,20.375,True,False,False
O12.5_4,s17,s1702a,s17_s1702a_raw_nemo_buffer_000006,30.36,34.0,True,False,False
O12.5_4,s17,s1702a,s17_s1702a_raw_nemo_buffer_000006,36.028,35.0,True,False,False
O12.5_4,s17,s1702a,s17_s1702a_raw_nemo_buffer_000011,48.516,17.692,False,False,False
O12.5_4,s17,s1702a,s17_s1702a_raw_nemo_buffer_000012,63.988,32.0,True,False,False
O12.5_4,s17,s1702a,s17_s1702a_raw_nemo_buffer_000013,75.64,24.0,True,False,False
O12.5_4,s17,s1702a,s17_s1702a_raw_nemo_buffer_000030,130.78,24.0,True,False,False
O12.5_4,s17,s1702a,s17_s1702a_raw_nemo_buffer_000030,138.256,31.823,True,False,False
O12.5_4,s17,s1702a,s17_s1702a_raw_nemo_buffer_000037,173.072,64.0,True,True,False
O12.5_4,s17,s1702a,s17_s1702a_raw_nemo_buffer_000052,243.188,53.255,True,True,False
O12.5_4,s17,s1702a,s17_s1702a_raw_nemo_buffer_000065,305.316,9.494,False,False,False
O12.5_4,s17,s1702a,s17_s1702a_raw_nemo_buffer_000086,406.188,39.0,True,False,False
O12.5_4,s17,s1702a,s17_s1702a_raw_nemo_buffer_000090,448.86,94.0,True,True,False
O12.5_4,s17,s1702a,s17_s1702a_raw_nemo_buffer_000092,451.212,14.773,False,False,False
O12.5_4,s17,s1702a,s17_s1702a_raw_nemo_buffer_000098,477.008,31.0,True,False,False
O12.5_4,s17,s1702a,s17_s1702a_raw_nemo_buffer_000108,512.708,20.0,False,False,False
O0_2,s17,s1702a,s17_s1702a_raw_nemo_buffer_000002,12.908,20.375,True,False,False
O0_2,s17,s1702a,s17_s1702a_raw_nemo_buffer_000006,30.356,38.0,True,False,False
O0_2,s17,s1702a,s17_s1702a_raw_nemo_buffer_000012,63.968,52.0,True,True,False
O0_2,s17,s1702a,s17_s1702a_raw_nemo_buffer_000013,75.638,26.0,True,False,False
O0_2,s17,s1702a,s17_s1702a_raw_nemo_buffer_000030,130.78,24.0,True,False,False
O0_2,s17,s1702a,s17_s1702a_raw_nemo_buffer_000030,138.288,63.823,True,True,False
O0_2,s17,s1702a,s17_s1702a_raw_nemo_buffer_000037,173.064,72.0,True,True,False
O0_2,s17,s1702a,s17_s1702a_raw_nemo_buffer_000052,243.2,41.255,True,False,False
O0_2,s17,s1702a,s17_s1702a_raw_nemo_buffer_000065,305.316,9.494,False,False,False
O0_2,s17,s1702a,s17_s1702a_raw_nemo_buffer_000086,406.19,41.0,True,False,False
O0_2,s17,s1702a,s17_s1702a_raw_nemo_buffer_000098,477.008,31.0,True,False,False
O0_2,s17,s1702a,s17_s1702a_raw_nemo_buffer_000108,512.744,56.0,True,True,False
A_O50_8,s17,s1703a,s17_s1703a_raw_nemo_buffer_000001,9.552,25.06,True,False,False
A_O50_8,s17,s1703a,s17_s1703a_raw_nemo_buffer_000006,37.28,43.0,True,False,False
A_O50_8,s17,s1703a,s17_s1703a_raw_nemo_buffer_000012,67.144,103.0,True,True,True
A_O50_8,s17,s1703a,s17_s1703a_raw_nemo_buffer_000018,92.384,16.0,False,False,False
A_O50_8,s17,s1703a,s17_s1703a_raw_nemo_buffer_000020,108.336,32.0,True,False,False
A_O50_8,s17,s1703a,s17_s1703a_raw_nemo_buffer_000039,219.896,8.0,False,False,False
A_O50_8,s17,s1703a,s17_s1703a_raw_nemo_buffer_000042,248.992,16.0,False,False,False
A_O50_8,s17,s1703a,s17_s1703a_raw_nemo_buffer_000042,256.824,16.0,False,False,False
A_O50_8,s17,s1703a,s17_s1703a_raw_nemo_buffer_000042,263.48,16.0,False,False,False
A_O50_8,s17,s1703a,s17_s1703a_raw_nemo_buffer_000044,272.376,24.0,True,False,False
A_O50_8,s17,s1703a,s17_s1703a_raw_nemo_buffer_000055,325.216,17.0,False,False,False
A_O50_8,s17,s1703a,s17_s1703a_raw_nemo_buffer_000056,333.288,29.644,True,False,False
A_O50_8,s17,s1703a,s17_s1703a_raw_nemo_buffer_000082,425.864,54.0,True,True,False
A_O50_8,s17,s1703a,s17_s1703a_raw_nemo_buffer_000082,433.36,15.0,False,False,False
A_O50_8,s17,s1703a,s17_s1703a_raw_nemo_buffer_000086,443.12,14.0,False,False,False
A_O50_8,s17,s1703a,s17_s1703a_raw_nemo_buffer_000086,450.976,16.19,False,False,False
A_O50_8,s17,s1703a,s17_s1703a_raw_nemo_buffer_000097,474.264,40.0,True,False,False
A_O50_8,s17,s1703a,s17_s1703a_raw_nemo_buffer_000105,510.808,21.0,True,False,False
A_O50_8,s17,s1703a,s17_s1703a_raw_nemo_buffer_000107,526.52,46.0,True,False,False
A_O50_8,s17,s1703a,s17_s1703a_raw_nemo_buffer_000109,534.216,24.0,True,False,False
D_O0_8,s17,s1703a,s17_s1703a_raw_nemo_buffer_000000,4.0,103.643,True,True,True
D_O0_8,s17,s1703a,s17_s1703a_raw_nemo_buffer_000020,108.36,8.0,False,False,False
D_O0_8,s17,s1703a,s17_s1703a_raw_nemo_buffer_000039,219.912,24.0,True,False,False
D_O0_8,s17,s1703a,s17_s1703a_raw_nemo_buffer_000042,248.992,16.0,False,False,False
D_O0_8,s17,s1703a,s17_s1703a_raw_nemo_buffer_000042,261.704,122.0,True,True,True
D_O0_8,s17,s1703a,s17_s1703a_raw_nemo_buffer_000042,270.232,117.0,True,True,True
D_O0_8,s17,s1703a,s17_s1703a_raw_nemo_buffer_000044,272.368,16.0,False,False,False
D_O0_8,s17,s1703a,s17_s1703a_raw_nemo_buffer_000056,333.24,3.488,False,False,False
D_O0_8,s17,s1703a,s17_s1703a_raw_nemo_buffer_000086,450.976,16.19,False,False,False
D_O0_8,s17,s1703a,s17_s1703a_raw_nemo_buffer_000097,474.256,32.0,True,False,False
D_O0_8,s17,s1703a,s17_s1703a_raw_nemo_buffer_000109,534.208,16.0,False,False,False
O25_4,s17,s1703a,s17_s1703a_raw_nemo_buffer_000000,3.94,43.643,True,False,False
O25_4,s17,s1703a,s17_s1703a_raw_nemo_buffer_000001,9.572,35.658,True,False,False
O25_4,s17,s1703a,s17_s1703a_raw_nemo_buffer_000012,67.148,99.0,True,True,False
O25_4,s17,s1703a,s17_s1703a_raw_nemo_buffer_000018,92.384,16.0,False,False,False
O25_4,s17,s1703a,s17_s1703a_raw_nemo_buffer_000020,108.36,8.0,False,False,False
O25_4,s17,s1703a,s17_s1703a_raw_nemo_buffer_000039,219.932,44.0,True,False,False
O25_4,s17,s1703a,s17_s1703a_raw_nemo_buffer_000042,250.608,66.0,True,True,False
O25_4,s17,s1703a,s17_s1703a_raw_nemo_buffer_000042,263.476,20.0,False,False,False
O25_4,s17,s1703a,s17_s1703a_raw_nemo_buffer_000044,272.364,12.0,False,False,False
O25_4,s17,s1703a,s17_s1703a_raw_nemo_buffer_000055,326.592,54.0,True,True,False
O25_4,s17,s1703a,s17_s1703a_raw_nemo_buffer_000069,388.5,4.0,False,False,False
O25_4,s17,s1703a,s17_s1703a_raw_nemo_buffer_000082,425.86,58.0,True,True,False
O25_4,s17,s1703a,s17_s1703a_raw_nemo_buffer_000082,433.364,11.0,False,False,False
O25_4,s17,s1703a,s17_s1703a_raw_nemo_buffer_000086,450.968,8.19,False,False,False
O25_4,s17,s1703a,s17_s1703a_raw_nemo_buffer_000097,474.264,40.0,True,False,False
O25_4,s17,s1703a,s17_s1703a_raw_nemo_buffer_000109,534.204,12.0,False,False,False
O0_4,s17,s1703a,s17_s1703a_raw_nemo_buffer_000000,3.996,99.643,True,True,False
O0_4,s17,s1703a,s17_s1703a_raw_nemo_buffer_000012,67.148,99.0,True,True,False
O0_4,s17,s1703a,s17_s1703a_raw_nemo_buffer_000020,108.364,4.0,False,False,False
O0_4,s17,s1703a,s17_s1703a_raw_nemo_buffer_000039,219.908,20.0,False,False,False
O0_4,s17,s1703a,s17_s1703a_raw_nemo_buffer_000042,248.992,16.0,False,False,False
O0_4,s17,s1703a,s17_s1703a_raw_nemo_buffer_000042,261.704,122.0,True,True,True
O0_4,s17,s1703a,s17_s1703a_raw_nemo_buffer_000044,272.364,12.0,False,False,False
O0_4,s17,s1703a,s17_s1703a_raw_nemo_buffer_000069,388.504,8.0,False,False,False
O0_4,s17,s1703a,s17_s1703a_raw_nemo_buffer_000086,450.976,16.19,False,False,False
O0_4,s17,s1703a,s17_s1703a_raw_nemo_buffer_000097,474.26,36.0,True,False,False
O0_4,s17,s1703a,s17_s1703a_raw_nemo_buffer_000109,534.208,16.0,False,False,False
O12.5_4,s17,s1703a,s17_s1703a_raw_nemo_buffer_000000,3.944,47.643,True,False,False
O12.5_4,s17,s1703a,s17_s1703a_raw_nemo_buffer_000001,9.572,35.658,True,False,False
O12.5_4,s17,s1703a,s17_s1703a_raw_nemo_buffer_000012,67.148,99.0,True,True,False
O12.5_4,s17,s1703a,s17_s1703a_raw_nemo_buffer_000020,108.364,4.0,False,False,False
O12.5_4,s17,s1703a,s17_s1703a_raw_nemo_buffer_000039,219.896,8.0,False,False,False
O12.5_4,s17,s1703a,s17_s1703a_raw_nemo_buffer_000042,248.984,8.0,False,False,False
O12.5_4,s17,s1703a,s17_s1703a_raw_nemo_buffer_000042,263.48,16.0,False,False,False
O12.5_4,s17,s1703a,s17_s1703a_raw_nemo_buffer_000044,272.368,16.0,False,False,False
O12.5_4,s17,s1703a,s17_s1703a_raw_nemo_buffer_000069,388.504,8.0,False,False,False
O12.5_4,s17,s1703a,s17_s1703a_raw_nemo_buffer_000086,450.98,20.19,True,False,False
O12.5_4,s17,s1703a,s17_s1703a_raw_nemo_buffer_000097,474.248,24.0,True,False,False
O12.5_4,s17,s1703a,s17_s1703a_raw_nemo_buffer_000109,534.22,28.0,True,False,False
O0_2,s17,s1703a,s17_s1703a_raw_nemo_buffer_000000,3.996,99.643,True,True,False
O0_2,s17,s1703a,s17_s1703a_raw_nemo_buffer_000012,67.148,99.0,True,True,False
O0_2,s17,s1703a,s17_s1703a_raw_nemo_buffer_000020,108.364,4.0,False,False,False
O0_2,s17,s1703a,s17_s1703a_raw_nemo_buffer_000039,219.91,22.0,True,False,False
O0_2,s17,s1703a,s17_s1703a_raw_nemo_buffer_000042,248.994,18.0,False,False,False
O0_2,s17,s1703a,s17_s1703a_raw_nemo_buffer_000042,261.71,128.0,True,True,True
O0_2,s17,s1703a,s17_s1703a_raw_nemo_buffer_000044,272.362,10.0,False,False,False
O0_2,s17,s1703a,s17_s1703a_raw_nemo_buffer_000069,388.504,8.0,False,False,False
O0_2,s17,s1703a,s17_s1703a_raw_nemo_buffer_000086,450.976,16.19,False,False,False
O0_2,s17,s1703a,s17_s1703a_raw_nemo_buffer_000097,474.26,36.0,True,False,False
O0_2,s17,s1703a,s17_s1703a_raw_nemo_buffer_000109,534.21,18.0,False,False,False
A_O50_8,s17,s1703b,s17_s1703b_raw_nemo_buffer_000006,26.84,2.915,False,False,False
A_O50_8,s17,s1703b,s17_s1703b_raw_nemo_buffer_000042,189.984,48.0,True,False,False
A_O50_8,s17,s1703b,s17_s1703b_raw_nemo_buffer_000048,218.24,37.0,True,False,False
D_O0_8,s17,s1703b,s17_s1703b_raw_nemo_buffer_000006,26.84,2.915,False,False,False
D_O0_8,s17,s1703b,s17_s1703b_raw_nemo_buffer_000007,35.776,54.0,True,True,False
D_O0_8,s17,s1703b,s17_s1703b_raw_nemo_buffer_000027,125.68,58.0,True,True,False
D_O0_8,s17,s1703b,s17_s1703b_raw_nemo_buffer_000042,189.984,48.0,True,False,False
D_O0_8,s17,s1703b,s17_s1703b_raw_nemo_buffer_000045,204.432,7.0,False,False,False
D_O0_8,s17,s1703b,s17_s1703b_raw_nemo_buffer_000048,218.24,37.0,True,False,False
D_O0_8,s17,s1703b,s17_s1703b_raw_nemo_buffer_000060,291.776,59.0,True,True,False
O25_4,s17,s1703b,s17_s1703b_raw_nemo_buffer_000006,26.848,10.915,False,False,False
O25_4,s17,s1703b,s17_s1703b_raw_nemo_buffer_000042,189.968,32.0,True,False,False
O25_4,s17,s1703b,s17_s1703b_raw_nemo_buffer_000045,204.428,3.0,False,False,False
O25_4,s17,s1703b,s17_s1703b_raw_nemo_buffer_000048,218.232,29.0,True,False,False
O25_4,s17,s1703b,s17_s1703b_raw_nemo_buffer_000052,254.06,41.0,True,False,False
O25_4,s17,s1703b,s17_s1703b_raw_nemo_buffer_000060,291.776,59.0,True,True,False
O0_4,s17,s1703b,s17_s1703b_raw_nemo_buffer_000006,26.84,2.915,False,False,False
O0_4,s17,s1703b,s17_s1703b_raw_nemo_buffer_000007,35.776,54.0,True,True,False
O0_4,s17,s1703b,s17_s1703b_raw_nemo_buffer_000027,125.68,58.0,True,True,False
O0_4,s17,s1703b,s17_s1703b_raw_nemo_buffer_000042,189.984,48.0,True,False,False
O0_4,s17,s1703b,s17_s1703b_raw_nemo_buffer_000045,204.432,7.0,False,False,False
O0_4,s17,s1703b,s17_s1703b_raw_nemo_buffer_000048,218.24,37.0,True,False,False
O0_4,s17,s1703b,s17_s1703b_raw_nemo_buffer_000060,291.776,59.0,True,True,False
O12.5_4,s17,s1703b,s17_s1703b_raw_nemo_buffer_000006,26.852,12.0,False,False,False
O12.5_4,s17,s1703b,s17_s1703b_raw_nemo_buffer_000027,125.7,65.0,True,True,False
O12.5_4,s17,s1703b,s17_s1703b_raw_nemo_buffer_000042,189.968,32.0,True,False,False
O12.5_4,s17,s1703b,s17_s1703b_raw_nemo_buffer_000048,218.236,33.0,True,False,False
O12.5_4,s17,s1703b,s17_s1703b_raw_nemo_buffer_000052,254.056,45.0,True,False,False
O12.5_4,s17,s1703b,s17_s1703b_raw_nemo_buffer_000060,291.768,51.0,True,True,False
O0_2,s17,s1703b,s17_s1703b_raw_nemo_buffer_000006,26.854,10.0,False,False,False
O0_2,s17,s1703b,s17_s1703b_raw_nemo_buffer_000007,35.758,36.0,True,False,False
O0_2,s17,s1703b,s17_s1703b_raw_nemo_buffer_000027,125.68,58.0,True,True,False
O0_2,s17,s1703b,s17_s1703b_raw_nemo_buffer_000042,189.986,50.0,True,False,False
O0_2,s17,s1703b,s17_s1703b_raw_nemo_buffer_000045,204.434,9.0,False,False,False
O0_2,s17,s1703b,s17_s1703b_raw_nemo_buffer_000048,218.24,37.0,True,False,False
O0_2,s17,s1703b,s17_s1703b_raw_nemo_buffer_000060,291.774,57.0,True,True,False
A_O50_8,s18,s1801a,s18_s1801a_raw_nemo_buffer_000024,101.176,40.0,True,False,False
A_O50_8,s18,s1801a,s18_s1801a_raw_nemo_buffer_000029,122.824,2.184,False,False,False
A_O50_8,s18,s1801a,s18_s1801a_raw_nemo_buffer_000090,390.56,24.287,True,False,False
A_O50_8,s18,s1801a,s18_s1801a_raw_nemo_buffer_000125,522.96,19.75,False,False,False
A_O50_8,s18,s1801a,s18_s1801a_raw_nemo_buffer_000131,539.624,28.5,True,False,False
A_O50_8,s18,s1801a,s18_s1801a_raw_nemo_buffer_000132,547.984,28.687,True,False,False
A_O50_8,s18,s1801a,s18_s1801a_raw_nemo_buffer_000134,565.192,14.351,False,False,False
D_O0_8,s18,s1801a,s18_s1801a_raw_nemo_buffer_000024,101.16,24.0,True,False,False
D_O0_8,s18,s1801a,s18_s1801a_raw_nemo_buffer_000052,247.48,45.75,True,False,False
D_O0_8,s18,s1801a,s18_s1801a_raw_nemo_buffer_000084,366.696,9.206,False,False,False
D_O0_8,s18,s1801a,s18_s1801a_raw_nemo_buffer_000090,390.576,40.287,True,False,False
D_O0_8,s18,s1801a,s18_s1801a_raw_nemo_buffer_000125,522.944,3.75,False,False,False
D_O0_8,s18,s1801a,s18_s1801a_raw_nemo_buffer_000131,538.072,40.0,True,False,False
D_O0_8,s18,s1801a,s18_s1801a_raw_nemo_buffer_000131,545.384,46.473,True,False,False
D_O0_8,s18,s1801a,s18_s1801a_raw_nemo_buffer_000134,565.184,6.351,False,False,False
O25_4,s18,s1801a,s18_s1801a_raw_nemo_buffer_000024,101.18,44.0,True,False,False
O25_4,s18,s1801a,s18_s1801a_raw_nemo_buffer_000069,313.708,5.193,False,False,False
O25_4,s18,s1801a,s18_s1801a_raw_nemo_buffer_000084,366.688,1.206,False,False,False
O25_4,s18,s1801a,s18_s1801a_raw_nemo_buffer_000090,390.56,24.287,True,False,False
O25_4,s18,s1801a,s18_s1801a_raw_nemo_buffer_000125,522.956,15.75,False,False,False
O25_4,s18,s1801a,s18_s1801a_raw_nemo_buffer_000131,538.068,36.0,True,False,False
O25_4,s18,s1801a,s18_s1801a_raw_nemo_buffer_000131,545.364,26.625,True,False,False
O25_4,s18,s1801a,s18_s1801a_raw_nemo_buffer_000132,547.988,32.687,True,False,False
O0_4,s18,s1801a,s18_s1801a_raw_nemo_buffer_000024,101.164,28.0,True,False,False
O0_4,s18,s1801a,s18_s1801a_raw_nemo_buffer_000052,247.48,45.75,True,False,False
O0_4,s18,s1801a,s18_s1801a_raw_nemo_buffer_000084,366.696,9.206,False,False,False
O0_4,s18,s1801a,s18_s1801a_raw_nemo_buffer_000090,390.576,40.287,True,False,False
O0_4,s18,s1801a,s18_s1801a_raw_nemo_buffer_000131,538.072,40.0,True,False,False
O0_4,s18,s1801a,s18_s1801a_raw_nemo_buffer_000131,545.384,46.473,True,False,False
O0_4,s18,s1801a,s18_s1801a_raw_nemo_buffer_000134,565.184,6.351,False,False,False
O12.5_4,s18,s1801a,s18_s1801a_raw_nemo_buffer_000024,101.184,42.022,True,False,False
O12.5_4,s18,s1801a,s18_s1801a_raw_nemo_buffer_000084,366.696,9.206,False,False,False
O12.5_4,s18,s1801a,s18_s1801a_raw_nemo_buffer_000090,390.56,24.287,True,False,False
O12.5_4,s18,s1801a,s18_s1801a_raw_nemo_buffer_000125,522.948,7.75,False,False,False
O12.5_4,s18,s1801a,s18_s1801a_raw_nemo_buffer_000131,538.072,40.0,True,False,False
O12.5_4,s18,s1801a,s18_s1801a_raw_nemo_buffer_000131,545.384,46.473,True,False,False
O12.5_4,s18,s1801a,s18_s1801a_raw_nemo_buffer_000134,565.192,14.351,False,False,False
O0_2,s18,s1801a,s18_s1801a_raw_nemo_buffer_000024,101.162,26.0,True,False,False
O0_2,s18,s1801a,s18_s1801a_raw_nemo_buffer_000052,247.482,43.75,True,False,False
O0_2,s18,s1801a,s18_s1801a_raw_nemo_buffer_000084,366.696,9.206,False,False,False
O0_2,s18,s1801a,s18_s1801a_raw_nemo_buffer_000090,390.576,40.287,True,False,False
O0_2,s18,s1801a,s18_s1801a_raw_nemo_buffer_000125,522.946,5.75,False,False,False
O0_2,s18,s1801a,s18_s1801a_raw_nemo_buffer_000131,538.072,40.0,True,False,False
O0_2,s18,s1801a,s18_s1801a_raw_nemo_buffer_000131,545.354,16.625,False,False,False
O0_2,s18,s1801a,s18_s1801a_raw_nemo_buffer_000134,565.184,6.351,False,False,False
A_O50_8,s18,s1801b,s18_s1801b_raw_nemo_buffer_000000,0.352,4.445,False,False,False
A_O50_8,s18,s1801b,s18_s1801b_raw_nemo_buffer_000005,20.744,34.625,True,False,False
A_O50_8,s18,s1801b,s18_s1801b_raw_nemo_buffer_000006,22.512,57.937,True,True,False
A_O50_8,s18,s1801b,s18_s1801b_raw_nemo_buffer_000010,44.776,24.0,True,False,False
A_O50_8,s18,s1801b,s18_s1801b_raw_nemo_buffer_000034,123.664,32.0,True,False,False
A_O50_8,s18,s1801b,s18_s1801b_raw_nemo_buffer_000041,155.64,12.25,False,False,False
A_O50_8,s18,s1801b,s18_s1801b_raw_nemo_buffer_000075,304.752,48.734,True,False,False
A_O50_8,s18,s1801b,s18_s1801b_raw_nemo_buffer_000080,328.312,60.125,True,True,False
A_O50_8,s18,s1801b,s18_s1801b_raw_nemo_buffer_000081,333.4,4.937,False,False,False
A_O50_8,s18,s1801b,s18_s1801b_raw_nemo_buffer_000095,391.776,10.125,False,False,False
A_O50_8,s18,s1801b,s18_s1801b_raw_nemo_buffer_000095,399.424,25.0,True,False,False
A_O50_8,s18,s1801b,s18_s1801b_raw_nemo_buffer_000098,408.664,8.0,False,False,False
A_O50_8,s18,s1801b,s18_s1801b_raw_nemo_buffer_000108,448.792,2.129,False,False,False
A_O50_8,s18,s1801b,s18_s1801b_raw_nemo_buffer_000128,542.56,48.0,True,False,False
D_O0_8,s18,s1801b,s18_s1801b_raw_nemo_buffer_000000,0.376,28.445,True,False,False
D_O0_8,s18,s1801b,s18_s1801b_raw_nemo_buffer_000006,22.512,57.937,True,True,False
D_O0_8,s18,s1801b,s18_s1801b_raw_nemo_buffer_000010,44.776,24.0,True,False,False
D_O0_8,s18,s1801b,s18_s1801b_raw_nemo_buffer_000034,123.664,32.0,True,False,False
D_O0_8,s18,s1801b,s18_s1801b_raw_nemo_buffer_000041,155.632,4.25,False,False,False
D_O0_8,s18,s1801b,s18_s1801b_raw_nemo_buffer_000075,309.744,7.375,False,False,False
D_O0_8,s18,s1801b,s18_s1801b_raw_nemo_buffer_000080,328.312,60.125,True,True,False
D_O0_8,s18,s1801b,s18_s1801b_raw_nemo_buffer_000081,333.416,20.937,True,False,False
D_O0_8,s18,s1801b,s18_s1801b_raw_nemo_buffer_000095,391.768,2.125,False,False,False
D_O0_8,s18,s1801b,s18_s1801b_raw_nemo_buffer_000098,408.664,8.0,False,False,False
D_O0_8,s18,s1801b,s18_s1801b_raw_nemo_buffer_000108,448.792,2.129,False,False,False
D_O0_8,s18,s1801b,s18_s1801b_raw_nemo_buffer_000116,485.376,4.528,False,False,False
D_O0_8,s18,s1801b,s18_s1801b_raw_nemo_buffer_000128,542.56,48.0,True,False,False
O25_4,s18,s1801b,s18_s1801b_raw_nemo_buffer_000006,22.512,57.937,True,True,False
O25_4,s18,s1801b,s18_s1801b_raw_nemo_buffer_000010,44.772,20.0,False,False,False
O25_4,s18,s1801b,s18_s1801b_raw_nemo_buffer_000034,123.644,12.0,False,False,False
O25_4,s18,s1801b,s18_s1801b_raw_nemo_buffer_000041,155.636,8.25,False,False,False
O25_4,s18,s1801b,s18_s1801b_raw_nemo_buffer_000080,328.312,60.125,True,True,False
O25_4,s18,s1801b,s18_s1801b_raw_nemo_buffer_000081,333.4,4.937,False,False,False
O25_4,s18,s1801b,s18_s1801b_raw_nemo_buffer_000095,392.64,34.125,True,False,False
O25_4,s18,s1801b,s18_s1801b_raw_nemo_buffer_000098,408.672,16.0,False,False,False
O25_4,s18,s1801b,s18_s1801b_raw_nemo_buffer_000103,429.908,4.0,False,False,False
O25_4,s18,s1801b,s18_s1801b_raw_nemo_buffer_000108,448.796,6.129,False,False,False
O25_4,s18,s1801b,s18_s1801b_raw_nemo_buffer_000126,531.388,26.982,True,False,False
O25_4,s18,s1801b,s18_s1801b_raw_nemo_buffer_000128,542.556,52.0,True,True,False
O0_4,s18,s1801b,s18_s1801b_raw_nemo_buffer_000000,0.372,24.445,True,False,False
O0_4,s18,s1801b,s18_s1801b_raw_nemo_buffer_000006,22.512,57.937,True,True,False
O0_4,s18,s1801b,s18_s1801b_raw_nemo_buffer_000010,44.776,24.0,True,False,False
O0_4,s18,s1801b,s18_s1801b_raw_nemo_buffer_000034,123.644,12.0,False,False,False
O0_4,s18,s1801b,s18_s1801b_raw_nemo_buffer_000041,155.632,4.25,False,False,False
O0_4,s18,s1801b,s18_s1801b_raw_nemo_buffer_000075,309.744,7.375,False,False,False
O0_4,s18,s1801b,s18_s1801b_raw_nemo_buffer_000080,328.284,32.125,True,False,False
O0_4,s18,s1801b,s18_s1801b_raw_nemo_buffer_000081,333.416,20.937,True,False,False
O0_4,s18,s1801b,s18_s1801b_raw_nemo_buffer_000095,391.768,2.125,False,False,False
O0_4,s18,s1801b,s18_s1801b_raw_nemo_buffer_000098,408.664,8.0,False,False,False
O0_4,s18,s1801b,s18_s1801b_raw_nemo_buffer_000103,429.908,4.0,False,False,False
O0_4,s18,s1801b,s18_s1801b_raw_nemo_buffer_000108,448.796,6.129,False,False,False
O0_4,s18,s1801b,s18_s1801b_raw_nemo_buffer_000128,542.556,52.0,True,True,False
O12.5_4,s18,s1801b,s18_s1801b_raw_nemo_buffer_000006,22.512,57.937,True,True,False
O12.5_4,s18,s1801b,s18_s1801b_raw_nemo_buffer_000010,44.776,24.0,True,False,False
O12.5_4,s18,s1801b,s18_s1801b_raw_nemo_buffer_000034,123.64,8.0,False,False,False
O12.5_4,s18,s1801b,s18_s1801b_raw_nemo_buffer_000041,155.632,4.25,False,False,False
O12.5_4,s18,s1801b,s18_s1801b_raw_nemo_buffer_000080,328.312,60.125,True,True,False
O12.5_4,s18,s1801b,s18_s1801b_raw_nemo_buffer_000095,392.644,38.125,True,False,False
O12.5_4,s18,s1801b,s18_s1801b_raw_nemo_buffer_000098,408.664,8.0,False,False,False
O12.5_4,s18,s1801b,s18_s1801b_raw_nemo_buffer_000103,429.908,4.0,False,False,False
O12.5_4,s18,s1801b,s18_s1801b_raw_nemo_buffer_000126,531.388,26.982,True,False,False
O12.5_4,s18,s1801b,s18_s1801b_raw_nemo_buffer_000128,542.56,48.0,True,False,False
O0_2,s18,s1801b,s18_s1801b_raw_nemo_buffer_000006,22.512,57.937,True,True,False
O0_2,s18,s1801b,s18_s1801b_raw_nemo_buffer_000007,28.878,10.313,False,False,False
O0_2,s18,s1801b,s18_s1801b_raw_nemo_buffer_000010,44.776,24.0,True,False,False
O0_2,s18,s1801b,s18_s1801b_raw_nemo_buffer_000034,123.634,2.0,False,False,False
O0_2,s18,s1801b,s18_s1801b_raw_nemo_buffer_000075,309.744,7.375,False,False,False
O0_2,s18,s1801b,s18_s1801b_raw_nemo_buffer_000080,328.284,32.125,True,False,False
O0_2,s18,s1801b,s18_s1801b_raw_nemo_buffer_000081,333.416,20.937,True,False,False
O0_2,s18,s1801b,s18_s1801b_raw_nemo_buffer_000095,392.644,38.125,True,False,False
O0_2,s18,s1801b,s18_s1801b_raw_nemo_buffer_000098,408.664,8.0,False,False,False
O0_2,s18,s1801b,s18_s1801b_raw_nemo_buffer_000103,429.908,4.0,False,False,False
O0_2,s18,s1801b,s18_s1801b_raw_nemo_buffer_000108,448.794,4.129,False,False,False
O0_2,s18,s1801b,s18_s1801b_raw_nemo_buffer_000128,542.556,52.0,True,True,False
A_O50_8,s18,s1803a,s18_s1803a_raw_nemo_buffer_000024,105.432,37.063,True,False,False
A_O50_8,s18,s1803a,s18_s1803a_raw_nemo_buffer_000045,208.392,0.957,False,False,False
A_O50_8,s18,s1803a,s18_s1803a_raw_nemo_buffer_000052,245.04,1.978,False,False,False
A_O50_8,s18,s1803a,s18_s1803a_raw_nemo_buffer_000076,348.968,11.441,False,False,False
A_O50_8,s18,s1803a,s18_s1803a_raw_nemo_buffer_000084,379.6,26.406,True,False,False
A_O50_8,s18,s1803a,s18_s1803a_raw_nemo_buffer_000099,446.544,2.837,False,False,False
A_O50_8,s18,s1803a,s18_s1803a_raw_nemo_buffer_000102,465.0,17.347,False,False,False
A_O50_8,s18,s1803a,s18_s1803a_raw_nemo_buffer_000105,481.112,8.485,False,False,False
D_O0_8,s18,s1803a,s18_s1803a_raw_nemo_buffer_000045,208.392,0.957,False,False,False
D_O0_8,s18,s1803a,s18_s1803a_raw_nemo_buffer_000052,245.04,1.978,False,False,False
D_O0_8,s18,s1803a,s18_s1803a_raw_nemo_buffer_000084,379.592,18.406,False,False,False
O25_4,s18,s1803a,s18_s1803a_raw_nemo_buffer_000045,208.396,4.957,False,False,False
O25_4,s18,s1803a,s18_s1803a_raw_nemo_buffer_000052,245.044,5.978,False,False,False
O25_4,s18,s1803a,s18_s1803a_raw_nemo_buffer_000076,348.972,15.441,False,False,False
O25_4,s18,s1803a,s18_s1803a_raw_nemo_buffer_000084,379.588,14.406,False,False,False
O25_4,s18,s1803a,s18_s1803a_raw_nemo_buffer_000099,446.544,2.837,False,False,False
O25_4,s18,s1803a,s18_s1803a_raw_nemo_buffer_000102,464.996,13.347,False,False,False
O25_4,s18,s1803a,s18_s1803a_raw_nemo_buffer_000105,481.112,8.485,False,False,False
O25_4,s18,s1803a,s18_s1803a_raw_nemo_buffer_000106,484.96,23.272,True,False,False
O0_4,s18,s1803a,s18_s1803a_raw_nemo_buffer_000045,208.392,0.957,False,False,False
O0_4,s18,s1803a,s18_s1803a_raw_nemo_buffer_000052,245.044,5.978,False,False,False
O0_4,s18,s1803a,s18_s1803a_raw_nemo_buffer_000084,379.588,14.406,False,False,False
O0_4,s18,s1803a,s18_s1803a_raw_nemo_buffer_000106,484.956,19.272,False,False,False
O12.5_4,s18,s1803a,s18_s1803a_raw_nemo_buffer_000007,40.22,2.466,False,False,False
O12.5_4,s18,s1803a,s18_s1803a_raw_nemo_buffer_000040,182.888,5.955,False,False,False
O12.5_4,s18,s1803a,s18_s1803a_raw_nemo_buffer_000045,208.392,0.957,False,False,False
O12.5_4,s18,s1803a,s18_s1803a_raw_nemo_buffer_000052,245.044,5.978,False,False,False
O12.5_4,s18,s1803a,s18_s1803a_raw_nemo_buffer_000102,464.996,13.347,False,False,False
O12.5_4,s18,s1803a,s18_s1803a_raw_nemo_buffer_000106,484.956,19.272,False,False,False
O0_2,s18,s1803a,s18_s1803a_raw_nemo_buffer_000052,245.044,5.978,False,False,False
O0_2,s18,s1803a,s18_s1803a_raw_nemo_buffer_000084,379.588,14.406,False,False,False
O0_2,s18,s1803a,s18_s1803a_raw_nemo_buffer_000106,484.956,19.272,False,False,False
A_O50_8,s18,s1803b,s18_s1803b_raw_nemo_buffer_000042,150.848,18.022,False,False,False
A_O50_8,s18,s1803b,s18_s1803b_raw_nemo_buffer_000061,218.264,27.047,True,False,False
A_O50_8,s18,s1803b,s18_s1803b_raw_nemo_buffer_000064,234.184,24.0,True,False,False
A_O50_8,s18,s1803b,s18_s1803b_raw_nemo_buffer_000069,253.192,2.3,False,False,False
A_O50_8,s18,s1803b,s18_s1803b_raw_nemo_buffer_000112,419.672,23.591,True,False,False
A_O50_8,s18,s1803b,s18_s1803b_raw_nemo_buffer_000127,485.144,27.625,True,False,False
A_O50_8,s18,s1803b,s18_s1803b_raw_nemo_buffer_000153,582.112,112.0,True,True,True
D_O0_8,s18,s1803b,s18_s1803b_raw_nemo_buffer_000061,218.256,19.047,False,False,False
D_O0_8,s18,s1803b,s18_s1803b_raw_nemo_buffer_000064,234.192,32.0,True,False,False
D_O0_8,s18,s1803b,s18_s1803b_raw_nemo_buffer_000112,419.656,39.591,True,False,False
D_O0_8,s18,s1803b,s18_s1803b_raw_nemo_buffer_000127,485.144,27.625,True,False,False
O25_4,s18,s1803b,s18_s1803b_raw_nemo_buffer_000042,150.84,10.022,False,False,False
O25_4,s18,s1803b,s18_s1803b_raw_nemo_buffer_000061,218.26,23.047,True,False,False
O25_4,s18,s1803b,s18_s1803b_raw_nemo_buffer_000062,224.652,3.272,False,False,False
O25_4,s18,s1803b,s18_s1803b_raw_nemo_buffer_000063,229.176,7.356,False,False,False
O25_4,s18,s1803b,s18_s1803b_raw_nemo_buffer_000064,234.196,36.0,True,False,False
O25_4,s18,s1803b,s18_s1803b_raw_nemo_buffer_000112,419.66,35.591,True,False,False
O25_4,s18,s1803b,s18_s1803b_raw_nemo_buffer_000127,485.136,35.625,True,False,False
O25_4,s18,s1803b,s18_s1803b_raw_nemo_buffer_000153,582.12,104.0,True,True,True
O0_4,s18,s1803b,s18_s1803b_raw_nemo_buffer_000061,218.256,19.047,False,False,False
O0_4,s18,s1803b,s18_s1803b_raw_nemo_buffer_000062,224.652,3.272,False,False,False
O0_4,s18,s1803b,s18_s1803b_raw_nemo_buffer_000063,229.184,15.356,False,False,False
O0_4,s18,s1803b,s18_s1803b_raw_nemo_buffer_000064,234.192,32.0,True,False,False
O0_4,s18,s1803b,s18_s1803b_raw_nemo_buffer_000112,419.676,19.591,False,False,False
O0_4,s18,s1803b,s18_s1803b_raw_nemo_buffer_000127,485.144,27.625,True,False,False
O12.5_4,s18,s1803b,s18_s1803b_raw_nemo_buffer_000042,150.836,6.022,False,False,False
O12.5_4,s18,s1803b,s18_s1803b_raw_nemo_buffer_000061,218.256,19.047,False,False,False
O12.5_4,s18,s1803b,s18_s1803b_raw_nemo_buffer_000063,229.18,11.356,False,False,False
O12.5_4,s18,s1803b,s18_s1803b_raw_nemo_buffer_000064,234.196,36.0,True,False,False
O12.5_4,s18,s1803b,s18_s1803b_raw_nemo_buffer_000112,419.668,27.591,True,False,False
O12.5_4,s18,s1803b,s18_s1803b_raw_nemo_buffer_000127,485.144,27.625,True,False,False
O12.5_4,s18,s1803b,s18_s1803b_raw_nemo_buffer_000153,582.152,72.0,True,True,False
O0_2,s18,s1803b,s18_s1803b_raw_nemo_buffer_000042,150.848,18.022,False,False,False
O0_2,s18,s1803b,s18_s1803b_raw_nemo_buffer_000061,218.258,21.047,True,False,False
O0_2,s18,s1803b,s18_s1803b_raw_nemo_buffer_000062,224.654,5.272,False,False,False
O0_2,s18,s1803b,s18_s1803b_raw_nemo_buffer_000063,229.186,17.356,False,False,False
O0_2,s18,s1803b,s18_s1803b_raw_nemo_buffer_000064,234.198,38.0,True,False,False
O0_2,s18,s1803b,s18_s1803b_raw_nemo_buffer_000112,419.67,25.591,True,False,False
O0_2,s18,s1803b,s18_s1803b_raw_nemo_buffer_000127,485.144,27.625,True,False,False
A_O50_8,s19,s1901a,s19_s1901a_raw_nemo_buffer_000031,222.168,8.0,False,False,False
A_O50_8,s19,s1901a,s19_s1901a_raw_nemo_buffer_000031,228.256,55.934,True,True,False
A_O50_8,s19,s1901a,s19_s1901a_raw_nemo_buffer_000032,235.6,30.609,True,False,False
A_O50_8,s19,s1901a,s19_s1901a_raw_nemo_buffer_000041,279.92,55.187,True,True,False
A_O50_8,s19,s1901a,s19_s1901a_raw_nemo_buffer_000067,404.4,32.0,True,False,False
A_O50_8,s19,s1901a,s19_s1901a_raw_nemo_buffer_000068,415.512,67.337,True,True,False
A_O50_8,s19,s1901a,s19_s1901a_raw_nemo_buffer_000083,502.032,14.156,False,False,False
A_O50_8,s19,s1901a,s19_s1901a_raw_nemo_buffer_000092,550.544,41.906,True,False,False
A_O50_8,s19,s1901a,s19_s1901a_raw_nemo_buffer_000099,592.552,3.094,False,False,False
A_O50_8,s19,s1901a,s19_s1901a_raw_nemo_buffer_000101,595.568,23.085,True,False,False
D_O0_8,s19,s1901a,s19_s1901a_raw_nemo_buffer_000031,222.176,16.0,False,False,False
D_O0_8,s19,s1901a,s19_s1901a_raw_nemo_buffer_000032,235.6,30.609,True,False,False
D_O0_8,s19,s1901a,s19_s1901a_raw_nemo_buffer_000092,550.544,41.906,True,False,False
O25_4,s19,s1901a,s19_s1901a_raw_nemo_buffer_000031,222.164,4.0,False,False,False
O25_4,s19,s1901a,s19_s1901a_raw_nemo_buffer_000031,228.24,71.934,True,True,False
O25_4,s19,s1901a,s19_s1901a_raw_nemo_buffer_000032,235.604,26.609,True,False,False
O25_4,s19,s1901a,s19_s1901a_raw_nemo_buffer_000067,404.372,4.0,False,False,False
O25_4,s19,s1901a,s19_s1901a_raw_nemo_buffer_000092,550.544,41.906,True,False,False
O25_4,s19,s1901a,s19_s1901a_raw_nemo_buffer_000101,595.552,7.085,False,False,False
O0_4,s19,s1901a,s19_s1901a_raw_nemo_buffer_000031,222.176,16.0,False,False,False
O0_4,s19,s1901a,s19_s1901a_raw_nemo_buffer_000032,235.604,26.609,True,False,False
O0_4,s19,s1901a,s19_s1901a_raw_nemo_buffer_000067,404.404,36.0,True,False,False
O0_4,s19,s1901a,s19_s1901a_raw_nemo_buffer_000092,550.544,41.906,True,False,False
O0_4,s19,s1901a,s19_s1901a_raw_nemo_buffer_000101,595.564,19.085,False,False,False
O12.5_4,s19,s1901a,s19_s1901a_raw_nemo_buffer_000031,222.164,4.0,False,False,False
O12.5_4,s19,s1901a,s19_s1901a_raw_nemo_buffer_000032,235.604,26.609,True,False,False
O12.5_4,s19,s1901a,s19_s1901a_raw_nemo_buffer_000034,247.732,0.302,False,False,False
O12.5_4,s19,s1901a,s19_s1901a_raw_nemo_buffer_000060,376.984,3.011,False,False,False
O12.5_4,s19,s1901a,s19_s1901a_raw_nemo_buffer_000067,404.372,4.0,False,False,False
O12.5_4,s19,s1901a,s19_s1901a_raw_nemo_buffer_000092,550.544,41.906,True,False,False
O12.5_4,s19,s1901a,s19_s1901a_raw_nemo_buffer_000101,595.552,7.085,False,False,False
O0_2,s19,s1901a,s19_s1901a_raw_nemo_buffer_000031,222.162,2.0,False,False,False
O0_2,s19,s1901a,s19_s1901a_raw_nemo_buffer_000032,235.602,28.609,True,False,False
O0_2,s19,s1901a,s19_s1901a_raw_nemo_buffer_000067,404.37,2.0,False,False,False
O0_2,s19,s1901a,s19_s1901a_raw_nemo_buffer_000092,550.544,41.906,True,False,False
O0_2,s19,s1901a,s19_s1901a_raw_nemo_buffer_000101,595.564,19.085,False,False,False
A_O50_8,s19,s1902a,s19_s1902a_raw_nemo_buffer_000000,0.024,13.76,False,False,False
A_O50_8,s19,s1902a,s19_s1902a_raw_nemo_buffer_000008,45.384,0.623,False,False,False
A_O50_8,s19,s1902a,s19_s1902a_raw_nemo_buffer_000009,110.752,48.0,True,False,False
A_O50_8,s19,s1902a,s19_s1902a_raw_nemo_buffer_000020,144.68,40.0,True,False,False
A_O50_8,s19,s1902a,s19_s1902a_raw_nemo_buffer_000040,270.752,41.47,True,False,False
A_O50_8,s19,s1902a,s19_s1902a_raw_nemo_buffer_000040,278.368,85.165,True,True,False
A_O50_8,s19,s1902a,s19_s1902a_raw_nemo_buffer_000064,381.144,4.135,False,False,False
A_O50_8,s19,s1902a,s19_s1902a_raw_nemo_buffer_000071,419.544,58.25,True,True,False
A_O50_8,s19,s1902a,s19_s1902a_raw_nemo_buffer_000083,489.672,7.234,False,False,False
A_O50_8,s19,s1902a,s19_s1902a_raw_nemo_buffer_000083,498.504,85.709,True,True,False
A_O50_8,s19,s1902a,s19_s1902a_raw_nemo_buffer_000091,569.608,22.775,True,False,False
D_O0_8,s19,s1902a,s19_s1902a_raw_nemo_buffer_000000,0.024,13.76,False,False,False
D_O0_8,s19,s1902a,s19_s1902a_raw_nemo_buffer_000008,45.384,0.623,False,False,False
D_O0_8,s19,s1902a,s19_s1902a_raw_nemo_buffer_000009,110.776,24.0,True,False,False
D_O0_8,s19,s1902a,s19_s1902a_raw_nemo_buffer_000012,115.424,4.625,False,False,False
D_O0_8,s19,s1902a,s19_s1902a_raw_nemo_buffer_000020,144.712,8.0,False,False,False
D_O0_8,s19,s1902a,s19_s1902a_raw_nemo_buffer_000083,489.68,15.234,False,False,False
D_O0_8,s19,s1902a,s19_s1902a_raw_nemo_buffer_000095,597.712,7.088,False,False,False
O25_4,s19,s1902a,s19_s1902a_raw_nemo_buffer_000000,0.024,13.76,False,False,False
O25_4,s19,s1902a,s19_s1902a_raw_nemo_buffer_000009,110.792,8.0,False,False,False
O25_4,s19,s1902a,s19_s1902a_raw_nemo_buffer_000012,115.424,4.625,False,False,False
O25_4,s19,s1902a,s19_s1902a_raw_nemo_buffer_000020,144.712,8.0,False,False,False
O25_4,s19,s1902a,s19_s1902a_raw_nemo_buffer_000071,419.548,62.25,True,True,False
O25_4,s19,s1902a,s19_s1902a_raw_nemo_buffer_000083,489.672,7.234,False,False,False
O25_4,s19,s1902a,s19_s1902a_raw_nemo_buffer_000091,569.62,34.775,True,False,False
O0_4,s19,s1902a,s19_s1902a_raw_nemo_buffer_000000,0.024,13.76,False,False,False
O0_4,s19,s1902a,s19_s1902a_raw_nemo_buffer_000009,110.772,28.0,True,False,False
O0_4,s19,s1902a,s19_s1902a_raw_nemo_buffer_000020,144.716,4.0,False,False,False
O0_4,s19,s1902a,s19_s1902a_raw_nemo_buffer_000083,489.684,19.234,False,False,False
O0_4,s19,s1902a,s19_s1902a_raw_nemo_buffer_000091,569.608,22.775,True,False,False
O12.5_4,s19,s1902a,s19_s1902a_raw_nemo_buffer_000000,0.024,13.76,False,False,False
O12.5_4,s19,s1902a,s19_s1902a_raw_nemo_buffer_000009,110.788,12.0,False,False,False
O12.5_4,s19,s1902a,s19_s1902a_raw_nemo_buffer_000012,115.424,4.625,False,False,False
O12.5_4,s19,s1902a,s19_s1902a_raw_nemo_buffer_000020,144.708,12.0,False,False,False
O12.5_4,s19,s1902a,s19_s1902a_raw_nemo_buffer_000083,489.68,15.234,False,False,False
O12.5_4,s19,s1902a,s19_s1902a_raw_nemo_buffer_000091,569.62,34.775,True,False,False
O0_2,s19,s1902a,s19_s1902a_raw_nemo_buffer_000000,0.024,13.76,False,False,False
O0_2,s19,s1902a,s19_s1902a_raw_nemo_buffer_000009,110.77,30.0,True,False,False
O0_2,s19,s1902a,s19_s1902a_raw_nemo_buffer_000020,144.718,2.0,False,False,False
O0_2,s19,s1902a,s19_s1902a_raw_nemo_buffer_000083,489.682,17.234,False,False,False
O0_2,s19,s1902a,s19_s1902a_raw_nemo_buffer_000091,569.614,28.775,True,False,False
A_O50_8,s19,s1902b,s19_s1902b_raw_nemo_buffer_000000,5.744,24.0,True,False,False
A_O50_8,s19,s1902b,s19_s1902b_raw_nemo_buffer_000006,37.72,27.0,True,False,False
A_O50_8,s19,s1902b,s19_s1902b_raw_nemo_buffer_000008,50.112,16.0,False,False,False
A_O50_8,s19,s1902b,s19_s1902b_raw_nemo_buffer_000009,56.512,48.0,True,False,False
A_O50_8,s19,s1902b,s19_s1902b_raw_nemo_buffer_000024,158.112,16.0,False,False,False
A_O50_8,s19,s1902b,s19_s1902b_raw_nemo_buffer_000025,172.936,14.766,False,False,False
A_O50_8,s19,s1902b,s19_s1902b_raw_nemo_buffer_000028,182.792,16.563,False,False,False
A_O50_8,s19,s1902b,s19_s1902b_raw_nemo_buffer_000031,191.544,2.296,False,False,False
A_O50_8,s19,s1902b,s19_s1902b_raw_nemo_buffer_000059,278.872,7.76,False,False,False
A_O50_8,s19,s1902b,s19_s1902b_raw_nemo_buffer_000079,354.128,49.335,True,False,False
A_O50_8,s19,s1902b,s19_s1902b_raw_nemo_buffer_000095,405.912,9.896,False,False,False
A_O50_8,s19,s1902b,s19_s1902b_raw_nemo_buffer_000111,493.456,3.53,False,False,False
A_O50_8,s19,s1902b,s19_s1902b_raw_nemo_buffer_000111,501.36,47.0,True,False,False
A_O50_8,s19,s1902b,s19_s1902b_raw_nemo_buffer_000114,519.952,19.812,False,False,False
A_O50_8,s19,s1902b,s19_s1902b_raw_nemo_buffer_000121,561.352,12.457,False,False,False
D_O0_8,s19,s1902b,s19_s1902b_raw_nemo_buffer_000006,37.72,27.0,True,False,False
D_O0_8,s19,s1902b,s19_s1902b_raw_nemo_buffer_000008,50.112,16.0,False,False,False
D_O0_8,s19,s1902b,s19_s1902b_raw_nemo_buffer_000009,56.552,8.0,False,False,False
D_O0_8,s19,s1902b,s19_s1902b_raw_nemo_buffer_000024,158.104,8.0,False,False,False
D_O0_8,s19,s1902b,s19_s1902b_raw_nemo_buffer_000025,172.928,6.766,False,False,False
D_O0_8,s19,s1902b,s19_s1902b_raw_nemo_buffer_000079,354.12,47.182,True,False,False
D_O0_8,s19,s1902b,s19_s1902b_raw_nemo_buffer_000095,405.912,9.896,False,False,False
D_O0_8,s19,s1902b,s19_s1902b_raw_nemo_buffer_000110,483.16,8.024,False,False,False
D_O0_8,s19,s1902b,s19_s1902b_raw_nemo_buffer_000111,493.456,3.53,False,False,False
D_O0_8,s19,s1902b,s19_s1902b_raw_nemo_buffer_000111,503.376,39.247,True,False,False
O25_4,s19,s1902b,s19_s1902b_raw_nemo_buffer_000000,5.744,24.0,True,False,False
O25_4,s19,s1902b,s19_s1902b_raw_nemo_buffer_000006,37.724,23.0,True,False,False
O25_4,s19,s1902b,s19_s1902b_raw_nemo_buffer_000008,50.124,4.0,False,False,False
O25_4,s19,s1902b,s19_s1902b_raw_nemo_buffer_000009,56.52,40.0,True,False,False
O25_4,s19,s1902b,s19_s1902b_raw_nemo_buffer_000024,158.1,4.0,False,False,False
O25_4,s19,s1902b,s19_s1902b_raw_nemo_buffer_000025,172.94,18.766,False,False,False
O25_4,s19,s1902b,s19_s1902b_raw_nemo_buffer_000059,278.872,7.76,False,False,False
O25_4,s19,s1902b,s19_s1902b_raw_nemo_buffer_000079,354.124,51.182,True,True,False
O25_4,s19,s1902b,s19_s1902b_raw_nemo_buffer_000110,483.16,8.024,False,False,False
O25_4,s19,s1902b,s19_s1902b_raw_nemo_buffer_000111,501.384,49.0,True,False,False
O0_4,s19,s1902b,s19_s1902b_raw_nemo_buffer_000006,37.72,27.0,True,False,False
O0_4,s19,s1902b,s19_s1902b_raw_nemo_buffer_000008,50.124,4.0,False,False,False
O0_4,s19,s1902b,s19_s1902b_raw_nemo_buffer_000009,56.556,4.0,False,False,False
O0_4,s19,s1902b,s19_s1902b_raw_nemo_buffer_000024,158.1,4.0,False,False,False
O0_4,s19,s1902b,s19_s1902b_raw_nemo_buffer_000025,172.932,10.766,False,False,False
O0_4,s19,s1902b,s19_s1902b_raw_nemo_buffer_000079,354.116,43.182,True,False,False
O0_4,s19,s1902b,s19_s1902b_raw_nemo_buffer_000110,483.164,12.024,False,False,False
O0_4,s19,s1902b,s19_s1902b_raw_nemo_buffer_000111,493.456,3.53,False,False,False
O0_4,s19,s1902b,s19_s1902b_raw_nemo_buffer_000111,503.376,39.247,True,False,False
O12.5_4,s19,s1902b,s19_s1902b_raw_nemo_buffer_000006,37.72,27.0,True,False,False
O12.5_4,s19,s1902b,s19_s1902b_raw_nemo_buffer_000008,50.112,16.0,False,False,False
O12.5_4,s19,s1902b,s19_s1902b_raw_nemo_buffer_000009,56.54,20.0,False,False,False
O12.5_4,s19,s1902b,s19_s1902b_raw_nemo_buffer_000024,158.1,4.0,False,False,False
O12.5_4,s19,s1902b,s19_s1902b_raw_nemo_buffer_000025,172.932,10.766,False,False,False
O12.5_4,s19,s1902b,s19_s1902b_raw_nemo_buffer_000079,354.08,7.182,False,False,False
O12.5_4,s19,s1902b,s19_s1902b_raw_nemo_buffer_000095,405.904,1.896,False,False,False
O12.5_4,s19,s1902b,s19_s1902b_raw_nemo_buffer_000110,483.152,0.024,False,False,False
O12.5_4,s19,s1902b,s19_s1902b_raw_nemo_buffer_000111,493.472,19.53,False,False,False
O12.5_4,s19,s1902b,s19_s1902b_raw_nemo_buffer_000111,499.892,8.929,False,False,False
O0_2,s19,s1902b,s19_s1902b_raw_nemo_buffer_000006,37.72,27.0,True,False,False
O0_2,s19,s1902b,s19_s1902b_raw_nemo_buffer_000008,50.124,4.0,False,False,False
O0_2,s19,s1902b,s19_s1902b_raw_nemo_buffer_000009,56.556,4.0,False,False,False
O0_2,s19,s1902b,s19_s1902b_raw_nemo_buffer_000024,158.1,4.0,False,False,False
O0_2,s19,s1902b,s19_s1902b_raw_nemo_buffer_000025,172.93,8.766,False,False,False
O0_2,s19,s1902b,s19_s1902b_raw_nemo_buffer_000079,354.118,45.182,True,False,False
O0_2,s19,s1902b,s19_s1902b_raw_nemo_buffer_000110,483.166,14.024,False,False,False
O0_2,s19,s1902b,s19_s1902b_raw_nemo_buffer_000111,493.454,1.53,False,False,False
O0_2,s19,s1902b,s19_s1902b_raw_nemo_buffer_000111,499.896,12.929,False,False,False
A_O50_8,s19,s1904a,s19_s1904a_raw_nemo_buffer_000006,25.04,2.187,False,False,False
A_O50_8,s19,s1904a,s19_s1904a_raw_nemo_buffer_000011,49.312,2.705,False,False,False
A_O50_8,s19,s1904a,s19_s1904a_raw_nemo_buffer_000013,60.176,32.0,True,False,False
A_O50_8,s19,s1904a,s19_s1904a_raw_nemo_buffer_000016,78.664,4.614,False,False,False
A_O50_8,s19,s1904a,s19_s1904a_raw_nemo_buffer_000037,166.336,29.437,True,False,False
A_O50_8,s19,s1904a,s19_s1904a_raw_nemo_buffer_000064,294.856,24.0,True,False,False
A_O50_8,s19,s1904a,s19_s1904a_raw_nemo_buffer_000087,384.352,100.201,True,True,True
A_O50_8,s19,s1904a,s19_s1904a_raw_nemo_buffer_000087,388.96,33.776,True,False,False
A_O50_8,s19,s1904a,s19_s1904a_raw_nemo_buffer_000089,401.12,68.808,True,True,False
A_O50_8,s19,s1904a,s19_s1904a_raw_nemo_buffer_000105,455.696,24.438,True,False,False
A_O50_8,s19,s1904a,s19_s1904a_raw_nemo_buffer_000130,557.296,30.583,True,False,False
D_O0_8,s19,s1904a,s19_s1904a_raw_nemo_buffer_000011,49.336,26.705,True,False,False
D_O0_8,s19,s1904a,s19_s1904a_raw_nemo_buffer_000013,60.176,32.0,True,False,False
D_O0_8,s19,s1904a,s19_s1904a_raw_nemo_buffer_000037,164.96,43.515,True,False,False
D_O0_8,s19,s1904a,s19_s1904a_raw_nemo_buffer_000064,294.84,8.0,False,False,False
D_O0_8,s19,s1904a,s19_s1904a_raw_nemo_buffer_000105,455.696,24.438,True,False,False
O25_4,s19,s1904a,s19_s1904a_raw_nemo_buffer_000006,25.048,10.187,False,False,False
O25_4,s19,s1904a,s19_s1904a_raw_nemo_buffer_000011,49.324,14.705,False,False,False
O25_4,s19,s1904a,s19_s1904a_raw_nemo_buffer_000013,60.168,24.0,True,False,False
O25_4,s19,s1904a,s19_s1904a_raw_nemo_buffer_000037,164.964,47.515,True,False,False
O25_4,s19,s1904a,s19_s1904a_raw_nemo_buffer_000064,294.856,24.0,True,False,False
O25_4,s19,s1904a,s19_s1904a_raw_nemo_buffer_000087,375.54,4.0,False,False,False
O25_4,s19,s1904a,s19_s1904a_raw_nemo_buffer_000087,388.992,1.776,False,False,False
O25_4,s19,s1904a,s19_s1904a_raw_nemo_buffer_000105,455.684,12.438,False,False,False
O0_4,s19,s1904a,s19_s1904a_raw_nemo_buffer_000011,49.336,26.705,True,False,False
O0_4,s19,s1904a,s19_s1904a_raw_nemo_buffer_000013,60.148,4.0,False,False,False
O0_4,s19,s1904a,s19_s1904a_raw_nemo_buffer_000037,164.96,43.515,True,False,False
O0_4,s19,s1904a,s19_s1904a_raw_nemo_buffer_000064,294.84,8.0,False,False,False
O0_4,s19,s1904a,s19_s1904a_raw_nemo_buffer_000087,375.54,4.0,False,False,False
O0_4,s19,s1904a,s19_s1904a_raw_nemo_buffer_000105,455.692,20.438,True,False,False
O12.5_4,s19,s1904a,s19_s1904a_raw_nemo_buffer_000006,25.048,10.187,False,False,False
O12.5_4,s19,s1904a,s19_s1904a_raw_nemo_buffer_000011,49.312,2.705,False,False,False
O12.5_4,s19,s1904a,s19_s1904a_raw_nemo_buffer_000013,60.176,32.0,True,False,False
O12.5_4,s19,s1904a,s19_s1904a_raw_nemo_buffer_000037,164.964,47.515,True,False,False
O12.5_4,s19,s1904a,s19_s1904a_raw_nemo_buffer_000064,294.856,24.0,True,False,False
O12.5_4,s19,s1904a,s19_s1904a_raw_nemo_buffer_000087,375.54,4.0,False,False,False
O12.5_4,s19,s1904a,s19_s1904a_raw_nemo_buffer_000087,388.992,1.776,False,False,False
O12.5_4,s19,s1904a,s19_s1904a_raw_nemo_buffer_000105,455.692,20.438,True,False,False
O0_2,s19,s1904a,s19_s1904a_raw_nemo_buffer_000013,60.146,2.0,False,False,False
O0_2,s19,s1904a,s19_s1904a_raw_nemo_buffer_000037,164.96,43.515,True,False,False
O0_2,s19,s1904a,s19_s1904a_raw_nemo_buffer_000064,294.84,8.0,False,False,False
O0_2,s19,s1904a,s19_s1904a_raw_nemo_buffer_000087,375.542,6.0,False,False,False
O0_2,s19,s1904a,s19_s1904a_raw_nemo_buffer_000105,455.682,10.438,False,False,False
A_O50_8,s19,s1904b,s19_s1904b_raw_nemo_buffer_000002,7.432,18.859,False,False,False
A_O50_8,s19,s1904b,s19_s1904b_raw_nemo_buffer_000022,137.424,32.0,True,False,False
A_O50_8,s19,s1904b,s19_s1904b_raw_nemo_buffer_000026,145.368,26.765,True,False,False
A_O50_8,s19,s1904b,s19_s1904b_raw_nemo_buffer_000029,156.584,27.198,True,False,False
A_O50_8,s19,s1904b,s19_s1904b_raw_nemo_buffer_000033,178.4,7.407,False,False,False
A_O50_8,s19,s1904b,s19_s1904b_raw_nemo_buffer_000047,234.552,8.0,False,False,False
A_O50_8,s19,s1904b,s19_s1904b_raw_nemo_buffer_000047,242.496,46.576,True,False,False
A_O50_8,s19,s1904b,s19_s1904b_raw_nemo_buffer_000065,310.752,16.0,False,False,False
A_O50_8,s19,s1904b,s19_s1904b_raw_nemo_buffer_000079,366.608,32.133,True,False,False
A_O50_8,s19,s1904b,s19_s1904b_raw_nemo_buffer_000081,375.296,33.815,True,False,False
A_O50_8,s19,s1904b,s19_s1904b_raw_nemo_buffer_000083,383.712,9.48,False,False,False
A_O50_8,s19,s1904b,s19_s1904b_raw_nemo_buffer_000088,402.984,26.375,True,False,False
A_O50_8,s19,s1904b,s19_s1904b_raw_nemo_buffer_000103,468.728,8.0,False,False,False
A_O50_8,s19,s1904b,s19_s1904b_raw_nemo_buffer_000121,529.824,6.413,False,False,False
A_O50_8,s19,s1904b,s19_s1904b_raw_nemo_buffer_000123,537.176,53.062,True,True,False
D_O0_8,s19,s1904b,s19_s1904b_raw_nemo_buffer_000007,76.336,53.0,True,True,False
D_O0_8,s19,s1904b,s19_s1904b_raw_nemo_buffer_000007,81.496,24.0,True,False,False
D_O0_8,s19,s1904b,s19_s1904b_raw_nemo_buffer_000022,137.448,8.0,False,False,False
D_O0_8,s19,s1904b,s19_s1904b_raw_nemo_buffer_000026,145.36,18.765,False,False,False
D_O0_8,s19,s1904b,s19_s1904b_raw_nemo_buffer_000029,156.584,27.198,True,False,False
D_O0_8,s19,s1904b,s19_s1904b_raw_nemo_buffer_000033,178.4,7.407,False,False,False
D_O0_8,s19,s1904b,s19_s1904b_raw_nemo_buffer_000047,234.568,24.0,True,False,False
D_O0_8,s19,s1904b,s19_s1904b_raw_nemo_buffer_000065,310.752,16.0,False,False,False
D_O0_8,s19,s1904b,s19_s1904b_raw_nemo_buffer_000081,375.272,9.815,False,False,False
D_O0_8,s19,s1904b,s19_s1904b_raw_nemo_buffer_000083,383.72,17.48,False,False,False
D_O0_8,s19,s1904b,s19_s1904b_raw_nemo_buffer_000088,402.96,32.0,True,False,False
D_O0_8,s19,s1904b,s19_s1904b_raw_nemo_buffer_000103,468.736,16.0,False,False,False
D_O0_8,s19,s1904b,s19_s1904b_raw_nemo_buffer_000123,537.168,61.062,True,True,False
O25_4,s19,s1904b,s19_s1904b_raw_nemo_buffer_000002,7.428,14.859,False,False,False
O25_4,s19,s1904b,s19_s1904b_raw_nemo_buffer_000022,137.436,20.0,False,False,False
O25_4,s19,s1904b,s19_s1904b_raw_nemo_buffer_000026,145.372,30.765,True,False,False
O25_4,s19,s1904b,s19_s1904b_raw_nemo_buffer_000029,156.516,35.44,True,False,False
O25_4,s19,s1904b,s19_s1904b_raw_nemo_buffer_000033,178.404,3.407,False,False,False
O25_4,s19,s1904b,s19_s1904b_raw_nemo_buffer_000047,234.568,24.0,True,False,False
O25_4,s19,s1904b,s19_s1904b_raw_nemo_buffer_000065,310.74,4.0,False,False,False
O25_4,s19,s1904b,s19_s1904b_raw_nemo_buffer_000079,365.496,11.35,False,False,False
O25_4,s19,s1904b,s19_s1904b_raw_nemo_buffer_000081,375.268,5.815,False,False,False
O25_4,s19,s1904b,s19_s1904b_raw_nemo_buffer_000083,383.732,29.48,True,False,False
O25_4,s19,s1904b,s19_s1904b_raw_nemo_buffer_000088,402.98,30.375,True,False,False
O25_4,s19,s1904b,s19_s1904b_raw_nemo_buffer_000103,468.74,20.0,False,False,False
O25_4,s19,s1904b,s19_s1904b_raw_nemo_buffer_000123,537.18,49.062,True,False,False
O0_4,s19,s1904b,s19_s1904b_raw_nemo_buffer_000007,76.336,53.0,True,True,False
O0_4,s19,s1904b,s19_s1904b_raw_nemo_buffer_000007,81.508,12.0,False,False,False
O0_4,s19,s1904b,s19_s1904b_raw_nemo_buffer_000022,137.444,12.0,False,False,False
O0_4,s19,s1904b,s19_s1904b_raw_nemo_buffer_000026,145.36,18.765,False,False,False
O0_4,s19,s1904b,s19_s1904b_raw_nemo_buffer_000029,156.584,27.198,True,False,False
O0_4,s19,s1904b,s19_s1904b_raw_nemo_buffer_000033,178.4,7.407,False,False,False
O0_4,s19,s1904b,s19_s1904b_raw_nemo_buffer_000047,234.568,24.0,True,False,False
O0_4,s19,s1904b,s19_s1904b_raw_nemo_buffer_000053,271.908,18.049,False,False,False
O0_4,s19,s1904b,s19_s1904b_raw_nemo_buffer_000065,310.752,16.0,False,False,False
O0_4,s19,s1904b,s19_s1904b_raw_nemo_buffer_000083,383.72,17.48,False,False,False
O0_4,s19,s1904b,s19_s1904b_raw_nemo_buffer_000088,402.988,22.375,True,False,False
O0_4,s19,s1904b,s19_s1904b_raw_nemo_buffer_000103,468.74,20.0,False,False,False
O0_4,s19,s1904b,s19_s1904b_raw_nemo_buffer_000123,537.18,49.062,True,False,False
O12.5_4,s19,s1904b,s19_s1904b_raw_nemo_buffer_000002,7.432,18.859,False,False,False
O12.5_4,s19,s1904b,s19_s1904b_raw_nemo_buffer_000022,137.448,8.0,False,False,False
O12.5_4,s19,s1904b,s19_s1904b_raw_nemo_buffer_000026,145.372,30.765,True,False,False
O12.5_4,s19,s1904b,s19_s1904b_raw_nemo_buffer_000029,156.58,23.836,True,False,False
O12.5_4,s19,s1904b,s19_s1904b_raw_nemo_buffer_000033,178.4,7.407,False,False,False
O12.5_4,s19,s1904b,s19_s1904b_raw_nemo_buffer_000047,234.548,4.0,False,False,False
O12.5_4,s19,s1904b,s19_s1904b_raw_nemo_buffer_000065,310.74,4.0,False,False,False
O12.5_4,s19,s1904b,s19_s1904b_raw_nemo_buffer_000079,360.928,84.188,True,True,False
O12.5_4,s19,s1904b,s19_s1904b_raw_nemo_buffer_000083,383.732,29.48,True,False,False
O12.5_4,s19,s1904b,s19_s1904b_raw_nemo_buffer_000088,402.98,30.375,True,False,False
O12.5_4,s19,s1904b,s19_s1904b_raw_nemo_buffer_000103,468.732,12.0,False,False,False
O12.5_4,s19,s1904b,s19_s1904b_raw_nemo_buffer_000106,479.076,2.798,False,False,False
O12.5_4,s19,s1904b,s19_s1904b_raw_nemo_buffer_000121,529.824,6.413,False,False,False
O12.5_4,s19,s1904b,s19_s1904b_raw_nemo_buffer_000123,537.168,61.062,True,True,False
O0_2,s19,s1904b,s19_s1904b_raw_nemo_buffer_000002,12.546,39.057,True,False,False
O0_2,s19,s1904b,s19_s1904b_raw_nemo_buffer_000022,137.442,14.0,False,False,False
O0_2,s19,s1904b,s19_s1904b_raw_nemo_buffer_000026,145.36,18.765,False,False,False
O0_2,s19,s1904b,s19_s1904b_raw_nemo_buffer_000029,156.584,27.198,True,False,False
O0_2,s19,s1904b,s19_s1904b_raw_nemo_buffer_000033,178.402,5.407,False,False,False
O0_2,s19,s1904b,s19_s1904b_raw_nemo_buffer_000047,234.566,22.0,True,False,False
O0_2,s19,s1904b,s19_s1904b_raw_nemo_buffer_000053,271.918,28.049,True,False,False
O0_2,s19,s1904b,s19_s1904b_raw_nemo_buffer_000065,310.752,16.0,False,False,False
O0_2,s19,s1904b,s19_s1904b_raw_nemo_buffer_000083,383.72,17.48,False,False,False
O0_2,s19,s1904b,s19_s1904b_raw_nemo_buffer_000088,402.988,22.375,True,False,False
O0_2,s19,s1904b,s19_s1904b_raw_nemo_buffer_000103,468.738,18.0,False,False,False
O0_2,s19,s1904b,s19_s1904b_raw_nemo_buffer_000123,537.17,59.062,True,True,False
A_O50_8,s20,s2002b,s20_s2002b_raw_nemo_buffer_000012,335.448,43.71,True,False,False
A_O50_8,s20,s2002b,s20_s2002b_raw_nemo_buffer_000023,397.008,32.564,True,False,False
A_O50_8,s20,s2002b,s20_s2002b_raw_nemo_buffer_000024,422.616,38.554,True,False,False
A_O50_8,s20,s2002b,s20_s2002b_raw_nemo_buffer_000031,460.512,16.0,False,False,False
D_O0_8,s20,s2002b,s20_s2002b_raw_nemo_buffer_000017,361.112,8.0,False,False,False
D_O0_8,s20,s2002b,s20_s2002b_raw_nemo_buffer_000023,397.0,40.564,True,False,False
D_O0_8,s20,s2002b,s20_s2002b_raw_nemo_buffer_000031,460.504,8.0,False,False,False
O25_4,s20,s2002b,s20_s2002b_raw_nemo_buffer_000023,396.972,17.875,False,False,False
O25_4,s20,s2002b,s20_s2002b_raw_nemo_buffer_000024,422.62,42.554,True,False,False
O25_4,s20,s2002b,s20_s2002b_raw_nemo_buffer_000031,460.512,16.0,False,False,False
O0_4,s20,s2002b,s20_s2002b_raw_nemo_buffer_000017,361.116,12.0,False,False,False
O0_4,s20,s2002b,s20_s2002b_raw_nemo_buffer_000023,396.98,25.875,True,False,False
O0_4,s20,s2002b,s20_s2002b_raw_nemo_buffer_000031,460.504,8.0,False,False,False
O12.5_4,s20,s2002b,s20_s2002b_raw_nemo_buffer_000005,62.804,3.354,False,False,False
O12.5_4,s20,s2002b,s20_s2002b_raw_nemo_buffer_000023,396.96,5.875,False,False,False
O12.5_4,s20,s2002b,s20_s2002b_raw_nemo_buffer_000031,460.512,16.0,False,False,False
O0_2,s20,s2002b,s20_s2002b_raw_nemo_buffer_000017,361.116,12.0,False,False,False
O0_2,s20,s2002b,s20_s2002b_raw_nemo_buffer_000023,396.98,25.875,True,False,False
O0_2,s20,s2002b,s20_s2002b_raw_nemo_buffer_000031,460.506,10.0,False,False,False
A_O50_8,s20,s2003a,s20_s2003a_raw_nemo_buffer_000002,9.544,24.0,True,False,False
A_O50_8,s20,s2003a,s20_s2003a_raw_nemo_buffer_000009,141.832,35.175,True,False,False
A_O50_8,s20,s2003a,s20_s2003a_raw_nemo_buffer_000009,149.288,24.812,True,False,False
A_O50_8,s20,s2003a,s20_s2003a_raw_nemo_buffer_000014,167.456,27.894,True,False,False
A_O50_8,s20,s2003a,s20_s2003a_raw_nemo_buffer_000037,589.864,33.209,True,False,False
D_O0_8,s20,s2003a,s20_s2003a_raw_nemo_buffer_000002,9.528,8.0,False,False,False
D_O0_8,s20,s2003a,s20_s2003a_raw_nemo_buffer_000014,167.456,27.894,True,False,False
O25_4,s20,s2003a,s20_s2003a_raw_nemo_buffer_000002,9.56,40.0,True,False,False
O25_4,s20,s2003a,s20_s2003a_raw_nemo_buffer_000014,167.456,27.894,True,False,False
O25_4,s20,s2003a,s20_s2003a_raw_nemo_buffer_000037,589.844,36.0,True,False,False
O0_4,s20,s2003a,s20_s2003a_raw_nemo_buffer_000002,9.528,8.0,False,False,False
O0_4,s20,s2003a,s20_s2003a_raw_nemo_buffer_000014,167.456,27.894,True,False,False
O12.5_4,s20,s2003a,s20_s2003a_raw_nemo_buffer_000002,9.524,4.0,False,False,False
O12.5_4,s20,s2003a,s20_s2003a_raw_nemo_buffer_000014,167.448,35.894,True,False,False
O12.5_4,s20,s2003a,s20_s2003a_raw_nemo_buffer_000017,191.428,38.562,True,False,False
O0_2,s20,s2003a,s20_s2003a_raw_nemo_buffer_000002,9.528,8.0,False,False,False
O0_2,s20,s2003a,s20_s2003a_raw_nemo_buffer_000014,167.456,27.894,True,False,False
A_O50_8,s20,s2003b,s20_s2003b_raw_nemo_buffer_000001,6.792,24.0,True,False,False
A_O50_8,s20,s2003b,s20_s2003b_raw_nemo_buffer_000003,27.88,24.0,True,False,False
A_O50_8,s20,s2003b,s20_s2003b_raw_nemo_buffer_000005,69.656,35.332,True,False,False
A_O50_8,s20,s2003b,s20_s2003b_raw_nemo_buffer_000007,78.784,16.0,False,False,False
A_O50_8,s20,s2003b,s20_s2003b_raw_nemo_buffer_000007,82.968,22.732,True,False,False
A_O50_8,s20,s2003b,s20_s2003b_raw_nemo_buffer_000014,127.256,27.253,True,False,False
A_O50_8,s20,s2003b,s20_s2003b_raw_nemo_buffer_000014,134.344,29.728,True,False,False
A_O50_8,s20,s2003b,s20_s2003b_raw_nemo_buffer_000017,148.016,39.251,True,False,False
A_O50_8,s20,s2003b,s20_s2003b_raw_nemo_buffer_000017,151.152,35.093,True,False,False
A_O50_8,s20,s2003b,s20_s2003b_raw_nemo_buffer_000023,188.616,4.438,False,False,False
A_O50_8,s20,s2003b,s20_s2003b_raw_nemo_buffer_000023,192.104,44.812,True,False,False
A_O50_8,s20,s2003b,s20_s2003b_raw_nemo_buffer_000037,313.048,40.446,True,False,False
A_O50_8,s20,s2003b,s20_s2003b_raw_nemo_buffer_000039,327.76,76.625,True,True,False
A_O50_8,s20,s2003b,s20_s2003b_raw_nemo_buffer_000042,352.304,27.565,True,False,False
A_O50_8,s20,s2003b,s20_s2003b_raw_nemo_buffer_000049,426.84,44.75,True,False,False
A_O50_8,s20,s2003b,s20_s2003b_raw_nemo_buffer_000049,434.808,47.825,True,False,False
A_O50_8,s20,s2003b,s20_s2003b_raw_nemo_buffer_000051,443.608,8.0,False,False,False
A_O50_8,s20,s2003b,s20_s2003b_raw_nemo_buffer_000055,492.088,4.312,False,False,False
D_O0_8,s20,s2003b,s20_s2003b_raw_nemo_buffer_000001,6.792,24.0,True,False,False
D_O0_8,s20,s2003b,s20_s2003b_raw_nemo_buffer_000003,27.888,32.0,True,False,False
D_O0_8,s20,s2003b,s20_s2003b_raw_nemo_buffer_000005,64.56,36.366,True,False,False
D_O0_8,s20,s2003b,s20_s2003b_raw_nemo_buffer_000007,78.8,32.0,True,False,False
D_O0_8,s20,s2003b,s20_s2003b_raw_nemo_buffer_000007,82.984,6.732,False,False,False
D_O0_8,s20,s2003b,s20_s2003b_raw_nemo_buffer_000023,188.616,4.438,False,False,False
D_O0_8,s20,s2003b,s20_s2003b_raw_nemo_buffer_000037,313.752,114.513,True,True,True
D_O0_8,s20,s2003b,s20_s2003b_raw_nemo_buffer_000049,426.848,36.75,True,False,False
D_O0_8,s20,s2003b,s20_s2003b_raw_nemo_buffer_000051,443.608,8.0,False,False,False
O25_4,s20,s2003b,s20_s2003b_raw_nemo_buffer_000001,6.792,24.0,True,False,False
O25_4,s20,s2003b,s20_s2003b_raw_nemo_buffer_000003,27.888,32.0,True,False,False
O25_4,s20,s2003b,s20_s2003b_raw_nemo_buffer_000007,78.8,32.0,True,False,False
O25_4,s20,s2003b,s20_s2003b_raw_nemo_buffer_000007,82.988,2.732,False,False,False
O25_4,s20,s2003b,s20_s2003b_raw_nemo_buffer_000014,127.26,31.253,True,False,False
O25_4,s20,s2003b,s20_s2003b_raw_nemo_buffer_000014,134.336,21.728,True,False,False
O25_4,s20,s2003b,s20_s2003b_raw_nemo_buffer_000023,188.616,4.438,False,False,False
O25_4,s20,s2003b,s20_s2003b_raw_nemo_buffer_000037,313.756,118.513,True,True,True
O25_4,s20,s2003b,s20_s2003b_raw_nemo_buffer_000039,327.76,76.625,True,True,False
O25_4,s20,s2003b,s20_s2003b_raw_nemo_buffer_000042,352.284,14.935,False,False,False
O25_4,s20,s2003b,s20_s2003b_raw_nemo_buffer_000049,426.852,32.75,True,False,False
O25_4,s20,s2003b,s20_s2003b_raw_nemo_buffer_000049,434.824,31.825,True,False,False
O0_4,s20,s2003b,s20_s2003b_raw_nemo_buffer_000001,6.792,24.0,True,False,False
O0_4,s20,s2003b,s20_s2003b_raw_nemo_buffer_000003,27.884,28.0,True,False,False
O0_4,s20,s2003b,s20_s2003b_raw_nemo_buffer_000005,64.56,36.366,True,False,False
O0_4,s20,s2003b,s20_s2003b_raw_nemo_buffer_000007,78.8,32.0,True,False,False
O0_4,s20,s2003b,s20_s2003b_raw_nemo_buffer_000007,82.98,10.732,False,False,False
O0_4,s20,s2003b,s20_s2003b_raw_nemo_buffer_000023,188.616,4.438,False,False,False
O0_4,s20,s2003b,s20_s2003b_raw_nemo_buffer_000037,313.756,118.513,True,True,True
O0_4,s20,s2003b,s20_s2003b_raw_nemo_buffer_000049,426.844,40.75,True,False,False
O0_4,s20,s2003b,s20_s2003b_raw_nemo_buffer_000051,443.612,12.0,False,False,False
O12.5_4,s20,s2003b,s20_s2003b_raw_nemo_buffer_000001,6.792,24.0,True,False,False
O12.5_4,s20,s2003b,s20_s2003b_raw_nemo_buffer_000003,27.884,28.0,True,False,False
O12.5_4,s20,s2003b,s20_s2003b_raw_nemo_buffer_000007,78.788,20.0,False,False,False
O12.5_4,s20,s2003b,s20_s2003b_raw_nemo_buffer_000007,82.984,6.732,False,False,False
O12.5_4,s20,s2003b,s20_s2003b_raw_nemo_buffer_000023,188.62,8.438,False,False,False
O12.5_4,s20,s2003b,s20_s2003b_raw_nemo_buffer_000037,313.752,114.513,True,True,True
O12.5_4,s20,s2003b,s20_s2003b_raw_nemo_buffer_000039,321.5,22.606,True,False,False
O12.5_4,s20,s2003b,s20_s2003b_raw_nemo_buffer_000049,426.852,32.75,True,False,False
O12.5_4,s20,s2003b,s20_s2003b_raw_nemo_buffer_000049,434.852,3.825,False,False,False
O12.5_4,s20,s2003b,s20_s2003b_raw_nemo_buffer_000051,443.608,8.0,False,False,False
O0_2,s20,s2003b,s20_s2003b_raw_nemo_buffer_000001,6.79,22.0,True,False,False
O0_2,s20,s2003b,s20_s2003b_raw_nemo_buffer_000003,27.882,26.0,True,False,False
O0_2,s20,s2003b,s20_s2003b_raw_nemo_buffer_000005,64.56,36.366,True,False,False
O0_2,s20,s2003b,s20_s2003b_raw_nemo_buffer_000007,78.79,22.0,True,False,False
O0_2,s20,s2003b,s20_s2003b_raw_nemo_buffer_000007,82.98,10.732,False,False,False
O0_2,s20,s2003b,s20_s2003b_raw_nemo_buffer_000023,188.616,4.438,False,False,False
O0_2,s20,s2003b,s20_s2003b_raw_nemo_buffer_000037,313.754,116.513,True,True,True
O0_2,s20,s2003b,s20_s2003b_raw_nemo_buffer_000049,426.846,38.75,True,False,False
O0_2,s20,s2003b,s20_s2003b_raw_nemo_buffer_000051,443.612,12.0,False,False,False
A_O50_8,s20,s2004a,s20_s2004a_raw_nemo_buffer_000003,16.448,52.537,True,True,False
A_O50_8,s20,s2004a,s20_s2004a_raw_nemo_buffer_000006,39.264,16.0,False,False,False
A_O50_8,s20,s2004a,s20_s2004a_raw_nemo_buffer_000012,61.52,35.978,True,False,False
A_O50_8,s20,s2004a,s20_s2004a_raw_nemo_buffer_000026,206.552,35.209,True,False,False
A_O50_8,s20,s2004a,s20_s2004a_raw_nemo_buffer_000027,209.856,29.102,True,False,False
A_O50_8,s20,s2004a,s20_s2004a_raw_nemo_buffer_000035,267.256,8.0,False,False,False
A_O50_8,s20,s2004a,s20_s2004a_raw_nemo_buffer_000045,317.76,16.0,False,False,False
D_O0_8,s20,s2004a,s20_s2004a_raw_nemo_buffer_000006,39.264,16.0,False,False,False
D_O0_8,s20,s2004a,s20_s2004a_raw_nemo_buffer_000027,209.832,5.102,False,False,False
D_O0_8,s20,s2004a,s20_s2004a_raw_nemo_buffer_000035,267.256,8.0,False,False,False
D_O0_8,s20,s2004a,s20_s2004a_raw_nemo_buffer_000045,317.752,8.0,False,False,False
O25_4,s20,s2004a,s20_s2004a_raw_nemo_buffer_000006,39.264,16.0,False,False,False
O25_4,s20,s2004a,s20_s2004a_raw_nemo_buffer_000012,61.52,35.978,True,False,False
O25_4,s20,s2004a,s20_s2004a_raw_nemo_buffer_000027,209.832,5.102,False,False,False
O25_4,s20,s2004a,s20_s2004a_raw_nemo_buffer_000035,267.256,8.0,False,False,False
O25_4,s20,s2004a,s20_s2004a_raw_nemo_buffer_000045,317.748,4.0,False,False,False
O0_4,s20,s2004a,s20_s2004a_raw_nemo_buffer_000006,39.264,16.0,False,False,False
O0_4,s20,s2004a,s20_s2004a_raw_nemo_buffer_000027,209.832,5.102,False,False,False
O0_4,s20,s2004a,s20_s2004a_raw_nemo_buffer_000035,267.252,4.0,False,False,False
O0_4,s20,s2004a,s20_s2004a_raw_nemo_buffer_000045,317.748,4.0,False,False,False
O12.5_4,s20,s2004a,s20_s2004a_raw_nemo_buffer_000006,39.276,28.0,True,False,False
O12.5_4,s20,s2004a,s20_s2004a_raw_nemo_buffer_000027,209.848,21.102,True,False,False
O12.5_4,s20,s2004a,s20_s2004a_raw_nemo_buffer_000035,267.268,20.0,False,False,False
O12.5_4,s20,s2004a,s20_s2004a_raw_nemo_buffer_000045,317.748,4.0,False,False,False
O0_2,s20,s2004a,s20_s2004a_raw_nemo_buffer_000006,39.262,14.0,False,False,False
O0_2,s20,s2004a,s20_s2004a_raw_nemo_buffer_000027,209.832,5.102,False,False,False
O0_2,s20,s2004a,s20_s2004a_raw_nemo_buffer_000035,267.25,2.0,False,False,False
O0_2,s20,s2004a,s20_s2004a_raw_nemo_buffer_000045,317.746,2.0,False,False,False
A_O50_8,s21,s2101b,s21_s2101b_raw_nemo_buffer_000006,29.144,40.0,True,False,False
A_O50_8,s21,s2101b,s21_s2101b_raw_nemo_buffer_000028,129.408,23.408,True,False,False
A_O50_8,s21,s2101b,s21_s2101b_raw_nemo_buffer_000043,205.4,30.0,True,False,False
A_O50_8,s21,s2101b,s21_s2101b_raw_nemo_buffer_000044,212.792,40.312,True,False,False
A_O50_8,s21,s2101b,s21_s2101b_raw_nemo_buffer_000046,222.944,7.6,False,False,False
A_O50_8,s21,s2101b,s21_s2101b_raw_nemo_buffer_000058,284.536,39.432,True,False,False
A_O50_8,s21,s2101b,s21_s2101b_raw_nemo_buffer_000059,286.264,24.355,True,False,False
A_O50_8,s21,s2101b,s21_s2101b_raw_nemo_buffer_000060,290.288,22.727,True,False,False
A_O50_8,s21,s2101b,s21_s2101b_raw_nemo_buffer_000091,423.152,11.443,False,False,False
A_O50_8,s21,s2101b,s21_s2101b_raw_nemo_buffer_000098,457.888,9.788,False,False,False
A_O50_8,s21,s2101b,s21_s2101b_raw_nemo_buffer_000121,538.792,24.0,True,False,False
D_O0_8,s21,s2101b,s21_s2101b_raw_nemo_buffer_000000,5.52,50.854,True,True,False
D_O0_8,s21,s2101b,s21_s2101b_raw_nemo_buffer_000006,29.136,32.0,True,False,False
D_O0_8,s21,s2101b,s21_s2101b_raw_nemo_buffer_000027,117.464,8.069,False,False,False
D_O0_8,s21,s2101b,s21_s2101b_raw_nemo_buffer_000043,205.4,30.0,True,False,False
D_O0_8,s21,s2101b,s21_s2101b_raw_nemo_buffer_000046,222.944,7.6,False,False,False
D_O0_8,s21,s2101b,s21_s2101b_raw_nemo_buffer_000058,278.032,50.711,True,True,False
D_O0_8,s21,s2101b,s21_s2101b_raw_nemo_buffer_000059,286.248,11.427,False,False,False
D_O0_8,s21,s2101b,s21_s2101b_raw_nemo_buffer_000060,290.28,30.727,True,False,False
D_O0_8,s21,s2101b,s21_s2101b_raw_nemo_buffer_000091,423.144,3.443,False,False,False
D_O0_8,s21,s2101b,s21_s2101b_raw_nemo_buffer_000117,529.864,9.312,False,False,False
D_O0_8,s21,s2101b,s21_s2101b_raw_nemo_buffer_000121,538.792,24.0,True,False,False
O25_4,s21,s2101b,s21_s2101b_raw_nemo_buffer_000006,29.136,32.0,True,False,False
O25_4,s21,s2101b,s21_s2101b_raw_nemo_buffer_000043,205.388,28.0,True,False,False
O25_4,s21,s2101b,s21_s2101b_raw_nemo_buffer_000058,284.564,11.432,False,False,False
O25_4,s21,s2101b,s21_s2101b_raw_nemo_buffer_000059,286.256,19.427,False,False,False
O25_4,s21,s2101b,s21_s2101b_raw_nemo_buffer_000060,290.276,34.727,True,False,False
O25_4,s21,s2101b,s21_s2101b_raw_nemo_buffer_000091,423.152,11.443,False,False,False
O25_4,s21,s2101b,s21_s2101b_raw_nemo_buffer_000121,538.792,24.0,True,False,False
O0_4,s21,s2101b,s21_s2101b_raw_nemo_buffer_000000,5.52,50.854,True,True,False
O0_4,s21,s2101b,s21_s2101b_raw_nemo_buffer_000006,29.136,32.0,True,False,False
O0_4,s21,s2101b,s21_s2101b_raw_nemo_buffer_000027,117.464,8.069,False,False,False
O0_4,s21,s2101b,s21_s2101b_raw_nemo_buffer_000043,205.396,34.0,True,False,False
O0_4,s21,s2101b,s21_s2101b_raw_nemo_buffer_000046,222.944,7.6,False,False,False
O0_4,s21,s2101b,s21_s2101b_raw_nemo_buffer_000058,278.028,46.711,True,False,False
O0_4,s21,s2101b,s21_s2101b_raw_nemo_buffer_000059,286.248,11.427,False,False,False
O0_4,s21,s2101b,s21_s2101b_raw_nemo_buffer_000060,290.284,26.727,True,False,False
O0_4,s21,s2101b,s21_s2101b_raw_nemo_buffer_000091,423.144,3.443,False,False,False
O0_4,s21,s2101b,s21_s2101b_raw_nemo_buffer_000121,538.796,28.0,True,False,False
O12.5_4,s21,s2101b,s21_s2101b_raw_nemo_buffer_000006,29.132,28.0,True,False,False
O12.5_4,s21,s2101b,s21_s2101b_raw_nemo_buffer_000043,205.392,32.0,True,False,False
O12.5_4,s21,s2101b,s21_s2101b_raw_nemo_buffer_000044,212.948,13.579,False,False,False
O12.5_4,s21,s2101b,s21_s2101b_raw_nemo_buffer_000058,284.564,11.432,False,False,False
O12.5_4,s21,s2101b,s21_s2101b_raw_nemo_buffer_000059,286.248,11.427,False,False,False
O12.5_4,s21,s2101b,s21_s2101b_raw_nemo_buffer_000060,290.252,12.731,False,False,False
O12.5_4,s21,s2101b,s21_s2101b_raw_nemo_buffer_000091,423.136,4.557,False,False,False
O12.5_4,s21,s2101b,s21_s2101b_raw_nemo_buffer_000121,538.788,20.0,False,False,False
O0_2,s21,s2101b,s21_s2101b_raw_nemo_buffer_000000,5.518,48.854,True,False,False
O0_2,s21,s2101b,s21_s2101b_raw_nemo_buffer_000006,29.136,32.0,True,False,False
O0_2,s21,s2101b,s21_s2101b_raw_nemo_buffer_000027,117.464,8.069,False,False,False
O0_2,s21,s2101b,s21_s2101b_raw_nemo_buffer_000043,205.398,32.0,True,False,False
O0_2,s21,s2101b,s21_s2101b_raw_nemo_buffer_000046,222.944,7.6,False,False,False
O0_2,s21,s2101b,s21_s2101b_raw_nemo_buffer_000058,278.026,44.711,True,False,False
O0_2,s21,s2101b,s21_s2101b_raw_nemo_buffer_000059,286.25,13.427,False,False,False
O0_2,s21,s2101b,s21_s2101b_raw_nemo_buffer_000060,290.284,26.727,True,False,False
O0_2,s21,s2101b,s21_s2101b_raw_nemo_buffer_000091,423.146,5.443,False,False,False
O0_2,s21,s2101b,s21_s2101b_raw_nemo_buffer_000121,538.794,26.0,True,False,False
A_O50_8,s21,s2102b,s21_s2102b_raw_nemo_buffer_000003,12.6,8.0,False,False,False
A_O50_8,s21,s2102b,s21_s2102b_raw_nemo_buffer_000008,27.224,2.081,False,False,False
A_O50_8,s21,s2102b,s21_s2102b_raw_nemo_buffer_000015,45.08,28.097,True,False,False
A_O50_8,s21,s2102b,s21_s2102b_raw_nemo_buffer_000017,58.568,51.027,True,True,False
A_O50_8,s21,s2102b,s21_s2102b_raw_nemo_buffer_000040,149.08,13.041,False,False,False
A_O50_8,s21,s2102b,s21_s2102b_raw_nemo_buffer_000047,189.888,16.0,False,False,False
A_O50_8,s21,s2102b,s21_s2102b_raw_nemo_buffer_000062,228.696,8.0,False,False,False
A_O50_8,s21,s2102b,s21_s2102b_raw_nemo_buffer_000069,263.968,20.141,True,False,False
A_O50_8,s21,s2102b,s21_s2102b_raw_nemo_buffer_000079,318.528,8.563,False,False,False
A_O50_8,s21,s2102b,s21_s2102b_raw_nemo_buffer_000080,319.552,16.0,False,False,False
A_O50_8,s21,s2102b,s21_s2102b_raw_nemo_buffer_000104,428.176,28.372,True,False,False
A_O50_8,s21,s2102b,s21_s2102b_raw_nemo_buffer_000105,429.352,24.0,True,False,False
A_O50_8,s21,s2102b,s21_s2102b_raw_nemo_buffer_000113,451.784,37.0,True,False,False
A_O50_8,s21,s2102b,s21_s2102b_raw_nemo_buffer_000128,527.216,15.343,False,False,False
D_O0_8,s21,s2102b,s21_s2102b_raw_nemo_buffer_000003,12.6,8.0,False,False,False
D_O0_8,s21,s2102b,s21_s2102b_raw_nemo_buffer_000008,27.224,2.081,False,False,False
D_O0_8,s21,s2102b,s21_s2102b_raw_nemo_buffer_000015,45.08,28.097,True,False,False
D_O0_8,s21,s2102b,s21_s2102b_raw_nemo_buffer_000017,58.568,51.027,True,True,False
D_O0_8,s21,s2102b,s21_s2102b_raw_nemo_buffer_000040,149.08,13.041,False,False,False
D_O0_8,s21,s2102b,s21_s2102b_raw_nemo_buffer_000047,189.888,16.0,False,False,False
D_O0_8,s21,s2102b,s21_s2102b_raw_nemo_buffer_000062,228.696,8.0,False,False,False
D_O0_8,s21,s2102b,s21_s2102b_raw_nemo_buffer_000072,295.944,42.911,True,False,False
D_O0_8,s21,s2102b,s21_s2102b_raw_nemo_buffer_000080,319.544,8.0,False,False,False
D_O0_8,s21,s2102b,s21_s2102b_raw_nemo_buffer_000104,420.408,5.629,False,False,False
D_O0_8,s21,s2102b,s21_s2102b_raw_nemo_buffer_000104,428.176,28.372,True,False,False
D_O0_8,s21,s2102b,s21_s2102b_raw_nemo_buffer_000105,429.344,16.0,False,False,False
D_O0_8,s21,s2102b,s21_s2102b_raw_nemo_buffer_000113,451.768,40.0,True,False,False
D_O0_8,s21,s2102b,s21_s2102b_raw_nemo_buffer_000128,527.208,7.343,False,False,False
D_O0_8,s21,s2102b,s21_s2102b_raw_nemo_buffer_000131,545.496,55.688,True,True,False
O25_4,s21,s2102b,s21_s2102b_raw_nemo_buffer_000003,12.6,8.0,False,False,False
O25_4,s21,s2102b,s21_s2102b_raw_nemo_buffer_000008,27.232,5.919,False,False,False
O25_4,s21,s2102b,s21_s2102b_raw_nemo_buffer_000015,45.076,32.097,True,False,False
O25_4,s21,s2102b,s21_s2102b_raw_nemo_buffer_000017,58.56,43.027,True,False,False
O25_4,s21,s2102b,s21_s2102b_raw_nemo_buffer_000047,189.876,4.0,False,False,False
O25_4,s21,s2102b,s21_s2102b_raw_nemo_buffer_000062,228.692,4.0,False,False,False
O25_4,s21,s2102b,s21_s2102b_raw_nemo_buffer_000069,263.968,20.141,True,False,False
O25_4,s21,s2102b,s21_s2102b_raw_nemo_buffer_000079,318.532,4.563,False,False,False
O25_4,s21,s2102b,s21_s2102b_raw_nemo_buffer_000080,319.54,4.0,False,False,False
O25_4,s21,s2102b,s21_s2102b_raw_nemo_buffer_000095,381.168,16.455,False,False,False
O25_4,s21,s2102b,s21_s2102b_raw_nemo_buffer_000104,420.412,9.629,False,False,False
O25_4,s21,s2102b,s21_s2102b_raw_nemo_buffer_000104,428.188,40.372,True,False,False
O25_4,s21,s2102b,s21_s2102b_raw_nemo_buffer_000105,429.356,28.0,True,False,False
O25_4,s21,s2102b,s21_s2102b_raw_nemo_buffer_000113,451.788,33.0,True,False,False
O25_4,s21,s2102b,s21_s2102b_raw_nemo_buffer_000124,515.872,18.595,False,False,False
O0_4,s21,s2102b,s21_s2102b_raw_nemo_buffer_000003,12.6,8.0,False,False,False
O0_4,s21,s2102b,s21_s2102b_raw_nemo_buffer_000008,27.224,2.081,False,False,False
O0_4,s21,s2102b,s21_s2102b_raw_nemo_buffer_000015,45.076,32.097,True,False,False
O0_4,s21,s2102b,s21_s2102b_raw_nemo_buffer_000017,58.572,55.027,True,True,False
O0_4,s21,s2102b,s21_s2102b_raw_nemo_buffer_000047,189.888,16.0,False,False,False
O0_4,s21,s2102b,s21_s2102b_raw_nemo_buffer_000062,228.692,4.0,False,False,False
O0_4,s21,s2102b,s21_s2102b_raw_nemo_buffer_000072,295.94,38.911,True,False,False
O0_4,s21,s2102b,s21_s2102b_raw_nemo_buffer_000080,319.54,4.0,False,False,False
O0_4,s21,s2102b,s21_s2102b_raw_nemo_buffer_000104,420.408,5.629,False,False,False
O0_4,s21,s2102b,s21_s2102b_raw_nemo_buffer_000104,428.176,28.372,True,False,False
O0_4,s21,s2102b,s21_s2102b_raw_nemo_buffer_000105,429.344,16.0,False,False,False
O0_4,s21,s2102b,s21_s2102b_raw_nemo_buffer_000113,451.768,40.0,True,False,False
O12.5_4,s21,s2102b,s21_s2102b_raw_nemo_buffer_000003,12.596,4.0,False,False,False
O12.5_4,s21,s2102b,s21_s2102b_raw_nemo_buffer_000008,27.216,10.081,False,False,False
O12.5_4,s21,s2102b,s21_s2102b_raw_nemo_buffer_000015,45.08,28.097,True,False,False
O12.5_4,s21,s2102b,s21_s2102b_raw_nemo_buffer_000017,58.564,47.027,True,False,False
O12.5_4,s21,s2102b,s21_s2102b_raw_nemo_buffer_000047,189.88,8.0,False,False,False
O12.5_4,s21,s2102b,s21_s2102b_raw_nemo_buffer_000062,228.696,8.0,False,False,False
O12.5_4,s21,s2102b,s21_s2102b_raw_nemo_buffer_000069,263.968,20.141,True,False,False
O12.5_4,s21,s2102b,s21_s2102b_raw_nemo_buffer_000072,295.904,2.911,False,False,False
O12.5_4,s21,s2102b,s21_s2102b_raw_nemo_buffer_000079,318.536,0.563,False,False,False
O12.5_4,s21,s2102b,s21_s2102b_raw_nemo_buffer_000080,319.544,8.0,False,False,False
O12.5_4,s21,s2102b,s21_s2102b_raw_nemo_buffer_000104,420.404,1.629,False,False,False
O12.5_4,s21,s2102b,s21_s2102b_raw_nemo_buffer_000104,428.184,36.372,True,False,False
O12.5_4,s21,s2102b,s21_s2102b_raw_nemo_buffer_000105,429.356,28.0,True,False,False
O12.5_4,s21,s2102b,s21_s2102b_raw_nemo_buffer_000113,451.788,33.0,True,False,False
O12.5_4,s21,s2102b,s21_s2102b_raw_nemo_buffer_000114,458.72,5.0,False,False,False
O12.5_4,s21,s2102b,s21_s2102b_raw_nemo_buffer_000128,527.204,3.343,False,False,False
O12.5_4,s21,s2102b,s21_s2102b_raw_nemo_buffer_000132,548.94,18.91,False,False,False
O0_2,s21,s2102b,s21_s2102b_raw_nemo_buffer_000003,12.6,8.0,False,False,False
O0_2,s21,s2102b,s21_s2102b_raw_nemo_buffer_000008,27.222,4.081,False,False,False
O0_2,s21,s2102b,s21_s2102b_raw_nemo_buffer_000015,45.078,30.097,True,False,False
O0_2,s21,s2102b,s21_s2102b_raw_nemo_buffer_000017,58.572,55.027,True,True,False
O0_2,s21,s2102b,s21_s2102b_raw_nemo_buffer_000047,189.888,16.0,False,False,False
O0_2,s21,s2102b,s21_s2102b_raw_nemo_buffer_000062,228.698,10.0,False,False,False
O0_2,s21,s2102b,s21_s2102b_raw_nemo_buffer_000072,295.946,44.911,True,False,False
O0_2,s21,s2102b,s21_s2102b_raw_nemo_buffer_000080,319.54,4.0,False,False,False
O0_2,s21,s2102b,s21_s2102b_raw_nemo_buffer_000104,420.408,5.629,False,False,False
O0_2,s21,s2102b,s21_s2102b_raw_nemo_buffer_000104,428.17,22.372,True,False,False
O0_2,s21,s2102b,s21_s2102b_raw_nemo_buffer_000105,429.344,16.0,False,False,False
O0_2,s21,s2102b,s21_s2102b_raw_nemo_buffer_000113,451.766,38.0,True,False,False
A_O50_8,s22,s2201a,s22_s2201a_raw_nemo_buffer_000011,82.432,15.827,False,False,False
A_O50_8,s22,s2201a,s22_s2201a_raw_nemo_buffer_000018,96.904,24.0,True,False,False
A_O50_8,s22,s2201a,s22_s2201a_raw_nemo_buffer_000041,161.16,24.0,True,False,False
A_O50_8,s22,s2201a,s22_s2201a_raw_nemo_buffer_000042,166.936,8.0,False,False,False
A_O50_8,s22,s2201a,s22_s2201a_raw_nemo_buffer_000099,306.536,4.518,False,False,False
A_O50_8,s22,s2201a,s22_s2201a_raw_nemo_buffer_000109,326.8,19.89,False,False,False
A_O50_8,s22,s2201a,s22_s2201a_raw_nemo_buffer_000143,420.048,12.724,False,False,False
A_O50_8,s22,s2201a,s22_s2201a_raw_nemo_buffer_000167,476.488,24.0,True,False,False
A_O50_8,s22,s2201a,s22_s2201a_raw_nemo_buffer_000181,508.12,8.0,False,False,False
A_O50_8,s22,s2201a,s22_s2201a_raw_nemo_buffer_000190,529.528,20.622,True,False,False
A_O50_8,s22,s2201a,s22_s2201a_raw_nemo_buffer_000193,537.976,20.923,True,False,False
A_O50_8,s22,s2201a,s22_s2201a_raw_nemo_buffer_000195,544.232,21.811,True,False,False
A_O50_8,s22,s2201a,s22_s2201a_raw_nemo_buffer_000215,595.536,32.0,True,False,False
D_O0_8,s22,s2201a,s22_s2201a_raw_nemo_buffer_000011,82.448,31.827,True,False,False
D_O0_8,s22,s2201a,s22_s2201a_raw_nemo_buffer_000018,96.904,24.0,True,False,False
D_O0_8,s22,s2201a,s22_s2201a_raw_nemo_buffer_000041,161.152,16.0,False,False,False
D_O0_8,s22,s2201a,s22_s2201a_raw_nemo_buffer_000042,166.936,8.0,False,False,False
D_O0_8,s22,s2201a,s22_s2201a_raw_nemo_buffer_000087,275.208,4.996,False,False,False
D_O0_8,s22,s2201a,s22_s2201a_raw_nemo_buffer_000099,306.528,12.518,False,False,False
D_O0_8,s22,s2201a,s22_s2201a_raw_nemo_buffer_000109,326.8,19.89,False,False,False
D_O0_8,s22,s2201a,s22_s2201a_raw_nemo_buffer_000143,418.544,32.0,True,False,False
D_O0_8,s22,s2201a,s22_s2201a_raw_nemo_buffer_000167,476.48,16.0,False,False,False
D_O0_8,s22,s2201a,s22_s2201a_raw_nemo_buffer_000181,508.136,24.0,True,False,False
D_O0_8,s22,s2201a,s22_s2201a_raw_nemo_buffer_000190,529.528,20.622,True,False,False
D_O0_8,s22,s2201a,s22_s2201a_raw_nemo_buffer_000215,595.512,8.0,False,False,False
O25_4,s22,s2201a,s22_s2201a_raw_nemo_buffer_000011,82.44,23.827,True,False,False
O25_4,s22,s2201a,s22_s2201a_raw_nemo_buffer_000018,96.904,24.0,True,False,False
O25_4,s22,s2201a,s22_s2201a_raw_nemo_buffer_000041,161.172,36.0,True,False,False
O25_4,s22,s2201a,s22_s2201a_raw_nemo_buffer_000042,166.944,16.0,False,False,False
O25_4,s22,s2201a,s22_s2201a_raw_nemo_buffer_000099,306.54,0.518,False,False,False
O25_4,s22,s2201a,s22_s2201a_raw_nemo_buffer_000109,326.8,19.89,False,False,False
O25_4,s22,s2201a,s22_s2201a_raw_nemo_buffer_000143,420.064,14.709,False,False,False
O25_4,s22,s2201a,s22_s2201a_raw_nemo_buffer_000167,476.468,4.0,False,False,False
O25_4,s22,s2201a,s22_s2201a_raw_nemo_buffer_000181,508.132,20.0,False,False,False
O25_4,s22,s2201a,s22_s2201a_raw_nemo_buffer_000190,529.528,20.622,True,False,False
O25_4,s22,s2201a,s22_s2201a_raw_nemo_buffer_000193,537.98,24.923,True,False,False
O25_4,s22,s2201a,s22_s2201a_raw_nemo_buffer_000215,595.512,8.0,False,False,False
O0_4,s22,s2201a,s22_s2201a_raw_nemo_buffer_000011,82.444,27.827,True,False,False
O0_4,s22,s2201a,s22_s2201a_raw_nemo_buffer_000018,96.904,24.0,True,False,False
O0_4,s22,s2201a,s22_s2201a_raw_nemo_buffer_000041,161.156,20.0,False,False,False
O0_4,s22,s2201a,s22_s2201a_raw_nemo_buffer_000042,166.936,8.0,False,False,False
O0_4,s22,s2201a,s22_s2201a_raw_nemo_buffer_000099,306.528,12.518,False,False,False
O0_4,s22,s2201a,s22_s2201a_raw_nemo_buffer_000109,326.8,19.89,False,False,False
O0_4,s22,s2201a,s22_s2201a_raw_nemo_buffer_000143,418.556,44.0,True,False,False
O0_4,s22,s2201a,s22_s2201a_raw_nemo_buffer_000167,476.484,20.0,False,False,False
O0_4,s22,s2201a,s22_s2201a_raw_nemo_buffer_000181,508.136,24.0,True,False,False
O0_4,s22,s2201a,s22_s2201a_raw_nemo_buffer_000190,529.528,20.622,True,False,False
O0_4,s22,s2201a,s22_s2201a_raw_nemo_buffer_000215,595.512,8.0,False,False,False
O12.5_4,s22,s2201a,s22_s2201a_raw_nemo_buffer_000011,82.444,27.827,True,False,False
O12.5_4,s22,s2201a,s22_s2201a_raw_nemo_buffer_000041,161.156,20.0,False,False,False
O12.5_4,s22,s2201a,s22_s2201a_raw_nemo_buffer_000042,166.932,4.0,False,False,False
O12.5_4,s22,s2201a,s22_s2201a_raw_nemo_buffer_000099,306.524,16.518,False,False,False
O12.5_4,s22,s2201a,s22_s2201a_raw_nemo_buffer_000109,326.792,11.89,False,False,False
O12.5_4,s22,s2201a,s22_s2201a_raw_nemo_buffer_000143,418.552,40.0,True,False,False
O12.5_4,s22,s2201a,s22_s2201a_raw_nemo_buffer_000167,476.468,4.0,False,False,False
O12.5_4,s22,s2201a,s22_s2201a_raw_nemo_buffer_000181,508.132,20.0,False,False,False
O12.5_4,s22,s2201a,s22_s2201a_raw_nemo_buffer_000190,529.528,20.622,True,False,False
O12.5_4,s22,s2201a,s22_s2201a_raw_nemo_buffer_000193,537.984,28.923,True,False,False
O12.5_4,s22,s2201a,s22_s2201a_raw_nemo_buffer_000215,595.532,28.0,True,False,False
O0_2,s22,s2201a,s22_s2201a_raw_nemo_buffer_000011,82.418,1.827,False,False,False
O0_2,s22,s2201a,s22_s2201a_raw_nemo_buffer_000018,96.904,24.0,True,False,False
O0_2,s22,s2201a,s22_s2201a_raw_nemo_buffer_000032,135.74,12.0,False,False,False
O0_2,s22,s2201a,s22_s2201a_raw_nemo_buffer_000041,161.158,22.0,True,False,False
O0_2,s22,s2201a,s22_s2201a_raw_nemo_buffer_000042,166.936,8.0,False,False,False
O0_2,s22,s2201a,s22_s2201a_raw_nemo_buffer_000099,306.528,12.518,False,False,False
O0_2,s22,s2201a,s22_s2201a_raw_nemo_buffer_000143,418.554,42.0,True,False,False
O0_2,s22,s2201a,s22_s2201a_raw_nemo_buffer_000167,476.484,20.0,False,False,False
O0_2,s22,s2201a,s22_s2201a_raw_nemo_buffer_000181,508.136,24.0,True,False,False
O0_2,s22,s2201a,s22_s2201a_raw_nemo_buffer_000190,529.538,30.622,True,False,False
O0_2,s22,s2201a,s22_s2201a_raw_nemo_buffer_000215,595.514,10.0,False,False,False
A_O50_8,s22,s2201b,s22_s2201b_raw_nemo_buffer_000008,24.696,40.0,True,False,False
A_O50_8,s22,s2201b,s22_s2201b_raw_nemo_buffer_000017,55.608,32.383,True,False,False
A_O50_8,s22,s2201b,s22_s2201b_raw_nemo_buffer_000038,109.728,16.0,False,False,False
A_O50_8,s22,s2201b,s22_s2201b_raw_nemo_buffer_000040,118.976,12.062,False,False,False
A_O50_8,s22,s2201b,s22_s2201b_raw_nemo_buffer_000049,145.16,38.612,True,False,False
A_O50_8,s22,s2201b,s22_s2201b_raw_nemo_buffer_000062,181.304,4.253,False,False,False
A_O50_8,s22,s2201b,s22_s2201b_raw_nemo_buffer_000064,186.696,24.0,True,False,False
A_O50_8,s22,s2201b,s22_s2201b_raw_nemo_buffer_000119,338.392,42.277,True,False,False
A_O50_8,s22,s2201b,s22_s2201b_raw_nemo_buffer_000143,394.384,5.626,False,False,False
A_O50_8,s22,s2201b,s22_s2201b_raw_nemo_buffer_000152,422.576,37.959,True,False,False
D_O0_8,s22,s2201b,s22_s2201b_raw_nemo_buffer_000017,55.608,32.383,True,False,False
D_O0_8,s22,s2201b,s22_s2201b_raw_nemo_buffer_000038,109.736,24.0,True,False,False
D_O0_8,s22,s2201b,s22_s2201b_raw_nemo_buffer_000040,118.976,12.062,False,False,False
D_O0_8,s22,s2201b,s22_s2201b_raw_nemo_buffer_000049,145.152,30.612,True,False,False
D_O0_8,s22,s2201b,s22_s2201b_raw_nemo_buffer_000062,181.304,4.253,False,False,False
D_O0_8,s22,s2201b,s22_s2201b_raw_nemo_buffer_000064,186.72,48.0,True,False,False
D_O0_8,s22,s2201b,s22_s2201b_raw_nemo_buffer_000119,338.424,10.277,False,False,False
D_O0_8,s22,s2201b,s22_s2201b_raw_nemo_buffer_000155,428.448,16.0,False,False,False
O25_4,s22,s2201b,s22_s2201b_raw_nemo_buffer_000008,24.716,60.0,True,True,False
O25_4,s22,s2201b,s22_s2201b_raw_nemo_buffer_000017,55.6,24.383,True,False,False
O25_4,s22,s2201b,s22_s2201b_raw_nemo_buffer_000038,109.728,16.0,False,False,False
O25_4,s22,s2201b,s22_s2201b_raw_nemo_buffer_000040,118.98,16.062,False,False,False
O25_4,s22,s2201b,s22_s2201b_raw_nemo_buffer_000049,145.168,46.612,True,False,False
O25_4,s22,s2201b,s22_s2201b_raw_nemo_buffer_000064,186.704,32.0,True,False,False
O25_4,s22,s2201b,s22_s2201b_raw_nemo_buffer_000119,338.392,42.277,True,False,False
O25_4,s22,s2201b,s22_s2201b_raw_nemo_buffer_000152,422.588,25.959,True,False,False
O25_4,s22,s2201b,s22_s2201b_raw_nemo_buffer_000155,428.436,4.0,False,False,False
O0_4,s22,s2201b,s22_s2201b_raw_nemo_buffer_000017,55.608,32.383,True,False,False
O0_4,s22,s2201b,s22_s2201b_raw_nemo_buffer_000038,109.732,20.0,False,False,False
O0_4,s22,s2201b,s22_s2201b_raw_nemo_buffer_000040,118.98,16.062,False,False,False
O0_4,s22,s2201b,s22_s2201b_raw_nemo_buffer_000049,145.152,30.612,True,False,False
O0_4,s22,s2201b,s22_s2201b_raw_nemo_buffer_000062,181.304,4.253,False,False,False
O0_4,s22,s2201b,s22_s2201b_raw_nemo_buffer_000064,186.724,52.0,True,True,False
O0_4,s22,s2201b,s22_s2201b_raw_nemo_buffer_000119,338.424,10.277,False,False,False
O0_4,s22,s2201b,s22_s2201b_raw_nemo_buffer_000152,422.588,25.959,True,False,False
O0_4,s22,s2201b,s22_s2201b_raw_nemo_buffer_000155,428.452,20.0,False,False,False
O12.5_4,s22,s2201b,s22_s2201b_raw_nemo_buffer_000008,24.684,28.0,True,False,False
O12.5_4,s22,s2201b,s22_s2201b_raw_nemo_buffer_000008,29.272,12.061,False,False,False
O12.5_4,s22,s2201b,s22_s2201b_raw_nemo_buffer_000017,55.604,28.383,True,False,False
O12.5_4,s22,s2201b,s22_s2201b_raw_nemo_buffer_000038,109.732,20.0,False,False,False
O12.5_4,s22,s2201b,s22_s2201b_raw_nemo_buffer_000040,118.984,19.938,False,False,False
O12.5_4,s22,s2201b,s22_s2201b_raw_nemo_buffer_000049,145.152,30.612,True,False,False
O12.5_4,s22,s2201b,s22_s2201b_raw_nemo_buffer_000053,157.18,3.025,False,False,False
O12.5_4,s22,s2201b,s22_s2201b_raw_nemo_buffer_000062,181.3,0.253,False,False,False
O12.5_4,s22,s2201b,s22_s2201b_raw_nemo_buffer_000064,186.724,52.0,True,True,False
O12.5_4,s22,s2201b,s22_s2201b_raw_nemo_buffer_000119,338.396,38.277,True,False,False
O12.5_4,s22,s2201b,s22_s2201b_raw_nemo_buffer_000152,422.588,25.959,True,False,False
O12.5_4,s22,s2201b,s22_s2201b_raw_nemo_buffer_000155,428.44,8.0,False,False,False
O0_2,s22,s2201b,s22_s2201b_raw_nemo_buffer_000008,24.688,32.0,True,False,False
O0_2,s22,s2201b,s22_s2201b_raw_nemo_buffer_000017,55.608,32.383,True,False,False
O0_2,s22,s2201b,s22_s2201b_raw_nemo_buffer_000038,109.732,20.0,False,False,False
O0_2,s22,s2201b,s22_s2201b_raw_nemo_buffer_000040,118.978,14.062,False,False,False
O0_2,s22,s2201b,s22_s2201b_raw_nemo_buffer_000049,145.154,32.612,True,False,False
O0_2,s22,s2201b,s22_s2201b_raw_nemo_buffer_000064,186.722,50.0,True,False,False
O0_2,s22,s2201b,s22_s2201b_raw_nemo_buffer_000119,334.486,1.509,False,False,False
O0_2,s22,s2201b,s22_s2201b_raw_nemo_buffer_000119,338.398,36.277,True,False,False
O0_2,s22,s2201b,s22_s2201b_raw_nemo_buffer_000152,422.588,25.959,True,False,False
O0_2,s22,s2201b,s22_s2201b_raw_nemo_buffer_000155,428.452,20.0,False,False,False
A_O50_8,s22,s2202b,s22_s2202b_raw_nemo_buffer_000025,58.288,32.0,True,False,False
A_O50_8,s22,s2202b,s22_s2202b_raw_nemo_buffer_000027,67.864,21.043,True,False,False
A_O50_8,s22,s2202b,s22_s2202b_raw_nemo_buffer_000033,83.64,1.455,False,False,False
A_O50_8,s22,s2202b,s22_s2202b_raw_nemo_buffer_000047,119.008,16.0,False,False,False
A_O50_8,s22,s2202b,s22_s2202b_raw_nemo_buffer_000063,157.024,41.944,True,False,False
A_O50_8,s22,s2202b,s22_s2202b_raw_nemo_buffer_000073,187.672,33.25,True,False,False
A_O50_8,s22,s2202b,s22_s2202b_raw_nemo_buffer_000081,231.056,32.0,True,False,False
A_O50_8,s22,s2202b,s22_s2202b_raw_nemo_buffer_000138,382.336,48.0,True,False,False
A_O50_8,s22,s2202b,s22_s2202b_raw_nemo_buffer_000146,406.4,16.0,False,False,False
A_O50_8,s22,s2202b,s22_s2202b_raw_nemo_buffer_000149,418.8,32.0,True,False,False
A_O50_8,s22,s2202b,s22_s2202b_raw_nemo_buffer_000180,493.752,8.0,False,False,False
D_O0_8,s22,s2202b,s22_s2202b_raw_nemo_buffer_000025,58.288,32.0,True,False,False
D_O0_8,s22,s2202b,s22_s2202b_raw_nemo_buffer_000033,83.64,1.455,False,False,False
D_O0_8,s22,s2202b,s22_s2202b_raw_nemo_buffer_000047,119.0,8.0,False,False,False
D_O0_8,s22,s2202b,s22_s2202b_raw_nemo_buffer_000063,156.984,1.944,False,False,False
D_O0_8,s22,s2202b,s22_s2202b_raw_nemo_buffer_000073,187.68,25.25,True,False,False
D_O0_8,s22,s2202b,s22_s2202b_raw_nemo_buffer_000081,231.064,40.0,True,False,False
D_O0_8,s22,s2202b,s22_s2202b_raw_nemo_buffer_000138,382.296,8.0,False,False,False
D_O0_8,s22,s2202b,s22_s2202b_raw_nemo_buffer_000146,406.4,16.0,False,False,False
D_O0_8,s22,s2202b,s22_s2202b_raw_nemo_buffer_000180,493.752,8.0,False,False,False
O25_4,s22,s2202b,s22_s2202b_raw_nemo_buffer_000025,58.288,32.0,True,False,False
O25_4,s22,s2202b,s22_s2202b_raw_nemo_buffer_000027,67.864,21.043,True,False,False
O25_4,s22,s2202b,s22_s2202b_raw_nemo_buffer_000047,119.016,24.0,True,False,False
O25_4,s22,s2202b,s22_s2202b_raw_nemo_buffer_000063,157.024,41.944,True,False,False
O25_4,s22,s2202b,s22_s2202b_raw_nemo_buffer_000073,187.672,33.25,True,False,False
O25_4,s22,s2202b,s22_s2202b_raw_nemo_buffer_000081,231.06,36.0,True,False,False
O25_4,s22,s2202b,s22_s2202b_raw_nemo_buffer_000138,382.324,36.0,True,False,False
O25_4,s22,s2202b,s22_s2202b_raw_nemo_buffer_000146,406.396,12.0,False,False,False
O25_4,s22,s2202b,s22_s2202b_raw_nemo_buffer_000149,418.804,36.0,True,False,False
O25_4,s22,s2202b,s22_s2202b_raw_nemo_buffer_000180,493.748,4.0,False,False,False
O0_4,s22,s2202b,s22_s2202b_raw_nemo_buffer_000025,58.26,4.0,False,False,False
O0_4,s22,s2202b,s22_s2202b_raw_nemo_buffer_000047,119.0,8.0,False,False,False
O0_4,s22,s2202b,s22_s2202b_raw_nemo_buffer_000063,156.984,1.944,False,False,False
O0_4,s22,s2202b,s22_s2202b_raw_nemo_buffer_000073,187.66,28.0,True,False,False
O0_4,s22,s2202b,s22_s2202b_raw_nemo_buffer_000081,231.036,12.0,False,False,False
O0_4,s22,s2202b,s22_s2202b_raw_nemo_buffer_000138,382.308,20.0,False,False,False
O0_4,s22,s2202b,s22_s2202b_raw_nemo_buffer_000146,406.404,20.0,False,False,False
O0_4,s22,s2202b,s22_s2202b_raw_nemo_buffer_000149,418.784,16.0,False,False,False
O0_4,s22,s2202b,s22_s2202b_raw_nemo_buffer_000180,493.748,4.0,False,False,False
O12.5_4,s22,s2202b,s22_s2202b_raw_nemo_buffer_000025,58.288,32.0,True,False,False
O12.5_4,s22,s2202b,s22_s2202b_raw_nemo_buffer_000047,119.0,8.0,False,False,False
O12.5_4,s22,s2202b,s22_s2202b_raw_nemo_buffer_000063,157.024,41.944,True,False,False
O12.5_4,s22,s2202b,s22_s2202b_raw_nemo_buffer_000073,187.68,25.25,True,False,False
O12.5_4,s22,s2202b,s22_s2202b_raw_nemo_buffer_000081,231.068,44.0,True,False,False
O12.5_4,s22,s2202b,s22_s2202b_raw_nemo_buffer_000138,382.304,16.0,False,False,False
O12.5_4,s22,s2202b,s22_s2202b_raw_nemo_buffer_000146,406.404,20.0,False,False,False
O12.5_4,s22,s2202b,s22_s2202b_raw_nemo_buffer_000149,418.804,36.0,True,False,False
O12.5_4,s22,s2202b,s22_s2202b_raw_nemo_buffer_000180,493.748,4.0,False,False,False
O0_2,s22,s2202b,s22_s2202b_raw_nemo_buffer_000025,58.26,4.0,False,False,False
O0_2,s22,s2202b,s22_s2202b_raw_nemo_buffer_000047,118.994,2.0,False,False,False
O0_2,s22,s2202b,s22_s2202b_raw_nemo_buffer_000063,157.026,43.944,True,False,False
O0_2,s22,s2202b,s22_s2202b_raw_nemo_buffer_000073,187.662,30.0,True,False,False
O0_2,s22,s2202b,s22_s2202b_raw_nemo_buffer_000081,231.062,38.0,True,False,False
O0_2,s22,s2202b,s22_s2202b_raw_nemo_buffer_000138,382.31,22.0,True,False,False
O0_2,s22,s2202b,s22_s2202b_raw_nemo_buffer_000146,406.414,30.0,True,False,False
O0_2,s22,s2202b,s22_s2202b_raw_nemo_buffer_000149,418.784,16.0,False,False,False
O0_2,s22,s2202b,s22_s2202b_raw_nemo_buffer_000180,493.75,6.0,False,False,False
A_O50_8,s22,s2203b,s22_s2203b_raw_nemo_buffer_000026,67.928,0.053,False,False,False
A_O50_8,s22,s2203b,s22_s2203b_raw_nemo_buffer_000030,77.08,40.0,True,False,False
A_O50_8,s22,s2203b,s22_s2203b_raw_nemo_buffer_000043,112.512,40.181,True,False,False
A_O50_8,s22,s2203b,s22_s2203b_raw_nemo_buffer_000058,165.192,18.733,False,False,False
A_O50_8,s22,s2203b,s22_s2203b_raw_nemo_buffer_000083,224.184,8.0,False,False,False
A_O50_8,s22,s2203b,s22_s2203b_raw_nemo_buffer_000100,267.096,24.0,True,False,False
A_O50_8,s22,s2203b,s22_s2203b_raw_nemo_buffer_000128,333.304,20.187,True,False,False
A_O50_8,s22,s2203b,s22_s2203b_raw_nemo_buffer_000133,347.528,37.999,True,False,False
A_O50_8,s22,s2203b,s22_s2203b_raw_nemo_buffer_000180,470.584,40.0,True,False,False
A_O50_8,s22,s2203b,s22_s2203b_raw_nemo_buffer_000182,480.376,8.0,False,False,False
A_O50_8,s22,s2203b,s22_s2203b_raw_nemo_buffer_000188,496.552,10.535,False,False,False
D_O0_8,s22,s2203b,s22_s2203b_raw_nemo_buffer_000026,67.928,0.053,False,False,False
D_O0_8,s22,s2203b,s22_s2203b_raw_nemo_buffer_000030,77.072,32.0,True,False,False
D_O0_8,s22,s2203b,s22_s2203b_raw_nemo_buffer_000058,165.176,34.733,True,False,False
D_O0_8,s22,s2203b,s22_s2203b_raw_nemo_buffer_000083,224.184,8.0,False,False,False
D_O0_8,s22,s2203b,s22_s2203b_raw_nemo_buffer_000100,267.112,8.0,False,False,False
D_O0_8,s22,s2203b,s22_s2203b_raw_nemo_buffer_000133,347.488,16.0,False,False,False
D_O0_8,s22,s2203b,s22_s2203b_raw_nemo_buffer_000180,470.592,48.0,True,False,False
D_O0_8,s22,s2203b,s22_s2203b_raw_nemo_buffer_000182,480.376,8.0,False,False,False
D_O0_8,s22,s2203b,s22_s2203b_raw_nemo_buffer_000188,496.552,10.535,False,False,False
O25_4,s22,s2203b,s22_s2203b_raw_nemo_buffer_000026,67.932,4.053,False,False,False
O25_4,s22,s2203b,s22_s2203b_raw_nemo_buffer_000030,77.08,40.0,True,False,False
O25_4,s22,s2203b,s22_s2203b_raw_nemo_buffer_000043,112.512,40.181,True,False,False
O25_4,s22,s2203b,s22_s2203b_raw_nemo_buffer_000058,165.188,22.733,True,False,False
O25_4,s22,s2203b,s22_s2203b_raw_nemo_buffer_000083,224.184,8.0,False,False,False
O25_4,s22,s2203b,s22_s2203b_raw_nemo_buffer_000100,267.116,4.0,False,False,False
O25_4,s22,s2203b,s22_s2203b_raw_nemo_buffer_000128,333.236,4.0,False,False,False
O25_4,s22,s2203b,s22_s2203b_raw_nemo_buffer_000133,347.476,4.0,False,False,False
O25_4,s22,s2203b,s22_s2203b_raw_nemo_buffer_000180,470.584,40.0,True,False,False
O25_4,s22,s2203b,s22_s2203b_raw_nemo_buffer_000182,480.376,8.0,False,False,False
O25_4,s22,s2203b,s22_s2203b_raw_nemo_buffer_000188,496.552,10.535,False,False,False
O0_4,s22,s2203b,s22_s2203b_raw_nemo_buffer_000026,67.932,4.053,False,False,False
O0_4,s22,s2203b,s22_s2203b_raw_nemo_buffer_000030,77.076,36.0,True,False,False
O0_4,s22,s2203b,s22_s2203b_raw_nemo_buffer_000058,165.176,34.733,True,False,False
O0_4,s22,s2203b,s22_s2203b_raw_nemo_buffer_000083,224.18,4.0,False,False,False
O0_4,s22,s2203b,s22_s2203b_raw_nemo_buffer_000100,267.112,8.0,False,False,False
O0_4,s22,s2203b,s22_s2203b_raw_nemo_buffer_000128,333.236,4.0,False,False,False
O0_4,s22,s2203b,s22_s2203b_raw_nemo_buffer_000133,347.492,20.0,False,False,False
O0_4,s22,s2203b,s22_s2203b_raw_nemo_buffer_000180,470.592,48.0,True,False,False
O0_4,s22,s2203b,s22_s2203b_raw_nemo_buffer_000182,480.376,8.0,False,False,False
O0_4,s22,s2203b,s22_s2203b_raw_nemo_buffer_000188,496.552,10.535,False,False,False
O12.5_4,s22,s2203b,s22_s2203b_raw_nemo_buffer_000030,77.072,32.0,True,False,False
O12.5_4,s22,s2203b,s22_s2203b_raw_nemo_buffer_000058,165.192,18.733,False,False,False
O12.5_4,s22,s2203b,s22_s2203b_raw_nemo_buffer_000083,224.184,8.0,False,False,False
O12.5_4,s22,s2203b,s22_s2203b_raw_nemo_buffer_000100,267.116,4.0,False,False,False
O12.5_4,s22,s2203b,s22_s2203b_raw_nemo_buffer_000128,333.236,4.0,False,False,False
O12.5_4,s22,s2203b,s22_s2203b_raw_nemo_buffer_000133,347.476,4.0,False,False,False
O12.5_4,s22,s2203b,s22_s2203b_raw_nemo_buffer_000180,470.592,48.0,True,False,False
O12.5_4,s22,s2203b,s22_s2203b_raw_nemo_buffer_000182,480.376,8.0,False,False,False
O0_2,s22,s2203b,s22_s2203b_raw_nemo_buffer_000026,67.932,4.053,False,False,False
O0_2,s22,s2203b,s22_s2203b_raw_nemo_buffer_000030,77.076,36.0,True,False,False
O0_2,s22,s2203b,s22_s2203b_raw_nemo_buffer_000043,112.496,32.0,True,False,False
O0_2,s22,s2203b,s22_s2203b_raw_nemo_buffer_000058,165.19,20.733,True,False,False
O0_2,s22,s2203b,s22_s2203b_raw_nemo_buffer_000083,224.178,2.0,False,False,False
O0_2,s22,s2203b,s22_s2203b_raw_nemo_buffer_000100,267.112,8.0,False,False,False
O0_2,s22,s2203b,s22_s2203b_raw_nemo_buffer_000128,333.234,2.0,False,False,False
O0_2,s22,s2203b,s22_s2203b_raw_nemo_buffer_000133,347.49,18.0,False,False,False
O0_2,s22,s2203b,s22_s2203b_raw_nemo_buffer_000180,470.592,48.0,True,False,False
O0_2,s22,s2203b,s22_s2203b_raw_nemo_buffer_000182,480.376,8.0,False,False,False
O0_2,s22,s2203b,s22_s2203b_raw_nemo_buffer_000188,496.55,8.535,False,False,False
A_O50_8,s24,s2401b,s24_s2401b_raw_nemo_buffer_000028,138.232,8.0,False,False,False
A_O50_8,s24,s2401b,s24_s2401b_raw_nemo_buffer_000033,177.072,32.0,True,False,False
A_O50_8,s24,s2401b,s24_s2401b_raw_nemo_buffer_000042,240.56,26.144,True,False,False
A_O50_8,s24,s2401b,s24_s2401b_raw_nemo_buffer_000078,363.632,30.18,True,False,False
A_O50_8,s24,s2401b,s24_s2401b_raw_nemo_buffer_000093,455.448,11.874,False,False,False
D_O0_8,s24,s2401b,s24_s2401b_raw_nemo_buffer_000028,138.232,8.0,False,False,False
D_O0_8,s24,s2401b,s24_s2401b_raw_nemo_buffer_000033,177.056,16.0,False,False,False
D_O0_8,s24,s2401b,s24_s2401b_raw_nemo_buffer_000042,240.56,26.144,True,False,False
D_O0_8,s24,s2401b,s24_s2401b_raw_nemo_buffer_000078,363.632,30.18,True,False,False
O25_4,s24,s2401b,s24_s2401b_raw_nemo_buffer_000028,138.232,8.0,False,False,False
O25_4,s24,s2401b,s24_s2401b_raw_nemo_buffer_000033,177.044,4.0,False,False,False
O25_4,s24,s2401b,s24_s2401b_raw_nemo_buffer_000042,240.536,2.144,False,False,False
O25_4,s24,s2401b,s24_s2401b_raw_nemo_buffer_000068,325.884,29.784,True,False,False
O25_4,s24,s2401b,s24_s2401b_raw_nemo_buffer_000078,363.636,34.18,True,False,False
O25_4,s24,s2401b,s24_s2401b_raw_nemo_buffer_000093,455.444,7.874,False,False,False
O0_4,s24,s2401b,s24_s2401b_raw_nemo_buffer_000028,138.268,44.0,True,False,False
O0_4,s24,s2401b,s24_s2401b_raw_nemo_buffer_000033,177.06,20.0,False,False,False
O0_4,s24,s2401b,s24_s2401b_raw_nemo_buffer_000042,240.56,26.144,True,False,False
O0_4,s24,s2401b,s24_s2401b_raw_nemo_buffer_000078,363.632,30.18,True,False,False
O12.5_4,s24,s2401b,s24_s2401b_raw_nemo_buffer_000028,138.256,32.0,True,False,False
O12.5_4,s24,s2401b,s24_s2401b_raw_nemo_buffer_000033,177.048,8.0,False,False,False
O12.5_4,s24,s2401b,s24_s2401b_raw_nemo_buffer_000078,363.636,34.18,True,False,False
O0_2,s24,s2401b,s24_s2401b_raw_nemo_buffer_000028,138.268,44.0,True,False,False
O0_2,s24,s2401b,s24_s2401b_raw_nemo_buffer_000033,177.062,22.0,True,False,False
O0_2,s24,s2401b,s24_s2401b_raw_nemo_buffer_000078,363.632,30.18,True,False,False
A_O50_8,s24,s2402a,s24_s2402a_raw_nemo_buffer_000031,134.888,50.521,True,True,False
A_O50_8,s24,s2402a,s24_s2402a_raw_nemo_buffer_000081,309.208,8.0,False,False,False
D_O0_8,s24,s2402a,s24_s2402a_raw_nemo_buffer_000031,134.872,34.521,True,False,False
D_O0_8,s24,s2402a,s24_s2402a_raw_nemo_buffer_000081,309.208,8.0,False,False,False
O25_4,s24,s2402a,s24_s2402a_raw_nemo_buffer_000031,134.884,46.521,True,False,False
O25_4,s24,s2402a,s24_s2402a_raw_nemo_buffer_000081,309.204,4.0,False,False,False
O0_4,s24,s2402a,s24_s2402a_raw_nemo_buffer_000081,309.208,8.0,False,False,False
O12.5_4,s24,s2402a,s24_s2402a_raw_nemo_buffer_000031,134.868,30.521,True,False,False
O12.5_4,s24,s2402a,s24_s2402a_raw_nemo_buffer_000081,309.22,20.0,False,False,False
O0_2,s24,s2402a,s24_s2402a_raw_nemo_buffer_000081,309.206,6.0,False,False,False
A_O50_8,s24,s2402b,s24_s2402b_raw_nemo_buffer_000020,88.464,32.0,True,False,False
A_O50_8,s24,s2402b,s24_s2402b_raw_nemo_buffer_000034,157.392,5.955,False,False,False
A_O50_8,s24,s2402b,s24_s2402b_raw_nemo_buffer_000035,162.416,26.001,True,False,False
A_O50_8,s24,s2402b,s24_s2402b_raw_nemo_buffer_000096,405.944,87.221,True,True,False
D_O0_8,s24,s2402b,s24_s2402b_raw_nemo_buffer_000020,88.464,32.0,True,False,False
D_O0_8,s24,s2402b,s24_s2402b_raw_nemo_buffer_000059,271.136,0.552,False,False,False
D_O0_8,s24,s2402b,s24_s2402b_raw_nemo_buffer_000096,405.952,79.221,True,True,False
O25_4,s24,s2402b,s24_s2402b_raw_nemo_buffer_000020,88.464,32.0,True,False,False
O25_4,s24,s2402b,s24_s2402b_raw_nemo_buffer_000035,162.396,6.001,False,False,False
O25_4,s24,s2402b,s24_s2402b_raw_nemo_buffer_000096,405.952,79.221,True,True,False
O0_4,s24,s2402b,s24_s2402b_raw_nemo_buffer_000020,88.464,32.0,True,False,False
O0_4,s24,s2402b,s24_s2402b_raw_nemo_buffer_000034,157.388,1.955,False,False,False
O0_4,s24,s2402b,s24_s2402b_raw_nemo_buffer_000059,271.136,0.552,False,False,False
O0_4,s24,s2402b,s24_s2402b_raw_nemo_buffer_000096,405.956,75.221,True,True,False
O12.5_4,s24,s2402b,s24_s2402b_raw_nemo_buffer_000020,88.464,32.0,True,False,False
O12.5_4,s24,s2402b,s24_s2402b_raw_nemo_buffer_000034,157.388,1.955,False,False,False
O12.5_4,s24,s2402b,s24_s2402b_raw_nemo_buffer_000035,162.396,6.001,False,False,False
O12.5_4,s24,s2402b,s24_s2402b_raw_nemo_buffer_000059,271.136,0.552,False,False,False
O12.5_4,s24,s2402b,s24_s2402b_raw_nemo_buffer_000096,405.952,79.221,True,True,False
O0_2,s24,s2402b,s24_s2402b_raw_nemo_buffer_000020,88.464,32.0,True,False,False
O0_2,s24,s2402b,s24_s2402b_raw_nemo_buffer_000059,271.136,0.552,False,False,False
O0_2,s24,s2402b,s24_s2402b_raw_nemo_buffer_000096,405.368,4.481,False,False,False
A_O50_8,s24,s2403a,s24_s2403a_raw_nemo_buffer_000013,51.824,32.0,True,False,False
A_O50_8,s24,s2403a,s24_s2403a_raw_nemo_buffer_000015,58.688,16.0,False,False,False
A_O50_8,s24,s2403a,s24_s2403a_raw_nemo_buffer_000050,230.064,34.536,True,False,False
A_O50_8,s24,s2403a,s24_s2403a_raw_nemo_buffer_000067,286.592,16.0,False,False,False
A_O50_8,s24,s2403a,s24_s2403a_raw_nemo_buffer_000105,447.456,126.753,True,True,True
A_O50_8,s24,s2403a,s24_s2403a_raw_nemo_buffer_000113,481.512,36.128,True,False,False
D_O0_8,s24,s2403a,s24_s2403a_raw_nemo_buffer_000013,51.808,16.0,False,False,False
D_O0_8,s24,s2403a,s24_s2403a_raw_nemo_buffer_000015,58.68,8.0,False,False,False
D_O0_8,s24,s2403a,s24_s2403a_raw_nemo_buffer_000052,235.424,3.39,False,False,False
D_O0_8,s24,s2403a,s24_s2403a_raw_nemo_buffer_000067,286.584,8.0,False,False,False
D_O0_8,s24,s2403a,s24_s2403a_raw_nemo_buffer_000105,447.488,95.782,True,True,False
D_O0_8,s24,s2403a,s24_s2403a_raw_nemo_buffer_000113,481.52,28.128,True,False,False
O25_4,s24,s2403a,s24_s2403a_raw_nemo_buffer_000013,51.82,28.0,True,False,False
O25_4,s24,s2403a,s24_s2403a_raw_nemo_buffer_000015,58.692,20.0,False,False,False
O25_4,s24,s2403a,s24_s2403a_raw_nemo_buffer_000052,235.424,3.39,False,False,False
O25_4,s24,s2403a,s24_s2403a_raw_nemo_buffer_000067,286.58,4.0,False,False,False
O25_4,s24,s2403a,s24_s2403a_raw_nemo_buffer_000105,447.476,107.782,True,True,True
O25_4,s24,s2403a,s24_s2403a_raw_nemo_buffer_000113,481.516,32.128,True,False,False
O0_4,s24,s2403a,s24_s2403a_raw_nemo_buffer_000013,51.804,12.0,False,False,False
O0_4,s24,s2403a,s24_s2403a_raw_nemo_buffer_000015,58.676,4.0,False,False,False
O0_4,s24,s2403a,s24_s2403a_raw_nemo_buffer_000052,235.424,3.39,False,False,False
O0_4,s24,s2403a,s24_s2403a_raw_nemo_buffer_000067,286.584,8.0,False,False,False
O0_4,s24,s2403a,s24_s2403a_raw_nemo_buffer_000105,447.488,95.782,True,True,False
O0_4,s24,s2403a,s24_s2403a_raw_nemo_buffer_000113,481.548,0.128,False,False,False
O12.5_4,s24,s2403a,s24_s2403a_raw_nemo_buffer_000013,51.828,36.0,True,False,False
O12.5_4,s24,s2403a,s24_s2403a_raw_nemo_buffer_000015,58.684,12.0,False,False,False
O12.5_4,s24,s2403a,s24_s2403a_raw_nemo_buffer_000052,235.424,3.39,False,False,False
O12.5_4,s24,s2403a,s24_s2403a_raw_nemo_buffer_000067,286.592,16.0,False,False,False
O12.5_4,s24,s2403a,s24_s2403a_raw_nemo_buffer_000105,447.496,87.782,True,True,False
O12.5_4,s24,s2403a,s24_s2403a_raw_nemo_buffer_000113,481.516,32.128,True,False,False
O0_2,s24,s2403a,s24_s2403a_raw_nemo_buffer_000013,51.804,12.0,False,False,False
O0_2,s24,s2403a,s24_s2403a_raw_nemo_buffer_000015,58.676,4.0,False,False,False
O0_2,s24,s2403a,s24_s2403a_raw_nemo_buffer_000067,286.578,2.0,False,False,False
O0_2,s24,s2403a,s24_s2403a_raw_nemo_buffer_000105,447.49,93.782,True,True,False
A_O50_8,s24,s2403b,s24_s2403b_raw_nemo_buffer_000020,77.856,24.187,True,False,False
A_O50_8,s24,s2403b,s24_s2403b_raw_nemo_buffer_000057,212.528,29.554,True,False,False
A_O50_8,s24,s2403b,s24_s2403b_raw_nemo_buffer_000065,239.824,32.0,True,False,False
A_O50_8,s24,s2403b,s24_s2403b_raw_nemo_buffer_000076,286.224,32.0,True,False,False
A_O50_8,s24,s2403b,s24_s2403b_raw_nemo_buffer_000135,504.04,24.0,True,False,False
D_O0_8,s24,s2403b,s24_s2403b_raw_nemo_buffer_000020,77.856,24.187,True,False,False
D_O0_8,s24,s2403b,s24_s2403b_raw_nemo_buffer_000054,205.496,25.217,True,False,False
D_O0_8,s24,s2403b,s24_s2403b_raw_nemo_buffer_000057,212.48,16.0,False,False,False
D_O0_8,s24,s2403b,s24_s2403b_raw_nemo_buffer_000065,239.824,32.0,True,False,False
D_O0_8,s24,s2403b,s24_s2403b_raw_nemo_buffer_000076,286.232,40.0,True,False,False
D_O0_8,s24,s2403b,s24_s2403b_raw_nemo_buffer_000135,504.04,24.0,True,False,False
O25_4,s24,s2403b,s24_s2403b_raw_nemo_buffer_000020,77.824,16.0,False,False,False
O25_4,s24,s2403b,s24_s2403b_raw_nemo_buffer_000054,205.5,29.217,True,False,False
O25_4,s24,s2403b,s24_s2403b_raw_nemo_buffer_000057,212.472,8.0,False,False,False
O25_4,s24,s2403b,s24_s2403b_raw_nemo_buffer_000065,239.812,20.0,False,False,False
O25_4,s24,s2403b,s24_s2403b_raw_nemo_buffer_000076,286.236,44.0,True,False,False
O25_4,s24,s2403b,s24_s2403b_raw_nemo_buffer_000135,504.032,16.0,False,False,False
O0_4,s24,s2403b,s24_s2403b_raw_nemo_buffer_000019,73.068,1.655,False,False,False
O0_4,s24,s2403b,s24_s2403b_raw_nemo_buffer_000020,77.82,12.0,False,False,False
O0_4,s24,s2403b,s24_s2403b_raw_nemo_buffer_000054,205.5,29.217,True,False,False
O0_4,s24,s2403b,s24_s2403b_raw_nemo_buffer_000057,212.48,16.0,False,False,False
O0_4,s24,s2403b,s24_s2403b_raw_nemo_buffer_000065,239.824,32.0,True,False,False
O0_4,s24,s2403b,s24_s2403b_raw_nemo_buffer_000076,286.236,44.0,True,False,False
O0_4,s24,s2403b,s24_s2403b_raw_nemo_buffer_000135,504.04,24.0,True,False,False
O12.5_4,s24,s2403b,s24_s2403b_raw_nemo_buffer_000019,73.068,1.655,False,False,False
O12.5_4,s24,s2403b,s24_s2403b_raw_nemo_buffer_000020,77.828,20.0,False,False,False
O12.5_4,s24,s2403b,s24_s2403b_raw_nemo_buffer_000054,205.496,25.217,True,False,False
O12.5_4,s24,s2403b,s24_s2403b_raw_nemo_buffer_000057,212.484,20.0,False,False,False
O12.5_4,s24,s2403b,s24_s2403b_raw_nemo_buffer_000065,239.82,28.0,True,False,False
O12.5_4,s24,s2403b,s24_s2403b_raw_nemo_buffer_000076,286.236,44.0,True,False,False
O12.5_4,s24,s2403b,s24_s2403b_raw_nemo_buffer_000135,504.024,8.0,False,False,False
O0_2,s24,s2403b,s24_s2403b_raw_nemo_buffer_000020,77.82,12.0,False,False,False
O0_2,s24,s2403b,s24_s2403b_raw_nemo_buffer_000054,205.5,29.217,True,False,False
O0_2,s24,s2403b,s24_s2403b_raw_nemo_buffer_000057,212.478,14.0,False,False,False
O0_2,s24,s2403b,s24_s2403b_raw_nemo_buffer_000065,239.822,30.0,True,False,False
O0_2,s24,s2403b,s24_s2403b_raw_nemo_buffer_000076,286.236,44.0,True,False,False
O0_2,s24,s2403b,s24_s2403b_raw_nemo_buffer_000088,322.998,6.0,False,False,False
O0_2,s24,s2403b,s24_s2403b_raw_nemo_buffer_000135,504.018,2.0,False,False,False
