candidate_id,speaker_id,recording_id,y_inside,y_gt20ms,y_gt50ms,state_inside,state_gt20ms,state_gt50ms,p_bad_O0_4_LR_rms_waveform_inside,p_bad_O0_4_LR_rms_waveform_gt20ms,p_bad_O0_4_LR_rms_waveform_gt50ms,p_bad_O0_4_LR_vad_only_inside,p_bad_O0_4_LR_vad_only_gt20ms,p_bad_O0_4_LR_vad_only_gt50ms,p_bad_O0_4_LR_all_inside,p_bad_O0_4_LR_all_gt20ms,p_bad_O0_4_LR_all_gt50ms
s0101b:s01_s0101b_raw_nemo_buffer_000000-vad_percentile_rms-0000-0001-6728,s01,s0101b,,,,unknown,unknown,unknown,0.039804726358898285,0.01877932933786976,0.011933989045458756,0.8074386325466738,0.6602573749646938,0.20244120619198216,0.12670500915687058,0.04834134593423626,0.019632095051128614
s0101b:s01_s0101b_raw_nemo_buffer_000001-vad_percentile_rms-0000-0000-7216,s01,s0101b,1,1,,bad,bad,unknown,0.7654665990126004,0.71692052872131,0.4277663344308094,0.8502414091068372,0.726078088718931,0.2502688152689166,0.8508475603796555,0.7958898282140345,0.4428164256310077
s0101b:s01_s0101b_raw_nemo_buffer_000001-vad_percentile_rms-0000-0001-8716,s01,s0101b,,,,unknown,unknown,unknown,0.6094809510961943,0.4796060636670122,0.1923953460934149,0.83820011445147,0.7428329453623467,0.3230835035286332,0.7913920458594061,0.6450596640761891,0.28662963032783156
s0101b:s01_s0101b_raw_nemo_buffer_000002-vad_percentile_rms-0000-0000-8944,s01,s0101b,,,,unknown,unknown,unknown,0.7023677582782195,0.6197809747068584,0.3135863940493035,0.5263073803949055,0.46010832261713097,0.22118464439875005,0.5964651941045029,0.5374446074604522,0.28918223602010235
s0101b:s01_s0101b_raw_nemo_buffer_000002-vad_percentile_rms-0000-0002-13600,s01,s0101b,,,,unknown,unknown,unknown,0.02941665568467791,0.013415598351363358,0.007567090675635203,0.7682659337656201,0.6134486681338159,0.18386135104421636,0.09018910672709927,0.03311788574238393,0.012325794260179677
s0101b:s01_s0101b_raw_nemo_buffer_000003-vad_percentile_rms-0000-0000-14208,s01,s0101b,,,,unknown,unknown,unknown,0.37432704338981776,0.20681033967024462,0.03034558975308311,0.8163737642900555,0.644328876761228,0.16285932542543222,0.5591210669622847,0.32224776867557575,0.03778437379479497
s0101b:s01_s0101b_raw_nemo_buffer_000003-vad_percentile_rms-0000-0001-15684,s01,s0101b,0,0,0,safe,safe,safe,0.013565332226524443,0.0062487706525559995,0.00623067466266906,0.04944612261600063,0.04274709486763755,0.027416839456819785,0.007219423030556597,0.003755635542637675,0.003914064326457008
s0101b:s01_s0101b_raw_nemo_buffer_000003-vad_percentile_rms-0000-0002-19720,s01,s0101b,0,0,0,safe,safe,safe,0.16526500924651263,0.11979382738023453,0.10624491298693012,0.821020543114779,0.7682783949874376,0.44851628499965585,0.2587752386484901,0.1824499799075662,0.18561963144027063
s0101b:s01_s0101b_raw_nemo_buffer_000003-vad_percentile_rms-0000-0003-23436,s01,s0101b,,,,unknown,unknown,unknown,0.06363488992933491,0.03007470994346705,0.013396462387432419,0.8535350501125332,0.7357835228094047,0.26538275391796945,0.1844437696349354,0.07432844489520976,0.023955809437783238
s0101b:s01_s0101b_raw_nemo_buffer_000004-vad_percentile_rms-0000-0000-24000,s01,s0101b,1,1,,bad,bad,unknown,0.9272595380440631,0.9367035429284374,0.8609790192050478,0.6996585257386915,0.5817977058704342,0.22329446088741287,0.9352766341878689,0.940071916498604,0.8512294201921758
s0101b:s01_s0101b_raw_nemo_buffer_000004-vad_percentile_rms-0000-0001-24832,s01,s0101b,,,,unknown,unknown,unknown,0.05838097245158647,0.026231005116041036,0.005739072517891288,0.7890268735624317,0.6533722828638643,0.22057174992155504,0.13508553197913392,0.05351129253945512,0.009303248632989796
s0101b:s01_s0101b_raw_nemo_buffer_000005-vad_percentile_rms-0000-0000-25348,s01,s0101b,1,1,,bad,bad,unknown,0.6758044517927062,0.521758280248652,0.1542744911219734,0.700006326817573,0.5481190697619359,0.17008073949863398,0.7179595311424228,0.5653412343369536,0.16389057030885817
s0101b:s01_s0101b_raw_nemo_buffer_000006-vad_percentile_rms-0000-0000-31588,s01,s0101b,,,,unknown,unknown,unknown,0.6466678358289115,0.4409963217239469,0.06370653700264242,0.7579433057619025,0.6057191109138998,0.18568397776682175,0.7098244640231227,0.5084295047782194,0.07770193147613444
s0101b:s01_s0101b_raw_nemo_buffer_000006-vad_percentile_rms-0000-0001-32236,s01,s0101b,,,,unknown,unknown,unknown,0.272762895914061,0.15373365992633106,0.02963244674055944,0.8953344947514928,0.8203188498385009,0.39574380442732626,0.4514396728381666,0.2594131200699596,0.04954380677144711
s0101b:s01_s0101b_raw_nemo_buffer_000007-vad_percentile_rms-0000-0000-33028,s01,s0101b,,,,unknown,unknown,unknown,0.7486073733375773,0.6601828105145827,0.24410725789978863,0.6617225826137205,0.5317788725678754,0.18798482741368072,0.7584928080828373,0.671536937310538,0.2534904602819902
s0101b:s01_s0101b_raw_nemo_buffer_000007-vad_percentile_rms-0000-0001-33580,s01,s0101b,,,,unknown,unknown,unknown,0.15642572510241542,0.07682914699406454,0.01648356489864774,0.8421591223409868,0.7048447537939814,0.22216641863100112,0.34914735374414285,0.16065068176366884,0.025717711800115766
s0101b:s01_s0101b_raw_nemo_buffer_000008-vad_percentile_rms-0000-0000-34628,s01,s0101b,,,,unknown,unknown,unknown,0.1979724775192799,0.0983793500340703,0.022614753520077333,0.8012894685340363,0.663006814199249,0.21784100791268393,0.3715359853002786,0.17683063722761538,0.03227324043818278
s0101b:s01_s0101b_raw_nemo_buffer_000009-vad_percentile_rms-0000-0000-42292,s01,s0101b,1,1,,bad,bad,unknown,0.05527786493184505,0.03166855663401083,0.028848229387701246,0.012388195088611522,0.01342290853153483,0.014813391087578908,0.012770438898978212,0.0095882707871942,0.010932342756837738
s0101b:s01_s0101b_raw_nemo_buffer_000009-vad_percentile_rms-0000-0001-43712,s01,s0101b,,,,unknown,unknown,unknown,0.5904477331698308,0.41202514186910694,0.11948836048636678,0.8004229757414821,0.6699898130078191,0.23279285257453847,0.7989626321183676,0.5998106880369306,0.1795031613247399
s0101b:s01_s0101b_raw_nemo_buffer_000010-vad_percentile_rms-0000-0000-44384,s01,s0101b,,,,unknown,unknown,unknown,0.7798930080244283,0.6838830568148881,0.28279137854186515,0.7506972423450647,0.6086451638441783,0.20012969963062904,0.8171053503532584,0.7233061868966659,0.28406062239960184
s0101b:s01_s0101b_raw_nemo_buffer_000010-vad_percentile_rms-0000-0001-46440,s01,s0101b,,,,unknown,unknown,unknown,0.04881926452898225,0.024033461464484422,0.014594522331377478,0.3196704833899283,0.22513917399442454,0.0749168653370077,0.05745359391174872,0.027563052272813676,0.014827007470741109
s0101b:s01_s0101b_raw_nemo_buffer_000010-vad_percentile_rms-0000-0002-51492,s01,s0101b,,,,unknown,unknown,unknown,0.10110555349819124,0.05396661110533396,0.02323757563087824,0.6970419139118925,0.571650161036077,0.20941225975981892,0.16400881783284074,0.0832303891485054,0.03375679231324618
s0101b:s01_s0101b_raw_nemo_buffer_000010-vad_percentile_rms-0000-0003-52768,s01,s0101b,,,,unknown,unknown,unknown,0.08620551682612368,0.045872390068300954,0.02601846198268093,0.755467858481954,0.6443367910679276,0.25869058166885867,0.1598024554265816,0.07844535869186885,0.03917401193685002
s0101b:s01_s0101b_raw_nemo_buffer_000011-vad_percentile_rms-0000-0000-53120,s01,s0101b,,,,unknown,unknown,unknown,0.24044097509605558,0.12038464174774652,0.019277236680526614,0.7512274369791995,0.6090291465727332,0.20003356370464526,0.3255373345458147,0.1642567911678445,0.024042569410742613
s0101b:s01_s0101b_raw_nemo_buffer_000011-vad_percentile_rms-0000-0001-56172,s01,s0101b,,,,unknown,unknown,unknown,0.11982871565857416,0.06596160077012866,0.02521497494979188,0.8091508609350844,0.6991508146300335,0.2787281349044582,0.2561764260555016,0.12785671697239745,0.04167470424590242
s0101b:s01_s0101b_raw_nemo_buffer_000012-vad_percentile_rms-0000-0000-56528,s01,s0101b,,,,unknown,unknown,unknown,0.18122826547159518,0.09453480268205787,0.02346314702786675,0.7830711778256944,0.6167388149589508,0.16896667738349194,0.3397107869829165,0.1671515230802135,0.02900107396081942
s0101b:s01_s0101b_raw_nemo_buffer_000012-vad_percentile_rms-0000-0001-60376,s01,s0101b,0,0,0,safe,safe,safe,0.08647097748734399,0.0439929646664169,0.0344559907423944,0.7730140642646128,0.7091348340513939,0.38185293765358774,0.16541061613597244,0.08047695038143096,0.08055209775767092
s0101b:s01_s0101b_raw_nemo_buffer_000012-vad_percentile_rms-0000-0002-61664,s01,s0101b,,,,unknown,unknown,unknown,0.07186149988157109,0.0344616871761126,0.011487894746076043,0.811203021338081,0.6785960809132776,0.23019555583030615,0.1680378302645752,0.07068858677735324,0.01701039912904291
s0101b:s01_s0101b_raw_nemo_buffer_000013-vad_percentile_rms-0000-0000-88756,s01,s0101b,1,1,1,bad,bad,bad,0.5437117665195322,0.4150791476110318,0.2522317503444226,0.10398135480055319,0.07977716193848178,0.037993436465527775,0.4037606214773901,0.3017949864289935,0.17021437871890907
s0101b:s01_s0101b_raw_nemo_buffer_000013-vad_percentile_rms-0000-0001-89404,s01,s0101b,,,,unknown,unknown,unknown,0.10659889934549563,0.052825076604561816,0.02011621037226795,0.8509713340763267,0.7198212131257218,0.23452582913005426,0.29386352396800025,0.12951654751204905,0.03658888654218064
s0101b:s01_s0101b_raw_nemo_buffer_000014-vad_percentile_rms-0000-0000-89756,s01,s0101b,,,,unknown,unknown,unknown,0.41435614459006026,0.24690429788921595,0.03367925086694331,0.8383157941839879,0.6717624581190309,0.1700668019487885,0.6261732058593557,0.3925847388140192,0.04440879764856091
s0101b:s01_s0101b_raw_nemo_buffer_000014-vad_percentile_rms-0000-0001-92716,s01,s0101b,,,,unknown,unknown,unknown,0.12149215446040132,0.06926824674414615,0.036562992406479825,0.6978922180422186,0.5552401148875811,0.18266535302127135,0.2092657335725058,0.11050180388077266,0.045915873985263256
s0101b:s01_s0101b_raw_nemo_buffer_000014-vad_percentile_rms-0000-0002-93148,s01,s0101b,,,,unknown,unknown,unknown,0.22886323832223257,0.13232940077405198,0.039653016401732966,0.8644947699604996,0.7709497151113179,0.33198427481247855,0.4520539388560816,0.256936539325218,0.07913155754714572
s0101b:s01_s0101b_raw_nemo_buffer_000015-vad_percentile_rms-0000-0000-94264,s01,s0101b,1,1,,bad,bad,unknown,0.825548487077773,0.7448182853345255,0.3476155507147836,0.7769658906028464,0.6362237397673263,0.20885707143187898,0.848596959840876,0.7723101346531851,0.34802672111842875
s0101b:s01_s0101b_raw_nemo_buffer_000015-vad_percentile_rms-0000-0001-97884,s01,s0101b,,,,unknown,unknown,unknown,0.06748034057792006,0.03343169437194111,0.014019092216697558,0.8227076896841089,0.6806123149011203,0.21281403612009048,0.17818583560054574,0.07654440075266068,0.023396141206465913
s0101b:s01_s0101b_raw_nemo_buffer_000016-vad_percentile_rms-0000-0001-100332,s01,s0101b,1,1,1,bad,bad,bad,0.12001749837809113,0.06208124669202156,0.022749397760942498,0.8270254513245923,0.7724449442380711,0.4463468895306288,0.17566058373875063,0.09231046156928822,0.045417971985763105
s0101b:s01_s0101b_raw_nemo_buffer_000017-vad_percentile_rms-0000-0000-100632,s01,s0101b,1,,,bad,unknown,unknown,0.7785652653490409,0.6324926891299248,0.11169141450689127,0.8722408527769108,0.7398509048800577,0.2277979068843156,0.8827309525634724,0.7587039632188202,0.15537526063903595
s0101b:s01_s0101b_raw_nemo_buffer_000017-vad_percentile_rms-0000-0001-101480,s01,s0101b,,,,unknown,unknown,unknown,0.08375582580045843,0.04105170424244968,0.014060664674493507,0.8526071236938362,0.7143157286434667,0.219221526272337,0.2471373280087198,0.10380887253111264,0.02379642474808216
s0101b:s01_s0101b_raw_nemo_buffer_000018-vad_percentile_rms-0000-0000-101912,s01,s0101b,,,,unknown,unknown,unknown,0.63329249440952,0.47584096540415033,0.10742838533097859,0.8146825522218831,0.6585461418582454,0.1876037342697506,0.749974992319704,0.5864861693583944,0.12450555153508815
s0101b:s01_s0101b_raw_nemo_buffer_000018-vad_percentile_rms-0000-0001-104980,s01,s0101b,0,0,0,safe,safe,safe,0.1836213699625036,0.11621020728137973,0.06961483506820272,0.7299459258946167,0.6186272316320705,0.24805670937601876,0.2955239819355638,0.17880673984069187,0.10352354087385322
s0101b:s01_s0101b_raw_nemo_buffer_000018-vad_percentile_rms-0000-0002-105512,s01,s0101b,,,,unknown,unknown,unknown,0.07857993203702482,0.0380615393837849,0.014809499346508782,0.7245170789443616,0.5564128247151717,0.15512728428731407,0.1812837352097779,0.07588732707678651,0.019953655629378605
s0101b:s01_s0101b_raw_nemo_buffer_000019-vad_percentile_rms-0000-0000-106152,s01,s0101b,,,,unknown,unknown,unknown,0.7201997888949908,0.5774316364642346,0.1516931049458409,0.6808882804110787,0.5440594133044462,0.18519117451014122,0.7198862029874975,0.5845113625388594,0.15805826228485437
s0101b:s01_s0101b_raw_nemo_buffer_000019-vad_percentile_rms-0000-0001-110064,s01,s0101b,,,,unknown,unknown,unknown,0.1063621977437744,0.09928353157947424,0.27653347942154133,0.010782337663343697,0.018649962279908824,0.040967872838490745,0.017246872231664736,0.023629791255947424,0.13919954298387827
s0101b:s01_s0101b_raw_nemo_buffer_000019-vad_percentile_rms-0000-0002-110600,s01,s0101b,,,,unknown,unknown,unknown,0.13062953674268712,0.0676073305156777,0.02261959205738286,0.8805473168638754,0.7671586683243931,0.2722100555381879,0.3325987681011726,0.15783335444050678,0.039483959642483975
s0101b:s01_s0101b_raw_nemo_buffer_000020-vad_percentile_rms-0000-0000-110852,s01,s0101b,,,,unknown,unknown,unknown,0.7030685939993027,0.49911488453198355,0.06658020449215957,0.8038595852821541,0.6336534182634875,0.16522366405756062,0.7548278433714307,0.5639892039027976,0.07374127615747536
s0101b:s01_s0101b_raw_nemo_buffer_000020-vad_percentile_rms-0000-0001-114660,s01,s0101b,,,,unknown,unknown,unknown,0.08966589144311395,0.04350392441577465,0.013591815616319758,0.8364654389133944,0.7070233013959201,0.23873875165637745,0.20618708168412625,0.09041283027241745,0.021617763330801003
s0101b:s01_s0101b_raw_nemo_buffer_000021-vad_percentile_rms-0000-0000-114876,s01,s0101b,,,,unknown,unknown,unknown,0.4625793184551391,0.27135324834286084,0.034607652832043784,0.8188968584115242,0.6698143280151216,0.19987276400751358,0.5943867950836771,0.3680167200184905,0.044360938328918346
s0101b:s01_s0101b_raw_nemo_buffer_000021-vad_percentile_rms-0000-0001-117964,s01,s0101b,,,,unknown,unknown,unknown,0.06955957800482947,0.03645016497103111,0.023815381480727815,0.8410563667676672,0.7110065587559375,0.23743397345517353,0.22077148082357237,0.09607585128801151,0.04169232460074643
s0101b:s01_s0101b_raw_nemo_buffer_000022-vad_percentile_rms-0000-0000-118572,s01,s0101b,1,1,1,bad,bad,bad,0.843726152054247,0.8919625951153772,0.8233383986810783,0.5219860816488674,0.457661602325175,0.22181764681460522,0.7627250261904509,0.8437885979162749,0.7877360795980443
s0101b:s01_s0101b_raw_nemo_buffer_000022-vad_percentile_rms-0000-0001-119916,s01,s0101b,,,,unknown,unknown,unknown,0.25736941861883367,0.14415869639382003,0.033260846154932806,0.8258958131340083,0.6833276503308383,0.21203372564136133,0.4771175436364234,0.2709612458995224,0.060418234864392135
s0101b:s01_s0101b_raw_nemo_buffer_000023-vad_percentile_rms-0000-0000-120244,s01,s0101b,,,,unknown,unknown,unknown,0.7191958773580799,0.6261233504024569,0.2505951439151159,0.4726540133666199,0.40477729308200067,0.18742006232825525,0.5697320902574363,0.5099849907153405,0.2154654454885028
s0101b:s01_s0101b_raw_nemo_buffer_000023-vad_percentile_rms-0000-0001-120840,s01,s0101b,,,,unknown,unknown,unknown,0.3465804384381799,0.19142166557613738,0.032265780663937906,0.8547433322637988,0.7162963854769976,0.2186019579124216,0.6020141041988956,0.35038702592491455,0.0518368979531475
s0101b:s01_s0101b_raw_nemo_buffer_000024-vad_percentile_rms-0000-0000-122016,s01,s0101b,1,1,,bad,bad,unknown,0.5275802449446967,0.5161997597571926,0.26339286022939123,0.8109122990873521,0.7217756324049933,0.331900085924235,0.6684972011022917,0.6231739329066055,0.2900686234855204
s0101b:s01_s0101b_raw_nemo_buffer_000024-vad_percentile_rms-0000-0002-124672,s01,s0101b,,,,unknown,unknown,unknown,0.5587746176642497,0.5683798305935969,0.5992898916345735,0.5433286294822043,0.5301014939516184,0.3359180803361664,0.5201609272648626,0.5358677135111296,0.6128483831212147
s0101b:s01_s0101b_raw_nemo_buffer_000025-vad_percentile_rms-0000-0000-128932,s01,s0101b,,,,unknown,unknown,unknown,0.08396293067423512,0.03890803378335492,0.01375174376650544,0.7051288937508698,0.5937639162352547,0.2372924858499367,0.13797685935318135,0.0599669358404965,0.019244742278151337
s0101b:s01_s0101b_raw_nemo_buffer_000026-vad_percentile_rms-0000-0000-129188,s01,s0101b,,,,unknown,unknown,unknown,0.5148494664893142,0.3768281555686587,0.11108921302832658,0.7932435504455366,0.648830553286073,0.20549818268575956,0.621196715831628,0.4632629788554704,0.121368715189371
s0101b:s01_s0101b_raw_nemo_buffer_000026-vad_percentile_rms-0000-0001-130148,s01,s0101b,0,0,0,safe,safe,safe,0.1449238878961867,0.07952904898352937,0.025742137547660138,0.1836201445618355,0.146981378900724,0.06843308151635925,0.09862262716247079,0.05817986493258954,0.02178048032014139
s0101b:s01_s0101b_raw_nemo_buffer_000026-vad_percentile_rms-0000-0002-130852,s01,s0101b,0,0,0,safe,safe,safe,0.1626473700212596,0.08431687590502407,0.06472363932646485,0.32053419090453544,0.2378152273677298,0.08744181782217196,0.17014722632793125,0.08898876632475164,0.06907895901055011
s0101b:s01_s0101b_raw_nemo_buffer_000026-vad_percentile_rms-0000-0003-130920,s01,s0101b,0,0,0,safe,safe,safe,0.16925385054326655,0.10845892390881291,0.09113073344262386,0.37729313576525003,0.2645672093048418,0.08330218451298448,0.21738104451918597,0.13332833601270921,0.09031889937537337
s0101b:s01_s0101b_raw_nemo_buffer_000026-vad_percentile_rms-0000-0004-134288,s01,s0101b,0,0,0,safe,safe,safe,0.238603066248966,0.15786241762580672,0.045499050168991896,0.6831583273114317,0.562585458728152,0.2116988494718433,0.33214023554762706,0.2153087375910523,0.064869423965567
s0101b:s01_s0101b_raw_nemo_buffer_000026-vad_percentile_rms-0000-0005-138752,s01,s0101b,,,,unknown,unknown,unknown,0.03960754568874238,0.023174084118842857,0.027523482998252493,0.2211458715355395,0.1791026820696683,0.08265716076957615,0.039752681737139244,0.023229019936858924,0.028468996393322284
s0101b:s01_s0101b_raw_nemo_buffer_000026-vad_percentile_rms-0000-0006-140324,s01,s0101b,,,,unknown,unknown,unknown,0.06947328346825157,0.031690458086540384,0.011183065305684348,0.8493479647685208,0.7183572071814605,0.23501089936041994,0.19401196614027813,0.07669162975060255,0.01918087018280444
s0101b:s01_s0101b_raw_nemo_buffer_000027-vad_percentile_rms-0000-0000-140580,s01,s0101b,,,,unknown,unknown,unknown,0.6519041740018763,0.4389679345045099,0.04291183815733205,0.8617683167520767,0.715959139897543,0.2025224553997912,0.7665470860081856,0.5585434428099157,0.056396331573671556
s0101b:s01_s0101b_raw_nemo_buffer_000027-vad_percentile_rms-0000-0001-142604,s01,s0101b,,,,unknown,unknown,unknown,0.10527444572108005,0.04640898864211222,0.012558373010292305,0.8832879068981649,0.804449867624486,0.3818241261692606,0.2623775542322241,0.10718341166184826,0.027627640219055512
s0101b:s01_s0101b_raw_nemo_buffer_000028-vad_percentile_rms-0000-0000-143184,s01,s0101b,,,,unknown,unknown,unknown,0.4856785724722788,0.3081800966584866,0.05662097909916866,0.8056527000448546,0.6509971890048325,0.18950734576067874,0.6349800618127565,0.421791510693549,0.07004469494888489
s0101b:s01_s0101b_raw_nemo_buffer_000028-vad_percentile_rms-0000-0001-144460,s01,s0101b,,,,unknown,unknown,unknown,0.16447958663038972,0.07768833938578647,0.01565924421104316,0.8689345536402315,0.756211864995276,0.27668431474150673,0.33379920864418766,0.15108432036672798,0.023388573558132016
s0101b:s01_s0101b_raw_nemo_buffer_000029-vad_percentile_rms-0000-0000-145268,s01,s0101b,,,,unknown,unknown,unknown,0.9848925876011844,0.9493810265065575,0.9329774660869389,0.753731046081711,0.5775813845154116,0.15096312284674449,0.9782790028546438,0.930942873726372,0.9155681251512733
s0101b:s01_s0101b_raw_nemo_buffer_000029-vad_percentile_rms-0000-0001-147372,s01,s0101b,,,,unknown,unknown,unknown,0.1203671934470753,0.05602443758777681,0.01476793336777511,0.8876758396068285,0.8082926616610377,0.3796622251490898,0.27701780801810716,0.1202599669525568,0.027861212495570685
s0101b:s01_s0101b_raw_nemo_buffer_000030-vad_percentile_rms-0000-0000-147688,s01,s0101b,,,,unknown,unknown,unknown,0.5548101501424502,0.3523204794759093,0.07332216080408095,0.7512282407672132,0.6007831327282775,0.1868485298759429,0.6087178913649718,0.40561010905456146,0.08513452357874801
s0101b:s01_s0101b_raw_nemo_buffer_000030-vad_percentile_rms-0000-0001-151616,s01,s0101b,,,,unknown,unknown,unknown,0.113274888949977,0.056073632287565706,0.017803389737866864,0.7940491292283949,0.6726552891525733,0.2497924601931753,0.20862301065997385,0.10149336667121041,0.03476028970417232
s0101b:s01_s0101b_raw_nemo_buffer_000031-vad_percentile_rms-0000-0000-155500,s01,s0101b,,,,unknown,unknown,unknown,0.6373075397078846,0.48394310290292225,0.09959670457923894,0.8502902828796131,0.7050605976020257,0.20572960167073914,0.7760701038716149,0.6158965297485435,0.11643783650257546
s0101b:s01_s0101b_raw_nemo_buffer_000032-vad_percentile_rms-0000-0000-158356,s01,s0101b,1,,,bad,unknown,unknown,0.9968773385987214,0.9888756712630311,0.9624342704696924,0.8922654100882521,0.7540907245941048,0.20648414515624555,0.9962429844874433,0.9868339898412898,0.9582159821812718
s0101b:s01_s0101b_raw_nemo_buffer_000032-vad_percentile_rms-0000-0001-162668,s01,s0101b,,,,unknown,unknown,unknown,0.11713770885358678,0.05745642379327545,0.015862247653674492,0.7802971967814976,0.638763917470158,0.20818123754038292,0.23012475077180727,0.10334066606666849,0.021465126678092642
s0101b:s01_s0101b_raw_nemo_buffer_000033-vad_percentile_rms-0000-0000-163752,s01,s0101b,,,,unknown,unknown,unknown,0.04953314986077841,0.025567184990309515,0.014593626347479745,0.839354238585812,0.716582796598256,0.25358554810738376,0.16762611080147796,0.06959842174317554,0.0275726154441622
s0101b:s01_s0101b_raw_nemo_buffer_000034-vad_percentile_rms-0000-0000-164016,s01,s0101b,,,,unknown,unknown,unknown,0.2358932825964541,0.12500085934361674,0.025843266485531122,0.7476308786964018,0.57305222843894,0.1518504262288789,0.4133464918600908,0.21119974746746056,0.03285306833180677
s0101b:s01_s0101b_raw_nemo_buffer_000034-vad_percentile_rms-0000-0001-165096,s01,s0101b,,,,unknown,unknown,unknown,0.15611259196933666,0.08323174289434951,0.04016791915491474,0.8356639246799817,0.6991257837997763,0.22393137503338706,0.46860152885124445,0.22713901520446922,0.0791437634338512
s0101b:s01_s0101b_raw_nemo_buffer_000035-vad_percentile_rms-0000-0000-172808,s01,s0101b,,,,unknown,unknown,unknown,0.44385119030342063,0.2841676625490102,0.055941007960707084,0.8765176357508436,0.7374648316792866,0.21188983302913636,0.6664094095784651,0.44981042369457147,0.07236999820848623
s0101b:s01_s0101b_raw_nemo_buffer_000035-vad_percentile_rms-0000-0001-173348,s01,s0101b,1,,,bad,unknown,unknown,0.413845589089555,0.41221346067177433,0.32233575785799123,0.856998360778584,0.7646069187691162,0.334930116053337,0.5351588846351837,0.49848296505251277,0.3204893657143185
s0101b:s01_s0101b_raw_nemo_buffer_000036-vad_percentile_rms-0000-0000-231788,s01,s0101b,,,,unknown,unknown,unknown,0.08371995547547613,0.04330758021100653,0.02009846582624348,0.8610552288345757,0.7554965658144782,0.2968933255589426,0.2533075665440013,0.11232595557618359,0.04117746340920595
s0101b:s01_s0101b_raw_nemo_buffer_000037-vad_percentile_rms-0000-0000-238880,s01,s0101b,,,,unknown,unknown,unknown,0.39448160539017024,0.22259100705737278,0.028844814564140668,0.8044676307596206,0.6955442309241966,0.2800098066206395,0.458232541353455,0.27150575678850086,0.038436431450676364
s0101b:s01_s0101b_raw_nemo_buffer_000037-vad_percentile_rms-0000-0001-243908,s01,s0101b,,,,unknown,unknown,unknown,0.2740066975102243,0.153820904121989,0.03927006523557187,0.879457797899289,0.8065915015029295,0.4038335389943369,0.48514055819085966,0.274285646905432,0.07037255516610902
s0101b:s01_s0101b_raw_nemo_buffer_000038-vad_percentile_rms-0000-0000-244140,s01,s0101b,1,1,,bad,bad,unknown,0.7808134343945374,0.7043935817193492,0.247541411882799,0.7913145013990746,0.6473101265825677,0.20590396045967316,0.8514271124111943,0.7744973584612184,0.2867436186411057
s0101b:s01_s0101b_raw_nemo_buffer_000038-vad_percentile_rms-0000-0001-247356,s01,s0101b,,,,unknown,unknown,unknown,0.12176662692423262,0.06006444522893563,0.015202108968204769,0.7784915420807152,0.668643441715688,0.26981448143903847,0.20173279131244196,0.09540839625830286,0.02331969540543083
s0101b:s01_s0101b_raw_nemo_buffer_000039-vad_percentile_rms-0000-0000-247692,s01,s0101b,,,,unknown,unknown,unknown,0.31493133852811045,0.17181268499179933,0.024066910069991503,0.7443957926727368,0.570674800802656,0.1523169231114409,0.40911704341950594,0.22715780960222648,0.026778921729536876
s0101b:s01_s0101b_raw_nemo_buffer_000039-vad_percentile_rms-0000-0001-253992,s01,s0101b,,,,unknown,unknown,unknown,0.059710554561761844,0.03957736631468451,0.05503247552500358,0.7640128846639047,0.6959109614728058,0.36458857477969014,0.10965090915297347,0.06701411816673689,0.0931640202200648
s0101b:s01_s0101b_raw_nemo_buffer_000039-vad_percentile_rms-0000-0002-256376,s01,s0101b,,,,unknown,unknown,unknown,0.22535298236895873,0.1348729961219769,0.08445614469939569,0.8610057339127994,0.7800462565015314,0.37193754233622095,0.4038683439393507,0.23772305989951933,0.13652620160662732
s0101b:s01_s0101b_raw_nemo_buffer_000039-vad_percentile_rms-0000-0003-258560,s01,s0101b,,,,unknown,unknown,unknown,0.196920314645979,0.1258971345771794,0.03901418526929374,0.7818296766194113,0.6634303902995111,0.2527079763305838,0.3222925756553757,0.19539607065070322,0.052976684609996424
s0101b:s01_s0101b_raw_nemo_buffer_000040-vad_percentile_rms-0000-0000-259108,s01,s0101b,,,,unknown,unknown,unknown,0.43617845149399154,0.24462758931479955,0.024516890060207023,0.7348297371541396,0.5637395627195396,0.1536808682461571,0.5118285443608803,0.29842708670587836,0.02833721164162388
s0101b:s01_s0101b_raw_nemo_buffer_000040-vad_percentile_rms-0000-0001-259844,s01,s0101b,1,1,1,bad,bad,bad,0.06076737361757598,0.028056832571337037,0.017091692770914758,0.09580630876194296,0.08366251343558728,0.04932535167371956,0.041534342089755136,0.020446890075377273,0.015067346552896738
s0101b:s01_s0101b_raw_nemo_buffer_000040-vad_percentile_rms-0000-0002-261356,s01,s0101b,1,,,bad,unknown,unknown,0.03962361220586823,0.022094978189287778,0.026039969083004703,0.10336189895527717,0.08206134187218697,0.04126255499057778,0.032697486570190774,0.018391352300904076,0.021094781809519233
s0101b:s01_s0101b_raw_nemo_buffer_000040-vad_percentile_rms-0000-0004-266148,s01,s0101b,,,,unknown,unknown,unknown,0.09667171976401522,0.047941873844098926,0.01833293367325848,0.8396945367349259,0.7098187607199851,0.23782364451193588,0.25086209641116636,0.11014734405479036,0.03132684249076106
s0101b:s01_s0101b_raw_nemo_buffer_000041-vad_percentile_rms-0000-0000-266628,s01,s0101b,,,,unknown,unknown,unknown,0.545618448391442,0.36293955936241323,0.05361970002992534,0.8123288849534642,0.6487370856255542,0.17553404181263407,0.6823989180788025,0.4766124327367325,0.06639940883309986
s0101b:s01_s0101b_raw_nemo_buffer_000041-vad_percentile_rms-0000-0001-268004,s01,s0101b,,,,unknown,unknown,unknown,0.09216518499750033,0.046378516293456455,0.0171760793169287,0.8432465320045058,0.7199380370246861,0.2524181466427241,0.23933932837283392,0.1059252970053789,0.029604637819295582
s0101b:s01_s0101b_raw_nemo_buffer_000042-vad_percentile_rms-0000-0000-272376,s01,s0101b,,,,unknown,unknown,unknown,0.8251544659807718,0.7981847550376285,0.5426017754758543,0.8153822327530172,0.6591394313312555,0.1874539086104871,0.9037287212502597,0.8658547603896682,0.5273087588351244
s0101b:s01_s0101b_raw_nemo_buffer_000042-vad_percentile_rms-0000-0001-276648,s01,s0101b,1,1,,bad,bad,unknown,0.06565904321912501,0.04191651669165221,0.051650254390683166,0.08347746499968754,0.07729797558370374,0.05085041905204297,0.03270935161449542,0.02380395978903461,0.03336604162522243
s0101b:s01_s0101b_raw_nemo_buffer_000042-vad_percentile_rms-0000-0002-277992,s01,s0101b,,,,unknown,unknown,unknown,0.10745277771134931,0.05272578644698133,0.015136161909667831,0.8730817594877464,0.7600614585863503,0.27512175477499623,0.27663287849490953,0.12191590328064696,0.02590922869460247
s0101b:s01_s0101b_raw_nemo_buffer_000043-vad_percentile_rms-0000-0000-299936,s01,s0101b,,,,unknown,unknown,unknown,0.9386113013539303,0.937057666251642,0.7444442345402971,0.8500571212741584,0.7394293014907481,0.2833701588356438,0.9553486777042547,0.9499237810075429,0.7379032162948101
s0101b:s01_s0101b_raw_nemo_buffer_000043-vad_percentile_rms-0000-0001-301324,s01,s0101b,,,,unknown,unknown,unknown,0.10330033891770818,0.053820351340353546,0.02339309355211218,0.8341678601444199,0.7050518111632625,0.23938249680431495,0.27197160599692677,0.12466896609402499,0.04042077885357501
s0101b:s01_s0101b_raw_nemo_buffer_000044-vad_percentile_rms-0000-0000-302044,s01,s0101b,,,,unknown,unknown,unknown,0.9085254208826544,0.8630064810916916,0.40354639787524954,0.9068341166801429,0.7941975584893344,0.26070063319529785,0.9611221937670931,0.9263047378422781,0.4751588484824615
s0101b:s01_s0101b_raw_nemo_buffer_000044-vad_percentile_rms-0000-0001-302764,s01,s0101b,,,,unknown,unknown,unknown,0.1059532044171238,0.05308631253527334,0.01776179012608642,0.8293417995123401,0.6936736575872151,0.22560538834514124,0.27273042769415273,0.12155228970506637,0.030988369786169763
s0101b:s01_s0101b_raw_nemo_buffer_000045-vad_percentile_rms-0000-0000-308636,s01,s0101b,1,1,1,bad,bad,bad,0.043828800336555826,0.03467624218723643,0.16620353140758712,0.6778676049002466,0.6728074607451925,0.4685194435358812,0.08682333797191201,0.06187511475649718,0.33512235443371907
s0101b:s01_s0101b_raw_nemo_buffer_000045-vad_percentile_rms-0000-0001-309408,s01,s0101b,,,,unknown,unknown,unknown,0.09664325580286255,0.04474410099361815,0.014539947865467601,0.8101345709969415,0.6926166584031878,0.2617939593406624,0.20295304974084077,0.08567879022276086,0.02227133014146829
s0101b:s01_s0101b_raw_nemo_buffer_000046-vad_percentile_rms-0000-0000-311128,s01,s0101b,,,,unknown,unknown,unknown,0.6809792587282971,0.5738642874621377,0.20464303689773908,0.8371997024039798,0.69317739333325,0.2091902501910433,0.8153706612211746,0.699264516719698,0.22543850495556672
s0101b:s01_s0101b_raw_nemo_buffer_000046-vad_percentile_rms-0000-0002-311916,s01,s0101b,,,,unknown,unknown,unknown,0.10820913655184998,0.05623072101755355,0.021277601128175477,0.8446310053013169,0.6998562940771973,0.2072495603148348,0.3463331872325911,0.15534822120288894,0.04042413299979418
s0101b:s01_s0101b_raw_nemo_buffer_000047-vad_percentile_rms-0000-0000-312404,s01,s0101b,,,,unknown,unknown,unknown,0.9950850016307596,0.984024192086591,0.9716373534583973,0.8908593707143769,0.7525536969837309,0.20698948873458814,0.9952266515260353,0.9836116182369081,0.9691090164845685
s0101b:s01_s0101b_raw_nemo_buffer_000047-vad_percentile_rms-0000-0001-313896,s01,s0101b,,,,unknown,unknown,unknown,0.6256363022378082,0.4518150013387036,0.09880099249584337,0.8591559668113963,0.7473752822190437,0.2802292145577646,0.8115876694704137,0.6317436524957549,0.14916587736323897
s0101b:s01_s0101b_raw_nemo_buffer_000048-vad_percentile_rms-0000-0000-315144,s01,s0101b,,,,unknown,unknown,unknown,0.09391095887880022,0.04927420592186049,0.027935971539774805,0.8177164806464111,0.6764131777697981,0.2140179458588504,0.31464681314811893,0.13853105932047066,0.05524842465967402
s0101b:s01_s0101b_raw_nemo_buffer_000049-vad_percentile_rms-0000-0000-338248,s01,s0101b,1,1,,bad,bad,unknown,0.5193948650034985,0.43736042629319805,0.19186553056228853,0.7566163628484253,0.726581749812303,0.46898110310580843,0.605770890550319,0.5077693326418111,0.3097940364367439
s0101b:s01_s0101b_raw_nemo_buffer_000049-vad_percentile_rms-0000-0002-340844,s01,s0101b,,,,unknown,unknown,unknown,0.050975318068267106,0.023834956482825038,0.010698089777371658,0.830542137489957,0.7091377676964911,0.25615900856883145,0.15286465891280612,0.05926540975835089,0.01916890200283571
s0101b:s01_s0101b_raw_nemo_buffer_000050-vad_percentile_rms-0000-0000-344184,s01,s0101b,,,,unknown,unknown,unknown,0.6911062667509401,0.5231204541034006,0.08691604559170613,0.8274319736713364,0.6618803365986147,0.17241860545044446,0.7667169086191551,0.6061036422377878,0.09275125617492197
s0101b:s01_s0101b_raw_nemo_buffer_000050-vad_percentile_rms-0000-0001-347560,s01,s0101b,,,,unknown,unknown,unknown,0.06274284242545418,0.028993675935140965,0.014906377796509582,0.7762770371706509,0.611407875438385,0.17014669183591485,0.17538935781521928,0.06823780641948475,0.02271900850774986
s0101b:s01_s0101b_raw_nemo_buffer_000051-vad_percentile_rms-0000-0000-348328,s01,s0101b,1,1,,bad,bad,unknown,0.5732275979784198,0.5016390160916364,0.332466126702167,0.685789952470396,0.6385667156657371,0.3643588875573414,0.5433478396175322,0.48384573139664144,0.3562754263896594
s0101b:s01_s0101b_raw_nemo_buffer_000051-vad_percentile_rms-0000-0001-351744,s01,s0101b,,,,unknown,unknown,unknown,0.0690380763763525,0.03668820414692362,0.019479519827888276,0.8567372321515319,0.7643889094030989,0.33503060951060076,0.16297813464538344,0.0788583545082711,0.03972367881045181
s0101b:s01_s0101b_raw_nemo_buffer_000051-vad_percentile_rms-0000-0002-355300,s01,s0101b,1,,,bad,unknown,unknown,0.40951315239410296,0.30698837490871406,0.18367460803668056,0.4440035646110285,0.44776492397479534,0.2992926238495935,0.3248399900158603,0.2550492436122897,0.21371209648077838
s0101b:s01_s0101b_raw_nemo_buffer_000051-vad_percentile_rms-0000-0003-356836,s01,s0101b,,,,unknown,unknown,unknown,0.33907291533504574,0.25062962448226433,0.1398479498032111,0.6644083876890886,0.617556000160631,0.3496975546258592,0.34187229718456835,0.26044952009488687,0.18303987924143658
s0101b:s01_s0101b_raw_nemo_buffer_000051-vad_percentile_rms-0000-0004-357452,s01,s0101b,,,,unknown,unknown,unknown,0.0702563683958045,0.033904465291693296,0.014774012911336582,0.835878220502655,0.6846044479340596,0.19587164894738177,0.20649541976598104,0.0843150299413499,0.02314983920118583
s0101b:s01_s0101b_raw_nemo_buffer_000052-vad_percentile_rms-0000-0000-358396,s01,s0101b,,,,unknown,unknown,unknown,0.6661018930221924,0.5984046951545917,0.26816045083525475,0.8903133894346771,0.7583397059188101,0.22141357016819327,0.8449263473416163,0.7622678279982187,0.3164977998913244
s0101b:s01_s0101b_raw_nemo_buffer_000052-vad_percentile_rms-0000-0001-360076,s01,s0101b,,,,unknown,unknown,unknown,0.1097222183966218,0.044460968301607694,0.0034976637315196546,0.7911879169122573,0.6312976698900756,0.1796531207930324,0.21490120531450493,0.08060099971102183,0.00466551360633959
s0101b:s01_s0101b_raw_nemo_buffer_000053-vad_percentile_rms-0000-0000-361048,s01,s0101b,1,,,bad,unknown,unknown,0.4106767268622295,0.3270868569386099,0.14394586202312312,0.7874222328401633,0.63631740469984,0.19319716552733512,0.6582836425242646,0.5027919823703862,0.1683293230610852
s0101b:s01_s0101b_raw_nemo_buffer_000053-vad_percentile_rms-0000-0001-361272,s01,s0101b,1,,,bad,unknown,unknown,0.41621449646551345,0.30705592631176126,0.14776572507692895,0.7865237925498834,0.6592350330552483,0.23601878665837384,0.6033349525193904,0.4382261023102657,0.17792406576708927
s0101b:s01_s0101b_raw_nemo_buffer_000053-vad_percentile_rms-0000-0002-362024,s01,s0101b,,,,unknown,unknown,unknown,0.4845452511611567,0.323006306473719,0.06526889586600582,0.8524546939006942,0.7608404135164949,0.3366594523725876,0.7264503130900091,0.5125319439188001,0.12032296472866466
s0101b:s01_s0101b_raw_nemo_buffer_000054-vad_percentile_rms-0000-0000-387464,s01,s0101b,,,,unknown,unknown,unknown,0.44730780015189375,0.2684302045901085,0.03578070331716741,0.7933387507050562,0.616851953632929,0.155705430084413,0.6311066802971963,0.39660120462768955,0.04583161549130028
s0101b:s01_s0101b_raw_nemo_buffer_000054-vad_percentile_rms-0000-0001-387864,s01,s0101b,1,,,bad,unknown,unknown,0.09117052084619687,0.04815672148608989,0.030707813468107525,0.7278834349665909,0.5924904428948811,0.20417646855164132,0.21210295845779964,0.09856627431182834,0.05223168855995943
s0101b:s01_s0101b_raw_nemo_buffer_000054-vad_percentile_rms-0000-0002-389048,s01,s0101b,,,,unknown,unknown,unknown,0.5099203001509273,0.3623474946917545,0.07762193589252925,0.8505577560358596,0.7776941745407373,0.39617290223246476,0.6543373543814189,0.4852073643775508,0.14353275114834968
s0101b:s01_s0101b_raw_nemo_buffer_000055-vad_percentile_rms-0000-0001-390636,s01,s0101b,,,,unknown,unknown,unknown,0.3928018952326735,0.26046887936599333,0.06903253081468527,0.860114102021182,0.7546715578187396,0.2972403772494045,0.654848099237666,0.4454413374060533,0.11965540445925955
s0101b:s01_s0101b_raw_nemo_buffer_000056-vad_percentile_rms-0000-0000-390908,s01,s0101b,,,,unknown,unknown,unknown,0.7023200527376433,0.5704953804009937,0.1474589062553716,0.8916354986634948,0.7781396920924881,0.2676201551901188,0.8235943381322727,0.6967218932091097,0.17646894322803708
s0101b:s01_s0101b_raw_nemo_buffer_000057-vad_percentile_rms-0000-0000-393720,s01,s0101b,1,,,bad,unknown,unknown,0.015494112567213694,0.007974534693883198,0.010191613659775212,0.07224215305648832,0.058645081034324406,0.03227450352711557,0.011344081843622586,0.006115466822859566,0.007794074226849877
s0101b:s01_s0101b_raw_nemo_buffer_000057-vad_percentile_rms-0000-0001-395504,s01,s0101b,,,,unknown,unknown,unknown,0.1314144219918697,0.11793073721316838,0.25526315576827374,0.5839800130353848,0.6202617980630936,0.48992386484867184,0.15989906490327305,0.1387116461100934,0.3811995796394061
s0101b:s01_s0101b_raw_nemo_buffer_000057-vad_percentile_rms-0000-0002-398128,s01,s0101b,,,,unknown,unknown,unknown,0.03956288293269188,0.0224696376471277,0.027280325007684802,0.05129727551169964,0.0514549184264343,0.04092098479389769,0.019100504084640202,0.012375111005090467,0.01883126634823079
s0101b:s01_s0101b_raw_nemo_buffer_000057-vad_percentile_rms-0000-0003-399840,s01,s0101b,,,,unknown,unknown,unknown,0.04382878243556009,0.020809888192056068,0.012907248159085408,0.7017111851292217,0.5492642783602388,0.16983768312151995,0.1237664945970978,0.047814555531339245,0.02069189142560181
s0101b:s01_s0101b_raw_nemo_buffer_000058-vad_percentile_rms-0000-0000-400228,s01,s0101b,,,,unknown,unknown,unknown,0.536677896663271,0.3488332356854099,0.04273944573423196,0.8265493066789361,0.6687822900666366,0.18501369015588182,0.6852911133857846,0.47239545426335333,0.055168101288512295
s0101b:s01_s0101b_raw_nemo_buffer_000058-vad_percentile_rms-0000-0001-401864,s01,s0101b,,,,unknown,unknown,unknown,0.0736051240639396,0.034843752931759744,0.011724288640328888,0.7361923229214277,0.5731813253158193,0.16479584430587,0.17314052739016833,0.07077002142240213,0.016560682226694295
s0101b:s01_s0101b_raw_nemo_buffer_000059-vad_percentile_rms-0000-0000-402288,s01,s0101b,,,,unknown,unknown,unknown,0.6384746629388992,0.4746046478660122,0.0863094399933991,0.8239113080201739,0.6664739572105699,0.18559875609315807,0.739423456265904,0.5739775658851191,0.10009000529741159
s0101b:s01_s0101b_raw_nemo_buffer_000059-vad_percentile_rms-0000-0001-404556,s01,s0101b,,,,unknown,unknown,unknown,0.0524600338518606,0.02502243231165893,0.009055826254727159,0.8011877633566162,0.6473353100768283,0.1904290929347403,0.1427935987349852,0.057293728962041574,0.013768589782156825
s0101b:s01_s0101b_raw_nemo_buffer_000060-vad_percentile_rms-0000-0000-406136,s01,s0101b,,,,unknown,unknown,unknown,0.5244450037372856,0.326867121280226,0.04197556564941678,0.7852205528873879,0.6020318265764429,0.1461994153706561,0.6435572858259435,0.4228538284533708,0.04782532465657778
s0101b:s01_s0101b_raw_nemo_buffer_000060-vad_percentile_rms-0000-0001-408428,s01,s0101b,,,,unknown,unknown,unknown,0.11903181916438413,0.054444656357898025,0.010392600555379742,0.8428969028566332,0.7196349024364607,0.2525238191772414,0.2671094037135726,0.11261337965513006,0.01692982025826337
s0101b:s01_s0101b_raw_nemo_buffer_000061-vad_percentile_rms-0000-0000-409748,s01,s0101b,,,,unknown,unknown,unknown,0.9951419759997931,0.9862504233099871,0.9822919091801599,0.875513809806007,0.7296940149034516,0.19842827146441783,0.9956202675737056,0.9863672424866086,0.9804512362559681
s0101b:s01_s0101b_raw_nemo_buffer_000061-vad_percentile_rms-0000-0001-410568,s01,s0101b,,,,unknown,unknown,unknown,0.07588692284332334,0.03674381382621561,0.011470591566994669,0.8294580286795543,0.7010544483081182,0.24068373405309157,0.1950050943321502,0.08141860418311714,0.017952107195265906
s0101b:s01_s0101b_raw_nemo_buffer_000062-vad_percentile_rms-0000-0000-419400,s01,s0101b,,,,unknown,unknown,unknown,0.641995705609818,0.29737454669205676,0.015472634847893156,0.7321073967017404,0.5532786682847433,0.14336704525050928,0.694724533366269,0.35085414651469554,0.01838794271235821
s0101b:s01_s0101b_raw_nemo_buffer_000062-vad_percentile_rms-0000-0001-420108,s01,s0101b,0,0,0,safe,safe,safe,0.5642465201223583,0.4570863286881349,0.20951608712675943,0.4717471670875272,0.3476891694788902,0.11326397773281545,0.6268283605492874,0.49815036662348544,0.21186773303242387
s0101b:s01_s0101b_raw_nemo_buffer_000062-vad_percentile_rms-0000-0002-420588,s01,s0101b,,,,unknown,unknown,unknown,0.2202322312633145,0.11102656234674553,0.010489925550543013,0.7977244618133938,0.6365808968849495,0.17840649726682573,0.3945887107600639,0.19340681957041247,0.014283554151452306
s0101b:s01_s0101b_raw_nemo_buffer_000063-vad_percentile_rms-0000-0000-435488,s01,s0101b,1,,,bad,unknown,unknown,0.8553279865593355,0.8445543488503979,0.5949928762024466,0.8769923633520408,0.7445661620515202,0.22618691343503902,0.9269946422290616,0.905838900334504,0.615305566156486
s0101b:s01_s0101b_raw_nemo_buffer_000063-vad_percentile_rms-0000-0001-442508,s01,s0101b,,,,unknown,unknown,unknown,0.07975298508694724,0.03509570800440325,0.01158890562690217,0.9144024546738104,0.8428221553483323,0.404735165936742,0.23125541636051145,0.09372601147931597,0.030273228593248533
s0101b:s01_s0101b_raw_nemo_buffer_000064-vad_percentile_rms-0000-0000-442880,s01,s0101b,1,,,bad,unknown,unknown,0.3785476987856411,0.2467203540825513,0.0752340220539771,0.8239389415134577,0.6741234824888339,0.19871057995758257,0.5909238128258207,0.39092787147745195,0.09794870533867081
s0101b:s01_s0101b_raw_nemo_buffer_000064-vad_percentile_rms-0000-0001-445092,s01,s0101b,,,,unknown,unknown,unknown,0.08738259836576362,0.0435190218484355,0.018817627804315857,0.8231467999856207,0.6957866140026032,0.24239067473956316,0.21935877382048796,0.09636234917645557,0.031980281241690764
s0101b:s01_s0101b_raw_nemo_buffer_000065-vad_percentile_rms-0000-0000-446268,s01,s0101b,,,,unknown,unknown,unknown,0.779197041836212,0.6556166748135839,0.13812018375543866,0.9126619278997569,0.8115033331982537,0.2914594566182664,0.8897966297339531,0.7869779565421466,0.19022813125120017
s0101b:s01_s0101b_raw_nemo_buffer_000065-vad_percentile_rms-0000-0001-447012,s01,s0101b,0,0,0,safe,safe,safe,0.016851451847664654,0.008923473233979245,0.01245415671276947,0.02641134269883717,0.023647444268118538,0.017591432753109204,0.009498405998366254,0.005448098480233078,0.008405360147505148
s0101b:s01_s0101b_raw_nemo_buffer_000065-vad_percentile_rms-0000-0002-448284,s01,s0101b,,,,unknown,unknown,unknown,0.06714622063926265,0.03533815461729227,0.022539759536414954,0.5453663730877395,0.39487229582186023,0.11549340807911888,0.13605013833685742,0.06220428821441592,0.030768912548838043
s0101b:s01_s0101b_raw_nemo_buffer_000065-vad_percentile_rms-0000-0003-449092,s01,s0101b,,,,unknown,unknown,unknown,0.09363640465952248,0.04359795787302984,0.016539380527027168,0.8181774555991054,0.669204843368328,0.20003692632142595,0.26595171172747206,0.1074993125735823,0.02806779844283939
s0101b:s01_s0101b_raw_nemo_buffer_000066-vad_percentile_rms-0000-0000-450264,s01,s0101b,,,,unknown,unknown,unknown,0.32949863995868234,0.2081555743201181,0.06113020577344217,0.825487643074359,0.6601527376806502,0.17282884358168704,0.5608988388182036,0.3527051515522095,0.07379777945087942
s0101b:s01_s0101b_raw_nemo_buffer_000066-vad_percentile_rms-0000-0001-451140,s01,s0101b,,,,unknown,unknown,unknown,0.05612660898461766,0.026590265258505205,0.011538885652509302,0.7704116008486722,0.6068766629068628,0.17115015283712667,0.1579614501572913,0.062147476108138984,0.017702324444585173
s0101b:s01_s0101b_raw_nemo_buffer_000067-vad_percentile_rms-0000-0000-474224,s01,s0101b,1,1,,bad,bad,unknown,0.7415260164115852,0.5780451440242776,0.12229973422656197,0.7938495035448447,0.6414124640770787,0.19191800011359014,0.8554994471915885,0.7060230676263101,0.16440598478677806
s0101b:s01_s0101b_raw_nemo_buffer_000067-vad_percentile_rms-0000-0001-478628,s01,s0101b,,,,unknown,unknown,unknown,0.0292932015870651,0.014075899647188526,0.009671937498988977,0.7515284848797494,0.5926996648060887,0.17429428805017744,0.08747570357498881,0.03376152963823921,0.01480289204987163
s0101b:s01_s0101b_raw_nemo_buffer_000068-vad_percentile_rms-0000-0000-479496,s01,s0101b,,,,unknown,unknown,unknown,0.351805981609544,0.2066378956895132,0.03796276749770113,0.804191789783454,0.6879742457517536,0.26336042073105215,0.5684187127984903,0.33713910737173985,0.0592146283818324
s0101b:s01_s0101b_raw_nemo_buffer_000069-vad_percentile_rms-0000-0000-480164,s01,s0101b,,,,unknown,unknown,unknown,0.42469273000508295,0.24671810906778022,0.025988526824568904,0.8317551756766299,0.6657617713901334,0.1714959773044068,0.5955960180879167,0.3648799797862496,0.03265722628366727
s0101b:s01_s0101b_raw_nemo_buffer_000069-vad_percentile_rms-0000-0001-481452,s01,s0101b,,,,unknown,unknown,unknown,0.07949448943868227,0.03746696971840187,0.013389558554289568,0.8024721183836352,0.6639520940295457,0.21757238518410058,0.20569673468359828,0.08386124209244389,0.021917423517996276
s0101b:s01_s0101b_raw_nemo_buffer_000071-vad_percentile_rms-0000-0000-507324,s01,s0101b,1,1,,bad,bad,unknown,0.09299932361943011,0.05174688650813178,0.031654856661521895,0.6804202250049604,0.5861332160883801,0.2576075703805422,0.13725581363568382,0.07361252339391311,0.04565102252442175
s0101b:s01_s0101b_raw_nemo_buffer_000071-vad_percentile_rms-0000-0002-507832,s01,s0101b,1,,,bad,unknown,unknown,0.5078839123530661,0.06412134907647644,0.003199843955873244,0.7666335199339968,0.7394742161608444,0.48715454932042906,0.6895618306401816,0.12036812901545475,0.010459139329427995
s0101b:s01_s0101b_raw_nemo_buffer_000071-vad_percentile_rms-0000-0003-509296,s01,s0101b,,,,unknown,unknown,unknown,0.28158836827512007,0.29986442267227015,0.36298866142809716,0.6823519098534843,0.6039799003952278,0.29085016304531697,0.4088103594009581,0.3939066477738649,0.4503825132394329
s0101b:s01_s0101b_raw_nemo_buffer_000071-vad_percentile_rms-0000-0004-511328,s01,s0101b,,,,unknown,unknown,unknown,0.06158147907635245,0.0292682654376311,0.012549080147246079,0.7969148283878374,0.6359214564313934,0.178562144441646,0.1838005821082107,0.07252430179550261,0.020233569051701726
s0101b:s01_s0101b_raw_nemo_buffer_000072-vad_percentile_rms-0000-0000-512248,s01,s0101b,,,,unknown,unknown,unknown,0.4175540700837847,0.26963652236188423,0.05739815377420792,0.9058811021381677,0.7874333572355201,0.2451803664870727,0.6503049730279684,0.44104771920547386,0.07438811590336881
s0101b:s01_s0101b_raw_nemo_buffer_000072-vad_percentile_rms-0000-0001-515352,s01,s0101b,,,,unknown,unknown,unknown,0.24781246925331935,0.18614882103919964,0.1624288796130861,0.6009540567542244,0.6296336778498813,0.48620184538009037,0.199790108260861,0.16345627390938405,0.22024616372054254
s0101b:s01_s0101b_raw_nemo_buffer_000072-vad_percentile_rms-0000-0002-518604,s01,s0101b,,,,unknown,unknown,unknown,0.03992544059260026,0.020068075625507067,0.018702691805298582,0.8867677612224464,0.8020706462526537,0.36040819841694827,0.13839992448954927,0.05866351112948932,0.04691109581451493
s0101b:s01_s0101b_raw_nemo_buffer_000073-vad_percentile_rms-0000-0000-518928,s01,s0101b,1,1,,bad,bad,unknown,0.36507514351204723,0.2325051586251044,0.056670168739507656,0.776147726712666,0.6194741784487756,0.18244093650181137,0.5376787566634067,0.3433828568993045,0.06999402420571178
s0101b:s01_s0101b_raw_nemo_buffer_000073-vad_percentile_rms-0000-0001-520220,s01,s0101b,,,,unknown,unknown,unknown,0.022626320765553664,0.010479214813079857,0.008343930259527186,0.7320504661367656,0.6119000510391879,0.2322223718064434,0.06383063869558253,0.02414386759199895,0.014927500978991643
s0101b:s01_s0101b_raw_nemo_buffer_000074-vad_percentile_rms-0000-0000-520728,s01,s0101b,,,,unknown,unknown,unknown,0.2906140024189834,0.14843810462139198,0.021470185485259467,0.7079471663008928,0.5363689930825657,0.14651548890424074,0.3740429377499291,0.19384471282194493,0.024289460471050947
s0101b:s01_s0101b_raw_nemo_buffer_000074-vad_percentile_rms-0000-0001-527988,s01,s0101b,0,0,0,safe,safe,safe,0.0918787972480569,0.05675639070624853,0.09597256622611389,0.540326887720343,0.43391522859307297,0.16674890737229903,0.15859706499476522,0.0879602559607397,0.1197449013879725
s0101b:s01_s0101b_raw_nemo_buffer_000074-vad_percentile_rms-0000-0002-528640,s01,s0101b,,,,unknown,unknown,unknown,0.27917848546653795,0.15627799572484866,0.06800302430139736,0.8084057422420362,0.7468839296152316,0.41143816747074613,0.3797325273805514,0.22097205922091404,0.1266326105463036
s0101b:s01_s0101b_raw_nemo_buffer_000075-vad_percentile_rms-0000-0000-529088,s01,s0101b,,,,unknown,unknown,unknown,0.7757057509319479,0.661523139754776,0.1805982898393588,0.8538941647301199,0.7224786333327021,0.23364315708985006,0.8788101388523157,0.7790621225771104,0.25089946968412213
s0101b:s01_s0101b_raw_nemo_buffer_000075-vad_percentile_rms-0000-0001-530392,s01,s0101b,,,,unknown,unknown,unknown,0.12023429975262342,0.05740631355956111,0.01824634237182943,0.7479224148059782,0.5900584292158854,0.17488108227661356,0.26238523854540907,0.11259462375909067,0.026130953843489006
s0101b:s01_s0101b_raw_nemo_buffer_000076-vad_percentile_rms-0000-0000-544392,s01,s0101b,,,,unknown,unknown,unknown,0.11035608633540445,0.08874217450685337,0.15496012375186105,0.13250632453894295,0.1453540694841902,0.11693080538427748,0.06575124758608447,0.05761848339155907,0.12746610972127034
s0101b:s01_s0101b_raw_nemo_buffer_000076-vad_percentile_rms-0000-0001-544872,s01,s0101b,,,,unknown,unknown,unknown,0.09239449126806305,0.04238901704747143,0.013131067866871746,0.8414873127429072,0.7253438231836007,0.2692529509465629,0.23681618172998556,0.09728182114078482,0.02501864528451412
s0201b:s02_s0201b_raw_nemo_buffer_000000-vad_percentile_rms-0000-0000-3040,s02,s0201b,,,,unknown,unknown,unknown,0.2913623090554106,0.15085274113125965,0.05365471150285824,0.7937401251173152,0.6382028278159357,0.14373271824783526,0.47096969581282544,0.26810219488953807,0.06623772546609259
s0201b:s02_s0201b_raw_nemo_buffer_000001-vad_percentile_rms-0000-0000-4036,s02,s0201b,,,,unknown,unknown,unknown,0.980080325274842,0.9731093172315645,0.3122396685807899,0.8561857770548286,0.6952831015866665,0.10958795499004825,0.974840025737579,0.9688423545424522,0.2786904697070096
s0201b:s02_s0201b_raw_nemo_buffer_000001-vad_percentile_rms-0000-0001-5888,s02,s0201b,,,,unknown,unknown,unknown,0.6890849678895209,0.49134113784100375,0.0546211266439161,0.8616289039965743,0.7528258347610339,0.21841923238318567,0.766035149619039,0.6147350023083624,0.07164442311225082
s0201b:s02_s0201b_raw_nemo_buffer_000002-vad_percentile_rms-0000-0000-6080,s02,s0201b,,,,unknown,unknown,unknown,0.9428624512518355,0.9270253472236732,0.33973357921262237,0.7469966670727054,0.5427492236272099,0.0850733199148831,0.925141376907515,0.9034649267345078,0.20247102556818836
s0201b:s02_s0201b_raw_nemo_buffer_000002-vad_percentile_rms-0000-0001-9312,s02,s0201b,0,0,0,safe,safe,safe,0.965801793519346,0.9509177583889198,0.8628562089908955,0.8638059088128024,0.8005280254625949,0.394798555954821,0.9775038387178674,0.9684518168328923,0.895549228181365
s0201b:s02_s0201b_raw_nemo_buffer_000002-vad_percentile_rms-0000-0003-24352,s02,s0201b,,,,unknown,unknown,unknown,0.3689093893789202,0.2282770214352593,0.0211870320533559,0.8292635936523947,0.6930874224541161,0.16884465605028964,0.4806090600553932,0.3331077075644592,0.032125032672278245
s0201b:s02_s0201b_raw_nemo_buffer_000003-vad_percentile_rms-0000-0000-24596,s02,s0201b,,,,unknown,unknown,unknown,0.9974185617270052,0.9865839546386794,0.9819494791679698,0.8629243108031726,0.7282215181478696,0.15190853097614337,0.9976245552194359,0.9885374269645923,0.9675167499971461
s0201b:s02_s0201b_raw_nemo_buffer_000003-vad_percentile_rms-0000-0002-24904,s02,s0201b,,,,unknown,unknown,unknown,0.8834882979365347,0.8381505840395858,0.5157814182111711,0.5189728441693442,0.3574080282600511,0.10039186942451693,0.8569013383960576,0.7962802270226164,0.428830872601282
s0201b:s02_s0201b_raw_nemo_buffer_000003-vad_percentile_rms-0000-0003-25552,s02,s0201b,,,,unknown,unknown,unknown,0.8187564891464979,0.6873023315750149,0.14141916717048958,0.6157781412950354,0.5016931873243257,0.21331667022464612,0.7264893655816119,0.6296804308850104,0.17601087269787438
s0201b:s02_s0201b_raw_nemo_buffer_000005-vad_percentile_rms-0000-0000-144492,s02,s0201b,,,,unknown,unknown,unknown,0.9456132248036476,0.9059234710803364,0.18040079811236667,0.7586956221298244,0.5613336043355163,0.09142192843910042,0.9581511853447366,0.9331747640140183,0.2248810393790586
s0201b:s02_s0201b_raw_nemo_buffer_000005-vad_percentile_rms-0000-0001-145324,s02,s0201b,,,,unknown,unknown,unknown,0.5394490170555584,0.3736639919063743,0.04798270543053899,0.8475828552056553,0.6881885328988299,0.11671904339196602,0.7004146432481829,0.52739056977272,0.05834893610735773
s0201b:s02_s0201b_raw_nemo_buffer_000006-vad_percentile_rms-0000-0000-157792,s02,s0201b,,,,unknown,unknown,unknown,0.9716407109818256,0.9580384523723503,0.48365637236504794,0.882944050121962,0.7453252624340163,0.12918580400713667,0.974623550237441,0.962696954444425,0.41237800672074887
s0201b:s02_s0201b_raw_nemo_buffer_000006-vad_percentile_rms-0000-0002-162244,s02,s0201b,,,,unknown,unknown,unknown,0.39921545537565845,0.22612297892407052,0.09130745223898003,0.8321379006277666,0.7650227217469896,0.38715044282345307,0.4973989378831816,0.3397261650384264,0.1514542615568142
s0201b:s02_s0201b_raw_nemo_buffer_000006-vad_percentile_rms-0000-0003-162492,s02,s0201b,,,,unknown,unknown,unknown,0.8185559631520054,0.7672294578970704,0.226093217904658,0.8581412611731347,0.7820313465823879,0.3392111634964638,0.8915222368334749,0.8665432871237447,0.34228376648901937
s0201b:s02_s0201b_raw_nemo_buffer_000007-vad_percentile_rms-0000-0000-164140,s02,s0201b,,,,unknown,unknown,unknown,0.6950343573284732,0.5788776572579846,0.21347539695936618,0.8541707207199447,0.7472288845750781,0.22950259159041933,0.8199987439846854,0.7158736350229264,0.21691968281342838
s0201b:s02_s0201b_raw_nemo_buffer_000008-vad_percentile_rms-0000-0000-172212,s02,s0201b,,,,unknown,unknown,unknown,0.9746162312362081,0.9486384870772204,0.15178114086429398,0.7920073894702532,0.594957670371668,0.08694289727764377,0.9727737998669119,0.9495395076641335,0.13574380447569898
s0201b:s02_s0201b_raw_nemo_buffer_000008-vad_percentile_rms-0000-0001-173356,s02,s0201b,,,,unknown,unknown,unknown,0.8288154518065496,0.6879002530206859,0.34636909712906805,0.8455639889245995,0.7053786754396726,0.15203690168640702,0.8958291799972964,0.7857360597956435,0.30629527225782616
s0201b:s02_s0201b_raw_nemo_buffer_000009-vad_percentile_rms-0000-0000-175032,s02,s0201b,,,,unknown,unknown,unknown,0.8919988210660065,0.803375589929908,0.08156791737998317,0.716670621152027,0.5017504031465867,0.0756416027718997,0.8519305204294781,0.7661201034097984,0.07375519064776023
s0201b:s02_s0201b_raw_nemo_buffer_000009-vad_percentile_rms-0000-0001-177000,s02,s0201b,,,,unknown,unknown,unknown,0.45247225328148194,0.24943961112621232,0.041011832670723086,0.8611839792107385,0.6995242272949688,0.10546795525115633,0.6691646758333346,0.41586323738696757,0.04301909395846664
s0201b:s02_s0201b_raw_nemo_buffer_000010-vad_percentile_rms-0000-0000-180024,s02,s0201b,,,,unknown,unknown,unknown,0.9294875077016919,0.8833079634512925,0.05464764523223635,0.7606430624762596,0.5516398793436166,0.07929293727576486,0.9024838850237286,0.8616909366363654,0.0605669248719328
s0201b:s02_s0201b_raw_nemo_buffer_000010-vad_percentile_rms-0000-0001-182308,s02,s0201b,,,,unknown,unknown,unknown,0.5924231302612699,0.6771023630935129,0.6229839248021743,0.5075289077673938,0.3728479487426979,0.13514996324837955,0.753431289482081,0.7631523818390545,0.5797532000700395
s0201b:s02_s0201b_raw_nemo_buffer_000010-vad_percentile_rms-0000-0002-184024,s02,s0201b,0,0,0,safe,safe,safe,0.77023674730456,0.6314177267651996,0.3035206484247267,0.4203236833071096,0.2512661949244633,0.05786442296349577,0.6754730035544243,0.5003236921524341,0.163461749436139
s0201b:s02_s0201b_raw_nemo_buffer_000010-vad_percentile_rms-0000-0003-185564,s02,s0201b,,,,unknown,unknown,unknown,0.6742793063842384,0.48589828708068633,0.05727521449660626,0.8345294488881162,0.6680815176909428,0.11239308504719805,0.7604926584583497,0.5901287806389539,0.058220089952597635
s0201b:s02_s0201b_raw_nemo_buffer_000011-vad_percentile_rms-0000-0001-187052,s02,s0201b,,,,unknown,unknown,unknown,0.5915347451282417,0.36987233936029146,0.11325222485823927,0.834893253152767,0.6584345313696112,0.0985221283077162,0.7541651701730848,0.5315711459702673,0.10751274035134371
s0201b:s02_s0201b_raw_nemo_buffer_000012-vad_percentile_rms-0000-0000-187228,s02,s0201b,,,,unknown,unknown,unknown,0.9742458501826506,0.9532396724816493,0.5745356399057244,0.7446833464783181,0.5741751055294962,0.12684218526711138,0.9621675369655709,0.939043945598823,0.4988975767470171
s0201b:s02_s0201b_raw_nemo_buffer_000012-vad_percentile_rms-0000-0001-189332,s02,s0201b,0,0,0,safe,safe,safe,0.8109145854493245,0.7895525099994943,0.7088661680861118,0.802984279748084,0.664754624901649,0.1742888462522746,0.9216160686692966,0.8853938665663514,0.702099503365978
s0201b:s02_s0201b_raw_nemo_buffer_000012-vad_percentile_rms-0000-0002-190396,s02,s0201b,,,,unknown,unknown,unknown,0.3568839315864034,0.2215028049011211,0.013690124843764228,0.8256604044812984,0.6512080906500441,0.10475733867828325,0.5230373904063573,0.3488182325835828,0.018850811706821874
s0201b:s02_s0201b_raw_nemo_buffer_000013-vad_percentile_rms-0000-0000-191092,s02,s0201b,,,,unknown,unknown,unknown,0.9995359091264191,0.997175498601623,0.9952784568776029,0.8101580018496799,0.6395809573718716,0.11538273693906011,0.9989703309567891,0.9952544193322221,0.9872342187590967
s0201b:s02_s0201b_raw_nemo_buffer_000013-vad_percentile_rms-0000-0001-197568,s02,s0201b,,,,unknown,unknown,unknown,0.9269000421426821,0.9601302995833555,0.9578997327154198,0.6402563383760925,0.5804926865160108,0.3664638163325507,0.9527862648688652,0.9691858525849174,0.9667786760550838
s0201b:s02_s0201b_raw_nemo_buffer_000013-vad_percentile_rms-0000-0002-199084,s02,s0201b,,,,unknown,unknown,unknown,0.6156952744375767,0.5380423108708728,0.1286109920414304,0.8586813342628618,0.7158277928731759,0.13856291393471368,0.7659286275387839,0.6599465694029977,0.09997124763279117
s0201b:s02_s0201b_raw_nemo_buffer_000014-vad_percentile_rms-0000-0000-199436,s02,s0201b,,,,unknown,unknown,unknown,0.9442497173429862,0.8859050235272935,0.2162003513547497,0.8073496567856816,0.6775671042090663,0.19153642130577594,0.9127662943624332,0.8651708737539345,0.24270753235051473
s0201b:s02_s0201b_raw_nemo_buffer_000014-vad_percentile_rms-0000-0001-201804,s02,s0201b,,,,unknown,unknown,unknown,0.6345816528281166,0.43803037193746525,0.06646173778764207,0.8510909127492644,0.7004666444137188,0.12920909741891085,0.7471563267515121,0.5650939894940413,0.07082247272207816
s0201b:s02_s0201b_raw_nemo_buffer_000015-vad_percentile_rms-0000-0000-202028,s02,s0201b,,,,unknown,unknown,unknown,0.8358816402743389,0.717086760972089,0.028165041502041806,0.8106681413633501,0.6399542827584328,0.11502996767317844,0.7932595409678924,0.7095135659992082,0.039211970126472415
s0201b:s02_s0201b_raw_nemo_buffer_000015-vad_percentile_rms-0000-0001-206020,s02,s0201b,0,0,0,safe,safe,safe,0.9351587145222586,0.9403925375052926,0.8500430821439467,0.8093972279680602,0.759400611389083,0.46169484383946274,0.9336506314200528,0.9448043255432526,0.889718586955972
s0201b:s02_s0201b_raw_nemo_buffer_000015-vad_percentile_rms-0000-0002-209120,s02,s0201b,,,,unknown,unknown,unknown,0.4620535571534662,0.291813596842422,0.0716828361189033,0.7557771280552975,0.5703580409366911,0.10570645418905747,0.5586576846776782,0.35825378659403934,0.057029714146661685
s0201b:s02_s0201b_raw_nemo_buffer_000016-vad_percentile_rms-0000-0000-209376,s02,s0201b,,,,unknown,unknown,unknown,0.8296992890867694,0.7089256856046867,0.13047631691560083,0.7945515672566259,0.6489610560943757,0.1617422715188467,0.7854226731994263,0.6887823169914962,0.1275318123007378
s0201b:s02_s0201b_raw_nemo_buffer_000017-vad_percentile_rms-0000-0000-219832,s02,s0201b,,,,unknown,unknown,unknown,0.553278316249406,0.20310454992870014,0.007147494063512155,0.815011102892449,0.7461893077962984,0.3820525704860957,0.25924242449913076,0.14297743182180014,0.010479262514063904
s0201b:s02_s0201b_raw_nemo_buffer_000017-vad_percentile_rms-0000-0001-221108,s02,s0201b,0,0,0,safe,safe,safe,0.6087759908152932,0.4743804812931072,0.09830111471539615,0.6540376264880631,0.47737247910942215,0.11353582082456168,0.5758659084308833,0.462028303439425,0.09163220410467963
s0201b:s02_s0201b_raw_nemo_buffer_000017-vad_percentile_rms-0000-0002-223496,s02,s0201b,,,,unknown,unknown,unknown,0.6580587175872307,0.4062732487016869,0.0686316490969817,0.776507524736735,0.5841395246685179,0.09483062115503675,0.7046959992851072,0.46895297919809065,0.06485537115661784
s0201b:s02_s0201b_raw_nemo_buffer_000018-vad_percentile_rms-0000-0000-224440,s02,s0201b,,,,unknown,unknown,unknown,0.5397880016102623,0.6842385107352331,0.07176021255034526,0.7497856950186691,0.6510043578701543,0.2796948642407918,0.5358611676196556,0.7169270201827294,0.07324094524004496
s0201b:s02_s0201b_raw_nemo_buffer_000018-vad_percentile_rms-0000-0001-228420,s02,s0201b,,,,unknown,unknown,unknown,0.6512253694554669,0.4656109851607545,0.031064054929265183,0.8133817491729252,0.6621303425947019,0.14555069115074737,0.7255359938697109,0.565521992533676,0.04119484325850274
s0201b:s02_s0201b_raw_nemo_buffer_000019-vad_percentile_rms-0000-0000-229216,s02,s0201b,,,,unknown,unknown,unknown,0.5190443368674176,0.3649627740632761,0.10053827387420783,0.8255918642568082,0.6710823710236762,0.13517074334781828,0.7019681424914961,0.49996220725936663,0.08259120340084444
s0201b:s02_s0201b_raw_nemo_buffer_000019-vad_percentile_rms-0000-0001-229404,s02,s0201b,,,,unknown,unknown,unknown,0.9778564987133821,0.9745839872809596,0.7471851753056771,0.6209144458530127,0.4821146848772409,0.16566153862798522,0.9873953330663497,0.9828104517987855,0.773273394467179
s0201b:s02_s0201b_raw_nemo_buffer_000019-vad_percentile_rms-0000-0002-232108,s02,s0201b,,,,unknown,unknown,unknown,0.6742120152526129,0.5051190975160436,0.08068578154583052,0.8913278100996602,0.8325764096599247,0.39981992048520665,0.7462187271024373,0.6490308270378689,0.16181854917717503
s0201b:s02_s0201b_raw_nemo_buffer_000020-vad_percentile_rms-0000-0000-238436,s02,s0201b,0,0,0,safe,safe,safe,0.8800113772555347,0.8811040124928424,0.5848107675613643,0.7787248718987486,0.6586797977570064,0.2213115706673511,0.9121879178122151,0.9064617997745533,0.614489349652159
s0201b:s02_s0201b_raw_nemo_buffer_000020-vad_percentile_rms-0000-0001-239432,s02,s0201b,,,,unknown,unknown,unknown,0.7943090517164977,0.7111689985094161,0.4612962530381609,0.8916535743432199,0.7995097710295864,0.2437696813602828,0.8982877301297877,0.8518701289570082,0.509090903311875
s0201b:s02_s0201b_raw_nemo_buffer_000021-vad_percentile_rms-0000-0000-239612,s02,s0201b,1,,,bad,unknown,unknown,0.9509844671910007,0.8838136588358368,0.2813151371495815,0.7811590060070771,0.6296909227852574,0.15364945825559384,0.9334645722876613,0.8749987468833272,0.3014454528396412
s0201b:s02_s0201b_raw_nemo_buffer_000021-vad_percentile_rms-0000-0001-240604,s02,s0201b,0,0,0,safe,safe,safe,0.00012227904020290642,5.5139652811827695e-05,1.7009785574130483e-06,0.5450542369683493,0.4884480788346012,0.32897636560533355,9.910096467192915e-05,8.922705482282872e-05,4.002543702336585e-06
s0201b:s02_s0201b_raw_nemo_buffer_000021-vad_percentile_rms-0000-0002-242200,s02,s0201b,1,1,,bad,bad,unknown,0.9668045692986758,0.9675180713428632,0.9488739226398467,0.8441912928607588,0.7399791273233827,0.24418333473980275,0.9888574204150253,0.9858978461395281,0.9551268517160079
s0201b:s02_s0201b_raw_nemo_buffer_000021-vad_percentile_rms-0000-0003-249228,s02,s0201b,,,,unknown,unknown,unknown,0.23824775335979143,0.12435054632539487,0.012583618848709661,0.8558406249417435,0.731352584357458,0.1803288920918951,0.39087949073732425,0.23438676812995138,0.023223156586855188
s0201b:s02_s0201b_raw_nemo_buffer_000022-vad_percentile_rms-0000-0000-255900,s02,s0201b,,,,unknown,unknown,unknown,0.9931938530494516,0.9874083238316061,0.43305239647569904,0.7554700225714098,0.5482339471617925,0.08146599366096476,0.9920284285835337,0.9886389600545213,0.47696551969996004
s0201b:s02_s0201b_raw_nemo_buffer_000022-vad_percentile_rms-0000-0001-257252,s02,s0201b,,,,unknown,unknown,unknown,0.8289353729079826,0.5851881563499058,0.0517583894278762,0.7823396049420908,0.6806313278558557,0.27069966095600034,0.8668944638059997,0.6818773172545939,0.07270125314648464
s0201b:s02_s0201b_raw_nemo_buffer_000022-vad_percentile_rms-0000-0002-257468,s02,s0201b,,,,unknown,unknown,unknown,0.9163784902299644,0.9383499389332464,0.8400269675756368,0.7824611749804881,0.6997244539151892,0.33117813447938804,0.9597582067837899,0.9634824657297889,0.8662930367360555
s0201b:s02_s0201b_raw_nemo_buffer_000022-vad_percentile_rms-0000-0003-257700,s02,s0201b,,,,unknown,unknown,unknown,0.8692032266218859,0.8861232987927806,0.8604895695225668,0.6988999565987871,0.5356890112773641,0.13757267894831385,0.9533426634761901,0.9392233603512482,0.8093099956914916
s0201b:s02_s0201b_raw_nemo_buffer_000022-vad_percentile_rms-0000-0004-257864,s02,s0201b,,,,unknown,unknown,unknown,0.5507314047709994,0.3675977625482778,0.056552812503190206,0.8959128544803756,0.8358312910523188,0.38781765384031713,0.6528485431410036,0.5169622114205619,0.11033054442568947
s0301a:s03_s0301a_raw_nemo_buffer_000000-vad_percentile_rms-0000-0000-9056,s03,s0301a,,,,unknown,unknown,unknown,0.33314050296387787,0.22391175607682198,0.03926082881633769,0.8625269739885878,0.7644513874029055,0.319878321998616,0.5725578042041362,0.401143436410893,0.07094071182922065
s0301a:s03_s0301a_raw_nemo_buffer_000001-vad_percentile_rms-0000-0000-13504,s03,s0301a,,,,unknown,unknown,unknown,0.9058303756047706,0.8771494186133423,0.37707084033419525,0.8357664273057287,0.6706452790758722,0.14933897002038296,0.9448614806144955,0.9076544727465419,0.36491610531225527
s0301a:s03_s0301a_raw_nemo_buffer_000001-vad_percentile_rms-0000-0002-13916,s03,s0301a,,,,unknown,unknown,unknown,0.735063769421894,0.6101572076191306,0.17895220203135562,0.797455404815295,0.6595652929663047,0.21179183390392975,0.876665575527858,0.7728366157367594,0.3209099941566373
s0301a:s03_s0301a_raw_nemo_buffer_000002-vad_percentile_rms-0000-0000-54188,s03,s0301a,,,,unknown,unknown,unknown,0.9227176389338052,0.678136755930836,0.023227429314337286,0.878936177627612,0.8011492820066994,0.3994454445226869,0.9313909221732917,0.774091089104182,0.07474679385140444
s0301a:s03_s0301a_raw_nemo_buffer_000002-vad_percentile_rms-0000-0001-58640,s03,s0301a,0,0,0,safe,safe,safe,0.5433063568662609,0.3941223969567873,0.030295193300808557,0.23658456817737009,0.17594427781679636,0.07861172168670098,0.4206941649754528,0.3307230494164668,0.04052732766838822
s0301a:s03_s0301a_raw_nemo_buffer_000002-vad_percentile_rms-0000-0002-60944,s03,s0301a,0,0,0,safe,safe,safe,0.09122353290618085,0.04152053729182363,0.018856443934418213,0.07797381353608264,0.062097478436604125,0.03971113475320735,0.04281522621441812,0.02251164963030267,0.011940412551648821
s0301a:s03_s0301a_raw_nemo_buffer_000002-vad_percentile_rms-0000-0003-65344,s03,s0301a,,,,unknown,unknown,unknown,0.7558633626329239,0.6338049544359124,0.2779348766014661,0.8417347317662269,0.6911312655206127,0.1758921368559281,0.8125517974155739,0.6575743324371593,0.1979822261133142
s0301a:s03_s0301a_raw_nemo_buffer_000003-vad_percentile_rms-0000-0000-66860,s03,s0301a,0,0,0,safe,safe,safe,0.8067758843601724,0.7104941388241238,0.19718054867131418,0.865466106536625,0.7666020983496101,0.3157258762351032,0.8754251506391307,0.8040755264487782,0.2801568531970271
s0301a:s03_s0301a_raw_nemo_buffer_000003-vad_percentile_rms-0000-0001-70224,s03,s0301a,0,0,0,safe,safe,safe,0.7209264320884086,0.632641117800936,0.08011578125766981,0.7123758096575443,0.5905294153161579,0.2335463045535615,0.7347862008581729,0.6728370149644798,0.13154536007250694
s0301a:s03_s0301a_raw_nemo_buffer_000003-vad_percentile_rms-0000-0002-79944,s03,s0301a,0,0,0,safe,safe,safe,0.3684689620301784,0.22543380465351662,0.02866222239667551,0.8016367140352078,0.6942767637725759,0.294044772743864,0.5157682442664611,0.35622406603102574,0.06213362399764503
s0301a:s03_s0301a_raw_nemo_buffer_000003-vad_percentile_rms-0000-0004-84392,s03,s0301a,0,0,0,safe,safe,safe,0.5935983606829026,0.4133973379073728,0.026526840657439935,0.5038554384772588,0.3690020452010865,0.11970152544314827,0.5593564160637233,0.41164396802780157,0.038455474445134856
s0301a:s03_s0301a_raw_nemo_buffer_000003-vad_percentile_rms-0000-0005-94056,s03,s0301a,,,,unknown,unknown,unknown,0.9508009572925123,0.9750494856559977,0.8207226441366822,0.7161110034378865,0.6929456425629222,0.5430283630268763,0.9630035703447407,0.9811778774838315,0.9025050966795592
s0301a:s03_s0301a_raw_nemo_buffer_000003-vad_percentile_rms-0000-0006-94568,s03,s0301a,,,,unknown,unknown,unknown,0.8181682311527478,0.8631018675453093,0.7006428110004776,0.7721260657387662,0.6515897784492158,0.2526295419107514,0.8622774203097605,0.87316784641653,0.6440264856631631
s0301a:s03_s0301a_raw_nemo_buffer_000003-vad_percentile_rms-0000-0007-98856,s03,s0301a,0,0,0,safe,safe,safe,0.4329934456439239,0.2892117815327153,0.03884727436070211,0.43117797054180695,0.3208718282708645,0.11915372624671892,0.37439262126923234,0.271065692857013,0.04619351649789879
s0301a:s03_s0301a_raw_nemo_buffer_000003-vad_percentile_rms-0000-0008-99528,s03,s0301a,,,,unknown,unknown,unknown,0.385750519465066,0.20243102738720525,0.01421026120479632,0.8604309662543556,0.7282789472919134,0.21185562267988128,0.5956912048645592,0.3421052565352987,0.02470987825944751
s0301a:s03_s0301a_raw_nemo_buffer_000004-vad_percentile_rms-0000-0000-100592,s03,s0301a,,,,unknown,unknown,unknown,0.9777407105439024,0.9824897605242818,0.8499009969176172,0.651838100079177,0.5122958353031646,0.17551658898884573,0.966550759932837,0.9730930892940272,0.7974570884555903
s0301a:s03_s0301a_raw_nemo_buffer_000004-vad_percentile_rms-0000-0001-103468,s03,s0301a,,,,unknown,unknown,unknown,0.6855866575176143,0.4887223076941882,0.0644535360964398,0.8671471121733639,0.7191176660527894,0.16985562785735242,0.767575212286747,0.5642330356532185,0.06490676285579058
s0301a:s03_s0301a_raw_nemo_buffer_000005-vad_percentile_rms-0000-0000-103660,s03,s0301a,,,,unknown,unknown,unknown,0.6699128843450103,0.43035628140585647,0.08438228821740618,0.7880591100024789,0.6021554812244736,0.12370176987822928,0.6900350336181208,0.43820563603543194,0.06488903304960905
s0301a:s03_s0301a_raw_nemo_buffer_000005-vad_percentile_rms-0000-0001-104020,s03,s0301a,1,1,1,bad,bad,bad,0.42926694303892227,0.25290162939078503,0.05760254014716935,0.6801067383874373,0.4909405824647731,0.10883582709276836,0.4433574731092773,0.2510339198197147,0.041066124207757584
s0301a:s03_s0301a_raw_nemo_buffer_000005-vad_percentile_rms-0000-0002-107872,s03,s0301a,0,0,0,safe,safe,safe,0.7103679402171088,0.6452085133289381,0.14716667712951456,0.7780622304617799,0.6552839117072043,0.24773802484938626,0.7788417724255673,0.7254821482779252,0.2231371740152718
s0301a:s03_s0301a_raw_nemo_buffer_000005-vad_percentile_rms-0000-0003-114616,s03,s0301a,0,0,0,safe,safe,safe,0.39032573615871063,0.24038000697423736,0.027077902322187535,0.43482446173569017,0.3144843329066906,0.10655527305723803,0.3404859901948552,0.21742168939547363,0.02821352307750299
s0301a:s03_s0301a_raw_nemo_buffer_000005-vad_percentile_rms-0000-0004-115360,s03,s0301a,,,,unknown,unknown,unknown,0.6097813865054662,0.46747689100692474,0.021536666185846338,0.8668744350783887,0.7262223850210143,0.18690294581822775,0.7673039180219272,0.6168165556524942,0.03606955453570262
s0301a:s03_s0301a_raw_nemo_buffer_000006-vad_percentile_rms-0000-0000-116148,s03,s0301a,,,,unknown,unknown,unknown,0.9101931429542615,0.8437712609333194,0.06518577193315993,0.729085744851602,0.5373913383572358,0.11364574739466268,0.9022598597164472,0.8427383713178401,0.0942558355124845
s0301a:s03_s0301a_raw_nemo_buffer_000006-vad_percentile_rms-0000-0001-119232,s03,s0301a,,,,unknown,unknown,unknown,0.4643313753386401,0.313108275447892,0.07915237458782814,0.7907490345164586,0.6213713486204734,0.14917773794260097,0.629542967767474,0.4214900887083286,0.08696642917306546
s0301a:s03_s0301a_raw_nemo_buffer_000007-vad_percentile_rms-0000-0000-124280,s03,s0301a,0,0,0,safe,safe,safe,0.4650639294757486,0.34601451492038554,0.032106385986622604,0.5277605260394651,0.4236708312613592,0.18307214414046064,0.48205834666425496,0.39376145596237117,0.059840773274711594
s0301a:s03_s0301a_raw_nemo_buffer_000007-vad_percentile_rms-0000-0001-127924,s03,s0301a,0,0,0,safe,safe,safe,0.1096762846274457,0.06897985206256158,0.020055813693200066,0.23746894710653127,0.18165950227002997,0.08702394735940122,0.09696253599648004,0.06342870698437235,0.019336206504917186
s0301a:s03_s0301a_raw_nemo_buffer_000007-vad_percentile_rms-0000-0002-129516,s03,s0301a,0,0,0,safe,safe,safe,0.36159789748718524,0.22935470043732978,0.021035823362297704,0.32986267723858165,0.22282782075399854,0.07001273341253585,0.3162139031737168,0.20983951910523274,0.02516915097736042
s0301a:s03_s0301a_raw_nemo_buffer_000007-vad_percentile_rms-0000-0003-133264,s03,s0301a,0,0,0,safe,safe,safe,0.46827960923791656,0.33868513903732506,0.10363480129693065,0.5469272126830702,0.37982548679012385,0.0960255989133102,0.4771589281020983,0.33358751198069786,0.09602168700966889
s0301a:s03_s0301a_raw_nemo_buffer_000007-vad_percentile_rms-0000-0004-134204,s03,s0301a,,,,unknown,unknown,unknown,0.5058257593864228,0.3665665903218325,0.0505216196073267,0.7687721521111688,0.632691915323826,0.21428731165268014,0.6001549742831886,0.44048715718696596,0.06047404131449763
s0301a:s03_s0301a_raw_nemo_buffer_000008-vad_percentile_rms-0000-0000-134528,s03,s0301a,,,,unknown,unknown,unknown,0.9428411588634243,0.9038542378044376,0.09368129703891867,0.7108749409793124,0.5357260356424293,0.13351077284649568,0.9339063365930067,0.9042506452910302,0.15712998367907674
s0301a:s03_s0301a_raw_nemo_buffer_000008-vad_percentile_rms-0000-0001-135080,s03,s0301a,,,,unknown,unknown,unknown,0.5292445125809252,0.3518685186659532,0.02615475845189997,0.8433353211016538,0.6845170279480786,0.1586579723972326,0.7425219004743712,0.5279422938106124,0.04421204970810844
s0301a:s03_s0301a_raw_nemo_buffer_000009-vad_percentile_rms-0000-0000-135764,s03,s0301a,1,,,bad,unknown,unknown,0.9996655322946999,0.9975268134495527,0.9935976520604183,0.8752861609602756,0.7926028494780532,0.378381436049885,0.9994814174204275,0.9976215735729016,0.9962589012623583
s0301a:s03_s0301a_raw_nemo_buffer_000009-vad_percentile_rms-0000-0001-140204,s03,s0301a,,,,unknown,unknown,unknown,0.49136155401577103,0.25516601853009263,0.025821437491575255,0.7687783291718817,0.5980782159393371,0.14708917420379508,0.591244223927291,0.3227006901369529,0.030116536630476993
s0301a:s03_s0301a_raw_nemo_buffer_000010-vad_percentile_rms-0000-0000-141368,s03,s0301a,,,,unknown,unknown,unknown,0.9583404961426072,0.8397778920635298,0.05183656150917965,0.4757898470422456,0.43510336118913173,0.29358633401075246,0.9189728847243327,0.7969650101275302,0.08805230030615059
s0301a:s03_s0301a_raw_nemo_buffer_000010-vad_percentile_rms-0000-0001-143880,s03,s0301a,,,,unknown,unknown,unknown,0.4100274595872578,0.28005707375233374,0.026660673147910836,0.8527502468013106,0.7149131652118197,0.20093367287926084,0.6505552087585725,0.45832638871955284,0.045800364031997914
s0301a:s03_s0301a_raw_nemo_buffer_000011-vad_percentile_rms-0000-0000-144072,s03,s0301a,,,,unknown,unknown,unknown,0.8004888421993483,0.5928200148541788,0.07645934283894444,0.7775303976527193,0.6125287744379397,0.1569298413153314,0.8311918124060105,0.6482069535057181,0.09928737021107059
s0301a:s03_s0301a_raw_nemo_buffer_000011-vad_percentile_rms-0000-0001-144904,s03,s0301a,,,,unknown,unknown,unknown,0.560283625324112,0.2991976259830331,0.07566436838992277,0.8506369650991904,0.7207000078681413,0.22216761902877602,0.7185954333227939,0.4176136011590643,0.09201382632101053
s0301a:s03_s0301a_raw_nemo_buffer_000012-vad_percentile_rms-0000-0000-148388,s03,s0301a,1,,,bad,unknown,unknown,0.9310027334394944,0.866275150220529,0.07339999132332341,0.8171914375661263,0.6316401512608321,0.1208638499544375,0.9123639840418218,0.8484998814754567,0.07922510232275216
s0301a:s03_s0301a_raw_nemo_buffer_000012-vad_percentile_rms-0000-0001-149408,s03,s0301a,,,,unknown,unknown,unknown,0.42089448422744574,0.15968406377598604,0.013212078967184616,0.8466279513693216,0.6871116635758935,0.15610542936518956,0.5237916423620232,0.21042363950694265,0.01390872158549447
s0301a:s03_s0301a_raw_nemo_buffer_000013-vad_percentile_rms-0000-0000-149648,s03,s0301a,,,,unknown,unknown,unknown,0.9503102997564928,0.8880510583777234,0.23007205637239683,0.776319931846991,0.5853699185500563,0.11715619789283588,0.9249250880703311,0.8546134278178434,0.20533254688942795
s0301a:s03_s0301a_raw_nemo_buffer_000013-vad_percentile_rms-0000-0001-154380,s03,s0301a,0,0,0,safe,safe,safe,0.1570388675316787,0.09006397710464359,0.011398604658087298,0.261742474859327,0.1967956825578083,0.08824600315225181,0.1386829184915328,0.0886712570591798,0.015383601851573014
s0301a:s03_s0301a_raw_nemo_buffer_000013-vad_percentile_rms-0000-0002-158632,s03,s0301a,,,,unknown,unknown,unknown,0.5939861921985319,0.43375072424063027,0.11103417649617706,0.8430629196982009,0.7075207648165962,0.21033073438939964,0.7239963865441736,0.5368990678489216,0.11067771763227181
s0301a:s03_s0301a_raw_nemo_buffer_000014-vad_percentile_rms-0000-0000-158804,s03,s0301a,,,,unknown,unknown,unknown,0.9994847928383149,0.9979759381988963,0.9430753457112102,0.8221040946412649,0.6923793058739351,0.23011346177436753,0.9992083741854355,0.99797174295361,0.9726543628458248
s0301a:s03_s0301a_raw_nemo_buffer_000015-vad_percentile_rms-0000-0000-161304,s03,s0301a,,,,unknown,unknown,unknown,0.8721381132440195,0.7860621935434825,0.05186951181733453,0.7241215565024425,0.5972358406761732,0.22568431826263777,0.8731189501384586,0.8227811377854171,0.11794719873882833
s0301a:s03_s0301a_raw_nemo_buffer_000015-vad_percentile_rms-0000-0001-165180,s03,s0301a,,,,unknown,unknown,unknown,0.5006358863925023,0.27681692787272083,0.02741064630044441,0.8163369965185248,0.6478706093808934,0.14795319458095763,0.607807672828685,0.3519447924167639,0.031191634413511693
s0301a:s03_s0301a_raw_nemo_buffer_000016-vad_percentile_rms-0000-0000-165692,s03,s0301a,,,,unknown,unknown,unknown,0.8952166215110177,0.7577956686332239,0.050233149548120436,0.8593545790545276,0.6974729622521237,0.1461339211573553,0.8993670577103293,0.777225301745603,0.06321935941345742
s0301a:s03_s0301a_raw_nemo_buffer_000016-vad_percentile_rms-0000-0002-172808,s03,s0301a,0,0,0,safe,safe,safe,0.02484471282474909,0.00896086749520922,0.008606049593687102,0.46475673627715247,0.36856864046896143,0.16162757246617712,0.04063550613648059,0.015031037217603955,0.013276509001397215
s0301a:s03_s0301a_raw_nemo_buffer_000016-vad_percentile_rms-0000-0003-174792,s03,s0301a,,,,unknown,unknown,unknown,0.5157575743228306,0.28465846763827085,0.06640165640684915,0.7404283191286718,0.5803141115062773,0.16242629962981917,0.5670163414525229,0.32066919387900666,0.0672522353832563
s0301a:s03_s0301a_raw_nemo_buffer_000017-vad_percentile_rms-0000-0000-211432,s03,s0301a,,,,unknown,unknown,unknown,0.9011699783040076,0.5607013342982922,0.015211999342883137,0.8526338614427595,0.6919330316511647,0.15142134161226511,0.8810652152026324,0.5605503549236102,0.01739954632635177
s0301a:s03_s0301a_raw_nemo_buffer_000017-vad_percentile_rms-0000-0001-213636,s03,s0301a,,,,unknown,unknown,unknown,0.44762012403420187,0.25695831263370705,0.02917127701772921,0.7944800784884479,0.6239260847958146,0.146985129912378,0.5464314867774666,0.31638492196168316,0.029457007526998563
s0301a:s03_s0301a_raw_nemo_buffer_000018-vad_percentile_rms-0000-0000-219668,s03,s0301a,1,,,bad,unknown,unknown,0.9998362292744462,0.9984751118155211,0.9976793098258387,0.8279440878138659,0.6808061641621933,0.1872760439831841,0.9996307339789707,0.9975273930994125,0.9966343064954434
s0301a:s03_s0301a_raw_nemo_buffer_000018-vad_percentile_rms-0000-0001-223212,s03,s0301a,,,,unknown,unknown,unknown,0.632096770111638,0.44654345114042543,0.06356821771491884,0.8491608738018893,0.6812396838383328,0.13978056353711227,0.7007190822960335,0.48361900059336804,0.04858759965482336
s0301a:s03_s0301a_raw_nemo_buffer_000019-vad_percentile_rms-0000-0000-241528,s03,s0301a,,,,unknown,unknown,unknown,0.9513376804338205,0.7606112771531222,0.036342532779354085,0.7994661762590362,0.6101256491503487,0.11803198271548603,0.9399009820892935,0.7508520513305947,0.04711191676592337
s0301a:s03_s0301a_raw_nemo_buffer_000019-vad_percentile_rms-0000-0001-245592,s03,s0301a,0,0,0,safe,safe,safe,0.5737592208890285,0.4653769983075122,0.0378713140821447,0.7706565897666176,0.6423225804751792,0.23275225697847568,0.6545407146591532,0.553428743013077,0.06651251780919698
s0301a:s03_s0301a_raw_nemo_buffer_000019-vad_percentile_rms-0000-0002-247168,s03,s0301a,0,0,0,safe,safe,safe,0.48181055475699397,0.41175132522741403,0.11207847757771383,0.5690688744379377,0.39874588050488236,0.100077712775416,0.5491371064712975,0.43605591803332283,0.09498334257213704
s0301a:s03_s0301a_raw_nemo_buffer_000019-vad_percentile_rms-0000-0003-247456,s03,s0301a,0,0,0,safe,safe,safe,0.6522581395219952,0.6155591605725672,0.12326215462656055,0.5843737516420014,0.40596823394623444,0.09583595485874774,0.6576287239018408,0.6023337471727965,0.10837251827487578
s0301a:s03_s0301a_raw_nemo_buffer_000019-vad_percentile_rms-0000-0004-250920,s03,s0301a,0,0,0,safe,safe,safe,0.6458715459091777,0.48497845154545555,0.05670423342590489,0.7044306846960282,0.5682123692806812,0.19971141484831684,0.6875817582957903,0.5520889490692322,0.09357116448735418
s0301a:s03_s0301a_raw_nemo_buffer_000019-vad_percentile_rms-0000-0006-253788,s03,s0301a,,,,unknown,unknown,unknown,0.3361468407992179,0.2553439516400969,0.0734151593816879,0.4349200755699506,0.29135708182331593,0.07795549312193437,0.3692842764944026,0.25789703441340195,0.06261815967300029
s0301a:s03_s0301a_raw_nemo_buffer_000019-vad_percentile_rms-0000-0007-253996,s03,s0301a,,,,unknown,unknown,unknown,0.4238859611224519,0.29369685800323614,0.031908830594548354,0.8577585864810701,0.7188468625557053,0.19600538931416572,0.6630041030905435,0.45835869306921867,0.041995158792475
s0301a:s03_s0301a_raw_nemo_buffer_000020-vad_percentile_rms-0000-0000-254188,s03,s0301a,1,,,bad,unknown,unknown,0.9052991426422703,0.7880023747454654,0.25743649408462166,0.8197222432210882,0.6503518967025418,0.14577135360524354,0.8924868315543885,0.7653022584355751,0.2051456307929887
s0301a:s03_s0301a_raw_nemo_buffer_000020-vad_percentile_rms-0000-0001-256332,s03,s0301a,,,,unknown,unknown,unknown,0.6605097491368062,0.47909257859851,0.09843073791700213,0.7937946911698529,0.6653341851640707,0.23463162576912563,0.7368067074149081,0.5693340901189194,0.12334819451625832
s0301a:s03_s0301a_raw_nemo_buffer_000021-vad_percentile_rms-0000-0000-257472,s03,s0301a,,,,unknown,unknown,unknown,0.9189689976247506,0.8675062616386374,0.13358002121420007,0.8483880599242354,0.6806130582348691,0.14033583453551207,0.9304635332228329,0.8804592566504608,0.15830041104502526
s0301a:s03_s0301a_raw_nemo_buffer_000021-vad_percentile_rms-0000-0001-259624,s03,s0301a,,,,unknown,unknown,unknown,0.7952338018992803,0.5982583936847797,0.37471231227754986,0.8651035567297841,0.7320040599468973,0.206853437241969,0.8142569310047412,0.5992506532109279,0.25629880414747236
s0301a:s03_s0301a_raw_nemo_buffer_000022-vad_percentile_rms-0000-0000-259796,s03,s0301a,,,,unknown,unknown,unknown,0.9979297381453466,0.9925538645928654,0.9911812157335835,0.854678460476131,0.7013208971211662,0.1650050362423715,0.9979981713638543,0.9927665892931993,0.9900973629366056
s0301a:s03_s0301a_raw_nemo_buffer_000022-vad_percentile_rms-0000-0001-263404,s03,s0301a,,,,unknown,unknown,unknown,0.8467349748524406,0.8732905904823358,0.44997696240484386,0.662774973770564,0.5181053453031628,0.1702009049439027,0.8614897878647365,0.8678578169391528,0.4375986822247146
s0301a:s03_s0301a_raw_nemo_buffer_000022-vad_percentile_rms-0000-0002-265452,s03,s0301a,,,,unknown,unknown,unknown,0.6140420738858169,0.42971625449319595,0.12996636170649772,0.8746450603848772,0.7860529765655919,0.35285443543279826,0.774215448769972,0.5942549028984094,0.18080056545187076
s0301a:s03_s0301a_raw_nemo_buffer_000023-vad_percentile_rms-0000-0000-265748,s03,s0301a,,,,unknown,unknown,unknown,0.9983433951767101,0.9916242470719917,0.9484536414531757,0.7659784766965594,0.5874337785698363,0.13468151777529472,0.9978705203171442,0.9913502383562488,0.9576517045826322
s0301a:s03_s0301a_raw_nemo_buffer_000023-vad_percentile_rms-0000-0001-267188,s03,s0301a,0,0,0,safe,safe,safe,0.28698113290442295,0.16991068742052512,0.010926397401769462,0.16223373734372135,0.1128473224863213,0.04662160319989054,0.18802328287342024,0.12447470016266635,0.012500365644674633
s0301a:s03_s0301a_raw_nemo_buffer_000023-vad_percentile_rms-0000-0002-268084,s03,s0301a,,,,unknown,unknown,unknown,0.7381541885420441,0.8064965789711396,0.6377785050186958,0.3416635233180421,0.2539644483255577,0.10259693530984139,0.6897609849764473,0.7394034401315431,0.5109848441980288
s0301a:s03_s0301a_raw_nemo_buffer_000023-vad_percentile_rms-0000-0003-268768,s03,s0301a,1,1,1,bad,bad,bad,0.45895539053056134,0.3588656672384231,0.1881284136580732,0.5902865078947536,0.4087894994968641,0.09422946850704639,0.4634438715140055,0.3286285131767427,0.1158807393176712
s0301a:s03_s0301a_raw_nemo_buffer_000023-vad_percentile_rms-0000-0004-269608,s03,s0301a,0,0,0,safe,safe,safe,0.5141897466612398,0.3821502008871333,0.06665137572781758,0.2770359723006316,0.19689778829948423,0.07520654888378717,0.36718870415094385,0.2860006045301053,0.05685024486572034
s0301a:s03_s0301a_raw_nemo_buffer_000023-vad_percentile_rms-0000-0005-271484,s03,s0301a,0,0,0,safe,safe,safe,0.12272631434020381,0.07170985421121392,0.01193223470020664,0.06563055396224961,0.05148468171242368,0.03269793305057075,0.06485212705301824,0.04433977256569197,0.011184161419627312
s0301a:s03_s0301a_raw_nemo_buffer_000023-vad_percentile_rms-0000-0006-272360,s03,s0301a,0,0,0,safe,safe,safe,0.7880625297919102,0.777829982355698,0.4335016433172023,0.656522678171052,0.47820817864246085,0.11699543218720591,0.8043389571638452,0.7685794203996569,0.36205001821310423
s0301a:s03_s0301a_raw_nemo_buffer_000023-vad_percentile_rms-0000-0007-274384,s03,s0301a,0,0,0,safe,safe,safe,0.3573554139694776,0.22836185996553698,0.015786156811765262,0.4051941210287242,0.27943338711185456,0.08494433650404225,0.32900421549084913,0.21803762923813758,0.019326378511381997
s0301a:s03_s0301a_raw_nemo_buffer_000023-vad_percentile_rms-0000-0008-278688,s03,s0301a,0,0,0,safe,safe,safe,0.09335655581181698,0.04977910014766669,0.029095986502154607,0.27370620216108726,0.2014579353144066,0.0845575292116324,0.08689461321568588,0.04677594562673673,0.024554534745412342
s0301a:s03_s0301a_raw_nemo_buffer_000023-vad_percentile_rms-0000-0009-281968,s03,s0301a,,,,unknown,unknown,unknown,0.23466603661688268,0.07405810914566348,0.03721641362916062,0.626984467060061,0.4719768866522603,0.14085639247536477,0.30151491813335357,0.10153922297099421,0.04631393850372454
s0301a:s03_s0301a_raw_nemo_buffer_000023-vad_percentile_rms-0000-0010-283152,s03,s0301a,,,,unknown,unknown,unknown,0.7671366266869453,0.6435191582170744,0.22233119052473135,0.3470775369775787,0.23580035830851562,0.0737272971305939,0.6109211826100006,0.5037963724112214,0.17415856898905918
s0301a:s03_s0301a_raw_nemo_buffer_000023-vad_percentile_rms-0000-0011-285948,s03,s0301a,1,1,,bad,bad,unknown,0.7541305017857238,0.666459644745288,0.32078611392884804,0.7399598059413287,0.6323702637875334,0.278694694378111,0.7961811507931974,0.7209450519249774,0.38666383945606847
s0301a:s03_s0301a_raw_nemo_buffer_000023-vad_percentile_rms-0000-0013-287492,s03,s0301a,,,,unknown,unknown,unknown,0.4994516851125404,0.3837726629645452,0.1413643005215719,0.867072369591782,0.7263858117189467,0.18670331538447912,0.6928103742619269,0.5084978136385089,0.12867812422763733
s0301a:s03_s0301a_raw_nemo_buffer_000024-vad_percentile_rms-0000-0000-287728,s03,s0301a,,,,unknown,unknown,unknown,0.9725890092709819,0.9760504869539011,0.6714568271343901,0.7844030078067241,0.6510224923578695,0.2220599785980493,0.9692026645767652,0.9739280433144656,0.699166267162313
s0301a:s03_s0301a_raw_nemo_buffer_000024-vad_percentile_rms-0000-0001-289764,s03,s0301a,,,,unknown,unknown,unknown,0.606826166347515,0.4413233740956781,0.06807455923253379,0.8554668461718299,0.7095556857771398,0.18068074943048845,0.7261792500766205,0.5373402885006877,0.07283307012309734
s0301a:s03_s0301a_raw_nemo_buffer_000025-vad_percentile_rms-0000-0000-290012,s03,s0301a,,,,unknown,unknown,unknown,0.9127447209028894,0.8709149163449044,0.1242805981711631,0.826967807042071,0.655759159131794,0.14108484427823922,0.9301089568220554,0.890387165097251,0.15595208440724145
s0301a:s03_s0301a_raw_nemo_buffer_000025-vad_percentile_rms-0000-0001-292288,s03,s0301a,0,0,0,safe,safe,safe,0.8066862983718422,0.810028415412588,0.4727373203176699,0.7747035213541015,0.6933864061173884,0.37215003569125327,0.8584433800620729,0.8650782164827511,0.6104527074940157
s0301a:s03_s0301a_raw_nemo_buffer_000025-vad_percentile_rms-0000-0002-292968,s03,s0301a,,,,unknown,unknown,unknown,0.5323919446532226,0.3576892672459244,0.03852101581197096,0.8804461943186381,0.7516920664202625,0.2082785592066716,0.7372393480465613,0.5319061070990443,0.05849961107603908
s0301a:s03_s0301a_raw_nemo_buffer_000026-vad_percentile_rms-0000-0000-293376,s03,s0301a,,,,unknown,unknown,unknown,0.9498168860725207,0.937457595694946,0.5268164244315954,0.8161481214567664,0.7187649078784879,0.32770783180688234,0.9470113022464626,0.942467926394731,0.6506301071565151
s0301a:s03_s0301a_raw_nemo_buffer_000026-vad_percentile_rms-0000-0001-294536,s03,s0301a,,,,unknown,unknown,unknown,0.6904695266433281,0.5521568238942292,0.10125072994388305,0.8127960819582111,0.6618680839433574,0.1818837248707717,0.789214221683136,0.6412813460163708,0.10846820864879388
s0301a:s03_s0301a_raw_nemo_buffer_000027-vad_percentile_rms-0000-0000-296244,s03,s0301a,,,,unknown,unknown,unknown,0.9981941221420919,0.99345198089572,0.8932188243255724,0.863898702254263,0.7013116927496993,0.14252954827792544,0.9984060651751849,0.994676325142081,0.9269390631782554
s0301a:s03_s0301a_raw_nemo_buffer_000027-vad_percentile_rms-0000-0001-303140,s03,s0301a,,,,unknown,unknown,unknown,0.5449127434910339,0.3743104247099031,0.03106540460264852,0.8582485923201368,0.7192360780759559,0.1955205261836177,0.713138029016223,0.5157855096261496,0.041702352769772376
s0401b:s04_s0401b_raw_nemo_buffer_000000-vad_percentile_rms-0000-0000-2268,s04,s0401b,,,,unknown,unknown,unknown,0.2665399188844955,0.09864731096915819,0.0456435763887033,0.7619060324924684,0.5705022031522402,0.14058669299753113,0.45957711889319375,0.14653747835069722,0.03119012303981587
s0401b:s04_s0401b_raw_nemo_buffer_000001-vad_percentile_rms-0000-0000-3512,s04,s0401b,,,,unknown,unknown,unknown,0.8713531823071952,0.7006876763159156,0.14441613346693172,0.8091852054157279,0.5835358583840071,0.09832586609949139,0.910124888473135,0.7283894550274517,0.0898169284720358
s0401b:s04_s0401b_raw_nemo_buffer_000001-vad_percentile_rms-0000-0001-4188,s04,s0401b,,,,unknown,unknown,unknown,0.2615257901165768,0.1171213329707349,0.053560115385659926,0.751258490754073,0.5763351432829296,0.16439449592888564,0.4192695172173773,0.16780417074041004,0.04407722674256008
s0401b:s04_s0401b_raw_nemo_buffer_000002-vad_percentile_rms-0000-0000-4756,s04,s0401b,,,,unknown,unknown,unknown,0.18041054570741197,0.06421019549423677,0.03638971688621828,0.764626079706667,0.5610163026376156,0.12425715766362147,0.3427305935896677,0.09769475649167862,0.026802428266016764
s0401b:s04_s0401b_raw_nemo_buffer_000002-vad_percentile_rms-0000-0001-5020,s04,s0401b,,,,unknown,unknown,unknown,0.19005182978571875,0.059942864866429225,0.02286736394507242,0.4167898383727624,0.2645834183831328,0.06765303261523913,0.20472292695963357,0.0563787921863788,0.01257281495616439
s0401b:s04_s0401b_raw_nemo_buffer_000002-vad_percentile_rms-0000-0002-6528,s04,s0401b,,,,unknown,unknown,unknown,0.5501928365554384,0.3567227103049338,0.26333825504726,0.8049789162180953,0.643557717719006,0.1939203817745692,0.7618360154231253,0.5132458406417352,0.2582633615890345
s0401b:s04_s0401b_raw_nemo_buffer_000003-vad_percentile_rms-0000-0000-7548,s04,s0401b,,,,unknown,unknown,unknown,0.6725362963917462,0.37523464287522845,0.03508687972369149,0.8380110277569675,0.6209441300684926,0.10363619302140445,0.7648284881117549,0.4065743339507848,0.019110038521622724
s0401b:s04_s0401b_raw_nemo_buffer_000003-vad_percentile_rms-0000-0001-10088,s04,s0401b,,,,unknown,unknown,unknown,0.26021299267185166,0.09761424151029566,0.03514643585380256,0.7628367115563993,0.5493521901679079,0.11201235074189385,0.4528525092797155,0.13562437457706328,0.019169365798256073
s0401b:s04_s0401b_raw_nemo_buffer_000004-vad_percentile_rms-0000-0000-11264,s04,s0401b,,,,unknown,unknown,unknown,0.6617859223504012,0.3877349680022035,0.06712665764265291,0.7534542796784414,0.5231744775400743,0.09324428262184738,0.7219673506690542,0.3969589572647649,0.03666472806086552
s0401b:s04_s0401b_raw_nemo_buffer_000005-vad_percentile_rms-0000-0000-13200,s04,s0401b,1,1,,bad,bad,unknown,0.7128434666593525,0.4158775696089438,0.05073990985114042,0.771881585455722,0.5644786935351079,0.11994252710339474,0.7417348465844705,0.4323808385425761,0.03768040950946139
s0401b:s04_s0401b_raw_nemo_buffer_000005-vad_percentile_rms-0000-0001-14728,s04,s0401b,,,,unknown,unknown,unknown,0.6138274139509071,0.5747435301912408,0.4025092333873419,0.8182301363351484,0.6891209511130254,0.2688099531114672,0.75575753462267,0.7035198970415844,0.44576773529393476
s0401b:s04_s0401b_raw_nemo_buffer_000006-vad_percentile_rms-0000-0000-14908,s04,s0401b,,,,unknown,unknown,unknown,0.8348237712346027,0.6529263646098925,0.13523062402524996,0.6766953302684944,0.5124233250845327,0.16165771335245088,0.8433459393227942,0.6940871932777675,0.15851144747311735
s0401b:s04_s0401b_raw_nemo_buffer_000006-vad_percentile_rms-0000-0001-15580,s04,s0401b,,,,unknown,unknown,unknown,0.5316857458946094,0.28847123575678624,0.05782291783551109,0.6887385678197214,0.47344005895943275,0.0988058537775093,0.6091011970533743,0.296987123074043,0.03130558505169766
s0401b:s04_s0401b_raw_nemo_buffer_000007-vad_percentile_rms-0000-0000-18460,s04,s0401b,,,,unknown,unknown,unknown,0.7618755493748569,0.519734625244859,0.09618303432904936,0.7198331098613968,0.4863145972384882,0.08642107330805238,0.7918680345673728,0.5207295201592145,0.0566089793888763
s0401b:s04_s0401b_raw_nemo_buffer_000008-vad_percentile_rms-0000-0000-19584,s04,s0401b,,,,unknown,unknown,unknown,0.7615870762680184,0.5515501562905909,0.10387023469105135,0.8376049511311892,0.6309596637082032,0.11638851234311465,0.8299000858813733,0.5890856738417501,0.06607681864315593
s0401b:s04_s0401b_raw_nemo_buffer_000008-vad_percentile_rms-0000-0001-20140,s04,s0401b,,,,unknown,unknown,unknown,0.3655683186166948,0.16575100927953432,0.05266288949030293,0.7844022244427156,0.5706258096900152,0.11258276316733545,0.5607083045259623,0.21862752477353975,0.030067580516500523
s0401b:s04_s0401b_raw_nemo_buffer_000009-vad_percentile_rms-0000-0000-22316,s04,s0401b,,,,unknown,unknown,unknown,0.8106752054222167,0.5656239051500972,0.05534152992060965,0.7583552778483498,0.5254618346687632,0.09104949777419363,0.8218541572180491,0.5565561898056476,0.035094722918495275
s0401b:s04_s0401b_raw_nemo_buffer_000009-vad_percentile_rms-0000-0001-23812,s04,s0401b,,,,unknown,unknown,unknown,0.2333917617961828,0.08797369313981056,0.03210999215398542,0.7144898460423648,0.5059422187404674,0.11132580609844062,0.36773192294356993,0.11353832833916733,0.019284057612359257
s0401b:s04_s0401b_raw_nemo_buffer_000010-vad_percentile_rms-0000-0000-27268,s04,s0401b,,,,unknown,unknown,unknown,0.9495372981117257,0.9100270486245507,0.7579674901786663,0.6975778713746464,0.4770187023168161,0.09521014048724649,0.9612389343462733,0.9162571473624759,0.6797924998899832
s0401b:s04_s0401b_raw_nemo_buffer_000010-vad_percentile_rms-0000-0002-28256,s04,s0401b,,,,unknown,unknown,unknown,0.5040537130116693,0.27231184431565814,0.05974194212778842,0.7906246498988468,0.5844466948918422,0.12196697616629809,0.6531311077494745,0.31823120067185207,0.03313796306145648
s0401b:s04_s0401b_raw_nemo_buffer_000011-vad_percentile_rms-0000-0000-28648,s04,s0401b,,,,unknown,unknown,unknown,0.7762622695465864,0.5656349547661966,0.108534057424595,0.7697387170963659,0.5417898731089331,0.096577715422295,0.8240200229478293,0.5813917893752872,0.06445067952736674
s0401b:s04_s0401b_raw_nemo_buffer_000011-vad_percentile_rms-0000-0001-30148,s04,s0401b,0,0,0,safe,safe,safe,0.05535073731657655,0.015288324686019506,0.01142084264814448,0.08747493148577562,0.06686338930559022,0.03506199674665848,0.02905615460523103,0.008857198285288798,0.0055734737614009195
s0401b:s04_s0401b_raw_nemo_buffer_000011-vad_percentile_rms-0000-0003-32360,s04,s0401b,,,,unknown,unknown,unknown,0.3707917231833776,0.17168472167290827,0.04432462931215176,0.7865003085598601,0.5716787142739673,0.1113599634238493,0.5203640540072716,0.1978455100827574,0.021989759719816426
s0401b:s04_s0401b_raw_nemo_buffer_000012-vad_percentile_rms-0000-0000-33052,s04,s0401b,,,,unknown,unknown,unknown,0.5572456931767517,0.3081810647852549,0.06437411437178424,0.7659312760567105,0.5508204451749932,0.11033530500146987,0.6411159105059634,0.3206749550614116,0.03649185807734007
s0401b:s04_s0401b_raw_nemo_buffer_000012-vad_percentile_rms-0000-0001-35116,s04,s0401b,0,0,0,safe,safe,safe,0.32378613103827014,0.12023784066518288,0.026848472406222783,0.7025305688254779,0.48999235840305977,0.10456601078449895,0.41786154321844754,0.13645960654574463,0.016496737633898292
s0401b:s04_s0401b_raw_nemo_buffer_000012-vad_percentile_rms-0000-0002-38064,s04,s0401b,1,1,1,bad,bad,bad,0.8374966626913455,0.7831482055204297,0.6651703437804849,0.4395050391132559,0.5803148921771251,0.7517114278697535,0.6995366332782504,0.8511911322940158,0.9663335235782188
s0401b:s04_s0401b_raw_nemo_buffer_000012-vad_percentile_rms-0000-0003-38892,s04,s0401b,,,,unknown,unknown,unknown,0.2650394399424495,0.135132125794354,0.08807509109073483,0.8730338393781738,0.7615755003623209,0.31388759564843965,0.5577752482754382,0.2888286348752988,0.1218832405694715
s0401b:s04_s0401b_raw_nemo_buffer_000013-vad_percentile_rms-0000-0000-39184,s04,s0401b,,,,unknown,unknown,unknown,0.8506309317805822,0.6970059531449796,0.2603287483410719,0.7320347121932336,0.5462358968915393,0.1441055223730457,0.8925630569910173,0.7457251448687817,0.2268558447086203
s0401b:s04_s0401b_raw_nemo_buffer_000013-vad_percentile_rms-0000-0001-40012,s04,s0401b,,,,unknown,unknown,unknown,0.31120146240517416,0.12988250138545399,0.042005463423758285,0.7892480258132633,0.5943555299393398,0.13725068480614935,0.5298663820093544,0.19319816219839067,0.027956168126245302
s0401b:s04_s0401b_raw_nemo_buffer_000014-vad_percentile_rms-0000-0000-40336,s04,s0401b,,,,unknown,unknown,unknown,0.5864150474576815,0.3119786946927224,0.07575990334841072,0.6758356832465822,0.4465762618101758,0.08266981181273755,0.6524454522219293,0.3113443850821185,0.03729322902063723
s0401b:s04_s0401b_raw_nemo_buffer_000015-vad_percentile_rms-0000-0000-44896,s04,s0401b,1,,,bad,unknown,unknown,0.5606949748195519,0.42390903449897455,0.15829766671391102,0.7879062049239431,0.6452611292754148,0.23267930494918532,0.6558230152328764,0.4954057545211613,0.15313579445601141
s0401b:s04_s0401b_raw_nemo_buffer_000015-vad_percentile_rms-0000-0001-45360,s04,s0401b,0,0,0,safe,safe,safe,0.7710274265935827,0.5969440710431263,0.28732447470226,0.7364190281706877,0.6527917944561936,0.37062173929018655,0.8255040246573465,0.7288877330055341,0.4981018898169626
s0401b:s04_s0401b_raw_nemo_buffer_000015-vad_percentile_rms-0000-0002-45964,s04,s0401b,,,,unknown,unknown,unknown,0.6217064220771935,0.4042539886569986,0.2633734726166833,0.7363325632003729,0.5154067165001445,0.10104861203578544,0.7961381513898469,0.4985274175608472,0.1588761330150223
s0401b:s04_s0401b_raw_nemo_buffer_000016-vad_percentile_rms-0000-0000-47188,s04,s0401b,,,,unknown,unknown,unknown,0.9892229659209157,0.6741226392637166,0.9973940263544663,0.7939871666210284,0.5967448478219528,0.13392481335971904,0.9840715874564706,0.6023119265129032,0.9940416050775496
s0401b:s04_s0401b_raw_nemo_buffer_000016-vad_percentile_rms-0000-0001-50728,s04,s0401b,,,,unknown,unknown,unknown,0.5341547439104726,0.41182797256802206,0.19904822201428896,0.786558502362076,0.6243080896187151,0.19152290970544564,0.6722072782141405,0.509407351518029,0.17869966576261875
s0401b:s04_s0401b_raw_nemo_buffer_000017-vad_percentile_rms-0000-0000-51044,s04,s0401b,,,,unknown,unknown,unknown,0.7832431380692652,0.5899976226846297,0.12940588704077155,0.6493721547567701,0.556387399769047,0.29152740268096794,0.7412562233172129,0.6403339432452462,0.24737754747006896
s0401b:s04_s0401b_raw_nemo_buffer_000017-vad_percentile_rms-0000-0001-56396,s04,s0401b,,,,unknown,unknown,unknown,0.3603047628806136,0.13144599166798862,0.026494004765488802,0.8224576928417155,0.6325229268282686,0.1426381223018366,0.5552781588360948,0.18670333462186395,0.0181178168753407
s0401b:s04_s0401b_raw_nemo_buffer_000018-vad_percentile_rms-0000-0000-56948,s04,s0401b,,,,unknown,unknown,unknown,0.9531991958297241,0.1713342475689721,0.9611298814644751,0.7561212733302325,0.5462078043664299,0.1156755397490298,0.954658498932579,0.15292441249323074,0.882195295394815
s0401b:s04_s0401b_raw_nemo_buffer_000018-vad_percentile_rms-0000-0001-57256,s04,s0401b,,,,unknown,unknown,unknown,0.24437376289734836,0.10969848748779974,0.11752676169729964,0.20868468385576888,0.15226308204243397,0.06549651643350882,0.18393854216489397,0.08646822151484168,0.07747146358385748
s0401b:s04_s0401b_raw_nemo_buffer_000019-vad_percentile_rms-0000-0000-72824,s04,s0401b,,,,unknown,unknown,unknown,0.8757349819329621,0.7120725084534059,0.11204303548111352,0.8187821579480609,0.5994090648660617,0.10422301749430515,0.8929169630465597,0.7220898000941225,0.07670545740771136
s0401b:s04_s0401b_raw_nemo_buffer_000019-vad_percentile_rms-0000-0001-73980,s04,s0401b,,,,unknown,unknown,unknown,0.45466375489230787,0.3595481052887408,0.22844125810002283,0.595452264806322,0.4711156787622773,0.19378364733919176,0.5123560659882758,0.3880204255091471,0.21154341638458812
s0401b:s04_s0401b_raw_nemo_buffer_000019-vad_percentile_rms-0000-0002-74700,s04,s0401b,,,,unknown,unknown,unknown,0.280419225361099,0.09819461213853269,0.016913720311986728,0.7790335812231665,0.5571815302893407,0.10331031726327526,0.4280799843160798,0.12107397410347993,0.008805000466804377
s0401b:s04_s0401b_raw_nemo_buffer_000020-vad_percentile_rms-0000-0000-74856,s04,s0401b,,,,unknown,unknown,unknown,0.7988252253181762,0.5653294149514734,0.08002896401030919,0.6980475929394108,0.4662934056281821,0.08461440497630292,0.8046026103704641,0.5493390936861567,0.04979638146419722
s0401b:s04_s0401b_raw_nemo_buffer_000020-vad_percentile_rms-0000-0001-75760,s04,s0401b,1,,,bad,unknown,unknown,0.5869317563941374,0.3976513530441463,0.21161045294015643,0.6319684612867854,0.5822066415935788,0.39388251539825525,0.5897111036899348,0.49736738445980566,0.39906519636177085
s0401b:s04_s0401b_raw_nemo_buffer_000020-vad_percentile_rms-0000-0002-77384,s04,s0401b,,,,unknown,unknown,unknown,0.582746483012893,0.321546761022629,0.17149415862007006,0.7754321199829856,0.5554088246227848,0.10522922191502607,0.7390032907684998,0.3822729821282734,0.09471085303218622
s0401b:s04_s0401b_raw_nemo_buffer_000021-vad_percentile_rms-0000-0000-78168,s04,s0401b,,,,unknown,unknown,unknown,0.6273466988599326,0.36357314603896873,0.053694718328665084,0.7143837588036058,0.49494522040924843,0.09937572137296087,0.6383911683831611,0.3464722923140634,0.032380598407883175
s0401b:s04_s0401b_raw_nemo_buffer_000021-vad_percentile_rms-0000-0001-79024,s04,s0401b,0,0,0,safe,safe,safe,0.14276259438794553,0.04671182160718537,0.03524197550871175,0.2770731653530138,0.18238617902961107,0.05883210616061812,0.1286277161438397,0.040428921476533715,0.020672138018740856
s0401b:s04_s0401b_raw_nemo_buffer_000021-vad_percentile_rms-0000-0002-81768,s04,s0401b,,,,unknown,unknown,unknown,0.6893401787448388,0.5872082985226929,0.25913730985644534,0.7936851547428044,0.6174889258975728,0.16658559986137794,0.793236802751192,0.6619118344601121,0.21165606598964526
s0401b:s04_s0401b_raw_nemo_buffer_000022-vad_percentile_rms-0000-0000-82008,s04,s0401b,,,,unknown,unknown,unknown,0.9683117388030937,0.9300996846413397,0.5726655022774395,0.7172071209930342,0.5289682320841399,0.13757062082374477,0.9685763233750948,0.9369157221183415,0.5788111177392522
s0401b:s04_s0401b_raw_nemo_buffer_000022-vad_percentile_rms-0000-0001-83032,s04,s0401b,,,,unknown,unknown,unknown,0.5708310287050883,0.31876540235337614,0.12538448948749284,0.7044700128489902,0.4907946331760478,0.10370920705527238,0.7270484135588355,0.3965057499803543,0.08459228668539759
s0401b:s04_s0401b_raw_nemo_buffer_000023-vad_percentile_rms-0000-0000-83348,s04,s0401b,,,,unknown,unknown,unknown,0.9769509741675909,0.27921194846499703,0.9575440689211365,0.7589025811456171,0.547503299117803,0.11415438412340775,0.9709508012317043,0.24107874261445866,0.8978154892224175
s0401b:s04_s0401b_raw_nemo_buffer_000023-vad_percentile_rms-0000-0001-84868,s04,s0401b,,,,unknown,unknown,unknown,0.2664327884627247,0.10605378244697371,0.029005979568294572,0.7930850850892098,0.5962872988060125,0.1345568778922044,0.4336187094774544,0.14631435674802176,0.018831988753540207
s0401b:s04_s0401b_raw_nemo_buffer_000024-vad_percentile_rms-0000-0000-85308,s04,s0401b,,,,unknown,unknown,unknown,0.6573128797409259,0.4095352145423964,0.06492259532376449,0.8071558555909082,0.593051898679587,0.11148989647670648,0.7289087364663547,0.43083343057947443,0.0394382671480624
s0401b:s04_s0401b_raw_nemo_buffer_000024-vad_percentile_rms-0000-0001-87340,s04,s0401b,,,,unknown,unknown,unknown,0.33289230039616086,0.13190382817341395,0.028673671977343766,0.7187186088734302,0.5077392625561034,0.10930717631076967,0.44827807780700724,0.1505786774096628,0.015563934155772282
s0401b:s04_s0401b_raw_nemo_buffer_000025-vad_percentile_rms-0000-0000-88428,s04,s0401b,,,,unknown,unknown,unknown,0.8749608036333466,0.7586777407262404,0.25152190557287823,0.6364591028235606,0.45333589321470863,0.12140053908685045,0.8681954354110141,0.757654155811263,0.22495504361002808
s0401b:s04_s0401b_raw_nemo_buffer_000025-vad_percentile_rms-0000-0001-88936,s04,s0401b,,,,unknown,unknown,unknown,0.49639404052155695,0.24487233333385786,0.08852182969021274,0.8007536409225597,0.5896625265047951,0.11552710178331417,0.6952534571545137,0.3155375302958623,0.04872789782484205
s0401b:s04_s0401b_raw_nemo_buffer_000026-vad_percentile_rms-0000-0000-89268,s04,s0401b,1,,,bad,unknown,unknown,0.9689732853997326,0.22101782349320118,0.9514367997600958,0.7820196164996264,0.5586659478059176,0.10172617392063371,0.9684259264234203,0.19622064187732682,0.8562185879308563
s0401b:s04_s0401b_raw_nemo_buffer_000026-vad_percentile_rms-0000-0001-90068,s04,s0401b,,,,unknown,unknown,unknown,0.2986599872996923,0.12222169215335647,0.04702330653672837,0.6487069385621743,0.46879628823704983,0.12960139445767277,0.3809384383245493,0.14721059635136813,0.03883818187983368
s0401b:s04_s0401b_raw_nemo_buffer_000026-vad_percentile_rms-0000-0002-93268,s04,s0401b,1,1,1,bad,bad,bad,0.4588824445503927,0.2556277833328042,0.1076545739192673,0.7221396138428385,0.5956340327574513,0.2506366210771953,0.5800702564889735,0.3345181626921743,0.12018687279658655
s0401b:s04_s0401b_raw_nemo_buffer_000026-vad_percentile_rms-0000-0003-93964,s04,s0401b,,,,unknown,unknown,unknown,0.12927494473506188,0.07286968479325345,0.11550917835773152,0.8152238322469137,0.6781467567890761,0.24819643405148503,0.36978006937346464,0.17975139804784,0.15380706093935176
s0401b:s04_s0401b_raw_nemo_buffer_000027-vad_percentile_rms-0000-0000-94176,s04,s0401b,,,,unknown,unknown,unknown,0.8924611279321679,0.7619999486772321,0.24727783166036418,0.7370457675787501,0.5484343029908791,0.14100281051178737,0.9075718257912738,0.7914819978304599,0.2365693524127845
s0401b:s04_s0401b_raw_nemo_buffer_000027-vad_percentile_rms-0000-0001-95552,s04,s0401b,,,,unknown,unknown,unknown,0.3902135402177739,0.19946128272398922,0.11151255574907852,0.7098380282474642,0.5905928606698526,0.2620271078482799,0.5293173270560503,0.31174851298235023,0.16620016150799213
s0401b:s04_s0401b_raw_nemo_buffer_000028-vad_percentile_rms-0000-0000-96152,s04,s0401b,,,,unknown,unknown,unknown,0.9440772452291927,0.8918986242836513,0.4793525536007511,0.7030472439752412,0.5339624220720994,0.1624329835060354,0.9435634105288041,0.901125788617936,0.4999341646664094
s0401b:s04_s0401b_raw_nemo_buffer_000028-vad_percentile_rms-0000-0001-96652,s04,s0401b,,,,unknown,unknown,unknown,0.24163350692632635,0.09604326955601934,0.06543047943309876,0.23111806658555709,0.15818728726051184,0.058015532583426684,0.2228769833019136,0.0828388717857467,0.03871135096247092
s0401b:s04_s0401b_raw_nemo_buffer_000028-vad_percentile_rms-0000-0002-97000,s04,s0401b,,,,unknown,unknown,unknown,0.6604893664646154,0.6083042876957586,0.3430463223594162,0.7393120939316012,0.5494367739674558,0.13960574857883584,0.7497692131428421,0.6513933076280696,0.2588324396117218
s0401b:s04_s0401b_raw_nemo_buffer_000029-vad_percentile_rms-0000-0000-97212,s04,s0401b,,,,unknown,unknown,unknown,0.5132276714025711,0.26429744452888454,0.04158597149445691,0.6715257913494489,0.4775520920870418,0.11868158657177687,0.5514965657095429,0.2837817646071546,0.032104618039002435
s0401b:s04_s0401b_raw_nemo_buffer_000029-vad_percentile_rms-0000-0003-103552,s04,s0401b,,,,unknown,unknown,unknown,0.2608198765646195,0.08305974457379116,0.02152707313837863,0.7389104829536632,0.51655529300028,0.09985972180522108,0.3974945192425608,0.10291597183319655,0.011405246432678626
s0401b:s04_s0401b_raw_nemo_buffer_000030-vad_percentile_rms-0000-0000-104384,s04,s0401b,,,,unknown,unknown,unknown,0.8984862738390006,0.8128013260008125,0.3800527368979306,0.6536516194165946,0.4489085284937791,0.10148441662304511,0.9179274331867779,0.8265767080294321,0.30430294041925504
s0401b:s04_s0401b_raw_nemo_buffer_000030-vad_percentile_rms-0000-0001-104940,s04,s0401b,,,,unknown,unknown,unknown,0.1849511668820437,0.061518164692413134,0.015993372078661455,0.700613208010456,0.47826169501646776,0.0939894247887841,0.30478069276566666,0.07528671238635053,0.00792640051995895
s0401b:s04_s0401b_raw_nemo_buffer_000031-vad_percentile_rms-0000-0000-118836,s04,s0401b,,,,unknown,unknown,unknown,0.9943258569700139,0.6850149994726478,0.9947803875103162,0.7433268880192923,0.5075951249091931,0.08714962068434379,0.9939004201307552,0.6527016091745179,0.9849060929614862
s0401b:s04_s0401b_raw_nemo_buffer_000031-vad_percentile_rms-0000-0001-119304,s04,s0401b,,,,unknown,unknown,unknown,0.7767710882744251,0.6207926032043369,0.2820300133706741,0.7471115185618705,0.5420742467413374,0.12064233220916731,0.8610034283376163,0.68384030040375,0.2033216953966205
s0401b:s04_s0401b_raw_nemo_buffer_000032-vad_percentile_rms-0000-0000-120012,s04,s0401b,,,,unknown,unknown,unknown,0.8593600928675463,0.6669573810085626,0.06459559777124395,0.8154759889264619,0.6080623024112655,0.1190057338563171,0.8632373787394942,0.6656386653557969,0.04869456294762374
s0401b:s04_s0401b_raw_nemo_buffer_000032-vad_percentile_rms-0000-0001-120836,s04,s0401b,0,0,0,safe,safe,safe,0.3825877805470929,0.15378151898998818,0.02908994527266449,0.620366617813292,0.415219557944506,0.09166873102155511,0.4204531349724764,0.15334738832197697,0.018086844742513455
s0401b:s04_s0401b_raw_nemo_buffer_000032-vad_percentile_rms-0000-0002-127480,s04,s0401b,0,0,0,safe,safe,safe,0.08360516227474425,0.03259014550667612,0.03506573050124664,0.5366883410686143,0.3971342188199134,0.13869955516549556,0.14786913784926592,0.05157015771012914,0.03546359286088885
s0401b:s04_s0401b_raw_nemo_buffer_000032-vad_percentile_rms-0000-0003-128088,s04,s0401b,0,0,0,safe,safe,safe,0.27439741800932277,0.08843500407114921,0.03386273977009708,0.3056625820036596,0.19645229987129623,0.05831224209150866,0.23896618086720045,0.07536777835510691,0.020723714998501355
s0401b:s04_s0401b_raw_nemo_buffer_000032-vad_percentile_rms-0000-0004-128556,s04,s0401b,,,,unknown,unknown,unknown,0.29196157514279547,0.10200774007702705,0.022746061886365198,0.8042636622307848,0.6020531888040966,0.12675741347510566,0.4884967390237804,0.15075567005622134,0.015251228940659804
s0401b:s04_s0401b_raw_nemo_buffer_000033-vad_percentile_rms-0000-0000-129540,s04,s0401b,,,,unknown,unknown,unknown,0.7008945334957796,0.3994890952763957,0.03222555989779775,0.7491968498164523,0.5212114194670135,0.09516485053187465,0.7256299175013139,0.4002559626027145,0.020739042023099362
s0401b:s04_s0401b_raw_nemo_buffer_000033-vad_percentile_rms-0000-0001-130060,s04,s0401b,,,,unknown,unknown,unknown,0.4778201534162706,0.32790131657722765,0.20929679229848763,0.7747454768276235,0.5550729874315836,0.1055961058799277,0.6964622263600969,0.42034082730328476,0.12011681556263089
s0401b:s04_s0401b_raw_nemo_buffer_000034-vad_percentile_rms-0000-0001-130892,s04,s0401b,,,,unknown,unknown,unknown,0.3733337628747948,0.2566470614932276,0.09732558687298068,0.6379427295825829,0.5629436186372153,0.3293051889901457,0.41908400861633915,0.3280919406102193,0.15162967681089393
s0401b:s04_s0401b_raw_nemo_buffer_000034-vad_percentile_rms-0000-0002-131448,s04,s0401b,,,,unknown,unknown,unknown,0.4417115915064992,0.378226328065686,0.4833764617266683,0.7748530775847955,0.6492387361955622,0.2708477293041736,0.6940646388732674,0.5829500957158572,0.5746506247928636
s0401b:s04_s0401b_raw_nemo_buffer_000035-vad_percentile_rms-0000-0000-137940,s04,s0401b,1,,,bad,unknown,unknown,0.9898884932587054,0.6109034589522124,0.9965790879783277,0.7932904844724412,0.606890859571476,0.14994059200077586,0.9872536249649092,0.5702140948077815,0.9914716216574938
s0401b:s04_s0401b_raw_nemo_buffer_000035-vad_percentile_rms-0000-0002-143016,s04,s0401b,,,,unknown,unknown,unknown,0.31938768243439153,0.1755007803873076,0.18510222121319203,0.7914808821194895,0.6368907938481897,0.20719304318229698,0.5356524870791204,0.3059542938233825,0.21461967360919346
s0401b:s04_s0401b_raw_nemo_buffer_000036-vad_percentile_rms-0000-0000-143200,s04,s0401b,,,,unknown,unknown,unknown,0.7380598395543386,0.59715815321835,0.2553329726093244,0.8014771770095793,0.6005958949442282,0.1286948859445048,0.8226176239056178,0.6358827154063438,0.15627609716336197
s0401b:s04_s0401b_raw_nemo_buffer_000036-vad_percentile_rms-0000-0001-143476,s04,s0401b,,,,unknown,unknown,unknown,0.8023182771349952,0.753498659948581,0.5689673789545217,0.8089667665177522,0.7122528338982939,0.3639981789868509,0.8707040044692465,0.8575191790059972,0.7766814539068538
s0401b:s04_s0401b_raw_nemo_buffer_000036-vad_percentile_rms-0000-0002-144516,s04,s0401b,,,,unknown,unknown,unknown,0.4009432983916924,0.16487773299617067,0.029493735750146393,0.8022601933238492,0.6218177442017642,0.15941767966849324,0.5628652781004099,0.21798329614664347,0.021261209137218524
s0401b:s04_s0401b_raw_nemo_buffer_000037-vad_percentile_rms-0000-0000-144692,s04,s0401b,,,,unknown,unknown,unknown,0.7761132743168758,0.518421554086626,0.05053245922770058,0.7561855480345677,0.5353584347775123,0.10323336965141089,0.7735907662344802,0.5027740682447599,0.034437469403863975
s0401b:s04_s0401b_raw_nemo_buffer_000037-vad_percentile_rms-0000-0001-145532,s04,s0401b,,,,unknown,unknown,unknown,0.026853776823479336,0.007055389143005642,0.012918945324804141,0.04815388623933284,0.05434255978515641,0.06394562031589496,0.012063373450585755,0.004870781415719692,0.01285227895062593
s0401b:s04_s0401b_raw_nemo_buffer_000037-vad_percentile_rms-0000-0002-152300,s04,s0401b,,,,unknown,unknown,unknown,0.22118414140830384,0.12748919694253624,0.1983355193756927,0.8111511768446009,0.646703598322004,0.18784923137568632,0.4664241033857009,0.24192249841107766,0.19631718892389965
s0401b:s04_s0401b_raw_nemo_buffer_000038-vad_percentile_rms-0000-0000-152516,s04,s0401b,,,,unknown,unknown,unknown,0.24266129735340752,0.10101181486144932,0.024237569556370128,0.7205342903739684,0.5843698894920148,0.2288606516362238,0.3421811959861329,0.15533876533896063,0.03342031093606797
s0401b:s04_s0401b_raw_nemo_buffer_000038-vad_percentile_rms-0000-0001-153860,s04,s0401b,1,1,1,bad,bad,bad,0.2278741844668314,0.07599362623177038,0.021201634303122288,0.6210024338295371,0.4261231742426808,0.10259933753935685,0.29817008729982475,0.08892127171020506,0.015074715304507772
s0401b:s04_s0401b_raw_nemo_buffer_000038-vad_percentile_rms-0000-0002-155052,s04,s0401b,,,,unknown,unknown,unknown,0.30594690938631186,0.11780102284702428,0.035311183754029515,0.8366255189386221,0.6405302186758164,0.13095237339421828,0.5231210417466369,0.16984351727397232,0.020741819276488813
s0401b:s04_s0401b_raw_nemo_buffer_000039-vad_percentile_rms-0000-0000-155528,s04,s0401b,,,,unknown,unknown,unknown,0.756643532278148,0.5070098412550875,0.04603129344689727,0.7655390944156363,0.5506336773583017,0.110547459736738,0.7580215987287343,0.49877876511015373,0.03262859379278523
s0401b:s04_s0401b_raw_nemo_buffer_000039-vad_percentile_rms-0000-0001-158400,s04,s0401b,,,,unknown,unknown,unknown,0.5757386487502093,0.3831431178833334,0.1795613121297781,0.6125521174302467,0.47727089048009874,0.18298776784397527,0.6093081445094138,0.4234077769535438,0.17826771375973693
s0401b:s04_s0401b_raw_nemo_buffer_000039-vad_percentile_rms-0000-0002-160892,s04,s0401b,0,0,0,safe,safe,safe,0.18441691011782474,0.058390795674636675,0.019701229509424583,0.5699724066781036,0.38733549599290856,0.09849569756129958,0.23674528540392842,0.06643879612161355,0.013565962204051839
s0401b:s04_s0401b_raw_nemo_buffer_000039-vad_percentile_rms-0000-0003-162536,s04,s0401b,,,,unknown,unknown,unknown,0.22657824398640852,0.08074603881795676,0.03361625593104839,0.7059193685472861,0.48045275651880887,0.09187237689774089,0.37933640756655274,0.10260021971536948,0.01615857692145179
s0401b:s04_s0401b_raw_nemo_buffer_000040-vad_percentile_rms-0000-0000-163508,s04,s0401b,1,1,,bad,bad,unknown,0.724333957581348,0.4438322116186327,0.05289937697132248,0.7237824893650063,0.5208544743244791,0.1196980720638503,0.7332001129227752,0.4479217750324696,0.040649221282868235
s0401b:s04_s0401b_raw_nemo_buffer_000040-vad_percentile_rms-0000-0001-165120,s04,s0401b,0,0,0,safe,safe,safe,0.16982785479234058,0.05465127527913595,0.04084015580495464,0.12594574517122376,0.10078728275551119,0.055958874498885224,0.09632057556893946,0.03733552235918242,0.029442401464107537
s0401b:s04_s0401b_raw_nemo_buffer_000040-vad_percentile_rms-0000-0002-166112,s04,s0401b,1,1,1,bad,bad,bad,0.771510925957759,0.6400169209593991,0.3745664787552245,0.6590277090039657,0.5492003093246796,0.2577755554953703,0.7592656643298085,0.6611920300981874,0.4339141525928038
s0401b:s04_s0401b_raw_nemo_buffer_000040-vad_percentile_rms-0000-0003-169404,s04,s0401b,0,0,0,safe,safe,safe,0.028732195770245914,0.009093783887185227,0.020347922048621056,0.35478005900283593,0.25559824412994014,0.09647906964618132,0.046922384181075166,0.012867527333523207,0.01843536567747733
s0401b:s04_s0401b_raw_nemo_buffer_000041-vad_percentile_rms-0000-0000-171028,s04,s0401b,,,,unknown,unknown,unknown,0.9882440785503374,0.4561682604884613,0.9731222425105835,0.7730967526543422,0.5758002660512167,0.1332666187303915,0.9830733592731947,0.41054860873072174,0.9499293323668309
s0401b:s04_s0401b_raw_nemo_buffer_000041-vad_percentile_rms-0000-0001-171580,s04,s0401b,0,0,0,safe,safe,safe,0.3173984673248987,0.15553398923874096,0.0741185045027965,0.2282810625317395,0.19553276273568582,0.11848096839901102,0.21510767974637168,0.12588585753801235,0.07610229755990522
s0401b:s04_s0401b_raw_nemo_buffer_000041-vad_percentile_rms-0000-0002-174728,s04,s0401b,0,0,0,safe,safe,safe,0.3336069546638942,0.13902245742980773,0.04666793800444593,0.5564493995962586,0.38284098895117263,0.10342349708379682,0.37154535052596754,0.14670115500169462,0.03394000493517697
s0401b:s04_s0401b_raw_nemo_buffer_000041-vad_percentile_rms-0000-0003-175820,s04,s0401b,,,,unknown,unknown,unknown,0.6017653333816962,0.3751937434955391,0.19146507015369948,0.7907112783557105,0.5738129473112444,0.10891469231170282,0.7393262969838929,0.42686303324344094,0.10700174255799824
s0401b:s04_s0401b_raw_nemo_buffer_000042-vad_percentile_rms-0000-0000-176172,s04,s0401b,,,,unknown,unknown,unknown,0.6333928719274515,0.42897971531462376,0.08331834643086114,0.7238361630822531,0.4989846237423514,0.09531441807585754,0.6653952887543373,0.4196001247852403,0.049718799452356625
s0401b:s04_s0401b_raw_nemo_buffer_000042-vad_percentile_rms-0000-0001-179252,s04,s0401b,,,,unknown,unknown,unknown,0.4733180433575577,0.27629997621616686,0.11874579461909304,0.7902252994308552,0.6260863448352375,0.18818373905479033,0.638041168140918,0.3720122916145172,0.1043108284077828
s0401b:s04_s0401b_raw_nemo_buffer_000043-vad_percentile_rms-0000-0000-181232,s04,s0401b,,,,unknown,unknown,unknown,0.895969240794828,0.881015144347736,0.6693695919246136,0.7714688996548283,0.56427987112698,0.12018695056459994,0.930527079852483,0.8953504874011168,0.5455232072315156
s0401b:s04_s0401b_raw_nemo_buffer_000043-vad_percentile_rms-0000-0001-181672,s04,s0401b,,,,unknown,unknown,unknown,0.8058388557518071,0.7074648088544697,0.6545188002983271,0.7263823103685488,0.5110379901134408,0.10568459977128976,0.8967847013922423,0.7651167635536763,0.5048938114142101
s0401b:s04_s0401b_raw_nemo_buffer_000044-vad_percentile_rms-0000-0000-182712,s04,s0401b,,,,unknown,unknown,unknown,0.6819753023885011,0.5103426628197255,0.13713268255735833,0.7524979311501282,0.5553768837836454,0.1315527790039387,0.7175066234214382,0.5053701518008578,0.08271225753734086
s0401b:s04_s0401b_raw_nemo_buffer_000044-vad_percentile_rms-0000-0001-183112,s04,s0401b,,,,unknown,unknown,unknown,0.8832761563563383,0.7842189141346274,0.43863724198515514,0.7053481313175782,0.5566293551127495,0.19840428854720032,0.904399487584081,0.8166623155921546,0.43151430036478805
s0401b:s04_s0401b_raw_nemo_buffer_000045-vad_percentile_rms-0000-0000-183480,s04,s0401b,,,,unknown,unknown,unknown,0.6600515172135386,0.4421853691743227,0.12636717964793598,0.7466905202014636,0.52006583422349,0.09630162404998084,0.7081489208147512,0.44215527587199366,0.06943121452866938
s0401b:s04_s0401b_raw_nemo_buffer_000046-vad_percentile_rms-0000-0000-184224,s04,s0401b,,,,unknown,unknown,unknown,0.8889598095067424,0.8725407534972393,0.5382030950355178,0.6465993674881195,0.5227056945688853,0.22127643155814705,0.8668183900418938,0.8676122448149931,0.5602164139199552
s0401b:s04_s0401b_raw_nemo_buffer_000046-vad_percentile_rms-0000-0001-184972,s04,s0401b,,,,unknown,unknown,unknown,0.39493369406791257,0.23062907081985728,0.11955819934198407,0.7515364249998631,0.7063648323208737,0.5072893507978565,0.5311166535374406,0.42219730987962456,0.3436173771173873
s0401b:s04_s0401b_raw_nemo_buffer_000047-vad_percentile_rms-0000-0000-189616,s04,s0401b,,,,unknown,unknown,unknown,0.614865106489597,0.37585149692162056,0.09810966863839962,0.7679069925540051,0.5409063779604485,0.09746955493575997,0.7137107295266543,0.3892469931265793,0.045487620933324466
s0401b:s04_s0401b_raw_nemo_buffer_000047-vad_percentile_rms-0000-0001-190028,s04,s0401b,,,,unknown,unknown,unknown,0.924056871687446,0.8665749907774237,0.606686112587733,0.864828197862971,0.7405507346361632,0.27574459395620166,0.9673652086025093,0.9306009898925476,0.6829419664326366
s0401b:s04_s0401b_raw_nemo_buffer_000048-vad_percentile_rms-0000-0000-191040,s04,s0401b,,,,unknown,unknown,unknown,0.8816217135447127,0.6945481543129538,0.07004471252699941,0.8224431372386549,0.6119225027927888,0.11422431496891085,0.8930157156728892,0.7084783028670371,0.05443217819041098
s0401b:s04_s0401b_raw_nemo_buffer_000048-vad_percentile_rms-0000-0001-193672,s04,s0401b,,,,unknown,unknown,unknown,0.5051105403522489,0.2720873523318443,0.04902078909381652,0.757707474597379,0.5792675716881527,0.15972481558506102,0.6058698657770071,0.32062808304893203,0.03822701039431424
s0401b:s04_s0401b_raw_nemo_buffer_000049-vad_percentile_rms-0000-0000-193844,s04,s0401b,1,,,bad,unknown,unknown,0.9919562256234526,0.7717729470374529,0.9994271692470649,0.8185226669648648,0.6604413403501832,0.20022545888508012,0.9919270050862832,0.781158193980193,0.9990393492336909
s0401b:s04_s0401b_raw_nemo_buffer_000049-vad_percentile_rms-0000-0001-194576,s04,s0401b,0,0,0,safe,safe,safe,0.046476758850836686,0.021274766057069548,0.06472159066965147,0.0551786802170166,0.05028622887863167,0.0388756259177375,0.025685717412782902,0.013931876009324608,0.038548721993898825
s0401b:s04_s0401b_raw_nemo_buffer_000049-vad_percentile_rms-0000-0002-195900,s04,s0401b,,,,unknown,unknown,unknown,0.28556746823594464,0.11741770177422856,0.03160228003434686,0.7599065772520528,0.5588005413096837,0.12708364395480456,0.4191227410178242,0.14670436991722483,0.01981140337679473
s0401b:s04_s0401b_raw_nemo_buffer_000050-vad_percentile_rms-0000-0000-196440,s04,s0401b,,,,unknown,unknown,unknown,0.6038279641907592,0.3591669427573584,0.0721366507619948,0.7041141541950556,0.49064719636871357,0.10386619391455763,0.658299434908906,0.3658100177945037,0.04361079807690223
s0401b:s04_s0401b_raw_nemo_buffer_000050-vad_percentile_rms-0000-0002-198300,s04,s0401b,,,,unknown,unknown,unknown,0.4921487603802278,0.31708848171396653,0.22874515269092136,0.37901251272667835,0.32601308949132546,0.19029795722258425,0.4339148196896028,0.3153932295983283,0.2659852111292738
s0401b:s04_s0401b_raw_nemo_buffer_000050-vad_percentile_rms-0000-0003-198760,s04,s0401b,,,,unknown,unknown,unknown,0.5639441582652418,0.3095071746333354,0.17351530285769548,0.7372748721701774,0.5158257338048725,0.10061345919302112,0.7085283866720603,0.3600869299662407,0.09598655864479777
s0401b:s04_s0401b_raw_nemo_buffer_000051-vad_percentile_rms-0000-0000-199868,s04,s0401b,,,,unknown,unknown,unknown,0.6630634653937296,0.41747835430360525,0.07739562070271107,0.722914815271651,0.5314034985888236,0.1342856979912677,0.6809011903389317,0.42185156532188767,0.056953675727692395
s0401b:s04_s0401b_raw_nemo_buffer_000051-vad_percentile_rms-0000-0001-201592,s04,s0401b,0,0,0,safe,safe,safe,0.23211170460253802,0.09261237890890388,0.06579558002446696,0.3222728517314287,0.20781012998563614,0.06119041639448043,0.23245543580677142,0.08493711498197616,0.03873712526669129
s0401b:s04_s0401b_raw_nemo_buffer_000051-vad_percentile_rms-0000-0002-202568,s04,s0401b,,,,unknown,unknown,unknown,0.3788511861797472,0.16603737661348605,0.06639023898306451,0.7790788262242113,0.5572039223409005,0.10328626777105995,0.5747610875815092,0.21239210903527958,0.032742329210961395
s0401b:s04_s0401b_raw_nemo_buffer_000052-vad_percentile_rms-0000-0000-202804,s04,s0401b,1,,,bad,unknown,unknown,0.9914541188570738,0.6193835976422524,0.9962632682974514,0.7414828988633442,0.5177085748469167,0.09867831062056522,0.9893573546653586,0.5578806478793782,0.988715407637699
s0401b:s04_s0401b_raw_nemo_buffer_000052-vad_percentile_rms-0000-0001-203752,s04,s0401b,,,,unknown,unknown,unknown,0.4116273877248228,0.19265648923670803,0.09230378967418094,0.7218518575910634,0.5635003373525013,0.18602071524764263,0.5597455376594979,0.27172234417316815,0.0936494309540404
s0401b:s04_s0401b_raw_nemo_buffer_000053-vad_percentile_rms-0000-0000-204352,s04,s0401b,,,,unknown,unknown,unknown,0.9222322942955062,0.8591144650868128,0.4833024564455362,0.5958790915237714,0.5040940594707417,0.26016961035843145,0.9036620289519631,0.871230700174056,0.6069824471007623
s0401b:s04_s0401b_raw_nemo_buffer_000053-vad_percentile_rms-0000-0001-205128,s04,s0401b,0,0,0,safe,safe,safe,0.5955389760465382,0.34030410832012475,0.18971749359971238,0.7738475591274921,0.6078936213808417,0.18327133890614322,0.7515778362075316,0.4525921134379695,0.17403925733574346
s0401b:s04_s0401b_raw_nemo_buffer_000053-vad_percentile_rms-0000-0002-205276,s04,s0401b,0,0,0,safe,safe,safe,0.360581295368906,0.14402661559134441,0.03175606143209974,0.3403767356212938,0.2199174870956011,0.06392850451365623,0.2998371946522436,0.11426573868067678,0.018556289297585248
s0401b:s04_s0401b_raw_nemo_buffer_000053-vad_percentile_rms-0000-0003-205992,s04,s0401b,,,,unknown,unknown,unknown,0.6181138364175862,0.4208423517824313,0.16228693545368258,0.7945038793773656,0.5757599319543389,0.10672252296434048,0.7965264930279666,0.5161172691734388,0.09510530569935124
s0401b:s04_s0401b_raw_nemo_buffer_000054-vad_percentile_rms-0000-0000-206144,s04,s0401b,,,,unknown,unknown,unknown,0.5506118339146021,0.2803447957255081,0.03704868666746302,0.8246197360416817,0.6131498057051625,0.11273604015474985,0.6613767905378967,0.30713777046370005,0.019491092936015073
s0401b:s04_s0401b_raw_nemo_buffer_000054-vad_percentile_rms-0000-0001-209004,s04,s0401b,,,,unknown,unknown,unknown,0.07573374488073424,0.04425409835471146,0.11467948602017611,0.7179014250731479,0.5292629310940281,0.13716964200650805,0.17333558745932143,0.07626330716338649,0.09689673190933522
s0401b:s04_s0401b_raw_nemo_buffer_000055-vad_percentile_rms-0000-0000-209144,s04,s0401b,,,,unknown,unknown,unknown,0.9190703917258014,0.8222482422307069,0.3134865007625452,0.7590413151680895,0.5905140707955785,0.17652909010237375,0.92902943868456,0.8543568583791696,0.36124572161053997
s0401b:s04_s0401b_raw_nemo_buffer_000055-vad_percentile_rms-0000-0001-209804,s04,s0401b,,,,unknown,unknown,unknown,0.3011679661136261,0.2320086103105052,0.04485958272597497,0.7365855681593207,0.5155191279396615,0.10093171039574904,0.40151285306694673,0.24725002288115172,0.022905666229573973
s0401b:s04_s0401b_raw_nemo_buffer_000056-vad_percentile_rms-0000-0000-210152,s04,s0401b,,,,unknown,unknown,unknown,0.8964027681255432,0.8070748042665715,0.2648164882302011,0.7793554746332186,0.5681206190490663,0.1155363479138204,0.9222036397069769,0.8321316912757227,0.20932290140713466
s0401b:s04_s0401b_raw_nemo_buffer_000056-vad_percentile_rms-0000-0001-211912,s04,s0401b,0,0,0,safe,safe,safe,0.39256585473383715,0.18151803229587346,0.13270914430795702,0.16916154594713437,0.12115636298189983,0.05155487093764784,0.276727147156628,0.13192087871963687,0.08339898890304621
s0401b:s04_s0401b_raw_nemo_buffer_000056-vad_percentile_rms-0000-0002-212360,s04,s0401b,,,,unknown,unknown,unknown,0.46240166271915856,0.23262149986635244,0.10355911618807818,0.715794521083399,0.4955428604517168,0.09876525187326823,0.6383195592437628,0.2892222403842044,0.05887787681364276
s0401b:s04_s0401b_raw_nemo_buffer_000057-vad_percentile_rms-0000-0000-212744,s04,s0401b,,,,unknown,unknown,unknown,0.8690624342796568,0.7195614899501604,0.16780532736220533,0.8009254643874192,0.5897525213855539,0.1154184168390878,0.9009930149348222,0.7451933822395261,0.12226530605881698
s0401b:s04_s0401b_raw_nemo_buffer_000057-vad_percentile_rms-0000-0001-213412,s04,s0401b,,,,unknown,unknown,unknown,0.43742175780641995,0.18059970071372858,0.04171289101578306,0.7260119513712501,0.49992644026961314,0.09438912344126824,0.5522486773494936,0.19734561422321764,0.020564886677586866
s0401b:s04_s0401b_raw_nemo_buffer_000058-vad_percentile_rms-0000-0000-214396,s04,s0401b,,,,unknown,unknown,unknown,0.7340772899954292,0.4840645171222454,0.052002343476184536,0.75707562997675,0.5682635377416453,0.14377238071411869,0.7546681851595102,0.5135213344932915,0.048144888261566376
s0401b:s04_s0401b_raw_nemo_buffer_000058-vad_percentile_rms-0000-0001-215352,s04,s0401b,,,,unknown,unknown,unknown,0.5277343372745477,0.3571001199752387,0.25018696519650285,0.4627385008675977,0.3526623233309695,0.14328455724175743,0.5646249363653558,0.3777969141952159,0.21624848298975288
s0401b:s04_s0401b_raw_nemo_buffer_000058-vad_percentile_rms-0000-0002-215624,s04,s0401b,,,,unknown,unknown,unknown,0.9132108909811639,0.8740876811389158,0.650596947421981,0.7878117373854099,0.5936383255021651,0.13826123881389496,0.948099533246833,0.900560401998034,0.547968987431972
s0401b:s04_s0401b_raw_nemo_buffer_000059-vad_percentile_rms-0000-0000-215948,s04,s0401b,,,,unknown,unknown,unknown,0.7845007382606208,0.5808817987424866,0.10466633053179476,0.7328746338671661,0.5248127935405796,0.11499714630539797,0.8042017017592111,0.5795487355710343,0.06956447178616323
s0401b:s04_s0401b_raw_nemo_buffer_000059-vad_percentile_rms-0000-0001-217412,s04,s0401b,0,0,0,safe,safe,safe,0.5120244500877283,0.29049034257722556,0.09076859741144402,0.6694751279901681,0.5314570310844716,0.20445414719750815,0.5492940258029698,0.33809965457615726,0.11094446366260692
s0401b:s04_s0401b_raw_nemo_buffer_000059-vad_percentile_rms-0000-0003-218400,s04,s0401b,1,1,1,bad,bad,bad,0.6596030794516068,0.6088020072979136,0.3216547286312418,0.6424966480335984,0.6480378730039918,0.5716379750622284,0.6925169779845977,0.7039988079490108,0.5688548067025369
s0401b:s04_s0401b_raw_nemo_buffer_000059-vad_percentile_rms-0000-0004-218880,s04,s0401b,0,0,0,safe,safe,safe,0.4029669825075119,0.2112561623587418,0.15652074616756206,0.39436005749281255,0.2500735987849173,0.06544735960484427,0.4321106667475541,0.2065310649430715,0.09316004487956696
s0401b:s04_s0401b_raw_nemo_buffer_000059-vad_percentile_rms-0000-0005-219496,s04,s0401b,,,,unknown,unknown,unknown,0.526011896531293,0.2960183991859985,0.18739346773552687,0.47942679029152574,0.3283492331202205,0.09650210416990396,0.5714360530636251,0.3093659202695891,0.1356823061675033
s0401b:s04_s0401b_raw_nemo_buffer_000060-vad_percentile_rms-0000-0000-220500,s04,s0401b,1,,,bad,unknown,unknown,0.980184868220058,0.6250895833313147,0.9996732138635531,0.7479920137605998,0.5855375359008824,0.18523529015808282,0.9723384173128747,0.5228772004079634,0.9988133635113103
s0401b:s04_s0401b_raw_nemo_buffer_000060-vad_percentile_rms-0000-0001-221088,s04,s0401b,,,,unknown,unknown,unknown,0.5499990287767403,0.3050820823032373,0.10934525507883107,0.8000001198729375,0.5892684757550685,0.1160039513109645,0.7293534033528476,0.38222982861048393,0.06311364466301644
s0401b:s04_s0401b_raw_nemo_buffer_000061-vad_percentile_rms-0000-0000-226892,s04,s0401b,,,,unknown,unknown,unknown,0.7199245272316799,0.4300383277225398,0.04046819293921418,0.7609848394653531,0.5267016699753443,0.0898789483451904,0.7513412862110834,0.4252730118336356,0.023357013037458782
s0401b:s04_s0401b_raw_nemo_buffer_000061-vad_percentile_rms-0000-0001-231056,s04,s0401b,1,1,,bad,bad,unknown,0.17864013358848257,0.12160052407072643,0.10076861702801873,0.3677984675189565,0.24285051498296734,0.07259121038885927,0.15827300633636357,0.09904992412707826,0.055622683873251505
s0401b:s04_s0401b_raw_nemo_buffer_000061-vad_percentile_rms-0000-0002-234416,s04,s0401b,0,0,0,safe,safe,safe,0.12630290183463191,0.038349166537508105,0.018437285706640168,0.2793884211979096,0.18298052600640344,0.05820470900489876,0.11683596102172188,0.03290870318581539,0.010369607040730009
s0401b:s04_s0401b_raw_nemo_buffer_000061-vad_percentile_rms-0000-0003-235788,s04,s0401b,,,,unknown,unknown,unknown,0.37862101174147894,0.15461671978279753,0.03926243256686287,0.8391688633047879,0.6420174934267806,0.12886179494657696,0.6132980560464548,0.22436911680987623,0.02306490481439903
s0401b:s04_s0401b_raw_nemo_buffer_000062-vad_percentile_rms-0000-0000-239860,s04,s0401b,,,,unknown,unknown,unknown,0.6486485713644752,0.39826802329456823,0.06609717442977597,0.7186340754600317,0.48580247583097946,0.08688524750907785,0.6955377200314874,0.3976598667322297,0.036737684503867996
s0401b:s04_s0401b_raw_nemo_buffer_000062-vad_percentile_rms-0000-0001-240460,s04,s0401b,,,,unknown,unknown,unknown,0.4603516562840733,0.22651065986263294,0.08690449849367209,0.7943824739694253,0.5863616913354271,0.11957022153130475,0.6668135704322129,0.3028385396003486,0.052155223216227176
s0401b:s04_s0401b_raw_nemo_buffer_000063-vad_percentile_rms-0000-0000-240612,s04,s0401b,,,,unknown,unknown,unknown,0.789053612923451,0.5953848102588833,0.11318303103535393,0.7325765697341023,0.5027966579425138,0.09161868976001798,0.8222782321084121,0.6056870760395332,0.07373358207787921
s0401b:s04_s0401b_raw_nemo_buffer_000063-vad_percentile_rms-0000-0001-241928,s04,s0401b,,,,unknown,unknown,unknown,0.4759675261286739,0.24283440145340202,0.07609465602323645,0.8250034813102008,0.6339289000959278,0.14053327472725136,0.6960937920983482,0.341585659089445,0.052212925623267015
s0401b:s04_s0401b_raw_nemo_buffer_000064-vad_percentile_rms-0000-0000-242080,s04,s0401b,,,,unknown,unknown,unknown,0.6348696849165829,0.34539187683001676,0.04003881912636756,0.7381457190570762,0.5052667406539038,0.08929311358680517,0.6745913451045963,0.3409578568371698,0.02260603301837856
s0401b:s04_s0401b_raw_nemo_buffer_000064-vad_percentile_rms-0000-0001-244312,s04,s0401b,,,,unknown,unknown,unknown,0.32354452262123584,0.14281215511253456,0.07393222868654141,0.715102194025303,0.5062014517841387,0.111032620213354,0.47835305982562876,0.17722620601300557,0.03996064534621101
s0401b:s04_s0401b_raw_nemo_buffer_000065-vad_percentile_rms-0000-0000-245628,s04,s0401b,,,,unknown,unknown,unknown,0.7312551066531359,0.4305872136923051,0.030036746706111863,0.7298351817591311,0.5015927339232223,0.09277175654051166,0.7324561808458816,0.41954112902293583,0.020528900160635553
s0401b:s04_s0401b_raw_nemo_buffer_000066-vad_percentile_rms-0000-0000-248328,s04,s0401b,,,,unknown,unknown,unknown,0.5694124434980739,0.257689576856992,0.024450222946359648,0.7319052731628682,0.5025011304368452,0.09190053665120722,0.61257710307516,0.2613713090320656,0.014538331202333978
s0401b:s04_s0401b_raw_nemo_buffer_000066-vad_percentile_rms-0000-0001-251080,s04,s0401b,,,,unknown,unknown,unknown,0.34204114418855197,0.17206934201218418,0.14003083299306518,0.7940216522915649,0.6279480000967911,0.1847293526980814,0.5604070608946962,0.2672589099937599,0.11633257129182356
s0401b:s04_s0401b_raw_nemo_buffer_000067-vad_percentile_rms-0000-0000-251860,s04,s0401b,,,,unknown,unknown,unknown,0.9822576104681117,0.3642538255013656,0.9658742316339459,0.7108242749886956,0.5043972776540192,0.11308709925885933,0.9728635579637585,0.31153240995297227,0.9279334756775481
s0401b:s04_s0401b_raw_nemo_buffer_000067-vad_percentile_rms-0000-0001-254056,s04,s0401b,,,,unknown,unknown,unknown,0.3057315670455287,0.11811805018757977,0.027040952122895975,0.8051133193624731,0.5919623860986374,0.11277514002146796,0.4810079663002103,0.15068006785443117,0.014519968091897402
s0401b:s04_s0401b_raw_nemo_buffer_000068-vad_percentile_rms-0000-0000-254332,s04,s0401b,,,,unknown,unknown,unknown,0.7191453068960695,0.4788071680493316,0.08980351402737831,0.6705031611565188,0.4553512505615466,0.09489775437046612,0.7334625200827031,0.4724365705618176,0.06158288711223781
s0401b:s04_s0401b_raw_nemo_buffer_000068-vad_percentile_rms-0000-0001-256896,s04,s0401b,,,,unknown,unknown,unknown,0.6069205148174135,0.43667407195533237,0.24028169460454302,0.5464438158819155,0.45393058370413375,0.22656239204395515,0.6309648846611552,0.48012553853044637,0.27525262722822424
s0401b:s04_s0401b_raw_nemo_buffer_000068-vad_percentile_rms-0000-0002-257356,s04,s0401b,,,,unknown,unknown,unknown,0.32808146863877186,0.1451266693594226,0.045481228578605454,0.8274324453319901,0.6553343341549516,0.17182770920481252,0.5415222662856136,0.2214891594404769,0.03531229554482628
s0401b:s04_s0401b_raw_nemo_buffer_000069-vad_percentile_rms-0000-0000-258080,s04,s0401b,,,,unknown,unknown,unknown,0.7249129351605228,0.47152188088405717,0.13493570129038412,0.6880789247787328,0.47317537251632524,0.09907665618275419,0.7472079821666623,0.46187774444644786,0.08233913102376694
s0401b:s04_s0401b_raw_nemo_buffer_000069-vad_percentile_rms-0000-0001-260880,s04,s0401b,,,,unknown,unknown,unknown,0.6304598806092335,0.36325512348438055,0.08918840136043633,0.7081278373922,0.5142169348396073,0.1279460655674816,0.7149280613260356,0.4084023589389515,0.06370784500812557
s0401b:s04_s0401b_raw_nemo_buffer_000070-vad_percentile_rms-0000-0000-261204,s04,s0401b,,,,unknown,unknown,unknown,0.9763257558389834,0.27641482842528564,0.9537962133705563,0.7107466800554642,0.5153125862062873,0.12655244621017459,0.9675529839404762,0.24134726704654094,0.9065586245680141
s0401b:s04_s0401b_raw_nemo_buffer_000070-vad_percentile_rms-0000-0001-263756,s04,s0401b,,,,unknown,unknown,unknown,0.1739925863721317,0.07364454762973793,0.06548754156002384,0.1998444654995041,0.16738004727335595,0.09779067980701017,0.11644225535759571,0.05860086023677974,0.056324463812413024
s0401b:s04_s0401b_raw_nemo_buffer_000070-vad_percentile_rms-0000-0002-266480,s04,s0401b,0,0,0,safe,safe,safe,0.043150720761151985,0.013963166136473044,0.023846360729297345,0.4998109480936307,0.3543729020624555,0.11280105578440343,0.09049909468452935,0.022905333561040693,0.020308843069274118
s0401b:s04_s0401b_raw_nemo_buffer_000070-vad_percentile_rms-0000-0003-268612,s04,s0401b,,,,unknown,unknown,unknown,0.5975094182014462,0.40842925394285856,0.11537369569768607,0.821933407762476,0.6622300805377082,0.1965917395607997,0.7330764491385108,0.5018439242605102,0.10327084223514933
s0401b:s04_s0401b_raw_nemo_buffer_000071-vad_percentile_rms-0000-0000-269304,s04,s0401b,,,,unknown,unknown,unknown,0.8254169896965925,0.7087058539812526,0.29913419365917354,0.8309401113738638,0.6572631540531375,0.16837451688092733,0.8615392279779411,0.7456934663260588,0.2849756587537345
s0401b:s04_s0401b_raw_nemo_buffer_000071-vad_percentile_rms-0000-0001-271788,s04,s0401b,,,,unknown,unknown,unknown,0.6148716079064458,0.36979393020450113,0.10486785907085944,0.6791807942545401,0.6509385703520396,0.4998318444645103,0.6192152146151418,0.518796734399769,0.34353424777437563
s0401b:s04_s0401b_raw_nemo_buffer_000071-vad_percentile_rms-0000-0002-275340,s04,s0401b,0,0,0,safe,safe,safe,0.020503636340358063,0.007321165688208895,0.018299477709372323,0.42171270356501045,0.3108286195689718,0.11855744475781466,0.042002058707826966,0.011902012118717373,0.0171433961388604
s0401b:s04_s0401b_raw_nemo_buffer_000071-vad_percentile_rms-0000-0004-276964,s04,s0401b,1,1,,bad,bad,unknown,0.5261264748203426,0.30578999248462524,0.10758431332482349,0.6661290740033711,0.5627222641786561,0.27657529018040844,0.580959638696249,0.3837535495567567,0.16027925130266643
s0401b:s04_s0401b_raw_nemo_buffer_000071-vad_percentile_rms-0000-0005-277388,s04,s0401b,0,0,0,safe,safe,safe,0.36868174762776473,0.14349242521682637,0.02466257880791458,0.7049694895490559,0.5129030452229153,0.12963428852964215,0.45497111147899616,0.17395919591235237,0.02072993677744362
s0401b:s04_s0401b_raw_nemo_buffer_000071-vad_percentile_rms-0000-0006-278420,s04,s0401b,,,,unknown,unknown,unknown,0.5135621637838408,0.29945086649978986,0.09937663549161513,0.6727006711095811,0.5327131988347285,0.20211640901807187,0.5469405536320575,0.33901069134947454,0.10936198382174617
s0401b:s04_s0401b_raw_nemo_buffer_000071-vad_percentile_rms-0000-0007-278888,s04,s0401b,,,,unknown,unknown,unknown,0.7135583247368431,0.5129702975620593,0.3270871178411385,0.6865887710421322,0.5381919350657969,0.19214518069970304,0.7567254511629697,0.5712148298402993,0.33344788187366314
s0401b:s04_s0401b_raw_nemo_buffer_000071-vad_percentile_rms-0000-0008-280644,s04,s0401b,0,0,0,safe,safe,safe,0.07535313339745407,0.038966786320151325,0.14344950325665173,0.21782338482937463,0.15470680732792016,0.06227907510234042,0.0891821765895389,0.04064022752827993,0.08926400703063089
s0401b:s04_s0401b_raw_nemo_buffer_000071-vad_percentile_rms-0000-0009-281720,s04,s0401b,,,,unknown,unknown,unknown,0.42045613086368017,0.2007604513070216,0.04548455710280642,0.7430431915042833,0.5726646503909397,0.17038075297463579,0.5338134387573581,0.2601956135114444,0.04418724729315871
s0401b:s04_s0401b_raw_nemo_buffer_000071-vad_percentile_rms-0000-0010-282348,s04,s0401b,,,,unknown,unknown,unknown,0.8127720119675358,0.6144879400716284,0.12310923531805035,0.7941688740630579,0.5755869822045782,0.10691577453070839,0.8770030016459073,0.6529421134883905,0.07114379885004501
s0401b:s04_s0401b_raw_nemo_buffer_000072-vad_percentile_rms-0000-0000-283180,s04,s0401b,1,,,bad,unknown,unknown,0.6154068064384828,0.36233741828614463,0.03986737950763439,0.7095243330990356,0.5038521643803958,0.11371430433318347,0.6531205513670408,0.37551522414981753,0.029478391386006393
s0401b:s04_s0401b_raw_nemo_buffer_000072-vad_percentile_rms-0000-0001-284888,s04,s0401b,,,,unknown,unknown,unknown,0.5526302912957999,0.37818005739377436,0.3555304637284955,0.8722313923978184,0.7611225730350537,0.3154254566421867,0.8254087872483148,0.6267341360230225,0.4512240965130033
s0401b:s04_s0401b_raw_nemo_buffer_000073-vad_percentile_rms-0000-0000-285204,s04,s0401b,,,,unknown,unknown,unknown,0.9887162956602993,0.45010684541782986,0.9686083377891676,0.7352905905084763,0.5584901789795529,0.15833948942743736,0.9827304042230827,0.42362582142004224,0.954292402241582
s0401b:s04_s0401b_raw_nemo_buffer_000073-vad_percentile_rms-0000-0001-289632,s04,s0401b,0,0,0,safe,safe,safe,0.025409532375451408,0.008406119308841763,0.011164161410689903,0.44894788220179865,0.30964171996382034,0.09595044213033678,0.0444280141473441,0.011324584479074399,0.00776926686979375
s0401b:s04_s0401b_raw_nemo_buffer_000073-vad_percentile_rms-0000-0002-290156,s04,s0401b,,,,unknown,unknown,unknown,0.6573388689616652,0.48011526595226484,0.17945860266645838,0.5774000546800981,0.5412320214155012,0.38695985427745494,0.616657728583994,0.5448552508043282,0.34895409651781284
s0401b:s04_s0401b_raw_nemo_buffer_000073-vad_percentile_rms-0000-0003-290856,s04,s0401b,,,,unknown,unknown,unknown,0.39782426350596806,0.1575783392548442,0.03515414574572479,0.8151345610622905,0.6078757160680165,0.11924074075332125,0.5859150668505253,0.2070084804764161,0.020542706838699222
s0401b:s04_s0401b_raw_nemo_buffer_000074-vad_percentile_rms-0000-0000-291052,s04,s0401b,,,,unknown,unknown,unknown,0.7175972847503872,0.4286510854138804,0.05881736916252817,0.7248017914542959,0.49940203693719204,0.09490332974364526,0.7363530761435002,0.42309272057798936,0.035942334528946226
s0401b:s04_s0401b_raw_nemo_buffer_000074-vad_percentile_rms-0000-0001-292700,s04,s0401b,0,0,0,safe,safe,safe,0.7218450710289589,0.6217758264586318,0.18936186558227086,0.7432873739583439,0.6750851282492358,0.4231266512910922,0.7545803852303004,0.7292634023753899,0.3727149332713761
s0401b:s04_s0401b_raw_nemo_buffer_000074-vad_percentile_rms-0000-0003-293896,s04,s0401b,,,,unknown,unknown,unknown,0.3411318187103282,0.17077526747123367,0.07822733783578822,0.8441294300389658,0.6647654312032656,0.15538458717765938,0.5893658648398145,0.2612589845887046,0.05464531366072448
s0401b:s04_s0401b_raw_nemo_buffer_000075-vad_percentile_rms-0000-0000-294132,s04,s0401b,,,,unknown,unknown,unknown,0.9893055527926822,0.4844480846873869,0.9805072329765129,0.8021845118173367,0.5904135684953215,0.11462258471033855,0.9885194433205022,0.4595866812673368,0.9504838989023882
s0401b:s04_s0401b_raw_nemo_buffer_000075-vad_percentile_rms-0000-0001-295488,s04,s0401b,,,,unknown,unknown,unknown,0.5757479078031716,0.31954758094240854,0.11490285322343474,0.723608944476985,0.49888653523945153,0.09541125136529292,0.7308094681228434,0.3805196967821003,0.0638771089405683
s0401b:s04_s0401b_raw_nemo_buffer_000076-vad_percentile_rms-0000-0000-295644,s04,s0401b,1,,,bad,unknown,unknown,0.636138386226615,0.37350061782220334,0.06262818269171863,0.7893852896061936,0.5731378281346794,0.10968339676469656,0.721308589104304,0.39914197036535737,0.03527090653954819
s0401b:s04_s0401b_raw_nemo_buffer_000076-vad_percentile_rms-0000-0001-296680,s04,s0401b,,,,unknown,unknown,unknown,0.30441492536715575,0.14525187520244573,0.06263235791960603,0.8171188915283277,0.6193446290776582,0.131783947180754,0.5184552635254087,0.2073563428309196,0.03783490064143509
s0401b:s04_s0401b_raw_nemo_buffer_000077-vad_percentile_rms-0000-0000-298200,s04,s0401b,,,,unknown,unknown,unknown,0.8417896061106759,0.707093973576166,0.15209298732462864,0.7576758699385494,0.5469307463661037,0.11482460073578644,0.8262576187503281,0.6844489723165476,0.1112476841810636
s0401b:s04_s0401b_raw_nemo_buffer_000077-vad_percentile_rms-0000-0001-299108,s04,s0401b,,,,unknown,unknown,unknown,0.42484940376732233,0.2437894668330967,0.10455741393488106,0.7431814980921865,0.5184740980623448,0.0979008989039816,0.6071730462921183,0.2973377727658955,0.05414468397344762
s0401b:s04_s0401b_raw_nemo_buffer_000078-vad_percentile_rms-0000-0000-299672,s04,s0401b,,,,unknown,unknown,unknown,0.8902713933227174,0.8551858848919487,0.5578360087252637,0.4949834109240137,0.5235886129209111,0.49885511044545516,0.8222541184766382,0.8743650744891982,0.8180612108528631
s0401b:s04_s0401b_raw_nemo_buffer_000078-vad_percentile_rms-0000-0001-300816,s04,s0401b,,,,unknown,unknown,unknown,0.24192057114779492,0.10312978633847708,0.06363867213884973,0.20636715592343946,0.15735839811323316,0.07469745210988961,0.14977988055465005,0.0687832548807168,0.0382775674777386
s0401b:s04_s0401b_raw_nemo_buffer_000078-vad_percentile_rms-0000-0002-302640,s04,s0401b,0,0,0,safe,safe,safe,0.12387675496910548,0.03846111658837081,0.027996950915573568,0.5640742170925841,0.3853689036047198,0.10062298308360088,0.18966983423758832,0.04909460781227476,0.019342075757576377
s0401b:s04_s0401b_raw_nemo_buffer_000078-vad_percentile_rms-0000-0003-305888,s04,s0401b,,,,unknown,unknown,unknown,0.03737278225164268,0.0160469497595817,0.0863191884016711,0.8271452485320105,0.6746949298847823,0.21150210136821293,0.17835452504365337,0.04977897193288946,0.09578986468540125
s0401b:s04_s0401b_raw_nemo_buffer_000079-vad_percentile_rms-0000-0000-307040,s04,s0401b,,,,unknown,unknown,unknown,0.8407608310630275,0.6198120137134722,0.07560136185900312,0.6941333362793995,0.47561700834637294,0.09660405721902662,0.8054259518205935,0.582689334698927,0.057524385591880035
s0401b:s04_s0401b_raw_nemo_buffer_000079-vad_percentile_rms-0000-0001-308392,s04,s0401b,,,,unknown,unknown,unknown,0.6052966425531076,0.4160986912457544,0.17670624171183846,0.6790294772723575,0.5351953698283414,0.19755365650213597,0.6406632844817362,0.46132400823683695,0.17440511545712298
s0401b:s04_s0401b_raw_nemo_buffer_000080-vad_percentile_rms-0000-0000-309016,s04,s0401b,,,,unknown,unknown,unknown,0.6372070672962623,0.7054515330732066,0.05501153744842865,0.4049920605300435,0.40565535835598676,0.3398858518168818,0.5748566555472592,0.6544249292010164,0.08422739806351323
s0401b:s04_s0401b_raw_nemo_buffer_000080-vad_percentile_rms-0000-0001-311072,s04,s0401b,,,,unknown,unknown,unknown,0.31748201260738085,0.1357670803541281,0.04631188537313324,0.7997399404943083,0.58913264814606,0.11616868292928062,0.5052250907301586,0.18099821919467707,0.024843703930628906
s0401b:s04_s0401b_raw_nemo_buffer_000081-vad_percentile_rms-0000-0000-311488,s04,s0401b,,,,unknown,unknown,unknown,0.8777613455375467,0.7089227246206681,0.13413943323821204,0.7238669816636523,0.4989979317328447,0.09530128716570924,0.8840535821940875,0.7090804141316056,0.09734182906507005
s0401b:s04_s0401b_raw_nemo_buffer_000081-vad_percentile_rms-0000-0002-313740,s04,s0401b,,,,unknown,unknown,unknown,0.2175065290891504,0.07688621662298686,0.01949777167920987,0.6943629464037322,0.4647967961386345,0.08595679928986907,0.32165368159891444,0.08654134339583941,0.008963100876908632
s0401b:s04_s0401b_raw_nemo_buffer_000082-vad_percentile_rms-0000-0000-314372,s04,s0401b,,,,unknown,unknown,unknown,0.6637108024729728,0.371223547874425,0.04681699018266973,0.7130887724940331,0.48345144261179684,0.08904560067050633,0.6823595076602572,0.35410335239607266,0.026719481209798546
s0401b:s04_s0401b_raw_nemo_buffer_000082-vad_percentile_rms-0000-0001-315872,s04,s0401b,,,,unknown,unknown,unknown,0.3950699247201445,0.22893751567441858,0.17886708176769558,0.7201317833625087,0.5735226900308852,0.20747608244066534,0.5562817264772693,0.3361480949453218,0.19335798353945252
s0401b:s04_s0401b_raw_nemo_buffer_000083-vad_percentile_rms-0000-0000-316820,s04,s0401b,,,,unknown,unknown,unknown,0.9733244463341213,0.2685287542960138,0.9636945951542568,0.7426220249329518,0.5400488289509859,0.12313987070299139,0.9667050048272531,0.23453444022406927,0.9185708703391955
s0401b:s04_s0401b_raw_nemo_buffer_000083-vad_percentile_rms-0000-0001-320844,s04,s0401b,0,0,0,safe,safe,safe,0.3586522533095197,0.15388223361829198,0.0534717463304403,0.5927993664513528,0.4161700425442998,0.11386407322542008,0.3959296667294686,0.16031033806709305,0.0367660657908978
s0401b:s04_s0401b_raw_nemo_buffer_000083-vad_percentile_rms-0000-0002-323276,s04,s0401b,,,,unknown,unknown,unknown,0.31909122057911676,0.17496590451107397,0.12328384881680642,0.808130579225932,0.6145273127371762,0.1386007524519203,0.5421635371335631,0.24884254597293762,0.07404418279304997
s0401b:s04_s0401b_raw_nemo_buffer_000084-vad_percentile_rms-0000-0000-324436,s04,s0401b,,,,unknown,unknown,unknown,0.9863677930592667,0.481868031036192,0.9937406405206127,0.8490101414930826,0.6961453811159736,0.20622649230307546,0.988172997554611,0.5098569588966083,0.9881305383096617
s0401b:s04_s0401b_raw_nemo_buffer_000084-vad_percentile_rms-0000-0002-325836,s04,s0401b,,,,unknown,unknown,unknown,0.13594078241421753,0.059104400891307966,0.04035837128938787,0.8574050944241745,0.7364111946702929,0.2881577434105429,0.34374085343486527,0.13032631184291502,0.04999214058613848
s0401b:s04_s0401b_raw_nemo_buffer_000085-vad_percentile_rms-0000-0000-326172,s04,s0401b,,,,unknown,unknown,unknown,0.5980164806973443,0.29194138507657486,0.030901836336548593,0.6771110287703485,0.4797433407670371,0.11607909463205507,0.6066225868919574,0.30102378125573775,0.025098380085593192
s0401b:s04_s0401b_raw_nemo_buffer_000085-vad_percentile_rms-0000-0001-328828,s04,s0401b,,,,unknown,unknown,unknown,0.3887048818010833,0.22939778659499455,0.10856149177396587,0.7277351195404939,0.5552124061944615,0.163469656487068,0.49670095567615286,0.2804950030143236,0.08666124087280044
s0401b:s04_s0401b_raw_nemo_buffer_000086-vad_percentile_rms-0000-0000-329104,s04,s0401b,1,1,,bad,bad,unknown,0.9898248444943262,0.9839499076241419,0.8892597386921905,0.6262849303199622,0.43878234148942985,0.11269764035539259,0.990791100605764,0.9859856326003192,0.8886723766853055
s0401b:s04_s0401b_raw_nemo_buffer_000086-vad_percentile_rms-0000-0001-329512,s04,s0401b,,,,unknown,unknown,unknown,0.4451005677541615,0.21498467562708254,0.06199260798925174,0.7614788684003768,0.5487118456047841,0.11275039232145977,0.6448004110241276,0.286327401642537,0.038911802292952
s0401b:s04_s0401b_raw_nemo_buffer_000087-vad_percentile_rms-0000-0000-329888,s04,s0401b,,,,unknown,unknown,unknown,0.7710870359085455,0.5065866740045839,0.07155413616594994,0.7403461520180892,0.5171980495198895,0.09919976803849444,0.7958371373567249,0.512296732632164,0.0464354639947895
s0401b:s04_s0401b_raw_nemo_buffer_000087-vad_percentile_rms-0000-0001-331144,s04,s0401b,,,,unknown,unknown,unknown,0.23531595783728734,0.08650891904190416,0.018163844448157104,0.8059231771216419,0.6029276928389197,0.12560563320129195,0.4167497856080154,0.12382076370197635,0.010993344289153247
s0401b:s04_s0401b_raw_nemo_buffer_000088-vad_percentile_rms-0000-0000-335520,s04,s0401b,,,,unknown,unknown,unknown,0.871782550275009,0.6917544037011903,0.12397273428210874,0.7115077243177494,0.4827862615709225,0.08966569182170468,0.8620976866731707,0.6789324565279208,0.09086769388821324
s0401b:s04_s0401b_raw_nemo_buffer_000088-vad_percentile_rms-0000-0001-337868,s04,s0401b,,,,unknown,unknown,unknown,0.28695474169881785,0.11027258536955957,0.03594457966348065,0.7894949794250796,0.573193567848445,0.10961976247842786,0.4605608852749264,0.14108096509079884,0.017537017844103598
s0401b:s04_s0401b_raw_nemo_buffer_000089-vad_percentile_rms-0000-0000-338780,s04,s0401b,,,,unknown,unknown,unknown,0.6853454678933492,0.39575093707508,0.043436055440716936,0.7882893063596567,0.5618277146648497,0.098420020073906,0.7568676043369332,0.41996579416093094,0.0253472030138602
s0401b:s04_s0401b_raw_nemo_buffer_000089-vad_percentile_rms-0000-0001-340684,s04,s0401b,,,,unknown,unknown,unknown,0.20212680494306706,0.07258405178823983,0.033097443051110405,0.7872260132679156,0.5827342274334167,0.12414240948663606,0.383892666879846,0.10371567302144202,0.018404676826869883
s0401b:s04_s0401b_raw_nemo_buffer_000090-vad_percentile_rms-0000-0000-341396,s04,s0401b,,,,unknown,unknown,unknown,0.9940030916931125,0.6851764848626326,0.993865693695057,0.7622875372465693,0.5813790744541748,0.15642400572541393,0.9917579777490272,0.6542292662400648,0.9891961055135008
s0401b:s04_s0401b_raw_nemo_buffer_000090-vad_percentile_rms-0000-0001-342060,s04,s0401b,,,,unknown,unknown,unknown,0.4034444343537712,0.24222488201489795,0.029485507131650334,0.7764222135174044,0.5558942768351247,0.1047007826138108,0.5280761447091599,0.2614544918329425,0.014918079226314702
s0401b:s04_s0401b_raw_nemo_buffer_000091-vad_percentile_rms-0000-0000-342320,s04,s0401b,,,,unknown,unknown,unknown,0.7284851242219863,0.4541890469049939,0.10443649305721144,0.740602889562566,0.5173132290836947,0.09908191154709087,0.7721753765626638,0.4601329726390059,0.06058245360225974
s0401b:s04_s0401b_raw_nemo_buffer_000091-vad_percentile_rms-0000-0001-345460,s04,s0401b,,,,unknown,unknown,unknown,0.4326374930008409,0.2635397403904901,0.1458649570900215,0.8040546631971047,0.6822326822628366,0.2871569101774288,0.6443746138671763,0.449673788137335,0.24456633579227244
s0401b:s04_s0401b_raw_nemo_buffer_000092-vad_percentile_rms-0000-0000-345752,s04,s0401b,,,,unknown,unknown,unknown,0.74903806359623,0.48856796553436965,0.0813945650893602,0.6704251573567108,0.4771226457877136,0.11919762810527275,0.7702160504825586,0.5168280773913468,0.07059548306878084
s0401b:s04_s0401b_raw_nemo_buffer_000092-vad_percentile_rms-0000-0001-347468,s04,s0401b,,,,unknown,unknown,unknown,0.3711866637223703,0.1438601324390925,0.03993514650133444,0.8183382158551339,0.6200103069943275,0.13086215027076253,0.5732860406252662,0.19600785111325236,0.023300298823142
s0401b:s04_s0401b_raw_nemo_buffer_000093-vad_percentile_rms-0000-0000-348096,s04,s0401b,,,,unknown,unknown,unknown,0.7357657548379959,0.477317792322934,0.07102470429457235,0.7803253025076794,0.5793115791324221,0.12858239728447704,0.7775327445908969,0.5062225989024294,0.054211459518720424
s0401b:s04_s0401b_raw_nemo_buffer_000093-vad_percentile_rms-0000-0001-348836,s04,s0401b,0,0,0,safe,safe,safe,0.04812306773797238,0.013768081516446082,0.014915545686503301,0.4539704039285828,0.33998489191896164,0.13229561958665306,0.07905509813729952,0.02053097577801548,0.016027968788435088
s0401b:s04_s0401b_raw_nemo_buffer_000093-vad_percentile_rms-0000-0002-351980,s04,s0401b,,,,unknown,unknown,unknown,0.4207750330851278,0.1909969427617473,0.06247007786502079,0.7363140065089167,0.5372393913296272,0.126674878049903,0.5936430030904023,0.2519264836136161,0.042516826679057394
s0401b:s04_s0401b_raw_nemo_buffer_000094-vad_percentile_rms-0000-0000-352136,s04,s0401b,,,,unknown,unknown,unknown,0.8403432299089263,0.6696400787580624,0.2315568136788039,0.6931417579197476,0.47521521595127614,0.09700703853198597,0.8687167354474737,0.6799116455509273,0.15526596591120165
s0401b:s04_s0401b_raw_nemo_buffer_000094-vad_percentile_rms-0000-0002-353676,s04,s0401b,,,,unknown,unknown,unknown,0.2953578915369949,0.13034488010660047,0.04926663273808437,0.7942821986673876,0.5863102900811558,0.11963406087655722,0.4952579692586444,0.17783062636905622,0.028218153191608693
s0401b:s04_s0401b_raw_nemo_buffer_000095-vad_percentile_rms-0000-0000-364452,s04,s0401b,,,,unknown,unknown,unknown,0.7054788795580517,0.535387997005256,0.22528948843051508,0.6803311957550848,0.4810160576181908,0.11459080721391826,0.7268847013791176,0.5159091563809118,0.13325982045969517
s0401b:s04_s0401b_raw_nemo_buffer_000095-vad_percentile_rms-0000-0001-366348,s04,s0401b,,,,unknown,unknown,unknown,0.5178848346050985,0.31236089223038543,0.2002109487805357,0.6875141825015493,0.54942857787001,0.21199228058602573,0.612589242576535,0.37477285112192094,0.19741808945838282
s0401b:s04_s0401b_raw_nemo_buffer_000095-vad_percentile_rms-0000-0002-366956,s04,s0401b,,,,unknown,unknown,unknown,0.5859736226813804,0.4834231318963205,0.2717223609215938,0.8039373103153575,0.6329150509617344,0.17571995219887002,0.739391657994119,0.5863371728305289,0.2232973115121016
s0401b:s04_s0401b_raw_nemo_buffer_000096-vad_percentile_rms-0000-0000-367576,s04,s0401b,1,,,bad,unknown,unknown,0.9285029599494502,0.9115085823633778,0.8160120479579733,0.8291190751477316,0.6852695445060953,0.2310896515272304,0.9621147083802416,0.9475827068460455,0.8481001515528755
s0401b:s04_s0401b_raw_nemo_buffer_000096-vad_percentile_rms-0000-0001-368200,s04,s0401b,,,,unknown,unknown,unknown,0.4365970633274284,0.20782683716276748,0.08709698378923746,0.7918663929712352,0.5850769489212853,0.12117399258709316,0.6572972982112256,0.28628480220066344,0.051064863019946706
s0401b:s04_s0401b_raw_nemo_buffer_000097-vad_percentile_rms-0000-0000-369400,s04,s0401b,,,,unknown,unknown,unknown,0.7918369038455945,0.5747924395791008,0.1437470736757065,0.7399039873124148,0.5060535439452372,0.08856354950398004,0.8515039842724349,0.6006376715404449,0.08097047144819648
s0401b:s04_s0401b_raw_nemo_buffer_000097-vad_percentile_rms-0000-0001-372072,s04,s0401b,0,0,0,safe,safe,safe,0.19164719931389032,0.07450445776395394,0.038937924921324,0.6892697659163061,0.5501280099425373,0.2106449912647958,0.30579245260365107,0.11377378020229845,0.04102575202969843
s0401b:s04_s0401b_raw_nemo_buffer_000097-vad_percentile_rms-0000-0003-373032,s04,s0401b,,,,unknown,unknown,unknown,0.5781726422923862,0.3424804807408169,0.08163122844045893,0.7686799868425538,0.56294227239892,0.12184186994165559,0.7108611901886545,0.3965879361974273,0.048338866003327104
s0401b:s04_s0401b_raw_nemo_buffer_000098-vad_percentile_rms-0000-0000-373444,s04,s0401b,,,,unknown,unknown,unknown,0.47178174066528233,0.22543777153530944,0.04721980820628491,0.7212570932714112,0.49787417416517665,0.09641581504646353,0.5861210168390781,0.24760383180234938,0.02470932236079093
s0401b:s04_s0401b_raw_nemo_buffer_000098-vad_percentile_rms-0000-0002-376108,s04,s0401b,0,0,0,safe,safe,safe,0.021393587582251166,0.005022282528070177,0.006722936466187094,0.4358040881181527,0.31510007367938675,0.11274589455180199,0.04141733028825254,0.007766305650620469,0.005850659748844025
s0401b:s04_s0401b_raw_nemo_buffer_000098-vad_percentile_rms-0000-0003-377756,s04,s0401b,,,,unknown,unknown,unknown,0.20042192028761607,0.08784918568706004,0.06230336806202759,0.10819714864817556,0.08142555103501943,0.040490331548874575,0.10077006147832317,0.05061658937295291,0.03290329906582174
s0401b:s04_s0401b_raw_nemo_buffer_000098-vad_percentile_rms-0000-0004-379432,s04,s0401b,,,,unknown,unknown,unknown,0.8219136960795527,0.7907134950592157,0.7355120647512183,0.7399371960134374,0.5926079512225704,0.21213948614140674,0.8892919994479543,0.8597186960806816,0.762893150386827
s0401b:s04_s0401b_raw_nemo_buffer_000099-vad_percentile_rms-0000-0000-382216,s04,s0401b,,,,unknown,unknown,unknown,0.9269369922171828,0.8767606912852214,0.5103575012427812,0.6521133188581071,0.44832881524752893,0.10209741628533395,0.9088023085824013,0.8523720961827906,0.4063376969579559
s0401b:s04_s0401b_raw_nemo_buffer_000099-vad_percentile_rms-0000-0001-385676,s04,s0401b,,,,unknown,unknown,unknown,0.45133870567861206,0.26242949928428905,0.08123969891241,0.6692800822649958,0.6671279556988015,0.5741252987464006,0.5187181781805946,0.4388526954402111,0.31202907928089374
s0401b:s04_s0401b_raw_nemo_buffer_000099-vad_percentile_rms-0000-0002-387124,s04,s0401b,0,0,0,safe,safe,safe,0.0076614777817831554,0.002043844174144743,0.007631395487604918,0.15959142549099545,0.1186176111046257,0.05502653547426172,0.010139670233055493,0.0022602059304968405,0.004779964542432107
s0401b:s04_s0401b_raw_nemo_buffer_000099-vad_percentile_rms-0000-0003-387792,s04,s0401b,,,,unknown,unknown,unknown,0.5948583709568197,0.4294932161376324,0.36756927882850243,0.786652262860547,0.702357522782436,0.3962053002430671,0.7333902620119275,0.5801001885037442,0.49504676860338914
s0401b:s04_s0401b_raw_nemo_buffer_000099-vad_percentile_rms-0000-0004-388132,s04,s0401b,,,,unknown,unknown,unknown,0.5813906428083785,0.48306859923666196,0.07248807310918924,0.6206753324459006,0.5887954053113102,0.43636373701750797,0.6287381226472101,0.5384199135948369,0.1376314246258787
s0401b:s04_s0401b_raw_nemo_buffer_000099-vad_percentile_rms-0000-0005-389416,s04,s0401b,,,,unknown,unknown,unknown,0.2810595788874481,0.09857946642396291,0.037568923197026344,0.7223257574207573,0.4983335274739967,0.09595883238737014,0.45971456421020046,0.12967639997915054,0.019484886829713034
s0401b:s04_s0401b_raw_nemo_buffer_000100-vad_percentile_rms-0000-0000-390104,s04,s0401b,,,,unknown,unknown,unknown,0.5949784467937979,0.3290921481363673,0.04442345624915936,0.7887176772593567,0.5620460334861161,0.09819511294094678,0.6980326202740353,0.35494180264926933,0.02327947329103082
s0401b:s04_s0401b_raw_nemo_buffer_000100-vad_percentile_rms-0000-0001-390976,s04,s0401b,1,1,,bad,bad,unknown,0.2070858008194204,0.07439443361886407,0.03977207552932489,0.4555633044132312,0.2931374088129338,0.07417353544429817,0.22763001755654144,0.06908581521979867,0.020391185569757456
s0401b:s04_s0401b_raw_nemo_buffer_000100-vad_percentile_rms-0000-0002-391608,s04,s0401b,0,0,0,safe,safe,safe,0.4663194869321114,0.23163887349327567,0.09963595424597661,0.7193805596772953,0.5189661763171981,0.12199740786554085,0.595000292618157,0.2757034962801236,0.06561727567949775
s0401b:s04_s0401b_raw_nemo_buffer_000100-vad_percentile_rms-0000-0003-392232,s04,s0401b,,,,unknown,unknown,unknown,0.7404031733466545,0.6765199983686427,0.5300785937342538,0.7440880596945832,0.5407078028471064,0.12232263498368992,0.8305902308919618,0.720607267192099,0.39154523620484005
s0401b:s04_s0401b_raw_nemo_buffer_000101-vad_percentile_rms-0000-0000-392640,s04,s0401b,,,,unknown,unknown,unknown,0.7860004910990301,0.6193347885628059,0.253309343559687,0.7812783914475059,0.558296209090983,0.10211882938468678,0.8658050397052028,0.6577424663039662,0.1438476121307814
s0401b:s04_s0401b_raw_nemo_buffer_000101-vad_percentile_rms-0000-0001-393716,s04,s0401b,,,,unknown,unknown,unknown,0.37424108461954253,0.1859695049139382,0.09591150729506896,0.7000242281002419,0.5108617367778081,0.13229429780127402,0.5362347568780823,0.24058373040942369,0.06441405668986493
s0401b:s04_s0401b_raw_nemo_buffer_000102-vad_percentile_rms-0000-0000-394108,s04,s0401b,,,,unknown,unknown,unknown,0.6783916085465492,0.40801212931491776,0.054528754749074745,0.7297812328140653,0.512519073202517,0.10409250248810145,0.7114495629747624,0.4137723886841321,0.037179029050723865
s0401b:s04_s0401b_raw_nemo_buffer_000102-vad_percentile_rms-0000-0001-395996,s04,s0401b,,,,unknown,unknown,unknown,0.33788830139386594,0.2050530172216696,0.10270270230742691,0.4380633437883656,0.39586374114502826,0.2587126133123826,0.32473998397206183,0.24329305843327503,0.16287221653933137
s0401b:s04_s0401b_raw_nemo_buffer_000102-vad_percentile_rms-0000-0002-397024,s04,s0401b,0,0,0,safe,safe,safe,0.02145387301661401,0.006035778131245688,0.030875448079014524,0.2744601044128558,0.21657645298239211,0.10693973577894272,0.04043678681981007,0.010385706025670212,0.03393586231993257
s0401b:s04_s0401b_raw_nemo_buffer_000102-vad_percentile_rms-0000-0003-398176,s04,s0401b,,,,unknown,unknown,unknown,0.2747442564830365,0.0951423669259757,0.023316088435572868,0.7810556018296334,0.579670451875201,0.1281110535759717,0.4504338495158278,0.13254175967455403,0.01484191004595451
s0401b:s04_s0401b_raw_nemo_buffer_000103-vad_percentile_rms-0000-0000-398432,s04,s0401b,,,,unknown,unknown,unknown,0.7859764404226821,0.5304999412589229,0.06092623733747951,0.7161764214565368,0.4957049540266821,0.09860025755400349,0.7832200453479524,0.5204028663285202,0.04301529454759679
s0401b:s04_s0401b_raw_nemo_buffer_000103-vad_percentile_rms-0000-0001-401748,s04,s0401b,1,1,1,bad,bad,bad,0.2850550962519803,0.11717392792583711,0.03949191244738489,0.6337464050718653,0.46320850805632025,0.13702203192576637,0.34710076356974895,0.1359980998668096,0.032213927442921085
s0401b:s04_s0401b_raw_nemo_buffer_000103-vad_percentile_rms-0000-0002-403496,s04,s0401b,,,,unknown,unknown,unknown,0.36262245870583326,0.14363329803866456,0.052761030321710464,0.7705561226535768,0.6955717295444684,0.4184748068262885,0.533429384505582,0.28770759585078787,0.14339902932254853
s0401b:s04_s0401b_raw_nemo_buffer_000104-vad_percentile_rms-0000-0000-405448,s04,s0401b,,,,unknown,unknown,unknown,0.9023633310831403,0.7551119876275113,0.10995359422457557,0.8053625355082277,0.5920949037409662,0.1126181848993355,0.909036612095946,0.7610339107145875,0.08384653335124885
s0401b:s04_s0401b_raw_nemo_buffer_000104-vad_percentile_rms-0000-0003-407756,s04,s0401b,,,,unknown,unknown,unknown,0.27083001964445064,0.09425476492017379,0.02348429042297273,0.7920889470298801,0.5745174254436866,0.10811727405226233,0.45552807551350616,0.1281737146817651,0.012699456349322532
s0401b:s04_s0401b_raw_nemo_buffer_000105-vad_percentile_rms-0000-0000-407956,s04,s0401b,,,,unknown,unknown,unknown,0.9833212039830393,0.4530172516240787,0.9888900433543456,0.7546751813089092,0.556376305054416,0.1302352895327979,0.9768457141513426,0.3912330739844609,0.9742319526565625
s0401b:s04_s0401b_raw_nemo_buffer_000105-vad_percentile_rms-0000-0001-408976,s04,s0401b,1,1,,bad,bad,unknown,0.6308107880011719,0.476756631446382,0.17810978628798155,0.6425176191668781,0.6071185168261133,0.44491192669564616,0.648770776037032,0.5790136359725151,0.3498697324894881
s0401b:s04_s0401b_raw_nemo_buffer_000105-vad_percentile_rms-0000-0002-410444,s04,s0401b,,,,unknown,unknown,unknown,0.6416632658840719,0.41205509230755083,0.0625642456020994,0.8248769775695264,0.6236328102500927,0.12593080687222338,0.7553417562977388,0.4521094701297102,0.033126802544770705
s0401b:s04_s0401b_raw_nemo_buffer_000106-vad_percentile_rms-0000-0000-411196,s04,s0401b,,,,unknown,unknown,unknown,0.7375331482955595,0.4756975443631247,0.05861955324568318,0.79144645972548,0.584863531322721,0.121442054017051,0.7943456203814289,0.5098981629033258,0.04161012526347096
s0401b:s04_s0401b_raw_nemo_buffer_000106-vad_percentile_rms-0000-0001-411756,s04,s0401b,,,,unknown,unknown,unknown,0.2331173088817614,0.09714603209796005,0.024144155686530847,0.8280225613009853,0.625408452465555,0.12356559438237699,0.43417359932350696,0.1388882115699935,0.013334550379417423
s0401b:s04_s0401b_raw_nemo_buffer_000107-vad_percentile_rms-0000-0000-414768,s04,s0401b,,,,unknown,unknown,unknown,0.8732773572386477,0.7857318989695368,0.3300176373281688,0.630400202284622,0.44028118820666096,0.11096875990506555,0.8173608233419524,0.7295210087496281,0.25013364885007244
s0401b:s04_s0401b_raw_nemo_buffer_000107-vad_percentile_rms-0000-0001-417068,s04,s0401b,,,,unknown,unknown,unknown,0.5856868669110442,0.485110203232079,0.3605408061699225,0.8019418501256536,0.631902818510712,0.17753152882878634,0.7266916674054088,0.5746156265603269,0.3019539815694761
s0401b:s04_s0401b_raw_nemo_buffer_000108-vad_percentile_rms-0000-0000-417220,s04,s0401b,,,,unknown,unknown,unknown,0.7780172048692892,0.5238902293213737,0.059113306156022956,0.7656247063735562,0.5722449885813246,0.13814494046877185,0.8100699201032122,0.5622584446015099,0.052665230632058434
s0401b:s04_s0401b_raw_nemo_buffer_000108-vad_percentile_rms-0000-0001-417860,s04,s0401b,,,,unknown,unknown,unknown,0.35184316748685807,0.1412341226868531,0.04305491286856251,0.7701032335435045,0.5528199636039163,0.1080852546883001,0.5434398640574957,0.18488784103779493,0.023519409669852328
s0401b:s04_s0401b_raw_nemo_buffer_000109-vad_percentile_rms-0000-0000-420228,s04,s0401b,,,,unknown,unknown,unknown,0.6315233448104198,0.3500050659010026,0.035252129315449986,0.7414378218219787,0.5067427125297554,0.08792892071679399,0.662388793331059,0.3394587451808643,0.019393408568409345
s0401b:s04_s0401b_raw_nemo_buffer_000109-vad_percentile_rms-0000-0001-420688,s04,s0401b,,,,unknown,unknown,unknown,0.6269412877556954,0.5709977162591954,0.4169477492856899,0.5084998562282941,0.43015974940168844,0.2306213708865653,0.6517881989305317,0.5791190337316909,0.41752120927779846
s0401b:s04_s0401b_raw_nemo_buffer_000109-vad_percentile_rms-0000-0002-421960,s04,s0401b,,,,unknown,unknown,unknown,0.6147102501534719,0.43415097712989476,0.21886518669382513,0.7971348564945233,0.5877791442749445,0.11782042880873683,0.7917274046927483,0.5552797272490664,0.1665346541868602
s0401b:s04_s0401b_raw_nemo_buffer_000110-vad_percentile_rms-0000-0000-422644,s04,s0401b,,,,unknown,unknown,unknown,0.9878292275630258,0.4640989281617165,0.9759786391917431,0.811398734823404,0.5953405222965562,0.10882834813813982,0.9870491917458074,0.4303763533328261,0.9341728199933447
s0401b:s04_s0401b_raw_nemo_buffer_000110-vad_percentile_rms-0000-0001-423272,s04,s0401b,,,,unknown,unknown,unknown,0.4561847437657853,0.23312750997685183,0.10768951900101424,0.7656153887482846,0.5398075332883172,0.09858865630378669,0.6405189100362979,0.28310048581754876,0.053622304127105336
s0401b:s04_s0401b_raw_nemo_buffer_000111-vad_percentile_rms-0000-0000-423496,s04,s0401b,,,,unknown,unknown,unknown,0.8074891269561788,0.6285230705447288,0.1840672497237613,0.636973263487162,0.46440444876413445,0.13540334627513761,0.7810694024381641,0.6149090141443541,0.1653793411833998
s0401b:s04_s0401b_raw_nemo_buffer_000111-vad_percentile_rms-0000-0001-424636,s04,s0401b,,,,unknown,unknown,unknown,0.37677272738042483,0.16242522903417136,0.055162550871269866,0.7957534485388411,0.5764067203404867,0.10600235174532999,0.580694723813432,0.21398348180339785,0.029547158333296197
s0401b:s04_s0401b_raw_nemo_buffer_000112-vad_percentile_rms-0000-0000-426420,s04,s0401b,,,,unknown,unknown,unknown,0.7869977644381784,0.6433227504681639,0.131367315133101,0.4116911043704537,0.3869852864078229,0.2796818432825318,0.6683539462788816,0.6256937078273461,0.24001054285510307
s0401b:s04_s0401b_raw_nemo_buffer_000112-vad_percentile_rms-0000-0001-428944,s04,s0401b,0,0,0,safe,safe,safe,0.014248039051280546,0.003821718815956997,0.014519604828570436,0.1397520889738637,0.10460290181220372,0.050019740123828954,0.01644067416981565,0.003868270255605573,0.008723562562372262
s0401b:s04_s0401b_raw_nemo_buffer_000112-vad_percentile_rms-0000-0002-429560,s04,s0401b,0,0,0,safe,safe,safe,0.15830658820730326,0.048661297252719275,0.0338443433915214,0.13571504639913343,0.09565580128317247,0.040492852573472904,0.10667743956692455,0.033777248845886086,0.01791517631245256
s0401b:s04_s0401b_raw_nemo_buffer_000112-vad_percentile_rms-0000-0003-433652,s04,s0401b,1,,,bad,unknown,unknown,0.060749703030901166,0.014784013570562903,0.010188822608141778,0.09461441827424238,0.07160521911043377,0.03651702737910022,0.03459583111225871,0.009278114824380537,0.00521283040960945
s0401b:s04_s0401b_raw_nemo_buffer_000112-vad_percentile_rms-0000-0004-434168,s04,s0401b,,,,unknown,unknown,unknown,0.5003767904243657,0.22944061622528344,0.07959888928303585,0.779500058266018,0.5789069795294582,0.12911543801060574,0.68219340395064,0.3106273416687001,0.05610935814629371
s0401b:s04_s0401b_raw_nemo_buffer_000113-vad_percentile_rms-0000-0001-436844,s04,s0401b,,,,unknown,unknown,unknown,0.1674643949750464,0.10242712165349023,0.2795856589000112,0.8391424738368699,0.7179966697986975,0.2908061234330042,0.4384732977994434,0.24776340245376974,0.3812738674260298
s0401b:s04_s0401b_raw_nemo_buffer_000114-vad_percentile_rms-0000-0000-437076,s04,s0401b,,,,unknown,unknown,unknown,0.9774818885500621,0.30134282407362695,0.9592141989580488,0.7478418910843277,0.5854708163452848,0.1853540193485887,0.972247185431134,0.3049094614677753,0.9427477593012826
s0401b:s04_s0401b_raw_nemo_buffer_000114-vad_percentile_rms-0000-0001-438224,s04,s0401b,0,0,0,safe,safe,safe,0.3954176029585023,0.23045059171270152,0.13576796252177575,0.6002099745747886,0.42945506817195406,0.12402511315663908,0.4930863865442493,0.27133883659933206,0.10673039438796161
s0401b:s04_s0401b_raw_nemo_buffer_000114-vad_percentile_rms-0000-0002-438288,s04,s0401b,,,,unknown,unknown,unknown,0.7785846711623761,0.7019219618878938,0.27038617129108505,0.5627000219494537,0.5142394378861307,0.3417036968280456,0.7563517208059662,0.7437044051428651,0.42812061755829733
s0401b:s04_s0401b_raw_nemo_buffer_000114-vad_percentile_rms-0000-0003-438940,s04,s0401b,,,,unknown,unknown,unknown,0.8250650516861782,0.6381960715758872,0.2658144733670329,0.7452666347402634,0.5736511179444143,0.1687564057379576,0.8633262002605604,0.6815869319541537,0.23630722500689533
s0401b:s04_s0401b_raw_nemo_buffer_000115-vad_percentile_rms-0000-0000-440336,s04,s0401b,,,,unknown,unknown,unknown,0.8290034372066561,0.6626896726055181,0.16310540274220614,0.5978618408967115,0.42862822543180773,0.12507801455860199,0.7547245844548223,0.6089266089030274,0.1432119072155956
s0401b:s04_s0401b_raw_nemo_buffer_000115-vad_percentile_rms-0000-0001-444232,s04,s0401b,,,,unknown,unknown,unknown,0.43406097044504033,0.21083453727882248,0.030708601837895068,0.7104230909186949,0.5042288930204685,0.1132805202794967,0.5121774845944188,0.22412677336739367,0.017940052273909053
s0401b:s04_s0401b_raw_nemo_buffer_000116-vad_percentile_rms-0000-0000-444828,s04,s0401b,,,,unknown,unknown,unknown,0.6791164541436756,0.47956080048646954,0.15702603575123206,0.8171697481168219,0.6296452469309716,0.1470173498965554,0.7799593449458823,0.5533873645469782,0.13400088147709047
s0401b:s04_s0401b_raw_nemo_buffer_000116-vad_percentile_rms-0000-0001-446608,s04,s0401b,0,0,0,safe,safe,safe,0.26942815491822514,0.11383150474015784,0.08435490436276201,0.06629304162766114,0.05587326722397903,0.03650002466877393,0.11434321252403354,0.06111011960506004,0.052189295115186815
s0401b:s04_s0401b_raw_nemo_buffer_000116-vad_percentile_rms-0000-0002-447948,s04,s0401b,0,0,0,safe,safe,safe,0.3149819116234477,0.17461759851514605,0.03398978098695606,0.6877741830575754,0.54953203978948,0.2117926134277924,0.39334555908637386,0.24427408546262927,0.05134943097913673
s0401b:s04_s0401b_raw_nemo_buffer_000116-vad_percentile_rms-0000-0003-449416,s04,s0401b,0,0,0,safe,safe,safe,0.1716954153242437,0.0673639261159782,0.0931779844688594,0.5817111875568011,0.4337197413585152,0.1478166754587588,0.3082751092329939,0.11279156119449828,0.09620874063667904
s0401b:s04_s0401b_raw_nemo_buffer_000116-vad_percentile_rms-0000-0004-451992,s04,s0401b,0,0,0,safe,safe,safe,0.1862972871113189,0.08291834485982437,0.09960945011528177,0.06649092847026786,0.06868794057414626,0.06665212069083588,0.07971295562812727,0.047067475030388835,0.0758141827733715
s0401b:s04_s0401b_raw_nemo_buffer_000116-vad_percentile_rms-0000-0005-452676,s04,s0401b,1,1,1,bad,bad,bad,0.6330519577980694,0.5121333770253009,0.30190171905723856,0.6023154013329807,0.6344492880979415,0.6124293068087739,0.5897136467682847,0.663009056030186,0.7574805579931602
s0401b:s04_s0401b_raw_nemo_buffer_000116-vad_percentile_rms-0000-0006-455064,s04,s0401b,0,0,0,safe,safe,safe,0.3549213732888754,0.18925196047277285,0.042325938707447684,0.7113361409496228,0.5698676985747696,0.21458551522612845,0.4382252061648818,0.24670172513924163,0.051887643608454374
s0401b:s04_s0401b_raw_nemo_buffer_000116-vad_percentile_rms-0000-0007-455640,s04,s0401b,0,0,0,safe,safe,safe,0.7522270746717598,0.5832983943987277,0.30917720499854134,0.5247303916313119,0.5877293429980993,0.6259619564542611,0.6993728400352442,0.7245809872286009,0.76813595774924
s0401b:s04_s0401b_raw_nemo_buffer_000116-vad_percentile_rms-0000-0008-456100,s04,s0401b,,,,unknown,unknown,unknown,0.33699770660543227,0.21599420518648488,0.1731391720693719,0.744937630575307,0.5519480612919282,0.13615442885489226,0.5423675330878452,0.30109901670091,0.11985487522550341
s0401b:s04_s0401b_raw_nemo_buffer_000117-vad_percentile_rms-0000-0000-456700,s04,s0401b,,,,unknown,unknown,unknown,0.847340594338088,0.7302963672574233,0.15977489622350607,0.7331541187900832,0.5467248628100664,0.14341077447771788,0.8378822104178145,0.7145329107090512,0.13028007920197276
s0401b:s04_s0401b_raw_nemo_buffer_000117-vad_percentile_rms-0000-0001-459772,s04,s0401b,0,0,0,safe,safe,safe,0.16072690098503667,0.05069834850474177,0.020409685501686446,0.665228286422401,0.48604070412641964,0.1359332603220178,0.25055698831726797,0.06942977951278292,0.016592089625654647
s0401b:s04_s0401b_raw_nemo_buffer_000117-vad_percentile_rms-0000-0002-460508,s04,s0401b,,,,unknown,unknown,unknown,0.21256879479314386,0.06724256746064698,0.014570749684580057,0.7384664637104764,0.5272882186825618,0.11213783404031905,0.34493980095522814,0.08910715839984505,0.008983216012683757
s0401b:s04_s0401b_raw_nemo_buffer_000118-vad_percentile_rms-0000-0000-460664,s04,s0401b,,,,unknown,unknown,unknown,0.1500099742168974,0.04543772187387103,0.03330839317156124,0.7821932623840772,0.5695245769660608,0.11387341067696731,0.37995668325444687,0.08781586009271458,0.024305903872745623
s0401b:s04_s0401b_raw_nemo_buffer_000118-vad_percentile_rms-0000-0001-460892,s04,s0401b,,,,unknown,unknown,unknown,0.16879127836329094,0.08575950861917306,0.038315720319660726,0.045326425425416365,0.043208812409077396,0.03703824959239618,0.05306815997392148,0.04004193352804497,0.023920329294820963
s0401b:s04_s0401b_raw_nemo_buffer_000118-vad_percentile_rms-0000-0002-464132,s04,s0401b,,,,unknown,unknown,unknown,0.042798836888588696,0.01432105487879087,0.018100818289131394,0.6103651903295356,0.487415883279187,0.2042861293956827,0.08925661589795388,0.02658745334420196,0.023698034026382552
s0401b:s04_s0401b_raw_nemo_buffer_000118-vad_percentile_rms-0000-0004-464740,s04,s0401b,0,0,0,safe,safe,safe,0.2418364994601093,0.07916110791814614,0.017990273501027183,0.2881132360397543,0.1919095261660745,0.06304401577858787,0.18133522219191636,0.06075604974127521,0.011378759614230457
s0401b:s04_s0401b_raw_nemo_buffer_000118-vad_percentile_rms-0000-0005-467400,s04,s0401b,0,0,0,safe,safe,safe,0.23581351084002705,0.08498973956698584,0.04526268065854737,0.19755309909553204,0.1384372689510587,0.05494429995427193,0.1552514369788656,0.05817638266374933,0.02586387736274708
s0401b:s04_s0401b_raw_nemo_buffer_000118-vad_percentile_rms-0000-0006-469020,s04,s0401b,,,,unknown,unknown,unknown,0.3603099977653965,0.21878116286059685,0.16759145262050282,0.8089473539477292,0.6750392258611877,0.2558548260030955,0.5989803816659836,0.3913089695912588,0.23613563537425752
s0401b:s04_s0401b_raw_nemo_buffer_000119-vad_percentile_rms-0000-0000-469848,s04,s0401b,,,,unknown,unknown,unknown,0.8916386685983244,0.7831987759602012,0.32222006593079344,0.8373409648893436,0.6409469666666273,0.13036407206123407,0.9315295537885766,0.8221919694092148,0.24339311934559038
s0401b:s04_s0401b_raw_nemo_buffer_000119-vad_percentile_rms-0000-0001-470492,s04,s0401b,,,,unknown,unknown,unknown,0.41745962091097183,0.20399275873502185,0.06978569768420226,0.7097681097257018,0.4930022524571198,0.10138376245827777,0.5822033606320727,0.25081400981550034,0.03949456674165702
s0401b:s04_s0401b_raw_nemo_buffer_000120-vad_percentile_rms-0000-0000-472924,s04,s0401b,,,,unknown,unknown,unknown,0.882634090447779,0.7901687443164133,0.1936874692654631,0.6345749354453323,0.5291325109357436,0.2536520014209477,0.8224981985224874,0.7911965005974488,0.30347139628526315
s0401b:s04_s0401b_raw_nemo_buffer_000120-vad_percentile_rms-0000-0001-475136,s04,s0401b,,,,unknown,unknown,unknown,0.39195110911702447,0.16640717173373867,0.03206381159085178,0.7880124280985855,0.6042610639954177,0.15399969146685868,0.5490991556325607,0.2159855293729448,0.022176943137145553
s0401b:s04_s0401b_raw_nemo_buffer_000121-vad_percentile_rms-0000-0000-475376,s04,s0401b,,,,unknown,unknown,unknown,0.7777560440741178,0.5816102511099236,0.12421728478800344,0.78618598928433,0.5822137922298216,0.12480960097934064,0.8120639792738967,0.5874205194473427,0.07781505948627082
s0401b:s04_s0401b_raw_nemo_buffer_000121-vad_percentile_rms-0000-0001-476288,s04,s0401b,,,,unknown,unknown,unknown,0.6374706560326178,0.4064439050871085,0.15390359031866732,0.7967368154635401,0.5875733650667968,0.11807318214501433,0.8045675140577881,0.5100819229943069,0.10311353483069871
s0401b:s04_s0401b_raw_nemo_buffer_000122-vad_percentile_rms-0000-0000-476692,s04,s0401b,,,,unknown,unknown,unknown,0.9964828001504138,0.7936259586671232,0.9976203577877031,0.7863852196343926,0.5716207800927555,0.11142696208131661,0.9964924574724627,0.7840898393882509,0.9938477037980704
s0401b:s04_s0401b_raw_nemo_buffer_000122-vad_percentile_rms-0000-0001-477248,s04,s0401b,,,,unknown,unknown,unknown,0.8029948146789632,0.7691984131559211,0.7604828341358085,0.6827070299850324,0.5148051194999254,0.15799519465029085,0.8861442683666922,0.8369370733096475,0.7412549783111265
s0401b:s04_s0401b_raw_nemo_buffer_000123-vad_percentile_rms-0000-0000-478432,s04,s0401b,1,1,,bad,bad,unknown,0.9119449042513774,0.8568872006931395,0.3157050563684232,0.6650845156434502,0.47504953153063484,0.12171672709459862,0.8933574564171469,0.8248767626277341,0.22970070454907993
s0401b:s04_s0401b_raw_nemo_buffer_000123-vad_percentile_rms-0000-0001-479072,s04,s0401b,,,,unknown,unknown,unknown,0.7204514463380083,0.5338052467966541,0.28807855298424595,0.703519100063119,0.4794587129961054,0.0928273835794546,0.8244673110132531,0.5867915507331742,0.176743782780333
s0401b:s04_s0401b_raw_nemo_buffer_000124-vad_percentile_rms-0000-0000-479248,s04,s0401b,,,,unknown,unknown,unknown,0.9288093615941497,0.8374458694579364,0.2627935577916838,0.6984900668712773,0.4664738615142364,0.08445387214962005,0.9275036177300042,0.8268335059547237,0.18521122550849814
s0401b:s04_s0401b_raw_nemo_buffer_000124-vad_percentile_rms-0000-0001-479816,s04,s0401b,,,,unknown,unknown,unknown,0.3456765016957061,0.15649660205539934,0.03572529724437794,0.827629942715709,0.6251856130185797,0.12386056001243502,0.5447228922551487,0.20820702519867662,0.02039995597696003
s0401b:s04_s0401b_raw_nemo_buffer_000125-vad_percentile_rms-0000-0000-486148,s04,s0401b,,,,unknown,unknown,unknown,0.7777666934015852,0.5755154898378094,0.10456661659328428,0.7143675074624956,0.49493834629771066,0.09938276262233951,0.7700010998743732,0.5330673791104595,0.05922622533834935
s0401b:s04_s0401b_raw_nemo_buffer_000125-vad_percentile_rms-0000-0001-488172,s04,s0401b,,,,unknown,unknown,unknown,0.4176808896494549,0.21075983900240158,0.056336510548116274,0.8274132655270733,0.6250627824087458,0.12402337529789086,0.5898433058695627,0.25223886112370836,0.0284764417171732
s0401b:s04_s0401b_raw_nemo_buffer_000126-vad_percentile_rms-0000-0000-488672,s04,s0401b,,,,unknown,unknown,unknown,0.9510516030312298,0.9082911799330976,0.5847636585962299,0.7465746771225851,0.5200130616899844,0.09635427671332698,0.9571688545210788,0.904721529387457,0.4449061826932299
s0401b:s04_s0401b_raw_nemo_buffer_000126-vad_percentile_rms-0000-0001-489256,s04,s0401b,,,,unknown,unknown,unknown,0.48611549251520464,0.24613264737827048,0.07972562420350039,0.7778401837405519,0.5565920078452926,0.10394517012696415,0.6765840724686201,0.3106897685018519,0.04372320408252273
s0401b:s04_s0401b_raw_nemo_buffer_000127-vad_percentile_rms-0000-0000-489448,s04,s0401b,1,1,,bad,bad,unknown,0.8700399444529684,0.7636909351263128,0.4038957101862532,0.6449169925279711,0.47828989975714203,0.1467056378182461,0.8504245164688755,0.7402001565624161,0.3370903128992725
s0401b:s04_s0401b_raw_nemo_buffer_000127-vad_percentile_rms-0000-0001-490696,s04,s0401b,,,,unknown,unknown,unknown,0.36718987055971947,0.16552597025910068,0.08605933696697453,0.7285677225924145,0.501038706344283,0.0933067384511455,0.5826293379242311,0.21901866252994123,0.0443030220603277
s0401b:s04_s0401b_raw_nemo_buffer_000128-vad_percentile_rms-0000-0000-491088,s04,s0401b,1,1,,bad,bad,unknown,0.7384018839857296,0.6981189277198951,0.37980865118182794,0.8053053922861627,0.7014934034626682,0.34023568337270826,0.8425729019232325,0.8133745798724793,0.5041684004803467
s0401b:s04_s0401b_raw_nemo_buffer_000128-vad_percentile_rms-0000-0001-493212,s04,s0401b,,,,unknown,unknown,unknown,0.19007387507437576,0.1477078933178405,0.5233274568916428,0.7137424772021941,0.5600974030414219,0.19208298909930557,0.5032330549027744,0.3261517580430844,0.5672463031160906
s0401b:s04_s0401b_raw_nemo_buffer_000129-vad_percentile_rms-0000-0000-493428,s04,s0401b,,,,unknown,unknown,unknown,0.9735014486521277,0.2830583348908125,0.9611532809070303,0.7923308298332724,0.6064095221352515,0.15067759449141732,0.9711842283481646,0.2751880235274822,0.9225663413500064
s0401b:s04_s0401b_raw_nemo_buffer_000129-vad_percentile_rms-0000-0001-495080,s04,s0401b,,,,unknown,unknown,unknown,0.3624288651105042,0.1556768537361956,0.05495681720947674,0.7268690595883781,0.5112493949016472,0.10545605589578792,0.5293514311975288,0.20900311005992764,0.038366235855062145
s0401b:s04_s0401b_raw_nemo_buffer_000130-vad_percentile_rms-0000-0000-495572,s04,s0401b,,,,unknown,unknown,unknown,0.6466891720364697,0.3895884417948625,0.06014016278534598,0.708397912774201,0.48148436111228976,0.09089078593858702,0.6862692525866884,0.3854507428830493,0.03480096215625648
s0401b:s04_s0401b_raw_nemo_buffer_000130-vad_percentile_rms-0000-0001-496148,s04,s0401b,,,,unknown,unknown,unknown,0.5251371521683521,0.29024763705043427,0.1108605548214979,0.7599587173615108,0.5803023632673188,0.1581007548371571,0.6996319812159686,0.39195490004393835,0.0971465523572852
s0401b:s04_s0401b_raw_nemo_buffer_000131-vad_percentile_rms-0000-0000-497148,s04,s0401b,1,,,bad,unknown,unknown,0.6361556398962918,0.3526476041935144,0.04594169945972484,0.8014362175516759,0.5793825500079276,0.1027401690256767,0.7333674235480158,0.3825141978070141,0.02491669235407898
s0401b:s04_s0401b_raw_nemo_buffer_000131-vad_percentile_rms-0000-0001-498520,s04,s0401b,,,,unknown,unknown,unknown,0.34995749995298575,0.15309821508860652,0.12600505724409528,0.6223232049850583,0.42659737649225127,0.10208975757489491,0.5629831031860202,0.22870930390616742,0.09559951331343206
s0401b:s04_s0401b_raw_nemo_buffer_000132-vad_percentile_rms-0000-0000-502196,s04,s0401b,,,,unknown,unknown,unknown,0.9954168144306881,0.7653035690376129,0.997108040351734,0.7155059384838883,0.48447276214930396,0.08810114613372882,0.9948006820962906,0.7278488997769541,0.9913237729041198
s0401b:s04_s0401b_raw_nemo_buffer_000132-vad_percentile_rms-0000-0001-502804,s04,s0401b,,,,unknown,unknown,unknown,0.6111748474826945,0.4529514427218932,0.2055500590005489,0.020916563963000956,0.031765945780105415,0.06935255016281082,0.15899035823361188,0.21584187010276595,0.22671833487125337
s0401b:s04_s0401b_raw_nemo_buffer_000132-vad_percentile_rms-0000-0002-503132,s04,s0401b,,,,unknown,unknown,unknown,0.7274695775306248,0.5604442794424896,0.3132393890280539,0.7776327593839699,0.5886430557095333,0.14545781806220887,0.866678361271625,0.6817990130443405,0.26715266640881147
s0401b:s04_s0401b_raw_nemo_buffer_000133-vad_percentile_rms-0000-0000-503788,s04,s0401b,,,,unknown,unknown,unknown,0.6437943043837203,0.45382173806288423,0.09685968679331494,0.5957456521193957,0.4494567126715331,0.1568755584773269,0.6242766925381709,0.44806912618587075,0.08923980468114069
s0401b:s04_s0401b_raw_nemo_buffer_000133-vad_percentile_rms-0000-0001-504200,s04,s0401b,,,,unknown,unknown,unknown,0.9164574757642903,0.8716509934939172,0.4923925635114561,0.7432436048715843,0.5294291132586598,0.10971400530799441,0.9496039095419505,0.8939944764535773,0.3723513757429201
s0401b:s04_s0401b_raw_nemo_buffer_000134-vad_percentile_rms-0000-0000-504696,s04,s0401b,,,,unknown,unknown,unknown,0.6525404066745077,0.435626083186992,0.10610943651008597,0.6854867470049923,0.46123483031052664,0.08923204248653532,0.6847941792181713,0.4242417649632885,0.05998978374116286
s0401b:s04_s0401b_raw_nemo_buffer_000134-vad_percentile_rms-0000-0001-505324,s04,s0401b,,,,unknown,unknown,unknown,0.48621244516789275,0.29885321432502565,0.18606759870366107,0.8452996444963291,0.7299474191959933,0.30792895440666274,0.7567519539809764,0.5328398093759511,0.2883245293858855
s0401b:s04_s0401b_raw_nemo_buffer_000135-vad_percentile_rms-0000-0000-506644,s04,s0401b,,,,unknown,unknown,unknown,0.8168361270872949,0.617435958837765,0.11678957854312014,0.7770802957707207,0.5670035462146568,0.11687358255429646,0.8258226512086979,0.6077306234949809,0.07760663374826512
s0401b:s04_s0401b_raw_nemo_buffer_000135-vad_percentile_rms-0000-0001-509260,s04,s0401b,,,,unknown,unknown,unknown,0.21493869930911702,0.0806345877690134,0.015611273410062252,0.8496590909005813,0.6582530865584628,0.13440846418688782,0.4250506240296487,0.12067921334857258,0.008733021371524905
s0401b:s04_s0401b_raw_nemo_buffer_000136-vad_percentile_rms-0000-0000-509580,s04,s0401b,,,,unknown,unknown,unknown,0.643488588558915,0.35021628674930927,0.03388836128408808,0.7191565510829462,0.48602546371558625,0.08668285688326832,0.6753351375755767,0.34367040242084135,0.019586988949927456
s0401b:s04_s0401b_raw_nemo_buffer_000136-vad_percentile_rms-0000-0001-512652,s04,s0401b,,,,unknown,unknown,unknown,0.34672506919835216,0.13849050076555908,0.05208621362271452,0.7598524527558048,0.5479479202740156,0.11363617352579423,0.5361529480784262,0.18352725969099268,0.02929547550908447
s0401b:s04_s0401b_raw_nemo_buffer_000137-vad_percentile_rms-0000-0000-519752,s04,s0401b,,,,unknown,unknown,unknown,0.9422969259774479,0.8706719852237114,0.27456796604654343,0.7603214717417603,0.5263880468521106,0.09017378612382139,0.9514458192483675,0.8746859671919872,0.19807629450452577
s0401b:s04_s0401b_raw_nemo_buffer_000137-vad_percentile_rms-0000-0001-520332,s04,s0401b,,,,unknown,unknown,unknown,0.5997582941080921,0.37173613909286624,0.14671768638077237,0.7869648178836445,0.582603366666967,0.12430990488554396,0.7907585866568612,0.48605697391532693,0.10015045129502363
s0401b:s04_s0401b_raw_nemo_buffer_000138-vad_percentile_rms-0000-0000-520888,s04,s0401b,,,,unknown,unknown,unknown,0.8418776245016674,0.6401084413809899,0.08500383001498803,0.8475773179517572,0.6369853405484278,0.10896355185158968,0.8751147806158837,0.6562637341096811,0.05260283433746292
s0401b:s04_s0401b_raw_nemo_buffer_000138-vad_percentile_rms-0000-0001-524072,s04,s0401b,,,,unknown,unknown,unknown,0.4463792070935864,0.18131448640191036,0.02636300566561584,0.8263284663398699,0.6547326518154113,0.17291442709871754,0.6057798467496821,0.25146312184493047,0.023130800927501388
s0401b:s04_s0401b_raw_nemo_buffer_000139-vad_percentile_rms-0000-0000-524596,s04,s0401b,,,,unknown,unknown,unknown,0.8569520601470534,0.7134621723836757,0.12606669952012345,0.7257609284892028,0.5217090212423622,0.11866964165622654,0.8733604504848548,0.7403035187383443,0.11364760979678111
s0401b:s04_s0401b_raw_nemo_buffer_000140-vad_percentile_rms-0000-0000-526528,s04,s0401b,,,,unknown,unknown,unknown,0.9296585920318947,0.9070015811330324,0.47503539448840904,0.5694552057802161,0.4728336356598068,0.23279905891260103,0.8967874989475689,0.880012302753088,0.4773349588131797
s0401b:s04_s0401b_raw_nemo_buffer_000140-vad_percentile_rms-0000-0001-527072,s04,s0401b,,,,unknown,unknown,unknown,0.9337822035433865,0.8592514394378018,0.5633387577023404,0.7428190920761533,0.5292378639202029,0.10992869548856336,0.9460572156001034,0.8563755183478867,0.3830529150660211
s0401b:s04_s0401b_raw_nemo_buffer_000141-vad_percentile_rms-0000-0000-527380,s04,s0401b,,,,unknown,unknown,unknown,0.9836293236972053,0.41494980955081207,0.9770671124623072,0.7152055735549139,0.49529314691730375,0.0990199171317562,0.9750277510373541,0.33574328610931164,0.9415986293594643
s0401b:s04_s0401b_raw_nemo_buffer_000141-vad_percentile_rms-0000-0001-529320,s04,s0401b,,,,unknown,unknown,unknown,0.3875744483321825,0.16140253952258582,0.04839447862191552,0.8018672175494447,0.5902467100712698,0.11482305001684438,0.601978068791738,0.22074293307797993,0.02736265597742671
s0401b:s04_s0401b_raw_nemo_buffer_000142-vad_percentile_rms-0000-0000-529496,s04,s0401b,,,,unknown,unknown,unknown,0.8570563119945709,0.6853621990684041,0.14648864686164478,0.8272788806760619,0.6249866551500305,0.12412436549641351,0.8743821684320695,0.6884874466964359,0.1022598033407807
s0401b:s04_s0401b_raw_nemo_buffer_000142-vad_percentile_rms-0000-0002-531944,s04,s0401b,,,,unknown,unknown,unknown,0.2994115241199406,0.11029679955149978,0.03696433611673194,0.7521921989599999,0.5552369816632073,0.13173805736738506,0.4766047983357023,0.1581491684544049,0.027070088206050114
s0401b:s04_s0401b_raw_nemo_buffer_000143-vad_percentile_rms-0000-0000-533152,s04,s0401b,,,,unknown,unknown,unknown,0.7766279377284152,0.5188500438788426,0.05948513045770821,0.7299444791346162,0.5016405859850339,0.09272567873790954,0.7902406933588975,0.515031429589383,0.038994536751564994
s0401b:s04_s0401b_raw_nemo_buffer_000143-vad_percentile_rms-0000-0001-534024,s04,s0401b,0,0,0,safe,safe,safe,0.7923981129100248,0.6035601672089985,0.38504703201151275,0.09585282817717534,0.08121920507483535,0.05192172418463414,0.5333695507883764,0.413920820852344,0.27303118103838186
s0401b:s04_s0401b_raw_nemo_buffer_000143-vad_percentile_rms-0000-0002-534148,s04,s0401b,0,0,0,safe,safe,safe,0.9039444136598791,0.7770211303289344,0.5323010620380605,0.11880138719278299,0.08763083278172612,0.04140359201283102,0.7585696539735631,0.6401381247786354,0.41673629409096724
s0401b:s04_s0401b_raw_nemo_buffer_000143-vad_percentile_rms-0000-0003-534972,s04,s0401b,,,,unknown,unknown,unknown,0.43942096538906694,0.2557972520978957,0.3812802089951676,0.8348525727425092,0.7417568670542164,0.38269154628263796,0.7683674250497425,0.563604094036529,0.6227602685085025
s0401b:s04_s0401b_raw_nemo_buffer_000144-vad_percentile_rms-0000-0000-537764,s04,s0401b,,,,unknown,unknown,unknown,0.923915075809994,0.8285143172026399,0.22163233778069302,0.7949282398160801,0.5652456174595232,0.09494837305865199,0.9417162148453063,0.8405690965688385,0.15091398947610993
s0401b:s04_s0401b_raw_nemo_buffer_000144-vad_percentile_rms-0000-0001-538212,s04,s0401b,,,,unknown,unknown,unknown,0.7978495529236326,0.6142249961959577,0.23516019455154594,0.6585644771594715,0.4616371694722418,0.11155829141774394,0.8345262089759863,0.6415278461081289,0.1839005593468903
s0401b:s04_s0401b_raw_nemo_buffer_000145-vad_percentile_rms-0000-0000-551408,s04,s0401b,,,,unknown,unknown,unknown,0.81432056665128,0.6334802784594159,0.1325048935716891,0.7433070168296042,0.5075861372571182,0.08715780497339817,0.858069193647709,0.6448602701126184,0.0755542130376212
s0401b:s04_s0401b_raw_nemo_buffer_000145-vad_percentile_rms-0000-0002-551900,s04,s0401b,,,,unknown,unknown,unknown,0.7758966400973093,0.6653123381959536,0.15048356952393271,0.7147304539541708,0.5169903556049735,0.12444320963887344,0.8224333375551282,0.6854881673106267,0.10557894641164121
s0401b:s04_s0401b_raw_nemo_buffer_000146-vad_percentile_rms-0000-0000-555176,s04,s0401b,,,,unknown,unknown,unknown,0.7957633913895719,0.5947286404918318,0.16943649074017456,0.7328134814640486,0.5029010664551615,0.09151930004839968,0.8389122810108434,0.6046730952459469,0.09624745469201684
s0401b:s04_s0401b_raw_nemo_buffer_000146-vad_percentile_rms-0000-0001-555720,s04,s0401b,,,,unknown,unknown,unknown,0.5849114176057446,0.3179810623336706,0.051250537379448825,0.7789601204862235,0.5892860312828215,0.14451589097014522,0.7092560673038835,0.3910654950429755,0.04067594016204655
s0401b:s04_s0401b_raw_nemo_buffer_000147-vad_percentile_rms-0000-0000-560524,s04,s0401b,,,,unknown,unknown,unknown,0.7092135766014874,0.4514121369011328,0.08894809405399164,0.7177216658764928,0.4854136843542889,0.08723916179162186,0.7262938166304842,0.43354200383101343,0.050715852676367204
s0401b:s04_s0401b_raw_nemo_buffer_000148-vad_percentile_rms-0000-0000-561820,s04,s0401b,,,,unknown,unknown,unknown,0.6537813568550755,0.4587268091965939,0.08262533978051789,0.7185577358605744,0.5076706034236781,0.10938371173400119,0.6621275042277766,0.43929292654863744,0.05055055606520681
s0601a:s06_s0601a_raw_nemo_buffer_000000-vad_percentile_rms-0000-0000-82040,s06,s0601a,,,,unknown,unknown,unknown,0.8425597428642928,0.3986093298582343,0.01166462874169677,0.7999054650256459,0.5872979871844897,0.10197172713161179,0.8756899440254228,0.4482416928460245,0.011917299752632626
s0601a:s06_s0601a_raw_nemo_buffer_000000-vad_percentile_rms-0000-0001-84400,s06,s0601a,,,,unknown,unknown,unknown,0.7195978209321073,0.5525372188589024,0.1921933244365747,0.5553194353325616,0.3881498074810674,0.10106179046259878,0.704240486466668,0.5312122582673906,0.13219998239795178
s0601a:s06_s0601a_raw_nemo_buffer_000001-vad_percentile_rms-0000-0000-91144,s06,s0601a,,,,unknown,unknown,unknown,0.22512828068990956,0.09997654929070483,0.025083603932024627,0.7698416645847199,0.5767806895070064,0.12665632413352676,0.3096635578071593,0.12805281594599924,0.020074640159915568
s0601a:s06_s0601a_raw_nemo_buffer_000002-vad_percentile_rms-0000-0000-92396,s06,s0601a,,,,unknown,unknown,unknown,0.9302982632988853,0.8605533244082041,0.16869307140124962,0.8177853820119564,0.6155182069897748,0.11302829099424426,0.9331369279235606,0.8616993976633844,0.14236857958876942
s0601a:s06_s0601a_raw_nemo_buffer_000002-vad_percentile_rms-0000-0001-93156,s06,s0601a,0,0,0,safe,safe,safe,0.7754610970799913,0.5915255829878023,0.21866331791442364,0.3169003721206407,0.22759689251916645,0.08045766473317968,0.7022401529673753,0.5244767274585869,0.15692585830817116
s0601a:s06_s0601a_raw_nemo_buffer_000002-vad_percentile_rms-0000-0002-93244,s06,s0601a,,,,unknown,unknown,unknown,0.7653185952211716,0.7062980380548639,0.3507201051806338,0.18579711633676133,0.17817770650847622,0.13304180007162636,0.5870994208317819,0.5912720613925201,0.3330803547828524
s0601a:s06_s0601a_raw_nemo_buffer_000002-vad_percentile_rms-0000-0003-94764,s06,s0601a,,,,unknown,unknown,unknown,0.7261945613174676,0.5423319291647725,0.14975618763568818,0.8218322961066706,0.6183180287491863,0.11087161588844886,0.7755158178659818,0.5787650045709855,0.100556406187299
s0601a:s06_s0601a_raw_nemo_buffer_000003-vad_percentile_rms-0000-0000-95848,s06,s0601a,,,,unknown,unknown,unknown,0.8361345166553434,0.6505548195875234,0.052150805236402024,0.7439841668241453,0.5198508113698931,0.08811424699175312,0.8343742584949478,0.6479660537245638,0.047801037929742864
s0601a:s06_s0601a_raw_nemo_buffer_000003-vad_percentile_rms-0000-0001-98476,s06,s0601a,,,,unknown,unknown,unknown,0.32466094785356747,0.2096199697714716,0.07473595834164122,0.20507688720332562,0.1484787639030241,0.0573615125725578,0.27868068336756,0.18351388568194757,0.05456540032809754
s0601a:s06_s0601a_raw_nemo_buffer_000003-vad_percentile_rms-0000-0002-98764,s06,s0601a,,,,unknown,unknown,unknown,0.3740103896759059,0.1758376623090722,0.029951347473728802,0.8112269940312993,0.6190828765277127,0.12760299382860965,0.503572714389203,0.2293059256973827,0.02507300324573352
s0601a:s06_s0601a_raw_nemo_buffer_000004-vad_percentile_rms-0000-0000-99252,s06,s0601a,,,,unknown,unknown,unknown,0.999835958880888,0.9996704305348115,0.9289618493639553,0.801495899652331,0.5965182189188232,0.11106390987880704,0.9995570211142986,0.9993723638101609,0.9103208949518825
s0601a:s06_s0601a_raw_nemo_buffer_000004-vad_percentile_rms-0000-0001-101640,s06,s0601a,,,,unknown,unknown,unknown,0.6799725294484177,0.490871069480917,0.13091106576594308,0.8027094344265857,0.5891426730539493,0.10070173967371185,0.7433026915768813,0.5327983018520929,0.10477851938908601
s0601a:s06_s0601a_raw_nemo_buffer_000005-vad_percentile_rms-0000-0000-103464,s06,s0601a,,,,unknown,unknown,unknown,0.8621546708220791,0.695298956464696,0.06316974631097434,0.8107766025101687,0.594548347951536,0.09705103247652372,0.8822153551800104,0.7156917339514799,0.053022806490527694
s0601a:s06_s0601a_raw_nemo_buffer_000006-vad_percentile_rms-0000-0000-107564,s06,s0601a,,,,unknown,unknown,unknown,0.7508784305049269,0.5211257140878282,0.04459462293348402,0.6793573044099473,0.5195553351031031,0.15805469031784794,0.7052530425959108,0.5027967954684904,0.0556694836360015
s0601a:s06_s0601a_raw_nemo_buffer_000007-vad_percentile_rms-0000-0000-118504,s06,s0601a,,,,unknown,unknown,unknown,0.9400376335271527,0.9427814169122065,0.5975935419504452,0.6257903016603898,0.4855231292479423,0.16954091218272,0.9294402499108096,0.9303060513451631,0.5438667828036515
s0601a:s06_s0601a_raw_nemo_buffer_000008-vad_percentile_rms-0000-0000-125284,s06,s0601a,,,,unknown,unknown,unknown,0.7570186140228736,0.5471631487045364,0.04857945964973385,0.7689213636293818,0.5428646063069167,0.08781118015973323,0.7925046295283832,0.5737609616975407,0.04089632461975245
s0601a:s06_s0601a_raw_nemo_buffer_000009-vad_percentile_rms-0000-0000-130292,s06,s0601a,,,,unknown,unknown,unknown,0.9999454585628652,0.9999027843684768,0.9653644689910342,0.8441826766053123,0.6345953911366218,0.09892235158132305,0.9998551480440773,0.9998136258295739,0.958071592336262
s0601a:s06_s0601a_raw_nemo_buffer_000009-vad_percentile_rms-0000-0001-132392,s06,s0601a,,,,unknown,unknown,unknown,0.3890689412595432,0.17441468214675238,0.03723443474405186,0.7990592940084786,0.5785105176447346,0.0932312340605266,0.5569493184390788,0.23696675309391377,0.02945343107714859
s0601a:s06_s0601a_raw_nemo_buffer_000010-vad_percentile_rms-0000-0000-132544,s06,s0601a,,,,unknown,unknown,unknown,0.7470662123737145,0.5321573910836909,0.047075878193266994,0.8189561213679935,0.6001883409117154,0.09335271423383489,0.790803435701182,0.5668814292868837,0.03580444921849312
s0601a:s06_s0601a_raw_nemo_buffer_000010-vad_percentile_rms-0000-0001-134612,s06,s0601a,,,,unknown,unknown,unknown,0.6049218998186595,0.4956035978622734,0.21470301085858035,0.7487301661334943,0.5561952802532302,0.12533845246950936,0.6768906230638296,0.5361573781995698,0.1518201507630709
s0601a:s06_s0601a_raw_nemo_buffer_000011-vad_percentile_rms-0000-0000-135084,s06,s0601a,,,,unknown,unknown,unknown,0.849701678293859,0.6985959739919144,0.08598822905450114,0.7501797603197599,0.5318286357958485,0.09454450466620806,0.8536348993646421,0.7007168848774271,0.07476435149269484
s0601a:s06_s0601a_raw_nemo_buffer_000011-vad_percentile_rms-0000-0001-136328,s06,s0601a,,,,unknown,unknown,unknown,0.545918012184345,0.2946121510573903,0.03859750442614576,0.8108677019573238,0.5946102571612045,0.0970098281124175,0.651972193952201,0.352093118438173,0.029290922987216
s0601a:s06_s0601a_raw_nemo_buffer_000012-vad_percentile_rms-0000-0000-136588,s06,s0601a,1,1,,bad,bad,unknown,0.916129740595364,0.8766347608836053,0.37853342957949737,0.6588636641508873,0.47571309341974205,0.11780589777921782,0.894292284639118,0.855955626356918,0.31937638872057145
s0601a:s06_s0601a_raw_nemo_buffer_000012-vad_percentile_rms-0000-0001-138644,s06,s0601a,,,,unknown,unknown,unknown,0.43091114777973233,0.2793950899414984,0.11567237285320284,0.710721813586581,0.5355133033362857,0.14306966253027653,0.4956778815855207,0.30822844526085574,0.11162123628107581
s0601a:s06_s0601a_raw_nemo_buffer_000013-vad_percentile_rms-0000-0000-139108,s06,s0601a,1,1,,bad,bad,unknown,0.9139592893708628,0.8756554819316953,0.25519003039743215,0.6458556947464483,0.48642693993454855,0.14666584493381318,0.8883080150184373,0.8557382175397579,0.2310352432750235
s0601a:s06_s0601a_raw_nemo_buffer_000013-vad_percentile_rms-0000-0001-141364,s06,s0601a,,,,unknown,unknown,unknown,0.690520523621832,0.5702611543859675,0.23755025551711367,0.7224228131725071,0.5332875005409344,0.12574356881030563,0.7365134265378777,0.5996938917414858,0.17884199517900146
s0601a:s06_s0601a_raw_nemo_buffer_000014-vad_percentile_rms-0000-0000-143800,s06,s0601a,,,,unknown,unknown,unknown,0.844213281024671,0.7415564023928181,0.24167217438823652,0.7263005061591912,0.5353772315917915,0.12406263844515991,0.8419823933434414,0.7386903660531696,0.1881167504093696
s0601a:s06_s0601a_raw_nemo_buffer_000015-vad_percentile_rms-0000-0000-146752,s06,s0601a,,,,unknown,unknown,unknown,0.6452572077237757,0.06161077494508019,0.001271235533665503,0.7763850771272937,0.5641395941833314,0.10272110808764179,0.5966124422646126,0.0637045091372849,0.0015799683071751288
s0601a:s06_s0601a_raw_nemo_buffer_000015-vad_percentile_rms-0000-0001-151260,s06,s0601a,,,,unknown,unknown,unknown,0.315638057199641,0.13595530231919406,0.01079088650987237,0.7336478678815801,0.5225200977440972,0.10056320476016706,0.41043309183215887,0.16688679059655212,0.009329702089776551
s0601a:s06_s0601a_raw_nemo_buffer_000016-vad_percentile_rms-0000-0000-153408,s06,s0601a,,,,unknown,unknown,unknown,0.8649942116028482,0.6870760279123641,0.10775090776481508,0.7528347276721368,0.5333591078812936,0.09358515096031957,0.8769776078733477,0.6974086411823274,0.09002415966912009
s0601a:s06_s0601a_raw_nemo_buffer_000017-vad_percentile_rms-0000-0000-158904,s06,s0601a,,,,unknown,unknown,unknown,0.8570248442114712,0.7058880361615055,0.08995202140921309,0.8068977299806177,0.5837264227870212,0.08996665521243025,0.8656182979356487,0.7134715563155991,0.07183144902263704
s0601a:s06_s0601a_raw_nemo_buffer_000018-vad_percentile_rms-0000-0000-162088,s06,s0601a,,,,unknown,unknown,unknown,0.48491122938254905,0.28525486870470235,0.06530996444751587,0.8000230434210919,0.5873749980654958,0.10191845981174483,0.6195798013804634,0.35116235115055183,0.04746919994721571
s0601a:s06_s0601a_raw_nemo_buffer_000019-vad_percentile_rms-0000-0000-167844,s06,s0601a,,,,unknown,unknown,unknown,0.8273165240727327,0.68803163357632,0.1385898966822898,0.8328012994993315,0.6261245486954984,0.10501689963121741,0.8739625483308743,0.7260703558039322,0.1016941711675142
s0601a:s06_s0601a_raw_nemo_buffer_000020-vad_percentile_rms-0000-0000-168596,s06,s0601a,,,,unknown,unknown,unknown,0.9997186245387516,0.999392055738046,0.9097463085427506,0.7889838542878844,0.5720005126403075,0.09743848058569056,0.9993437334371194,0.9989307231537893,0.8625329064431368
s0601a:s06_s0601a_raw_nemo_buffer_000020-vad_percentile_rms-0000-0001-172420,s06,s0601a,,,,unknown,unknown,unknown,0.608888236593606,0.35713702701392014,0.0787952952077889,0.8009141087290031,0.5879595908822145,0.10151481288104068,0.678065109655601,0.3963522276915501,0.04940506514536315
s0601a:s06_s0601a_raw_nemo_buffer_000021-vad_percentile_rms-0000-0000-172628,s06,s0601a,,,,unknown,unknown,unknown,0.9993576043401301,0.9988878941242606,0.9016663202527769,0.8056823125810576,0.5829084983242809,0.09047243541264269,0.9988207513001017,0.9982769811527544,0.8466906095390477
s0601a:s06_s0601a_raw_nemo_buffer_000021-vad_percentile_rms-0000-0001-173000,s06,s0601a,,,,unknown,unknown,unknown,0.4388755601877138,0.38803956580351195,0.2315041949714168,0.3641252872450876,0.23780638476128416,0.06259987926457135,0.42981463005668713,0.3643026183820601,0.14239089503617003
s0601a:s06_s0601a_raw_nemo_buffer_000021-vad_percentile_rms-0000-0002-173680,s06,s0601a,1,1,1,bad,bad,bad,0.8821302089626878,0.8790795622829639,0.6942878633546101,0.6907333511139335,0.5588538916916409,0.21406155704991447,0.8845475217906797,0.8755390924099348,0.6654499354942799
s0601a:s06_s0601a_raw_nemo_buffer_000021-vad_percentile_rms-0000-0003-176264,s06,s0601a,1,1,1,bad,bad,bad,0.907545052700337,0.9156592155614546,0.8189237249194492,0.6241088386088464,0.5772408707120197,0.39056407161511225,0.892340922293966,0.9081121322164066,0.8626858629026585
s0601a:s06_s0601a_raw_nemo_buffer_000021-vad_percentile_rms-0000-0004-178144,s06,s0601a,1,1,1,bad,bad,bad,0.8711334370980331,0.8039371275276972,0.3752294181714976,0.6369590658115745,0.541405383183912,0.2677603126351641,0.8641032374294518,0.8000680051865381,0.432583939910904
s0601a:s06_s0601a_raw_nemo_buffer_000021-vad_percentile_rms-0000-0006-179484,s06,s0601a,,,,unknown,unknown,unknown,0.6177653809960157,0.41652031917471655,0.12931603285114,0.716569336534158,0.5301645527658378,0.12829013685496551,0.7113343425600765,0.47801276604120324,0.10944496448029449
s0601a:s06_s0601a_raw_nemo_buffer_000022-vad_percentile_rms-0000-0000-180244,s06,s0601a,1,,,bad,unknown,unknown,0.9998175994196363,0.9964881599445649,0.30134243037266306,0.7834210295129611,0.5850235064227063,0.11995548841904044,0.9993549109747246,0.9932946324152836,0.33636298072548654
s0601a:s06_s0601a_raw_nemo_buffer_000022-vad_percentile_rms-0000-0001-182764,s06,s0601a,,,,unknown,unknown,unknown,0.2786691048642512,0.13143699818366048,0.012480294245514726,0.8033404753174495,0.5895601974665222,0.10041601172150723,0.4141335851550448,0.17507518604669522,0.009500324826869385
s0601a:s06_s0601a_raw_nemo_buffer_000023-vad_percentile_rms-0000-0000-188596,s06,s0601a,,,,unknown,unknown,unknown,0.9184333023793148,0.8456399889817519,0.24019890869668928,0.7169024018084061,0.538766143853023,0.1401574422006105,0.8916907188273442,0.8229343088217986,0.22993339012353603
s0601a:s06_s0601a_raw_nemo_buffer_000023-vad_percentile_rms-0000-0001-191000,s06,s0601a,,,,unknown,unknown,unknown,0.42725974659063976,0.2137822396561652,0.04199141062722378,0.7806040809474886,0.5667393673037934,0.10094909699017163,0.529525093492869,0.2576793925667185,0.030983418937819276
s0601a:s06_s0601a_raw_nemo_buffer_000024-vad_percentile_rms-0000-0000-198324,s06,s0601a,,,,unknown,unknown,unknown,0.9999141765577492,0.9998905848807644,0.9854924012088438,0.8771353030587236,0.6985911969824301,0.1289437929300787,0.9998195738560933,0.9998093556706217,0.97543928078289
s0601a:s06_s0601a_raw_nemo_buffer_000024-vad_percentile_rms-0000-0001-200068,s06,s0601a,,,,unknown,unknown,unknown,0.6805605183778839,0.5331950130119122,0.2747666999009301,0.6523398154938074,0.4557552314041538,0.0999796640585913,0.7243336489216416,0.5542183445737889,0.18058131511769865
s0601a:s06_s0601a_raw_nemo_buffer_000024-vad_percentile_rms-0000-0002-200328,s06,s0601a,,,,unknown,unknown,unknown,0.46587938291232067,0.28303300228939055,0.05410385973874352,0.8568803114850945,0.6674740846282116,0.12153727410023352,0.6209356118638141,0.3622236651853519,0.04370496753205563
s0601a:s06_s0601a_raw_nemo_buffer_000025-vad_percentile_rms-0000-0000-200596,s06,s0601a,,,,unknown,unknown,unknown,0.999444189573532,0.998622233213646,0.8331356145925285,0.8219819857623707,0.6023180974298666,0.09198501300132277,0.9988620686721359,0.9977708866583742,0.7721433994276977
s0601a:s06_s0601a_raw_nemo_buffer_000025-vad_percentile_rms-0000-0001-202516,s06,s0601a,1,1,,bad,bad,unknown,0.9139844123225696,0.38175852040252994,0.037116776298822124,0.6811270604996641,0.6196645660125835,0.39234246877814727,0.8711049538316329,0.364823212096783,0.0893468855159072
s0601a:s06_s0601a_raw_nemo_buffer_000025-vad_percentile_rms-0000-0003-206092,s06,s0601a,,,,unknown,unknown,unknown,0.6487487939072792,0.44295211365585313,0.08689118928384727,0.7661701582386451,0.5412093552426274,0.0887941676616704,0.6976445337739786,0.47185881542680813,0.061315099837043294
s0601a:s06_s0601a_raw_nemo_buffer_000026-vad_percentile_rms-0000-0000-206440,s06,s0601a,,,,unknown,unknown,unknown,0.7889989253364514,0.6311179477108605,0.14226700159976502,0.8166297110119027,0.5985671374643533,0.0944043697839466,0.8518767622837486,0.6806336178915071,0.09466768861886368
s0601a:s06_s0601a_raw_nemo_buffer_000026-vad_percentile_rms-0000-0001-209964,s06,s0601a,,,,unknown,unknown,unknown,0.3759827449912566,0.1703969909588897,0.020417055974064287,0.6683267597735753,0.4550024656471368,0.08648116672258985,0.4505863250626716,0.19801360515171,0.017299240656445544
s0601a:s06_s0601a_raw_nemo_buffer_000026-vad_percentile_rms-0000-0002-210248,s06,s0601a,,,,unknown,unknown,unknown,0.35735678022116707,0.17693085237127068,0.022304927830033332,0.8619135859308663,0.6862232833882842,0.14136692374694246,0.5357802825475428,0.25102064419344033,0.02138231288628664
s0601a:s06_s0601a_raw_nemo_buffer_000027-vad_percentile_rms-0000-0000-210412,s06,s0601a,,,,unknown,unknown,unknown,0.7794457887519808,0.6186282863343009,0.09552130218963334,0.7625527053484875,0.5390520244900951,0.09008940094635734,0.8012068832131212,0.6316750236324742,0.06976221494165734
s0601a:s06_s0601a_raw_nemo_buffer_000027-vad_percentile_rms-0000-0001-213580,s06,s0601a,,,,unknown,unknown,unknown,0.3485640018519098,0.12110780874734033,0.008618747057784764,0.8089681156162346,0.5933234220199517,0.0978691003331521,0.47455123053013315,0.16062666443526089,0.007164648153261861
s0601a:s06_s0601a_raw_nemo_buffer_000028-vad_percentile_rms-0000-0000-220108,s06,s0601a,,,,unknown,unknown,unknown,0.8088893443014799,0.6183760587930671,0.05399613703442618,0.7846192134554222,0.5609217496360254,0.09038937439110756,0.8239291358137641,0.6329328427200812,0.05118915132779115
s0601a:s06_s0601a_raw_nemo_buffer_000028-vad_percentile_rms-0000-0001-220908,s06,s0601a,,,,unknown,unknown,unknown,0.5593892636059797,0.3772548700906608,0.06918833469270214,0.8077095326570867,0.5924754962325779,0.09843852512892225,0.6820866772129829,0.4471579803946958,0.054330023168586886
s0601a:s06_s0601a_raw_nemo_buffer_000029-vad_percentile_rms-0000-0002-223972,s06,s0601a,,,,unknown,unknown,unknown,0.5571744664974189,0.3889897362300494,0.07811827837757539,0.8487574731378879,0.6836027358179343,0.16572096936288594,0.6625079610306535,0.4575844048411261,0.06782547664529882
s0601a:s06_s0601a_raw_nemo_buffer_000030-vad_percentile_rms-0000-0000-224228,s06,s0601a,,,,unknown,unknown,unknown,0.9170960332383269,0.8915749131994564,0.5709205656835817,0.6770347570468334,0.5099480007659406,0.14581295423800764,0.9039910554895915,0.8784672112619026,0.4803603220201079
s0601a:s06_s0601a_raw_nemo_buffer_000030-vad_percentile_rms-0000-0001-226556,s06,s0601a,0,0,0,safe,safe,safe,0.5365058295601203,0.40025055234022583,0.14695480365785926,0.31278168735373046,0.2145167554138538,0.0673590719814589,0.45546619242363445,0.34812763244498635,0.0971403470385715
s0601a:s06_s0601a_raw_nemo_buffer_000030-vad_percentile_rms-0000-0002-228840,s06,s0601a,,,,unknown,unknown,unknown,0.6752808701229972,0.4159925383875498,0.0895254721693486,0.8237636504003073,0.6354958558334727,0.13176970220826767,0.7449499918630734,0.4687497132634874,0.06902150244969096
s0601a:s06_s0601a_raw_nemo_buffer_000031-vad_percentile_rms-0000-0000-229416,s06,s0601a,,,,unknown,unknown,unknown,0.8267575038080457,0.6096368590677963,0.05693219441098879,0.8180679722414738,0.6076695056874201,0.10292343217385912,0.8461777302269072,0.6314327330380447,0.04913741634696708
s0601a:s06_s0601a_raw_nemo_buffer_000031-vad_percentile_rms-0000-0001-230240,s06,s0601a,0,0,0,safe,safe,safe,0.5482436450477528,0.33887093576510696,0.08565757851416582,0.02243155547015421,0.03221813559294145,0.06032133430069341,0.1970286570685299,0.17124193705118526,0.07722536219688318
s0601a:s06_s0601a_raw_nemo_buffer_000031-vad_percentile_rms-0000-0002-230396,s06,s0601a,0,0,0,safe,safe,safe,0.49965195755115543,0.31361877013036976,0.06522479605705378,0.04066384216438705,0.04160284598256813,0.03798613338384659,0.21984876661931851,0.17708511533476748,0.04350852560129531
s0601a:s06_s0601a_raw_nemo_buffer_000031-vad_percentile_rms-0000-0003-232360,s06,s0601a,,,,unknown,unknown,unknown,0.6654703120549159,0.43600614324597714,0.09743639290903153,0.8468489577520091,0.7108324649357239,0.23314508262662126,0.7465197510778406,0.509512377808065,0.10706751707318052
s0601a:s06_s0601a_raw_nemo_buffer_000032-vad_percentile_rms-0000-0000-237052,s06,s0601a,,,,unknown,unknown,unknown,0.8282068391978346,0.6668392117141879,0.19964543901019285,0.8621460372147498,0.6716467274105905,0.11789806501917485,0.8907592679504123,0.7256713524695841,0.14460708879366313
s0601a:s06_s0601a_raw_nemo_buffer_000032-vad_percentile_rms-0000-0002-238792,s06,s0601a,,,,unknown,unknown,unknown,0.41279897248336767,0.186231272071654,0.012335476718116155,0.8024828725889556,0.5889929842733667,0.10080433167158073,0.5080091333232842,0.22548559190264414,0.010978933350080442
s0601a:s06_s0601a_raw_nemo_buffer_000033-vad_percentile_rms-0000-0000-239060,s06,s0601a,1,,,bad,unknown,unknown,0.9999412829520671,0.9998987822528903,0.9816807990648743,0.8571797516599474,0.6601533055262321,0.11072410355464402,0.9998240201347367,0.9997928760723288,0.9695941955669014
s0601a:s06_s0601a_raw_nemo_buffer_000033-vad_percentile_rms-0000-0001-244312,s06,s0601a,,,,unknown,unknown,unknown,0.5186417931209023,0.3228351605656892,0.08886622202382054,0.8036525023797391,0.6456647136952787,0.18696889759214375,0.5984609984133952,0.3726360385818242,0.08250720885497685
s0601a:s06_s0601a_raw_nemo_buffer_000034-vad_percentile_rms-0000-0000-244608,s06,s0601a,,,,unknown,unknown,unknown,0.7549388347619213,0.5161313564186026,0.05958609756603383,0.7146829772224434,0.49533718139365207,0.08925741721799613,0.7667512008704149,0.5267833418207556,0.049979717939554545
s0601a:s06_s0601a_raw_nemo_buffer_000034-vad_percentile_rms-0000-0001-247232,s06,s0601a,,,,unknown,unknown,unknown,0.6177058217465415,0.4906241171789895,0.13003744033216066,0.813804771346223,0.6128037183382802,0.11514833126739205,0.7239335340571809,0.5567784679805388,0.09904548565580644
s0601a:s06_s0601a_raw_nemo_buffer_000035-vad_percentile_rms-0000-0000-258292,s06,s0601a,,,,unknown,unknown,unknown,0.9997513599001636,0.9992358256664421,0.7367710189300052,0.787087020116918,0.562482942455921,0.08943918228666377,0.9993192512950433,0.998563935391717,0.7261466609496192
s0601a:s06_s0601a_raw_nemo_buffer_000035-vad_percentile_rms-0000-0001-262172,s06,s0601a,,,,unknown,unknown,unknown,0.4479044746962237,0.2609309222843999,0.0669966605276219,0.7576146293344802,0.5943195113054777,0.17267990881868234,0.5049422006806339,0.29414839081668737,0.061257969282112586
s0601a:s06_s0601a_raw_nemo_buffer_000036-vad_percentile_rms-0000-0000-262388,s06,s0601a,,,,unknown,unknown,unknown,0.999703056490353,0.999130201342251,0.8105556925225794,0.8245311284638186,0.6202085393976853,0.10943246885856564,0.9992380043474094,0.9984533258242205,0.7905770708152668
s0601a:s06_s0601a_raw_nemo_buffer_000036-vad_percentile_rms-0000-0001-263036,s06,s0601a,,,,unknown,unknown,unknown,0.6236174617607739,0.40991837870883185,0.07584784997435606,0.8046762633750524,0.6385291216288858,0.17101467912089732,0.6953547038569045,0.4630519815024044,0.07469377256589294
s0601a:s06_s0601a_raw_nemo_buffer_000037-vad_percentile_rms-0000-0000-263444,s06,s0601a,,,,unknown,unknown,unknown,0.9996250443804073,0.9991552610951315,0.8333189038787657,0.8276339917570767,0.6144154686777826,0.0982225708218599,0.9991413494281884,0.9985497262467996,0.7985117281025274
s0601a:s06_s0601a_raw_nemo_buffer_000037-vad_percentile_rms-0000-0002-267072,s06,s0601a,,,,unknown,unknown,unknown,0.5192171860682231,0.32582428013917347,0.09579041096245473,0.7176365216568543,0.5053731659560394,0.09702178478266645,0.5654078228939934,0.34876082558113763,0.06270675163050254
s0601a:s06_s0601a_raw_nemo_buffer_000038-vad_percentile_rms-0000-0000-267900,s06,s0601a,1,1,,bad,bad,unknown,0.9343338592348015,0.9012952714850494,0.39253993400959647,0.7655899129680243,0.5576270316356314,0.10727062159551637,0.9263827462886015,0.8921779965052976,0.3039788456404898
s0601a:s06_s0601a_raw_nemo_buffer_000038-vad_percentile_rms-0000-0001-271840,s06,s0601a,,,,unknown,unknown,unknown,0.6039646763974764,0.4141896986809832,0.10948123542888351,0.8130889556745106,0.6203267192875261,0.12653099555982172,0.7063363826661105,0.480215642457333,0.07765266204609846
s0601a:s06_s0601a_raw_nemo_buffer_000039-vad_percentile_rms-0000-0000-272864,s06,s0601a,1,1,,bad,bad,unknown,0.9457485575089489,0.9149704099561707,0.34379342603340024,0.6575412848871429,0.5089196456956654,0.16870882221803504,0.9172815737096378,0.8927914486561526,0.34185221832391477
s0601a:s06_s0601a_raw_nemo_buffer_000040-vad_percentile_rms-0000-0000-277376,s06,s0601a,,,,unknown,unknown,unknown,0.8778497752296696,0.8107787895334292,0.22708244984431086,0.8020961126298897,0.6050313241457359,0.1213794137029699,0.889186568463197,0.817437544804476,0.16922413248338755
s0601a:s06_s0601a_raw_nemo_buffer_000040-vad_percentile_rms-0000-0001-280492,s06,s0601a,,,,unknown,unknown,unknown,0.4197802971652932,0.19167554727513678,0.03877764803520676,0.7493856744673768,0.5565674932565883,0.12503603504993185,0.483080004827202,0.22161126736788458,0.032181616057084056
s0601a:s06_s0601a_raw_nemo_buffer_000041-vad_percentile_rms-0000-0000-283516,s06,s0601a,,,,unknown,unknown,unknown,0.7623589522969838,0.598207345079996,0.10825888504110295,0.7451186923683999,0.5204946377898318,0.08773545517161385,0.777154479155441,0.6055201435731957,0.07342644921679745
s0601a:s06_s0601a_raw_nemo_buffer_000041-vad_percentile_rms-0000-0001-286968,s06,s0601a,1,1,,bad,bad,unknown,0.43740498664808813,0.2503290121355632,0.04176314812985764,0.8023044635540163,0.6132285305306073,0.13273461578705523,0.5592092786691683,0.3045899626001808,0.031208862946085568
s0601a:s06_s0601a_raw_nemo_buffer_000042-vad_percentile_rms-0000-0000-288908,s06,s0601a,,,,unknown,unknown,unknown,0.8675899286232677,0.7741706488949743,0.1677741179326448,0.778503808434972,0.5654411892370815,0.1018308273876712,0.8755519926947308,0.7762584564354211,0.12449508593854473
s0601a:s06_s0601a_raw_nemo_buffer_000042-vad_percentile_rms-0000-0001-289988,s06,s0601a,,,,unknown,unknown,unknown,0.7136601219890426,0.5592122421638724,0.23853598269670925,0.6234848228088739,0.43404943906787635,0.09957386760863125,0.7399578082227841,0.5623568590263144,0.155330412767731
s0601a:s06_s0601a_raw_nemo_buffer_000042-vad_percentile_rms-0000-0002-290236,s06,s0601a,,,,unknown,unknown,unknown,0.6503586331023798,0.40323557524022413,0.07534247095309085,0.7819252827981861,0.6480603695911491,0.23901967067443167,0.674807136597305,0.43358320545262935,0.08914594224190146
s0601a:s06_s0601a_raw_nemo_buffer_000043-vad_percentile_rms-0000-0000-293172,s06,s0601a,,,,unknown,unknown,unknown,0.9999424137934455,0.9999292070938117,0.9942859424650686,0.8153501054419732,0.605796105376818,0.10425846289806338,0.9998543383162223,0.9998608327892035,0.9905504429310439
s0601a:s06_s0601a_raw_nemo_buffer_000043-vad_percentile_rms-0000-0001-296264,s06,s0601a,1,,,bad,unknown,unknown,0.4179460459446006,0.2240781567319425,0.07994716681811614,0.8360853690982992,0.7106184746180331,0.26439559304989735,0.5088200735755574,0.27840959661574877,0.08539083175850715
s0601a:s06_s0601a_raw_nemo_buffer_000044-vad_percentile_rms-0000-0000-296692,s06,s0601a,,,,unknown,unknown,unknown,0.9242284651762039,0.7820472692375162,0.11191855305345932,0.7672077739103496,0.583469149576046,0.13995673810143477,0.9184877340714818,0.7799315229910988,0.11402148675830168
s0601a:s06_s0601a_raw_nemo_buffer_000044-vad_percentile_rms-0000-0001-298556,s06,s0601a,,,,unknown,unknown,unknown,0.4206999526327393,0.2043635827833111,0.02653141557915842,0.7815830032045586,0.6631538776461673,0.27898209671511665,0.4530033762328789,0.23365773249584842,0.037844653671297336
s0601a:s06_s0601a_raw_nemo_buffer_000045-vad_percentile_rms-0000-0000-299236,s06,s0601a,,,,unknown,unknown,unknown,0.9480830737359898,0.9200281946100506,0.5604299829541581,0.68289524703606,0.4874668879908645,0.1091370451078399,0.9403799831789389,0.9109624817667077,0.47081246269737326
s0601a:s06_s0601a_raw_nemo_buffer_000045-vad_percentile_rms-0000-0001-300404,s06,s0601a,,,,unknown,unknown,unknown,0.5094162735876206,0.302180840220754,0.04074095446750802,0.7677537144896932,0.5505530871202646,0.09691474660547983,0.6115943950092705,0.3546675865581446,0.03605051406254955
s0601a:s06_s0601a_raw_nemo_buffer_000046-vad_percentile_rms-0000-0000-302360,s06,s0601a,,,,unknown,unknown,unknown,0.8571961385386798,0.7236702090127863,0.11072276065309992,0.8239472539668631,0.6117866398518005,0.10003477749246915,0.8738927804286133,0.7369415062653154,0.08768004400636817
s0601a:s06_s0601a_raw_nemo_buffer_000046-vad_percentile_rms-0000-0001-306492,s06,s0601a,,,,unknown,unknown,unknown,0.23819424372766,0.12817839634422323,0.007436855500730871,0.7728424450042295,0.6428661061183377,0.24666155081551722,0.3517234291776299,0.16247527295096006,0.012191072461420026
s0601a:s06_s0601a_raw_nemo_buffer_000047-vad_percentile_rms-0000-0000-310964,s06,s0601a,,,,unknown,unknown,unknown,0.927578263779647,0.8830952221339478,0.35136824048904924,0.7805441828807634,0.5749975672615458,0.1107632989398196,0.9274261944319475,0.8788538475130525,0.28316772054703554
s0601a:s06_s0601a_raw_nemo_buffer_000048-vad_percentile_rms-0000-0000-313412,s06,s0601a,,,,unknown,unknown,unknown,0.8688703817861124,0.7844296671130621,0.3490063817522828,0.7203766838798703,0.5237527786470124,0.11562327393639935,0.8720973689915389,0.7816233686410173,0.26941827626538645
s0601a:s06_s0601a_raw_nemo_buffer_000048-vad_percentile_rms-0000-0001-315340,s06,s0601a,1,,,bad,unknown,unknown,0.18697004218303007,0.0654855220165413,0.012093627166759277,0.3902748496405806,0.25298941668854547,0.0635042531318361,0.19149361407635285,0.06649639345118158,0.010639158042406768
s0601a:s06_s0601a_raw_nemo_buffer_000048-vad_percentile_rms-0000-0002-318188,s06,s0601a,,,,unknown,unknown,unknown,0.39819443135742366,0.17372221215470152,0.013055566802606139,0.8270794720781641,0.6377977310743594,0.12969902563995808,0.5155567078574461,0.22283036816589716,0.0124264152821
s0601a:s06_s0601a_raw_nemo_buffer_000049-vad_percentile_rms-0000-0000-323820,s06,s0601a,,,,unknown,unknown,unknown,0.9461218902952354,0.8992022809283057,0.28114241057864675,0.8330355116362135,0.6262949001635079,0.10489171065333888,0.9458503276822846,0.8954059272796986,0.21802277219809169
s0601a:s06_s0601a_raw_nemo_buffer_000049-vad_percentile_rms-0000-0001-327704,s06,s0601a,,,,unknown,unknown,unknown,0.7736286858151656,0.6306087506617721,0.3221592921007064,0.7899296906715798,0.6214367925729255,0.16663701132148592,0.813696918055452,0.6574098386344497,0.23623176045349573
s0601a:s06_s0601a_raw_nemo_buffer_000050-vad_percentile_rms-0000-0000-335340,s06,s0601a,,,,unknown,unknown,unknown,0.707872123017834,0.5178673567606521,0.07630261434376095,0.7127834421045803,0.48587020619449867,0.08174636252290211,0.707322750317585,0.5130329733680866,0.051310542286201306
s0601a:s06_s0601a_raw_nemo_buffer_000050-vad_percentile_rms-0000-0001-337660,s06,s0601a,,,,unknown,unknown,unknown,0.6779299250706274,0.4393829854013725,0.11328851338060994,0.7942960716015038,0.6081145539310793,0.1373347429962477,0.7399543127300702,0.4807478250665598,0.08676427556731073
s0601a:s06_s0601a_raw_nemo_buffer_000051-vad_percentile_rms-0000-0000-343340,s06,s0601a,,,,unknown,unknown,unknown,0.8754008530817474,0.8188085318992241,0.34492242530877554,0.6073277143293093,0.4602283353481419,0.15007753129812237,0.8432630332360321,0.7861920027316212,0.3076339376723967
s0601a:s06_s0601a_raw_nemo_buffer_000051-vad_percentile_rms-0000-0001-345604,s06,s0601a,,,,unknown,unknown,unknown,0.48784680934561936,0.2816919470867702,0.06293012655303477,0.7799821419728253,0.5580197546898333,0.09217782480769175,0.5615652448693188,0.31648950071410054,0.04300209323378545
s0601a:s06_s0601a_raw_nemo_buffer_000052-vad_percentile_rms-0000-0000-345836,s06,s0601a,,,,unknown,unknown,unknown,0.8437393259545606,0.6940580470829123,0.08824618574303177,0.7640967434145174,0.539970221994655,0.08953616941507322,0.8494478035156972,0.6980827071843985,0.06986868485228316
s0601a:s06_s0601a_raw_nemo_buffer_000052-vad_percentile_rms-0000-0001-351464,s06,s0601a,0,0,0,safe,safe,safe,0.13336196528880426,0.07924761376741499,0.02906264584659754,0.15576818766316217,0.11639899557552251,0.049840745756998664,0.0966296996877203,0.06306865007675481,0.024695432893358717
s0601a:s06_s0601a_raw_nemo_buffer_000052-vad_percentile_rms-0000-0002-352872,s06,s0601a,,,,unknown,unknown,unknown,0.602560980824017,0.33817778454628294,0.06535246068545712,0.8402726068790065,0.647251909089141,0.1214257006065526,0.7000781312711432,0.3967225426899597,0.04617030385441157
s0601a:s06_s0601a_raw_nemo_buffer_000053-vad_percentile_rms-0000-0000-360016,s06,s0601a,,,,unknown,unknown,unknown,0.8824475688387825,0.7769303728312995,0.17585537858830655,0.7961817345837046,0.5766297034373261,0.09443145533663103,0.8977626672142595,0.7864491192303089,0.12572619309468866
s0601a:s06_s0601a_raw_nemo_buffer_000053-vad_percentile_rms-0000-0001-362196,s06,s0601a,0,0,0,safe,safe,safe,0.6371569659524456,0.481360678916319,0.09493858889716804,0.6396737945822409,0.4414551628652256,0.09474160127596556,0.6522568619372101,0.4873478118949791,0.07710820320655637
s0601a:s06_s0601a_raw_nemo_buffer_000053-vad_percentile_rms-0000-0002-363452,s06,s0601a,0,0,0,safe,safe,safe,0.8499277041458982,0.7449593465386429,0.27033658716545445,0.720450412538289,0.5153399069319233,0.1054282879826864,0.8574245904247962,0.7494058184759378,0.2103356866625763
s0601a:s06_s0601a_raw_nemo_buffer_000053-vad_percentile_rms-0000-0003-364620,s06,s0601a,,,,unknown,unknown,unknown,0.202896475309262,0.1063655297898482,0.01919848012151576,0.0716314422467431,0.060505130960216626,0.03583913603022163,0.10100530356213017,0.06744586710343678,0.015795137263672935
s0601a:s06_s0601a_raw_nemo_buffer_000053-vad_percentile_rms-0000-0004-365068,s06,s0601a,,,,unknown,unknown,unknown,0.445157078415109,0.19848356088563185,0.022390528029070864,0.8118853821425215,0.5953032048445306,0.09654955721693216,0.5844074825897437,0.25656399103047445,0.019371821228702957
s0601a:s06_s0601a_raw_nemo_buffer_000054-vad_percentile_rms-0000-0000-365292,s06,s0601a,,,,unknown,unknown,unknown,0.8921943800472688,0.7659345205736021,0.06333362964463828,0.8118520372994056,0.5952804604998274,0.09656463748428118,0.8903117048613376,0.7646240247993267,0.05736718950532103
s0601a:s06_s0601a_raw_nemo_buffer_000054-vad_percentile_rms-0000-0001-366436,s06,s0601a,0,0,0,safe,safe,safe,0.5723901986470218,0.4519329584691146,0.1481745385224818,0.43886809724220266,0.28326003080410384,0.06643616094575383,0.5393619556622344,0.4211179629595141,0.09838044444942597
s0601a:s06_s0601a_raw_nemo_buffer_000054-vad_percentile_rms-0000-0002-369484,s06,s0601a,,,,unknown,unknown,unknown,0.5630906620988867,0.36712072570489096,0.12829936146817886,0.8448396818258184,0.6733676912203524,0.15501115581076386,0.6944653012337465,0.44881016064311074,0.10340435338566217
s0601a:s06_s0601a_raw_nemo_buffer_000055-vad_percentile_rms-0000-0000-370260,s06,s0601a,,,,unknown,unknown,unknown,0.9998582989912829,0.9997731262903297,0.9371456494175353,0.8503480663554863,0.6471304576177445,0.10493937360532611,0.9996490166125017,0.9995835409345828,0.9174550361524353
s0601a:s06_s0601a_raw_nemo_buffer_000055-vad_percentile_rms-0000-0001-373396,s06,s0601a,,,,unknown,unknown,unknown,0.6377700505830837,0.42201458992281726,0.06791887527381704,0.8101731537306438,0.7016507011466563,0.3146171299748338,0.6510398002692271,0.4525758410233213,0.1067186694701545
s0601a:s06_s0601a_raw_nemo_buffer_000056-vad_percentile_rms-0000-0000-375924,s06,s0601a,,,,unknown,unknown,unknown,0.999662129112884,0.9991809698655418,0.811678657139886,0.7937323574081181,0.5750425343305666,0.09545391789396457,0.9991180535623895,0.9984927279575136,0.7816093651843813
s0601a:s06_s0601a_raw_nemo_buffer_000056-vad_percentile_rms-0000-0001-379812,s06,s0601a,1,,,bad,unknown,unknown,0.8117442684728002,0.6318563930530705,0.2151717260977362,0.7847432616676325,0.6021739940662276,0.14281796403677988,0.8399422158832096,0.6569001710526842,0.16365803689642558
s0601a:s06_s0601a_raw_nemo_buffer_000057-vad_percentile_rms-0000-0000-388248,s06,s0601a,,,,unknown,unknown,unknown,0.9484006590571775,0.9148747390183152,0.4129040971153594,0.7442090494438697,0.5452612518901185,0.11635797878402528,0.9462282623973735,0.9095584935646475,0.32004196016246544
s0601a:s06_s0601a_raw_nemo_buffer_000058-vad_percentile_rms-0000-0000-391088,s06,s0601a,1,1,,bad,bad,unknown,0.9312031266904608,0.9064588196287248,0.6898141001279673,0.620801200977212,0.44116809243998223,0.11012641777418758,0.9151534441042058,0.8881480384204967,0.5597699559829312
s0601a:s06_s0601a_raw_nemo_buffer_000058-vad_percentile_rms-0000-0001-395400,s06,s0601a,0,0,0,safe,safe,safe,0.8019402102965594,0.7531201129207793,0.4151508848201615,0.602447716176871,0.42465285844571976,0.10605011006916674,0.7920593304981226,0.7369818653360437,0.3189844551300006
s0601a:s06_s0601a_raw_nemo_buffer_000058-vad_percentile_rms-0000-0002-397032,s06,s0601a,,,,unknown,unknown,unknown,0.28933970623096517,0.1949754594692492,0.07796843147994752,0.8353858886567515,0.6436926325447199,0.12449703299180698,0.45715592176533754,0.26637977500630217,0.05411874453978704
s0601a:s06_s0601a_raw_nemo_buffer_000059-vad_percentile_rms-0000-0000-397620,s06,s0601a,,,,unknown,unknown,unknown,0.9480374606907991,0.9382464539691537,0.7025627179023523,0.7789277954403815,0.5822612952910586,0.12217024239141447,0.9546090373569195,0.9389699842305901,0.6368321101328327
s0601a:s06_s0601a_raw_nemo_buffer_000060-vad_percentile_rms-0000-0000-399196,s06,s0601a,,,,unknown,unknown,unknown,0.8936412760777599,0.7854251301681074,0.18146310124621373,0.7624359424810121,0.60519166151237,0.18479291089929967,0.8834097716313882,0.7795256928745581,0.19202192482458363
s0601a:s06_s0601a_raw_nemo_buffer_000061-vad_percentile_rms-0000-0000-406356,s06,s0601a,,,,unknown,unknown,unknown,0.9996027700528116,0.9993498782638004,0.8866155892449558,0.7574387435404425,0.527607000609848,0.083645115609942,0.9989283938639291,0.9987464314270672,0.8401762341075372
s0601a:s06_s0601a_raw_nemo_buffer_000061-vad_percentile_rms-0000-0001-409740,s06,s0601a,,,,unknown,unknown,unknown,0.3982002146843256,0.20455350499276337,0.02594770849929576,0.8234345115153109,0.6194380691367546,0.110017331253459,0.5046499391548157,0.24897099523826755,0.02059152716611658
s0601a:s06_s0601a_raw_nemo_buffer_000062-vad_percentile_rms-0000-0000-410004,s06,s0601a,,,,unknown,unknown,unknown,0.9996460596937813,0.999158915440338,0.8150783226128486,0.8004633047785533,0.5794346866656487,0.09264598957827765,0.9991597601167058,0.9985387765651487,0.791192903564963
s0601a:s06_s0601a_raw_nemo_buffer_000062-vad_percentile_rms-0000-0001-411180,s06,s0601a,,,,unknown,unknown,unknown,0.5687036212719594,0.3022640244777174,0.030336971028679216,0.7967524675105638,0.5770013388062538,0.09419332213567064,0.6730299249190116,0.3577038642332763,0.027111332044842087
s0601a:s06_s0601a_raw_nemo_buffer_000063-vad_percentile_rms-0000-0000-411356,s06,s0601a,,,,unknown,unknown,unknown,0.8886838855430834,0.7979906079381873,0.15537576705989353,0.860986926207004,0.6707192317715651,0.11870074361263976,0.9199917923036429,0.8221673405829936,0.11765194490785585
s0601a:s06_s0601a_raw_nemo_buffer_000063-vad_percentile_rms-0000-0001-413948,s06,s0601a,0,0,0,safe,safe,safe,0.5959923216682114,0.47399211882311615,0.1829988763942417,0.6291602290758955,0.4617559476106755,0.12889824837878058,0.6188470851698256,0.4820908634422263,0.14381621416646878
s0601a:s06_s0601a_raw_nemo_buffer_000063-vad_percentile_rms-0000-0002-416600,s06,s0601a,,,,unknown,unknown,unknown,0.4522618758765874,0.2580596183931992,0.0708289439648031,0.7448696792128262,0.5623655539874239,0.1390534304953874,0.5105789540759438,0.28956390406151566,0.05594676117705747
s0601a:s06_s0601a_raw_nemo_buffer_000064-vad_percentile_rms-0000-0000-418264,s06,s0601a,1,1,,bad,bad,unknown,0.8370620795942063,0.7534407860738613,0.2646268114032627,0.6998006739510017,0.5214141865718952,0.13565033462765236,0.8439742948004905,0.7531289901937812,0.22339531863732187
s0601a:s06_s0601a_raw_nemo_buffer_000064-vad_percentile_rms-0000-0001-419144,s06,s0601a,,,,unknown,unknown,unknown,0.7753349704155743,0.5906519732791297,0.17816014288626725,0.7950503413897116,0.6085908348071614,0.13690164987108408,0.8075181266306284,0.6156339030238914,0.12556083664800785
s0601a:s06_s0601a_raw_nemo_buffer_000065-vad_percentile_rms-0000-0000-419972,s06,s0601a,,,,unknown,unknown,unknown,0.8476214410452088,0.6563406323363224,0.06057931280429847,0.7873362998447757,0.5709555242992598,0.0981278228689274,0.853785259972773,0.6634897296283024,0.05350285385947194
s0601a:s06_s0601a_raw_nemo_buffer_000065-vad_percentile_rms-0000-0001-423872,s06,s0601a,,,,unknown,unknown,unknown,0.3902204013789191,0.2756311997185657,0.13405945238928613,0.759909467571293,0.5792142312549592,0.1438546945328465,0.48372846629312677,0.3140556434101131,0.11042409183225896
s0601a:s06_s0601a_raw_nemo_buffer_000066-vad_percentile_rms-0000-0000-424428,s06,s0601a,1,,,bad,unknown,unknown,0.9396414259232112,0.7326437283485799,0.062468780779926375,0.7833085469364517,0.6093854652036542,0.15684512507806664,0.9391518787871428,0.7424056777803615,0.07719840361482097
s0601a:s06_s0601a_raw_nemo_buffer_000066-vad_percentile_rms-0000-0001-426504,s06,s0601a,,,,unknown,unknown,unknown,0.3426727675388179,0.19106498627978866,0.04017204353626926,0.7231456052468445,0.5083294597769797,0.09514087137946571,0.46036988275536367,0.2365409164985401,0.03295166838725475
s0601a:s06_s0601a_raw_nemo_buffer_000067-vad_percentile_rms-0000-0000-448948,s06,s0601a,,,,unknown,unknown,unknown,0.8940642775283881,0.7717949189732205,0.16411203945932967,0.7114046602071947,0.5442817152055943,0.15588391722663417,0.8746634932557686,0.7563441162980554,0.16284070584495466
s0601a:s06_s0601a_raw_nemo_buffer_000067-vad_percentile_rms-0000-0001-450624,s06,s0601a,1,1,,bad,bad,unknown,0.9664094680328408,0.9668282761914521,0.8479063482321514,0.7667363698006098,0.6236807812201732,0.21481048225599836,0.9631421096028335,0.9631559860952777,0.8186179101313164
s0601a:s06_s0601a_raw_nemo_buffer_000067-vad_percentile_rms-0000-0002-451792,s06,s0601a,1,1,,bad,bad,unknown,0.970492672933021,0.9757955582837755,0.9124668789361228,0.6551546537629672,0.6156946754343937,0.43998857035741945,0.9501162340002208,0.9682697095011338,0.9431923074021995
s0601a:s06_s0601a_raw_nemo_buffer_000067-vad_percentile_rms-0000-0003-457216,s06,s0601a,,,,unknown,unknown,unknown,0.7885794238506807,0.5285985907669617,0.0761720334337135,0.8235261708908137,0.6431408848106093,0.14422556866576308,0.8347198323752735,0.5793661247517142,0.06849853692695877
s0601a:s06_s0601a_raw_nemo_buffer_000068-vad_percentile_rms-0000-0000-457604,s06,s0601a,,,,unknown,unknown,unknown,0.8559342064717161,0.7263690708051413,0.0912122794680764,0.7601591643649777,0.5627711787736221,0.12007953357220306,0.8444832321612711,0.7198972101330161,0.08935348292757916
s0601a:s06_s0601a_raw_nemo_buffer_000068-vad_percentile_rms-0000-0001-460024,s06,s0601a,1,1,,bad,bad,unknown,0.8095389686218042,0.8384248145748507,0.6093039760236493,0.4570949743695802,0.5382385003539806,0.6240304819247878,0.7164753955629587,0.8012056341035564,0.7909980075748367
s0601a:s06_s0601a_raw_nemo_buffer_000068-vad_percentile_rms-0000-0002-461192,s06,s0601a,1,1,1,bad,bad,bad,0.7740864545222577,0.7972854899987182,0.7171335080291381,0.6316978314990861,0.43778609759188825,0.09710660950684485,0.7981127222935537,0.7948612981428028,0.5767164754020889
s0601a:s06_s0601a_raw_nemo_buffer_000068-vad_percentile_rms-0000-0003-464760,s06,s0601a,,,,unknown,unknown,unknown,0.5238833444815538,0.3543100640417573,0.12393454636496565,0.6736992042641534,0.4660293787668673,0.0933694950584788,0.6009092332511763,0.38831443346367805,0.0856959581848311
s0601a:s06_s0601a_raw_nemo_buffer_000068-vad_percentile_rms-0000-0004-464968,s06,s0601a,,,,unknown,unknown,unknown,0.5916432063208471,0.44466796171833517,0.11696063929734367,0.833057306344448,0.6650169417136652,0.16427627287093674,0.7112706313080099,0.5227048668834818,0.09105110141977514
s0601a:s06_s0601a_raw_nemo_buffer_000069-vad_percentile_rms-0000-0000-465716,s06,s0601a,,,,unknown,unknown,unknown,0.9997535223371175,0.9995414186063974,0.9290349804451907,0.7694584243893884,0.5515785075027797,0.09625248674076166,0.9992980724289148,0.9990939947157457,0.9026463532739619
s0601a:s06_s0601a_raw_nemo_buffer_000069-vad_percentile_rms-0000-0001-467552,s06,s0601a,,,,unknown,unknown,unknown,0.5986098262027393,0.3904937416728379,0.09049870703429426,0.7340041116255125,0.5730002162833896,0.17199462973994686,0.6407086448176385,0.42537846595424067,0.0873599148897514
s0601a:s06_s0601a_raw_nemo_buffer_000070-vad_percentile_rms-0000-0000-477396,s06,s0601a,1,,,bad,unknown,unknown,0.999933519368783,0.9998980314812976,0.9771983876442101,0.7553168969678373,0.5347994151834222,0.09268994391699913,0.9997511557090988,0.999758503542063,0.9644322811383135
s0601a:s06_s0601a_raw_nemo_buffer_000070-vad_percentile_rms-0000-0001-480680,s06,s0601a,,,,unknown,unknown,unknown,0.6689891370082713,0.4635208132143062,0.10742129636963008,0.8088894392182088,0.6095034515949054,0.11776483243549916,0.7140503975182051,0.4939353072977185,0.07027694182903882
s0601a:s06_s0601a_raw_nemo_buffer_000071-vad_percentile_rms-0000-0000-480920,s06,s0601a,,,,unknown,unknown,unknown,0.8784834780528037,0.7068915706759297,0.05478737437590049,0.7704418906471233,0.5437849334107193,0.08726865895245436,0.8770585114493112,0.7047234508416611,0.047871910454426334
s0601a:s06_s0601a_raw_nemo_buffer_000071-vad_percentile_rms-0000-0001-485992,s06,s0601a,,,,unknown,unknown,unknown,0.45540375789400217,0.235303763468545,0.04124244382490241,0.7430835614901007,0.5277875312916609,0.09711824579803802,0.5342833078929226,0.2712219144468296,0.029918019620206227
s0601a:s06_s0601a_raw_nemo_buffer_000072-vad_percentile_rms-0000-0000-486668,s06,s0601a,,,,unknown,unknown,unknown,0.9123782277072432,0.8445631507172305,0.2664436422733758,0.7780642647642432,0.5568312015516689,0.09291872197825053,0.9159935368909736,0.8422639202339507,0.20902170993300515
s0601a:s06_s0601a_raw_nemo_buffer_000072-vad_percentile_rms-0000-0001-489004,s06,s0601a,,,,unknown,unknown,unknown,0.3819585634186252,0.21114600478171566,0.07805705067012766,0.7994211044223729,0.586981055556686,0.10219117288924952,0.5275283415309059,0.2718360352871749,0.051666414839207475
s0601a:s06_s0601a_raw_nemo_buffer_000073-vad_percentile_rms-0000-0000-489612,s06,s0601a,,,,unknown,unknown,unknown,0.9081316274723215,0.8110277452699296,0.10414021842140266,0.7500299786942839,0.5652727994532305,0.13648208670118744,0.890262081038795,0.79743143577515,0.11202598325704109
s0601a:s06_s0601a_raw_nemo_buffer_000073-vad_percentile_rms-0000-0001-491216,s06,s0601a,1,1,,bad,bad,unknown,0.751468233188454,0.641959602592597,0.2851673866911424,0.7567090277090405,0.5607663902267478,0.1216640713849964,0.7998708731344626,0.6716229273941954,0.2251550721339471
s0601a:s06_s0601a_raw_nemo_buffer_000073-vad_percentile_rms-0000-0002-494348,s06,s0601a,,,,unknown,unknown,unknown,0.33492851603501056,0.14382159481323542,0.010401656257745888,0.8334445770639641,0.6500396928032566,0.13753545621825447,0.4477862791053345,0.1872542293582969,0.010208519963932794
s0601a:s06_s0601a_raw_nemo_buffer_000074-vad_percentile_rms-0000-0000-501264,s06,s0601a,,,,unknown,unknown,unknown,0.8074142356652471,0.6420673341156066,0.06720941133921862,0.7565949824756565,0.5271125812463416,0.08392394690667089,0.8197464213195819,0.6502960067218194,0.05578758479720986
s0601a:s06_s0601a_raw_nemo_buffer_000074-vad_percentile_rms-0000-0001-503976,s06,s0601a,0,0,0,safe,safe,safe,0.6431553629853756,0.423682549983994,0.10464758394009055,0.16102171185953948,0.11816339953372706,0.04838339410066677,0.46524563103706235,0.32100738390319355,0.07584059249722316
s0601a:s06_s0601a_raw_nemo_buffer_000074-vad_percentile_rms-0000-0002-505000,s06,s0601a,,,,unknown,unknown,unknown,0.18514445430703813,0.06928129731310305,0.016626988192424967,0.7461501023151866,0.5295251642184557,0.09600429175611108,0.3125783572219073,0.10021265970837734,0.014085622220770071
s0601a:s06_s0601a_raw_nemo_buffer_000075-vad_percentile_rms-0000-0000-505240,s06,s0601a,,,,unknown,unknown,unknown,0.9308378661670608,0.7535930602127352,0.10905676052027069,0.8434597599693128,0.6648667846795574,0.1429502771133176,0.940704527979503,0.7796152240971735,0.1123530389909584
s0601a:s06_s0601a_raw_nemo_buffer_000075-vad_percentile_rms-0000-0001-506344,s06,s0601a,,,,unknown,unknown,unknown,0.2843506113584459,0.12314721688268795,0.021768568416241797,0.8224018847704285,0.626670990150528,0.12116174181892994,0.44344843764495734,0.17590003775447977,0.018692990023555806
s0601a:s06_s0601a_raw_nemo_buffer_000076-vad_percentile_rms-0000-0000-506904,s06,s0601a,1,1,,bad,bad,unknown,0.9766869531542486,0.9619088775805285,0.6598242988441708,0.7634746927079872,0.5812829461994894,0.14194975362003254,0.975951427076532,0.9599049733759931,0.5733500614501135
s0601a:s06_s0601a_raw_nemo_buffer_000077-vad_percentile_rms-0000-0000-522196,s06,s0601a,,,,unknown,unknown,unknown,0.9999232381041724,0.9998905298898717,0.9880127971832412,0.8860454292587431,0.7466257928482122,0.20471588161544269,0.9998059202877515,0.9997916680041729,0.9810501342615774
s0601a:s06_s0601a_raw_nemo_buffer_000078-vad_percentile_rms-0000-0000-536452,s06,s0601a,1,1,,bad,bad,unknown,0.9578203547175258,0.9351392342210644,0.4863429708712998,0.6937355525903175,0.4844667423178289,0.09594815114134317,0.944423336579809,0.9208071844533424,0.3887567655147909
s0601a:s06_s0601a_raw_nemo_buffer_000078-vad_percentile_rms-0000-0001-541904,s06,s0601a,0,0,0,safe,safe,safe,0.46419200773095387,0.3302972403828408,0.12643214587972734,0.14610082356679646,0.10973269729490076,0.047810271077641124,0.3110507763430843,0.2436391473756085,0.0825416791160577
s0601a:s06_s0601a_raw_nemo_buffer_000078-vad_percentile_rms-0000-0002-543532,s06,s0601a,,,,unknown,unknown,unknown,0.5886477184221478,0.3528205178133949,0.07869926750305793,0.8533369179123272,0.6571350334249986,0.11316785747239483,0.7033646768379301,0.4225405578999632,0.05372988369820143
s0601a:s06_s0601a_raw_nemo_buffer_000079-vad_percentile_rms-0000-0000-544320,s06,s0601a,,,,unknown,unknown,unknown,0.8084694700490113,0.6765694229523798,0.16100091123062388,0.6830750488073168,0.47065675248523414,0.09052837027781617,0.8088357188150095,0.6719318253155369,0.11322081452387368
s0601a:s06_s0601a_raw_nemo_buffer_000079-vad_percentile_rms-0000-0002-546996,s06,s0601a,1,1,,bad,bad,unknown,0.8279336261871039,0.8568963884535272,0.5818496118730827,0.5701425290416723,0.4943255109834949,0.270626351025394,0.8151677752702925,0.8395235345449212,0.6024722430714134
s0601a:s06_s0601a_raw_nemo_buffer_000079-vad_percentile_rms-0000-0003-548964,s06,s0601a,,,,unknown,unknown,unknown,0.7725983919703031,0.5703974752712102,0.21021751462916377,0.7364665209143836,0.5989660793226946,0.2190625320970711,0.7797584729798495,0.5875867059367822,0.20462984464999032
s0601a:s06_s0601a_raw_nemo_buffer_000080-vad_percentile_rms-0000-0000-558012,s06,s0601a,,,,unknown,unknown,unknown,0.9327359437989521,0.884352558950719,0.20140734056281773,0.8042690585647406,0.5819617352242384,0.0910607268519976,0.9357481639412291,0.8831310631576005,0.15014862596572887
s0601a:s06_s0601a_raw_nemo_buffer_000080-vad_percentile_rms-0000-0001-560428,s06,s0601a,,,,unknown,unknown,unknown,0.49547293731895486,0.275313174312481,0.03292602221484474,0.855230896058776,0.695602238839618,0.17459002852381433,0.6250839962607967,0.3436664450525691,0.03213311025480781
s0601a:s06_s0601a_raw_nemo_buffer_000081-vad_percentile_rms-0000-0000-560608,s06,s0601a,,,,unknown,unknown,unknown,0.7703796551682812,0.5948778100443612,0.0887741224217539,0.7652986038678552,0.5406876260193719,0.0891059406333792,0.8022499230713742,0.6155807680509686,0.06252728603364303
s0601a:s06_s0601a_raw_nemo_buffer_000081-vad_percentile_rms-0000-0001-563360,s06,s0601a,1,1,,bad,bad,unknown,0.7752550253870569,0.6549107521874564,0.24541506787437428,0.7583505980401878,0.5617180844396734,0.12090983941371607,0.8020077810297542,0.6707817078199761,0.1755059600010237
s0601a:s06_s0601a_raw_nemo_buffer_000081-vad_percentile_rms-0000-0002-564524,s06,s0601a,,,,unknown,unknown,unknown,0.6774583640841644,0.4552519803972309,0.13321106749814743,0.8382143853023228,0.6686244986622004,0.16023475969443157,0.7730817939290928,0.5288871970010661,0.10053851682415159
s0601a:s06_s0601a_raw_nemo_buffer_000082-vad_percentile_rms-0000-0000-573236,s06,s0601a,,,,unknown,unknown,unknown,0.9998902100280883,0.9998676419107643,0.983477236712375,0.8322008613010379,0.6568330649918699,0.15118199618235115,0.9997415314823661,0.9997521111586393,0.974421887938226
s0601a:s06_s0601a_raw_nemo_buffer_000082-vad_percentile_rms-0000-0001-574100,s06,s0601a,1,1,,bad,bad,unknown,0.7883680591996144,0.6876223133692748,0.1991077003251799,0.7368111037039083,0.5578933332871953,0.1430805534238307,0.7866816533999555,0.686237076374113,0.17658996196081653
s0601a:s06_s0601a_raw_nemo_buffer_000082-vad_percentile_rms-0000-0002-577372,s06,s0601a,,,,unknown,unknown,unknown,0.668089397021198,0.5182115199823992,0.16459038779390592,0.6979012338396433,0.5035204839026337,0.11388001655935093,0.6776621857972205,0.5217435410972279,0.12088217227661675
s0601a:s06_s0601a_raw_nemo_buffer_000083-vad_percentile_rms-0000-0000-578120,s06,s0601a,,,,unknown,unknown,unknown,0.9254070824439099,0.8471172416755144,0.1715436416199362,0.8201010115275755,0.6009913290607863,0.09283520567656042,0.9270077914526841,0.8464790095792388,0.13078699933590726
s0601a:s06_s0601a_raw_nemo_buffer_000083-vad_percentile_rms-0000-0001-580036,s06,s0601a,,,,unknown,unknown,unknown,0.49488038782422644,0.2637672761236457,0.04450286665306019,0.8423735267853254,0.6640758599347709,0.14374799621991868,0.6122293821896891,0.3201407640728807,0.03413096891197884
s0601a:s06_s0601a_raw_nemo_buffer_000084-vad_percentile_rms-0000-0000-584912,s06,s0601a,1,,,bad,unknown,unknown,0.9527919612820697,0.7978825027514886,0.11405974099945404,0.8082779595830454,0.6171288047320581,0.1292999990425373,0.952316477050124,0.7995152728460431,0.08915588396812835
s0601a:s06_s0601a_raw_nemo_buffer_000084-vad_percentile_rms-0000-0001-589964,s06,s0601a,1,,,bad,unknown,unknown,0.2451718897216029,0.17343120319073796,0.12122451109962218,0.7508014563722711,0.5406065519931339,0.10353791939772418,0.34663003041457596,0.21108766298190437,0.10064471442076883
s0601a:s06_s0601a_raw_nemo_buffer_000085-vad_percentile_rms-0000-0000-591108,s06,s0601a,1,,,bad,unknown,unknown,0.9519088832354948,0.8959685842288463,0.281878556210982,0.8029702499312562,0.589315133296089,0.10058364178500953,0.9486393765483815,0.8908762575663934,0.23320935118993383
s0601a:s06_s0601a_raw_nemo_buffer_000085-vad_percentile_rms-0000-0001-592040,s06,s0601a,0,0,0,safe,safe,safe,0.14214970949603745,0.07859094584061158,0.027805150888021397,0.0844000539475271,0.0692693564544508,0.03819461634583543,0.07812076311831696,0.05290207603345062,0.021098560264439722
s0601a:s06_s0601a_raw_nemo_buffer_000085-vad_percentile_rms-0000-0003-593844,s06,s0601a,1,1,1,bad,bad,bad,0.8008114075740395,0.6804543132503191,0.2291762102065454,0.6811630471335953,0.46970685482504393,0.09110490095289499,0.8082143005025891,0.680270213608603,0.17771862769223848
s0601a:s06_s0601a_raw_nemo_buffer_000085-vad_percentile_rms-0000-0005-597132,s06,s0601a,,,,unknown,unknown,unknown,0.4439977398370431,0.29722708425065675,0.07210337333324665,0.8323234235378568,0.6257774651130742,0.10527230352102505,0.6092039839859834,0.3802982918619249,0.05276428452007019
s0601a:s06_s0601a_raw_nemo_buffer_000086-vad_percentile_rms-0000-0000-597704,s06,s0601a,,,,unknown,unknown,unknown,0.8102258311607098,0.6346053902372756,0.06691383388896688,0.8010580668865629,0.5798274832512567,0.09239813941213193,0.8268003636979092,0.6485604278098125,0.051169224580641715
s0601a:s06_s0601a_raw_nemo_buffer_000086-vad_percentile_rms-0000-0001-600972,s06,s0601a,,,,unknown,unknown,unknown,0.3231681954118762,0.2087161199141467,0.04928483758064151,0.14137648415139445,0.11258817804582699,0.056142753249153195,0.18822612644110295,0.14669442242886585,0.04625831301986944
s0801a:s08_s0801a_raw_nemo_buffer_000000-vad_percentile_rms-0000-0000-45956,s08,s0801a,,,,unknown,unknown,unknown,0.7640595843231254,0.6992414110061956,0.4045572588890127,0.7967693340403699,0.7042775670799623,0.31753422800825803,0.79014569861767,0.7331944244364051,0.45099612501371594
s0801a:s08_s0801a_raw_nemo_buffer_000000-vad_percentile_rms-0000-0001-47912,s08,s0801a,,,,unknown,unknown,unknown,0.26584353358466045,0.1387559956829939,0.0231644811291245,0.815139092877385,0.6511361741672193,0.17496624879709655,0.42073732385102053,0.22377341484002766,0.028437539363046507
s0801a:s08_s0801a_raw_nemo_buffer_000001-vad_percentile_rms-0000-0000-48764,s08,s0801a,,,,unknown,unknown,unknown,0.7898488371323915,0.6281773110340486,0.1166856676627487,0.8736179226160319,0.7208607652982054,0.18587816417054612,0.8552988001208632,0.7194413599633946,0.12841534638943589
s0801a:s08_s0801a_raw_nemo_buffer_000001-vad_percentile_rms-0000-0001-51036,s08,s0801a,,,,unknown,unknown,unknown,0.2810557245178684,0.16769094311596733,0.0902077890222095,0.6835089811938843,0.5628122369296955,0.21164155770817927,0.3449361714018321,0.21068888559392643,0.10267462751676978
s0801a:s08_s0801a_raw_nemo_buffer_000002-vad_percentile_rms-0000-0000-52060,s08,s0801a,,,,unknown,unknown,unknown,0.9069575231017382,0.8082608865241571,0.2008699429759676,0.761748954168085,0.5836304545244374,0.1497807228249389,0.8845857838755953,0.792607873358194,0.1799242978739855
s0801a:s08_s0801a_raw_nemo_buffer_000002-vad_percentile_rms-0000-0001-54016,s08,s0801a,0,0,0,safe,safe,safe,0.20196744933417488,0.11242129825832926,0.0852143750479031,0.1868113260267341,0.1318757960742433,0.049565391884457556,0.15336789598239242,0.09005737792014583,0.06018639127280116
s0801a:s08_s0801a_raw_nemo_buffer_000002-vad_percentile_rms-0000-0002-55688,s08,s0801a,0,0,0,safe,safe,safe,0.07317186940196875,0.03680702138177186,0.044344811246869884,0.009014047790902984,0.009446860994337428,0.010437301904050466,0.014235395165920168,0.010066521948632433,0.015565033698963024
s0801a:s08_s0801a_raw_nemo_buffer_000002-vad_percentile_rms-0000-0004-57228,s08,s0801a,,,,unknown,unknown,unknown,0.3219998225879058,0.1537207172026683,0.06404718602538269,0.8807293501110993,0.7853027285971852,0.32514984201163283,0.6134392508664969,0.3378412511214157,0.160643585558382
s0801a:s08_s0801a_raw_nemo_buffer_000003-vad_percentile_rms-0000-0000-57536,s08,s0801a,,,,unknown,unknown,unknown,0.909487467443456,0.8594125737686393,0.5358865570647078,0.68681866443026,0.5649580994322704,0.21109967122645368,0.864051332296756,0.8215965886171255,0.49594994901235
s0801a:s08_s0801a_raw_nemo_buffer_000003-vad_percentile_rms-0000-0001-59656,s08,s0801a,,,,unknown,unknown,unknown,0.24317425318286992,0.1215584903215548,0.0646173131312453,0.8181231398136236,0.6614756011357708,0.18686361380093222,0.45294164318313007,0.23035046191453618,0.08884369367410885
s0801a:s08_s0801a_raw_nemo_buffer_000004-vad_percentile_rms-0000-0000-59976,s08,s0801a,,,,unknown,unknown,unknown,0.7546000299740229,0.6210199907496691,0.20370875921681747,0.8683850358287732,0.7360937901848106,0.22907372332641324,0.8202760993125154,0.7021899498293951,0.21589500686476834
s0801a:s08_s0801a_raw_nemo_buffer_000004-vad_percentile_rms-0000-0001-62636,s08,s0801a,,,,unknown,unknown,unknown,0.36116487021884214,0.18904077274325007,0.028021062917152926,0.8972249634407224,0.8009192555889788,0.31741556012671457,0.5401620538120622,0.30720710824434444,0.04036291495806397
s0801a:s08_s0801a_raw_nemo_buffer_000005-vad_percentile_rms-0000-0000-63060,s08,s0801a,1,,,bad,unknown,unknown,0.9986595448590693,0.9940552717137386,0.9824360052247972,0.7101066138510639,0.5634572731536494,0.18081831234141457,0.9953207277775039,0.9849084288213905,0.9757013484513861
s0801a:s08_s0801a_raw_nemo_buffer_000005-vad_percentile_rms-0000-0001-65484,s08,s0801a,0,0,0,safe,safe,safe,0.7575545970721703,0.6573617426632696,0.38378313060277364,0.6981053145716892,0.6139591834370457,0.28764039354510146,0.785196494801555,0.6889203812115937,0.4294020898853857
s0801a:s08_s0801a_raw_nemo_buffer_000005-vad_percentile_rms-0000-0002-66388,s08,s0801a,1,1,,bad,bad,unknown,0.5227813565334639,0.32056472858134083,0.04630519982634561,0.809069504579621,0.7204060822483345,0.33246286704433853,0.58117145327944,0.38385616539999434,0.0666390883601661
s0801a:s08_s0801a_raw_nemo_buffer_000005-vad_percentile_rms-0000-0003-67220,s08,s0801a,0,0,0,safe,safe,safe,0.12753479712020688,0.06156684542792028,0.027690915831609566,0.845093815842429,0.761183462955596,0.3585804982153992,0.24899519739849518,0.11761583822125823,0.05345394759936882
s0801a:s08_s0801a_raw_nemo_buffer_000005-vad_percentile_rms-0000-0004-68468,s08,s0801a,,,,unknown,unknown,unknown,0.4203608348107926,0.24616709893357475,0.08723759608211243,0.7557101847665614,0.6285429049472149,0.2275617135405412,0.5585695890941066,0.3450490383179498,0.1221221562914462
s0801a:s08_s0801a_raw_nemo_buffer_000006-vad_percentile_rms-0000-0000-68796,s08,s0801a,,,,unknown,unknown,unknown,0.8557031125453403,0.7480261761196243,0.2450880645593386,0.7395714709248344,0.617112677905,0.23076395138441907,0.8123656712685561,0.7171356892318955,0.24518857550787582
s0801a:s08_s0801a_raw_nemo_buffer_000006-vad_percentile_rms-0000-0001-71176,s08,s0801a,,,,unknown,unknown,unknown,0.32861388930253715,0.16223098999528793,0.036671522674560426,0.7463102559453756,0.5720797047514286,0.15204119085671014,0.45518336894733613,0.23250797590732736,0.04003958189491093
s0801a:s08_s0801a_raw_nemo_buffer_000007-vad_percentile_rms-0000-0000-71684,s08,s0801a,,,,unknown,unknown,unknown,0.66611945186587,0.5168529118792994,0.1528255276307665,0.7338866928814158,0.579961730774627,0.17712816622685484,0.6758993245079201,0.5390560251179634,0.14873581163143915
s0801a:s08_s0801a_raw_nemo_buffer_000007-vad_percentile_rms-0000-0001-74084,s08,s0801a,,,,unknown,unknown,unknown,0.12307225913385612,0.0603434126452208,0.03155470383641511,0.8570672653792297,0.7253958532728735,0.23267086262897646,0.3099967181019809,0.1411785735633458,0.051394594360097946
s0801a:s08_s0801a_raw_nemo_buffer_000008-vad_percentile_rms-0000-0000-74500,s08,s0801a,1,,,bad,unknown,unknown,0.754880959659129,0.504115183713452,0.04740791923452508,0.8445183492662772,0.6997537582077855,0.20727943672631305,0.815358350909073,0.5938789435082064,0.058809803518779985
s0801a:s08_s0801a_raw_nemo_buffer_000009-vad_percentile_rms-0000-0000-79948,s08,s0801a,,,,unknown,unknown,unknown,0.3187509557129939,0.17267341498822833,0.05274081862458446,0.8585879866137066,0.740292827522076,0.2636922059573476,0.5235118732971937,0.298585167141033,0.07889336866740053
s0801a:s08_s0801a_raw_nemo_buffer_000010-vad_percentile_rms-0000-0000-80276,s08,s0801a,,,,unknown,unknown,unknown,0.9981852155917917,0.9921489786959973,0.9876864043825835,0.7461558802445811,0.5803923115870258,0.1632866547022926,0.9951847407195618,0.9835465199758555,0.9813041160398206
s0801a:s08_s0801a_raw_nemo_buffer_000011-vad_percentile_rms-0000-0000-82988,s08,s0801a,,,,unknown,unknown,unknown,0.8606418978535916,0.7288090531422459,0.10038180991899778,0.7405609346443024,0.6339612945485096,0.2619176730605161,0.7741287318847262,0.6584897749861851,0.11199393506614226
s0801a:s08_s0801a_raw_nemo_buffer_000012-vad_percentile_rms-0000-0000-86696,s08,s0801a,,,,unknown,unknown,unknown,0.6829648094158132,0.5185809706110088,0.14818074709388265,0.6057355550269763,0.4802339562283619,0.17064758060123397,0.6948912322360877,0.5383199141526207,0.1665382430247982
s0801a:s08_s0801a_raw_nemo_buffer_000013-vad_percentile_rms-0000-0000-89136,s08,s0801a,,,,unknown,unknown,unknown,0.8951734035068614,0.7737114855635799,0.11501315819408732,0.8352738087341942,0.6765595266571494,0.1830377001169394,0.8961113096806762,0.7914104824530412,0.12451652420890276
s0801a:s08_s0801a_raw_nemo_buffer_000013-vad_percentile_rms-0000-0001-90836,s08,s0801a,0,0,0,safe,safe,safe,0.08416109455016768,0.0363540235801861,0.021310363706672608,0.19987679185112983,0.13742833966554596,0.0487356337238221,0.06851953213612327,0.0314509174734051,0.016407547071717567
s0801a:s08_s0801a_raw_nemo_buffer_000013-vad_percentile_rms-0000-0002-92824,s08,s0801a,,,,unknown,unknown,unknown,0.3500094882097743,0.14391606719432518,0.0278721233817801,0.7954818424387076,0.6506040997652621,0.20502458296684445,0.5042282380295903,0.2259736830135615,0.03829358755912621
s0801a:s08_s0801a_raw_nemo_buffer_000014-vad_percentile_rms-0000-0000-93188,s08,s0801a,,,,unknown,unknown,unknown,0.7452596041205723,0.5713564269514904,0.09908258730180362,0.7385172690347098,0.5832615237976633,0.1763930318032417,0.7277362698371242,0.5727314084602965,0.1022893517624151
s0801a:s08_s0801a_raw_nemo_buffer_000014-vad_percentile_rms-0000-0001-97164,s08,s0801a,1,,,bad,unknown,unknown,0.11345542560630939,0.058880645587702764,0.06439951938005273,0.498483770221809,0.36962764146150634,0.11962591738878424,0.15755485258362667,0.07933204117048906,0.06947563947647645
s0801a:s08_s0801a_raw_nemo_buffer_000014-vad_percentile_rms-0000-0002-97564,s08,s0801a,1,1,,bad,bad,unknown,0.34151477770633304,0.1848617124194238,0.024909700894207472,0.3500691908118169,0.25830716538660853,0.09205181712464901,0.2452909458104476,0.14143121192293542,0.01864095851199731
s0801a:s08_s0801a_raw_nemo_buffer_000014-vad_percentile_rms-0000-0003-98412,s08,s0801a,0,0,0,safe,safe,safe,0.026759933048937156,0.013970225728901444,0.030633777701468336,0.29240933131021146,0.21265377993063,0.07682458508464203,0.04488408327696473,0.021463743244521705,0.0414008894935397
s0801a:s08_s0801a_raw_nemo_buffer_000014-vad_percentile_rms-0000-0004-102536,s08,s0801a,,,,unknown,unknown,unknown,0.25534357960395665,0.13263993133412563,0.038131375355401155,0.7978669326787639,0.636697088890982,0.1783790710388034,0.44806017837619927,0.23400414879031634,0.049865890304938376
s0801a:s08_s0801a_raw_nemo_buffer_000015-vad_percentile_rms-0000-0000-106188,s08,s0801a,,,,unknown,unknown,unknown,0.7866465015679786,0.5892269997930133,0.0808761266203774,0.8153983135496744,0.6744837068643879,0.2145700398586663,0.8065660154395403,0.6309882220827078,0.09540281671460128
s0801a:s08_s0801a_raw_nemo_buffer_000015-vad_percentile_rms-0000-0001-107092,s08,s0801a,0,0,0,safe,safe,safe,0.1108784688761725,0.06335028569248659,0.0443671725342136,0.35243871968838253,0.24640388147585518,0.07870264841350699,0.1228855817021101,0.06943285224114781,0.039634904487137634
s0801a:s08_s0801a_raw_nemo_buffer_000015-vad_percentile_rms-0000-0002-107904,s08,s0801a,0,0,0,safe,safe,safe,0.08037412948765862,0.03630794867505385,0.02813361866930099,0.09026196707572921,0.06891318942511156,0.033327524690850666,0.04676506470945105,0.02391439230985412,0.01918563926010922
s0801a:s08_s0801a_raw_nemo_buffer_000015-vad_percentile_rms-0000-0003-111436,s08,s0801a,,,,unknown,unknown,unknown,0.285819340523853,0.15058059668171586,0.042481035282608846,0.8433198191869146,0.6986654000074972,0.20759639497783583,0.5040081717456508,0.2751481803291614,0.06018308972100561
s0801a:s08_s0801a_raw_nemo_buffer_000016-vad_percentile_rms-0000-0000-112916,s08,s0801a,,,,unknown,unknown,unknown,0.998615807837745,0.9948201074451265,0.9874446219612624,0.7451172520617366,0.5627319422516387,0.14162222284661863,0.9965308052873137,0.9894628662790546,0.9815543213628116
s0801a:s08_s0801a_raw_nemo_buffer_000016-vad_percentile_rms-0000-0001-114124,s08,s0801a,,,,unknown,unknown,unknown,0.2545377708916923,0.12849096666979504,0.017908568324576046,0.8808814446872255,0.7549395096943857,0.23990881326479804,0.4532241984057114,0.23572989537879602,0.026669481516847417
s0801a:s08_s0801a_raw_nemo_buffer_000017-vad_percentile_rms-0000-0000-119480,s08,s0801a,,,,unknown,unknown,unknown,0.895273048590438,0.8349513152143534,0.4396883123590253,0.809186850155203,0.6539283504261844,0.18876877883844734,0.9163612463967921,0.8640201588841095,0.43630231819609877
s0801a:s08_s0801a_raw_nemo_buffer_000017-vad_percentile_rms-0000-0001-120076,s08,s0801a,,,,unknown,unknown,unknown,0.46782036235861435,0.2815056970951353,0.092097966089084,0.8402506204902848,0.7103031382963089,0.23766479996656126,0.7391943302274473,0.49604512243645216,0.16764812570475732
s0801a:s08_s0801a_raw_nemo_buffer_000018-vad_percentile_rms-0000-0000-125872,s08,s0801a,,,,unknown,unknown,unknown,0.913889956428601,0.825712691913148,0.1924247162886821,0.8450903348585341,0.6855926118363341,0.18073221991836003,0.9178484706603457,0.8431243412119928,0.19425161439737104
s0801a:s08_s0801a_raw_nemo_buffer_000018-vad_percentile_rms-0000-0001-127188,s08,s0801a,1,1,1,bad,bad,bad,0.5420512718904947,0.36472389093276814,0.11826110176499781,0.7847249360900376,0.7170475490383923,0.37845763049535985,0.5583038080077553,0.3996065520187503,0.17992994609282173
s0801a:s08_s0801a_raw_nemo_buffer_000018-vad_percentile_rms-0000-0002-128388,s08,s0801a,,,,unknown,unknown,unknown,0.6387182514450751,0.42402116997241895,0.1448214117553501,0.7635006929570068,0.5849671772463881,0.14951981914265577,0.7510346002808019,0.5313611751470495,0.14322346190758245
s0801a:s08_s0801a_raw_nemo_buffer_000019-vad_percentile_rms-0000-0000-129312,s08,s0801a,,,,unknown,unknown,unknown,0.8644618922002396,0.7810738170650466,0.355984239649701,0.7649466224080903,0.5944200669405778,0.16036177142163363,0.9001793773638255,0.8262352264392948,0.369060290888945
s0801a:s08_s0801a_raw_nemo_buffer_000019-vad_percentile_rms-0000-0001-129828,s08,s0801a,,,,unknown,unknown,unknown,0.5150603300992148,0.33212160113842465,0.12341859842951812,0.8178318591400149,0.6612264127428271,0.18692660362264696,0.7322013784378665,0.5116211000844656,0.16529837708884146
s0801a:s08_s0801a_raw_nemo_buffer_000020-vad_percentile_rms-0000-0000-132024,s08,s0801a,,,,unknown,unknown,unknown,0.8763917319603182,0.7316266038118008,0.10811984487671097,0.8843530372502839,0.7389795918236516,0.1956227454688355,0.9105386849836077,0.796681887699554,0.12615474514169656
s0801a:s08_s0801a_raw_nemo_buffer_000020-vad_percentile_rms-0000-0002-132868,s08,s0801a,,,,unknown,unknown,unknown,0.7235729418651978,0.6695412973484928,0.39265473892996744,0.14402229467772823,0.1353403161485912,0.08467612248008592,0.5099866912033367,0.4893270984495043,0.2652710307835938
s0801a:s08_s0801a_raw_nemo_buffer_000020-vad_percentile_rms-0000-0003-133420,s08,s0801a,,,,unknown,unknown,unknown,0.3400317032207809,0.1857442947131093,0.11892863032388418,0.3783959354957904,0.2518615543570528,0.07120240373451601,0.3611927587166892,0.19953739708052096,0.1029033264939102
s0801a:s08_s0801a_raw_nemo_buffer_000020-vad_percentile_rms-0000-0004-134316,s08,s0801a,,,,unknown,unknown,unknown,0.4728938577877381,0.25200733208210163,0.02852772870042807,0.8730018833029529,0.7536361727740719,0.2586166710619676,0.6547064994992458,0.39030590072751453,0.04098027845790783
s0801a:s08_s0801a_raw_nemo_buffer_000021-vad_percentile_rms-0000-0000-137192,s08,s0801a,,,,unknown,unknown,unknown,0.18055269196747215,0.22914842193514645,0.13210850341248076,0.5376643160463731,0.4751561888515397,0.2343503381021673,0.22983761484742007,0.2668280311708956,0.10235778679198385
s0801a:s08_s0801a_raw_nemo_buffer_000021-vad_percentile_rms-0000-0001-141696,s08,s0801a,0,0,0,safe,safe,safe,0.029013987145517638,0.014296515248249141,0.02049458032535029,0.11134927084378363,0.09126975940396004,0.04768579225640513,0.022142830076340717,0.01182856721086129,0.017895500928544413
s0801a:s08_s0801a_raw_nemo_buffer_000021-vad_percentile_rms-0000-0002-143592,s08,s0801a,,,,unknown,unknown,unknown,0.1430624060984804,0.08219654027104442,0.06878915449202373,0.40359799579935457,0.3278461614452292,0.13823918080673342,0.12312935270572291,0.07610714913837202,0.06622339929598951
s0801a:s08_s0801a_raw_nemo_buffer_000021-vad_percentile_rms-0000-0003-145828,s08,s0801a,,,,unknown,unknown,unknown,0.2993437603820064,0.1553876673316482,0.02616271902583063,0.7447708486527159,0.5709495743408377,0.15226298040481348,0.40206883313999303,0.21319161530826555,0.02751162160581435
s0801a:s08_s0801a_raw_nemo_buffer_000022-vad_percentile_rms-0000-0000-146276,s08,s0801a,,,,unknown,unknown,unknown,0.6682044110040455,0.4574524734736717,0.08042523556993887,0.7891497131516688,0.6134372715796188,0.15641314515229282,0.771158265520821,0.5665363806961078,0.094758760492239
s0801a:s08_s0801a_raw_nemo_buffer_000022-vad_percentile_rms-0000-0001-147068,s08,s0801a,1,,,bad,unknown,unknown,0.1314659347671277,0.06721749529549,0.03421876345502093,0.3930161179908404,0.27198007773049426,0.08223411992907018,0.15297222777404515,0.0764075890511815,0.03028947191243158
s0801a:s08_s0801a_raw_nemo_buffer_000022-vad_percentile_rms-0000-0002-147304,s08,s0801a,0,0,0,safe,safe,safe,0.3491868419754145,0.22979256947165874,0.1223727405905561,0.8216240529363379,0.7497792579587675,0.38671554903967903,0.45538380798766626,0.3095757661544265,0.18566734070117427
s0801a:s08_s0801a_raw_nemo_buffer_000022-vad_percentile_rms-0000-0003-149632,s08,s0801a,,,,unknown,unknown,unknown,0.14069787135491668,0.06572557614590765,0.02577290298619322,0.8473983782839903,0.7371536668417749,0.2842620258351083,0.3163147355738216,0.14158692656723165,0.04596550498486576
s0801a:s08_s0801a_raw_nemo_buffer_000023-vad_percentile_rms-0000-0000-152844,s08,s0801a,,,,unknown,unknown,unknown,0.8799087802259734,0.7405081134492879,0.10000391274474064,0.8268237064972791,0.6613386880583777,0.1725472527518998,0.8749289306648401,0.7525189789916872,0.10350533949883689
s0801a:s08_s0801a_raw_nemo_buffer_000023-vad_percentile_rms-0000-0001-154540,s08,s0801a,,,,unknown,unknown,unknown,0.35312546976180803,0.17035014524475106,0.01997365588339412,0.8780038777171755,0.7455826415555891,0.22583814897754276,0.5462943926797975,0.28815932809700995,0.027711711969173793
s0801a:s08_s0801a_raw_nemo_buffer_000024-vad_percentile_rms-0000-0000-155076,s08,s0801a,1,,,bad,unknown,unknown,0.7915992465192601,0.6483543593027837,0.14254931939470483,0.8226656844383397,0.6576646684271609,0.17341924213286788,0.8465404858269966,0.7215070189206183,0.14986495183384346
s0801a:s08_s0801a_raw_nemo_buffer_000024-vad_percentile_rms-0000-0001-159304,s08,s0801a,0,0,0,safe,safe,safe,0.017337155212641765,0.007817384135012241,0.014733251228235841,0.017968936405171554,0.0183603922484986,0.017572421537952153,0.0060576065028571805,0.003427972463476384,0.007742486429657306
s0801a:s08_s0801a_raw_nemo_buffer_000024-vad_percentile_rms-0000-0002-161004,s08,s0801a,,,,unknown,unknown,unknown,0.4217291171768671,0.22410362894191174,0.02904989137390335,0.8783147516710461,0.81621606330364,0.4456716446735049,0.5157337024926171,0.29959084406207137,0.05061871780653054
s0801a:s08_s0801a_raw_nemo_buffer_000025-vad_percentile_rms-0000-0000-161544,s08,s0801a,,,,unknown,unknown,unknown,0.7798222288153233,0.6739656281093519,0.29512721352348226,0.6637868027561133,0.5330864505745575,0.18768631623972942,0.7369069433871912,0.645384323258695,0.27234353842896275
s0801a:s08_s0801a_raw_nemo_buffer_000025-vad_percentile_rms-0000-0001-166572,s08,s0801a,,,,unknown,unknown,unknown,0.3184977651947648,0.1815268610418725,0.07972713398859911,0.7671767508611946,0.6207810200252364,0.19709119468436304,0.4865415883233486,0.28967625786583184,0.12224062563113337
s0801a:s08_s0801a_raw_nemo_buffer_000026-vad_percentile_rms-0000-0000-166956,s08,s0801a,1,1,,bad,bad,unknown,0.7048445276270531,0.5053022650459569,0.09737593769267903,0.8036912786458973,0.6649296508004935,0.2172944495554527,0.7456205088927956,0.5620101921281383,0.11316114502873559
s0801a:s08_s0801a_raw_nemo_buffer_000026-vad_percentile_rms-0000-0001-168416,s08,s0801a,1,,,bad,unknown,unknown,0.608161653222492,0.4743343607630637,0.24371032040283552,0.7460898017075246,0.698840103922505,0.4095329862956355,0.5601906649521102,0.45768450437941666,0.2999877731731654
s0801a:s08_s0801a_raw_nemo_buffer_000026-vad_percentile_rms-0000-0002-169528,s08,s0801a,0,0,0,safe,safe,safe,0.11062444802722728,0.05703602620195965,0.034991366055215134,0.17641955992916014,0.12738879633900918,0.050268073830929634,0.07675981158078979,0.04264141457682041,0.02333051095304972
s0801a:s08_s0801a_raw_nemo_buffer_000026-vad_percentile_rms-0000-0003-170280,s08,s0801a,,,,unknown,unknown,unknown,0.3094952506807268,0.16520468938324662,0.015801289864646944,0.8613364088656338,0.7361328135388608,0.24671033735495532,0.4736232778266279,0.26274013016032927,0.020987787306198834
s0801a:s08_s0801a_raw_nemo_buffer_000027-vad_percentile_rms-0000-0000-173980,s08,s0801a,1,,,bad,unknown,unknown,0.89870998077923,0.7668853404730148,0.17512435423054712,0.8749450927036142,0.7291094195873536,0.19860383484605446,0.9155787947004597,0.8088222873793215,0.18965555764982794
s0801a:s08_s0801a_raw_nemo_buffer_000027-vad_percentile_rms-0000-0001-177992,s08,s0801a,,,,unknown,unknown,unknown,0.4718262383407471,0.26283177975475336,0.062078807524570026,0.8749487678406833,0.7425262788583015,0.22688522141790807,0.6739059400698211,0.41926930856085404,0.08634758087104713
s0801a:s08_s0801a_raw_nemo_buffer_000028-vad_percentile_rms-0000-0000-178376,s08,s0801a,,,,unknown,unknown,unknown,0.7969638744295545,0.6116802166715454,0.07769419777467586,0.8403082143903504,0.703202432600148,0.222674243213521,0.809062609191593,0.6474039747941296,0.09018337741409761
s0801a:s08_s0801a_raw_nemo_buffer_000028-vad_percentile_rms-0000-0002-181968,s08,s0801a,,,,unknown,unknown,unknown,0.4880640184442162,0.31548474223836764,0.04015978146561245,0.8803120710183819,0.8018827708819302,0.38325304280736583,0.6152350127139973,0.42927562650705725,0.06765169879176752
s0801a:s08_s0801a_raw_nemo_buffer_000028-vad_percentile_rms-0000-0003-186672,s08,s0801a,0,0,0,safe,safe,safe,0.0113122629529631,0.005510607071484831,0.017056725374376334,0.293062747499168,0.22475030237133733,0.08965162535336475,0.01798939788369071,0.008317476606386343,0.025251087007069583
s0801a:s08_s0801a_raw_nemo_buffer_000028-vad_percentile_rms-0000-0004-189928,s08,s0801a,,,,unknown,unknown,unknown,0.09934129322852663,0.045729984576972374,0.029793920148313516,0.8212399852900902,0.6942141729390814,0.24289853106510345,0.22706502455605226,0.09710744331066386,0.04706012206625467
s0801a:s08_s0801a_raw_nemo_buffer_000029-vad_percentile_rms-0000-0000-190184,s08,s0801a,1,1,,bad,bad,unknown,0.6025708062817874,0.3749129080464211,0.055473422829317505,0.8449430591493207,0.7073345204397222,0.2213949981912412,0.6935179179964284,0.4710006618597292,0.07386182106199402
s0801a:s08_s0801a_raw_nemo_buffer_000029-vad_percentile_rms-0000-0001-191832,s08,s0801a,,,,unknown,unknown,unknown,0.19920182792995614,0.10379446035408262,0.06900079625303346,0.3206507136745536,0.24418243219968316,0.09441698609068726,0.22123257868469326,0.11319117366215595,0.0677634748550421
s0801a:s08_s0801a_raw_nemo_buffer_000029-vad_percentile_rms-0000-0002-192068,s08,s0801a,,,,unknown,unknown,unknown,0.10685926867476672,0.05923982018235357,0.07590872678539941,0.878279914184869,0.7945719381595244,0.36441787211401927,0.38036217296053176,0.191974171813774,0.21365940313174964
s0801a:s08_s0801a_raw_nemo_buffer_000030-vad_percentile_rms-0000-0000-192272,s08,s0801a,1,,,bad,unknown,unknown,0.9845822850591576,0.9918440039714275,0.8950199254376455,0.3280985551597871,0.35595570242841956,0.2689306883950905,0.9680394804487246,0.9837958031138737,0.8449984540710688
s0801a:s08_s0801a_raw_nemo_buffer_000030-vad_percentile_rms-0000-0001-192924,s08,s0801a,,,,unknown,unknown,unknown,0.2174432788368355,0.10516026359731286,0.045563144067051795,0.8482863863901401,0.7311834618894957,0.2670953797370399,0.36863235600993377,0.18445060961350132,0.0681056109781837
s0801a:s08_s0801a_raw_nemo_buffer_000030-vad_percentile_rms-0000-0002-196728,s08,s0801a,0,0,0,safe,safe,safe,0.003628657350664827,0.0021900329707546656,0.02055280207958524,0.33770617631149624,0.27240956102672337,0.11674472883996952,0.008649803548782154,0.004545367277699991,0.040273047431179494
s0801a:s08_s0801a_raw_nemo_buffer_000030-vad_percentile_rms-0000-0003-199192,s08,s0801a,,,,unknown,unknown,unknown,0.2785281473535751,0.1427386867449691,0.0316886326654994,0.7828903648324518,0.6247197507853257,0.1812043240927717,0.4013787741347733,0.21230031226597568,0.03849798604287736
s0801a:s08_s0801a_raw_nemo_buffer_000031-vad_percentile_rms-0000-0000-199632,s08,s0801a,,,,unknown,unknown,unknown,0.4467356564118242,0.11841113352129548,0.009319395809988857,0.9190905560900885,0.8428798988666262,0.38146736018869937,0.5252805504891235,0.1656015500301045,0.01490591518576705
s0801a:s08_s0801a_raw_nemo_buffer_000031-vad_percentile_rms-0000-0001-200452,s08,s0801a,,,,unknown,unknown,unknown,0.3221249092784297,0.19285620378420132,0.05428457944289921,0.8838497266636012,0.7642104380239979,0.2545093136280759,0.5585986754078559,0.34606903628195634,0.0806266817634058
s0801a:s08_s0801a_raw_nemo_buffer_000032-vad_percentile_rms-0000-0000-200760,s08,s0801a,,,,unknown,unknown,unknown,0.8783958951434699,0.792280949190153,0.2524460239237204,0.7624703951894588,0.6008410180395128,0.1724877309234434,0.8740870257566408,0.7970305556134881,0.24407240148503345
s0801a:s08_s0801a_raw_nemo_buffer_000032-vad_percentile_rms-0000-0001-204188,s08,s0801a,1,,,bad,unknown,unknown,0.3672722849613293,0.20737120178283258,0.04975654232145205,0.8904320151710052,0.8261186995911184,0.4394727939315396,0.4870296889432561,0.29858236454428816,0.08521063413164297
s0801a:s08_s0801a_raw_nemo_buffer_000033-vad_percentile_rms-0000-0000-208392,s08,s0801a,,,,unknown,unknown,unknown,0.9295722321002784,0.8922268981198543,0.5651054367550745,0.7387144790895666,0.6641450126362718,0.3327309342630429,0.8720486495798057,0.845940121932582,0.5582124100539329
s0801a:s08_s0801a_raw_nemo_buffer_000033-vad_percentile_rms-0000-0001-210004,s08,s0801a,,,,unknown,unknown,unknown,0.6194877823753537,0.47521521613759116,0.16222198294867285,0.8012575055446799,0.7352980975333431,0.3934307078277136,0.6097675903120489,0.4900986701186247,0.19948458124594837
s0801a:s08_s0801a_raw_nemo_buffer_000033-vad_percentile_rms-0000-0002-213644,s08,s0801a,,,,unknown,unknown,unknown,0.25535230793716307,0.13097373376433757,0.07399849112054917,0.9008428304940779,0.8350373270320298,0.43366381370169005,0.48225109577905245,0.2599639111560329,0.14429394684346963
s0801a:s08_s0801a_raw_nemo_buffer_000034-vad_percentile_rms-0000-0000-213952,s08,s0801a,,,,unknown,unknown,unknown,0.8537925897011157,0.652648480790188,0.07695493327135748,0.8021500176799049,0.6789202144054637,0.24780148076427588,0.8409187265902363,0.6585400675486817,0.09319097050734818
s0801a:s08_s0801a_raw_nemo_buffer_000034-vad_percentile_rms-0000-0001-217924,s08,s0801a,,,,unknown,unknown,unknown,0.12246867174096894,0.05867534330221887,0.02826530286363208,0.7416589943293771,0.5855175882091941,0.17589085316849098,0.22885729717195372,0.10346263241438547,0.03674784432726585
s0801a:s08_s0801a_raw_nemo_buffer_000035-vad_percentile_rms-0000-0000-218632,s08,s0801a,,,,unknown,unknown,unknown,0.7145169363226214,0.5661958761163215,0.23000012633838712,0.720231199602841,0.578832125040325,0.19203963452581893,0.7695507214648083,0.6275210191416071,0.2604791600945915
s0801a:s08_s0801a_raw_nemo_buffer_000035-vad_percentile_rms-0000-0001-219304,s08,s0801a,0,0,0,safe,safe,safe,0.3231275966644576,0.22620494900600505,0.21670630235365826,0.22294428174108763,0.17997487263524473,0.08249005633148368,0.23853534929797454,0.1719352569149657,0.15044714403658282
s0801a:s08_s0801a_raw_nemo_buffer_000035-vad_percentile_rms-0000-0002-219560,s08,s0801a,0,0,0,safe,safe,safe,0.25285075550679337,0.15245246690076167,0.10918891025573507,0.2667630445497635,0.21790154969360978,0.09923966305376825,0.2072108451733232,0.13114384154573466,0.10494218465459129
s0801a:s08_s0801a_raw_nemo_buffer_000035-vad_percentile_rms-0000-0003-220120,s08,s0801a,,,,unknown,unknown,unknown,0.45460026082370647,0.31900960447605564,0.1768439542224245,0.7697385174862883,0.6545450532981143,0.25549994930038183,0.6870411600592085,0.4997303304408399,0.28992839496126616
s0801a:s08_s0801a_raw_nemo_buffer_000036-vad_percentile_rms-0000-0000-220472,s08,s0801a,,,,unknown,unknown,unknown,0.7044670480766534,0.4860463966591938,0.09975539567126475,0.7154008311689442,0.5415025516771959,0.14555564423990636,0.7505451193838704,0.5425778857030653,0.10416618234279335
s0801a:s08_s0801a_raw_nemo_buffer_000036-vad_percentile_rms-0000-0002-221756,s08,s0801a,0,0,0,safe,safe,safe,0.05861126242372385,0.026944597663810885,0.01955295889171979,0.08180476133144042,0.06301908858356983,0.03139510801755668,0.03577549156939808,0.018551650435173067,0.014838850272526889
s0801a:s08_s0801a_raw_nemo_buffer_000036-vad_percentile_rms-0000-0003-223324,s08,s0801a,0,0,0,safe,safe,safe,0.23312870663061522,0.13270601453536388,0.07951769934248568,0.05158909278926231,0.0516211712826664,0.040871285601313485,0.08939109562098728,0.05947637133974042,0.0464090951690569
s0801a:s08_s0801a_raw_nemo_buffer_000036-vad_percentile_rms-0000-0004-223452,s08,s0801a,0,0,0,safe,safe,safe,0.4334810904149384,0.2745916416408403,0.08830845403473277,0.06982065043798166,0.06135985818544561,0.03827882250931713,0.1912904946349294,0.131116788129536,0.04537134555444417
s0801a:s08_s0801a_raw_nemo_buffer_000036-vad_percentile_rms-0000-0005-224024,s08,s0801a,1,1,,bad,bad,unknown,0.39272835505686454,0.268916968382536,0.19891568218606656,0.7425938196608385,0.6110582648072832,0.21553587163022053,0.540904847928007,0.3751935201806394,0.24139384265855005
s0801a:s08_s0801a_raw_nemo_buffer_000036-vad_percentile_rms-0000-0006-224872,s08,s0801a,,,,unknown,unknown,unknown,0.5596390344634986,0.3656166882001869,0.1408264825932092,0.7037499185440803,0.5420858295822234,0.15797413106029112,0.6955128276556617,0.4774229347305834,0.16403195828717052
s0801a:s08_s0801a_raw_nemo_buffer_000037-vad_percentile_rms-0000-0000-226268,s08,s0801a,,,,unknown,unknown,unknown,0.9755859601841765,0.9501662346713495,0.3805431823067096,0.7923801204957727,0.6402402247571474,0.19221242637967714,0.9762762929230384,0.9539873123710099,0.44663075525115636
s0801a:s08_s0801a_raw_nemo_buffer_000037-vad_percentile_rms-0000-0001-226920,s08,s0801a,,,,unknown,unknown,unknown,0.15329705389467113,0.07352314098401272,0.025347453559063746,0.8603422247874654,0.7284432252887686,0.23165135416308819,0.34349320851151527,0.15871865874645194,0.039681939116952926
s0801a:s08_s0801a_raw_nemo_buffer_000038-vad_percentile_rms-0000-0000-227560,s08,s0801a,,,,unknown,unknown,unknown,0.9094560536125211,0.7955280992041005,0.10125085479242481,0.8408665468200874,0.6964517276206588,0.20824017143569293,0.8942541330677461,0.7922335236095329,0.1095369566337251
s0801a:s08_s0801a_raw_nemo_buffer_000038-vad_percentile_rms-0000-0001-228744,s08,s0801a,,,,unknown,unknown,unknown,0.4528085911697718,0.23930696554093583,0.035226991096735674,0.8740398028589541,0.7416247713159749,0.22719316216171917,0.6420703072373779,0.37904597993089717,0.04921887317525402
s0801a:s08_s0801a_raw_nemo_buffer_000039-vad_percentile_rms-0000-0000-228900,s08,s0801a,,,,unknown,unknown,unknown,0.7815419405614097,0.5936908389291141,0.08325818989264794,0.8574935211148709,0.7118437613592724,0.20373752707945433,0.8292001035498529,0.6668517212117119,0.09663172362086739
s0801a:s08_s0801a_raw_nemo_buffer_000039-vad_percentile_rms-0000-0001-232236,s08,s0801a,,,,unknown,unknown,unknown,0.12268280975128563,0.05982973614583562,0.019413418587138687,0.8533805244437777,0.7220096000308581,0.23379915586386096,0.2800189943008845,0.12759207492565836,0.02985222602478809
s0801a:s08_s0801a_raw_nemo_buffer_000040-vad_percentile_rms-0000-0000-232748,s08,s0801a,,,,unknown,unknown,unknown,0.39127414567907964,0.20058788441857034,0.03874182653687791,0.7630118493990855,0.5929480264716349,0.1606681151928055,0.5196039369285751,0.28107841285677365,0.04389986776601587
s0801a:s08_s0801a_raw_nemo_buffer_000040-vad_percentile_rms-0000-0001-233488,s08,s0801a,,,,unknown,unknown,unknown,0.502901484674378,0.35419958094432136,0.19367719434400316,0.8799553863254721,0.807008337153922,0.40359371093975843,0.7218057754858794,0.5412144743806901,0.31883822798460937
s0801a:s08_s0801a_raw_nemo_buffer_000040-vad_percentile_rms-0000-0002-233536,s08,s0801a,,,,unknown,unknown,unknown,0.3251602837313308,0.18960152656701404,0.04244391275079546,0.7977457690037623,0.6754986656236407,0.24889000001500713,0.4816547388572845,0.2853919580816653,0.05475561242081423
s0801a:s08_s0801a_raw_nemo_buffer_000041-vad_percentile_rms-0000-0000-235412,s08,s0801a,,,,unknown,unknown,unknown,0.8955756671764574,0.7871958812650347,0.14253656110430518,0.7577843260380893,0.5890034991909721,0.1614896343200955,0.9064803713045466,0.8115128226189836,0.16636171756252252
s0801a:s08_s0801a_raw_nemo_buffer_000041-vad_percentile_rms-0000-0001-235948,s08,s0801a,,,,unknown,unknown,unknown,0.20228798797389014,0.1060333335713172,0.03238014709564386,0.8033201550826247,0.6411789758513996,0.17732077250456665,0.40723125252606057,0.20650707155497264,0.04604640779353999
s0801a:s08_s0801a_raw_nemo_buffer_000042-vad_percentile_rms-0000-0000-236212,s08,s0801a,,,,unknown,unknown,unknown,0.9970309432858473,0.9885101522846311,0.981798102119653,0.8475487974079062,0.6952650224971001,0.19296380769834315,0.9952320126485914,0.9833345605204035,0.9767632936372829
s0801a:s08_s0801a_raw_nemo_buffer_000042-vad_percentile_rms-0000-0001-238028,s08,s0801a,0,0,0,safe,safe,safe,0.13773470011150007,0.06503733851117106,0.03763805157946559,0.5183938740273355,0.43009480564413055,0.18158336684036575,0.16806303309653922,0.08102181660073114,0.0496900952162964
s0801a:s08_s0801a_raw_nemo_buffer_000042-vad_percentile_rms-0000-0002-238340,s08,s0801a,1,,,bad,unknown,unknown,0.022056066597423065,0.011819044721197406,0.02678753443862567,0.28996645716779196,0.2354644344231929,0.10473818654237038,0.024146472478505262,0.013439540026549793,0.032540560332082295
s0801a:s08_s0801a_raw_nemo_buffer_000042-vad_percentile_rms-0000-0003-240596,s08,s0801a,,,,unknown,unknown,unknown,0.6919859446237165,0.6000297619230275,0.3822967741484459,0.6527605498005373,0.6105736378728148,0.35219780460478034,0.6282418844732455,0.5591694918472094,0.40753944815112275
s0801a:s08_s0801a_raw_nemo_buffer_000042-vad_percentile_rms-0000-0004-241356,s08,s0801a,,,,unknown,unknown,unknown,0.3213670841167382,0.13717244100951773,0.014790548282895265,0.8485860537075149,0.7314438821746415,0.26699873697816273,0.4324151198330802,0.19892827726640994,0.019951137615173285
s0801a:s08_s0801a_raw_nemo_buffer_000043-vad_percentile_rms-0000-0000-241896,s08,s0801a,,,,unknown,unknown,unknown,0.5996163784398754,0.37002961343991553,0.04722889920438873,0.7416688864332849,0.5686836234586385,0.15270803969267088,0.6178293148843049,0.4010555588292586,0.04740421609375778
s0801a:s08_s0801a_raw_nemo_buffer_000043-vad_percentile_rms-0000-0001-245772,s08,s0801a,,,,unknown,unknown,unknown,0.24713970105680025,0.12017040601690164,0.05082314632975167,0.8579178530421836,0.7192691589356556,0.2176695073222515,0.468172011032027,0.23429459901601338,0.07040161285907322
s0801a:s08_s0801a_raw_nemo_buffer_000044-vad_percentile_rms-0000-0000-245984,s08,s0801a,1,,,bad,unknown,unknown,0.7491735161929035,0.564365337929454,0.10455531599732364,0.7988148322272258,0.6374713011161607,0.1781963121890198,0.8072604323358212,0.6414990319200853,0.12507088154721027
s0801a:s08_s0801a_raw_nemo_buffer_000044-vad_percentile_rms-0000-0001-247224,s08,s0801a,0,0,0,safe,safe,safe,0.20329813736072366,0.09965199706742925,0.07493012624040142,0.24370098348465402,0.18467368955193472,0.07459782934213767,0.16664059086234698,0.08667533438213666,0.06860830940341504
s0801a:s08_s0801a_raw_nemo_buffer_000044-vad_percentile_rms-0000-0002-247288,s08,s0801a,,,,unknown,unknown,unknown,0.6782823010476051,0.528353503679959,0.18089140490351782,0.2844445230914898,0.20333473949430636,0.07158419918640219,0.5388102860707341,0.4146956279857423,0.1091419952045327
s0801a:s08_s0801a_raw_nemo_buffer_000044-vad_percentile_rms-0000-0003-248188,s08,s0801a,,,,unknown,unknown,unknown,0.1120001196842982,0.05431533634762112,0.022558426616333685,0.823381900838174,0.6736441385518449,0.19883999551497644,0.25655535191230383,0.11498265798972408,0.033152630837892924
s0801a:s08_s0801a_raw_nemo_buffer_000045-vad_percentile_rms-0000-0000-249124,s08,s0801a,,,,unknown,unknown,unknown,0.6430392922033163,0.4237407977384939,0.08842689177255036,0.8701039153595008,0.7443821731931097,0.24375172681730115,0.7639674752424072,0.5505085024729316,0.10911655164992692
s0801a:s08_s0801a_raw_nemo_buffer_000045-vad_percentile_rms-0000-0001-249640,s08,s0801a,,,,unknown,unknown,unknown,0.46846393340693515,0.2869466753421411,0.19621820427514997,0.8539022845549035,0.7361085197361561,0.265261305797237,0.7168447848925585,0.4862006010344978,0.2903990395509461
s0801a:s08_s0801a_raw_nemo_buffer_000046-vad_percentile_rms-0000-0000-253416,s08,s0801a,1,1,,bad,bad,unknown,0.8729071400495614,0.7949060534366911,0.3561778120095485,0.8549707011948973,0.7094470010248982,0.20444288355064674,0.9473549804740428,0.8901054835622345,0.4423215857401842
s0801a:s08_s0801a_raw_nemo_buffer_000046-vad_percentile_rms-0000-0001-253836,s08,s0801a,,,,unknown,unknown,unknown,0.37738901434777444,0.2388179449163188,0.11118369579984554,0.8601560422223711,0.7547082640407244,0.2972249480393716,0.6677971738314947,0.4454114684356388,0.2017079508758211
s0801a:s08_s0801a_raw_nemo_buffer_000047-vad_percentile_rms-0000-0000-255572,s08,s0801a,,,,unknown,unknown,unknown,0.9989804454680835,0.9962186059091701,0.988196931861936,0.8500491350628426,0.6902791158764288,0.17953112856003206,0.99817463954773,0.9940296196916748,0.9854226571605301
s0801a:s08_s0801a_raw_nemo_buffer_000047-vad_percentile_rms-0000-0001-256188,s08,s0801a,1,,,bad,unknown,unknown,0.15129451732352514,0.08945260900568795,0.07695814886695236,0.30313348921988625,0.2117616931036525,0.07032580721490089,0.1891937104488691,0.10622789741392291,0.07506388209577089
s0801a:s08_s0801a_raw_nemo_buffer_000047-vad_percentile_rms-0000-0002-257228,s08,s0801a,,,,unknown,unknown,unknown,0.14110087905225804,0.07079291017954548,0.03313291688330057,0.8191762858675234,0.6623784069430851,0.1866353497483903,0.3409289653926401,0.15895251352105783,0.05103836021009037
s0801a:s08_s0801a_raw_nemo_buffer_000048-vad_percentile_rms-0000-0000-261580,s08,s0801a,,,,unknown,unknown,unknown,0.815059251266498,0.6469863226434394,0.10968864840798194,0.8671763535215093,0.7281519112761762,0.21486420236383488,0.8497360826161678,0.7076925576623456,0.12392584524893906
s0801a:s08_s0801a_raw_nemo_buffer_000048-vad_percentile_rms-0000-0001-266172,s08,s0801a,,,,unknown,unknown,unknown,0.1395464869365224,0.06363189115768508,0.024406778011489553,0.8043450106826106,0.6499199992215504,0.18977859413764622,0.27782175556804994,0.1227360160178239,0.03497370614033169
s0801a:s08_s0801a_raw_nemo_buffer_000049-vad_percentile_rms-0000-0000-266724,s08,s0801a,1,,,bad,unknown,unknown,0.9204111805738999,0.8705283306643672,0.3500161524025875,0.5101255926946128,0.4767039876509661,0.27062738714379936,0.7900365779857283,0.7553767382342046,0.32539503204214043
s0801a:s08_s0801a_raw_nemo_buffer_000049-vad_percentile_rms-0000-0001-267356,s08,s0801a,1,1,1,bad,bad,bad,0.36851811647845045,0.25152313902411016,0.1415388946338863,0.7690700023213446,0.7065070517242082,0.382970904852826,0.4024059394261591,0.28468361896952615,0.17814269155642118
s0801a:s08_s0801a_raw_nemo_buffer_000049-vad_percentile_rms-0000-0002-267596,s08,s0801a,1,1,1,bad,bad,bad,0.6366367857057464,0.5620879206039429,0.364653979138923,0.721318634918131,0.7054018005581294,0.4786583758018291,0.5781754814709936,0.5313495900385629,0.4393310988631844
s0801a:s08_s0801a_raw_nemo_buffer_000049-vad_percentile_rms-0000-0003-269460,s08,s0801a,,,,unknown,unknown,unknown,0.3963121388261885,0.23309907815008235,0.09356498350105864,0.7525589504556319,0.7240992698097029,0.4701373708659873,0.401646836185453,0.25461681551675874,0.16467171588195434
s0801a:s08_s0801a_raw_nemo_buffer_000050-vad_percentile_rms-0000-0000-269876,s08,s0801a,,,,unknown,unknown,unknown,0.9984227086401645,0.9944108582903339,0.9882780605976023,0.7861820315728815,0.6589750865653276,0.23609651283294156,0.9956750855238994,0.9879743626174263,0.9846919729556354
s0801a:s08_s0801a_raw_nemo_buffer_000050-vad_percentile_rms-0000-0001-270880,s08,s0801a,0,0,0,safe,safe,safe,0.43532679713959316,0.24859579480999197,0.07922154458197923,0.7450460665408901,0.5962993449326129,0.18790705033842214,0.5487605027457769,0.3349605289235181,0.10506586525449048
s0801a:s08_s0801a_raw_nemo_buffer_000050-vad_percentile_rms-0000-0002-272708,s08,s0801a,,,,unknown,unknown,unknown,0.14194118254988825,0.07237108324116935,0.032007666073675244,0.7623150241398367,0.5840618062209879,0.14969651638156453,0.2802505457466072,0.1347140659361906,0.04014300712279757
s0801a:s08_s0801a_raw_nemo_buffer_000051-vad_percentile_rms-0000-0000-273096,s08,s0801a,,,,unknown,unknown,unknown,0.9522087633887745,0.9452526659263548,0.7670733616693006,0.5316866141453684,0.4889745382182228,0.26702884243609126,0.8930577230577348,0.901210761804744,0.7095599105514984
s0801a:s08_s0801a_raw_nemo_buffer_000051-vad_percentile_rms-0000-0001-276300,s08,s0801a,,,,unknown,unknown,unknown,0.27170184851740214,0.13376802689059133,0.03519164048033978,0.8550630879874045,0.7165942126284128,0.21850867890846137,0.4586813864062825,0.23532009196359163,0.048759397455232556
s0801a:s08_s0801a_raw_nemo_buffer_000052-vad_percentile_rms-0000-0000-276876,s08,s0801a,,,,unknown,unknown,unknown,0.7271409173507805,0.5401579122369483,0.12265923982498632,0.8252289619018072,0.7118730888106884,0.27416463768877986,0.7542354595968097,0.5882902595349472,0.1521283629838116
s0801a:s08_s0801a_raw_nemo_buffer_000052-vad_percentile_rms-0000-0001-278988,s08,s0801a,0,0,0,safe,safe,safe,0.3539241080747609,0.22663193538566834,0.22696465847657257,0.28707810785700805,0.22789822050530142,0.09733394912163523,0.28551218856364935,0.190059862799281,0.18983713294148935
s0801a:s08_s0801a_raw_nemo_buffer_000052-vad_percentile_rms-0000-0002-281796,s08,s0801a,,,,unknown,unknown,unknown,0.4960456625711809,0.3105761082320083,0.06575739062590029,0.7735196254398119,0.6415893018928459,0.22389611479872057,0.6344939529556695,0.4153766701001633,0.0811271275207823
s0801a:s08_s0801a_raw_nemo_buffer_000053-vad_percentile_rms-0000-0000-282184,s08,s0801a,1,1,,bad,bad,unknown,0.9637670636369567,0.9499849478557459,0.7402203413566868,0.42359704354176086,0.4276440635155749,0.2854478988964501,0.8638596725518829,0.8718577639733477,0.676262916409711
s0801a:s08_s0801a_raw_nemo_buffer_000053-vad_percentile_rms-0000-0001-284140,s08,s0801a,,,,unknown,unknown,unknown,0.3686979460514175,0.21119604980171186,0.06449978388771846,0.8548027315446586,0.716351684298547,0.21858464071352657,0.5700137925388348,0.3445410948065,0.08264617935121202
s0801a:s08_s0801a_raw_nemo_buffer_000054-vad_percentile_rms-0000-0000-284532,s08,s0801a,1,,,bad,unknown,unknown,0.9989085204929903,0.9955621363364345,0.9922222142300666,0.7593383434494071,0.6230932651449251,0.21234474789688051,0.9968666604462714,0.9901214671987891,0.9892341243645687
s0801a:s08_s0801a_raw_nemo_buffer_000054-vad_percentile_rms-0000-0001-288716,s08,s0801a,,,,unknown,unknown,unknown,0.12412683733507,0.057233918210788964,0.02056470159275434,0.8476435426557959,0.7026134529062141,0.20644518839924395,0.2903503821643611,0.12527129622051184,0.030197138709634214
s0801a:s08_s0801a_raw_nemo_buffer_000055-vad_percentile_rms-0000-0000-289484,s08,s0801a,1,1,,bad,bad,unknown,0.6980542387431636,0.5581432119900548,0.25882896600540933,0.8529650053440315,0.7216308061919497,0.23392507594679487,0.8088725229574629,0.6735072290694492,0.2731855905321544
s0801a:s08_s0801a_raw_nemo_buffer_000055-vad_percentile_rms-0000-0001-291880,s08,s0801a,,,,unknown,unknown,unknown,0.21440844420677924,0.09583529994909007,0.033449245876912365,0.7283427090256988,0.5760495571781369,0.17800077376118528,0.31534105561975423,0.1424286007525967,0.0401381096160299
s0801a:s08_s0801a_raw_nemo_buffer_000056-vad_percentile_rms-0000-0000-292268,s08,s0801a,,,,unknown,unknown,unknown,0.5839533598925482,0.43272634624934375,0.15285202940231585,0.7583797189516487,0.6060423518093205,0.18560773652956702,0.7049884738894624,0.5373478132305294,0.16942487922505015
s0801a:s08_s0801a_raw_nemo_buffer_000056-vad_percentile_rms-0000-0001-292940,s08,s0801a,,,,unknown,unknown,unknown,0.17169357831493812,0.08238598857724826,0.03391147705245911,0.8392062848929912,0.7022295175704975,0.22297470248924928,0.38060670703244776,0.1765923502108026,0.0531046471396781
s0801a:s08_s0801a_raw_nemo_buffer_000057-vad_percentile_rms-0000-0000-293936,s08,s0801a,,,,unknown,unknown,unknown,0.5982589962638988,0.4121429759098642,0.10138899852298514,0.7507352099133504,0.5753494136399964,0.1514001622694987,0.6741311700841762,0.4859661953410171,0.10599564557693301
s0801a:s08_s0801a_raw_nemo_buffer_000058-vad_percentile_rms-0000-0000-296612,s08,s0801a,,,,unknown,unknown,unknown,0.8820017263938046,0.7826111396597106,0.2171133207474263,0.7629522038936236,0.6094476306464947,0.18480467754967192,0.8675183626591285,0.7765048234550515,0.20172958262349006
s0801a:s08_s0801a_raw_nemo_buffer_000058-vad_percentile_rms-0000-0001-297996,s08,s0801a,,,,unknown,unknown,unknown,0.5769816439000637,0.364525366145002,0.09080223937044744,0.8219564440101365,0.6724212486427804,0.19917000074088748,0.7168808386424819,0.4916190565037302,0.10292565910353149
s0801a:s08_s0801a_raw_nemo_buffer_000059-vad_percentile_rms-0000-0000-298464,s08,s0801a,1,,,bad,unknown,unknown,0.8206264707653134,0.702234308937704,0.22966316540600534,0.8595727543898931,0.7067363613435983,0.18980815708642615,0.884680764871946,0.7872709133714868,0.24766597506094865
s0801a:s08_s0801a_raw_nemo_buffer_000059-vad_percentile_rms-0000-0001-299936,s08,s0801a,,,,unknown,unknown,unknown,0.47887423749154207,0.25746232357482346,0.04797177678345153,0.8519486205161348,0.7275992007568551,0.2497336508608521,0.6173034683672497,0.3629972507583254,0.06135016368497861
s0801a:s08_s0801a_raw_nemo_buffer_000060-vad_percentile_rms-0000-0000-300300,s08,s0801a,,,,unknown,unknown,unknown,0.7851488249303539,0.5725874800959445,0.054367605979871725,0.7058383653840437,0.5435025523418578,0.15769143903901553,0.7411445999136794,0.5498069322033451,0.05650131380144789
s0801a:s08_s0801a_raw_nemo_buffer_000060-vad_percentile_rms-0000-0001-300936,s08,s0801a,,,,unknown,unknown,unknown,0.595775083709854,0.4497853665146558,0.22118919089351835,0.845687302978521,0.7616525784123239,0.3583592556776082,0.7344474041613251,0.5829033218713919,0.32685341970427684
s0801a:s08_s0801a_raw_nemo_buffer_000061-vad_percentile_rms-0000-0000-301464,s08,s0801a,1,,,bad,unknown,unknown,0.8403899508670886,0.7260928428890557,0.2840750002113902,0.8650190697304164,0.7461543100944951,0.2614765285974912,0.883424757887328,0.7894179697349678,0.3227859960526149
s0801a:s08_s0801a_raw_nemo_buffer_000061-vad_percentile_rms-0000-0001-304364,s08,s0801a,,,,unknown,unknown,unknown,0.2560390899565226,0.14706366099739634,0.06023953030187261,0.7977503053730475,0.6445464256354476,0.1911304548203416,0.4371737236014844,0.24900736986136085,0.07623031778344018
s0801a:s08_s0801a_raw_nemo_buffer_000062-vad_percentile_rms-0000-0000-305296,s08,s0801a,1,1,,bad,bad,unknown,0.8691648337689308,0.8266981701002614,0.6324052712904727,0.49298248284902246,0.4243878934385186,0.19788285607517675,0.8615216378765809,0.8162314761880967,0.6487140368600608
s0801a:s08_s0801a_raw_nemo_buffer_000062-vad_percentile_rms-0000-0001-305664,s08,s0801a,,,,unknown,unknown,unknown,0.33428218722939845,0.17987849344609871,0.02978381410215946,0.8317766069876159,0.6809579556380045,0.1968614388864685,0.5144443509810253,0.288098772141201,0.037796748270697095
s0801a:s08_s0801a_raw_nemo_buffer_000063-vad_percentile_rms-0000-0000-305872,s08,s0801a,,,,unknown,unknown,unknown,0.7652449046751849,0.5689990790321913,0.07196270436364591,0.823535684405482,0.658429322049443,0.17323784751010238,0.8048369832188839,0.6300946672604586,0.07803106835482752
s0801a:s08_s0801a_raw_nemo_buffer_000063-vad_percentile_rms-0000-0001-307892,s08,s0801a,,,,unknown,unknown,unknown,0.36124698474757055,0.20526039911268498,0.03197349825848804,0.767904331151157,0.6131748661287857,0.18392589977142604,0.46976338703538484,0.27468242497620854,0.0339960303539291
s0801a:s08_s0801a_raw_nemo_buffer_000064-vad_percentile_rms-0000-0000-308372,s08,s0801a,1,,,bad,unknown,unknown,0.9982919056291014,0.9950662932881712,0.9946427412535299,0.9076869964425596,0.8061512488524739,0.29412969906847847,0.998330967388923,0.9948258741707643,0.9942287365040647
s0801a:s08_s0801a_raw_nemo_buffer_000064-vad_percentile_rms-0000-0001-309356,s08,s0801a,0,0,0,safe,safe,safe,0.2735281526757729,0.19756077394226806,0.16545882568853523,0.36035338941987555,0.2837920945876647,0.1145840420034758,0.272544035837355,0.1957698758359127,0.1475374682988864
s0801a:s08_s0801a_raw_nemo_buffer_000064-vad_percentile_rms-0000-0002-310412,s08,s0801a,,,,unknown,unknown,unknown,0.15569001594151147,0.07429413498053035,0.026694944195151508,0.891613890287812,0.7840180617175511,0.2845200872011352,0.3892158940498327,0.179187761892907,0.048058319920738786
s0801a:s08_s0801a_raw_nemo_buffer_000065-vad_percentile_rms-0000-0000-310904,s08,s0801a,,,,unknown,unknown,unknown,0.7041658256429325,0.5553457351993129,0.16384334391767522,0.9136009698062539,0.8228174192945085,0.3270083024493532,0.8289832157490022,0.6959772849941852,0.21472135703978687
s0801a:s08_s0801a_raw_nemo_buffer_000065-vad_percentile_rms-0000-0001-311564,s08,s0801a,,,,unknown,unknown,unknown,0.5722388744424081,0.34143585227320694,0.10061003106948396,0.9108742917844596,0.8347539826052347,0.3867652084026445,0.7542099402980279,0.5171049568326259,0.16522078994936393
s0801a:s08_s0801a_raw_nemo_buffer_000066-vad_percentile_rms-0000-0000-312140,s08,s0801a,,,,unknown,unknown,unknown,0.7952883090157886,0.6824684107203068,0.2937219685003875,0.6736033128487001,0.5307697216921776,0.1737848977503074,0.8211943302581919,0.713211441168496,0.30022382211314524
s0801a:s08_s0801a_raw_nemo_buffer_000066-vad_percentile_rms-0000-0001-312636,s08,s0801a,,,,unknown,unknown,unknown,0.6031101452891177,0.42760036458428186,0.22206963015575248,0.8513561098487068,0.7338637476272756,0.26609893235058824,0.8164234718029287,0.6358013602097963,0.34934724171234344
s0801a:s08_s0801a_raw_nemo_buffer_000067-vad_percentile_rms-0000-0000-313208,s08,s0801a,1,,,bad,unknown,unknown,0.5759013305114246,0.35063509551563316,0.055227489084188376,0.7786867806352618,0.6050732944002533,0.1581480170744893,0.6513033790502863,0.4224781907202249,0.05710153370683727
s0801a:s08_s0801a_raw_nemo_buffer_000067-vad_percentile_rms-0000-0001-313844,s08,s0801a,0,0,0,safe,safe,safe,0.41898594049074606,0.2995325429397981,0.3110875103127528,0.6377063086537331,0.5849930704898577,0.3176648783447309,0.45360768866328804,0.34348291754191224,0.4362683482547075
s0801a:s08_s0801a_raw_nemo_buffer_000067-vad_percentile_rms-0000-0002-314096,s08,s0801a,0,0,0,safe,safe,safe,0.09496842439902246,0.1098552522885645,0.1590214718259534,0.14289816375951295,0.13473261692436378,0.08482647326069154,0.09863729441931145,0.10396970973885207,0.11050639516568951
s0801a:s08_s0801a_raw_nemo_buffer_000067-vad_percentile_rms-0000-0003-319500,s08,s0801a,,,,unknown,unknown,unknown,0.4196726247842709,0.23241400734052098,0.059057849754353485,0.9192537118294651,0.8336958465628682,0.3423459702585707,0.6313577846719093,0.3919692635025113,0.09982911585173117
s0801a:s08_s0801a_raw_nemo_buffer_000068-vad_percentile_rms-0000-0000-319788,s08,s0801a,1,1,,bad,bad,unknown,0.9476722786648616,0.9175821720619334,0.6341112927422977,0.8407548257291534,0.7382748177840418,0.30402843862545254,0.9575894491193246,0.9336092950850585,0.7033127644931355
s0801a:s08_s0801a_raw_nemo_buffer_000068-vad_percentile_rms-0000-0001-321200,s08,s0801a,0,0,0,safe,safe,safe,0.21132308958576818,0.10535730453121801,0.03187057699205645,0.40121765578675683,0.31161390752722495,0.1195222259823711,0.1874691592075458,0.09874805503339557,0.03095584094303864
s0801a:s08_s0801a_raw_nemo_buffer_000068-vad_percentile_rms-0000-0002-321764,s08,s0801a,,,,unknown,unknown,unknown,0.5147498167032033,0.31042034366856736,0.06900663234656572,0.8825524779846133,0.7566214679595707,0.23929030064778137,0.6925613920159847,0.46077985252800907,0.09155979347498637
s0801a:s08_s0801a_raw_nemo_buffer_000069-vad_percentile_rms-0000-0000-323804,s08,s0801a,,,,unknown,unknown,unknown,0.6460903849237121,0.4658167520290159,0.1320209790323699,0.7227103438908374,0.5466073229164624,0.14460473962401854,0.694771237432237,0.5179399079639792,0.12531492156675622
s0801a:s08_s0801a_raw_nemo_buffer_000069-vad_percentile_rms-0000-0001-324384,s08,s0801a,,,,unknown,unknown,unknown,0.5168899085776237,0.3243465246780867,0.12064204149927073,0.7574464908681657,0.5887501915941307,0.1615424231526298,0.6909673475074962,0.4674024278697558,0.14942816956891103
s0801a:s08_s0801a_raw_nemo_buffer_000070-vad_percentile_rms-0000-0001-325860,s08,s0801a,0,0,0,safe,safe,safe,0.4083749004014419,0.28583036763367003,0.13655475088256738,0.7456069330654798,0.6532359733650996,0.2947222698258781,0.49435777097918415,0.3514592170701312,0.16279930102200194
s0801a:s08_s0801a_raw_nemo_buffer_000070-vad_percentile_rms-0000-0002-326856,s08,s0801a,,,,unknown,unknown,unknown,0.5004000649022701,0.3113765703638383,0.0930089268993417,0.902771419496004,0.8367365359981747,0.43253080559788004,0.6391235462305246,0.43325126474213566,0.1428784090882898
s0801a:s08_s0801a_raw_nemo_buffer_000071-vad_percentile_rms-0000-0000-327428,s08,s0801a,,,,unknown,unknown,unknown,0.6102938810578564,0.41690375678218455,0.08213788725041193,0.7190879759131186,0.5440685976279844,0.14507721601514548,0.7218783180773423,0.5175425566889893,0.09545395789453513
s0801a:s08_s0801a_raw_nemo_buffer_000071-vad_percentile_rms-0000-0001-327772,s08,s0801a,,,,unknown,unknown,unknown,0.5677148834975575,0.34952199127016703,0.07224935443765168,0.8698736027190255,0.7815549641689626,0.34873904438366227,0.7833646906976945,0.5512860054927317,0.15473697523255653
s0801a:s08_s0801a_raw_nemo_buffer_000072-vad_percentile_rms-0000-0000-328528,s08,s0801a,,,,unknown,unknown,unknown,0.8369568850753322,0.7208401311541245,0.26160416163580047,0.7907530961709195,0.638947405224855,0.19253704951992295,0.8849452482400881,0.7860178169961631,0.30229048663082236
s0801a:s08_s0801a_raw_nemo_buffer_000073-vad_percentile_rms-0000-0000-330260,s08,s0801a,,,,unknown,unknown,unknown,0.9966167263095654,0.9881367478724546,0.9842822258526247,0.8652601529694455,0.7123550157619076,0.18825112654962273,0.9965164746306254,0.987245617859922,0.9829820757838372
s0801a:s08_s0801a_raw_nemo_buffer_000073-vad_percentile_rms-0000-0001-330668,s08,s0801a,,,,unknown,unknown,unknown,0.7422239333666643,0.6259528448159115,0.3282877843017088,0.8608217353302612,0.7488579102472495,0.2796383719167143,0.9104301757415507,0.8131265489519632,0.48799780716585334
s0801a:s08_s0801a_raw_nemo_buffer_000074-vad_percentile_rms-0000-0000-335028,s08,s0801a,,,,unknown,unknown,unknown,0.424344562727377,0.27070827214195914,0.12680932640962914,0.8441547172320812,0.7276193285304828,0.26841436417675746,0.6244227788097606,0.4204587051912087,0.17087049101558985
s0801a:s08_s0801a_raw_nemo_buffer_000075-vad_percentile_rms-0000-0000-335444,s08,s0801a,,,,unknown,unknown,unknown,0.5752871545958539,0.36254234900014176,0.05169327367760842,0.7986272370691189,0.6212199056636006,0.15480047509242184,0.7005727699861639,0.47399869212975015,0.059714754109798006
s0801a:s08_s0801a_raw_nemo_buffer_000075-vad_percentile_rms-0000-0001-335852,s08,s0801a,,,,unknown,unknown,unknown,0.3538412493725225,0.20177412086649135,0.06083640927364217,0.8613731922817597,0.7361668378584215,0.24669820939138695,0.6256294714004317,0.3811085219066545,0.10445495541808589
s0801a:s08_s0801a_raw_nemo_buffer_000076-vad_percentile_rms-0000-0001-338712,s08,s0801a,,,,unknown,unknown,unknown,0.2218827796031364,0.12205561091174205,0.05537871377564677,0.8231766186677975,0.6734676974644969,0.19888762317442213,0.4778011065211277,0.2585450608426479,0.08977333201459134
s0801a:s08_s0801a_raw_nemo_buffer_000077-vad_percentile_rms-0000-0000-339312,s08,s0801a,,,,unknown,unknown,unknown,0.9630875296889038,0.9703816524052168,0.761386281952368,0.4242827037121363,0.4112293214370361,0.25213487966910886,0.9241138143451759,0.946005900294387,0.6885129533051545
s0801a:s08_s0801a_raw_nemo_buffer_000077-vad_percentile_rms-0000-0001-340876,s08,s0801a,0,0,0,safe,safe,safe,0.44682469097395316,0.2744502264585042,0.10746285138551007,0.16171557265412878,0.11376806225853105,0.04370145515505116,0.2804681232311773,0.18247461440047982,0.07098775199488788
s0801a:s08_s0801a_raw_nemo_buffer_000077-vad_percentile_rms-0000-0002-343720,s08,s0801a,,,,unknown,unknown,unknown,0.3331273746602681,0.19533355761716867,0.10068505732179571,0.8473876982727462,0.7304040461414967,0.26738440272093894,0.5592620641081325,0.3530943606521514,0.1928517729480262
s0801a:s08_s0801a_raw_nemo_buffer_000078-vad_percentile_rms-0000-0000-343904,s08,s0801a,,,,unknown,unknown,unknown,0.9325924036827354,0.9134285145141459,0.6751635999683607,0.6166561964820593,0.547004821458576,0.26912887586570877,0.8760741570215431,0.8684967063617628,0.6317075206349656
s0801a:s08_s0801a_raw_nemo_buffer_000078-vad_percentile_rms-0000-0001-345220,s08,s0801a,,,,unknown,unknown,unknown,0.663530019625964,0.5913849485174772,0.34029726301481167,0.65916855771649,0.6306219530057756,0.3902309515780545,0.5973589300907013,0.5498338240998819,0.38187984918544116
s0801a:s08_s0801a_raw_nemo_buffer_000078-vad_percentile_rms-0000-0002-347724,s08,s0801a,0,0,0,safe,safe,safe,0.07428816463920801,0.03734543652187302,0.041351609777733445,0.050238136525531045,0.046078179484071044,0.032193286492091494,0.033452779222512705,0.0201356208277811,0.028048893628171333
s0801a:s08_s0801a_raw_nemo_buffer_000078-vad_percentile_rms-0000-0003-350768,s08,s0801a,0,0,0,safe,safe,safe,0.05468297516227664,0.023152222302882233,0.024020462459473726,0.8797420201330005,0.8068294992604021,0.4036966486042334,0.16190888780330065,0.06160997603510793,0.058149417137836466
s0801a:s08_s0801a_raw_nemo_buffer_000078-vad_percentile_rms-0000-0004-353540,s08,s0801a,,,,unknown,unknown,unknown,0.2513577371150778,0.12228475953103025,0.032462931383712645,0.7918565631467371,0.6709807098104946,0.2503230854777494,0.35020862118175977,0.175594850087443,0.04234825779150595
s0801a:s08_s0801a_raw_nemo_buffer_000079-vad_percentile_rms-0000-0000-354880,s08,s0801a,,,,unknown,unknown,unknown,0.7614935843438297,0.5865181078413282,0.08880600015790746,0.7450856689521217,0.5711803891668201,0.15221767302020775,0.7528625134451618,0.5953719188394268,0.08831967474729337
s0801a:s08_s0801a_raw_nemo_buffer_000079-vad_percentile_rms-0000-0001-357284,s08,s0801a,0,0,0,safe,safe,safe,0.38288596306715955,0.19467742881006567,0.02616989308487312,0.7475413069138165,0.6063679835091297,0.20069984960650844,0.4570253439038716,0.24566265727720846,0.030844102693307188
s0801a:s08_s0801a_raw_nemo_buffer_000079-vad_percentile_rms-0000-0002-359392,s08,s0801a,0,0,0,safe,safe,safe,0.1825946239398197,0.09070310453846284,0.02974653866707096,0.57789429342569,0.45532501564341443,0.16230838180625864,0.22319078473861984,0.11314447059593438,0.03711733155654005
s0801a:s08_s0801a_raw_nemo_buffer_000079-vad_percentile_rms-0000-0003-361084,s08,s0801a,1,1,1,bad,bad,bad,0.6334387239716828,0.4462379979067012,0.0989966890873864,0.028955387041336364,0.04250584247307197,0.0635602659059683,0.16458573886839378,0.13322683152065232,0.043810141267219826
s0801a:s08_s0801a_raw_nemo_buffer_000079-vad_percentile_rms-0000-0004-362092,s08,s0801a,,,,unknown,unknown,unknown,0.2067497702586126,0.08817792538452338,0.02446339167715984,0.8532359785951305,0.7148971681860745,0.21903978442423142,0.4124741471017258,0.1793880392096074,0.03666058055799434
s0801a:s08_s0801a_raw_nemo_buffer_000080-vad_percentile_rms-0000-0000-362268,s08,s0801a,,,,unknown,unknown,unknown,0.8719802105209885,0.8188960911994821,0.5247684195582436,0.8376754400667625,0.7151485833274934,0.25408308417240916,0.9318910025151412,0.8863064807415785,0.5752625453240007
s0801a:s08_s0801a_raw_nemo_buffer_000080-vad_percentile_rms-0000-0003-365604,s08,s0801a,0,0,0,safe,safe,safe,0.47749541797398204,0.3592215917305778,0.2131544643198774,0.5312749200301152,0.4288380159179591,0.16782310010645082,0.4184328879654912,0.32751937533561193,0.1954857815762162
s0801a:s08_s0801a_raw_nemo_buffer_000080-vad_percentile_rms-0000-0004-366572,s08,s0801a,,,,unknown,unknown,unknown,0.35686499889452367,0.16819169610617565,0.016351770620509097,0.831158061011348,0.6804123119447482,0.19700934901589084,0.5157901311662871,0.2622144883053516,0.021502456827154445
s0801a:s08_s0801a_raw_nemo_buffer_000081-vad_percentile_rms-0000-0000-366980,s08,s0801a,,,,unknown,unknown,unknown,0.7952760278195622,0.578237046729759,0.056504413535331054,0.7907285911287703,0.6147197047034589,0.15614732114230873,0.8357933627612928,0.6442431491364696,0.06593526964510461
s0801a:s08_s0801a_raw_nemo_buffer_000081-vad_percentile_rms-0000-0001-368684,s08,s0801a,,,,unknown,unknown,unknown,0.4773870147910122,0.2746797914067853,0.05885133934954599,0.8481199853375926,0.77581536173856,0.39713890442170374,0.5502728740363562,0.3437572705710103,0.09541877526726043
s0801a:s08_s0801a_raw_nemo_buffer_000082-vad_percentile_rms-0000-0000-368900,s08,s0801a,,,,unknown,unknown,unknown,0.7944127229557397,0.631418922156428,0.09755370145097901,0.7930744461193754,0.6247590087103874,0.16719196868338454,0.8227163915973433,0.6782398112976121,0.10668773865059628
s0801a:s08_s0801a_raw_nemo_buffer_000082-vad_percentile_rms-0000-0001-370124,s08,s0801a,,,,unknown,unknown,unknown,0.10921654584851984,0.05039922610776965,0.018451208373756158,0.9094430727738306,0.8235714680764995,0.34835252921843857,0.29321460145011324,0.12604467589447274,0.036128251485854454
s0801a:s08_s0801a_raw_nemo_buffer_000083-vad_percentile_rms-0000-0000-371072,s08,s0801a,,,,unknown,unknown,unknown,0.7018701151029637,0.4796248728280705,0.10836542592834042,0.8899867965851389,0.7824028330873005,0.285242092450463,0.8303151364910341,0.6310274725372924,0.13704035052047397
s0801a:s08_s0801a_raw_nemo_buffer_000083-vad_percentile_rms-0000-0001-371724,s08,s0801a,,,,unknown,unknown,unknown,0.28478714604526967,0.12250528186609884,0.005676084714034629,0.8681524822051494,0.7358691009587662,0.22914980842698898,0.4496617389971496,0.20637783150857145,0.008164814305472026
s0801a:s08_s0801a_raw_nemo_buffer_000084-vad_percentile_rms-0000-0000-373180,s08,s0801a,,,,unknown,unknown,unknown,0.44730475666692765,0.34414381401780153,0.2558385265522932,0.21690979758199835,0.15781868405789812,0.06067287239064677,0.34126036022282985,0.26627392177490355,0.1606981823207455
s0801a:s08_s0801a_raw_nemo_buffer_000084-vad_percentile_rms-0000-0001-374252,s08,s0801a,,,,unknown,unknown,unknown,0.026163586949937805,0.04622016651185613,0.11295206240651517,0.0513732729804544,0.06060810536389783,0.061111705374423654,0.024348515451715718,0.0378465892667829,0.06282031810027383
s0801a:s08_s0801a_raw_nemo_buffer_000084-vad_percentile_rms-0000-0002-376708,s08,s0801a,,,,unknown,unknown,unknown,0.5882237713880071,0.3860236282459922,0.09484810222990761,0.7803930784618097,0.646760025022918,0.22243913453951528,0.688079111579599,0.4891284150010235,0.14819626308579212
s0801a:s08_s0801a_raw_nemo_buffer_000085-vad_percentile_rms-0000-0000-376980,s08,s0801a,,,,unknown,unknown,unknown,0.9988614997721881,0.9955616617109341,0.9865064321441184,0.6964297455249749,0.554267043830375,0.1828845741120319,0.9959373102603105,0.9883582276484999,0.9805404917496893
s0801a:s08_s0801a_raw_nemo_buffer_000085-vad_percentile_rms-0000-0001-380364,s08,s0801a,,,,unknown,unknown,unknown,0.11221989664464177,0.053761618741400896,0.031241880948646213,0.89307561523838,0.8131216217996227,0.37690505873027025,0.3095817877457363,0.13797685909198262,0.0668712731582179
s0801a:s08_s0801a_raw_nemo_buffer_000086-vad_percentile_rms-0000-0000-380660,s08,s0801a,,,,unknown,unknown,unknown,0.9981301468389935,0.9922263271171514,0.984531880129232,0.8599036173778531,0.7670455234711757,0.33380262423927565,0.9954726840982097,0.9853422648653961,0.9842505550728237
s0801a:s08_s0801a_raw_nemo_buffer_000086-vad_percentile_rms-0000-0001-382104,s08,s0801a,0,0,0,safe,safe,safe,0.02805762207338127,0.014452448054584488,0.024718453916511923,0.05743881201596623,0.05140582408911958,0.033936673524361166,0.015671120990365776,0.009249052709509813,0.01789405297730759
s0801a:s08_s0801a_raw_nemo_buffer_000086-vad_percentile_rms-0000-0002-385836,s08,s0801a,,,,unknown,unknown,unknown,0.26208450586890863,0.12559892062656092,0.06774833174851995,0.7839281552359129,0.6255348952264647,0.1810121357912878,0.4245871837770999,0.21757920462141886,0.10725915727647418
s0801a:s08_s0801a_raw_nemo_buffer_000087-vad_percentile_rms-0000-0000-390888,s08,s0801a,,,,unknown,unknown,unknown,0.8076770442111584,0.6835981493576173,0.15571600181375855,0.7862022221794175,0.6028260173958397,0.1460452820654362,0.8442848643684989,0.7341350831025855,0.159494897693077
s0801a:s08_s0801a_raw_nemo_buffer_000088-vad_percentile_rms-0000-0000-392916,s08,s0801a,,,,unknown,unknown,unknown,0.9993432848751228,0.9969960230578175,0.9907908115014935,0.8232971954431176,0.6504148922590482,0.16150972277449827,0.9987168793607493,0.9949766910424218,0.9885310438447953
s0801a:s08_s0801a_raw_nemo_buffer_000088-vad_percentile_rms-0000-0001-393480,s08,s0801a,,,,unknown,unknown,unknown,0.3618402513824051,0.17559040723384037,0.015451966716297828,0.8409939796890351,0.6892238643836731,0.19461432846191223,0.5140378121207341,0.2683704378089099,0.019894218844372508
s0801a:s08_s0801a_raw_nemo_buffer_000089-vad_percentile_rms-0000-0001-402308,s08,s0801a,,,,unknown,unknown,unknown,0.6193889187440464,0.42670429478138067,0.27924135377270054,0.8321467313067189,0.7104784088723778,0.25569726635954443,0.8045356048983787,0.6145091351086024,0.39388630600101815
s0801a:s08_s0801a_raw_nemo_buffer_000090-vad_percentile_rms-0000-0000-406344,s08,s0801a,,,,unknown,unknown,unknown,0.14753983705378432,0.06947918857534398,0.032533852959519306,0.7414884525154662,0.5685522777340531,0.15273385267830153,0.33371410018395603,0.14661634981933588,0.04841079290499145
s0801a:s08_s0801a_raw_nemo_buffer_000091-vad_percentile_rms-0000-0000-408516,s08,s0801a,,,,unknown,unknown,unknown,0.16079705963251884,0.0785463278223059,0.043397561388506034,0.7684752170629154,0.605394636176038,0.17147847724421136,0.3450990984948033,0.1601605754395955,0.06110096514911897
s0801a:s08_s0801a_raw_nemo_buffer_000092-vad_percentile_rms-0000-0000-408796,s08,s0801a,,,,unknown,unknown,unknown,0.9716498510689179,0.9568053144808168,0.6110759416444212,0.8898399538502249,0.799374695474164,0.33968747462374893,0.974022470731134,0.9627679069321566,0.6815850976527118
s0801a:s08_s0801a_raw_nemo_buffer_000092-vad_percentile_rms-0000-0002-410184,s08,s0801a,,,,unknown,unknown,unknown,0.11337123907681662,0.05310817868406905,0.01717666063598854,0.7727641554406005,0.5921308479158777,0.14812374761992056,0.24887907934129577,0.10790543080434896,0.023290358899065774
s0801a:s08_s0801a_raw_nemo_buffer_000093-vad_percentile_rms-0000-0000-410428,s08,s0801a,,,,unknown,unknown,unknown,0.6580745135094235,0.41775630445710565,0.08574622521115038,0.8133616083050818,0.6574294118685362,0.18788565631475532,0.7800153964235607,0.5449302090773926,0.10596128439306107
s0801a:s08_s0801a_raw_nemo_buffer_000093-vad_percentile_rms-0000-0001-411112,s08,s0801a,,,,unknown,unknown,unknown,0.49711269382852014,0.29628795163401683,0.055499306826374745,0.8216127805719502,0.6567420947414933,0.1736380403227351,0.6651982479122871,0.4262628320049339,0.06528491346039526
s0801a:s08_s0801a_raw_nemo_buffer_000094-vad_percentile_rms-0000-0000-414492,s08,s0801a,1,,,bad,unknown,unknown,0.7980324546828396,0.6221543440138491,0.08668288913830408,0.8692533151670058,0.7163804211990191,0.18713058172876765,0.8692428588921366,0.7247037806594053,0.10593547685526455
s0801a:s08_s0801a_raw_nemo_buffer_000094-vad_percentile_rms-0000-0001-415468,s08,s0801a,,,,unknown,unknown,unknown,0.16922854142420332,0.08069460580002052,0.028976056236255727,0.8489232256356811,0.6965500031588602,0.19261177186751358,0.3725720261420262,0.17221258420241933,0.040575873528006325
s0801a:s08_s0801a_raw_nemo_buffer_000095-vad_percentile_rms-0000-0000-417292,s08,s0801a,1,,,bad,unknown,unknown,0.8996537193342459,0.8559439303175964,0.3609650199623385,0.6985495314630495,0.529994260781991,0.14771269208679208,0.9021069031850469,0.8594243426652488,0.31389220830481795
s0801a:s08_s0801a_raw_nemo_buffer_000096-vad_percentile_rms-0000-0000-420016,s08,s0801a,1,,,bad,unknown,unknown,0.9486284553232743,0.9427615011339496,0.7571016926990359,0.7626509273265353,0.6649847997603778,0.29068896783061504,0.951644736233474,0.9455675515261455,0.7453180340782168
s0801a:s08_s0801a_raw_nemo_buffer_000096-vad_percentile_rms-0000-0001-421708,s08,s0801a,,,,unknown,unknown,unknown,0.47869016489907984,0.2585379783650805,0.06769068819154138,0.8763956921755576,0.7504859168151072,0.24153805507999315,0.6381404847129806,0.38326371180365437,0.08467778149492616
s0801a:s08_s0801a_raw_nemo_buffer_000097-vad_percentile_rms-0000-0000-422036,s08,s0801a,,,,unknown,unknown,unknown,0.9995917964984652,0.9989543290531981,0.9989894785902644,0.8996762126918282,0.7746573071919229,0.23253804149824844,0.9995318219821837,0.9987732688685587,0.9988387572374314
s0801a:s08_s0801a_raw_nemo_buffer_000097-vad_percentile_rms-0000-0001-422912,s08,s0801a,0,0,0,safe,safe,safe,0.2530007192569679,0.14630083582016806,0.09317741260831941,0.2193401541335699,0.14989095251964185,0.051575587160189375,0.20483546811504866,0.12360658062361313,0.07376761420833078
s0801a:s08_s0801a_raw_nemo_buffer_000097-vad_percentile_rms-0000-0002-423584,s08,s0801a,,,,unknown,unknown,unknown,0.5973984650014351,0.4461999043139408,0.20199679254338782,0.7800764099130301,0.7477911051619966,0.4830947726299227,0.5949627466893126,0.46769177118697336,0.30302453403412694
s0801a:s08_s0801a_raw_nemo_buffer_000098-vad_percentile_rms-0000-0000-438096,s08,s0801a,1,,,bad,unknown,unknown,0.979393514776497,0.9672271803133741,0.5515810085355632,0.8511927951507373,0.70590047745984,0.20548363804971276,0.987024883114204,0.9771165713861333,0.591624191202783
s0801a:s08_s0801a_raw_nemo_buffer_000098-vad_percentile_rms-0000-0001-438688,s08,s0801a,,,,unknown,unknown,unknown,0.2416928181850436,0.12864536933813575,0.04461987322287772,0.8534912694265077,0.7289815879456693,0.24924633537517446,0.449913399324771,0.24300184854327397,0.07048797574793782
s0801a:s08_s0801a_raw_nemo_buffer_000099-vad_percentile_rms-0000-0000-444260,s08,s0801a,,,,unknown,unknown,unknown,0.9570688599157748,0.925003012103696,0.6099388372754825,0.8786152835331729,0.7329086985652233,0.19746064594779755,0.9757854723601169,0.952770815530951,0.6410154565688476
s0801a:s08_s0801a_raw_nemo_buffer_000099-vad_percentile_rms-0000-0002-444828,s08,s0801a,,,,unknown,unknown,unknown,0.6282473434190414,0.45332270820541465,0.13282682857624023,0.8453643932522694,0.7550719926229338,0.3392804642046523,0.7662456371877481,0.5917680199212743,0.20007475593779456
s0801a:s08_s0801a_raw_nemo_buffer_000100-vad_percentile_rms-0000-0000-446656,s08,s0801a,,,,unknown,unknown,unknown,0.8024833053094259,0.6695500291172526,0.3043535431600253,0.7867822635956196,0.6115245267108157,0.1568096996398365,0.8568151634842799,0.7385012479575147,0.2939680964053401
s0801a:s08_s0801a_raw_nemo_buffer_000100-vad_percentile_rms-0000-0001-447212,s08,s0801a,,,,unknown,unknown,unknown,0.27286026687180975,0.12876878734528657,0.011118815807322427,0.8782759173847701,0.7523419632412084,0.24086054184182404,0.4545291258008622,0.22552186538575938,0.01648354062824528
s0801a:s08_s0801a_raw_nemo_buffer_000101-vad_percentile_rms-0000-0000-451556,s08,s0801a,,,,unknown,unknown,unknown,0.9436794552563448,0.8725748298561015,0.1708233804085638,0.8433014264504514,0.6913344050224047,0.1940385301861798,0.9452010367671321,0.8854595329195319,0.1924523068649331
s0801a:s08_s0801a_raw_nemo_buffer_000101-vad_percentile_rms-0000-0001-453376,s08,s0801a,,,,unknown,unknown,unknown,0.14397973400571407,0.071674668133146,0.029338492625011953,0.7964189360166704,0.627488652755256,0.166587976207636,0.2995086848266963,0.14099410921528935,0.038998219046237174
s0801a:s08_s0801a_raw_nemo_buffer_000102-vad_percentile_rms-0000-0000-454292,s08,s0801a,,,,unknown,unknown,unknown,0.9996032750060408,0.9986097620696966,0.9964046373080423,0.8712815192955095,0.7253786832072511,0.19972140923019785,0.9993338399570931,0.9978918726365916,0.9956866386081871
s0801a:s08_s0801a_raw_nemo_buffer_000103-vad_percentile_rms-0000-0000-456200,s08,s0801a,,,,unknown,unknown,unknown,0.46790186479328866,0.24968939891669456,0.04626828178426168,0.8516958237762635,0.7063698131973585,0.2053461071199041,0.6892780388316703,0.4161288971116984,0.06609076255092743
s0801a:s08_s0801a_raw_nemo_buffer_000104-vad_percentile_rms-0000-0000-468408,s08,s0801a,,,,unknown,unknown,unknown,0.8987558004577444,0.7428407551223362,0.07112517530036006,0.7971641521234872,0.6281002944303306,0.16645263224242499,0.8910771076941136,0.7504786175736663,0.07910637851482186
s0801a:s08_s0801a_raw_nemo_buffer_000104-vad_percentile_rms-0000-0001-469124,s08,s0801a,1,,,bad,unknown,unknown,0.631319507139706,0.48056162153831006,0.2558631484865037,0.15983553189895788,0.11647580865865198,0.04750712655568433,0.4477389214176622,0.3400364241502635,0.15583614389106548
s0801a:s08_s0801a_raw_nemo_buffer_000104-vad_percentile_rms-0000-0002-469736,s08,s0801a,,,,unknown,unknown,unknown,0.5506550332045824,0.31568483325884295,0.06592145051458696,0.7636109761783045,0.5934031515667635,0.16057338677778363,0.6966737734873594,0.43726557213740075,0.08045877889878117
s0801a:s08_s0801a_raw_nemo_buffer_000105-vad_percentile_rms-0000-0000-471656,s08,s0801a,,,,unknown,unknown,unknown,0.759375055927224,0.5392258422943318,0.047526305745797026,0.8629282905518932,0.7756718388870885,0.3516325276482971,0.7732621800161025,0.5888236028539435,0.07632223743628357
s0801a:s08_s0801a_raw_nemo_buffer_000105-vad_percentile_rms-0000-0001-474848,s08,s0801a,,,,unknown,unknown,unknown,0.2821329895282807,0.14483002800757325,0.0567626618804346,0.865611359363076,0.7401195162945019,0.24528512270388736,0.48778628912696864,0.26322451073752984,0.08197785404501105
s0801a:s08_s0801a_raw_nemo_buffer_000106-vad_percentile_rms-0000-0000-475168,s08,s0801a,,,,unknown,unknown,unknown,0.9311220597416204,0.8845349318462099,0.5581388537721975,0.7776368400107904,0.6124676182673787,0.16991207533813915,0.9306593027296349,0.8892979144218247,0.5221776451200694
s0801a:s08_s0801a_raw_nemo_buffer_000106-vad_percentile_rms-0000-0001-477052,s08,s0801a,,,,unknown,unknown,unknown,0.04392351297561701,0.02296843798631464,0.029363755323568316,0.2603340193280954,0.1870478301525201,0.06777687814361755,0.06021195060261956,0.030008550024783403,0.03545840362665275
s0801a:s08_s0801a_raw_nemo_buffer_000106-vad_percentile_rms-0000-0002-477628,s08,s0801a,0,0,0,safe,safe,safe,0.10481539468041252,0.0483421998583019,0.03125758652553112,0.14233925073197434,0.10221034838180332,0.041553181510116825,0.07614263155369314,0.03770538094464364,0.023091310983792215
s0801a:s08_s0801a_raw_nemo_buffer_000106-vad_percentile_rms-0000-0003-480172,s08,s0801a,,,,unknown,unknown,unknown,0.3207312848254448,0.17772088631592434,0.050527950554662124,0.8662622859887431,0.7203623562399641,0.2012166545642026,0.5682516796580452,0.32888152675306426,0.06833851152496134
s0801a:s08_s0801a_raw_nemo_buffer_000107-vad_percentile_rms-0000-0000-480544,s08,s0801a,,,,unknown,unknown,unknown,0.8612439355561163,0.737392195480894,0.17824438562194395,0.6871217584567259,0.5309816311250913,0.16019974517576607,0.8487638838204499,0.733515830472044,0.1818350930955995
s0801a:s08_s0801a_raw_nemo_buffer_000107-vad_percentile_rms-0000-0001-483452,s08,s0801a,0,0,0,safe,safe,safe,0.1404030038948657,0.06707492336279611,0.032692041414780416,0.6801921094443344,0.5436076238939288,0.18529357342541944,0.2053982168717657,0.09795033484732549,0.043160461367280696
s0801a:s08_s0801a_raw_nemo_buffer_000107-vad_percentile_rms-0000-0002-484124,s08,s0801a,,,,unknown,unknown,unknown,0.3208562827890976,0.1686844771938198,0.039025749806878236,0.8188455290662114,0.6697707978332057,0.19988449042635462,0.4695326696733184,0.2574885368030863,0.04813681464471261
s0801a:s08_s0801a_raw_nemo_buffer_000108-vad_percentile_rms-0000-0000-484828,s08,s0801a,,,,unknown,unknown,unknown,0.490890697322936,0.2908747748251547,0.07487152361805531,0.8126161592907778,0.6489814037760097,0.17547623465003004,0.6716314054158042,0.42934261071096835,0.09337923061828735
s0801a:s08_s0801a_raw_nemo_buffer_000109-vad_percentile_rms-0000-0000-486128,s08,s0801a,,,,unknown,unknown,unknown,0.9506002609910833,0.9291752331632489,0.6066513059024281,0.5621886089385304,0.4548437194431822,0.17609377285073213,0.9111434124761781,0.8928556917796814,0.5256903423593503
s0801a:s08_s0801a_raw_nemo_buffer_000109-vad_percentile_rms-0000-0001-488512,s08,s0801a,,,,unknown,unknown,unknown,0.07504364077705288,0.03427234953171258,0.018815224475524382,0.8343912742207379,0.698019431531978,0.22427172762937722,0.20273920531546505,0.0820843974383878,0.031155238578037012
s0801a:s08_s0801a_raw_nemo_buffer_000110-vad_percentile_rms-0000-0000-488828,s08,s0801a,,,,unknown,unknown,unknown,0.7553388316146354,0.5877922761211102,0.12291668981571048,0.8463414664304375,0.7014181258100824,0.20679415184663966,0.8176934261578997,0.6719317418233494,0.1423500625592309
s0801a:s08_s0801a_raw_nemo_buffer_000110-vad_percentile_rms-0000-0001-490300,s08,s0801a,0,0,0,safe,safe,safe,0.6004052110893084,0.43306628209671016,0.10475263964161406,0.32430129885635406,0.25239575545445847,0.10157328998307151,0.4285039875306763,0.31500756957069126,0.07201305662679916
s0801a:s08_s0801a_raw_nemo_buffer_000110-vad_percentile_rms-0000-0002-493024,s08,s0801a,,,,unknown,unknown,unknown,0.27957315274415434,0.1406752176046277,0.028227805925301618,0.840888673579199,0.7108600076475308,0.23748207872344168,0.43604029933819005,0.22586384757598368,0.03544672273883351
s0801a:s08_s0801a_raw_nemo_buffer_000111-vad_percentile_rms-0000-0000-494068,s08,s0801a,1,,,bad,unknown,unknown,0.9961322384911093,0.9899745039203433,0.9950130696977159,0.8734067004959731,0.772713797306077,0.30995177988674016,0.9951083609233977,0.9873354138879281,0.9941301244979082
s0801a:s08_s0801a_raw_nemo_buffer_000111-vad_percentile_rms-0000-0001-494688,s08,s0801a,,,,unknown,unknown,unknown,0.6072888808247775,0.4149386826098584,0.12435198825497643,0.79063212801,0.6546167914628518,0.22021970479025268,0.7750585576463809,0.5722641923169233,0.1742367264448582
s0801a:s08_s0801a_raw_nemo_buffer_000112-vad_percentile_rms-0000-0000-508908,s08,s0801a,,,,unknown,unknown,unknown,0.745991717177078,0.5449395112577469,0.06564398305096848,0.7385991208691105,0.5494360986684965,0.13248044336700332,0.7847239399808615,0.5999411380889214,0.07069890661826819
s0801a:s08_s0801a_raw_nemo_buffer_000112-vad_percentile_rms-0000-0001-509420,s08,s0801a,,,,unknown,unknown,unknown,0.4324701089290748,0.24920161564410326,0.07112905284195346,0.8548539424703748,0.7233574189963292,0.23335063359357988,0.6748550921670506,0.42800186925371536,0.11287686156787959
s0801a:s08_s0801a_raw_nemo_buffer_000113-vad_percentile_rms-0000-0000-515640,s08,s0801a,,,,unknown,unknown,unknown,0.6787480555170828,0.5003290463224432,0.0784058395718944,0.8723600805773318,0.7195606859327968,0.18624216742326655,0.8076184134154064,0.6384570723812031,0.09329741215198672
s0801a:s08_s0801a_raw_nemo_buffer_000113-vad_percentile_rms-0000-0001-516140,s08,s0801a,,,,unknown,unknown,unknown,0.2912235684996983,0.16717473175850855,0.07017372898334108,0.821451526911486,0.6795496192162834,0.21311903123145962,0.5782183652317823,0.3390103257791158,0.12095261933034351
s0801a:s08_s0801a_raw_nemo_buffer_000114-vad_percentile_rms-0000-0000-523748,s08,s0801a,1,,,bad,unknown,unknown,0.513197880611096,0.32169797735379135,0.0640668017766862,0.8379022048537308,0.671380091274408,0.1701579782759577,0.6765928119861524,0.45567744395846854,0.07186431992295272
s0801a:s08_s0801a_raw_nemo_buffer_000114-vad_percentile_rms-0000-0001-524540,s08,s0801a,0,0,0,safe,safe,safe,0.3685183710126115,0.20737413977012115,0.05795910727176693,0.7700557394405473,0.662533056530021,0.2718341897018572,0.45335141253932437,0.26951952914404675,0.07799593205834092
s0801a:s08_s0801a_raw_nemo_buffer_000114-vad_percentile_rms-0000-0002-525104,s08,s0801a,,,,unknown,unknown,unknown,0.6160204379612637,0.6482965412885674,0.47931593866701633,0.5946067969470687,0.5596104463287278,0.3260990131340883,0.6651169689706941,0.6751666489837838,0.5103026360587147
s0801a:s08_s0801a_raw_nemo_buffer_000114-vad_percentile_rms-0000-0003-526972,s08,s0801a,0,0,0,safe,safe,safe,0.8950985721753155,0.8577701162194026,0.641856601785555,0.7028289755173833,0.5585415928625164,0.1819223716037259,0.8963497177180747,0.8628874517611079,0.6208229435591878
s0801a:s08_s0801a_raw_nemo_buffer_000114-vad_percentile_rms-0000-0004-528036,s08,s0801a,1,,,bad,unknown,unknown,0.6982474526042144,0.5549987795428669,0.2373441169419384,0.7836242046616377,0.730109281415364,0.41929826160052236,0.6460846013176245,0.5385673958837752,0.31633232848545273
s0801a:s08_s0801a_raw_nemo_buffer_000114-vad_percentile_rms-0000-0005-529484,s08,s0801a,,,,unknown,unknown,unknown,0.28250973271563196,0.14526315989027602,0.038746299060095954,0.8297165168566384,0.6866171617586178,0.2110864109393568,0.4610121905723045,0.2428702596435829,0.048668947389251954
s0801a:s08_s0801a_raw_nemo_buffer_000115-vad_percentile_rms-0000-0000-529708,s08,s0801a,1,1,1,bad,bad,bad,0.9414229354117114,0.9434247020251857,0.8728059814375558,0.6899797680714931,0.5414475134458627,0.17150011559869252,0.9488335428769057,0.9484558789551173,0.8472155983436769
s0801a:s08_s0801a_raw_nemo_buffer_000115-vad_percentile_rms-0000-0001-537452,s08,s0801a,,,,unknown,unknown,unknown,0.1894476441885483,0.10324340527638005,0.05989453626686515,0.7323364533445647,0.5955898942417691,0.20339955199938062,0.28921526323153185,0.15471587972382933,0.07134590797349769
s0801a:s08_s0801a_raw_nemo_buffer_000116-vad_percentile_rms-0000-0000-538372,s08,s0801a,,,,unknown,unknown,unknown,0.24154197762194957,0.12349406028936277,0.044152722249249605,0.7951045878041997,0.6424173030931097,0.19166555553750905,0.43248109727042855,0.22098536317190726,0.06109643211845105
s0801a:s08_s0801a_raw_nemo_buffer_000117-vad_percentile_rms-0000-0000-538644,s08,s0801a,,,,unknown,unknown,unknown,0.9972380306087442,0.9893672685913816,0.9810275005830412,0.8338040535896022,0.6752334484450202,0.1833751726700854,0.9950482567439902,0.9832986219746536,0.9751358964696838
s0801a:s08_s0801a_raw_nemo_buffer_000117-vad_percentile_rms-0000-0001-543116,s08,s0801a,0,0,0,safe,safe,safe,0.06550952094508046,0.030485542369471243,0.02857802224702657,0.09435679824176117,0.08559328022814791,0.053624638913250325,0.03719662584437045,0.019987414483846028,0.023737694730927055
s0801a:s08_s0801a_raw_nemo_buffer_000117-vad_percentile_rms-0000-0002-548268,s08,s0801a,,,,unknown,unknown,unknown,0.1729153734096693,0.08200913485064472,0.0222734446239931,0.843917615468856,0.6992076743937375,0.2074385075473219,0.34735409501680453,0.1616117180800893,0.03153901646493412
s0801a:s08_s0801a_raw_nemo_buffer_000118-vad_percentile_rms-0000-0000-549032,s08,s0801a,,,,unknown,unknown,unknown,0.9266582635495071,0.8805418070566566,0.574143354832826,0.5630749069363143,0.4725133421366811,0.20185575559986668,0.8626368043009685,0.8234073273703858,0.5405057397644742
s0801a:s08_s0801a_raw_nemo_buffer_000118-vad_percentile_rms-0000-0001-549732,s08,s0801a,,,,unknown,unknown,unknown,0.6738647875630431,0.46263658025097754,0.24919908559704598,0.7845550684404485,0.6340710795099135,0.1937607181151218,0.7953942437743967,0.6055125325319182,0.34806271519918075
s0801a:s08_s0801a_raw_nemo_buffer_000119-vad_percentile_rms-0000-0000-550788,s08,s0801a,,,,unknown,unknown,unknown,0.906595474640583,0.831128323237209,0.405347715591915,0.7332931850928048,0.5795409350229208,0.1772219684590358,0.8749694895228668,0.8083769675920122,0.3896376536553966
s0801a:s08_s0801a_raw_nemo_buffer_000119-vad_percentile_rms-0000-0001-551596,s08,s0801a,,,,unknown,unknown,unknown,0.3436719028940732,0.1880273175816731,0.04946681199553225,0.8706061757429894,0.738250697895212,0.22834212469357326,0.5537164287012496,0.32300890001928323,0.07030590894916028
s0801a:s08_s0801a_raw_nemo_buffer_000120-vad_percentile_rms-0000-0000-551972,s08,s0801a,,,,unknown,unknown,unknown,0.8796107254641484,0.7587867302810154,0.14502824967819625,0.7375501136304622,0.5656977445529323,0.15329526667379603,0.8584630815482637,0.7467619970444306,0.13539308282162166
s0801a:s08_s0801a_raw_nemo_buffer_000120-vad_percentile_rms-0000-0001-554000,s08,s0801a,,,,unknown,unknown,unknown,0.5427164205520342,0.338619390879745,0.08052674558122688,0.7783381941202901,0.6372677627226555,0.20857935291522303,0.6083843969446753,0.40375926143926133,0.0961381235948758
s0801a:s08_s0801a_raw_nemo_buffer_000121-vad_percentile_rms-0000-0000-554248,s08,s0801a,,,,unknown,unknown,unknown,0.9761280958056398,0.9695996789784088,0.773273068529423,0.5311850057568444,0.45430784694403753,0.20628638589512724,0.9491938058267859,0.9469641119557339,0.7053080622036975
s0801a:s08_s0801a_raw_nemo_buffer_000121-vad_percentile_rms-0000-0001-555688,s08,s0801a,,,,unknown,unknown,unknown,0.45118316965683836,0.24476233082010818,0.0554111770626354,0.8213408826285623,0.6642431909587261,0.18616359239286515,0.6274128368019491,0.3698652023594598,0.06841742237802793
s0801a:s08_s0801a_raw_nemo_buffer_000122-vad_percentile_rms-0000-0000-556152,s08,s0801a,,,,unknown,unknown,unknown,0.7293434851369187,0.6494478007445713,0.5357274535953886,0.4409766320231269,0.3711606807833916,0.16674538084038856,0.6859072048231575,0.6088067004501428,0.47079657337559255
s0801a:s08_s0801a_raw_nemo_buffer_000122-vad_percentile_rms-0000-0001-556996,s08,s0801a,0,0,0,safe,safe,safe,0.06341932630738055,0.028538454991837384,0.0195151283584484,0.10163711286660597,0.07386056481365197,0.03244298567527737,0.03606100833399809,0.018535927098918225,0.012070052999980005
s0801a:s08_s0801a_raw_nemo_buffer_000122-vad_percentile_rms-0000-0002-561924,s08,s0801a,1,1,,bad,bad,unknown,0.053028444423195285,0.03544315750461582,0.1079806046728005,0.4289434940512458,0.3889879253532229,0.20670601804002722,0.07462366263615952,0.04812678342779409,0.14697187595269157
s0801a:s08_s0801a_raw_nemo_buffer_000122-vad_percentile_rms-0000-0003-564828,s08,s0801a,,,,unknown,unknown,unknown,0.2589990802798936,0.12898292686960716,0.05197313562508947,0.7763554082879998,0.6515869943893453,0.23830123241775392,0.41709115780477374,0.21287597956178242,0.07819276186806513
s0801a:s08_s0801a_raw_nemo_buffer_000123-vad_percentile_rms-0000-0000-565180,s08,s0801a,,,,unknown,unknown,unknown,0.826465507446447,0.6470331637594032,0.07242924227399462,0.8549446256170037,0.76289744480373,0.33571679532196735,0.7979058284269979,0.6440160216227112,0.09708989262750825
s0801a:s08_s0801a_raw_nemo_buffer_000123-vad_percentile_rms-0000-0001-566200,s08,s0801a,0,0,0,safe,safe,safe,0.014686988273289922,0.007575782132113486,0.023371723617345963,0.07855280883557879,0.06357795765579682,0.03437893571876202,0.013864750519381928,0.007265948719573663,0.02154843849698384
s0801a:s08_s0801a_raw_nemo_buffer_000123-vad_percentile_rms-0000-0002-568052,s08,s0801a,0,0,0,safe,safe,safe,0.15906608643333472,0.07518082279615249,0.030412473072836902,0.049623196060551315,0.04144205903713217,0.025230962305507126,0.05643199951573559,0.03270386594703871,0.015092497172651303
s0801a:s08_s0801a_raw_nemo_buffer_000123-vad_percentile_rms-0000-0003-569292,s08,s0801a,0,0,0,safe,safe,safe,0.4039560178569934,0.2439994301009298,0.07645044673751017,0.3984233937290299,0.2956247990199867,0.10307065637767891,0.31207299001271327,0.19699826106700474,0.0582737301367623
s0801a:s08_s0801a_raw_nemo_buffer_000123-vad_percentile_rms-0000-0004-570156,s08,s0801a,,,,unknown,unknown,unknown,0.32702276589189533,0.1670702003158656,0.040343719636811874,0.8388065148929295,0.6872387069318281,0.19515513835830517,0.509242445441835,0.27335986334953727,0.0492688645499007
s0801a:s08_s0801a_raw_nemo_buffer_000124-vad_percentile_rms-0000-0000-570680,s08,s0801a,,,,unknown,unknown,unknown,0.6459306158907785,0.4393043620908033,0.07968338487848217,0.7068980980640656,0.5270596395506313,0.13638374612962711,0.6773096064406645,0.4796014820636027,0.07977452445890021
s0801a:s08_s0801a_raw_nemo_buffer_000124-vad_percentile_rms-0000-0001-572292,s08,s0801a,,,,unknown,unknown,unknown,0.21543842660399423,0.11284991939817035,0.05607393075943852,0.8507820680523267,0.712635840900597,0.21974597695273423,0.4771872954033205,0.24863641745369056,0.09063650486206513
s0801a:s08_s0801a_raw_nemo_buffer_000125-vad_percentile_rms-0000-0000-572468,s08,s0801a,,,,unknown,unknown,unknown,0.9970266651655966,0.9878269094792297,0.9822170180385319,0.7617175862803623,0.5836065687064246,0.14978538610996014,0.9938816171101362,0.9787562192638113,0.9750732287848902
s0801a:s08_s0801a_raw_nemo_buffer_000125-vad_percentile_rms-0000-0001-574968,s08,s0801a,0,0,0,safe,safe,safe,0.11515407016692415,0.056192910222709634,0.048469036401466783,0.8832432274050753,0.8097831497244466,0.40198826307611524,0.2782793797944911,0.13124052539072392,0.108390425310771
s0801a:s08_s0801a_raw_nemo_buffer_000125-vad_percentile_rms-0000-0002-576716,s08,s0801a,,,,unknown,unknown,unknown,0.34077929225792614,0.1594501584889544,0.04336472346760261,0.8574631018955172,0.7325762692671071,0.24797478356574054,0.5382858337683117,0.27676855360491426,0.06318527137878906
s0801a:s08_s0801a_raw_nemo_buffer_000126-vad_percentile_rms-0000-0000-576920,s08,s0801a,1,,,bad,unknown,unknown,0.8588585798446111,0.7249051967474138,0.2234736799304364,0.7930463875267365,0.6869182455014532,0.28305549671924723,0.8459253295468652,0.7261540375908166,0.2516981130066572
s0801a:s08_s0801a_raw_nemo_buffer_000126-vad_percentile_rms-0000-0001-577700,s08,s0801a,1,1,1,bad,bad,bad,0.11463569303960133,0.05694179899410475,0.024540624906654606,0.13888407678678746,0.10072769967233183,0.04179513808040011,0.06367159550367964,0.03636890594431437,0.016022175958098787
s0801a:s08_s0801a_raw_nemo_buffer_000126-vad_percentile_rms-0000-0002-580140,s08,s0801a,,,,unknown,unknown,unknown,0.4747721407928455,0.30640901169464635,0.11465395451833445,0.905945553580484,0.8348654814230021,0.4100297264135132,0.6836924159271096,0.48228565732969814,0.20014771382920762
s0801a:s08_s0801a_raw_nemo_buffer_000127-vad_percentile_rms-0000-0000-580748,s08,s0801a,,,,unknown,unknown,unknown,0.4982204637428401,0.3221043339686613,0.09788332919511322,0.8019196477573112,0.6557631670421961,0.20364517200351018,0.6636654789243697,0.4530385698378728,0.12335750489656924
s0801a:s08_s0801a_raw_nemo_buffer_000127-vad_percentile_rms-0000-0001-585484,s08,s0801a,,,,unknown,unknown,unknown,0.15278686314373957,0.08166692717511947,0.04171684263505543,0.8491672388929096,0.7181947415742205,0.23506467724945615,0.3383535976896127,0.17000087693557123,0.06013319839203112
s0801a:s08_s0801a_raw_nemo_buffer_000128-vad_percentile_rms-0000-0000-586344,s08,s0801a,,,,unknown,unknown,unknown,0.4549261856974452,0.274618142190959,0.058081637476735185,0.8345567518558773,0.6908421290430145,0.20986632847404957,0.5999143600076164,0.38411571967635283,0.06891373386623685
s0801a:s08_s0801a_raw_nemo_buffer_000129-vad_percentile_rms-0000-0000-590248,s08,s0801a,,,,unknown,unknown,unknown,0.9173805313902579,0.8954796224368091,0.6585147084897472,0.655350124192505,0.5449241261498643,0.21617693047991232,0.9418908074633385,0.917185086989852,0.694361502362683
s0801a:s08_s0801a_raw_nemo_buffer_000129-vad_percentile_rms-0000-0001-590668,s08,s0801a,,,,unknown,unknown,unknown,0.1435133729393643,0.07278234968990353,0.026847153346366875,0.8303074979896427,0.7160107493798146,0.27266519035756703,0.2680056061353681,0.13186716481900732,0.04216535656311113
s0801a:s08_s0801a_raw_nemo_buffer_000130-vad_percentile_rms-0000-0000-592228,s08,s0801a,,,,unknown,unknown,unknown,0.8138585919901817,0.6773563940615511,0.1934404261392036,0.8157071687022217,0.6516236282518171,0.17485083972453472,0.86169432612218,0.744226751370683,0.20622457799399302
s0801a:s08_s0801a_raw_nemo_buffer_000130-vad_percentile_rms-0000-0001-593864,s08,s0801a,,,,unknown,unknown,unknown,0.25423007248832913,0.13146047203015712,0.033426078512641656,0.8339784824527001,0.725958309598656,0.2886032882560455,0.38721466839428803,0.20487592242031527,0.04688172020943957
s1101a:s11_s1101a_raw_nemo_buffer_000000-vad_percentile_rms-0000-0000-5364,s11,s1101a,,,,unknown,unknown,unknown,0.9991681532716793,0.994948603781083,0.9662733576590213,0.8397888193443013,0.6623675758082508,0.09524417167878232,0.9988485766915908,0.9935727827611155,0.9244131856543626
s1101a:s11_s1101a_raw_nemo_buffer_000000-vad_percentile_rms-0000-0001-8788,s11,s1101a,,,,unknown,unknown,unknown,0.9876472265657981,0.9893818245044896,0.935181051132894,0.6316500054597013,0.586894249219017,0.4099456609691108,0.986294995439005,0.9869366318611509,0.9459056299628102
s1101a:s11_s1101a_raw_nemo_buffer_000000-vad_percentile_rms-0000-0002-9224,s11,s1101a,,,,unknown,unknown,unknown,0.17791938524585404,0.08752205267951045,0.020686933723151238,0.8032178314942003,0.6136943671418682,0.09283782643749251,0.3928745412315761,0.18384545692064952,0.02013169512067123
s1101a:s11_s1101a_raw_nemo_buffer_000001-vad_percentile_rms-0000-0000-27432,s11,s1101a,,,,unknown,unknown,unknown,0.3457189587608954,0.15887468348678946,0.025676824363557057,0.7450498245344718,0.5415048804298888,0.08591064508084587,0.49391999371213197,0.2261350110292717,0.02008627654892814
s1101a:s11_s1101a_raw_nemo_buffer_000002-vad_percentile_rms-0000-0000-27668,s11,s1101a,1,1,,bad,bad,unknown,0.9890282000241706,0.9884457322568757,0.8345531797400919,0.8117716132695739,0.6609754542178374,0.14692654038925504,0.99054916580389,0.9874843587982005,0.7517494312532538
s1101a:s11_s1101a_raw_nemo_buffer_000002-vad_percentile_rms-0000-0001-30304,s11,s1101a,,,,unknown,unknown,unknown,0.6087743620837606,0.27061035147587725,0.013364239303919952,0.8187577531630912,0.6660285579080697,0.14096880367259654,0.7327519377443108,0.39882110458411746,0.015866856610327575
s1101a:s11_s1101a_raw_nemo_buffer_000003-vad_percentile_rms-0000-0000-43416,s11,s1101a,0,0,0,safe,safe,safe,0.5764443123220717,0.40503708841228453,0.12057015798218841,0.6009938009851419,0.42790756296405436,0.1083952145050787,0.6053581542649037,0.42147964238455105,0.09748217248208169
s1101a:s11_s1101a_raw_nemo_buffer_000003-vad_percentile_rms-0000-0001-44752,s11,s1101a,0,0,0,safe,safe,safe,0.18698215562147874,0.05150355368642572,0.006155355226907882,0.5987824867322121,0.41596259549743475,0.09603173570301426,0.24320865137845313,0.0685887186787934,0.0064491649652683855
s1101a:s11_s1101a_raw_nemo_buffer_000003-vad_percentile_rms-0000-0002-45368,s11,s1101a,1,1,,bad,bad,unknown,0.8772610387704454,0.8316837095110413,0.5591102194022216,0.8164183658225949,0.738555916345858,0.34635906953328083,0.9033052817546664,0.8666256603644658,0.5921323791041895
s1101a:s11_s1101a_raw_nemo_buffer_000003-vad_percentile_rms-0000-0003-47180,s11,s1101a,,,,unknown,unknown,unknown,0.3205598886177849,0.1489807605023035,0.025433088741491063,0.8909374895482349,0.760827163809642,0.13624727940775158,0.5989502876399869,0.31504343141593794,0.02719278114860798
s1101a:s11_s1101a_raw_nemo_buffer_000004-vad_percentile_rms-0000-0000-47936,s11,s1101a,1,1,,bad,bad,unknown,0.99168996372382,0.9815496830351383,0.5202341600718029,0.7284165496962506,0.6072872743704214,0.22031073846095894,0.9860658731923361,0.9698442051121682,0.47416469729561683
s1101a:s11_s1101a_raw_nemo_buffer_000004-vad_percentile_rms-0000-0001-50444,s11,s1101a,,,,unknown,unknown,unknown,0.3925501344674938,0.20958325300983136,0.02670628409382047,0.8597229832039978,0.6982750045188689,0.10667047830942866,0.6403582100971437,0.3812817330487851,0.028442350711021445
s1101a:s11_s1101a_raw_nemo_buffer_000005-vad_percentile_rms-0000-0000-50832,s11,s1101a,,,,unknown,unknown,unknown,0.9818363221148992,0.9269741056082084,0.12874761987907624,0.5812708405797299,0.48417474593825194,0.23952333282505806,0.9790829706877697,0.9224186943721081,0.1928736580002825
s1101a:s11_s1101a_raw_nemo_buffer_000005-vad_percentile_rms-0000-0001-52308,s11,s1101a,,,,unknown,unknown,unknown,0.37574316875165265,0.1141110461998301,0.0056348003083086465,0.8078411540779836,0.6275566720441594,0.10286848568604222,0.5732846548734335,0.20429416305811252,0.006877679889507437
s1101a:s11_s1101a_raw_nemo_buffer_000006-vad_percentile_rms-0000-0000-54004,s11,s1101a,,,,unknown,unknown,unknown,0.9988329288524989,0.9930022138385048,0.9237864777406105,0.8182057545650275,0.6455422119098276,0.10984233283859164,0.9979027952555806,0.9903883226018112,0.8705565611697489
s1101a:s11_s1101a_raw_nemo_buffer_000006-vad_percentile_rms-0000-0001-54700,s11,s1101a,,,,unknown,unknown,unknown,0.6618638183119151,0.4674866025327942,0.10837437583663226,0.8931581447110399,0.762868451251106,0.13344320616109656,0.8458608101533522,0.6647142175652987,0.10287801398237974
s1101a:s11_s1101a_raw_nemo_buffer_000007-vad_percentile_rms-0000-0000-54908,s11,s1101a,,,,unknown,unknown,unknown,0.9696733720698926,0.9526110089717438,0.44577252930786754,0.7469223918890648,0.607809271000888,0.1812287039272918,0.9625952205599675,0.9412043934240718,0.4157400626329617
s1101a:s11_s1101a_raw_nemo_buffer_000007-vad_percentile_rms-0000-0001-55604,s11,s1101a,0,0,0,safe,safe,safe,0.09235495244175376,0.035342786194427545,0.009741895520835106,0.1919816271888592,0.11095459240864324,0.04428183219228062,0.0704483977865253,0.025101719066999442,0.007179154435620812
s1101a:s11_s1101a_raw_nemo_buffer_000007-vad_percentile_rms-0000-0002-57500,s11,s1101a,,,,unknown,unknown,unknown,0.634160252734881,0.4821179450370447,0.1029634605019998,0.8490675184173907,0.6893952398063015,0.11548482684978327,0.8028004471085645,0.6451624181900919,0.09320806531147557
s1101a:s11_s1101a_raw_nemo_buffer_000008-vad_percentile_rms-0000-0000-58420,s11,s1101a,,,,unknown,unknown,unknown,0.7595638258595275,0.5672408567384962,0.0300003836669615,0.8193710597973862,0.6361867595172352,0.09578006087496957,0.8036869568737215,0.6250877491322935,0.030604095298172988
s1101a:s11_s1101a_raw_nemo_buffer_000008-vad_percentile_rms-0000-0001-59812,s11,s1101a,,,,unknown,unknown,unknown,0.6574821083864579,0.5008013839883654,0.06509857028726242,0.8786584627373177,0.7329096847617268,0.11814591718943106,0.8154285956377113,0.6702072727980501,0.07083984251736082
s1101a:s11_s1101a_raw_nemo_buffer_000009-vad_percentile_rms-0000-0000-60236,s11,s1101a,,,,unknown,unknown,unknown,0.9031299566615054,0.8352977741125581,0.051126420687002135,0.8329299510209414,0.6668320483998146,0.11359847912216937,0.9365369838764414,0.8839275999756769,0.05725249001271864
s1101a:s11_s1101a_raw_nemo_buffer_000009-vad_percentile_rms-0000-0001-60768,s11,s1101a,,,,unknown,unknown,unknown,0.349783393729855,0.15088881768411114,0.009318073095589898,0.848431679123917,0.6792648748888336,0.10199817251796658,0.5959670445423783,0.2971112510482525,0.012298102817151806
s1101a:s11_s1101a_raw_nemo_buffer_000010-vad_percentile_rms-0000-0000-61324,s11,s1101a,,,,unknown,unknown,unknown,0.9010324016531914,0.6348493455335315,0.012619491177905664,0.769936293597396,0.5688165701797826,0.08616025847022253,0.9140796173041216,0.7015081896621543,0.017304005943305924
s1101a:s11_s1101a_raw_nemo_buffer_000010-vad_percentile_rms-0000-0001-63300,s11,s1101a,,,,unknown,unknown,unknown,0.578305050031088,0.2634086279402181,0.016328104535402885,0.8119232428288048,0.6305748916573475,0.10034604657516326,0.7333388472284101,0.4109995444071372,0.01821064875070821
s1101a:s11_s1101a_raw_nemo_buffer_000011-vad_percentile_rms-0000-0000-63476,s11,s1101a,,,,unknown,unknown,unknown,0.8876757561185461,0.6587368243035838,0.013143562507358443,0.7882975900045573,0.5923244599725374,0.08881211119618566,0.8930330875383429,0.6828348028507462,0.013414617274726
s1101a:s11_s1101a_raw_nemo_buffer_000011-vad_percentile_rms-0000-0001-65892,s11,s1101a,,,,unknown,unknown,unknown,0.754805284271397,0.6654461584059719,0.23574040485750045,0.6558840036517531,0.5005942971898212,0.1449613260378845,0.8045752557034552,0.6998642179790807,0.20685292465156366
s1101a:s11_s1101a_raw_nemo_buffer_000011-vad_percentile_rms-0000-0002-66440,s11,s1101a,,,,unknown,unknown,unknown,0.9379146030097033,0.7528133143832623,0.07862379759575287,0.8144727704031498,0.652905492314517,0.1276475298381947,0.9790798246730266,0.9013930984591394,0.10859756291433766
s1101a:s11_s1101a_raw_nemo_buffer_000012-vad_percentile_rms-0000-0000-66868,s11,s1101a,1,,,bad,unknown,unknown,0.9608879490826512,0.9111575201773847,0.14718926569198473,0.789734011803395,0.6250964779831787,0.12968102279862004,0.957117160151172,0.9116563211761676,0.15733157693102243
s1101a:s11_s1101a_raw_nemo_buffer_000012-vad_percentile_rms-0000-0001-67284,s11,s1101a,,,,unknown,unknown,unknown,0.4856898560693221,0.29996923934370745,0.0476063253718699,0.8510310539483137,0.6910022411177205,0.1138547894643067,0.7059195630842366,0.47683576502850716,0.049125098007048555
s1101a:s11_s1101a_raw_nemo_buffer_000013-vad_percentile_rms-0000-0000-67932,s11,s1101a,,,,unknown,unknown,unknown,0.9773923136189527,0.978577819103164,0.6423107779185196,0.7523652466707521,0.6111769477204899,0.17678631092454825,0.9820338860946821,0.9806867930903789,0.6307860812166056
s1101a:s11_s1101a_raw_nemo_buffer_000013-vad_percentile_rms-0000-0001-70664,s11,s1101a,,,,unknown,unknown,unknown,0.9096980239318557,0.8916206212622385,0.6403268758998367,0.7081794681884868,0.64783170919424,0.3924127370699091,0.9201673798965421,0.8998187749415312,0.6829277788989675
s1101a:s11_s1101a_raw_nemo_buffer_000013-vad_percentile_rms-0000-0002-71912,s11,s1101a,,,,unknown,unknown,unknown,0.394049452080484,0.18565447246728847,0.037647035765562685,0.8325954702885369,0.6566133436057621,0.10006740019261588,0.618417975983229,0.3247527995355063,0.0358924498168892
s1101a:s11_s1101a_raw_nemo_buffer_000014-vad_percentile_rms-0000-0000-72128,s11,s1101a,,,,unknown,unknown,unknown,0.32430940408506786,0.13638165127398205,0.0025927230233044364,0.7949753507706857,0.6182904808714638,0.11091118492032005,0.22456592623837096,0.11596413228198801,0.001633043637418483
s1101a:s11_s1101a_raw_nemo_buffer_000014-vad_percentile_rms-0000-0001-74624,s11,s1101a,,,,unknown,unknown,unknown,0.2465955409371284,0.08880411779754782,0.012602179501221033,0.8345827190199034,0.6681232558025718,0.1123529736039129,0.4783546656882686,0.1883864857446638,0.0139003464220626
s1101a:s11_s1101a_raw_nemo_buffer_000015-vad_percentile_rms-0000-0000-75232,s11,s1101a,,,,unknown,unknown,unknown,0.9788398858546372,0.9526519919111954,0.33066622583359795,0.7545439618239785,0.5912224486387648,0.13711544700715883,0.9818671829912441,0.9602162965418375,0.29586550848451243
s1101a:s11_s1101a_raw_nemo_buffer_000015-vad_percentile_rms-0000-0001-75720,s11,s1101a,1,,,bad,unknown,unknown,0.7723095120086385,0.6664120181062242,0.19560013041098792,0.8407370956872163,0.7858435895160201,0.4413031558753893,0.7955694331738165,0.7372181593855442,0.31601819777882845
s1101a:s11_s1101a_raw_nemo_buffer_000016-vad_percentile_rms-0000-0000-79696,s11,s1101a,,,,unknown,unknown,unknown,0.8821895672959515,0.7494013645163747,0.036856482425759195,0.717503647927181,0.5022512163704724,0.07534289588324442,0.8409593918993484,0.7104409920317509,0.03639203791838382
s1101a:s11_s1101a_raw_nemo_buffer_000016-vad_percentile_rms-0000-0001-82904,s11,s1101a,,,,unknown,unknown,unknown,0.3461803254514542,0.21534978280173822,0.04860565637576795,0.7967754640771125,0.6090267089355069,0.09643349514167714,0.5515896270749379,0.3412275877738049,0.040052166810274174
s1101a:s11_s1101a_raw_nemo_buffer_000017-vad_percentile_rms-0000-0000-83832,s11,s1101a,1,,,bad,unknown,unknown,0.9838859513716169,0.981534100415489,0.7107519307021797,0.8684904595055171,0.749874326790592,0.1853276182463198,0.9879402100358747,0.9849218648596195,0.6847328387601881
s1101a:s11_s1101a_raw_nemo_buffer_000017-vad_percentile_rms-0000-0001-84904,s11,s1101a,,,,unknown,unknown,unknown,0.3986543624402616,0.2712195455862086,0.05033905765393385,0.8196133916546322,0.6363717263453491,0.09563228024508229,0.6071798993962711,0.4188131994793081,0.04720928149846753
s1101a:s11_s1101a_raw_nemo_buffer_000018-vad_percentile_rms-0000-0000-85196,s11,s1101a,,,,unknown,unknown,unknown,0.7914045754259716,0.6062179470416471,0.043096206292975676,0.7497447844607154,0.5445156215278967,0.08389680380763828,0.8049630730009619,0.627918703610693,0.04066802438590659
s1101a:s11_s1101a_raw_nemo_buffer_000018-vad_percentile_rms-0000-0001-86828,s11,s1101a,,,,unknown,unknown,unknown,0.18885810889781696,0.08586036355204477,0.00912442910705297,0.8161184781323113,0.6337188036716859,0.09776835381055729,0.39586579330944877,0.17886055910948978,0.010215773920257324
s1101a:s11_s1101a_raw_nemo_buffer_000019-vad_percentile_rms-0000-0000-87568,s11,s1101a,,,,unknown,unknown,unknown,0.8749032149349608,0.7570763572162,0.08094176030376614,0.8197190044844085,0.6667326071111316,0.14015147607105308,0.8966443221286754,0.7935521107920772,0.07268839066876312
s1101a:s11_s1101a_raw_nemo_buffer_000019-vad_percentile_rms-0000-0002-90156,s11,s1101a,1,,,bad,unknown,unknown,0.22595070301708547,0.08740686382832118,0.010778950976133711,0.8071613689380015,0.6373999862443938,0.11745924343355575,0.4082448513750644,0.17244457389051454,0.013711175439325131
s1101a:s11_s1101a_raw_nemo_buffer_000020-vad_percentile_rms-0000-0000-91060,s11,s1101a,1,,,bad,unknown,unknown,0.9990915144230477,0.9882638709400708,0.8610855161755839,0.8718616200752095,0.7269210780972282,0.12507722299241764,0.9991450125266839,0.9909156158217303,0.7774447186692305
s1101a:s11_s1101a_raw_nemo_buffer_000020-vad_percentile_rms-0000-0001-92648,s11,s1101a,,,,unknown,unknown,unknown,0.3506033727782536,0.19120739207288256,0.05830782723387686,0.8272060348508665,0.68201672240577,0.15145409402591453,0.5533169110011672,0.3287284909123743,0.06317629964177678
s1101a:s11_s1101a_raw_nemo_buffer_000021-vad_percentile_rms-0000-0000-94288,s11,s1101a,,,,unknown,unknown,unknown,0.9582545046290036,0.9484497067868684,0.5536915596009203,0.690376249494272,0.5086067418644925,0.11079259228817166,0.9468500113298582,0.9293291404520251,0.41078352880683316
s1101a:s11_s1101a_raw_nemo_buffer_000021-vad_percentile_rms-0000-0001-99916,s11,s1101a,,,,unknown,unknown,unknown,0.28726480697986356,0.08981795291913126,0.008372392550347241,0.8376962302265357,0.6705770422888087,0.11001229467809995,0.48975823606591556,0.17422739979715093,0.00959016933457999
s1101a:s11_s1101a_raw_nemo_buffer_000022-vad_percentile_rms-0000-0000-100888,s11,s1101a,,,,unknown,unknown,unknown,0.8172075239292063,0.5877196980353289,0.022519649799812354,0.7962461021714644,0.6086472307518089,0.09673052681410886,0.8057749077113389,0.5987320225686933,0.02349608153724271
s1101a:s11_s1101a_raw_nemo_buffer_000022-vad_percentile_rms-0000-0001-102360,s11,s1101a,,,,unknown,unknown,unknown,0.6758213817012726,0.48541848928183995,0.1405914780028124,0.8679713655747266,0.7494589017008662,0.1860427153885958,0.7936798023278402,0.633563179204769,0.15928503020361948
s1101a:s11_s1101a_raw_nemo_buffer_000023-vad_percentile_rms-0000-0000-104124,s11,s1101a,,,,unknown,unknown,unknown,0.7064474778476136,0.47204806158638385,0.02063641931250202,0.7318217342726224,0.5221111939287857,0.08034242520020901,0.728748140107647,0.5103819221793561,0.02069089843569691
s1101a:s11_s1101a_raw_nemo_buffer_000023-vad_percentile_rms-0000-0001-105940,s11,s1101a,,,,unknown,unknown,unknown,0.4484604827642183,0.32192542778341676,0.11693015802247114,0.8038560139614741,0.6246475176571098,0.10534463250786895,0.7027759471729857,0.5198034077545121,0.09591405168833884
s1101a:s11_s1101a_raw_nemo_buffer_000024-vad_percentile_rms-0000-0000-106576,s11,s1101a,,,,unknown,unknown,unknown,0.6396371053397178,0.4668091272738034,0.05320491230030716,0.7592958450577197,0.5726468741716974,0.10383361730060535,0.71928613047615,0.5326602991138497,0.048846002088082006
s1101a:s11_s1101a_raw_nemo_buffer_000024-vad_percentile_rms-0000-0001-108732,s11,s1101a,,,,unknown,unknown,unknown,0.4288304918106226,0.24188459609117177,0.024546607022020606,0.8280314777877762,0.6729144885870298,0.13310822790017865,0.603306927955399,0.3749000750776152,0.029101588945990617
s1101a:s11_s1101a_raw_nemo_buffer_000025-vad_percentile_rms-0000-0000-109044,s11,s1101a,,,,unknown,unknown,unknown,0.9979366239474324,0.9871493541651538,0.8896094373388761,0.7669503563189596,0.5776951731361534,0.09979756517319045,0.9964089499292974,0.9829902206673424,0.8290788292421546
s1101a:s11_s1101a_raw_nemo_buffer_000025-vad_percentile_rms-0000-0001-109820,s11,s1101a,,,,unknown,unknown,unknown,0.3244868564430099,0.17213240389094334,0.03200935692063153,0.7883610742561874,0.6030644357203403,0.10118348789347191,0.5363070233380505,0.3015457287259643,0.03563781240411866
s1101a:s11_s1101a_raw_nemo_buffer_000026-vad_percentile_rms-0000-0000-110076,s11,s1101a,,,,unknown,unknown,unknown,0.9342209676906812,0.8866936496304527,0.11727797094258303,0.7624927056825789,0.6279983012984526,0.18980849482170753,0.911391369332644,0.8732361312376007,0.13394179369724238
s1101a:s11_s1101a_raw_nemo_buffer_000026-vad_percentile_rms-0000-0001-112744,s11,s1101a,,,,unknown,unknown,unknown,0.41439142863834905,0.24572042252445564,0.16018654832705517,0.7293182117755869,0.5537272468194802,0.1201501895803681,0.5814263508219997,0.3458127399726814,0.12118266625828399
s1101a:s11_s1101a_raw_nemo_buffer_000027-vad_percentile_rms-0000-0000-114364,s11,s1101a,,,,unknown,unknown,unknown,0.8806440838095424,0.7837608212099313,0.07078621076289525,0.8318714374000058,0.6560426782260469,0.10055520711957615,0.9044659180064294,0.8262012318425237,0.07493527700376067
s1101a:s11_s1101a_raw_nemo_buffer_000027-vad_percentile_rms-0000-0001-114888,s11,s1101a,,,,unknown,unknown,unknown,0.27947475731424426,0.12401375940736217,0.0159509185244258,0.824867354117772,0.6505984186900765,0.10529614568023778,0.5090533099265219,0.24450420657876387,0.02114757950526547
s1101a:s11_s1101a_raw_nemo_buffer_000028-vad_percentile_rms-0000-0001-119476,s11,s1101a,0,0,0,safe,safe,safe,0.16845129019773405,0.06627150045901034,0.016561455594732075,0.22970070339944904,0.13224796459302662,0.04654263291442988,0.11869893746876285,0.04534367834362043,0.012739998396408832
s1101a:s11_s1101a_raw_nemo_buffer_000028-vad_percentile_rms-0000-0002-120012,s11,s1101a,,,,unknown,unknown,unknown,0.42110068470276646,0.1697544476006203,0.016457697088333046,0.8592522257469389,0.6978741812311355,0.1070582637455975,0.6731982836574519,0.3290809095389171,0.01868047061208835
s1101a:s11_s1101a_raw_nemo_buffer_000029-vad_percentile_rms-0000-0000-120956,s11,s1101a,,,,unknown,unknown,unknown,0.7679056771988498,0.5111810170281613,0.020943314661950898,0.8101409878339784,0.6188167169879509,0.08901320680326309,0.814660918751719,0.5764483519253699,0.021843969808344892
s1101a:s11_s1101a_raw_nemo_buffer_000029-vad_percentile_rms-0000-0001-124748,s11,s1101a,,,,unknown,unknown,unknown,0.9634383737672976,0.9472731052553062,0.3593244621225082,0.8606166631721247,0.7350988285659242,0.1743597584634018,0.9812311814499347,0.9684701548526826,0.32429121706624003
s1101a:s11_s1101a_raw_nemo_buffer_000030-vad_percentile_rms-0000-0000-138764,s11,s1101a,,,,unknown,unknown,unknown,0.4497682379266133,0.20708031653769607,0.03054830412422109,0.8218254044412927,0.6583496532036219,0.12202022268191175,0.6412228570186534,0.3384105049011342,0.035415828408750245
s1101a:s11_s1101a_raw_nemo_buffer_000031-vad_percentile_rms-0000-0000-138956,s11,s1101a,,,,unknown,unknown,unknown,0.9481107376384402,0.9095516190381394,0.30709658988571376,0.7263517341270695,0.5408969914163828,0.1071796573945493,0.9527403717109386,0.9077976959637577,0.23903255007065427
s1101a:s11_s1101a_raw_nemo_buffer_000031-vad_percentile_rms-0000-0001-140172,s11,s1101a,,,,unknown,unknown,unknown,0.3576791137011735,0.1599516560167398,0.023406057551038938,0.8601866284922423,0.6986705773974304,0.10628870017399905,0.6148015370514534,0.3164522590397481,0.026208446716775545
s1101a:s11_s1101a_raw_nemo_buffer_000032-vad_percentile_rms-0000-0000-142708,s11,s1101a,,,,unknown,unknown,unknown,0.9995129593322448,0.9975929349089673,0.9901180420154493,0.8265904278965815,0.6417645414139578,0.09139862243438382,0.9992491000839526,0.996729413879075,0.9761218077010427
s1101a:s11_s1101a_raw_nemo_buffer_000032-vad_percentile_rms-0000-0001-144140,s11,s1101a,,,,unknown,unknown,unknown,0.25726515532933314,0.08598747176380223,0.008516082133982533,0.8472107443622116,0.6782582011473803,0.10290517539579672,0.5039693347192231,0.1867742247424821,0.010103414636717996
s1101a:s11_s1101a_raw_nemo_buffer_000033-vad_percentile_rms-0000-0000-144668,s11,s1101a,,,,unknown,unknown,unknown,0.7865777244368608,0.5341176158452149,0.023046426042905813,0.7529837804233427,0.5576118760943761,0.09413725630405849,0.8098380874268283,0.5649003767637638,0.02166084037989436
s1101a:s11_s1101a_raw_nemo_buffer_000033-vad_percentile_rms-0000-0001-147536,s11,s1101a,,,,unknown,unknown,unknown,0.84175356321854,0.7727828068958409,0.27514263827995933,0.7789776946390956,0.6588407779258209,0.22104802365265747,0.8739799120980145,0.8129666366014169,0.2907471732345685
s1101a:s11_s1101a_raw_nemo_buffer_000033-vad_percentile_rms-0000-0002-148864,s11,s1101a,,,,unknown,unknown,unknown,0.40525202361767815,0.19935655585440942,0.030672817765469512,0.8818328703078484,0.7608913997383839,0.16685840837563148,0.6423497761050464,0.3769895841943942,0.039032862801968674
s1101a:s11_s1101a_raw_nemo_buffer_000034-vad_percentile_rms-0000-0000-149600,s11,s1101a,,,,unknown,unknown,unknown,0.6982416415633227,0.4972609918640565,0.035945422073967344,0.8325166974444937,0.656551183216322,0.10012045159002249,0.812031522506897,0.6190261608137428,0.0324389823516768
s1101a:s11_s1101a_raw_nemo_buffer_000034-vad_percentile_rms-0000-0001-151328,s11,s1101a,,,,unknown,unknown,unknown,0.27927870616780354,0.12439021573032434,0.04359516073718212,0.12454753995874566,0.07837111202091235,0.04876458997534015,0.1431260287634563,0.05758630371149448,0.026249844275171713
s1101a:s11_s1101a_raw_nemo_buffer_000034-vad_percentile_rms-0000-0002-151456,s11,s1101a,,,,unknown,unknown,unknown,0.9214058744107929,0.9180033789025609,0.7060726942001425,0.10388267536493853,0.07145291301022355,0.05967359647534463,0.7777305523194247,0.7436967213704258,0.46569247281745213
s1101a:s11_s1101a_raw_nemo_buffer_000034-vad_percentile_rms-0000-0003-151816,s11,s1101a,,,,unknown,unknown,unknown,0.3988844751903099,0.15242226185763952,0.009398004159157855,0.8172676932345225,0.6345876965584432,0.09706482545605508,0.5947325663539407,0.2623588959560372,0.011311100245980353
s1101a:s11_s1101a_raw_nemo_buffer_000035-vad_percentile_rms-0000-0000-153724,s11,s1101a,,,,unknown,unknown,unknown,0.7926936913602792,0.574539618897287,0.03846972501553608,0.785104403629155,0.5900806603858274,0.09043038823818479,0.8404718864190188,0.6342390830040457,0.032855011747166436
s1101a:s11_s1101a_raw_nemo_buffer_000035-vad_percentile_rms-0000-0001-154856,s11,s1101a,,,,unknown,unknown,unknown,0.2864275288313468,0.11860088412340647,0.010795564734293248,0.829336480750408,0.6540565000018266,0.10226646161556918,0.5074836386522688,0.22404869869814012,0.01204343752180724
s1101a:s11_s1101a_raw_nemo_buffer_000036-vad_percentile_rms-0000-0000-155744,s11,s1101a,,,,unknown,unknown,unknown,0.9999653786798733,0.9999652958940564,0.9970899130498088,0.8578250458319825,0.6966640035029565,0.10823482794074256,0.9999832490212412,0.9999882359573878,0.9977708431597649
s1101a:s11_s1101a_raw_nemo_buffer_000036-vad_percentile_rms-0000-0001-156300,s11,s1101a,,,,unknown,unknown,unknown,0.7060562482825863,0.5306796831744575,0.27860141068691546,0.9180292748286762,0.847028773457919,0.2941390285278596,0.9029641606923041,0.8080191141822693,0.43374181056250916
s1101a:s11_s1101a_raw_nemo_buffer_000037-vad_percentile_rms-0000-0000-158624,s11,s1101a,,,,unknown,unknown,unknown,0.9972333157600245,0.999102845877994,0.9916110771531914,0.7854761046890945,0.6116699976495615,0.11694018859098432,0.9991611250364857,0.9994477061334047,0.9846107111549124
s1101a:s11_s1101a_raw_nemo_buffer_000037-vad_percentile_rms-0000-0001-159496,s11,s1101a,,,,unknown,unknown,unknown,0.47543573904160674,0.3215686862987158,0.08283453873741532,0.821159626520352,0.6375555660253801,0.09469050517161058,0.7258416979446776,0.5226480731728376,0.0812343612144651
s1101a:s11_s1101a_raw_nemo_buffer_000038-vad_percentile_rms-0000-0000-159944,s11,s1101a,,,,unknown,unknown,unknown,0.9931862046660335,0.99670435929076,0.9812849859968213,0.6389588975918398,0.5248900470005189,0.22029516359059698,0.9940723179574498,0.9961256071750503,0.9731635209815735
s1101a:s11_s1101a_raw_nemo_buffer_000038-vad_percentile_rms-0000-0001-161420,s11,s1101a,,,,unknown,unknown,unknown,0.29780101073916915,0.13015520722184068,0.015640399506022723,0.8512245208821159,0.6815865240059168,0.09992773813522267,0.5452464158955125,0.2635053020938888,0.017986744961675998
s1101a:s11_s1101a_raw_nemo_buffer_000039-vad_percentile_rms-0000-0000-161916,s11,s1101a,,,,unknown,unknown,unknown,0.766586063525432,0.4819518821897182,0.008657326404605233,0.7904581538213988,0.5938545188749695,0.08772207503911651,0.7865063151194361,0.5242344773682909,0.00975535462213099
s1101a:s11_s1101a_raw_nemo_buffer_000039-vad_percentile_rms-0000-0001-163212,s11,s1101a,,,,unknown,unknown,unknown,0.42127099054813916,0.20353755067574342,0.020406390556031745,0.864316446487681,0.7022300763775655,0.10289463139013566,0.6636745898248636,0.378883973908754,0.02280657904672969
s1101a:s11_s1101a_raw_nemo_buffer_000040-vad_percentile_rms-0000-0000-164444,s11,s1101a,,,,unknown,unknown,unknown,0.769057054687324,0.697988205343792,0.11829752832818502,0.7559905971844956,0.5595645443758388,0.09270432619692616,0.8377779463025125,0.7440432910919216,0.09133490153865907
s1101a:s11_s1101a_raw_nemo_buffer_000040-vad_percentile_rms-0000-0001-164924,s11,s1101a,,,,unknown,unknown,unknown,0.10476913777511343,0.03602520700963175,0.01499957042960876,0.06035549786520329,0.03722005860592356,0.031001503513017135,0.04329491241693959,0.01425249264401152,0.008974015745059601
s1101a:s11_s1101a_raw_nemo_buffer_000040-vad_percentile_rms-0000-0002-167808,s11,s1101a,,,,unknown,unknown,unknown,0.44318017795804365,0.19953337309866764,0.021655238200374485,0.799963833498582,0.632242486148898,0.12247672493612327,0.6805509219267132,0.3616403021187459,0.02599279917039356
s1101a:s11_s1101a_raw_nemo_buffer_000041-vad_percentile_rms-0000-0000-168124,s11,s1101a,,,,unknown,unknown,unknown,0.7929235701454849,0.6346825499637061,0.047281308778404155,0.8115310519754476,0.6608033973276075,0.14713223843786727,0.8162584901233952,0.679851168989558,0.05700125470360167
s1101a:s11_s1101a_raw_nemo_buffer_000041-vad_percentile_rms-0000-0001-170416,s11,s1101a,0,0,0,safe,safe,safe,0.44183581451183646,0.266884808333109,0.07412182216757021,0.41992817780036834,0.2595745295346463,0.06636752591532934,0.40569884541616336,0.22521438776475952,0.04856930918481151
s1101a:s11_s1101a_raw_nemo_buffer_000041-vad_percentile_rms-0000-0002-171536,s11,s1101a,0,0,0,safe,safe,safe,0.05509117842258509,0.01783513243819191,0.009081515437398015,0.07794755104391779,0.048084275951195236,0.03573981475041218,0.027396066774535384,0.008782065061536974,0.006314549152441131
s1101a:s11_s1101a_raw_nemo_buffer_000042-vad_percentile_rms-0000-0000-173808,s11,s1101a,,,,unknown,unknown,unknown,0.5441764876137901,0.302319920362234,0.026201729188826628,0.7625797350289177,0.5638948322926247,0.08959159175414143,0.643761716615929,0.3810860858382207,0.025589274815033012
s1101a:s11_s1101a_raw_nemo_buffer_000042-vad_percentile_rms-0000-0001-176996,s11,s1101a,0,0,0,safe,safe,safe,0.2961190967318844,0.10573349110916154,0.009278515678637056,0.5176594535687924,0.32681124090460445,0.06780963552579344,0.32346585302992686,0.11469451913740028,0.009292694348383769
s1101a:s11_s1101a_raw_nemo_buffer_000042-vad_percentile_rms-0000-0002-177544,s11,s1101a,,,,unknown,unknown,unknown,0.24810888413578214,0.10284201268758536,0.010082763736232252,0.8461468721478833,0.6773850490928182,0.10369643121288062,0.46324705854585746,0.21027566873586895,0.01308008224698543
s1101a:s11_s1101a_raw_nemo_buffer_000043-vad_percentile_rms-0000-0000-178024,s11,s1101a,,,,unknown,unknown,unknown,0.8243884898151193,0.6859886876364618,0.06572288120254402,0.823482926045813,0.6393463190171288,0.09327921082115373,0.8528220718809847,0.7335105957571884,0.06703028544524495
s1101a:s11_s1101a_raw_nemo_buffer_000043-vad_percentile_rms-0000-0001-180456,s11,s1101a,0,0,0,safe,safe,safe,0.26215621717017135,0.12320113955604252,0.02137822069689501,0.3076164718172479,0.18111997432521723,0.05430029470877127,0.2206488671096031,0.09720348729927071,0.01608313367359415
s1101a:s11_s1101a_raw_nemo_buffer_000043-vad_percentile_rms-0000-0002-182796,s11,s1101a,,,,unknown,unknown,unknown,0.9722335722159813,0.9113947373928524,0.24204917575828488,0.8919285490125449,0.7997325175712809,0.24322257975366748,0.9894276442933239,0.9691413620419641,0.386369411905731
s1101a:s11_s1101a_raw_nemo_buffer_000044-vad_percentile_rms-0000-0000-193492,s11,s1101a,,,,unknown,unknown,unknown,0.9983991569030051,0.9870231524509547,0.8640928999919589,0.8147525133496999,0.6222935037837732,0.08648811041772694,0.9972322705874789,0.982156745429395,0.7632137570947354
s1101a:s11_s1101a_raw_nemo_buffer_000044-vad_percentile_rms-0000-0001-194220,s11,s1101a,,,,unknown,unknown,unknown,0.5441419222149882,0.3685419624704816,0.03509855015106334,0.826802544707718,0.6520891130109598,0.10398225618003645,0.7238186911169616,0.5268994751213595,0.03453399600744468
s1101a:s11_s1101a_raw_nemo_buffer_000045-vad_percentile_rms-0000-0000-194572,s11,s1101a,,,,unknown,unknown,unknown,0.9856797615491032,0.9775541011788217,0.5626881744857624,0.6562948704178838,0.5230408287967634,0.18427936130867373,0.9793453344003331,0.9684258949447184,0.5329338767305453
s1101a:s11_s1101a_raw_nemo_buffer_000045-vad_percentile_rms-0000-0001-195272,s11,s1101a,,,,unknown,unknown,unknown,0.9700916332247705,0.9675796098584857,0.8836282146249548,0.6346769853533833,0.4892929902981959,0.15734886796318898,0.9790145372121547,0.9733772737123128,0.8416178996449475
s1101a:s11_s1101a_raw_nemo_buffer_000045-vad_percentile_rms-0000-0002-197600,s11,s1101a,1,1,,bad,bad,unknown,0.9335406768976366,0.9282178484666365,0.7575941483214925,0.7516665910551258,0.5785904687310652,0.12262461946435442,0.9579490809910118,0.9417401382929249,0.6678127976323854
s1101a:s11_s1101a_raw_nemo_buffer_000045-vad_percentile_rms-0000-0003-198912,s11,s1101a,,,,unknown,unknown,unknown,0.26068694507502627,0.1332523056308012,0.020217331206181983,0.8463920330621912,0.6775859305810432,0.10351401576669784,0.4981297401125618,0.26710781052452875,0.022337431808162868
s1101a:s11_s1101a_raw_nemo_buffer_000046-vad_percentile_rms-0000-0000-209040,s11,s1101a,,,,unknown,unknown,unknown,0.9837428698373417,0.9770339958295482,0.5734637276150552,0.8538625289052075,0.6933423536628515,0.1115088020497829,0.9888510116839129,0.9806551454364655,0.47164379987005883
s1101a:s11_s1101a_raw_nemo_buffer_000046-vad_percentile_rms-0000-0001-210240,s11,s1101a,0,0,0,safe,safe,safe,0.7570810569090675,0.6227346710317821,0.2685408156725692,0.765003353952188,0.6398951369509058,0.2106056086972545,0.8167825812206023,0.6898231125896779,0.26708908440752294
s1101a:s11_s1101a_raw_nemo_buffer_000046-vad_percentile_rms-0000-0002-210868,s11,s1101a,1,1,1,bad,bad,bad,0.6098039141363988,0.43743411562150364,0.22987277742651938,0.2738170993843531,0.17590600384546295,0.07297124670358848,0.4913044166883912,0.3006812935022565,0.1316426094594096
s1101a:s11_s1101a_raw_nemo_buffer_000046-vad_percentile_rms-0000-0003-211456,s11,s1101a,,,,unknown,unknown,unknown,0.5618047719593253,0.399662554073405,0.12558150646306182,0.5329186641892888,0.37405495892760177,0.10844701092665394,0.5376919321081725,0.37098284591228997,0.10379843016402401
s1101a:s11_s1101a_raw_nemo_buffer_000046-vad_percentile_rms-0000-0004-213628,s11,s1101a,,,,unknown,unknown,unknown,0.3447338900853421,0.17550238505149549,0.044362326364983946,0.39288169802492556,0.2409686455279003,0.06467846149419892,0.3400530472767271,0.1579895504674205,0.029517964079858877
s1101a:s11_s1101a_raw_nemo_buffer_000047-vad_percentile_rms-0000-0000-215872,s11,s1101a,,,,unknown,unknown,unknown,0.7499288125439234,0.5816469635207958,0.0970607913848164,0.8289670916220976,0.6736211758962618,0.1323182524711351,0.8031632068784043,0.6583005936886287,0.10101225077690279
s1101a:s11_s1101a_raw_nemo_buffer_000047-vad_percentile_rms-0000-0001-220320,s11,s1101a,,,,unknown,unknown,unknown,0.20793030281233088,0.06112921523189238,0.005433431652146689,0.8650057028490127,0.7210702486486914,0.132084965765382,0.403686028207139,0.13728775638414953,0.007506233670261121
s1101a:s11_s1101a_raw_nemo_buffer_000048-vad_percentile_rms-0000-0000-222732,s11,s1101a,,,,unknown,unknown,unknown,0.8445905550603515,0.7210429488887367,0.05084091741803323,0.8237844380829167,0.6395797875836797,0.09309638836029249,0.8468076967454636,0.7436630330372616,0.05299188152058251
s1101a:s11_s1101a_raw_nemo_buffer_000048-vad_percentile_rms-0000-0001-225832,s11,s1101a,,,,unknown,unknown,unknown,0.21454603221025761,0.11048532374012786,0.015841751768237353,0.8188933804175407,0.6358226049444795,0.09607150740877322,0.4127589488214509,0.21405956294896802,0.01710712749358419
s1101a:s11_s1101a_raw_nemo_buffer_000049-vad_percentile_rms-0000-0000-226196,s11,s1101a,,,,unknown,unknown,unknown,0.9979325374823261,0.9892912421491054,0.9490131860722468,0.770067915497197,0.5689054993109636,0.08609928393963265,0.9970567158055329,0.9868717928942664,0.9004398935420356
s1101a:s11_s1101a_raw_nemo_buffer_000049-vad_percentile_rms-0000-0001-228324,s11,s1101a,0,0,0,safe,safe,safe,0.1982408403972995,0.0831578643763737,0.01767297823433147,0.15847398431291776,0.09250775280209036,0.042347707194568755,0.1215680706292402,0.047917859350168436,0.012584829151236385
s1101a:s11_s1101a_raw_nemo_buffer_000049-vad_percentile_rms-0000-0002-229452,s11,s1101a,,,,unknown,unknown,unknown,0.18961478102550258,0.08110008753019048,0.01554701017395443,0.7688702368781599,0.5680974465592129,0.08665465418423633,0.4012892031239873,0.16517901252237996,0.016003142723414705
s1101a:s11_s1101a_raw_nemo_buffer_000050-vad_percentile_rms-0000-0000-230188,s11,s1101a,,,,unknown,unknown,unknown,0.8547712062873427,0.7795077895385066,0.08282190730420559,0.8453304888159946,0.6863713163314833,0.11859427211157443,0.8824672440987219,0.8177609829960599,0.08600975984858725
s1101a:s11_s1101a_raw_nemo_buffer_000050-vad_percentile_rms-0000-0001-231428,s11,s1101a,0,0,0,safe,safe,safe,0.15115793814791212,0.04967001097483873,0.01986817100374648,0.1386972513305977,0.08285000762965072,0.04311135575977223,0.09022990663103969,0.02752953568827043,0.013342169450946444
s1101a:s11_s1101a_raw_nemo_buffer_000050-vad_percentile_rms-0000-0002-233484,s11,s1101a,,,,unknown,unknown,unknown,0.7093667890126083,0.480777434594613,0.08349556484888417,0.8039537252726122,0.6247184165602109,0.10528375889193085,0.8190023756632656,0.6077848850178743,0.0788295732900795
s1101a:s11_s1101a_raw_nemo_buffer_000051-vad_percentile_rms-0000-0000-233720,s11,s1101a,1,,,bad,unknown,unknown,0.7016123485351381,0.48753692184495334,0.035210224244914864,0.7365515532113533,0.547181688772803,0.10210907433555859,0.7107233449998921,0.5090809209665232,0.03550848087035785
s1101a:s11_s1101a_raw_nemo_buffer_000051-vad_percentile_rms-0000-0001-237608,s11,s1101a,,,,unknown,unknown,unknown,0.4815871769907181,0.33254406829673155,0.05257072360753337,0.7195476919247142,0.5367785356635528,0.11061546521867514,0.580868464605543,0.39632970963293757,0.04643818170962124
s1101a:s11_s1101a_raw_nemo_buffer_000052-vad_percentile_rms-0000-0000-241252,s11,s1101a,1,,,bad,unknown,unknown,0.905320243105806,0.8080297541692196,0.09622165741635891,0.7452591580938003,0.5526594348324931,0.09785484217069947,0.8853172347978638,0.7849849511828967,0.08593572412919902
s1101a:s11_s1101a_raw_nemo_buffer_000052-vad_percentile_rms-0000-0002-244328,s11,s1101a,,,,unknown,unknown,unknown,0.365798509732587,0.19992561699875866,0.03126171333709916,0.753663680095998,0.5470551006232511,0.08222998539608863,0.5637655174755775,0.3130074514915075,0.024927995692516455
s1101a:s11_s1101a_raw_nemo_buffer_000053-vad_percentile_rms-0000-0000-245096,s11,s1101a,,,,unknown,unknown,unknown,0.8316529174329537,0.7024957138632684,0.08027048372859043,0.8338913451218823,0.6675821825611767,0.11287373273112833,0.8688584201773489,0.7559099618018785,0.07464089462435947
s1101a:s11_s1101a_raw_nemo_buffer_000053-vad_percentile_rms-0000-0001-246376,s11,s1101a,,,,unknown,unknown,unknown,0.23488910978507244,0.10428470439484262,0.01607950279293476,0.8616107439551368,0.6998906505426153,0.10511696901772286,0.48340618747024866,0.2315709281233644,0.019306952495961274
s1101a:s11_s1101a_raw_nemo_buffer_000054-vad_percentile_rms-0000-0000-246888,s11,s1101a,,,,unknown,unknown,unknown,0.6516580249250749,0.44055769127976163,0.03515669829255185,0.8043736681481887,0.6145417072571702,0.09219646813618304,0.7578490638578119,0.5402161116434927,0.03321659891431064
s1101a:s11_s1101a_raw_nemo_buffer_000054-vad_percentile_rms-0000-0002-249988,s11,s1101a,0,0,0,safe,safe,safe,0.11693876265654449,0.037704450904482434,0.006874454832818517,0.14045580132361735,0.08339447329810232,0.04248609664206289,0.06290715091717376,0.0197302923713404,0.004956764147051139
s1101a:s11_s1101a_raw_nemo_buffer_000054-vad_percentile_rms-0000-0003-251240,s11,s1101a,0,0,0,safe,safe,safe,0.05817490596725474,0.023774742980276032,0.009060480255463877,0.0900332502439862,0.05394789008310309,0.03507333720728671,0.03076349584075063,0.011985426242631846,0.005968696611816866
s1101a:s11_s1101a_raw_nemo_buffer_000054-vad_percentile_rms-0000-0004-252360,s11,s1101a,,,,unknown,unknown,unknown,0.7607280650534015,0.42162201921820347,0.013708068145463008,0.7732506947312524,0.6139924930213193,0.14147029841474856,0.8345424101549473,0.5581538107704218,0.01999706624569985
s1101a:s11_s1101a_raw_nemo_buffer_000055-vad_percentile_rms-0000-0000-252816,s11,s1101a,1,1,,bad,bad,unknown,0.7868327771488499,0.6142851023145481,0.05539202364012881,0.7939430059012078,0.6485470536734517,0.16226922554312953,0.7767841724256739,0.6406787816393826,0.07028220659221393
s1101a:s11_s1101a_raw_nemo_buffer_000055-vad_percentile_rms-0000-0001-254764,s11,s1101a,,,,unknown,unknown,unknown,0.8576193590244553,0.7452800046310613,0.19510412110901773,0.6111222030966685,0.43298179471794584,0.10419503272734637,0.8659175597893431,0.7733975043718669,0.17801569503108322
s1101a:s11_s1101a_raw_nemo_buffer_000055-vad_percentile_rms-0000-0002-256316,s11,s1101a,,,,unknown,unknown,unknown,0.3164135733287506,0.16170387824148058,0.030816391999095638,0.8100240696058374,0.6291657607126535,0.10151784683663508,0.5260380083371975,0.2804371339512254,0.029829206357086108
s1101a:s11_s1101a_raw_nemo_buffer_000056-vad_percentile_rms-0000-0000-262136,s11,s1101a,,,,unknown,unknown,unknown,0.8877963062515836,0.8185335748886725,0.1286582743511621,0.8712063996304609,0.708320047902874,0.09725856353518908,0.9364992575591766,0.8757575665463018,0.11240124231918662
s1101a:s11_s1101a_raw_nemo_buffer_000056-vad_percentile_rms-0000-0001-263228,s11,s1101a,,,,unknown,unknown,unknown,0.35464072252932527,0.19485852235573567,0.04186953216690496,0.7662090791475916,0.5663111448746169,0.0878929967229072,0.593485321141582,0.3495653837835192,0.03781556483882362
s1101a:s11_s1101a_raw_nemo_buffer_000057-vad_percentile_rms-0000-0000-263708,s11,s1101a,,,,unknown,unknown,unknown,0.7333721304627525,0.6251080887880929,0.07902922701598254,0.8372053431895008,0.6602829147961484,0.09697157442376433,0.8162622813963385,0.7042524525006143,0.06524803016791722
s1101a:s11_s1101a_raw_nemo_buffer_000057-vad_percentile_rms-0000-0001-266084,s11,s1101a,0,0,0,safe,safe,safe,0.4475614839836146,0.2508439118151947,0.01979266940948925,0.46354000833333686,0.2854959277206009,0.06393291775199175,0.37611489767867223,0.20072559341803775,0.015033338479908884
s1101a:s11_s1101a_raw_nemo_buffer_000057-vad_percentile_rms-0000-0002-267820,s11,s1101a,,,,unknown,unknown,unknown,0.8360619395230505,0.6634544816709206,0.16024937599155345,0.8473405108915455,0.7067626480035472,0.15020923066543435,0.9252369736457806,0.8129466075872154,0.1635534225093654
s1101a:s11_s1101a_raw_nemo_buffer_000058-vad_percentile_rms-0000-0000-273960,s11,s1101a,1,,,bad,unknown,unknown,0.9856098722196912,0.9839058637457944,0.7607495072003949,0.7302373309460711,0.5432750220260644,0.1052368044490664,0.9908131971616506,0.9854837935118844,0.6737412806360797
s1101a:s11_s1101a_raw_nemo_buffer_000058-vad_percentile_rms-0000-0001-275344,s11,s1101a,0,0,0,safe,safe,safe,0.25204220380009196,0.13794147940316492,0.033040662232941845,0.2740778756323053,0.1574745837051724,0.04848857014741719,0.2008153901391175,0.1012715925025673,0.023482901664522392
s1101a:s11_s1101a_raw_nemo_buffer_000058-vad_percentile_rms-0000-0002-276560,s11,s1101a,0,0,0,safe,safe,safe,0.15193050132531477,0.04954508994239882,0.008305164702463737,0.1642466168546613,0.09426994596790793,0.04058062215887203,0.09609218671778708,0.030177429938131814,0.006012286333854192
s1101a:s11_s1101a_raw_nemo_buffer_000058-vad_percentile_rms-0000-0003-277420,s11,s1101a,1,1,,bad,bad,unknown,0.768528042999744,0.7763061977766685,0.7412272526238938,0.13208738609025078,0.0912599378618182,0.06865100666530537,0.6469027449674033,0.5911420447975793,0.5230615161260529
s1101a:s11_s1101a_raw_nemo_buffer_000058-vad_percentile_rms-0000-0004-278656,s11,s1101a,,,,unknown,unknown,unknown,0.5406228830519307,0.22171930478986573,0.009280145084256567,0.7908746872728629,0.5941506183234405,0.08751238274326449,0.7245570977713673,0.36105378997602794,0.01053214817899264
s1101a:s11_s1101a_raw_nemo_buffer_000059-vad_percentile_rms-0000-0000-281772,s11,s1101a,,,,unknown,unknown,unknown,0.9894629267674,0.9426211305835357,0.1590305082242837,0.8384909211872262,0.7092160135139424,0.1796379032396514,0.9944486428839687,0.978681466697993,0.29335314889361425
s1101a:s11_s1101a_raw_nemo_buffer_000060-vad_percentile_rms-0000-0000-282332,s11,s1101a,,,,unknown,unknown,unknown,0.895906589127588,0.6962283993574071,0.02841332877756484,0.8407238664384229,0.6729907304898062,0.10774323629441965,0.9134641781883274,0.743570883507719,0.028987404700983117
s1101a:s11_s1101a_raw_nemo_buffer_000060-vad_percentile_rms-0000-0001-284316,s11,s1101a,,,,unknown,unknown,unknown,0.959275173222499,0.916134550388976,0.5800762605565788,0.771142310907318,0.6334953429738847,0.1821750916278122,0.9751308705555523,0.9531624222949006,0.610266435052676
s1101a:s11_s1101a_raw_nemo_buffer_000061-vad_percentile_rms-0000-0000-284892,s11,s1101a,,,,unknown,unknown,unknown,0.7674145459164566,0.5902200846791565,0.1452284547868909,0.7373116071284881,0.5476555739895274,0.1017350251068742,0.7933122017628104,0.623794704143975,0.12300074533550506
s1101a:s11_s1101a_raw_nemo_buffer_000061-vad_percentile_rms-0000-0001-286600,s11,s1101a,0,0,0,safe,safe,safe,0.8989122593118714,0.8928166603476679,0.627262913362383,0.6874028163036864,0.506914978519484,0.11222528203724526,0.9103991732731014,0.8804571236695943,0.48030178344259244
s1101a:s11_s1101a_raw_nemo_buffer_000061-vad_percentile_rms-0000-0002-287980,s11,s1101a,,,,unknown,unknown,unknown,0.6254737068418608,0.45144457166139607,0.11567290145554981,0.7812720905629863,0.5981515927521303,0.10523290498356566,0.7431179187222656,0.5441213696748827,0.09230380592285722
s1101a:s11_s1101a_raw_nemo_buffer_000062-vad_percentile_rms-0000-0000-288460,s11,s1101a,1,1,,bad,bad,unknown,0.9761082220022481,0.9737879741430437,0.7309571319606539,0.6384823505499516,0.5024179694422882,0.17497750657890593,0.9625324240253473,0.9588570494202453,0.6616190189856865
s1101a:s11_s1101a_raw_nemo_buffer_000062-vad_percentile_rms-0000-0001-289600,s11,s1101a,,,,unknown,unknown,unknown,0.5463482190247436,0.36291082588927415,0.08423171761476071,0.8297878396694215,0.674242980943224,0.131625728443703,0.723455805901337,0.5262329236011903,0.0865177812584527
s1101a:s11_s1101a_raw_nemo_buffer_000063-vad_percentile_rms-0000-0000-292068,s11,s1101a,,,,unknown,unknown,unknown,0.6212493964859782,0.4336063832042986,0.03344359144176424,0.8047187534766436,0.614795287350438,0.09200520520026333,0.7301963345952408,0.5332359331740185,0.03317664625644128
s1101a:s11_s1101a_raw_nemo_buffer_000063-vad_percentile_rms-0000-0001-294380,s11,s1101a,,,,unknown,unknown,unknown,0.6779861393387622,0.24479401921340185,0.006372750698833592,0.8855685020389414,0.7476927235791775,0.12620859582049188,0.8725696826990709,0.5134958145049235,0.011419405060325974
s1101a:s11_s1101a_raw_nemo_buffer_000064-vad_percentile_rms-0000-0000-295304,s11,s1101a,1,1,1,bad,bad,bad,0.9866804274897917,0.9879118099920264,0.932877994400641,0.7511379510821697,0.5997856742393869,0.15763930991009742,0.9883211624782757,0.9875096430744797,0.9020589984965489
s1101a:s11_s1101a_raw_nemo_buffer_000064-vad_percentile_rms-0000-0002-297016,s11,s1101a,0,0,0,safe,safe,safe,0.8663848747385005,0.8084386659436046,0.24243545479079934,0.8197116673983774,0.7573554378429614,0.40873734456265287,0.8393743581627412,0.8103596495205642,0.35303619947331133
s1101a:s11_s1101a_raw_nemo_buffer_000064-vad_percentile_rms-0000-0003-298004,s11,s1101a,0,0,0,safe,safe,safe,0.4586753571606993,0.29558640112817863,0.1930247580172214,0.14522560804498594,0.09973600429702453,0.07057730968607151,0.2687265944895125,0.15969329271855803,0.13212927541278838
s1101a:s11_s1101a_raw_nemo_buffer_000064-vad_percentile_rms-0000-0004-298116,s11,s1101a,0,0,0,safe,safe,safe,0.4195527033316313,0.2777083954911983,0.19689604950294573,0.18221204674969027,0.11225712484736071,0.054143961670024505,0.31195949508106374,0.17871239240531206,0.11268760905997602
s1101a:s11_s1101a_raw_nemo_buffer_000064-vad_percentile_rms-0000-0005-299244,s11,s1101a,,,,unknown,unknown,unknown,0.28469341817716737,0.07346140326642828,0.004664830297959824,0.7883338415765635,0.5923500526848899,0.08879378906414921,0.5004430945840388,0.1395437833628042,0.0048423945285760665
s1101a:s11_s1101a_raw_nemo_buffer_000065-vad_percentile_rms-0000-0000-299532,s11,s1101a,1,1,1,bad,bad,bad,0.9647110902150042,0.9453270959703096,0.4564523157219083,0.6899325143032,0.508353721444656,0.11100585256108986,0.9582601935216681,0.9300710104711405,0.3545656436146003
s1101a:s11_s1101a_raw_nemo_buffer_000065-vad_percentile_rms-0000-0001-300320,s11,s1101a,,,,unknown,unknown,unknown,0.9345587965074754,0.7650961477334881,0.10479107616331279,0.65906595138808,0.5902799545647233,0.3467009263855285,0.9076559285437222,0.7681152216965538,0.20497325029230845
s1101a:s11_s1101a_raw_nemo_buffer_000065-vad_percentile_rms-0000-0002-300828,s11,s1101a,0,0,0,safe,safe,safe,0.8100659051508006,0.7112294886344542,0.19576044062345507,0.7616888019810515,0.6874801643356581,0.35898836526677036,0.8064267444019463,0.7491394169843435,0.3095316010501896
s1101a:s11_s1101a_raw_nemo_buffer_000065-vad_percentile_rms-0000-0003-301676,s11,s1101a,,,,unknown,unknown,unknown,0.3412999100502238,0.1542326954867598,0.011098181814127956,0.746588173947443,0.5424876526166993,0.08524874509207618,0.49893203303384753,0.23259393851985422,0.011751023227044414
s1101a:s11_s1101a_raw_nemo_buffer_000066-vad_percentile_rms-0000-0000-303284,s11,s1101a,,,,unknown,unknown,unknown,0.9987592942274818,0.9921117930599833,0.9287430544173463,0.8736203220310265,0.7195642432271508,0.10849674891588043,0.9985466934463276,0.9915616089279699,0.8662390425935433
s1101a:s11_s1101a_raw_nemo_buffer_000066-vad_percentile_rms-0000-0001-303964,s11,s1101a,1,,,bad,unknown,unknown,0.7556747685076067,0.5743389510151977,0.1977023940812604,0.6449898832564147,0.5611643820909489,0.2977867450331762,0.6607417941426009,0.5377428960765906,0.27737175604630154
s1101a:s11_s1101a_raw_nemo_buffer_000066-vad_percentile_rms-0000-0002-305564,s11,s1101a,,,,unknown,unknown,unknown,0.4243885390947504,0.21295395530641684,0.025922129461620157,0.8321167958881371,0.6661996113896128,0.11421202172887526,0.628179135369401,0.35224410061054834,0.0278235613297369
s1101a:s11_s1101a_raw_nemo_buffer_000067-vad_percentile_rms-0000-0000-305892,s11,s1101a,1,,,bad,unknown,unknown,0.9251014412189723,0.819269766892775,0.0676890418869202,0.8719118112371758,0.7526360197892124,0.18060784403096408,0.9363172053197578,0.8493062948023429,0.08002106495202427
s1101a:s11_s1101a_raw_nemo_buffer_000067-vad_percentile_rms-0000-0001-307724,s11,s1101a,,,,unknown,unknown,unknown,0.32990337859185004,0.09837360535326739,0.006027292175834619,0.8422696332621978,0.6839271502405095,0.12114802531125249,0.5592754423114773,0.1953846713488944,0.007554315458736465
s1101a:s11_s1101a_raw_nemo_buffer_000068-vad_percentile_rms-0000-0000-308308,s11,s1101a,1,,,bad,unknown,unknown,0.999831867452202,0.9992081188841259,0.9950998935869458,0.8825281131348491,0.8065466574759174,0.32122362195325493,0.9996755695809086,0.9989050484124683,0.9933944805317272
s1101a:s11_s1101a_raw_nemo_buffer_000068-vad_percentile_rms-0000-0001-309436,s11,s1101a,,,,unknown,unknown,unknown,0.795804414075829,0.6793995335036418,0.2881880981367007,0.8158116527306022,0.6737363954104028,0.16216274827604663,0.8428818004344896,0.7443105164319829,0.2688373898357368
s1101a:s11_s1101a_raw_nemo_buffer_000069-vad_percentile_rms-0000-0000-310028,s11,s1101a,,,,unknown,unknown,unknown,0.9032951469315619,0.7708876233542216,0.05259294139026294,0.6995210607306457,0.513865684266011,0.10643968833628216,0.8889042696861063,0.754960803995634,0.05317872311295601
s1101a:s11_s1101a_raw_nemo_buffer_000069-vad_percentile_rms-0000-0001-310636,s11,s1101a,,,,unknown,unknown,unknown,0.43934159814337365,0.19002705117965574,0.009556842395161944,0.8778350441130868,0.7321736107011061,0.11898473867315344,0.6941286828061406,0.37832786584167183,0.01364204932089705
s1101a:s11_s1101a_raw_nemo_buffer_000070-vad_percentile_rms-0000-0000-311120,s11,s1101a,,,,unknown,unknown,unknown,0.7795965397398424,0.6490862348574727,0.05135012760702101,0.7715778204598609,0.5807951757861659,0.09738267002165026,0.7855081266979709,0.6681031714695815,0.04838849969693293
s1101a:s11_s1101a_raw_nemo_buffer_000070-vad_percentile_rms-0000-0001-312112,s11,s1101a,,,,unknown,unknown,unknown,0.6415491900876845,0.43140680888116534,0.10045827781071322,0.8401023334793712,0.6917780853438964,0.139408186716248,0.7660081578207765,0.5684789268919253,0.10594223958383459
s1101a:s11_s1101a_raw_nemo_buffer_000071-vad_percentile_rms-0000-0000-312908,s11,s1101a,,,,unknown,unknown,unknown,0.851409392267887,0.7225036949208893,0.04081527863686676,0.7711829292776154,0.5696601060547866,0.0855833343220006,0.8639670174654054,0.749314368676648,0.04324560351583141
s1101a:s11_s1101a_raw_nemo_buffer_000071-vad_percentile_rms-0000-0001-313512,s11,s1101a,,,,unknown,unknown,unknown,0.40928411593487146,0.19605538659109628,0.010480172419158091,0.8800568874355745,0.7341667082476632,0.11672190913493331,0.65038823399172,0.3706452317692574,0.014554434391179963
s1101a:s11_s1101a_raw_nemo_buffer_000072-vad_percentile_rms-0000-0000-314072,s11,s1101a,,,,unknown,unknown,unknown,0.9409135141257031,0.9090550806065057,0.13977905019864165,0.8238113787513563,0.6396006605033362,0.09308005653706011,0.9510894704486857,0.9234345872696905,0.13900240541430858
s1101a:s11_s1101a_raw_nemo_buffer_000072-vad_percentile_rms-0000-0001-314728,s11,s1101a,,,,unknown,unknown,unknown,0.46521134405383596,0.24859990269574458,0.030327419856479416,0.8637764318475332,0.7017608918822255,0.10333776950690544,0.7226042410090417,0.45686766932007694,0.0345848513383114
s1101a:s11_s1101a_raw_nemo_buffer_000073-vad_percentile_rms-0000-0000-315856,s11,s1101a,,,,unknown,unknown,unknown,0.9573280106438283,0.939172658431249,0.4348982157770852,0.6972924233516643,0.5014583503413753,0.09439746305036817,0.9538195458002823,0.9239721279380755,0.302032066055115
s1101a:s11_s1101a_raw_nemo_buffer_000073-vad_percentile_rms-0000-0001-317064,s11,s1101a,0,0,0,safe,safe,safe,0.16199662248236668,0.05710272580080525,0.012276695656130916,0.19227624930660114,0.11104597521061489,0.04419817703125866,0.10793858090983867,0.03731570470759604,0.009909474206058937
s1101a:s11_s1101a_raw_nemo_buffer_000073-vad_percentile_rms-0000-0002-317728,s11,s1101a,,,,unknown,unknown,unknown,0.8374883661220548,0.480726637259019,0.017002265765003455,0.699383771030321,0.5689493941005938,0.19709381351526412,0.8585239791178016,0.553457517691039,0.028463115085107207
s1101a:s11_s1101a_raw_nemo_buffer_000074-vad_percentile_rms-0000-0000-318832,s11,s1101a,,,,unknown,unknown,unknown,0.9817329741282362,0.981298943900092,0.7109297699767405,0.8204784344947643,0.6472543661967786,0.10828728683038717,0.9835920904341929,0.9805753684262999,0.6204794688088204
s1101a:s11_s1101a_raw_nemo_buffer_000074-vad_percentile_rms-0000-0001-319524,s11,s1101a,,,,unknown,unknown,unknown,0.35930187548529047,0.18896038933011555,0.022863505743940905,0.8014589899647228,0.6124108350185394,0.09381596728816106,0.5515806179969407,0.3097384383708698,0.023700030870231488
s1101a:s11_s1101a_raw_nemo_buffer_000075-vad_percentile_rms-0000-0000-319856,s11,s1101a,,,,unknown,unknown,unknown,0.963178559919815,0.917197070647117,0.1871853542551468,0.8527611947451589,0.6924288974509741,0.11242065679750571,0.9627234448673332,0.914141218693489,0.14300870824793638
s1101a:s11_s1101a_raw_nemo_buffer_000075-vad_percentile_rms-0000-0001-321768,s11,s1101a,,,,unknown,unknown,unknown,0.10435347121740056,0.028366065344540992,0.0022190077068960376,0.7909288547528556,0.5941891509698055,0.0874851244079447,0.24387644204199613,0.0640849051951269,0.0026673046585000077
s1101a:s11_s1101a_raw_nemo_buffer_000076-vad_percentile_rms-0000-0000-322412,s11,s1101a,1,1,,bad,bad,unknown,0.9991078986906315,0.9992552146857084,0.9000541296185302,0.7592159806961749,0.6259434576973091,0.1927118899550265,0.9987982850721949,0.9992405662988104,0.9228847209682038
s1101a:s11_s1101a_raw_nemo_buffer_000076-vad_percentile_rms-0000-0001-323452,s11,s1101a,,,,unknown,unknown,unknown,0.4434709366636359,0.2916767002243102,0.07839797703243517,0.8085782744304278,0.658701661754434,0.14966004860290008,0.6237367364618079,0.44645811234800675,0.08716811585958416
s1101a:s11_s1101a_raw_nemo_buffer_000077-vad_percentile_rms-0000-0000-323772,s11,s1101a,,,,unknown,unknown,unknown,0.7594218701386654,0.4173516718738706,0.011734846186711735,0.8055137225066364,0.625853252067774,0.10431298708369982,0.7981608626670508,0.48108084825056424,0.013179747579471308
s1101a:s11_s1101a_raw_nemo_buffer_000077-vad_percentile_rms-0000-0001-324304,s11,s1101a,0,0,0,safe,safe,safe,0.28904897831969395,0.0969259604763342,0.011576603534643693,0.1291681975141927,0.07664604166106112,0.04074899205885665,0.1488669813082308,0.04651569045482067,0.007897719962284987
s1101a:s11_s1101a_raw_nemo_buffer_000077-vad_percentile_rms-0000-0002-325372,s11,s1101a,,,,unknown,unknown,unknown,0.44964344277305174,0.29335702285928256,0.08599534903325956,0.7657077590911203,0.5659760268493531,0.08812695424726565,0.6483639419640274,0.4269471345548921,0.0705802149059546
s1101a:s11_s1101a_raw_nemo_buffer_000078-vad_percentile_rms-0000-0002-327328,s11,s1101a,,,,unknown,unknown,unknown,0.41274939023253066,0.2021820131293401,0.020259193158390698,0.8495706882517683,0.68980583376608,0.11506687147661791,0.6338573985957855,0.35938558954462496,0.025616898672689473
s1101a:s11_s1101a_raw_nemo_buffer_000079-vad_percentile_rms-0000-0000-328228,s11,s1101a,,,,unknown,unknown,unknown,0.9998276632714609,0.9996700416563518,0.9465547312466162,0.7187614775168595,0.5692828435996612,0.1615182831594935,0.9998124096398562,0.9997559109061508,0.9715084957011035
s1101a:s11_s1101a_raw_nemo_buffer_000079-vad_percentile_rms-0000-0001-328844,s11,s1101a,,,,unknown,unknown,unknown,0.28483751588264666,0.14088252119662384,0.028839677850109758,0.8071532339414926,0.6165921513260388,0.09065877243372002,0.5603395903422379,0.2928686772259302,0.03156950445959844
s1101a:s11_s1101a_raw_nemo_buffer_000080-vad_percentile_rms-0000-0000-329092,s11,s1101a,1,,,bad,unknown,unknown,0.9999999935355117,0.9999999970519746,0.9999987195302018,0.7930993002365031,0.6274244419033246,0.12730156545302265,0.9999999931386017,0.9999999985897448,0.9999991722127257
s1101a:s11_s1101a_raw_nemo_buffer_000080-vad_percentile_rms-0000-0001-330428,s11,s1101a,,,,unknown,unknown,unknown,0.2787256341994899,0.10355023518826359,0.010330864938472356,0.7873170321792776,0.5916332334532217,0.08930812485484765,0.46921962844120096,0.1852034137867263,0.011588252690918713
s1101a:s11_s1101a_raw_nemo_buffer_000081-vad_percentile_rms-0000-0000-332796,s11,s1101a,,,,unknown,unknown,unknown,0.847808599017285,0.7054710966263049,0.05326232761892553,0.7361092763391105,0.5247835422648437,0.07866747797335788,0.844082127662366,0.7021479888391348,0.046634130988897335
s1101a:s11_s1101a_raw_nemo_buffer_000081-vad_percentile_rms-0000-0001-333444,s11,s1101a,0,0,0,safe,safe,safe,0.7738141331399264,0.5205757448257895,0.05110642580920637,0.8003766844988408,0.7459044735339834,0.44074921300692904,0.7821441393159906,0.5960240168490045,0.10968849914839349
s1101a:s11_s1101a_raw_nemo_buffer_000081-vad_percentile_rms-0000-0002-333592,s11,s1101a,1,,,bad,unknown,unknown,0.31809631823277335,0.15703167759875256,0.024438083795898007,0.3159480650152663,0.18394669890707596,0.05225902062499457,0.27686975622969645,0.12044624961816167,0.017088293854467144
s1101a:s11_s1101a_raw_nemo_buffer_000081-vad_percentile_rms-0000-0003-335076,s11,s1101a,1,1,1,bad,bad,bad,0.6966982777763326,0.5663335187709571,0.20836718301327156,0.7927718926260019,0.62719699329576,0.12753265382341,0.80323970786295,0.671367935079281,0.18058947745924014
s1101a:s11_s1101a_raw_nemo_buffer_000081-vad_percentile_rms-0000-0004-337192,s11,s1101a,,,,unknown,unknown,unknown,0.2754922910711055,0.09753930794183298,0.014570703576518438,0.7643142004218444,0.5650467634454425,0.08877842926268438,0.46923070087035945,0.17427890343165275,0.015206988180158995
s1101a:s11_s1101a_raw_nemo_buffer_000082-vad_percentile_rms-0000-0000-337380,s11,s1101a,1,,,bad,unknown,unknown,0.7472139583299845,0.403743119961571,0.0070157247719211365,0.7184104978739444,0.5250173122096495,0.09769672961747956,0.763081302517182,0.4397888346956685,0.00927332753260782
s1101a:s11_s1101a_raw_nemo_buffer_000082-vad_percentile_rms-0000-0001-338024,s11,s1101a,1,1,,bad,bad,unknown,0.1677893183100342,0.06117870675975271,0.01748217876598298,0.2234001912087456,0.13024768810717516,0.04823441508612595,0.13209529669552836,0.04616357111364235,0.013502334536997769
s1101a:s11_s1101a_raw_nemo_buffer_000082-vad_percentile_rms-0000-0002-338788,s11,s1101a,,,,unknown,unknown,unknown,0.5450786520684003,0.26967129907420784,0.02270616282177037,0.7813253628594432,0.5874514900543774,0.09235682710435082,0.7708288581595034,0.46104196288887783,0.0266227151447018
s1101a:s11_s1101a_raw_nemo_buffer_000083-vad_percentile_rms-0000-0000-339336,s11,s1101a,1,1,1,bad,bad,bad,0.989485094683044,0.994531604838359,0.9740725488426313,0.6714129848896675,0.4868428541325365,0.10563162185747539,0.9883692460401696,0.990997542354947,0.9257640630541925
s1101a:s11_s1101a_raw_nemo_buffer_000083-vad_percentile_rms-0000-0001-343752,s11,s1101a,,,,unknown,unknown,unknown,0.3035098301629996,0.1331256437706653,0.02340962365715814,0.8196312025503746,0.6466145671294713,0.10886650013463263,0.5284558836003515,0.2482766837207959,0.024868308381796517
s1101a:s11_s1101a_raw_nemo_buffer_000084-vad_percentile_rms-0000-0000-350464,s11,s1101a,,,,unknown,unknown,unknown,0.9279029095088065,0.8865485172749372,0.16031347205943344,0.8135501677936465,0.6213818513349268,0.08714474287962226,0.9315398627952539,0.8854814952183073,0.13077231390662944
s1101a:s11_s1101a_raw_nemo_buffer_000084-vad_percentile_rms-0000-0001-351216,s11,s1101a,0,0,0,safe,safe,safe,0.24028467275813817,0.10201839817599065,0.02805362241529065,0.36528873815684315,0.21525239141811084,0.055294916317325755,0.2298014917865467,0.09152130730722076,0.021259678384699932
s1101a:s11_s1101a_raw_nemo_buffer_000084-vad_percentile_rms-0000-0002-352128,s11,s1101a,0,0,0,safe,safe,safe,0.8911738869755518,0.8608435525658029,0.5250591773376869,0.6438901629738859,0.471953279338532,0.11829338344686499,0.9424355183918778,0.8925039786652655,0.4406670770106431
s1101a:s11_s1101a_raw_nemo_buffer_000084-vad_percentile_rms-0000-0003-353608,s11,s1101a,0,0,0,safe,safe,safe,0.5618974675370768,0.4098723223299982,0.1354431240226745,0.2529617395043774,0.15633395868623656,0.061873612209739845,0.39993317320240634,0.2606047267104634,0.08164545664723308
s1101a:s11_s1101a_raw_nemo_buffer_000084-vad_percentile_rms-0000-0004-353680,s11,s1101a,0,0,0,safe,safe,safe,0.6018740517212405,0.3872352969040512,0.09496579388526538,0.281956455577257,0.16610217957212756,0.05349651730252325,0.45488938144957397,0.2521899525154825,0.05474259464717915
s1101a:s11_s1101a_raw_nemo_buffer_000084-vad_percentile_rms-0000-0005-355852,s11,s1101a,,,,unknown,unknown,unknown,0.29750470458628864,0.14092283518433732,0.044771486124765,0.8027164142848324,0.6133277349394687,0.09311640985530104,0.5226378093473242,0.2616105504090535,0.044218306721469564
s1101a:s11_s1101a_raw_nemo_buffer_000085-vad_percentile_rms-0000-0000-356524,s11,s1101a,1,1,,bad,bad,unknown,0.9972550551681431,0.9966759041623184,0.8041785673474944,0.7923880424118658,0.6269306004511149,0.12780369207376224,0.9974245600550077,0.9969904546250618,0.783544875673661
s1101a:s11_s1101a_raw_nemo_buffer_000085-vad_percentile_rms-0000-0001-357772,s11,s1101a,,,,unknown,unknown,unknown,0.39456767950339783,0.14329881324361046,0.007793615271264456,0.8608004354622873,0.6991955023905355,0.10578350204626136,0.6179978274299001,0.27550559384674145,0.009885843772534238
s1101a:s11_s1101a_raw_nemo_buffer_000086-vad_percentile_rms-0000-0000-358288,s11,s1101a,,,,unknown,unknown,unknown,0.9931002468595355,0.996150567687028,0.96524740275295,0.7944829411077144,0.6387144707683459,0.1431508850921543,0.9939036973372004,0.9953193471270546,0.929083351672957
s1101a:s11_s1101a_raw_nemo_buffer_000086-vad_percentile_rms-0000-0001-359484,s11,s1101a,0,0,0,safe,safe,safe,0.855331654646543,0.8363797893277334,0.503785735625614,0.7311696478410572,0.5438485188875972,0.10477269619546353,0.8844545553351929,0.8473867721375722,0.3985056309862296
s1101a:s11_s1101a_raw_nemo_buffer_000086-vad_percentile_rms-0000-0003-361724,s11,s1101a,,,,unknown,unknown,unknown,0.1405077115658771,0.048620617413240745,0.010207535245777024,0.7660027502847696,0.5661731669246773,0.08798926098571944,0.3029327415112087,0.09952374754911274,0.010504369338203989
s1101a:s11_s1101a_raw_nemo_buffer_000087-vad_percentile_rms-0000-0000-363344,s11,s1101a,,,,unknown,unknown,unknown,0.9544729642536894,0.8591657545288461,0.07033891276805637,0.8527839854888427,0.7110626979967013,0.14461448247279965,0.9664858535556157,0.8913803331716146,0.07020376244188188
s1101a:s11_s1101a_raw_nemo_buffer_000087-vad_percentile_rms-0000-0001-364092,s11,s1101a,,,,unknown,unknown,unknown,0.33968221093006434,0.14509320330646477,0.02636932003256775,0.8260521543158336,0.6615399280331488,0.11880367750803367,0.6177574188790328,0.30912631436449584,0.031299961629276715
s1101a:s11_s1101a_raw_nemo_buffer_000088-vad_percentile_rms-0000-0000-364308,s11,s1101a,,,,unknown,unknown,unknown,0.9981947433862373,0.9900628639241191,0.9616281322788464,0.8680880162959032,0.7236782062447439,0.12893244966777054,0.9977833368688898,0.989617004631689,0.9253920492676319
s1101a:s11_s1101a_raw_nemo_buffer_000088-vad_percentile_rms-0000-0001-365196,s11,s1101a,,,,unknown,unknown,unknown,0.6371441182875693,0.43972889953247063,0.19953842014136575,0.7713119847358731,0.612717014725743,0.14287165185349926,0.7401722009640662,0.5507527321318322,0.18904382413495172
s1101a:s11_s1101a_raw_nemo_buffer_000089-vad_percentile_rms-0000-0000-366072,s11,s1101a,,,,unknown,unknown,unknown,0.956788527031176,0.9488069233473336,0.6386296987106745,0.7993739354093736,0.6421100667184668,0.13933010586908864,0.9672052777264307,0.9543016132818536,0.5512214933005363
s1101a:s11_s1101a_raw_nemo_buffer_000089-vad_percentile_rms-0000-0001-368496,s11,s1101a,0,0,0,safe,safe,safe,0.1682924702823884,0.07176815336250947,0.02429469428881699,0.3832393899830734,0.22940597462895598,0.0587666125519389,0.17504474555276667,0.07409669116209902,0.022287305671568447
s1101a:s11_s1101a_raw_nemo_buffer_000089-vad_percentile_rms-0000-0002-369280,s11,s1101a,1,1,,bad,bad,unknown,0.6508765152580132,0.5246221030486671,0.2293113973348495,0.7836129301663751,0.6910028854197475,0.2985092166631202,0.7083492215753806,0.5905985059593699,0.2564473681487587
s1101a:s11_s1101a_raw_nemo_buffer_000089-vad_percentile_rms-0000-0003-371920,s11,s1101a,,,,unknown,unknown,unknown,0.4875748332662662,0.3011242755744659,0.07862472822405181,0.8136540488563178,0.6914959920965909,0.20777894869744298,0.6133297176036714,0.42730144858301256,0.10134999685408878
s1101a:s11_s1101a_raw_nemo_buffer_000090-vad_percentile_rms-0000-0000-372724,s11,s1101a,,,,unknown,unknown,unknown,0.9322706859227592,0.9053613853574768,0.26352612080254495,0.8133527930365734,0.6817166840892036,0.1853103406237022,0.9335533677117237,0.9061228526693099,0.26849028928633517
s1101a:s11_s1101a_raw_nemo_buffer_000090-vad_percentile_rms-0000-0001-373604,s11,s1101a,0,0,0,safe,safe,safe,0.27719401215688466,0.1548708833946,0.06794814069527172,0.34345978323554127,0.20749202475996395,0.06072676119116133,0.24719797638509491,0.12596911591695586,0.04616436813116366
s1101a:s11_s1101a_raw_nemo_buffer_000090-vad_percentile_rms-0000-0002-374456,s11,s1101a,0,0,0,safe,safe,safe,0.20663142224617193,0.09299645245056304,0.030237577333602335,0.259215293619505,0.17068452089736233,0.07841726962352326,0.1567053916888409,0.06987636018635737,0.0266195939018302
s1101a:s11_s1101a_raw_nemo_buffer_000090-vad_percentile_rms-0000-0003-376300,s11,s1101a,,,,unknown,unknown,unknown,0.4560687243943608,0.26333619567609423,0.0450698469851816,0.7431508076411226,0.5513231881004738,0.0988786844870653,0.595090360880374,0.367118630094577,0.0470132014240799
s1101a:s11_s1101a_raw_nemo_buffer_000091-vad_percentile_rms-0000-0000-378832,s11,s1101a,,,,unknown,unknown,unknown,0.9103818491138987,0.8301045061017129,0.10377188758327803,0.7902886548416987,0.593734132140941,0.08780744668703568,0.9142059010552771,0.8289868485493453,0.0753532352600774
s1101a:s11_s1101a_raw_nemo_buffer_000091-vad_percentile_rms-0000-0001-379888,s11,s1101a,0,0,0,safe,safe,safe,0.870851991884085,0.8387423733592473,0.6409697175364066,0.7859416729286526,0.7018284978919811,0.3264470835981967,0.902919002370437,0.877166580177331,0.6869174371759506
s1101a:s11_s1101a_raw_nemo_buffer_000091-vad_percentile_rms-0000-0002-381356,s11,s1101a,,,,unknown,unknown,unknown,0.310472753936488,0.16872440883400053,0.030919823027266518,0.8322983156203652,0.6563789500805812,0.10026755230936223,0.5286954882219346,0.306078217428426,0.030727054774724604
s1101a:s11_s1101a_raw_nemo_buffer_000092-vad_percentile_rms-0000-0000-381652,s11,s1101a,,,,unknown,unknown,unknown,0.9855638447258989,0.9310166827702858,0.9043664497954395,0.7407218234988266,0.5387589636104162,0.08778360732872754,0.9841387887490185,0.9271283362458578,0.804949605007854
s1101a:s11_s1101a_raw_nemo_buffer_000092-vad_percentile_rms-0000-0001-383244,s11,s1101a,0,0,0,safe,safe,safe,0.6955087325885678,0.6104105837967629,0.24549658879887618,0.7862206406272146,0.692609638911711,0.29514878137216083,0.788640030352264,0.7038638315262318,0.2829113120589022
s1101a:s11_s1101a_raw_nemo_buffer_000092-vad_percentile_rms-0000-0002-385388,s11,s1101a,,,,unknown,unknown,unknown,0.37184140544418587,0.17720810542331614,0.02534921918087324,0.8833900014353427,0.7457252944826542,0.12867987148091894,0.6272593270105703,0.35627560035989514,0.030990493402112875
s1101a:s11_s1101a_raw_nemo_buffer_000093-vad_percentile_rms-0000-0000-386156,s11,s1101a,,,,unknown,unknown,unknown,0.6922037460132148,0.5506795375269887,0.12177745406432752,0.8165381104051531,0.6644110628238398,0.1428583528454179,0.79767285828544,0.6517019999187835,0.10833090479299325
s1101a:s11_s1101a_raw_nemo_buffer_000093-vad_percentile_rms-0000-0001-387600,s11,s1101a,,,,unknown,unknown,unknown,0.6936217782451088,0.5596422181162585,0.15079595089575903,0.8411151589028826,0.8006549835284812,0.5125318397255089,0.7305548329214043,0.6713577051316214,0.31135453319555845
s1101a:s11_s1101a_raw_nemo_buffer_000094-vad_percentile_rms-0000-0000-389380,s11,s1101a,,,,unknown,unknown,unknown,0.9824636847375422,0.9596906870602999,0.25237105355321776,0.708986302066776,0.5194026784837801,0.10201752088764822,0.981740906339937,0.9644092111633976,0.26709029320361555
s1101a:s11_s1101a_raw_nemo_buffer_000094-vad_percentile_rms-0000-0001-390048,s11,s1101a,,,,unknown,unknown,unknown,0.2351278173701737,0.06607542136934935,0.0034394263752151083,0.7700672124727447,0.5905762658562089,0.11172329281178112,0.40719266117406266,0.12833340757875092,0.005288173329339356
s1101a:s11_s1101a_raw_nemo_buffer_000095-vad_percentile_rms-0000-0000-392660,s11,s1101a,1,,,bad,unknown,unknown,0.7894347782558658,0.5971983501878168,0.05857762644084136,0.7758327720755379,0.5836791499370821,0.09517868505069847,0.8210223202864857,0.6234160877776108,0.041538985069669646
s1101a:s11_s1101a_raw_nemo_buffer_000095-vad_percentile_rms-0000-0001-395532,s11,s1101a,,,,unknown,unknown,unknown,0.9376443398489908,0.8101274287466054,0.06754042766922537,0.8594818363586058,0.7164835711418317,0.13774228293150628,0.973952610162322,0.9122219466858562,0.08572874500253766
s1101a:s11_s1101a_raw_nemo_buffer_000096-vad_percentile_rms-0000-0000-398064,s11,s1101a,,,,unknown,unknown,unknown,0.8874126511408317,0.7824068681028317,0.11717209336786068,0.8056233199982158,0.6154613104402341,0.09150433113974453,0.9034235002444966,0.8013156000472781,0.09741005337785305
s1101a:s11_s1101a_raw_nemo_buffer_000096-vad_percentile_rms-0000-0001-399016,s11,s1101a,,,,unknown,unknown,unknown,0.5026607722836366,0.3116677071555096,0.11092376003217462,0.4675101110174544,0.2870865611474256,0.06294478531273441,0.5015057174083275,0.29485020721207733,0.07245582919297107
s1101a:s11_s1101a_raw_nemo_buffer_000096-vad_percentile_rms-0000-0002-399932,s11,s1101a,,,,unknown,unknown,unknown,0.811862498543622,0.7694049031663157,0.4815036699254431,0.45636668963478927,0.28263057651138135,0.06575814781788301,0.7941608582191167,0.6933829673259214,0.3028564557497277
s1101a:s11_s1101a_raw_nemo_buffer_000096-vad_percentile_rms-0000-0003-400828,s11,s1101a,,,,unknown,unknown,unknown,0.8208043611005419,0.7475906693952598,0.1703085418156856,0.699069566745037,0.7287997635803185,0.7127275443978037,0.635814964537694,0.6770902904107541,0.4384922580976485
s1101a:s11_s1101a_raw_nemo_buffer_000096-vad_percentile_rms-0000-0004-401992,s11,s1101a,,,,unknown,unknown,unknown,0.31139429853005324,0.15394889675622267,0.02091744133309781,0.840477935672212,0.6629271552824638,0.09478432289151895,0.5559159439800186,0.29540386770711946,0.020631606698076073
s1101a:s11_s1101a_raw_nemo_buffer_000097-vad_percentile_rms-0000-0000-402184,s11,s1101a,,,,unknown,unknown,unknown,0.8163580819918447,0.6609611072336652,0.07667363387749493,0.8404323311958182,0.6628900769989456,0.09481474290060603,0.8726495125739729,0.731920166731358,0.06679173428054891
s1101a:s11_s1101a_raw_nemo_buffer_000097-vad_percentile_rms-0000-0001-402684,s11,s1101a,,,,unknown,unknown,unknown,0.4969420149125865,0.2849792760706261,0.0563493429849772,0.750241671617394,0.5884966831530539,0.1399883885786611,0.6298064584489239,0.3699630239451022,0.05049963464444334
s1101a:s11_s1101a_raw_nemo_buffer_000097-vad_percentile_rms-0000-0003-404376,s11,s1101a,,,,unknown,unknown,unknown,0.6483838277719213,0.43066725347322965,0.1540649581530186,0.9008617053384048,0.8394289575435419,0.3744880577101382,0.802883631413769,0.6439046306262174,0.2512028670282056
s1101a:s11_s1101a_raw_nemo_buffer_000098-vad_percentile_rms-0000-0000-405240,s11,s1101a,1,,,bad,unknown,unknown,0.840776612493764,0.7905285650572003,0.18188522413140693,0.8130045853028623,0.7772740390426037,0.5276931635208618,0.767771135194259,0.780116101468703,0.34569985646558465
s1101a:s11_s1101a_raw_nemo_buffer_000098-vad_percentile_rms-0000-0001-406340,s11,s1101a,,,,unknown,unknown,unknown,0.5934761910136892,0.39218978507802355,0.13953646867316696,0.8384285111757448,0.7091696507983457,0.17970869127751388,0.7236392106094557,0.5251530196113151,0.12987409025962163
s1101a:s11_s1101a_raw_nemo_buffer_000099-vad_percentile_rms-0000-0000-408428,s11,s1101a,,,,unknown,unknown,unknown,0.943329629878471,0.8920506412851607,0.22614698511249806,0.8383676187879426,0.6711099061581478,0.10950852191262933,0.9568319106659613,0.9140764477889846,0.2029132119354101
s1101a:s11_s1101a_raw_nemo_buffer_000099-vad_percentile_rms-0000-0001-409632,s11,s1101a,0,0,0,safe,safe,safe,0.7218061005419439,0.5877931689421247,0.2055436472962718,0.28669368818583046,0.1676814018292258,0.05228104216367534,0.5709749368921455,0.41375297222139307,0.1122812812013301
s1101a:s11_s1101a_raw_nemo_buffer_000099-vad_percentile_rms-0000-0002-411276,s11,s1101a,,,,unknown,unknown,unknown,0.2904609714759792,0.17060266868371823,0.030783753255126917,0.8243936834878154,0.6400523000474931,0.09272720361196829,0.5383310811556808,0.3108145749122246,0.028627436749519272
s1101a:s11_s1101a_raw_nemo_buffer_000100-vad_percentile_rms-0000-0000-412172,s11,s1101a,,,,unknown,unknown,unknown,0.7779709654138984,0.6172558318035558,0.057417388101302695,0.7416854695894654,0.5393679553850179,0.08736520467952097,0.8008124269577854,0.6355679402949873,0.04831862781049792
s1101a:s11_s1101a_raw_nemo_buffer_000100-vad_percentile_rms-0000-0001-412836,s11,s1101a,,,,unknown,unknown,unknown,0.5498493037243319,0.32862011313461575,0.03742662657087454,0.8742477881919926,0.7376989228943239,0.13905434977365147,0.7539161873567747,0.5155808791237442,0.04497394882530673
s1101a:s11_s1101a_raw_nemo_buffer_000101-vad_percentile_rms-0000-0000-413104,s11,s1101a,,,,unknown,unknown,unknown,0.919272557944432,0.8793488890572296,0.3028393466099775,0.843474226766843,0.6752077378330722,0.10568803192477055,0.9483453552244526,0.9086404652328155,0.23175633119944547
s1101a:s11_s1101a_raw_nemo_buffer_000101-vad_percentile_rms-0000-0001-414620,s11,s1101a,0,0,0,safe,safe,safe,0.19155413685140166,0.06835408622196458,0.01037224154932808,0.2763562597377804,0.16422998506084566,0.054984516701335716,0.1494688095948704,0.051289015718308455,0.008127660407847978
s1101a:s11_s1101a_raw_nemo_buffer_000101-vad_percentile_rms-0000-0002-416024,s11,s1101a,0,0,0,safe,safe,safe,0.19699026196638458,0.061374251676762415,0.006747537086970693,0.198829733446062,0.11760651089000229,0.04866931689469965,0.12446060727039533,0.03763504752852335,0.006119319154737622
s1101a:s11_s1101a_raw_nemo_buffer_000101-vad_percentile_rms-0000-0003-417548,s11,s1101a,,,,unknown,unknown,unknown,0.3861710689671511,0.167494290940492,0.02272140103762181,0.8343089264471873,0.6679088208195777,0.11255915732025534,0.6184998770039218,0.30287696359840577,0.025820938746621388
s1101a:s11_s1101a_raw_nemo_buffer_000102-vad_percentile_rms-0000-0000-419296,s11,s1101a,,,,unknown,unknown,unknown,0.8819249672605943,0.8197393606638299,0.14225669552895756,0.813088633919698,0.6417338808748967,0.11335905408899663,0.9019558176557227,0.84509042043806,0.1269206305999414
s1101a:s11_s1101a_raw_nemo_buffer_000102-vad_percentile_rms-0000-0001-419948,s11,s1101a,1,1,,bad,bad,unknown,0.0855169053427034,0.02718653204133996,0.0072861012713854945,0.054844029342490365,0.033992552682855115,0.029863485804075843,0.030127548330876622,0.009832974791561927,0.00472041306211592
s1101a:s11_s1101a_raw_nemo_buffer_000102-vad_percentile_rms-0000-0002-423276,s11,s1101a,,,,unknown,unknown,unknown,0.3227145452392522,0.12313875991964873,0.013306730831783466,0.8207411180361825,0.6474531068003668,0.10810782100909962,0.5440231480006374,0.2311775240795182,0.015365271343155535
s1101a:s11_s1101a_raw_nemo_buffer_000103-vad_percentile_rms-0000-0000-424424,s11,s1101a,,,,unknown,unknown,unknown,0.9033599687857726,0.4323583034287982,0.003244674996735065,0.7964141982817139,0.619309075864245,0.11000472248177297,0.9279510216802672,0.566707768722577,0.00580927039267762
s1101a:s11_s1101a_raw_nemo_buffer_000103-vad_percentile_rms-0000-0001-425660,s11,s1101a,,,,unknown,unknown,unknown,0.4932661958026788,0.25428226926555847,0.017893179447253747,0.7645020222111201,0.565171812710851,0.08869052783118062,0.6495581850290616,0.36750439131426865,0.018366003411193012
s1101a:s11_s1101a_raw_nemo_buffer_000104-vad_percentile_rms-0000-0000-434540,s11,s1101a,,,,unknown,unknown,unknown,0.8827669633933148,0.7905667364742578,0.06207530450168047,0.7595432611887346,0.5509119958335977,0.07975309667973265,0.8812768274702062,0.7967253157760552,0.05956291667175002
s1101a:s11_s1101a_raw_nemo_buffer_000104-vad_percentile_rms-0000-0001-435340,s11,s1101a,,,,unknown,unknown,unknown,0.6315660824303048,0.5365839216269966,0.18782443008333885,0.7880103764672715,0.5921217898508844,0.08895731305196444,0.8115808110536908,0.6937061128830547,0.16121583963809646
s1101a:s11_s1101a_raw_nemo_buffer_000105-vad_percentile_rms-0000-0000-435708,s11,s1101a,,,,unknown,unknown,unknown,0.7407740697668759,0.5550082443727995,0.05475456643622529,0.8701101000516281,0.7073378059556682,0.09815312312650151,0.8364692624008594,0.6729201074166263,0.05122979629632073
s1101a:s11_s1101a_raw_nemo_buffer_000105-vad_percentile_rms-0000-0001-437228,s11,s1101a,0,0,0,safe,safe,safe,0.23586416239791386,0.1256010270538117,0.04811699378198757,0.4997382124034438,0.30957389107897426,0.0635325002418636,0.2929036189828057,0.14822490068828537,0.04142475852590763
s1101a:s11_s1101a_raw_nemo_buffer_000105-vad_percentile_rms-0000-0002-438840,s11,s1101a,,,,unknown,unknown,unknown,0.2323396567340656,0.06459545550549856,0.0060208010093606105,0.751939611699539,0.5459348736854437,0.08296170432919012,0.40198348142477147,0.11717364702297352,0.006185540421583173
s1101a:s11_s1101a_raw_nemo_buffer_000106-vad_percentile_rms-0000-0000-439128,s11,s1101a,,,,unknown,unknown,unknown,0.9291017758853806,0.8840513323440702,0.38296296860901013,0.8048683792273204,0.6253831246976089,0.10471432766536676,0.9484859528438722,0.9014687706987693,0.29232381309390076
s1101a:s11_s1101a_raw_nemo_buffer_000106-vad_percentile_rms-0000-0001-441260,s11,s1101a,0,0,0,safe,safe,safe,0.20812035367522802,0.0961163630406925,0.04462410553716071,0.17386591302456716,0.10113451509343191,0.04352378999425617,0.1465201149443957,0.06244299784770583,0.027533805665381886
s1101a:s11_s1101a_raw_nemo_buffer_000106-vad_percentile_rms-0000-0002-442508,s11,s1101a,,,,unknown,unknown,unknown,0.45562020069131814,0.20916802021372205,0.01815618966108272,0.8635701131334085,0.7015819363838135,0.10350712881279697,0.6942371670166559,0.3721179593774154,0.018949809179455393
s1101a:s11_s1101a_raw_nemo_buffer_000107-vad_percentile_rms-0000-0000-442988,s11,s1101a,,,,unknown,unknown,unknown,0.37553530642279304,0.19047357584269914,0.0229340873863219,0.7320480317888897,0.5222515915352411,0.08025364475490407,0.5262469025537123,0.26578941764897757,0.01951612844357422
s1101a:s11_s1101a_raw_nemo_buffer_000107-vad_percentile_rms-0000-0002-444492,s11,s1101a,0,0,0,safe,safe,safe,0.07705855027109543,0.020823064211362444,0.005673055543770696,0.09095185105080925,0.05422647904345295,0.034681745687052234,0.038875036475581624,0.010415353385557777,0.004221999477630394
s1101a:s11_s1101a_raw_nemo_buffer_000107-vad_percentile_rms-0000-0003-447660,s11,s1101a,,,,unknown,unknown,unknown,0.5106090934847448,0.21748666176841144,0.013154867784883327,0.8238428616377017,0.6498133070603964,0.10599295517102562,0.737009174611758,0.40666441316764396,0.015851793651811698
s1101a:s11_s1101a_raw_nemo_buffer_000108-vad_percentile_rms-0000-0000-449100,s11,s1101a,,,,unknown,unknown,unknown,0.8564380544925221,0.7451148704698679,0.06937826585725604,0.8425251432242433,0.6744400321426738,0.10639658205842191,0.877623702957332,0.7823915621862005,0.06654708939654796
s1101a:s11_s1101a_raw_nemo_buffer_000108-vad_percentile_rms-0000-0001-453324,s11,s1101a,,,,unknown,unknown,unknown,0.4062833187582288,0.2403304481787531,0.05236806353001076,0.8178511938782635,0.6452762682676358,0.11008531502773061,0.6023212260592106,0.36677256075523296,0.04751921309296232
s1101a:s11_s1101a_raw_nemo_buffer_000109-vad_percentile_rms-0000-0000-463860,s11,s1101a,,,,unknown,unknown,unknown,0.9985805691905962,0.9936400600399935,0.9665202294984971,0.8316392022167377,0.6457517207335929,0.08836044194133771,0.9981095252900676,0.9925684953986764,0.9294521631314046
s1101a:s11_s1101a_raw_nemo_buffer_000109-vad_percentile_rms-0000-0001-464360,s11,s1101a,,,,unknown,unknown,unknown,0.4783335785123903,0.22857861011744698,0.019527339179058283,0.8408479605737853,0.6730902544664336,0.10765038287803849,0.6988664937715827,0.3949679589938569,0.024158568684935114
s1101a:s11_s1101a_raw_nemo_buffer_000110-vad_percentile_rms-0000-0000-470120,s11,s1101a,,,,unknown,unknown,unknown,0.9309147702914844,0.7554535785043756,0.01784186312123094,0.7784359301025676,0.5746250005548749,0.08225261691166254,0.9221434251790961,0.7473208553906399,0.017329065998410352
s1101a:s11_s1101a_raw_nemo_buffer_000110-vad_percentile_rms-0000-0001-471340,s11,s1101a,0,0,0,safe,safe,safe,0.9999999999874569,0.9999999999995641,0.9999999999971687,0.8326778882069114,0.7809597676766955,0.45651463155944605,0.9999999999911193,0.999999999999897,0.999999999998872
s1101a:s11_s1101a_raw_nemo_buffer_000110-vad_percentile_rms-0000-0002-472656,s11,s1101a,,,,unknown,unknown,unknown,0.5593027523357028,0.355162010392963,0.055689401016405966,0.7500521013707403,0.5447138856832205,0.08376563000737118,0.6885814450573421,0.4445507450195676,0.04181388207493546
s1101a:s11_s1101a_raw_nemo_buffer_000111-vad_percentile_rms-0000-0000-472932,s11,s1101a,1,,,bad,unknown,unknown,0.7237610879406443,0.48319506331061224,0.030541013451864184,0.714481953591883,0.5004387905892514,0.07642905672707613,0.7305512376767792,0.4978256155983416,0.028330517981726845
s1101a:s11_s1101a_raw_nemo_buffer_000111-vad_percentile_rms-0000-0001-473892,s11,s1101a,,,,unknown,unknown,unknown,0.45224223719489137,0.36257003714146985,0.0506853109130992,0.8095520537259376,0.6183765066468209,0.08933697657017525,0.6434599982269545,0.49519891326184384,0.03310406617468431
s1101a:s11_s1101a_raw_nemo_buffer_000112-vad_percentile_rms-0000-0000-474480,s11,s1101a,,,,unknown,unknown,unknown,0.9871757175482019,0.982084429730475,0.5322108453342902,0.8509329052712903,0.69092161056952,0.1139362064582565,0.9934536183460123,0.987842534997341,0.45661803975255927
s1101a:s11_s1101a_raw_nemo_buffer_000112-vad_percentile_rms-0000-0001-476680,s11,s1101a,,,,unknown,unknown,unknown,0.30692803396995827,0.11161005638654217,0.013096791281476786,0.7926888164528058,0.5954445021578928,0.08660082044914953,0.49855471284939223,0.20110585473307357,0.013264903379513823
s1101a:s11_s1101a_raw_nemo_buffer_000113-vad_percentile_rms-0000-0000-477108,s11,s1101a,,,,unknown,unknown,unknown,0.9994371853578905,0.9969449897491024,0.9810290774363729,0.771293872146302,0.5806038751472478,0.09753031154329263,0.9987983195831657,0.9946433148351886,0.9551863801806469
s1101a:s11_s1101a_raw_nemo_buffer_000113-vad_percentile_rms-0000-0001-480552,s11,s1101a,,,,unknown,unknown,unknown,0.30185016411227666,0.14032607569724187,0.029838377937717334,0.8943502466359635,0.7558599156003939,0.11625152173386243,0.578867883729952,0.30692353207329803,0.03263653153712255
s1101a:s11_s1101a_raw_nemo_buffer_000114-vad_percentile_rms-0000-0000-484052,s11,s1101a,,,,unknown,unknown,unknown,0.9224778628893616,0.8144396276482915,0.05516635660059109,0.8042195582760983,0.6249114120682678,0.1051181874217305,0.9309130260106905,0.8333726271054038,0.04752030453458297
s1101a:s11_s1101a_raw_nemo_buffer_000114-vad_percentile_rms-0000-0001-484748,s11,s1101a,,,,unknown,unknown,unknown,0.8989030630744503,0.7406393144040504,0.10027779956244856,0.8837369128545792,0.7375175559410057,0.11297809055371176,0.9580844011827664,0.8677630560935494,0.10211004859382175
s1101a:s11_s1101a_raw_nemo_buffer_000115-vad_percentile_rms-0000-0000-485504,s11,s1101a,,,,unknown,unknown,unknown,0.8416447252453467,0.6838755229065628,0.06956835643221006,0.7454510065952016,0.5417608288970451,0.08573783714958924,0.8754519023018706,0.7298543108218034,0.06688364309651032
s1101a:s11_s1101a_raw_nemo_buffer_000115-vad_percentile_rms-0000-0002-486536,s11,s1101a,,,,unknown,unknown,unknown,0.6386028746586271,0.43045541497277123,0.07541306455503984,0.8450436669840581,0.6764835193048963,0.1045178555435789,0.804900090735247,0.6000676600647552,0.07267060017181698
s1101a:s11_s1101a_raw_nemo_buffer_000116-vad_percentile_rms-0000-0000-487200,s11,s1101a,1,1,,bad,bad,unknown,0.9993102717291478,0.9993712460413807,0.9700106603948764,0.7414864812578466,0.5938006254985412,0.1648246036603281,0.9993700592430509,0.9994373908197814,0.9652273919183962
s1101a:s11_s1101a_raw_nemo_buffer_000116-vad_percentile_rms-0000-0001-487808,s11,s1101a,,,,unknown,unknown,unknown,0.4345184900846317,0.23668010731985628,0.025428282862666296,0.8150212806427276,0.6328923500052636,0.09844107570405168,0.6784345866958718,0.417841235074993,0.031256647027020495
s1101a:s11_s1101a_raw_nemo_buffer_000117-vad_percentile_rms-0000-0000-488968,s11,s1101a,1,1,,bad,bad,unknown,0.9031018260063212,0.7932614212990073,0.07109488180899898,0.820312736531416,0.6369063837801974,0.09520607713699757,0.9064673353637989,0.8014699217501635,0.061723346513766625
s1101a:s11_s1101a_raw_nemo_buffer_000117-vad_percentile_rms-0000-0001-490476,s11,s1101a,,,,unknown,unknown,unknown,0.491572475278238,0.2044077568651236,0.01017722155119071,0.8714442945068065,0.7176340045767217,0.11048511384521954,0.708681206265598,0.3550121323569898,0.01134897203734694
s1101a:s11_s1101a_raw_nemo_buffer_000118-vad_percentile_rms-0000-0000-490648,s11,s1101a,,,,unknown,unknown,unknown,0.9798997465198448,0.982640794860263,0.8205879202741739,0.776244680570145,0.6367900806501116,0.1776931882226241,0.9846061438975174,0.9841132001286385,0.7839755909746596
s1101a:s11_s1101a_raw_nemo_buffer_000118-vad_percentile_rms-0000-0001-493488,s11,s1101a,1,1,,bad,bad,unknown,0.10724979278251513,0.04064841823874817,0.046547236538751875,0.04255440493656155,0.02748955761476546,0.029545070170361405,0.03641098281779475,0.013350330199459044,0.02034216242538868
s1101a:s11_s1101a_raw_nemo_buffer_000118-vad_percentile_rms-0000-0002-495140,s11,s1101a,,,,unknown,unknown,unknown,0.9677831608333705,0.7899892151089445,0.032759589233641424,0.7488435781697936,0.6195327321256991,0.20194439028449299,0.9741988006537293,0.8748492845739426,0.07543701851324787
s1101a:s11_s1101a_raw_nemo_buffer_000119-vad_percentile_rms-0000-0000-495472,s11,s1101a,,,,unknown,unknown,unknown,0.9023887249924442,0.7959846661470539,0.04833980131129058,0.7784264276297738,0.61742804150332,0.1377443586292149,0.8794037257780067,0.7867960013322435,0.05668797626521495
s1101a:s11_s1101a_raw_nemo_buffer_000119-vad_percentile_rms-0000-0001-496980,s11,s1101a,0,0,0,safe,safe,safe,0.1720510226240096,0.0631509583086677,0.03275229343694026,0.021696000460324084,0.01973849799084636,0.05912121012130282,0.03259066140966081,0.013824324331301487,0.024155851222328852
s1101a:s11_s1101a_raw_nemo_buffer_000119-vad_percentile_rms-0000-0002-497136,s11,s1101a,0,0,0,safe,safe,safe,0.1235251417248083,0.05124644201194938,0.021951240284358495,0.04342545509878806,0.02776705915068146,0.028918846232030417,0.03720222217725604,0.01555086733724621,0.012123839341681715
s1101a:s11_s1101a_raw_nemo_buffer_000119-vad_percentile_rms-0000-0003-497836,s11,s1101a,,,,unknown,unknown,unknown,0.43817850336538544,0.1656585132419671,0.01246338963265046,0.8741044394210763,0.7199964287310113,0.10805474819269177,0.6917892669103419,0.33205521638105706,0.01470278647736758
s1101a:s11_s1101a_raw_nemo_buffer_000120-vad_percentile_rms-0000-0000-498004,s11,s1101a,,,,unknown,unknown,unknown,0.9990368714775236,0.9955184699129973,0.9722979843731887,0.8199969335589357,0.6366647897630072,0.09539848668513468,0.9986709109047438,0.9947660258853744,0.948096538947618
s1101a:s11_s1101a_raw_nemo_buffer_000120-vad_percentile_rms-0000-0001-498568,s11,s1101a,,,,unknown,unknown,unknown,0.257340293952153,0.0803414172496602,0.005759445907132803,0.8480982911206656,0.6789894995898843,0.10224572500375438,0.5015421128209893,0.1788703256724251,0.006941270437692031
s1101a:s11_s1101a_raw_nemo_buffer_000121-vad_percentile_rms-0000-0000-499220,s11,s1101a,1,,,bad,unknown,unknown,0.9937370089257197,0.9579290966200925,0.8525109234173437,0.8236376524209763,0.6394660967061245,0.0931853826391148,0.9934839539914968,0.9599796843996609,0.7517968780305705
s1101a:s11_s1101a_raw_nemo_buffer_000121-vad_percentile_rms-0000-0001-500192,s11,s1101a,0,0,0,safe,safe,safe,0.2949606274752857,0.17260786550301935,0.06248745933662788,0.20323358643460698,0.11900183623091781,0.047363017550715696,0.19988585579589538,0.10177857824727833,0.03346947763689651
s1101a:s11_s1101a_raw_nemo_buffer_000121-vad_percentile_rms-0000-0002-501868,s11,s1101a,,,,unknown,unknown,unknown,0.29809341060984723,0.08531766285697222,0.0067878283737702804,0.8870617413598493,0.7490542506191109,0.12451492067649478,0.6362858188735641,0.23555671407653944,0.008716231664246444
s1101a:s11_s1101a_raw_nemo_buffer_000122-vad_percentile_rms-0000-0000-502624,s11,s1101a,,,,unknown,unknown,unknown,0.8998800991268102,0.8108176423349779,0.06323286214779614,0.8645136428581096,0.7024016938515953,0.1027328617018281,0.9299485406519454,0.8646318737100023,0.0713003567320207
s1101a:s11_s1101a_raw_nemo_buffer_000122-vad_percentile_rms-0000-0001-503216,s11,s1101a,,,,unknown,unknown,unknown,0.5947210263573771,0.3874026888544746,0.0504737748729925,0.8344430311005733,0.687440107982124,0.1446843886578291,0.7416787462189365,0.5433906639503071,0.06484726711110378
s1101a:s11_s1101a_raw_nemo_buffer_000123-vad_percentile_rms-0000-0000-503432,s11,s1101a,,,,unknown,unknown,unknown,0.8274495404215647,0.6856860475640605,0.0660869650158358,0.8387004635604505,0.6614868378293578,0.09597122178741498,0.8648843960912301,0.7430223896342251,0.06121269954611979
s1101a:s11_s1101a_raw_nemo_buffer_000123-vad_percentile_rms-0000-0001-504888,s11,s1101a,,,,unknown,unknown,unknown,0.4314594562767106,0.23436877112552354,0.0241304071856059,0.8313591801838867,0.6556398415671538,0.10090059100213718,0.6241818926014142,0.36739216016739806,0.023497455493898093
s1101a:s11_s1101a_raw_nemo_buffer_000124-vad_percentile_rms-0000-0000-505472,s11,s1101a,,,,unknown,unknown,unknown,0.8063302819088941,0.6296235948817546,0.08153776964678726,0.7809846019473702,0.5979543843364036,0.10539805138002836,0.849091301179926,0.6858146316615726,0.07017705045280383
s1101a:s11_s1101a_raw_nemo_buffer_000124-vad_percentile_rms-0000-0001-510132,s11,s1101a,,,,unknown,unknown,unknown,0.8983952453482472,0.8985523334871959,0.6596144793118984,0.8405095548753665,0.7857041096860442,0.4417396613587243,0.912241842193912,0.9154015855861222,0.7009685072677698
s1101a:s11_s1101a_raw_nemo_buffer_000124-vad_percentile_rms-0000-0003-510752,s11,s1101a,,,,unknown,unknown,unknown,0.6668564605636997,0.397770063824706,0.027270697828847446,0.8716800622043401,0.7606398763748233,0.20333260469568146,0.7935199655406383,0.5529324888055553,0.034483457359532545
s1101a:s11_s1101a_raw_nemo_buffer_000125-vad_percentile_rms-0000-0000-511480,s11,s1101a,,,,unknown,unknown,unknown,0.9057122416598067,0.8246115809066281,0.09107584879160174,0.7781551188865347,0.5852672115028676,0.09398238389920495,0.8892755107430713,0.8129773721152034,0.0810207365697304
s1101a:s11_s1101a_raw_nemo_buffer_000125-vad_percentile_rms-0000-0001-512124,s11,s1101a,,,,unknown,unknown,unknown,0.5433384355344896,0.35165593532982975,0.1273660212287225,0.4587402286708808,0.2927007350298095,0.07452032987834863,0.5090378905562164,0.31778334986466994,0.09656054741827862
s1101a:s11_s1101a_raw_nemo_buffer_000125-vad_percentile_rms-0000-0002-513284,s11,s1101a,,,,unknown,unknown,unknown,0.8745147231271724,0.7694149156307956,0.18884784131464724,0.8603403228497798,0.8121956395404937,0.47306457050902057,0.8782410911919026,0.8204635715251115,0.32713742312225935
s1101a:s11_s1101a_raw_nemo_buffer_000126-vad_percentile_rms-0000-0000-513752,s11,s1101a,,,,unknown,unknown,unknown,0.8322584594710503,0.6639587817382867,0.035974580625170914,0.8122282083113546,0.6308019760664015,0.10015816514757638,0.8445139997021153,0.7012551926387677,0.03832799401621317
s1101a:s11_s1101a_raw_nemo_buffer_000126-vad_percentile_rms-0000-0001-514600,s11,s1101a,,,,unknown,unknown,unknown,0.696263192886643,0.51469667805271,0.11380718890425985,0.7562874201300137,0.5706887662085243,0.1054341638160706,0.7739579923255622,0.5961542176475758,0.10188183419086502
s1101a:s11_s1101a_raw_nemo_buffer_000127-vad_percentile_rms-0000-0000-514932,s11,s1101a,,,,unknown,unknown,unknown,0.9987121203229777,0.9918868356759872,0.9498734041123643,0.8365967324760912,0.6597948003733439,0.09737930406458369,0.998035594871542,0.9899465365099878,0.9108376200405142
s1101a:s11_s1101a_raw_nemo_buffer_000127-vad_percentile_rms-0000-0001-515956,s11,s1101a,1,1,1,bad,bad,bad,0.9850242433395976,0.9910250726281672,0.9763393052903063,0.47597297593666527,0.32847698418271687,0.10358928491856742,0.9882987150637688,0.9890730366748958,0.9509015295624925
s1101a:s11_s1101a_raw_nemo_buffer_000127-vad_percentile_rms-0000-0002-517292,s11,s1101a,,,,unknown,unknown,unknown,0.4916040536015709,0.14201532939033742,0.0028586448612566476,0.8432397701566228,0.6750178237166663,0.10586300450578377,0.6817989692248329,0.25725297628872007,0.003895812285948791
s1101a:s11_s1101a_raw_nemo_buffer_000128-vad_percentile_rms-0000-0002-519396,s11,s1101a,0,0,0,safe,safe,safe,0.08603779877640043,0.03223401158755466,0.0091996181184881,0.05429946405723779,0.03382386339928033,0.03018387381216463,0.030026247066068802,0.011097858749236623,0.005444666629356176
s1101a:s11_s1101a_raw_nemo_buffer_000128-vad_percentile_rms-0000-0003-523500,s11,s1101a,,,,unknown,unknown,unknown,0.551405271298334,0.37176570746602255,0.12087736405698418,0.8547107331198852,0.6940487179749899,0.11080708737811164,0.7526300674808863,0.5531298219206185,0.11329851244445029
s1101a:s11_s1101a_raw_nemo_buffer_000129-vad_percentile_rms-0000-0000-525876,s11,s1101a,,,,unknown,unknown,unknown,0.8691750412209823,0.7566662592632054,0.05987391119041809,0.7919064868624821,0.5948856667089971,0.08699358379136564,0.8684657831794335,0.7640998411929559,0.05804709897536573
s1101a:s11_s1101a_raw_nemo_buffer_000129-vad_percentile_rms-0000-0001-526340,s11,s1101a,0,0,0,safe,safe,safe,0.5571472731304109,0.2907974550828361,0.04340308639028246,0.167461530827159,0.09914510127558147,0.045530191339984614,0.3903310257930488,0.17656205179900528,0.0302894551659612
s1101a:s11_s1101a_raw_nemo_buffer_000129-vad_percentile_rms-0000-0002-526408,s11,s1101a,0,0,0,safe,safe,safe,0.4151877700880539,0.23309512862651302,0.04391644989907827,0.1736602662209557,0.10107100523737685,0.04358598493096746,0.28073749126990905,0.13892722984460745,0.027945684275583277
s1101a:s11_s1101a_raw_nemo_buffer_000129-vad_percentile_rms-0000-0003-527176,s11,s1101a,,,,unknown,unknown,unknown,0.1969026668717102,0.0946972705697718,0.0076486989693378814,0.8038740251837223,0.6141750423715874,0.09247357383986629,0.37803444148785487,0.17951937178817093,0.009722293680188366
s1101a:s11_s1101a_raw_nemo_buffer_000130-vad_percentile_rms-0000-0000-527464,s11,s1101a,1,1,,bad,bad,unknown,0.7751447468155955,0.6459502391933705,0.061701821053541606,0.7891927986396855,0.5929572485773249,0.0883599847921385,0.8108984904576724,0.686596715056242,0.05791389664629437
s1101a:s11_s1101a_raw_nemo_buffer_000130-vad_percentile_rms-0000-0002-529324,s11,s1101a,,,,unknown,unknown,unknown,0.9163714065764881,0.6832554868716708,0.05234042011895477,0.8285074816620258,0.6634144968766001,0.11694135804058527,0.9566711863839963,0.8252836674121157,0.07403155559096043
s1101a:s11_s1101a_raw_nemo_buffer_000131-vad_percentile_rms-0000-0000-529700,s11,s1101a,,,,unknown,unknown,unknown,0.01775772695046947,0.006980180548997614,0.0005494330061135956,0.6708738430856079,0.5420442697833568,0.196042127404897,0.01922897404883551,0.009436823627894138,0.000554138817295983
s1101a:s11_s1101a_raw_nemo_buffer_000131-vad_percentile_rms-0000-0001-532764,s11,s1101a,,,,unknown,unknown,unknown,0.3636869581773754,0.17268550386976958,0.03048108145713863,0.7384189840310094,0.5483474387623289,0.1011909794368,0.4853723663445843,0.24501678936675914,0.030574775444640226
s1101a:s11_s1101a_raw_nemo_buffer_000132-vad_percentile_rms-0000-0000-533884,s11,s1101a,1,,,bad,unknown,unknown,0.8308159455001386,0.7502825947933977,0.11725511039185944,0.8721942498140329,0.7272096512923932,0.12473763211955143,0.897318253729408,0.8191222047360477,0.10926253150121443
s1101a:s11_s1101a_raw_nemo_buffer_000132-vad_percentile_rms-0000-0001-535484,s11,s1101a,,,,unknown,unknown,unknown,0.3009252032936409,0.1319060095813421,0.020094715205555697,0.8290790576984842,0.6638531854003289,0.11650848086209617,0.5282261256242277,0.26707179123609853,0.02506679944136782
s1101a:s11_s1101a_raw_nemo_buffer_000133-vad_percentile_rms-0000-0000-542084,s11,s1101a,,,,unknown,unknown,unknown,0.9076423706393655,0.750055774768936,0.027732883090266343,0.7393664066421015,0.5268313575928,0.07740506450060249,0.886636547665784,0.7378593733884221,0.0301212551040855
s1101a:s11_s1101a_raw_nemo_buffer_000133-vad_percentile_rms-0000-0001-543372,s11,s1101a,,,,unknown,unknown,unknown,0.6040062407191691,0.2640639126175661,0.01632419135324414,0.8717848624104211,0.7179347831858688,0.1101737398481973,0.8005779304705042,0.45741115975074137,0.01863563423376048
s1101a:s11_s1101a_raw_nemo_buffer_000134-vad_percentile_rms-0000-0000-544512,s11,s1101a,,,,unknown,unknown,unknown,0.6891846791785461,0.37912541293496443,0.010481639752314989,0.7957106739277453,0.597615480803181,0.08508856188720107,0.7427450292139982,0.4425480646918321,0.01185330339619677
s1101a:s11_s1101a_raw_nemo_buffer_000134-vad_percentile_rms-0000-0001-545324,s11,s1101a,,,,unknown,unknown,unknown,0.33131620040522397,0.1377572850499984,0.012570351217917195,0.8592597192315677,0.7163013902114242,0.13796996559582403,0.5949423962357085,0.3006230225486171,0.019104173963843517
s1101a:s11_s1101a_raw_nemo_buffer_000135-vad_percentile_rms-0000-0000-545868,s11,s1101a,,,,unknown,unknown,unknown,0.918288850294223,0.8743834542443312,0.25847016557388003,0.6865550268694298,0.517547731492704,0.1279038254428667,0.9098129561400733,0.8552269446674202,0.21202006924327974
s1101a:s11_s1101a_raw_nemo_buffer_000135-vad_percentile_rms-0000-0001-547700,s11,s1101a,0,0,0,safe,safe,safe,0.6439237902732119,0.46248115772870996,0.09872983036700254,0.7628918536644524,0.6072463297927427,0.14899411138794108,0.7147173581635641,0.5317899978862333,0.09066449162036123
s1101a:s11_s1101a_raw_nemo_buffer_000135-vad_percentile_rms-0000-0002-548780,s11,s1101a,,,,unknown,unknown,unknown,0.6759029525291883,0.5453524186385312,0.030934200686281898,0.8700086545997467,0.7340943766332606,0.14386622026028434,0.7883830359477795,0.6864645190538556,0.04713798002921615
s1101a:s11_s1101a_raw_nemo_buffer_000136-vad_percentile_rms-0000-0000-549148,s11,s1101a,,,,unknown,unknown,unknown,0.9800365337440902,0.974118018969684,0.630220009949973,0.8647932759041699,0.7118545314724996,0.11657898707197999,0.9811492990978745,0.9748820009120545,0.5318629229366005
s1101a:s11_s1101a_raw_nemo_buffer_000136-vad_percentile_rms-0000-0001-550084,s11,s1101a,,,,unknown,unknown,unknown,0.9284664891165398,0.8541567673939687,0.12603819662784396,0.7523902225293412,0.5681731312969253,0.10751963197012185,0.9472909695821106,0.8859150866303068,0.10673338947330809
s1101a:s11_s1101a_raw_nemo_buffer_000137-vad_percentile_rms-0000-0000-555760,s11,s1101a,,,,unknown,unknown,unknown,0.8477894120510377,0.7715803320480462,0.10322525959098107,0.8113980355228163,0.6197591746072059,0.08832311786500106,0.8774487462957062,0.7992064177951028,0.08326448709384243
s1101a:s11_s1101a_raw_nemo_buffer_000137-vad_percentile_rms-0000-0001-556836,s11,s1101a,0,0,0,safe,safe,safe,0.6690797678721911,0.4960869468905597,0.18111052743465428,0.7667147427585813,0.6202482811468478,0.16517933920112343,0.7283309738030544,0.5647367599040751,0.1760091976587515
s1101a:s11_s1101a_raw_nemo_buffer_000137-vad_percentile_rms-0000-0002-558804,s11,s1101a,,,,unknown,unknown,unknown,0.5032573495553181,0.18193911990588654,0.0162874832406822,0.8679683969952202,0.7736716020252811,0.2606743308031332,0.6735373391462838,0.334733603972774,0.029501198041884374
s1101a:s11_s1101a_raw_nemo_buffer_000138-vad_percentile_rms-0000-0000-562904,s11,s1101a,,,,unknown,unknown,unknown,0.744414783959856,0.49775619823724304,0.020820215331551914,0.8154093185652749,0.6227930772543754,0.08612992514699871,0.7960871147919332,0.5665478012234666,0.020839405733929964
s1101a:s11_s1101a_raw_nemo_buffer_000138-vad_percentile_rms-0000-0001-566380,s11,s1101a,,,,unknown,unknown,unknown,0.3962082597705846,0.1593771929776385,0.013400308273435066,0.8842295522428372,0.7379709792801147,0.11247730692608472,0.6648459951370225,0.3392706084640105,0.016340500397746396
s1101a:s11_s1101a_raw_nemo_buffer_000139-vad_percentile_rms-0000-0000-566668,s11,s1101a,,,,unknown,unknown,unknown,0.9241435796678734,0.7146722129719559,0.024555439097428553,0.7879083796598466,0.5920498573189767,0.0890088947845706,0.9509736746641275,0.8127871047902083,0.030186568681790794
s1101a:s11_s1101a_raw_nemo_buffer_000139-vad_percentile_rms-0000-0001-567800,s11,s1101a,,,,unknown,unknown,unknown,0.4694454137894888,0.24920261435798746,0.020262794818769893,0.7287272630835432,0.5423485352026598,0.10599020892415376,0.5872498148578972,0.3340255913007428,0.022470021367687956
s1101a:s11_s1101a_raw_nemo_buffer_000140-vad_percentile_rms-0000-0000-567984,s11,s1101a,,,,unknown,unknown,unknown,0.8615424055879564,0.7337097729468938,0.08735595386600026,0.8035534763597009,0.6450496710990625,0.13607920791854716,0.8868360505170103,0.7693463953582009,0.08219590943239799
s1101a:s11_s1101a_raw_nemo_buffer_000140-vad_percentile_rms-0000-0001-569844,s11,s1101a,,,,unknown,unknown,unknown,0.41464867638715663,0.19182731307852258,0.014296228350113615,0.821098890628875,0.6871816866013061,0.1772872852433734,0.5369627392279844,0.2885324393457504,0.022062259899904606
s1101a:s11_s1101a_raw_nemo_buffer_000141-vad_percentile_rms-0000-0000-571088,s11,s1101a,,,,unknown,unknown,unknown,0.9885056371747418,0.9919818681583953,0.9594455896613019,0.5525456515042366,0.45886813081537625,0.2354496157767184,0.9870897490391662,0.9889802229223075,0.9481901576987402
s1101a:s11_s1101a_raw_nemo_buffer_000141-vad_percentile_rms-0000-0001-572440,s11,s1101a,,,,unknown,unknown,unknown,0.5143309479926347,0.3417115021272452,0.09364986207818293,0.8010943214092628,0.6226524019988499,0.10706850866311887,0.687484857804895,0.4825087345428721,0.09093881416698353
s1101a:s11_s1101a_raw_nemo_buffer_000142-vad_percentile_rms-0000-0000-572792,s11,s1101a,,,,unknown,unknown,unknown,0.9088396518529988,0.8704446676219074,0.2589025659781648,0.7858482280635256,0.632830398613717,0.1499395794394599,0.9217501595391521,0.8790682730099784,0.21333560781020744
s1101a:s11_s1101a_raw_nemo_buffer_000142-vad_percentile_rms-0000-0001-573880,s11,s1101a,,,,unknown,unknown,unknown,0.3524249053257968,0.21132310436437718,0.07989619536589639,0.1682492450209228,0.09939110887283353,0.04527542894993588,0.2372555601410769,0.12632737146289466,0.04921432191623825
s1101a:s11_s1101a_raw_nemo_buffer_000142-vad_percentile_rms-0000-0002-573924,s11,s1101a,1,1,,bad,bad,unknown,0.8610473520842806,0.8406327149127639,0.3854601299752505,0.1168377223714008,0.08232429174983769,0.06874980952714184,0.6409880866314259,0.5882493949872937,0.22943434203728463
s1101a:s11_s1101a_raw_nemo_buffer_000142-vad_percentile_rms-0000-0003-575128,s11,s1101a,,,,unknown,unknown,unknown,0.2869939185156583,0.13830191172460493,0.02727913624362821,0.8000999903625565,0.6114238769060043,0.09457355239501543,0.530408201755413,0.2676472504177533,0.02828439522979948
s1101a:s11_s1101a_raw_nemo_buffer_000143-vad_percentile_rms-0000-0000-575672,s11,s1101a,,,,unknown,unknown,unknown,0.633980356113149,0.4838196959767396,0.08641277865594388,0.7475496354692638,0.5868042914698727,0.14179445753333195,0.6981257332657476,0.5274172377386499,0.07402156275620395
s1101a:s11_s1101a_raw_nemo_buffer_000143-vad_percentile_rms-0000-0001-577272,s11,s1101a,0,0,0,safe,safe,safe,0.7310658951118507,0.48606916960681795,0.11654670355416503,0.0900780214012245,0.05627783793001473,0.04028330394836516,0.5241374411591172,0.3201060115813034,0.08917662404044835
s1101a:s11_s1101a_raw_nemo_buffer_000143-vad_percentile_rms-0000-0002-578956,s11,s1101a,0,0,0,safe,safe,safe,0.1830784961476818,0.06348910092721127,0.01091503273174019,0.5021835595542428,0.32019876719358814,0.07200577089266505,0.21202278046480705,0.07081144922952644,0.009678396953852444
s1101a:s11_s1101a_raw_nemo_buffer_000143-vad_percentile_rms-0000-0003-579060,s11,s1101a,1,1,1,bad,bad,bad,0.9998702700175399,0.9997833339101221,0.977297190340284,0.7909912714385375,0.6955741387064488,0.28898145586363366,0.9999012023531564,0.9998789426013299,0.9872591472042056
s1101a:s11_s1101a_raw_nemo_buffer_000143-vad_percentile_rms-0000-0005-581080,s11,s1101a,,,,unknown,unknown,unknown,0.41524587497136334,0.14748970921230187,0.0056094949841784284,0.7500659255920504,0.5666837777731107,0.10876993351611629,0.5869051397903714,0.22308568304533347,0.005634878092259924
s1101a:s11_s1101a_raw_nemo_buffer_000144-vad_percentile_rms-0000-0000-581800,s11,s1101a,1,,,bad,unknown,unknown,0.7903173237910424,0.6240547365038261,0.03988183898762112,0.7788032128921815,0.5857121904152213,0.0936493661986127,0.801635099650636,0.6503669645242193,0.041551569612600744
s1101a:s11_s1101a_raw_nemo_buffer_000144-vad_percentile_rms-0000-0001-584204,s11,s1101a,,,,unknown,unknown,unknown,0.42108930441652026,0.27044657108969505,0.10869815058119064,0.7721179914023296,0.6341222952295978,0.18131684770693726,0.5704285187367965,0.37685419166401785,0.11473000509291753
s1101a:s11_s1101a_raw_nemo_buffer_000144-vad_percentile_rms-0000-0002-584420,s11,s1101a,,,,unknown,unknown,unknown,0.25538093862416583,0.08940181522919839,0.007980279306985333,0.8383831960976756,0.6711222854259947,0.10949683762854326,0.5017186909062062,0.19070705606705624,0.009630848544086187
s1101a:s11_s1101a_raw_nemo_buffer_000145-vad_percentile_rms-0000-0000-584676,s11,s1101a,,,,unknown,unknown,unknown,0.5591092933385078,0.28065222870645373,0.008976355082318145,0.7343446163597044,0.5347624343827673,0.0905726089815509,0.6049579475017304,0.32222919490125856,0.009642338774202203
s1101a:s11_s1101a_raw_nemo_buffer_000145-vad_percentile_rms-0000-0001-585284,s11,s1101a,,,,unknown,unknown,unknown,0.5522065572836689,0.3267991683969279,0.06324995991928001,0.7974913238284178,0.6095408424951037,0.09603219960244622,0.7697962942941379,0.5235828459252757,0.07158521335713033
s1101a:s11_s1101a_raw_nemo_buffer_000146-vad_percentile_rms-0000-0000-586872,s11,s1101a,,,,unknown,unknown,unknown,0.9651819793934885,0.9712201832246076,0.8471985331678323,0.7606114454290348,0.6268167591506204,0.1914746367408459,0.9772145441963603,0.9756526190352984,0.7973324927611929
s1101a:s11_s1101a_raw_nemo_buffer_000146-vad_percentile_rms-0000-0001-588392,s11,s1101a,,,,unknown,unknown,unknown,0.5392278108376429,0.3943740380602485,0.07002600777474902,0.8369888471433948,0.6700170573278054,0.11054344614662213,0.7499989539828028,0.5747860457393182,0.06057496867092759
s1101a:s11_s1101a_raw_nemo_buffer_000147-vad_percentile_rms-0000-0000-590452,s11,s1101a,,,,unknown,unknown,unknown,0.9978391346450275,0.9853202822489174,0.8986057391154132,0.842872416936966,0.6648832958135964,0.09318948858683467,0.9970670459504392,0.9836602394980993,0.827896472255889
s1101a:s11_s1101a_raw_nemo_buffer_000147-vad_percentile_rms-0000-0001-592332,s11,s1101a,,,,unknown,unknown,unknown,0.3002640358972279,0.16725338787508123,0.03625211997396771,0.7906910002356935,0.5940199964893188,0.08760483681970667,0.4888756308566961,0.274262970669372,0.03363238125442365
s1101a:s11_s1101a_raw_nemo_buffer_000148-vad_percentile_rms-0000-0000-594188,s11,s1101a,1,1,,bad,bad,unknown,0.926221077199266,0.9240659226683048,0.5742512577833889,0.6613559363115952,0.5035626405837058,0.14184535138066193,0.9433543924573681,0.928428276128789,0.5024801623159628
s1101a:s11_s1101a_raw_nemo_buffer_000148-vad_percentile_rms-0000-0001-594988,s11,s1101a,,,,unknown,unknown,unknown,0.3490250790880068,0.17233947548127007,0.033581298264770014,0.8806092720159976,0.7432455771639718,0.13183485822044028,0.65568182247833,0.36942192529461393,0.039956198166212854
s1101a:s11_s1101a_raw_nemo_buffer_000149-vad_percentile_rms-0000-0000-595160,s11,s1101a,,,,unknown,unknown,unknown,0.9563864067228547,0.9426090284474142,0.6294388615093544,0.8705316202902388,0.7257716966598161,0.1264354376779651,0.9717493133606099,0.9572189196648717,0.5186410795117963
s1101a:s11_s1101a_raw_nemo_buffer_000149-vad_percentile_rms-0000-0001-596380,s11,s1101a,0,0,0,safe,safe,safe,0.220162204241086,0.062180287963429975,0.009038717483116451,0.23037725707605267,0.1324619690300261,0.04636627339802445,0.1602340719918315,0.04192512461138909,0.00653811968875957
s1101a:s11_s1101a_raw_nemo_buffer_000150-vad_percentile_rms-0000-0000-597948,s11,s1101a,,,,unknown,unknown,unknown,0.7320137096153176,0.5666508687139968,0.04944095035107899,0.7323631595072424,0.5335322933013014,0.09144634150452907,0.7629025792498173,0.6075806780163284,0.050762609884936666
s1101a:s11_s1101a_raw_nemo_buffer_000150-vad_percentile_rms-0000-0001-598420,s11,s1101a,,,,unknown,unknown,unknown,0.35438654424186317,0.18015785544890958,0.03584826335027296,0.758859620574668,0.5614412408411925,0.09134438361517308,0.5398962228102584,0.2912956256222898,0.036592159211248865
s1601a:s16_s1601a_raw_nemo_buffer_000001-vad_percentile_rms-0000-0000-8020,s16,s1601a,,,,unknown,unknown,unknown,0.9385039018622878,0.9120896271466494,0.21291149535001438,0.7702934357413552,0.6420965501161896,0.23303317782746838,0.9485153092122265,0.92846127677562,0.2986412941059049
s1601a:s16_s1601a_raw_nemo_buffer_000001-vad_percentile_rms-0000-0001-9644,s16,s1601a,,,,unknown,unknown,unknown,0.4829136291277077,0.3450093257347663,0.053025954427425484,0.8197071133503798,0.6503407446755531,0.1457811156346615,0.6878386917119123,0.48445335545122004,0.06269404290427828
s1601a:s16_s1601a_raw_nemo_buffer_000002-vad_percentile_rms-0000-0000-30188,s16,s1601a,,,,unknown,unknown,unknown,0.5098334026649308,0.39640661721875103,0.09872712827900375,0.8247611133026712,0.7019507577314399,0.24841466270728285,0.7336904426165568,0.577821528508289,0.13894450138727327
s1601a:s16_s1601a_raw_nemo_buffer_000003-vad_percentile_rms-0000-0000-30792,s16,s1601a,,,,unknown,unknown,unknown,0.8715205911255934,0.8071352074256076,0.17789124440711496,0.796046581628266,0.6077078353162475,0.11973199121054412,0.9092061594330888,0.8424858395224479,0.19296954196411775
s1601a:s16_s1601a_raw_nemo_buffer_000003-vad_percentile_rms-0000-0001-32148,s16,s1601a,,,,unknown,unknown,unknown,0.4983224251727417,0.3873893650494581,0.11949424713654722,0.8431431669086935,0.7150925765339123,0.22991016292986838,0.7455295241126697,0.5899434717794565,0.17747180958728256
s1601a:s16_s1601a_raw_nemo_buffer_000004-vad_percentile_rms-0000-0000-33172,s16,s1601a,,,,unknown,unknown,unknown,0.9967363408629666,0.9920464341899052,0.970060936657178,0.7932613434511876,0.6057568818446171,0.12111637245083157,0.9974302723801761,0.9929737348648956,0.9718748152166502
s1601a:s16_s1601a_raw_nemo_buffer_000005-vad_percentile_rms-0000-0000-37172,s16,s1601a,,,,unknown,unknown,unknown,0.9957746718791248,0.9850510341969378,0.7903789092593608,0.8273922461886041,0.6560801487715164,0.14080956885041224,0.997036842435379,0.9896684639264479,0.8622798153055578
s1601a:s16_s1601a_raw_nemo_buffer_000005-vad_percentile_rms-0000-0001-38348,s16,s1601a,,,,unknown,unknown,unknown,0.3974245977081839,0.38666795334010956,0.1118829918918099,0.7873906721072575,0.7085039226746431,0.3857422157679608,0.6181060253974714,0.5819936896187775,0.20574665544881404
s1601a:s16_s1601a_raw_nemo_buffer_000005-vad_percentile_rms-0000-0002-41564,s16,s1601a,,,,unknown,unknown,unknown,0.36616542907638655,0.27027088140707095,0.03551559026877102,0.7284329865063432,0.5460806258154167,0.12598628801460796,0.5388507591465794,0.36833562178631013,0.04015969123660691
s1601a:s16_s1601a_raw_nemo_buffer_000006-vad_percentile_rms-0000-0000-42264,s16,s1601a,,,,unknown,unknown,unknown,0.847691182193944,0.8381284154002357,0.4670337262371762,0.7721951772981098,0.6003011180123384,0.14524269943605284,0.8816369943075542,0.837842023403431,0.38443955358730786
s1601a:s16_s1601a_raw_nemo_buffer_000007-vad_percentile_rms-0000-0000-44280,s16,s1601a,,,,unknown,unknown,unknown,0.9144787038617326,0.8468221530685052,0.10402399979598492,0.8687020647966439,0.7054567233993835,0.138692102217157,0.9506654883736126,0.8955446231791454,0.156494026411609
s1601a:s16_s1601a_raw_nemo_buffer_000007-vad_percentile_rms-0000-0001-45068,s16,s1601a,,,,unknown,unknown,unknown,0.39489661320814273,0.3045895938641975,0.0674730478359677,0.87041720016559,0.73633353530506,0.20109597198524234,0.682278652855148,0.5030299968466306,0.09176087628151494
s1601a:s16_s1601a_raw_nemo_buffer_000008-vad_percentile_rms-0000-0000-45708,s16,s1601a,,,,unknown,unknown,unknown,0.8194857019997897,0.8095647640079923,0.24743255433193384,0.6497114325225443,0.5294355108802278,0.21236969310393053,0.8239101683293658,0.8170034867085816,0.2863367686572619
s1601a:s16_s1601a_raw_nemo_buffer_000008-vad_percentile_rms-0000-0001-50396,s16,s1601a,0,0,0,safe,safe,safe,0.27905588794453345,0.19041381947505273,0.06999078632889985,0.5019834605323938,0.3940460928926254,0.16167890028323442,0.3296332583193169,0.227392513191104,0.08317350180774788
s1601a:s16_s1601a_raw_nemo_buffer_000008-vad_percentile_rms-0000-0002-50496,s16,s1601a,1,,,bad,unknown,unknown,0.7319673524909937,0.7222035772821831,0.38920711285153664,0.7277100022759275,0.6910478239804247,0.5034288582571743,0.7766639466165035,0.7994917601694144,0.5815889816272548
s1601a:s16_s1601a_raw_nemo_buffer_000008-vad_percentile_rms-0000-0003-52872,s16,s1601a,,,,unknown,unknown,unknown,0.3228033958899832,0.2125200288559937,0.05812317996136389,0.7563264723795399,0.5723261289242543,0.12629678302949143,0.47732755295857565,0.28496493252215316,0.05180163749990533
s1601a:s16_s1601a_raw_nemo_buffer_000009-vad_percentile_rms-0000-0000-53536,s16,s1601a,,,,unknown,unknown,unknown,0.9011968369959138,0.8560857955379455,0.17092403236659326,0.7438745975090372,0.5824137330494744,0.1605589603550679,0.9224869056936638,0.8812303584118668,0.22558790174019283
s1601a:s16_s1601a_raw_nemo_buffer_000009-vad_percentile_rms-0000-0001-56624,s16,s1601a,1,,,bad,unknown,unknown,0.3986103476072876,0.2529045098615712,0.020087959055757148,0.5231349787107054,0.3776517571363145,0.1136124743883708,0.5238375330950259,0.3415108152154894,0.035969864687354504
s1601a:s16_s1601a_raw_nemo_buffer_000009-vad_percentile_rms-0000-0003-60284,s16,s1601a,0,0,0,safe,safe,safe,0.3065942335492014,0.2055665583969024,0.038061795155571246,0.4127418677695449,0.2975174058852039,0.10231694982916333,0.3238108866965029,0.21899450163438236,0.04314590393026247
s1601a:s16_s1601a_raw_nemo_buffer_000009-vad_percentile_rms-0000-0004-64044,s16,s1601a,,,,unknown,unknown,unknown,0.15020625792700698,0.06153576553255028,0.015087305250371929,0.718990166061862,0.5585774991888708,0.15821082170179188,0.361156224370648,0.1359330457320629,0.02326749616392309
s1601a:s16_s1601a_raw_nemo_buffer_000010-vad_percentile_rms-0000-0000-64328,s16,s1601a,,,,unknown,unknown,unknown,0.8891792499871806,0.8528319598486721,0.17813183416771355,0.8131861209171026,0.6455857115736547,0.14997983834034234,0.9263592331705067,0.8882680248861488,0.23534082526217914
s1601a:s16_s1601a_raw_nemo_buffer_000010-vad_percentile_rms-0000-0001-66312,s16,s1601a,,,,unknown,unknown,unknown,0.31288092020306385,0.17597840649768712,0.014230225267002834,0.7680820164600338,0.5887997363369875,0.13363447621925756,0.6058522665130528,0.3388234519077499,0.026425044432843468
s1601a:s16_s1601a_raw_nemo_buffer_000011-vad_percentile_rms-0000-0000-66580,s16,s1601a,,,,unknown,unknown,unknown,0.9941095152326852,0.9810797755080648,0.876006992068042,0.7568069219175161,0.5726319705191881,0.12607652980088546,0.9957511468814996,0.9862371041547384,0.9135984643767008
s1601a:s16_s1601a_raw_nemo_buffer_000011-vad_percentile_rms-0000-0001-67916,s16,s1601a,,,,unknown,unknown,unknown,0.2962212417153435,0.2193065850521058,0.05154500484960391,0.7842281098647018,0.6082881975339975,0.1387387676127819,0.5877698612957777,0.38706636104671244,0.06746698326936618
s1601a:s16_s1601a_raw_nemo_buffer_000012-vad_percentile_rms-0000-0000-68328,s16,s1601a,,,,unknown,unknown,unknown,0.7155318469792065,0.5160416003196286,0.06544509120851724,0.7818428595062401,0.6240007690588065,0.16996202368046825,0.8609140990941414,0.6848502225462463,0.12566378267698383
s1601a:s16_s1601a_raw_nemo_buffer_000012-vad_percentile_rms-0000-0001-69476,s16,s1601a,,,,unknown,unknown,unknown,0.2773681805179371,0.21171941626217342,0.01911139504635442,0.814009233686979,0.6461803573271274,0.14945078594010122,0.5861620093873131,0.396031211319541,0.030590327563172724
s1601a:s16_s1601a_raw_nemo_buffer_000013-vad_percentile_rms-0000-0000-70904,s16,s1601a,,,,unknown,unknown,unknown,0.737389232180078,0.6588051964414895,0.14033250279677575,0.7806544707871143,0.5971206486712546,0.12738185947807523,0.8331971947256435,0.7322578453551788,0.15929425842374584
s1601a:s16_s1601a_raw_nemo_buffer_000013-vad_percentile_rms-0000-0001-75940,s16,s1601a,,,,unknown,unknown,unknown,0.3091965543495065,0.19233919267680932,0.005994758385025946,0.8408232156240645,0.7133877423797377,0.23228268608320812,0.6189743945728838,0.40213769710899594,0.014309738161372664
s1601a:s16_s1601a_raw_nemo_buffer_000014-vad_percentile_rms-0000-0000-76464,s16,s1601a,,,,unknown,unknown,unknown,0.7756914360051818,0.6691246599301821,0.10006704884440591,0.7326004399010254,0.5485931089674138,0.1242121312811582,0.8700477231132169,0.7643136730472896,0.14842852113138635
s1601a:s16_s1601a_raw_nemo_buffer_000014-vad_percentile_rms-0000-0001-77032,s16,s1601a,,,,unknown,unknown,unknown,0.5465734534391244,0.4133605692751736,0.039560963261345734,0.7268608312175987,0.5360530870285264,0.11451523097855279,0.6976562174629325,0.5193178213481505,0.04881483679561376
s1601a:s16_s1601a_raw_nemo_buffer_000015-vad_percentile_rms-0000-0000-79172,s16,s1601a,,,,unknown,unknown,unknown,0.8901600052767267,0.8176217329813835,0.11364770206910646,0.8316591139335021,0.6510697760641657,0.12496105017495937,0.9331683117547201,0.8640388868380631,0.13744085458335611
s1601a:s16_s1601a_raw_nemo_buffer_000015-vad_percentile_rms-0000-0001-82068,s16,s1601a,0,0,0,safe,safe,safe,0.0455259436864071,0.027719874851718646,0.007481716271576093,0.060943167064964256,0.04966536654880057,0.03466891311086462,0.033891993421779176,0.021570188866542682,0.007591117633529662
s1601a:s16_s1601a_raw_nemo_buffer_000015-vad_percentile_rms-0000-0002-84140,s16,s1601a,0,0,0,safe,safe,safe,0.007228344073557665,0.0034145363977829244,0.0027445250060000735,0.0707057911085589,0.05921318187619706,0.042915113077480076,0.00888955303667447,0.004079599969876065,0.003585606459562109
s1601a:s16_s1601a_raw_nemo_buffer_000015-vad_percentile_rms-0000-0003-88316,s16,s1601a,1,1,,bad,bad,unknown,0.3185032995887266,0.23707716336310367,0.04881630131426073,0.845910065236143,0.7171447441685865,0.22706567119345103,0.6345648193153445,0.44988723575680983,0.09131982436863564
s1601a:s16_s1601a_raw_nemo_buffer_000015-vad_percentile_rms-0000-0004-88636,s16,s1601a,,,,unknown,unknown,unknown,0.4955366289968954,0.3727093583446811,0.03386738432836084,0.7512782820490738,0.5691336741337816,0.12861316406428405,0.7079993603334783,0.5263627240209167,0.05076551167879014
s1601a:s16_s1601a_raw_nemo_buffer_000016-vad_percentile_rms-0000-0000-92028,s16,s1601a,,,,unknown,unknown,unknown,0.8112822336580001,0.7132483911734426,0.03797350328147778,0.8025815933103455,0.6123506442808865,0.11648275503826752,0.8803406247640722,0.7854727527475098,0.05685913344576128
s1601a:s16_s1601a_raw_nemo_buffer_000016-vad_percentile_rms-0000-0001-96428,s16,s1601a,,,,unknown,unknown,unknown,0.3947981143433005,0.2716380794583571,0.06839791152252263,0.8367194344968425,0.7028223234745536,0.21639357391239297,0.6230021889091187,0.42450439355842046,0.0863001932828632
s1601a:s16_s1601a_raw_nemo_buffer_000017-vad_percentile_rms-0000-0000-97032,s16,s1601a,1,,,bad,unknown,unknown,0.9141212174693076,0.9319202390813515,0.8404711258858336,0.634159379718581,0.5395748026262117,0.2631369884601639,0.9235295036417394,0.9379223528417528,0.8599292621817594
s1601a:s16_s1601a_raw_nemo_buffer_000017-vad_percentile_rms-0000-0001-98840,s16,s1601a,0,0,0,safe,safe,safe,0.44478664784273725,0.45858335223980057,0.16195013014509008,0.6820602341603643,0.5103070836789938,0.13234100918929492,0.650294385702195,0.5851448754634953,0.16724082719581532
s1601a:s16_s1601a_raw_nemo_buffer_000017-vad_percentile_rms-0000-0002-102236,s16,s1601a,,,,unknown,unknown,unknown,0.34943090610890265,0.17970319891886716,0.018200417323781488,0.8433910748068096,0.7510210411860421,0.34584356370778235,0.664118550937948,0.4151772683822273,0.05941300693636397
s1601a:s16_s1601a_raw_nemo_buffer_000018-vad_percentile_rms-0000-0000-102740,s16,s1601a,,,,unknown,unknown,unknown,0.9965990548343998,0.9869808015386231,0.7484343030490915,0.821092133668685,0.6677902897879228,0.17564722797919738,0.9975189839505466,0.991506555754413,0.8723853093712177
s1601a:s16_s1601a_raw_nemo_buffer_000018-vad_percentile_rms-0000-0001-106920,s16,s1601a,,,,unknown,unknown,unknown,0.6386972495982416,0.4996632210917426,0.12511249100871327,0.7983326440900189,0.6683091050515421,0.23080969840740595,0.7679561464226122,0.60524329282179,0.13666233287687665
s1601a:s16_s1601a_raw_nemo_buffer_000019-vad_percentile_rms-0000-0000-107212,s16,s1601a,,,,unknown,unknown,unknown,0.8372906400712838,0.8325334055077313,0.27182518071257367,0.8486025572787083,0.7545869849413765,0.3389467369096495,0.9201513569533546,0.9084790970246759,0.4722963774892176
s1601a:s16_s1601a_raw_nemo_buffer_000019-vad_percentile_rms-0000-0001-107868,s16,s1601a,1,1,1,bad,bad,bad,0.7585421023569243,0.689856470853824,0.13454148315386164,0.7481115787991668,0.6940220685927195,0.4547068991468334,0.8651921715968303,0.8399441239136414,0.42074219199017304
s1601a:s16_s1601a_raw_nemo_buffer_000019-vad_percentile_rms-0000-0002-108416,s16,s1601a,,,,unknown,unknown,unknown,0.32463824176508277,0.2179363318313823,0.012522153974465633,0.8506596648087218,0.7057548127570094,0.18506915951080924,0.6554590160288499,0.4413015623905104,0.02661738244543173
s1601a:s16_s1601a_raw_nemo_buffer_000020-vad_percentile_rms-0000-0000-108608,s16,s1601a,1,1,,bad,bad,unknown,0.9517229322478317,0.962036106263163,0.8907046223769284,0.7373100095348415,0.6049353941548449,0.21684082934706456,0.9542922764979165,0.9604522839166048,0.8868915345822094
s1601a:s16_s1601a_raw_nemo_buffer_000020-vad_percentile_rms-0000-0001-109404,s16,s1601a,0,0,0,safe,safe,safe,0.29561358921374115,0.18655134298774428,0.039627328162148825,0.10084471890645932,0.07540158257537932,0.04020888757452928,0.19902501453882876,0.1317248953925089,0.03551572122391952
s1601a:s16_s1601a_raw_nemo_buffer_000020-vad_percentile_rms-0000-0002-111112,s16,s1601a,,,,unknown,unknown,unknown,0.6095100797516967,0.5759314426533242,0.2703636643187332,0.6744283804765357,0.5516650002396417,0.21742387023886062,0.7242872322127281,0.6728427286496776,0.345235606209733
s1601a:s16_s1601a_raw_nemo_buffer_000020-vad_percentile_rms-0000-0003-113148,s16,s1601a,,,,unknown,unknown,unknown,0.5374841411371043,0.3502852205199499,0.07268599866811483,0.8493074968178242,0.7683520093071058,0.391016119434534,0.781368754408644,0.5981118719394555,0.16996229763509313
s1601a:s16_s1601a_raw_nemo_buffer_000021-vad_percentile_rms-0000-0000-113436,s16,s1601a,,,,unknown,unknown,unknown,0.8293715159778495,0.7527746069942123,0.06645572975804831,0.7582685731200217,0.6001670358332873,0.16819691969778489,0.8738478295266189,0.8106469351087758,0.11256883078212176
s1601a:s16_s1601a_raw_nemo_buffer_000021-vad_percentile_rms-0000-0001-116152,s16,s1601a,,,,unknown,unknown,unknown,0.5642042881061106,0.42209069698890006,0.11283763060373034,0.8103163374941103,0.6843022174375488,0.24094894474173212,0.7179010823629898,0.5389355004708816,0.12611486064723573
s1601a:s16_s1601a_raw_nemo_buffer_000022-vad_percentile_rms-0000-0000-116660,s16,s1601a,,,,unknown,unknown,unknown,0.9982220752504647,0.9946578929121241,0.9289981308427131,0.8454606029898447,0.686187950171762,0.15701160744537446,0.9986688140691825,0.9959870515602798,0.9579998434793412
s1601a:s16_s1601a_raw_nemo_buffer_000022-vad_percentile_rms-0000-0001-118364,s16,s1601a,0,0,0,safe,safe,safe,0.12153337595123688,0.06425260026233953,0.006313605933052488,0.19285673428380343,0.13568938824640225,0.055455342157769524,0.144427095479822,0.07527164325191851,0.009221944511984192
s1601a:s16_s1601a_raw_nemo_buffer_000022-vad_percentile_rms-0000-0002-124480,s16,s1601a,,,,unknown,unknown,unknown,0.09634667918041784,0.03193199801828327,0.01982957992892927,0.7693928575001691,0.6415368300194427,0.2337295005781112,0.24176882861283505,0.07646847232636247,0.039320310430809496
s1601a:s16_s1601a_raw_nemo_buffer_000023-vad_percentile_rms-0000-0000-124876,s16,s1601a,,,,unknown,unknown,unknown,0.9365917327057997,0.9418992794707142,0.4733669137996382,0.8061857900227564,0.6894246233896192,0.26649156951823066,0.9565641102896806,0.957313062832355,0.642937581257757
s1601a:s16_s1601a_raw_nemo_buffer_000023-vad_percentile_rms-0000-0001-129256,s16,s1601a,,,,unknown,unknown,unknown,0.47431485525832057,0.3021550951108047,0.028378552670209674,0.8299948218318288,0.6979543502017632,0.22274764590586732,0.7161847696814737,0.4954454022160114,0.04636615867283362
s1601a:s16_s1601a_raw_nemo_buffer_000024-vad_percentile_rms-0000-0000-129592,s16,s1601a,,,,unknown,unknown,unknown,0.7224439856438931,0.536594044479553,0.017343424163063066,0.8136990684189879,0.6706357918677622,0.19883198199314622,0.8540499246629765,0.70774469248921,0.04671051688442939
s1601a:s16_s1601a_raw_nemo_buffer_000024-vad_percentile_rms-0000-0001-131272,s16,s1601a,0,0,0,safe,safe,safe,0.1777282865152988,0.11809825250221681,0.044503216247402444,0.27516572898077596,0.19048475049637936,0.06806842443125165,0.18985210931291613,0.11889003650413109,0.042778635452564835
s1601a:s16_s1601a_raw_nemo_buffer_000024-vad_percentile_rms-0000-0002-135396,s16,s1601a,,,,unknown,unknown,unknown,0.6321054220242199,0.4815885561983817,0.07732897690497377,0.8194268422741248,0.6905193613348941,0.23259158564482812,0.7897482654825804,0.6247236058977265,0.11410039206844981
s1601a:s16_s1601a_raw_nemo_buffer_000025-vad_percentile_rms-0000-0000-135736,s16,s1601a,,,,unknown,unknown,unknown,0.8100205240785215,0.7657791817207025,0.1070674824450978,0.7318909335990368,0.5751771509120273,0.1670576892118723,0.858640680097945,0.8142969117339744,0.1502845658415434
s1601a:s16_s1601a_raw_nemo_buffer_000025-vad_percentile_rms-0000-0001-138984,s16,s1601a,,,,unknown,unknown,unknown,0.2378773978762368,0.1334034892512242,0.03635752756036886,0.869366828961515,0.7425254841758259,0.22135745059641454,0.49152575859739006,0.2659535798567587,0.05413769880961037
s1601a:s16_s1601a_raw_nemo_buffer_000026-vad_percentile_rms-0000-0000-139228,s16,s1601a,,,,unknown,unknown,unknown,0.7725957723179228,0.6799511991801788,0.07189578595783544,0.6986892491556493,0.5739557384525731,0.22226387221421995,0.8113731338831257,0.7468228574771875,0.13281169743530266
s1601a:s16_s1601a_raw_nemo_buffer_000026-vad_percentile_rms-0000-0001-142220,s16,s1601a,,,,unknown,unknown,unknown,0.3624064202834374,0.24559198966178264,0.07220957218797258,0.8806154473768922,0.7449474386940579,0.18982554186436487,0.6652384801829494,0.43607140057976135,0.09378964801948612
s1601a:s16_s1601a_raw_nemo_buffer_000027-vad_percentile_rms-0000-0000-142416,s16,s1601a,,,,unknown,unknown,unknown,0.9203034118404249,0.891258348460621,0.22610386199078447,0.7940155468666474,0.6236065240621123,0.14725824657914158,0.9356955416070052,0.9064273058794223,0.2693774593708663
s1601a:s16_s1601a_raw_nemo_buffer_000027-vad_percentile_rms-0000-0001-143820,s16,s1601a,,,,unknown,unknown,unknown,0.5798545527888486,0.4164202989481687,0.10990770857854032,0.8724969394581985,0.7653480248596894,0.28183871737758415,0.7851967739034118,0.6143473314544503,0.20691255385848095
s1601a:s16_s1601a_raw_nemo_buffer_000028-vad_percentile_rms-0000-0000-143968,s16,s1601a,,,,unknown,unknown,unknown,0.6407583858670025,0.5207017288421657,0.04175006487507697,0.7013493489939236,0.5484291331442535,0.16715043891055478,0.733247683156859,0.6183799720272684,0.07107794311409153
s1601a:s16_s1601a_raw_nemo_buffer_000028-vad_percentile_rms-0000-0001-145624,s16,s1601a,1,,,bad,unknown,unknown,0.3162641638313707,0.23347310208814137,0.06548051726428313,0.4429184452332516,0.30223866884613654,0.08465272776217986,0.3537714765049438,0.24504588744570013,0.05737537866693554
s1601a:s16_s1601a_raw_nemo_buffer_000028-vad_percentile_rms-0000-0002-147188,s16,s1601a,0,0,0,safe,safe,safe,0.3031227094031734,0.1890216148775794,0.022101900916593607,0.06384995382014319,0.05080104716061601,0.0334177354307033,0.153525155390249,0.10793436518196625,0.0189261537497045
s1601a:s16_s1601a_raw_nemo_buffer_000028-vad_percentile_rms-0000-0003-149164,s16,s1601a,0,0,0,safe,safe,safe,0.4546717200865519,0.33869354429451315,0.17346817054161606,0.7394092673481638,0.6320517992918637,0.279135015083948,0.6440118069154112,0.4964395930232861,0.25743593849185104
s1601a:s16_s1601a_raw_nemo_buffer_000029-vad_percentile_rms-0000-0000-152736,s16,s1601a,,,,unknown,unknown,unknown,0.909807574007724,0.8484217512018636,0.1080600065441265,0.7333808060877561,0.5581066955083721,0.1368613212409552,0.9060143132642896,0.8513353726531004,0.15488461707847045
s1601a:s16_s1601a_raw_nemo_buffer_000029-vad_percentile_rms-0000-0001-153324,s16,s1601a,,,,unknown,unknown,unknown,0.4090989907307312,0.2259378906275281,0.04158969929118655,0.8392323444163182,0.6813295423310513,0.1618241988499808,0.664554652930357,0.38970036809689906,0.06246937859161284
s1601a:s16_s1601a_raw_nemo_buffer_000030-vad_percentile_rms-0000-0000-156680,s16,s1601a,,,,unknown,unknown,unknown,0.8799178583579358,0.7965724590507864,0.03848329041402618,0.7854523732613985,0.5915623186836049,0.11299426238877401,0.9093236526839599,0.8293059012436538,0.051251785194481876
s1601a:s16_s1601a_raw_nemo_buffer_000030-vad_percentile_rms-0000-0001-158060,s16,s1601a,,,,unknown,unknown,unknown,0.4015675712883716,0.2583708488112436,0.06337335713850623,0.7765148221427174,0.5855004415623367,0.11706731201932717,0.6333697492420194,0.3941602814661423,0.07525271339135209
s1601a:s16_s1601a_raw_nemo_buffer_000031-vad_percentile_rms-0000-0000-158316,s16,s1601a,,,,unknown,unknown,unknown,0.9541492616158725,0.964533669701333,0.7514989787902469,0.6937116505993698,0.5350424919367514,0.1554057336167109,0.9640719190455663,0.9669724807605807,0.7580047904656619
s1601a:s16_s1601a_raw_nemo_buffer_000031-vad_percentile_rms-0000-0001-158876,s16,s1601a,,,,unknown,unknown,unknown,0.659217654384862,0.5173760528248463,0.09923262687433779,0.8649579125145774,0.7172880649717398,0.1719029558576393,0.8807797581168149,0.7424692008890735,0.17936273500928696
s1601a:s16_s1601a_raw_nemo_buffer_000032-vad_percentile_rms-0000-0000-159512,s16,s1601a,,,,unknown,unknown,unknown,0.9476128395396431,0.9504685058795408,0.5240701686428415,0.8095595013035879,0.6429841991264319,0.15230779571312664,0.9575631972308649,0.9533846384394722,0.5070709504675186
s1601a:s16_s1601a_raw_nemo_buffer_000032-vad_percentile_rms-0000-0001-163980,s16,s1601a,,,,unknown,unknown,unknown,0.22305041601059133,0.09922443338952307,0.02633736270699236,0.8392444314855091,0.7046797168576154,0.21398852282000042,0.5053932501477626,0.2206175655109453,0.03872745720143285
s1601a:s16_s1601a_raw_nemo_buffer_000033-vad_percentile_rms-0000-0000-164452,s16,s1601a,,,,unknown,unknown,unknown,0.897301506840535,0.8514790017476015,0.13790566201815713,0.8562851339019181,0.7102101390450882,0.17993000916834945,0.943178596709879,0.9021921568402629,0.22266992417036977
s1601a:s16_s1601a_raw_nemo_buffer_000033-vad_percentile_rms-0000-0001-165256,s16,s1601a,,,,unknown,unknown,unknown,0.5951426731880893,0.4402652754849621,0.11724268750880852,0.861441584347151,0.7502044762420043,0.27358622334589183,0.7555396483704184,0.5906267814097659,0.15969278810077892
s1601a:s16_s1601a_raw_nemo_buffer_000034-vad_percentile_rms-0000-0001-167884,s16,s1601a,,,,unknown,unknown,unknown,0.6487574675041413,0.5023626843806991,0.16373514777313225,0.822188623961372,0.6521774591488648,0.1441786941544422,0.7897804510857306,0.6112847869572328,0.16426886986892475
s1601a:s16_s1601a_raw_nemo_buffer_000035-vad_percentile_rms-0000-0000-169768,s16,s1601a,,,,unknown,unknown,unknown,0.7323592544568123,0.4359653360642734,0.013900431976931787,0.7994421330706202,0.6101085611557352,0.11804393706662085,0.8166836273435949,0.5408720501477048,0.02220162494383832
s1601a:s16_s1601a_raw_nemo_buffer_000035-vad_percentile_rms-0000-0001-171660,s16,s1601a,,,,unknown,unknown,unknown,0.5286191908075094,0.3635093009752137,0.042168581813498474,0.8040498157000965,0.6557867559275523,0.18840794739304054,0.6509070262239003,0.4567413799433394,0.05037888635376181
s1601a:s16_s1601a_raw_nemo_buffer_000036-vad_percentile_rms-0000-0000-172168,s16,s1601a,,,,unknown,unknown,unknown,0.9051720344622203,0.8177130878827102,0.11927334019583298,0.6819570465888928,0.5376182004863141,0.17707152396511028,0.8934444762532989,0.8252836839714707,0.17741631844962402
s1601a:s16_s1601a_raw_nemo_buffer_000036-vad_percentile_rms-0000-0001-173076,s16,s1601a,0,0,0,safe,safe,safe,0.5909316589460148,0.5396900309011174,0.19122748729901698,0.8112931158489239,0.708149991692683,0.30818404377879155,0.7425898336126696,0.6721373278271601,0.2647681312348044
s1601a:s16_s1601a_raw_nemo_buffer_000036-vad_percentile_rms-0000-0004-175264,s16,s1601a,,,,unknown,unknown,unknown,0.4753428344224175,0.36123559906513475,0.02110803828467945,0.8010518729121884,0.6199123685211749,0.12963189721077747,0.7125709850929832,0.5301898731842308,0.031039278349823382
s1601a:s16_s1601a_raw_nemo_buffer_000037-vad_percentile_rms-0000-0000-175852,s16,s1601a,,,,unknown,unknown,unknown,0.4801683431274598,0.3496972362586893,0.04315165727756756,0.8191568129902924,0.6415670151037629,0.1324104344945768,0.7170886728566858,0.51580998775009,0.05543318241220518
s1601a:s16_s1601a_raw_nemo_buffer_000038-vad_percentile_rms-0000-0000-176020,s16,s1601a,,,,unknown,unknown,unknown,0.9971547932384238,0.9916130192133007,0.9348321712937917,0.796915293398471,0.608319676646754,0.11930016132303056,0.9974969839713143,0.9926566751091737,0.9468940935249752
s1601a:s16_s1601a_raw_nemo_buffer_000038-vad_percentile_rms-0000-0001-178444,s16,s1601a,0,0,0,safe,safe,safe,0.5190654455822904,0.4405714026771918,0.05777112223552515,0.7568536028922902,0.5815897767774068,0.13922773869220223,0.7036737102562627,0.5767714706630919,0.07768919705833123
s1601a:s16_s1601a_raw_nemo_buffer_000038-vad_percentile_rms-0000-0002-179512,s16,s1601a,,,,unknown,unknown,unknown,0.6116539523595868,0.4067981694044951,0.036904910293930136,0.8809584167624094,0.758885008149289,0.2271477299161919,0.8208113595481358,0.6161425101532488,0.06680267408467465
s1601a:s16_s1601a_raw_nemo_buffer_000039-vad_percentile_rms-0000-0000-179700,s16,s1601a,,,,unknown,unknown,unknown,0.9984779026016639,0.9949358578204053,0.9963090475987386,0.8562155283899612,0.6948656490847153,0.14860977407932746,0.9990006094159496,0.9959421136309783,0.9951582565002239
s1601a:s16_s1601a_raw_nemo_buffer_000039-vad_percentile_rms-0000-0001-179916,s16,s1601a,,,,unknown,unknown,unknown,0.7589804504289993,0.6995319832402482,0.27789309242078025,0.7693360544571294,0.6498707530123945,0.2549190768613752,0.8402063141159403,0.7824070862721838,0.3457844076740323
s1601a:s16_s1601a_raw_nemo_buffer_000039-vad_percentile_rms-0000-0002-181264,s16,s1601a,0,0,0,safe,safe,safe,0.571977604410566,0.48897143833086326,0.140515168838316,0.30232019605782956,0.20637658040327272,0.06891552542414599,0.5336931348799203,0.4452048772293516,0.12316885428563508
s1601a:s16_s1601a_raw_nemo_buffer_000039-vad_percentile_rms-0000-0003-182164,s16,s1601a,,,,unknown,unknown,unknown,0.37297372489549335,0.2897474321414923,0.0915795218230801,0.7674527116668237,0.6233167817661724,0.19652124876726507,0.5780006552448913,0.4270283007866138,0.112685690011729
s1601a:s16_s1601a_raw_nemo_buffer_000040-vad_percentile_rms-0000-0000-183096,s16,s1601a,,,,unknown,unknown,unknown,0.84265038331308,0.7648314425385355,0.08663825956294494,0.7791233202918924,0.5872541162396356,0.11587793576799528,0.8931440683044243,0.8134304982204322,0.11230489123612604
s1601a:s16_s1601a_raw_nemo_buffer_000040-vad_percentile_rms-0000-0001-185484,s16,s1601a,,,,unknown,unknown,unknown,0.5361078812916866,0.3935560373563352,0.054673631068375514,0.8188406102963202,0.6413320126248431,0.13259817916928454,0.715142735911589,0.5155664805086738,0.05882877736156445
s1601a:s16_s1601a_raw_nemo_buffer_000041-vad_percentile_rms-0000-0000-186484,s16,s1601a,,,,unknown,unknown,unknown,0.6823210652723565,0.5247351431981407,0.02677245193438953,0.7917140112035301,0.6046799791010093,0.1218853928715259,0.7745402928972381,0.6117294749068976,0.03633996213031885
s1601a:s16_s1601a_raw_nemo_buffer_000041-vad_percentile_rms-0000-0001-187544,s16,s1601a,,,,unknown,unknown,unknown,0.3649544440183365,0.2374950037046746,0.055631750117065344,0.8077310188817085,0.6332293120887319,0.13917670711366797,0.599556568469277,0.3716092529788814,0.06633534640551957
s1601a:s16_s1601a_raw_nemo_buffer_000042-vad_percentile_rms-0000-0000-188144,s16,s1601a,1,1,,bad,bad,unknown,0.8147827915645737,0.7356328668933856,0.1389527026307083,0.7936036168771999,0.6146959824721923,0.1336666473633517,0.8665029374596225,0.7790949883163855,0.1513530029031875
s1601a:s16_s1601a_raw_nemo_buffer_000042-vad_percentile_rms-0000-0001-189480,s16,s1601a,,,,unknown,unknown,unknown,0.3767069050908281,0.2594650263406819,0.011169155018816658,0.8054214702242112,0.6230279971491806,0.12726191765811232,0.6516500194139173,0.4385800238162786,0.018583165660226473
s1601a:s16_s1601a_raw_nemo_buffer_000043-vad_percentile_rms-0000-0000-190508,s16,s1601a,,,,unknown,unknown,unknown,0.7912820993559927,0.5988220231153277,0.021037362165479283,0.7804755183912218,0.5881681543688462,0.11526160116886756,0.8787420734620318,0.7131696276010968,0.04105516453228674
s1601a:s16_s1601a_raw_nemo_buffer_000043-vad_percentile_rms-0000-0001-192260,s16,s1601a,0,0,0,safe,safe,safe,0.30805310489537197,0.23990676820161239,0.05817458257871836,0.21161631992042831,0.14688448656993738,0.05680587139929423,0.3005711958061711,0.2166067471909007,0.0591421681725274
s1601a:s16_s1601a_raw_nemo_buffer_000043-vad_percentile_rms-0000-0002-194000,s16,s1601a,0,0,0,safe,safe,safe,0.14778017450414924,0.09663549571117273,0.024121861060936396,0.16844501548350027,0.11880084539626758,0.05031456551896818,0.15780030031250353,0.09483588922718987,0.024675388035011105
s1601a:s16_s1601a_raw_nemo_buffer_000043-vad_percentile_rms-0000-0003-194424,s16,s1601a,0,0,0,safe,safe,safe,0.19916656452273787,0.11587099164423095,0.017904185232600033,0.27371263664503315,0.1899462971222714,0.06842374610713134,0.22385886945952935,0.12982166173608656,0.023802386170309345
s1601a:s16_s1601a_raw_nemo_buffer_000043-vad_percentile_rms-0000-0004-195168,s16,s1601a,0,0,0,safe,safe,safe,0.5594189350395408,0.512038915249942,0.22896628763676016,0.8286761366130874,0.7550598280250715,0.41922400121499787,0.7815978350449112,0.7253164635910921,0.41813565481428716
s1601a:s16_s1601a_raw_nemo_buffer_000043-vad_percentile_rms-0000-0006-198124,s16,s1601a,,,,unknown,unknown,unknown,0.6657086462545612,0.48851560168579206,0.054592764879607084,0.852180678416249,0.7069494583925864,0.18368464821310368,0.8310581955058968,0.6605984240180478,0.0931009148075705
s1601a:s16_s1601a_raw_nemo_buffer_000044-vad_percentile_rms-0000-0000-198940,s16,s1601a,,,,unknown,unknown,unknown,0.621571428839614,0.5199183597939387,0.07725668135412873,0.8011711308983253,0.6285773939806442,0.14304679244359303,0.7922645708645392,0.649675199989525,0.09723544854964684
s1601a:s16_s1601a_raw_nemo_buffer_000044-vad_percentile_rms-0000-0001-204044,s16,s1601a,,,,unknown,unknown,unknown,0.1809476086485161,0.10927874952610929,0.020952414011680243,0.7776705413421102,0.6212662609498315,0.17260265358905183,0.4521026961528066,0.24294745163312056,0.03430480200648646
s1601a:s16_s1601a_raw_nemo_buffer_000045-vad_percentile_rms-0000-0000-204744,s16,s1601a,,,,unknown,unknown,unknown,0.880096676833021,0.7833637535868961,0.1539757347760648,0.7949889938371841,0.6821840987176775,0.2771222095015471,0.9169879517207002,0.8573112202755031,0.3138627620649046
s1601a:s16_s1601a_raw_nemo_buffer_000045-vad_percentile_rms-0000-0001-205548,s16,s1601a,,,,unknown,unknown,unknown,0.30847574297102925,0.1679802642855655,0.03818700376875663,0.81343239064341,0.6540868043559327,0.16500882852646714,0.5527927125813497,0.29329406495221155,0.046637330825890534
s1601a:s16_s1601a_raw_nemo_buffer_000046-vad_percentile_rms-0000-0000-205764,s16,s1601a,,,,unknown,unknown,unknown,0.8526781687880861,0.7769184169308196,0.2944205757636912,0.8347469068543493,0.7521249607179391,0.38372832759801,0.8945241122719073,0.8502360036199053,0.47533418262197474
s1601a:s16_s1601a_raw_nemo_buffer_000046-vad_percentile_rms-0000-0001-208076,s16,s1601a,,,,unknown,unknown,unknown,0.3645424506666014,0.25682901154551685,0.02269806378287766,0.8487475233295259,0.6887998412332313,0.15445658336455567,0.666657236008506,0.45393703032258653,0.03386728292807225
s1601a:s16_s1601a_raw_nemo_buffer_000047-vad_percentile_rms-0000-0001-209548,s16,s1601a,,,,unknown,unknown,unknown,0.4304134284068856,0.3387639166782231,0.03445708417842936,0.816434925293,0.6395522789146478,0.1340255795432535,0.7103813492925942,0.5295749772298596,0.05204658406104056
s1601a:s16_s1601a_raw_nemo_buffer_000048-vad_percentile_rms-0000-0000-209820,s16,s1601a,,,,unknown,unknown,unknown,0.8555582846083378,0.7949188538513153,0.05954690925547947,0.8606814351464473,0.7062326448070635,0.15988131357413715,0.9260726866846922,0.8725635478088293,0.09910216155792677
s1601a:s16_s1601a_raw_nemo_buffer_000048-vad_percentile_rms-0000-0001-212076,s16,s1601a,,,,unknown,unknown,unknown,0.29173346926228055,0.1978151241664816,0.02687379749446311,0.8156180981063716,0.6389512349685842,0.13450985858129727,0.5700461445636703,0.35130369035807746,0.03582686065384111
s1601a:s16_s1601a_raw_nemo_buffer_000049-vad_percentile_rms-0000-0001-213388,s16,s1601a,,,,unknown,unknown,unknown,0.5374280922327445,0.25256184994462916,0.02933008490400793,0.7924076653473007,0.6138690386477386,0.13431400580834485,0.7662798842665394,0.42348006647088204,0.048019850043331376
s1601a:s16_s1601a_raw_nemo_buffer_000050-vad_percentile_rms-0000-0000-213836,s16,s1601a,1,1,,bad,bad,unknown,0.7464317438699518,0.6195655607028405,0.042464082249419124,0.8229576729345756,0.6444118032352298,0.13015126466817953,0.8542889147810018,0.7282107067988749,0.061646479202762526
s1601a:s16_s1601a_raw_nemo_buffer_000050-vad_percentile_rms-0000-0001-215592,s16,s1601a,,,,unknown,unknown,unknown,0.5760753707497499,0.4708895354671559,0.10606277207753881,0.8369745754312837,0.6875094735306216,0.17984516398856804,0.7977244594346088,0.6353263171809224,0.11953199245296826
s1601a:s16_s1601a_raw_nemo_buffer_000051-vad_percentile_rms-0000-0000-215812,s16,s1601a,,,,unknown,unknown,unknown,0.8668300612254937,0.8834837227933688,0.4366136678713875,0.8308089417946664,0.7284316373500734,0.31091692100877494,0.9234567398135987,0.9256464596330366,0.545257818211992
s1601a:s16_s1601a_raw_nemo_buffer_000051-vad_percentile_rms-0000-0001-221600,s16,s1601a,,,,unknown,unknown,unknown,0.1346336925059208,0.0823997378090741,0.01708976272711224,0.809313576669038,0.6756630637500554,0.2214773980180147,0.38197070113845694,0.20410258466171255,0.03212383400935983
s1601a:s16_s1601a_raw_nemo_buffer_000052-vad_percentile_rms-0000-0000-222140,s16,s1601a,,,,unknown,unknown,unknown,0.8997721217625202,0.8274390018369091,0.2189209269810588,0.8027240261062212,0.7102585979055791,0.34255958885929644,0.9189672558868424,0.877189939148814,0.3974070549771302
s1601a:s16_s1601a_raw_nemo_buffer_000052-vad_percentile_rms-0000-0001-223532,s16,s1601a,,,,unknown,unknown,unknown,0.326635995329544,0.23191946184655382,0.04234495949137863,0.8640417830237277,0.7238992654314821,0.1897504181404743,0.6114344950685155,0.40988063511227096,0.057214218881616576
s1601a:s16_s1601a_raw_nemo_buffer_000053-vad_percentile_rms-0000-0000-223964,s16,s1601a,,,,unknown,unknown,unknown,0.8577287456065207,0.7747558634763924,0.04718620671771952,0.7590286319637966,0.6093863266963491,0.18436343614783082,0.889297435228419,0.8298676491389205,0.09351689414823529
s1601a:s16_s1601a_raw_nemo_buffer_000053-vad_percentile_rms-0000-0001-228552,s16,s1601a,,,,unknown,unknown,unknown,0.5469869358519363,0.18872822146603882,0.04747892554255363,0.7946677700063057,0.6494331424944256,0.19535399766870007,0.6700469586527459,0.25898715422244306,0.05145462405889635
s1601a:s16_s1601a_raw_nemo_buffer_000054-vad_percentile_rms-0000-0000-232592,s16,s1601a,,,,unknown,unknown,unknown,0.8746159293652077,0.7191263043443709,0.0435625160541615,0.7834161346189211,0.5901678512180487,0.1139217258873792,0.8693400071749889,0.7208305331059345,0.053345540279555945
s1601a:s16_s1601a_raw_nemo_buffer_000054-vad_percentile_rms-0000-0001-234380,s16,s1601a,,,,unknown,unknown,unknown,0.5888190078710088,0.3669149333845441,0.046917888081548786,0.8625575068636143,0.7077939876779953,0.15826958708370997,0.6975594501241595,0.4474726041857817,0.04614913305856611
s1601a:s16_s1601a_raw_nemo_buffer_000055-vad_percentile_rms-0000-0001-235180,s16,s1601a,,,,unknown,unknown,unknown,0.670214689826525,0.32838948498934695,0.030953182432225865,0.8279938608970683,0.6965270372262414,0.22462447437266048,0.8507363202498505,0.5460902179514332,0.06873889304104965
s1601a:s16_s1601a_raw_nemo_buffer_000056-vad_percentile_rms-0000-0000-236028,s16,s1601a,1,,,bad,unknown,unknown,0.9401205765688021,0.9102959184127192,0.40046999563483193,0.8494935522430186,0.6815100422943758,0.13954138118188006,0.9449979077650034,0.9081326549801816,0.328957622842416
s1601a:s16_s1601a_raw_nemo_buffer_000056-vad_percentile_rms-0000-0001-238332,s16,s1601a,,,,unknown,unknown,unknown,0.6136593770337985,0.4014713690343572,0.15466242652496115,0.7524867541659099,0.5698944420132687,0.12805828827700927,0.6709283929610752,0.4208606156927664,0.10884154624780638
s1601a:s16_s1601a_raw_nemo_buffer_000057-vad_percentile_rms-0000-0000-238624,s16,s1601a,,,,unknown,unknown,unknown,0.8918722276276237,0.8413435871421012,0.41055162336472356,0.8083010188192165,0.6504513061343564,0.168569371703108,0.9180124148980705,0.8636474311982237,0.3895919456185537
s1601a:s16_s1601a_raw_nemo_buffer_000057-vad_percentile_rms-0000-0001-242360,s16,s1601a,,,,unknown,unknown,unknown,0.3255976351702439,0.2378825083442502,0.04719601100613099,0.7894955587336966,0.6460002118153678,0.19916203162226528,0.5712187925994181,0.39210836335211907,0.06379768050638823
s1601a:s16_s1601a_raw_nemo_buffer_000058-vad_percentile_rms-0000-0000-243032,s16,s1601a,,,,unknown,unknown,unknown,0.7741779669692769,0.5647155439508855,0.026104361025643646,0.7735084118909213,0.6271605724325712,0.19241363556162222,0.8875361117748892,0.7364200778421551,0.07794536033599564
s1601a:s16_s1601a_raw_nemo_buffer_000058-vad_percentile_rms-0000-0001-243852,s16,s1601a,,,,unknown,unknown,unknown,0.4702582352000435,0.35209720971678793,0.08194416664269102,0.796626850927024,0.6167993528096671,0.13202962788902003,0.7722031661116294,0.5757241795515404,0.12738536185759033
s1601a:s16_s1601a_raw_nemo_buffer_000059-vad_percentile_rms-0000-0000-244088,s16,s1601a,1,,,bad,unknown,unknown,0.9309883168192462,0.9045188575344054,0.2656685381820786,0.7650830404634591,0.5868544985212671,0.13512732395431717,0.9477369608918057,0.9201136827183273,0.3186923393763568
s1601a:s16_s1601a_raw_nemo_buffer_000059-vad_percentile_rms-0000-0001-244856,s16,s1601a,0,0,0,safe,safe,safe,0.7743474097228998,0.8232017978417501,0.5907996433967634,0.6784379843697524,0.5538344723760922,0.2150465100328751,0.8442864482651609,0.8625489795183897,0.6379059088444488
s1601a:s16_s1601a_raw_nemo_buffer_000059-vad_percentile_rms-0000-0002-246532,s16,s1601a,0,0,0,safe,safe,safe,0.6062411399551836,0.5197918078632803,0.20167572026119604,0.6426764633811871,0.6151414183159857,0.4647216047741148,0.6752976936728494,0.645882981197057,0.4082596216512312
s1601a:s16_s1601a_raw_nemo_buffer_000059-vad_percentile_rms-0000-0003-248172,s16,s1601a,,,,unknown,unknown,unknown,0.32873287813063673,0.2151565653755161,0.03174337065458685,0.8438711886413455,0.6849370333752126,0.15824327167488908,0.6587304410961748,0.4166371023490516,0.050289034693446734
s1601a:s16_s1601a_raw_nemo_buffer_000060-vad_percentile_rms-0000-0000-249076,s16,s1601a,,,,unknown,unknown,unknown,0.8448264397389981,0.8079003849568019,0.17511155066739148,0.8048397325556451,0.6396423126679377,0.15533039657719813,0.9194288341078884,0.874212253920454,0.2447812849505374
s1601a:s16_s1601a_raw_nemo_buffer_000060-vad_percentile_rms-0000-0001-250468,s16,s1601a,0,0,0,safe,safe,safe,0.11670628993089845,0.06298633198365354,0.004715504682729465,0.1804527896097233,0.12704994493999042,0.05279384111514682,0.1378148867467434,0.07382482060025373,0.00719088418825188
s1601a:s16_s1601a_raw_nemo_buffer_000060-vad_percentile_rms-0000-0002-252032,s16,s1601a,,,,unknown,unknown,unknown,0.40447764778998513,0.2597396045505406,0.024700768126107622,0.8288762084766703,0.6734952534722074,0.16974889149715558,0.7118210381035678,0.4812642780511696,0.05349742983056414
s1601a:s16_s1601a_raw_nemo_buffer_000061-vad_percentile_rms-0000-0000-252352,s16,s1601a,,,,unknown,unknown,unknown,0.7490909128768909,0.6397757326083783,0.049369123956105626,0.8472610722907157,0.6797027796489118,0.14114471008370388,0.8804671332746873,0.7708151342731832,0.07654361674201164
s1601a:s16_s1601a_raw_nemo_buffer_000061-vad_percentile_rms-0000-0001-253664,s16,s1601a,,,,unknown,unknown,unknown,0.49114901782434567,0.38485455240500166,0.12235562494289384,0.8491531909645562,0.7121361012653152,0.20444322079872929,0.7690539248834648,0.6041116075033299,0.17985119106860864
s1601a:s16_s1601a_raw_nemo_buffer_000062-vad_percentile_rms-0000-0000-253888,s16,s1601a,,,,unknown,unknown,unknown,0.7681015427583019,0.6312098162393932,0.043983391353259016,0.8289074254230127,0.6572299797763167,0.13982617737049388,0.8786135753454921,0.7521699252694513,0.07091582178873895
s1601a:s16_s1601a_raw_nemo_buffer_000062-vad_percentile_rms-0000-0001-256800,s16,s1601a,,,,unknown,unknown,unknown,0.4076554219496979,0.2342097000019784,0.034952847450954096,0.6936165106055631,0.5711441826667856,0.22545445118879007,0.6063711701238839,0.38981564487269854,0.08007258997643539
s1601a:s16_s1601a_raw_nemo_buffer_000063-vad_percentile_rms-0000-0000-257372,s16,s1601a,,,,unknown,unknown,unknown,0.8243576412025572,0.6881369689662408,0.034768680345700236,0.8201170528867622,0.7139278248195272,0.29868339039035985,0.9005107890057591,0.819813771565579,0.12585972046786087
s1601a:s16_s1601a_raw_nemo_buffer_000063-vad_percentile_rms-0000-0001-260360,s16,s1601a,,,,unknown,unknown,unknown,0.28433964895924535,0.16181587195659242,0.023977846501080504,0.789388395956765,0.6204463689584632,0.1499767827274595,0.5793294399935265,0.3223621208334925,0.038908629362262116
s1601a:s16_s1601a_raw_nemo_buffer_000064-vad_percentile_rms-0000-0000-260868,s16,s1601a,,,,unknown,unknown,unknown,0.8264892837358224,0.7409030999056186,0.07217617439994198,0.7919831787681872,0.6307737053806636,0.1635279092547188,0.9010695038057494,0.8295545312573815,0.13178415019201864
s1601a:s16_s1601a_raw_nemo_buffer_000064-vad_percentile_rms-0000-0001-262380,s16,s1601a,,,,unknown,unknown,unknown,0.5978322542087733,0.45998804906328083,0.02715745604283352,0.8462871177467645,0.6946560589660432,0.17208685551536762,0.8252156163605098,0.6657969898396647,0.048253237600951626
s1601a:s16_s1601a_raw_nemo_buffer_000065-vad_percentile_rms-0000-0000-262844,s16,s1601a,,,,unknown,unknown,unknown,0.6956385824809062,0.543491924777555,0.028171323780185005,0.868075231066643,0.7124629169148343,0.15349903973675477,0.8597530832415893,0.7097430160258323,0.047766945601597804
s1601a:s16_s1601a_raw_nemo_buffer_000065-vad_percentile_rms-0000-0001-263596,s16,s1601a,,,,unknown,unknown,unknown,0.6918631016322313,0.5982442778901107,0.1624285641259216,0.806563781883184,0.6738000373842485,0.22382592771956827,0.8559375724746439,0.7649389649128338,0.27177781148335944
s1601a:s16_s1601a_raw_nemo_buffer_000066-vad_percentile_rms-0000-0000-263820,s16,s1601a,1,,,bad,unknown,unknown,0.7735507887082435,0.6789024834958527,0.11968763947635733,0.8052238369190635,0.6314402523881267,0.14065698592908787,0.8615704627948617,0.7618480224531016,0.14462358477639187
s1601a:s16_s1601a_raw_nemo_buffer_000066-vad_percentile_rms-0000-0001-265064,s16,s1601a,,,,unknown,unknown,unknown,0.5503773173689711,0.20234517112019776,0.026655400291918763,0.7382976037470048,0.5610929255553679,0.13458929089898714,0.7226988610051229,0.3194328527165293,0.04127775930309973
s1601a:s16_s1601a_raw_nemo_buffer_000067-vad_percentile_rms-0000-0000-265444,s16,s1601a,,,,unknown,unknown,unknown,0.8446341446028203,0.7792398383093001,0.14516461729402855,0.7223496255943614,0.5873779872905022,0.2074043358932169,0.8487605419101385,0.7987811476829156,0.1956918911093622
s1601a:s16_s1601a_raw_nemo_buffer_000067-vad_percentile_rms-0000-0001-269408,s16,s1601a,,,,unknown,unknown,unknown,0.41030947008747953,0.2775713526953074,0.046046311341296615,0.7394113150789746,0.5707587743923538,0.14794415859563226,0.6047802650985863,0.39628060050918185,0.054122790927613955
s1601a:s16_s1601a_raw_nemo_buffer_000068-vad_percentile_rms-0000-0000-269952,s16,s1601a,,,,unknown,unknown,unknown,0.9094002208329481,0.7921600057507984,0.044940633118468826,0.8359615835826649,0.6867468360171993,0.1806830933595168,0.9381165429598576,0.8528281814053873,0.09049582544417785
s1601a:s16_s1601a_raw_nemo_buffer_000068-vad_percentile_rms-0000-0001-270624,s16,s1601a,1,1,1,bad,bad,bad,0.5542976760740759,0.5069710955329404,0.19652373840091178,0.829632345311961,0.7556573528737707,0.4179660718530392,0.7242336353394881,0.6805783783205832,0.3628644012626355
s1601a:s16_s1601a_raw_nemo_buffer_000068-vad_percentile_rms-0000-0002-274180,s16,s1601a,0,0,0,safe,safe,safe,0.43965030622644896,0.35124630211627395,0.04461370974237897,0.6944125846093625,0.5626029665272702,0.20560764662222847,0.5702147708582924,0.45895771757090953,0.07009697503878086
s1601a:s16_s1601a_raw_nemo_buffer_000068-vad_percentile_rms-0000-0003-279500,s16,s1601a,,,,unknown,unknown,unknown,0.7578279856892425,0.6026053067445593,0.23830607884523253,0.8032359342827036,0.6715648723439113,0.22665766403419732,0.8088276835316048,0.6408193955043773,0.2077096627759975
s1601a:s16_s1601a_raw_nemo_buffer_000069-vad_percentile_rms-0000-0000-279676,s16,s1601a,,,,unknown,unknown,unknown,0.9374402420134752,0.8520185996139246,0.04759772611938182,0.8221075010983694,0.7077425286105672,0.27318345102755437,0.9651838946740733,0.9231579653702104,0.17119126513836352
s1601a:s16_s1601a_raw_nemo_buffer_000069-vad_percentile_rms-0000-0001-280124,s16,s1601a,,,,unknown,unknown,unknown,0.6339124683982811,0.4830033846810819,0.05275108265958162,0.8108799161388278,0.6522711794088606,0.1667815927567202,0.8453649742669399,0.6917927611227711,0.11080696581874391
s1601a:s16_s1601a_raw_nemo_buffer_000070-vad_percentile_rms-0000-0000-280732,s16,s1601a,,,,unknown,unknown,unknown,0.8110115661190666,0.7868692106407876,0.23713998884769125,0.769434700562589,0.6159521716304259,0.17780527545727862,0.8834640361025903,0.8421860166726638,0.2741830027083579
s1601a:s16_s1601a_raw_nemo_buffer_000071-vad_percentile_rms-0000-0000-284864,s16,s1601a,,,,unknown,unknown,unknown,0.7402279166353574,0.5465362971887291,0.07237905381247717,0.83868027026382,0.6729036534591831,0.14727099209812783,0.7746866192429799,0.580712623041415,0.0664014369416369
s1601a:s16_s1601a_raw_nemo_buffer_000071-vad_percentile_rms-0000-0001-286860,s16,s1601a,,,,unknown,unknown,unknown,0.4593832865826349,0.3078717610730097,0.09649604038459339,0.8276033260380334,0.696249559954029,0.22499005918094453,0.5900847212920187,0.39317849855046216,0.09106014868939295
s1601a:s16_s1601a_raw_nemo_buffer_000072-vad_percentile_rms-0000-0000-287056,s16,s1601a,,,,unknown,unknown,unknown,0.7765956349110236,0.6692721148089092,0.0643968976227196,0.7610161709232822,0.5930976656835523,0.15128446937682602,0.8511547477296947,0.7476749271631632,0.09626618542816837
s1601a:s16_s1601a_raw_nemo_buffer_000073-vad_percentile_rms-0000-0000-289628,s16,s1601a,,,,unknown,unknown,unknown,0.9283445818421143,0.8487189135810936,0.03780406195466694,0.8659617526994285,0.7030806794913577,0.14088490851213978,0.956709134048558,0.8985894910619794,0.07239206615289007
s1601a:s16_s1601a_raw_nemo_buffer_000073-vad_percentile_rms-0000-0001-291436,s16,s1601a,,,,unknown,unknown,unknown,0.27764476446025055,0.17844518747645438,0.0748282302673265,0.8363575978920506,0.6791252964477841,0.16403337989644148,0.48652075609094386,0.27847512264573787,0.06550055429510121
s1601a:s16_s1601a_raw_nemo_buffer_000074-vad_percentile_rms-0000-0000-292608,s16,s1601a,,,,unknown,unknown,unknown,0.9237803371325054,0.8846926894835558,0.13998278394403435,0.8317415205836672,0.659397554364656,0.13798375673473007,0.9389199521438164,0.9020842578882518,0.1745457105256564
s1601a:s16_s1601a_raw_nemo_buffer_000074-vad_percentile_rms-0000-0001-296112,s16,s1601a,,,,unknown,unknown,unknown,0.576780334937678,0.411032088992967,0.07922438504585727,0.7716548020609446,0.6259781082331375,0.19367204740285401,0.7372822135260481,0.551525426489634,0.11339187274288046
s1601a:s16_s1601a_raw_nemo_buffer_000075-vad_percentile_rms-0000-0000-296372,s16,s1601a,,,,unknown,unknown,unknown,0.9960732320453061,0.9850968164136088,0.7696634965308383,0.7574740684554573,0.5730572470830144,0.1257707449854803,0.9965595369213639,0.9882120279239904,0.8526055221356997
s1601a:s16_s1601a_raw_nemo_buffer_000075-vad_percentile_rms-0000-0001-302324,s16,s1601a,,,,unknown,unknown,unknown,0.4932011495823264,0.36787216155201613,0.07546824230400102,0.8409967489196305,0.7758720397469642,0.4587814950181834,0.7476111765310103,0.6111468467563258,0.18136948421913265
s1601a:s16_s1601a_raw_nemo_buffer_000076-vad_percentile_rms-0000-0000-303260,s16,s1601a,,,,unknown,unknown,unknown,0.8323469527242409,0.7668928470037855,0.16389184576231847,0.848603466077639,0.688684649844563,0.15456879168197568,0.8850594531564799,0.8117863978363047,0.1616847948666209
s1601a:s16_s1601a_raw_nemo_buffer_000076-vad_percentile_rms-0000-0001-307652,s16,s1601a,,,,unknown,unknown,unknown,0.316125790722429,0.1969092005912996,0.019117297158454005,0.875913704442249,0.78698769954383,0.3508250986714204,0.571636639984298,0.38374289899272146,0.04237926419362544
s1601a:s16_s1601a_raw_nemo_buffer_000077-vad_percentile_rms-0000-0000-312536,s16,s1601a,,,,unknown,unknown,unknown,0.4150032663414193,0.28342543653843105,0.05442665405149984,0.814259508646898,0.654678283653046,0.1644336487220481,0.663784322787647,0.4487390786338086,0.07631122332071608
s1601a:s16_s1601a_raw_nemo_buffer_000078-vad_percentile_rms-0000-0000-313272,s16,s1601a,,,,unknown,unknown,unknown,0.7920121612528112,0.7043147199322065,0.09839064338354904,0.7821335211351608,0.6411936825390352,0.20455838733901902,0.826961498515592,0.7532887536620643,0.14488799191243432
s1601a:s16_s1601a_raw_nemo_buffer_000079-vad_percentile_rms-0000-0000-316688,s16,s1601a,,,,unknown,unknown,unknown,0.9210662777386668,0.9349724890881396,0.4857510396250241,0.6770078957375443,0.5439997814950351,0.19712903709999494,0.9327598177307947,0.9433787742824628,0.5662698086413818
s1601a:s16_s1601a_raw_nemo_buffer_000079-vad_percentile_rms-0000-0001-317168,s16,s1601a,,,,unknown,unknown,unknown,0.6487888840626121,0.5986936972494318,0.42358784132461963,0.7368578071273493,0.6474555944196507,0.3297113691932171,0.747429224616818,0.6992958151519747,0.522528282624472
s1601a:s16_s1601a_raw_nemo_buffer_000079-vad_percentile_rms-0000-0002-318704,s16,s1601a,,,,unknown,unknown,unknown,0.714774882619219,0.6954649189879646,0.1893466381748491,0.7341083486557065,0.5675468783279893,0.15060295252376138,0.7957672227695336,0.74855175867142,0.19744333158758495
s1601a:s16_s1601a_raw_nemo_buffer_000079-vad_percentile_rms-0000-0003-321868,s16,s1601a,,,,unknown,unknown,unknown,0.2829484041583229,0.1495046545889455,0.016316857051266058,0.8561464057892444,0.7175718437384775,0.19759722883446246,0.6338526403500442,0.34735726416179824,0.03408106608177362
s1601a:s16_s1601a_raw_nemo_buffer_000080-vad_percentile_rms-0000-0000-322352,s16,s1601a,,,,unknown,unknown,unknown,0.08020375338817888,0.03990329479414758,0.019052429456271204,0.8280338524304892,0.7337763748673497,0.33933980318797397,0.24025065752386043,0.11354657367063652,0.044566608198173485
s1601a:s16_s1601a_raw_nemo_buffer_000080-vad_percentile_rms-0000-0001-322856,s16,s1601a,,,,unknown,unknown,unknown,0.37478408300118,0.2318275293182874,0.025669760100749554,0.8560209516995376,0.7320657499086783,0.23659438153492995,0.586946159388219,0.38038408613640795,0.03983532008014284
s1601a:s16_s1601a_raw_nemo_buffer_000081-vad_percentile_rms-0000-0000-323284,s16,s1601a,1,1,,bad,bad,unknown,0.9421500649105353,0.9133637329346477,0.20608386813988389,0.7634653857269911,0.6293886313600011,0.21813046310611184,0.9387739354325138,0.9210219461805988,0.3298251349436962
s1601a:s16_s1601a_raw_nemo_buffer_000082-vad_percentile_rms-0000-0000-325996,s16,s1601a,0,0,0,safe,safe,safe,0.3167976371481475,0.17863563352462136,0.0131218779822847,0.04552710889549375,0.03883747230707394,0.031231859026190155,0.14030076198922528,0.09620595165763429,0.013545514497204404
s1601a:s16_s1601a_raw_nemo_buffer_000082-vad_percentile_rms-0000-0001-327372,s16,s1601a,,,,unknown,unknown,unknown,0.5597630785764182,0.4015404428125814,0.035079202213965384,0.8156738738518593,0.6556933204865836,0.16344925802189905,0.774252945751202,0.5865655797436348,0.05697257189671065
s1601a:s16_s1601a_raw_nemo_buffer_000083-vad_percentile_rms-0000-0000-328100,s16,s1601a,1,,,bad,unknown,unknown,0.9182166561930661,0.904973323663088,0.28283217645829756,0.7366483780369174,0.5780286168414314,0.16447582697594273,0.9177888702741969,0.906036699024703,0.34227013710334947
s1601a:s16_s1601a_raw_nemo_buffer_000083-vad_percentile_rms-0000-0001-329728,s16,s1601a,1,1,,bad,bad,unknown,0.9551782322901123,0.9635843758126307,0.897563838566577,0.7184895022857654,0.6703556518769818,0.4550769279509585,0.9576412896014475,0.9699672574842071,0.9377282781578957
s1601a:s16_s1601a_raw_nemo_buffer_000083-vad_percentile_rms-0000-0002-331212,s16,s1601a,,,,unknown,unknown,unknown,0.39635321094170134,0.28203599675155,0.02941530777231112,0.8484598792459751,0.6806712086984155,0.1402842525503919,0.6832622833116652,0.4696046008817061,0.039070862470178686
s1601a:s16_s1601a_raw_nemo_buffer_000084-vad_percentile_rms-0000-0000-332692,s16,s1601a,,,,unknown,unknown,unknown,0.9976228527898896,0.9900781566487012,0.9274779322853683,0.7817513322764847,0.5890337161796385,0.11468020876651165,0.9972489850140765,0.9899252730879124,0.9328372983013618
s1601a:s16_s1601a_raw_nemo_buffer_000084-vad_percentile_rms-0000-0001-337324,s16,s1601a,,,,unknown,unknown,unknown,0.5699323927571496,0.38940977231686597,0.07200418091289915,0.8432676493248733,0.7076742095866855,0.2101339030542891,0.742289652070554,0.5144439267289102,0.07647322681543826
s1601a:s16_s1601a_raw_nemo_buffer_000085-vad_percentile_rms-0000-0000-337820,s16,s1601a,1,1,,bad,bad,unknown,0.7973540933275234,0.7281714000152456,0.10141499430870325,0.7958042112387361,0.6747269369441058,0.254036964100928,0.8456835213258471,0.7903892642144967,0.17349130058203624
s1601a:s16_s1601a_raw_nemo_buffer_000085-vad_percentile_rms-0000-0001-340260,s16,s1601a,,,,unknown,unknown,unknown,0.23578438275895433,0.11149774566838201,0.042807946344472915,0.8030655275034332,0.6551121940219323,0.18913912564472818,0.483188168459487,0.21419024618475632,0.05243067240441522
s1601a:s16_s1601a_raw_nemo_buffer_000086-vad_percentile_rms-0000-0000-340460,s16,s1601a,1,1,,bad,bad,unknown,0.8446307068071872,0.762684758435222,0.04216557845536774,0.8223972406002313,0.6767901819743234,0.1917987571536022,0.908431796883465,0.8484950276118138,0.0890315117020097
s1601a:s16_s1601a_raw_nemo_buffer_000086-vad_percentile_rms-0000-0001-342560,s16,s1601a,,,,unknown,unknown,unknown,0.23209173396392738,0.13017921202038762,0.07079717666628328,0.8282132556360826,0.6649021145285643,0.1546725859631468,0.4509390689387155,0.22206760786407845,0.06605224115091315
s1601a:s16_s1601a_raw_nemo_buffer_000087-vad_percentile_rms-0000-0000-343140,s16,s1601a,,,,unknown,unknown,unknown,0.8968439022886846,0.8392964012324288,0.07225062877940026,0.8386747069675424,0.6809001278699129,0.16225331552493566,0.9426086178576464,0.8965842760926221,0.13619330657603612
s1601a:s16_s1601a_raw_nemo_buffer_000087-vad_percentile_rms-0000-0001-343912,s16,s1601a,,,,unknown,unknown,unknown,0.6879146093692429,0.6500949579711187,0.3044506864410193,0.8664139530649076,0.7185029213329621,0.17054225709241091,0.8805992547478397,0.7965193154343484,0.3437550261903954
s1601a:s16_s1601a_raw_nemo_buffer_000088-vad_percentile_rms-0000-0000-344696,s16,s1601a,,,,unknown,unknown,unknown,0.7604024874065953,0.6165798389920379,0.03887880805266638,0.8238539437759508,0.6450880947756287,0.1296178644603543,0.8416219517432606,0.7025330516288117,0.05352381405159478
s1601a:s16_s1601a_raw_nemo_buffer_000088-vad_percentile_rms-0000-0001-346188,s16,s1601a,1,,,bad,unknown,unknown,0.3199407081177449,0.18182748287172443,0.030475768704165174,0.5600978444992332,0.38585752667036727,0.09254103492075091,0.40835221166822955,0.22246367712168771,0.03179468094663816
s1601a:s16_s1601a_raw_nemo_buffer_000088-vad_percentile_rms-0000-0002-349984,s16,s1601a,1,,,bad,unknown,unknown,0.07872755004981573,0.037751966225513564,0.02358439126365469,0.6982191536697879,0.5375801479888335,0.15327675033836435,0.19815894815659132,0.07959516092657193,0.03367762880196455
s1601a:s16_s1601a_raw_nemo_buffer_000088-vad_percentile_rms-0000-0003-353768,s16,s1601a,,,,unknown,unknown,unknown,0.3075754139668279,0.20825418166281245,0.1058940887421524,0.8840881132861025,0.8048871887920281,0.3904191320386879,0.6380571068847389,0.44190081895047273,0.19540971598746512
s1601a:s16_s1601a_raw_nemo_buffer_000089-vad_percentile_rms-0000-0000-354196,s16,s1601a,,,,unknown,unknown,unknown,0.8256923889825288,0.7197671053646575,0.08748962917837352,0.7346247380563361,0.6033522840463887,0.21864316117743252,0.8804476151735562,0.8033330692041184,0.1960246165714722
s1601a:s16_s1601a_raw_nemo_buffer_000089-vad_percentile_rms-0000-0001-354804,s16,s1601a,,,,unknown,unknown,unknown,0.40329970617735417,0.22994207051934348,0.01586448284842536,0.8193956574509594,0.658386527543749,0.16085373173237008,0.6864609979041624,0.42363322844464846,0.03154854114157685
s1601a:s16_s1601a_raw_nemo_buffer_000090-vad_percentile_rms-0000-0000-355380,s16,s1601a,,,,unknown,unknown,unknown,0.9971373292579545,0.9926585215057819,0.9649672158073771,0.8011837614775392,0.6455016902460484,0.17348680992686355,0.9974865087410185,0.9937810219255018,0.9759993373957081
s1601a:s16_s1601a_raw_nemo_buffer_000090-vad_percentile_rms-0000-0001-358228,s16,s1601a,,,,unknown,unknown,unknown,0.24204399113770145,0.12543370815719496,0.03173595940672055,0.7995670809294954,0.700685414988573,0.3205351482314075,0.4594446146323416,0.26614738264312143,0.07920867706930447
s1601a:s16_s1601a_raw_nemo_buffer_000091-vad_percentile_rms-0000-0000-360060,s16,s1601a,,,,unknown,unknown,unknown,0.7613178242382045,0.7383147241358127,0.33832201895507763,0.8232754978274197,0.7448250312287982,0.39848852022459863,0.881992939468978,0.8615524337245224,0.5729821524521412
s1601a:s16_s1601a_raw_nemo_buffer_000091-vad_percentile_rms-0000-0001-360588,s16,s1601a,,,,unknown,unknown,unknown,0.7597050690496486,0.7560722857844211,0.5792523191569903,0.5744242385318278,0.4458884949650883,0.16243589019409532,0.8051374515329983,0.7827984377562817,0.59215482952436
s1601a:s16_s1601a_raw_nemo_buffer_000092-vad_percentile_rms-0000-0000-362292,s16,s1601a,,,,unknown,unknown,unknown,0.8911200380973586,0.8609700656943737,0.17375935353842908,0.8242778339689348,0.645408686069412,0.1293655013732654,0.9302546897580591,0.890642820500335,0.1949922553671056
s1601a:s16_s1601a_raw_nemo_buffer_000092-vad_percentile_rms-0000-0001-363136,s16,s1601a,,,,unknown,unknown,unknown,0.37656773676485034,0.2374490968900025,0.04268034290078395,0.7831285722262543,0.5987913675496426,0.12615214258643812,0.6286126393538524,0.3863543387345185,0.05654744898365721
s1601a:s16_s1601a_raw_nemo_buffer_000093-vad_percentile_rms-0000-0000-363868,s16,s1601a,,,,unknown,unknown,unknown,0.9163051816109739,0.8964916395926125,0.29074824204313665,0.7820530642167459,0.6241393181310921,0.1698288897964867,0.9194526835440239,0.8984576630439621,0.30708634070269464
s1601a:s16_s1601a_raw_nemo_buffer_000093-vad_percentile_rms-0000-0001-368172,s16,s1601a,,,,unknown,unknown,unknown,0.5780999637586367,0.340607614453053,0.05976972062465479,0.8889250962955382,0.7968932462051238,0.32926177557982217,0.7874337003658812,0.5319281792780555,0.09140295807046184
s1601a:s16_s1601a_raw_nemo_buffer_000094-vad_percentile_rms-0000-0000-368452,s16,s1601a,,,,unknown,unknown,unknown,0.81884217595304,0.7245693558330232,0.10611823719779488,0.6903243544376313,0.5422417336303458,0.17277761528340055,0.8499806318483583,0.7726581272801631,0.16772736568745916
s1601a:s16_s1601a_raw_nemo_buffer_000094-vad_percentile_rms-0000-0001-369520,s16,s1601a,0,0,0,safe,safe,safe,0.6186599686704664,0.5304788171736585,0.14574366029847702,0.5128687494739558,0.3730335423697564,0.11682205677135633,0.663250290137882,0.562420417412735,0.15785969455967894
s1601a:s16_s1601a_raw_nemo_buffer_000094-vad_percentile_rms-0000-0002-370496,s16,s1601a,,,,unknown,unknown,unknown,0.3469915229262034,0.2351572807303229,0.016726990866307807,0.7993652570345167,0.6273129655053574,0.14411057374581782,0.6343465170227011,0.4222505714894397,0.029729181639615302
s1601a:s16_s1601a_raw_nemo_buffer_000095-vad_percentile_rms-0000-0000-371884,s16,s1601a,,,,unknown,unknown,unknown,0.8893448839413172,0.8744137163291062,0.33195092030640555,0.8539542635458379,0.7083517378384372,0.18206557859577416,0.9354048486064056,0.9076134179814159,0.35771638690815005
s1601a:s16_s1601a_raw_nemo_buffer_000095-vad_percentile_rms-0000-0001-376268,s16,s1601a,,,,unknown,unknown,unknown,0.6977141195660698,0.29213243958156254,0.04025631818462856,0.8650634743949738,0.75969077827527,0.2920561541242182,0.8172688123640436,0.42265768695544265,0.056530945384403786
s1601a:s16_s1601a_raw_nemo_buffer_000096-vad_percentile_rms-0000-0000-377428,s16,s1601a,,,,unknown,unknown,unknown,0.9979922782636362,0.9917809269897232,0.9782144716022607,0.9031385722243855,0.7847968451200725,0.21638930506985599,0.9984253907478193,0.9938327088886402,0.9811908751816448
s1601a:s16_s1601a_raw_nemo_buffer_000096-vad_percentile_rms-0000-0001-381576,s16,s1601a,,,,unknown,unknown,unknown,0.21334739943293482,0.12911475050262786,0.04300158241620095,0.8721930007654085,0.7584748374221061,0.25963851279177275,0.4537055035053439,0.25587976776082794,0.055431431826388246
s1601a:s16_s1601a_raw_nemo_buffer_000097-vad_percentile_rms-0000-0000-382064,s16,s1601a,,,,unknown,unknown,unknown,0.7958319542014608,0.6962940836281044,0.069010465540965,0.7304639234420931,0.5473022798323166,0.12512115241415522,0.8641251792974536,0.7685102710387962,0.11161108972727393
s1601a:s16_s1601a_raw_nemo_buffer_000097-vad_percentile_rms-0000-0001-383552,s16,s1601a,,,,unknown,unknown,unknown,0.2008487507981987,0.17332388765524778,0.0617269440916672,0.2160227528756211,0.15314976093718277,0.0620866908926496,0.2213602649809326,0.17661435162372685,0.06212361206054315
s1601a:s16_s1601a_raw_nemo_buffer_000097-vad_percentile_rms-0000-0002-386152,s16,s1601a,,,,unknown,unknown,unknown,0.4365424546258457,0.25045494373070454,0.050195778997727175,0.8660776271050252,0.7860865330330545,0.39322485414477276,0.7522425077303941,0.521279557687,0.13256106867973705
s1601a:s16_s1601a_raw_nemo_buffer_000098-vad_percentile_rms-0000-0000-386368,s16,s1601a,,,,unknown,unknown,unknown,0.8193676617781506,0.7216576756434846,0.03590328835797899,0.8252042871474652,0.6788132698138253,0.18951378726910806,0.8991275283293144,0.8249142026478659,0.07761685809380452
s1601a:s16_s1601a_raw_nemo_buffer_000098-vad_percentile_rms-0000-0001-387952,s16,s1601a,,,,unknown,unknown,unknown,0.43005536307664666,0.3165214196370327,0.031731714390343176,0.820842342023377,0.7144093286760097,0.2978941759953709,0.6984390652218055,0.5494169878057719,0.08235602388818451
s1601a:s16_s1601a_raw_nemo_buffer_000099-vad_percentile_rms-0000-0000-388560,s16,s1601a,,,,unknown,unknown,unknown,0.8447982442319898,0.8826631662417188,0.653507301017242,0.604024761226893,0.5060560071294192,0.238486288403147,0.8674158765781474,0.8941892756035104,0.679528048533369
s1601a:s16_s1601a_raw_nemo_buffer_000099-vad_percentile_rms-0000-0001-393896,s16,s1601a,,,,unknown,unknown,unknown,0.23154202487328265,0.1476765002064814,0.030949429871013293,0.8113006574480821,0.6770186588864607,0.21977528240420377,0.4386710747037151,0.26470719296149187,0.04386837186181921
s1601a:s16_s1601a_raw_nemo_buffer_000100-vad_percentile_rms-0000-0000-394332,s16,s1601a,,,,unknown,unknown,unknown,0.8750425309898279,0.7782368197787207,0.04774317901191451,0.8597463643157918,0.7130032944898692,0.17674209228676543,0.9313666487264445,0.8606617454039794,0.09888885701049945
s1601a:s16_s1601a_raw_nemo_buffer_000100-vad_percentile_rms-0000-0001-398116,s16,s1601a,,,,unknown,unknown,unknown,0.6420809270504331,0.5772080431023637,0.1552703797839248,0.8196082292969886,0.6906448870184174,0.232424016497161,0.7961861854887944,0.6958879625141595,0.18116748044866737
s1601a:s16_s1601a_raw_nemo_buffer_000101-vad_percentile_rms-0000-0000-398316,s16,s1601a,1,1,,bad,bad,unknown,0.9253105222302251,0.9442878722662025,0.7854639679988301,0.4904423846989722,0.469239426056151,0.35911077098922956,0.907262569926944,0.9418050507160426,0.862436370707357
s1601a:s16_s1601a_raw_nemo_buffer_000101-vad_percentile_rms-0000-0001-403308,s16,s1601a,,,,unknown,unknown,unknown,0.5773007441628644,0.5060409981829866,0.17310882940535435,0.8439439352956337,0.730334787048406,0.2720381003695866,0.7710871642446464,0.6570054738957022,0.2050076398617729
s1601a:s16_s1601a_raw_nemo_buffer_000102-vad_percentile_rms-0000-0000-403600,s16,s1601a,,,,unknown,unknown,unknown,0.7641980643990305,0.750319501444447,0.41257266681113147,0.6171169756932038,0.5126480600734389,0.23091334783185005,0.7717988552478123,0.7658015902704157,0.45355136253816747
s1601a:s16_s1601a_raw_nemo_buffer_000102-vad_percentile_rms-0000-0001-407364,s16,s1601a,,,,unknown,unknown,unknown,0.47145561384103524,0.34613134257495864,0.07867410707919362,0.8799756244310575,0.7900160415612265,0.344243099415001,0.7235989917508757,0.5555759969759158,0.12031289331687833
s1601a:s16_s1601a_raw_nemo_buffer_000103-vad_percentile_rms-0000-0000-407764,s16,s1601a,1,,,bad,unknown,unknown,0.8779163921564607,0.8186572077989972,0.1125355033930782,0.7345228628279828,0.6032923828613798,0.21871151977945374,0.9098354086234895,0.8701266412430664,0.2170237697064195
s1601a:s16_s1601a_raw_nemo_buffer_000103-vad_percentile_rms-0000-0001-408132,s16,s1601a,0,0,0,safe,safe,safe,0.5641017399221211,0.4678157081073147,0.09917308611908358,0.6321949949754765,0.502061084624909,0.1851908536581397,0.7077854550926304,0.6064965083522788,0.18111905977357898
s1601a:s16_s1601a_raw_nemo_buffer_000103-vad_percentile_rms-0000-0002-409740,s16,s1601a,,,,unknown,unknown,unknown,0.24766080004842547,0.16550746876111339,0.013279183096144577,0.8061628400836968,0.6405742732279741,0.15448383602421228,0.5470286200381475,0.334867929506397,0.02445594167806896
s1601a:s16_s1601a_raw_nemo_buffer_000104-vad_percentile_rms-0000-0000-409892,s16,s1601a,,,,unknown,unknown,unknown,0.7746826360558533,0.671388322638538,0.03344134482968449,0.8232745061284223,0.6529860718192677,0.14347664625024673,0.8804630572984721,0.785623751463263,0.06102791831778525
s1601a:s16_s1601a_raw_nemo_buffer_000104-vad_percentile_rms-0000-0001-411144,s16,s1601a,,,,unknown,unknown,unknown,0.28014518851693243,0.2007447252724507,0.008243109007332623,0.8479759347713978,0.6959795055115395,0.17066879002987712,0.6384952929555765,0.4339208872073435,0.019966678683830355
s1601a:s16_s1601a_raw_nemo_buffer_000105-vad_percentile_rms-0000-0000-411428,s16,s1601a,,,,unknown,unknown,unknown,0.8219326504270739,0.7484220404127078,0.05672275696023054,0.8377119551436388,0.6721504242485504,0.14795888095116355,0.907679299513463,0.8386790964617288,0.09099263391737539
s1601a:s16_s1601a_raw_nemo_buffer_000105-vad_percentile_rms-0000-0001-413484,s16,s1601a,,,,unknown,unknown,unknown,0.38002973503046333,0.2520577982847735,0.041628493598163,0.709006429935211,0.5618202991772916,0.17952298538107178,0.6227361392574061,0.41849698869144897,0.07123741007676057
s1601a:s16_s1601a_raw_nemo_buffer_000106-vad_percentile_rms-0000-0000-413872,s16,s1601a,,,,unknown,unknown,unknown,0.8897594720974238,0.9050058935574866,0.5322912900262846,0.6021727780761332,0.5051295801712803,0.2395638685647606,0.9010860206601223,0.9175874619768901,0.6376519639118491
s1601a:s16_s1601a_raw_nemo_buffer_000106-vad_percentile_rms-0000-0001-416076,s16,s1601a,,,,unknown,unknown,unknown,0.43227669955040926,0.2886963178074277,0.04554596616716711,0.8188750476175972,0.6742776426140921,0.1946551726598969,0.7410333382524483,0.5191826877920472,0.0819587658091258
s1601a:s16_s1601a_raw_nemo_buffer_000107-vad_percentile_rms-0000-0000-416648,s16,s1601a,,,,unknown,unknown,unknown,0.6517765578123353,0.684826311060528,0.38014625377099914,0.8319221516521513,0.699338169933192,0.2209339485109553,0.8195572846665833,0.7873160249478957,0.37723017879561654
s1601a:s16_s1601a_raw_nemo_buffer_000107-vad_percentile_rms-0000-0002-418128,s16,s1601a,,,,unknown,unknown,unknown,0.7197441389703567,0.65915088773122,0.16203088849589276,0.841353244758783,0.7496437998365484,0.3485070444232333,0.8547811935317372,0.8037207785471238,0.2996424713096813
s1601a:s16_s1601a_raw_nemo_buffer_000107-vad_percentile_rms-0000-0003-421432,s16,s1601a,,,,unknown,unknown,unknown,0.3200894429886743,0.16536858592381107,0.06931621752475987,0.7762763515990682,0.6289362625740277,0.19053259401227032,0.5423551664114091,0.2793986623272963,0.09190007064524898
s1601a:s16_s1601a_raw_nemo_buffer_000108-vad_percentile_rms-0000-0000-422120,s16,s1601a,,,,unknown,unknown,unknown,0.884821331505562,0.8493925952994722,0.30625011887864767,0.7266509803547865,0.563089025221117,0.15435019078640697,0.8975404331957374,0.859963545767349,0.32811069089082967
s1601a:s16_s1601a_raw_nemo_buffer_000108-vad_percentile_rms-0000-0001-424448,s16,s1601a,,,,unknown,unknown,unknown,0.2910367972268275,0.22467929018161076,0.06042604542215312,0.8107589530304431,0.668592791261868,0.20119393504706592,0.5680898557669881,0.39286970988554465,0.08075734503549957
s1601a:s16_s1601a_raw_nemo_buffer_000109-vad_percentile_rms-0000-0000-424768,s16,s1601a,,,,unknown,unknown,unknown,0.9534710897363595,0.9532126600293422,0.4927579741372952,0.7184141745925627,0.5939602590587783,0.2295058219939337,0.9590709219784798,0.9594006992933237,0.6028626668064392
s1601a:s16_s1601a_raw_nemo_buffer_000109-vad_percentile_rms-0000-0001-427884,s16,s1601a,,,,unknown,unknown,unknown,0.4582934725275811,0.31954964503851835,0.03364328458879837,0.8173385671843699,0.6568939255915981,0.16228926248664,0.6936581984135984,0.4867991518242868,0.04957928445741631
s1601a:s16_s1601a_raw_nemo_buffer_000110-vad_percentile_rms-0000-0000-428356,s16,s1601a,,,,unknown,unknown,unknown,0.7948015861582006,0.7630460458432826,0.15450562472358975,0.7688516013042423,0.5981256846342538,0.147049577153331,0.8720986938432322,0.8224487076222528,0.1918877254941662
s1601a:s16_s1601a_raw_nemo_buffer_000110-vad_percentile_rms-0000-0001-429672,s16,s1601a,,,,unknown,unknown,unknown,0.7397017941498955,0.3765057096127504,0.057456748813440636,0.8270927440566274,0.695887323150823,0.22546766865109769,0.8390181396200439,0.49560449032631504,0.08046367566517339
s1601a:s16_s1601a_raw_nemo_buffer_000111-vad_percentile_rms-0000-0000-430760,s16,s1601a,,,,unknown,unknown,unknown,0.850389220096809,0.7726894401727545,0.10130730511703295,0.8054056360036547,0.6230166302160862,0.12727051035859985,0.8949077196827275,0.8189748848254003,0.1265090218183676
s1601a:s16_s1601a_raw_nemo_buffer_000111-vad_percentile_rms-0000-0001-431576,s16,s1601a,0,0,0,safe,safe,safe,0.2662169180225887,0.1503232735028811,0.03400519358297317,0.2718920090781344,0.1837208054444178,0.06187832288674049,0.2882804808013242,0.15938032574139865,0.03638943009128112
s1601a:s16_s1601a_raw_nemo_buffer_000111-vad_percentile_rms-0000-0002-433120,s16,s1601a,,,,unknown,unknown,unknown,0.4467086478682492,0.34239692961822144,0.0812956160844807,0.8165133617321477,0.6726086528308086,0.19656396876459917,0.7173927280524206,0.5402074323118002,0.11953782051219804
s1601a:s16_s1601a_raw_nemo_buffer_000112-vad_percentile_rms-0000-0000-433404,s16,s1601a,,,,unknown,unknown,unknown,0.7728054423483546,0.6208636258953737,0.043111760344374375,0.8199422073273913,0.6505140932636605,0.1456294183633049,0.8679516114973024,0.7332042339347941,0.0710802788679033
s1601a:s16_s1601a_raw_nemo_buffer_000112-vad_percentile_rms-0000-0001-434380,s16,s1601a,,,,unknown,unknown,unknown,0.5406299096071514,0.4793746738474821,0.14972938029319766,0.8225789310569266,0.6607163399960124,0.1586275755645934,0.798949308331547,0.6710279291496447,0.1933000996594969
s1601a:s16_s1601a_raw_nemo_buffer_000113-vad_percentile_rms-0000-0000-434528,s16,s1601a,,,,unknown,unknown,unknown,0.8353418774947942,0.7394958720305059,0.044522665669866596,0.7380722919236442,0.5519262419942275,0.12188895436516949,0.8782144934491045,0.7948489593610821,0.07148686017719777
s1601a:s16_s1601a_raw_nemo_buffer_000114-vad_percentile_rms-0000-0000-436576,s16,s1601a,,,,unknown,unknown,unknown,0.871097696128779,0.7662957731292335,0.03408820542317303,0.8498528985344329,0.6818024882858268,0.13928292293115319,0.9252876913333081,0.8430774720693395,0.06389460213108458
s1601a:s16_s1601a_raw_nemo_buffer_000114-vad_percentile_rms-0000-0001-438776,s16,s1601a,1,1,,bad,bad,unknown,0.5316782096419863,0.49770792450481655,0.26964900212032356,0.7265688955680278,0.5720191835882348,0.16994939183238597,0.6852184430451513,0.5924624121759888,0.28292505365433546
s1601a:s16_s1601a_raw_nemo_buffer_000114-vad_percentile_rms-0000-0002-440800,s16,s1601a,,,,unknown,unknown,unknown,0.39862637287555674,0.2554008792441175,0.025560546518373854,0.76667342320687,0.587884251161547,0.1343355707041034,0.6421861830949966,0.4073149648817924,0.03557328889312403
s1601a:s16_s1601a_raw_nemo_buffer_000115-vad_percentile_rms-0000-0000-441236,s16,s1601a,,,,unknown,unknown,unknown,0.9941192060075209,0.9794452769183807,0.7237810854767631,0.7519571581442738,0.5873998980617772,0.1561835107469883,0.9957858353823863,0.9863705549044807,0.8499202840842558
s1601a:s16_s1601a_raw_nemo_buffer_000115-vad_percentile_rms-0000-0001-443444,s16,s1601a,0,0,0,safe,safe,safe,0.5295957192798253,0.4385763836639539,0.15612767753052675,0.27157895711140745,0.18915453405063143,0.0689507641058925,0.49565180013414833,0.3956529757553163,0.1321658371493583
s1601a:s16_s1601a_raw_nemo_buffer_000115-vad_percentile_rms-0000-0002-445280,s16,s1601a,,,,unknown,unknown,unknown,0.4172435225457361,0.2846984548263205,0.04533565351232398,0.8211880288020321,0.6596953113816767,0.1596009917964857,0.714485930178203,0.48767576885100195,0.06968886483697702
s1601a:s16_s1601a_raw_nemo_buffer_000116-vad_percentile_rms-0000-0000-445860,s16,s1601a,,,,unknown,unknown,unknown,0.8334142080917911,0.7075102847475417,0.05448504624822833,0.8395574557144652,0.6894667753413143,0.17770344818570052,0.8954126676010514,0.7972687525830434,0.09889825947530086
s1601a:s16_s1601a_raw_nemo_buffer_000116-vad_percentile_rms-0000-0001-448484,s16,s1601a,0,0,0,safe,safe,safe,0.13670174460717346,0.08165249287405547,0.031057202902017987,0.05940736875536412,0.05443557719679294,0.049167937235863504,0.07928505228563783,0.052932091806983626,0.02806791613685482
s1601a:s16_s1601a_raw_nemo_buffer_000116-vad_percentile_rms-0000-0002-450440,s16,s1601a,0,0,0,safe,safe,safe,0.13104148667938345,0.0643215893925763,0.011342293595394284,0.09966429199454875,0.0749657128574916,0.040597386960426994,0.10419932461149853,0.053232259821251446,0.012539674019106611
s1601a:s16_s1601a_raw_nemo_buffer_000116-vad_percentile_rms-0000-0003-454564,s16,s1601a,,,,unknown,unknown,unknown,0.5378675368921771,0.34063994361848454,0.039082281966776614,0.7674970806164791,0.5972495684036806,0.14778158363748936,0.7201235397566464,0.4688458355247867,0.047229689515471344
s1601a:s16_s1601a_raw_nemo_buffer_000117-vad_percentile_rms-0000-0000-455508,s16,s1601a,,,,unknown,unknown,unknown,0.9992206322418289,0.9974412949436542,0.9868201083251131,0.8363366135167007,0.671085270792235,0.14893477519545506,0.9992288787767089,0.9976180283180557,0.9884957685567303
s1601a:s16_s1601a_raw_nemo_buffer_000117-vad_percentile_rms-0000-0001-457988,s16,s1601a,0,0,0,safe,safe,safe,0.47538186757416473,0.4217233322259558,0.10679070252445935,0.47296129329409947,0.3469820991158676,0.11762323353184143,0.5275234729517776,0.44671308630434303,0.11158493166203078
s1601a:s16_s1601a_raw_nemo_buffer_000117-vad_percentile_rms-0000-0002-458360,s16,s1601a,0,0,0,safe,safe,safe,0.4883418587981997,0.4176270682684686,0.26276576342849306,0.8787691161322461,0.8067961359975485,0.4275153212406807,0.7540946831686772,0.6595208751995945,0.4284897939114415
s1601a:s16_s1601a_raw_nemo_buffer_000117-vad_percentile_rms-0000-0003-460036,s16,s1601a,,,,unknown,unknown,unknown,0.3553543857431361,0.2360244342460663,0.02140209196691471,0.8175715249516092,0.6570624547683209,0.1621268117605008,0.615672232944298,0.40173365486571344,0.03310042704111692
s1601a:s16_s1601a_raw_nemo_buffer_000118-vad_percentile_rms-0000-0000-460852,s16,s1601a,,,,unknown,unknown,unknown,0.994870741226993,0.9832032432649213,0.9290638250837978,0.7933013805022737,0.6231160646742044,0.1476780612678601,0.9963060754038947,0.9874513963541351,0.9441639450896823
s1601a:s16_s1601a_raw_nemo_buffer_000118-vad_percentile_rms-0000-0001-462988,s16,s1601a,,,,unknown,unknown,unknown,0.4131162484316237,0.3327019537384965,0.0742639227825914,0.8571136830358912,0.7469775434216627,0.2790669008054045,0.7040927204098012,0.5580117288552104,0.14331974776112008
s1601a:s16_s1601a_raw_nemo_buffer_000119-vad_percentile_rms-0000-0000-468400,s16,s1601a,,,,unknown,unknown,unknown,0.9540041318999024,0.9388737629631587,0.4364598836517603,0.7848918736798143,0.599989109890823,0.1252757903517434,0.9623244776052973,0.9441133215148965,0.4624111897927691
s1601a:s16_s1601a_raw_nemo_buffer_000119-vad_percentile_rms-0000-0001-469128,s16,s1601a,,,,unknown,unknown,unknown,0.4497061427119556,0.30945294009904684,0.05161701738967318,0.8568158705375077,0.7181002733910284,0.19693684491361918,0.7256761340820508,0.5102071010215115,0.08003573182911614
s1601a:s16_s1601a_raw_nemo_buffer_000120-vad_percentile_rms-0000-0000-470584,s16,s1601a,,,,unknown,unknown,unknown,0.8685440628564592,0.8088739450436986,0.18839389546643123,0.8238395878170458,0.6534080591115022,0.1431110999224757,0.9031392282355911,0.8408820104390553,0.19641179037933124
s1601a:s16_s1601a_raw_nemo_buffer_000120-vad_percentile_rms-0000-0002-473240,s16,s1601a,1,,,bad,unknown,unknown,0.6884776627141703,0.6599572708839498,0.16830795658992817,0.5914437494109024,0.4361192151934497,0.12752943844749745,0.6852295792014984,0.6425812792697332,0.1473563220172234
s1601a:s16_s1601a_raw_nemo_buffer_000120-vad_percentile_rms-0000-0003-477892,s16,s1601a,0,0,0,safe,safe,safe,0.13428820888405618,0.07079136727364203,0.01187180756401961,0.04409007425845087,0.041025332181806075,0.03993616105770793,0.06984233612386588,0.043374976136042714,0.012236040753638693
s1601a:s16_s1601a_raw_nemo_buffer_000120-vad_percentile_rms-0000-0004-478808,s16,s1601a,0,0,0,safe,safe,safe,0.30696134867448377,0.1292822555203273,0.014083729580997024,0.355161745796109,0.24559194463048892,0.0799234649352486,0.3421443475789028,0.14894733189600723,0.019557479938966983
s1601a:s16_s1601a_raw_nemo_buffer_000120-vad_percentile_rms-0000-0005-481132,s16,s1601a,,,,unknown,unknown,unknown,0.45659194032671185,0.34460525493410604,0.09133885950711272,0.8601257559842009,0.7280381802123559,0.21218045201017435,0.7273116242885848,0.5309010962911427,0.10896859294360593
s1601a:s16_s1601a_raw_nemo_buffer_000121-vad_percentile_rms-0000-0000-481396,s16,s1601a,,,,unknown,unknown,unknown,0.795099166891696,0.6098665181940146,0.05242851761150142,0.8215365314565011,0.6919837088644489,0.23063967952666872,0.8654500474498222,0.7290696449844303,0.11101283030146769
s1601a:s16_s1601a_raw_nemo_buffer_000121-vad_percentile_rms-0000-0001-484612,s16,s1601a,,,,unknown,unknown,unknown,0.3369755984034214,0.24712912839086904,0.020270732917511396,0.8274295925337817,0.6643150430951421,0.15522384199877395,0.6366577776243594,0.4443570767158813,0.03470952149458041
s1601a:s16_s1601a_raw_nemo_buffer_000122-vad_percentile_rms-0000-0000-484964,s16,s1601a,,,,unknown,unknown,unknown,0.7583741999261373,0.6028912640427077,0.028352946837088226,0.7736517138094725,0.592452072196747,0.13086355256858642,0.8529870311571117,0.7125827104504295,0.05117978584155528
s1601a:s16_s1601a_raw_nemo_buffer_000122-vad_percentile_rms-0000-0001-487120,s16,s1601a,0,0,0,safe,safe,safe,0.21114828556324328,0.16953333157037884,0.06839107560437946,0.6116747346435798,0.48246907985145615,0.17809493584918212,0.3512940719932779,0.2615236404660167,0.09154611742501521
s1601a:s16_s1601a_raw_nemo_buffer_000122-vad_percentile_rms-0000-0002-488652,s16,s1601a,,,,unknown,unknown,unknown,0.26040249657593506,0.17877291665095757,0.02563338569730807,0.764922412396221,0.5867507207996064,0.13520730167106615,0.5331064476067243,0.32973116416037995,0.037387669111384116
s1601a:s16_s1601a_raw_nemo_buffer_000123-vad_percentile_rms-0000-0000-489076,s16,s1601a,1,1,,bad,bad,unknown,0.895214342169448,0.8813897006855039,0.3224407158903015,0.5985512310754026,0.4850346719879545,0.20218850172906433,0.8933158638969122,0.8849776758518368,0.39982287206479833
s1601a:s16_s1601a_raw_nemo_buffer_000123-vad_percentile_rms-0000-0001-492780,s16,s1601a,,,,unknown,unknown,unknown,0.22656925204143452,0.14138597609665907,0.017180742598290586,0.7673927696625555,0.6059505104814107,0.16286264924010954,0.4805759918946602,0.2777077175336332,0.02778765595030384
s1601a:s16_s1601a_raw_nemo_buffer_000124-vad_percentile_rms-0000-0000-493236,s16,s1601a,,,,unknown,unknown,unknown,0.9962750751180648,0.9782572001708232,0.7556558909797247,0.8118174962920521,0.6693262489573418,0.2003444148577438,0.9971332792962516,0.9857399191008359,0.8655860708381756
s1601a:s16_s1601a_raw_nemo_buffer_000125-vad_percentile_rms-0000-0000-496644,s16,s1601a,1,1,1,bad,bad,bad,0.36820874907460843,0.37628478901916096,0.4700927823719789,0.22137114345857295,0.1806138897637381,0.10282707561285503,0.3594674047637805,0.3498307208385959,0.44663724991697873
s1601a:s16_s1601a_raw_nemo_buffer_000125-vad_percentile_rms-0000-0001-498224,s16,s1601a,,,,unknown,unknown,unknown,0.5969251201812618,0.5205667564736919,0.05220687453814854,0.7900904380833014,0.6294953174569963,0.16473078370849553,0.7714648224339612,0.6633721612099367,0.07824333440097546
s1601a:s16_s1601a_raw_nemo_buffer_000126-vad_percentile_rms-0000-0000-498592,s16,s1601a,,,,unknown,unknown,unknown,0.9643021428307175,0.9714256592667985,0.8191293894482665,0.718723103114225,0.6116517907965607,0.27227403752066054,0.969672158305402,0.9749754216461342,0.8631526787869819
s1601a:s16_s1601a_raw_nemo_buffer_000126-vad_percentile_rms-0000-0001-500032,s16,s1601a,,,,unknown,unknown,unknown,0.4105657755834754,0.2610939197581933,0.0248646274629889,0.850046286289556,0.7052750903029311,0.18562646173596808,0.7306479448668868,0.5002745163880183,0.05330303647612799
s1601a:s16_s1601a_raw_nemo_buffer_000127-vad_percentile_rms-0000-0000-500332,s16,s1601a,,,,unknown,unknown,unknown,0.8718835165777404,0.7894860887938129,0.06175897288700468,0.7798625841714272,0.5965882929078792,0.12777548792278817,0.9225075084310242,0.8552583879779693,0.11249128006704559
s1601a:s16_s1601a_raw_nemo_buffer_000127-vad_percentile_rms-0000-0001-500976,s16,s1601a,,,,unknown,unknown,unknown,0.6615925497089028,0.5294639032017651,0.13293763912817824,0.7977685514566625,0.6347236307155847,0.159845156349432,0.8528860400575904,0.7135250745355212,0.20901182285352235
s1601a:s16_s1601a_raw_nemo_buffer_000128-vad_percentile_rms-0000-0000-501384,s16,s1601a,,,,unknown,unknown,unknown,0.8509332371910119,0.832334417956047,0.20968270416672344,0.7307244600523803,0.5744821570212958,0.1676911621324809,0.8681733587879654,0.8461268519432706,0.24768897145721092
s1601a:s16_s1601a_raw_nemo_buffer_000128-vad_percentile_rms-0000-0001-503180,s16,s1601a,0,0,0,safe,safe,safe,0.3979734999900633,0.2891268443108325,0.07894258675691225,0.22540850640944973,0.17688012411360574,0.09123905784071672,0.3685138100300668,0.2712306192515069,0.08368629061287143
s1601a:s16_s1601a_raw_nemo_buffer_000129-vad_percentile_rms-0000-0000-504736,s16,s1601a,,,,unknown,unknown,unknown,0.779927064748493,0.6563158686959896,0.02712558795996772,0.7743266485966893,0.6104317200716824,0.1588056782470397,0.8627812975857005,0.7619300648725319,0.05543741080068049
s1601a:s16_s1601a_raw_nemo_buffer_000129-vad_percentile_rms-0000-0001-506764,s16,s1601a,,,,unknown,unknown,unknown,0.4877491389022276,0.35978102146605556,0.04899230732613422,0.8728315832671507,0.7383353800292533,0.19845463573333685,0.7775358488695339,0.5933685317830755,0.08572596774337612
s1601a:s16_s1601a_raw_nemo_buffer_000130-vad_percentile_rms-0000-0000-507140,s16,s1601a,,,,unknown,unknown,unknown,0.8539029791312122,0.809266153961196,0.14186911365860128,0.8255435525766711,0.6629086756891417,0.1565489830061612,0.9122031468634008,0.8649929617455614,0.18918338682899857
s1601a:s16_s1601a_raw_nemo_buffer_000130-vad_percentile_rms-0000-0001-509276,s16,s1601a,0,0,0,safe,safe,safe,0.12438265408121678,0.08401511410804959,0.019858891859016875,0.11232899368875224,0.08794736792629738,0.051109810590201636,0.09773320423346933,0.06764873156865263,0.019463483341652866
s1601a:s16_s1601a_raw_nemo_buffer_000130-vad_percentile_rms-0000-0002-511176,s16,s1601a,,,,unknown,unknown,unknown,0.5182217046933557,0.45090347497585315,0.1097537930689728,0.8566263038614186,0.7325277955741141,0.23591457793759957,0.7799747770930922,0.6528324964659776,0.15863350829453357
s1601a:s16_s1601a_raw_nemo_buffer_000131-vad_percentile_rms-0000-0000-511760,s16,s1601a,,,,unknown,unknown,unknown,0.8994601731037304,0.8819510034703488,0.198882704050709,0.8385841038284882,0.6887269970532942,0.17851143370906206,0.9370865359967492,0.9157617864282943,0.26617515293415644
s1601a:s16_s1601a_raw_nemo_buffer_000131-vad_percentile_rms-0000-0001-514976,s16,s1601a,,,,unknown,unknown,unknown,0.4601522609649733,0.3314648278303928,0.08482968663687859,0.8210035281539962,0.6757925787094707,0.1929304281245903,0.6587430659768424,0.467743117094514,0.09385380928699619
s1601a:s16_s1601a_raw_nemo_buffer_000132-vad_percentile_rms-0000-0000-515348,s16,s1601a,,,,unknown,unknown,unknown,0.9967887041073393,0.9919008103629948,0.910072846111204,0.8288590050274932,0.6893636489628707,0.20453997558584305,0.9977540353969393,0.9946108197921658,0.9538847533457804
s1601a:s16_s1601a_raw_nemo_buffer_000132-vad_percentile_rms-0000-0001-517004,s16,s1601a,,,,unknown,unknown,unknown,0.1972406163343868,0.12150673148279174,0.005972760606753995,0.8200739343126348,0.6506112831158731,0.14554440965302642,0.5093256200714794,0.28393575675514826,0.012298074385033483
s1601a:s16_s1601a_raw_nemo_buffer_000133-vad_percentile_rms-0000-0000-517272,s16,s1601a,,,,unknown,unknown,unknown,0.7281128388103961,0.47219411911288045,0.036658686758351114,0.8642547926496575,0.7167042416508732,0.17255865218773392,0.8895633736417334,0.6717474934512535,0.0679883845628048
s1601a:s16_s1601a_raw_nemo_buffer_000133-vad_percentile_rms-0000-0001-518124,s16,s1601a,,,,unknown,unknown,unknown,0.3432262527349742,0.20162421541282977,0.011824727912153034,0.8422391607289222,0.6836605700087622,0.15950541948825844,0.6756301247347157,0.40345848830860404,0.021507609446617178
s1601a:s16_s1601a_raw_nemo_buffer_000134-vad_percentile_rms-0000-0000-518804,s16,s1601a,1,1,,bad,bad,unknown,0.880207748717923,0.8586119972490337,0.387536781577085,0.6012865439150029,0.4955410640395555,0.2198022060507407,0.8729252392126042,0.8619626579894097,0.4845185762116503
s1601a:s16_s1601a_raw_nemo_buffer_000134-vad_percentile_rms-0000-0001-519496,s16,s1601a,0,0,0,safe,safe,safe,0.45269255578664175,0.3849599581049086,0.17213844649508203,0.6942689211024846,0.5353551853845684,0.1551421845040873,0.6109483693343121,0.4837587685122091,0.1651188321107238
s1601a:s16_s1601a_raw_nemo_buffer_000134-vad_percentile_rms-0000-0002-519624,s16,s1601a,0,0,0,safe,safe,safe,0.644051915283881,0.5936531206973334,0.20134079198800683,0.7098430943268538,0.5891006107472597,0.23524039970312,0.7247767442804358,0.6616328915249068,0.23122782119933016
s1601a:s16_s1601a_raw_nemo_buffer_000134-vad_percentile_rms-0000-0003-524040,s16,s1601a,,,,unknown,unknown,unknown,0.5172367251378318,0.3512980764210468,0.04432708345762428,0.8726925464576626,0.7846243698934182,0.3559537902694172,0.7688942674840501,0.5834391812824093,0.09079383018983728
s1601a:s16_s1601a_raw_nemo_buffer_000135-vad_percentile_rms-0000-0000-524856,s16,s1601a,,,,unknown,unknown,unknown,0.673035773242797,0.536414034379798,0.04322443142945919,0.7690228432615196,0.5982366560766645,0.1469570363295945,0.8003265652642191,0.6572686363288248,0.07066220010057375
s1601a:s16_s1601a_raw_nemo_buffer_000135-vad_percentile_rms-0000-0001-526852,s16,s1601a,,,,unknown,unknown,unknown,0.5269950632679592,0.42142671917917046,0.07598494369419921,0.8114176444056523,0.660898947942445,0.1829152933130623,0.752448155783769,0.5924221088108387,0.09835683517170767
s1601a:s16_s1601a_raw_nemo_buffer_000136-vad_percentile_rms-0000-0000-527648,s16,s1601a,,,,unknown,unknown,unknown,0.8906291625404243,0.8822921063883449,0.2037187750838533,0.7554946141664148,0.5896106365609142,0.15426997622194782,0.9204256090261025,0.9060502614949132,0.27347809550842916
s1601a:s16_s1601a_raw_nemo_buffer_000136-vad_percentile_rms-0000-0001-530828,s16,s1601a,,,,unknown,unknown,unknown,0.28325396952679166,0.2264117831311684,0.10099230509647067,0.8986707135601978,0.8159834521779142,0.36330858115214526,0.6617113798705088,0.4966847323797153,0.18019923181556963
s1601a:s16_s1601a_raw_nemo_buffer_000137-vad_percentile_rms-0000-0000-531180,s16,s1601a,,,,unknown,unknown,unknown,0.8043268627726164,0.7126600991174238,0.17762921236880075,0.6729160854700007,0.5326876494311255,0.18173556261735613,0.8242649659783532,0.7492899159489625,0.24272449098653007
s1601a:s16_s1601a_raw_nemo_buffer_000137-vad_percentile_rms-0000-0001-534916,s16,s1601a,,,,unknown,unknown,unknown,0.3019935748531097,0.13792474192628676,0.026663022824385808,0.8738737472678351,0.7854871929396543,0.3540822298788902,0.6129043026552693,0.33750717351825243,0.07886532324942253
s1601a:s16_s1601a_raw_nemo_buffer_000138-vad_percentile_rms-0000-0000-540100,s16,s1601a,,,,unknown,unknown,unknown,0.8951792392997874,0.8608737858363692,0.21589771199938837,0.7444299330320555,0.5558499024596835,0.11919815651428978,0.897998113552767,0.855213280088442,0.20771209574135963
s1601a:s16_s1601a_raw_nemo_buffer_000139-vad_percentile_rms-0000-0001-542484,s16,s1601a,,,,unknown,unknown,unknown,0.7758221160224389,0.7747052668280777,0.3699110654210828,0.7615114419756827,0.6451056971834458,0.26130921013586456,0.8559845940899371,0.8411344897769835,0.45890651311204
s1601a:s16_s1601a_raw_nemo_buffer_000139-vad_percentile_rms-0000-0002-544860,s16,s1601a,,,,unknown,unknown,unknown,0.6239421455492599,0.47845742519899886,0.1031227108116866,0.6350497529933877,0.47611412058396,0.13767692366118317,0.7169074712205871,0.5526081893700853,0.12328194295104182
s1601a:s16_s1601a_raw_nemo_buffer_000139-vad_percentile_rms-0000-0003-547492,s16,s1601a,,,,unknown,unknown,unknown,0.3805312914095541,0.2469418175280653,0.017287359235966457,0.5614728927005005,0.40397807124195867,0.11323516770582233,0.4731039202283518,0.3099571351394137,0.0250657765887334
s1601a:s16_s1601a_raw_nemo_buffer_000139-vad_percentile_rms-0000-0004-548168,s16,s1601a,,,,unknown,unknown,unknown,0.4487556815370096,0.16044913412097986,0.015569285196841509,0.823631216863811,0.7087772631074418,0.27159695029537834,0.6182239627544096,0.2635820007799222,0.022394002943950306
s1601a:s16_s1601a_raw_nemo_buffer_000140-vad_percentile_rms-0000-0000-549012,s16,s1601a,,,,unknown,unknown,unknown,0.998853482657722,0.9937440539994625,0.9043458413233264,0.8247476799269501,0.6457645928475501,0.12908570862590618,0.9987850479004977,0.994086872561159,0.9361473391416553
s1601a:s16_s1601a_raw_nemo_buffer_000140-vad_percentile_rms-0000-0001-552160,s16,s1601a,,,,unknown,unknown,unknown,0.4901813003006839,0.3489339554449181,0.10938832561744881,0.7834015695337304,0.6164174639173118,0.15348941908794042,0.5819361332429706,0.3922082810795047,0.07976651739554122
s1601a:s16_s1601a_raw_nemo_buffer_000141-vad_percentile_rms-0000-0000-553120,s16,s1601a,1,1,,bad,bad,unknown,0.9292754345597724,0.9610789875964648,0.8039881933796502,0.738671183215196,0.5969711605974217,0.19715971089541126,0.9468449844427497,0.9634990567568935,0.7658323893159362
s1601a:s16_s1601a_raw_nemo_buffer_000141-vad_percentile_rms-0000-0001-555356,s16,s1601a,,,,unknown,unknown,unknown,0.4979775646946404,0.38023183094383334,0.028676054462092933,0.7498162542974626,0.6037014664808014,0.1901583575338896,0.6770609291915592,0.5280776688858642,0.050832978417293825
s1601a:s16_s1601a_raw_nemo_buffer_000142-vad_percentile_rms-0000-0000-555676,s16,s1601a,,,,unknown,unknown,unknown,0.9179299619798532,0.8688121397330258,0.07695633824566864,0.7550521222479196,0.5804510864533133,0.14012623730436202,0.9249388328259373,0.885257773408559,0.12362814034323402
s1601a:s16_s1601a_raw_nemo_buffer_000142-vad_percentile_rms-0000-0001-558844,s16,s1601a,,,,unknown,unknown,unknown,0.6095154192664047,0.39285230698690915,0.07974680923705382,0.8824762037679409,0.7795935237297487,0.2907190718334247,0.8102031935253784,0.5921106373725912,0.13009660126301348
s1601a:s16_s1601a_raw_nemo_buffer_000143-vad_percentile_rms-0000-0000-559068,s16,s1601a,,,,unknown,unknown,unknown,0.8834535239379858,0.7728374005562596,0.05324706745964455,0.8418020164629332,0.6833200206576835,0.1598430594265804,0.9297110283277061,0.8411033482647593,0.09026528542632405
s1601a:s16_s1601a_raw_nemo_buffer_000143-vad_percentile_rms-0000-0001-561800,s16,s1601a,,,,unknown,unknown,unknown,0.24966431250698318,0.10789450996050716,0.01784418991636414,0.781930480967748,0.5979808942028356,0.12674761944642762,0.5207440794625825,0.21652397832277095,0.02482204014327756
s1601a:s16_s1601a_raw_nemo_buffer_000144-vad_percentile_rms-0000-0000-562012,s16,s1601a,,,,unknown,unknown,unknown,0.8413390671354475,0.7151588812542685,0.033478612871691085,0.7874877359818094,0.6017632220982937,0.12398572171336789,0.8967875270768852,0.7915451670967835,0.06046549401255411
s1601a:s16_s1601a_raw_nemo_buffer_000145-vad_percentile_rms-0000-0000-566372,s16,s1601a,,,,unknown,unknown,unknown,0.6213915413596464,0.4921483160451222,0.0267896907618487,0.7250822257100368,0.5621596971772043,0.15513979657340293,0.7534731776365043,0.6193544155099749,0.048215256608704356
s1601a:s16_s1601a_raw_nemo_buffer_000145-vad_percentile_rms-0000-0001-567256,s16,s1601a,0,0,0,safe,safe,safe,0.38797273052852477,0.2800606662213877,0.020745257337139396,0.03976774957570716,0.03638873237406634,0.03467602420910607,0.15140280218169663,0.13402111721849072,0.016481212500709264
s1601a:s16_s1601a_raw_nemo_buffer_000145-vad_percentile_rms-0000-0002-567352,s16,s1601a,,,,unknown,unknown,unknown,0.025470490442793408,0.013612294304970986,0.010215933951383338,0.03546707175990894,0.034443154706338214,0.03785669131991206,0.01356922130065788,0.00881442393177257,0.009259478713870478
s1601a:s16_s1601a_raw_nemo_buffer_000145-vad_percentile_rms-0000-0003-570828,s16,s1601a,,,,unknown,unknown,unknown,0.3797993223508955,0.17746536125079315,0.035992842488024444,0.8410419408028937,0.7209667148244608,0.2531013352724411,0.6533276193115352,0.3442410063269652,0.06532394882237724
s1601a:s16_s1601a_raw_nemo_buffer_000146-vad_percentile_rms-0000-0000-571104,s16,s1601a,,,,unknown,unknown,unknown,0.8508393613326741,0.7558458819676366,0.05861852175769143,0.7906786267946382,0.6298918734436142,0.16435707769961413,0.8991267000082053,0.8240061681165975,0.1143943090342194
s1601a:s16_s1601a_raw_nemo_buffer_000146-vad_percentile_rms-0000-0001-572324,s16,s1601a,1,1,1,bad,bad,bad,0.7418125918963829,0.739320819622953,0.7376693468199754,0.7022593156152327,0.6112323541157352,0.3084799030835087,0.8194392729530209,0.8071626427207628,0.8095054580482081
s1601a:s16_s1601a_raw_nemo_buffer_000146-vad_percentile_rms-0000-0002-573980,s16,s1601a,,,,unknown,unknown,unknown,0.33546095301637974,0.24815757039023736,0.01911243837658121,0.8360290162649667,0.6788748362620509,0.1642854166104817,0.6486234610029263,0.4544740386615926,0.03233941604225305
s1601a:s16_s1601a_raw_nemo_buffer_000147-vad_percentile_rms-0000-0000-574868,s16,s1601a,1,,,bad,unknown,unknown,0.997652432842206,0.991620173875046,0.9061347345222491,0.8739609212616137,0.7175772588908783,0.1483579347322378,0.9982521565740088,0.9938494255245486,0.930649586059353
s1601a:s16_s1601a_raw_nemo_buffer_000147-vad_percentile_rms-0000-0001-576204,s16,s1601a,,,,unknown,unknown,unknown,0.4190958578337683,0.2597409673284402,0.016025727438359626,0.8614433111265034,0.7068651549006252,0.1592274033656734,0.6676466013154142,0.4263167838936725,0.024746155087611514
s1601a:s16_s1601a_raw_nemo_buffer_000148-vad_percentile_rms-0000-0000-577396,s16,s1601a,,,,unknown,unknown,unknown,0.9973594082793832,0.990726139576637,0.8144180300169418,0.8411196874005247,0.6667348120878764,0.13185708231766205,0.9980235415228482,0.9932565021089143,0.8802399534167578
s1601a:s16_s1601a_raw_nemo_buffer_000148-vad_percentile_rms-0000-0001-579004,s16,s1601a,,,,unknown,unknown,unknown,0.4779874052800358,0.3335914296612484,0.033818131913407476,0.7277835801723399,0.536607338891499,0.11415446571630768,0.6356133601117161,0.4287321109204444,0.037798176746859743
s1601a:s16_s1601a_raw_nemo_buffer_000149-vad_percentile_rms-0000-0000-579600,s16,s1601a,,,,unknown,unknown,unknown,0.9311153901649498,0.914738248351777,0.2666706057844042,0.8304912616414515,0.6584385930611136,0.1387970314620468,0.9553042256447841,0.9349925833177319,0.3068873075486416
s1601a:s16_s1601a_raw_nemo_buffer_000149-vad_percentile_rms-0000-0001-581388,s16,s1601a,,,,unknown,unknown,unknown,0.5060874208254528,0.3588323063884189,0.03479147861872868,0.8499740003037478,0.6897832764805729,0.1535004003647708,0.7764564216777761,0.5736647152431413,0.05573462083039523
s1601a:s16_s1601a_raw_nemo_buffer_000150-vad_percentile_rms-0000-0000-581812,s16,s1601a,,,,unknown,unknown,unknown,0.9949646487841942,0.9806615749064554,0.8627930647084127,0.7712176924949581,0.5996632346797719,0.14577093285669143,0.9957752698670062,0.9852634803827848,0.909304710126708
s1601a:s16_s1601a_raw_nemo_buffer_000150-vad_percentile_rms-0000-0001-584660,s16,s1601a,,,,unknown,unknown,unknown,0.37702238836464064,0.23786216304616364,0.14653207363744372,0.8424012622044106,0.7703407285458342,0.4285181666369601,0.6376328328536335,0.4525139311542372,0.2814102720845076
s1601a:s16_s1601a_raw_nemo_buffer_000150-vad_percentile_rms-0000-0002-584844,s16,s1601a,,,,unknown,unknown,unknown,0.2768819162689315,0.14544352705147554,0.027448022322438,0.851413556713571,0.7497362321644322,0.31014244764639426,0.540109827466518,0.31510897348248285,0.0644400837242013
s1601a:s16_s1601a_raw_nemo_buffer_000151-vad_percentile_rms-0000-0000-585292,s16,s1601a,,,,unknown,unknown,unknown,0.9065878675011546,0.8588355304664698,0.08471788993717742,0.7041923657902633,0.531876196670892,0.13639756693289548,0.9252095863406906,0.8874223601346761,0.14795939986374634
s1601a:s16_s1601a_raw_nemo_buffer_000151-vad_percentile_rms-0000-0001-585772,s16,s1601a,,,,unknown,unknown,unknown,0.7213580476540884,0.6149212405624281,0.06316081206445856,0.8323098357936175,0.6760605886668942,0.1671316267091556,0.8812843561884784,0.7763140785664162,0.11535802559175284
s1601a:s16_s1601a_raw_nemo_buffer_000152-vad_percentile_rms-0000-0000-586284,s16,s1601a,,,,unknown,unknown,unknown,0.8470802392663194,0.757001759341831,0.06572304375867918,0.7916809333357677,0.6133679345443935,0.13470732225739956,0.9095215916143631,0.8291928271341324,0.1094680088843471
s1601a:s16_s1601a_raw_nemo_buffer_000152-vad_percentile_rms-0000-0001-588332,s16,s1601a,,,,unknown,unknown,unknown,0.4609913206580724,0.34469934700059696,0.043394008784669105,0.8931350129474082,0.8060186667226985,0.3474762993179605,0.7876970080308092,0.6219717165623696,0.09612408558087934
s1601a:s16_s1601a_raw_nemo_buffer_000153-vad_percentile_rms-0000-0000-588748,s16,s1601a,,,,unknown,unknown,unknown,0.8794028663866124,0.7935419513510104,0.061721061867258876,0.7731729845367917,0.5921360729449107,0.1311016498012711,0.8903437640480002,0.8165216965557006,0.08924166478462994
s1601a:s16_s1601a_raw_nemo_buffer_000153-vad_percentile_rms-0000-0001-590680,s16,s1601a,,,,unknown,unknown,unknown,0.5262431116948806,0.41893102983800357,0.23305082866622115,0.7885497904440593,0.6700770097986253,0.26048435933756997,0.706781052180924,0.574565150354072,0.3045375872624921
s1601a:s16_s1601a_raw_nemo_buffer_000154-vad_percentile_rms-0000-0000-591940,s16,s1601a,,,,unknown,unknown,unknown,0.8969440800808236,0.8066499247583834,0.048676903322237654,0.8224615846779637,0.6440383817859185,0.13044639065381228,0.9334156137779969,0.8606995538580565,0.0865157062779253
s1601a:s16_s1601a_raw_nemo_buffer_000154-vad_percentile_rms-0000-0001-593420,s16,s1601a,,,,unknown,unknown,unknown,0.2901139516318084,0.23220723801392876,0.024508129569965422,0.7932658264963631,0.6230916738682434,0.14769895903019645,0.5860049718265645,0.4115623907505777,0.03756216256311022
s1601a:s16_s1601a_raw_nemo_buffer_000155-vad_percentile_rms-0000-0000-593676,s16,s1601a,,,,unknown,unknown,unknown,0.7922186256793875,0.7029802523052493,0.08721556696134686,0.8182127845296988,0.657527022779857,0.16167948137379304,0.8811999022894336,0.7921833863912665,0.12802255435312154
s1601a:s16_s1601a_raw_nemo_buffer_000155-vad_percentile_rms-0000-0001-597288,s16,s1601a,0,0,0,safe,safe,safe,0.04047505189794457,0.013788490192047493,0.002400207255873311,0.4768996948113328,0.35705207386015997,0.12868377902717465,0.09706829639922462,0.03070965894773435,0.00565881483798275
s1601a:s16_s1601a_raw_nemo_buffer_000155-vad_percentile_rms-0000-0002-599996,s16,s1601a,,,,unknown,unknown,unknown,0.4653140053500587,0.26420441086561597,0.09575041458141613,0.9076445134774545,0.828513997269915,0.37166809893327707,0.7801815111215349,0.5189744703965873,0.17502278452541878
s2201a:s22_s2201a_raw_nemo_buffer_000000-vad_percentile_rms-0000-0000-23608,s22,s2201a,,,,unknown,unknown,unknown,0.8516533135815414,0.8218148202633694,0.3129214034733777,0.5516238031062363,0.43408613087201947,0.18192815325082198,0.7940978910423073,0.8080224658344606,0.3913907149901364
s2201a:s22_s2201a_raw_nemo_buffer_000000-vad_percentile_rms-0000-0001-24876,s22,s2201a,,,,unknown,unknown,unknown,0.40857294281166395,0.24737886426607755,0.05764075367740917,0.8428472362063609,0.6737204273753216,0.17422707804828422,0.6281525885083608,0.35472596653463273,0.05269649897789212
s2201a:s22_s2201a_raw_nemo_buffer_000002-vad_percentile_rms-0000-0000-28908,s22,s2201a,,,,unknown,unknown,unknown,0.2955802035972007,0.17745609988719724,0.07173005044162552,0.818071606152445,0.6198644966107031,0.13106364471547188,0.5484274056433395,0.25784348410657376,0.04884199258513237
s2201a:s22_s2201a_raw_nemo_buffer_000003-vad_percentile_rms-0000-0000-31436,s22,s2201a,,,,unknown,unknown,unknown,0.3179084697079422,0.1921865074518823,0.06664952293787467,0.7992381364019097,0.6099068540229536,0.1453829374141107,0.53332534481112,0.26829365150506074,0.05142314133888032
s2201a:s22_s2201a_raw_nemo_buffer_000004-vad_percentile_rms-0000-0000-64928,s22,s2201a,,,,unknown,unknown,unknown,0.8131474358299225,0.693016705180546,0.594558959725757,0.7477440319457733,0.5532134656366884,0.13444140737792856,0.8993103893175464,0.7655691756024535,0.5095879623822447
s2201a:s22_s2201a_raw_nemo_buffer_000006-vad_percentile_rms-0000-0000-68112,s22,s2201a,,,,unknown,unknown,unknown,0.9245673378139748,0.9300871076220051,0.482795694466876,0.507646943299476,0.4298709616008954,0.23121999827872347,0.8844629132300798,0.9131805363119918,0.5574230553167081
s2201a:s22_s2201a_raw_nemo_buffer_000006-vad_percentile_rms-0000-0001-69324,s22,s2201a,,,,unknown,unknown,unknown,0.2847387446174836,0.13993306469466474,0.01803313901454497,0.7904269192495997,0.5843465640502564,0.12209333887139161,0.47976314005348897,0.18913300319339388,0.012217594426457964
s2201a:s22_s2201a_raw_nemo_buffer_000007-vad_percentile_rms-0000-0000-70068,s22,s2201a,,,,unknown,unknown,unknown,0.9792966794368755,0.6106463807328322,0.9467230598472334,0.6776305652070016,0.5018425727809742,0.14460032910293225,0.9695448114491791,0.5712932057234082,0.9364644461554493
s2201a:s22_s2201a_raw_nemo_buffer_000007-vad_percentile_rms-0000-0001-73372,s22,s2201a,,,,unknown,unknown,unknown,0.2457651724102824,0.17787062221678626,0.12002571325056166,0.6866903759619953,0.5273274075643749,0.17307028482039677,0.3830557846053896,0.26217258563372037,0.1283280302546764
s2201a:s22_s2201a_raw_nemo_buffer_000008-vad_percentile_rms-0000-0000-73556,s22,s2201a,,,,unknown,unknown,unknown,0.9331584403606518,0.2654462988014904,0.754763028958542,0.7593791182511263,0.5800353847470946,0.15851858319632126,0.9358639126536429,0.2848397302274743,0.7102368114504292
s2201a:s22_s2201a_raw_nemo_buffer_000008-vad_percentile_rms-0000-0001-74296,s22,s2201a,0,0,0,safe,safe,safe,0.36344415227840376,0.26522498039339143,0.15412691621432753,0.1666951952273824,0.11594229948628151,0.04643444556708409,0.2231374900835997,0.17487027150303805,0.09801989559484472
s2201a:s22_s2201a_raw_nemo_buffer_000008-vad_percentile_rms-0000-0002-75048,s22,s2201a,,,,unknown,unknown,unknown,0.5323258260059107,0.6390850410465935,0.6071146047259235,0.7499680633803888,0.6178913337340936,0.2479862955045321,0.6495816166432766,0.6886274664386152,0.6122020978618354
s2201a:s22_s2201a_raw_nemo_buffer_000008-vad_percentile_rms-0000-0003-76384,s22,s2201a,0,0,0,safe,safe,safe,0.5350194558948972,0.5757430688116989,0.07941344703936332,0.04212019080874087,0.04580793995916676,0.05081374499126633,0.1652318961771779,0.32965767442587646,0.08373627654684286
s2201a:s22_s2201a_raw_nemo_buffer_000008-vad_percentile_rms-0000-0004-77740,s22,s2201a,,,,unknown,unknown,unknown,0.4480675059220603,0.30220417453626375,0.09888015053670458,0.7319359249074034,0.5025146141828544,0.09188766018550347,0.60423213551141,0.3420296190190335,0.05586557808666249
s2201a:s22_s2201a_raw_nemo_buffer_000009-vad_percentile_rms-0000-0000-77928,s22,s2201a,,,,unknown,unknown,unknown,0.7070987241739665,0.6419803564816047,0.2973295350728868,0.7150864892605937,0.48429515102983955,0.08826472877650234,0.755528565131426,0.643871839475911,0.18967012828051708
s2201a:s22_s2201a_raw_nemo_buffer_000009-vad_percentile_rms-0000-0001-79500,s22,s2201a,,,,unknown,unknown,unknown,0.36884932858236563,0.2826903138133093,0.08396596356986662,0.7643241097429732,0.6139057644389218,0.21182814677176173,0.5088610768856322,0.38377881540267406,0.1086942645024991
s2201a:s22_s2201a_raw_nemo_buffer_000010-vad_percentile_rms-0000-0000-80264,s22,s2201a,1,1,,bad,bad,unknown,0.7117030238395646,0.6557610253317662,0.22674924013178005,0.7811963939056235,0.579739727092238,0.12802022466163918,0.7485294361497473,0.669581252615941,0.1775756689719509
s2201a:s22_s2201a_raw_nemo_buffer_000010-vad_percentile_rms-0000-0001-81332,s22,s2201a,,,,unknown,unknown,unknown,0.6773103567400818,0.38181932242587513,0.2969331948207179,0.6406108524410881,0.4225238242802548,0.08476683559610829,0.7276700904936725,0.3644975334607127,0.14645088566262307
s2201a:s22_s2201a_raw_nemo_buffer_000011-vad_percentile_rms-0000-0000-82444,s22,s2201a,1,1,,bad,bad,unknown,0.7843099721757028,0.7003599914796457,0.2053820240492998,0.7782086463763817,0.5567737983336926,0.10374905265546698,0.81983062700645,0.6967490028146464,0.1353544499987499
s2201a:s22_s2201a_raw_nemo_buffer_000011-vad_percentile_rms-0000-0001-85500,s22,s2201a,,,,unknown,unknown,unknown,0.25147089929932076,0.14750378821381943,0.020323252207741928,0.7749164292064336,0.5551565369561328,0.10550473241603597,0.4423983053184227,0.19589320401002072,0.012618045006700114
s2201a:s22_s2201a_raw_nemo_buffer_000012-vad_percentile_rms-0000-0000-86916,s22,s2201a,1,,,bad,unknown,unknown,0.846494257705369,0.869040697751622,0.7439560748685294,0.7615703608428768,0.5378850119114843,0.10057319734922227,0.8777088481079456,0.8716095791195786,0.6136338698522824
s2201a:s22_s2201a_raw_nemo_buffer_000012-vad_percentile_rms-0000-0001-87564,s22,s2201a,1,1,1,bad,bad,bad,0.6761757985832001,0.531688405182647,0.2800579631329252,0.6166746542070679,0.43531186045188486,0.11679637815051025,0.6815150413249533,0.5045472256547369,0.20833570282275843
s2201a:s22_s2201a_raw_nemo_buffer_000012-vad_percentile_rms-0000-0002-87780,s22,s2201a,,,,unknown,unknown,unknown,0.6206622087891498,0.6162937610743164,0.3021063491068508,0.8356658691034132,0.6792852075391828,0.20166052955199124,0.7820477319321619,0.722265969792416,0.2906504033909493
s2201a:s22_s2201a_raw_nemo_buffer_000013-vad_percentile_rms-0000-0000-88168,s22,s2201a,1,1,,bad,bad,unknown,0.7441925366463841,0.5415740290889829,0.22121837687059898,0.7920818229137149,0.6062848615245415,0.1508689026589055,0.7825238306892378,0.5613956641101434,0.16962802595114174
s2201a:s22_s2201a_raw_nemo_buffer_000013-vad_percentile_rms-0000-0001-89228,s22,s2201a,,,,unknown,unknown,unknown,0.49861548361101726,0.32708677325047597,0.20802828844428628,0.6827008948882062,0.5148026769852351,0.15799891626764248,0.5716995140412907,0.3722396512644105,0.17644511390297166
s2201a:s22_s2201a_raw_nemo_buffer_000014-vad_percentile_rms-0000-0000-89700,s22,s2201a,1,,,bad,unknown,unknown,0.7493398483502975,0.6911109152156072,0.2985672487777726,0.7823810454845718,0.5803237726975337,0.1272564833389639,0.7834112614873079,0.7090184778250652,0.24759756681992232
s2201a:s22_s2201a_raw_nemo_buffer_000014-vad_percentile_rms-0000-0001-90728,s22,s2201a,,,,unknown,unknown,unknown,0.6185780415456287,0.37094614196558406,0.17335235213097874,0.8155359495915606,0.628767402216971,0.14837235643624735,0.7636030607261732,0.4556979940323764,0.1254664556525714
s2201a:s22_s2201a_raw_nemo_buffer_000015-vad_percentile_rms-0000-0000-93420,s22,s2201a,,,,unknown,unknown,unknown,0.5146182552935173,0.3466435550862767,0.09468291839577755,0.8128614073244184,0.5961376675625158,0.10791338142279541,0.7059488187852186,0.42845942063470194,0.05946694113615411
s2201a:s22_s2201a_raw_nemo_buffer_000016-vad_percentile_rms-0000-0000-93608,s22,s2201a,1,1,,bad,bad,unknown,0.8247059135530651,0.8021980145991146,0.38885318490666754,0.7381297628756165,0.5052596159925619,0.08929974451845163,0.844385968885237,0.7947515696424269,0.27583457106211146
s2201a:s22_s2201a_raw_nemo_buffer_000016-vad_percentile_rms-0000-0001-94760,s22,s2201a,,,,unknown,unknown,unknown,0.17126662803568288,0.12269026235368655,0.04625707056033638,0.730494687875796,0.5018816608962381,0.09249385432939786,0.3202136481176041,0.15793538720961459,0.02332429124547132
s2201a:s22_s2201a_raw_nemo_buffer_000017-vad_percentile_rms-0000-0000-95068,s22,s2201a,,,,unknown,unknown,unknown,0.7661730086038766,0.622717098276651,0.058574646754678036,0.7134249362936539,0.4945400544869599,0.09979150052559502,0.764393630362885,0.6078755236715353,0.050622176033472376
s2201a:s22_s2201a_raw_nemo_buffer_000017-vad_percentile_rms-0000-0001-96320,s22,s2201a,,,,unknown,unknown,unknown,0.4604551195840861,0.2184430489680072,0.029381849440533618,0.7319140575185821,0.5025049945878833,0.09189684636813945,0.5992377525984584,0.24816081163600887,0.01728616806668549
s2201a:s22_s2201a_raw_nemo_buffer_000018-vad_percentile_rms-0000-0000-96904,s22,s2201a,1,1,,bad,bad,unknown,0.6471418700135647,0.5667142709726563,0.2161206997109408,0.7947863856988023,0.5865689063105897,0.11931313944117607,0.726552120559595,0.5860764559002526,0.13499097979269223
s2201a:s22_s2201a_raw_nemo_buffer_000018-vad_percentile_rms-0000-0001-98176,s22,s2201a,0,0,0,safe,safe,safe,0.22079405695585555,0.17102920979835387,0.07473759066916796,0.20520992304132687,0.1352048704435409,0.046558055406948,0.14904462642427832,0.11126232324658786,0.036455903643520256
s2201a:s22_s2201a_raw_nemo_buffer_000018-vad_percentile_rms-0000-0002-101096,s22,s2201a,,,,unknown,unknown,unknown,0.34043944207133897,0.23115354408955702,0.1775963100245406,0.8117281873328674,0.7135226330512934,0.35989941489942956,0.5763690841029674,0.4341006968379828,0.3186472838473143
s2201a:s22_s2201a_raw_nemo_buffer_000019-vad_percentile_rms-0000-0000-101628,s22,s2201a,1,,,bad,unknown,unknown,0.8123064989380256,0.8442493213037254,0.37379212502948833,0.6962349098836831,0.5202528864493318,0.14986773072189713,0.8380926385079521,0.8558257837573601,0.3490850363041125
s2201a:s22_s2201a_raw_nemo_buffer_000019-vad_percentile_rms-0000-0001-102428,s22,s2201a,,,,unknown,unknown,unknown,0.32822973317832216,0.22637251433131914,0.05259610842465105,0.7424168958752838,0.5181291104595537,0.09825057670711965,0.5054541042159187,0.27742438831104627,0.032771591386169675
s2201a:s22_s2201a_raw_nemo_buffer_000020-vad_percentile_rms-0000-0000-102656,s22,s2201a,,,,unknown,unknown,unknown,0.6372921302228075,0.45147071038498743,0.03083033834875377,0.7247704741244877,0.49938848511761386,0.09491665123997008,0.7038350947806471,0.4787524368451364,0.02460592512124196
s2201a:s22_s2201a_raw_nemo_buffer_000020-vad_percentile_rms-0000-0001-104040,s22,s2201a,,,,unknown,unknown,unknown,0.34648034291424823,0.20872639206505725,0.015456653383103107,0.7974599343930284,0.5772943561411356,0.10502051242338886,0.5290592999367131,0.25738687756462747,0.010254831369807439
s2201a:s22_s2201a_raw_nemo_buffer_000021-vad_percentile_rms-0000-0000-105856,s22,s2201a,1,,,bad,unknown,unknown,0.8881384918027332,0.799304748258802,0.46574064751443883,0.7349226565501652,0.642186420254006,0.34313059973101434,0.8920105778217293,0.8599451592773659,0.6683009165522104
s2201a:s22_s2201a_raw_nemo_buffer_000021-vad_percentile_rms-0000-0001-107372,s22,s2201a,,,,unknown,unknown,unknown,0.37892631718396386,0.2778036112736824,0.02361463089960496,0.7652796174828141,0.5396471232996873,0.09875294394218438,0.4864075933748954,0.2988481212965487,0.014429111447357668
s2201a:s22_s2201a_raw_nemo_buffer_000022-vad_percentile_rms-0000-0000-107604,s22,s2201a,,,,unknown,unknown,unknown,0.9888414314147965,0.7993705919684468,0.9893932052220076,0.820206847711506,0.6002072798478049,0.10333818994426519,0.9894905096171138,0.7817223147193988,0.9750931744830057
s2201a:s22_s2201a_raw_nemo_buffer_000022-vad_percentile_rms-0000-0001-108120,s22,s2201a,,,,unknown,unknown,unknown,0.46653274253660454,0.31500396994068736,0.12500778078184102,0.7233034063035423,0.49875471545191336,0.09554152301582228,0.6449445649102445,0.38050245193560905,0.08018489078117626
s2201a:s22_s2201a_raw_nemo_buffer_000023-vad_percentile_rms-0000-0000-108472,s22,s2201a,,,,unknown,unknown,unknown,0.6192005031595427,0.408210555350512,0.01790054646058999,0.7707471266940024,0.5422782491226942,0.09608774793910667,0.6898154122406571,0.4330687281163765,0.013980709383384308
s2201a:s22_s2201a_raw_nemo_buffer_000023-vad_percentile_rms-0000-0001-111912,s22,s2201a,,,,unknown,unknown,unknown,0.6933250753168239,0.199621044219801,0.04695685008385269,0.7964459961925157,0.5979987243364163,0.13220436681871633,0.8441749716795056,0.2944886475262306,0.03554927418226311
s2201a:s22_s2201a_raw_nemo_buffer_000024-vad_percentile_rms-0000-0000-113288,s22,s2201a,1,1,,bad,bad,unknown,0.7491727095416848,0.6666426272403598,0.25058953478914947,0.7730228226236159,0.5542333993465106,0.10651800735585423,0.784118660353883,0.6763450703512155,0.18082378734243948
s2201a:s22_s2201a_raw_nemo_buffer_000024-vad_percentile_rms-0000-0001-114212,s22,s2201a,,,,unknown,unknown,unknown,0.7634420390648015,0.7090893029528764,0.4402445607927445,0.7444778177980892,0.5299862742837465,0.10909059401489311,0.8147973812874676,0.7178068857270097,0.2888778884050272
s2201a:s22_s2201a_raw_nemo_buffer_000025-vad_percentile_rms-0000-0000-116780,s22,s2201a,,,,unknown,unknown,unknown,0.2423597901032886,0.15333479379313478,0.04089740648690073,0.7685205694196264,0.5412018084710868,0.09717054882612237,0.38480947895146406,0.18560219032787317,0.021974435657223415
s2201a:s22_s2201a_raw_nemo_buffer_000026-vad_percentile_rms-0000-0000-118116,s22,s2201a,1,,,bad,unknown,unknown,0.7737879080754559,0.7995843826980463,0.6312771211995816,0.7658169667866762,0.5399039069907199,0.09849006596401513,0.8220378441496355,0.8040395553294636,0.4590571826564151
s2201a:s22_s2201a_raw_nemo_buffer_000026-vad_percentile_rms-0000-0001-118944,s22,s2201a,,,,unknown,unknown,unknown,0.36635574214672206,0.255770438587323,0.008412175922697905,0.7916993347376688,0.5743178778976786,0.10834265974656904,0.5275682688010752,0.30312546024520937,0.005618351207654167
s2201a:s22_s2201a_raw_nemo_buffer_000027-vad_percentile_rms-0000-0000-119260,s22,s2201a,,,,unknown,unknown,unknown,0.7159437482638246,0.5915888543919982,0.0778517473229714,0.7085961977634415,0.492511887856195,0.10189624089257157,0.7197663140233012,0.5701475138861939,0.06368673172864235
s2201a:s22_s2201a_raw_nemo_buffer_000027-vad_percentile_rms-0000-0001-122236,s22,s2201a,,,,unknown,unknown,unknown,0.1634177250796024,0.09180403058417116,0.015549339872539921,0.7517197405597288,0.5223720644436719,0.09402517100667089,0.3031460314523984,0.11590143190464576,0.008619520163936195
s2201a:s22_s2201a_raw_nemo_buffer_000028-vad_percentile_rms-0000-0000-123284,s22,s2201a,,,,unknown,unknown,unknown,0.9866716964907387,0.6093690449924876,0.9790180967142834,0.8262479870794377,0.6244040156261281,0.12489935999859798,0.9868894995298209,0.5619227218306795,0.9359178145694721
s2201a:s22_s2201a_raw_nemo_buffer_000028-vad_percentile_rms-0000-0001-124308,s22,s2201a,0,0,0,safe,safe,safe,0.06833002375573426,0.024717943976035744,0.007632554598654923,0.14600406475833103,0.10217597730924825,0.04221366679661762,0.04872578778565782,0.017610396608131663,0.004676064220949299
s2201a:s22_s2201a_raw_nemo_buffer_000028-vad_percentile_rms-0000-0002-126628,s22,s2201a,,,,unknown,unknown,unknown,0.4712279672468269,0.35693542702480757,0.06512402099494059,0.7841931716651493,0.5812211893254281,0.1260899734365452,0.612876121883331,0.40906082245994696,0.04146982219278342
s2201a:s22_s2201a_raw_nemo_buffer_000029-vad_percentile_rms-0000-0000-127128,s22,s2201a,,,,unknown,unknown,unknown,0.5303649724793826,0.2530370011605472,0.02140407515782936,0.7169129973968302,0.49601796084072824,0.09828234649027795,0.5869233513678472,0.2703835716157272,0.01583192401541305
s2201a:s22_s2201a_raw_nemo_buffer_000029-vad_percentile_rms-0000-0001-128628,s22,s2201a,1,,,bad,unknown,unknown,0.45459182371587886,0.4643587360020649,0.3292806352059316,0.7322056570140306,0.5786429882836961,0.19778610114408285,0.5433499682702421,0.5323422122756465,0.3130227723923665
s2201a:s22_s2201a_raw_nemo_buffer_000029-vad_percentile_rms-0000-0002-129788,s22,s2201a,,,,unknown,unknown,unknown,0.3443981163646907,0.2533204300400454,0.42314447376795855,0.4361730631296484,0.31521188991890114,0.11259771843102466,0.34147082835901543,0.24578191514509484,0.3629859566874601
s2201a:s22_s2201a_raw_nemo_buffer_000029-vad_percentile_rms-0000-0003-131800,s22,s2201a,,,,unknown,unknown,unknown,0.4694535950731317,0.31552054837431226,0.11257370140069821,0.7873344934836364,0.7026511867283978,0.39524404234336474,0.5927444349870373,0.4721371154082762,0.2496584117235579
s2201a:s22_s2201a_raw_nemo_buffer_000030-vad_percentile_rms-0000-0000-132600,s22,s2201a,1,1,,bad,bad,unknown,0.7815808325981445,0.6299187176277263,0.2866784571502426,0.712450962349419,0.5160286918000562,0.1256485227956543,0.8020199688388262,0.6253856446401654,0.20796857559978224
s2201a:s22_s2201a_raw_nemo_buffer_000030-vad_percentile_rms-0000-0001-132908,s22,s2201a,1,1,1,bad,bad,bad,0.7078271530958428,0.5662024172780677,0.17208188063824711,0.7524697987082195,0.5981130304666549,0.20141852615787229,0.7814437590243155,0.6415349931967047,0.18919736143588636
s2201a:s22_s2201a_raw_nemo_buffer_000030-vad_percentile_rms-0000-0002-133540,s22,s2201a,,,,unknown,unknown,unknown,0.5346031539012227,0.4430742748480605,0.20507711914027363,0.7460655225808134,0.5197812987730659,0.09658581251692111,0.6588867630148141,0.47987105822254217,0.11515674024015962
s2201a:s22_s2201a_raw_nemo_buffer_000031-vad_percentile_rms-0000-0000-133976,s22,s2201a,1,,,bad,unknown,unknown,0.8686938898936902,0.7778725572182859,0.24467875976088463,0.7742050881106863,0.5656024734858178,0.11856858489569887,0.8753626783619995,0.7701193882336708,0.17546747984457023
s2201a:s22_s2201a_raw_nemo_buffer_000031-vad_percentile_rms-0000-0001-134020,s22,s2201a,1,1,,bad,bad,unknown,0.8758805783316783,0.8476535381048176,0.2579947700922378,0.5379514830915966,0.47277840152699874,0.28106573823031106,0.8406067240753574,0.8575773412717634,0.404949517227197
s2201a:s22_s2201a_raw_nemo_buffer_000031-vad_percentile_rms-0000-0002-135576,s22,s2201a,,,,unknown,unknown,unknown,0.44613074742651343,0.24773365788878832,0.18788688419401448,0.6881449292399286,0.4622952874131262,0.08824498494058615,0.5554137142551521,0.2629564136986787,0.09772370403761371
s2201a:s22_s2201a_raw_nemo_buffer_000032-vad_percentile_rms-0000-0001-137340,s22,s2201a,0,0,0,safe,safe,safe,0.234303655057473,0.18072915863722608,0.029526801087948668,0.49412436583174013,0.3728275156660879,0.14367130787233715,0.2624884364655862,0.20803008899564296,0.03609345030291464
s2201a:s22_s2201a_raw_nemo_buffer_000032-vad_percentile_rms-0000-0002-139472,s22,s2201a,,,,unknown,unknown,unknown,0.17818310055934256,0.12741816270769263,0.08180481407411579,0.653522767918438,0.4815465463099117,0.1420942624001108,0.2851239783420344,0.1652439347883759,0.06324932399352501
s2201a:s22_s2201a_raw_nemo_buffer_000033-vad_percentile_rms-0000-0000-140236,s22,s2201a,1,1,1,bad,bad,bad,0.8440721214858924,0.8762354331772981,0.7412092663534491,0.3500933375176915,0.39677752529407334,0.42425659128580506,0.7444636702429379,0.8845439079309234,0.9037920808821203
s2201a:s22_s2201a_raw_nemo_buffer_000033-vad_percentile_rms-0000-0001-141292,s22,s2201a,,,,unknown,unknown,unknown,0.39653169943600325,0.2888176457157888,0.06900466309217466,0.8217640689458202,0.6115417293863531,0.11468916791566851,0.5827961588309248,0.35025837613278377,0.04129127031212036
s2201a:s22_s2201a_raw_nemo_buffer_000034-vad_percentile_rms-0000-0000-142204,s22,s2201a,,,,unknown,unknown,unknown,0.5910904144664597,0.4143377092234271,0.036008664507172994,0.7745639356365353,0.5549843086552763,0.1056931615353542,0.6617622204132286,0.42625859598920274,0.02400478007417024
s2201a:s22_s2201a_raw_nemo_buffer_000034-vad_percentile_rms-0000-0001-145468,s22,s2201a,,,,unknown,unknown,unknown,0.17545498169011278,0.1953235894123328,0.2538063712237596,0.749546688468501,0.6964213766145644,0.4780721249146632,0.3061745849974761,0.3788786964587938,0.5259388751679802
s2201a:s22_s2201a_raw_nemo_buffer_000035-vad_percentile_rms-0000-0000-145716,s22,s2201a,,,,unknown,unknown,unknown,0.9492163994225415,0.3528086779678035,0.8852546637274413,0.6228620370482095,0.45920962616490557,0.14255737714919836,0.9310811166643506,0.33197649399983886,0.8602064206690505
s2201a:s22_s2201a_raw_nemo_buffer_000036-vad_percentile_rms-0000-0000-147116,s22,s2201a,1,1,,bad,bad,unknown,0.448996557119449,0.45223192037173005,0.34124195826596776,0.7555018872856757,0.6099407097927244,0.2199129430590769,0.5535434952403081,0.5445967923387077,0.3794300047128678
s2201a:s22_s2201a_raw_nemo_buffer_000036-vad_percentile_rms-0000-0001-147944,s22,s2201a,,,,unknown,unknown,unknown,0.8191770770813293,0.5554488643156618,0.27597620903245756,0.7126788368317373,0.5596549829026237,0.19288135365802392,0.8570459292130957,0.6398405767970198,0.3240504469424131
s2201a:s22_s2201a_raw_nemo_buffer_000037-vad_percentile_rms-0000-0000-148280,s22,s2201a,,,,unknown,unknown,unknown,0.7392744677804431,0.5828403276077889,0.0504557917853978,0.6933561847275634,0.4643897486209647,0.08632532538846782,0.738349665879822,0.5619028710610109,0.03856834674708937
s2201a:s22_s2201a_raw_nemo_buffer_000037-vad_percentile_rms-0000-0001-150988,s22,s2201a,,,,unknown,unknown,unknown,0.20933977902217135,0.11879704692893832,0.011878359914167715,0.7978445124268617,0.5881466938189049,0.11737005009189322,0.38939536329309987,0.16289893271558542,0.007821197287458302
s2201a:s22_s2201a_raw_nemo_buffer_000038-vad_percentile_rms-0000-0000-151316,s22,s2201a,,,,unknown,unknown,unknown,0.9750906349085581,0.661136716922667,0.9768738209091002,0.7376688467058162,0.537839313847873,0.12591306563830834,0.9670747868101957,0.608883199195522,0.9592612702542638
s2201a:s22_s2201a_raw_nemo_buffer_000038-vad_percentile_rms-0000-0001-153584,s22,s2201a,,,,unknown,unknown,unknown,0.1169313189901032,0.065625284304248,0.012864482246144457,0.6998573969232297,0.4779514897463425,0.09429272526824069,0.23073938744957825,0.08600900894340444,0.007323202419553844
s2201a:s22_s2201a_raw_nemo_buffer_000039-vad_percentile_rms-0000-0000-154508,s22,s2201a,,,,unknown,unknown,unknown,0.6093192281862919,0.6005775392736167,0.42009027638551466,0.7346293455741528,0.5364960274331402,0.1276241114590618,0.6861306454348963,0.641229707299383,0.3218621213289243
s2201a:s22_s2201a_raw_nemo_buffer_000039-vad_percentile_rms-0000-0001-155372,s22,s2201a,,,,unknown,unknown,unknown,0.2536741620165001,0.18355161165595363,0.03593746802778899,0.8164170688380268,0.6085778143063731,0.1183583185354424,0.4163988686418519,0.23420552662424335,0.022098011946413455
s2201a:s22_s2201a_raw_nemo_buffer_000040-vad_percentile_rms-0000-0000-157364,s22,s2201a,1,,,bad,unknown,unknown,0.9790851562640036,0.539910745400447,0.9811932654309306,0.8307888401937213,0.6166867876578934,0.10853188830337414,0.9772759511228966,0.49114986964874274,0.9530202685769944
s2201a:s22_s2201a_raw_nemo_buffer_000041-vad_percentile_rms-0000-0000-161156,s22,s2201a,1,,,bad,unknown,unknown,0.6811026945532952,0.5791439435294025,0.12900001808961015,0.7391485367543218,0.5057150723141879,0.08887673894210095,0.7167084297874962,0.5756494019792209,0.08106538543708268
s2201a:s22_s2201a_raw_nemo_buffer_000041-vad_percentile_rms-0000-0001-166232,s22,s2201a,,,,unknown,unknown,unknown,0.21140665979731701,0.11179009913702842,0.023739050743950444,0.8192570082086833,0.6705738016269824,0.22056923672075313,0.43831639805553774,0.21262370967969318,0.03081591085844445
s2201a:s22_s2201a_raw_nemo_buffer_000042-vad_percentile_rms-0000-0000-166936,s22,s2201a,1,,,bad,unknown,unknown,0.7154102414399218,0.6529074070233492,0.12433745749028334,0.7835096073041634,0.60205046029453,0.1574735059915885,0.7498482078484565,0.675347815289526,0.12094849617179838
s2201a:s22_s2201a_raw_nemo_buffer_000042-vad_percentile_rms-0000-0001-170988,s22,s2201a,,,,unknown,unknown,unknown,0.24655046562316063,0.13696560066657026,0.056064646615126,0.800368907607655,0.6000200736727562,0.12946670877188218,0.45334493917794527,0.19655816280947663,0.03515524767061433
s2201a:s22_s2201a_raw_nemo_buffer_000043-vad_percentile_rms-0000-0000-171572,s22,s2201a,,,,unknown,unknown,unknown,0.9399105386450054,0.2960385629793084,0.816128939776964,0.7536813209712137,0.5667068325430322,0.1460204578544826,0.9409112538944158,0.30440322212552223,0.7517115267103659
s2201a:s22_s2201a_raw_nemo_buffer_000043-vad_percentile_rms-0000-0001-173348,s22,s2201a,,,,unknown,unknown,unknown,0.3645711370384452,0.17158490823892095,0.09482466650001907,0.7368617291371031,0.5156419051260887,0.10080416428336844,0.5312650808855139,0.2050418695389574,0.04925881868517627
s2201a:s22_s2201a_raw_nemo_buffer_000044-vad_percentile_rms-0000-0000-174056,s22,s2201a,,,,unknown,unknown,unknown,0.6878953637655074,0.4927430354048933,0.041183781958157174,0.6427472768698048,0.455671089424923,0.11855566151037253,0.673349897440652,0.49156455987166925,0.046331606047151946
s2201a:s22_s2201a_raw_nemo_buffer_000044-vad_percentile_rms-0000-0001-176832,s22,s2201a,,,,unknown,unknown,unknown,0.23849217626314162,0.16917707232466025,0.12607880790409864,0.7734650169047721,0.6283939529862154,0.22490062085898158,0.4245395111927136,0.2805938105379692,0.15356584269837606
s2201a:s22_s2201a_raw_nemo_buffer_000045-vad_percentile_rms-0000-0000-177292,s22,s2201a,1,1,,bad,bad,unknown,0.8817194497937698,0.8946636747450532,0.7601634792978921,0.6478278812828798,0.5122307389611178,0.19925098604386465,0.8765351851151887,0.9115593358244207,0.8269538277179326
s2201a:s22_s2201a_raw_nemo_buffer_000045-vad_percentile_rms-0000-0001-178472,s22,s2201a,,,,unknown,unknown,unknown,0.22553129126841184,0.1447052665743813,0.03254023991688277,0.7831832411883096,0.5592480904432092,0.10111052363145971,0.42553725796758246,0.1983062235381299,0.01825873343207247
s2201a:s22_s2201a_raw_nemo_buffer_000046-vad_percentile_rms-0000-0000-178872,s22,s2201a,1,1,,bad,bad,unknown,0.8442865175116141,0.8639012627280028,0.6227440774002246,0.6535936807306807,0.5253536963507045,0.21608724860075945,0.8483585016146458,0.8627779249354872,0.5968025840508593
s2201a:s22_s2201a_raw_nemo_buffer_000046-vad_percentile_rms-0000-0001-180204,s22,s2201a,,,,unknown,unknown,unknown,0.2773988448731962,0.15969283175169152,0.023773169517333333,0.7672399895476459,0.5405858083622064,0.09779489952037201,0.44188547166084313,0.1945155859616826,0.01426658840818328
s2201a:s22_s2201a_raw_nemo_buffer_000047-vad_percentile_rms-0000-0000-180628,s22,s2201a,,,,unknown,unknown,unknown,0.8981174403714514,0.2266386647675851,0.7753210917157555,0.7087186167239483,0.48161822982119,0.09076411261333092,0.8993361869903281,0.19904238303954802,0.5793301697894304
s2201a:s22_s2201a_raw_nemo_buffer_000047-vad_percentile_rms-0000-0001-181736,s22,s2201a,1,1,,bad,bad,unknown,0.7267286144634825,0.7379529373487352,0.7115869985231588,0.6202752041070164,0.49102816873747723,0.19764575535698134,0.7437092004365533,0.748203652506419,0.7038970093286943
s2201a:s22_s2201a_raw_nemo_buffer_000047-vad_percentile_rms-0000-0002-183132,s22,s2201a,,,,unknown,unknown,unknown,0.3331938724996236,0.23311952646803727,0.13134733313231609,0.7787764602570467,0.6802539008490676,0.3474185997674599,0.5441703234440992,0.3992448476299762,0.22867169875446008
s2201a:s22_s2201a_raw_nemo_buffer_000048-vad_percentile_rms-0000-0000-183612,s22,s2201a,1,1,,bad,bad,unknown,0.9471623541303027,0.8867943691234376,0.622133402029116,0.6064756199109204,0.5079084930631907,0.25185498238575305,0.9218936848371687,0.8897393749083532,0.7515764145292053
s2201a:s22_s2201a_raw_nemo_buffer_000048-vad_percentile_rms-0000-0001-184764,s22,s2201a,,,,unknown,unknown,unknown,0.2664719319707442,0.20437373781058576,0.07307486444917695,0.7767201569879288,0.5775512118522769,0.13091430438302692,0.43036615764609165,0.2585444883199511,0.050394576905229145
s2201a:s22_s2201a_raw_nemo_buffer_000049-vad_percentile_rms-0000-0000-185748,s22,s2201a,,,,unknown,unknown,unknown,0.9778690436119083,0.644837982043582,0.9508615354215857,0.7442569709775756,0.5516424345663578,0.13657077488782765,0.9683059714921484,0.5950063492749562,0.9302180637052494
s2201a:s22_s2201a_raw_nemo_buffer_000049-vad_percentile_rms-0000-0001-187116,s22,s2201a,,,,unknown,unknown,unknown,0.6815676946713204,0.4018125821384631,0.07666237018894004,0.8000431695576744,0.5892909614642226,0.11597669865703238,0.7590522771084535,0.435399054007603,0.04822317059383852
s2201a:s22_s2201a_raw_nemo_buffer_000050-vad_percentile_rms-0000-0000-187968,s22,s2201a,1,1,,bad,bad,unknown,0.8537753919154086,0.8649476055086527,0.4931867820136415,0.6844124245164663,0.5154850310715682,0.1569619496500255,0.8372246508415974,0.8402799448902151,0.3966557533047752
s2201a:s22_s2201a_raw_nemo_buffer_000050-vad_percentile_rms-0000-0001-189084,s22,s2201a,,,,unknown,unknown,unknown,0.352347863884919,0.2549869296471837,0.02522830670811693,0.6778566607587475,0.45821932443734886,0.09209532608124944,0.45418987141927447,0.27288902588134517,0.014807040263655234
s2201a:s22_s2201a_raw_nemo_buffer_000051-vad_percentile_rms-0000-0001-190728,s22,s2201a,,,,unknown,unknown,unknown,0.5593868862653972,0.32393021249222165,0.19505987215603732,0.7081478961910298,0.546948137190309,0.17696230843225275,0.6570088698822261,0.4037690246753585,0.20576450185463016
s2201a:s22_s2201a_raw_nemo_buffer_000052-vad_percentile_rms-0000-0000-191124,s22,s2201a,1,,,bad,unknown,unknown,0.9934073918950869,0.6791230887810937,0.9957966578392414,0.840215472169823,0.7185535557698572,0.2891850860833832,0.9938361013006879,0.7530192814585501,0.9961661631238102
s2201a:s22_s2201a_raw_nemo_buffer_000052-vad_percentile_rms-0000-0001-193036,s22,s2201a,,,,unknown,unknown,unknown,0.24517634584254427,0.15100597022217327,0.017680899271214814,0.8048544972140736,0.591824882337986,0.1129381857955687,0.421682195234266,0.2018841074291409,0.012273198821581123
s2201a:s22_s2201a_raw_nemo_buffer_000053-vad_percentile_rms-0000-0000-194724,s22,s2201a,0,0,0,safe,safe,safe,0.14681238027853083,0.08878820871911026,0.02459320076072464,0.07985971144905628,0.062150725835146636,0.03408570276257672,0.06415298435076165,0.04671028969308748,0.015012207863908502
s2201a:s22_s2201a_raw_nemo_buffer_000053-vad_percentile_rms-0000-0001-196988,s22,s2201a,,,,unknown,unknown,unknown,0.2799210251892266,0.1771882974180833,0.026687785416408226,0.7925270982670044,0.5960049338080206,0.13494808057858973,0.4669989878569381,0.2455330589068164,0.02077098165153366
s2201a:s22_s2201a_raw_nemo_buffer_000054-vad_percentile_rms-0000-0000-197380,s22,s2201a,1,1,,bad,bad,unknown,0.7320560958719445,0.6639720916591475,0.2500396849373725,0.6209392344827679,0.49127152344828035,0.19720437332399157,0.7286248855759762,0.6854975366470718,0.2853688392047124
s2201a:s22_s2201a_raw_nemo_buffer_000054-vad_percentile_rms-0000-0001-199116,s22,s2201a,,,,unknown,unknown,unknown,0.1953137207161118,0.10385334562032048,0.010864124338673687,0.7795481601677728,0.5574363791694814,0.10303688245793843,0.37236498011983993,0.14135487227697616,0.006715075224289051
s2201a:s22_s2201a_raw_nemo_buffer_000055-vad_percentile_rms-0000-0000-199572,s22,s2201a,1,1,1,bad,bad,bad,0.4289240744629274,0.5168739960348396,0.4168482097555542,0.49154356794577764,0.4137632827122221,0.2200749025805774,0.4109331954494537,0.526176879038495,0.44247333967549696
s2201a:s22_s2201a_raw_nemo_buffer_000056-vad_percentile_rms-0000-0000-201380,s22,s2201a,,,,unknown,unknown,unknown,0.5799282038821812,0.41859118654156896,0.04743605631736867,0.741457357079691,0.5395269647923625,0.12379026969435776,0.6328328890769773,0.4481348464267763,0.04310339493655299
s2201a:s22_s2201a_raw_nemo_buffer_000056-vad_percentile_rms-0000-0001-202196,s22,s2201a,,,,unknown,unknown,unknown,0.7713337318258661,0.5623579082361669,0.18139703267491433,0.5958422540758389,0.4603540833298691,0.1744180472343625,0.7576943800533553,0.5837384668171354,0.1978941699591159
s2201a:s22_s2201a_raw_nemo_buffer_000056-vad_percentile_rms-0000-0002-202252,s22,s2201a,,,,unknown,unknown,unknown,0.8132112003128974,0.6361113101931487,0.1560770475637115,0.7148410767858101,0.5060908691952064,0.11115760399255985,0.8467557127040194,0.6472880726348542,0.10016236957487586
s2201a:s22_s2201a_raw_nemo_buffer_000057-vad_percentile_rms-0000-0000-204920,s22,s2201a,1,,,bad,unknown,unknown,0.7715033130241457,0.7251617430672045,0.2157095086664674,0.8038235011233362,0.580650019843676,0.10137606872444865,0.8179694691219335,0.7233240858676065,0.1346377874793828
s2201a:s22_s2201a_raw_nemo_buffer_000057-vad_percentile_rms-0000-0001-205668,s22,s2201a,,,,unknown,unknown,unknown,0.8450283024037764,0.7381165975125,0.3612157539138248,0.46933184999910244,0.40633010178208556,0.2355339085358178,0.7927552864944512,0.7476416576131304,0.4597505110756047
s2201a:s22_s2201a_raw_nemo_buffer_000058-vad_percentile_rms-0000-0000-206484,s22,s2201a,1,,,bad,unknown,unknown,0.9781014560423487,0.6350915471214007,0.9879532725410561,0.7451368849203011,0.5411806766050923,0.12173896630118448,0.9736994275956472,0.5915323625601465,0.9748149013628791
s2201a:s22_s2201a_raw_nemo_buffer_000058-vad_percentile_rms-0000-0001-207432,s22,s2201a,,,,unknown,unknown,unknown,0.24808786611651776,0.19001885093236923,0.03677393899277949,0.8002255921596766,0.5787437798862862,0.10343334693015244,0.4263160295578455,0.23634260469678467,0.020281541030599762
s2201a:s22_s2201a_raw_nemo_buffer_000059-vad_percentile_rms-0000-0000-207744,s22,s2201a,,,,unknown,unknown,unknown,0.8678350723927302,0.7129660763358572,0.13356819289614713,0.7193545023030492,0.4861100149881956,0.08660622851781956,0.8771264120229544,0.7100948337742526,0.09127281212911025
s2201a:s22_s2201a_raw_nemo_buffer_000059-vad_percentile_rms-0000-0001-208532,s22,s2201a,1,,,bad,unknown,unknown,0.38850132318734254,0.3500652589676065,0.11525425617684174,0.6761139814552826,0.5879405890632956,0.3205269394093546,0.4675195509014275,0.48688460499248554,0.25932327267396305
s2201a:s22_s2201a_raw_nemo_buffer_000059-vad_percentile_rms-0000-0002-210212,s22,s2201a,,,,unknown,unknown,unknown,0.5753919547561671,0.32332398439669374,0.0735036839483074,0.7907176183773424,0.6056035999114004,0.15191754207490166,0.7151564317400829,0.3934560072853467,0.054241330209571496
s2201a:s22_s2201a_raw_nemo_buffer_000060-vad_percentile_rms-0000-0000-210844,s22,s2201a,,,,unknown,unknown,unknown,0.7542452146001501,0.6082358753391993,0.0729598026434852,0.6978575092553277,0.47713290686076554,0.09509738205456054,0.7558518412516858,0.5801747618889217,0.058028166237087966
s2201a:s22_s2201a_raw_nemo_buffer_000060-vad_percentile_rms-0000-0001-211700,s22,s2201a,,,,unknown,unknown,unknown,0.4655251959188846,0.38769299067555285,0.3458696965006205,0.7309038152209788,0.5130107618468531,0.10356861391652468,0.6335354593032458,0.4541467586135347,0.2217537065308079
s2201a:s22_s2201a_raw_nemo_buffer_000061-vad_percentile_rms-0000-0000-213444,s22,s2201a,1,,,bad,unknown,unknown,0.7621961421823229,0.6866332572306291,0.12025250544152248,0.8053975022426416,0.5814914989112857,0.10047871009614193,0.797911901121968,0.6784058748769277,0.07623006502304304
s2201a:s22_s2201a_raw_nemo_buffer_000061-vad_percentile_rms-0000-0001-214568,s22,s2201a,,,,unknown,unknown,unknown,0.33526999449949463,0.23882331950921581,0.06616376804701125,0.8023411455528194,0.5904960055630305,0.11452364730575558,0.5547259266784342,0.32251615598204486,0.040061852698311494
s2201a:s22_s2201a_raw_nemo_buffer_000062-vad_percentile_rms-0000-0000-214868,s22,s2201a,1,1,,bad,bad,unknown,0.8573265466769907,0.8085577432853649,0.28047228487190246,0.7735144878379148,0.5652676792022819,0.11897656173089283,0.881474448260221,0.8157974594254611,0.20746830069355157
s2201a:s22_s2201a_raw_nemo_buffer_000062-vad_percentile_rms-0000-0001-215564,s22,s2201a,,,,unknown,unknown,unknown,0.2833288130675769,0.12678591325922592,0.01619458988729482,0.7998617721530428,0.5785523317966563,0.10364185009512139,0.46333020743750286,0.166443662955017,0.00977068051626505
s2201a:s22_s2201a_raw_nemo_buffer_000063-vad_percentile_rms-0000-0000-216020,s22,s2201a,1,,,bad,unknown,unknown,0.9810452346354507,0.7112841055590478,0.9902175509200408,0.8197058475710525,0.6103936950829992,0.11609966421287624,0.982767175102991,0.7001160330843575,0.9770484460331486
s2201a:s22_s2201a_raw_nemo_buffer_000063-vad_percentile_rms-0000-0001-216512,s22,s2201a,,,,unknown,unknown,unknown,0.6046982247426981,0.6256986150111523,0.5319505694809926,0.7605459848684923,0.5374015358984383,0.10107763544171543,0.814469304527266,0.7288675323105579,0.4061242971532901
s2201a:s22_s2201a_raw_nemo_buffer_000064-vad_percentile_rms-0000-0000-217364,s22,s2201a,,,,unknown,unknown,unknown,0.9318251965540861,0.29374465157864704,0.8397868512215408,0.750541257567902,0.5218289626751335,0.09455696056078697,0.9313584664326011,0.2660052242115697,0.6822599716426082
s2201a:s22_s2201a_raw_nemo_buffer_000064-vad_percentile_rms-0000-0001-220292,s22,s2201a,,,,unknown,unknown,unknown,0.4275817018943223,0.11004286891134656,0.006743348150966628,0.7543598629417247,0.5670169686352644,0.14557042390514752,0.6060755504037618,0.16576251918293575,0.006737819775132805
s2201a:s22_s2201a_raw_nemo_buffer_000065-vad_percentile_rms-0000-0000-221240,s22,s2201a,1,,,bad,unknown,unknown,0.6993249502527132,0.6059521670528858,0.09689105694289911,0.6788804862219743,0.49138526023685686,0.12890480566896723,0.702728015566006,0.5907939200996978,0.07792533764594614
s2201a:s22_s2201a_raw_nemo_buffer_000066-vad_percentile_rms-0000-0000-222580,s22,s2201a,,,,unknown,unknown,unknown,0.6860482893614434,0.5493926312796119,0.13028779190368303,0.6794205865989601,0.4806554462467828,0.11501077351915748,0.6917491806786269,0.5561376422039065,0.1194272355102365
s2201a:s22_s2201a_raw_nemo_buffer_000066-vad_percentile_rms-0000-0001-223656,s22,s2201a,,,,unknown,unknown,unknown,0.63010769100641,0.43143595561866643,0.4565957486750595,0.5859238138659063,0.3927075122342387,0.09290652184082612,0.6776096383469864,0.4191729546818463,0.27586128740822885
s2201a:s22_s2201a_raw_nemo_buffer_000067-vad_percentile_rms-0000-0000-224792,s22,s2201a,1,,,bad,unknown,unknown,0.7178952111709787,0.6596205959128172,0.17526503744097466,0.7728106971910521,0.5432821146700265,0.09508732884646104,0.7643623883821197,0.6489455716642489,0.10182150303410714
s2201a:s22_s2201a_raw_nemo_buffer_000067-vad_percentile_rms-0000-0001-225996,s22,s2201a,1,1,,bad,bad,unknown,0.8790149114243011,0.8574644848648723,0.3709651978871427,0.5905484277121195,0.5994182755987458,0.5308487716648566,0.8531632881913486,0.8912174044635471,0.6952702812209473
s2201a:s22_s2201a_raw_nemo_buffer_000067-vad_percentile_rms-0000-0002-227528,s22,s2201a,,,,unknown,unknown,unknown,0.14876159654403973,0.0806092463570467,0.007460953737826353,0.7467816929077451,0.5201073790221169,0.09626019138966707,0.28433790609919535,0.10497917617798874,0.004634159927638437
s2201a:s22_s2201a_raw_nemo_buffer_000068-vad_percentile_rms-0000-0000-228148,s22,s2201a,,,,unknown,unknown,unknown,0.9823087771965977,0.6488106444716204,0.9845793329628619,0.6864611003051052,0.5272357146616893,0.17322095322350267,0.9735261703971833,0.6089679174610458,0.9806587459120149
s2201a:s22_s2201a_raw_nemo_buffer_000068-vad_percentile_rms-0000-0001-230024,s22,s2201a,,,,unknown,unknown,unknown,0.329459032476972,0.17851825842347924,0.026970891750090382,0.7981395952098066,0.5882997795173687,0.11718287107477851,0.5145189835148826,0.2350362003258399,0.019157559348648462
s2201a:s22_s2201a_raw_nemo_buffer_000069-vad_percentile_rms-0000-0000-230484,s22,s2201a,1,1,,bad,bad,unknown,0.7215047617063497,0.606973456750436,0.10009494039583108,0.70250215589907,0.5228211187935328,0.14615492575630798,0.7296733587462958,0.6271891246485883,0.1034270652124565
s2201a:s22_s2201a_raw_nemo_buffer_000069-vad_percentile_rms-0000-0001-231924,s22,s2201a,,,,unknown,unknown,unknown,0.3994871363645865,0.2762357425458301,0.05440933484518713,0.7379164745200798,0.5488188304600583,0.14046561498120258,0.5111758085358226,0.3288393138965923,0.04405805600063462
s2201a:s22_s2201a_raw_nemo_buffer_000070-vad_percentile_rms-0000-0000-232436,s22,s2201a,1,1,,bad,bad,unknown,0.8841193172252375,0.7964891449134819,0.2869624731970009,0.6840130124417545,0.5588664209250893,0.23694802966916118,0.860135668159797,0.811148113144678,0.3929426806358922
s2201a:s22_s2201a_raw_nemo_buffer_000070-vad_percentile_rms-0000-0001-233832,s22,s2201a,,,,unknown,unknown,unknown,0.25576608908953946,0.2132344939501847,0.06612530086453562,0.8429057593346739,0.6640517464255968,0.1565901451277276,0.4582746782539806,0.29815843012644483,0.04701612441132375
s2201a:s22_s2201a_raw_nemo_buffer_000071-vad_percentile_rms-0000-0000-234428,s22,s2201a,1,1,,bad,bad,unknown,0.7655923220031464,0.7543478349329851,0.47468704791659727,0.6875304284451588,0.49483442520362825,0.12453650863635964,0.8000987703683509,0.775907894389928,0.41809560483136476
s2201a:s22_s2201a_raw_nemo_buffer_000071-vad_percentile_rms-0000-0001-235212,s22,s2201a,,,,unknown,unknown,unknown,0.6987926242777375,0.6145415156106316,0.47080529589090253,0.7565333085859662,0.5355205071254424,0.10306093455936524,0.8177918172724439,0.6686838697291496,0.3422739371414968
s2201a:s22_s2201a_raw_nemo_buffer_000072-vad_percentile_rms-0000-0000-236648,s22,s2201a,1,1,,bad,bad,unknown,0.6986449760551399,0.6367213490070185,0.2688931772050871,0.7677259489285853,0.5408193061233281,0.09755783149444293,0.7499539317804688,0.6374684120802883,0.17087791670861036
s2201a:s22_s2201a_raw_nemo_buffer_000072-vad_percentile_rms-0000-0001-239404,s22,s2201a,,,,unknown,unknown,unknown,0.21812407083410143,0.1251324334422005,0.013494565486771788,0.8378479070494333,0.6512580224985967,0.14504556736406998,0.4275999738546065,0.1842317133235498,0.009860716406199945
s2201a:s22_s2201a_raw_nemo_buffer_000073-vad_percentile_rms-0000-0000-239780,s22,s2201a,,,,unknown,unknown,unknown,0.8327494117308403,0.633470191506216,0.028483850117443588,0.7806911495445584,0.6317511537201611,0.21779903372560644,0.8426877278355859,0.6945863235456409,0.05381579983306602
s2201a:s22_s2201a_raw_nemo_buffer_000073-vad_percentile_rms-0000-0001-241576,s22,s2201a,,,,unknown,unknown,unknown,0.23315011943969766,0.15632200108520072,0.05927969153982584,0.7115523899822078,0.4828050227096957,0.08964814842586337,0.38777615382681624,0.18906947501664378,0.032454149337035096
s2201a:s22_s2201a_raw_nemo_buffer_000074-vad_percentile_rms-0000-0000-242204,s22,s2201a,1,1,,bad,bad,unknown,0.7706305014649011,0.7514582188163528,0.4284352550489947,0.6461283114812496,0.5225281762989082,0.2216273841439566,0.7562452791250249,0.7572662338211933,0.46148793870484933
s2201a:s22_s2201a_raw_nemo_buffer_000074-vad_percentile_rms-0000-0001-243496,s22,s2201a,,,,unknown,unknown,unknown,0.36252958464133667,0.24932692733392747,0.05543014907142727,0.750669060483767,0.5328071408080043,0.10598054961964154,0.5103503712851173,0.28425556758194576,0.03290673528640084
s2201a:s22_s2201a_raw_nemo_buffer_000075-vad_percentile_rms-0000-0000-244548,s22,s2201a,1,,,bad,unknown,unknown,0.47457991380126335,0.3859521598479388,0.24782890571927013,0.701657115601428,0.5659126852290524,0.22245883086878604,0.6142952828003905,0.496458755804265,0.26683156150178017
s2201a:s22_s2201a_raw_nemo_buffer_000075-vad_percentile_rms-0000-0001-245068,s22,s2201a,,,,unknown,unknown,unknown,0.3560636194172314,0.3277260850107737,0.291003668522945,0.7103300812130364,0.5041898746712399,0.11332538110029014,0.5147408806821754,0.3862982150703318,0.18755675537980285
s2201a:s22_s2201a_raw_nemo_buffer_000076-vad_percentile_rms-0000-0000-245768,s22,s2201a,,,,unknown,unknown,unknown,0.7340801934084371,0.6834665571454743,0.14258335737942832,0.6358165700762585,0.4314886245418094,0.09697118214195607,0.7010808862028199,0.648083208116526,0.11773273609100529
s2201a:s22_s2201a_raw_nemo_buffer_000076-vad_percentile_rms-0000-0001-247816,s22,s2201a,1,,,bad,unknown,unknown,0.40861831935154724,0.3513598678461267,0.28118115256434306,0.6035282696739375,0.40928690087927416,0.0976704781499383,0.49503093180853663,0.3748683711714183,0.1892102046193875
s2201a:s22_s2201a_raw_nemo_buffer_000076-vad_percentile_rms-0000-0002-248664,s22,s2201a,1,1,,bad,bad,unknown,0.16933449763995287,0.2899881905588201,0.6844797475456944,0.3537785862041735,0.28109132541837384,0.13582875448456305,0.2052399437339813,0.2872270676210833,0.5447254483295348
s2201a:s22_s2201a_raw_nemo_buffer_000076-vad_percentile_rms-0000-0003-249496,s22,s2201a,,,,unknown,unknown,unknown,0.23421409746119878,0.11660941679422544,0.016556565113768858,0.6867184411710721,0.4617255516282094,0.08877401437778201,0.3515446389942062,0.13476718057029283,0.010526200567305459
s2201a:s22_s2201a_raw_nemo_buffer_000077-vad_percentile_rms-0000-0000-249688,s22,s2201a,1,,,bad,unknown,unknown,0.9606992872203793,0.687756094426498,0.029864882218356714,0.8431843190754496,0.6443991087377843,0.12556556131538052,0.9647321051743301,0.6595577987028054,0.017785175667602265
s2201a:s22_s2201a_raw_nemo_buffer_000077-vad_percentile_rms-0000-0001-250764,s22,s2201a,,,,unknown,unknown,unknown,0.3777051914775467,0.21822461850298472,0.08528483373142469,0.8378227038698342,0.7173149035331727,0.2927952948790965,0.6162146469499272,0.3963208757515469,0.14018659753802193
s2201a:s22_s2201a_raw_nemo_buffer_000078-vad_percentile_rms-0000-0000-251500,s22,s2201a,1,1,,bad,bad,unknown,0.38406940126963257,0.2759646205518901,0.12544905480457907,0.7609818319104077,0.6123935960293764,0.21488914611762366,0.5725804033129535,0.40414206104374306,0.14930173311986533
s2201a:s22_s2201a_raw_nemo_buffer_000078-vad_percentile_rms-0000-0001-253560,s22,s2201a,,,,unknown,unknown,unknown,0.2722917499319392,0.14432718182459217,0.01773562840773746,0.737838758524137,0.5487844779414401,0.14051353996747512,0.429750813153943,0.193102563888059,0.016170770083532942
s2201a:s22_s2201a_raw_nemo_buffer_000079-vad_percentile_rms-0000-0000-254168,s22,s2201a,,,,unknown,unknown,unknown,0.8069420259145841,0.6139913037783556,0.12209583095588149,0.6389732752300662,0.46514819227141185,0.13440513357108413,0.7900903783417536,0.615116699508029,0.11481457545638114
s2201a:s22_s2201a_raw_nemo_buffer_000079-vad_percentile_rms-0000-0001-254924,s22,s2201a,1,,,bad,unknown,unknown,0.34789134585604936,0.23692271413023522,0.11288261653897544,0.6995423175065724,0.5434135529679346,0.18298028815948042,0.44530947616194155,0.2938141998664756,0.10974417518822834
s2201a:s22_s2201a_raw_nemo_buffer_000080-vad_percentile_rms-0000-0000-257140,s22,s2201a,,,,unknown,unknown,unknown,0.9641747262523459,0.4929683234696303,0.9516813579249777,0.7435089546603381,0.5186220461983493,0.0977512741361084,0.9583541600007025,0.4367088157193062,0.8899502619425717
s2201a:s22_s2201a_raw_nemo_buffer_000080-vad_percentile_rms-0000-0001-259300,s22,s2201a,,,,unknown,unknown,unknown,0.5242695428837338,0.3158940760562401,0.0308247378793322,0.8541120671627113,0.7513466709200667,0.34906594751802245,0.6993650356827843,0.482373893716273,0.05349667994177959
s2201a:s22_s2201a_raw_nemo_buffer_000081-vad_percentile_rms-0000-0000-260944,s22,s2201a,,,,unknown,unknown,unknown,0.8807298026100826,0.8859707033864985,0.7652280309371285,0.7366557550926653,0.5046026445509953,0.08991309205079352,0.9215130185358557,0.8967338042148314,0.6288601321412902
s2201a:s22_s2201a_raw_nemo_buffer_000082-vad_percentile_rms-0000-0000-263028,s22,s2201a,1,,,bad,unknown,unknown,0.9728727181700055,0.5429518687076406,0.9949902342636201,0.6946902604727945,0.46492930535548066,0.08583714724070383,0.9639573168456266,0.46283561388434313,0.9841962741555743
s2201a:s22_s2201a_raw_nemo_buffer_000082-vad_percentile_rms-0000-0001-264780,s22,s2201a,,,,unknown,unknown,unknown,0.303608099168262,0.1226169733745297,0.030817646578419313,0.7457406717028207,0.5196335850661145,0.09673363617008887,0.4699725275662247,0.1546837293381478,0.017650680981916606
s2201a:s22_s2201a_raw_nemo_buffer_000083-vad_percentile_rms-0000-0000-267416,s22,s2201a,,,,unknown,unknown,unknown,0.6298098560228779,0.5956147654380779,0.18682120216661177,0.7233946993698807,0.48784392019376854,0.08504841856681843,0.6830991438090639,0.5901961286317875,0.11693493126730758
s2201a:s22_s2201a_raw_nemo_buffer_000083-vad_percentile_rms-0000-0001-267944,s22,s2201a,1,1,,bad,bad,unknown,0.6159535444267104,0.693102783280869,0.8353413343246987,0.6435528742455696,0.5864120915602762,0.3821213111306522,0.7049041631788602,0.7950044828984381,0.9059316536402021
s2201a:s22_s2201a_raw_nemo_buffer_000083-vad_percentile_rms-0000-0002-268580,s22,s2201a,,,,unknown,unknown,unknown,0.444232702323026,0.359156588293895,0.04495481296306052,0.7996781942959491,0.5996622748545566,0.1299480919782483,0.5834202354873788,0.4084176481522038,0.03153331768081233
s2201a:s22_s2201a_raw_nemo_buffer_000084-vad_percentile_rms-0000-0000-270824,s22,s2201a,,,,unknown,unknown,unknown,0.20764312999456133,0.13017689094694135,0.015332528416061177,0.7727386434046628,0.5648923488115384,0.11943529186864145,0.37648651708660114,0.17305347199473764,0.010311783181448927
s2201a:s22_s2201a_raw_nemo_buffer_000085-vad_percentile_rms-0000-0000-271336,s22,s2201a,1,,,bad,unknown,unknown,0.850364316855183,0.7609026358421699,0.21264473241756413,0.6240524744310681,0.42721943573737187,0.10142490990684615,0.8315868171664793,0.7390256253918432,0.174467035598776
s2201a:s22_s2201a_raw_nemo_buffer_000086-vad_percentile_rms-0000-0000-272984,s22,s2201a,1,,,bad,unknown,unknown,0.9401247371909712,0.9271790113247184,0.4304435699751871,0.8568859197179642,0.6820204993697189,0.15913122550085512,0.946629058251998,0.9241259007038491,0.37089345043798416
s2201a:s22_s2201a_raw_nemo_buffer_000086-vad_percentile_rms-0000-0001-273520,s22,s2201a,0,0,0,safe,safe,safe,0.6379781101027469,0.6255056311675827,0.09352777622061739,0.03359380341297518,0.031546638476069984,0.02692930272262298,0.19303658126737508,0.279459779992428,0.04161197907586399
s2201a:s22_s2201a_raw_nemo_buffer_000086-vad_percentile_rms-0000-0003-274756,s22,s2201a,,,,unknown,unknown,unknown,0.5615354067540248,0.4441539665083392,0.045495525132076504,0.8094788994148533,0.6048184835826237,0.12314304405296553,0.7241713377511038,0.5134861570121444,0.027641228011002657
s2201a:s22_s2201a_raw_nemo_buffer_000087-vad_percentile_rms-0000-0000-275188,s22,s2201a,,,,unknown,unknown,unknown,0.9792507154521792,0.5880750834147527,0.9608872968151678,0.7745539990369472,0.5765022842323763,0.13231953435426216,0.9742115244351531,0.5557013967585914,0.9350852998792242
s2201a:s22_s2201a_raw_nemo_buffer_000087-vad_percentile_rms-0000-0001-278604,s22,s2201a,,,,unknown,unknown,unknown,0.23950425160563543,0.1267438074680616,0.016166914744834338,0.7592328047427409,0.6011508848189953,0.19565858333761849,0.411021572285814,0.19947089565411324,0.018884687663772607
s2201a:s22_s2201a_raw_nemo_buffer_000088-vad_percentile_rms-0000-0000-278964,s22,s2201a,,,,unknown,unknown,unknown,0.9620277937565956,0.45931253346593376,0.9268821578982022,0.681984708085853,0.49261720166918016,0.12732968654855434,0.9516658554608822,0.41426706338523844,0.8850389685172058
s2201a:s22_s2201a_raw_nemo_buffer_000088-vad_percentile_rms-0000-0001-280272,s22,s2201a,,,,unknown,unknown,unknown,0.47229001626011136,0.5113975798193169,0.3674232843640242,0.7939661592566576,0.687007974653891,0.32744868553236334,0.631532373138024,0.6909992211727887,0.5791744534895031
s2201a:s22_s2201a_raw_nemo_buffer_000089-vad_percentile_rms-0000-0001-280536,s22,s2201a,1,,,bad,unknown,unknown,0.9211536982538314,0.9159664397074305,0.6769083496834484,0.47727334845169556,0.3984402038952195,0.2081333173978604,0.8941102477900895,0.907027221966762,0.7184400632138018
s2201a:s22_s2201a_raw_nemo_buffer_000089-vad_percentile_rms-0000-0002-281704,s22,s2201a,,,,unknown,unknown,unknown,0.4241201674719375,0.21652552302025188,0.038637224712668325,0.7294311130712213,0.5014159319818033,0.09294218110427643,0.595290117314653,0.25631356723612775,0.022500146785875468
s2201a:s22_s2201a_raw_nemo_buffer_000090-vad_percentile_rms-0000-0000-282360,s22,s2201a,,,,unknown,unknown,unknown,0.7662431389926972,0.6734140751810703,0.13768247695019015,0.809447945971652,0.6048019216156852,0.12316445072854343,0.8192405264506902,0.6765482232507405,0.09662983611364664
s2201a:s22_s2201a_raw_nemo_buffer_000090-vad_percentile_rms-0000-0001-284396,s22,s2201a,,,,unknown,unknown,unknown,0.3532926315085032,0.2753289169923956,0.11310641745084554,0.7338712611853526,0.5686471313624594,0.17711451959697938,0.5046070927307548,0.37411397414450426,0.11833681643916506
s2201a:s22_s2201a_raw_nemo_buffer_000091-vad_percentile_rms-0000-0000-284724,s22,s2201a,,,,unknown,unknown,unknown,0.9258065998338486,0.3137761124713696,0.8931064529043471,0.8261825833973117,0.6644898411476464,0.19205949605940886,0.9462639001066504,0.36062561071387617,0.8561310457153708
s2201a:s22_s2201a_raw_nemo_buffer_000091-vad_percentile_rms-0000-0001-285388,s22,s2201a,1,,,bad,unknown,unknown,0.7232118328886123,0.7522792086641985,0.5687278157416233,0.26567828889505285,0.17943750158229654,0.062064590800208146,0.6098367897331053,0.6613581956130583,0.43497663288597044
s2201a:s22_s2201a_raw_nemo_buffer_000092-vad_percentile_rms-0000-0000-286356,s22,s2201a,1,,,bad,unknown,unknown,0.9706332781071784,0.5859895151976876,0.9804139414415036,0.7384341987576823,0.5381790452124497,0.12548333752402166,0.9669399684608927,0.5514723030357054,0.9629439279133514
s2201a:s22_s2201a_raw_nemo_buffer_000092-vad_percentile_rms-0000-0001-286860,s22,s2201a,0,0,0,safe,safe,safe,0.2584192426431168,0.3854012465973622,0.5500172275003197,0.6471418392944464,0.4791281759510386,0.14550669954524117,0.39888118690439567,0.46041286789415226,0.4365159020066294
s2201a:s22_s2201a_raw_nemo_buffer_000092-vad_percentile_rms-0000-0002-288300,s22,s2201a,,,,unknown,unknown,unknown,0.28666634356787857,0.1892254576109061,0.018018042610678072,0.8224752588797251,0.6222917137773399,0.12773979093914306,0.49459201218628146,0.24596251106818956,0.01197664579978351
s2201a:s22_s2201a_raw_nemo_buffer_000093-vad_percentile_rms-0000-0000-290404,s22,s2201a,,,,unknown,unknown,unknown,0.8001354229520453,0.6279200219264423,0.0563255147519675,0.6545716660333041,0.43844190922470444,0.09011104388646338,0.7580960255766594,0.5777997312956248,0.04474904176791926
s2201a:s22_s2201a_raw_nemo_buffer_000094-vad_percentile_rms-0000-0000-293864,s22,s2201a,1,1,1,bad,bad,bad,0.8759404211041595,0.8904133425660887,0.4537553931735895,0.6698919647523571,0.47691487874248706,0.11944800039825637,0.8822741305973483,0.8655376615561611,0.28840313012928837
s2201a:s22_s2201a_raw_nemo_buffer_000094-vad_percentile_rms-0000-0001-294508,s22,s2201a,0,0,0,safe,safe,safe,0.1635564319834934,0.11412180127521586,0.09809640620615445,0.12936398501059385,0.09781700072460223,0.04818613777012561,0.10170283714010991,0.0737752995166471,0.05196796006662556
s2201a:s22_s2201a_raw_nemo_buffer_000094-vad_percentile_rms-0000-0002-296360,s22,s2201a,,,,unknown,unknown,unknown,0.24869461680913738,0.1613714512668578,0.03777912276204897,0.7708914394665431,0.5423482569162494,0.09601768769381377,0.40726244025145636,0.19517964224299386,0.020653401839512947
s2201a:s22_s2201a_raw_nemo_buffer_000095-vad_percentile_rms-0000-0000-297932,s22,s2201a,1,1,,bad,bad,unknown,0.21935246012520512,0.16802506343575724,0.1456939982082288,0.08162660309129265,0.06797707605374588,0.04257979875202027,0.10050852195599792,0.08604915375110174,0.08066307248644222
s2201a:s22_s2201a_raw_nemo_buffer_000095-vad_percentile_rms-0000-0001-300396,s22,s2201a,,,,unknown,unknown,unknown,0.3901468118184315,0.20502957802884256,0.06693366647874315,0.7688799152305194,0.5522312231813291,0.10874373613213942,0.5905881117347841,0.2609811051980081,0.039954271424617084
s2201a:s22_s2201a_raw_nemo_buffer_000096-vad_percentile_rms-0000-0000-301216,s22,s2201a,1,1,,bad,bad,unknown,0.7470237629547086,0.7252967395486969,0.457971949724934,0.6451606283872808,0.4674615725819029,0.13134120330354176,0.761461956089131,0.7380582345635258,0.42631488738540924
s2201a:s22_s2201a_raw_nemo_buffer_000097-vad_percentile_rms-0000-0000-302560,s22,s2201a,1,,,bad,unknown,unknown,0.552515414279777,0.4483581950213207,0.09031513092515786,0.7860023959218597,0.5606672212007074,0.09962283491961245,0.6673208663793453,0.47815745645571467,0.051436750441379187
s2201a:s22_s2201a_raw_nemo_buffer_000097-vad_percentile_rms-0000-0001-303076,s22,s2201a,,,,unknown,unknown,unknown,0.19495743561654122,0.13916595345821722,0.06783566334757017,0.5258604630937461,0.3626537846143306,0.1028957351071902,0.273089996206868,0.16050120865034803,0.04298294116627726
s2201a:s22_s2201a_raw_nemo_buffer_000097-vad_percentile_rms-0000-0002-304448,s22,s2201a,,,,unknown,unknown,unknown,0.2671434314778291,0.19426226858776258,0.01779287203825448,0.7857924514327348,0.5713227171743955,0.11177218195837293,0.4230666830466529,0.2363996046946405,0.012044633447797872
s2201a:s22_s2201a_raw_nemo_buffer_000098-vad_percentile_rms-0000-0000-305288,s22,s2201a,,,,unknown,unknown,unknown,0.6836107641069007,0.5434787097660965,0.0916606692825635,0.7356755948155727,0.5260487058638578,0.11356190828113864,0.7547379516746676,0.5767840877063344,0.07362103717732212
s2201a:s22_s2201a_raw_nemo_buffer_000098-vad_percentile_rms-0000-0001-305924,s22,s2201a,,,,unknown,unknown,unknown,0.23664532700634835,0.18058964650508535,0.009054914702800492,0.7969636804585716,0.5876906166216291,0.11792911216609239,0.41367685845319135,0.24022721573511197,0.006612301084076026
s2201a:s22_s2201a_raw_nemo_buffer_000099-vad_percentile_rms-0000-0000-306528,s22,s2201a,1,,,bad,unknown,unknown,0.8364609212158662,0.8391282733741473,0.5197809462998472,0.6531284149908073,0.5032929569978166,0.17632675836309233,0.832142749574702,0.8474876160736112,0.5207604039425362
s2201a:s22_s2201a_raw_nemo_buffer_000099-vad_percentile_rms-0000-0002-307128,s22,s2201a,1,1,1,bad,bad,bad,0.6633317675768017,0.5764404361869208,0.2792058795285062,0.6414032042172335,0.4879096271919963,0.16546301605187044,0.7078935320688287,0.6228064168393701,0.2972673000541155
s2201a:s22_s2201a_raw_nemo_buffer_000099-vad_percentile_rms-0000-0003-308076,s22,s2201a,,,,unknown,unknown,unknown,0.5551914843963589,0.5216026249648971,0.3157684142248335,0.7459591029235468,0.58463600129592,0.18684409238282293,0.6473116138234343,0.5853782859830406,0.3289481548783081
s2201a:s22_s2201a_raw_nemo_buffer_000099-vad_percentile_rms-0000-0004-309032,s22,s2201a,0,0,0,safe,safe,safe,0.004397744417310218,0.001966028064809575,0.004248979429286606,0.08770722764699428,0.0697143049213133,0.03952886786663156,0.004775140322501899,0.001941931225804013,0.00299775920010587
s2201a:s22_s2201a_raw_nemo_buffer_000099-vad_percentile_rms-0000-0005-310504,s22,s2201a,,,,unknown,unknown,unknown,0.26764213122281566,0.20546338676441367,0.04129478884359131,0.8399713532475934,0.642490136677394,0.128202612941261,0.4892964754105155,0.2799590526915199,0.024443951043650783
s2201a:s22_s2201a_raw_nemo_buffer_000100-vad_percentile_rms-0000-0000-311412,s22,s2201a,,,,unknown,unknown,unknown,0.9712274357113649,0.48084954730115315,0.8806081485081396,0.806894634853839,0.582296242619325,0.09962666626997517,0.9750129033362472,0.46264360062562143,0.7556733168132328
s2201a:s22_s2201a_raw_nemo_buffer_000100-vad_percentile_rms-0000-0001-311912,s22,s2201a,,,,unknown,unknown,unknown,0.33320389332620043,0.23038141700765086,0.045247461013820586,0.7883811299314396,0.572628456964926,0.11026631479785322,0.5715533789246643,0.3202303287293591,0.03092480075889827
s2201a:s22_s2201a_raw_nemo_buffer_000101-vad_percentile_rms-0000-0000-312308,s22,s2201a,,,,unknown,unknown,unknown,0.916727533143138,0.23192407426893313,0.8397809730736652,0.7224593074775947,0.5093424824445382,0.10753326009449472,0.9212319525971142,0.2173354691258127,0.7043685888606493
s2201a:s22_s2201a_raw_nemo_buffer_000101-vad_percentile_rms-0000-0001-314468,s22,s2201a,,,,unknown,unknown,unknown,0.3088556588009621,0.1611804413924557,0.04460207565377879,0.7254807452326405,0.5325078522968052,0.13281736410070663,0.506559260125291,0.2262396522911364,0.03460329618800288
s2201a:s22_s2201a_raw_nemo_buffer_000102-vad_percentile_rms-0000-0000-316984,s22,s2201a,,,,unknown,unknown,unknown,0.5809009587068158,0.40599796288595036,0.1145477254563601,0.6058487106839131,0.4748460373192828,0.18718248514022276,0.5726529153198912,0.4010978214485469,0.09825356718991503
s2201a:s22_s2201a_raw_nemo_buffer_000103-vad_percentile_rms-0000-0000-318156,s22,s2201a,,,,unknown,unknown,unknown,0.2061828613424787,0.11139770490560567,0.018303682118781636,0.7971485697299961,0.5877862385555003,0.11781172277974382,0.3979405309947339,0.15583480543941847,0.011356065081502614
s2201a:s22_s2201a_raw_nemo_buffer_000104-vad_percentile_rms-0000-0000-318420,s22,s2201a,,,,unknown,unknown,unknown,0.9381795047779247,0.33484150021385656,0.7796452517833466,0.6851721666207988,0.46110967681200576,0.08934920982575222,0.9297554542084336,0.2908945225337607,0.6061804995462453
s2201a:s22_s2201a_raw_nemo_buffer_000105-vad_percentile_rms-0000-0000-322092,s22,s2201a,,,,unknown,unknown,unknown,0.38423022836732124,0.2999043881215931,0.24996969982907583,0.7436274485064086,0.5186756125721028,0.0976971502017855,0.5547883286597596,0.340614579187974,0.13499793010738426
s2201a:s22_s2201a_raw_nemo_buffer_000106-vad_percentile_rms-0000-0000-323288,s22,s2201a,,,,unknown,unknown,unknown,0.8600953719830152,0.8077210733438687,0.3054515718102577,0.7238115109946649,0.542680126734648,0.14923837646780014,0.8667595711279207,0.7765160234142447,0.18710572206579473
s2201a:s22_s2201a_raw_nemo_buffer_000106-vad_percentile_rms-0000-0001-323940,s22,s2201a,,,,unknown,unknown,unknown,0.5389082969347269,0.4408260023790743,0.25045719340344547,0.7747516328828777,0.5658679034359381,0.11824594409209677,0.7287428880008154,0.5402044698743819,0.19053420611372
s2201a:s22_s2201a_raw_nemo_buffer_000107-vad_percentile_rms-0000-0000-324088,s22,s2201a,,,,unknown,unknown,unknown,0.7541269443077132,0.5906373961527229,0.053261755700031194,0.7867369578920227,0.5610390574643044,0.09923609745380946,0.8155948365029293,0.6219502396060452,0.03867055587503091
s2201a:s22_s2201a_raw_nemo_buffer_000107-vad_percentile_rms-0000-0001-325004,s22,s2201a,,,,unknown,unknown,unknown,0.35103677959620144,0.1974487988777836,0.09074321606361567,0.7025971334447051,0.47907817398567587,0.0931953726767198,0.5388611201578188,0.23693091990518406,0.044348926747938076
s2201a:s22_s2201a_raw_nemo_buffer_000108-vad_percentile_rms-0000-0000-325464,s22,s2201a,,,,unknown,unknown,unknown,0.7632318518336311,0.5861021426101478,0.03971443816874996,0.7528549843226198,0.5228968242380119,0.09351384029144871,0.7894374449924385,0.5797776676813261,0.03091638287154394
s2201a:s22_s2201a_raw_nemo_buffer_000108-vad_percentile_rms-0000-0001-326436,s22,s2201a,,,,unknown,unknown,unknown,0.3807296311796909,0.22563186296779478,0.019573028025944725,0.8134361812043248,0.5964520877327878,0.1075541931353636,0.5853761975550853,0.2881981306045652,0.013065115032882315
s2201a:s22_s2201a_raw_nemo_buffer_000109-vad_percentile_rms-0000-0000-326800,s22,s2201a,1,,,bad,unknown,unknown,0.5089330488610851,0.42625974615115875,0.12238772607528836,0.7513247247572722,0.5221898362328974,0.09420330983866083,0.6295100666704824,0.445480056492619,0.06773484714720787
s2201a:s22_s2201a_raw_nemo_buffer_000109-vad_percentile_rms-0000-0001-327988,s22,s2201a,0,0,0,safe,safe,safe,0.12423621705807672,0.07016432171506923,0.018989460658192427,0.04868689826353179,0.04247483781911448,0.030483462888556082,0.04457092713369812,0.03229553770942029,0.011118031968797893
s2201a:s22_s2201a_raw_nemo_buffer_000109-vad_percentile_rms-0000-0002-328652,s22,s2201a,,,,unknown,unknown,unknown,0.06983762192777267,0.03272270174183565,0.013053292214157765,0.1825587264201496,0.12459732065955711,0.047267193179653756,0.05817178136769396,0.024320821225370916,0.00744110757449215
s2201a:s22_s2201a_raw_nemo_buffer_000109-vad_percentile_rms-0000-0003-330320,s22,s2201a,0,0,0,safe,safe,safe,0.005872135811857887,0.00472173686360489,0.04771649549580188,0.06559319407073295,0.055666683573964156,0.03689677249024623,0.00692420368245811,0.004696589631354796,0.028513669820104295
s2201a:s22_s2201a_raw_nemo_buffer_000109-vad_percentile_rms-0000-0005-332892,s22,s2201a,,,,unknown,unknown,unknown,0.4561019519633962,0.49886923174429626,0.477980584365015,0.6776682747876468,0.49090591859472954,0.1295221839059492,0.617880936034049,0.5705757586857922,0.3776738283486582
s2201a:s22_s2201a_raw_nemo_buffer_000110-vad_percentile_rms-0000-0000-333560,s22,s2201a,,,,unknown,unknown,unknown,0.3421337700104284,0.19509421824272785,0.020771946538281173,0.7647151347436622,0.5610583831448132,0.1242039748959013,0.49875913750758555,0.24987508036000988,0.016354917515327545
s2201a:s22_s2201a_raw_nemo_buffer_000110-vad_percentile_rms-0000-0001-334028,s22,s2201a,1,1,,bad,bad,unknown,0.32503847804915564,0.25157328027339787,0.12720613193796906,0.6178671766909277,0.42500061353000795,0.10381522404693258,0.4431423401784367,0.28372303470958726,0.07812834647807407
s2201a:s22_s2201a_raw_nemo_buffer_000110-vad_percentile_rms-0000-0003-334572,s22,s2201a,0,0,0,safe,safe,safe,0.2222826502770764,0.16909613642213972,0.03363495473421514,0.5635727340029336,0.4167584968879031,0.14111809132746453,0.2825470233781415,0.20779541063133591,0.03912681608944266
s2201a:s22_s2201a_raw_nemo_buffer_000110-vad_percentile_rms-0000-0004-335872,s22,s2201a,,,,unknown,unknown,unknown,0.503956545747014,0.34093248373815177,0.028091860971314973,0.7664357291891061,0.5833131506195215,0.15344552157101593,0.6533574838083827,0.43077757884747375,0.026787173365252832
s2201a:s22_s2201a_raw_nemo_buffer_000111-vad_percentile_rms-0000-0000-337484,s22,s2201a,,,,unknown,unknown,unknown,0.6001140795362992,0.3723127918203489,0.07690454485396395,0.696388178182787,0.5203153459963521,0.14977653992678067,0.6541020311428143,0.41420951470210904,0.0784970662096727
s2201a:s22_s2201a_raw_nemo_buffer_000112-vad_percentile_rms-0000-0000-337700,s22,s2201a,,,,unknown,unknown,unknown,0.9649818214906626,0.949632922168528,0.7094034110598479,0.720761278368697,0.4976614219916031,0.09662812842239708,0.9749000068694639,0.9530980927556731,0.5929494943440085
s2201a:s22_s2201a_raw_nemo_buffer_000112-vad_percentile_rms-0000-0001-338076,s22,s2201a,,,,unknown,unknown,unknown,0.37325116840327804,0.30444711427743393,0.20226747108017093,0.784239783427205,0.5812443375540081,0.12605999636898643,0.6296285000377556,0.4275480788806647,0.14251607812662187
s2201a:s22_s2201a_raw_nemo_buffer_000113-vad_percentile_rms-0000-0000-338912,s22,s2201a,1,,,bad,unknown,unknown,0.7845963697231411,0.8497255270781481,0.8209604591863016,0.8177611985722238,0.6093172533284851,0.11743447844940608,0.8523767945380243,0.8617878939207552,0.7111720808145796
s2201a:s22_s2201a_raw_nemo_buffer_000113-vad_percentile_rms-0000-0001-340076,s22,s2201a,,,,unknown,unknown,unknown,0.34336138257106635,0.2529601161905123,0.18326593219220025,0.7116504341075122,0.504744466488161,0.11268919420632553,0.4963067502353942,0.31028478758933864,0.12215050196460404
s2201a:s22_s2201a_raw_nemo_buffer_000114-vad_percentile_rms-0000-0000-341464,s22,s2201a,1,,,bad,unknown,unknown,0.7625881109842365,0.6997759606131013,0.13350204508498334,0.6989373114516344,0.46665642497898946,0.08429175373323149,0.7559888319805012,0.6667212654353081,0.09919867709942934
s2201a:s22_s2201a_raw_nemo_buffer_000115-vad_percentile_rms-0000-0001-346688,s22,s2201a,1,,,bad,unknown,unknown,0.47620737956821396,0.39419190864502096,0.43543139420649823,0.17478667283273688,0.1427488600537223,0.08006227903657835,0.3668328447866691,0.33928341781459065,0.3867177541530738
s2201a:s22_s2201a_raw_nemo_buffer_000116-vad_percentile_rms-0000-0000-347928,s22,s2201a,1,,,bad,unknown,unknown,0.6653545811097241,0.5438788395662397,0.13439153559030179,0.8325704595935087,0.6177249719185209,0.10732158032027653,0.7799207404601641,0.5846737074074336,0.07835271032471036
s2201a:s22_s2201a_raw_nemo_buffer_000116-vad_percentile_rms-0000-0001-349376,s22,s2201a,,,,unknown,unknown,unknown,0.19805003012459144,0.10702331299611792,0.00858732701223748,0.7056419347471924,0.48033761182571916,0.09198253816803642,0.31900138370660486,0.1287278509546324,0.0053164544209939575
s2201a:s22_s2201a_raw_nemo_buffer_000117-vad_percentile_rms-0000-0000-349528,s22,s2201a,1,,,bad,unknown,unknown,0.8183226032848439,0.7621525044808433,0.18599043890414854,0.8196997757593212,0.6103903217181006,0.11610382867301057,0.8491301207785525,0.7642190759512308,0.14372973646126647
s2201a:s22_s2201a_raw_nemo_buffer_000117-vad_percentile_rms-0000-0001-350444,s22,s2201a,,,,unknown,unknown,unknown,0.5173771908419826,0.32878008233787653,0.24715281174887055,0.7255323865996502,0.5106694031510133,0.10608410343159246,0.6865615083931993,0.3970023743723533,0.1499887061074296
s2201a:s22_s2201a_raw_nemo_buffer_000118-vad_percentile_rms-0000-0000-362868,s22,s2201a,,,,unknown,unknown,unknown,0.3526780955287648,0.2163258697959405,0.057283188477823356,0.6621492703039251,0.5067510987524015,0.17065224430271136,0.4964929026700931,0.2905908801239662,0.06361599196980883
s2201a:s22_s2201a_raw_nemo_buffer_000119-vad_percentile_rms-0000-0000-363680,s22,s2201a,,,,unknown,unknown,unknown,0.8708300453993464,0.8038216277178001,0.1086896045278591,0.7723547377295032,0.5754439123927988,0.13374940349964182,0.8857690460131399,0.8195462901768331,0.11882162497512418
s2201a:s22_s2201a_raw_nemo_buffer_000120-vad_percentile_rms-0000-0000-364360,s22,s2201a,1,1,,bad,bad,unknown,0.8047911569237785,0.747834801096417,0.28912338892454303,0.7337496967410005,0.5469855109119173,0.14304152098748488,0.8230189320731193,0.7641400890943896,0.2742585932473729
s2201a:s22_s2201a_raw_nemo_buffer_000120-vad_percentile_rms-0000-0001-366548,s22,s2201a,,,,unknown,unknown,unknown,0.21848394950414618,0.11805030717708825,0.012842641675856718,0.7488129443043274,0.6069891492480861,0.22605365880783762,0.3809609956164424,0.1945832725656349,0.018639890763879275
s2201a:s22_s2201a_raw_nemo_buffer_000121-vad_percentile_rms-0000-0000-367028,s22,s2201a,1,,,bad,unknown,unknown,0.98010977551017,0.6347952730562241,0.9862485092887919,0.852687581407383,0.725208279290011,0.270088418531355,0.9850655291241922,0.7019689585222593,0.9840005404865828
s2201a:s22_s2201a_raw_nemo_buffer_000121-vad_percentile_rms-0000-0001-368692,s22,s2201a,,,,unknown,unknown,unknown,0.14437818623079707,0.07495053786156704,0.009529128962364034,0.6868316450054289,0.4945538667951873,0.12488700338265288,0.2572868591797971,0.10338137450315289,0.00798434641504957
s2201a:s22_s2201a_raw_nemo_buffer_000122-vad_percentile_rms-0000-0000-369112,s22,s2201a,1,,,bad,unknown,unknown,0.7200307705631719,0.6031318667822284,0.0429391371075724,0.8175392533819255,0.6091948991541836,0.11758695555022897,0.7922702909810753,0.6318100080521085,0.035203478687658454
s2201a:s22_s2201a_raw_nemo_buffer_000122-vad_percentile_rms-0000-0001-371112,s22,s2201a,,,,unknown,unknown,unknown,0.13770352776262,0.06904070930125095,0.007963129070679689,0.8107826858275623,0.6159327172190724,0.13658537620368108,0.3253381952848195,0.11310869370533935,0.00619505599793687
s2201a:s22_s2201a_raw_nemo_buffer_000123-vad_percentile_rms-0000-0000-371660,s22,s2201a,1,1,,bad,bad,unknown,0.764481456151745,0.7429086726555015,0.27706556768462676,0.7837818254639812,0.6021832675787729,0.1572632096238456,0.8265327767867334,0.7767697076453084,0.23816553695427953
s2201a:s22_s2201a_raw_nemo_buffer_000123-vad_percentile_rms-0000-0001-372588,s22,s2201a,,,,unknown,unknown,unknown,0.23310065700180801,0.14100976062012185,0.015649734343603255,0.7863309539233067,0.5715934706868325,0.11145855579819597,0.40591045976977247,0.18188158809847466,0.009897633702730233
s2201a:s22_s2201a_raw_nemo_buffer_000124-vad_percentile_rms-0000-0000-373144,s22,s2201a,,,,unknown,unknown,unknown,0.7567179391917956,0.6009815711282466,0.05430827521134723,0.6474076030782622,0.47922847815940733,0.14536380028520782,0.729934764838893,0.599537632186473,0.06695593738964396
s2201a:s22_s2201a_raw_nemo_buffer_000124-vad_percentile_rms-0000-0001-373720,s22,s2201a,0,0,0,safe,safe,safe,0.21296485073515548,0.1721952572754408,0.11852476415736027,0.6521066486104399,0.44832630446227856,0.10210007868290735,0.3273401143811789,0.20467642378030018,0.07519170561852281
s2201a:s22_s2201a_raw_nemo_buffer_000124-vad_percentile_rms-0000-0002-374588,s22,s2201a,,,,unknown,unknown,unknown,0.6025919849424404,0.41065628696689904,0.2649233172204419,0.7447709456635903,0.6259576814322417,0.27792707132671657,0.7150734744026818,0.5312109982477659,0.34854304950649945
s2201a:s22_s2201a_raw_nemo_buffer_000124-vad_percentile_rms-0000-0003-375628,s22,s2201a,,,,unknown,unknown,unknown,0.3455857457269679,0.2901313899800197,0.07227744368546257,0.8426229700142323,0.6638873522416308,0.1568687368179097,0.571405972448148,0.38892128141441673,0.05217070322313306
s2201a:s22_s2201a_raw_nemo_buffer_000125-vad_percentile_rms-0000-0001-380248,s22,s2201a,,,,unknown,unknown,unknown,0.24102146985049067,0.11623842252608878,0.009793709447423395,0.720287664979125,0.4974584131805925,0.09683110849447606,0.39106871999916704,0.14350528737620097,0.006178767039840704
s2201a:s22_s2201a_raw_nemo_buffer_000126-vad_percentile_rms-0000-0000-380824,s22,s2201a,1,,,bad,unknown,unknown,0.6962798192706623,0.6640733636482667,0.2756149471993805,0.7605843598577737,0.5591170478031733,0.1266767491832784,0.7447850120641949,0.6742890877613501,0.22395860515605268
s2201a:s22_s2201a_raw_nemo_buffer_000126-vad_percentile_rms-0000-0001-381644,s22,s2201a,,,,unknown,unknown,unknown,0.3704656261787116,0.2882734462535847,0.05534397256888712,0.8218018603632272,0.611562893821642,0.11466329132033277,0.5743037586696558,0.3542256300256453,0.03324361167668818
s2201a:s22_s2201a_raw_nemo_buffer_000127-vad_percentile_rms-0000-0001-382816,s22,s2201a,,,,unknown,unknown,unknown,0.23019482552429238,0.10904201421847518,0.013551471251731213,0.7892586166980595,0.5730734825015182,0.1097568934858771,0.44042807796180755,0.15400493604557122,0.008768800455638933
s2201a:s22_s2201a_raw_nemo_buffer_000128-vad_percentile_rms-0000-0000-383248,s22,s2201a,1,1,,bad,bad,unknown,0.5374162979820549,0.3809774147149648,0.08306389008994773,0.7351527782554201,0.5039351734484847,0.09054011220592839,0.6334662402053509,0.3911314371415048,0.047416133188729226
s2201a:s22_s2201a_raw_nemo_buffer_000129-vad_percentile_rms-0000-0000-386484,s22,s2201a,,,,unknown,unknown,unknown,0.9493617659012463,0.3367539550057385,0.8594022759874703,0.7115008548602031,0.548340498889969,0.174632576135428,0.9430854108876116,0.3403634634330163,0.8433437771214047
s2201a:s22_s2201a_raw_nemo_buffer_000130-vad_percentile_rms-0000-0000-388756,s22,s2201a,,,,unknown,unknown,unknown,0.9217273948626081,0.2552220216294483,0.8672739380649686,0.6376087696601472,0.4429261495353948,0.10797741452985292,0.9064741922330235,0.22376196266892162,0.7780739101167116
s2201a:s22_s2201a_raw_nemo_buffer_000131-vad_percentile_rms-0000-0000-390660,s22,s2201a,,,,unknown,unknown,unknown,0.6814272698823424,0.5322853341604323,0.04362161760536428,0.7384230632006341,0.5272688806400959,0.11215993409102187,0.716978921349481,0.5458216383336103,0.03960616928571823
s2201a:s22_s2201a_raw_nemo_buffer_000131-vad_percentile_rms-0000-0001-391916,s22,s2201a,,,,unknown,unknown,unknown,0.7090574590564034,0.5107915536508097,0.09012606085670842,0.836578185057425,0.6985511859133196,0.24459023551857,0.8276880440228505,0.6430164184946685,0.11056731582216787
s2201a:s22_s2201a_raw_nemo_buffer_000132-vad_percentile_rms-0000-0000-393304,s22,s2201a,,,,unknown,unknown,unknown,0.7654181861320618,0.6000712760880512,0.05089844498347149,0.7276436641622084,0.5006358059624922,0.09369752329114514,0.7749941571017469,0.5778236365584514,0.040308359454549
s2201a:s22_s2201a_raw_nemo_buffer_000132-vad_percentile_rms-0000-0001-394504,s22,s2201a,,,,unknown,unknown,unknown,0.40746461342479756,0.25852915275888455,0.02330375617043236,0.7653282229457351,0.5396703345282758,0.09872915706580619,0.5600056927894603,0.30153523677059635,0.013316429750681492
s2201a:s22_s2201a_raw_nemo_buffer_000133-vad_percentile_rms-0000-0000-396396,s22,s2201a,,,,unknown,unknown,unknown,0.2697351539684677,0.14234467232234269,0.012762404167481301,0.7893769803143399,0.562382633726748,0.09784920400231824,0.46624104568096775,0.1841309208008702,0.0073965639577605324
s2201a:s22_s2201a_raw_nemo_buffer_000134-vad_percentile_rms-0000-0000-396692,s22,s2201a,1,,,bad,unknown,unknown,0.9863897392383739,0.6449310484334156,0.9177644645004637,0.8081509605331154,0.5829748763827375,0.09891278813353506,0.984250840669453,0.59981675416022,0.8439932160228794
s2201a:s22_s2201a_raw_nemo_buffer_000134-vad_percentile_rms-0000-0001-397880,s22,s2201a,,,,unknown,unknown,unknown,0.2607099177072582,0.15383268775075107,0.07903272885132201,0.7294321860085725,0.5123664489148589,0.10425559230862846,0.4820472853734836,0.22292060550943357,0.04995129959062249
s2201a:s22_s2201a_raw_nemo_buffer_000135-vad_percentile_rms-0000-0000-398648,s22,s2201a,,,,unknown,unknown,unknown,0.7572279427896299,0.5326446662123309,0.044385849987193894,0.821304618481185,0.6008253404787506,0.10265723547965765,0.8014793554689068,0.5346900811521652,0.02551062995087154
s2201a:s22_s2201a_raw_nemo_buffer_000135-vad_percentile_rms-0000-0001-400012,s22,s2201a,,,,unknown,unknown,unknown,0.48531709587714017,0.23788424795916052,0.0555529663198818,0.7503964268065695,0.5326819929485983,0.10611690125779545,0.6012573874739503,0.2640253152954343,0.030126467988772523
s2201a:s22_s2201a_raw_nemo_buffer_000136-vad_percentile_rms-0000-0000-400444,s22,s2201a,,,,unknown,unknown,unknown,0.7684610883857315,0.6543562985902517,0.08311070536258237,0.728758213629022,0.5448115752081573,0.1461445041907236,0.7859009534459249,0.6798063019436266,0.09635624122021587
s2201a:s22_s2201a_raw_nemo_buffer_000136-vad_percentile_rms-0000-0002-401068,s22,s2201a,0,0,0,safe,safe,safe,0.6787592658387684,0.45167207970390383,0.10626863707443455,0.19575033117174753,0.13283968673199506,0.0492155996194151,0.49260435730906466,0.32210323057369783,0.06588492678006327
s2201a:s22_s2201a_raw_nemo_buffer_000136-vad_percentile_rms-0000-0003-403432,s22,s2201a,,,,unknown,unknown,unknown,0.4431411241486669,0.525047366181343,0.6146187307779197,0.8183722902600906,0.6404439768900394,0.16263727145485013,0.6717907240319743,0.637471445470311,0.49470066401207885
s2201a:s22_s2201a_raw_nemo_buffer_000137-vad_percentile_rms-0000-0000-403800,s22,s2201a,,,,unknown,unknown,unknown,0.8315741701205089,0.73663397936018,0.156364307561236,0.7457308949309066,0.5305536855772572,0.10845882534657313,0.8308525701342986,0.7179377780640537,0.1306396023264284
s2201a:s22_s2201a_raw_nemo_buffer_000137-vad_percentile_rms-0000-0001-404396,s22,s2201a,,,,unknown,unknown,unknown,0.323634097156782,0.22853720275713657,0.03629010209030011,0.8395505050164467,0.6321144111782664,0.11493643026880304,0.5515765640356066,0.30636731545579915,0.0233763605575051
s2201a:s22_s2201a_raw_nemo_buffer_000138-vad_percentile_rms-0000-0000-404864,s22,s2201a,,,,unknown,unknown,unknown,0.7151020557024643,0.5705904359181405,0.06259846392225626,0.7160051940858834,0.48468437726988356,0.0879066075560597,0.7328725581637646,0.5557189811093193,0.04476709921939928
s2201a:s22_s2201a_raw_nemo_buffer_000138-vad_percentile_rms-0000-0001-407648,s22,s2201a,1,1,,bad,bad,unknown,0.16266786543082123,0.16539440944058306,0.27916982462974926,0.41968771218253126,0.30091860791694913,0.1066544363306375,0.1988965231903817,0.18052887163789028,0.21476173715928515
s2201a:s22_s2201a_raw_nemo_buffer_000138-vad_percentile_rms-0000-0002-408264,s22,s2201a,0,0,0,safe,safe,safe,0.043224196869381726,0.025697255860046318,0.03514171612181741,0.047959856470307254,0.04225338980861104,0.03094837603652769,0.021210321016118843,0.015614482619260808,0.022192928461899755
s2201a:s22_s2201a_raw_nemo_buffer_000138-vad_percentile_rms-0000-0003-410064,s22,s2201a,,,,unknown,unknown,unknown,0.24686530684800864,0.16289802584567464,0.1022713986551578,0.6033670777728094,0.45217030344581327,0.15277272463607125,0.35901545182929795,0.22470316959009778,0.10320977679829582
s2201a:s22_s2201a_raw_nemo_buffer_000139-vad_percentile_rms-0000-0000-410360,s22,s2201a,,,,unknown,unknown,unknown,0.7451791591699175,0.6395846324865614,0.09171074557969858,0.6711746856016995,0.48835430804335134,0.13285145784598953,0.7497072219924998,0.6435658642448479,0.09572799377078618
s2201a:s22_s2201a_raw_nemo_buffer_000139-vad_percentile_rms-0000-0001-411212,s22,s2201a,,,,unknown,unknown,unknown,0.29512166796660666,0.15800972102161526,0.01732802768511852,0.8091445633464952,0.5941202805618765,0.11024100378297058,0.513371502841041,0.21393731812090533,0.011022122738357842
s2201a:s22_s2201a_raw_nemo_buffer_000140-vad_percentile_rms-0000-0000-411672,s22,s2201a,,,,unknown,unknown,unknown,0.4290420200472256,0.3055636806827327,0.04833666672496492,0.7111968599802816,0.48265573683533863,0.089787831442024,0.5155500324536018,0.3083737096142113,0.028356450221849662
s2201a:s22_s2201a_raw_nemo_buffer_000140-vad_percentile_rms-0000-0001-414336,s22,s2201a,,,,unknown,unknown,unknown,0.317067802325314,0.17291366446861156,0.02391099817269121,0.7966288129083675,0.5980923489369921,0.13207658907341538,0.5170424145410589,0.2359151395425741,0.016407041108213845
s2201a:s22_s2201a_raw_nemo_buffer_000141-vad_percentile_rms-0000-0000-414644,s22,s2201a,,,,unknown,unknown,unknown,0.9256886101557943,0.22877857168667504,0.8265739568732284,0.7014779082329193,0.4786171625514052,0.09364296488379426,0.9288056056624159,0.21092388454634273,0.6506765423536173
s2201a:s22_s2201a_raw_nemo_buffer_000141-vad_percentile_rms-0000-0001-415356,s22,s2201a,0,0,0,safe,safe,safe,0.24932597028736836,0.22391492082402675,0.23341409364223945,0.04301239771718337,0.03901211087475279,0.030508678007909174,0.08704081082787128,0.10720704812227645,0.13749249595987892
s2201a:s22_s2201a_raw_nemo_buffer_000141-vad_percentile_rms-0000-0002-415484,s22,s2201a,1,,,bad,unknown,unknown,0.521061365640693,0.44536257601419094,0.14615011760847058,0.043091873607957576,0.03903708883430022,0.030452369222661566,0.18617563075156124,0.21481846114818665,0.08772751751223329
s2201a:s22_s2201a_raw_nemo_buffer_000141-vad_percentile_rms-0000-0003-416412,s22,s2201a,,,,unknown,unknown,unknown,0.45030278051197015,0.2775922507231877,0.045064195107308656,0.6162741767960002,0.4677037925077268,0.162577003533298,0.5164456658959979,0.3255467030023415,0.05035330850802922
s2201a:s22_s2201a_raw_nemo_buffer_000142-vad_percentile_rms-0000-0000-416884,s22,s2201a,,,,unknown,unknown,unknown,0.9608538401205774,0.5269288440449854,0.9337207166603824,0.7166424827527286,0.5178004636793359,0.12343543988447035,0.952672048531432,0.4795557681185139,0.893436237189072
s2201a:s22_s2201a_raw_nemo_buffer_000142-vad_percentile_rms-0000-0001-417748,s22,s2201a,,,,unknown,unknown,unknown,0.5420833825738745,0.5630094655182284,0.529761447925731,0.5794554091359698,0.380143230440006,0.08472603991966969,0.6166121452679851,0.5718780494913853,0.41012831303923897
s2201a:s22_s2201a_raw_nemo_buffer_000142-vad_percentile_rms-0000-0002-418300,s22,s2201a,,,,unknown,unknown,unknown,0.40953681903415695,0.2178337328419193,0.05117149753065041,0.7651373119899513,0.56125800963662,0.12395193116527845,0.6109788732973588,0.29898386594216136,0.04142407637091529
s2201a:s22_s2201a_raw_nemo_buffer_000143-vad_percentile_rms-0000-0000-418556,s22,s2201a,1,1,,bad,bad,unknown,0.9123057288868697,0.8675807095064204,0.6936107652720824,0.6899485601603668,0.5286342105539888,0.17093388789793842,0.9093768194541108,0.8703822704050143,0.677012557116442
s2201a:s22_s2201a_raw_nemo_buffer_000143-vad_percentile_rms-0000-0001-421676,s22,s2201a,0,0,0,safe,safe,safe,0.1390423697680545,0.09145781901145365,0.012347996455408291,0.2434199067307707,0.16735451481478658,0.06139831921339966,0.11120053705844796,0.07744743179205808,0.010235723794704986
s2201a:s22_s2201a_raw_nemo_buffer_000143-vad_percentile_rms-0000-0002-424588,s22,s2201a,0,0,0,safe,safe,safe,0.08648494062064163,0.09368967243935435,0.12387433137717345,0.2606141583800491,0.19817341038463215,0.09050909675144121,0.08259288177683538,0.09257552359881162,0.10716328947758334
s2201a:s22_s2201a_raw_nemo_buffer_000143-vad_percentile_rms-0000-0003-426636,s22,s2201a,,,,unknown,unknown,unknown,0.5590554580838075,0.4696825966540687,0.26701377635630813,0.747371551926761,0.542192241099128,0.12049813781149624,0.7052342477074575,0.5437421482912331,0.18196379724554781
s2201a:s22_s2201a_raw_nemo_buffer_000144-vad_percentile_rms-0000-0000-428160,s22,s2201a,1,1,1,bad,bad,bad,0.08782113932656573,0.05233660572423688,0.02011596510855036,0.07413836774710462,0.06054952845697975,0.036804115725374176,0.042855153210312996,0.02887548929601501,0.011655959428876633
s2201a:s22_s2201a_raw_nemo_buffer_000144-vad_percentile_rms-0000-0001-429092,s22,s2201a,,,,unknown,unknown,unknown,0.2350938844617588,0.11418076336679198,0.009762988108718338,0.6702433779401273,0.4552505850138719,0.09499754152604908,0.35510331419078933,0.13103457166112792,0.0061624405279416235
s2201a:s22_s2201a_raw_nemo_buffer_000145-vad_percentile_rms-0000-0000-429540,s22,s2201a,1,,,bad,unknown,unknown,0.6465298264642498,0.4611461174661187,0.043213099686098655,0.8124544486063957,0.6373118486945674,0.1679960662240572,0.7390779770731518,0.532561874307991,0.048504960103293575
s2201a:s22_s2201a_raw_nemo_buffer_000145-vad_percentile_rms-0000-0001-431140,s22,s2201a,,,,unknown,unknown,unknown,0.38664173535156127,0.30337489696115383,0.0827470936186461,0.22159722137320945,0.15003053291574495,0.054115757741960056,0.26024112183985276,0.21055578376767814,0.04155152037617268
s2201a:s22_s2201a_raw_nemo_buffer_000145-vad_percentile_rms-0000-0002-431608,s22,s2201a,,,,unknown,unknown,unknown,0.6329840416683392,0.6810856929196601,0.3954852353582361,0.8071936087864883,0.6837312038551552,0.28312106805015747,0.771475824325479,0.7939879671759134,0.4860948728277642
s2201a:s22_s2201a_raw_nemo_buffer_000146-vad_percentile_rms-0000-0000-431992,s22,s2201a,1,,,bad,unknown,unknown,0.7842676452311723,0.8180384984310624,0.6725914511864438,0.7076404561739734,0.5358607771958702,0.1594849011807097,0.7994750552489271,0.8248165615127897,0.6500561919994395
s2201a:s22_s2201a_raw_nemo_buffer_000146-vad_percentile_rms-0000-0001-434120,s22,s2201a,,,,unknown,unknown,unknown,0.2036154120747541,0.09662898405677137,0.01203674234956855,0.766661074669655,0.5511685366925033,0.10994080661409168,0.3849371098919366,0.13758769155334416,0.008296495585151185
s2201a:s22_s2201a_raw_nemo_buffer_000147-vad_percentile_rms-0000-0000-434736,s22,s2201a,1,1,,bad,bad,unknown,0.7693665775914039,0.7681727940751106,0.6105132646018495,0.7340862949760971,0.5579641158002618,0.15915447580694986,0.8175572544172908,0.8007241002040074,0.5734727021528231
s2201a:s22_s2201a_raw_nemo_buffer_000147-vad_percentile_rms-0000-0001-435532,s22,s2201a,,,,unknown,unknown,unknown,0.2889771027427271,0.1937095893488762,0.0633190423287537,0.7778778641556686,0.556610589245616,0.10392511004364216,0.509352775821097,0.2603610233787793,0.03749111635267195
s2201a:s22_s2201a_raw_nemo_buffer_000148-vad_percentile_rms-0000-0000-437292,s22,s2201a,,,,unknown,unknown,unknown,0.7456446463192302,0.7066328288993965,0.2914943769577744,0.7800647073069085,0.5576926017798988,0.10276258709764402,0.81904242610644,0.7240327338393816,0.1845992727550209
s2201a:s22_s2201a_raw_nemo_buffer_000148-vad_percentile_rms-0000-0001-438316,s22,s2201a,,,,unknown,unknown,unknown,0.2237341586008037,0.12042774900827406,0.019433355716898883,0.7120131647042004,0.48299866796397306,0.08946725561104187,0.35936796989919645,0.14375812111974015,0.01108289830725101
s2201a:s22_s2201a_raw_nemo_buffer_000149-vad_percentile_rms-0000-0000-438612,s22,s2201a,,,,unknown,unknown,unknown,0.9671158048204282,0.4509857355590557,0.9113768068419494,0.8037546839510138,0.5806133354268135,0.10141533903935301,0.9678745080930825,0.41636934427270667,0.8084713911848102
s2201a:s22_s2201a_raw_nemo_buffer_000149-vad_percentile_rms-0000-0001-439372,s22,s2201a,,,,unknown,unknown,unknown,0.28809598713815743,0.21326285444451198,0.046619232403415714,0.8141472665389267,0.5968419994782156,0.10711010022793076,0.5090456415380084,0.281623315092362,0.02724905317304806
s2201a:s22_s2201a_raw_nemo_buffer_000150-vad_percentile_rms-0000-0000-439960,s22,s2201a,,,,unknown,unknown,unknown,0.7016117404639928,0.5412660816111301,0.06670800692072858,0.8328904351072139,0.6179122468860222,0.10710439252640364,0.7996146128766322,0.5683052541975233,0.04346506894045224
s2201a:s22_s2201a_raw_nemo_buffer_000150-vad_percentile_rms-0000-0001-440876,s22,s2201a,,,,unknown,unknown,unknown,0.35039727467540327,0.24260965380925972,0.054950613911310696,0.8026494566963779,0.580025376742655,0.10204645625828572,0.560094903549842,0.30270632582598894,0.03242718520049538
s2201a:s22_s2201a_raw_nemo_buffer_000151-vad_percentile_rms-0000-0000-441300,s22,s2201a,1,,,bad,unknown,unknown,0.976557485020346,0.6599720237432289,0.9972289085118798,0.7533901778563707,0.5449447995104488,0.11717475743862402,0.9748596576638096,0.627253273772418,0.9926750499601669
s2201a:s22_s2201a_raw_nemo_buffer_000151-vad_percentile_rms-0000-0001-442348,s22,s2201a,,,,unknown,unknown,unknown,0.31869775818041063,0.17292837720825793,0.013963846506171659,0.786156868685133,0.5607453439221082,0.09954147629157829,0.5126928277063577,0.21322901697216967,0.007680052159391132
s2201a:s22_s2201a_raw_nemo_buffer_000152-vad_percentile_rms-0000-0000-443160,s22,s2201a,,,,unknown,unknown,unknown,0.4702498292276004,0.2938550825872835,0.04388978495583504,0.8072453990743306,0.5930998415773928,0.11143361135004069,0.6234335873870188,0.3381191292696524,0.02563476078308071
s2201a:s22_s2201a_raw_nemo_buffer_000152-vad_percentile_rms-0000-0001-444416,s22,s2201a,,,,unknown,unknown,unknown,0.24430257350357232,0.18174584366296742,0.15893437178398898,0.8012907411655544,0.5899440142072582,0.11518742666999625,0.46838127507531496,0.2646424817599481,0.09892694906549289
s2201a:s22_s2201a_raw_nemo_buffer_000153-vad_percentile_rms-0000-0000-445048,s22,s2201a,1,,,bad,unknown,unknown,0.5611241592300712,0.43683161791689284,0.08152668749273351,0.7546643497284381,0.5237364463238658,0.09270078947560671,0.6482096135035836,0.446388048174439,0.04796807548121579
s2201a:s22_s2201a_raw_nemo_buffer_000153-vad_percentile_rms-0000-0001-446692,s22,s2201a,,,,unknown,unknown,unknown,0.2993960046887693,0.15784416470103058,0.010761717631720485,0.6927304522505693,0.47504877473903434,0.09717442076270695,0.4096415237061857,0.17805880615759623,0.007275129457761242
s2201a:s22_s2201a_raw_nemo_buffer_000154-vad_percentile_rms-0000-0000-447396,s22,s2201a,1,,,bad,unknown,unknown,0.7217688401392937,0.6225959148279271,0.25439754846748697,0.7338205111027051,0.5252292642639537,0.11451179380083176,0.7597202205234698,0.6272729598021018,0.19076014700796284
s2201a:s22_s2201a_raw_nemo_buffer_000154-vad_percentile_rms-0000-0001-448324,s22,s2201a,,,,unknown,unknown,unknown,0.3657079313000366,0.3676614468755265,0.2437736311814947,0.7896038092177599,0.5732488897497313,0.10955663509585879,0.5249124255191316,0.41073010279168726,0.1325142467832699
s2201a:s22_s2201a_raw_nemo_buffer_000155-vad_percentile_rms-0000-0000-449340,s22,s2201a,1,,,bad,unknown,unknown,0.8467011262981329,0.8081550313277246,0.4465303841514069,0.7215858878737893,0.5199099761673791,0.12084353467318273,0.8587346261940169,0.7999861372427501,0.3375976661386698
s2201a:s22_s2201a_raw_nemo_buffer_000155-vad_percentile_rms-0000-0001-450700,s22,s2201a,,,,unknown,unknown,unknown,0.2059913101060469,0.130811339233432,0.039738202688737644,0.7315425551837754,0.502341644115148,0.09205296285483429,0.3639974794475371,0.16124309954176394,0.02090050589029904
s2201a:s22_s2201a_raw_nemo_buffer_000156-vad_percentile_rms-0000-0000-451380,s22,s2201a,1,1,,bad,bad,unknown,0.5390098790425797,0.4298732908960723,0.15070333797065932,0.7407186583441207,0.550061579373122,0.1387406074990776,0.622836202012525,0.4885271452291961,0.12621139772551815
s2201a:s22_s2201a_raw_nemo_buffer_000156-vad_percentile_rms-0000-0001-453468,s22,s2201a,,,,unknown,unknown,unknown,0.5311965071999766,0.3249375321511026,0.0994354037669667,0.7510105799923376,0.5762233335890694,0.16457452278204018,0.638003822521075,0.3993430879511476,0.09254629312915512
s2201a:s22_s2201a_raw_nemo_buffer_000157-vad_percentile_rms-0000-0000-455008,s22,s2201a,,,,unknown,unknown,unknown,0.28407269370644783,0.1853875436642968,0.04023052008099025,0.7563933325753789,0.5354552539336578,0.1031303302543414,0.4642290178795872,0.23523995815189,0.02639931591515048
s2201a:s22_s2201a_raw_nemo_buffer_000158-vad_percentile_rms-0000-0000-455772,s22,s2201a,,,,unknown,unknown,unknown,0.5865198466240001,0.45186493290122404,0.06348190427662118,0.7682868393220196,0.5519465284283164,0.10906335776479495,0.677924864733456,0.47365172865575195,0.04411327129709108
s2201a:s22_s2201a_raw_nemo_buffer_000158-vad_percentile_rms-0000-0002-459980,s22,s2201a,,,,unknown,unknown,unknown,0.06277335538848357,0.04117118915143416,0.13796011313135914,0.7804048692892975,0.6005431660202276,0.15987462742743727,0.22366866613584072,0.09888095700695311,0.13220575779080873
s2201a:s22_s2201a_raw_nemo_buffer_000159-vad_percentile_rms-0000-0000-460884,s22,s2201a,,,,unknown,unknown,unknown,0.2792745322209983,0.166242799932615,0.04609790902198436,0.6936639054251772,0.4863628342119066,0.10852151831850439,0.4587168079234168,0.2146864122010775,0.030525994418183454
s2201a:s22_s2201a_raw_nemo_buffer_000160-vad_percentile_rms-0000-0000-462812,s22,s2201a,,,,unknown,unknown,unknown,0.2576825843166924,0.11173288694766177,0.01593405519273728,0.6597630392042398,0.4730009625990124,0.1242519699229204,0.3543727092412915,0.13804007761787976,0.012247169830365192
s2201a:s22_s2201a_raw_nemo_buffer_000161-vad_percentile_rms-0000-0000-463444,s22,s2201a,,,,unknown,unknown,unknown,0.9577037905749335,0.48411120072130687,0.9789698338275586,0.7397278954998168,0.5169209780876558,0.0994837824350044,0.95544847853286,0.44185276517469474,0.946868800335276
s2201a:s22_s2201a_raw_nemo_buffer_000161-vad_percentile_rms-0000-0001-463972,s22,s2201a,,,,unknown,unknown,unknown,0.39458656861003377,0.23318296066256386,0.02499180855608654,0.7176256086338652,0.4963212562510814,0.09797517356494768,0.539985848930436,0.27445530535086843,0.01733053231401804
s2201a:s22_s2201a_raw_nemo_buffer_000162-vad_percentile_rms-0000-0000-465108,s22,s2201a,,,,unknown,unknown,unknown,0.9658677611502214,0.485455316805912,0.9558097427505154,0.7811850496262206,0.5582497076582211,0.10216830312382992,0.9615363042754577,0.4409118834539259,0.9021960613260303
s2201a:s22_s2201a_raw_nemo_buffer_000162-vad_percentile_rms-0000-0001-468936,s22,s2201a,,,,unknown,unknown,unknown,0.5737468837666981,0.5822783324755313,0.4591983757328494,0.77006670441235,0.5956183343720266,0.16790489877458026,0.719113408626834,0.6693220651528135,0.4028143526372153
s2201a:s22_s2201a_raw_nemo_buffer_000163-vad_percentile_rms-0000-0000-469284,s22,s2201a,,,,unknown,unknown,unknown,0.7430334378618403,0.5930887305374777,0.08062652949682517,0.7016086133708079,0.5115136588693814,0.13143984990226823,0.742958991657874,0.5976975873189734,0.08672736895521288
s2201a:s22_s2201a_raw_nemo_buffer_000164-vad_percentile_rms-0000-0000-471252,s22,s2201a,,,,unknown,unknown,unknown,0.9365751096442113,0.3879308602768416,0.8600107064621949,0.7544707101425836,0.5236463967643311,0.09278769061190352,0.9343832464453308,0.3481804836481521,0.7272278102680623
s2201a:s22_s2201a_raw_nemo_buffer_000164-vad_percentile_rms-0000-0001-472652,s22,s2201a,,,,unknown,unknown,unknown,0.25989544332062403,0.19424420336996703,0.0809599010019495,0.7835373089107073,0.559425640424978,0.10092337907659829,0.46148016594983365,0.2541587354551207,0.04366590015530916
s2201a:s22_s2201a_raw_nemo_buffer_000165-vad_percentile_rms-0000-0000-473252,s22,s2201a,1,,,bad,unknown,unknown,0.9037956298904016,0.846197920429444,0.3696714917913276,0.6254802655165457,0.4384901840708419,0.11303751321079682,0.8849256874273072,0.8410301973274149,0.3975527836019592
s2201a:s22_s2201a_raw_nemo_buffer_000165-vad_percentile_rms-0000-0001-474400,s22,s2201a,,,,unknown,unknown,unknown,0.2737112435540716,0.16438793256930168,0.022375830074104215,0.7775780064326553,0.5564627778558968,0.10408477403990248,0.43491599906006106,0.19965731397099837,0.013376535163534122
s2201a:s22_s2201a_raw_nemo_buffer_000167-vad_percentile_rms-0000-0000-476484,s22,s2201a,1,,,bad,unknown,unknown,0.6936951053623066,0.5183574642425277,0.07577083715829046,0.7202641617362741,0.5302689628681684,0.1358079881716036,0.72080204666276,0.5338961881653441,0.07396952882190383
s2201a:s22_s2201a_raw_nemo_buffer_000167-vad_percentile_rms-0000-0001-480908,s22,s2201a,,,,unknown,unknown,unknown,0.5857312849186447,0.25926819535696044,0.056472029468515476,0.8092448389901397,0.6556821121687768,0.21009098954288552,0.7325619951215877,0.3372801113631032,0.049687597880515647
s2201a:s22_s2201a_raw_nemo_buffer_000168-vad_percentile_rms-0000-0002-481348,s22,s2201a,,,,unknown,unknown,unknown,0.34889654262066483,0.3651561808268404,0.4539830847183046,0.8073171755134626,0.7024239086440767,0.33738530199332306,0.5915865375214,0.571109255170291,0.5688119575280474
s2201a:s22_s2201a_raw_nemo_buffer_000168-vad_percentile_rms-0000-0004-482568,s22,s2201a,,,,unknown,unknown,unknown,0.37947461946200933,0.24858282482481062,0.06013821654559907,0.7659211768558647,0.5936820176470824,0.17114024603764233,0.5289219111053703,0.3324546218248728,0.06014283260743973
s2201a:s22_s2201a_raw_nemo_buffer_000169-vad_percentile_rms-0000-0000-484588,s22,s2201a,,,,unknown,unknown,unknown,0.2772584647203257,0.16253869939250887,0.03604818994156306,0.8573514829569251,0.6727336418481398,0.14235262513837663,0.5287888382797823,0.24842935322493678,0.02614408855252057
s2201a:s22_s2201a_raw_nemo_buffer_000170-vad_percentile_rms-0000-0000-485376,s22,s2201a,1,,,bad,unknown,unknown,0.7681434983832935,0.6597598440588308,0.11020473700508072,0.7561343861159575,0.5462138899976449,0.11566835479958545,0.8044340591843979,0.6766364406906262,0.09816770899322971
s2201a:s22_s2201a_raw_nemo_buffer_000170-vad_percentile_rms-0000-0001-486188,s22,s2201a,,,,unknown,unknown,unknown,0.30696419919279744,0.218863933385703,0.05349074992204214,0.767085575929787,0.540511681829174,0.09787026302547554,0.5071639802732367,0.2767470844616347,0.03152118575512799
s2201a:s22_s2201a_raw_nemo_buffer_000171-vad_percentile_rms-0000-0000-488048,s22,s2201a,,,,unknown,unknown,unknown,0.7840913183345037,0.7044534135166314,0.13228970121320566,0.5561398703228443,0.4356369304592864,0.17925678172012308,0.7445927231050209,0.6931925892081838,0.14132678784020264
s2201a:s22_s2201a_raw_nemo_buffer_000171-vad_percentile_rms-0000-0001-488932,s22,s2201a,,,,unknown,unknown,unknown,0.49060060731565003,0.3312369000943052,0.03814295639780416,0.7932677934746719,0.5751227313011608,0.10743594303851343,0.6180297870646225,0.3707836453893773,0.023105167119173462
s2201a:s22_s2201a_raw_nemo_buffer_000172-vad_percentile_rms-0000-0000-490988,s22,s2201a,,,,unknown,unknown,unknown,0.7740654935962419,0.724855915567615,0.1267907208913253,0.7788286665232346,0.5462449660421386,0.09218681042727886,0.8197620317338966,0.7257652053372924,0.08195355437984464
s2201a:s22_s2201a_raw_nemo_buffer_000172-vad_percentile_rms-0000-0001-492120,s22,s2201a,,,,unknown,unknown,unknown,0.32174709350754455,0.1676562973649252,0.030566764407934696,0.7275234580872778,0.5115339777349001,0.1051490829153331,0.5135312024525015,0.22498527476419755,0.020342209063864018
s2201a:s22_s2201a_raw_nemo_buffer_000173-vad_percentile_rms-0000-0000-492352,s22,s2201a,1,,,bad,unknown,unknown,0.8680511152972525,0.8755936174734675,0.40037953036458007,0.6593071448679408,0.5056568874131471,0.17243198716263483,0.8751100197528516,0.8477204479829471,0.2798096539782313
s2201a:s22_s2201a_raw_nemo_buffer_000173-vad_percentile_rms-0000-0001-493384,s22,s2201a,,,,unknown,unknown,unknown,0.2465447994683894,0.18687464612388927,0.029813756577917634,0.8049789637212945,0.581267287922368,0.10071716733826917,0.44568256979622023,0.24088328202491902,0.016815824778748056
s2201a:s22_s2201a_raw_nemo_buffer_000174-vad_percentile_rms-0000-0000-493944,s22,s2201a,,,,unknown,unknown,unknown,0.7306061542275316,0.5122352678917754,0.02413500301967509,0.8085598833214306,0.5831964282642443,0.09868064682497991,0.7854126950165025,0.5367483242391101,0.01925428669307529
s2201a:s22_s2201a_raw_nemo_buffer_000174-vad_percentile_rms-0000-0001-496044,s22,s2201a,,,,unknown,unknown,unknown,0.3401256602815376,0.25931878964487964,0.05099592497600903,0.8053637819372337,0.6130748261614751,0.14070687584900485,0.5254573039165044,0.3301100008647948,0.03288921393304028
s2201a:s22_s2201a_raw_nemo_buffer_000175-vad_percentile_rms-0000-0000-496532,s22,s2201a,1,,,bad,unknown,unknown,0.9710201330770982,0.6124025987955827,0.9548976123726514,0.7865314030641198,0.5823864550157462,0.12458793543262212,0.9703368510897339,0.5841078149966279,0.9172800510765685
s2201a:s22_s2201a_raw_nemo_buffer_000175-vad_percentile_rms-0000-0001-497112,s22,s2201a,,,,unknown,unknown,unknown,0.2838449959571217,0.17193867681080321,0.02889913377446224,0.762444066010641,0.538298447767812,0.1001435523640985,0.49888880590967477,0.23138264568483077,0.01663991393913851
s2201a:s22_s2201a_raw_nemo_buffer_000176-vad_percentile_rms-0000-0000-497268,s22,s2201a,,,,unknown,unknown,unknown,0.9362202554405572,0.32535425534192713,0.8761234591257505,0.698933463115915,0.46665485340752205,0.0842931480660819,0.925055344562698,0.27216725141049525,0.7331166682210511
s2201a:s22_s2201a_raw_nemo_buffer_000176-vad_percentile_rms-0000-0001-498856,s22,s2201a,,,,unknown,unknown,unknown,0.14893237576566015,0.09799583540925749,0.022163907586802326,0.692626042703207,0.46409503804871965,0.08659306490948433,0.26638572196515176,0.11812061181952435,0.011725997548138137
s2201a:s22_s2201a_raw_nemo_buffer_000177-vad_percentile_rms-0000-0000-499292,s22,s2201a,,,,unknown,unknown,unknown,0.7053075804143487,0.5883121283394154,0.07864204594189407,0.7942665626109774,0.586302276521628,0.11964401600247712,0.7671533952791653,0.6132170519440237,0.06472564939074986
s2201a:s22_s2201a_raw_nemo_buffer_000177-vad_percentile_rms-0000-0001-501608,s22,s2201a,,,,unknown,unknown,unknown,0.2726671654648086,0.14124452371694995,0.02758230788859355,0.7751445980898705,0.5552681152118705,0.10538280894177707,0.4723473802126095,0.1903216986981642,0.01685216283846888
s2201a:s22_s2201a_raw_nemo_buffer_000178-vad_percentile_rms-0000-0000-502280,s22,s2201a,1,1,,bad,bad,unknown,0.8204009808471295,0.7301644121370391,0.09026909147826656,0.751924847471026,0.5333847188048458,0.10535320556879045,0.8594344205770591,0.7533966127530616,0.07883833664028048
s2201a:s22_s2201a_raw_nemo_buffer_000178-vad_percentile_rms-0000-0001-503016,s22,s2201a,,,,unknown,unknown,unknown,0.45208633433595563,0.26796850335532135,0.028105983420830212,0.8193632572475468,0.6102034813342556,0.11633466772481008,0.6635976169218202,0.346217984732156,0.01968287620495648
s2201a:s22_s2201a_raw_nemo_buffer_000179-vad_percentile_rms-0000-0000-503492,s22,s2201a,,,,unknown,unknown,unknown,0.8246161578837955,0.7738425617758351,0.22617204475309,0.8021552860942098,0.5903981917430325,0.11464104678006205,0.8755176578902151,0.7962365962389207,0.17714725589245833
s2201a:s22_s2201a_raw_nemo_buffer_000179-vad_percentile_rms-0000-0001-504040,s22,s2201a,,,,unknown,unknown,unknown,0.12042810571505859,0.06546715537756005,0.006027273452638241,0.7789466775318056,0.5571385296347162,0.10335651398313063,0.2708909118958435,0.09349730765461296,0.003313118018812218
s2201a:s22_s2201a_raw_nemo_buffer_000180-vad_percentile_rms-0000-0000-505032,s22,s2201a,1,1,,bad,bad,unknown,0.9326917396162437,0.813217978982038,0.26646823387273555,0.7910763214760884,0.6057824526936585,0.15164172455927397,0.94850936817156,0.8521157061155878,0.28739842661334647
s2201a:s22_s2201a_raw_nemo_buffer_000180-vad_percentile_rms-0000-0001-507048,s22,s2201a,,,,unknown,unknown,unknown,0.23868243858349783,0.107330261128314,0.009394873995633771,0.733670797707599,0.5032793816589036,0.09115997967793858,0.39340850928836,0.13142784478626962,0.005446664476592989
s2201a:s22_s2201a_raw_nemo_buffer_000181-vad_percentile_rms-0000-0000-508136,s22,s2201a,1,1,,bad,bad,unknown,0.8209234663056938,0.6562966720951571,0.12657447015231055,0.7980405282363617,0.577597511320231,0.10468690174273422,0.8535727708577193,0.6761886018803432,0.0938138972020745
s2201a:s22_s2201a_raw_nemo_buffer_000181-vad_percentile_rms-0000-0001-508712,s22,s2201a,0,0,0,safe,safe,safe,0.6895941201552727,0.641427677346861,0.33587112635782324,0.5979624165669106,0.6531036611569252,0.6748713986467644,0.6799451757169693,0.7774014047731276,0.7760900945195094
s2201a:s22_s2201a_raw_nemo_buffer_000181-vad_percentile_rms-0000-0002-508892,s22,s2201a,,,,unknown,unknown,unknown,0.35227617226057545,0.21111345643292215,0.07332525065763931,0.7136652048318307,0.5055936347024225,0.11172110732398237,0.4825363767784905,0.24151349803008304,0.04604722139300519
s2201a:s22_s2201a_raw_nemo_buffer_000181-vad_percentile_rms-0000-0003-511520,s22,s2201a,0,0,0,safe,safe,safe,0.06576615133003219,0.038717684867982737,0.007882382340092137,0.13507780454687182,0.09934506638815467,0.04597934265456223,0.044039957741582016,0.028205383948632565,0.005710725748565554
s2201a:s22_s2201a_raw_nemo_buffer_000182-vad_percentile_rms-0000-0000-514732,s22,s2201a,1,1,,bad,bad,unknown,0.8659502324678249,0.8338506128085439,0.5019488894856841,0.52211002310869,0.4347777323385056,0.22120926991483583,0.8543393905438984,0.855266285680151,0.6179409516433342
s2201a:s22_s2201a_raw_nemo_buffer_000182-vad_percentile_rms-0000-0001-515488,s22,s2201a,,,,unknown,unknown,unknown,0.2965258284418793,0.18991117844158462,0.03579952431935216,0.7435814743260905,0.5186548275918051,0.09771814840590316,0.45257005772216197,0.2209734077611069,0.021003302736543536
s2201a:s22_s2201a_raw_nemo_buffer_000183-vad_percentile_rms-0000-0000-516344,s22,s2201a,1,1,,bad,bad,unknown,0.5813383120877443,0.6312244570553793,0.35866109959659076,0.6644657655122839,0.5295175983928335,0.20810131528958548,0.6427591338908798,0.6626533124511826,0.3231727411833382
s2201a:s22_s2201a_raw_nemo_buffer_000183-vad_percentile_rms-0000-0001-517196,s22,s2201a,,,,unknown,unknown,unknown,0.3975057858877801,0.2717344878662413,0.09966998458664628,0.8320709601927361,0.6277269199693047,0.12052826643401093,0.6210765616225836,0.3530450389790568,0.06086061664366463
s2201a:s22_s2201a_raw_nemo_buffer_000184-vad_percentile_rms-0000-0000-517756,s22,s2201a,,,,unknown,unknown,unknown,0.6831041752347243,0.5899273466379162,0.11825148062156712,0.7299870185572033,0.501659213685269,0.09270774726534478,0.7181075520169375,0.5765067643121572,0.08328839282489445
s2201a:s22_s2201a_raw_nemo_buffer_000184-vad_percentile_rms-0000-0001-520036,s22,s2201a,,,,unknown,unknown,unknown,0.2653953800794142,0.14006493444678172,0.013561439497792841,0.8030319073398334,0.5908600844502987,0.11408751164996647,0.46964948615447283,0.18934618397972502,0.009042760906020275
s2201a:s22_s2201a_raw_nemo_buffer_000185-vad_percentile_rms-0000-0000-520636,s22,s2201a,1,1,,bad,bad,unknown,0.8122661208067019,0.7942469821946078,0.6126109694324252,0.6886456874888035,0.5390135743083697,0.19068123290795555,0.8254069895705749,0.8136128549438374,0.611804830537024
s2201a:s22_s2201a_raw_nemo_buffer_000186-vad_percentile_rms-0000-0000-521368,s22,s2201a,1,1,,bad,bad,unknown,0.890140879369951,0.8298911459181421,0.6387245712990028,0.7115518120489205,0.5699566063826762,0.2144106769350884,0.8939697146619092,0.8603162842352711,0.7190340692867018
s2201a:s22_s2201a_raw_nemo_buffer_000186-vad_percentile_rms-0000-0001-522404,s22,s2201a,,,,unknown,unknown,unknown,0.2802999363022725,0.15175259026660656,0.010758552879455529,0.7991024432750805,0.5781535235235975,0.10407729705646622,0.4770050363651999,0.19953677046776244,0.007085311270835923
s2201a:s22_s2201a_raw_nemo_buffer_000187-vad_percentile_rms-0000-0000-523072,s22,s2201a,1,,,bad,unknown,unknown,0.8836147622819386,0.8569646911183326,0.2087694298184146,0.822241553427297,0.6221618773209049,0.1279159624133865,0.8966526792019144,0.84724707128617,0.15738555939343338
s2201a:s22_s2201a_raw_nemo_buffer_000187-vad_percentile_rms-0000-0001-524356,s22,s2201a,,,,unknown,unknown,unknown,0.28815485126387475,0.24341020357742857,0.1889271872560761,0.5688193147120877,0.4185522872150761,0.1385801057176593,0.39115146319168936,0.3071203453182627,0.18933242339522255
s2201a:s22_s2201a_raw_nemo_buffer_000188-vad_percentile_rms-0000-0000-524628,s22,s2201a,,,,unknown,unknown,unknown,0.9569671587974705,0.3945641910277835,0.8520091018038733,0.7029566590259518,0.49016835174309825,0.10437751728442049,0.9485020021447474,0.3523835537950908,0.7392619911620327
s2201a:s22_s2201a_raw_nemo_buffer_000188-vad_percentile_rms-0000-0001-527052,s22,s2201a,,,,unknown,unknown,unknown,0.2632907306491865,0.12746854706155347,0.009447978184863478,0.7970513451606134,0.577081366254983,0.10525542210869059,0.45646770088417876,0.167635657646418,0.0061790569286719645
s2201a:s22_s2201a_raw_nemo_buffer_000189-vad_percentile_rms-0000-0000-527524,s22,s2201a,,,,unknown,unknown,unknown,0.8084823986857859,0.7123120655658065,0.11586368742287925,0.7021844491551209,0.48984950507916375,0.10471923340706293,0.7994647922964605,0.6998556291791813,0.10756712064706148
s2201a:s22_s2201a_raw_nemo_buffer_000189-vad_percentile_rms-0000-0001-528384,s22,s2201a,0,0,0,safe,safe,safe,0.4106503319299706,0.2964793393519884,0.07697677608303771,0.720869975282398,0.6663664167363134,0.4509066568482219,0.520356154984727,0.45787299579352747,0.22847902823645225
s2201a:s22_s2201a_raw_nemo_buffer_000189-vad_percentile_rms-0000-0002-528576,s22,s2201a,1,,,bad,unknown,unknown,0.270923095955351,0.16552059922774298,0.22346743087091062,0.5053911896778158,0.3662461196994887,0.12378476964278258,0.36387331770848497,0.2044296863476175,0.1900007639580296
s2201a:s22_s2201a_raw_nemo_buffer_000189-vad_percentile_rms-0000-0003-529320,s22,s2201a,,,,unknown,unknown,unknown,0.4650557557206421,0.40055725731410735,0.12492671215043365,0.7345801130522612,0.5255643755328906,0.11412252345687213,0.6410666888598751,0.4959112023721057,0.08995127484503426
s2201a:s22_s2201a_raw_nemo_buffer_000190-vad_percentile_rms-0000-0000-529528,s22,s2201a,1,1,,bad,bad,unknown,0.8170468156769973,0.7227341486997664,0.15545239744673325,0.7149182052422042,0.5061235266546255,0.11112068081471226,0.8327545960322035,0.7164852425957937,0.10924645082768004
s2201a:s22_s2201a_raw_nemo_buffer_000190-vad_percentile_rms-0000-0001-531624,s22,s2201a,0,0,0,safe,safe,safe,0.23128321597212942,0.19931381879212987,0.1868486143341035,0.8080082189514642,0.6935126000858609,0.3085757173504911,0.4719083840772866,0.3635038898672915,0.2727669491630287
s2201a:s22_s2201a_raw_nemo_buffer_000190-vad_percentile_rms-0000-0002-531896,s22,s2201a,0,0,0,safe,safe,safe,0.01382793991459076,0.004750583285620957,0.01004608045299117,0.3150505897826315,0.21318187276917902,0.07107186266336729,0.028952338372183545,0.007049681082903087,0.007878782218763003
s2201a:s22_s2201a_raw_nemo_buffer_000190-vad_percentile_rms-0000-0003-532836,s22,s2201a,,,,unknown,unknown,unknown,0.4232655258678771,0.263175225959165,0.041080724344767526,0.8091057989516915,0.6046189731093826,0.12340110752269222,0.6018077519437419,0.32446894989473934,0.02960667826681431
s2201a:s22_s2201a_raw_nemo_buffer_000191-vad_percentile_rms-0000-0000-533496,s22,s2201a,1,,,bad,unknown,unknown,0.8416165379560631,0.8667649140136781,0.6876531972959952,0.7369839163627698,0.5700014282950487,0.17482328484755966,0.8476109885291686,0.8742167645446138,0.6882363351672423
s2201a:s22_s2201a_raw_nemo_buffer_000191-vad_percentile_rms-0000-0001-534536,s22,s2201a,,,,unknown,unknown,unknown,0.165495894311305,0.10451624858995881,0.010437642613652605,0.8263097718120913,0.6141100474605087,0.11158224629869505,0.3470392448129006,0.14919314068565417,0.006953541134357914
s2201a:s22_s2201a_raw_nemo_buffer_000192-vad_percentile_rms-0000-0000-534904,s22,s2201a,,,,unknown,unknown,unknown,0.7398204029877948,0.5548932997036877,0.06747231802171773,0.7000436678633477,0.46710873853548035,0.08389134473133869,0.7756123617930587,0.5616726239117475,0.04747769205806052
s2201a:s22_s2201a_raw_nemo_buffer_000192-vad_percentile_rms-0000-0001-536972,s22,s2201a,,,,unknown,unknown,unknown,0.1240613345310216,0.07048701620032245,0.02028868581459075,0.7722185640923757,0.5538428554816854,0.10694913419207046,0.2968396542626681,0.1096209088745917,0.011808798765803022
s2201a:s22_s2201a_raw_nemo_buffer_000193-vad_percentile_rms-0000-0000-537944,s22,s2201a,,,,unknown,unknown,unknown,0.6722062401766512,0.5377085924819739,0.07110999738625193,0.7613642353747321,0.5377876179280475,0.10067463981342886,0.7338168698494653,0.5521257728722249,0.04927177155954062
s2201a:s22_s2201a_raw_nemo_buffer_000193-vad_percentile_rms-0000-0001-540620,s22,s2201a,0,0,0,safe,safe,safe,0.4835072997781368,0.35620282071965564,0.12706439352647136,0.8158962697599613,0.7064578502264152,0.32510760528910876,0.6667378558094148,0.5341862270152614,0.22238310335041336
s2201a:s22_s2201a_raw_nemo_buffer_000193-vad_percentile_rms-0000-0002-541452,s22,s2201a,,,,unknown,unknown,unknown,0.22042407101140485,0.13242455187612784,0.025331046394927302,0.7386252541715855,0.5164278606266601,0.09999101970910859,0.3688900934140294,0.16025029842664879,0.015926439923756665
s2201a:s22_s2201a_raw_nemo_buffer_000194-vad_percentile_rms-0000-0000-542156,s22,s2201a,1,,,bad,unknown,unknown,0.8507255213353914,0.6088332848172834,0.2110487995206681,0.5631294682953573,0.41660727427969385,0.14133396066598594,0.79639657054939,0.5868216532299038,0.23278227054577746
s2201a:s22_s2201a_raw_nemo_buffer_000194-vad_percentile_rms-0000-0001-543904,s22,s2201a,,,,unknown,unknown,unknown,0.4396458327848837,0.2412157975964352,0.026203700441157017,0.7369446635627764,0.5156787923775107,0.10076587183733793,0.5499452305875289,0.26867734280881644,0.01704054600527902
s2201a:s22_s2201a_raw_nemo_buffer_000195-vad_percentile_rms-0000-0000-544180,s22,s2201a,,,,unknown,unknown,unknown,0.9253060787488699,0.29398541321709415,0.8138031619836593,0.6564980499021841,0.4499847897741676,0.1003553942534897,0.9090212846737628,0.25258582352715925,0.6903137091431952
s2201a:s22_s2201a_raw_nemo_buffer_000195-vad_percentile_rms-0000-0001-548652,s22,s2201a,0,0,0,safe,safe,safe,0.003869135492344284,0.002154415252976345,0.02715525288801647,0.2056878071255926,0.15716836222267414,0.0749814757975034,0.007769586138835866,0.0033871833363024587,0.02237654402758918
s2201a:s22_s2201a_raw_nemo_buffer_000195-vad_percentile_rms-0000-0002-551816,s22,s2201a,,,,unknown,unknown,unknown,0.3496961622738028,0.258176955690866,0.3725340572758417,0.8313880405338964,0.6769617740840057,0.20660776962739213,0.6175066506883198,0.4337656362256186,0.39163756050570386
s2201a:s22_s2201a_raw_nemo_buffer_000196-vad_percentile_rms-0000-0000-551956,s22,s2201a,,,,unknown,unknown,unknown,0.9704686597122544,0.3308084482086282,0.99044940512713,0.5848619212838149,0.4348192947031147,0.14621108328213742,0.9569933091058627,0.3003060964783331,0.9829948886099914
s2201a:s22_s2201a_raw_nemo_buffer_000196-vad_percentile_rms-0000-0001-554920,s22,s2201a,,,,unknown,unknown,unknown,0.20024376995777735,0.1616576744275652,0.1449914884384026,0.7410213247410773,0.5501962927666441,0.13855463765342038,0.35346033640489755,0.22613638531100272,0.10342042273222564
s2201a:s22_s2201a_raw_nemo_buffer_000197-vad_percentile_rms-0000-0000-555188,s22,s2201a,,,,unknown,unknown,unknown,0.9860816323062658,0.6404578877065101,0.9422329664341383,0.8253296535073493,0.6832918021211993,0.23577591837897394,0.9873607061618779,0.6976361416212572,0.9491711110069511
s2201a:s22_s2201a_raw_nemo_buffer_000197-vad_percentile_rms-0000-0001-555888,s22,s2201a,,,,unknown,unknown,unknown,0.2682368521539516,0.14362072595922654,0.021044867075046998,0.6887064708209961,0.4734271723592473,0.09881902251135077,0.4075905525737173,0.17180329276597942,0.013896768627021319
s2201a:s22_s2201a_raw_nemo_buffer_000198-vad_percentile_rms-0000-0000-556408,s22,s2201a,,,,unknown,unknown,unknown,0.7093100848192776,0.5662815828867211,0.06175451487904527,0.7211112479748394,0.5415259462545092,0.1509351678429762,0.7437941250570405,0.6098739098577176,0.07488243846909134
s2201a:s22_s2201a_raw_nemo_buffer_000198-vad_percentile_rms-0000-0001-558828,s22,s2201a,,,,unknown,unknown,unknown,0.2151130856859656,0.0997535891008377,0.013845022607418331,0.7305144403576552,0.5018903212346214,0.09248553598305147,0.36341917579273614,0.12228464649773352,0.007966985113732972
s2201a:s22_s2201a_raw_nemo_buffer_000199-vad_percentile_rms-0000-0000-559048,s22,s2201a,,,,unknown,unknown,unknown,0.8166181314230258,0.7457200991129425,0.14973504296990353,0.7781181847501296,0.5567291481972599,0.10379719287119726,0.8380130030047948,0.7302305110937111,0.10740692080707223
s2201a:s22_s2201a_raw_nemo_buffer_000199-vad_percentile_rms-0000-0001-559888,s22,s2201a,1,1,,bad,bad,unknown,0.28718904784505533,0.17104455097629254,0.04431204616862681,0.3711888625279217,0.2602885437459471,0.09053856946137509,0.2701288904127137,0.16204080428047046,0.04291974658585058
s2201a:s22_s2201a_raw_nemo_buffer_000199-vad_percentile_rms-0000-0002-561484,s22,s2201a,,,,unknown,unknown,unknown,0.12040538753128316,0.05720728956817766,0.005287775330275885,0.746968235000986,0.5201924108790598,0.0961754378452701,0.253054668335156,0.07870648603531723,0.0029609611321852725
s2201a:s22_s2201a_raw_nemo_buffer_000200-vad_percentile_rms-0000-0000-561776,s22,s2201a,,,,unknown,unknown,unknown,0.9727915785374284,0.96402646698518,0.6889626619599181,0.7817931515667471,0.5693259005314679,0.11410754170867216,0.9752190230358145,0.9634216646382742,0.6180364679870347
s2201a:s22_s2201a_raw_nemo_buffer_000200-vad_percentile_rms-0000-0001-562508,s22,s2201a,,,,unknown,unknown,unknown,0.3798030538601445,0.2213294265469909,0.05300664929293697,0.7779831092624874,0.5566625000183953,0.10386908550995952,0.5877480751669022,0.27188137095323484,0.031729370568879034
s2201a:s22_s2201a_raw_nemo_buffer_000201-vad_percentile_rms-0000-0000-562900,s22,s2201a,1,,,bad,unknown,unknown,0.9834655458015021,0.5251727750506273,0.8843489970176096,0.8628288361965566,0.6665188762208427,0.12257431242527167,0.9851752569730363,0.520951154957777,0.798837786944661
s2201a:s22_s2201a_raw_nemo_buffer_000201-vad_percentile_rms-0000-0001-563984,s22,s2201a,0,0,0,safe,safe,safe,0.017682577373456063,0.007689748882633926,0.017616090891896953,0.28895315903006974,0.24424130540411598,0.14053252371408642,0.031121563852878197,0.012720579417701291,0.023940574761420162
s2201a:s22_s2201a_raw_nemo_buffer_000201-vad_percentile_rms-0000-0002-564620,s22,s2201a,,,,unknown,unknown,unknown,0.5067660830998509,0.2672136133775768,0.0531601582603037,0.820181551330136,0.6106582286403741,0.11577345757120762,0.7004347945198204,0.3445343422971987,0.032564138300853966
s2201a:s22_s2201a_raw_nemo_buffer_000202-vad_percentile_rms-0000-0000-565012,s22,s2201a,1,1,,bad,bad,unknown,0.6967499772559863,0.6042761607269248,0.1153865958924782,0.7434932887307112,0.5728639371382701,0.1700516803273433,0.7333805727742626,0.5998053235983474,0.082048555558048
s2201a:s22_s2201a_raw_nemo_buffer_000202-vad_percentile_rms-0000-0001-566312,s22,s2201a,,,,unknown,unknown,unknown,0.5645338904324297,0.33601799406577165,0.09206148690024941,0.7372985128148234,0.5158362582440137,0.10060255063922538,0.6763304288334627,0.36132633796653524,0.0535416037276845
s2201a:s22_s2201a_raw_nemo_buffer_000203-vad_percentile_rms-0000-0000-567060,s22,s2201a,1,1,1,bad,bad,bad,0.8046140832954894,0.7720002062400786,0.4038466651328166,0.5659626177822055,0.4282665138841472,0.15601092023790317,0.7457123502426293,0.7269921973191221,0.38103210476554555
s2201a:s22_s2201a_raw_nemo_buffer_000203-vad_percentile_rms-0000-0001-569220,s22,s2201a,,,,unknown,unknown,unknown,0.37263030298954314,0.1808259751578035,0.08339202917016848,0.8569214518549031,0.7361463675476329,0.2889587550667421,0.6039440997204116,0.31420797764624714,0.10811722290633291
s2201a:s22_s2201a_raw_nemo_buffer_000204-vad_percentile_rms-0000-0000-569660,s22,s2201a,,,,unknown,unknown,unknown,0.8104310200533977,0.7365753548062847,0.16154540397954206,0.7741009570416127,0.565551949519732,0.11863007986956633,0.8460181293514524,0.7486424968274896,0.13766984922245917
s2201a:s22_s2201a_raw_nemo_buffer_000204-vad_percentile_rms-0000-0001-570440,s22,s2201a,,,,unknown,unknown,unknown,0.39217549605876334,0.2159248307656556,0.02317523349887873,0.7797708276425599,0.5575467796713048,0.10291861947039739,0.5781593888214825,0.26339264109075405,0.014256685109789058
s2201a:s22_s2201a_raw_nemo_buffer_000205-vad_percentile_rms-0000-0000-571656,s22,s2201a,1,1,,bad,bad,unknown,0.6336682048584291,0.5741683773266884,0.13528015765657608,0.6681597981513935,0.45444478311952297,0.09579983434117134,0.6342691725019606,0.5743319891794911,0.11651949866369608
s2201a:s22_s2201a_raw_nemo_buffer_000205-vad_percentile_rms-0000-0001-572948,s22,s2201a,0,0,0,safe,safe,safe,0.2844601396829036,0.17965447591760905,0.016682274647081278,0.3847942691906471,0.24747797585257825,0.06791999448596964,0.2484028413021561,0.15023967433165886,0.012250246002095023
s2201a:s22_s2201a_raw_nemo_buffer_000206-vad_percentile_rms-0000-0000-574836,s22,s2201a,,,,unknown,unknown,unknown,0.9759676995163288,0.5540969487168905,0.8963479655868297,0.7742261852052703,0.5763441096517709,0.13253246288373682,0.971409671139281,0.525439424342204,0.8473103330580262
s2201a:s22_s2201a_raw_nemo_buffer_000206-vad_percentile_rms-0000-0001-575744,s22,s2201a,,,,unknown,unknown,unknown,0.5294930464959989,0.3690217571781119,0.1881751544720203,0.684757836057076,0.5046753589166226,0.14063654314033253,0.6805914839048549,0.46238646126471533,0.1711125982115419
s2201a:s22_s2201a_raw_nemo_buffer_000207-vad_percentile_rms-0000-0000-576908,s22,s2201a,,,,unknown,unknown,unknown,0.8464499635500328,0.8613987159396875,0.637856669169558,0.7825014817264107,0.5589067639475703,0.1014711152707283,0.8803102516028493,0.8673665593399855,0.5046798833098866
s2201a:s22_s2201a_raw_nemo_buffer_000207-vad_percentile_rms-0000-0001-577708,s22,s2201a,,,,unknown,unknown,unknown,0.3317668725965167,0.22570560694511807,0.03820200071434955,0.803167318397045,0.5909315565742638,0.11400205023154171,0.5096984711547089,0.27112867014168424,0.02311761004886799
s2201a:s22_s2201a_raw_nemo_buffer_000208-vad_percentile_rms-0000-0000-578676,s22,s2201a,,,,unknown,unknown,unknown,0.9250541230751429,0.31819717850854207,0.9234472439362564,0.8139777463176466,0.596748952681775,0.10721594238207967,0.9455748370769859,0.31594951923436326,0.817013703917638
s2201a:s22_s2201a_raw_nemo_buffer_000208-vad_percentile_rms-0000-0001-580644,s22,s2201a,,,,unknown,unknown,unknown,0.20394354205976067,0.09827623080243772,0.015028571709524248,0.7273438264225146,0.5005052569085411,0.09382446088115594,0.35824384145794463,0.12325619892347293,0.00849199005336961
s2201a:s22_s2201a_raw_nemo_buffer_000209-vad_percentile_rms-0000-0000-581028,s22,s2201a,1,,,bad,unknown,unknown,0.8281341267814329,0.8168934769501571,0.31111982730186866,0.48127199467759957,0.45329028281100586,0.3285129974039232,0.7863838341328236,0.8257432005012695,0.47974838117548513
s2201a:s22_s2201a_raw_nemo_buffer_000209-vad_percentile_rms-0000-0002-582424,s22,s2201a,0,0,0,safe,safe,safe,0.7949012544743135,0.7626665826983579,0.3528062377265144,0.6639385430544228,0.5183870625081303,0.18823833045883295,0.8291143140320905,0.8019414102721119,0.39049753305583784
s2201a:s22_s2201a_raw_nemo_buffer_000209-vad_percentile_rms-0000-0003-582520,s22,s2201a,0,0,0,safe,safe,safe,0.680675509395982,0.5713821084382292,0.23696331710470178,0.589113523975698,0.44711117338467987,0.1604975531853258,0.6737124016642789,0.5643167779845116,0.22083928254259874
s2201a:s22_s2201a_raw_nemo_buffer_000209-vad_percentile_rms-0000-0004-583048,s22,s2201a,,,,unknown,unknown,unknown,0.3419790132374407,0.24661386229308493,0.09167309498491322,0.816707226092009,0.6293962042163933,0.14740085220665522,0.5453232105317045,0.3275681223945776,0.06871167951390797
s2201a:s22_s2201a_raw_nemo_buffer_000210-vad_percentile_rms-0000-0000-583752,s22,s2201a,,,,unknown,unknown,unknown,0.8103782788983158,0.6967922022998809,0.21470824929199123,0.7676882957348214,0.551659690092317,0.10938618062647883,0.8472459345488318,0.721747270899153,0.17263024787552475
s2201a:s22_s2201a_raw_nemo_buffer_000210-vad_percentile_rms-0000-0001-585028,s22,s2201a,,,,unknown,unknown,unknown,0.20296118541908256,0.10434245380806625,0.025667274161123126,0.6878254454180396,0.47307374756166887,0.09918080881410614,0.32195078369693786,0.12877808683139913,0.01585830555421658
s2201a:s22_s2201a_raw_nemo_buffer_000211-vad_percentile_rms-0000-0000-585308,s22,s2201a,1,,,bad,unknown,unknown,0.721274392464774,0.5111906350793396,0.04736022680407392,0.7143988940281245,0.5059037430931069,0.11136937842015343,0.736296375706791,0.5180584287069472,0.04408060644759378
s2201a:s22_s2201a_raw_nemo_buffer_000211-vad_percentile_rms-0000-0001-587400,s22,s2201a,,,,unknown,unknown,unknown,0.15446694675941833,0.13761509981052972,0.2528701094774333,0.8006891656535238,0.6106514733540643,0.1442736394549886,0.3727441203863942,0.2472226951910805,0.23438497995089877
s2201a:s22_s2201a_raw_nemo_buffer_000212-vad_percentile_rms-0000-0000-587584,s22,s2201a,,,,unknown,unknown,unknown,0.5042714181911715,0.34292720719965425,0.03843083060510293,0.7138517344506428,0.5275498753762324,0.13951390541685438,0.574963526602105,0.37886835870911184,0.03634830286809809
s2201a:s22_s2201a_raw_nemo_buffer_000212-vad_percentile_rms-0000-0001-591196,s22,s2201a,,,,unknown,unknown,unknown,0.2994957989206544,0.23960230729765283,0.1868659605484324,0.8519423610707063,0.7069840022192494,0.22388382580236119,0.5729362370954895,0.3934619075985856,0.17559054481156328
s2201a:s22_s2201a_raw_nemo_buffer_000213-vad_percentile_rms-0000-0000-591552,s22,s2201a,1,1,,bad,bad,unknown,0.8476081478565958,0.8528772041260493,0.6408780353255513,0.45027800204014046,0.4643642707875708,0.4165393460110082,0.7912402930101798,0.8746162021645661,0.8364824975377005
s2201a:s22_s2201a_raw_nemo_buffer_000213-vad_percentile_rms-0000-0001-592540,s22,s2201a,,,,unknown,unknown,unknown,0.3042578883716347,0.23643706072663295,0.11690639665156331,0.6835572270333858,0.5369859229488275,0.19430879506665583,0.47284993643401135,0.35441859656104563,0.14628114345865745
s2201a:s22_s2201a_raw_nemo_buffer_000214-vad_percentile_rms-0000-0000-592852,s22,s2201a,,,,unknown,unknown,unknown,0.9770716670213875,0.4880871502909056,0.8778911354725861,0.8375365090248131,0.6609640015448497,0.16187896085532408,0.9796801192793704,0.5136193724397153,0.8393285521524079
s2201a:s22_s2201a_raw_nemo_buffer_000214-vad_percentile_rms-0000-0001-594124,s22,s2201a,,,,unknown,unknown,unknown,0.43164122890818296,0.30192367948835674,0.03308775727754969,0.8048745072558673,0.5918355086026111,0.11292557892606471,0.5957147951406365,0.35180074958156715,0.023203860863343265
s2201a:s22_s2201a_raw_nemo_buffer_000215-vad_percentile_rms-0000-0000-595512,s22,s2201a,1,,,bad,unknown,unknown,0.9330685848711492,0.8307104517676732,0.4763539846977284,0.7854759896813686,0.6340109147721804,0.2130960288152948,0.9406252020768829,0.8571136676702488,0.5326111703974272
s2201a:s22_s2201a_raw_nemo_buffer_000215-vad_percentile_rms-0000-0001-596412,s22,s2201a,1,1,,bad,bad,unknown,0.325916669783043,0.153855303144662,0.06999743372116665,0.19393593051108146,0.142772177921149,0.06328065436722688,0.2200734365608934,0.10555503716077803,0.04795333231613112
s2201a:s22_s2201a_raw_nemo_buffer_000215-vad_percentile_rms-0000-0002-599436,s22,s2201a,,,,unknown,unknown,unknown,0.3704908930637259,0.2417251580328786,0.08652612836274721,0.7356528490577208,0.6117634771988683,0.26204768629619934,0.5022009131932813,0.3414843744565514,0.1434021203936831
s2201a:s22_s2201a_raw_nemo_buffer_000216-vad_percentile_rms-0000-0000-600700,s22,s2201a,,,,unknown,unknown,unknown,0.721745887299684,0.5839230263853441,0.17175402368983242,0.6566157666124336,0.5155723840797181,0.19321534465152504,0.6917268411529006,0.6029360005662721,0.20203715026451258
s2401b:s24_s2401b_raw_nemo_buffer_000000-vad_percentile_rms-0000-0000-2688,s24,s2401b,,,,unknown,unknown,unknown,0.9282766641923099,0.8860573672087338,0.23287239098575677,0.8057485580216146,0.5829529902133362,0.09044486451865567,0.926792592609708,0.8807316742371863,0.17597283955411855
s2401b:s24_s2401b_raw_nemo_buffer_000000-vad_percentile_rms-0000-0001-3852,s24,s2401b,,,,unknown,unknown,unknown,0.4198557141074184,0.21990156035103892,0.06116206971006795,0.8150407421247041,0.6295702092020902,0.13720301580444436,0.5424065930996659,0.27821063982518995,0.05099481613835497
s2401b:s24_s2401b_raw_nemo_buffer_000001-vad_percentile_rms-0000-0000-8128,s24,s2401b,,,,unknown,unknown,unknown,0.837939334723292,0.6657698710748166,0.060858595233232365,0.7511698834894445,0.5239597617548395,0.08572124202623115,0.8137630950068256,0.6461081826241732,0.05176944293843596
s2401b:s24_s2401b_raw_nemo_buffer_000001-vad_percentile_rms-0000-0001-9216,s24,s2401b,1,,,bad,unknown,unknown,0.5243200413469405,0.40761780336397735,0.19656683988327697,0.550463149393761,0.410474283000477,0.134762377251692,0.528048911161597,0.40934773392727986,0.1885417365983889
s2401b:s24_s2401b_raw_nemo_buffer_000001-vad_percentile_rms-0000-0002-10668,s24,s2401b,,,,unknown,unknown,unknown,0.7450735890846067,0.5842656377954865,0.1995034103866956,0.831943857309916,0.6642472865579249,0.16514618447662227,0.7972708664999048,0.6298669727333014,0.1511054736813775
s2401b:s24_s2401b_raw_nemo_buffer_000002-vad_percentile_rms-0000-0000-10968,s24,s2401b,1,,,bad,unknown,unknown,0.8372123780784522,0.7283899227585201,0.2176855796643409,0.8329167015446085,0.7015324496103296,0.24814012353766832,0.8448551282654706,0.7434276302990044,0.23865963215404082
s2401b:s24_s2401b_raw_nemo_buffer_000002-vad_percentile_rms-0000-0001-13420,s24,s2401b,,,,unknown,unknown,unknown,0.350704837200006,0.15342291585776757,0.02292079492568722,0.8392348833753336,0.6693469508616273,0.15943252584979006,0.44766486208000106,0.19521955373672048,0.022046398618881764
s2401b:s24_s2401b_raw_nemo_buffer_000003-vad_percentile_rms-0000-0000-30528,s24,s2401b,,,,unknown,unknown,unknown,0.9665458542126502,0.9529596355761094,0.7260963897034755,0.7133184600732059,0.4861526699556978,0.08159107362950815,0.9723704064137805,0.9554723857207736,0.6523466889485536
s2401b:s24_s2401b_raw_nemo_buffer_000003-vad_percentile_rms-0000-0001-30924,s24,s2401b,,,,unknown,unknown,unknown,0.4863979197482831,0.28942126389128253,0.019509072102522958,0.7782372450484228,0.573579081610181,0.11181407743355269,0.6196841862926374,0.358223326912752,0.022526502372221344
s2401b:s24_s2401b_raw_nemo_buffer_000004-vad_percentile_rms-0000-0000-31860,s24,s2401b,,,,unknown,unknown,unknown,0.9997887548292955,0.999813873910179,0.985679953067278,0.8725435237322249,0.7018920762432715,0.14509006292281176,0.9996399526212577,0.9997102818557125,0.975751021037168
s2401b:s24_s2401b_raw_nemo_buffer_000004-vad_percentile_rms-0000-0001-33416,s24,s2401b,1,1,1,bad,bad,bad,0.5539101112780894,0.33326673059822653,0.07215861469806899,0.7781120550761623,0.6143099889432417,0.17445491576527133,0.6157408057967205,0.37521402503982504,0.06535706249757457
s2401b:s24_s2401b_raw_nemo_buffer_000004-vad_percentile_rms-0000-0002-34792,s24,s2401b,,,,unknown,unknown,unknown,0.33783346572659706,0.17384635633946546,0.020119701849048398,0.8644050279007855,0.6734694067265599,0.1163310286073683,0.49343526705593754,0.23646429670666405,0.017468387561715207
s2401b:s24_s2401b_raw_nemo_buffer_000005-vad_percentile_rms-0000-0000-35248,s24,s2401b,,,,unknown,unknown,unknown,0.7442327174083787,0.5212891191886817,0.034372319151381385,0.7548239775468365,0.5260784186310504,0.08450980470710565,0.7418523694505478,0.5215624638797699,0.031002977195736386
s2401b:s24_s2401b_raw_nemo_buffer_000005-vad_percentile_rms-0000-0001-37900,s24,s2401b,,,,unknown,unknown,unknown,0.4761483321525721,0.2683925169573545,0.046450211773580455,0.8529613399377308,0.6568428976922714,0.11340631136637576,0.6077458677403852,0.3357660761545628,0.03595496976296469
s2401b:s24_s2401b_raw_nemo_buffer_000006-vad_percentile_rms-0000-0000-38796,s24,s2401b,,,,unknown,unknown,unknown,0.8188827620451149,0.6873054644292156,0.1552662666722032,0.8015537485145047,0.5801554419102583,0.09219160891068971,0.8447470652897925,0.7047961716586375,0.1086971850634999
s2401b:s24_s2401b_raw_nemo_buffer_000006-vad_percentile_rms-0000-0001-40552,s24,s2401b,,,,unknown,unknown,unknown,0.19083179918711607,0.09033816335713507,0.008457015632948624,0.7518007626705248,0.5327618431201949,0.09395854029887998,0.285458058612178,0.11946059884074124,0.007835714936667093
s2401b:s24_s2401b_raw_nemo_buffer_000007-vad_percentile_rms-0000-0000-41228,s24,s2401b,,,,unknown,unknown,unknown,0.7742589884883617,0.745710762618681,0.3783023250348664,0.6617334074454109,0.4686527546952435,0.10650174001625293,0.8016985869025761,0.7483765871769132,0.2768528929143671
s2401b:s24_s2401b_raw_nemo_buffer_000007-vad_percentile_rms-0000-0001-45288,s24,s2401b,,,,unknown,unknown,unknown,0.11649936100145576,0.06026328790655192,0.02658449995931631,0.5948595091916784,0.42959663635843337,0.1188620493488678,0.15902897788554765,0.07486604534318107,0.027899883440258212
s2401b:s24_s2401b_raw_nemo_buffer_000007-vad_percentile_rms-0000-0002-45608,s24,s2401b,,,,unknown,unknown,unknown,0.8555331816947755,0.2513186262861011,0.01063095730014083,0.7550742495989595,0.5764375242617215,0.14644086338897377,0.8930027225412775,0.3085659260772818,0.014349995697549306
s2401b:s24_s2401b_raw_nemo_buffer_000008-vad_percentile_rms-0000-0000-46280,s24,s2401b,,,,unknown,unknown,unknown,0.8607090638079509,0.8111886678816279,0.33602150504570216,0.6666176276262958,0.4879123513778358,0.12593748180076017,0.8421358645531308,0.7942208855124745,0.2805253628732054
s2401b:s24_s2401b_raw_nemo_buffer_000008-vad_percentile_rms-0000-0001-47952,s24,s2401b,0,0,0,safe,safe,safe,0.21478194751325075,0.1629923367210967,0.1024148991385244,0.36016449382901117,0.25529425561262065,0.08452976224971606,0.21634362908929633,0.1586496684313308,0.07594427126580089
s2401b:s24_s2401b_raw_nemo_buffer_000008-vad_percentile_rms-0000-0002-48008,s24,s2401b,1,1,,bad,bad,unknown,0.12357855656231197,0.06114562081841688,0.013373581507574764,0.8231536435985805,0.7163719979373002,0.3221701215822901,0.20778051566657493,0.09324673402100365,0.02079482984927412
s2401b:s24_s2401b_raw_nemo_buffer_000008-vad_percentile_rms-0000-0003-52360,s24,s2401b,,,,unknown,unknown,unknown,0.20483903368493883,0.09373885660106157,0.01698047939914205,0.7893420795778952,0.5968928418111656,0.12816458539745587,0.3062681572946786,0.12751859618180997,0.01678627530027342
s2401b:s24_s2401b_raw_nemo_buffer_000009-vad_percentile_rms-0000-0000-53152,s24,s2401b,,,,unknown,unknown,unknown,0.6193562385004799,0.407849183138997,0.05185154652317773,0.8412585965643735,0.64021653668113,0.11023841624556184,0.7170328302722477,0.47175456041534947,0.04313168950941699
s2401b:s24_s2401b_raw_nemo_buffer_000009-vad_percentile_rms-0000-0001-55028,s24,s2401b,0,0,0,safe,safe,safe,0.07092647364935355,0.02777855010343164,0.008009030128429859,0.15237319414971165,0.11524541549218684,0.050826705063288256,0.051351712480023605,0.02322580512839696,0.007936849855642181
s2401b:s24_s2401b_raw_nemo_buffer_000009-vad_percentile_rms-0000-0002-57176,s24,s2401b,,,,unknown,unknown,unknown,0.35233956153917984,0.18410552031069896,0.019663637487512695,0.786236378281174,0.5867726540010598,0.11856884349753277,0.46250540546621605,0.2308886727864684,0.019500112103329803
s2401b:s24_s2401b_raw_nemo_buffer_000010-vad_percentile_rms-0000-0000-58200,s24,s2401b,,,,unknown,unknown,unknown,0.641252138384368,0.3199683694862583,0.009311763428506073,0.7803249405442277,0.5748623540571673,0.11086312657567834,0.6849841598065332,0.35572569396027537,0.010903515449919025
s2401b:s24_s2401b_raw_nemo_buffer_000010-vad_percentile_rms-0000-0001-61368,s24,s2401b,,,,unknown,unknown,unknown,0.22612591596960918,0.11306967557553672,0.01394493088084793,0.795243743132469,0.6087131337188073,0.13679059599704002,0.32166113887502434,0.14888138376862406,0.015049549007563036
s2401b:s24_s2401b_raw_nemo_buffer_000011-vad_percentile_rms-0000-0000-62400,s24,s2401b,,,,unknown,unknown,unknown,0.9124498106581163,0.8967376375733962,0.6067443644901597,0.6910768534688815,0.5254178594804663,0.1524126851522373,0.9114888381857742,0.891905271330329,0.5359043606701617
s2401b:s24_s2401b_raw_nemo_buffer_000011-vad_percentile_rms-0000-0001-65532,s24,s2401b,1,1,1,bad,bad,bad,0.5845613111522758,0.48193463937169695,0.3909070519991912,0.612559488201241,0.5217663890734868,0.26365491234009847,0.580035856828796,0.49179220018489894,0.4306396676972189
s2401b:s24_s2401b_raw_nemo_buffer_000011-vad_percentile_rms-0000-0002-67416,s24,s2401b,,,,unknown,unknown,unknown,0.3754163761722631,0.22045220507984517,0.021471108448313493,0.752172589698843,0.5664903233504649,0.13541603033519603,0.4735271249807105,0.26740524974409463,0.025123508594223555
s2401b:s24_s2401b_raw_nemo_buffer_000012-vad_percentile_rms-0000-0000-70516,s24,s2401b,,,,unknown,unknown,unknown,0.9998737769461008,0.999028930943596,0.37372620539085877,0.7661170691034829,0.549573135673103,0.0975511771050272,0.9996191814850931,0.9981816972206934,0.4496782419512114
s2401b:s24_s2401b_raw_nemo_buffer_000012-vad_percentile_rms-0000-0001-73192,s24,s2401b,,,,unknown,unknown,unknown,0.4982840660666175,0.32319011142012605,0.06065488119212205,0.836517723375258,0.6598713123804597,0.14803517086049534,0.6131801483693057,0.38979293609912263,0.059517804073703086
s2401b:s24_s2401b_raw_nemo_buffer_000013-vad_percentile_rms-0000-0000-73396,s24,s2401b,,,,unknown,unknown,unknown,0.6625866509217712,0.5157922128074734,0.04795274604376278,0.7390687116530992,0.5170819776177592,0.08975972814007085,0.7046664195691177,0.539173496634286,0.04074289214551139
s2401b:s24_s2401b_raw_nemo_buffer_000013-vad_percentile_rms-0000-0001-73820,s24,s2401b,1,,,bad,unknown,unknown,0.5436517607137359,0.5720137838554749,0.299369334844923,0.603572698401694,0.5680712206054862,0.407013073601202,0.5894994910460654,0.5897277004853614,0.4449128567568667
s2401b:s24_s2401b_raw_nemo_buffer_000013-vad_percentile_rms-0000-0002-76764,s24,s2401b,,,,unknown,unknown,unknown,0.38325230593382803,0.21017887925207607,0.0350450828523065,0.819998095306407,0.7144767638383112,0.32590381927422307,0.49010357595160875,0.27492177794508293,0.06530497849830935
s2401b:s24_s2401b_raw_nemo_buffer_000014-vad_percentile_rms-0000-0000-77816,s24,s2401b,,,,unknown,unknown,unknown,0.20732281278634315,0.11987247839598669,0.024066106154989383,0.7376234366460132,0.5415801739814298,0.11918053751376188,0.3427622973662804,0.16999653797842604,0.02709285363432807
s2401b:s24_s2401b_raw_nemo_buffer_000015-vad_percentile_rms-0000-0000-78728,s24,s2401b,,,,unknown,unknown,unknown,0.7955506810670127,0.6219062565932464,0.06281076158323508,0.7865474401762029,0.5787339314674915,0.10803247523225908,0.7985320810143921,0.6273726457265807,0.05923956081704291
s2401b:s24_s2401b_raw_nemo_buffer_000015-vad_percentile_rms-0000-0001-80520,s24,s2401b,,,,unknown,unknown,unknown,0.21809280600320785,0.0962265236376453,0.01456088431569891,0.8173557198466056,0.6232073936762567,0.1240726962353569,0.33635060081024987,0.13437060464045134,0.013922660890919229
s2401b:s24_s2401b_raw_nemo_buffer_000016-vad_percentile_rms-0000-0000-80904,s24,s2401b,,,,unknown,unknown,unknown,0.7018663526990297,0.4924888136014917,0.025379152035653992,0.7459731991053455,0.5294245682475636,0.0960684809246689,0.7275440287876008,0.5153295812081543,0.029625215129864435
s2401b:s24_s2401b_raw_nemo_buffer_000016-vad_percentile_rms-0000-0001-82368,s24,s2401b,,,,unknown,unknown,unknown,0.3916294402179275,0.2637382234357711,0.038715474562645895,0.7494235592531462,0.5732330432828853,0.14946748776028132,0.5001641042045284,0.32061095330681755,0.049191554954225
s2401b:s24_s2401b_raw_nemo_buffer_000017-vad_percentile_rms-0000-0000-83712,s24,s2401b,1,,,bad,unknown,unknown,0.7795536149842508,0.575308846877725,0.07397538700565112,0.834213546353048,0.6350374985716065,0.11432916912931483,0.8040824291037908,0.6003096047063988,0.060442896861407906
s2401b:s24_s2401b_raw_nemo_buffer_000017-vad_percentile_rms-0000-0001-85896,s24,s2401b,,,,unknown,unknown,unknown,0.21872141043032178,0.1022691366459191,0.04259512771957513,0.7569455976425413,0.5692252609445106,0.1330443955491533,0.3185875807402984,0.1365405263171334,0.03448987440033247
s2401b:s24_s2401b_raw_nemo_buffer_000018-vad_percentile_rms-0000-0000-86712,s24,s2401b,,,,unknown,unknown,unknown,0.760079491904341,0.5799241269010704,0.07535827784096075,0.8134291271196092,0.5963591438135182,0.09585144814420006,0.8080837065794751,0.6193019656116958,0.06336663911806945
s2401b:s24_s2401b_raw_nemo_buffer_000018-vad_percentile_rms-0000-0001-88552,s24,s2401b,,,,unknown,unknown,unknown,0.3173628922544811,0.20286479679376954,0.026806204287078684,0.809259052321935,0.6177767459533924,0.12873554614307808,0.4632523401363504,0.2680212544243435,0.024822661189882803
s2401b:s24_s2401b_raw_nemo_buffer_000019-vad_percentile_rms-0000-0000-89176,s24,s2401b,,,,unknown,unknown,unknown,0.774130845786799,0.5585842623703873,0.03497601975737285,0.7406016973086426,0.517941945177256,0.08924578888088106,0.7715373244528514,0.5598040675719573,0.03409589858929309
s2401b:s24_s2401b_raw_nemo_buffer_000019-vad_percentile_rms-0000-0001-90624,s24,s2401b,,,,unknown,unknown,unknown,0.12891465555492349,0.05757358962384257,0.004462709662378345,0.7961402874828903,0.593044797727367,0.11369620176737572,0.22825849225018335,0.08541940603625635,0.00508239177758097
s2401b:s24_s2401b_raw_nemo_buffer_000020-vad_percentile_rms-0000-0000-90816,s24,s2401b,,,,unknown,unknown,unknown,0.8511026194661363,0.7246867115127629,0.18506220978841142,0.7837996840966105,0.5687300450687389,0.09960898662937995,0.8621820103708224,0.7333278153596084,0.14049117609797002
s2401b:s24_s2401b_raw_nemo_buffer_000020-vad_percentile_rms-0000-0001-93036,s24,s2401b,,,,unknown,unknown,unknown,0.4494237663080828,0.3252629825944713,0.07070089904383378,0.8233081457480564,0.6429920511667717,0.14437217931355564,0.5883608461177356,0.4015429272089736,0.06203664824970035
s2401b:s24_s2401b_raw_nemo_buffer_000021-vad_percentile_rms-0000-0000-93848,s24,s2401b,,,,unknown,unknown,unknown,0.635059172865406,0.39302867078471726,0.022561221897771627,0.7355314143520205,0.5151096401548635,0.09094830930571784,0.6770155865600685,0.4245557093204178,0.025534658463132135
s2401b:s24_s2401b_raw_nemo_buffer_000021-vad_percentile_rms-0000-0001-94764,s24,s2401b,,,,unknown,unknown,unknown,0.5472692215777578,0.3953783698663742,0.050529367972253596,0.8073310646415541,0.600372535777346,0.10819720325373823,0.6821103161750612,0.4732732598568437,0.04765856998195303
s2401b:s24_s2401b_raw_nemo_buffer_000022-vad_percentile_rms-0000-0000-115360,s24,s2401b,,,,unknown,unknown,unknown,0.8695966450131252,0.7589420558015878,0.06306182269031078,0.7570100642269558,0.527355668062263,0.08378675480284001,0.8583685191608015,0.7464878709940697,0.05782040403033246
s2401b:s24_s2401b_raw_nemo_buffer_000022-vad_percentile_rms-0000-0001-117828,s24,s2401b,,,,unknown,unknown,unknown,0.44823816561086277,0.2724076300563703,0.062444663247895146,0.7441355277157885,0.5199366018396412,0.08806368971603178,0.5275071089550931,0.30877192593665026,0.04476586296491049
s2401b:s24_s2401b_raw_nemo_buffer_000023-vad_percentile_rms-0000-0000-117976,s24,s2401b,,,,unknown,unknown,unknown,0.7564296564948496,0.6164212988907117,0.09812256812411295,0.7899877424150923,0.5643333766244302,0.08832365881330827,0.7927699180482661,0.639780749157596,0.0684936159987073
s2401b:s24_s2401b_raw_nemo_buffer_000023-vad_percentile_rms-0000-0001-120620,s24,s2401b,0,0,0,safe,safe,safe,0.4494777114800908,0.3091061686182311,0.11274889391129934,0.3115889853707825,0.21986535945092028,0.07446064285117432,0.36233616722975426,0.26371629002609787,0.08308217311773425
s2401b:s24_s2401b_raw_nemo_buffer_000023-vad_percentile_rms-0000-0004-124704,s24,s2401b,,,,unknown,unknown,unknown,0.12610777738248813,0.06002528171572662,0.013294354755433647,0.6864051564763621,0.4892234407705706,0.10789173451006275,0.20526907575898948,0.08286085602243641,0.012593670921110665
s2401b:s24_s2401b_raw_nemo_buffer_000024-vad_percentile_rms-0000-0000-125056,s24,s2401b,,,,unknown,unknown,unknown,0.7070762577003711,0.5219568053701759,0.04726381879375186,0.7807749290329754,0.566845320038064,0.1008774060220232,0.7394093897818257,0.545684283935275,0.04276100787701714
s2401b:s24_s2401b_raw_nemo_buffer_000024-vad_percentile_rms-0000-0001-127108,s24,s2401b,,,,unknown,unknown,unknown,0.2200176354756026,0.11293559395795226,0.01730198701269436,0.7344247290856183,0.5313897230258751,0.1100084319520084,0.31766445214522226,0.14721282823424278,0.016488025438022087
s2401b:s24_s2401b_raw_nemo_buffer_000025-vad_percentile_rms-0000-0000-127812,s24,s2401b,,,,unknown,unknown,unknown,0.5780702735927896,0.3799913659388103,0.03676011058792363,0.7125005685833538,0.5026481277160478,0.09878466880368864,0.6223321205405953,0.40656876132665803,0.03588846300498624
s2401b:s24_s2401b_raw_nemo_buffer_000025-vad_percentile_rms-0000-0001-128764,s24,s2401b,,,,unknown,unknown,unknown,0.21685168775887487,0.1303715966070097,0.07678472860621292,0.6377235988123121,0.4826063834485546,0.1502063657814292,0.2876818512532437,0.16197072939214333,0.08189431220309314
s2401b:s24_s2401b_raw_nemo_buffer_000025-vad_percentile_rms-0000-0002-130624,s24,s2401b,,,,unknown,unknown,unknown,0.3781362061303016,0.1561416877768108,0.009855972360467095,0.7717531161737138,0.5861597621056204,0.13753206827201672,0.5048551310487982,0.2064443552174537,0.01280095619358335
s2401b:s24_s2401b_raw_nemo_buffer_000026-vad_percentile_rms-0000-0000-131104,s24,s2401b,,,,unknown,unknown,unknown,0.8640423253325823,0.8226170544803428,0.3363150899780502,0.667974102853261,0.5224175766404258,0.17824387338813272,0.8525281369553015,0.8164421210998644,0.34770379302621063
s2401b:s24_s2401b_raw_nemo_buffer_000026-vad_percentile_rms-0000-0001-131712,s24,s2401b,,,,unknown,unknown,unknown,0.2509522153400422,0.12169955311993885,0.007898516116681447,0.7990454077470521,0.6030550220286943,0.12300232221069851,0.3733140976501784,0.165898615416082,0.009442800854507504
s2401b:s24_s2401b_raw_nemo_buffer_000027-vad_percentile_rms-0000-0000-132640,s24,s2401b,,,,unknown,unknown,unknown,0.37940770216951436,0.2661562633095527,0.1626425372451541,0.7078558839910702,0.5086731702423387,0.11012605507950624,0.545381755214775,0.3382079941580479,0.10528145074900362
s2401b:s24_s2401b_raw_nemo_buffer_000027-vad_percentile_rms-0000-0001-132928,s24,s2401b,1,,,bad,unknown,unknown,0.0877675249490255,0.05065004215515676,0.029037310802227302,0.22256729844924905,0.15873011749353252,0.05851051312178684,0.08182994476996881,0.047826579775575404,0.023323517910658585
s2401b:s24_s2401b_raw_nemo_buffer_000027-vad_percentile_rms-0000-0002-135292,s24,s2401b,0,0,0,safe,safe,safe,0.2920365266819947,0.18648803492837984,0.08459510763801278,0.31811369218219043,0.21063608712130755,0.06002942385460826,0.27028354107902636,0.17329982531506877,0.06388314921571785
s2401b:s24_s2401b_raw_nemo_buffer_000027-vad_percentile_rms-0000-0003-135716,s24,s2401b,1,1,,bad,bad,unknown,0.3136757653181811,0.221078714740682,0.08444727055254002,0.7100017474099485,0.5267038959510993,0.13116102344197542,0.4138862224539855,0.26821683360741183,0.07784518524946218
s2401b:s24_s2401b_raw_nemo_buffer_000027-vad_percentile_rms-0000-0004-137740,s24,s2401b,,,,unknown,unknown,unknown,0.4462710477932122,0.24374793096260813,0.017123255914772817,0.8246410802321121,0.6202859655524388,0.1093738205534423,0.577855963482607,0.306885805668455,0.017831965241247135
s2401b:s24_s2401b_raw_nemo_buffer_000028-vad_percentile_rms-0000-0000-138268,s24,s2401b,1,1,,bad,bad,unknown,0.8942077935695059,0.8506109145605956,0.4853392020273472,0.6879660511383004,0.5491066167851204,0.19879215978519688,0.8892579911094449,0.8404666233396995,0.4430118646070499
s2401b:s24_s2401b_raw_nemo_buffer_000028-vad_percentile_rms-0000-0001-141924,s24,s2401b,,,,unknown,unknown,unknown,0.37509221220220806,0.20060284433318584,0.028603672676203156,0.8073622402940872,0.608489267009278,0.11857754817290359,0.47418465669382964,0.24517791438290867,0.025324424631739954
s2401b:s24_s2401b_raw_nemo_buffer_000029-vad_percentile_rms-0000-0000-142176,s24,s2401b,,,,unknown,unknown,unknown,0.7438938923509796,0.548868315380722,0.119053887002956,0.7683269167704629,0.5508973405217308,0.09669199212174806,0.792401385993953,0.5881967153222055,0.09255740064651649
s2401b:s24_s2401b_raw_nemo_buffer_000029-vad_percentile_rms-0000-0001-143332,s24,s2401b,,,,unknown,unknown,unknown,0.15492661308999572,0.05074977712670041,0.004306524058447639,0.7170039707569257,0.5050359559518521,0.09723840996823557,0.24467231814310444,0.07091942865169305,0.0047603863340028715
s2401b:s24_s2401b_raw_nemo_buffer_000030-vad_percentile_rms-0000-0000-143708,s24,s2401b,,,,unknown,unknown,unknown,0.918399386643617,0.8478035475458067,0.32454801880868783,0.7656842898726507,0.5493147396605118,0.0977195706138126,0.9208911248468812,0.8458687464038614,0.24281901182694487
s2401b:s24_s2401b_raw_nemo_buffer_000030-vad_percentile_rms-0000-0001-146436,s24,s2401b,,,,unknown,unknown,unknown,0.2926068550414215,0.15571184997360638,0.013960360947306934,0.7627863715673566,0.5726162601456224,0.1301477972281465,0.4008846502565614,0.19949218937054228,0.016200385667070112
s2401b:s24_s2401b_raw_nemo_buffer_000031-vad_percentile_rms-0000-0000-150780,s24,s2401b,,,,unknown,unknown,unknown,0.8060344737414779,0.6856438762064594,0.1383057640519979,0.7631358044654724,0.5561730736657297,0.10830823686505626,0.8060768870757613,0.6835934115778027,0.10950375370138768
s2401b:s24_s2401b_raw_nemo_buffer_000031-vad_percentile_rms-0000-0002-151552,s24,s2401b,,,,unknown,unknown,unknown,0.45774028873397143,0.2114063108257556,0.03011230028190301,0.7540528500406732,0.5508720415891419,0.11216040795661107,0.5490236489026683,0.25313637439693226,0.02591511669531528
s2401b:s24_s2401b_raw_nemo_buffer_000032-vad_percentile_rms-0000-0000-155576,s24,s2401b,,,,unknown,unknown,unknown,0.7191941876551692,0.5029301820792352,0.03278866782429904,0.8330274628549279,0.618330311283007,0.09556975740877548,0.7631595970496681,0.5372157284781103,0.0292126937530089
s2401b:s24_s2401b_raw_nemo_buffer_000032-vad_percentile_rms-0000-0001-158980,s24,s2401b,,,,unknown,unknown,unknown,0.442848807470672,0.2926352856219546,0.08639683568986148,0.7695724555208123,0.5848649139955606,0.13869506423180028,0.5044677823183698,0.32707322554625795,0.08551539638135415
s2401b:s24_s2401b_raw_nemo_buffer_000033-vad_percentile_rms-0000-0000-177060,s24,s2401b,1,,,bad,unknown,unknown,0.8348475050554893,0.7504682214800438,0.1647600998297206,0.8264469995070809,0.6215622855349433,0.1084103424073611,0.8597841516336454,0.7647190646959716,0.12596317630313067
s2401b:s24_s2401b_raw_nemo_buffer_000033-vad_percentile_rms-0000-0001-180380,s24,s2401b,0,0,0,safe,safe,safe,0.2340245847925249,0.13544535732477603,0.037436611961640796,0.1563161398932351,0.11314166984537363,0.045020588106156924,0.14653397387102426,0.09845797757775562,0.026372988196698522
s2401b:s24_s2401b_raw_nemo_buffer_000033-vad_percentile_rms-0000-0002-182856,s24,s2401b,0,0,0,safe,safe,safe,0.06289082109795754,0.03420752596389914,0.02092745346031206,0.0450121372830575,0.042085346939486644,0.031696799645603985,0.02913382731773154,0.021026787087811565,0.014377545570163163
s2401b:s24_s2401b_raw_nemo_buffer_000033-vad_percentile_rms-0000-0003-184332,s24,s2401b,,,,unknown,unknown,unknown,0.4152769372935979,0.21033288356968308,0.02831131377313598,0.7991917218185021,0.5785975027615855,0.09317602322800386,0.5095602651220428,0.250718421864104,0.02183372569390714
s2401b:s24_s2401b_raw_nemo_buffer_000034-vad_percentile_rms-0000-0000-185644,s24,s2401b,,,,unknown,unknown,unknown,0.6946116897436447,0.5169462019041338,0.04998812261801778,0.7558272301051577,0.5266636638838179,0.0841778220017036,0.7289864137787242,0.5365732683847738,0.04118526017131056
s2401b:s24_s2401b_raw_nemo_buffer_000034-vad_percentile_rms-0000-0001-188876,s24,s2401b,,,,unknown,unknown,unknown,0.3707068648155581,0.17772593043006538,0.019382140524637086,0.854395193920731,0.6579608934606705,0.11249559617835962,0.5125795385780085,0.23603457343929102,0.01662638041873492
s2401b:s24_s2401b_raw_nemo_buffer_000035-vad_percentile_rms-0000-0000-189304,s24,s2401b,,,,unknown,unknown,unknown,0.7848989932051463,0.6427882762558278,0.1349983105652024,0.7566754640371209,0.5355916758711846,0.09220065571208565,0.8012138625256111,0.6516369000000655,0.09851084251159807
s2401b:s24_s2401b_raw_nemo_buffer_000035-vad_percentile_rms-0000-0001-191244,s24,s2401b,0,0,0,safe,safe,safe,0.5022403267895695,0.3131804749828951,0.09599904506711965,0.16932783617245023,0.13212500291022294,0.062019687767806725,0.3517210893747349,0.23993979242761782,0.07422793213978038
s2401b:s24_s2401b_raw_nemo_buffer_000035-vad_percentile_rms-0000-0002-192520,s24,s2401b,,,,unknown,unknown,unknown,0.23663107443428666,0.11423416825793348,0.018659013700760063,0.8302166496403935,0.62425512638497,0.10639787803244206,0.37487902149392605,0.16027642827951208,0.015513946489240527
s2401b:s24_s2401b_raw_nemo_buffer_000036-vad_percentile_rms-0000-0000-192764,s24,s2401b,,,,unknown,unknown,unknown,0.8346457896136674,0.7339534122430713,0.17363354751446206,0.7960101098555262,0.5765180837324294,0.09450307237106045,0.853455467853937,0.7443188444803397,0.12120331346456122
s2401b:s24_s2401b_raw_nemo_buffer_000036-vad_percentile_rms-0000-0001-195692,s24,s2401b,,,,unknown,unknown,unknown,0.291864287541494,0.13066150455357392,0.009279834247555394,0.7524884856855474,0.5331589271277012,0.09371015518149799,0.410489234302239,0.16996446070775675,0.008538866123800873
s2401b:s24_s2401b_raw_nemo_buffer_000037-vad_percentile_rms-0000-0000-196212,s24,s2401b,,,,unknown,unknown,unknown,0.9967111672396253,0.9944597344720383,0.4977173542563868,0.7389075381644968,0.5169917475932547,0.08981380278033872,0.9938703472142784,0.9915585997404354,0.4864602099880194
s2401b:s24_s2401b_raw_nemo_buffer_000037-vad_percentile_rms-0000-0001-198596,s24,s2401b,,,,unknown,unknown,unknown,0.2571737504394365,0.1222244478017965,0.013434880141804339,0.8155964929417403,0.6220144663499118,0.12508658991738011,0.38786935486154267,0.16877914775739297,0.014362691370471536
s2401b:s24_s2401b_raw_nemo_buffer_000038-vad_percentile_rms-0000-0000-200160,s24,s2401b,,,,unknown,unknown,unknown,0.7128010309437508,0.5094429102852994,0.04863840194747371,0.7953262774560859,0.5843214733858264,0.10404724932494398,0.7739014648556205,0.5556820602494221,0.04563536072188248
s2401b:s24_s2401b_raw_nemo_buffer_000038-vad_percentile_rms-0000-0001-200744,s24,s2401b,,,,unknown,unknown,unknown,0.4835931534381018,0.27016898365024566,0.09294052927436387,0.8226869716133258,0.6503077938700974,0.15807970280573902,0.6675946622149088,0.37726352801988067,0.10603617707314625
s2401b:s24_s2401b_raw_nemo_buffer_000039-vad_percentile_rms-0000-0000-228340,s24,s2401b,,,,unknown,unknown,unknown,0.9995626069874858,0.9980022706386471,0.39986021588394255,0.8088142694742002,0.5850232218762375,0.08916939495909841,0.9990652651390531,0.9968042179072987,0.4447089959471749
s2401b:s24_s2401b_raw_nemo_buffer_000039-vad_percentile_rms-0000-0001-231080,s24,s2401b,,,,unknown,unknown,unknown,0.25250712751745524,0.11733350732660826,0.014845340298109818,0.8488491593212172,0.6536764295839648,0.11601284502131509,0.3922611676170141,0.16502640500339627,0.013394944248303751
s2401b:s24_s2401b_raw_nemo_buffer_000040-vad_percentile_rms-0000-0000-231292,s24,s2401b,,,,unknown,unknown,unknown,0.7941388696215026,0.6496096037309307,0.08561407070355331,0.8195945970007682,0.6006357233025471,0.09306411046129673,0.8320498267470953,0.6763838618030584,0.06584706557761019
s2401b:s24_s2401b_raw_nemo_buffer_000040-vad_percentile_rms-0000-0001-232440,s24,s2401b,1,,,bad,unknown,unknown,0.4862341088981455,0.35121869234631514,0.22010716722327203,0.234166313160996,0.15801126532261492,0.0505046231843475,0.3928619640496788,0.2884826650190242,0.12305806561007172
s2401b:s24_s2401b_raw_nemo_buffer_000040-vad_percentile_rms-0000-0002-234016,s24,s2401b,,,,unknown,unknown,unknown,0.7890766333433711,0.7045493007171287,0.3831820577621082,0.7351037079307291,0.5735967820853936,0.17135960931862673,0.7874372587823077,0.7056515627279653,0.3609552448698007
s2401b:s24_s2401b_raw_nemo_buffer_000040-vad_percentile_rms-0000-0003-236236,s24,s2401b,,,,unknown,unknown,unknown,0.29214444815782303,0.11755198502470417,0.007848984102801139,0.770790637869931,0.5855873340716548,0.13804532369764713,0.39950473996154656,0.15554830768978564,0.009667136797204228
s2401b:s24_s2401b_raw_nemo_buffer_000041-vad_percentile_rms-0000-0000-236628,s24,s2401b,,,,unknown,unknown,unknown,0.998954865777258,0.9975553875663035,0.7131542081034715,0.7313879725399373,0.5043572756181234,0.08403029158546677,0.9975125881799166,0.9957599703264927,0.6729001141627259
s2401b:s24_s2401b_raw_nemo_buffer_000041-vad_percentile_rms-0000-0001-239532,s24,s2401b,,,,unknown,unknown,unknown,0.43873506038586224,0.3181855053294048,0.03803155385018398,0.7841006267574824,0.5689184939302225,0.0994828710589266,0.5783984161344088,0.3861871018365512,0.03199369318115481
s2401b:s24_s2401b_raw_nemo_buffer_000042-vad_percentile_rms-0000-0000-240560,s24,s2401b,1,1,,bad,bad,unknown,0.9078211534918047,0.8366368812381507,0.42716264452343816,0.807113067412663,0.5920749338698202,0.09870841850915159,0.9258357532459626,0.8435051666007167,0.27544154305901525
s2401b:s24_s2401b_raw_nemo_buffer_000042-vad_percentile_rms-0000-0001-243928,s24,s2401b,,,,unknown,unknown,unknown,0.13860345124470816,0.054611917807049985,0.006294901998976215,0.7923928315587178,0.5824374424323707,0.10537793521051302,0.22791431626288663,0.07782167404795721,0.006257570086889276
s2401b:s24_s2401b_raw_nemo_buffer_000043-vad_percentile_rms-0000-0000-244344,s24,s2401b,,,,unknown,unknown,unknown,0.8231945675490424,0.6488211745963349,0.06246891764709193,0.8216353148633606,0.6101568627041257,0.1011708512677053,0.8570538826530217,0.6847892291463703,0.06419940251998117
s2401b:s24_s2401b_raw_nemo_buffer_000043-vad_percentile_rms-0000-0001-244920,s24,s2401b,,,,unknown,unknown,unknown,0.14650472703989934,0.06242855925071323,0.005101923117509461,0.7836033836106493,0.5851363652933319,0.11986564983336469,0.241453526140307,0.09046613362795546,0.006689170631750954
s2401b:s24_s2401b_raw_nemo_buffer_000044-vad_percentile_rms-0000-0000-245272,s24,s2401b,,,,unknown,unknown,unknown,0.5514871070737204,0.3465583842175347,0.0337899873513353,0.742145963965775,0.5188114782742801,0.08872876915274494,0.6308878708752905,0.39104875762615243,0.03176990317576805
s2401b:s24_s2401b_raw_nemo_buffer_000044-vad_percentile_rms-0000-0001-245908,s24,s2401b,0,0,0,safe,safe,safe,0.18718067766503774,0.1036621665426129,0.0241476856364629,0.22416504589276945,0.15478076458223253,0.0526986062433726,0.15881650651442347,0.09200285413812569,0.020539913697435023
s2401b:s24_s2401b_raw_nemo_buffer_000044-vad_percentile_rms-0000-0002-248020,s24,s2401b,,,,unknown,unknown,unknown,0.25687787440162235,0.1516454739750856,0.01864209608235441,0.7468536383029282,0.5383515175886134,0.10509082517720503,0.39216923738030895,0.20225460958542432,0.01884754153531169
s2401b:s24_s2401b_raw_nemo_buffer_000045-vad_percentile_rms-0000-0000-249588,s24,s2401b,,,,unknown,unknown,unknown,0.9991843809696748,0.9974980035993779,0.6746766617945715,0.74410576902588,0.545203085616845,0.11640215278352363,0.9983507457370753,0.9960964002822955,0.6674814575447608
s2401b:s24_s2401b_raw_nemo_buffer_000045-vad_percentile_rms-0000-0001-251884,s24,s2401b,,,,unknown,unknown,unknown,0.398907348521826,0.20132151894704556,0.03713570713133977,0.8613278467868651,0.693016349855211,0.15490795910515143,0.5380660868514577,0.26658970539102805,0.03277822374572598
s2401b:s24_s2401b_raw_nemo_buffer_000046-vad_percentile_rms-0000-0000-252428,s24,s2401b,,,,unknown,unknown,unknown,0.7126502332465264,0.5519842316118296,0.07859954525082088,0.7544084754006041,0.5342712214612755,0.09301738164169453,0.773640346957284,0.5937180464486574,0.06838729224648483
s2401b:s24_s2401b_raw_nemo_buffer_000046-vad_percentile_rms-0000-0001-252964,s24,s2401b,,,,unknown,unknown,unknown,0.34920386822362226,0.17909378062798953,0.024708870324157754,0.8065831356654277,0.6397436707825004,0.1696519714528706,0.5047058656103273,0.25103506871160114,0.035704722628353384
s2401b:s24_s2401b_raw_nemo_buffer_000047-vad_percentile_rms-0000-0000-253432,s24,s2401b,,,,unknown,unknown,unknown,0.735323356320815,0.4921848273893461,0.03239573258503894,0.8426609653338768,0.6334391719191885,0.09973864678763072,0.7714564884856739,0.5252183777422473,0.02955057568513921
s2401b:s24_s2401b_raw_nemo_buffer_000047-vad_percentile_rms-0000-0001-254396,s24,s2401b,,,,unknown,unknown,unknown,0.28342928725837097,0.19245073032858678,0.0990463421202617,0.3261968233482533,0.22489516507262136,0.070872144786324,0.2508426700863716,0.17229859450447643,0.0683258110839002
s2401b:s24_s2401b_raw_nemo_buffer_000047-vad_percentile_rms-0000-0002-255256,s24,s2401b,1,,,bad,unknown,unknown,0.27610176667338765,0.16198898577244022,0.1015812524494592,0.7583148754808378,0.6503405351749381,0.30039324112404325,0.351176533033227,0.2061286358179823,0.14329254082180445
s2401b:s24_s2401b_raw_nemo_buffer_000047-vad_percentile_rms-0000-0003-257548,s24,s2401b,,,,unknown,unknown,unknown,0.3866291697989009,0.20872383332303357,0.027815346742206922,0.8153258800523235,0.6138364885050508,0.11433833549871224,0.49931133368457525,0.25931401623410577,0.02435276619490958
s2401b:s24_s2401b_raw_nemo_buffer_000048-vad_percentile_rms-0000-0000-258140,s24,s2401b,,,,unknown,unknown,unknown,0.8575112341257043,0.7530778418736446,0.20271874747898327,0.6146093396808949,0.45511182624016483,0.13450145502586527,0.813825775207002,0.7214091590131811,0.20028741810923414
s2401b:s24_s2401b_raw_nemo_buffer_000048-vad_percentile_rms-0000-0001-259688,s24,s2401b,,,,unknown,unknown,unknown,0.2583489967667844,0.12666161328322562,0.019468128601803036,0.7848181664001738,0.5776508336931624,0.10881859943798118,0.3761349977680088,0.16821392958861886,0.01774896843587739
s2401b:s24_s2401b_raw_nemo_buffer_000049-vad_percentile_rms-0000-0000-260520,s24,s2401b,,,,unknown,unknown,unknown,0.7162732916107589,0.5048465713303183,0.09043844305702174,0.8036301806885089,0.6060324887719095,0.12056327598913848,0.7512248858007945,0.5364351375033664,0.07529640386003386
s2401b:s24_s2401b_raw_nemo_buffer_000049-vad_percentile_rms-0000-0001-264532,s24,s2401b,,,,unknown,unknown,unknown,0.6036173194923202,0.4359299104324765,0.0780443095854136,0.7807949053131482,0.6994536406821086,0.3944908652495554,0.6197680117216162,0.4752176322764427,0.14991365019255123
s2401b:s24_s2401b_raw_nemo_buffer_000050-vad_percentile_rms-0000-0000-264992,s24,s2401b,,,,unknown,unknown,unknown,0.6356611894064316,0.41996762129431076,0.020622682893641314,0.7882527330844943,0.5798075404316536,0.10725763058582288,0.6790168544246818,0.45191986521876426,0.02185529291690622
s2401b:s24_s2401b_raw_nemo_buffer_000050-vad_percentile_rms-0000-0001-265716,s24,s2401b,,,,unknown,unknown,unknown,0.6528532993522431,0.7130330408202413,0.5096577565945478,0.6194182977266544,0.5333309054965715,0.2795811848806997,0.6859389799417539,0.7202309409616859,0.5312708737725673
s2401b:s24_s2401b_raw_nemo_buffer_000050-vad_percentile_rms-0000-0002-267148,s24,s2401b,1,,,bad,unknown,unknown,0.35108175776435774,0.23987892035302627,0.11347565257750135,0.5304127910611002,0.3778917539259657,0.10851581150856623,0.37196928613089175,0.2491804419609901,0.09790578239894035
s2401b:s24_s2401b_raw_nemo_buffer_000050-vad_percentile_rms-0000-0003-268460,s24,s2401b,,,,unknown,unknown,unknown,0.4705124651945445,0.2547239715798499,0.049796543885728094,0.7992745164773833,0.6192938850328235,0.1469814757763713,0.566624942638759,0.30883423537398713,0.04773516006850398
s2401b:s24_s2401b_raw_nemo_buffer_000051-vad_percentile_rms-0000-0000-268828,s24,s2401b,,,,unknown,unknown,unknown,0.7122845883727326,0.541643698193149,0.07267962999120675,0.677512281574816,0.48479362756104916,0.11105689575352772,0.6949549106425075,0.5328255364769653,0.06920962867364105
s2401b:s24_s2401b_raw_nemo_buffer_000051-vad_percentile_rms-0000-0001-269284,s24,s2401b,,,,unknown,unknown,unknown,0.4406366488257559,0.27872415913353477,0.09953469293028827,0.5753637046473874,0.43769875227883837,0.15024369435649126,0.4627407181590922,0.29995478835195194,0.12015608626510227
s2401b:s24_s2401b_raw_nemo_buffer_000051-vad_percentile_rms-0000-0003-270536,s24,s2401b,,,,unknown,unknown,unknown,0.1324649027850687,0.05268501014236557,0.006493731742814186,0.7879773721325403,0.5796338046865138,0.10738272330088199,0.22211179792606664,0.07582208800483133,0.006445534734018177
s2401b:s24_s2401b_raw_nemo_buffer_000052-vad_percentile_rms-0000-0000-270784,s24,s2401b,,,,unknown,unknown,unknown,0.6999703398259634,0.477886310223972,0.0832734617151315,0.8058473791299443,0.591227656664257,0.09928120116938323,0.7520615546708525,0.5166368424881387,0.061236537696566146
s2401b:s24_s2401b_raw_nemo_buffer_000052-vad_percentile_rms-0000-0001-272636,s24,s2401b,,,,unknown,unknown,unknown,0.3169715983594801,0.15671406562343404,0.013416612986004156,0.7398249818607349,0.5761739625245517,0.16863505794363434,0.3789022791544089,0.18867737897201012,0.018186099127787438
s2401b:s24_s2401b_raw_nemo_buffer_000053-vad_percentile_rms-0000-0000-272828,s24,s2401b,,,,unknown,unknown,unknown,0.7004683562078642,0.3851335535262336,0.022609382242349072,0.7523780452188993,0.5415133073832902,0.10291891824639507,0.7192435833186432,0.40726886979741067,0.023116982162477377
s2401b:s24_s2401b_raw_nemo_buffer_000054-vad_percentile_rms-0000-0000-276144,s24,s2401b,,,,unknown,unknown,unknown,0.651338993293297,0.44110012812361177,0.06866427287204319,0.7786052550551057,0.5738047334624186,0.11164639995449727,0.7077748045804495,0.48286082908801087,0.060057946725661664
s2401b:s24_s2401b_raw_nemo_buffer_000054-vad_percentile_rms-0000-0001-278088,s24,s2401b,,,,unknown,unknown,unknown,0.21899817022720033,0.09885051016912048,0.014013243504811179,0.835709305045473,0.6592984798826056,0.14862533288543334,0.3551178200223292,0.14429483491625097,0.015147304251598884
s2401b:s24_s2401b_raw_nemo_buffer_000055-vad_percentile_rms-0000-0000-278696,s24,s2401b,,,,unknown,unknown,unknown,0.8189485459743036,0.6688846786667605,0.13286205311357974,0.7951250440625757,0.5923930050539903,0.11419537013436988,0.866464115643982,0.7164128237127015,0.1325741988968029
s2401b:s24_s2401b_raw_nemo_buffer_000055-vad_percentile_rms-0000-0001-279208,s24,s2401b,,,,unknown,unknown,unknown,0.35881182932579636,0.22784281529774544,0.056370802458128914,0.7641334364259905,0.5567629842305313,0.10788627291757664,0.5009517583195755,0.290017428051627,0.051508271550428
s2401b:s24_s2401b_raw_nemo_buffer_000056-vad_percentile_rms-0000-0000-280464,s24,s2401b,,,,unknown,unknown,unknown,0.9110237439305046,0.82261372334951,0.20447249979361717,0.8038972603972443,0.5899293244895597,0.10016393073386513,0.9327112919958462,0.847070206724935,0.2016046603410597
s2401b:s24_s2401b_raw_nemo_buffer_000056-vad_percentile_rms-0000-0001-281184,s24,s2401b,,,,unknown,unknown,unknown,0.1310175110509674,0.07513661625756823,0.018786796445845123,0.809465845181303,0.7152272747039699,0.3616920157875307,0.2351623798225873,0.1193216083623776,0.03239013529166289
s2401b:s24_s2401b_raw_nemo_buffer_000056-vad_percentile_rms-0000-0002-281248,s24,s2401b,,,,unknown,unknown,unknown,0.13321046601774622,0.05365800730217552,0.006711984552493146,0.7807953585323639,0.6078666601748137,0.158395367247086,0.24283724441969046,0.08354381843432437,0.008536478754038412
s2401b:s24_s2401b_raw_nemo_buffer_000057-vad_percentile_rms-0000-0000-281556,s24,s2401b,,,,unknown,unknown,unknown,0.999828389125886,0.9996799886158023,0.9656389967811662,0.8559617397177275,0.6591908116235625,0.11149945891252695,0.9995898316514308,0.9994258566129057,0.9422280411895269
s2401b:s24_s2401b_raw_nemo_buffer_000057-vad_percentile_rms-0000-0001-284224,s24,s2401b,,,,unknown,unknown,unknown,0.325314629033143,0.1501302951297686,0.0256235136418999,0.7496988198441098,0.6834684436277597,0.42769841625038424,0.3165771951461767,0.1698949513572509,0.05295501926830403
s2401b:s24_s2401b_raw_nemo_buffer_000058-vad_percentile_rms-0000-0000-286704,s24,s2401b,1,,,bad,unknown,unknown,0.9429741617529322,0.9323691961546597,0.5215997273874056,0.7922996335627762,0.606859137532702,0.13848094213264892,0.9479854498197202,0.9312206513720704,0.45576067741554777
s2401b:s24_s2401b_raw_nemo_buffer_000058-vad_percentile_rms-0000-0001-288268,s24,s2401b,,,,unknown,unknown,unknown,0.5102488256589389,0.34399056457303395,0.06610560747362526,0.8719946138334357,0.7356545810725653,0.22229387618432397,0.6415310253335827,0.4313878230300693,0.07677388818925278
s2401b:s24_s2401b_raw_nemo_buffer_000059-vad_percentile_rms-0000-0000-292732,s24,s2401b,,,,unknown,unknown,unknown,0.8003426264204845,0.5746828267190593,0.029320692943593223,0.845823568089738,0.6358507706515963,0.09804156069763667,0.8165855130329235,0.5958894184027159,0.029023515287848817
s2401b:s24_s2401b_raw_nemo_buffer_000059-vad_percentile_rms-0000-0001-296204,s24,s2401b,,,,unknown,unknown,unknown,0.16382920303379578,0.07857703402255906,0.008088881155389376,0.7433341141468517,0.544768946530355,0.11673228742644319,0.2442063954683358,0.10476935214928947,0.009338747616847996
s2401b:s24_s2401b_raw_nemo_buffer_000060-vad_percentile_rms-0000-0000-297332,s24,s2401b,,,,unknown,unknown,unknown,0.9968988296536946,0.9946845902278189,0.5629374158109797,0.7485629446704072,0.5309016328887476,0.09512967173717803,0.9947437093273563,0.9923638369345221,0.5533687099386623
s2401b:s24_s2401b_raw_nemo_buffer_000060-vad_percentile_rms-0000-0001-298092,s24,s2401b,,,,unknown,unknown,unknown,0.12397417069299389,0.04083144551013552,0.004104013969444154,0.8206102136287741,0.633332438461865,0.1337361465246246,0.254263285113441,0.06845635012393836,0.00502614036685998
s2401b:s24_s2401b_raw_nemo_buffer_000061-vad_percentile_rms-0000-0000-299096,s24,s2401b,,,,unknown,unknown,unknown,0.6558324157595194,0.3945628670991327,0.033258906171683526,0.7987460608628298,0.5783049219405861,0.09336183329333402,0.6994054015982036,0.4275109179141273,0.029361246746312245
s2401b:s24_s2401b_raw_nemo_buffer_000061-vad_percentile_rms-0000-0001-300524,s24,s2401b,,,,unknown,unknown,unknown,0.5396242465801145,0.3631071982557449,0.0693001300617199,0.8522451427755946,0.6638846811344994,0.1247258905655122,0.6645604324167158,0.43572982359015655,0.05856779600625174
s2401b:s24_s2401b_raw_nemo_buffer_000062-vad_percentile_rms-0000-0000-303128,s24,s2401b,,,,unknown,unknown,unknown,0.9075846322582121,0.8791097573082858,0.5000558697020412,0.8663216997572188,0.6969084512080876,0.15055760970980533,0.941719888760015,0.9029932424014689,0.40950676009201087
s2401b:s24_s2401b_raw_nemo_buffer_000062-vad_percentile_rms-0000-0002-303628,s24,s2401b,,,,unknown,unknown,unknown,0.3007108201146326,0.12420157929626693,0.010862666890289472,0.8295894846018026,0.6317169470972698,0.11700750874346418,0.45736880977671174,0.17639740503313353,0.010916967017147974
s2401b:s24_s2401b_raw_nemo_buffer_000063-vad_percentile_rms-0000-0000-305304,s24,s2401b,,,,unknown,unknown,unknown,0.7281340370706879,0.4688843509232217,0.04530913358927389,0.7352274770762883,0.5064795048862456,0.08284141879522891,0.7101841763082093,0.4596565890934801,0.03496621726654685
s2401b:s24_s2401b_raw_nemo_buffer_000063-vad_percentile_rms-0000-0001-307748,s24,s2401b,,,,unknown,unknown,unknown,0.5412872698853232,0.2772837170161517,0.04820950565011208,0.8499372578613037,0.7059826264354914,0.21196381996063943,0.6130100410621476,0.32833116197007695,0.048231311321342965
s2401b:s24_s2401b_raw_nemo_buffer_000064-vad_percentile_rms-0000-0000-310284,s24,s2401b,,,,unknown,unknown,unknown,0.612169735105359,0.3933955919004692,0.023076753837539644,0.7719545889834568,0.5447044799033848,0.08672945263288188,0.6458610765680751,0.41464192688479823,0.021120900946624926
s2401b:s24_s2401b_raw_nemo_buffer_000064-vad_percentile_rms-0000-0001-313228,s24,s2401b,,,,unknown,unknown,unknown,0.1767350524117624,0.07513505336386672,0.02152738560188962,0.8134956826054286,0.6205994812834765,0.12629676859696057,0.3049199390742356,0.11244848248821686,0.019615350026964563
s2401b:s24_s2401b_raw_nemo_buffer_000065-vad_percentile_rms-0000-0000-319036,s24,s2401b,,,,unknown,unknown,unknown,0.7590262975020722,0.5546075888336852,0.03426606513788774,0.8367991516779913,0.6211190860020515,0.09371310808322025,0.8127740100551636,0.5988940527901558,0.03058207320811231
s2401b:s24_s2401b_raw_nemo_buffer_000065-vad_percentile_rms-0000-0001-321800,s24,s2401b,,,,unknown,unknown,unknown,0.24575594076010024,0.10156624815678025,0.005439237843414586,0.7706863216360256,0.5523201354626694,0.09577585979631591,0.3625150357646496,0.136563601369066,0.006194404130284191
s2401b:s24_s2401b_raw_nemo_buffer_000066-vad_percentile_rms-0000-0000-322132,s24,s2401b,,,,unknown,unknown,unknown,0.9996621938477509,0.9993949821295754,0.9187667260508842,0.8111149542787064,0.5947783846231616,0.09689799768393804,0.9992124525048489,0.9989459932099876,0.8908068473876775
s2401b:s24_s2401b_raw_nemo_buffer_000066-vad_percentile_rms-0000-0001-322824,s24,s2401b,,,,unknown,unknown,unknown,0.2992351555662382,0.11496766126194478,0.008096488029606469,0.8388296094498875,0.6384139681596516,0.11165030724654956,0.4369073524728469,0.15920044158100385,0.007923370611712142
s2401b:s24_s2401b_raw_nemo_buffer_000067-vad_percentile_rms-0000-0000-323868,s24,s2401b,,,,unknown,unknown,unknown,0.7700760327520285,0.5737500753892143,0.08168485805978347,0.7076035127525456,0.48315195593379934,0.08325485058024773,0.7956609144284902,0.5964878215773778,0.07501589335316686
s2401b:s24_s2401b_raw_nemo_buffer_000067-vad_percentile_rms-0000-0001-324332,s24,s2401b,,,,unknown,unknown,unknown,0.46055995493140933,0.2393122979721562,0.03326228003413993,0.8312209841414965,0.6407132857476038,0.12710812326807946,0.5988625026589874,0.31012368124435913,0.0326264524153827
s2401b:s24_s2401b_raw_nemo_buffer_000068-vad_percentile_rms-0000-0000-325848,s24,s2401b,,,,unknown,unknown,unknown,0.6721718523843759,0.48920786572663794,0.06249796734850051,0.7140482849811138,0.48653850563611656,0.08137939654778314,0.6897563695883554,0.4959866931558419,0.04725684529556506
s2401b:s24_s2401b_raw_nemo_buffer_000068-vad_percentile_rms-0000-0001-329224,s24,s2401b,,,,unknown,unknown,unknown,0.5541546696025759,0.32632105808349177,0.06955894434874049,0.8404657446423193,0.6702222065289305,0.15846379672839989,0.6347023915176956,0.3794220264932666,0.06034872036117709
s2401b:s24_s2401b_raw_nemo_buffer_000069-vad_percentile_rms-0000-0000-329624,s24,s2401b,,,,unknown,unknown,unknown,0.8083272142995783,0.7095559047421198,0.38379725878624515,0.8128826213329556,0.6742307172132664,0.23030989888346226,0.8481870430614123,0.7446710244356901,0.36549073771276763
s2401b:s24_s2401b_raw_nemo_buffer_000069-vad_percentile_rms-0000-0001-332232,s24,s2401b,,,,unknown,unknown,unknown,0.19499048993637388,0.09167311546595436,0.010169137851352462,0.7648191316244259,0.5571693508855239,0.10759637317762273,0.282098745422202,0.12014237975537621,0.010126311185677465
s2401b:s24_s2401b_raw_nemo_buffer_000070-vad_percentile_rms-0000-0000-333016,s24,s2401b,,,,unknown,unknown,unknown,0.8748807656862753,0.8014052540443236,0.18312398226277643,0.7250981422371827,0.5178448201645941,0.10370848477387656,0.8848445392536038,0.8064115781188569,0.15791835035971857
s2401b:s24_s2401b_raw_nemo_buffer_000070-vad_percentile_rms-0000-0001-333804,s24,s2401b,,,,unknown,unknown,unknown,0.477011279743856,0.2596585780297656,0.048879787246719944,0.8122690331319702,0.6197780133850821,0.12700310886007157,0.5773042031937686,0.31427236266013625,0.04459028408804555
s2401b:s24_s2401b_raw_nemo_buffer_000071-vad_percentile_rms-0000-0000-334068,s24,s2401b,1,1,,bad,bad,unknown,0.7579253765358996,0.6103315921570845,0.19386884716160344,0.75966099041219,0.554130419088043,0.1097796905209224,0.8047680026466085,0.6449214277398861,0.14484153922689924
s2401b:s24_s2401b_raw_nemo_buffer_000071-vad_percentile_rms-0000-0001-335112,s24,s2401b,,,,unknown,unknown,unknown,0.2657083183916297,0.10614039198283548,0.011052361174315004,0.7992726287009885,0.6032015573795511,0.12288144807760472,0.3832140652542647,0.14378599214244475,0.010985777627355649
s2401b:s24_s2401b_raw_nemo_buffer_000072-vad_percentile_rms-0000-0000-335540,s24,s2401b,,,,unknown,unknown,unknown,0.9993181528281836,0.9986738308976215,0.8619745522814237,0.8067431008973289,0.591826891210084,0.09887583494691755,0.9986094118208971,0.9978763056384313,0.8152275676922454
s2401b:s24_s2401b_raw_nemo_buffer_000072-vad_percentile_rms-0000-0001-336588,s24,s2401b,,,,unknown,unknown,unknown,0.25223220656041445,0.1573910299178431,0.053458762677133835,0.7612743964495358,0.571733654683559,0.1308970645241939,0.40510588460092795,0.2215074378598509,0.05081576816672732
s2401b:s24_s2401b_raw_nemo_buffer_000073-vad_percentile_rms-0000-0000-339496,s24,s2401b,,,,unknown,unknown,unknown,0.39847328719076763,0.21213949583192873,0.01417618657818533,0.842905079340128,0.6568712881090492,0.13111275643410888,0.5545637780978584,0.28452985046094725,0.016200900560704116
s2401b:s24_s2401b_raw_nemo_buffer_000074-vad_percentile_rms-0000-0000-348676,s24,s2401b,,,,unknown,unknown,unknown,0.7730015262856521,0.6052831628546893,0.020362014807244116,0.7928060947624852,0.5661475845904027,0.08724115675212514,0.8011126745738572,0.6259993139525372,0.022959772943266534
s2401b:s24_s2401b_raw_nemo_buffer_000074-vad_percentile_rms-0000-0001-351048,s24,s2401b,,,,unknown,unknown,unknown,0.40819041366710873,0.21194992489259126,0.020518980126630625,0.743842812960441,0.5197707218042246,0.08816146770134259,0.49091929275968227,0.24695061958608996,0.01832419867746691
s2401b:s24_s2401b_raw_nemo_buffer_000075-vad_percentile_rms-0000-0000-351416,s24,s2401b,,,,unknown,unknown,unknown,0.662984013101949,0.4265543348438997,0.049078995275843,0.8477413369034108,0.6373295268449416,0.09701137307029649,0.7576625932665291,0.49461831123946987,0.03882110423300185
s2401b:s24_s2401b_raw_nemo_buffer_000075-vad_percentile_rms-0000-0001-352544,s24,s2401b,,,,unknown,unknown,unknown,0.14682298096784463,0.0726858714464389,0.008881421366566104,0.7205124434843897,0.4984469838276635,0.08742294800027346,0.2370674806368801,0.09905221854629213,0.008204813031855244
s2401b:s24_s2401b_raw_nemo_buffer_000076-vad_percentile_rms-0000-0000-358284,s24,s2401b,,,,unknown,unknown,unknown,0.941939283869364,0.8952769201384646,0.2317714645681885,0.8298662120979555,0.616025558902206,0.09712491076334104,0.941240463185169,0.8917142876143668,0.18650045456526468
s2401b:s24_s2401b_raw_nemo_buffer_000076-vad_percentile_rms-0000-0001-359916,s24,s2401b,,,,unknown,unknown,unknown,0.5656652340539424,0.3298235254133215,0.02362596005903183,0.8608324282623212,0.663073224438537,0.10839431128068937,0.6756346937468622,0.39519552130346824,0.02256357843084564
s2401b:s24_s2401b_raw_nemo_buffer_000077-vad_percentile_rms-0000-0000-361208,s24,s2401b,,,,unknown,unknown,unknown,0.858200575405449,0.7587314568688142,0.19697397551664453,0.8348738756591096,0.6196901442240842,0.09466102010078581,0.8826677651416763,0.7749655183189594,0.13103280138306664
s2401b:s24_s2401b_raw_nemo_buffer_000077-vad_percentile_rms-0000-0001-363364,s24,s2401b,,,,unknown,unknown,unknown,0.18092178874695045,0.08053893481305512,0.004471057684580832,0.7196394915090245,0.49797878939977713,0.0876969311663369,0.26064845191043434,0.10404654308305204,0.004295479411559985
s2401b:s24_s2401b_raw_nemo_buffer_000078-vad_percentile_rms-0000-0000-363632,s24,s2401b,1,1,,bad,bad,unknown,0.6047581212564316,0.4832768100882945,0.11626972704987076,0.6619769026701916,0.4772105297371152,0.11666826816194643,0.6279138290304228,0.4937976465283346,0.09024401862321388
s2401b:s24_s2401b_raw_nemo_buffer_000078-vad_percentile_rms-0000-0002-366936,s24,s2401b,,,,unknown,unknown,unknown,0.26027726632944104,0.12439674001722333,0.015549466089902701,0.7351745810913902,0.5233645082593692,0.10000398030061197,0.3440297696711332,0.15402744507933383,0.014322743468723868
s2401b:s24_s2401b_raw_nemo_buffer_000079-vad_percentile_rms-0000-0000-367544,s24,s2401b,1,,,bad,unknown,unknown,0.8490540081813797,0.793058492940373,0.2530835024425038,0.835464984159939,0.6280714535786368,0.10359261665743208,0.8842460536091561,0.8143414133037503,0.1676958510696531
s2401b:s24_s2401b_raw_nemo_buffer_000079-vad_percentile_rms-0000-0001-368964,s24,s2401b,,,,unknown,unknown,unknown,0.23390581303310656,0.10897500138154688,0.016665219111659146,0.7492754322256046,0.5397322667726896,0.10413769534089372,0.3247956413230996,0.13962788020136058,0.015194379721525231
s2401b:s24_s2401b_raw_nemo_buffer_000080-vad_percentile_rms-0000-0001-376300,s24,s2401b,,,,unknown,unknown,unknown,0.37354564456287376,0.2024485927940427,0.013735250531303455,0.8113504029636485,0.6030720085242057,0.1062229871027795,0.5102279320044837,0.26139386956840494,0.013038243465402123
s2401b:s24_s2401b_raw_nemo_buffer_000081-vad_percentile_rms-0000-0000-386872,s24,s2401b,,,,unknown,unknown,unknown,0.9891548545176221,0.9873039157032196,0.8278366020929192,0.8185363777426121,0.5998948032593838,0.0935424508224896,0.9895436680055452,0.9861811652093911,0.7415232506867487
s2401b:s24_s2401b_raw_nemo_buffer_000081-vad_percentile_rms-0000-0001-391372,s24,s2401b,,,,unknown,unknown,unknown,0.3547586069223063,0.18310976525821795,0.035725510363675765,0.7910047344203667,0.5732895985994426,0.09659349097127559,0.45556524492158407,0.22347549156565708,0.026438099345155633
s2401b:s24_s2401b_raw_nemo_buffer_000082-vad_percentile_rms-0000-0000-391636,s24,s2401b,,,,unknown,unknown,unknown,0.9997620214576116,0.9996965277840644,0.9734793310929475,0.8680915518426284,0.6911290714487107,0.13635705756632963,0.9995907795256668,0.9995378669028323,0.9615516556566823
s2401b:s24_s2401b_raw_nemo_buffer_000082-vad_percentile_rms-0000-0001-392396,s24,s2401b,0,0,0,safe,safe,safe,0.11551681920809133,0.08331909221773402,0.031289307537808696,0.03687945047006548,0.03617209946205322,0.03041967759345799,0.05478025002684805,0.05066781904020155,0.024615327578461525
s2401b:s24_s2401b_raw_nemo_buffer_000082-vad_percentile_rms-0000-0002-395340,s24,s2401b,,,,unknown,unknown,unknown,0.6145782055651989,0.4270426504490449,0.06036234904316756,0.7990550510631476,0.586741868339308,0.10235703172587847,0.7095373493162916,0.48766243818983357,0.05227455160399661
s2401b:s24_s2401b_raw_nemo_buffer_000083-vad_percentile_rms-0000-0000-395592,s24,s2401b,1,1,,bad,bad,unknown,0.7408007997207601,0.5084207494483393,0.05134791020556261,0.7882496083598028,0.5798055681077825,0.1072590500526112,0.7623688610199324,0.5289370022210903,0.04646889479283061
s2401b:s24_s2401b_raw_nemo_buffer_000083-vad_percentile_rms-0000-0001-397516,s24,s2401b,,,,unknown,unknown,unknown,0.273783250422089,0.1268762865409931,0.023143282100452363,0.7327517975105311,0.522025865588408,0.10089176516717693,0.35919256944096606,0.15668523676720014,0.018594028306083324
s2401b:s24_s2401b_raw_nemo_buffer_000084-vad_percentile_rms-0000-0000-397884,s24,s2401b,,,,unknown,unknown,unknown,0.9086508406740089,0.8594438328785011,0.2738138934565574,0.8628419467751935,0.7355446139752311,0.2524046356974963,0.9151191648801249,0.870012168029029,0.31335774737945815
s2401b:s24_s2401b_raw_nemo_buffer_000084-vad_percentile_rms-0000-0001-400832,s24,s2401b,,,,unknown,unknown,unknown,0.3068186279831011,0.10392159136028362,0.010499451701872033,0.7596962095419989,0.5873219404322393,0.15719709458915826,0.38436640222338403,0.13210959746810713,0.01269512164739686
s2401b:s24_s2401b_raw_nemo_buffer_000085-vad_percentile_rms-0000-0000-401692,s24,s2401b,,,,unknown,unknown,unknown,0.8119383871876348,0.671396958459411,0.06944187627383094,0.8318823195347668,0.6254576750317705,0.10550802371645188,0.8346609538815729,0.6904487929181499,0.06175538631186456
s2401b:s24_s2401b_raw_nemo_buffer_000085-vad_percentile_rms-0000-0001-402408,s24,s2401b,,,,unknown,unknown,unknown,0.35269367337390245,0.2972742782008875,0.3131362112550791,0.23572301431879567,0.1875235256190441,0.08949199659464915,0.3115170200029312,0.26311963144482126,0.23232754617903964
s2401b:s24_s2401b_raw_nemo_buffer_000085-vad_percentile_rms-0000-0002-405896,s24,s2401b,,,,unknown,unknown,unknown,0.2694984428503867,0.16719409161039195,0.0400765231253852,0.7635146312824471,0.5976930688993083,0.16904538796460458,0.38488345277432795,0.22001407856851007,0.04317480795458288
s2401b:s24_s2401b_raw_nemo_buffer_000086-vad_percentile_rms-0000-0000-406344,s24,s2401b,,,,unknown,unknown,unknown,0.8150784897978955,0.7140045269505396,0.1276366920347186,0.7866950322049127,0.5870589873162181,0.11834301391830532,0.8311794635861676,0.7267425359773664,0.11250768374191146
s2401b:s24_s2401b_raw_nemo_buffer_000086-vad_percentile_rms-0000-0001-407492,s24,s2401b,,,,unknown,unknown,unknown,0.33223133700447405,0.32159102251101523,0.21384828141967246,0.17656458628013244,0.1556302375385768,0.0963066319606198,0.24150067940693587,0.25942658433885785,0.1848295832526571
s2401b:s24_s2401b_raw_nemo_buffer_000086-vad_percentile_rms-0000-0002-410020,s24,s2401b,0,0,0,safe,safe,safe,0.02968046730961575,0.017073043095841258,0.012749911681225207,0.06651064378515906,0.058576062277351834,0.03808414975513955,0.019501853087781705,0.01295488912003332,0.009468357811086858
s2401b:s24_s2401b_raw_nemo_buffer_000086-vad_percentile_rms-0000-0003-411676,s24,s2401b,0,0,0,safe,safe,safe,0.143136477095438,0.07676381080961278,0.024397466106114055,0.3501063056784127,0.23916010163360835,0.07212397965754284,0.13926038654998033,0.0755214238872384,0.02058878748099933
s2401b:s24_s2401b_raw_nemo_buffer_000086-vad_percentile_rms-0000-0004-414136,s24,s2401b,,,,unknown,unknown,unknown,0.34055772524259487,0.23995915591988087,0.06326764351392758,0.7876136969329232,0.651374928104823,0.23420266620680777,0.449352465899962,0.3042748204142016,0.09963143651952375
s2401b:s24_s2401b_raw_nemo_buffer_000087-vad_percentile_rms-0000-0000-414340,s24,s2401b,,,,unknown,unknown,unknown,0.5806272778871804,0.39656706887028964,0.015903060718650136,0.7352935189611383,0.5318698460208547,0.10966321638833713,0.6038279203459254,0.4147995517359371,0.019063565579483674
s2401b:s24_s2401b_raw_nemo_buffer_000087-vad_percentile_rms-0000-0001-417272,s24,s2401b,,,,unknown,unknown,unknown,0.5654297823011332,0.42541092110494916,0.2769664050440586,0.4492144516337121,0.33025075940817233,0.11353951690972737,0.5381300597414068,0.40577731134707323,0.22374890481023615
s2401b:s24_s2401b_raw_nemo_buffer_000087-vad_percentile_rms-0000-0002-417996,s24,s2401b,,,,unknown,unknown,unknown,0.3418710961005255,0.18431996780161544,0.030675507260966052,0.8508824169485593,0.6703689469048392,0.13747720397345473,0.48791564042117486,0.24698060431882454,0.03021194517342924
s2401b:s24_s2401b_raw_nemo_buffer_000088-vad_percentile_rms-0000-0000-420908,s24,s2401b,,,,unknown,unknown,unknown,0.5574795869144051,0.12103725097422272,0.0074253510419183075,0.8301592644585046,0.647726114777993,0.13975605431537422,0.703479458293063,0.17486800591586624,0.008301474451398115
s2401b:s24_s2401b_raw_nemo_buffer_000089-vad_percentile_rms-0000-0000-421172,s24,s2401b,,,,unknown,unknown,unknown,0.9989935572350159,0.9978827454798767,0.682999688076711,0.7484379443165222,0.5308301201367229,0.09517494262932873,0.9977986490749978,0.9965147827766078,0.6767858897403997
s2401b:s24_s2401b_raw_nemo_buffer_000089-vad_percentile_rms-0000-0001-423492,s24,s2401b,,,,unknown,unknown,unknown,0.4003822371203432,0.2235460310337806,0.029196377104849968,0.7820559162416503,0.5841805316254306,0.12062813402725746,0.5508967969486942,0.291280326910199,0.031818296799522666
s2401b:s24_s2401b_raw_nemo_buffer_000090-vad_percentile_rms-0000-0000-423796,s24,s2401b,,,,unknown,unknown,unknown,0.9993819211717709,0.9991099758218956,0.917812676648006,0.7938013718688978,0.5915463046352695,0.11484628227102109,0.9986999051918765,0.9985350591144734,0.8900889462209302
s2401b:s24_s2401b_raw_nemo_buffer_000090-vad_percentile_rms-0000-0001-425388,s24,s2401b,,,,unknown,unknown,unknown,0.2848197695960247,0.1564020771486563,0.021168152174956073,0.7261370639361789,0.5099496970236629,0.09412376264490883,0.3770490036263178,0.19028610840528193,0.019524937407609563
s2401b:s24_s2401b_raw_nemo_buffer_000091-vad_percentile_rms-0000-0000-426736,s24,s2401b,,,,unknown,unknown,unknown,0.774652914077097,0.6425118641656297,0.13276253456563536,0.7732382036393103,0.5622208740920064,0.1040449495693741,0.8172823400119614,0.674419210271253,0.10782797826436007
s2401b:s24_s2401b_raw_nemo_buffer_000091-vad_percentile_rms-0000-0001-427836,s24,s2401b,,,,unknown,unknown,unknown,0.3336044713021056,0.2573906912346234,0.11413141773177966,0.6251614196598848,0.5941438161119983,0.4399069045456171,0.3434504555933753,0.2823692887990374,0.21014105885710316
s2401b:s24_s2401b_raw_nemo_buffer_000091-vad_percentile_rms-0000-0002-428328,s24,s2401b,,,,unknown,unknown,unknown,0.6810338048236546,0.48928273938626893,0.1335370746821362,0.8526144983418635,0.7216820605415977,0.245470650606156,0.7793181874918158,0.5805614477294457,0.16357201663835091
s2401b:s24_s2401b_raw_nemo_buffer_000092-vad_percentile_rms-0000-0000-442664,s24,s2401b,,,,unknown,unknown,unknown,0.8077762865215455,0.6880582372260243,0.10009167066993399,0.8049795115920754,0.5824371060301664,0.09076496323226145,0.8520962035510419,0.7215614293458128,0.0838536153068262
s2401b:s24_s2401b_raw_nemo_buffer_000092-vad_percentile_rms-0000-0001-443084,s24,s2401b,,,,unknown,unknown,unknown,0.23727594571594704,0.10655476047183163,0.007357293627288041,0.7750686914795474,0.5549880846927432,0.09407741064176603,0.3714937435560735,0.14894076088187858,0.00802365675305006
s2401b:s24_s2401b_raw_nemo_buffer_000093-vad_percentile_rms-0000-0000-455424,s24,s2401b,,,,unknown,unknown,unknown,0.7400065769450412,0.5265286988783175,0.01914104826017759,0.7763756376589561,0.5474151028394597,0.08515646083111056,0.7570308318021338,0.5398933596774094,0.020842557297140695
s2401b:s24_s2401b_raw_nemo_buffer_000093-vad_percentile_rms-0000-0001-456572,s24,s2401b,0,0,0,safe,safe,safe,0.18153412271355673,0.11599053621975958,0.04487357662089183,0.23479848397159137,0.15821399130537223,0.05037105865103734,0.15368209454343035,0.10127763642108244,0.03179195267467388
s2401b:s24_s2401b_raw_nemo_buffer_000093-vad_percentile_rms-0000-0002-459212,s24,s2401b,,,,unknown,unknown,unknown,0.6487630736915866,0.5445116677480489,0.14608759906883384,0.7845505572097025,0.6648392960495884,0.27620806657923436,0.6977927863618306,0.5897945346461989,0.18783684457081778
s2401b:s24_s2401b_raw_nemo_buffer_000094-vad_percentile_rms-0000-0000-460504,s24,s2401b,1,,,bad,unknown,unknown,0.8735291327272128,0.765347719535564,0.28301221135511595,0.8196846096997421,0.6006988812825886,0.09302342347037047,0.8948680767452187,0.7775639370540354,0.17109426686737356
s2401b:s24_s2401b_raw_nemo_buffer_000094-vad_percentile_rms-0000-0001-462348,s24,s2401b,,,,unknown,unknown,unknown,0.40849418817252525,0.22919878902885418,0.024434650818526464,0.8489696174114407,0.6689343555245894,0.13889136878514766,0.540653891995142,0.29330262466079543,0.023866997474845747
s2401b:s24_s2401b_raw_nemo_buffer_000095-vad_percentile_rms-0000-0000-472684,s24,s2401b,,,,unknown,unknown,unknown,0.18105586866799606,0.08806155455669346,0.0084695653492148,0.8103915631973383,0.5942869025015414,0.09722519063088986,0.3169436604491316,0.12957237947085642,0.00832484089093074
s2401b:s24_s2401b_raw_nemo_buffer_000096-vad_percentile_rms-0000-0000-472916,s24,s2401b,,,,unknown,unknown,unknown,0.7698778073363123,0.6899274279879353,0.14205910629778573,0.7804186754190163,0.5666244468552855,0.10102690225361301,0.8221176900829524,0.7182746508684074,0.10277507233553024
s2401b:s24_s2401b_raw_nemo_buffer_000096-vad_percentile_rms-0000-0001-476004,s24,s2401b,0,0,0,safe,safe,safe,0.05589458388119275,0.03278323090120818,0.016397019565181914,0.03618374181078551,0.03587527085207078,0.03088473817561043,0.027616555040015627,0.02085768693073499,0.013142593034253438
s2401b:s24_s2401b_raw_nemo_buffer_000096-vad_percentile_rms-0000-0002-476892,s24,s2401b,,,,unknown,unknown,unknown,0.3355120384025555,0.16768883313962626,0.040943791797462076,0.7785256008171242,0.5737558719175597,0.11168269128844988,0.46615015691859923,0.22005185035217123,0.035445606343162246
s2401b:s24_s2401b_raw_nemo_buffer_000097-vad_percentile_rms-0000-0000-477212,s24,s2401b,,,,unknown,unknown,unknown,0.6527490848752242,0.4172028481826356,0.07908888622713808,0.8610195709957849,0.6855253392974935,0.14208848700741278,0.7578701416389155,0.4920154315130173,0.0651307533508862
s2401b:s24_s2401b_raw_nemo_buffer_000097-vad_percentile_rms-0000-0001-478620,s24,s2401b,,,,unknown,unknown,unknown,0.41623827044858164,0.23577883805345135,0.01680555291269485,0.8036983111450708,0.6060770682183052,0.12052702892443479,0.5475893919412723,0.298436675738036,0.01981187644242669
s2401b:s24_s2401b_raw_nemo_buffer_000098-vad_percentile_rms-0000-0000-478908,s24,s2401b,,,,unknown,unknown,unknown,0.5916022700404672,0.3970651653566727,0.03853093486017702,0.8293713442330911,0.6156673914159441,0.0973682851334219,0.7082548126672452,0.46813558495925744,0.031769421658085654
s2401b:s24_s2401b_raw_nemo_buffer_000098-vad_percentile_rms-0000-0001-479580,s24,s2401b,0,0,0,safe,safe,safe,0.5139469876443209,0.42091295621833974,0.19037320239236774,0.6600729147211637,0.4762938890525648,0.11736348179130045,0.602789564087346,0.4664468695702939,0.15812229574747722
s2401b:s24_s2401b_raw_nemo_buffer_000098-vad_percentile_rms-0000-0002-481052,s24,s2401b,,,,unknown,unknown,unknown,0.28634498793660285,0.12019084197984471,0.005787275050041473,0.823088865434582,0.6350308398715924,0.13219071511470826,0.42868340983905345,0.1695613647110398,0.007403670091314409
s2401b:s24_s2401b_raw_nemo_buffer_000099-vad_percentile_rms-0000-0001-495212,s24,s2401b,1,,,bad,unknown,unknown,0.44123838558804795,0.33632132045731,0.1978576425492951,0.8487148502807395,0.7121159882797153,0.23110431775809762,0.5928085724656679,0.4292274258870651,0.23641661765281216
s2401b:s24_s2401b_raw_nemo_buffer_000100-vad_percentile_rms-0000-0000-497892,s24,s2401b,0,0,0,safe,safe,safe,0.25386067538976226,0.15562161147801876,0.08135435312343846,0.07707274437168735,0.06449195939980785,0.03727769722049863,0.1486752697663185,0.1070839793346511,0.0547679089027546
s2401b:s24_s2401b_raw_nemo_buffer_000100-vad_percentile_rms-0000-0001-500616,s24,s2401b,0,0,0,safe,safe,safe,0.19707646186124114,0.12112137550195834,0.03904170131436283,0.038260226712689686,0.037970065550181106,0.03265564438224207,0.08853287831376826,0.0712899999884102,0.029603274636290738
s2401b:s24_s2401b_raw_nemo_buffer_000100-vad_percentile_rms-0000-0003-501220,s24,s2401b,,,,unknown,unknown,unknown,0.6088280149541849,0.5553444036794668,0.4295639296653844,0.34274223067168247,0.24906021525395236,0.08933356382191175,0.5819180771680474,0.5238579422435016,0.3162217909116044
s2401b:s24_s2401b_raw_nemo_buffer_000100-vad_percentile_rms-0000-0004-502988,s24,s2401b,,,,unknown,unknown,unknown,0.5412964705752403,0.3398302817719069,0.06582724144438724,0.8296872932063704,0.6238745987134628,0.10668059446458908,0.6789107656694107,0.4183959250311624,0.05335400231352516
s2401b:s24_s2401b_raw_nemo_buffer_000101-vad_percentile_rms-0000-0000-503704,s24,s2401b,,,,unknown,unknown,unknown,0.9148809569501569,0.8709187981007619,0.38628507547872376,0.7912000392517864,0.5898924176558246,0.1161258308478413,0.9224441921308107,0.8740417663729679,0.2961624381883336
s2401b:s24_s2401b_raw_nemo_buffer_000101-vad_percentile_rms-0000-0001-505740,s24,s2401b,,,,unknown,unknown,unknown,0.2508691860556236,0.12581701080337893,0.005625518527889511,0.8605341100054492,0.6777974524883865,0.130298553514946,0.43258811010194376,0.1911850337339334,0.006461693848630595
s2401b:s24_s2401b_raw_nemo_buffer_000102-vad_percentile_rms-0000-0000-506648,s24,s2401b,,,,unknown,unknown,unknown,0.7836268565919433,0.5472474172060775,0.10233239143013512,0.8417970399383543,0.6560575681090208,0.13186729493919602,0.8274855571010907,0.5927541892638786,0.09299248973149356
s2401b:s24_s2401b_raw_nemo_buffer_000102-vad_percentile_rms-0000-0001-508232,s24,s2401b,,,,unknown,unknown,unknown,0.19701056947773385,0.09574803589095778,0.008731392784471203,0.8172060104564605,0.6231055881028718,0.12415899605227845,0.32186421324259695,0.13678896870991386,0.009434410144503708
s2401b:s24_s2401b_raw_nemo_buffer_000103-vad_percentile_rms-0000-0000-509720,s24,s2401b,,,,unknown,unknown,unknown,0.8533799548604416,0.7553911805594107,0.09300417780359507,0.8181349659941851,0.5996145125636337,0.09372390418136388,0.8908032703695724,0.7829531273525946,0.07828655150294717
s2401b:s24_s2401b_raw_nemo_buffer_000103-vad_percentile_rms-0000-0001-511572,s24,s2401b,,,,unknown,unknown,unknown,0.23637593212483402,0.09800135304654954,0.005736693980802697,0.7931721995163158,0.6791023258209009,0.2942160467698678,0.29016590844761725,0.12679944247602828,0.012195744561519038
s2401b:s24_s2401b_raw_nemo_buffer_000104-vad_percentile_rms-0000-0000-524056,s24,s2401b,,,,unknown,unknown,unknown,0.8767509209206245,0.730744316009638,0.05021309586302803,0.8327980880402422,0.6261222139869128,0.10501861613290235,0.8850729308120304,0.7414498032194562,0.05112346357473264
s2401b:s24_s2401b_raw_nemo_buffer_000104-vad_percentile_rms-0000-0001-526088,s24,s2401b,,,,unknown,unknown,unknown,0.4864452945976335,0.30115963646510524,0.04211093437412106,0.824041909155371,0.651223406789376,0.15710033884177574,0.5877897221465157,0.3612650350203092,0.04328727758197195
s2401b:s24_s2401b_raw_nemo_buffer_000105-vad_percentile_rms-0000-0000-529364,s24,s2401b,0,0,0,safe,safe,safe,0.49648656520641227,0.3358380020872837,0.09441050029283823,0.5921368948261939,0.40372611837739325,0.09073036279367881,0.49222632108365016,0.33249279873673176,0.07249904513401374
s2401b:s24_s2401b_raw_nemo_buffer_000105-vad_percentile_rms-0000-0001-533404,s24,s2401b,,,,unknown,unknown,unknown,0.222621794573195,0.11240184739042484,0.009982247298510908,0.7880977339464876,0.6439336491733575,0.21576780509721324,0.29486944543429366,0.14585798846620524,0.013487693573355518
s2401b:s24_s2401b_raw_nemo_buffer_000106-vad_percentile_rms-0000-0000-534480,s24,s2401b,,,,unknown,unknown,unknown,0.8252842335710934,0.6771408478083383,0.16663504105757926,0.7877185719570701,0.5958793909716532,0.12902851629048312,0.825486286391648,0.681680413931519,0.13293278865890434
s2401b:s24_s2401b_raw_nemo_buffer_000106-vad_percentile_rms-0000-0001-538060,s24,s2401b,,,,unknown,unknown,unknown,0.34453702179580176,0.24025696046205322,0.10894376881274374,0.83874707343561,0.7053657601810537,0.24191572366186856,0.5003748558452786,0.3248147451117897,0.11777181399327856
s2401b:s24_s2401b_raw_nemo_buffer_000107-vad_percentile_rms-0000-0000-538356,s24,s2401b,,,,unknown,unknown,unknown,0.9994664140612962,0.998993135960456,0.8071107264480086,0.8460655859994546,0.6742594198593819,0.1540405338623479,0.9987832427723639,0.9983501023000625,0.8276546254615357
s2401b:s24_s2401b_raw_nemo_buffer_000107-vad_percentile_rms-0000-0001-539052,s24,s2401b,,,,unknown,unknown,unknown,0.8227286639499845,0.7273334696869975,0.284007330745678,0.7419418176220728,0.6099978535925434,0.23323212829817364,0.8238545357687292,0.7406604704027591,0.3567446412108487
s2401b:s24_s2401b_raw_nemo_buffer_000107-vad_percentile_rms-0000-0002-539852,s24,s2401b,,,,unknown,unknown,unknown,0.34357871177249644,0.1761511085049165,0.02937559672125349,0.7316888067692264,0.5129855894323311,0.09224381790614851,0.4433665162080284,0.2149045339021907,0.023844466922030846
s2401b:s24_s2401b_raw_nemo_buffer_000108-vad_percentile_rms-0000-0000-540284,s24,s2401b,1,,,bad,unknown,unknown,0.8423219128488307,0.7157663530064489,0.25635834380078176,0.8356969370643524,0.6361156672280687,0.11346889515873651,0.8827590941096076,0.7437102267056624,0.1687920556496098
s2401b:s24_s2401b_raw_nemo_buffer_000108-vad_percentile_rms-0000-0001-542960,s24,s2401b,,,,unknown,unknown,unknown,0.5586946950280344,0.3963567140220628,0.044143777349010906,0.756276329278014,0.5521583473648988,0.11121562588038506,0.6453151692633851,0.4455382117408529,0.04311582060035386
s2401b:s24_s2401b_raw_nemo_buffer_000109-vad_percentile_rms-0000-0000-543580,s24,s2401b,,,,unknown,unknown,unknown,0.7880393094995417,0.6305440440067822,0.08113733526218973,0.8269606719422634,0.6219269256527228,0.10813622110651543,0.822227538165926,0.6589160946960596,0.06590598452997799
s2401b:s24_s2401b_raw_nemo_buffer_000109-vad_percentile_rms-0000-0001-544908,s24,s2401b,0,0,0,safe,safe,safe,0.5440289161289564,0.37812528820579766,0.14576808750856804,0.7419663568083026,0.569067647128203,0.15346965349820485,0.5996436020852178,0.4152882038025547,0.1364849909036816
s2401b:s24_s2401b_raw_nemo_buffer_000109-vad_percentile_rms-0000-0002-544980,s24,s2401b,1,1,,bad,bad,unknown,0.4617303387541673,0.34359343733160447,0.20506525700741046,0.8149691978906111,0.697395714554721,0.2876066006064156,0.5748211209550999,0.417210925430721,0.24040645143753664
s2401b:s24_s2401b_raw_nemo_buffer_000109-vad_percentile_rms-0000-0003-547876,s24,s2401b,,,,unknown,unknown,unknown,0.31363322771190794,0.15472845425325532,0.014416508186056875,0.8025427574468801,0.6133826788206792,0.13259766552667987,0.4203996655621091,0.19794252801210668,0.01638017479939366
s2401b:s24_s2401b_raw_nemo_buffer_000110-vad_percentile_rms-0000-0000-549060,s24,s2401b,,,,unknown,unknown,unknown,0.9148103102739236,0.8264608599211621,0.10583274102405835,0.7963678600731288,0.6013361488160011,0.12442668895811136,0.9175239713986435,0.8298435473784982,0.11065900726474139
s2401b:s24_s2401b_raw_nemo_buffer_000110-vad_percentile_rms-0000-0001-550668,s24,s2401b,,,,unknown,unknown,unknown,0.18305111746860248,0.09355433025490154,0.00813845771715786,0.8236580052283494,0.6354229767924683,0.13183562478387525,0.3112276170833062,0.1373085961630308,0.009693139634026427
s2401b:s24_s2401b_raw_nemo_buffer_000111-vad_percentile_rms-0000-0000-550828,s24,s2401b,,,,unknown,unknown,unknown,0.6430022206267215,0.484294482428366,0.068355114906312,0.7987954848110921,0.6109720681919331,0.13475074973743964,0.7070946806215459,0.5305205491280167,0.06488611104385562
s2401b:s24_s2401b_raw_nemo_buffer_000111-vad_percentile_rms-0000-0002-551480,s24,s2401b,,,,unknown,unknown,unknown,0.32997307186790803,0.14333756988702115,0.0163612042149539,0.8162154735013517,0.6459938558288515,0.16274463721592441,0.45721714819911236,0.19689964506565116,0.0222719599698886
s2401b:s24_s2401b_raw_nemo_buffer_000112-vad_percentile_rms-0000-0000-551992,s24,s2401b,,,,unknown,unknown,unknown,0.8440729065816133,0.7027194975300479,0.05866213290585216,0.8334531564998544,0.6265990661262296,0.10466845370802834,0.8573756140120549,0.7159377838818259,0.054425233616790684
s2401b:s24_s2401b_raw_nemo_buffer_000112-vad_percentile_rms-0000-0001-553720,s24,s2401b,,,,unknown,unknown,unknown,0.47603934475603865,0.32610458541408255,0.04917983594445988,0.762163400674675,0.5805199239981897,0.14265020944063508,0.5487733859381402,0.3698004027829074,0.05136977365048679
s2401b:s24_s2401b_raw_nemo_buffer_000113-vad_percentile_rms-0000-0000-557320,s24,s2401b,,,,unknown,unknown,unknown,0.9333195241633703,0.907291427027745,0.36164819303718776,0.7029666919235803,0.48920109433364267,0.09297998935603564,0.9192233677844766,0.8912673028250041,0.2861974064994304
s2401b:s24_s2401b_raw_nemo_buffer_000113-vad_percentile_rms-0000-0001-558204,s24,s2401b,,,,unknown,unknown,unknown,0.4399306622349321,0.2780620524902805,0.07239044803165179,0.8156568994975587,0.6140619716851877,0.11416204545029827,0.5810219699269777,0.35039433844748036,0.06241611392683184
s2401b:s24_s2401b_raw_nemo_buffer_000114-vad_percentile_rms-0000-0000-558812,s24,s2401b,1,1,,bad,bad,unknown,0.7233715167189844,0.5727085119880551,0.1344606163830348,0.7252305261550909,0.593017958994538,0.226899389843535,0.7262816792863298,0.5909415904008698,0.17070973089955183
s2401b:s24_s2401b_raw_nemo_buffer_000114-vad_percentile_rms-0000-0001-559940,s24,s2401b,,,,unknown,unknown,unknown,0.36859011529382024,0.12742299868197945,0.004464721909933606,0.7750403680707592,0.5549707341653543,0.09408837485366679,0.5100757085208333,0.17206736530665317,0.005427345641624288
s2401b:s24_s2401b_raw_nemo_buffer_000115-vad_percentile_rms-0000-0000-564580,s24,s2401b,,,,unknown,unknown,unknown,0.575317017596953,0.3308409074934844,0.01622949840370363,0.7387883777803846,0.5084651986971215,0.08174279457215111,0.5945277736886899,0.34421475947731733,0.01537204951738547
s2401b:s24_s2401b_raw_nemo_buffer_000115-vad_percentile_rms-0000-0001-566176,s24,s2401b,,,,unknown,unknown,unknown,0.3965022979868138,0.19454765206599015,0.028406491720629104,0.6957250857047119,0.4770265808780891,0.0867495035584138,0.4578520564593563,0.22093200525171663,0.023579794667555914
s2401b:s24_s2401b_raw_nemo_buffer_000116-vad_percentile_rms-0000-0000-567296,s24,s2401b,1,,,bad,unknown,unknown,0.8202634676643258,0.8353062414374743,0.46680122955990455,0.6596823780377247,0.5268552471153978,0.19854872652317745,0.8493325043102983,0.8341185363723628,0.42663991879097296
s2401b:s24_s2401b_raw_nemo_buffer_000116-vad_percentile_rms-0000-0001-568108,s24,s2401b,,,,unknown,unknown,unknown,0.4526093707729744,0.23805914130481715,0.021323016530562133,0.828231232553762,0.6307528710115484,0.11779333261129561,0.547917688186847,0.2857244258931985,0.019205910841403315
s2401b:s24_s2401b_raw_nemo_buffer_000117-vad_percentile_rms-0000-0000-568296,s24,s2401b,1,1,,bad,bad,unknown,0.7184642714444437,0.5008379220667062,0.056995262833653144,0.7421527523834535,0.518815307874507,0.08872649793701518,0.7319983891293912,0.5127448036182699,0.04892369758430597
s2401b:s24_s2401b_raw_nemo_buffer_000117-vad_percentile_rms-0000-0001-569644,s24,s2401b,,,,unknown,unknown,unknown,0.44818890442562875,0.24038625524490434,0.029104143682265056,0.8517418254033906,0.6558977479562068,0.1141801203563241,0.5818462739655468,0.3058861556185333,0.025666630636933016
