speaker_id,recording_id,geometry,unique_cutpoint_count,inside_phone_count,inside_phone_rate,depth_gt_20ms_count,depth_gt_50ms_count,depth_gt_100ms_count,depth_gt_20ms_rate,depth_gt_50ms_rate,depth_gt_100ms_rate,edge_occurrence_count,edge_inside_phone_count,edge_inside_phone_rate,edge_depth_gt_20ms_count,edge_depth_gt_50ms_count,edge_depth_gt_100ms_count,edge_depth_gt_20ms_rate,edge_depth_gt_50ms_rate,edge_depth_gt_100ms_rate,eligible_target_speech_sec,retained_target_speech_sec,speech_coverage,emitted_audio_sec,clip_count,mean_clip_duration_sec,geometry_fingerprint,policy_fingerprint,vad_observation_count,vad_timestamp_sha256,vad_probability_sha256,candidate_cutpoint_sha256,selected_cutpoint_sha256,selected_clip_sha256,workdir
s01,s0101b,current_A,61,12,0.19672131147540983,7,1,0,0.11475409836065574,0.01639344262295082,0.0,62,13,0.20967741935483872,7,1,0,0.11290322580645161,0.016129032258064516,0.0,209.11561500000002,146.16466499999984,0.6989658089377966,160.66400000000013,31,5.182709677419359,72ea8093df3fb11222b7291a784e2272246d6349ad6d5da63900e79412997498,7742f46ba78ed9fa88c087d5ec69553ce3988bd974cf12b77459f3fa28b99e2d,69829,b5f8a95b25d461ec3215edf05f53a64020c432b08d7f50d8cefb5751856aba9b,384a554710434280e25c770cc87360cb0d79a3166be9cd62ec7f621d1a8f1c9b,835a283ac8a08d15a2c476ee85cc1038028df075c42b92849fa378efb48602be,fde371348ffd3e0de0343f96160d7e7ec8b17b02029203168bb09da0d9d03b61,6694f87bbf9bec0d96aa648a36a3c853910f2b919a606e785e1a7ee36fa5ab25,/tmp/buckeye_slicer_current_A_hmpp0lgm
s01,s0101b,proper_D,53,9,0.16981132075471697,4,1,0,0.07547169811320754,0.018867924528301886,0.0,54,9,0.16666666666666666,4,1,0,0.07407407407407407,0.018518518518518517,0.0,209.11561500000002,125.40575199999985,0.5996957807287602,138.65600000000003,27,5.135407407407409,b35b56fbf50e01487bef7f59ef870fe839ea7b8d3f84afb9014d7c5503a3e4dc,7742f46ba78ed9fa88c087d5ec69553ce3988bd974cf12b77459f3fa28b99e2d,69829,962658f962094f595f9b0cebfc00f56d83bd6d61daccfc01f6173c09c7055bc6,874417e3c83753978674a246cbdf37bdb8f41ee28bc6e79eb69892f80bb5a37b,919e164726688c2b703b3f629f60ccb1d9ac0f7278041a59994a0f650f221e80,fc3091eebbf3ed5a9c717b82cd53e2fabbfd40bd8b92f8b184bea9a27ac54b93,e9b3e8da1848e91e41072705207748d1d321528a01ab07ccb74231c93652581c,/tmp/buckeye_slicer_proper_D_p6q79rda
s01,s0101b,min_quiet_run_64ms,59,9,0.15254237288135594,6,2,0,0.1016949152542373,0.03389830508474576,0.0,60,10,0.16666666666666666,6,2,0,0.1,0.03333333333333333,0.0,209.11561500000002,140.15108899999984,0.6702086259794604,153.80800000000013,30,5.126933333333338,72ea8093df3fb11222b7291a784e2272246d6349ad6d5da63900e79412997498,147296b66139fb1e25f990a73fc8504c73dcc082cbd7ad0e1f082f2cacec28a9,69829,b5f8a95b25d461ec3215edf05f53a64020c432b08d7f50d8cefb5751856aba9b,384a554710434280e25c770cc87360cb0d79a3166be9cd62ec7f621d1a8f1c9b,867ab3632f38513f45c2a5751f354a431737676121d5729d8ed1a8cd68b45692,189e58aef454025630d3c23d2c27c00bd8fa25d5c7ffbbb371c5d64890633999,163f29bbdb6bc7ec70daa61d42a9bf3daef199b7f83c6c09af57638253c35821,/tmp/buckeye_slicer_min_quiet_run_64ms_oosxtbod
s01,s0101b,quiet_run_score,63,10,0.15873015873015872,6,1,0,0.09523809523809523,0.015873015873015872,0.0,66,11,0.16666666666666666,6,1,0,0.09090909090909091,0.015151515151515152,0.0,209.11561500000002,147.1293779999998,0.7035791086189321,161.63200000000012,33,4.897939393939398,72ea8093df3fb11222b7291a784e2272246d6349ad6d5da63900e79412997498,9f81ddd3e1ece099fb5400ba14ba18280c8818346149f168c5660056e4c18f56,69829,b5f8a95b25d461ec3215edf05f53a64020c432b08d7f50d8cefb5751856aba9b,384a554710434280e25c770cc87360cb0d79a3166be9cd62ec7f621d1a8f1c9b,835a283ac8a08d15a2c476ee85cc1038028df075c42b92849fa378efb48602be,971bae581d4642b28016f24099763095fbaa90515782a93589416702cbf93a07,edd561e4e91cce05fecf4c4a66394e3d94ce55621d5c52bd0f1f345b5a21e00d,/tmp/buckeye_slicer_quiet_run_score_2rlo75s6
s01,s0102a,current_A,93,17,0.1827956989247312,9,2,0,0.0967741935483871,0.021505376344086023,0.0,96,19,0.19791666666666666,10,3,0,0.10416666666666667,0.03125,0.0,315.34814700000044,218.65627400000017,0.693380557584186,244.55199999999982,48,5.094833333333329,72ea8093df3fb11222b7291a784e2272246d6349ad6d5da63900e79412997498,7742f46ba78ed9fa88c087d5ec69553ce3988bd974cf12b77459f3fa28b99e2d,75244,4168420175b9518f9058ff89351657540ffcba781092e077e1fd9034007337a3,7d25326a33a61de091d150f2f7008d881e094ea62c7ae4dfac29991456f1f5ec,6f0692a887c56eef7a5ba5f1d67e35b0d133e27ca8880ffcb22054594a29b89b,a465aa829343c1cca0bc72f0a52c0a5e36ffd6ecfce43565ba9eb3db9bdceaea,b93c904974ff334b02d8260c617da0587bd6d7ae2f503eb4ee338e4c5bc79dc1,/tmp/buckeye_slicer_current_A_a247kdrt
s01,s0102a,proper_D,88,14,0.1590909090909091,7,2,0,0.07954545454545454,0.022727272727272728,0.0,90,16,0.17777777777777778,7,2,0,0.07777777777777778,0.022222222222222223,0.0,315.34814700000044,206.4356650000002,0.6546278041075659,232.78399999999996,45,5.172977777777777,b35b56fbf50e01487bef7f59ef870fe839ea7b8d3f84afb9014d7c5503a3e4dc,7742f46ba78ed9fa88c087d5ec69553ce3988bd974cf12b77459f3fa28b99e2d,75244,06ffbaa6653164877f0cf46c9d15714ec374a696735d7436d97cb936e4537db4,8bddbaae662fe63a6ad5d1643accddd95ac73072c5f8e921cab50ebaa5a5fff1,88de09ceca58f4f53047366a8d01f7f8ba96c449233ce9cec96d2015ea34f20c,67372b5251f16b480749861721a7b3f565f358676762ead46aa8578f9e331ac3,b260e1adb40688295693f68b0c546baf4b43f841e316ee29de1be753e9601bbc,/tmp/buckeye_slicer_proper_D_es_rrsn9
s01,s0102a,min_quiet_run_64ms,89,15,0.16853932584269662,8,1,0,0.0898876404494382,0.011235955056179775,0.0,92,16,0.17391304347826086,8,1,0,0.08695652173913043,0.010869565217391304,0.0,315.34814700000044,208.45600800000017,0.6610345105341617,233.03199999999984,46,5.0659130434782575,72ea8093df3fb11222b7291a784e2272246d6349ad6d5da63900e79412997498,147296b66139fb1e25f990a73fc8504c73dcc082cbd7ad0e1f082f2cacec28a9,75244,4168420175b9518f9058ff89351657540ffcba781092e077e1fd9034007337a3,7d25326a33a61de091d150f2f7008d881e094ea62c7ae4dfac29991456f1f5ec,28906fda9251dee5751e23c44d05ba769a010dd43c856260fdfe1dfa566e7984,876be1150d1011f34bda8f378df0f9ef4486cec659f9e6d9c0b888bd1360d667,6c55e6f40eae77dfd9d4d069b0bbb68b2b09c5392dd28bb42aba337d917e1c7d,/tmp/buckeye_slicer_min_quiet_run_64ms_v3pxfw1m
s01,s0102a,quiet_run_score,93,16,0.17204301075268819,10,2,0,0.10752688172043011,0.021505376344086023,0.0,96,16,0.16666666666666666,10,2,0,0.10416666666666667,0.020833333333333332,0.0,315.34814700000044,209.4919020000002,0.6643194323256953,232.5439999999999,48,4.844666666666664,72ea8093df3fb11222b7291a784e2272246d6349ad6d5da63900e79412997498,9f81ddd3e1ece099fb5400ba14ba18280c8818346149f168c5660056e4c18f56,75244,4168420175b9518f9058ff89351657540ffcba781092e077e1fd9034007337a3,7d25326a33a61de091d150f2f7008d881e094ea62c7ae4dfac29991456f1f5ec,6f0692a887c56eef7a5ba5f1d67e35b0d133e27ca8880ffcb22054594a29b89b,0e7d5ae556d8056b4469ff30c2e3a72de9bc9333b60bfe7696a7c214420bd7da,fa75bd6ee8f94bbc9129317d99abbf1f864b13664759a3eefcfeadf3f4d735a0,/tmp/buckeye_slicer_quiet_run_score_af5ue397
s01,s0102b,current_A,65,18,0.27692307692307694,14,2,0,0.2153846153846154,0.03076923076923077,0.0,70,21,0.3,16,3,0,0.22857142857142856,0.04285714285714286,0.0,247.2786510000001,160.4295300000001,0.6487803510380685,181.24000000000004,35,5.178285714285716,72ea8093df3fb11222b7291a784e2272246d6349ad6d5da63900e79412997498,7742f46ba78ed9fa88c087d5ec69553ce3988bd974cf12b77459f3fa28b99e2d,69505,052b56263617d73b0e0c3a987d45a90bc390cdbceaeb39b1d62e08d9cdf0a02e,87711b564c6e4d6a4083df2e4b6741fd162f86cec4f48c34803d08f684ab3cec,a6b26bbc95c28fbfaf98daa8f068e92166d3aa1ca13fe1aed64018b258befe8b,7707e9575624a14394e401f59b34e57bc18e9594405ad769f91afbfd0e2402c5,8c89182b608ae11bb79a31a7f6567e6a38c455090018906cae89a367b75afb7d,/tmp/buckeye_slicer_current_A_eyh4mzcp
s01,s0102b,proper_D,56,10,0.17857142857142858,4,0,0,0.07142857142857142,0.0,0.0,60,10,0.16666666666666666,4,0,0,0.06666666666666667,0.0,0.0,247.2786510000001,139.22120899999993,0.5630134604705518,157.096,30,5.236533333333333,b35b56fbf50e01487bef7f59ef870fe839ea7b8d3f84afb9014d7c5503a3e4dc,7742f46ba78ed9fa88c087d5ec69553ce3988bd974cf12b77459f3fa28b99e2d,69505,bc80d6e6c4256af680ff5f2b3c42561827c99014db77ea24260832d67ee76501,c20b055b047f7a37bbb4af99fc228e3bd910dfa3662ad75d8386db1675f0847d,aa4c11f9037e980baff82b9b0b593641c68a6ad218919b42cff4f2f63219f6ce,4a572cc0526a7402f2da064a69ed38a59dd3d9195ffc90130464584df85b5833,9807895de917bfa75fc1df8b4ca86834bf9d3149b39296a9a6270c2afb6c10a4,/tmp/buckeye_slicer_proper_D_zw3btcnb
s01,s0102b,min_quiet_run_64ms,59,11,0.1864406779661017,9,2,0,0.15254237288135594,0.03389830508474576,0.0,64,12,0.1875,10,3,0,0.15625,0.046875,0.0,247.2786510000001,145.56045900000015,0.5886495191208403,164.17600000000007,32,5.130500000000002,72ea8093df3fb11222b7291a784e2272246d6349ad6d5da63900e79412997498,147296b66139fb1e25f990a73fc8504c73dcc082cbd7ad0e1f082f2cacec28a9,69505,052b56263617d73b0e0c3a987d45a90bc390cdbceaeb39b1d62e08d9cdf0a02e,87711b564c6e4d6a4083df2e4b6741fd162f86cec4f48c34803d08f684ab3cec,397dea95f70e7d49f7fd61bdd394f068c72b18b00c8ebc1935be179a8ac51219,576e808bbb135136ffb2d069ad0e7eaeaf0263c907d61c573029c414d89ee29f,d24c19d3c788d12aae26b496a868183d03fb03e648e8756962c58b241c174e2c,/tmp/buckeye_slicer_min_quiet_run_64ms__7dc3fap
s01,s0102b,quiet_run_score,65,16,0.24615384615384617,13,2,0,0.2,0.03076923076923077,0.0,70,17,0.24285714285714285,14,3,0,0.2,0.04285714285714286,0.0,247.2786510000001,159.31021200000015,0.6442538058006475,179.63200000000012,35,5.13234285714286,72ea8093df3fb11222b7291a784e2272246d6349ad6d5da63900e79412997498,9f81ddd3e1ece099fb5400ba14ba18280c8818346149f168c5660056e4c18f56,69505,052b56263617d73b0e0c3a987d45a90bc390cdbceaeb39b1d62e08d9cdf0a02e,87711b564c6e4d6a4083df2e4b6741fd162f86cec4f48c34803d08f684ab3cec,a6b26bbc95c28fbfaf98daa8f068e92166d3aa1ca13fe1aed64018b258befe8b,584972fe0d43191a332e35ab4d7c2c0ff05c2b36e4924d9e59432a645406fa94,01868da8c9f90fc8285b6ba68ee2b0d05d45e5fae8443315ec67b3dcdc4be8d3,/tmp/buckeye_slicer_quiet_run_score_w0h1mlye
s01,s0103a,current_A,49,11,0.22448979591836735,3,2,1,0.061224489795918366,0.04081632653061224,0.02040816326530612,50,12,0.24,4,3,2,0.08,0.06,0.04,184.805317,119.40362199999998,0.6461049061699885,130.848,25,5.23392,72ea8093df3fb11222b7291a784e2272246d6349ad6d5da63900e79412997498,7742f46ba78ed9fa88c087d5ec69553ce3988bd974cf12b77459f3fa28b99e2d,53796,2788a70ecbe971b843b1a7412258dd6fca21a0a39cb2f6af354f945f3db002dd,fe8db971d76d15ffcd7e50850c88afc413c4171869fc07318d19910da59e0d37,d65315883d527ba03889ad68426efe50edde4dc9021d805a4cf8ff556357d287,48eaa2743ddcc377669abdcf822d26442d7042f6b2cc271bca1530c283954d62,3399780d115c69b02bb74cbf41e173857264637b8d3b0472e7381a95d2a77fc9,/tmp/buckeye_slicer_current_A_j8ttjvmj
s01,s0103a,proper_D,43,8,0.18604651162790697,5,2,1,0.11627906976744186,0.046511627906976744,0.023255813953488372,44,9,0.20454545454545456,6,3,2,0.13636363636363635,0.06818181818181818,0.045454545454545456,184.805317,107.36742700000002,0.5809758547152625,118.02400000000004,22,5.364727272727275,b35b56fbf50e01487bef7f59ef870fe839ea7b8d3f84afb9014d7c5503a3e4dc,7742f46ba78ed9fa88c087d5ec69553ce3988bd974cf12b77459f3fa28b99e2d,53796,222a9a2a1890817d7f2053e4404ede3ac8373058f8d3864524fb9de9328da9ca,9ba691484105a4e737b4ec4fe0106261c5f3094fd998fd47d3162e04d2e7f24c,1cef63b12e646231e4327b959b812fd4640a20f107899f19ea64623be1351e18,e3ac41f439bba2da904e662e046f6c62a7d630defd0cf5ed3c50a817cf3f81af,489d0bb00a32c618baddbc703d053e17ed0dadc5ae0794bd77b0a327f610a460,/tmp/buckeye_slicer_proper_D_o9m8x996
s01,s0103a,min_quiet_run_64ms,47,11,0.23404255319148937,4,2,1,0.0851063829787234,0.0425531914893617,0.02127659574468085,48,12,0.25,5,3,2,0.10416666666666667,0.0625,0.041666666666666664,184.805317,115.94791099999998,0.6274057093281573,126.72800000000001,24,5.280333333333334,72ea8093df3fb11222b7291a784e2272246d6349ad6d5da63900e79412997498,147296b66139fb1e25f990a73fc8504c73dcc082cbd7ad0e1f082f2cacec28a9,53796,2788a70ecbe971b843b1a7412258dd6fca21a0a39cb2f6af354f945f3db002dd,fe8db971d76d15ffcd7e50850c88afc413c4171869fc07318d19910da59e0d37,07abbf22200a47e2fe8bedfa747d16d7b9c59046df936564f9365c2319d4dcd5,da7b2912c685dcc9701280609597535f1dc608c4fdfe40d7cf1a5ae71a2a9c7b,d536a364721e92fc98f788008a58518f60493fb916eaa2c7a37dfd43d8c1bc4e,/tmp/buckeye_slicer_min_quiet_run_64ms_ojko9__n
s01,s0103a,quiet_run_score,50,12,0.24,5,2,1,0.1,0.04,0.02,52,14,0.2692307692307692,7,3,2,0.1346153846153846,0.057692307692307696,0.038461538461538464,184.805317,120.08780399999998,0.6498070832020486,131.38400000000001,26,5.05323076923077,72ea8093df3fb11222b7291a784e2272246d6349ad6d5da63900e79412997498,9f81ddd3e1ece099fb5400ba14ba18280c8818346149f168c5660056e4c18f56,53796,2788a70ecbe971b843b1a7412258dd6fca21a0a39cb2f6af354f945f3db002dd,fe8db971d76d15ffcd7e50850c88afc413c4171869fc07318d19910da59e0d37,d65315883d527ba03889ad68426efe50edde4dc9021d805a4cf8ff556357d287,7901e9e9416fed308b947cc7853bd98e5b031b9541635bd5f67460cf6c54decf,fafb7bd48b1aba8c512f2dc309a5f0a89198477337ddeb3efb78c8f069488261,/tmp/buckeye_slicer_quiet_run_score_k46ndcse
s02,s0201b,current_A,23,2,0.08695652173913043,0,0,0,0.0,0.0,0.0,26,2,0.07692307692307693,0,0,0,0.0,0.0,0.0,84.13449100000008,65.20768599999997,0.7750410708492894,71.96800000000003,13,5.536000000000002,72ea8093df3fb11222b7291a784e2272246d6349ad6d5da63900e79412997498,7742f46ba78ed9fa88c087d5ec69553ce3988bd974cf12b77459f3fa28b99e2d,32484,8b2efa05a43b198d1fc7be34bc4d73cdbd2fe9258a1118ced61c942016203f41,68734076bed194547a53560ffd2079703f6cd9c224ffa7d03ddb39f86eb75b8a,41f59f5212a17f99a1653d1d17cf5ec3a663aaaba2ef7be5c145745fcb8a3fcc,ada5ac545f7aaee1808b6708f893bb20b03251d005a4efd6005aa56a309d7ad4,bcb6a571f8b361d387e736ec13f8d13acd5ae2809a705d0d0b58e9a2071fc64c,/tmp/buckeye_slicer_current_A_zzcby8qf
s02,s0201b,proper_D,18,1,0.05555555555555555,1,0,0,0.05555555555555555,0.0,0.0,18,1,0.05555555555555555,1,0,0,0.05555555555555555,0.0,0.0,84.13449100000008,41.37084499999999,0.4917227703915146,46.36800000000005,9,5.1520000000000055,b35b56fbf50e01487bef7f59ef870fe839ea7b8d3f84afb9014d7c5503a3e4dc,7742f46ba78ed9fa88c087d5ec69553ce3988bd974cf12b77459f3fa28b99e2d,32484,7764fc90e1c0ed7b572c39b39598fc51e57885c599e326fabe3c27dd497f4c20,7ab18180177334e785d91da63393962528534f92dda4c2c63df2c2c686c700a9,7b85bf54f00f0b0faf61dcdf6e7acb9e60cef23df79d9c3d481fcbd07a6a07f3,3ceaca14370472d125444d5a7a58a2c0cae850e2671681f88a8e5e6a0ff88476,faf10dcb889871528f14673acefa45dc8b6a5c1600028b710a5edd2bea227fdd,/tmp/buckeye_slicer_proper_D_2r0_4ouk
s02,s0201b,min_quiet_run_64ms,21,2,0.09523809523809523,0,0,0,0.0,0.0,0.0,24,2,0.08333333333333333,0,0,0,0.0,0.0,0.0,84.13449100000008,61.58168599999999,0.7319434071337038,67.27200000000003,12,5.6060000000000025,72ea8093df3fb11222b7291a784e2272246d6349ad6d5da63900e79412997498,147296b66139fb1e25f990a73fc8504c73dcc082cbd7ad0e1f082f2cacec28a9,32484,8b2efa05a43b198d1fc7be34bc4d73cdbd2fe9258a1118ced61c942016203f41,68734076bed194547a53560ffd2079703f6cd9c224ffa7d03ddb39f86eb75b8a,dbc14c0af6c4df03664cda948370696efc2586eef14a67312a3d0167a7e7bd45,90b33dfce1489a7905ca46a6b552403a0718d60bea9b3b56e23ed16b42f65545,bf0317f2b531035d41c2a9e2b646d0b6d23f285fb57d3ba280562b3e0e172577,/tmp/buckeye_slicer_min_quiet_run_64ms_v0pay_gv
s02,s0201b,quiet_run_score,23,2,0.08695652173913043,0,0,0,0.0,0.0,0.0,26,2,0.07692307692307693,0,0,0,0.0,0.0,0.0,84.13449100000008,63.81768599999998,0.7585199035672531,70.40000000000002,13,5.415384615384617,72ea8093df3fb11222b7291a784e2272246d6349ad6d5da63900e79412997498,9f81ddd3e1ece099fb5400ba14ba18280c8818346149f168c5660056e4c18f56,32484,8b2efa05a43b198d1fc7be34bc4d73cdbd2fe9258a1118ced61c942016203f41,68734076bed194547a53560ffd2079703f6cd9c224ffa7d03ddb39f86eb75b8a,41f59f5212a17f99a1653d1d17cf5ec3a663aaaba2ef7be5c145745fcb8a3fcc,41863f225cd5bf4018bb80f100ac4d3d9823f3932d546fb2158f2c25889aa3b7,99b8fee67bc0e488f000e0312d7dff5930e976bd5ad76aa0a223a8a01a07b69f,/tmp/buckeye_slicer_quiet_run_score_zf5563b2
s02,s0202b,current_A,53,3,0.05660377358490566,2,0,0,0.03773584905660377,0.0,0.0,56,3,0.05357142857142857,2,0,0,0.03571428571428571,0.0,0.0,188.87636500000005,153.012298,0.8101188203193128,171.736,28,6.1334285714285715,72ea8093df3fb11222b7291a784e2272246d6349ad6d5da63900e79412997498,7742f46ba78ed9fa88c087d5ec69553ce3988bd974cf12b77459f3fa28b99e2d,53935,48167044e025dda4045fe3327947e1d9400d66cc205af3fcb1543b0cafe9cd53,b578cce9b8a373f67d0cdeb14cc4a8f0b16c84118b10174ad7a9daa7b8204327,0415a0e4b006a3eb6f0953e5519d4238852837b48156cdfbf7100dfdef360891,425364a49e720abb478786291489bfb4dcc4115084e9381325098f5fe60e30ca,4d64cd323a2b204d62d27418baa82e3fbbc4e6dd29d2290c6511125c508a4884,/tmp/buckeye_slicer_current_A_iyf0eryz
s02,s0202b,proper_D,48,1,0.020833333333333332,0,0,0,0.0,0.0,0.0,50,1,0.02,0,0,0,0.0,0.0,0.0,188.87636500000005,141.02551399999996,0.7466551677866097,157.91200000000003,25,6.316480000000001,b35b56fbf50e01487bef7f59ef870fe839ea7b8d3f84afb9014d7c5503a3e4dc,7742f46ba78ed9fa88c087d5ec69553ce3988bd974cf12b77459f3fa28b99e2d,53935,eb877ad4228daa6c5ed56c92c4e61befc4768bdeead8af0a0c3ccbce60ca5d6c,cce07662e01ef31893ca396d4071f1cbed888ea8d2050c56a6fe9022e3516071,08d31d6a49fdba5fc33739ad3e4e59451c40b76ce00bbd929f9b415101e37b0d,a3ca86e744b67632a242424cc79f9acd3c5e69c27f0e4faedc00ac92deb82e79,f4fd5594ac63dc45f31d86961795e667d12e9d972424c03cb8d0ccf84b2756d6,/tmp/buckeye_slicer_proper_D_6nnuyld2
s02,s0202b,min_quiet_run_64ms,53,2,0.03773584905660377,1,0,0,0.018867924528301886,0.0,0.0,56,2,0.03571428571428571,1,0,0,0.017857142857142856,0.0,0.0,188.87636500000005,151.20129799999995,0.8005305375291393,169.81599999999995,28,6.064857142857141,72ea8093df3fb11222b7291a784e2272246d6349ad6d5da63900e79412997498,147296b66139fb1e25f990a73fc8504c73dcc082cbd7ad0e1f082f2cacec28a9,53935,48167044e025dda4045fe3327947e1d9400d66cc205af3fcb1543b0cafe9cd53,b578cce9b8a373f67d0cdeb14cc4a8f0b16c84118b10174ad7a9daa7b8204327,7a0da96a3866b8944d20769e5a7c575ee56221b44725aed2afd4997fe412bd9c,54026684a3e4bb3c6cc864bc895472dab023b6a8c7f08f3aa10a1c9e7c8a03ec,8c171b48ea1b1085e55ea8fe321082100df04e4589bc22b28bd6189a753ddd4b,/tmp/buckeye_slicer_min_quiet_run_64ms_hf1w6q9g
s02,s0202b,quiet_run_score,55,5,0.09090909090909091,3,1,1,0.05454545454545454,0.01818181818181818,0.01818181818181818,60,6,0.1,3,1,1,0.05,0.016666666666666666,0.016666666666666666,188.87636500000005,154.446572,0.8177125390993202,172.79999999999998,30,5.76,72ea8093df3fb11222b7291a784e2272246d6349ad6d5da63900e79412997498,9f81ddd3e1ece099fb5400ba14ba18280c8818346149f168c5660056e4c18f56,53935,48167044e025dda4045fe3327947e1d9400d66cc205af3fcb1543b0cafe9cd53,b578cce9b8a373f67d0cdeb14cc4a8f0b16c84118b10174ad7a9daa7b8204327,0415a0e4b006a3eb6f0953e5519d4238852837b48156cdfbf7100dfdef360891,e4c3339bcb34ebea10d626a51affd6bce509d4d540c13b286569ef6a117f10aa,fccaf36e1a21448c05ecf9dfb022fdb7ee8cbbeef98e3bd3697c8b0defcd47b1,/tmp/buckeye_slicer_quiet_run_score_31i_79n7
s02,s0203a,current_A,40,2,0.05,2,0,0,0.05,0.0,0.0,44,3,0.06818181818181818,3,0,0,0.06818181818181818,0.0,0.0,155.45741400000006,109.01807699999999,0.7012729351074883,123.04,22,5.592727272727273,72ea8093df3fb11222b7291a784e2272246d6349ad6d5da63900e79412997498,7742f46ba78ed9fa88c087d5ec69553ce3988bd974cf12b77459f3fa28b99e2d,53544,1f5567092187e6a190735e920093685c6d23d3b6d006ce4df6e6e01e4b84efb4,04c8c6f5e8bd6e9a7abd8c6a482b678aac8d184ff9c9e29f3315ee937470a9c3,18620c41753825226ac8e33aeba8747c76546c1703feaf22f83cead9515c46f0,c606c828685135e77040aa1e0ed9a8a6af7de1dae44c6d45004fa8bb74c5c282,a9490f7678b2863f9cba8fb1be585374bab09cfba787711e99f9ad3c759c733f,/tmp/buckeye_slicer_current_A_km7ls11j
s02,s0203a,proper_D,34,0,0.0,0,0,0,0.0,0.0,0.0,34,0,0.0,0,0,0,0.0,0.0,0.0,155.45741400000006,82.202193,0.5287762795282313,94.71999999999997,17,5.571764705882352,b35b56fbf50e01487bef7f59ef870fe839ea7b8d3f84afb9014d7c5503a3e4dc,7742f46ba78ed9fa88c087d5ec69553ce3988bd974cf12b77459f3fa28b99e2d,53544,7a0a6d403f6d293f1bc18f34684d0b93bb600778814e84375565d0c75ed79950,0f28b15256a8ec53d9fa0803a8e44e95ce0bd8e40847c7212bd9858706451ebe,c741f8eecf1edaa0670f245736b52eee25d2624e98c73ec1c6579e427e93caa4,4809d6230e04b73861b3f22cf52d1ef8de42c1269f0c14cf199a707a824ce81e,5dd204d64cba4f85b325129e24a7179315bf74fd741543daeeadc5d8d91db124,/tmp/buckeye_slicer_proper_D_9xutcuct
s02,s0203a,min_quiet_run_64ms,40,2,0.05,2,0,0,0.05,0.0,0.0,44,3,0.06818181818181818,3,0,0,0.06818181818181818,0.0,0.0,155.45741400000006,106.20819699999998,0.6831980171753015,119.60799999999999,22,5.436727272727272,72ea8093df3fb11222b7291a784e2272246d6349ad6d5da63900e79412997498,147296b66139fb1e25f990a73fc8504c73dcc082cbd7ad0e1f082f2cacec28a9,53544,1f5567092187e6a190735e920093685c6d23d3b6d006ce4df6e6e01e4b84efb4,04c8c6f5e8bd6e9a7abd8c6a482b678aac8d184ff9c9e29f3315ee937470a9c3,4d6e05f206eb8dcbf0ffd996a9516e1d896ebc2ecf1f303852512c2baf73a9e2,4e176f417d9fd203d8bf90cc9b519a68cb9a3833fd420fc6a3bef978638a8a95,1d370f599012a5132f688f9d338b827c30d840d1896585d3124cddc0bc7bc743,/tmp/buckeye_slicer_min_quiet_run_64ms__ppg94j4
s02,s0203a,quiet_run_score,40,2,0.05,2,0,0,0.05,0.0,0.0,44,3,0.06818181818181818,3,0,0,0.06818181818181818,0.0,0.0,155.45741400000006,108.51717099999999,0.6980507922253225,122.38400000000001,22,5.562909090909091,72ea8093df3fb11222b7291a784e2272246d6349ad6d5da63900e79412997498,9f81ddd3e1ece099fb5400ba14ba18280c8818346149f168c5660056e4c18f56,53544,1f5567092187e6a190735e920093685c6d23d3b6d006ce4df6e6e01e4b84efb4,04c8c6f5e8bd6e9a7abd8c6a482b678aac8d184ff9c9e29f3315ee937470a9c3,18620c41753825226ac8e33aeba8747c76546c1703feaf22f83cead9515c46f0,be7a22e670b370071b97d2ce56b1134e296ced00591ade86f4b6fc9ea65501b1,76c017bcbdc10808d1d61d0b268dc848818e1d1ca3c0d15d9b9674d7821709e1,/tmp/buckeye_slicer_quiet_run_score_pi85mzvw
s02,s0203b,current_A,20,2,0.1,2,0,0,0.1,0.0,0.0,26,3,0.11538461538461539,3,0,0,0.11538461538461539,0.0,0.0,91.48491799999996,74.77620299999992,0.817360988398109,82.048,13,6.311384615384616,72ea8093df3fb11222b7291a784e2272246d6349ad6d5da63900e79412997498,7742f46ba78ed9fa88c087d5ec69553ce3988bd974cf12b77459f3fa28b99e2d,40648,bc20333fa86a874cd64404fbcea9ed28af7a930ce4b587a36a1070d07aa626e1,712822114a6252a3d9c7bc3ca973d865cc893e4e9b9317b8973c58f6fa498346,29c4e6eaa5d1e1281921aa44440ada2d15159fd1d3c8ea6fed862c072e9dfe36,cdd17cc56558691171424f6e7fc8211f9fc8178b18213b8c4b0a6c6176f9ed27,848e60c0509effd119685c70999041612057c85bacc9e39208c4147717ad8198,/tmp/buckeye_slicer_current_A_hzuuwwg0
s02,s0203b,proper_D,16,2,0.125,2,0,0,0.125,0.0,0.0,18,2,0.1111111111111111,2,0,0,0.1111111111111111,0.0,0.0,91.48491799999996,52.65098900000001,0.5755155073757625,57.55200000000008,9,6.394666666666676,b35b56fbf50e01487bef7f59ef870fe839ea7b8d3f84afb9014d7c5503a3e4dc,7742f46ba78ed9fa88c087d5ec69553ce3988bd974cf12b77459f3fa28b99e2d,40648,a2968aa21f553c4d2589fc48485c5df000ed8095ebbc78708080a7e36106dc27,40d99308187aacf0c11670e1e66137843fbc7ab99fdc938c2ae6b63c5375c11e,adc48a0f0ec07367ca1d87cf27edded3a38d680620e63cf97eab5d77c622e55b,3c78d0b895cf1e645a86950952937bc362f8d7e717740074b3fcb09f203c579a,f895407cd8071836a1616d2f3a0ede756b5edb58218aff396d96dac9ac9df40e,/tmp/buckeye_slicer_proper_D_udddzevz
s02,s0203b,min_quiet_run_64ms,19,0,0.0,0,0,0,0.0,0.0,0.0,24,0,0.0,0,0,0,0.0,0.0,0.0,91.48491799999996,71.71894599999993,0.7839428352550959,78.71200000000005,12,6.5593333333333375,72ea8093df3fb11222b7291a784e2272246d6349ad6d5da63900e79412997498,147296b66139fb1e25f990a73fc8504c73dcc082cbd7ad0e1f082f2cacec28a9,40648,bc20333fa86a874cd64404fbcea9ed28af7a930ce4b587a36a1070d07aa626e1,712822114a6252a3d9c7bc3ca973d865cc893e4e9b9317b8973c58f6fa498346,65af90eaecb808cbbf7174ad073e14fe333a7a468cceeca65e53cafce4c7ba6a,42c32bd6111c3521a9d85311419fc94766674e24891f1f940a505e4f71889988,67f6d87bdd0193138b778fb6f6a1bcb70b1224e9c77270cc05f4165ad0b368c0,/tmp/buckeye_slicer_min_quiet_run_64ms_iyrpislu
s02,s0203b,quiet_run_score,20,2,0.1,2,0,0,0.1,0.0,0.0,26,3,0.11538461538461539,3,0,0,0.11538461538461539,0.0,0.0,91.48491799999996,73.10620299999994,0.7991066133982867,80.21600000000001,13,6.170461538461539,72ea8093df3fb11222b7291a784e2272246d6349ad6d5da63900e79412997498,9f81ddd3e1ece099fb5400ba14ba18280c8818346149f168c5660056e4c18f56,40648,bc20333fa86a874cd64404fbcea9ed28af7a930ce4b587a36a1070d07aa626e1,712822114a6252a3d9c7bc3ca973d865cc893e4e9b9317b8973c58f6fa498346,29c4e6eaa5d1e1281921aa44440ada2d15159fd1d3c8ea6fed862c072e9dfe36,5ed9fe9a1b41c947e1ded5b82d6984d28736b7a6e3a67b4bc42414b318bdd303,eb50a5191dc9d1e373006cf06699a87ca0529a31f40b1d1269a16c3fb4a0e366,/tmp/buckeye_slicer_quiet_run_score_l22becfq
s02,s0204a,current_A,38,4,0.10526315789473684,3,1,0,0.07894736842105263,0.02631578947368421,0.0,46,6,0.13043478260869565,5,2,0,0.10869565217391304,0.043478260869565216,0.0,152.81252600000005,124.216665,0.81286965310684,139.35200000000003,23,6.058782608695654,72ea8093df3fb11222b7291a784e2272246d6349ad6d5da63900e79412997498,7742f46ba78ed9fa88c087d5ec69553ce3988bd974cf12b77459f3fa28b99e2d,57138,8b22fe147a79d86942a2399de1a8ba07222c4bcacbc7c0b7f68079c19efcfa59,b6b47531899a848d7273272cbcf11e89d9786821dd7ecb1b42c7bd7bcf946680,5de68d23f7fd12316e58001cae14ce9e73e41e38c4847cedb9d27f539c9f2ed1,8040aa187ecbb447a5962cdee27d32d07f0fa3afd5c3953096ec34bc73f0cb32,c07eb5076a32750db2fd635f299445f73b0c531f3cd8bc533521c5d25ac682bb,/tmp/buckeye_slicer_current_A_lfbg2mp3
s02,s0204a,proper_D,33,1,0.030303030303030304,0,0,0,0.0,0.0,0.0,38,1,0.02631578947368421,0,0,0,0.0,0.0,0.0,152.81252600000005,123.55658,0.808550079199659,137.41599999999994,19,7.232421052631576,b35b56fbf50e01487bef7f59ef870fe839ea7b8d3f84afb9014d7c5503a3e4dc,7742f46ba78ed9fa88c087d5ec69553ce3988bd974cf12b77459f3fa28b99e2d,57138,c1a7f85057ac1f499611c20585cfb272dca656d497cf8f29b256677b410b39b9,edbfccad5b9f54724fc6aeff0f97eb4834c3ed459655559b8b0b12e2fbaa7605,4ca1b3960d62876e4427a0b14dd6a6bc3571d710ed3f5e0741caaacf419b0b2d,c84b39793c9757e93869beec280152a0629ac1eac75428cebe5cb17760158655,fb70e281e2d3f802657f814aed6274c1e1bee92ec88c3af7f71ba389a91e681e,/tmp/buckeye_slicer_proper_D_0gv_gitw
s02,s0204a,min_quiet_run_64ms,36,4,0.1111111111111111,3,0,0,0.08333333333333333,0.0,0.0,42,5,0.11904761904761904,4,0,0,0.09523809523809523,0.0,0.0,152.81252600000005,121.097665,0.7924590226327387,134.29600000000005,21,6.395047619047621,72ea8093df3fb11222b7291a784e2272246d6349ad6d5da63900e79412997498,147296b66139fb1e25f990a73fc8504c73dcc082cbd7ad0e1f082f2cacec28a9,57138,8b22fe147a79d86942a2399de1a8ba07222c4bcacbc7c0b7f68079c19efcfa59,b6b47531899a848d7273272cbcf11e89d9786821dd7ecb1b42c7bd7bcf946680,2d4c1fb514aa431fa6ca05d8fbd6e45e5403d03fd7800c73aec06971df636834,8090eb256b566678e848c3cf03ba09e0971ed28820fec2581809c478ec3ea116,6d450c62ff585eef06ed0bd4ce0d6b58aec8235981fbfc7caf085b7d7478a35b,/tmp/buckeye_slicer_min_quiet_run_64ms_nopufrh5
s02,s0204a,quiet_run_score,38,2,0.05263157894736842,2,0,0,0.05263157894736842,0.0,0.0,46,3,0.06521739130434782,3,0,0,0.06521739130434782,0.0,0.0,152.81252600000005,122.085665,0.7989244612054902,136.24800000000002,23,5.923826086956523,72ea8093df3fb11222b7291a784e2272246d6349ad6d5da63900e79412997498,9f81ddd3e1ece099fb5400ba14ba18280c8818346149f168c5660056e4c18f56,57138,8b22fe147a79d86942a2399de1a8ba07222c4bcacbc7c0b7f68079c19efcfa59,b6b47531899a848d7273272cbcf11e89d9786821dd7ecb1b42c7bd7bcf946680,5de68d23f7fd12316e58001cae14ce9e73e41e38c4847cedb9d27f539c9f2ed1,c9d987d6e70ae890a6d000f25a6c3e1455d971a513d586b46d400fc33d7e8949,f7f9c6864964dad6906f61fd2e0a39f6ce4c7f73281ac7c203f31d533b05eeef,/tmp/buckeye_slicer_quiet_run_score_bxo4kgeq
s02,s0204b,current_A,61,6,0.09836065573770492,5,2,0,0.08196721311475409,0.03278688524590164,0.0,66,8,0.12121212121212122,7,3,0,0.10606060606060606,0.045454545454545456,0.0,201.31874800000014,171.897892,0.8538593335579451,190.00800000000004,33,5.757818181818183,72ea8093df3fb11222b7291a784e2272246d6349ad6d5da63900e79412997498,7742f46ba78ed9fa88c087d5ec69553ce3988bd974cf12b77459f3fa28b99e2d,59283,9c392ef89399cf6db51fe64171e6d3ed910ef45ac4bc440071f7d14331732905,dc55f5d12e345cf3f3a5b2656ef2e8dd84d1879e0f6329f35ef991b3d029b894,bbe53b2547af1ca9dfdc8f9c678c2aee340e9bb08160e8c5337ef8e77c7051b5,80465c48274e3b35955a66817d8e3dac103ecd6bfd522ef33ba4c2160135cc5d,3e48233d8b7af0296910923a9186a5a8da22b163efc5baee0ffa19ecb1daccba,/tmp/buckeye_slicer_current_A_hrg3vl2u
s02,s0204b,proper_D,54,3,0.05555555555555555,2,0,0,0.037037037037037035,0.0,0.0,56,3,0.05357142857142857,2,0,0,0.03571428571428571,0.0,0.0,201.31874800000014,141.96639900000002,0.7051822068752381,157.8080000000001,28,5.636000000000004,b35b56fbf50e01487bef7f59ef870fe839ea7b8d3f84afb9014d7c5503a3e4dc,7742f46ba78ed9fa88c087d5ec69553ce3988bd974cf12b77459f3fa28b99e2d,59283,c6300086c6eb1747d57fcf02fe79be0826954515dbc9db502e6dcf49c373031a,f59dd0ecdec07bb24189f150d6845a981fbb8d015ed365b10d2bc5274304e07e,a70bf13153b0f1f2cbc1327be5c3a12717d3054240cb01fdca95a9bc70cc5697,11815d736b3ebce894e12fcef6b7eeec22d8730eecd28d80a588fdbbcc13cfea,c25ce47f08ace49405c1560718c90009e9fd7d87e7f3ccdb2b6c18750d1f232c,/tmp/buckeye_slicer_proper_D_cc7oa7tx
s02,s0204b,min_quiet_run_64ms,59,6,0.1016949152542373,4,2,0,0.06779661016949153,0.03389830508474576,0.0,64,7,0.109375,5,2,0,0.078125,0.03125,0.0,201.31874800000014,168.19094200000012,0.8354459963162497,185.5680000000001,32,5.799000000000003,72ea8093df3fb11222b7291a784e2272246d6349ad6d5da63900e79412997498,147296b66139fb1e25f990a73fc8504c73dcc082cbd7ad0e1f082f2cacec28a9,59283,9c392ef89399cf6db51fe64171e6d3ed910ef45ac4bc440071f7d14331732905,dc55f5d12e345cf3f3a5b2656ef2e8dd84d1879e0f6329f35ef991b3d029b894,fce890c572a0f8e37a5035594b0b392c60bcd4198b7369377bbd64db7f784ecd,36c318113a8ecfbcd8487e9c19bf25eb65e40b29648642fd41487f74310ec869,841caa3a3a5bddaa5e4952b15d42b8a52adb53db90df57b9eeb10a6173b3caac,/tmp/buckeye_slicer_min_quiet_run_64ms_opzakhqb
s02,s0204b,quiet_run_score,62,4,0.06451612903225806,3,1,0,0.04838709677419355,0.016129032258064516,0.0,70,6,0.08571428571428572,5,2,0,0.07142857142857142,0.02857142857142857,0.0,201.31874800000014,174.18689200000006,0.8652293625430252,191.62400000000008,35,5.474971428571431,72ea8093df3fb11222b7291a784e2272246d6349ad6d5da63900e79412997498,9f81ddd3e1ece099fb5400ba14ba18280c8818346149f168c5660056e4c18f56,59283,9c392ef89399cf6db51fe64171e6d3ed910ef45ac4bc440071f7d14331732905,dc55f5d12e345cf3f3a5b2656ef2e8dd84d1879e0f6329f35ef991b3d029b894,bbe53b2547af1ca9dfdc8f9c678c2aee340e9bb08160e8c5337ef8e77c7051b5,bb5067fae0d5a5e466ec078adf486a345c5c03a906607accd846275af0059b7d,432d08de9ef9b8c2a821b48e7ac3c2f4eb4aa329e8f9189e38e9437a9fc285fb,/tmp/buckeye_slicer_quiet_run_score_hl96jp0m
s02,s0205b,current_A,44,5,0.11363636363636363,2,0,0,0.045454545454545456,0.0,0.0,48,5,0.10416666666666667,2,0,0,0.041666666666666664,0.0,0.0,161.09723800000006,127.83305300000004,0.7935148646061827,141.40000000000015,24,5.891666666666673,72ea8093df3fb11222b7291a784e2272246d6349ad6d5da63900e79412997498,7742f46ba78ed9fa88c087d5ec69553ce3988bd974cf12b77459f3fa28b99e2d,51325,72872c6a7cb4a43c26130de56a2c0b18c42442166ab96326356a96497cb8db96,6ad5b55db964e057ae36d0ec64042ec56ff7fae1f98c5398be53877ef5b828c7,b3ea7d69499b9119d6e0aab1ba4b8ec2f3e38059286f72c80ef84329fedccb05,8fbd95fec15d8b6fe73cf415fa0f04d7e2e00f6ad71bd37fde830eeaaf1e40d4,74cc850a6a772f2a48664937dadc1f11912e28bb496c4c27772984d01a8ff87e,/tmp/buckeye_slicer_current_A_ijdsoqiq
s02,s0205b,proper_D,34,4,0.11764705882352941,1,1,0,0.029411764705882353,0.029411764705882353,0.0,36,4,0.1111111111111111,1,1,0,0.027777777777777776,0.027777777777777776,0.0,161.09723800000006,101.30341800000005,0.6288339841059225,114.03200000000004,18,6.335111111111114,b35b56fbf50e01487bef7f59ef870fe839ea7b8d3f84afb9014d7c5503a3e4dc,7742f46ba78ed9fa88c087d5ec69553ce3988bd974cf12b77459f3fa28b99e2d,51325,bad54138687f7648862540f87fa1599c287f0dfe00f74933459b0db18b2af1f1,5f7d37b7a8e2abaa5e0f0f09be5c85d4c3570cf4f6967364cd21367d59cb06da,9e1a836327c7371edc8f84ae88745491af8fe39884149bd8639ac4e9bcc3f658,4c65a7266d3019bb8d49d1c2b742029cea4105373cd2e09c7975ca2971075aab,8c5a2148eb220fcb1cd45c834ef25347aa6bce5bf378aa14101d89d3ed56112d,/tmp/buckeye_slicer_proper_D_a9fpgwk_
s02,s0205b,min_quiet_run_64ms,42,5,0.11904761904761904,2,0,0,0.047619047619047616,0.0,0.0,46,5,0.10869565217391304,2,0,0,0.043478260869565216,0.0,0.0,161.09723800000006,122.59944800000005,0.7610276223357721,135.84800000000016,23,5.906434782608702,72ea8093df3fb11222b7291a784e2272246d6349ad6d5da63900e79412997498,147296b66139fb1e25f990a73fc8504c73dcc082cbd7ad0e1f082f2cacec28a9,51325,72872c6a7cb4a43c26130de56a2c0b18c42442166ab96326356a96497cb8db96,6ad5b55db964e057ae36d0ec64042ec56ff7fae1f98c5398be53877ef5b828c7,69e1627d79c7af0a23bca3a037e32c67724b7344fd91753855791e6e528f0678,35ba47f8f0687035b2f4f728cf98bc95a82d92efb8b17a469a8e52250b9673cf,8b3557d9adab738426177a5bf025d2f1b40f84a98ba087f0b5cd3cf3cc481951,/tmp/buckeye_slicer_min_quiet_run_64ms_hpv4ogdp
s02,s0205b,quiet_run_score,45,4,0.08888888888888889,1,0,0,0.022222222222222223,0.0,0.0,50,4,0.08,1,0,0,0.02,0.0,0.0,161.09723800000006,127.99726500000006,0.7945341992765885,141.86400000000015,25,5.674560000000006,72ea8093df3fb11222b7291a784e2272246d6349ad6d5da63900e79412997498,9f81ddd3e1ece099fb5400ba14ba18280c8818346149f168c5660056e4c18f56,51325,72872c6a7cb4a43c26130de56a2c0b18c42442166ab96326356a96497cb8db96,6ad5b55db964e057ae36d0ec64042ec56ff7fae1f98c5398be53877ef5b828c7,b3ea7d69499b9119d6e0aab1ba4b8ec2f3e38059286f72c80ef84329fedccb05,8ad47afc68733ab47208f975b43e30804da7daf529983c3b133bfe5ea4da71b0,4d08763a427df91bf2d32486be73648f4269e355d20d0543615c578e80ed3aa3,/tmp/buckeye_slicer_quiet_run_score_93c5gvmy
s02,s0206a,current_A,60,8,0.13333333333333333,6,3,0,0.1,0.05,0.0,70,12,0.17142857142857143,10,6,0,0.14285714285714285,0.08571428571428572,0.0,206.09556500000008,180.95768199999998,0.8780280254939009,200.54399999999995,35,5.72982857142857,72ea8093df3fb11222b7291a784e2272246d6349ad6d5da63900e79412997498,7742f46ba78ed9fa88c087d5ec69553ce3988bd974cf12b77459f3fa28b99e2d,54105,b8539525157f282f6cdc5e61a64ecc5e5b9e2de85177173b2dab5cf4231c2128,ea431622cb7c3b4ff532b714fa3b4ec1570754ff869558749c6c857a54875403,9261c6fe0c810dc7bd4598ba87e76a7611c69d89d66976a6ecd804fe1cc6b21e,87505b80c8f32f59c45086184b37c06c903b53624d604a2063049aa039f35212,247b4b3329b12b9de37c03ca11722404841d85c9462fc26295641868fa9e5000,/tmp/buckeye_slicer_current_A_bjl_7afx
s02,s0206a,proper_D,50,4,0.08,2,0,0,0.04,0.0,0.0,52,5,0.09615384615384616,2,0,0,0.038461538461538464,0.0,0.0,206.09556500000008,151.775785,0.7364340178790356,167.79999999999998,26,6.453846153846153,b35b56fbf50e01487bef7f59ef870fe839ea7b8d3f84afb9014d7c5503a3e4dc,7742f46ba78ed9fa88c087d5ec69553ce3988bd974cf12b77459f3fa28b99e2d,54105,d01361230b8682ec51dcef2daa3bac9da9928cfe4271cf81ea41c2c548c66875,8d878ff8b15f1ebb2a3c21f8a358e820ce04aa83b6f0c81a0330cf83cda86756,88a9c06c20e21e68de2205ef73cec5b461976d25066f4bff6103ca5f0ff97399,f9792f527289e3d55e271085e712db44f282d03c8375547a37f98fe4c6626cbd,5cda6fee8111553fe86a912a6b18f3d93347f32673f287ccb037c103cce936b2,/tmp/buckeye_slicer_proper_D_e2jrpx3c
s02,s0206a,min_quiet_run_64ms,55,7,0.12727272727272726,6,3,0,0.10909090909090909,0.05454545454545454,0.0,62,9,0.14516129032258066,8,4,0,0.12903225806451613,0.06451612903225806,0.0,206.09556500000008,175.40954000000005,0.851107785846823,193.99199999999996,31,6.257806451612902,72ea8093df3fb11222b7291a784e2272246d6349ad6d5da63900e79412997498,147296b66139fb1e25f990a73fc8504c73dcc082cbd7ad0e1f082f2cacec28a9,54105,b8539525157f282f6cdc5e61a64ecc5e5b9e2de85177173b2dab5cf4231c2128,ea431622cb7c3b4ff532b714fa3b4ec1570754ff869558749c6c857a54875403,af39a387467c9650f8a701c37c3e9e2cc9ce3487ab0931b15b3e889e8b8ae3ff,0f5403567cb2b787eff0515844f5f7e30c4a321c1de3d7b89da547e2f10c8bf6,56dd3fb967ef3fe68dd55c0db8368e4dc972b6d056e83d72d17b83eb9de102a4,/tmp/buckeye_slicer_min_quiet_run_64ms_6hv6nf5_
s02,s0206a,quiet_run_score,60,7,0.11666666666666667,6,3,0,0.1,0.05,0.0,70,11,0.15714285714285714,10,6,0,0.14285714285714285,0.08571428571428572,0.0,206.09556500000008,180.22517499999998,0.8744738150964089,199.03999999999988,35,5.686857142857139,72ea8093df3fb11222b7291a784e2272246d6349ad6d5da63900e79412997498,9f81ddd3e1ece099fb5400ba14ba18280c8818346149f168c5660056e4c18f56,54105,b8539525157f282f6cdc5e61a64ecc5e5b9e2de85177173b2dab5cf4231c2128,ea431622cb7c3b4ff532b714fa3b4ec1570754ff869558749c6c857a54875403,9261c6fe0c810dc7bd4598ba87e76a7611c69d89d66976a6ecd804fe1cc6b21e,2bfeb41288b7c2b6c41c9784ed85623352e25f3ab3606466604840012a02d6d5,b503f8ba6cf06c5a6c91e3097f03ff074bd75f5c85d598fd62cc5db4e50d0f23,/tmp/buckeye_slicer_quiet_run_score_qkr23ztk
s03,s0301a,current_A,38,9,0.23684210526315788,8,4,0,0.21052631578947367,0.10526315789473684,0.0,46,11,0.2391304347826087,10,6,0,0.21739130434782608,0.13043478260869565,0.0,152.70144000000008,123.10903500000016,0.8062074267276071,140.09599999999998,23,6.091130434782608,72ea8093df3fb11222b7291a784e2272246d6349ad6d5da63900e79412997498,7742f46ba78ed9fa88c087d5ec69553ce3988bd974cf12b77459f3fa28b99e2d,37925,055dbe11b7ef3f134fcb0defe4a7d5300a994180b0d3927c1f49b415625cdcb9,b48d4357b899773119aa18c4241ceceb03bfd88012510cba17618a852abac9b5,dde4d4ebea4b6035c99ef7c4205882606aec0cd157035d8026c3b85b16145c10,c4f6fba77c6054440da4bd4d43e8fdf7c24e7be0f8758187c0ce1f5de5315a6b,73dc2afca8eeef87812891b6b8e8574cd7aa4e67ec0c52bfee3ce3ad00515eb0,/tmp/buckeye_slicer_current_A_x9q9w0bp
s03,s0301a,proper_D,38,3,0.07894736842105263,1,0,0,0.02631578947368421,0.0,0.0,48,3,0.0625,1,0,0,0.020833333333333332,0.0,0.0,152.70144000000008,124.07275500000013,0.8125185656402458,141.68800000000005,24,5.903666666666669,b35b56fbf50e01487bef7f59ef870fe839ea7b8d3f84afb9014d7c5503a3e4dc,7742f46ba78ed9fa88c087d5ec69553ce3988bd974cf12b77459f3fa28b99e2d,37925,572090e5cc7da395de641b63b4a83d1885882024484a82ac9876b0372327cf8c,ad067f00549956441919e05e0658b19fd3a90d901795f7a68ef2376a9555ce15,f0ed71be8bd092f54bb42e9ea90b6b91fa46b2b1adbef54b88c5cb9f802abe89,5fc92299aeb26c2e0161c6e361e7951965ce1a18577ece6428db6245b5aabf85,e5d33a18bc4979d89a5b8349a88d62b93cd58007070b74fdddb941d7d7e65d5b,/tmp/buckeye_slicer_proper_D_hv3hx9xc
s03,s0301a,min_quiet_run_64ms,38,9,0.23684210526315788,8,4,0,0.21052631578947367,0.10526315789473684,0.0,46,11,0.2391304347826087,10,6,0,0.21739130434782608,0.13043478260869565,0.0,152.70144000000008,123.10903500000016,0.8062074267276071,140.09599999999998,23,6.091130434782608,72ea8093df3fb11222b7291a784e2272246d6349ad6d5da63900e79412997498,147296b66139fb1e25f990a73fc8504c73dcc082cbd7ad0e1f082f2cacec28a9,37925,055dbe11b7ef3f134fcb0defe4a7d5300a994180b0d3927c1f49b415625cdcb9,b48d4357b899773119aa18c4241ceceb03bfd88012510cba17618a852abac9b5,3cbc917e2afc2f5d5fb966ee8ad98eb6297ec9c67f9a1760527d1df090609f8e,c4f6fba77c6054440da4bd4d43e8fdf7c24e7be0f8758187c0ce1f5de5315a6b,73dc2afca8eeef87812891b6b8e8574cd7aa4e67ec0c52bfee3ce3ad00515eb0,/tmp/buckeye_slicer_min_quiet_run_64ms_2fft90nm
s03,s0301a,quiet_run_score,40,7,0.175,7,4,0,0.175,0.1,0.0,52,9,0.17307692307692307,9,6,0,0.17307692307692307,0.11538461538461539,0.0,152.70144000000008,126.65403500000015,0.8294226629427993,144.144,26,5.5440000000000005,72ea8093df3fb11222b7291a784e2272246d6349ad6d5da63900e79412997498,9f81ddd3e1ece099fb5400ba14ba18280c8818346149f168c5660056e4c18f56,37925,055dbe11b7ef3f134fcb0defe4a7d5300a994180b0d3927c1f49b415625cdcb9,b48d4357b899773119aa18c4241ceceb03bfd88012510cba17618a852abac9b5,dde4d4ebea4b6035c99ef7c4205882606aec0cd157035d8026c3b85b16145c10,45caa9722c4159c5ad2f7f70773680d1ddb3e4bd807613c6b60afbd2f70e3fe1,5229f351b11349b19f783c7d9bbe78b129fdf1b06ae49a7f6c1f8b4288aa6e55,/tmp/buckeye_slicer_quiet_run_score_phd04d4w
s03,s0301b,current_A,23,4,0.17391304347826086,3,1,0,0.13043478260869565,0.043478260869565216,0.0,28,5,0.17857142857142858,4,2,0,0.14285714285714285,0.07142857142857142,0.0,99.97984400000006,83.35369500000006,0.8337049915781026,94.60000000000001,14,6.757142857142858,72ea8093df3fb11222b7291a784e2272246d6349ad6d5da63900e79412997498,7742f46ba78ed9fa88c087d5ec69553ce3988bd974cf12b77459f3fa28b99e2d,32482,954f99422a4843e896836481a59ef628d321890c87fbe5498e51604c3bd0e7f7,c5f19807f09976b1f1122bb273b9a865e2243e2a2eb190b76ae6abce7696ed11,ae66c05ffb1928329ef9878bb57caddf470b24986e78e0d4e58e438fdfbdc730,c51214d470f5333e106051aa6b5a402f35e73913f67bdbf848a50f1f56bb0138,a233b9613a40c0779b20f79e0e55e24aca789871942f9b19a39f576f87d48b1e,/tmp/buckeye_slicer_current_A_hbtjwuiz
s03,s0301b,proper_D,24,1,0.041666666666666664,0,0,0,0.0,0.0,0.0,28,2,0.07142857142857142,0,0,0,0.0,0.0,0.0,99.97984400000006,85.15753900000007,0.8517470681390543,96.02400000000003,14,6.858857142857145,b35b56fbf50e01487bef7f59ef870fe839ea7b8d3f84afb9014d7c5503a3e4dc,7742f46ba78ed9fa88c087d5ec69553ce3988bd974cf12b77459f3fa28b99e2d,32482,8996127fabcb31852db914f4e970ab843b4b869ab96d400ac33bee4035d7c3e0,7011a49c432d3a25fd67af649b335039cdf669975732974864e8459332549f53,d3285fc57c46c22d903f118d06f05c2af1c7c367c346385895dc3c87db9feb3b,9d6a65774f5a1e9447d3181e2409b2e1e4ae08f1a1deca08cd7e87f28ca01722,db4a939fb78966d55ed05d6be9cee32b40c8df6193f3a3d83658345ffc00ef8c,/tmp/buckeye_slicer_proper_D_6mb0k5eb
s03,s0301b,min_quiet_run_64ms,24,3,0.125,2,1,0,0.08333333333333333,0.041666666666666664,0.0,30,4,0.13333333333333333,3,2,0,0.1,0.06666666666666667,0.0,99.97984400000006,85.26266500000007,0.8527985400737375,96.64000000000001,15,6.442666666666668,72ea8093df3fb11222b7291a784e2272246d6349ad6d5da63900e79412997498,147296b66139fb1e25f990a73fc8504c73dcc082cbd7ad0e1f082f2cacec28a9,32482,954f99422a4843e896836481a59ef628d321890c87fbe5498e51604c3bd0e7f7,c5f19807f09976b1f1122bb273b9a865e2243e2a2eb190b76ae6abce7696ed11,f7b0433554c6ec343f33cdc0c64e23b30ca143af64f4cd0c6fdf7e72fe800e8e,ddc747c7c0aa45221752671c3e5654d59ecb6e101c050a0166375de48e1c6788,fb0c93b128363944a8dcea2c498ec01401a635f8b3b26aad220e1f50f0a436e9,/tmp/buckeye_slicer_min_quiet_run_64ms_q5b3zmrt
s03,s0301b,quiet_run_score,24,3,0.125,1,0,0,0.041666666666666664,0.0,0.0,30,4,0.13333333333333333,1,0,0,0.03333333333333333,0.0,0.0,99.97984400000006,84.78655400000007,0.84803647023094,95.85600000000001,15,6.3904000000000005,72ea8093df3fb11222b7291a784e2272246d6349ad6d5da63900e79412997498,9f81ddd3e1ece099fb5400ba14ba18280c8818346149f168c5660056e4c18f56,32482,954f99422a4843e896836481a59ef628d321890c87fbe5498e51604c3bd0e7f7,c5f19807f09976b1f1122bb273b9a865e2243e2a2eb190b76ae6abce7696ed11,ae66c05ffb1928329ef9878bb57caddf470b24986e78e0d4e58e438fdfbdc730,4fbe62d35b28f71e262d12aa59b5c3b99f419b114474a21912ccb00e7a8d57eb,209dfb3699a2b30c5014ae3c5d1326247cf2d8401bb2772c525bbd6704db0e86,/tmp/buckeye_slicer_quiet_run_score_3i1q9679
s03,s0302a,current_A,51,5,0.09803921568627451,5,1,0,0.09803921568627451,0.0196078431372549,0.0,62,7,0.11290322580645161,7,1,0,0.11290322580645161,0.016129032258064516,0.0,211.1286410000003,170.69444600000034,0.8084855052896405,191.07200000000006,31,6.1636129032258085,72ea8093df3fb11222b7291a784e2272246d6349ad6d5da63900e79412997498,7742f46ba78ed9fa88c087d5ec69553ce3988bd974cf12b77459f3fa28b99e2d,62382,39b4db731adc553737e2b962a8e820e3963027ae461ec608d75727f524233ac6,be4059baf2be8a56f8153c22a61bbb4d4d4e42794e3fd54389bc3f4e5e25f681,e1b4dd416ecd95c07c84f9bd91773914a01cb1078d959dc9349cf4b05447633b,08be9992878f3d626335769b5707d80d6b2ebdf9adda3eaae4305594a9a3cbc5,46aab2aa0e75945b52e5d019bb98cbfb795f3379126464272cb547ea4b265237,/tmp/buckeye_slicer_current_A__22t3vw7
s03,s0302a,proper_D,45,5,0.1111111111111111,2,1,0,0.044444444444444446,0.022222222222222223,0.0,50,7,0.14,2,1,0,0.04,0.02,0.0,211.1286410000003,157.3356280000002,0.7452121476971947,175.88800000000006,25,7.035520000000003,b35b56fbf50e01487bef7f59ef870fe839ea7b8d3f84afb9014d7c5503a3e4dc,7742f46ba78ed9fa88c087d5ec69553ce3988bd974cf12b77459f3fa28b99e2d,62382,13cf52ceb165b59480ec1cf4854b871b3c56d52087f5071c7bdb89330c14d478,1c289a4158303ad701d3c5a1711aa3105b9973ae9bcc30bcf205995d9386075c,2912146aa76b8b546cd298c15af834fe7e531d10295a2767dd1f6de8d1ea60df,6cc7672e4ffbd864fe990ff6b0a618b77f248016af3415ae5656b67f613c183b,ec7923cadff94481cfd8c57f9b49133cc94a642d08a12f5966eeff9f27f98373,/tmp/buckeye_slicer_proper_D_hgopl2yy
s03,s0302a,min_quiet_run_64ms,47,4,0.0851063829787234,4,2,1,0.0851063829787234,0.0425531914893617,0.02127659574468085,58,6,0.10344827586206896,6,3,2,0.10344827586206896,0.05172413793103448,0.034482758620689655,211.1286410000003,165.5580750000003,0.7841573469892228,184.80800000000005,29,6.372689655172415,72ea8093df3fb11222b7291a784e2272246d6349ad6d5da63900e79412997498,147296b66139fb1e25f990a73fc8504c73dcc082cbd7ad0e1f082f2cacec28a9,62382,39b4db731adc553737e2b962a8e820e3963027ae461ec608d75727f524233ac6,be4059baf2be8a56f8153c22a61bbb4d4d4e42794e3fd54389bc3f4e5e25f681,56ce63bd024be280524ff4c0fa6a5c95955a100ef1e990353f046d762695e7a6,701fdd56de7d0ba8e3c233328238c36e75eeaed269d86dc2808105575d7b03f4,f29cb33d9d237e6e9746d129ac19db028b3eadbf44fa883bfefbe28a689ae56e,/tmp/buckeye_slicer_min_quiet_run_64ms_ym32qbcg
s03,s0302a,quiet_run_score,53,5,0.09433962264150944,4,0,0,0.07547169811320754,0.0,0.0,66,9,0.13636363636363635,7,0,0,0.10606060606060606,0.0,0.0,211.1286410000003,172.70982400000028,0.818031240015418,192.70400000000004,33,5.839515151515153,72ea8093df3fb11222b7291a784e2272246d6349ad6d5da63900e79412997498,9f81ddd3e1ece099fb5400ba14ba18280c8818346149f168c5660056e4c18f56,62382,39b4db731adc553737e2b962a8e820e3963027ae461ec608d75727f524233ac6,be4059baf2be8a56f8153c22a61bbb4d4d4e42794e3fd54389bc3f4e5e25f681,e1b4dd416ecd95c07c84f9bd91773914a01cb1078d959dc9349cf4b05447633b,16797c02518469d67201ecbb312a3e8a7e34177b781b38faabd8f1e79e5d2708,c8af439e0db8201cb60ed64adda2b5c4b99da789131f1e1ae53d25d53787bbb9,/tmp/buckeye_slicer_quiet_run_score_520mxyyh
s03,s0302b,current_A,40,5,0.125,4,2,0,0.1,0.05,0.0,48,7,0.14583333333333334,6,3,0,0.125,0.0625,0.0,146.9410219999997,138.03709599999974,0.9394047633614527,154.10400000000007,24,6.421000000000003,72ea8093df3fb11222b7291a784e2272246d6349ad6d5da63900e79412997498,7742f46ba78ed9fa88c087d5ec69553ce3988bd974cf12b77459f3fa28b99e2d,54202,d638f12cf31914cc50f55b37675cbf245bd90219e940f7f53e3566d7637c558b,424d2292e5bd2a17d14a1b9b8ab9050a4726e20cf8784db394470427d974efb3,fdca03b0eb6cf3a32595b9fcf23919f418e2dbb812faba3613a6fd84f554140f,5c9b6879ab7d1fdb75229629a305fb7fec4871bcb36f2711845b3a8e6d08489a,34057ca8f8569b8fcf8ca6baf947cf78323b6deddb8370a42e95b3fa623278db,/tmp/buckeye_slicer_current_A_w4cyatz9
s03,s0302b,proper_D,38,4,0.10526315789473684,3,1,0,0.07894736842105263,0.02631578947368421,0.0,46,5,0.10869565217391304,4,1,0,0.08695652173913043,0.021739130434782608,0.0,146.9410219999997,132.5491979999997,0.9020571396325254,148.76000000000005,23,6.467826086956523,b35b56fbf50e01487bef7f59ef870fe839ea7b8d3f84afb9014d7c5503a3e4dc,7742f46ba78ed9fa88c087d5ec69553ce3988bd974cf12b77459f3fa28b99e2d,54202,13943e67cdf6b35e347c32dc41947006644254abac8b4eadc61f55a47ec314c5,0d047abf3cf9b4772dcdabc32fb8c5e20595c8778066afa7c4ab58d5bee819c0,0b86d666dc0235468258b1cb3ce667131773e9f8d793d893b2bc5f799e40f6ee,8fa672a4460ac1afb5e4cac9e78ec62fbf918d6c969eaec3ff03cda20429a3b8,1964b925572fafb46dba756bfd34cef599228012f18455ea114bf82652826630,/tmp/buckeye_slicer_proper_D_anjqrw__
s03,s0302b,min_quiet_run_64ms,40,5,0.125,4,2,0,0.1,0.05,0.0,48,7,0.14583333333333334,6,3,0,0.125,0.0625,0.0,146.9410219999997,138.03709599999974,0.9394047633614527,154.10400000000007,24,6.421000000000003,72ea8093df3fb11222b7291a784e2272246d6349ad6d5da63900e79412997498,147296b66139fb1e25f990a73fc8504c73dcc082cbd7ad0e1f082f2cacec28a9,54202,d638f12cf31914cc50f55b37675cbf245bd90219e940f7f53e3566d7637c558b,424d2292e5bd2a17d14a1b9b8ab9050a4726e20cf8784db394470427d974efb3,a6093bb37ae66d8c5481b6f5d48baa89391695225786042bc5d91160a9867588,5c9b6879ab7d1fdb75229629a305fb7fec4871bcb36f2711845b3a8e6d08489a,34057ca8f8569b8fcf8ca6baf947cf78323b6deddb8370a42e95b3fa623278db,/tmp/buckeye_slicer_min_quiet_run_64ms_2uq06uv9
s03,s0302b,quiet_run_score,42,6,0.14285714285714285,4,2,0,0.09523809523809523,0.047619047619047616,0.0,52,9,0.17307692307692307,6,3,0,0.11538461538461539,0.057692307692307696,0.0,146.9410219999997,139.3635299999997,0.9484317456292091,155.15200000000007,26,5.967384615384618,72ea8093df3fb11222b7291a784e2272246d6349ad6d5da63900e79412997498,9f81ddd3e1ece099fb5400ba14ba18280c8818346149f168c5660056e4c18f56,54202,d638f12cf31914cc50f55b37675cbf245bd90219e940f7f53e3566d7637c558b,424d2292e5bd2a17d14a1b9b8ab9050a4726e20cf8784db394470427d974efb3,fdca03b0eb6cf3a32595b9fcf23919f418e2dbb812faba3613a6fd84f554140f,ebf84bbc5680bbb1f8ea7e66e3f7f9088f598a989fa46f35d7e4c6fe31b66d26,db613311b90edd678c59084873f673fffa9c68c6d3f05ce1a86be6741c69e7a0,/tmp/buckeye_slicer_quiet_run_score_8arbu_17
s03,s0303a,current_A,44,6,0.13636363636363635,3,0,0,0.06818181818181818,0.0,0.0,50,6,0.12,3,0,0,0.06,0.0,0.0,162.6260390000001,142.2717029999999,0.8748396251599032,158.8800000000001,25,6.355200000000004,72ea8093df3fb11222b7291a784e2272246d6349ad6d5da63900e79412997498,7742f46ba78ed9fa88c087d5ec69553ce3988bd974cf12b77459f3fa28b99e2d,56120,90af02969ff4492d5e063d4a72a525d1f2f094d0f26c407668dfaeff93f67f81,c26449024f90a4e7f9bc3be461c035f1f3ce967a2e5ed9942672627cdd44006d,58f32dc5784bfedef559a68a7348c9f1967a649ba089db03d0e8fc8cb0cb2db2,7bac0f977d64ab08ef9ec6f4ef799de7a9869b4e8a6eb7c6177c6946462a68c4,16a88ad5a309fc5b8107ea58fa06d4355b38157247d121fa1296773c60312457,/tmp/buckeye_slicer_current_A_f1m267o5
s03,s0303a,proper_D,42,6,0.14285714285714285,5,1,0,0.11904761904761904,0.023809523809523808,0.0,50,8,0.16,7,2,0,0.14,0.04,0.0,162.6260390000001,136.40470299999993,0.8387629917002396,153.0800000000001,25,6.123200000000004,b35b56fbf50e01487bef7f59ef870fe839ea7b8d3f84afb9014d7c5503a3e4dc,7742f46ba78ed9fa88c087d5ec69553ce3988bd974cf12b77459f3fa28b99e2d,56120,a4538fc087902a07732ee042139af19cce5cbf065689275583f966fcf652a4d1,4468d1f671def3f7f4bc58802bd5723b2c1fc38d72b95f46d8893ac952af3a74,5639507b6eb9ac8eeea6db8caf87f54c6041c404d90fd98c16f9694ee993429b,f42330ce23fd5032460ff480c1cb3fcacae3dd16791f3801d4313ecbe0020cee,55d2253cbf310f61cdefe8f44e7787ba546def709dc0c01d1142c518842e6590,/tmp/buckeye_slicer_proper_D_l4bntls_
s03,s0303a,min_quiet_run_64ms,40,2,0.05,1,0,0,0.025,0.0,0.0,46,2,0.043478260869565216,1,0,0,0.021739130434782608,0.0,0.0,162.6260390000001,131.39470299999994,0.8079561170397801,146.8640000000001,23,6.38539130434783,72ea8093df3fb11222b7291a784e2272246d6349ad6d5da63900e79412997498,147296b66139fb1e25f990a73fc8504c73dcc082cbd7ad0e1f082f2cacec28a9,56120,90af02969ff4492d5e063d4a72a525d1f2f094d0f26c407668dfaeff93f67f81,c26449024f90a4e7f9bc3be461c035f1f3ce967a2e5ed9942672627cdd44006d,112a42b09e284b3be6093579c990815ce449880c4cd5944fd727f4990c3bcf84,caa2c2fcf2ec8e514bd6982d6cc4e5883ef6313543306aaf7abc4981526e2833,54195bf71754086ed9268bd0b0095ca421e0a0de37b885b18acd37107969ba6e,/tmp/buckeye_slicer_min_quiet_run_64ms_rvrerold
s03,s0303a,quiet_run_score,44,6,0.13636363636363635,4,1,0,0.09090909090909091,0.022727272727272728,0.0,54,8,0.14814814814814814,6,2,0,0.1111111111111111,0.037037037037037035,0.0,162.6260390000001,142.84470299999998,0.8783630461540042,158.70400000000012,27,5.87792592592593,72ea8093df3fb11222b7291a784e2272246d6349ad6d5da63900e79412997498,9f81ddd3e1ece099fb5400ba14ba18280c8818346149f168c5660056e4c18f56,56120,90af02969ff4492d5e063d4a72a525d1f2f094d0f26c407668dfaeff93f67f81,c26449024f90a4e7f9bc3be461c035f1f3ce967a2e5ed9942672627cdd44006d,58f32dc5784bfedef559a68a7348c9f1967a649ba089db03d0e8fc8cb0cb2db2,47f6dd789adb6cd386ad49d5bb297b435389dc5cdcab815c344723b2ed71c0db,7e24d1a810f8ae189a922f592f0f0f705ececadeb523366853c69306260c7b24,/tmp/buckeye_slicer_quiet_run_score_ebtdqckh
s03,s0303b,current_A,42,11,0.2619047619047619,8,4,2,0.19047619047619047,0.09523809523809523,0.047619047619047616,48,15,0.3125,11,5,3,0.22916666666666666,0.10416666666666667,0.0625,150.29388099999994,124.50062999999996,0.8283812299716979,140.35200000000003,24,5.848000000000002,72ea8093df3fb11222b7291a784e2272246d6349ad6d5da63900e79412997498,7742f46ba78ed9fa88c087d5ec69553ce3988bd974cf12b77459f3fa28b99e2d,40650,f3376591c86537f6141ae0c412fea6e64c31a94473cc178165806baee7c8c83d,1053c63cfd2c8f27072fde725b5882b5d881f9f6355cef207fb490ab43b7367d,a6153fb6866f90e016c98b17e3596306a667aafc0459a2d0ca5b177a58dc85c4,bcf747bb05fa1f0ee55d9607036e03d471ddcec742b2568f161e10a8e496a0ad,3d613731f3071b94b6154478549fedd38d6c16c55cc7f57794601b63fb144f94,/tmp/buckeye_slicer_current_A_htt_frjq
s03,s0303b,proper_D,36,8,0.2222222222222222,3,3,1,0.08333333333333333,0.08333333333333333,0.027777777777777776,42,11,0.2619047619047619,4,4,1,0.09523809523809523,0.09523809523809523,0.023809523809523808,150.29388099999994,112.97388899999997,0.7516865506986277,125.488,21,5.975619047619047,b35b56fbf50e01487bef7f59ef870fe839ea7b8d3f84afb9014d7c5503a3e4dc,7742f46ba78ed9fa88c087d5ec69553ce3988bd974cf12b77459f3fa28b99e2d,40650,d5567067576a46d3bdd393f057b9cded113dd775840611d906c88018f0e44a27,1d4861d328c5c07872872403f6188aeffcf8eed97ec5ef5d2146ceb625f43c97,c388fed9fcce8e4aa1bf421c62965587b8e24b806a447235d0c77716b4e931f6,2008d4c3f7df471aff53d74b59ff1f64b9ab77fb41b76bf9745efe42e1e2d10f,22cb0a8cdd12518868a2958bbf017b1f0803592afc1c27dd6078e4bc2e089b7c,/tmp/buckeye_slicer_proper_D_6b0u93ch
s03,s0303b,min_quiet_run_64ms,41,10,0.24390243902439024,7,4,2,0.17073170731707318,0.0975609756097561,0.04878048780487805,48,15,0.3125,11,6,3,0.22916666666666666,0.125,0.0625,150.29388099999994,122.86051199999997,0.8174684902840457,139.27200000000005,24,5.803000000000002,72ea8093df3fb11222b7291a784e2272246d6349ad6d5da63900e79412997498,147296b66139fb1e25f990a73fc8504c73dcc082cbd7ad0e1f082f2cacec28a9,40650,f3376591c86537f6141ae0c412fea6e64c31a94473cc178165806baee7c8c83d,1053c63cfd2c8f27072fde725b5882b5d881f9f6355cef207fb490ab43b7367d,e317cc8faf277ac867092d489c8c5d8b9ea032d64ebe45f01ebe3f78f8870fba,aa3cbd51329d3b4322ea6823bb313fae20d435134493a5b02450cfe66c23fbc5,1ab0f49f884d67746ab059c6806c4f6061420b3c496242a8edffe45a79273cff,/tmp/buckeye_slicer_min_quiet_run_64ms_6jq7t980
s03,s0303b,quiet_run_score,43,8,0.18604651162790697,6,3,2,0.13953488372093023,0.06976744186046512,0.046511627906976744,52,11,0.21153846153846154,9,4,3,0.17307692307692307,0.07692307692307693,0.057692307692307696,150.29388099999994,124.97668099999996,0.831548697581374,141.60000000000002,26,5.446153846153847,72ea8093df3fb11222b7291a784e2272246d6349ad6d5da63900e79412997498,9f81ddd3e1ece099fb5400ba14ba18280c8818346149f168c5660056e4c18f56,40650,f3376591c86537f6141ae0c412fea6e64c31a94473cc178165806baee7c8c83d,1053c63cfd2c8f27072fde725b5882b5d881f9f6355cef207fb490ab43b7367d,a6153fb6866f90e016c98b17e3596306a667aafc0459a2d0ca5b177a58dc85c4,03d2f1aa545ce94b1f53c658ea8c63ea0a9f2860716711b21e27bac3f30ab7cc,c0ca3998fe80b09928395153399cbf35d0faec88953f823bafb7ef3239584fc1,/tmp/buckeye_slicer_quiet_run_score_s4___tk0
s03,s0304a,current_A,51,8,0.1568627450980392,8,3,0,0.1568627450980392,0.058823529411764705,0.0,62,11,0.1774193548387097,11,5,0,0.1774193548387097,0.08064516129032258,0.0,191.59093099999984,167.12527399999982,0.8723026352432097,188.48,31,6.08,72ea8093df3fb11222b7291a784e2272246d6349ad6d5da63900e79412997498,7742f46ba78ed9fa88c087d5ec69553ce3988bd974cf12b77459f3fa28b99e2d,54767,4fefb1dca16f05d19a1d3274a6efb7a7dcf84c3e866bf08f667b95dd89b05cf3,1940ae77eed15032e3a481d4e67871c72a08161f7c5d576d9e53898fb17686ad,3732e96d51c6f316b66010b85e5b8f60c07bc242a4903ee7130c1ff04dcfac08,5a72a04f4f91e1a13dbb114f6dea3bc87721a195756d3349f9ecdbdfeac3eb2a,d43ab83fec3b6c4746b4fcfa3275c9c8eea1e49cb49ccef663f2e224a2e6f897,/tmp/buckeye_slicer_current_A_s7a_6akq
s03,s0304a,proper_D,47,2,0.0425531914893617,1,0,0,0.02127659574468085,0.0,0.0,56,2,0.03571428571428571,1,0,0,0.017857142857142856,0.0,0.0,191.59093099999984,161.8604199999998,0.8448229733796739,182.15200000000013,28,6.505428571428576,b35b56fbf50e01487bef7f59ef870fe839ea7b8d3f84afb9014d7c5503a3e4dc,7742f46ba78ed9fa88c087d5ec69553ce3988bd974cf12b77459f3fa28b99e2d,54767,45e6fad9d04172aa252244f5da6ad412a164462dea61a9d4aa43d58c10f10cda,9bfaa6efcfec84ec2fe312c4afafc23a1cb41515626aae7885b24ce1624958e8,6e27f3151c4b92e90ff37f72dac5396c3b3cd5bed4fef209829acef3e16a0a49,f921fdb795d914b978f96ef561ec6b37e967766920248f0836883fec776444b1,16b113df5dcfac6a58c486c1dae8e43b4a4369fb1bf49046e391d7d74798f358,/tmp/buckeye_slicer_proper_D_2ri5br19
s03,s0304a,min_quiet_run_64ms,51,8,0.1568627450980392,8,3,0,0.1568627450980392,0.058823529411764705,0.0,62,11,0.1774193548387097,11,5,0,0.1774193548387097,0.08064516129032258,0.0,191.59093099999984,167.12527399999982,0.8723026352432097,188.016,31,6.065032258064516,72ea8093df3fb11222b7291a784e2272246d6349ad6d5da63900e79412997498,147296b66139fb1e25f990a73fc8504c73dcc082cbd7ad0e1f082f2cacec28a9,54767,4fefb1dca16f05d19a1d3274a6efb7a7dcf84c3e866bf08f667b95dd89b05cf3,1940ae77eed15032e3a481d4e67871c72a08161f7c5d576d9e53898fb17686ad,aa19e4a99cba7c6077672a12b4068a0ad2c79a8ae6e657a6da131a8378fa9619,a8d3fc56997daf0396a8710f73564175a07ac5ee9a5d59be1897f6b9dc52db78,621b613c125c2dd5477445d7701841bc278b3f08ee1171c04df2019f1f2ee079,/tmp/buckeye_slicer_min_quiet_run_64ms_thw_lddk
s03,s0304a,quiet_run_score,53,7,0.1320754716981132,7,2,0,0.1320754716981132,0.03773584905660377,0.0,64,9,0.140625,9,3,0,0.140625,0.046875,0.0,191.59093099999984,168.38207299999988,0.8788624394752799,188.896,32,5.903,72ea8093df3fb11222b7291a784e2272246d6349ad6d5da63900e79412997498,9f81ddd3e1ece099fb5400ba14ba18280c8818346149f168c5660056e4c18f56,54767,4fefb1dca16f05d19a1d3274a6efb7a7dcf84c3e866bf08f667b95dd89b05cf3,1940ae77eed15032e3a481d4e67871c72a08161f7c5d576d9e53898fb17686ad,3732e96d51c6f316b66010b85e5b8f60c07bc242a4903ee7130c1ff04dcfac08,e0e0dbf920ad3623f324ec2681aeb589f6dfb6e89418c4a86eb06a067464cc59,59745bbb91ab2082a69c4cebb6e8552235f4f92fae1564972192d801b9da9b44,/tmp/buckeye_slicer_quiet_run_score_mgmr0dj2
s03,s0304b,current_A,47,9,0.19148936170212766,7,4,1,0.14893617021276595,0.0851063829787234,0.02127659574468085,54,14,0.25925925925925924,12,6,2,0.2222222222222222,0.1111111111111111,0.037037037037037035,166.21760200000017,152.62332000000018,0.9182139446338542,171.03200000000004,27,6.33451851851852,72ea8093df3fb11222b7291a784e2272246d6349ad6d5da63900e79412997498,7742f46ba78ed9fa88c087d5ec69553ce3988bd974cf12b77459f3fa28b99e2d,59323,c278f4d2e5535dcd01c7589a28855e89530fd74baf59f7846479f7f766538b28,5219610d95818a393f8a64cf3c6068303bdbfd8ed8b6e9dbcd881844f173d861,78d4afcb3b30fe82721546f15a68b87f2277e7b014e48ab419f80f9ef27b17aa,2316acd749c253d767c1d973dc8100d8c8f0da4cec7d1c4fc1238e2e33b0d89a,d0a237b66bed277162ab3e28ed8ca64bff8e2fa460f2da8192fccfe9a08355e2,/tmp/buckeye_slicer_current_A_hi1iuwob
s03,s0304b,proper_D,45,5,0.1111111111111111,3,3,0,0.06666666666666667,0.06666666666666667,0.0,52,7,0.1346153846153846,5,5,0,0.09615384615384616,0.09615384615384616,0.0,166.21760200000017,152.44493100000014,0.9171407189474433,170.55199999999996,26,6.559692307692306,b35b56fbf50e01487bef7f59ef870fe839ea7b8d3f84afb9014d7c5503a3e4dc,7742f46ba78ed9fa88c087d5ec69553ce3988bd974cf12b77459f3fa28b99e2d,59323,e6812819520b848474c78c2a0941251449290636820a36b2e266a3619bb8b541,7ece97c7ffa15f628997e78f1120a6a1b2eccc4a1069143354b95e3867ed0ef5,b7592f6877d51b6ae899343a46849e52555e5659d29d33f22cd8c4f19c7ba677,e69a3d741e2be3aa9c7f67e65fd8720d3e21ca728dd72e29d6fc434f43b811ef,db19116bc64a89a72d7234550253271adff4f60cf0a27802a6778d7ad9849796,/tmp/buckeye_slicer_proper_D_plp1mwe6
s03,s0304b,min_quiet_run_64ms,44,6,0.13636363636363635,4,3,1,0.09090909090909091,0.06818181818181818,0.022727272727272728,50,8,0.16,6,4,1,0.12,0.08,0.02,166.21760200000017,138.28763100000018,0.8319674290572429,155.95200000000003,25,6.238080000000001,72ea8093df3fb11222b7291a784e2272246d6349ad6d5da63900e79412997498,147296b66139fb1e25f990a73fc8504c73dcc082cbd7ad0e1f082f2cacec28a9,59323,c278f4d2e5535dcd01c7589a28855e89530fd74baf59f7846479f7f766538b28,5219610d95818a393f8a64cf3c6068303bdbfd8ed8b6e9dbcd881844f173d861,686fef7e57a7b6305c3286094b470936be4650b1a1851ac8ee18937a5772adca,4435cb017a54d0028632f92b4f02234c982255afafde6435a6e86abcc54fe2b8,49de0ace6b50d6294f4877f8bba22fa2f3ee9c86a270d9b3872bbc1cb035641a,/tmp/buckeye_slicer_min_quiet_run_64ms_pb8dcnjv
s03,s0304b,quiet_run_score,48,4,0.08333333333333333,2,1,0,0.041666666666666664,0.020833333333333332,0.0,58,5,0.08620689655172414,3,1,0,0.05172413793103448,0.017241379310344827,0.0,166.21760200000017,152.89530500000015,0.919850263511803,170.62400000000002,29,5.8835862068965525,72ea8093df3fb11222b7291a784e2272246d6349ad6d5da63900e79412997498,9f81ddd3e1ece099fb5400ba14ba18280c8818346149f168c5660056e4c18f56,59323,c278f4d2e5535dcd01c7589a28855e89530fd74baf59f7846479f7f766538b28,5219610d95818a393f8a64cf3c6068303bdbfd8ed8b6e9dbcd881844f173d861,78d4afcb3b30fe82721546f15a68b87f2277e7b014e48ab419f80f9ef27b17aa,b90b795b7b2a72c3b881563cc77d9c4dcb81d2dab2634869e867a8ecf3a75f30,7c48d5789a6f07e84dc5c48e4d6c544741ef91f4c2a2559ed60d63646124d692,/tmp/buckeye_slicer_quiet_run_score_yppbaxtz
s03,s0305a,current_A,66,7,0.10606060606060606,7,1,0,0.10606060606060606,0.015151515151515152,0.0,76,10,0.13157894736842105,10,2,0,0.13157894736842105,0.02631578947368421,0.0,247.04075699999993,207.45448900000002,0.8397581497048282,228.79999999999993,38,6.021052631578946,72ea8093df3fb11222b7291a784e2272246d6349ad6d5da63900e79412997498,7742f46ba78ed9fa88c087d5ec69553ce3988bd974cf12b77459f3fa28b99e2d,60467,c91732241599939575284df1754ac6bee899a1a8a887e97a525863813a249144,de852428728b4a6e62ce8839e7f05f82733df429f28194ebfb1ce2d4fe0ab5d8,58faa60f65b1f45ed72317183c2d8f40769bbf5c56b5dacf584dde663aa4f1cc,cbac0c15cadfdfc5e6537523b2c73f2ba1e0e068b04d31720e6725971061ffc0,932c3dcdeff684431d41fe73b7c5471a04636773afc6da5b62c2e8ddace4f50d,/tmp/buckeye_slicer_current_A_ysxhjl1g
s03,s0305a,proper_D,61,2,0.03278688524590164,1,0,0,0.01639344262295082,0.0,0.0,70,2,0.02857142857142857,1,0,0,0.014285714285714285,0.0,0.0,247.04075699999993,192.45161000000007,0.7790277698995236,213.37599999999998,35,6.096457142857142,b35b56fbf50e01487bef7f59ef870fe839ea7b8d3f84afb9014d7c5503a3e4dc,7742f46ba78ed9fa88c087d5ec69553ce3988bd974cf12b77459f3fa28b99e2d,60467,5e435cbcb1c5c03ff2c8fc79a073df4c5243bf5897298f7adac23ea2b84215f2,52f38026c65917c25978ac4f2e4ed9a35c051fd3568080dd9c99299c75b61f9a,e62744bb7dd0322193e4698115a49f8995895ac0434886457c3d530d7f01a6c0,dc9cb7cbc1a7b64481f3dbf2054ca43ca9b8390287baf3a0e4f51eb1b40c49b5,a1f64b5aa06ac274762b56b2370cab8c8c4193e120cb55d2fed1ba1abf65c20c,/tmp/buckeye_slicer_proper_D_t52x3hyu
s03,s0305a,min_quiet_run_64ms,64,6,0.09375,6,1,0,0.09375,0.015625,0.0,74,8,0.10810810810810811,8,2,0,0.10810810810810811,0.02702702702702703,0.0,247.04075699999993,203.21812500000004,0.8226097080814891,224.21599999999992,37,6.05989189189189,72ea8093df3fb11222b7291a784e2272246d6349ad6d5da63900e79412997498,147296b66139fb1e25f990a73fc8504c73dcc082cbd7ad0e1f082f2cacec28a9,60467,c91732241599939575284df1754ac6bee899a1a8a887e97a525863813a249144,de852428728b4a6e62ce8839e7f05f82733df429f28194ebfb1ce2d4fe0ab5d8,1f952385daa382a88c18b5bb85b1ed60c0cf800fae24f34338d0e44d85324ede,d0f8bfd28756a3e547f11825fdadae96a949e6e63f138a375753ddeda6704287,4a82af57ad8fbe046f2b24d6447683b762207b341dacacbcd81f8c8d77d18572,/tmp/buckeye_slicer_min_quiet_run_64ms_88pagd_x
s03,s0305a,quiet_run_score,67,7,0.1044776119402985,7,1,0,0.1044776119402985,0.014925373134328358,0.0,80,11,0.1375,11,2,0,0.1375,0.025,0.0,247.04075699999993,208.49971900000003,0.8439891519600553,230.07999999999996,40,5.751999999999999,72ea8093df3fb11222b7291a784e2272246d6349ad6d5da63900e79412997498,9f81ddd3e1ece099fb5400ba14ba18280c8818346149f168c5660056e4c18f56,60467,c91732241599939575284df1754ac6bee899a1a8a887e97a525863813a249144,de852428728b4a6e62ce8839e7f05f82733df429f28194ebfb1ce2d4fe0ab5d8,58faa60f65b1f45ed72317183c2d8f40769bbf5c56b5dacf584dde663aa4f1cc,87a5eef433e9366c87b4bcb1a677d9dc5cb85fa8edda6f9166509369370b213c,18dc1c88870b3f0262cb94b241d75d204274b8f074cdfa34f7597c18dd020524,/tmp/buckeye_slicer_quiet_run_score_7qn2890h
s03,s0305b,current_A,34,6,0.17647058823529413,6,4,1,0.17647058823529413,0.11764705882352941,0.029411764705882353,42,9,0.21428571428571427,9,6,2,0.21428571428571427,0.14285714285714285,0.047619047619047616,138.288746,112.70795000000001,0.8150189604004364,125.42399999999999,21,5.972571428571428,72ea8093df3fb11222b7291a784e2272246d6349ad6d5da63900e79412997498,7742f46ba78ed9fa88c087d5ec69553ce3988bd974cf12b77459f3fa28b99e2d,51281,e91c6e676adb02d939ffc697f815ff2c0869a2b38820f4a5745c3570f7a2613a,faf5993f34f662ea58d34e3e9e2ea6566d10ebe27c3c652dcbe8869db2afede5,55ffccc9d92890f6a0da3da8c39f9b709028a2895c1b49227bbe2bf7876f6365,def9a637636364ef0a1625e04a85a002c0c44ab474b53096b04c445e32145004,fe573deb5cbc196054a6e8ea7778eb74522adc523f578156dc95fe002aebb933,/tmp/buckeye_slicer_current_A_wjeyc8wa
s03,s0305b,proper_D,29,3,0.10344827586206896,2,2,2,0.06896551724137931,0.06896551724137931,0.06896551724137931,34,3,0.08823529411764706,2,2,2,0.058823529411764705,0.058823529411764705,0.058823529411764705,138.288746,95.45533099999994,0.6902610209510465,105.23200000000001,17,6.190117647058824,b35b56fbf50e01487bef7f59ef870fe839ea7b8d3f84afb9014d7c5503a3e4dc,7742f46ba78ed9fa88c087d5ec69553ce3988bd974cf12b77459f3fa28b99e2d,51281,9b0d99211c9a9506503960a8c17c0a59050975623d7336911db45aacf9e82c82,9500c9c97084e5b6981882e7d34c9d475642e09fdb37eb8c1f47e6e62be94ba8,46e48727da74442a7afd028254cebff22353c9348930b679ba2f137410615c8f,0b00f7af73c17fb833dd8ec93cae2d7e92bd3d93cfb3788b8e60be1ea7168677,609541b3232b56d414eb11d58bb0d946c56763e60cd2a1bb542c5860b2085170,/tmp/buckeye_slicer_proper_D_w6h1n37f
s03,s0305b,min_quiet_run_64ms,34,6,0.17647058823529413,6,4,1,0.17647058823529413,0.11764705882352941,0.029411764705882353,42,9,0.21428571428571427,9,6,2,0.21428571428571427,0.14285714285714285,0.047619047619047616,138.288746,112.70795000000001,0.8150189604004364,125.42399999999999,21,5.972571428571428,72ea8093df3fb11222b7291a784e2272246d6349ad6d5da63900e79412997498,147296b66139fb1e25f990a73fc8504c73dcc082cbd7ad0e1f082f2cacec28a9,51281,e91c6e676adb02d939ffc697f815ff2c0869a2b38820f4a5745c3570f7a2613a,faf5993f34f662ea58d34e3e9e2ea6566d10ebe27c3c652dcbe8869db2afede5,747029f6f997fa506f956939666b0b83246673f7937034688b0b21f3f1b11561,def9a637636364ef0a1625e04a85a002c0c44ab474b53096b04c445e32145004,fe573deb5cbc196054a6e8ea7778eb74522adc523f578156dc95fe002aebb933,/tmp/buckeye_slicer_min_quiet_run_64ms_a5afy99b
s03,s0305b,quiet_run_score,35,7,0.2,7,5,2,0.2,0.14285714285714285,0.05714285714285714,44,10,0.22727272727272727,10,7,3,0.22727272727272727,0.1590909090909091,0.06818181818181818,138.288746,113.53335900000002,0.820987696280072,126.20799999999998,22,5.736727272727272,72ea8093df3fb11222b7291a784e2272246d6349ad6d5da63900e79412997498,9f81ddd3e1ece099fb5400ba14ba18280c8818346149f168c5660056e4c18f56,51281,e91c6e676adb02d939ffc697f815ff2c0869a2b38820f4a5745c3570f7a2613a,faf5993f34f662ea58d34e3e9e2ea6566d10ebe27c3c652dcbe8869db2afede5,55ffccc9d92890f6a0da3da8c39f9b709028a2895c1b49227bbe2bf7876f6365,d367a08bcaa94e44c4ee6605ab8a06febc29cef0ea2efa9b826fe0cee6726069,0900206790f5090e9f8600ccad355c85662855f89e956a5de143e28d56f04c8c,/tmp/buckeye_slicer_quiet_run_score_4fx2n2j5
s03,s0306a,current_A,34,4,0.11764705882352941,4,1,1,0.11764705882352941,0.029411764705882353,0.029411764705882353,38,5,0.13157894736842105,5,2,2,0.13157894736842105,0.05263157894736842,0.05263157894736842,135.67482200000006,100.44733900000011,0.740353571276475,110.816,19,5.832421052631579,72ea8093df3fb11222b7291a784e2272246d6349ad6d5da63900e79412997498,7742f46ba78ed9fa88c087d5ec69553ce3988bd974cf12b77459f3fa28b99e2d,54105,b8539525157f282f6cdc5e61a64ecc5e5b9e2de85177173b2dab5cf4231c2128,8ccc6532d6a01f1361b21d49d5a053b1438db5488ccff215b32958aef0108b7b,24362752bfecb7cec29fccc29f3ffab5008f64ae8c4d83f344d8e82db16e6d0e,84c81798d25bd3298609b64ab32258f60416fb9abdb995433d16b221d4d5338f,7bc66453172bd96b837a5e61cd94ac16db3a997969a0f0f897a1eaeaf8b2db67,/tmp/buckeye_slicer_current_A_0710p94f
s03,s0306a,proper_D,33,3,0.09090909090909091,3,1,1,0.09090909090909091,0.030303030303030304,0.030303030303030304,34,4,0.11764705882352941,4,2,2,0.11764705882352941,0.058823529411764705,0.058823529411764705,135.67482200000006,95.84084100000004,0.7064010815507095,105.01599999999993,17,6.177411764705878,b35b56fbf50e01487bef7f59ef870fe839ea7b8d3f84afb9014d7c5503a3e4dc,7742f46ba78ed9fa88c087d5ec69553ce3988bd974cf12b77459f3fa28b99e2d,54105,d01361230b8682ec51dcef2daa3bac9da9928cfe4271cf81ea41c2c548c66875,62514dca1fe56c466322ea4eaa915d925e59e8cbdcbe4461c74d342a1a142311,3ca6d3ed0fae803f2f6ee2d289eb581174b800bfd98666564fc3442c34613914,6b8dbb5625e993d744a2d83db54e45f1c6daeb41c2be19a285bfd46f0a80bbbd,cd0d01ad644eead208099efb5abbfbed2dd658ac5bed5a3ac9d4c23eaa7b8418,/tmp/buckeye_slicer_proper_D_yueprgsp
s03,s0306a,min_quiet_run_64ms,33,2,0.06060606060606061,2,1,1,0.06060606060606061,0.030303030303030304,0.030303030303030304,36,3,0.08333333333333333,3,2,2,0.08333333333333333,0.05555555555555555,0.05555555555555555,135.67482200000006,99.02507600000008,0.7298706903776151,108.97600000000001,18,6.054222222222223,72ea8093df3fb11222b7291a784e2272246d6349ad6d5da63900e79412997498,147296b66139fb1e25f990a73fc8504c73dcc082cbd7ad0e1f082f2cacec28a9,54105,b8539525157f282f6cdc5e61a64ecc5e5b9e2de85177173b2dab5cf4231c2128,8ccc6532d6a01f1361b21d49d5a053b1438db5488ccff215b32958aef0108b7b,86410844daf5bcacf7c17ebced184584fb089c0f00834aa2c16b242a39c77c3d,0cfe37c4574d9b8f08876b11f28c4407f15474623278bae9e59601ad69f01fd9,e91e3a63eb897954c0fb2d3532e31b415e112fb332601be468eeb48843ce44eb,/tmp/buckeye_slicer_min_quiet_run_64ms_0u3eil8y
s03,s0306a,quiet_run_score,35,4,0.11428571428571428,4,1,1,0.11428571428571428,0.02857142857142857,0.02857142857142857,40,6,0.15,6,2,2,0.15,0.05,0.05,135.67482200000006,101.41620700000011,0.7474946751726718,110.98400000000001,20,5.549200000000001,72ea8093df3fb11222b7291a784e2272246d6349ad6d5da63900e79412997498,9f81ddd3e1ece099fb5400ba14ba18280c8818346149f168c5660056e4c18f56,54105,b8539525157f282f6cdc5e61a64ecc5e5b9e2de85177173b2dab5cf4231c2128,8ccc6532d6a01f1361b21d49d5a053b1438db5488ccff215b32958aef0108b7b,24362752bfecb7cec29fccc29f3ffab5008f64ae8c4d83f344d8e82db16e6d0e,5aee2002791c5556a809f268a9b93b733c4ee0bed3a45ac0a9e4201deea02d3a,82fec1dbd5320afa98a1a779eeaf198d8bb408dc988aadf037b13660bf2ffa20,/tmp/buckeye_slicer_quiet_run_score_9hvlp8pm
s04,s0401b,current_A,76,6,0.07894736842105263,4,1,0,0.05263157894736842,0.013157894736842105,0.0,78,8,0.10256410256410256,6,2,0,0.07692307692307693,0.02564102564102564,0.0,297.30200100000025,175.26054099999982,0.589503401963311,203.49599999999998,39,5.217846153846153,72ea8093df3fb11222b7291a784e2272246d6349ad6d5da63900e79412997498,7742f46ba78ed9fa88c087d5ec69553ce3988bd974cf12b77459f3fa28b99e2d,71073,3a288a4a6f73a2abd5cfe3cf4d99c68d5eb79cf05de2289ea256f4cc4d72d57a,dbf17109b0b24f98fb9dcb8c371af7e87e27c579ce227f91fffed04006709e0f,83aba6f7466c10dded77878747993a186058623e416d81a9a92beca24d73f033,e0d77eb717ff74cc22fed68d9c537aa43f1c1e516cba3ec15e955c0b4cc88f7d,1d1d7309463c295da1de2f080afa7bd052669d499a7738c305e7d5acc4c17b1b,/tmp/buckeye_slicer_current_A_y2e637mi
s04,s0401b,proper_D,72,6,0.08333333333333333,1,0,0,0.013888888888888888,0.0,0.0,74,6,0.08108108108108109,1,0,0,0.013513513513513514,0.0,0.0,297.30200100000025,166.13421999999986,0.558806262457681,193.83199999999997,37,5.238702702702701,b35b56fbf50e01487bef7f59ef870fe839ea7b8d3f84afb9014d7c5503a3e4dc,7742f46ba78ed9fa88c087d5ec69553ce3988bd974cf12b77459f3fa28b99e2d,71073,0936955a267b013a6b282b31ba884d10a2b8bcb76593a7c30ae70060ba67519c,eec926ce9d651c20905103ee99f76b5dc28d8cdb9103477dbd7bb49bc47153da,c51f264047bf68e3f88a23edb7955f407d902ef1a1ab4f4afc0c7a675e3a625a,d38a47d246df0823af9e16ff7d8333b5de3c49511735773bdc07c2276d5212a5,d1d84c2d8b013139112c19435bcef6079a4852f5cd22021f49ebf4553547c9f7,/tmp/buckeye_slicer_proper_D_3i0uukgh
s04,s0401b,min_quiet_run_64ms,76,6,0.07894736842105263,4,1,0,0.05263157894736842,0.013157894736842105,0.0,78,8,0.10256410256410256,6,2,0,0.07692307692307693,0.02564102564102564,0.0,297.30200100000025,174.45880799999986,0.5868067063564759,202.20799999999994,39,5.184820512820512,72ea8093df3fb11222b7291a784e2272246d6349ad6d5da63900e79412997498,147296b66139fb1e25f990a73fc8504c73dcc082cbd7ad0e1f082f2cacec28a9,71073,3a288a4a6f73a2abd5cfe3cf4d99c68d5eb79cf05de2289ea256f4cc4d72d57a,dbf17109b0b24f98fb9dcb8c371af7e87e27c579ce227f91fffed04006709e0f,a34e6714cbf6899d2d16189dc1103b9199ee8b78154ee81e54305517044c9837,464fe1c043464f441c20fb8273494b617d2f6ee485dbcb6d38aada53d6f31666,23bc3c5a89fb99a26e840680859f4fe696a09c710071966b9de64606cb7d41a9,/tmp/buckeye_slicer_min_quiet_run_64ms_6k6tzl32
s04,s0401b,quiet_run_score,76,4,0.05263157894736842,3,0,0,0.039473684210526314,0.0,0.0,78,5,0.0641025641025641,4,0,0,0.05128205128205128,0.0,0.0,297.30200100000025,170.60785599999988,0.5738537091110926,196.38399999999996,39,5.035487179487179,72ea8093df3fb11222b7291a784e2272246d6349ad6d5da63900e79412997498,9f81ddd3e1ece099fb5400ba14ba18280c8818346149f168c5660056e4c18f56,71073,3a288a4a6f73a2abd5cfe3cf4d99c68d5eb79cf05de2289ea256f4cc4d72d57a,dbf17109b0b24f98fb9dcb8c371af7e87e27c579ce227f91fffed04006709e0f,83aba6f7466c10dded77878747993a186058623e416d81a9a92beca24d73f033,a8aee4ac32d6a4349e9666f764818cf4fda1d0b729b36fd2a26d53fdaec3a8fc,d7a8c27a915bf444d9b313a1138abeba74c79522cb08f5c189b127cd61c33a2c,/tmp/buckeye_slicer_quiet_run_score__vfow95u
s04,s0402a,current_A,76,12,0.15789473684210525,8,2,0,0.10526315789473684,0.02631578947368421,0.0,78,13,0.16666666666666666,9,2,0,0.11538461538461539,0.02564102564102564,0.0,267.10904999999997,160.76133399999978,0.6018565600828568,183.37599999999998,39,4.701948717948717,72ea8093df3fb11222b7291a784e2272246d6349ad6d5da63900e79412997498,7742f46ba78ed9fa88c087d5ec69553ce3988bd974cf12b77459f3fa28b99e2d,75323,60625c14003541d499a696ba1494f4de89b1bf88d4c33adb1646b780df065218,5038284ae3713b944154e74b58498d04a27958ac0bf725741374b33412336cad,dda4f2b322b8885d65c743213ebb3f6b3fafc860657a9e84ae12fa7d23a52dd0,4b3420e4ea05e3ac1c71b0c2a0ac03245f88fe5fbf0a9c53af58ae2c13126f24,38a1b9deb6ff05b8e8a73466f7d9f06c5ae98e94888707fb1510dc1f1925014c,/tmp/buckeye_slicer_current_A_vflu9mc2
s04,s0402a,proper_D,70,10,0.14285714285714285,4,0,0,0.05714285714285714,0.0,0.0,72,11,0.1527777777777778,5,0,0,0.06944444444444445,0.0,0.0,267.10904999999997,147.48464999999996,0.5521514527493545,168.72799999999995,36,4.6868888888888875,b35b56fbf50e01487bef7f59ef870fe839ea7b8d3f84afb9014d7c5503a3e4dc,7742f46ba78ed9fa88c087d5ec69553ce3988bd974cf12b77459f3fa28b99e2d,75323,974f09ecce0895aa4a6ada9870d93842400b140fdcee28ee48652d4fd5cd1ad6,965db0d3dcd9d7928282d28429b30ec39920fd2ee3fb3b1269025b6fc745add1,3a40f596642d3d972613dc1f6b9ef435b268ad233c3ddb5b1776bf2485d05180,8a89f944a410344184f5247c3af076b9cff2539ea9dcd0f9cf8fcf476084191c,ea6f30abb59f638630fd1ce1971abcb8041337ffd1a7489a83247d2e4a2afe02,/tmp/buckeye_slicer_proper_D_w5uij04w
s04,s0402a,min_quiet_run_64ms,64,9,0.140625,5,2,0,0.078125,0.03125,0.0,66,10,0.15151515151515152,6,2,0,0.09090909090909091,0.030303030303030304,0.0,267.10904999999997,140.52051199999985,0.5260791875078732,160.13600000000008,33,4.852606060606063,72ea8093df3fb11222b7291a784e2272246d6349ad6d5da63900e79412997498,147296b66139fb1e25f990a73fc8504c73dcc082cbd7ad0e1f082f2cacec28a9,75323,60625c14003541d499a696ba1494f4de89b1bf88d4c33adb1646b780df065218,5038284ae3713b944154e74b58498d04a27958ac0bf725741374b33412336cad,954c2da4673bbef09fe76924d0692d45d13732d93d3b1f968e7757dfc8fe2d18,66ff7b4fa053be5064145a4b299696dc06c2d8b55499f0873c6fab67a75572a7,b20a1a955c5759f982441ad276d0919231ffaec86637b342a82f5ccfd1e13957,/tmp/buckeye_slicer_min_quiet_run_64ms_h747nquv
s04,s0402a,quiet_run_score,76,11,0.14473684210526316,7,1,0,0.09210526315789473,0.013157894736842105,0.0,78,12,0.15384615384615385,8,1,0,0.10256410256410256,0.01282051282051282,0.0,267.10904999999997,157.22456599999984,0.5886156459318763,178.51199999999997,39,4.577230769230768,72ea8093df3fb11222b7291a784e2272246d6349ad6d5da63900e79412997498,9f81ddd3e1ece099fb5400ba14ba18280c8818346149f168c5660056e4c18f56,75323,60625c14003541d499a696ba1494f4de89b1bf88d4c33adb1646b780df065218,5038284ae3713b944154e74b58498d04a27958ac0bf725741374b33412336cad,dda4f2b322b8885d65c743213ebb3f6b3fafc860657a9e84ae12fa7d23a52dd0,93dff327c892461971e64e8a5882a0a5973b88c3a6dc8f031c5587d67a26cb51,17567bdb543e5dcdedb4d5c20a4b6ffbc53c88c54ec1d77771b396b40ccb1caa,/tmp/buckeye_slicer_quiet_run_score_y3rig4_t
s04,s0402b,current_A,70,7,0.1,4,0,0,0.05714285714285714,0.0,0.0,72,8,0.1111111111111111,4,0,0,0.05555555555555555,0.0,0.0,265.910721,180.7803320000001,0.6798534911271971,209.8959999999999,36,5.830444444444442,72ea8093df3fb11222b7291a784e2272246d6349ad6d5da63900e79412997498,7742f46ba78ed9fa88c087d5ec69553ce3988bd974cf12b77459f3fa28b99e2d,71152,9c6af596c2cb7670a365616ad97d1bf4a5886606090b60e7945757a123914c47,ad4333a2e79f54b9031eb1a18a030e74d1f2541d4f84877c78545024ebe1c8cf,d49e2c1833aaa81f79327130b2e9a3a6cf1f4c1c863887871af3047d77786ed3,946a636f6b0eb984a158f3ca26f76648ae29701edd56a3a704a5d7837ca83d49,7138f9eb42a17019be1ce5513179263a13d53b3fb2931b6102b8dd29deebffc4,/tmp/buckeye_slicer_current_A_aczi2g_s
s04,s0402b,proper_D,67,3,0.04477611940298507,2,1,1,0.029850746268656716,0.014925373134328358,0.014925373134328358,70,3,0.04285714285714286,2,1,1,0.02857142857142857,0.014285714285714285,0.014285714285714285,265.910721,176.03752800000007,0.6620174144840142,205.34400000000025,35,5.866971428571436,b35b56fbf50e01487bef7f59ef870fe839ea7b8d3f84afb9014d7c5503a3e4dc,7742f46ba78ed9fa88c087d5ec69553ce3988bd974cf12b77459f3fa28b99e2d,71152,3eb5e54e465cc7fdf7c73f9bc772a165fa4821efb5b673f51bcd5b5f306f29e3,c1b0034c3b81d8fe40433d660fa5fb16f7337c759d4543671ec806420af8fbdf,f0d7c5d860aaea29c60081f9371bded60d22e5568d5d9f06a0dc7d8f55e4208b,670e97ccb1d59b59aebdfa16c7ca2b2094db7bacc7a1077bfcb23351a4b02ad7,e1516a1e9ffb618a1f8b0a596adaeb704ebfd927d9a46e8de55561da4d893805,/tmp/buckeye_slicer_proper_D_mthcsq5u
s04,s0402b,min_quiet_run_64ms,69,7,0.10144927536231885,6,1,1,0.08695652173913043,0.014492753623188406,0.014492753623188406,72,8,0.1111111111111111,7,1,1,0.09722222222222222,0.013888888888888888,0.013888888888888888,265.910721,177.38942800000012,0.6671014516936311,205.92799999999994,36,5.720222222222221,72ea8093df3fb11222b7291a784e2272246d6349ad6d5da63900e79412997498,147296b66139fb1e25f990a73fc8504c73dcc082cbd7ad0e1f082f2cacec28a9,71152,9c6af596c2cb7670a365616ad97d1bf4a5886606090b60e7945757a123914c47,ad4333a2e79f54b9031eb1a18a030e74d1f2541d4f84877c78545024ebe1c8cf,515537e16c4c024a69bceaa13eea6b36d80176add376b0e9c9b3087895a44c36,97ff6f273d88002268e3f15f2592c21b6ab0425b942c3bd75f16ffed82584fae,1ebb69f4787ef89f68306b5f34c1e9bf7d33c9e1047950a9f907131cc7dfd223,/tmp/buckeye_slicer_min_quiet_run_64ms__2_u7e1t
s04,s0402b,quiet_run_score,72,8,0.1111111111111111,7,2,1,0.09722222222222222,0.027777777777777776,0.013888888888888888,78,9,0.11538461538461539,8,2,1,0.10256410256410256,0.02564102564102564,0.01282051282051282,265.910721,178.9939680000001,0.6731355822242312,206.8399999999999,39,5.303589743589741,72ea8093df3fb11222b7291a784e2272246d6349ad6d5da63900e79412997498,9f81ddd3e1ece099fb5400ba14ba18280c8818346149f168c5660056e4c18f56,71152,9c6af596c2cb7670a365616ad97d1bf4a5886606090b60e7945757a123914c47,ad4333a2e79f54b9031eb1a18a030e74d1f2541d4f84877c78545024ebe1c8cf,d49e2c1833aaa81f79327130b2e9a3a6cf1f4c1c863887871af3047d77786ed3,44d2cf1174d40ca26854b5ae960489dba7f17c654e3f40d98533be3f500c00e1,a6b632f347bc8240533a659296ea8a99cc0a523bfc083bba04df5ec8e979f708,/tmp/buckeye_slicer_quiet_run_score_lrf6bohq
s04,s0403a,current_A,82,10,0.12195121951219512,4,1,0,0.04878048780487805,0.012195121951219513,0.0,84,11,0.13095238095238096,4,1,0,0.047619047619047616,0.011904761904761904,0.0,278.21848800000015,181.64005700000007,0.6528683924125127,207.60000000000008,42,4.942857142857145,72ea8093df3fb11222b7291a784e2272246d6349ad6d5da63900e79412997498,7742f46ba78ed9fa88c087d5ec69553ce3988bd974cf12b77459f3fa28b99e2d,75231,003026da8901a7a9fd55a2bbde9f3d8b269ea497930c92dfe05aa548c9c2f5d8,f039fd94ad46858b7b382b662d0dfa8be98ae6f0e4d70e0ff8cea2b52041efba,4eb0f7f0cea9cfb99297fb9782d86951fa55fe8dd39ec57d6f5561aab07cd42f,8b12bde56bd06032d194070c701ceceb2c4208b5b9f582fae3b36ccbc0a39c99,1cefe801f5ab98d168ba94280763f39a8602b1a7c3cc156d5ad83eb55e63e7fb,/tmp/buckeye_slicer_current_A_94haopzs
s04,s0403a,proper_D,82,8,0.0975609756097561,3,1,0,0.036585365853658534,0.012195121951219513,0.0,84,8,0.09523809523809523,3,1,0,0.03571428571428571,0.011904761904761904,0.0,278.21848800000015,180.46618500000005,0.6486491472845614,207.00800000000007,42,4.928761904761906,b35b56fbf50e01487bef7f59ef870fe839ea7b8d3f84afb9014d7c5503a3e4dc,7742f46ba78ed9fa88c087d5ec69553ce3988bd974cf12b77459f3fa28b99e2d,75231,1e9d6a0ecc556be7cd9ec33ff996ae1cc9b0ee21ac46e6d03d611bad8b6d54fb,2a0fdb1a1f635dc7c9bfd15b43dd6781715da4beaa46fbae7b7b2538679c6cbc,904f29a5773cd5fce7af61e893d7fc622e176582ab8461a00bddcf9a411027d9,925d869b9d63d15cc113cfc2299a6316807033207ed61cb7313dc2770e1cc02b,7cf1a039bfb52b84bde3653c3cffe9bfaa26909d2ace785447c4b6dddf004cc4,/tmp/buckeye_slicer_proper_D_1yh8_uhp
s04,s0403a,min_quiet_run_64ms,82,8,0.0975609756097561,4,2,0,0.04878048780487805,0.024390243902439025,0.0,84,8,0.09523809523809523,4,2,0,0.047619047619047616,0.023809523809523808,0.0,278.21848800000015,180.7411850000001,0.6496375790813729,206.40000000000015,42,4.914285714285718,72ea8093df3fb11222b7291a784e2272246d6349ad6d5da63900e79412997498,147296b66139fb1e25f990a73fc8504c73dcc082cbd7ad0e1f082f2cacec28a9,75231,003026da8901a7a9fd55a2bbde9f3d8b269ea497930c92dfe05aa548c9c2f5d8,f039fd94ad46858b7b382b662d0dfa8be98ae6f0e4d70e0ff8cea2b52041efba,4f9a759728b60f066ebebf0365e004fc25ed6d2f05d8ef86c4627fd1a6ba1855,7c87c5c0f83fda3e7a3277090927cbb17850f0cd0225fd5df64a457c9c75d1a5,a4f9f4fe25a2829a33dcb9297f0bcf2659c4827fdeb6161698ef763873c6a62f,/tmp/buckeye_slicer_min_quiet_run_64ms_7s0gk194
s04,s0403a,quiet_run_score,84,7,0.08333333333333333,4,2,0,0.047619047619047616,0.023809523809523808,0.0,88,8,0.09090909090909091,5,2,0,0.056818181818181816,0.022727272727272728,0.0,278.21848800000015,172.75591200000017,0.6209361327562102,196.20800000000014,44,4.45927272727273,72ea8093df3fb11222b7291a784e2272246d6349ad6d5da63900e79412997498,9f81ddd3e1ece099fb5400ba14ba18280c8818346149f168c5660056e4c18f56,75231,003026da8901a7a9fd55a2bbde9f3d8b269ea497930c92dfe05aa548c9c2f5d8,f039fd94ad46858b7b382b662d0dfa8be98ae6f0e4d70e0ff8cea2b52041efba,4eb0f7f0cea9cfb99297fb9782d86951fa55fe8dd39ec57d6f5561aab07cd42f,a94df0965c316c9421f55a8698292854420d8a42ffa59228f0e4a976e2f29ca7,c11314c3d10241bd1f7691647a8cbd41852390d7360ab68fca756d186c174a44,/tmp/buckeye_slicer_quiet_run_score_mu53wcra
s04,s0403b,current_A,71,13,0.18309859154929578,8,2,0,0.11267605633802817,0.028169014084507043,0.0,74,14,0.1891891891891892,9,3,0,0.12162162162162163,0.04054054054054054,0.0,247.76005400000017,147.90123600000015,0.5969535185845578,172.072,37,4.650594594594595,72ea8093df3fb11222b7291a784e2272246d6349ad6d5da63900e79412997498,7742f46ba78ed9fa88c087d5ec69553ce3988bd974cf12b77459f3fa28b99e2d,67202,18e83db2407026af35ca9002e1086b2e504bdc088187f68d93cde232dd79e9ca,ea62b5356ee08986eca7ff8e55d5e30342d5393df320707d9dee6d1788d0c5dc,3a4b00efc899419ce2c697823f1b4b3fefa026932160e9d3387b4a8a30535a51,6ead6efd6c0ea93298d65bbcab83b511ed2998c2518a3ad6699a5a0ece2dce97,01f22c3ef67bd7abfa8c3b2049be25b6d24741daec3a2c3b6b8ee17c65f847f9,/tmp/buckeye_slicer_current_A_kpu7d4zy
s04,s0403b,proper_D,74,14,0.1891891891891892,5,1,0,0.06756756756756757,0.013513513513513514,0.0,78,15,0.19230769230769232,5,1,0,0.0641025641025641,0.01282051282051282,0.0,247.76005400000017,152.20448600000012,0.6143221376598506,178.0,39,4.564102564102564,b35b56fbf50e01487bef7f59ef870fe839ea7b8d3f84afb9014d7c5503a3e4dc,7742f46ba78ed9fa88c087d5ec69553ce3988bd974cf12b77459f3fa28b99e2d,67202,1ea1648ca72afa5a25677c9cff573463283d17e484b1891b5013fba0e91d869e,67d6686e161fed2d92639ba1a7cc53bc1fcfdbca71aacba5f0d29e8baf7d168c,30b5f6f0dd1b5e833bd686034c457f23da4c61a22de65bc97ec30a73041c41a4,c935c8cc7ec1d9d64e793fcd7a824a28aeaed820725403bfb4184ead1a394975,2dbe1781700a29de891d4572eca63185471cac254235b6614524bd1eae1a31a1,/tmp/buckeye_slicer_proper_D_ow8espyr
s04,s0403b,min_quiet_run_64ms,67,10,0.14925373134328357,7,2,0,0.1044776119402985,0.029850746268656716,0.0,70,11,0.15714285714285714,8,3,0,0.11428571428571428,0.04285714285714286,0.0,247.76005400000017,140.07357300000015,0.5653597936332386,163.312,35,4.666057142857143,72ea8093df3fb11222b7291a784e2272246d6349ad6d5da63900e79412997498,147296b66139fb1e25f990a73fc8504c73dcc082cbd7ad0e1f082f2cacec28a9,67202,18e83db2407026af35ca9002e1086b2e504bdc088187f68d93cde232dd79e9ca,ea62b5356ee08986eca7ff8e55d5e30342d5393df320707d9dee6d1788d0c5dc,6d02c947ae48d3a88d4342c5baea808a97fb8067e9ad20f5167a12d516837123,7f200e61e47e711bac3e56e9b704ee935abd1faa1c407cdcf33539f178cd8f80,0689e296768a704520af21919c1ee5553515e0b105061f5dee50c32880dc2372,/tmp/buckeye_slicer_min_quiet_run_64ms_vlhnvch_
s04,s0403b,quiet_run_score,72,10,0.1388888888888889,6,1,0,0.08333333333333333,0.013888888888888888,0.0,76,11,0.14473684210526316,7,1,0,0.09210526315789473,0.013157894736842105,0.0,247.76005400000017,142.32079800000014,0.5744299603680263,164.44,38,4.327368421052632,72ea8093df3fb11222b7291a784e2272246d6349ad6d5da63900e79412997498,9f81ddd3e1ece099fb5400ba14ba18280c8818346149f168c5660056e4c18f56,67202,18e83db2407026af35ca9002e1086b2e504bdc088187f68d93cde232dd79e9ca,ea62b5356ee08986eca7ff8e55d5e30342d5393df320707d9dee6d1788d0c5dc,3a4b00efc899419ce2c697823f1b4b3fefa026932160e9d3387b4a8a30535a51,6a4ffaf12a0a6d733458c8240e6cd508de2191b15a36d1fcbe7ec3cf91f03524,41aa20ec00d4a638f2a296998c8370956242542451e2b4bb4061ff3d1ee334d7,/tmp/buckeye_slicer_quiet_run_score_o6rzalp4
s05,s0501a,current_A,66,4,0.06060606060606061,2,0,0,0.030303030303030304,0.0,0.0,68,4,0.058823529411764705,2,0,0,0.029411764705882353,0.0,0.0,249.91086399999998,150.28191399999994,0.6013420609037627,172.83999999999972,34,5.083529411764697,72ea8093df3fb11222b7291a784e2272246d6349ad6d5da63900e79412997498,7742f46ba78ed9fa88c087d5ec69553ce3988bd974cf12b77459f3fa28b99e2d,76716,af2ce64debdb09338d0c7d141047094c0a583c53c84db29267fefa246457a10e,5c412377da3dfe0ac4f7c3da8c85e2f0946f465fc9d7f250ffbec5a3468eea6e,a4eeed118fd44d51753d842cc9558fcd4ed3368828a6c54b55110db072f2a2fa,b123cce6a6d134ee4e6d9ed98d75b8ea59988ee20de09c665f3f6828a55403d9,e3ef52c20cef80d46472821f4db9a679113b49e65f250b06b6ee77d685964a25,/tmp/buckeye_slicer_current_A_n3axl1b0
s05,s0501a,proper_D,57,3,0.05263157894736842,2,1,0,0.03508771929824561,0.017543859649122806,0.0,58,3,0.05172413793103448,2,1,0,0.034482758620689655,0.017241379310344827,0.0,249.91086399999998,127.96057699999992,0.51202486739432,148.67999999999998,29,5.126896551724137,b35b56fbf50e01487bef7f59ef870fe839ea7b8d3f84afb9014d7c5503a3e4dc,7742f46ba78ed9fa88c087d5ec69553ce3988bd974cf12b77459f3fa28b99e2d,76716,7d682324af30cff8b0d28fecd7b88ec709e8067f216ca547bf5e2b4289a96acf,d59a9a1a63a54a3d7f2e74ec18ffcf24436465e26ebbcf8d06ca1c6778590dac,e169f6533392fa29aaa2172201a95ecbd30cef8bc9ea348f7181dfd589335023,f8dcafd3fe89e90a9c313cc3d761af595a897c4fc609878843809c30e2915a75,d48b45ac0a8825480327cb32a43e9212b1c13fbdf0275bd5ccea8a12c671d0e4,/tmp/buckeye_slicer_proper_D_5umyqrvd
s05,s0501a,min_quiet_run_64ms,62,3,0.04838709677419355,2,0,0,0.03225806451612903,0.0,0.0,64,3,0.046875,2,0,0,0.03125,0.0,0.0,249.91086399999998,141.41339,0.5658553123164746,162.98399999999967,32,5.09324999999999,72ea8093df3fb11222b7291a784e2272246d6349ad6d5da63900e79412997498,147296b66139fb1e25f990a73fc8504c73dcc082cbd7ad0e1f082f2cacec28a9,76716,af2ce64debdb09338d0c7d141047094c0a583c53c84db29267fefa246457a10e,5c412377da3dfe0ac4f7c3da8c85e2f0946f465fc9d7f250ffbec5a3468eea6e,9aead519599dc8d30b4ce82e0481869241136f759a5d81cd266aeb7e18003735,0c39b8f724a6e48a0ea8d55ee11a77e6d0950a449fbd2fac85fe7748a7725535,ad96b0b17ee5702bfcf0ae5565b4beec8e969cccf508e512edad6a0701114af8,/tmp/buckeye_slicer_min_quiet_run_64ms_k3ozp3fb
s05,s0501a,quiet_run_score,67,3,0.04477611940298507,2,0,0,0.029850746268656716,0.0,0.0,70,3,0.04285714285714286,2,0,0,0.02857142857142857,0.0,0.0,249.91086399999998,146.04684699999996,0.5843957507985726,166.43199999999973,35,4.755199999999992,72ea8093df3fb11222b7291a784e2272246d6349ad6d5da63900e79412997498,9f81ddd3e1ece099fb5400ba14ba18280c8818346149f168c5660056e4c18f56,76716,af2ce64debdb09338d0c7d141047094c0a583c53c84db29267fefa246457a10e,5c412377da3dfe0ac4f7c3da8c85e2f0946f465fc9d7f250ffbec5a3468eea6e,a4eeed118fd44d51753d842cc9558fcd4ed3368828a6c54b55110db072f2a2fa,e1ac9b957ef27f8b6f6a36182e058d26df1990a8b6aeda982777e5331529b41a,3fda18981f5b8137dae28579b0c9b58fa3b519673621ffe8f5bed16f5c627aca,/tmp/buckeye_slicer_quiet_run_score_ztg0rfev
s05,s0503a,current_A,68,4,0.058823529411764705,3,0,0,0.04411764705882353,0.0,0.0,68,4,0.058823529411764705,3,0,0,0.04411764705882353,0.0,0.0,226.58320099999995,127.03871599999995,0.5606713800463962,146.16799999999986,34,4.299058823529408,72ea8093df3fb11222b7291a784e2272246d6349ad6d5da63900e79412997498,7742f46ba78ed9fa88c087d5ec69553ce3988bd974cf12b77459f3fa28b99e2d,75075,e4c395f41a926cb7891b6c3440cef6848868037cc491ff3d434db4888520d1bd,778f4bf74a41f69aa413579547f51cde26ac16b79d639314e09db301b100670f,d465259730179749629749a74c6a83a5f9e5c92d6efc361e4a7de5100f0dc0b4,430c3073a5bb2d2e7abbcca814ce774bcd8e898c8cd4e7ae3761c2e9695f627d,4e6c4dc4c63340246827b1e39de1ec8b759330853f721c78cdcc4ded0ddf8886,/tmp/buckeye_slicer_current_A_zo6607un
s05,s0503a,proper_D,62,4,0.06451612903225806,3,1,0,0.04838709677419355,0.016129032258064516,0.0,62,4,0.06451612903225806,3,1,0,0.04838709677419355,0.016129032258064516,0.0,226.58320099999995,115.92293999999991,0.5116131270473133,133.52000000000004,31,4.30709677419355,b35b56fbf50e01487bef7f59ef870fe839ea7b8d3f84afb9014d7c5503a3e4dc,7742f46ba78ed9fa88c087d5ec69553ce3988bd974cf12b77459f3fa28b99e2d,75075,a2f6cc0d12e43172b2de227e90fcd9beb2c8fd417c82bfdc451aa3326b005706,3aa9c0bc88b3b17b2b1e2482d21c22075220a1118fdb38d6420cd9a32243eb9e,66adfbe79509ee8d2bd6ee70a856c96afcab49632e332ed8a97356b127e55b78,b08ff2a3ae57247b43219e0ffbceec6bbcf8abc525687aba8120fe39aa7f7272,dce5de05e0f280ecfdae0a75c18d5a82b3498d5a5adf3d70aadceca08e02bb17,/tmp/buckeye_slicer_proper_D_ywu87025
s05,s0503a,min_quiet_run_64ms,62,3,0.04838709677419355,2,0,0,0.03225806451612903,0.0,0.0,62,3,0.04838709677419355,2,0,0,0.03225806451612903,0.0,0.0,226.58320099999995,116.89404199999989,0.5158989787596827,133.83199999999985,31,4.317161290322576,72ea8093df3fb11222b7291a784e2272246d6349ad6d5da63900e79412997498,147296b66139fb1e25f990a73fc8504c73dcc082cbd7ad0e1f082f2cacec28a9,75075,e4c395f41a926cb7891b6c3440cef6848868037cc491ff3d434db4888520d1bd,778f4bf74a41f69aa413579547f51cde26ac16b79d639314e09db301b100670f,a6cab639c665ea0761b81e07eafd22e17285de5361d8fa920ae5e3eb135a9956,988a8a0b969b1a300379db24bd6999a63c7aac785b4d5428e5c30c6f75b16651,81b97071dbcc37c237a7a193ed26bb3cd176f7b2674042b87f72f96de82bccf5,/tmp/buckeye_slicer_min_quiet_run_64ms_g0mwojqz
s05,s0503a,quiet_run_score,68,5,0.07352941176470588,4,1,0,0.058823529411764705,0.014705882352941176,0.0,68,5,0.07352941176470588,4,1,0,0.058823529411764705,0.014705882352941176,0.0,226.58320099999995,119.51702499999996,0.5274752253146957,136.1119999999998,34,4.0032941176470525,72ea8093df3fb11222b7291a784e2272246d6349ad6d5da63900e79412997498,9f81ddd3e1ece099fb5400ba14ba18280c8818346149f168c5660056e4c18f56,75075,e4c395f41a926cb7891b6c3440cef6848868037cc491ff3d434db4888520d1bd,778f4bf74a41f69aa413579547f51cde26ac16b79d639314e09db301b100670f,d465259730179749629749a74c6a83a5f9e5c92d6efc361e4a7de5100f0dc0b4,f6b0b2b7e2a85e24e6706e84740831e608276e4af436eb452862c1cd82326a24,08ac749ec65c856c98a73fe200101ec29d24f46b91a6b607651b63e2116eaa2b,/tmp/buckeye_slicer_quiet_run_score_u46xun_4
s05,s0504a,current_A,23,1,0.043478260869565216,0,0,0,0.0,0.0,0.0,24,2,0.08333333333333333,0,0,0,0.0,0.0,0.0,73.6838530000001,48.67168100000001,0.6605474472134342,55.57600000000001,12,4.631333333333334,72ea8093df3fb11222b7291a784e2272246d6349ad6d5da63900e79412997498,7742f46ba78ed9fa88c087d5ec69553ce3988bd974cf12b77459f3fa28b99e2d,31116,5782a0bf177592041d9a4446231d9ec6d591d002f579457ba90ffe7693bd694b,7b112cadc28f70ecd1bbe847e85947eed7c227d564c6a69679a4f795748dca6f,2e3aee6991471173f3d7435a4c61415c292daff8b30c0116ff99d52f7d8e5497,e1e566ca4a67dfa688f8528306f296a609303f2a167c41e3f5bf501b54e1c8a3,ccb50283d9d10cded4f494d3bd511aef4489f32f1c09cbdeb51d24b659248fef,/tmp/buckeye_slicer_current_A_rk3nmuay
s05,s0504a,proper_D,19,0,0.0,0,0,0,0.0,0.0,0.0,20,0,0.0,0,0,0,0.0,0.0,0.0,73.6838530000001,41.67528800000001,0.5655959386380074,47.88799999999999,10,4.788799999999999,b35b56fbf50e01487bef7f59ef870fe839ea7b8d3f84afb9014d7c5503a3e4dc,7742f46ba78ed9fa88c087d5ec69553ce3988bd974cf12b77459f3fa28b99e2d,31116,baa785e8bd895c816c8a326864b4ee46a51653f8fddc4a5faeb377d78f177458,6bec10c65a09f577bc7927846abd8f61dba552e619b7b8b822bb03e84386fb25,81d6aba8ec9583c9bdd37b9922422717a0629f24a5afe2c7d499f95fd69c2f88,03b910d63c744f0760ead885a58d53277348745f19e93eaf1d503287c7cc9d88,e0ee6f13a539ab26b01b94bd7247d73f595063c0bba04b4cd1202b4356c54d19,/tmp/buckeye_slicer_proper_D_m5xyuzbp
s05,s0504a,min_quiet_run_64ms,23,2,0.08695652173913043,1,0,0,0.043478260869565216,0.0,0.0,24,3,0.125,1,0,0,0.041666666666666664,0.0,0.0,73.6838530000001,47.862606000000014,0.6495670903637456,54.640000000000015,12,4.553333333333335,72ea8093df3fb11222b7291a784e2272246d6349ad6d5da63900e79412997498,147296b66139fb1e25f990a73fc8504c73dcc082cbd7ad0e1f082f2cacec28a9,31116,5782a0bf177592041d9a4446231d9ec6d591d002f579457ba90ffe7693bd694b,7b112cadc28f70ecd1bbe847e85947eed7c227d564c6a69679a4f795748dca6f,5ecc11165e8ad6ebaebde480117f63ea08a10dc39d2ed3ee1dffa7b7fcc4dcff,d5fa4af4d9263f175c8c0db9a9f76bc3a92319c18fb2fb15df90f98561b49d86,5aa7055b206eb626415f954ac3a49768e518fe64d1f7da4659383c0e031db697,/tmp/buckeye_slicer_min_quiet_run_64ms_diai68my
s05,s0504a,quiet_run_score,23,1,0.043478260869565216,0,0,0,0.0,0.0,0.0,24,2,0.08333333333333333,0,0,0,0.0,0.0,0.0,73.6838530000001,45.14660100000003,0.6127068436554203,50.983999999999995,12,4.248666666666666,72ea8093df3fb11222b7291a784e2272246d6349ad6d5da63900e79412997498,9f81ddd3e1ece099fb5400ba14ba18280c8818346149f168c5660056e4c18f56,31116,5782a0bf177592041d9a4446231d9ec6d591d002f579457ba90ffe7693bd694b,7b112cadc28f70ecd1bbe847e85947eed7c227d564c6a69679a4f795748dca6f,2e3aee6991471173f3d7435a4c61415c292daff8b30c0116ff99d52f7d8e5497,34fd15f8ddeeb7f63dd7f22e5212f3febf8fd56296e07facacb891afa11612d7,1c587c877c13ac91cc4745bd15f386387d15c1a0603079056ab365c4228931f8,/tmp/buckeye_slicer_quiet_run_score_9o8capux
s06,s0601a,current_A,84,17,0.20238095238095238,8,1,0,0.09523809523809523,0.011904761904761904,0.0,84,17,0.20238095238095238,8,1,0,0.09523809523809523,0.011904761904761904,0.0,245.50644200000008,175.6110109999996,0.7153010306751932,189.3439999999997,42,4.508190476190469,72ea8093df3fb11222b7291a784e2272246d6349ad6d5da63900e79412997498,7742f46ba78ed9fa88c087d5ec69553ce3988bd974cf12b77459f3fa28b99e2d,75124,023d3a80d5ecc488edbaebe60c3d9ba24044951d0425960285743c3ae27e8c2d,a18bc7ea177f69356e16aaf971a8801e9a6fa9a052e2821a8db7fbf638abbe31,3b307fb90a06c2859463ea6b8cb88b5b928c86620ac0b0664b6e094a6bb0665e,75b128fc69a82cc3e01e00aac6b29d41637e63a464dbb8b52de1d111541a3677,3e8715a17cb41d0e47750d0e6d5d5793ef45e6dad65d86ef590db54578311a7b,/tmp/buckeye_slicer_current_A_ke7syzr9
s06,s0601a,proper_D,74,13,0.17567567567567569,6,0,0,0.08108108108108109,0.0,0.0,74,13,0.17567567567567569,6,0,0,0.08108108108108109,0.0,0.0,245.50644200000008,155.95967599999994,0.6352569599782636,169.1920000000003,37,4.572756756756765,b35b56fbf50e01487bef7f59ef870fe839ea7b8d3f84afb9014d7c5503a3e4dc,7742f46ba78ed9fa88c087d5ec69553ce3988bd974cf12b77459f3fa28b99e2d,75124,147ffaaad4fe4cd904772cba074c98cd95e4b5cd37685941c89879f3b86110a3,31b39f55ba00bdbba6e37a2c9c0f4aef52596b9dc93005ed7963118e03f55e66,688c46ef1e7c0911172fb21b7e60e229ca211ac50229fb2849030d129a168a9a,e03b7ce3cb9d08476d7fc6258dbdafdda9d11c18f3525c2eb0360d1747e0b67a,1dadcabbad545c3f15573b000f343861f037e920833ad0e4c7e1d37e56786961,/tmp/buckeye_slicer_proper_D_jbdk5ah0
s06,s0601a,min_quiet_run_64ms,84,16,0.19047619047619047,8,1,0,0.09523809523809523,0.011904761904761904,0.0,84,16,0.19047619047619047,8,1,0,0.09523809523809523,0.011904761904761904,0.0,245.50644200000008,174.89997299999968,0.7124048215402821,188.4159999999997,42,4.486095238095231,72ea8093df3fb11222b7291a784e2272246d6349ad6d5da63900e79412997498,147296b66139fb1e25f990a73fc8504c73dcc082cbd7ad0e1f082f2cacec28a9,75124,023d3a80d5ecc488edbaebe60c3d9ba24044951d0425960285743c3ae27e8c2d,a18bc7ea177f69356e16aaf971a8801e9a6fa9a052e2821a8db7fbf638abbe31,3765b98555dd12a5e1d56e5db84b2391e9dd90473c9bca50065a38d496d7c1f6,f45670ac6bd8ba4e53bca6d75f296ec9057b2902a043f342ae46e5c93b172851,e1775356de963b0e4bf8503d09cf24936a4317f82df0a79a5466c3f5d7085958,/tmp/buckeye_slicer_min_quiet_run_64ms_ocezhq6i
s06,s0601a,quiet_run_score,84,18,0.21428571428571427,9,1,0,0.10714285714285714,0.011904761904761904,0.0,84,18,0.21428571428571427,9,1,0,0.10714285714285714,0.011904761904761904,0.0,245.50644200000008,173.0658669999996,0.7049341173703276,185.39199999999974,42,4.414095238095232,72ea8093df3fb11222b7291a784e2272246d6349ad6d5da63900e79412997498,9f81ddd3e1ece099fb5400ba14ba18280c8818346149f168c5660056e4c18f56,75124,023d3a80d5ecc488edbaebe60c3d9ba24044951d0425960285743c3ae27e8c2d,a18bc7ea177f69356e16aaf971a8801e9a6fa9a052e2821a8db7fbf638abbe31,3b307fb90a06c2859463ea6b8cb88b5b928c86620ac0b0664b6e094a6bb0665e,a731b5f6627a223aeda6747c4be931746519d7e57f3a6de5d17dacb35c2fb289,4da70580f350f3eece1e673887bcdbc944d78c01ca3ff5cdcdc34e7f42851373,/tmp/buckeye_slicer_quiet_run_score_8zqssjv4
s06,s0602a,current_A,84,16,0.19047619047619047,9,4,0,0.10714285714285714,0.047619047619047616,0.0,84,16,0.19047619047619047,9,4,0,0.10714285714285714,0.047619047619047616,0.0,258.45341200000007,178.65152899999998,0.6912330064344437,190.07999999999987,42,4.525714285714282,72ea8093df3fb11222b7291a784e2272246d6349ad6d5da63900e79412997498,7742f46ba78ed9fa88c087d5ec69553ce3988bd974cf12b77459f3fa28b99e2d,76098,ab7f54c779e419f757c17822597025f62a3e8dedd722045b495a1d208d666541,edeca8336e7149dca45f3087869dbf8f59b5a210d2d8cd6d9dbcadbf39ead91d,aa6c0e18004cd6ee543ad8080b5c448b59ec28849142651678351d781a518092,9b3d73fb79d6f2c13aafaaa6abd9987dd1e6d54bc1e2f85095255fa3f7d49ca2,0ac0a3d5552d8ede8561964eda86cd1e671546aee9f6b86f56e07e47e0d2e4e6,/tmp/buckeye_slicer_current_A_julsmpqm
s06,s0602a,proper_D,80,14,0.175,7,1,0,0.0875,0.0125,0.0,80,14,0.175,7,1,0,0.0875,0.0125,0.0,258.45341200000007,173.46661800000007,0.6711717081142655,184.5039999999999,40,4.612599999999998,b35b56fbf50e01487bef7f59ef870fe839ea7b8d3f84afb9014d7c5503a3e4dc,7742f46ba78ed9fa88c087d5ec69553ce3988bd974cf12b77459f3fa28b99e2d,76098,1b9e446f1b6136e2ce89636656a32a8a86ad8fa21f560a2012478e13f042c066,e5ef482fd2e64523fe87c98a47765c48f3fc9b3556d34ef374683fa6a2f0eefd,3483830a1ff3235d12492e2c6a6fe6c3c52b547c5b5d7bdadb54fffdbe39939d,6c3dd5a68651038cef71f0b1d29b7d96850be6a281d47287b04ed8cad01dd5e3,8e7033ba7da80688731a44253512a45a9dea47c9c9e7c7731f620329af026fec,/tmp/buckeye_slicer_proper_D_qpmmrem8
s06,s0602a,min_quiet_run_64ms,68,10,0.14705882352941177,6,3,0,0.08823529411764706,0.04411764705882353,0.0,68,10,0.14705882352941177,6,3,0,0.08823529411764706,0.04411764705882353,0.0,258.45341200000007,149.90299700000008,0.5800000697998139,158.56799999999998,34,4.663764705882352,72ea8093df3fb11222b7291a784e2272246d6349ad6d5da63900e79412997498,147296b66139fb1e25f990a73fc8504c73dcc082cbd7ad0e1f082f2cacec28a9,76098,ab7f54c779e419f757c17822597025f62a3e8dedd722045b495a1d208d666541,edeca8336e7149dca45f3087869dbf8f59b5a210d2d8cd6d9dbcadbf39ead91d,e06a305e4bccfcce2b59d7dd11f9c6a09e674ff14179866d67cca80d27deccab,47ad6492e4d2b6a9ccf63b44cfe3a1411694ae22eca9833a0409f159af3901a3,e534e798b380194a54e720dcc209f110a43a79088e2845833d4ac3f6040eed09,/tmp/buckeye_slicer_min_quiet_run_64ms_qpfg7gqa
s06,s0602a,quiet_run_score,84,18,0.21428571428571427,12,7,2,0.14285714285714285,0.08333333333333333,0.023809523809523808,84,18,0.21428571428571427,12,7,2,0.14285714285714285,0.08333333333333333,0.023809523809523808,258.45341200000007,174.81509800000003,0.6763892054944122,185.49599999999995,42,4.4165714285714275,72ea8093df3fb11222b7291a784e2272246d6349ad6d5da63900e79412997498,9f81ddd3e1ece099fb5400ba14ba18280c8818346149f168c5660056e4c18f56,76098,ab7f54c779e419f757c17822597025f62a3e8dedd722045b495a1d208d666541,edeca8336e7149dca45f3087869dbf8f59b5a210d2d8cd6d9dbcadbf39ead91d,aa6c0e18004cd6ee543ad8080b5c448b59ec28849142651678351d781a518092,6f5a7c1f26a709877d9da6d8739e7fdaff7166c19a6766e913c63148c3ac6e08,dff913f1fca9cf5b66000e719db8dd01ed110444e4057f881564d0f21550e3b6,/tmp/buckeye_slicer_quiet_run_score_7rwcc8qq
s06,s0602b,current_A,78,4,0.05128205128205128,3,1,0,0.038461538461538464,0.01282051282051282,0.0,78,4,0.05128205128205128,3,1,0,0.038461538461538464,0.01282051282051282,0.0,244.09602899999965,150.3194569999999,0.6158209849452327,171.26399999999984,39,4.391384615384611,72ea8093df3fb11222b7291a784e2272246d6349ad6d5da63900e79412997498,7742f46ba78ed9fa88c087d5ec69553ce3988bd974cf12b77459f3fa28b99e2d,70362,60b74d0c5dc9574f7d1a583607efc2aa68432c15b6f95177ce8c019b2c37c825,06f0854765cd64f7c95d71a06784d985660f6814c12619ae6f177b3397af6863,50a5994e3d6f48ccaf396cc77f9417c77db4cb57a19eb394437048c00a946de3,083616b64a563269bb7963a2238dac10c03f5ca3f30ae08d178ce8f393050d70,ff55f5fbe148d4264965f79da1bf88ecaa3200ddabccc878bf688fd56265e40a,/tmp/buckeye_slicer_current_A_x4s6t0ji
s06,s0602b,proper_D,74,2,0.02702702702702703,2,1,0,0.02702702702702703,0.013513513513513514,0.0,74,2,0.02702702702702703,2,1,0,0.02702702702702703,0.013513513513513514,0.0,244.09602899999965,140.25838399999992,0.5746033009000737,160.06399999999982,37,4.326054054054049,b35b56fbf50e01487bef7f59ef870fe839ea7b8d3f84afb9014d7c5503a3e4dc,7742f46ba78ed9fa88c087d5ec69553ce3988bd974cf12b77459f3fa28b99e2d,70362,c13f8eb030f5d1b481155b4d070299261f19d08d05303c960a8cfa98f37c7b01,0fd3067d5704cb132d4b8a37f68952ee31ae8bb8b1f6ffd429706ef9e1729dff,772a57ab65d555bde499782c8198f5a63033276ded2799046db3cd3083c19a72,c5d46f371220aa2d6f6c52994490af72cf53213a4f76e92af767d3f84ea67158,0c4923ba490c32112e8d77743c05b16f1fbd38144a89372f99c3dc7c00a62d5c,/tmp/buckeye_slicer_proper_D_m_gdswyv
s06,s0602b,min_quiet_run_64ms,76,3,0.039473684210526314,2,1,0,0.02631578947368421,0.013157894736842105,0.0,76,3,0.039473684210526314,2,1,0,0.02631578947368421,0.013157894736842105,0.0,244.09602899999965,143.39335699999995,0.5874464963131382,161.6159999999999,38,4.253052631578945,72ea8093df3fb11222b7291a784e2272246d6349ad6d5da63900e79412997498,147296b66139fb1e25f990a73fc8504c73dcc082cbd7ad0e1f082f2cacec28a9,70362,60b74d0c5dc9574f7d1a583607efc2aa68432c15b6f95177ce8c019b2c37c825,06f0854765cd64f7c95d71a06784d985660f6814c12619ae6f177b3397af6863,6db280f907e346f595f8e3e6aa172a8f637b6f324d04c2c3e530c3b6ef0fae46,3a5ba2cb36898ec177c4d2c0c7bbd2ff66778aa0e9271d101049c7e605e0641a,eef0b65530cd89cd157b6dbba5cf04648049cb37f18a438c0b149589739eac7a,/tmp/buckeye_slicer_min_quiet_run_64ms_7ozf_f16
s06,s0602b,quiet_run_score,78,3,0.038461538461538464,2,1,0,0.02564102564102564,0.01282051282051282,0.0,78,3,0.038461538461538464,2,1,0,0.02564102564102564,0.01282051282051282,0.0,244.09602899999965,146.89473000000007,0.6017907403155677,166.11199999999982,39,4.259282051282047,72ea8093df3fb11222b7291a784e2272246d6349ad6d5da63900e79412997498,9f81ddd3e1ece099fb5400ba14ba18280c8818346149f168c5660056e4c18f56,70362,60b74d0c5dc9574f7d1a583607efc2aa68432c15b6f95177ce8c019b2c37c825,06f0854765cd64f7c95d71a06784d985660f6814c12619ae6f177b3397af6863,50a5994e3d6f48ccaf396cc77f9417c77db4cb57a19eb394437048c00a946de3,747c33ee7d44d5655a73cffe3a4cf78a068342f4d6a65131924d4bd8016d8eda,0b34fb2bb42afa69ad68277c6fdb82a2a4854ac344e89c5509ed3ca9074fdbcf,/tmp/buckeye_slicer_quiet_run_score_klwzk_kf
s06,s0603a,current_A,8,0,0.0,0,0,0,0.0,0.0,0.0,8,0,0.0,0,0,0,0.0,0.0,0.0,31.913417000000013,17.986055000000004,0.5635891324329199,20.89599999999999,4,5.2239999999999975,72ea8093df3fb11222b7291a784e2272246d6349ad6d5da63900e79412997498,7742f46ba78ed9fa88c087d5ec69553ce3988bd974cf12b77459f3fa28b99e2d,10134,a200c3455ec4f6aff688ad056700dd1853b541b0fe501fb0a905e4c8c991ceb0,52a4239fe025e9de54d9000bee6897774122c5d835b5ddd22c0044ae66949ab0,2830a5ea026e4b3ea232d9bf413349a639f42f79bf0ff7d97493c11cd4ed3ba1,933bb9f053def358e18fd263a6f279ba2f21ad3cbc5691ae14a12b7438fea0f2,04aa5acff6ff3ef70511da2492ff627b870f3efb35ad866c531b583ba1d52c5b,/tmp/buckeye_slicer_current_A_fnbshaxv
s06,s0603a,proper_D,8,0,0.0,0,0,0,0.0,0.0,0.0,8,0,0.0,0,0,0,0.0,0.0,0.0,31.913417000000013,17.986055000000004,0.5635891324329199,20.975999999999992,4,5.243999999999998,b35b56fbf50e01487bef7f59ef870fe839ea7b8d3f84afb9014d7c5503a3e4dc,7742f46ba78ed9fa88c087d5ec69553ce3988bd974cf12b77459f3fa28b99e2d,10134,cfb83c9c9c72a77d6ab85d8f70d5789447131040c7827dd4c54af86179e1ce93,13c0a41b2aff4128c3a31afee77ca9bca4b59674dfc0b2e14ae9452c8dbda29f,4243a07487bfc1830d7e692c87b5110aa726699dc5630e6e14fbfd0b4f64b637,9f87f4ef9a32385f912c27db2731600be19b7d5d323f57a88feed90f11f66e20,5a244e637f2418300b3c12ae1b2e0a5ad4ea023f79b7c636960c6e7ce6d3d2bc,/tmp/buckeye_slicer_proper_D_7a8be1mo
s06,s0603a,min_quiet_run_64ms,8,0,0.0,0,0,0,0.0,0.0,0.0,8,0,0.0,0,0,0,0.0,0.0,0.0,31.913417000000013,17.986055000000004,0.5635891324329199,20.89599999999999,4,5.2239999999999975,72ea8093df3fb11222b7291a784e2272246d6349ad6d5da63900e79412997498,147296b66139fb1e25f990a73fc8504c73dcc082cbd7ad0e1f082f2cacec28a9,10134,a200c3455ec4f6aff688ad056700dd1853b541b0fe501fb0a905e4c8c991ceb0,52a4239fe025e9de54d9000bee6897774122c5d835b5ddd22c0044ae66949ab0,df334a2163cdcb337cc856dd9d1ce6e3c3c9bdc1531448aa388e9697d25dcca8,933bb9f053def358e18fd263a6f279ba2f21ad3cbc5691ae14a12b7438fea0f2,04aa5acff6ff3ef70511da2492ff627b870f3efb35ad866c531b583ba1d52c5b,/tmp/buckeye_slicer_min_quiet_run_64ms_0do6bko1
s06,s0603a,quiet_run_score,8,0,0.0,0,0,0,0.0,0.0,0.0,8,0,0.0,0,0,0,0.0,0.0,0.0,31.913417000000013,17.422957,0.5459445787331388,20.087999999999997,4,5.021999999999999,72ea8093df3fb11222b7291a784e2272246d6349ad6d5da63900e79412997498,9f81ddd3e1ece099fb5400ba14ba18280c8818346149f168c5660056e4c18f56,10134,a200c3455ec4f6aff688ad056700dd1853b541b0fe501fb0a905e4c8c991ceb0,52a4239fe025e9de54d9000bee6897774122c5d835b5ddd22c0044ae66949ab0,2830a5ea026e4b3ea232d9bf413349a639f42f79bf0ff7d97493c11cd4ed3ba1,11b7bb70eb6561a9d1e6e0afa0851512c5c91808b656c6f894de928d36527488,c222060db181516a17bd8b3d54156669900031debc0ab1893a1d41a74f02e0fb,/tmp/buckeye_slicer_quiet_run_score_io3ojwbd
s07,s0701a,current_A,99,17,0.1717171717171717,5,2,0,0.050505050505050504,0.020202020202020204,0.0,114,20,0.17543859649122806,7,4,0,0.06140350877192982,0.03508771929824561,0.0,378.3523960000005,295.12341100000015,0.780022577153178,333.77599999999984,57,5.855719298245611,72ea8093df3fb11222b7291a784e2272246d6349ad6d5da63900e79412997498,7742f46ba78ed9fa88c087d5ec69553ce3988bd974cf12b77459f3fa28b99e2d,75058,5d09b802edaab2ba39231e4baf813d997a22727b1c043bac95da8cd2e220778b,0dc27595f84c5bcca29c0f9e50f0f0071bce4ad62e42839459726962c68925bb,ba7c571c0eac60f24990675a886cefb5a3ce04b930be13bcda3ad764156e1441,9a5885db68f74c0294193d13aac90f3a866d82ba6cd2227e6f9321e27f7b6605,94239af4a6fe89a6917a12e3b59379cc833d0ad50b0c5bcdffe2677d6cf97f9b,/tmp/buckeye_slicer_current_A_jyv7k4kp
s07,s0701a,proper_D,88,12,0.13636363636363635,5,2,0,0.056818181818181816,0.022727272727272728,0.0,100,15,0.15,7,3,0,0.07,0.03,0.0,378.3523960000005,265.77720900000014,0.7024594314978245,301.4799999999999,50,6.0295999999999985,b35b56fbf50e01487bef7f59ef870fe839ea7b8d3f84afb9014d7c5503a3e4dc,7742f46ba78ed9fa88c087d5ec69553ce3988bd974cf12b77459f3fa28b99e2d,75058,0ecc6cb7d8f606e46b3c5b318f82924a5bdf4abd3e55db3373ef99e54cba57b6,5e82f47be750574b7cb5056af2db4e618cd82d0678118387d6a59ed95b0acdd0,d9c1abb75512d04b9feb2e570c3bc24fd1fb297fc4c171573736a67536132d88,d8c172303fac75b69e009bb904dc94bd108234197b5b6ba42becef0f1a8c373f,a584f0ddf40c2450f6fa28b8ebc6d08270b36e703c1ecbd1657450b7e7b3dc3a,/tmp/buckeye_slicer_proper_D_73i4zdkr
s07,s0701a,min_quiet_run_64ms,96,14,0.14583333333333334,4,1,0,0.041666666666666664,0.010416666666666666,0.0,110,15,0.13636363636363635,4,1,0,0.03636363636363636,0.00909090909090909,0.0,378.3523960000005,285.5540470000001,0.7547303783956999,323.2399999999999,55,5.877090909090907,72ea8093df3fb11222b7291a784e2272246d6349ad6d5da63900e79412997498,147296b66139fb1e25f990a73fc8504c73dcc082cbd7ad0e1f082f2cacec28a9,75058,5d09b802edaab2ba39231e4baf813d997a22727b1c043bac95da8cd2e220778b,0dc27595f84c5bcca29c0f9e50f0f0071bce4ad62e42839459726962c68925bb,7a0c962d203d833e6d9a70d05c0b318b26c7a6f3eb82777f8dda5f9a343600ea,70b8f3167fc6241cb8fcf91172a0a3c9cbf05cdd05b818fff9934beb63b4cfe5,b05a85078f03e5a8cb49a94b920023c03a67ca71e7299cde186a9ae00d04a5fe,/tmp/buckeye_slicer_min_quiet_run_64ms_n8oh39h4
s07,s0701a,quiet_run_score,101,15,0.1485148514851485,7,3,0,0.06930693069306931,0.0297029702970297,0.0,116,18,0.15517241379310345,9,5,0,0.07758620689655173,0.04310344827586207,0.0,378.3523960000005,286.45270000000005,0.7571055529935105,321.86399999999975,58,5.549379310344824,72ea8093df3fb11222b7291a784e2272246d6349ad6d5da63900e79412997498,9f81ddd3e1ece099fb5400ba14ba18280c8818346149f168c5660056e4c18f56,75058,5d09b802edaab2ba39231e4baf813d997a22727b1c043bac95da8cd2e220778b,0dc27595f84c5bcca29c0f9e50f0f0071bce4ad62e42839459726962c68925bb,ba7c571c0eac60f24990675a886cefb5a3ce04b930be13bcda3ad764156e1441,09782fca297f1ce5f82f82d3118a727161c93e9b7b7ac5a7cb22a8be7bc5e978,4769fe3e3d3d047e2103bcaef48515764c80af5c4c2825cb73cf9516e58741da,/tmp/buckeye_slicer_quiet_run_score_x6dff3a5
s07,s0701b,current_A,89,7,0.07865168539325842,1,1,0,0.011235955056179775,0.011235955056179775,0.0,106,11,0.10377358490566038,2,2,0,0.018867924528301886,0.018867924528301886,0.0,342.0425969999997,285.1317729999999,0.8336148055851655,327.0160000000001,53,6.170113207547171,72ea8093df3fb11222b7291a784e2272246d6349ad6d5da63900e79412997498,7742f46ba78ed9fa88c087d5ec69553ce3988bd974cf12b77459f3fa28b99e2d,74799,6cd1fd1289be811a52482dace06904e5fcf40428383000b43a5f336cc17031e6,3fa76d949486f1781650d97000de60000946727dcc0b0d605e868ac6a3841ad5,d6091aadd1e844c7b59567ad6e92012eeda47c56bd6c61c58168d4aa72e91d5a,1520b0b09f90d246e2b3ef49f73ae7eb288b4ddeaad64ecadb85f853a202a151,e0ac8c5679d28a85e057bdb1d1236c5dffe22d16c7ab59e1d85293da5b5bcd27,/tmp/buckeye_slicer_current_A_6fmy4qo7
s07,s0701b,proper_D,83,3,0.03614457831325301,3,1,0,0.03614457831325301,0.012048192771084338,0.0,94,4,0.0425531914893617,4,2,0,0.0425531914893617,0.02127659574468085,0.0,342.0425969999997,269.1668969999999,0.7869396951163955,306.7359999999996,47,6.526297872340417,b35b56fbf50e01487bef7f59ef870fe839ea7b8d3f84afb9014d7c5503a3e4dc,7742f46ba78ed9fa88c087d5ec69553ce3988bd974cf12b77459f3fa28b99e2d,74799,5d682e66eb73b4bda4f9075846b7fe2e20acc10c6197fd1af65554160979d62e,f518e8a85c8c28b1b0367ba0b4a7a18f5edd78064c5bc7de443542130df97003,f4dce0beec171091f92d32d73794ca427b2c5ff886e63ea65389dccd87e542a3,20b6ec27c02b03bda85ee2cb49e7cccd51c412bf8175ec1387a7827337e2ef1b,36aa12d15efd19942a80e7b9f423697988aa89eeee3edce232218dad2fc9697f,/tmp/buckeye_slicer_proper_D_31bd2yac
s07,s0701b,min_quiet_run_64ms,87,6,0.06896551724137931,0,0,0,0.0,0.0,0.0,104,9,0.08653846153846154,0,0,0,0.0,0.0,0.0,342.0425969999997,282.74512699999985,0.8266371775910709,323.82400000000007,52,6.227384615384617,72ea8093df3fb11222b7291a784e2272246d6349ad6d5da63900e79412997498,147296b66139fb1e25f990a73fc8504c73dcc082cbd7ad0e1f082f2cacec28a9,74799,6cd1fd1289be811a52482dace06904e5fcf40428383000b43a5f336cc17031e6,3fa76d949486f1781650d97000de60000946727dcc0b0d605e868ac6a3841ad5,8686ccb8d71adcddaa273e29c4bc3eb5c8a1d42a4b530cf3765b5fe4e200ca36,be39c2d454fea459991050fb2d9c02888f7e763264e710c464df9ea40ec643b7,b59dbad8cd32b2b0da938e2e8cb39ccb8e3e88a9b0b67b2f086e42f1a6705265,/tmp/buckeye_slicer_min_quiet_run_64ms_q_0mxk32
s07,s0701b,quiet_run_score,92,9,0.09782608695652174,2,2,1,0.021739130434782608,0.021739130434782608,0.010869565217391304,114,15,0.13157894736842105,4,4,2,0.03508771929824561,0.03508771929824561,0.017543859649122806,342.0425969999997,284.3281409999999,0.8312652970530455,325.04800000000006,57,5.702596491228071,72ea8093df3fb11222b7291a784e2272246d6349ad6d5da63900e79412997498,9f81ddd3e1ece099fb5400ba14ba18280c8818346149f168c5660056e4c18f56,74799,6cd1fd1289be811a52482dace06904e5fcf40428383000b43a5f336cc17031e6,3fa76d949486f1781650d97000de60000946727dcc0b0d605e868ac6a3841ad5,d6091aadd1e844c7b59567ad6e92012eeda47c56bd6c61c58168d4aa72e91d5a,2ee99fe07512a58277670e9699efce9d6cae500bcd679dfe855d4054505e9a03,402ac2ecfe70daafcdeb128b4e735df0140c9a155ed87ba137b6cfbced1e6375,/tmp/buckeye_slicer_quiet_run_score__aa51_4x
s07,s0702a,current_A,103,17,0.1650485436893204,14,4,1,0.13592233009708737,0.038834951456310676,0.009708737864077669,126,21,0.16666666666666666,18,7,2,0.14285714285714285,0.05555555555555555,0.015873015873015872,397.1939759999996,337.24338399999993,0.8490646998130713,380.152,63,6.03415873015873,72ea8093df3fb11222b7291a784e2272246d6349ad6d5da63900e79412997498,7742f46ba78ed9fa88c087d5ec69553ce3988bd974cf12b77459f3fa28b99e2d,72579,4416c91ac4dd249794723e7cf409bc636421da2b7adeaa0643e8e09f35f3df3e,36c279b1324bb0081a4882a012607a276e100129bdb192558a301c3ffb6c75e3,e6e58508682dc00cfc713d3fa82e8a2007eeaa89e28045dd3503e4bebb2de64b,e7f2ddf503a9ff8b4b833737e9e698fc34af425aacd68829454a26c3e45f5b73,808717d5ec9c22b8dc8c9080c3df41f8d0ceb910849ea52908f31c05136b799e,/tmp/buckeye_slicer_current_A_joye91v7
s07,s0702a,proper_D,93,13,0.13978494623655913,9,5,1,0.0967741935483871,0.053763440860215055,0.010752688172043012,108,16,0.14814814814814814,11,7,2,0.10185185185185185,0.06481481481481481,0.018518518518518517,397.1939759999996,306.07561699999997,0.77059481133722,345.49600000000004,54,6.398074074074075,b35b56fbf50e01487bef7f59ef870fe839ea7b8d3f84afb9014d7c5503a3e4dc,7742f46ba78ed9fa88c087d5ec69553ce3988bd974cf12b77459f3fa28b99e2d,72579,9658dfa8f249108f8edca840c8ee9c477877a166b3c57ba11849074fd6856abc,415a9baa5e7f7fb4f5202bca88adba3208ba12521e87dbbd8911e8313306d709,d269b4a883167938506015762d13682e7e54a330c03dcfcf130e8791cd6354e7,0adc758b250ba03a45e86f8e5bf87d2a860b79dcae8a61dcf73f611d281a8267,d5c1105dabe71a4991f1312dcfb9a01db61e7ac999011f95688e515778d3cb6e,/tmp/buckeye_slicer_proper_D_5ybzu34w
s07,s0702a,min_quiet_run_64ms,101,14,0.13861386138613863,12,5,1,0.1188118811881188,0.04950495049504951,0.009900990099009901,124,19,0.1532258064516129,17,9,2,0.13709677419354838,0.07258064516129033,0.016129032258064516,397.1939759999996,329.6129349999999,0.829853811780872,371.312,62,5.988903225806451,72ea8093df3fb11222b7291a784e2272246d6349ad6d5da63900e79412997498,147296b66139fb1e25f990a73fc8504c73dcc082cbd7ad0e1f082f2cacec28a9,72579,4416c91ac4dd249794723e7cf409bc636421da2b7adeaa0643e8e09f35f3df3e,36c279b1324bb0081a4882a012607a276e100129bdb192558a301c3ffb6c75e3,99b5bd1a7524608f225143e717bff96cd43d10b895988f1cc26bebf99c8dd31b,a244dd25bc5b6a73d6cb07f9053149113bc0e805ab4be4e507fef3ee71c64f2b,841c4061d8886484b1248f56f44554fcf261ee46ec6c064273202bca1b10831c,/tmp/buckeye_slicer_min_quiet_run_64ms___o3ckid
s07,s0702a,quiet_run_score,107,14,0.1308411214953271,11,2,0,0.102803738317757,0.018691588785046728,0.0,134,18,0.13432835820895522,15,4,0,0.11194029850746269,0.029850746268656716,0.0,397.1939759999996,341.37116999999995,0.8594570678987343,385.24800000000005,67,5.749970149253732,72ea8093df3fb11222b7291a784e2272246d6349ad6d5da63900e79412997498,9f81ddd3e1ece099fb5400ba14ba18280c8818346149f168c5660056e4c18f56,72579,4416c91ac4dd249794723e7cf409bc636421da2b7adeaa0643e8e09f35f3df3e,36c279b1324bb0081a4882a012607a276e100129bdb192558a301c3ffb6c75e3,e6e58508682dc00cfc713d3fa82e8a2007eeaa89e28045dd3503e4bebb2de64b,4913e0b558ad820bf85e1927635fdf9fa8861da73f31fe23a6c6928ca634d4ec,7050b3ae706f9a6b2f54ad056dc89ca13d664984de542734a704323f075ed4de,/tmp/buckeye_slicer_quiet_run_score_joj9y8ct
s07,s0702b,current_A,97,6,0.061855670103092786,3,0,0,0.030927835051546393,0.0,0.0,116,6,0.05172413793103448,3,0,0,0.02586206896551724,0.0,0.0,356.5397469999999,312.7968840000001,0.8773128006959633,355.6960000000001,58,6.132689655172415,72ea8093df3fb11222b7291a784e2272246d6349ad6d5da63900e79412997498,7742f46ba78ed9fa88c087d5ec69553ce3988bd974cf12b77459f3fa28b99e2d,73487,aba78e1734eeeb58161ba231aff12cc98f42a3a7f72b2900292774d9ad941d01,8ba293c7d2e19c5e8529bd7b69d34e3407c08e32bca0fe5c89f6f520bb95982f,5c06638841550774073d80130fd78f4c0f60d5490c4c06dc7ddf22ba119026c2,8a868b7724c302c7b790bb3201cb7fb38c7434886e43a3fdec9cbde3e96d4062,68aef2f672704b6d052d85e8533bfe48bad1c92cff80006e41693bfdbe4e8801,/tmp/buckeye_slicer_current_A_7z9hfvt8
s07,s0702b,proper_D,89,8,0.0898876404494382,3,0,0,0.033707865168539325,0.0,0.0,104,11,0.10576923076923077,4,0,0,0.038461538461538464,0.0,0.0,356.5397469999999,281.37669900000014,0.7891874647008156,319.0159999999997,52,6.134923076923071,b35b56fbf50e01487bef7f59ef870fe839ea7b8d3f84afb9014d7c5503a3e4dc,7742f46ba78ed9fa88c087d5ec69553ce3988bd974cf12b77459f3fa28b99e2d,73487,e38d8e22c163eef7a53e2c473878dc8945381eac6d9956ad75149ddf1f5323db,66eb96d7752398a34d63a14d32ec090b3293763b0ca76b2a79abd2fae593cf35,d0396524f25c4eefd4ff74a3c12348b9e954b3bbe71f3c8d88bc9faac4a9d3d2,ca8013da122e1d2b943d1224a24e8812375bca7839ef11f7dcce9c488f56ddd2,ac4074adf67647009f274fb7a48b569e1de2413dee847589fe888402d3122b11,/tmp/buckeye_slicer_proper_D_jhq8t3ou
s07,s0702b,min_quiet_run_64ms,95,8,0.08421052631578947,4,0,0,0.042105263157894736,0.0,0.0,114,10,0.08771929824561403,6,0,0,0.05263157894736842,0.0,0.0,356.5397469999999,297.28893700000015,0.8338170975366744,337.91999999999996,57,5.928421052631578,72ea8093df3fb11222b7291a784e2272246d6349ad6d5da63900e79412997498,147296b66139fb1e25f990a73fc8504c73dcc082cbd7ad0e1f082f2cacec28a9,73487,aba78e1734eeeb58161ba231aff12cc98f42a3a7f72b2900292774d9ad941d01,8ba293c7d2e19c5e8529bd7b69d34e3407c08e32bca0fe5c89f6f520bb95982f,9532337ad7403aaac20831c90768b14846f5e2a209f75ad4c8ef178679f3c591,dd3f57fd16cbb8c72b45b6a2f5ab9477855782462ed75731825a40080384b0e9,3ea9f58f9af63bd7ad1bbccdbb81515fc4b814b21da4b5cc0a4b42a3f167a838,/tmp/buckeye_slicer_min_quiet_run_64ms_0f57h8ke
s07,s0702b,quiet_run_score,102,6,0.058823529411764705,3,1,0,0.029411764705882353,0.00980392156862745,0.0,126,7,0.05555555555555555,4,2,0,0.031746031746031744,0.015873015873015872,0.0,356.5397469999999,314.10346100000004,0.880977404743601,355.096,63,5.636444444444445,72ea8093df3fb11222b7291a784e2272246d6349ad6d5da63900e79412997498,9f81ddd3e1ece099fb5400ba14ba18280c8818346149f168c5660056e4c18f56,73487,aba78e1734eeeb58161ba231aff12cc98f42a3a7f72b2900292774d9ad941d01,8ba293c7d2e19c5e8529bd7b69d34e3407c08e32bca0fe5c89f6f520bb95982f,5c06638841550774073d80130fd78f4c0f60d5490c4c06dc7ddf22ba119026c2,6b503742d85974d2b80fd7f43b0d6f4517fcfd2a2a6625cba98a88f63932072a,dc31c473e526b4fa3d5aa7ba58899eba02bdb69ec8765a62e041280d7fab1cd3,/tmp/buckeye_slicer_quiet_run_score__i1hjq2f
s07,s0703a,current_A,73,10,0.136986301369863,8,4,0,0.1095890410958904,0.0547945205479452,0.0,82,13,0.15853658536585366,11,6,0,0.13414634146341464,0.07317073170731707,0.0,280.4691349999997,230.7954779999996,0.8228908254022314,258.3919999999999,41,6.302243902439021,72ea8093df3fb11222b7291a784e2272246d6349ad6d5da63900e79412997498,7742f46ba78ed9fa88c087d5ec69553ce3988bd974cf12b77459f3fa28b99e2d,71590,209c665c8c280b0aa382f5cc7e869b138372dbcc9017fdd414e74932b29fd8cd,3ee4bfb843a076d50ecaa7785c29d95da4d17c9181e04a280ddaf26ce193a631,5aa2ca3ab66077c5a7cdf9457c394da6f9b24f2b9bf084daf6acb02d969ace7b,d5b398813e467cc7eff01ce14ae74384a9e2d0e9c580a6789bc2b4ac36395e33,b7721740f01fdb96fc2f189596ef44f897c7e831063964bbe6986fae16c2497e,/tmp/buckeye_slicer_current_A_6fnorpra
s07,s0703a,proper_D,68,6,0.08823529411764706,4,2,0,0.058823529411764705,0.029411764705882353,0.0,74,7,0.0945945945945946,4,2,0,0.05405405405405406,0.02702702702702703,0.0,280.4691349999997,208.95573699999971,0.7450222178636516,233.99199999999996,37,6.324108108108107,b35b56fbf50e01487bef7f59ef870fe839ea7b8d3f84afb9014d7c5503a3e4dc,7742f46ba78ed9fa88c087d5ec69553ce3988bd974cf12b77459f3fa28b99e2d,71590,554882a6c6468d30cb89f34d5bc90ad3a6355e837209f04c9c08ab86199eadd7,c6b2feb17909f2ff58743d75ffafad72163c69ad792422c4b2fdd6f8d4c28b5d,3d8558271352eebe58c45927bfd16e0e3052fafd502df971910ff8707e10de9e,9cb500b920542f849dfe70da5e29f9da98c72eb70d4d886ea2082b07481e4a32,510374c6465cb5015344445329c57e74c860d3355c47a3c8e35286284483e3f9,/tmp/buckeye_slicer_proper_D_fua7ozz0
s07,s0703a,min_quiet_run_64ms,72,8,0.1111111111111111,6,4,0,0.08333333333333333,0.05555555555555555,0.0,80,10,0.125,8,6,0,0.1,0.075,0.0,280.4691349999997,222.24605899999966,0.792408259112005,248.62399999999988,40,6.215599999999997,72ea8093df3fb11222b7291a784e2272246d6349ad6d5da63900e79412997498,147296b66139fb1e25f990a73fc8504c73dcc082cbd7ad0e1f082f2cacec28a9,71590,209c665c8c280b0aa382f5cc7e869b138372dbcc9017fdd414e74932b29fd8cd,3ee4bfb843a076d50ecaa7785c29d95da4d17c9181e04a280ddaf26ce193a631,71e741e925a7d89004e5131b7615e64a6c6ac5bf0fec454eb4ff795a8ef911fa,66a5f3be3cad9962a4da436186f43ff755837a1146caee470ad4627de9e9e2af,d97e1bef9c6ab5740d1f8bc28aa0a83b0dd0f8d6073313101314b9e69babbefd,/tmp/buckeye_slicer_min_quiet_run_64ms_pgu8bbqn
s07,s0703a,quiet_run_score,74,9,0.12162162162162163,7,3,0,0.0945945945945946,0.04054054054054054,0.0,84,11,0.13095238095238096,9,4,0,0.10714285714285714,0.047619047619047616,0.0,280.4691349999997,226.5692489999997,0.8078223972844639,252.76,42,6.0180952380952375,72ea8093df3fb11222b7291a784e2272246d6349ad6d5da63900e79412997498,9f81ddd3e1ece099fb5400ba14ba18280c8818346149f168c5660056e4c18f56,71590,209c665c8c280b0aa382f5cc7e869b138372dbcc9017fdd414e74932b29fd8cd,3ee4bfb843a076d50ecaa7785c29d95da4d17c9181e04a280ddaf26ce193a631,5aa2ca3ab66077c5a7cdf9457c394da6f9b24f2b9bf084daf6acb02d969ace7b,2df44a2449866b88557a6fc58a695b6af790371ff5b8f751b9869fc1a37274a3,fd76d256fe15a44d3b4f33a0af101d646b240b92b48d3f3ed80bf712cf474a11,/tmp/buckeye_slicer_quiet_run_score_aa4hc1xo
s07,s0703b,current_A,81,12,0.14814814814814814,10,0,0,0.12345679012345678,0.0,0.0,90,14,0.15555555555555556,11,0,0,0.12222222222222222,0.0,0.0,311.8577019999999,253.72547599999993,0.8135937460348502,279.3919999999998,45,6.208711111111107,72ea8093df3fb11222b7291a784e2272246d6349ad6d5da63900e79412997498,7742f46ba78ed9fa88c087d5ec69553ce3988bd974cf12b77459f3fa28b99e2d,75027,3e2b70b10de215a48b8dc239d177ec5cf42dd62014b7b5c5f80ca3f4ae3d2d00,41f69d496577e1a05862ec12386fc51b2d804338e013ae3a7caa706fb32cfe7d,40de4f25d4101c1939a040f0bcd61483aebef89977eec5ae11a2c460bcb30d8c,6c4205e7170767abeb13e08145f929cd49427436d73e6065db80dee9f50292fa,49e14e9d1915d63425aec03362c4414ceec39e1edb2880eeb53a8bbe33b55ba8,/tmp/buckeye_slicer_current_A_qr0qb3fb
s07,s0703b,proper_D,72,6,0.08333333333333333,5,1,0,0.06944444444444445,0.013888888888888888,0.0,78,6,0.07692307692307693,5,1,0,0.0641025641025641,0.01282051282051282,0.0,311.8577019999999,234.37861199999995,0.7515562722898536,257.9040000000001,39,6.61292307692308,b35b56fbf50e01487bef7f59ef870fe839ea7b8d3f84afb9014d7c5503a3e4dc,7742f46ba78ed9fa88c087d5ec69553ce3988bd974cf12b77459f3fa28b99e2d,75027,0c8f2d9be0616b519e02aac713636c1eb48ca853b147e5ea0ca233d38d7facbc,b80bc9078dde780295349a340843ff87cde68e33a6b29f6140b1474fa44bbf83,421ba421599ea126aeb979b2c0888fc16b8050c63e02f511283f512e64024e3d,d35dac97ea5d821bd8518dc6f491c9b43b6b7465892af97d52ab5a909206e9e7,c84d9f267598fb0d2551e17be4ba500495813135528ddf8d2f430ac3160c36ef,/tmp/buckeye_slicer_proper_D_w_wgkx6b
s07,s0703b,min_quiet_run_64ms,72,4,0.05555555555555555,3,0,0,0.041666666666666664,0.0,0.0,82,5,0.06097560975609756,4,0,0,0.04878048780487805,0.0,0.0,311.8577019999999,225.0087929999999,0.7215110980327816,248.92799999999988,41,6.071414634146339,72ea8093df3fb11222b7291a784e2272246d6349ad6d5da63900e79412997498,147296b66139fb1e25f990a73fc8504c73dcc082cbd7ad0e1f082f2cacec28a9,75027,3e2b70b10de215a48b8dc239d177ec5cf42dd62014b7b5c5f80ca3f4ae3d2d00,41f69d496577e1a05862ec12386fc51b2d804338e013ae3a7caa706fb32cfe7d,b14eb93be7ce206d14838d16aa7141326c4f2aa84838ad5bff56b438eb4de6b9,ac5acc3bffc1ba3d94faca2c3fd33d6f3bfad413b646f7c6e866423f2898d7bc,8afae5f971a0fc78706c57b27a4909703c0da82620a51827c6425ea090488333,/tmp/buckeye_slicer_min_quiet_run_64ms_m6_0kueu
s07,s0703b,quiet_run_score,83,6,0.07228915662650602,6,1,0,0.07228915662650602,0.012048192771084338,0.0,96,6,0.0625,6,1,0,0.0625,0.010416666666666666,0.0,311.8577019999999,257.69849499999987,0.8263335917225477,284.1279999999997,48,5.919333333333327,72ea8093df3fb11222b7291a784e2272246d6349ad6d5da63900e79412997498,9f81ddd3e1ece099fb5400ba14ba18280c8818346149f168c5660056e4c18f56,75027,3e2b70b10de215a48b8dc239d177ec5cf42dd62014b7b5c5f80ca3f4ae3d2d00,41f69d496577e1a05862ec12386fc51b2d804338e013ae3a7caa706fb32cfe7d,40de4f25d4101c1939a040f0bcd61483aebef89977eec5ae11a2c460bcb30d8c,74b7ce5cf4030548397c99fd5a525500d479d994e62eae7e80464f88e03b6bf3,a01d0d59584b55e5c195e41fdd787b789788c8d7c5ff57ff871bf9a880331f0d,/tmp/buckeye_slicer_quiet_run_score_n22pilyi
s07,s0704a,current_A,42,6,0.14285714285714285,2,0,0,0.047619047619047616,0.0,0.0,56,8,0.14285714285714285,3,0,0,0.05357142857142857,0.0,0.0,173.56520900000004,155.07386200000002,0.8934616729554365,178.93599999999995,28,6.390571428571427,72ea8093df3fb11222b7291a784e2272246d6349ad6d5da63900e79412997498,7742f46ba78ed9fa88c087d5ec69553ce3988bd974cf12b77459f3fa28b99e2d,30384,a205a57c9f9ed5c97324800476f7eba0c534752f1cac4f8be56ec66daec4a3e2,71391a7d93e8fcaaffe4b0677dbb3ed8f48e6ca3f794460e6656f872e1386eb5,a84211f99f64b27c1f4e7ff3f940d57d0c24b72f8cf5b9743aed32b4996b62b4,3510c34197336a02e4206a0443529e2844dd13ccc201d964e338f0cfb62ea151,d8c6f32785ef615bdfbf4af3b51d0625a3470d6b98058e6f732ae722bbe09968,/tmp/buckeye_slicer_current_A_4xx4ynb9
s07,s0704a,proper_D,38,3,0.07894736842105263,2,0,0,0.05263157894736842,0.0,0.0,50,4,0.08,3,0,0,0.06,0.0,0.0,173.56520900000004,144.74912800000004,0.8339754771937042,168.456,25,6.738239999999999,b35b56fbf50e01487bef7f59ef870fe839ea7b8d3f84afb9014d7c5503a3e4dc,7742f46ba78ed9fa88c087d5ec69553ce3988bd974cf12b77459f3fa28b99e2d,30384,167622c6740c3543d3563c2b761788076c640ae0bfd06fd2094403a519e2fc5e,de709ee584e861641c4f02bbff0cfc610e1d4bd23f26a6657dcac006505a67a8,ebad16c1f5d5f12727a4a948adf367d8884f15b02b9d6fb6b9aed4b889650921,221ce3f9ba1f4d1d5fa51a0c0d8167b5fa289b7b883c53538651bb347e4c01f4,084bbea063959444cd62a305b612d6dc743292aa844557a7fbb22a42de72d397,/tmp/buckeye_slicer_proper_D_yzksxwvr
s07,s0704a,min_quiet_run_64ms,42,3,0.07142857142857142,1,0,0,0.023809523809523808,0.0,0.0,56,3,0.05357142857142857,1,0,0,0.017857142857142856,0.0,0.0,173.56520900000004,147.074252,0.8473717333523907,171.33599999999996,28,6.119142857142855,72ea8093df3fb11222b7291a784e2272246d6349ad6d5da63900e79412997498,147296b66139fb1e25f990a73fc8504c73dcc082cbd7ad0e1f082f2cacec28a9,30384,a205a57c9f9ed5c97324800476f7eba0c534752f1cac4f8be56ec66daec4a3e2,71391a7d93e8fcaaffe4b0677dbb3ed8f48e6ca3f794460e6656f872e1386eb5,ad7113d34ee4fc72c4c726311a84460b6b0d89e45b647e17af9fde2692e4247b,083b75df7081803ea945e0461ea44c9a47327ca5d6d1a0ce98805f11e9727341,6ebdbf3a5126e2eb7e329589be71a44aa53ab816e595999140c89baa0946eaab,/tmp/buckeye_slicer_min_quiet_run_64ms_4mte_0g3
s07,s0704a,quiet_run_score,45,3,0.06666666666666667,2,0,0,0.044444444444444446,0.0,0.0,62,4,0.06451612903225806,3,0,0,0.04838709677419355,0.0,0.0,173.56520900000004,158.863761,0.9152972644419768,183.91199999999995,31,5.932645161290321,72ea8093df3fb11222b7291a784e2272246d6349ad6d5da63900e79412997498,9f81ddd3e1ece099fb5400ba14ba18280c8818346149f168c5660056e4c18f56,30384,a205a57c9f9ed5c97324800476f7eba0c534752f1cac4f8be56ec66daec4a3e2,71391a7d93e8fcaaffe4b0677dbb3ed8f48e6ca3f794460e6656f872e1386eb5,a84211f99f64b27c1f4e7ff3f940d57d0c24b72f8cf5b9743aed32b4996b62b4,f5f6b8061cf8cf1a7a2e84386c7a98d285650184a03b175d5c7be80e499e27ed,7813c944adb9acd98337ba85391b99fadf8d679832ff8a935db95e65ce3027e3,/tmp/buckeye_slicer_quiet_run_score_o0oy0jm8
s08,s0801a,current_A,89,11,0.12359550561797752,6,1,0,0.06741573033707865,0.011235955056179775,0.0,90,11,0.12222222222222222,6,1,0,0.06666666666666667,0.011111111111111112,0.0,298.62118099999964,200.35501699999998,0.6709337104925596,227.96000000000012,45,5.065777777777781,72ea8093df3fb11222b7291a784e2272246d6349ad6d5da63900e79412997498,7742f46ba78ed9fa88c087d5ec69553ce3988bd974cf12b77459f3fa28b99e2d,74475,84e5c32ca10087ffbe01d5e356e44cc17d8e7c20c0375497f2c1e923021b72a4,ac31bcd73a6e7a4f84bae2c340ad064e9507391d823d5b9ca790279b9f7b771d,216e6e9eaacc62d2ed2d0b94839c336b60c16ae3d8544b6f8b729be2bda9ecb6,25e1cf76b86ec62a349a12110e2b9f3442ff8dd3de0374c0a58d911e4a7f20e1,02d392c44f1ef21980565a0e91258b385dfb9a2a89dd9ebdbd2c3de6685de2c4,/tmp/buckeye_slicer_current_A_eawk4bta
s08,s0801a,proper_D,85,10,0.11764705882352941,2,1,0,0.023529411764705882,0.011764705882352941,0.0,86,10,0.11627906976744186,2,1,0,0.023255813953488372,0.011627906976744186,0.0,298.62118099999964,188.93067799999983,0.6326767490749428,216.26400000000027,43,5.029395348837215,b35b56fbf50e01487bef7f59ef870fe839ea7b8d3f84afb9014d7c5503a3e4dc,7742f46ba78ed9fa88c087d5ec69553ce3988bd974cf12b77459f3fa28b99e2d,74475,4769300093592cbc86713ae66e3d5b4c3f45a93a55750b8de4f654285913b257,ab225b92f8d8e65c0cf0838989656ae0335426e602dca67a8ac011d2a8bac9e2,f59eb3e541cb4041d71b2a7561f7ec3c6378b3272b27f8d095fb3f449e0c9a94,c294db5391e45fa002de565471b84b2ca4d1acac6d62380d7e37577f41a8864e,7dd3e8d75009feab1fdb62f0604d46b3465674e82b0a619720a350629d367e3f,/tmp/buckeye_slicer_proper_D_by2fl65h
s08,s0801a,min_quiet_run_64ms,90,11,0.12222222222222222,6,2,0,0.06666666666666667,0.022222222222222223,0.0,92,11,0.11956521739130435,6,2,0,0.06521739130434782,0.021739130434782608,0.0,298.62118099999964,199.19846499999997,0.6670607367265091,226.5280000000001,46,4.924521739130437,72ea8093df3fb11222b7291a784e2272246d6349ad6d5da63900e79412997498,147296b66139fb1e25f990a73fc8504c73dcc082cbd7ad0e1f082f2cacec28a9,74475,84e5c32ca10087ffbe01d5e356e44cc17d8e7c20c0375497f2c1e923021b72a4,ac31bcd73a6e7a4f84bae2c340ad064e9507391d823d5b9ca790279b9f7b771d,3d856da20bd654733fb14bf25bd1d2070ebc03c0d8438a9574a6522843e78904,9720fc54c71ed959d944e8a03fde1b473af5201b46c8b3c7dddffb56e4ede85c,f589f5d35128fef71dfaedd709bf436cb32108ce08da056bcb872bdba2634c05,/tmp/buckeye_slicer_min_quiet_run_64ms_w8vmq9gk
s08,s0801a,quiet_run_score,92,10,0.10869565217391304,6,2,0,0.06521739130434782,0.021739130434782608,0.0,96,10,0.10416666666666667,6,2,0,0.0625,0.020833333333333332,0.0,298.62118099999964,191.59855700000008,0.6416107402642692,216.28000000000023,48,4.505833333333338,72ea8093df3fb11222b7291a784e2272246d6349ad6d5da63900e79412997498,9f81ddd3e1ece099fb5400ba14ba18280c8818346149f168c5660056e4c18f56,74475,84e5c32ca10087ffbe01d5e356e44cc17d8e7c20c0375497f2c1e923021b72a4,ac31bcd73a6e7a4f84bae2c340ad064e9507391d823d5b9ca790279b9f7b771d,216e6e9eaacc62d2ed2d0b94839c336b60c16ae3d8544b6f8b729be2bda9ecb6,311648c5320eb398ae4b004a691541f56945af83b3cee5d9ec05e26e2d42fa09,33bb609138b9e8d5bef0024a21e7a077acd42d9587c2aaa24491f24061f2a63e,/tmp/buckeye_slicer_quiet_run_score_bikoufy_
s08,s0801b,current_A,84,5,0.05952380952380952,2,0,0,0.023809523809523808,0.0,0.0,86,6,0.06976744186046512,2,0,0,0.023255813953488372,0.0,0.0,267.185302,196.13155700000013,0.7340656672798571,229.11999999999998,43,5.328372093023256,72ea8093df3fb11222b7291a784e2272246d6349ad6d5da63900e79412997498,7742f46ba78ed9fa88c087d5ec69553ce3988bd974cf12b77459f3fa28b99e2d,71477,2528b9a990fca43648aefa27ed678778ee7fcfe84bb0ff6955c3e5280790b90d,998c9aec42d0eae65fb5fecda85f5a5eadddfa30bb89987d5001b5fd888334c0,604f135665868ba05131ccc3c9c81cc9f4e63858dce981b12a46d8d4eebfcd99,0c7d52eeb192188e99707f106dbae7e5436e085e5cd9718de678ae5813344d3c,8b8c82d65ba2b1622bced17f0ebf2aa8678f2c73658fd4b0645b121a081f29b4,/tmp/buckeye_slicer_current_A_gyuthgid
s08,s0801b,proper_D,80,6,0.075,2,1,1,0.025,0.0125,0.0125,82,6,0.07317073170731707,2,1,1,0.024390243902439025,0.012195121951219513,0.012195121951219513,267.185302,183.6749740000002,0.6874441543943918,213.58400000000012,41,5.209365853658539,b35b56fbf50e01487bef7f59ef870fe839ea7b8d3f84afb9014d7c5503a3e4dc,7742f46ba78ed9fa88c087d5ec69553ce3988bd974cf12b77459f3fa28b99e2d,71477,f19ab8e626c92b4cd75a9076a69eacbd6782a86458382fb6bc25bc8e75a002a5,3eef502590836117c7c2e61c2775dc1eee896f237e2797967bbd61115819fb12,7f4cf113bd8e203f10af67eae6f81f4a11b23f1076d45b31450bcf72e6d0b0a3,e0ecea9e57fee87c97238243b312743a646394e47cd100122bca7e6bace01efd,fb1113ca9d5b7e3ae09194f3c6f3e4b104b75fd9b8e1416778ea8c2538d6b3dd,/tmp/buckeye_slicer_proper_D_txyjegz7
s08,s0801b,min_quiet_run_64ms,77,5,0.06493506493506493,3,0,0,0.03896103896103896,0.0,0.0,78,5,0.0641025641025641,3,0,0,0.038461538461538464,0.0,0.0,267.185302,182.46610500000023,0.6829196951859284,211.99199999999993,39,5.435692307692306,72ea8093df3fb11222b7291a784e2272246d6349ad6d5da63900e79412997498,147296b66139fb1e25f990a73fc8504c73dcc082cbd7ad0e1f082f2cacec28a9,71477,2528b9a990fca43648aefa27ed678778ee7fcfe84bb0ff6955c3e5280790b90d,998c9aec42d0eae65fb5fecda85f5a5eadddfa30bb89987d5001b5fd888334c0,ecb59b19e6a421101ee3fe894271031217ad4468bacce43bddc5f26142a8f4e0,41b7cfcf0d28601f6d373329dcbc73a12d2233a1aff6f492f379c7430daf830c,c2a8058289415d1e4aabcee0dc3c4142042f72953df8027a1502e93739798769,/tmp/buckeye_slicer_min_quiet_run_64ms_55_k7zni
s08,s0801b,quiet_run_score,87,7,0.08045977011494253,2,1,1,0.022988505747126436,0.011494252873563218,0.011494252873563218,90,8,0.08888888888888889,2,1,1,0.022222222222222223,0.011111111111111112,0.011111111111111112,267.185302,188.82646399999996,0.7067247434142166,217.4079999999998,45,4.831288888888884,72ea8093df3fb11222b7291a784e2272246d6349ad6d5da63900e79412997498,9f81ddd3e1ece099fb5400ba14ba18280c8818346149f168c5660056e4c18f56,71477,2528b9a990fca43648aefa27ed678778ee7fcfe84bb0ff6955c3e5280790b90d,998c9aec42d0eae65fb5fecda85f5a5eadddfa30bb89987d5001b5fd888334c0,604f135665868ba05131ccc3c9c81cc9f4e63858dce981b12a46d8d4eebfcd99,27bda2223a8cd1053cd0b23f6337b0f7ec67c1795990e7b1295e066b84bd8a3f,6d612b51d6aaf05be1a94ef8a0b41a2f0263078afbe5b7f3a3b6df3dd194e937,/tmp/buckeye_slicer_quiet_run_score_3uh9a_p7
s08,s0802b,current_A,114,7,0.06140350877192982,4,2,0,0.03508771929824561,0.017543859649122806,0.0,116,7,0.0603448275862069,4,2,0,0.034482758620689655,0.017241379310344827,0.0,366.7549859999997,255.21781299999958,0.6958809634288102,297.04000000000036,58,5.1213793103448335,72ea8093df3fb11222b7291a784e2272246d6349ad6d5da63900e79412997498,7742f46ba78ed9fa88c087d5ec69553ce3988bd974cf12b77459f3fa28b99e2d,70779,e4433f64cf2955e16f5ab2b211e392447715de1f7d83ff5f5272e96491ea0f71,9d1f767b33577a766bb00815056202c2a888b0cffca044cf9ffa589182d0d58f,a0ba5d65c8a6f67d7be2fe49de39a9b55b1ad11238d67ced6a09dc26fb5b6298,8d85d2637eab9466970ae03dcfa801ec8af6a1a98ef4de211b069918b2b78ac8,72301431a786ffe3faf16b5e94169b348df60952c9101178d989dd2d6bf87705,/tmp/buckeye_slicer_current_A_tjnwo0c5
s08,s0802b,proper_D,106,6,0.05660377358490566,3,1,0,0.02830188679245283,0.009433962264150943,0.0,108,6,0.05555555555555555,3,1,0,0.027777777777777776,0.009259259259259259,0.0,366.7549859999997,242.6966999999996,0.6617406968258635,282.9840000000004,54,5.240444444444451,b35b56fbf50e01487bef7f59ef870fe839ea7b8d3f84afb9014d7c5503a3e4dc,7742f46ba78ed9fa88c087d5ec69553ce3988bd974cf12b77459f3fa28b99e2d,70779,64e520b6b35d87cbdc9543487000a36cb1797432ee12e2384685abde7f7a03a0,e35b24ae7428a1a38dcc282271a12ca702b39c4acc4ee9b68e369e4e0c87ee4d,bf6d0c84ea2b2c05352d9fa9d9712161e585969b511dbccc566cbfdd50044993,6c7be116bc5bb03549a5fd8f927d8f794596ec6b98217a3977f6657759947c46,4fce69682822b956ecc8310297d623b40232bbb68d5e3b67dd736709cd985fd8,/tmp/buckeye_slicer_proper_D_u1o3mcg0
s08,s0802b,min_quiet_run_64ms,110,6,0.05454545454545454,4,3,0,0.03636363636363636,0.02727272727272727,0.0,112,6,0.05357142857142857,4,3,0,0.03571428571428571,0.026785714285714284,0.0,366.7549859999997,244.71215099999955,0.6672360576987486,284.63200000000035,56,5.0827142857142915,72ea8093df3fb11222b7291a784e2272246d6349ad6d5da63900e79412997498,147296b66139fb1e25f990a73fc8504c73dcc082cbd7ad0e1f082f2cacec28a9,70779,e4433f64cf2955e16f5ab2b211e392447715de1f7d83ff5f5272e96491ea0f71,9d1f767b33577a766bb00815056202c2a888b0cffca044cf9ffa589182d0d58f,67eab1102c52c47d8edd9df933763be9a1feac0c678e9a036018035001ff955b,26ddde34dc4e7bd676b548c248d936352a26e8f09cb1944c737a8a52581b8fbe,f92a2250a6232a79c98e14c051f39599f8eddaaf8c68eca792dfb3abff6476e3,/tmp/buckeye_slicer_min_quiet_run_64ms_14kln12d
s08,s0802b,quiet_run_score,115,6,0.05217391304347826,4,1,0,0.034782608695652174,0.008695652173913044,0.0,118,6,0.05084745762711865,4,1,0,0.03389830508474576,0.00847457627118644,0.0,366.7549859999997,247.4583129999996,0.6747237868498939,285.2640000000003,59,4.8349830508474625,72ea8093df3fb11222b7291a784e2272246d6349ad6d5da63900e79412997498,9f81ddd3e1ece099fb5400ba14ba18280c8818346149f168c5660056e4c18f56,70779,e4433f64cf2955e16f5ab2b211e392447715de1f7d83ff5f5272e96491ea0f71,9d1f767b33577a766bb00815056202c2a888b0cffca044cf9ffa589182d0d58f,a0ba5d65c8a6f67d7be2fe49de39a9b55b1ad11238d67ced6a09dc26fb5b6298,af9032e2ce0c9f105700f018d7df7040568f7e53565cc2f0c1453c66ffb96528,ba635c0ae7a1c6e9898541146abe1f094f8bb024b5e04c3e41d6331462c61de7,/tmp/buckeye_slicer_quiet_run_score_celxcs9u
s08,s0803a,current_A,110,9,0.08181818181818182,5,1,0,0.045454545454545456,0.00909090909090909,0.0,110,9,0.08181818181818182,5,1,0,0.045454545454545456,0.00909090909090909,0.0,327.51184900000027,234.9379960000001,0.7173419731754497,261.6400000000001,55,4.757090909090911,72ea8093df3fb11222b7291a784e2272246d6349ad6d5da63900e79412997498,7742f46ba78ed9fa88c087d5ec69553ce3988bd974cf12b77459f3fa28b99e2d,74712,949bd1a3155ecd5bee28929c72a373539a98dda1ce33927a56a1d1ca2e6c3181,34a7a4f2aabcd7a309012235f0cdae222489bfecc453e24089223336cb88965f,67d91ec7e6ba3e2ffc1e86ab2a87be74351eaf1ac412a3f4e524acd557b2d319,b29b975b22dd09fdd462ab9b04a0d8671838e21de5aa55a3289fc32ecea5de01,14fd908f03db8d78d3e205189b360cf3d74c7afec7484e8da4c1cc2fa3638818,/tmp/buckeye_slicer_current_A_b1_n40ly
s08,s0803a,proper_D,102,7,0.06862745098039216,2,1,1,0.0196078431372549,0.00980392156862745,0.00980392156862745,102,7,0.06862745098039216,2,1,1,0.0196078431372549,0.00980392156862745,0.00980392156862745,327.51184900000027,219.745948,0.6709557186127938,246.248,51,4.828392156862745,b35b56fbf50e01487bef7f59ef870fe839ea7b8d3f84afb9014d7c5503a3e4dc,7742f46ba78ed9fa88c087d5ec69553ce3988bd974cf12b77459f3fa28b99e2d,74712,2340bc048d8e68e7ba38dc72037a9f597950a66abae75e72a3d8352e467a8a90,0660ffc4b1e74585568613dae1fcafe0bec63ff7f5f4712230a61167d6de1a86,d444e10826830da9fc6d0fd862334e671e69527b1c3c5323d00a6741fe5f6235,b7eca1bdb0e9aafeb4fcf8471eda4b1e092b531d3b5247f6ab8d96e5f897965d,bfba1ac7a5e79660efd747f7410d41deafd4c0b07622f8b73392013f812cb35b,/tmp/buckeye_slicer_proper_D_qsmv7e7g
s08,s0803a,min_quiet_run_64ms,106,8,0.07547169811320754,4,0,0,0.03773584905660377,0.0,0.0,106,8,0.07547169811320754,4,0,0,0.03773584905660377,0.0,0.0,327.51184900000027,221.71979800000008,0.6769825234628378,248.3440000000001,53,4.685735849056606,72ea8093df3fb11222b7291a784e2272246d6349ad6d5da63900e79412997498,147296b66139fb1e25f990a73fc8504c73dcc082cbd7ad0e1f082f2cacec28a9,74712,949bd1a3155ecd5bee28929c72a373539a98dda1ce33927a56a1d1ca2e6c3181,34a7a4f2aabcd7a309012235f0cdae222489bfecc453e24089223336cb88965f,c88787ae96eec375e392c41aa070e0c5ae45cee726c80c73f1265ef3dc2e175f,d02e44786f03df85631a50c977e918bc932cbf372a7c36b8f1ae6e9d6494007d,f32948b5c2a8fc7262f6ca8c2462a757ba203224168bf8306fc75c4eaed8d36b,/tmp/buckeye_slicer_min_quiet_run_64ms_dz7w_aqn
s08,s0803a,quiet_run_score,111,11,0.0990990990990991,7,1,0,0.06306306306306306,0.009009009009009009,0.0,112,11,0.09821428571428571,7,1,0,0.0625,0.008928571428571428,0.0,327.51184900000027,227.34744700000016,0.6941655628465521,252.3920000000001,56,4.507000000000002,72ea8093df3fb11222b7291a784e2272246d6349ad6d5da63900e79412997498,9f81ddd3e1ece099fb5400ba14ba18280c8818346149f168c5660056e4c18f56,74712,949bd1a3155ecd5bee28929c72a373539a98dda1ce33927a56a1d1ca2e6c3181,34a7a4f2aabcd7a309012235f0cdae222489bfecc453e24089223336cb88965f,67d91ec7e6ba3e2ffc1e86ab2a87be74351eaf1ac412a3f4e524acd557b2d319,29e356cdaee48412c6d2a56a4e7720282fed6ad4ee865032b161e50e7def8279,b209a9457a1fdbca8b67b239dc9d9397e49202e1215aeac44b6313d847b5188c,/tmp/buckeye_slicer_quiet_run_score_nsypjzju
s08,s0803b,current_A,87,4,0.04597701149425287,3,0,0,0.034482758620689655,0.0,0.0,88,4,0.045454545454545456,3,0,0,0.03409090909090909,0.0,0.0,292.44129599999997,191.74332200000006,0.6556643149331416,220.06400000000005,44,5.001454545454546,72ea8093df3fb11222b7291a784e2272246d6349ad6d5da63900e79412997498,7742f46ba78ed9fa88c087d5ec69553ce3988bd974cf12b77459f3fa28b99e2d,71178,8f3df16bf43877f04928b9d5c1fb892f13a0d0cd86afc3420eed9e41a28ee700,b080b2d5b6ba7806a4dabbe6e077b6de9cba165cc84b1550e54106d07d4a6b0b,3fa576ef92f549446a1d47d3d6888a4b5dc0aeb0038f2c5f93aed0b93282baa8,2ca3c84e45a04981b511aefcf3402ad96b8620b3194a2db2f0804d2833975c22,324381df96a08bdb13f358187df2695984e24e6872bb4a1816eb1253d2a1378a,/tmp/buckeye_slicer_current_A_82d9gnau
s08,s0803b,proper_D,83,3,0.03614457831325301,3,0,0,0.03614457831325301,0.0,0.0,84,3,0.03571428571428571,3,0,0,0.03571428571428571,0.0,0.0,292.44129599999997,181.83817800000023,0.6217937770320928,209.1519999999999,42,4.9798095238095215,b35b56fbf50e01487bef7f59ef870fe839ea7b8d3f84afb9014d7c5503a3e4dc,7742f46ba78ed9fa88c087d5ec69553ce3988bd974cf12b77459f3fa28b99e2d,71178,f3f6e2532aaf51ba7cfcf33035bc76835f0cae5570409d58e9505358592f7cf7,6e4d5a409111f19ab62e56f55a0f09d32e8d2f75269b8aee3d8e2fde56f89ab6,d886f1f0a80ed81590d877a292c5e546554d1c717734395ec4798c9af903ad96,a1fce48dde08f5e86a9f2a2451e9512611d0e45a98d3d7ef2ac083a41f42baed,e7e21dd5efee12d23894a5b87618b43ee8ff12886f3f234be5aa7c9f7c784f8d,/tmp/buckeye_slicer_proper_D_0vfod0a4
s08,s0803b,min_quiet_run_64ms,87,5,0.05747126436781609,4,0,0,0.04597701149425287,0.0,0.0,88,5,0.056818181818181816,4,0,0,0.045454545454545456,0.0,0.0,292.44129599999997,188.27421300000006,0.6438017324338492,215.6960000000001,44,4.902181818181821,72ea8093df3fb11222b7291a784e2272246d6349ad6d5da63900e79412997498,147296b66139fb1e25f990a73fc8504c73dcc082cbd7ad0e1f082f2cacec28a9,71178,8f3df16bf43877f04928b9d5c1fb892f13a0d0cd86afc3420eed9e41a28ee700,b080b2d5b6ba7806a4dabbe6e077b6de9cba165cc84b1550e54106d07d4a6b0b,bde9863a8df960effccfac7dac74bd5cbf2791c1e0a15e9817d932e591fdb8db,c450cb56d96944914addbeb75d04cd5613b0ce20759bd537f42060b04707289a,60072f7b60e26b533b481a82f331e5cc2a6f2b0c14ec699d5479428e301de3d6,/tmp/buckeye_slicer_min_quiet_run_64ms_7pcdn8aq
s08,s0803b,quiet_run_score,89,6,0.06741573033707865,4,0,0,0.0449438202247191,0.0,0.0,92,6,0.06521739130434782,4,0,0,0.043478260869565216,0.0,0.0,292.44129599999997,187.88827900000004,0.6424820350953446,213.28000000000026,46,4.6365217391304405,72ea8093df3fb11222b7291a784e2272246d6349ad6d5da63900e79412997498,9f81ddd3e1ece099fb5400ba14ba18280c8818346149f168c5660056e4c18f56,71178,8f3df16bf43877f04928b9d5c1fb892f13a0d0cd86afc3420eed9e41a28ee700,b080b2d5b6ba7806a4dabbe6e077b6de9cba165cc84b1550e54106d07d4a6b0b,3fa576ef92f549446a1d47d3d6888a4b5dc0aeb0038f2c5f93aed0b93282baa8,c81f1999dbc41b6353a400b5a67e6f76203d075ccc8f3bf1dfb91fcb92a793d0,869e5afce1306a719a91eff001d652c0b2fbbe1cfe83fcdf7b8f5288f0bf272b,/tmp/buckeye_slicer_quiet_run_score_kfa7luws
s08,s0804a,current_A,19,2,0.10526315789473684,2,1,0,0.10526315789473684,0.05263157894736842,0.0,20,2,0.1,2,1,0,0.1,0.05,0.0,90.74609900000007,49.02971999999998,0.5402956219638703,55.27999999999998,10,5.527999999999998,72ea8093df3fb11222b7291a784e2272246d6349ad6d5da63900e79412997498,7742f46ba78ed9fa88c087d5ec69553ce3988bd974cf12b77459f3fa28b99e2d,23174,0c105226542aa5c3a19c5961777d72e51bf03480d82e23ce0ce8e0324454a2bb,e47cd1c92e2f82024482bb7b73ce34e8f42b591f66ad30659b12c3968eee4032,afc06d7119e782e9a1c15e09f0393a6fee173fd7d7327adbe3769b7a196dcfe2,e6b5100749f22426ea22ce3d5fcacda4a2841a8329e9491728299d9aed20fee4,90ddec3ddb1d2c78e8ee9f92469cff5be291cbaa61ea62d303f7932e26bb87f6,/tmp/buckeye_slicer_current_A_qhtujkgk
s08,s0804a,proper_D,18,1,0.05555555555555555,1,0,0,0.05555555555555555,0.0,0.0,18,1,0.05555555555555555,1,0,0,0.05555555555555555,0.0,0.0,90.74609900000007,48.85475499999997,0.5383675501026213,54.83999999999999,9,6.093333333333332,b35b56fbf50e01487bef7f59ef870fe839ea7b8d3f84afb9014d7c5503a3e4dc,7742f46ba78ed9fa88c087d5ec69553ce3988bd974cf12b77459f3fa28b99e2d,23174,82939c7cdd6cd97310ecc4fad745bf13e9aa2b1c6ef234a3c7ae40dbf50a57d2,d6293d63b2b05cb14475ffd123dffe041b78ad34e82bf5b892e5de29478e05ca,bfa186c64ca7af6a54f107fbbf75e68fab50e04ad976ed74dc879d3e9f67c423,974f00f4b9518a6614ead8f57074bb561448ef76cff232a832ad87d1a08ce617,68e9dfeb35d63640d5399809ba01e91da7820cdc66cb50c449e89aeabec1eaf7,/tmp/buckeye_slicer_proper_D_wk9ki9ty
s08,s0804a,min_quiet_run_64ms,19,2,0.10526315789473684,2,1,0,0.10526315789473684,0.05263157894736842,0.0,20,2,0.1,2,1,0,0.1,0.05,0.0,90.74609900000007,49.02971999999998,0.5402956219638703,55.27999999999998,10,5.527999999999998,72ea8093df3fb11222b7291a784e2272246d6349ad6d5da63900e79412997498,147296b66139fb1e25f990a73fc8504c73dcc082cbd7ad0e1f082f2cacec28a9,23174,0c105226542aa5c3a19c5961777d72e51bf03480d82e23ce0ce8e0324454a2bb,e47cd1c92e2f82024482bb7b73ce34e8f42b591f66ad30659b12c3968eee4032,7b9c02a9d461859fcec82d8c3dfe95ad9589b3dc9c7cb47c94a5e941c237c122,8f22d2d8ace61c018847d831b64d824186447f65c47963daa2c14d93a5301a1e,2f35fcb0282e39091e935f751985371bd9914ae0410741b8c749a0eed1fa8f15,/tmp/buckeye_slicer_min_quiet_run_64ms_cduyyddx
s08,s0804a,quiet_run_score,20,4,0.2,3,1,0,0.15,0.05,0.0,22,5,0.22727272727272727,3,1,0,0.13636363636363635,0.045454545454545456,0.0,90.74609900000007,51.599657999999984,0.5686157153708606,58.03199999999998,11,5.275636363636362,72ea8093df3fb11222b7291a784e2272246d6349ad6d5da63900e79412997498,9f81ddd3e1ece099fb5400ba14ba18280c8818346149f168c5660056e4c18f56,23174,0c105226542aa5c3a19c5961777d72e51bf03480d82e23ce0ce8e0324454a2bb,e47cd1c92e2f82024482bb7b73ce34e8f42b591f66ad30659b12c3968eee4032,afc06d7119e782e9a1c15e09f0393a6fee173fd7d7327adbe3769b7a196dcfe2,2ea153a083a6ebb0ff9f3ee27524d03014ead377d7443a3028ab9c6c8051fa09,41b2d7b6931583131e315204ebdaa6d22dab2b0533607431c5f192358f83d6ad,/tmp/buckeye_slicer_quiet_run_score_kd62c4g9
s09,s0901a,current_A,99,12,0.12121212121212122,10,3,1,0.10101010101010101,0.030303030303030304,0.010101010101010102,104,13,0.125,11,4,2,0.10576923076923077,0.038461538461538464,0.019230769230769232,319.76242100000013,235.67006900000018,0.7370161517509904,272.0800000000001,52,5.232307692307694,72ea8093df3fb11222b7291a784e2272246d6349ad6d5da63900e79412997498,7742f46ba78ed9fa88c087d5ec69553ce3988bd974cf12b77459f3fa28b99e2d,75100,d8c4e139e3bf0752b782cce74c5704d790570d4c8ad1df947c305a5aa9b10e19,abdd3ffc7826dbed58cc2f6d20cfc27c206da7781c69036f2652de51c142e5e2,c331f8b5362943f9bcc2e0c8b406d710d1147510aea5eb73e7464f696dcdbbad,fb6d0f8e7370bcee8289b247817b2966930079837264fd0b4647075b3b4e031b,8ec1441528dca7feff32902aa316fe05986cdd38fdad7b00f9eca4f932fd2af9,/tmp/buckeye_slicer_current_A_30my7zem
s09,s0901a,proper_D,91,11,0.12087912087912088,7,3,1,0.07692307692307693,0.03296703296703297,0.01098901098901099,94,12,0.1276595744680851,8,4,2,0.0851063829787234,0.0425531914893617,0.02127659574468085,319.76242100000013,213.19875000000008,0.6667411052657748,244.6159999999998,47,5.204595744680846,b35b56fbf50e01487bef7f59ef870fe839ea7b8d3f84afb9014d7c5503a3e4dc,7742f46ba78ed9fa88c087d5ec69553ce3988bd974cf12b77459f3fa28b99e2d,75100,9295b5b162e29f10bc0d7373b3b6b9ec485a0126fcad0241a18f4760dd6d221e,4b8d30c0e9b8e9ae65575d042b48facac592dbf6bc02eeee9fe94c6bc29623b1,ffcef45d6ded4ddaf8f1a8797aa3a3b15ab4280b443d7cb78d2ab1fc81b851da,30b8a56051940ec96ab1b7c9e88b9cb402b231792b062126b8d51a39619c89da,5403f1eb0dbfbc4fe0a33acc392bf861bf95868101b18fc527416cf2422c82e3,/tmp/buckeye_slicer_proper_D_p8ebe6fi
s09,s0901a,min_quiet_run_64ms,95,11,0.11578947368421053,9,2,1,0.09473684210526316,0.021052631578947368,0.010526315789473684,100,12,0.12,10,3,2,0.1,0.03,0.02,319.76242100000013,226.09062300000014,0.7070581411441091,261.5680000000002,50,5.231360000000004,72ea8093df3fb11222b7291a784e2272246d6349ad6d5da63900e79412997498,147296b66139fb1e25f990a73fc8504c73dcc082cbd7ad0e1f082f2cacec28a9,75100,d8c4e139e3bf0752b782cce74c5704d790570d4c8ad1df947c305a5aa9b10e19,abdd3ffc7826dbed58cc2f6d20cfc27c206da7781c69036f2652de51c142e5e2,b2fd2740a0a5ad1a343de4313be713eea1b9064a84325b2067bce7df32da9e93,7ea6ba7c28e2692978248441feec266135927bad5f0b6ab3d6858c50f33bee89,c802f403a3340355fbeccf012b5561fdb3d6bc1b3535c496f3b6f989f69f47b7,/tmp/buckeye_slicer_min_quiet_run_64ms_hfdo8l8r
s09,s0901a,quiet_run_score,100,10,0.1,9,3,1,0.09,0.03,0.01,104,11,0.10576923076923077,10,4,2,0.09615384615384616,0.038461538461538464,0.019230769230769232,319.76242100000013,227.1557820000001,0.7103892361385392,260.38400000000007,52,5.007384615384617,72ea8093df3fb11222b7291a784e2272246d6349ad6d5da63900e79412997498,9f81ddd3e1ece099fb5400ba14ba18280c8818346149f168c5660056e4c18f56,75100,d8c4e139e3bf0752b782cce74c5704d790570d4c8ad1df947c305a5aa9b10e19,abdd3ffc7826dbed58cc2f6d20cfc27c206da7781c69036f2652de51c142e5e2,c331f8b5362943f9bcc2e0c8b406d710d1147510aea5eb73e7464f696dcdbbad,29cc05f132c488f6cbdf26cbe444986f48081b9b39615297651524229e18ac77,a38ab87273ec3516c73eab16b9a36179213ab81d71e89b7be1eb90ca52472588,/tmp/buckeye_slicer_quiet_run_score_a_eja2v_
s09,s0901b,current_A,73,6,0.0821917808219178,4,0,0,0.0547945205479452,0.0,0.0,76,6,0.07894736842105263,4,0,0,0.05263157894736842,0.0,0.0,273.5998189999996,162.8267389999996,0.5951273637355726,186.37600000000018,38,4.904631578947373,72ea8093df3fb11222b7291a784e2272246d6349ad6d5da63900e79412997498,7742f46ba78ed9fa88c087d5ec69553ce3988bd974cf12b77459f3fa28b99e2d,70935,b5cc7fd37de65e8e0ea5d9f09ce9e01bc9be27b37c47d7848a4d02644e583178,d901e31e450735a1a5fd8bf88ab62725c2783dd2bf581f2b44739128642ca68b,e962e53b2eb6f58038c1ad08cd4a1ff8f4a593ca220377720acb0608e9793f2f,1ab39437bed98d0eeccd98076194a30b0028bd6842e1fdf60f5dc061e0f3ba91,ecf942924b81e653966961d59f510b9f077713c6ced7202d63fba36fc68c5085,/tmp/buckeye_slicer_current_A_8n5yp82k
s09,s0901b,proper_D,69,6,0.08695652173913043,4,0,0,0.057971014492753624,0.0,0.0,72,6,0.08333333333333333,4,0,0,0.05555555555555555,0.0,0.0,273.5998189999996,153.89978499999964,0.5624995863027228,176.25599999999986,36,4.895999999999996,b35b56fbf50e01487bef7f59ef870fe839ea7b8d3f84afb9014d7c5503a3e4dc,7742f46ba78ed9fa88c087d5ec69553ce3988bd974cf12b77459f3fa28b99e2d,70935,aff9d5c6e25692a5c11abca748163bcead1726159ba45b59afbc0d64e1f5f7d0,a4c19c116c54982d0cd9b5fb946c7d38fca704f6861a7298ef9a3083a481e05d,3dd2ad6007fbf58f6dde502ae37c6167f29dfb019fbab1e91fe6c4a166fcf394,e0fd3cc619e613ba30ed8aa15b5d5ccb9f4ad67997a4062167d01cfcbd94f246,481d52b860ad4f1a807a65926f94d058de5aa65e3faf0a260c55ce61f3e1edfa,/tmp/buckeye_slicer_proper_D_ogah4zww
s09,s0901b,min_quiet_run_64ms,66,4,0.06060606060606061,3,0,0,0.045454545454545456,0.0,0.0,68,4,0.058823529411764705,3,0,0,0.04411764705882353,0.0,0.0,273.5998189999996,148.46125899999961,0.5426219196438862,170.02400000000017,34,5.000705882352946,72ea8093df3fb11222b7291a784e2272246d6349ad6d5da63900e79412997498,147296b66139fb1e25f990a73fc8504c73dcc082cbd7ad0e1f082f2cacec28a9,70935,b5cc7fd37de65e8e0ea5d9f09ce9e01bc9be27b37c47d7848a4d02644e583178,d901e31e450735a1a5fd8bf88ab62725c2783dd2bf581f2b44739128642ca68b,f1af145faabe2e9e80646acedae189a05d04f52a191f645ea4ce061a582056e7,232732a8257a0aa1270104635e56fcccb515f146e7f4205aeeef71fd84ddf103,0cf5d9def1221ea8fe44975f17800897361b4541972440ccd6329ae1ed00b1aa,/tmp/buckeye_slicer_min_quiet_run_64ms_qiy4lsel
s09,s0901b,quiet_run_score,74,7,0.0945945945945946,4,0,0,0.05405405405405406,0.0,0.0,78,8,0.10256410256410256,5,0,0,0.0641025641025641,0.0,0.0,273.5998189999996,156.02844399999967,0.5702797778532152,177.2240000000001,39,4.544205128205131,72ea8093df3fb11222b7291a784e2272246d6349ad6d5da63900e79412997498,9f81ddd3e1ece099fb5400ba14ba18280c8818346149f168c5660056e4c18f56,70935,b5cc7fd37de65e8e0ea5d9f09ce9e01bc9be27b37c47d7848a4d02644e583178,d901e31e450735a1a5fd8bf88ab62725c2783dd2bf581f2b44739128642ca68b,e962e53b2eb6f58038c1ad08cd4a1ff8f4a593ca220377720acb0608e9793f2f,bebef5f19c7864b2156acb8759850b036034cce106eb0f7c7b7cde11e4870fa4,f4fc63d6dca760e8bc0b6434ee8dec4bdd9596eb54b4fda8c2cf5eed793218dd,/tmp/buckeye_slicer_quiet_run_score_erj0c0uj
s09,s0902a,current_A,86,15,0.1744186046511628,11,1,0,0.12790697674418605,0.011627906976744186,0.0,90,15,0.16666666666666666,11,1,0,0.12222222222222222,0.011111111111111112,0.0,284.41532999999964,207.72444700000014,0.7303560149166376,232.42400000000015,45,5.164977777777781,72ea8093df3fb11222b7291a784e2272246d6349ad6d5da63900e79412997498,7742f46ba78ed9fa88c087d5ec69553ce3988bd974cf12b77459f3fa28b99e2d,79567,6e4e3a7026db4a8ab19000798245755267ff0e68d58a038233d3b26d98dfaa78,477343dc71a0695ddbf89ed9387ee5eda8120c9d7248f25724c3d4a726589a94,514e93f35598da7658911d74c81442399878391218dd333f1f2c8641e06876d0,b21247c5e6c398e0fb827d529df68efb4319ab81d2fa42f1c583de4c6aa0c21f,1fe5be97ab7d58add733096cabc31c2e68544514400a1403e07f4d07e7c72b9e,/tmp/buckeye_slicer_current_A_vxao_a9n
s09,s0902a,proper_D,79,16,0.20253164556962025,11,1,0,0.13924050632911392,0.012658227848101266,0.0,80,16,0.2,11,1,0,0.1375,0.0125,0.0,284.41532999999964,197.12761199999989,0.6930977032778091,221.36000000000004,40,5.534000000000001,b35b56fbf50e01487bef7f59ef870fe839ea7b8d3f84afb9014d7c5503a3e4dc,7742f46ba78ed9fa88c087d5ec69553ce3988bd974cf12b77459f3fa28b99e2d,79567,716c2af9b3720f08308d4f410b6eb281e327774da37e941dd360a8874c610be7,1b599608e8f5f4a82cff5697a4dceb183964d848d0e65d765477a99b2cc455a1,0919e4d3dc298f2dade2e382b6adeba810a7c1d7c4d1b82de67ea99d91aefc7a,12c18bcad410903c5dc8bc7800f2f9c268dfe8a5d1e4faec6e3272c528b418b4,c57b43f0136494e13b58dbcf234174b2cb1d4fd407a1c869733a7341e345e7ff,/tmp/buckeye_slicer_proper_D_i09p3gj9
s09,s0902a,min_quiet_run_64ms,79,13,0.16455696202531644,11,0,0,0.13924050632911392,0.0,0.0,82,13,0.15853658536585366,11,0,0,0.13414634146341464,0.0,0.0,284.41532999999964,191.6276440000001,0.6737598989477829,214.73600000000008,41,5.237463414634148,72ea8093df3fb11222b7291a784e2272246d6349ad6d5da63900e79412997498,147296b66139fb1e25f990a73fc8504c73dcc082cbd7ad0e1f082f2cacec28a9,79567,6e4e3a7026db4a8ab19000798245755267ff0e68d58a038233d3b26d98dfaa78,477343dc71a0695ddbf89ed9387ee5eda8120c9d7248f25724c3d4a726589a94,f3dcbfa687a4f27050e66ae8e4369077af996bf29b3904e6d230121b542bb399,b0d4465ab9fb2d5acdace25202d4549ef0f998397024cf3f360f866719adb275,53bde99e2fe627fca749200ecf03bb6536f63f66cd4da66992246a5f9ae5df17,/tmp/buckeye_slicer_min_quiet_run_64ms_14dy_keh
s09,s0902a,quiet_run_score,87,17,0.19540229885057472,13,1,0,0.14942528735632185,0.011494252873563218,0.0,94,18,0.19148936170212766,14,1,0,0.14893617021276595,0.010638297872340425,0.0,284.41532999999964,205.96414600000008,0.7241668232158947,230.2880000000002,47,4.899744680851068,72ea8093df3fb11222b7291a784e2272246d6349ad6d5da63900e79412997498,9f81ddd3e1ece099fb5400ba14ba18280c8818346149f168c5660056e4c18f56,79567,6e4e3a7026db4a8ab19000798245755267ff0e68d58a038233d3b26d98dfaa78,477343dc71a0695ddbf89ed9387ee5eda8120c9d7248f25724c3d4a726589a94,514e93f35598da7658911d74c81442399878391218dd333f1f2c8641e06876d0,715fa70b8a6cf824ffa39ff2f3b331400fb2070f9fd1760abf57c5ef24c56728,10f729ec776be133c613f871c20fea7d2a9c02522daba9523f7b86b9b2033be4,/tmp/buckeye_slicer_quiet_run_score_qek4gj6s
s09,s0902b,current_A,70,10,0.14285714285714285,6,0,0,0.08571428571428572,0.0,0.0,74,10,0.13513513513513514,6,0,0,0.08108108108108109,0.0,0.0,254.63442900000018,175.4186140000001,0.6889037538596164,197.23200000000008,37,5.330594594594597,72ea8093df3fb11222b7291a784e2272246d6349ad6d5da63900e79412997498,7742f46ba78ed9fa88c087d5ec69553ce3988bd974cf12b77459f3fa28b99e2d,66675,104928c750349caa35ef60425d7db079b7f952cdedd3e3e434b754d6166a9c26,5a2f93829962381a49f06a85f64a57c45ebe203d8312a5335064ac33fc8fdad4,eb3bd582145fa18208b624d11de840fae00d600381329fae0b7656a9c253bd12,95287e002761195b54671828516137755dc6bbb802f416040f76bbcd642e2bdd,5b2db9330ae5e0c456c4cd723e63e9fc86d5e3b37fb76932c6c23c8e4a01d32a,/tmp/buckeye_slicer_current_A_ebgpqqsg
s09,s0902b,proper_D,70,9,0.12857142857142856,6,0,0,0.08571428571428572,0.0,0.0,74,9,0.12162162162162163,6,0,0,0.08108108108108109,0.0,0.0,254.63442900000018,170.42160600000005,0.6692795105095546,192.52800000000002,37,5.20345945945946,b35b56fbf50e01487bef7f59ef870fe839ea7b8d3f84afb9014d7c5503a3e4dc,7742f46ba78ed9fa88c087d5ec69553ce3988bd974cf12b77459f3fa28b99e2d,66675,84d1165640be5f154b0224fe1e35baac5f2e37f05019891552110a400a346021,f64ed244dbb79343f7fa4357fd79bb9dd29d75e78f8f7d9af210b4e8da8a19bc,bb34702cd68053e21b3bb03fed3b26155bc959243a24db3fd72924f45965424b,44d6020190eaadf981031a707ca994b3e615fe683b74bccb66dabc4fd4571466,291e30684475e76db74a3f1fb5d98f8fcb5c16cbc7f9a1a772a830b578453243,/tmp/buckeye_slicer_proper_D_yclvd05r
s09,s0902b,min_quiet_run_64ms,69,9,0.13043478260869565,6,0,0,0.08695652173913043,0.0,0.0,74,10,0.13513513513513514,7,0,0,0.0945945945945946,0.0,0.0,254.63442900000018,173.290031,0.680544385457003,194.2880000000001,37,5.25102702702703,72ea8093df3fb11222b7291a784e2272246d6349ad6d5da63900e79412997498,147296b66139fb1e25f990a73fc8504c73dcc082cbd7ad0e1f082f2cacec28a9,66675,104928c750349caa35ef60425d7db079b7f952cdedd3e3e434b754d6166a9c26,5a2f93829962381a49f06a85f64a57c45ebe203d8312a5335064ac33fc8fdad4,824c3380cdf9d9e714c8640c6902419833e5697b356b470909adf77b6c8642af,139669d7bfa6cb6c5b83efec8ef195331668000f52ed78c8145b4d2dbd32d9f8,a39030be553e651af0e3227b10739e4bdd92cef6a740908e3a688f4cdc7ecf8f,/tmp/buckeye_slicer_min_quiet_run_64ms___9ifwj5
s09,s0902b,quiet_run_score,71,9,0.1267605633802817,5,0,0,0.07042253521126761,0.0,0.0,76,9,0.11842105263157894,5,0,0,0.06578947368421052,0.0,0.0,254.63442900000018,172.26701100000002,0.6765267826370797,191.71199999999993,38,5.045052631578946,72ea8093df3fb11222b7291a784e2272246d6349ad6d5da63900e79412997498,9f81ddd3e1ece099fb5400ba14ba18280c8818346149f168c5660056e4c18f56,66675,104928c750349caa35ef60425d7db079b7f952cdedd3e3e434b754d6166a9c26,5a2f93829962381a49f06a85f64a57c45ebe203d8312a5335064ac33fc8fdad4,eb3bd582145fa18208b624d11de840fae00d600381329fae0b7656a9c253bd12,6b61ac6d4a0fc0c7a95c32e3bf2300634efa681247d47e0612f95f1333406277,a3f9cac62774ea8b71e93773547f26d8532cf58d1a568f906513c57b1f43baad,/tmp/buckeye_slicer_quiet_run_score_tiksawjk
s09,s0903a,current_A,87,11,0.12643678160919541,5,2,0,0.05747126436781609,0.022988505747126436,0.0,92,13,0.14130434782608695,7,4,0,0.07608695652173914,0.043478260869565216,0.0,327.9295140000001,217.1623169999998,0.6622225439580279,243.18399999999997,46,5.286608695652173,72ea8093df3fb11222b7291a784e2272246d6349ad6d5da63900e79412997498,7742f46ba78ed9fa88c087d5ec69553ce3988bd974cf12b77459f3fa28b99e2d,75003,18bd8b33f7ffdfbec3c4b472b9ac9f9f603b519f4fc403cf031cac276a936e28,aaa2e56704bd1c0d8ca8c605148aee260585d40e6351c631d276e085267cadc4,fdba7b6aebd9f09368ee6c3cc516833cb7e403bb4fbcee2564383e37a886db96,36b98491fd8718e14e445d9c995209002df98d730ae0d992ba6a61ccaa01fc54,0dce6d58c6512f98a1082329b09f1c0927a98ae3553fc1533776a077dda8c5b3,/tmp/buckeye_slicer_current_A_vznbmo78
s09,s0903a,proper_D,84,5,0.05952380952380952,3,1,0,0.03571428571428571,0.011904761904761904,0.0,88,6,0.06818181818181818,4,2,0,0.045454545454545456,0.022727272727272728,0.0,327.9295140000001,201.83622799999992,0.6154866194812824,227.8960000000002,44,5.179454545454551,b35b56fbf50e01487bef7f59ef870fe839ea7b8d3f84afb9014d7c5503a3e4dc,7742f46ba78ed9fa88c087d5ec69553ce3988bd974cf12b77459f3fa28b99e2d,75003,0740f98f5ba88dd3f797a15add701cf6516014c6984c3361d2af9b1c2a6be01e,f8f6fa4a6b7260c9a44a8e0eda217f04dfcb6c46bd51baf87c0e7eb7fa460b57,ad2f933aab4448873c8d98367d27f856e6c781cce37f3f3c4c0f9f43f5287ded,f4585c3e557055a88e0c5b9d4354b601d8c87b6d5643c7fc1bcb336cd9416d7b,fed6c7915635cb2c59c29bc3f180d813e0c9761556fbd81360927ff61e837349,/tmp/buckeye_slicer_proper_D_58cx74ke
s09,s0903a,min_quiet_run_64ms,86,9,0.10465116279069768,5,2,0,0.05813953488372093,0.023255813953488372,0.0,90,11,0.12222222222222222,7,4,0,0.07777777777777778,0.044444444444444446,0.0,327.9295140000001,211.04737199999983,0.6435754117575393,236.744,45,5.260977777777778,72ea8093df3fb11222b7291a784e2272246d6349ad6d5da63900e79412997498,147296b66139fb1e25f990a73fc8504c73dcc082cbd7ad0e1f082f2cacec28a9,75003,18bd8b33f7ffdfbec3c4b472b9ac9f9f603b519f4fc403cf031cac276a936e28,aaa2e56704bd1c0d8ca8c605148aee260585d40e6351c631d276e085267cadc4,c68d05d25ee1992af49e723e5a440981baf8cb038815a5f58dc2b7221ae488b1,ff510d479cdedfd7c9de692f193d92470192f6d2c3f165e592f63f835e3a23ca,22378172501c5c3788a215c9abf4852abfa00504916488724cc383ce7a0fa1b8,/tmp/buckeye_slicer_min_quiet_run_64ms_7b87lkp_
s09,s0903a,quiet_run_score,88,8,0.09090909090909091,6,2,1,0.06818181818181818,0.022727272727272728,0.011363636363636364,94,10,0.10638297872340426,8,3,1,0.0851063829787234,0.031914893617021274,0.010638297872340425,327.9295140000001,214.38425599999988,0.6537510252889278,239.15200000000004,47,5.088340425531916,72ea8093df3fb11222b7291a784e2272246d6349ad6d5da63900e79412997498,9f81ddd3e1ece099fb5400ba14ba18280c8818346149f168c5660056e4c18f56,75003,18bd8b33f7ffdfbec3c4b472b9ac9f9f603b519f4fc403cf031cac276a936e28,aaa2e56704bd1c0d8ca8c605148aee260585d40e6351c631d276e085267cadc4,fdba7b6aebd9f09368ee6c3cc516833cb7e403bb4fbcee2564383e37a886db96,5d98053de5fbeed67854691f8fe6c57a204c9865273a5972b0a4026529339035,0d372a04298a8e307fc35578e7fea3819246485e18101b658e54f74555e7ae15,/tmp/buckeye_slicer_quiet_run_score_qhr5x_a7
s09,s0903b,current_A,53,8,0.1509433962264151,4,1,0,0.07547169811320754,0.018867924528301886,0.0,56,9,0.16071428571428573,5,1,0,0.08928571428571429,0.017857142857142856,0.0,208.15898099999947,134.34184199999993,0.645380955242091,147.7120000000001,28,5.275428571428575,72ea8093df3fb11222b7291a784e2272246d6349ad6d5da63900e79412997498,7742f46ba78ed9fa88c087d5ec69553ce3988bd974cf12b77459f3fa28b99e2d,69168,616caea4bc5ad1d395ce716b5178a286e678750013d4041d65dde38319da5c38,a07092280a3d657890b43109f5eb1e16bd8b47da74444f4d601b413533862f08,26d865c2bbde8450a377338f1ee402a7f8fdb672f6a0063c461aa13751e44943,7b0de5df54bfee6f087222a42d269ca7b8bb78b9b26491075efcf7a0dcbf165e,d1627f3664ebac884e1ff6e479db8208597b66c87dc31a7f02d2e1ddcc7dfb13,/tmp/buckeye_slicer_current_A_s4z2g44h
s09,s0903b,proper_D,42,8,0.19047619047619047,4,1,0,0.09523809523809523,0.023809523809523808,0.0,44,9,0.20454545454545456,5,1,0,0.11363636363636363,0.022727272727272728,0.0,208.15898099999947,109.49112999999993,0.5259976267850783,121.58399999999995,22,5.526545454545452,b35b56fbf50e01487bef7f59ef870fe839ea7b8d3f84afb9014d7c5503a3e4dc,7742f46ba78ed9fa88c087d5ec69553ce3988bd974cf12b77459f3fa28b99e2d,69168,f866a5a720a7cce936f8f1bd2028ec99b3323287df98c378ad66eba7475527c2,b928976b5fac615ae3fddd3ae7f17bb723f659628b84eddf5bbf628bb570ffcb,fcc7bbdca129b6cefd85d852e09d291d6ea849f64efa2c87c90c726bfc9473aa,edfea7a8e454fa2f9488298756899d1072d08ec9813e762b645d7538b99d63a1,999939952629d12dc81a44cf37389e67c79510a521d1f6aa2c77bdf01cd2e89a,/tmp/buckeye_slicer_proper_D_w3_9s_c0
s09,s0903b,min_quiet_run_64ms,53,8,0.1509433962264151,4,1,0,0.07547169811320754,0.018867924528301886,0.0,56,9,0.16071428571428573,5,1,0,0.08928571428571429,0.017857142857142856,0.0,208.15898099999947,134.34184199999993,0.645380955242091,147.7120000000001,28,5.275428571428575,72ea8093df3fb11222b7291a784e2272246d6349ad6d5da63900e79412997498,147296b66139fb1e25f990a73fc8504c73dcc082cbd7ad0e1f082f2cacec28a9,69168,616caea4bc5ad1d395ce716b5178a286e678750013d4041d65dde38319da5c38,a07092280a3d657890b43109f5eb1e16bd8b47da74444f4d601b413533862f08,eac7c6e1c8eab4c93231cc65b7a1b27c44b9f03eb1ab61dd79d16b1abccd89df,7b0de5df54bfee6f087222a42d269ca7b8bb78b9b26491075efcf7a0dcbf165e,d1627f3664ebac884e1ff6e479db8208597b66c87dc31a7f02d2e1ddcc7dfb13,/tmp/buckeye_slicer_min_quiet_run_64ms_8hv_s5dl
s09,s0903b,quiet_run_score,53,8,0.1509433962264151,3,0,0,0.05660377358490566,0.0,0.0,56,8,0.14285714285714285,3,0,0,0.05357142857142857,0.0,0.0,208.15898099999947,132.79539199999994,0.6379517778288907,145.57600000000014,28,5.199142857142862,72ea8093df3fb11222b7291a784e2272246d6349ad6d5da63900e79412997498,9f81ddd3e1ece099fb5400ba14ba18280c8818346149f168c5660056e4c18f56,69168,616caea4bc5ad1d395ce716b5178a286e678750013d4041d65dde38319da5c38,a07092280a3d657890b43109f5eb1e16bd8b47da74444f4d601b413533862f08,26d865c2bbde8450a377338f1ee402a7f8fdb672f6a0063c461aa13751e44943,deb9b221e326b5cd1719e9cb7575d6bba7f5e7c11667bb242b18744fcf52cdab,0434e097eb3cdc206224f4f5966e0b2881355552b4bbf8f47056dbc1d39593bc,/tmp/buckeye_slicer_quiet_run_score_mjbh4y2m
s10,s1001a,current_A,96,7,0.07291666666666667,5,1,1,0.052083333333333336,0.010416666666666666,0.010416666666666666,106,9,0.08490566037735849,7,2,2,0.0660377358490566,0.018867924528301886,0.018867924528301886,338.27082600000017,278.35283799999996,0.8228697735819518,312.9599999999995,53,5.9049056603773495,72ea8093df3fb11222b7291a784e2272246d6349ad6d5da63900e79412997498,7742f46ba78ed9fa88c087d5ec69553ce3988bd974cf12b77459f3fa28b99e2d,74376,107607e2ba1d76c3c39442d05d44a58a391926012b429e9dad3cdf40649f0d59,e257fcf45905c121693fa88fe5e9c14e97ac3c968c08b039848fda022c137c9c,6a2b12f27f39268a62b1f8677ba47dc05720bd6d2d01175102480b2de9225be2,521fcc3703af584a0a049c861e717cc83cced51b8c2b0472b25482712481d19b,922a9f6c27c3f3d7accec3b8be43802e5e6e1ddbf24dbc5223b4ccce8a20b5d0,/tmp/buckeye_slicer_current_A_k0hyzxxz
s10,s1001a,proper_D,88,4,0.045454545454545456,3,1,1,0.03409090909090909,0.011363636363636364,0.011363636363636364,98,6,0.061224489795918366,5,2,2,0.05102040816326531,0.02040816326530612,0.02040816326530612,338.27082600000017,256.696094,0.7588478646988017,290.3759999999999,49,5.926040816326529,b35b56fbf50e01487bef7f59ef870fe839ea7b8d3f84afb9014d7c5503a3e4dc,7742f46ba78ed9fa88c087d5ec69553ce3988bd974cf12b77459f3fa28b99e2d,74376,013ca51f4d846cb97fe46a30bd15eac2a3c853a0c979b09f573db657e38e1b7c,3ee5534c43c0e9eca8f754983e109fe12680b5f522905942d91d2f3d39829f64,6fa00241d9e8b090e2d7e738482c7d3a15db6247ffe396a7f2c3dd6316a31a24,052309cb613100e7748e9d3a95add9108d07d0f3f3b5fe84ce4ce7e65daf172a,65a553a20b640eee3be79e7b662b8d96f6bfb82d2b8c8d8e929ce28b42e20883,/tmp/buckeye_slicer_proper_D_281cwd8d
s10,s1001a,min_quiet_run_64ms,96,6,0.0625,4,1,1,0.041666666666666664,0.010416666666666666,0.010416666666666666,106,8,0.07547169811320754,6,2,2,0.05660377358490566,0.018867924528301886,0.018867924528301886,338.27082600000017,278.678838,0.823833498428859,313.26399999999956,53,5.910641509433954,72ea8093df3fb11222b7291a784e2272246d6349ad6d5da63900e79412997498,147296b66139fb1e25f990a73fc8504c73dcc082cbd7ad0e1f082f2cacec28a9,74376,107607e2ba1d76c3c39442d05d44a58a391926012b429e9dad3cdf40649f0d59,e257fcf45905c121693fa88fe5e9c14e97ac3c968c08b039848fda022c137c9c,9a4e083249238b8bf074eca67b66f8e74f5063ba66f7524441f5a2ea4efd8314,c9e33a34066568d135ce0ab81c9d35fac18a8f2d25e03efdce9af9c3881c60b7,369a90ea1eb7e67c1284afd728ea5266b88ca7f6d59cd70789228dbdcf2a008e,/tmp/buckeye_slicer_min_quiet_run_64ms_lsmby_8_
s10,s1001a,quiet_run_score,98,8,0.08163265306122448,6,2,1,0.061224489795918366,0.02040816326530612,0.01020408163265306,108,10,0.09259259259259259,8,3,2,0.07407407407407407,0.027777777777777776,0.018518518518518517,338.27082600000017,270.3478839999999,0.7992054390170785,302.8959999999996,54,5.609185185185178,72ea8093df3fb11222b7291a784e2272246d6349ad6d5da63900e79412997498,9f81ddd3e1ece099fb5400ba14ba18280c8818346149f168c5660056e4c18f56,74376,107607e2ba1d76c3c39442d05d44a58a391926012b429e9dad3cdf40649f0d59,e257fcf45905c121693fa88fe5e9c14e97ac3c968c08b039848fda022c137c9c,6a2b12f27f39268a62b1f8677ba47dc05720bd6d2d01175102480b2de9225be2,a8c8fc152959312dfdd89940875f334dc7bde2e2d706704a853cc704b4c1cbfa,c40f23c6a6199efe22d7d3c162a1d31240aa604fdbd0c6bd2054b5f5cdc5f7f6,/tmp/buckeye_slicer_quiet_run_score_q8lnbe4x
s10,s1001b,current_A,129,21,0.16279069767441862,12,2,0,0.09302325581395349,0.015503875968992248,0.0,140,24,0.17142857142857143,15,3,0,0.10714285714285714,0.02142857142857143,0.0,408.47848400000026,330.9221399999999,0.8101335883336261,377.5679999999998,70,5.3938285714285685,72ea8093df3fb11222b7291a784e2272246d6349ad6d5da63900e79412997498,7742f46ba78ed9fa88c087d5ec69553ce3988bd974cf12b77459f3fa28b99e2d,71882,2ee98a3e956e0a9d532d17198567d23c0c0123c11a2c5b03a3bf946eb9251ed3,c0a62484729517b77bb6e0b6f5841924c0ed1c19960e4b8bb13a27f856b8f90c,f88e2e6d6c2043cc6b8f4f90217d576727145927578f58ad9878e078eaf5c936,982d1c97dec7c9a065f508eb9d17f99578e1796a0dc4bf4e3b11d1d8d353e43e,e9f9d2f49a8d31b7326ebaefcdfe276cf7a583a50965058bd07b8cd1734cd717,/tmp/buckeye_slicer_current_A_mgpp54yz
s10,s1001b,proper_D,106,11,0.10377358490566038,7,0,0,0.0660377358490566,0.0,0.0,114,11,0.09649122807017543,7,0,0,0.06140350877192982,0.0,0.0,408.47848400000026,279.087131,0.6832358176299925,319.8399999999999,57,5.611228070175438,b35b56fbf50e01487bef7f59ef870fe839ea7b8d3f84afb9014d7c5503a3e4dc,7742f46ba78ed9fa88c087d5ec69553ce3988bd974cf12b77459f3fa28b99e2d,71882,dd974b480c91df5265bf47d836b09d0d6fb609ad4ee526f27688b50056ab0102,6bababb0b92096015a8619d8f3cbe66058b5bacf0a94ce39b184623932680b96,c2e5b157f6a494a2b78bbd0f0b78b886e029db011095f44710bc76c84fd3a9fc,d04bbd59ffe5b26c2bd8d3102bf3adc4b997ede4a9f1131308114f22f2d3be1f,eb6c3b0b551622270a00e46101f5deb7fa0794f3cf2e1a06470dbb02d0354cd0,/tmp/buckeye_slicer_proper_D_ai63e7y8
s10,s1001b,min_quiet_run_64ms,124,17,0.13709677419354838,9,1,0,0.07258064516129033,0.008064516129032258,0.0,136,21,0.15441176470588236,12,2,0,0.08823529411764706,0.014705882352941176,0.0,408.47848400000026,324.58659099999977,0.7946234715265922,369.8559999999999,68,5.43905882352941,72ea8093df3fb11222b7291a784e2272246d6349ad6d5da63900e79412997498,147296b66139fb1e25f990a73fc8504c73dcc082cbd7ad0e1f082f2cacec28a9,71882,2ee98a3e956e0a9d532d17198567d23c0c0123c11a2c5b03a3bf946eb9251ed3,c0a62484729517b77bb6e0b6f5841924c0ed1c19960e4b8bb13a27f856b8f90c,af8686ffcbc7bc4475538fed55f55a5eeccba920c334fec0fdc12309783343bb,31d58a801a7dbc2a1b4d9f825d0299d63c2769d3c524cdec6378b78be1551bba,f0af50474417fb47fb4a013e4a5dcf1eed307369456fe077e317cb4f259b62e0,/tmp/buckeye_slicer_min_quiet_run_64ms_p82vb92t
s10,s1001b,quiet_run_score,130,19,0.14615384615384616,12,2,0,0.09230769230769231,0.015384615384615385,0.0,142,21,0.14788732394366197,14,3,0,0.09859154929577464,0.02112676056338028,0.0,408.47848400000026,325.81800699999974,0.7976381125621284,369.80799999999977,71,5.208563380281687,72ea8093df3fb11222b7291a784e2272246d6349ad6d5da63900e79412997498,9f81ddd3e1ece099fb5400ba14ba18280c8818346149f168c5660056e4c18f56,71882,2ee98a3e956e0a9d532d17198567d23c0c0123c11a2c5b03a3bf946eb9251ed3,c0a62484729517b77bb6e0b6f5841924c0ed1c19960e4b8bb13a27f856b8f90c,f88e2e6d6c2043cc6b8f4f90217d576727145927578f58ad9878e078eaf5c936,3a2a8e913ccf2467e40230fb7c01c2d8571a2e6df783df4829b1b8a62c5f2f3b,90051bdf6ab547e9194f3d99d1c04d9472a5949056a2787e5f7a88f49d87c4b9,/tmp/buckeye_slicer_quiet_run_score_et9wdxvh
s10,s1002a,current_A,116,18,0.15517241379310345,10,1,0,0.08620689655172414,0.008620689655172414,0.0,130,22,0.16923076923076924,12,1,0,0.09230769230769231,0.007692307692307693,0.0,397.357996,324.11492099999987,0.8156748429947283,371.13599999999985,65,5.7097846153846135,72ea8093df3fb11222b7291a784e2272246d6349ad6d5da63900e79412997498,7742f46ba78ed9fa88c087d5ec69553ce3988bd974cf12b77459f3fa28b99e2d,74751,54657bcdd765b525decb64aee67a642af913ebb52cc62f045e0ea904ac2e59f7,a3a6fea8063199f4925c5e2037c3aea774a423060d6b9567db1eb36e0beb6a68,d230ef89de233cb9a4b5953ef19e822b31f0cddd8587815df9897a81b34551af,7f47fcdcae0439e50254811aa106763f4fb3f179f3b171452d774957f9ebf004,05598f4a0142c765e41bd58da5b6424d54e5f49163a3ef9442544e477956d3c7,/tmp/buckeye_slicer_current_A_263l7oxf
s10,s1002a,proper_D,101,16,0.15841584158415842,6,0,0,0.0594059405940594,0.0,0.0,114,19,0.16666666666666666,7,0,0,0.06140350877192982,0.0,0.0,397.357996,281.76159900000005,0.7090875277114093,325.5440000000001,57,5.711298245614037,b35b56fbf50e01487bef7f59ef870fe839ea7b8d3f84afb9014d7c5503a3e4dc,7742f46ba78ed9fa88c087d5ec69553ce3988bd974cf12b77459f3fa28b99e2d,74751,0b0cf70ba6ab8ba5e2cbd7cc9adb51dbd12ad468e2dd0a4cb6a778f657d7f576,8dcd52adafef4fd22dbe8578fdf734fe3097942b41b35f4ba7c3024eb226b27e,5a25be1506477853446ce337038da830ecd308938dd3aaab8620466e062b780c,67d4e39847ff631491ebf20b7db92b284bfc6ff7b9d7dda37f3f6b7d1be447b8,ba661874461abd78f274c8203120272a1196d5e4f9a33d099cc88a7035b12592,/tmp/buckeye_slicer_proper_D_xqb048j9
s10,s1002a,min_quiet_run_64ms,116,18,0.15517241379310345,10,1,0,0.08620689655172414,0.008620689655172414,0.0,128,22,0.171875,12,1,0,0.09375,0.0078125,0.0,397.357996,319.7269269999998,0.8046319193737825,365.8239999999999,64,5.715999999999998,72ea8093df3fb11222b7291a784e2272246d6349ad6d5da63900e79412997498,147296b66139fb1e25f990a73fc8504c73dcc082cbd7ad0e1f082f2cacec28a9,74751,54657bcdd765b525decb64aee67a642af913ebb52cc62f045e0ea904ac2e59f7,a3a6fea8063199f4925c5e2037c3aea774a423060d6b9567db1eb36e0beb6a68,ce664527c20fb36dfeaa2b3067342859de98f3d488fea202df07d7ce8351b4e1,7a440a7a6cee4b025b484dea4a202173b72d01fda55d7abd1fa0d443e5592802,3a757cafa145d849f27f9035d613ad704b41889883fa41416ac8f7a0b4e5f826,/tmp/buckeye_slicer_min_quiet_run_64ms_ugo1nto4
s10,s1002a,quiet_run_score,116,12,0.10344827586206896,6,0,0,0.05172413793103448,0.0,0.0,132,13,0.09848484848484848,7,0,0,0.05303030303030303,0.0,0.0,397.357996,312.9198009999999,0.7875009541773507,357.14399999999983,66,5.411272727272725,72ea8093df3fb11222b7291a784e2272246d6349ad6d5da63900e79412997498,9f81ddd3e1ece099fb5400ba14ba18280c8818346149f168c5660056e4c18f56,74751,54657bcdd765b525decb64aee67a642af913ebb52cc62f045e0ea904ac2e59f7,a3a6fea8063199f4925c5e2037c3aea774a423060d6b9567db1eb36e0beb6a68,d230ef89de233cb9a4b5953ef19e822b31f0cddd8587815df9897a81b34551af,b655288392d40f2ba32754ab71adfe9035a55441b31e16beddb2709a1c552725,5a4a2b3c0092be456df7bf7d8337e9fd9af7be05fd47c87f3840db2a5954112e,/tmp/buckeye_slicer_quiet_run_score_jf00j7od
s10,s1002b,current_A,117,10,0.08547008547008547,4,2,0,0.03418803418803419,0.017094017094017096,0.0,134,14,0.1044776119402985,5,3,0,0.03731343283582089,0.022388059701492536,0.0,409.7904379999997,333.92276500000025,0.8148622662591275,379.79200000000003,67,5.668537313432836,72ea8093df3fb11222b7291a784e2272246d6349ad6d5da63900e79412997498,7742f46ba78ed9fa88c087d5ec69553ce3988bd974cf12b77459f3fa28b99e2d,71180,908f2d0bd517570c7a49b98a97321cd5588e9f9e45fe630787b9cf39941abd2c,07d1b81b769f9e0dff37855944b3d2362d6b1ff412501232bc827cb14eaed432,9c08bb534b06ad879e07626a05d9b526df1d19aea4ce2efb891e5d3e0279e47b,f373090de2581a0e38fdd79f9b996e92b00eddff0c9b1571961b5e6a5d020f82,846a5136a749636ad1b957f7f86296d23d58dfa0e0117c1fc198e57101be800f,/tmp/buckeye_slicer_current_A_ns35hmk4
s10,s1002b,proper_D,105,10,0.09523809523809523,5,1,0,0.047619047619047616,0.009523809523809525,0.0,116,11,0.09482758620689655,6,1,0,0.05172413793103448,0.008620689655172414,0.0,409.7904379999997,298.9989740000001,0.7296387281735459,341.664,58,5.890758620689655,b35b56fbf50e01487bef7f59ef870fe839ea7b8d3f84afb9014d7c5503a3e4dc,7742f46ba78ed9fa88c087d5ec69553ce3988bd974cf12b77459f3fa28b99e2d,71180,44fcecf228122cd98b31204de7542a1b5046e182072eef983406c4e5ec055fc3,4f30ea14bda51dde2a5cf247e3d5f57c1ff02a5835ded252cb104ac36542c781,3639867b4213f2baf45c4019618d5bd03b096417a9aeae1f8094a94993351760,c66f90a95668d94fcfe26eb3396d887bd5429b619056e941efc3fa45d84c0db3,4bd6b1bebb4373f744262cec79866f8ae2207421479f465463ec0fcf702055df,/tmp/buckeye_slicer_proper_D_wphpl6z9
s10,s1002b,min_quiet_run_64ms,116,10,0.08620689655172414,5,3,0,0.04310344827586207,0.02586206896551724,0.0,132,13,0.09848484848484848,6,4,0,0.045454545454545456,0.030303030303030304,0.0,409.7904379999997,329.10108600000024,0.803096059552274,374.81600000000003,66,5.679030303030303,72ea8093df3fb11222b7291a784e2272246d6349ad6d5da63900e79412997498,147296b66139fb1e25f990a73fc8504c73dcc082cbd7ad0e1f082f2cacec28a9,71180,908f2d0bd517570c7a49b98a97321cd5588e9f9e45fe630787b9cf39941abd2c,07d1b81b769f9e0dff37855944b3d2362d6b1ff412501232bc827cb14eaed432,8141a7814dbe14746609e141d0afabf1f3a31eafaf82278f9b8f9f94c3d58428,cc559a63ec81bb4d866b179374e2ff36f8ec59ab850dc2b9b1d8f97dc8d80e51,8e0fea811348d76d8784f4c4033b4fe148330f21df6ccce941dd5d3712bbf53d,/tmp/buckeye_slicer_min_quiet_run_64ms_nsxfjmqy
s10,s1002b,quiet_run_score,120,7,0.058333333333333334,4,2,0,0.03333333333333333,0.016666666666666666,0.0,140,9,0.06428571428571428,5,3,0,0.03571428571428571,0.02142857142857143,0.0,409.7904379999997,323.7500430000001,0.7900380608685661,366.85599999999994,70,5.240799999999999,72ea8093df3fb11222b7291a784e2272246d6349ad6d5da63900e79412997498,9f81ddd3e1ece099fb5400ba14ba18280c8818346149f168c5660056e4c18f56,71180,908f2d0bd517570c7a49b98a97321cd5588e9f9e45fe630787b9cf39941abd2c,07d1b81b769f9e0dff37855944b3d2362d6b1ff412501232bc827cb14eaed432,9c08bb534b06ad879e07626a05d9b526df1d19aea4ce2efb891e5d3e0279e47b,c8948215fe10b5f5e20f9d12d04b902816ab36b412210056783b112147f7a400,0653be2f1ce48445499b7d6cae77ac5a0f41a4ccfe8d37405a4e290cc0303ea2,/tmp/buckeye_slicer_quiet_run_score_r1u3ryvo
s10,s1003b,current_A,109,10,0.09174311926605505,7,2,0,0.06422018348623854,0.01834862385321101,0.0,128,13,0.1015625,10,2,0,0.078125,0.015625,0.0,401.8676450000002,339.0797140000004,0.8437596761490969,389.92799999999977,64,6.092624999999996,72ea8093df3fb11222b7291a784e2272246d6349ad6d5da63900e79412997498,7742f46ba78ed9fa88c087d5ec69553ce3988bd974cf12b77459f3fa28b99e2d,71334,b462fd19310b9ceac88b99a9c1aa1911597e8a3549e697aaddaec223788eacdd,f8a47cb1f7d6f8be80f249aecfeacb3f7f078dcbca98ff1f14b41582ad857028,9ee1c1c3e6a65daa5a7dda810b5eb9d8fe7c8658194d3d391c881bb4a3952fc2,3d3003de0c22230c59514204c636d3c959ff9dea9b6896376b7ee4c69bd7661e,cfbd9f6a096fd3f5741d5054bd6e076b0c9d959cbb2bb3110a11cdf393e97088,/tmp/buckeye_slicer_current_A_urey03lm
s10,s1003b,proper_D,96,10,0.10416666666666667,6,2,1,0.0625,0.020833333333333332,0.010416666666666666,110,14,0.12727272727272726,7,3,2,0.06363636363636363,0.02727272727272727,0.01818181818181818,401.8676450000002,287.22845000000035,0.7147339517716093,331.88800000000003,55,6.034327272727273,b35b56fbf50e01487bef7f59ef870fe839ea7b8d3f84afb9014d7c5503a3e4dc,7742f46ba78ed9fa88c087d5ec69553ce3988bd974cf12b77459f3fa28b99e2d,71334,ff6b9a0a411641e223f2e7bc9851bc2931c26f1eb6e0a55d6daefa6bc7ed838a,8ae7d5ffff208cbad2e5ba08e528b8db3bd0e3388071824359f1a0264cfb460b,a66288b717c186d46915b31e24994e0b736708765ccd58d659c110430e0c1cdf,971c6d6716ed0cb63adcb4a2f287760cef1440703826d01c998eced3ee84c949,902ba4670eb3da2091c13af37176cd98d8269974efdaf5afc5f4d735a4671f68,/tmp/buckeye_slicer_proper_D_eflidnyn
s10,s1003b,min_quiet_run_64ms,108,6,0.05555555555555555,5,2,0,0.046296296296296294,0.018518518518518517,0.0,126,6,0.047619047619047616,5,2,0,0.03968253968253968,0.015873015873015872,0.0,401.8676450000002,332.7955560000005,0.8281222938462744,382.6879999999998,63,6.074412698412695,72ea8093df3fb11222b7291a784e2272246d6349ad6d5da63900e79412997498,147296b66139fb1e25f990a73fc8504c73dcc082cbd7ad0e1f082f2cacec28a9,71334,b462fd19310b9ceac88b99a9c1aa1911597e8a3549e697aaddaec223788eacdd,f8a47cb1f7d6f8be80f249aecfeacb3f7f078dcbca98ff1f14b41582ad857028,a9e49a0fb0c962b629b83eed8e105b59ebff6f0684d05fde730c86b28cf5a3ab,0b996ce5a1d2308f5dc6a79b5afc61a66bfeca7ffb37c8ebacb7d162f8cecaea,7920451f22ce128b6620b63f092ec5152fa03720a08a0e5962e0843539f25a14,/tmp/buckeye_slicer_min_quiet_run_64ms_e6dm2tip
s10,s1003b,quiet_run_score,112,9,0.08035714285714286,6,2,0,0.05357142857142857,0.017857142857142856,0.0,132,10,0.07575757575757576,7,2,0,0.05303030303030303,0.015151515151515152,0.0,401.8676450000002,335.63904600000046,0.8351979816638393,384.2479999999999,66,5.821939393939392,72ea8093df3fb11222b7291a784e2272246d6349ad6d5da63900e79412997498,9f81ddd3e1ece099fb5400ba14ba18280c8818346149f168c5660056e4c18f56,71334,b462fd19310b9ceac88b99a9c1aa1911597e8a3549e697aaddaec223788eacdd,f8a47cb1f7d6f8be80f249aecfeacb3f7f078dcbca98ff1f14b41582ad857028,9ee1c1c3e6a65daa5a7dda810b5eb9d8fe7c8658194d3d391c881bb4a3952fc2,a8a698f9fabfa885c0d0094004bf485c2494e0b950212314d4a5777346a3c974,56d3f9b606b773c7168d2177d1c460ce07f0badb8d78a336b0eb4f01b73a93d3,/tmp/buckeye_slicer_quiet_run_score_bizg56t_
s11,s1101a,current_A,92,5,0.05434782608695652,3,0,0,0.03260869565217391,0.0,0.0,92,5,0.05434782608695652,3,0,0,0.03260869565217391,0.0,0.0,285.0435980000001,159.25655800000018,0.5587094715244232,187.27200000000028,46,4.0711304347826145,72ea8093df3fb11222b7291a784e2272246d6349ad6d5da63900e79412997498,7742f46ba78ed9fa88c087d5ec69553ce3988bd974cf12b77459f3fa28b99e2d,75082,a65f4d0444de573db665120dbee0d2a3ac930aa33b062a1732f4d6dbb0efa401,e5f1e908b0168ff7d21190d826a5f59b8d87deba2cbf7fa6a4f79cdf848f9bcc,d902e22bb6deb917c087978b3264108d8348ca1ace75745097c5467c065f0e47,62168ce0509e5b0aeafe51fc112451e8c9407dd0b5b779ae6ad6ba67238e9a11,838866119310f54dc14d18ee4e28cb30f267cacd766dde9cbd2dc3f714646ae6,/tmp/buckeye_slicer_current_A_wje5pscm
s11,s1101a,proper_D,92,6,0.06521739130434782,3,2,0,0.03260869565217391,0.021739130434782608,0.0,92,6,0.06521739130434782,3,2,0,0.03260869565217391,0.021739130434782608,0.0,285.0435980000001,157.4062380000002,0.5522181136655459,185.38400000000007,46,4.030086956521741,b35b56fbf50e01487bef7f59ef870fe839ea7b8d3f84afb9014d7c5503a3e4dc,7742f46ba78ed9fa88c087d5ec69553ce3988bd974cf12b77459f3fa28b99e2d,75082,bbb014a7207127a7d0c685f5fb229712287627b580c1848388b62bec655fe998,0ce960ae773fbe4ba6dad07ade7f23e665446b13db559889c97bc48ef208f7c7,27d4e520afaa30733aee5a2534b0d6310189dec702afdfb59ca9c3b842abbaf2,01c53b12fade03980d766d30cb1238a518a743f0168f3309596997a39935dae7,5a4d0729098b5b736612ded053373e6d2adc366246998ccfd78f4000f1d6a4da,/tmp/buckeye_slicer_proper_D_x8ea_pyk
s11,s1101a,min_quiet_run_64ms,86,5,0.05813953488372093,3,0,0,0.03488372093023256,0.0,0.0,86,5,0.05813953488372093,3,0,0,0.03488372093023256,0.0,0.0,285.0435980000001,149.46285100000023,0.5243508433401132,176.04800000000031,43,4.094139534883729,72ea8093df3fb11222b7291a784e2272246d6349ad6d5da63900e79412997498,147296b66139fb1e25f990a73fc8504c73dcc082cbd7ad0e1f082f2cacec28a9,75082,a65f4d0444de573db665120dbee0d2a3ac930aa33b062a1732f4d6dbb0efa401,e5f1e908b0168ff7d21190d826a5f59b8d87deba2cbf7fa6a4f79cdf848f9bcc,858b6fa610deda76a0f282dc36e0642aaf96c75f078e59f75afdab6a93dd0eaf,a3637c2e4d9aaa1e9767971451e4dc8fd07b06917d52b45b04793d3515c148db,fc2dd6f97aa82f4a1aca9af42e2b5f165dc41f4081547f88a075b567ab24c5b8,/tmp/buckeye_slicer_min_quiet_run_64ms_i2i9t1gv
s11,s1101a,quiet_run_score,92,4,0.043478260869565216,2,0,0,0.021739130434782608,0.0,0.0,92,4,0.043478260869565216,2,0,0,0.021739130434782608,0.0,0.0,285.0435980000001,149.43076600000023,0.5242382816119244,174.24800000000013,46,3.788000000000003,72ea8093df3fb11222b7291a784e2272246d6349ad6d5da63900e79412997498,9f81ddd3e1ece099fb5400ba14ba18280c8818346149f168c5660056e4c18f56,75082,a65f4d0444de573db665120dbee0d2a3ac930aa33b062a1732f4d6dbb0efa401,e5f1e908b0168ff7d21190d826a5f59b8d87deba2cbf7fa6a4f79cdf848f9bcc,d902e22bb6deb917c087978b3264108d8348ca1ace75745097c5467c065f0e47,fa78b2e57e19289aa7e2027260157681eaca983e1db2850bccced499c0a57959,bdde770331290fc6893c80759a8f8abda3d07e53e8ea54fee795ca714b54f5a2,/tmp/buckeye_slicer_quiet_run_score_hnmib2il
s11,s1102a,current_A,70,5,0.07142857142857142,4,0,0,0.05714285714285714,0.0,0.0,70,5,0.07142857142857142,4,0,0,0.05714285714285714,0.0,0.0,238.4946670000003,126.94722400000018,0.5322853781044924,145.12800000000004,35,4.146514285714287,72ea8093df3fb11222b7291a784e2272246d6349ad6d5da63900e79412997498,7742f46ba78ed9fa88c087d5ec69553ce3988bd974cf12b77459f3fa28b99e2d,57721,b4c680e897c85f336578d41114edafdf0eea081b9cd811ff54a34ef00b13120a,b4a19a851a7ca77c773689a0cdc345fbe7a79b1d5da1617d40f5831795941c49,12146610a37051a1f8e90c287e16545143798869c501599a52ec5800badda105,66ec8fd13ca9fc9ee607f6ac334afab37e69b91ce2ece79e7a2cace6037778ef,1d5826f7cbd90bca25da3f8fb3a9cb4538aaf3308832a004b78258ee49aa6ca9,/tmp/buckeye_slicer_current_A_1o8dwc8p
s11,s1102a,proper_D,68,4,0.058823529411764705,3,1,0,0.04411764705882353,0.014705882352941176,0.0,68,4,0.058823529411764705,3,1,0,0.04411764705882353,0.014705882352941176,0.0,238.4946670000003,124.37223500000019,0.521488537100077,142.56800000000004,34,4.193176470588236,b35b56fbf50e01487bef7f59ef870fe839ea7b8d3f84afb9014d7c5503a3e4dc,7742f46ba78ed9fa88c087d5ec69553ce3988bd974cf12b77459f3fa28b99e2d,57721,22911337e67f758624b91ff7c5d809db55d97438d5fd7b669f2f623489ecb8e0,75b2353b799c643c6a3f677fab07ade2405ec5bcdb5cefada17ef8a5ff6ed156,74b17f9d81f449282fe2823c8ebf86c347602a58fecaa8352c21b3a6f0f357e3,8a29575685e9457a0db55a850b25e7f834ff0fc2674d89d48e2dde3c5d900183,70fd35da56ec17a3852ffdf96ff6584d8c2c15b009d7c53fc157d6636ce2244d,/tmp/buckeye_slicer_proper_D_w5vnd6p5
s11,s1102a,min_quiet_run_64ms,62,4,0.06451612903225806,3,0,0,0.04838709677419355,0.0,0.0,62,4,0.06451612903225806,3,0,0,0.04838709677419355,0.0,0.0,238.4946670000003,112.20445400000017,0.47046944659773055,128.67200000000005,31,4.150709677419356,72ea8093df3fb11222b7291a784e2272246d6349ad6d5da63900e79412997498,147296b66139fb1e25f990a73fc8504c73dcc082cbd7ad0e1f082f2cacec28a9,57721,b4c680e897c85f336578d41114edafdf0eea081b9cd811ff54a34ef00b13120a,b4a19a851a7ca77c773689a0cdc345fbe7a79b1d5da1617d40f5831795941c49,7e1c788ede8b1cb01ddfae4732b985795c1ac411f2b3b31eac700c6927c7ebda,516d677a6783d58b7a86b8f1c959d85cb9d0862b2d739367d2c02af30065fbe2,1f3ec5263ab10a04fcfc9d448e2aeed05d209eecbbdae852f582462711c84026,/tmp/buckeye_slicer_min_quiet_run_64ms_biyer974
s11,s1102a,quiet_run_score,70,7,0.1,6,2,0,0.08571428571428572,0.02857142857142857,0.0,70,7,0.1,6,2,0,0.08571428571428572,0.02857142857142857,0.0,238.4946670000003,122.56866300000017,0.5139262212517315,139.36800000000005,35,3.9819428571428586,72ea8093df3fb11222b7291a784e2272246d6349ad6d5da63900e79412997498,9f81ddd3e1ece099fb5400ba14ba18280c8818346149f168c5660056e4c18f56,57721,b4c680e897c85f336578d41114edafdf0eea081b9cd811ff54a34ef00b13120a,b4a19a851a7ca77c773689a0cdc345fbe7a79b1d5da1617d40f5831795941c49,12146610a37051a1f8e90c287e16545143798869c501599a52ec5800badda105,b244ad2e316feba0b70530b36162f2ffd34c6a08fbca5e74ac0266a7d47a88c7,a5a26ec18353381b542fb32a499d8510d009ec066c6756ff0d43ef938441a457,/tmp/buckeye_slicer_quiet_run_score_gfk6y59j
s11,s1102b,current_A,40,4,0.1,2,0,0,0.05,0.0,0.0,40,4,0.1,2,0,0,0.05,0.0,0.0,189.80443799999995,77.04573999999998,0.4059216992597402,88.71199999999996,20,4.435599999999998,72ea8093df3fb11222b7291a784e2272246d6349ad6d5da63900e79412997498,7742f46ba78ed9fa88c087d5ec69553ce3988bd974cf12b77459f3fa28b99e2d,43675,0cfa8ba3d622f44bb40f322e59fbe08c67f005c377d018a8fb5035df4352d5b2,c23a1f56ed19e31f89574b18adecddcc02a1c0166589c5ec75dcd805b85aeada,f6e61d842a8f9503e4fdc732403ee619852c0d5f824d1013fd52d61e9888be9d,2f6824103445c63a0c8d45ba322292cf0d4c7e2b802fc40d3a080524fe568ad5,2e66ab1f39bd507595fa94236be58936ceb10ce24244cbea944af1081dc9c6b0,/tmp/buckeye_slicer_current_A_rac4fecx
s11,s1102b,proper_D,42,3,0.07142857142857142,1,0,0,0.023809523809523808,0.0,0.0,42,3,0.07142857142857142,1,0,0,0.023809523809523808,0.0,0.0,189.80443799999995,79.37723299999995,0.41820535829620575,92.27999999999994,21,4.3942857142857115,b35b56fbf50e01487bef7f59ef870fe839ea7b8d3f84afb9014d7c5503a3e4dc,7742f46ba78ed9fa88c087d5ec69553ce3988bd974cf12b77459f3fa28b99e2d,43675,418aed13a6ea809d06ed51fa15f56918aa173ab895c46c9c1f8bc41848918c72,c6e199350c70963e322aa2eacd23070aa06e00a78fa2d6f4a38fdc433aadce7b,7b33797ec9cf7eeba29446ba3fa0d023f94173063453f2ade57a5d233ff0cbc9,50da6a11d5152cc0208b7f23cc05398ce7a5a94766a65dfadfceabd98a7b1a17,1b7ab9c9ea67a3f8a9f4c5bfd82184bd642a918cf0aed9ca6578a6c054dfb64a,/tmp/buckeye_slicer_proper_D_3zxc4_kt
s11,s1102b,min_quiet_run_64ms,40,5,0.125,3,1,1,0.075,0.025,0.025,40,5,0.125,3,1,1,0.075,0.025,0.025,189.80443799999995,76.64898799999999,0.40383137932738966,88.24799999999996,20,4.412399999999998,72ea8093df3fb11222b7291a784e2272246d6349ad6d5da63900e79412997498,147296b66139fb1e25f990a73fc8504c73dcc082cbd7ad0e1f082f2cacec28a9,43675,0cfa8ba3d622f44bb40f322e59fbe08c67f005c377d018a8fb5035df4352d5b2,c23a1f56ed19e31f89574b18adecddcc02a1c0166589c5ec75dcd805b85aeada,e8d94e7fdcb94c68b54a3d0abe106d05709140442a64deee756cfd4263dedaf4,2537ea9443b2207ff06e3eecb18765625aa3578f0d06b94a1d744637f3e5cf02,f13e20624dff347f9a59af5302a0f7133550928a82a6a923acef61f744794cfa,/tmp/buckeye_slicer_min_quiet_run_64ms_qotwklvc
s11,s1102b,quiet_run_score,40,6,0.15,4,1,1,0.1,0.025,0.025,40,6,0.15,4,1,1,0.1,0.025,0.025,189.80443799999995,73.78173100000002,0.38872500441744173,84.75999999999996,20,4.237999999999998,72ea8093df3fb11222b7291a784e2272246d6349ad6d5da63900e79412997498,9f81ddd3e1ece099fb5400ba14ba18280c8818346149f168c5660056e4c18f56,43675,0cfa8ba3d622f44bb40f322e59fbe08c67f005c377d018a8fb5035df4352d5b2,c23a1f56ed19e31f89574b18adecddcc02a1c0166589c5ec75dcd805b85aeada,f6e61d842a8f9503e4fdc732403ee619852c0d5f824d1013fd52d61e9888be9d,e11f838658c718137e2ac48e683fa0fdf219c9e49a64fa9e7ec86850218dcb5a,a4130e7ad6a9683f4a8fc4600b646df1d39f16a8b24ddbe62ca6eaa86897d4b9,/tmp/buckeye_slicer_quiet_run_score_c78nac64
s11,s1103a,current_A,68,2,0.029411764705882353,1,0,0,0.014705882352941176,0.0,0.0,68,2,0.029411764705882353,1,0,0,0.014705882352941176,0.0,0.0,300.7196709999997,126.72603100000005,0.42140918343848605,144.2000000000002,34,4.241176470588241,72ea8093df3fb11222b7291a784e2272246d6349ad6d5da63900e79412997498,7742f46ba78ed9fa88c087d5ec69553ce3988bd974cf12b77459f3fa28b99e2d,76116,2cb9003afd7af49b46f5828f81eeaec567ad9338b23b2cfc8283853f623d78d9,ead738b7c81e88ef1781cd783e8a81c3550ff5f1df381a38fb90b9525faf85af,d77d288fe06c6404f4c0785c35fd76d5f17b3f8e93d5375face54df9fe76140f,c7ab25fd22456bc731564ae5c9a6b0b9edeb29c071176b1383170228e91dbedf,c88ff23aab494cbbb9214604a6706cd60b2a0784097dd0282b5a043bc5ecf31d,/tmp/buckeye_slicer_current_A_qoy0fjah
s11,s1103a,proper_D,66,2,0.030303030303030304,1,0,0,0.015151515151515152,0.0,0.0,66,2,0.030303030303030304,1,0,0,0.015151515151515152,0.0,0.0,300.7196709999997,122.48213999999997,0.40729673450593823,140.05600000000013,33,4.2441212121212155,b35b56fbf50e01487bef7f59ef870fe839ea7b8d3f84afb9014d7c5503a3e4dc,7742f46ba78ed9fa88c087d5ec69553ce3988bd974cf12b77459f3fa28b99e2d,76116,0219d3902e4dde09790e18ec903ea5d6030eaea5b349c187bee73b7fcfee2bcf,9afcf85a9d66dbc0027ce7b3f3f352beaeff06d177777540b31c3021070196fe,1697c922475c9196c7c5f83898dd9547072154185c2910e532f19950f95650bb,4fd01c411602e110168e5f6310810f8041d87f8fc3cd2f42193968f26a201cad,5671afcb0c7584586fe9361e13f9b656b8d21c422321881002580e9624d77136,/tmp/buckeye_slicer_proper_D_5i0swx2h
s11,s1103a,min_quiet_run_64ms,58,1,0.017241379310344827,1,0,0,0.017241379310344827,0.0,0.0,58,1,0.017241379310344827,1,0,0,0.017241379310344827,0.0,0.0,300.7196709999997,111.49012500000008,0.3707443700947657,124.1520000000001,29,4.281103448275865,72ea8093df3fb11222b7291a784e2272246d6349ad6d5da63900e79412997498,147296b66139fb1e25f990a73fc8504c73dcc082cbd7ad0e1f082f2cacec28a9,76116,2cb9003afd7af49b46f5828f81eeaec567ad9338b23b2cfc8283853f623d78d9,ead738b7c81e88ef1781cd783e8a81c3550ff5f1df381a38fb90b9525faf85af,35a07317184987d7e405f0cb94f50a89ef029620938aa97a36fde2aaace7cbf9,915e9128b2175a2b323f62fbbdec75597d0fe909775dbc65d0ce8ae3115be31e,2a74746a904685eaf0b4a991f600303e9a6c92e7a7c3f2881ed59a07bf84c91d,/tmp/buckeye_slicer_min_quiet_run_64ms_bjbwl54q
s11,s1103a,quiet_run_score,68,2,0.029411764705882353,1,0,0,0.014705882352941176,0.0,0.0,68,2,0.029411764705882353,1,0,0,0.014705882352941176,0.0,0.0,300.7196709999997,118.23342000000002,0.3931682274286611,133.52800000000028,34,3.927294117647067,72ea8093df3fb11222b7291a784e2272246d6349ad6d5da63900e79412997498,9f81ddd3e1ece099fb5400ba14ba18280c8818346149f168c5660056e4c18f56,76116,2cb9003afd7af49b46f5828f81eeaec567ad9338b23b2cfc8283853f623d78d9,ead738b7c81e88ef1781cd783e8a81c3550ff5f1df381a38fb90b9525faf85af,d77d288fe06c6404f4c0785c35fd76d5f17b3f8e93d5375face54df9fe76140f,767f336d85cab78cb04fb6b23a4733952326822093220297e9e8c0703aabc677,5851c0f43e3071d7328608dc04a7ed9b0ab1bacf42632d13f9e43f6b71cc2f3a,/tmp/buckeye_slicer_quiet_run_score_cak9z45n
s11,s1103b,current_A,85,6,0.07058823529411765,4,0,0,0.047058823529411764,0.0,0.0,86,6,0.06976744186046512,4,0,0,0.046511627906976744,0.0,0.0,326.98767699999894,173.49216799999977,0.5305770834905205,198.21600000000004,43,4.609674418604652,72ea8093df3fb11222b7291a784e2272246d6349ad6d5da63900e79412997498,7742f46ba78ed9fa88c087d5ec69553ce3988bd974cf12b77459f3fa28b99e2d,70288,6084e06f3b041db93a451fcb21efd0032041755d960ac5af65dfc6b65642febe,01fe5587c84542c5348e6227485a522272c3430b3631e0a2251a8b1ea191f660,4fe704e83e426eedbc78c1ebc247e10fd52ee4049a74d73141dd46bc3424621d,a0175173757d83f3df337505aac8042ba2f66905f2636d04c77808499edb86ad,98a83dd23a2ff0bb8226185007cf6253dfbd28de3e670e05206f0d80fc659c4d,/tmp/buckeye_slicer_current_A_20p9me2h
s11,s1103b,proper_D,87,6,0.06896551724137931,4,0,0,0.04597701149425287,0.0,0.0,88,6,0.06818181818181818,4,0,0,0.045454545454545456,0.0,0.0,326.98767699999894,175.10605799999973,0.5355127129148671,201.13600000000025,44,4.571272727272733,b35b56fbf50e01487bef7f59ef870fe839ea7b8d3f84afb9014d7c5503a3e4dc,7742f46ba78ed9fa88c087d5ec69553ce3988bd974cf12b77459f3fa28b99e2d,70288,1a9611c4ef9509560195037a908379393bcd6213a21387a70331f503ba7270a0,ec989d5ce1bc3e742f6e28e2448fc121a865a9e9cf7948417d7cead8ec54c009,43e8a557b22d2eed138a057c56b63535ce539ad3a01c00c472889161b167cacd,47b9d30c69ef6d2a146571a67122aa8f69587e2f2aba19d4958bcbc2e7368c7b,00b567cec9db14915ffa5f174e26903c2dfc89b4b213cab661c4650c982bb650,/tmp/buckeye_slicer_proper_D_0gmbzd5n
s11,s1103b,min_quiet_run_64ms,77,4,0.05194805194805195,3,0,0,0.03896103896103896,0.0,0.0,78,4,0.05128205128205128,3,0,0,0.038461538461538464,0.0,0.0,326.98767699999894,159.62054099999978,0.4881546071230088,181.59200000000007,39,4.65620512820513,72ea8093df3fb11222b7291a784e2272246d6349ad6d5da63900e79412997498,147296b66139fb1e25f990a73fc8504c73dcc082cbd7ad0e1f082f2cacec28a9,70288,6084e06f3b041db93a451fcb21efd0032041755d960ac5af65dfc6b65642febe,01fe5587c84542c5348e6227485a522272c3430b3631e0a2251a8b1ea191f660,399c1e0cb6bf5f2bd2f6ef59ffa97d05ab54adb6dfbfc957f39a1cf1eda884f0,7c5426b572ea428cbe74de92894e06595407764aa369f7ec5bad29983d333b6e,73efe48cad0399b30a6fda373f2365324025ffc30af98dfb5695095bb3af4b6d,/tmp/buckeye_slicer_min_quiet_run_64ms_lyhcf3u8
s11,s1103b,quiet_run_score,85,5,0.058823529411764705,3,0,0,0.03529411764705882,0.0,0.0,86,5,0.05813953488372093,3,0,0,0.03488372093023256,0.0,0.0,326.98767699999894,169.5246449999998,0.5184435283779834,192.2799999999999,43,4.4716279069767415,72ea8093df3fb11222b7291a784e2272246d6349ad6d5da63900e79412997498,9f81ddd3e1ece099fb5400ba14ba18280c8818346149f168c5660056e4c18f56,70288,6084e06f3b041db93a451fcb21efd0032041755d960ac5af65dfc6b65642febe,01fe5587c84542c5348e6227485a522272c3430b3631e0a2251a8b1ea191f660,4fe704e83e426eedbc78c1ebc247e10fd52ee4049a74d73141dd46bc3424621d,0bfe694eb3ff888b485221241756899427868fe5353e13f957ffd64afb8dbdac,256a48be74ec5d3bced90ae093f752bc17f53c6136f66d1677a1ece0d7ea3976,/tmp/buckeye_slicer_quiet_run_score_of18xfqv
s11,s1104a,current_A,80,6,0.075,2,1,0,0.025,0.0125,0.0,80,6,0.075,2,1,0,0.025,0.0125,0.0,289.8333909999997,150.25120199999975,0.5184054241700532,172.16799999999998,40,4.3042,72ea8093df3fb11222b7291a784e2272246d6349ad6d5da63900e79412997498,7742f46ba78ed9fa88c087d5ec69553ce3988bd974cf12b77459f3fa28b99e2d,62369,f7db308a1c92293c2c53b8343fef1ff9a8e11354070cc5733099d1c2265b6e9f,e58ba7c27f076d81bce570e166a7385e6c1a100b180c62faf3f5fda0c98cb00a,20d276932443b29f64689e154eb616f34e488aa65debe43ba47431b57b9b8bc5,1366cb6bff786607105146aa28e68f1cb0809d1180d64dc8b2431982fbf06a41,550e0e6c5a7473bbd2638ee2a060722dafa78a857c56c8b431ff924ce07087c3,/tmp/buckeye_slicer_current_A_49s8_sm4
s11,s1104a,proper_D,80,6,0.075,2,1,0,0.025,0.0125,0.0,80,6,0.075,2,1,0,0.025,0.0125,0.0,289.8333909999997,149.19564399999976,0.5147634766485546,171.31200000000004,40,4.282800000000001,b35b56fbf50e01487bef7f59ef870fe839ea7b8d3f84afb9014d7c5503a3e4dc,7742f46ba78ed9fa88c087d5ec69553ce3988bd974cf12b77459f3fa28b99e2d,62369,8d4b2a13a42d52890a09d381cd21b3c85378f6558f6269a8de40176b93e92983,45d9c2023d8867831848d29789c4fb3350465e79cec7d229b7905ed8239c8fce,5e995bd77f5d4bbb476089a0bdb694d6ba08344996cf3eb269b351e91814804b,e51248a15756959c5bf3566023acfa2a8a899c5fc8f6fbcdf874e3589a5a32cc,7e5ac146ca893aa3875ce54024a185a3eed8011bf04ef36f380015480b14dbea,/tmp/buckeye_slicer_proper_D_va9h3y7k
s11,s1104a,min_quiet_run_64ms,76,5,0.06578947368421052,2,1,0,0.02631578947368421,0.013157894736842105,0.0,76,5,0.06578947368421052,2,1,0,0.02631578947368421,0.013157894736842105,0.0,289.8333909999997,143.71737699999974,0.49586204165137027,164.76799999999994,38,4.3359999999999985,72ea8093df3fb11222b7291a784e2272246d6349ad6d5da63900e79412997498,147296b66139fb1e25f990a73fc8504c73dcc082cbd7ad0e1f082f2cacec28a9,62369,f7db308a1c92293c2c53b8343fef1ff9a8e11354070cc5733099d1c2265b6e9f,e58ba7c27f076d81bce570e166a7385e6c1a100b180c62faf3f5fda0c98cb00a,1a0a68499ea4475f930767e04b739f921bee25021b61ab0721cdd69f02399fa8,f511dd28c8d7f1ad16d8c21ff14a709f5030cb19e330f26e07aa8e7bb50c0d6b,8936a118d0fdf215da7f541f7ff4907014980845a144a52f5b4debffc607d5f3,/tmp/buckeye_slicer_min_quiet_run_64ms_wf37940j
s11,s1104a,quiet_run_score,80,8,0.1,4,3,1,0.05,0.0375,0.0125,80,8,0.1,4,3,1,0.05,0.0375,0.0125,289.8333909999997,145.54035899999977,0.5021518000319014,165.84799999999998,40,4.146199999999999,72ea8093df3fb11222b7291a784e2272246d6349ad6d5da63900e79412997498,9f81ddd3e1ece099fb5400ba14ba18280c8818346149f168c5660056e4c18f56,62369,f7db308a1c92293c2c53b8343fef1ff9a8e11354070cc5733099d1c2265b6e9f,e58ba7c27f076d81bce570e166a7385e6c1a100b180c62faf3f5fda0c98cb00a,20d276932443b29f64689e154eb616f34e488aa65debe43ba47431b57b9b8bc5,b33d8bdac277ff5b4a4699ba233d45ba71689f4f83cd14608f241d5eddab9ddd,62e7aa35df54393f1ea4bc9a7c1cbce6568f542bbc0238300905c85bf3d6d878,/tmp/buckeye_slicer_quiet_run_score_et_k4ydh
s11,s1104b,current_A,68,5,0.07352941176470588,3,1,0,0.04411764705882353,0.014705882352941176,0.0,68,5,0.07352941176470588,3,1,0,0.04411764705882353,0.014705882352941176,0.0,275.3630759999999,118.25114099999992,0.4294371733412796,134.5280000000001,34,3.9567058823529444,72ea8093df3fb11222b7291a784e2272246d6349ad6d5da63900e79412997498,7742f46ba78ed9fa88c087d5ec69553ce3988bd974cf12b77459f3fa28b99e2d,62336,2badf60746079438660c1dbf73c896aebfd3d45270685574174996336f4a26e0,e4402a49bf0ce753ffc7389c1e11c11574b12d78c9646757c6088daf10f5b457,8c98da0ba47ce70365f9db9da94151556a5f8e31ea89d7b8b221325a4a956874,005673e2a5b8a36f3ce50625f9552be44a31154dbb9657a451aea8d3dc9f4d8e,55ef6dae8199a5702e90a5242d7a256217e5c2fc202a03d46f180c8ab77c2c87,/tmp/buckeye_slicer_current_A_vuac6m1n
s11,s1104b,proper_D,66,5,0.07575757575757576,2,0,0,0.030303030303030304,0.0,0.0,66,5,0.07575757575757576,2,0,0,0.030303030303030304,0.0,0.0,275.3630759999999,115.35748599999991,0.4189286656574099,131.75200000000007,33,3.9924848484848505,b35b56fbf50e01487bef7f59ef870fe839ea7b8d3f84afb9014d7c5503a3e4dc,7742f46ba78ed9fa88c087d5ec69553ce3988bd974cf12b77459f3fa28b99e2d,62336,a5c8ff4ccbfb316fa8c3749cb99d70337dfe08a71bf6ce5c15d4cf58ffa16d0c,ee2791d55fb5d3b2d90f0cb844a5b7e1b9c6f73a684063dcf9e8e71e5b2e2331,476413d5875f0849e440f6ffa3645ea331fb6e0d0f908d629b96be8ce22b3b96,1d8947cd9cbc613d12521e5e15b5256a8c2c8c40ad1f4a15ffe92c0305aaf352,3be34f9e3a784c59732f2d74bcec366dee92ef813553ac5b39e24a7b48efb2fa,/tmp/buckeye_slicer_proper_D_11_0mnbm
s11,s1104b,min_quiet_run_64ms,66,4,0.06060606060606061,3,1,0,0.045454545454545456,0.015151515151515152,0.0,66,4,0.06060606060606061,3,1,0,0.045454545454545456,0.015151515151515152,0.0,275.3630759999999,114.4572699999999,0.4156594691729836,130.08800000000005,33,3.9420606060606076,72ea8093df3fb11222b7291a784e2272246d6349ad6d5da63900e79412997498,147296b66139fb1e25f990a73fc8504c73dcc082cbd7ad0e1f082f2cacec28a9,62336,2badf60746079438660c1dbf73c896aebfd3d45270685574174996336f4a26e0,e4402a49bf0ce753ffc7389c1e11c11574b12d78c9646757c6088daf10f5b457,dcdd043940da0a6b5cb977703e45dff3997ade330ac7b9cf75bc32177bfe38f2,452758d10c13e9774ffc1d3f7a37e3b8667d223dadded846529fb464bf524dcb,d9ba6b02a3b8042e4ad6c9f154ccbf1c69918a0d1386a29377c66438b002c7eb,/tmp/buckeye_slicer_min_quiet_run_64ms_318owdok
s11,s1104b,quiet_run_score,68,5,0.07352941176470588,3,1,0,0.04411764705882353,0.014705882352941176,0.0,68,5,0.07352941176470588,3,1,0,0.04411764705882353,0.014705882352941176,0.0,275.3630759999999,113.81843499999998,0.41333949581533586,128.47200000000004,34,3.778588235294119,72ea8093df3fb11222b7291a784e2272246d6349ad6d5da63900e79412997498,9f81ddd3e1ece099fb5400ba14ba18280c8818346149f168c5660056e4c18f56,62336,2badf60746079438660c1dbf73c896aebfd3d45270685574174996336f4a26e0,e4402a49bf0ce753ffc7389c1e11c11574b12d78c9646757c6088daf10f5b457,8c98da0ba47ce70365f9db9da94151556a5f8e31ea89d7b8b221325a4a956874,1b90b9bdf663bad10e8cd06dbe5932aa4d2a9d078187d8983fe0d0ea64472fad,f0e507623c5df97351edbca6a421cb75351946c7b7c4aa455bf06f32b9efaf7f,/tmp/buckeye_slicer_quiet_run_score_m8499n9w
s12,s1201a,current_A,100,10,0.1,8,0,0,0.08,0.0,0.0,120,15,0.125,13,0,0,0.10833333333333334,0.0,0.0,358.78190500000005,308.2507239999999,0.859159059317665,358.272,60,5.9712,72ea8093df3fb11222b7291a784e2272246d6349ad6d5da63900e79412997498,7742f46ba78ed9fa88c087d5ec69553ce3988bd974cf12b77459f3fa28b99e2d,76021,378d35eff008c2ccda84ef57d2a0e97d039cc52fba50d605af8d0e748ebac09a,73f20107f77aae131624ffcb22407cb8385ae68a25302c3498b532a9393e8459,bdeb4b0bd6965714149666aece837361d5db1a0d32a60733e8076fb420699354,3949ebe6fc3adc955f0a6b110ee6a674614fb109aec0879595a4366e0d372e0d,c9c8c514018f3c4f74fa455c0b45624e5d25d8cecf25088265ace0c444064092,/tmp/buckeye_slicer_current_A_dtri9f0n
s12,s1201a,proper_D,82,3,0.036585365853658534,3,0,0,0.036585365853658534,0.0,0.0,94,4,0.0425531914893617,4,0,0,0.0425531914893617,0.0,0.0,358.78190500000005,258.879052,0.7215499120559047,297.4159999999998,47,6.327999999999997,b35b56fbf50e01487bef7f59ef870fe839ea7b8d3f84afb9014d7c5503a3e4dc,7742f46ba78ed9fa88c087d5ec69553ce3988bd974cf12b77459f3fa28b99e2d,76021,bf6ee60380a91a974f6158530ccfd0e7ed007c2a0f8e34f4ab7e5f783b0507e5,c74b3274c57b3929539c6f602a410dde5f78cfef45411d90bccc3ef7f9eb6f57,1678ea871efe72bd87924012192b38ece9f28995d74b55c1dec407c551b04b17,1d74107aa2e551aa19278c9432499c88c2748ede3c8aa48b40496099dd8c600b,27183d9beb49c4e66b2a0fb9d43cc02848434a7ebb279d41ddd3463262befa7e,/tmp/buckeye_slicer_proper_D__bmkt3g1
s12,s1201a,min_quiet_run_64ms,96,9,0.09375,6,0,0,0.0625,0.0,0.0,118,14,0.11864406779661017,10,0,0,0.0847457627118644,0.0,0.0,358.78190500000005,304.107527,0.8476111051364198,351.848,59,5.963525423728814,72ea8093df3fb11222b7291a784e2272246d6349ad6d5da63900e79412997498,147296b66139fb1e25f990a73fc8504c73dcc082cbd7ad0e1f082f2cacec28a9,76021,378d35eff008c2ccda84ef57d2a0e97d039cc52fba50d605af8d0e748ebac09a,73f20107f77aae131624ffcb22407cb8385ae68a25302c3498b532a9393e8459,582d5526236aee8115905444a5e54ee55817535c9ab1cac74a1681f8cca3cbb9,089d677781fe69d0634ebd49d7906a770fafe6c20a3ecd703945a2994f75176d,ba13a1b7a3f9b1d44a252e1ba90986f17213f2468fc970c9718951d364aed9e9,/tmp/buckeye_slicer_min_quiet_run_64ms_87td5fxw
s12,s1201a,quiet_run_score,107,7,0.06542056074766354,5,0,0,0.04672897196261682,0.0,0.0,130,12,0.09230769230769231,9,0,0,0.06923076923076923,0.0,0.0,358.78190500000005,310.506935,0.8654475899502233,358.68,65,5.518153846153846,72ea8093df3fb11222b7291a784e2272246d6349ad6d5da63900e79412997498,9f81ddd3e1ece099fb5400ba14ba18280c8818346149f168c5660056e4c18f56,76021,378d35eff008c2ccda84ef57d2a0e97d039cc52fba50d605af8d0e748ebac09a,73f20107f77aae131624ffcb22407cb8385ae68a25302c3498b532a9393e8459,bdeb4b0bd6965714149666aece837361d5db1a0d32a60733e8076fb420699354,7ab9b99eb8dfbbf2cdd2b50bbd09bbd1598f47a369910e76c299948e4ae35679,9d6247b10930f6d6d4d69b6161307c68495e256a69f660ca42c7b42cd10c25ed,/tmp/buckeye_slicer_quiet_run_score_nre9d30y
s12,s1202b,current_A,79,10,0.12658227848101267,4,0,0,0.05063291139240506,0.0,0.0,96,14,0.14583333333333334,6,0,0,0.0625,0.0,0.0,279.36872900000037,235.98491100000035,0.8447076802214325,273.14399999999995,48,5.690499999999999,72ea8093df3fb11222b7291a784e2272246d6349ad6d5da63900e79412997498,7742f46ba78ed9fa88c087d5ec69553ce3988bd974cf12b77459f3fa28b99e2d,56334,8e3bbbcc0325710513177f0b0587828a511a2218d95606cb2f1fe7edb05a1be2,064df653db2169c6771101990e9f4d51a974713627b1975adb90561a22ff25ed,31a7c8390f7ab89f39fd3212e1355a692b4945576e3122630439fc3f8fa7183f,5f6d39063949159dc4d7e21052c3e4c4cb6591f830cd8f759463191dc9b1bf40,52e4c1f89901087c1a8f4dfb53cfa22a610c22d74f486041133b9f9ef0b55c24,/tmp/buckeye_slicer_current_A_8a2ln112
s12,s1202b,proper_D,73,5,0.0684931506849315,2,0,0,0.0273972602739726,0.0,0.0,88,6,0.06818181818181818,3,0,0,0.03409090909090909,0.0,0.0,279.36872900000037,220.14083600000018,0.7879938344853188,256.448,44,5.828363636363636,b35b56fbf50e01487bef7f59ef870fe839ea7b8d3f84afb9014d7c5503a3e4dc,7742f46ba78ed9fa88c087d5ec69553ce3988bd974cf12b77459f3fa28b99e2d,56334,8705ed0c6920cef15f840b8c5a1dcfc709a69debb0e8663d578329265b8835ee,9ef4c8966c79cc586e93e21608e5bdb9a2501c473a15ad4be1617fe58934b30c,829fb59b5b59fa74bab08b592a5792c82fdc767f12924bfb87c0c6628a44bef8,3940ff30998865717afcc63e9387558c74db00ae3018f634ed6bcae896c2e1ef,6deedf30113dc87576f0fb955f73b0927ceaca58ed4c5e5a9a5793de464e9e9e,/tmp/buckeye_slicer_proper_D_jl2ybxcn
s12,s1202b,min_quiet_run_64ms,77,7,0.09090909090909091,2,0,0,0.025974025974025976,0.0,0.0,94,10,0.10638297872340426,3,0,0,0.031914893617021274,0.0,0.0,279.36872900000037,235.2666950000003,0.8421368269889649,271.5439999999999,47,5.777531914893616,72ea8093df3fb11222b7291a784e2272246d6349ad6d5da63900e79412997498,147296b66139fb1e25f990a73fc8504c73dcc082cbd7ad0e1f082f2cacec28a9,56334,8e3bbbcc0325710513177f0b0587828a511a2218d95606cb2f1fe7edb05a1be2,064df653db2169c6771101990e9f4d51a974713627b1975adb90561a22ff25ed,d9dc38dd5f92559088dc04f7dbc3a36dc278a27ea50d58842cf1f32b92241e43,01768d05e48a1a0d723ad47f7c65c4f151ebe317cec88f5611c68dd9ffc274f9,7f5fc2750c519fbe51e3e762ea2b8ede2bb520ffae7fe888509bddca813f42b9,/tmp/buckeye_slicer_min_quiet_run_64ms_y0u8xdcl
s12,s1202b,quiet_run_score,79,6,0.0759493670886076,3,0,0,0.0379746835443038,0.0,0.0,98,8,0.08163265306122448,4,0,0,0.04081632653061224,0.0,0.0,279.36872900000037,236.39191900000037,0.8461645648250061,271.9679999999999,49,5.550367346938773,72ea8093df3fb11222b7291a784e2272246d6349ad6d5da63900e79412997498,9f81ddd3e1ece099fb5400ba14ba18280c8818346149f168c5660056e4c18f56,56334,8e3bbbcc0325710513177f0b0587828a511a2218d95606cb2f1fe7edb05a1be2,064df653db2169c6771101990e9f4d51a974713627b1975adb90561a22ff25ed,31a7c8390f7ab89f39fd3212e1355a692b4945576e3122630439fc3f8fa7183f,51713810409cccb53e3012d2b1d23abf24ecc674bf7ba036e80f4db5e68506ac,81306fc22ccd99a98f9ee7ee034103b8e22d4f4e114c9b56387723a0c31d2fb5,/tmp/buckeye_slicer_quiet_run_score_6u7l5u8i
s12,s1203a,current_A,101,12,0.1188118811881188,5,1,1,0.04950495049504951,0.009900990099009901,0.009900990099009901,122,16,0.13114754098360656,7,2,2,0.05737704918032787,0.01639344262295082,0.01639344262295082,388.30411899999996,335.2132979999999,0.8632751536689208,376.36800000000005,61,6.169967213114755,72ea8093df3fb11222b7291a784e2272246d6349ad6d5da63900e79412997498,7742f46ba78ed9fa88c087d5ec69553ce3988bd974cf12b77459f3fa28b99e2d,75184,2aa97e2d664d52bd05bc269be9f32bb13f251606991eb0877b287755d83a6553,342a381ed8b501dc368e3c7a392d17dac33ceaa5195a2883e54b4aa580da6083,f16da8f6cb19faf0f97115e466448392af5741a33a41d64f576c0cf119277bd3,e16694ac39d3be9a428d1966aec9af8395b9847ecd6d9f7c1c934f497d472ff7,119b47279b386fb4cb1f2a2b58063baa4847e3376b179166b133050fc693cbde,/tmp/buckeye_slicer_current_A_btfaby2c
s12,s1203a,proper_D,92,6,0.06521739130434782,3,0,0,0.03260869565217391,0.0,0.0,104,6,0.057692307692307696,3,0,0,0.028846153846153848,0.0,0.0,388.30411899999996,306.896881,0.7903518556289124,345.52000000000004,52,6.644615384615386,b35b56fbf50e01487bef7f59ef870fe839ea7b8d3f84afb9014d7c5503a3e4dc,7742f46ba78ed9fa88c087d5ec69553ce3988bd974cf12b77459f3fa28b99e2d,75184,9cdbb95e47b0e76e99c415b841eeb62f8b6f14be81eee72dedec39ce56d2746a,17d3e90764dfea423bf014731a428b35693e2462c2d9bcaa0f142de1366a0d49,be1333b4b6327cf9476879b8fe6a5eb8fd4370c19ed1c2e4f4b626a9b13044d7,7f72fa66e51d0cf5c173913eeb4b5d453c52048c5e763eeff805a0fc613824dc,8df519ef95366e2e5ff10b4759c43fd2f9dc41301f0bb47f4835d4070e1ffaf9,/tmp/buckeye_slicer_proper_D_8iv0hdd1
s12,s1203a,min_quiet_run_64ms,98,9,0.09183673469387756,4,0,0,0.04081632653061224,0.0,0.0,116,11,0.09482758620689655,5,0,0,0.04310344827586207,0.0,0.0,388.30411899999996,322.3475789999999,0.8301420541974728,359.7920000000001,58,6.203310344827588,72ea8093df3fb11222b7291a784e2272246d6349ad6d5da63900e79412997498,147296b66139fb1e25f990a73fc8504c73dcc082cbd7ad0e1f082f2cacec28a9,75184,2aa97e2d664d52bd05bc269be9f32bb13f251606991eb0877b287755d83a6553,342a381ed8b501dc368e3c7a392d17dac33ceaa5195a2883e54b4aa580da6083,03c3e4545786efb412fdc22ccc44aeaf33d7b5f02c206a8162ec82e63c0f9fe4,43ef7f5b8a515de62d1ed1c71bf9a29168e5b7c049e40185999026375be21db7,83b46f8fdc2dc89bee4f61d7e68d9df2aed13165af87a3f6829e667806fb8d77,/tmp/buckeye_slicer_min_quiet_run_64ms_4nf8cn_t
s12,s1203a,quiet_run_score,105,8,0.0761904761904762,3,1,1,0.02857142857142857,0.009523809523809525,0.009523809523809525,132,10,0.07575757575757576,4,2,2,0.030303030303030304,0.015151515151515152,0.015151515151515152,388.30411899999996,337.7451679999998,0.8697954811033046,378.89599999999996,66,5.740848484848485,72ea8093df3fb11222b7291a784e2272246d6349ad6d5da63900e79412997498,9f81ddd3e1ece099fb5400ba14ba18280c8818346149f168c5660056e4c18f56,75184,2aa97e2d664d52bd05bc269be9f32bb13f251606991eb0877b287755d83a6553,342a381ed8b501dc368e3c7a392d17dac33ceaa5195a2883e54b4aa580da6083,f16da8f6cb19faf0f97115e466448392af5741a33a41d64f576c0cf119277bd3,17fd7f7fea3358492e367b2f693ca36b39a4121bd01cb3cd857057ad0d7e1971,6a63ab7dd5e2ea18c0121bfcdfd808302d09404769759e9697f50cc87f7d01eb,/tmp/buckeye_slicer_quiet_run_score_8n8bq3hy
s13,s1301a,current_A,125,10,0.08,4,0,0,0.032,0.0,0.0,126,10,0.07936507936507936,4,0,0,0.031746031746031744,0.0,0.0,392.2692699999997,286.17104199999994,0.7295270465616646,318.7840000000001,63,5.0600634920634935,72ea8093df3fb11222b7291a784e2272246d6349ad6d5da63900e79412997498,7742f46ba78ed9fa88c087d5ec69553ce3988bd974cf12b77459f3fa28b99e2d,75357,afec762f7b8c2f553aad5060b622d225bc1f4288dc620307a57c1c386a968cba,ae5058e26455047843dc4e501799051512e63f253737f361fafb67b743dab90a,69d258d0f3284ca263c3c8cb2a982aa436590b5ab86400c2723967ec256cfb61,afdb8e9edfcd9b02663f1f26f1f67fc876b1b1eb6a621612662ad1527eec1280,4de94db79bec7f18f8c229bed3300757654de4ca143ca972a53e2c2c1a1a36db,/tmp/buckeye_slicer_current_A_cq3cpi_n
s13,s1301a,proper_D,112,5,0.044642857142857144,2,0,0,0.017857142857142856,0.0,0.0,112,5,0.044642857142857144,2,0,0,0.017857142857142856,0.0,0.0,392.2692699999997,259.16093299999994,0.6606710054040178,287.1360000000002,56,5.127428571428575,b35b56fbf50e01487bef7f59ef870fe839ea7b8d3f84afb9014d7c5503a3e4dc,7742f46ba78ed9fa88c087d5ec69553ce3988bd974cf12b77459f3fa28b99e2d,75357,1e270e6e822774a151b926b0f74158066e5d2173bb54f255ca68fa796f0f1009,f2983209ffcd0777c03a5b418a3af0cfb79be3129ed56be03021094aed0b452e,806e0950ee9e6981615cf2ad8a0f1ce809c4cc721f102ca6551e5d8017705536,c08598a50755c1ebb4ad28595502d6aba084097df4133b68e604c7796bcb76be,09d6f523d037a585f5d662bf97281e81035463decb1c365b9217c3e57a9d9400,/tmp/buckeye_slicer_proper_D_rgwxb8fr
s13,s1301a,min_quiet_run_64ms,109,9,0.08256880733944955,5,0,0,0.045871559633027525,0.0,0.0,110,10,0.09090909090909091,6,0,0,0.05454545454545454,0.0,0.0,392.2692699999997,253.61585900000006,0.6465351185934096,282.7599999999999,55,5.141090909090907,72ea8093df3fb11222b7291a784e2272246d6349ad6d5da63900e79412997498,147296b66139fb1e25f990a73fc8504c73dcc082cbd7ad0e1f082f2cacec28a9,75357,afec762f7b8c2f553aad5060b622d225bc1f4288dc620307a57c1c386a968cba,ae5058e26455047843dc4e501799051512e63f253737f361fafb67b743dab90a,c3eaec1d2136ba8b352acffe5810075071a3ca49abd96cc61c6b5c916766b87f,3de69e4385d185349174cd2d455d3f60d1ee7296d01ab2b78225ef49721f005f,54477db4f6220a99b45f58b86f96210834a6c095b06a99ca5128a0c682acb66e,/tmp/buckeye_slicer_min_quiet_run_64ms_bmlk7_fe
s13,s1301a,quiet_run_score,126,10,0.07936507936507936,4,0,0,0.031746031746031744,0.0,0.0,128,10,0.078125,4,0,0,0.03125,0.0,0.0,392.2692699999997,284.08484699999985,0.7242087737334103,315.5600000000001,64,4.930625000000002,72ea8093df3fb11222b7291a784e2272246d6349ad6d5da63900e79412997498,9f81ddd3e1ece099fb5400ba14ba18280c8818346149f168c5660056e4c18f56,75357,afec762f7b8c2f553aad5060b622d225bc1f4288dc620307a57c1c386a968cba,ae5058e26455047843dc4e501799051512e63f253737f361fafb67b743dab90a,69d258d0f3284ca263c3c8cb2a982aa436590b5ab86400c2723967ec256cfb61,d9e4750aa606100a91c5ed97118828e5485781b2ca1007c46d0f9cf032037525,e565a884c54ee2a2626ccaf6b5d9d38816085d54d762b620641e71105507a381,/tmp/buckeye_slicer_quiet_run_score_6w7jo4d2
s13,s1301b,current_A,122,6,0.04918032786885246,5,3,0,0.040983606557377046,0.02459016393442623,0.0,122,6,0.04918032786885246,5,3,0,0.040983606557377046,0.02459016393442623,0.0,397.994431,266.17339699999997,0.6687867373702019,288.304,61,4.726295081967213,72ea8093df3fb11222b7291a784e2272246d6349ad6d5da63900e79412997498,7742f46ba78ed9fa88c087d5ec69553ce3988bd974cf12b77459f3fa28b99e2d,70743,b5d440f453753bd3d5e44ea770ca570dcaf9fd01209ac4b21867bc477d47c793,5e542bac0915eacb6b9fdd4e111df225e6b70716dc5b1b6f55f6e92824e1bb9b,c29f482651c721d5cbe4c29cae5bf5233d368a7547cd90dc2cb01fab05901c7a,14dd689a3ad4b9be584faa3ea005551e0d7ebbbbe813d62cf6e6dd9c011d1d31,abfdc10aac0d4723eaee54f1afa43878e95e826210312adef00b456235aa7025,/tmp/buckeye_slicer_current_A_pscai9or
s13,s1301b,proper_D,124,5,0.04032258064516129,5,1,0,0.04032258064516129,0.008064516129032258,0.0,124,5,0.04032258064516129,5,1,0,0.04032258064516129,0.008064516129032258,0.0,397.994431,267.47904300000005,0.6720673008613028,290.79200000000026,62,4.690193548387101,b35b56fbf50e01487bef7f59ef870fe839ea7b8d3f84afb9014d7c5503a3e4dc,7742f46ba78ed9fa88c087d5ec69553ce3988bd974cf12b77459f3fa28b99e2d,70743,ab9df3c2c811003bc41e7bf15e86750445f75a37ba242e2ca85bde6172665d48,8b0aa7450070d51abdc5056aae8f93beba233ae9f2742e8809536765e16b8b06,2d2edd2f8e9c7c608c5c8e04f9f52ea8345363c9cd1c7ea8291992867603d89e,a8b8dd9b9058a032391874c1af52faf3ebd2d2c720da9166d3c7f2bcb624a98a,11449adb0ec010c62ccd70fa23f466a488a0d93b623a99c8d3ddf21edfa4059a,/tmp/buckeye_slicer_proper_D_0ttdcmnb
s13,s1301b,min_quiet_run_64ms,114,4,0.03508771929824561,4,3,0,0.03508771929824561,0.02631578947368421,0.0,114,4,0.03508771929824561,4,3,0,0.03508771929824561,0.02631578947368421,0.0,397.994431,246.12184999999988,0.6184052610525093,265.976,57,4.666245614035088,72ea8093df3fb11222b7291a784e2272246d6349ad6d5da63900e79412997498,147296b66139fb1e25f990a73fc8504c73dcc082cbd7ad0e1f082f2cacec28a9,70743,b5d440f453753bd3d5e44ea770ca570dcaf9fd01209ac4b21867bc477d47c793,5e542bac0915eacb6b9fdd4e111df225e6b70716dc5b1b6f55f6e92824e1bb9b,a0e4358a7aadd9ad8bcc32d0066a07dd48127791133cefdded07bbd1f96a2f19,555443534d9c036cedbe960b7f16dd8c99efa640c59ffce85f343be4251250f6,8de112ea2f2ff86bd2e81c3046868934dbaab332a4225545558365da78b7b093,/tmp/buckeye_slicer_min_quiet_run_64ms_xnx7qk44
s13,s1301b,quiet_run_score,123,6,0.04878048780487805,5,3,0,0.04065040650406504,0.024390243902439025,0.0,124,6,0.04838709677419355,5,3,0,0.04032258064516129,0.024193548387096774,0.0,397.994431,260.6218699999999,0.6548379818912589,280.984,62,4.532,72ea8093df3fb11222b7291a784e2272246d6349ad6d5da63900e79412997498,9f81ddd3e1ece099fb5400ba14ba18280c8818346149f168c5660056e4c18f56,70743,b5d440f453753bd3d5e44ea770ca570dcaf9fd01209ac4b21867bc477d47c793,5e542bac0915eacb6b9fdd4e111df225e6b70716dc5b1b6f55f6e92824e1bb9b,c29f482651c721d5cbe4c29cae5bf5233d368a7547cd90dc2cb01fab05901c7a,9885536ba494eea466fd0f7b2805868d855770ece926d6be371417f14c314a2c,9876ff6beb4b6818e83b84b5c8986b4da34716461710b1b5dca355eb6f706039,/tmp/buckeye_slicer_quiet_run_score_6seysp71
s13,s1302a,current_A,143,7,0.04895104895104895,3,1,0,0.02097902097902098,0.006993006993006993,0.0,146,9,0.06164383561643835,5,2,0,0.03424657534246575,0.0136986301369863,0.0,461.33878399999975,346.5018149999997,0.7510788752588377,374.23200000000014,73,5.126465753424659,72ea8093df3fb11222b7291a784e2272246d6349ad6d5da63900e79412997498,7742f46ba78ed9fa88c087d5ec69553ce3988bd974cf12b77459f3fa28b99e2d,75011,a7899faf20e004ef6fbefd980d66c68767176592e8ae787507f7eef97e437f29,a5be94f56244f51fa10dcc5eca2b656ef8731690b0fac3ce4983007666a13d1f,f2ef78b87249b64d0fb6b7cd1a10de16f3ae65274fce31462c86c0bd700f584f,499d07833296b5b2c1bdf5fac7efcfceb28bed8cd732f22fec0b500ff3485c95,95055c8586a82b11bcc6545b9612735b757e690ba9944bf5e17ac144b4ea32f3,/tmp/buckeye_slicer_current_A_l3vzoku5
s13,s1302a,proper_D,142,7,0.04929577464788732,2,1,1,0.014084507042253521,0.007042253521126761,0.007042253521126761,144,7,0.04861111111111111,2,1,1,0.013888888888888888,0.006944444444444444,0.006944444444444444,461.33878399999975,341.57182099999994,0.7403925983383182,369.51199999999994,72,5.132111111111111,b35b56fbf50e01487bef7f59ef870fe839ea7b8d3f84afb9014d7c5503a3e4dc,7742f46ba78ed9fa88c087d5ec69553ce3988bd974cf12b77459f3fa28b99e2d,75011,1510b7e057cbf5d3e34794a40416df3587696d85d75fdf0dd2b21abb275ab0f8,78caf65d8c614e934132e34fd391d04c0124b2d30c6702e288f4b9e317244391,cb78863db888028099eab4b11a9bad6779f022f9281cf678c86555aa07b57610,bfdbce43ee0ece488839d03106de70734ca837a09ba472818783f7939524c498,82de487ba2b8b081090508744baca135e989d5d564903bf8aae25adcf36e77c4,/tmp/buckeye_slicer_proper_D_lpqzgop_
s13,s1302a,min_quiet_run_64ms,137,6,0.043795620437956206,2,0,0,0.014598540145985401,0.0,0.0,140,6,0.04285714285714286,2,0,0,0.014285714285714285,0.0,0.0,461.33878399999975,331.78645499999965,0.7191817954763583,358.5600000000002,70,5.1222857142857166,72ea8093df3fb11222b7291a784e2272246d6349ad6d5da63900e79412997498,147296b66139fb1e25f990a73fc8504c73dcc082cbd7ad0e1f082f2cacec28a9,75011,a7899faf20e004ef6fbefd980d66c68767176592e8ae787507f7eef97e437f29,a5be94f56244f51fa10dcc5eca2b656ef8731690b0fac3ce4983007666a13d1f,b397d9731307886b13d5174c5bc31c365b4aba4d5d28f7fc53c39862aaed75fe,58342ff293946d1982a198e578b4cb82fa887d21c74906ecc38e90bd64c0187d,8614de0fcf26b316371b94ded147844e3a44769650395d3298f18ec4a7ed1a14,/tmp/buckeye_slicer_min_quiet_run_64ms_6d_gi3s9
s13,s1302a,quiet_run_score,146,6,0.0410958904109589,2,1,1,0.0136986301369863,0.00684931506849315,0.00684931506849315,152,6,0.039473684210526314,2,1,1,0.013157894736842105,0.006578947368421052,0.006578947368421052,461.33878399999975,345.4788749999996,0.7488615459653177,371.2400000000002,76,4.884736842105266,72ea8093df3fb11222b7291a784e2272246d6349ad6d5da63900e79412997498,9f81ddd3e1ece099fb5400ba14ba18280c8818346149f168c5660056e4c18f56,75011,a7899faf20e004ef6fbefd980d66c68767176592e8ae787507f7eef97e437f29,a5be94f56244f51fa10dcc5eca2b656ef8731690b0fac3ce4983007666a13d1f,f2ef78b87249b64d0fb6b7cd1a10de16f3ae65274fce31462c86c0bd700f584f,e9d50a3e1589d1b57b9efc0c39311ec722422628d85a96111cd615ea64acce06,eac398cd97e5f6292963e5b6c86671437d37e3c2d8c1cb75092ebe16f482557d,/tmp/buckeye_slicer_quiet_run_score_64tt8ge_
s13,s1302b,current_A,90,3,0.03333333333333333,0,0,0,0.0,0.0,0.0,90,3,0.03333333333333333,0,0,0,0.0,0.0,0.0,385.7584199999994,192.3734259999997,0.49868885817190983,214.79199999999986,45,4.773155555555553,72ea8093df3fb11222b7291a784e2272246d6349ad6d5da63900e79412997498,7742f46ba78ed9fa88c087d5ec69553ce3988bd974cf12b77459f3fa28b99e2d,74949,3dfdabcd76851c9d50a7043da54ada4537358754ce425bc8a809422655516260,7d070c97b2217695b4a1ddbb7fb9f8a9c0c261a6060449baa8fcce16a47f63f3,8329412c0111f8ba47dd62560ab483e6b69b6b7d6c6976d79234f202885984db,3898f3e197c71be474c2679ea290b6b82a6fcc3c6aaf572cad3b03a3cb69cd9f,6f84fb0db4360014066f101350b2586d8d94d150aa9fb218967f4b3c8b5142ea,/tmp/buckeye_slicer_current_A_4r25unvo
s13,s1302b,proper_D,82,3,0.036585365853658534,0,0,0,0.0,0.0,0.0,82,3,0.036585365853658534,0,0,0,0.0,0.0,0.0,385.7584199999994,182.6209489999997,0.47340755128559475,198.03999999999996,41,4.830243902439023,b35b56fbf50e01487bef7f59ef870fe839ea7b8d3f84afb9014d7c5503a3e4dc,7742f46ba78ed9fa88c087d5ec69553ce3988bd974cf12b77459f3fa28b99e2d,74949,b87e342f140f6dae43bd72448f1b7a74bf1d822a2540cd8f7aa49ae4915d8249,cd014c53dbbc9aa55a1180c51fd64e5d2656ab6c0e2625b019522e7ec6496b6d,c1e871345afa5158eb50b3242119f6aae53433147ee3e1cf93e2fc478b5473e2,bb4a503a08a767646dbe17d35fe323b706e5a1bc2a884c8ce99c7addfaaf3d08,cbcf122a77ebac1a0175cefd33c677dbd8ba325b617588b2dec0a3fde26e9d96,/tmp/buckeye_slicer_proper_D_n5f1y3ee
s13,s1302b,min_quiet_run_64ms,90,4,0.044444444444444446,1,0,0,0.011111111111111112,0.0,0.0,90,4,0.044444444444444446,1,0,0,0.011111111111111112,0.0,0.0,385.7584199999994,185.8216339999998,0.481704674132583,208.2079999999998,45,4.62684444444444,72ea8093df3fb11222b7291a784e2272246d6349ad6d5da63900e79412997498,147296b66139fb1e25f990a73fc8504c73dcc082cbd7ad0e1f082f2cacec28a9,74949,3dfdabcd76851c9d50a7043da54ada4537358754ce425bc8a809422655516260,7d070c97b2217695b4a1ddbb7fb9f8a9c0c261a6060449baa8fcce16a47f63f3,7946c7073fe7cb2f8c447aba2b51de4c25cc2a5255a4835f818f69ea97a85df0,8543deb1c9306fcbc29fafe665957ca9f147187fd2d41f4f508d57d086e3525e,703947dd609efe72a3d73997855c8f44d11a45a6bf44013e6b68ac0ee1c98e47,/tmp/buckeye_slicer_min_quiet_run_64ms_wgesq0t_
s13,s1302b,quiet_run_score,90,4,0.044444444444444446,0,0,0,0.0,0.0,0.0,90,4,0.044444444444444446,0,0,0,0.0,0.0,0.0,385.7584199999994,187.78891199999987,0.4868044409762985,208.536,45,4.634133333333334,72ea8093df3fb11222b7291a784e2272246d6349ad6d5da63900e79412997498,9f81ddd3e1ece099fb5400ba14ba18280c8818346149f168c5660056e4c18f56,74949,3dfdabcd76851c9d50a7043da54ada4537358754ce425bc8a809422655516260,7d070c97b2217695b4a1ddbb7fb9f8a9c0c261a6060449baa8fcce16a47f63f3,8329412c0111f8ba47dd62560ab483e6b69b6b7d6c6976d79234f202885984db,2b5afb4693d7c8fae8b39c74f3638b421d74fbe3474c2de06c5ff61705ebe586,b65866b217605ccbcf8c1f150a24f077d098b4195d5af1365a0772f70656d01d,/tmp/buckeye_slicer_quiet_run_score_t6535uzf
s13,s1303a,current_A,90,3,0.03333333333333333,1,0,0,0.011111111111111112,0.0,0.0,90,3,0.03333333333333333,1,0,0,0.011111111111111112,0.0,0.0,394.1540639999997,204.49887099999972,0.5188297918957899,222.536,45,4.9452444444444446,72ea8093df3fb11222b7291a784e2272246d6349ad6d5da63900e79412997498,7742f46ba78ed9fa88c087d5ec69553ce3988bd974cf12b77459f3fa28b99e2d,75006,74de14d14faa53d772404680adcdfb9817cfd9056b7532f3ae045b4d4135f684,3e410510a34be3ab8a1900beb31a11ca67e17af55b4d26046a46279ebf7ab792,9f926081b5326131197a9ef15c39d65f544913df72ad5854b6a843e5b6b43b90,0b43f1f69cc96e03e26f9a270a1f6f5028270346fc542ee2ebe4eea3cc96300d,0e0616cd84106e7d8d1fb71072dacc4bcc0b0d50799306602d80655925eeaac9,/tmp/buckeye_slicer_current_A_jpp6n2ms
s13,s1303a,proper_D,86,3,0.03488372093023256,1,0,0,0.011627906976744186,0.0,0.0,86,3,0.03488372093023256,1,0,0,0.011627906976744186,0.0,0.0,394.1540639999997,195.9781929999998,0.49721215864464596,213.7359999999999,43,4.970604651162788,b35b56fbf50e01487bef7f59ef870fe839ea7b8d3f84afb9014d7c5503a3e4dc,7742f46ba78ed9fa88c087d5ec69553ce3988bd974cf12b77459f3fa28b99e2d,75006,a34f4bd97d36f8532d9dab5d4d4c237825c7a498de074d2d7073df0dbe7a2ecc,6de9955cef055283da2f359462a3b1f3ddd0624c8eaa4ab0eca47001c48999da,d34c4da0f21691200f95ba7970908400929324dd58553c1cd960221041ee833f,a09695d38583df2ad9d26371d7a6946b91c68ebf5cd7a40cdbb95ff084799502,93e34891987e0caa7829a7229db39cf90fe5f3c95dbf987740e8bb3b663c4cf2,/tmp/buckeye_slicer_proper_D_kkgn6rde
s13,s1303a,min_quiet_run_64ms,88,4,0.045454545454545456,2,1,0,0.022727272727272728,0.011363636363636364,0.0,88,4,0.045454545454545456,2,1,0,0.022727272727272728,0.011363636363636364,0.0,394.1540639999997,199.10333099999974,0.5051408806481312,216.79200000000003,44,4.92709090909091,72ea8093df3fb11222b7291a784e2272246d6349ad6d5da63900e79412997498,147296b66139fb1e25f990a73fc8504c73dcc082cbd7ad0e1f082f2cacec28a9,75006,74de14d14faa53d772404680adcdfb9817cfd9056b7532f3ae045b4d4135f684,3e410510a34be3ab8a1900beb31a11ca67e17af55b4d26046a46279ebf7ab792,24d8147324c404c242b00f9e8010fcb6c74a7288072e7b238a30f84efa304297,0830460a69bdadcaa31ef323808a5255a98a30b6e08c6011a288ab3b71d17a0c,9ec4954cf57d2fe0fe0499d55c1f8c2b44776af4ef9021781114b5f2a117e24f,/tmp/buckeye_slicer_min_quiet_run_64ms_h3wbl_1z
s13,s1303a,quiet_run_score,90,4,0.044444444444444446,2,1,0,0.022222222222222223,0.011111111111111112,0.0,90,4,0.044444444444444446,2,1,0,0.022222222222222223,0.011111111111111112,0.0,394.1540639999997,199.8921659999997,0.50714221736402,216.6799999999999,45,4.815111111111109,72ea8093df3fb11222b7291a784e2272246d6349ad6d5da63900e79412997498,9f81ddd3e1ece099fb5400ba14ba18280c8818346149f168c5660056e4c18f56,75006,74de14d14faa53d772404680adcdfb9817cfd9056b7532f3ae045b4d4135f684,3e410510a34be3ab8a1900beb31a11ca67e17af55b4d26046a46279ebf7ab792,9f926081b5326131197a9ef15c39d65f544913df72ad5854b6a843e5b6b43b90,3c6d1d9eab78418e4798cce1fffd46f6379f52c1266c2832babbb0bc14f86856,3ade82c63e5b68b29fe70d54554987a50851fdb1e0a5b4fade432309de567eb0,/tmp/buckeye_slicer_quiet_run_score_cqho67qq
s13,s1303b,current_A,129,8,0.06201550387596899,4,1,0,0.031007751937984496,0.007751937984496124,0.0,132,10,0.07575757575757576,5,2,0,0.03787878787878788,0.015151515151515152,0.0,394.5759039999998,306.36341400000003,0.7764372099113285,333.67999999999984,66,5.055757575757573,72ea8093df3fb11222b7291a784e2272246d6349ad6d5da63900e79412997498,7742f46ba78ed9fa88c087d5ec69553ce3988bd974cf12b77459f3fa28b99e2d,71277,aaf5accaea7822377e1b219dc53e6b6f87412c5e875082dcee77189432ae7025,25c0f8fcbef8f0f6d6b8b3d305887bf1747f65855c1fe264a1bf41345bc7000f,f14934afe7c8e0ffcb4ddaf335c7d64a7192564ec189937b4133955593b8561e,33c4f0c63da5e5e8430d65ddc4491cdc55653d6383af0f5dd1ad5feb6b51cfc4,1302ae222ab7d56288db328d7bfc2df3b335d98b8c17db2da303c97bd5dd4701,/tmp/buckeye_slicer_current_A_cv07st91
s13,s1303b,proper_D,123,5,0.04065040650406504,1,1,0,0.008130081300813009,0.008130081300813009,0.0,126,5,0.03968253968253968,1,1,0,0.007936507936507936,0.007936507936507936,0.0,394.5759039999998,288.53051300000016,0.7312421008861207,315.624,63,5.009904761904762,b35b56fbf50e01487bef7f59ef870fe839ea7b8d3f84afb9014d7c5503a3e4dc,7742f46ba78ed9fa88c087d5ec69553ce3988bd974cf12b77459f3fa28b99e2d,71277,1ef36094e89eb52fd0f9a402c9762f9b8ce4f928d255795d4d30a75a9b23c813,ce0769db682191e2bed931900a07e1a957354e340387d67b172e25c2f616b29a,c0d675c4f30f7dd55b639008d031a88c0f4d51c31a1d48340c55feeee3cc1005,e50f56a619fc37883f41c67ae1afc9eb4e44af114a8f89bad5a485ab3a80aec1,ccd697d068d12bea6498aa814e00cea29253eb38a1a7a78fd16780308c9fbd3b,/tmp/buckeye_slicer_proper_D_yqygb81z
s13,s1303b,min_quiet_run_64ms,115,6,0.05217391304347826,3,1,0,0.02608695652173913,0.008695652173913044,0.0,116,6,0.05172413793103448,3,1,0,0.02586206896551724,0.008620689655172414,0.0,394.5759039999998,272.2550890000001,0.6899942095805228,295.77599999999984,58,5.099586206896549,72ea8093df3fb11222b7291a784e2272246d6349ad6d5da63900e79412997498,147296b66139fb1e25f990a73fc8504c73dcc082cbd7ad0e1f082f2cacec28a9,71277,aaf5accaea7822377e1b219dc53e6b6f87412c5e875082dcee77189432ae7025,25c0f8fcbef8f0f6d6b8b3d305887bf1747f65855c1fe264a1bf41345bc7000f,40b20f4dbc65746ff6428e6ddeb70a579dc93a9c361ec1b8b3c1171c0805fd32,2c38751d4227cb8a2b31a460a32d225d31ef0004478d2d14f0f01b12144f22e0,fea661545881894e9ab07e6f7f401ed30152130f1ea2bd480fb972400da765f4,/tmp/buckeye_slicer_min_quiet_run_64ms_z0uifo2j
s13,s1303b,quiet_run_score,130,7,0.05384615384615385,3,1,0,0.023076923076923078,0.007692307692307693,0.0,136,9,0.0661764705882353,4,2,0,0.029411764705882353,0.014705882352941176,0.0,394.5759039999998,297.52980300000013,0.7540496010623099,323.0239999999997,68,4.750352941176466,72ea8093df3fb11222b7291a784e2272246d6349ad6d5da63900e79412997498,9f81ddd3e1ece099fb5400ba14ba18280c8818346149f168c5660056e4c18f56,71277,aaf5accaea7822377e1b219dc53e6b6f87412c5e875082dcee77189432ae7025,25c0f8fcbef8f0f6d6b8b3d305887bf1747f65855c1fe264a1bf41345bc7000f,f14934afe7c8e0ffcb4ddaf335c7d64a7192564ec189937b4133955593b8561e,db66769039ed2b7a9d56362d2040fc636bdbb38a71201e74d6450604dc6e67cc,fbe722b78759e6a3d2b54f27bc5b238c81fc72967e1de90e387d93fb19573c52,/tmp/buckeye_slicer_quiet_run_score_l1n5u59l
s13,s1304a,current_A,54,5,0.09259259259259259,2,1,0,0.037037037037037035,0.018518518518518517,0.0,54,5,0.09259259259259259,2,1,0,0.037037037037037035,0.018518518518518517,0.0,181.15421500000005,122.17242099999999,0.6744111419102224,131.43999999999997,27,4.868148148148147,72ea8093df3fb11222b7291a784e2272246d6349ad6d5da63900e79412997498,7742f46ba78ed9fa88c087d5ec69553ce3988bd974cf12b77459f3fa28b99e2d,31257,eadd6ceab1c5299c881a5a98025ab2695487e42bf95b3f8bb786a6282fc5bc0d,dfb801d92b84785d18e87c8115e5b36f9c6dbcf46323a279722537679f46cbde,136b0d5e4eae5f04fb72669c359f1023b0f32679dc5e79f96f087024e5516850,7eaa9ed84ca196d275f4bdb947ebf0e19f5e67af831a8a5d520b701d11347cdf,9e040539d787d13e805e4070cd17f6d24fecedd3e7298ba5a4bc6ae860dba238,/tmp/buckeye_slicer_current_A_tutev_qo
s13,s1304a,proper_D,54,4,0.07407407407407407,2,0,0,0.037037037037037035,0.0,0.0,54,4,0.07407407407407407,2,0,0,0.037037037037037035,0.0,0.0,181.15421500000005,122.19869300000002,0.6745561675172724,131.79999999999995,27,4.8814814814814795,b35b56fbf50e01487bef7f59ef870fe839ea7b8d3f84afb9014d7c5503a3e4dc,7742f46ba78ed9fa88c087d5ec69553ce3988bd974cf12b77459f3fa28b99e2d,31257,b733e093a1439541b87f7b8da46a368fc16a4e70f2fd60198932389e59b6ae16,7e741ce34131665d6aa3abfe3c39d352619ba840df59e350cc664cfca1b4769a,cc0ce78cc7f04f53ff329b5d70d2b9b373aa06c6bede13ebe56109899caf898c,e4565bc22049e22e819dff85c3ce9feff585a8b536e6e38746fd7e53b329aa61,31822234056778849d556e1bacd365d7a1b7cc95fba026c50d9f428e1e305263,/tmp/buckeye_slicer_proper_D_car9h41l
s13,s1304a,min_quiet_run_64ms,52,5,0.09615384615384616,2,1,0,0.038461538461538464,0.019230769230769232,0.0,52,5,0.09615384615384616,2,1,0,0.038461538461538464,0.019230769230769232,0.0,181.15421500000005,120.21010700000002,0.6635788573840249,127.17599999999996,26,4.891384615384614,72ea8093df3fb11222b7291a784e2272246d6349ad6d5da63900e79412997498,147296b66139fb1e25f990a73fc8504c73dcc082cbd7ad0e1f082f2cacec28a9,31257,eadd6ceab1c5299c881a5a98025ab2695487e42bf95b3f8bb786a6282fc5bc0d,dfb801d92b84785d18e87c8115e5b36f9c6dbcf46323a279722537679f46cbde,375a714f7e22278da72f2bb9a154929ae670ca62d4fed2aedd0e297c4090eb59,16321e8ab417143bab49be7bff7692450b0a8df00b21600ad0a44d87bbc8be71,a1ec7fe0b345c98a0cc1b28e5c6093b82ac4993f987942cdffd1062110ce4e45,/tmp/buckeye_slicer_min_quiet_run_64ms_sw7j9a26
s13,s1304a,quiet_run_score,55,5,0.09090909090909091,2,1,0,0.03636363636363636,0.01818181818181818,0.0,56,5,0.08928571428571429,2,1,0,0.03571428571428571,0.017857142857142856,0.0,181.15421500000005,117.18120400000001,0.646858832404203,125.67999999999996,28,4.4885714285714275,72ea8093df3fb11222b7291a784e2272246d6349ad6d5da63900e79412997498,9f81ddd3e1ece099fb5400ba14ba18280c8818346149f168c5660056e4c18f56,31257,eadd6ceab1c5299c881a5a98025ab2695487e42bf95b3f8bb786a6282fc5bc0d,dfb801d92b84785d18e87c8115e5b36f9c6dbcf46323a279722537679f46cbde,136b0d5e4eae5f04fb72669c359f1023b0f32679dc5e79f96f087024e5516850,3bcb1f56b737782281ccc9c8a74495ddf5de832b15532117e55ffbb2bb4d8bcd,053db608205f27afb5fffc9ab2265ae73e295334015bdb102b74c23bf7f9cd1c,/tmp/buckeye_slicer_quiet_run_score_fvc_2k2_
s14,s1401a,current_A,88,16,0.18181818181818182,15,3,1,0.17045454545454544,0.03409090909090909,0.011363636363636364,104,24,0.23076923076923078,23,6,2,0.22115384615384615,0.057692307692307696,0.019230769230769232,339.05232500000045,282.77504000000033,0.8340159295471575,304.83200000000033,52,5.862153846153853,72ea8093df3fb11222b7291a784e2272246d6349ad6d5da63900e79412997498,7742f46ba78ed9fa88c087d5ec69553ce3988bd974cf12b77459f3fa28b99e2d,71763,d6673005a5c167408b51cb1ff1b144d21a702a731ef2182fc4c2b7faa06df3a5,fcf57fac2e9c99cd18152b14330ac044366e8ee120e398b78477c7c3c59f36e4,43c7d59052a7f6fbe9ac8dc6abbb721ba66cd38620a0cc18c88b02a3db51d974,b3d4a2449a3b9f9952691e7b96abd8a9e8aa160be609d67396b24f74f0019e79,1efe6007cf4aa7d1702e63d57957cef41d2c9afe7d7cf90b3f632889ecae2dbc,/tmp/buckeye_slicer_current_A_vtizab_3
s14,s1401a,proper_D,76,4,0.05263157894736842,2,0,0,0.02631578947368421,0.0,0.0,86,5,0.05813953488372093,2,0,0,0.023255813953488372,0.0,0.0,339.05232500000045,243.18941300000043,0.7172621895455226,262.86400000000026,43,6.113116279069773,b35b56fbf50e01487bef7f59ef870fe839ea7b8d3f84afb9014d7c5503a3e4dc,7742f46ba78ed9fa88c087d5ec69553ce3988bd974cf12b77459f3fa28b99e2d,71763,5ff8da899f599659717278b9be9bd7940038a8841fa79c08f363f6cf3703ace5,632c69bf6e0e2318cc0e54e46df0aad0772325e34add517bb6e3e1a7890fd050,8ccb4cd8937eb19a5b3cc1b4bb88054419338d26ea178309c61960b08ecdae24,6e4a1222827425fd5085dd44ebf3acba0810502b1e9f1b84a2932942723ec89d,44d8b01b241d02516e767d45cbb67de2586f7bd4579f366c13cc1780ec49251c,/tmp/buckeye_slicer_proper_D_1fk01f12
s14,s1401a,min_quiet_run_64ms,85,13,0.15294117647058825,13,2,0,0.15294117647058825,0.023529411764705882,0.0,102,19,0.18627450980392157,19,4,0,0.18627450980392157,0.0392156862745098,0.0,339.05232500000045,271.6447870000004,0.8011883917917391,293.2480000000003,51,5.749960784313731,72ea8093df3fb11222b7291a784e2272246d6349ad6d5da63900e79412997498,147296b66139fb1e25f990a73fc8504c73dcc082cbd7ad0e1f082f2cacec28a9,71763,d6673005a5c167408b51cb1ff1b144d21a702a731ef2182fc4c2b7faa06df3a5,fcf57fac2e9c99cd18152b14330ac044366e8ee120e398b78477c7c3c59f36e4,d171b832d2d9dde71dc3c462763bf4c684df37536df4105ea20344b49b7aebed,49fedb8ad55b1fc37d42c5b5a00e0c8d64eef6c0f2f6e4c0a56883286087c78a,5a8dceb67311594ea573ae55a8d3dea71c70a95836007fac06fe2cf9a7487ed4,/tmp/buckeye_slicer_min_quiet_run_64ms_tmnrd7bm
s14,s1401a,quiet_run_score,90,13,0.14444444444444443,12,3,0,0.13333333333333333,0.03333333333333333,0.0,108,18,0.16666666666666666,17,6,0,0.1574074074074074,0.05555555555555555,0.0,339.05232500000045,282.77504000000033,0.8340159295471575,304.64800000000025,54,5.641629629629635,72ea8093df3fb11222b7291a784e2272246d6349ad6d5da63900e79412997498,9f81ddd3e1ece099fb5400ba14ba18280c8818346149f168c5660056e4c18f56,71763,d6673005a5c167408b51cb1ff1b144d21a702a731ef2182fc4c2b7faa06df3a5,fcf57fac2e9c99cd18152b14330ac044366e8ee120e398b78477c7c3c59f36e4,43c7d59052a7f6fbe9ac8dc6abbb721ba66cd38620a0cc18c88b02a3db51d974,950eab3bab008823ae1d88360911e762c504bfcd17340f64d741e3c6c7585b9e,6757ccb3de20d6eca723e08a3c34b256329284294c610fa82b4483533d4e983a,/tmp/buckeye_slicer_quiet_run_score_uh80chd8
s14,s1401b,current_A,107,12,0.11214953271028037,10,4,0,0.09345794392523364,0.037383177570093455,0.0,134,18,0.13432835820895522,15,6,0,0.11194029850746269,0.04477611940298507,0.0,475.42898099999957,403.1297449999998,0.8479284206698374,441.01599999999996,67,6.5823283582089545,72ea8093df3fb11222b7291a784e2272246d6349ad6d5da63900e79412997498,7742f46ba78ed9fa88c087d5ec69553ce3988bd974cf12b77459f3fa28b99e2d,92677,ce7036946ba93d689f3952d43f2a0c12b9d36ae22759406e26135bcbd0cc4287,a9acc4490a76b6c7c04752b762c687aed967a05e8cdf215dd2047f62a77f3fd6,b2ec9d464acf40f2e18b22080f61a80cd23d501a3794bd5a4886e3418abb397b,c4c6992782c945c56d4bfa64e6651543b6614693ee446967331b909fabcf8dae,74ca1a269666cdb849088b83c5ce9977095b904be36185abdef654f7bc68e3c4,/tmp/buckeye_slicer_current_A_7unifruk
s14,s1401b,proper_D,93,7,0.07526881720430108,7,4,0,0.07526881720430108,0.043010752688172046,0.0,110,11,0.1,11,6,0,0.1,0.05454545454545454,0.0,475.42898099999957,339.84371499999975,0.7148148905125329,371.8639999999999,55,6.7611636363636345,b35b56fbf50e01487bef7f59ef870fe839ea7b8d3f84afb9014d7c5503a3e4dc,7742f46ba78ed9fa88c087d5ec69553ce3988bd974cf12b77459f3fa28b99e2d,92677,e0984d4958042d456a99fce59c8ecbcbb6c50201642f59d3ac42a84ee4adf1af,d71eb5284b6bd33bd25bbdc3bba573b64b138cb6138daddab3dc0af7f603643b,403823ddf9af0dd90d6997faadf036903ca57e37e6503d51c75bb024b63d4299,009b5af78b96d28394cf0a382f856923faa7b77e62ffa5cfb6fffc4e2a7b0e62,bf5c8c47e7183bd21a3fab5b37b2af9ca45bda4a780944c6cfc22675c5e2727f,/tmp/buckeye_slicer_proper_D_z6a2o7t3
s14,s1401b,min_quiet_run_64ms,106,7,0.0660377358490566,6,3,0,0.05660377358490566,0.02830188679245283,0.0,132,12,0.09090909090909091,10,5,0,0.07575757575757576,0.03787878787878788,0.0,475.42898099999957,385.3296609999998,0.8104883723947829,422.6959999999999,66,6.404484848484847,72ea8093df3fb11222b7291a784e2272246d6349ad6d5da63900e79412997498,147296b66139fb1e25f990a73fc8504c73dcc082cbd7ad0e1f082f2cacec28a9,92677,ce7036946ba93d689f3952d43f2a0c12b9d36ae22759406e26135bcbd0cc4287,a9acc4490a76b6c7c04752b762c687aed967a05e8cdf215dd2047f62a77f3fd6,2d6c48a7a205fa6a9d778881f3cb140cdd6d8b14987388ba090740b4afefea73,f843005ba9c87a8dcaf9ef13affa69a758b28a4526fd645947dcd5a8389798c8,96ed64c88acaa996245e14f3e089ad2514f5081197bface45f97ee6f1faa8431,/tmp/buckeye_slicer_min_quiet_run_64ms_wi22kk7v
s14,s1401b,quiet_run_score,114,10,0.08771929824561403,9,4,0,0.07894736842105263,0.03508771929824561,0.0,142,14,0.09859154929577464,12,6,0,0.08450704225352113,0.04225352112676056,0.0,475.42898099999957,405.17709999999994,0.8522347525970452,442.4800000000001,71,6.232112676056339,72ea8093df3fb11222b7291a784e2272246d6349ad6d5da63900e79412997498,9f81ddd3e1ece099fb5400ba14ba18280c8818346149f168c5660056e4c18f56,92677,ce7036946ba93d689f3952d43f2a0c12b9d36ae22759406e26135bcbd0cc4287,a9acc4490a76b6c7c04752b762c687aed967a05e8cdf215dd2047f62a77f3fd6,b2ec9d464acf40f2e18b22080f61a80cd23d501a3794bd5a4886e3418abb397b,e34f58e2a18d3fd2566e4d2bbda1946bbc1c3653f620564dff47a71950b0c435,babd7a51d0d7902d8918fb6697bf4e80f9669eb6dc4e9e616f8cf8e8c3f0fa67,/tmp/buckeye_slicer_quiet_run_score_al9hmg1p
s14,s1402a,current_A,100,16,0.16,9,1,0,0.09,0.01,0.0,116,21,0.1810344827586207,13,2,0,0.11206896551724138,0.017241379310344827,0.0,382.0668270000001,313.1350250000002,0.819581818863327,340.0400000000002,58,5.862758620689658,72ea8093df3fb11222b7291a784e2272246d6349ad6d5da63900e79412997498,7742f46ba78ed9fa88c087d5ec69553ce3988bd974cf12b77459f3fa28b99e2d,75009,ed010cb5c20d76e5397dc2120ef0e3617da22c664ec65cd2f7ee451262cb7232,3a6429796f7013f73e53a0e75e5ae4b754e74c2b5137619fe2c22321231d8b24,4a7421cd2bc85498122c23e14c7bda1c5f89c0741c24206eae7b6fcf65badc3a,dfa830738c4e2394f6f3dcd49d217d429fa7cdeb8c76d561efaaa440cbfcc3a5,730771561fe391fb50a25dd6ad4898502c4fe448b4116c723888cce15213111a,/tmp/buckeye_slicer_current_A_bzxkrc3h
s14,s1402a,proper_D,89,12,0.1348314606741573,4,0,0,0.0449438202247191,0.0,0.0,94,12,0.1276595744680851,4,0,0,0.0425531914893617,0.0,0.0,382.0668270000001,264.7921049999999,0.6930518074001746,287.72800000000024,47,6.121872340425537,b35b56fbf50e01487bef7f59ef870fe839ea7b8d3f84afb9014d7c5503a3e4dc,7742f46ba78ed9fa88c087d5ec69553ce3988bd974cf12b77459f3fa28b99e2d,75009,446f2ab74fc700c6a9ebfa42724969eae2f7bf6639dc30c7666d74f06af49d9f,18f6815da998a24b6e5f7ac8e78cc59e0dbdd4cb5ee15a80347431773fc01504,53551c4f72351cf2b0bb551ba902cb777c5ce845609f11444a9e4978e21753a2,513a32914a7ed46d0dc76f4be7858644659219d59dfd0054454c7a62779b2d48,3defe25cd7b07fe8461015843c7a8cabcc4a0310ecadfad2c84d3fa74c7fa2fc,/tmp/buckeye_slicer_proper_D_liqsh0_2
s14,s1402a,min_quiet_run_64ms,93,11,0.11827956989247312,6,1,0,0.06451612903225806,0.010752688172043012,0.0,108,14,0.12962962962962962,8,2,0,0.07407407407407407,0.018518518518518517,0.0,382.0668270000001,294.36573700000025,0.7704561511172499,318.9440000000002,54,5.906370370370374,72ea8093df3fb11222b7291a784e2272246d6349ad6d5da63900e79412997498,147296b66139fb1e25f990a73fc8504c73dcc082cbd7ad0e1f082f2cacec28a9,75009,ed010cb5c20d76e5397dc2120ef0e3617da22c664ec65cd2f7ee451262cb7232,3a6429796f7013f73e53a0e75e5ae4b754e74c2b5137619fe2c22321231d8b24,77b4ac29a4468c972098501f31bd9b57de28d191dd95a3e9ab51e96ce7d3df69,8aec6892be6665edba911a375d38b20c9256f810bb2dcbea1af1465decfd29c4,9b54574c23597ab6418b9f25409ed87731937a34ea389d4f011a7c19d1269180,/tmp/buckeye_slicer_min_quiet_run_64ms_v5_ezcs4
s14,s1402a,quiet_run_score,103,12,0.11650485436893204,7,1,0,0.06796116504854369,0.009708737864077669,0.0,122,14,0.11475409836065574,9,2,0,0.07377049180327869,0.01639344262295082,0.0,382.0668270000001,309.76386600000023,0.810758338880858,335.88800000000015,61,5.506360655737708,72ea8093df3fb11222b7291a784e2272246d6349ad6d5da63900e79412997498,9f81ddd3e1ece099fb5400ba14ba18280c8818346149f168c5660056e4c18f56,75009,ed010cb5c20d76e5397dc2120ef0e3617da22c664ec65cd2f7ee451262cb7232,3a6429796f7013f73e53a0e75e5ae4b754e74c2b5137619fe2c22321231d8b24,4a7421cd2bc85498122c23e14c7bda1c5f89c0741c24206eae7b6fcf65badc3a,9e3eca2a59d49ff0f79e6cd7a364771d1e23f02d03211849e42d71ff5181fe2d,faa5e7b1d41dcb3eb8d4e1801ee8328db9bc06cb199fce2111a61f1b24c73560,/tmp/buckeye_slicer_quiet_run_score_a07xnb2b
s14,s1402b,current_A,96,10,0.10416666666666667,6,1,0,0.0625,0.010416666666666666,0.0,112,12,0.10714285714285714,8,2,0,0.07142857142857142,0.017857142857142856,0.0,363.4329330000003,315.86063000000024,0.8691029384505449,341.53599999999994,56,6.098857142857142,72ea8093df3fb11222b7291a784e2272246d6349ad6d5da63900e79412997498,7742f46ba78ed9fa88c087d5ec69553ce3988bd974cf12b77459f3fa28b99e2d,71655,2b4720e6957f7830c5e729c2faba6ec6d2ceadaf21716568b438bba835cce058,e9d268b2f546dc3c52263b687beac5b04b18233c19db19f1bb8441a780caf96f,91edbc007d7ffebfdb4313a3a00331c6b21a137279286bb5b7be62707e56ce82,d0d57ce77325d0a4bbb426b221a6a8ecb10a4481901973c686a24b9ff4e910df,3d773ad7eb9cfe251e21264b81a8061d5180111da6f192fe0360f94eae6b9ee7,/tmp/buckeye_slicer_current_A_aodkohc6
s14,s1402b,proper_D,84,6,0.07142857142857142,1,0,0,0.011904761904761904,0.0,0.0,98,7,0.07142857142857142,2,0,0,0.02040816326530612,0.0,0.0,363.4329330000003,277.5838190000001,0.763782788501448,301.6719999999999,49,6.156571428571427,b35b56fbf50e01487bef7f59ef870fe839ea7b8d3f84afb9014d7c5503a3e4dc,7742f46ba78ed9fa88c087d5ec69553ce3988bd974cf12b77459f3fa28b99e2d,71655,f886f76646334a166d1b9c98a164cbfa789a95cfcf816e7e349ef3ce32bd7c86,0211c33d601c76687bf444e0b71de2bd9e37bb2000e95d115584cff4c1ceb72c,f2fbac5fd18e9d482e1864c46d71876eef930153825d4ed2b30fdb6c1162dad8,b2e458abfaef3e265d96882566a648f627cabd25e236a22e85f9335cb384b39b,5e003b49f23dc12903f63242174afa1cf2397a666062c009dc86e7298b931463,/tmp/buckeye_slicer_proper_D_mg6uwco9
s14,s1402b,min_quiet_run_64ms,92,7,0.07608695652173914,4,2,0,0.043478260869565216,0.021739130434782608,0.0,106,8,0.07547169811320754,5,3,0,0.04716981132075472,0.02830188679245283,0.0,363.4329330000003,295.5600950000003,0.813245218478866,321.032,53,6.057207547169811,72ea8093df3fb11222b7291a784e2272246d6349ad6d5da63900e79412997498,147296b66139fb1e25f990a73fc8504c73dcc082cbd7ad0e1f082f2cacec28a9,71655,2b4720e6957f7830c5e729c2faba6ec6d2ceadaf21716568b438bba835cce058,e9d268b2f546dc3c52263b687beac5b04b18233c19db19f1bb8441a780caf96f,d5a9d3d87bbe2bcf11381a948d7810fa3f85ea24fbc1236d7d460afcf772fc55,25190b0ae0f180bccb1553258609459615b183a19f7b254de381fad05df935d4,1680d23902999fae1336fb9c1f6a49e5195f4aa9096b9d46cdf37be7c0be28d5,/tmp/buckeye_slicer_min_quiet_run_64ms_alcwgr4v
s14,s1402b,quiet_run_score,100,5,0.05,3,0,0,0.03,0.0,0.0,120,6,0.05,4,0,0,0.03333333333333333,0.0,0.0,363.4329330000003,322.2399400000003,0.8866558606564146,347.83199999999994,60,5.797199999999999,72ea8093df3fb11222b7291a784e2272246d6349ad6d5da63900e79412997498,9f81ddd3e1ece099fb5400ba14ba18280c8818346149f168c5660056e4c18f56,71655,2b4720e6957f7830c5e729c2faba6ec6d2ceadaf21716568b438bba835cce058,e9d268b2f546dc3c52263b687beac5b04b18233c19db19f1bb8441a780caf96f,91edbc007d7ffebfdb4313a3a00331c6b21a137279286bb5b7be62707e56ce82,78568b72ab3689c598f13c4f1f40eac32bbe07a976528ad51b06038054e5e717,ca54d11ad7d55a03126faa1a88b81508e993dc4e1eeefab42f48a80e7beaa90e,/tmp/buckeye_slicer_quiet_run_score_9gjp5yjm
s14,s1403a,current_A,97,7,0.07216494845360824,6,1,0,0.061855670103092786,0.010309278350515464,0.0,106,10,0.09433962264150944,9,1,0,0.08490566037735849,0.009433962264150943,0.0,331.02790899999997,253.63042600000006,0.7661904603940815,276.34400000000005,53,5.2140377358490575,72ea8093df3fb11222b7291a784e2272246d6349ad6d5da63900e79412997498,7742f46ba78ed9fa88c087d5ec69553ce3988bd974cf12b77459f3fa28b99e2d,64196,c2f5198d251d2dbce043732b1bc205166b44697248b8f5c5992454be24fddb44,644fd447b0f9e7757fe5947cd79216387451be1605d2e9b714e1ccbb00d5e0bd,a5eea84be03a51c9925f1b98c0e381a3c1bf2455abe4b9592c846bd25503ddb8,b18d61c801e9bef9bdc2e0dcc06a46c42c6449470c0001005fd53959044cf9b7,3d25e4c654e7b14775516994493d27eeed32cc83732e69f03868b7c273231388,/tmp/buckeye_slicer_current_A_8qb5ksh5
s14,s1403a,proper_D,82,2,0.024390243902439025,2,1,0,0.024390243902439025,0.012195121951219513,0.0,88,3,0.03409090909090909,3,2,0,0.03409090909090909,0.022727272727272728,0.0,331.02790899999997,207.55941900000005,0.6270148629673399,227.34400000000016,44,5.166909090909095,b35b56fbf50e01487bef7f59ef870fe839ea7b8d3f84afb9014d7c5503a3e4dc,7742f46ba78ed9fa88c087d5ec69553ce3988bd974cf12b77459f3fa28b99e2d,64196,237c4427694a147eebaab3268abc29d15741f70edfd86884b85d5feb7f2fc75a,8bed6a2d0908bbf5f0b8c51a307208278f8c757762fc2cc4f9b082067583ba6a,fe71eb4a823506bd66368d9c1e06f24cecd0834aefaab41cdce0885860aa8998,85fd66c3020232ad8b35887786039e3471d18fa24acf1fcb90f060fdc9d81815,c29a7faa9d067a1d40f52015f0fca3057b3d66c4de1788b0a236cc07dfa491db,/tmp/buckeye_slicer_proper_D_7c91nhp2
s14,s1403a,min_quiet_run_64ms,95,4,0.042105263157894736,3,0,0,0.031578947368421054,0.0,0.0,106,6,0.05660377358490566,5,0,0,0.04716981132075472,0.0,0.0,331.02790899999997,253.65133300000008,0.7662536182107839,276.112,53,5.209660377358491,72ea8093df3fb11222b7291a784e2272246d6349ad6d5da63900e79412997498,147296b66139fb1e25f990a73fc8504c73dcc082cbd7ad0e1f082f2cacec28a9,64196,c2f5198d251d2dbce043732b1bc205166b44697248b8f5c5992454be24fddb44,644fd447b0f9e7757fe5947cd79216387451be1605d2e9b714e1ccbb00d5e0bd,269913427d0dc3ce68aeaf984c1b724fb9f8f10b759203bf00c69a9fa010111f,4023c4e697c1860be85d6cf05cb9aba5838ca4b4c47b3fa3f010ad2c58731e7a,3be593637adec5f61e445de8129f4fe05ce44890672afb31edbbc757d308a7c4,/tmp/buckeye_slicer_min_quiet_run_64ms_6zmnwum0
s14,s1403a,quiet_run_score,100,6,0.06,5,2,0,0.05,0.02,0.0,114,8,0.07017543859649122,7,2,0,0.06140350877192982,0.017543859649122806,0.0,331.02790899999997,257.3509690000001,0.7774298239004377,279.904,57,4.91059649122807,72ea8093df3fb11222b7291a784e2272246d6349ad6d5da63900e79412997498,9f81ddd3e1ece099fb5400ba14ba18280c8818346149f168c5660056e4c18f56,64196,c2f5198d251d2dbce043732b1bc205166b44697248b8f5c5992454be24fddb44,644fd447b0f9e7757fe5947cd79216387451be1605d2e9b714e1ccbb00d5e0bd,a5eea84be03a51c9925f1b98c0e381a3c1bf2455abe4b9592c846bd25503ddb8,e31a68a4bbe7785b68ff9d586d38ba41e4d6db76e4da1df708ea4e82459d6e77,726787ccae4d0b3321bb580a0d36ae3178f1779d8fb91b5940906feac4b66a55,/tmp/buckeye_slicer_quiet_run_score_4v4s98sa
s14,s1403b,current_A,64,8,0.125,6,2,0,0.09375,0.03125,0.0,68,8,0.11764705882352941,6,2,0,0.08823529411764706,0.029411764705882353,0.0,233.89246400000053,173.98394600000034,0.7438629831186008,189.91200000000012,34,5.5856470588235325,72ea8093df3fb11222b7291a784e2272246d6349ad6d5da63900e79412997498,7742f46ba78ed9fa88c087d5ec69553ce3988bd974cf12b77459f3fa28b99e2d,62621,d6ac1cb1eb0fcb0f98d8c422ab9035c08f43cbee45fb6ca881dc7b9781fcf9ad,0a15973b70bbaa15ef727c2391386aefe9314f6d3310a7667487f886098a299a,24ac2a9bfb4c090806c873505767994d285467fcb0649f2b3e94169ffb03b8ca,740e9bd97c42a0c307a3fd138e0122762ef57723e72b589a7349ef83e61d5077,f81bae159b401104f52d1faff70b68955c0f6cb8fc770dac3e694d3fbad627e0,/tmp/buckeye_slicer_current_A_8opgg99f
s14,s1403b,proper_D,59,6,0.1016949152542373,2,0,0,0.03389830508474576,0.0,0.0,62,6,0.0967741935483871,2,0,0,0.03225806451612903,0.0,0.0,233.89246400000053,171.6613790000003,0.7339329197027908,185.76000000000002,31,5.99225806451613,b35b56fbf50e01487bef7f59ef870fe839ea7b8d3f84afb9014d7c5503a3e4dc,7742f46ba78ed9fa88c087d5ec69553ce3988bd974cf12b77459f3fa28b99e2d,62621,bc40bb3bd0042d981fe17ac89b3ab46cd329ce5dbc7c4bdd7ad44fc659b73a88,cde384e27cf78de8abb30f339b42d56c484786bc5b29ca80b56c885a8436d323,a9afe01d181d90203961f96e5aa27905cdf99b39c3d4211b848ee735e5d0c4ab,aac3aa3f11ebba1e3b09a578cd8671e8cd85f31100eeca06e2fe93658a8e70fc,2b80a50304897547d491b141264da007eebdd652f8554ce2af216be60f011ce9,/tmp/buckeye_slicer_proper_D_2jdl_foe
s14,s1403b,min_quiet_run_64ms,64,8,0.125,5,1,0,0.078125,0.015625,0.0,68,8,0.11764705882352941,5,1,0,0.07352941176470588,0.014705882352941176,0.0,233.89246400000053,175.99044600000033,0.7524417118458333,191.78400000000013,34,5.640705882352945,72ea8093df3fb11222b7291a784e2272246d6349ad6d5da63900e79412997498,147296b66139fb1e25f990a73fc8504c73dcc082cbd7ad0e1f082f2cacec28a9,62621,d6ac1cb1eb0fcb0f98d8c422ab9035c08f43cbee45fb6ca881dc7b9781fcf9ad,0a15973b70bbaa15ef727c2391386aefe9314f6d3310a7667487f886098a299a,e9fd435a250da637b15f8a960227d7530696ae655b42723ca0efad83665275cb,823815533ef951f400776320438bdf9a16976ed4948b67545029ac79a37326c8,f0ac4176885dc3338817195fe1510d95227731ef26a645e99b13c38b35454a3d,/tmp/buckeye_slicer_min_quiet_run_64ms_bwpm2yhm
s14,s1403b,quiet_run_score,65,8,0.12307692307692308,6,2,0,0.09230769230769231,0.03076923076923077,0.0,70,8,0.11428571428571428,6,2,0,0.08571428571428572,0.02857142857142857,0.0,233.89246400000053,174.07399700000033,0.7442479933855413,189.64000000000013,35,5.418285714285718,72ea8093df3fb11222b7291a784e2272246d6349ad6d5da63900e79412997498,9f81ddd3e1ece099fb5400ba14ba18280c8818346149f168c5660056e4c18f56,62621,d6ac1cb1eb0fcb0f98d8c422ab9035c08f43cbee45fb6ca881dc7b9781fcf9ad,0a15973b70bbaa15ef727c2391386aefe9314f6d3310a7667487f886098a299a,24ac2a9bfb4c090806c873505767994d285467fcb0649f2b3e94169ffb03b8ca,8c577dea03eaefa964fa7a67d07381e1707f20279856a7091f0352e74b547bf2,6b32056029a628f6bc195d2b1f9f21195492240f72d2841605600ad54e6679a4,/tmp/buckeye_slicer_quiet_run_score_j61m9qqk
s15,s1501a,current_A,111,9,0.08108108108108109,5,1,0,0.04504504504504504,0.009009009009009009,0.0,120,10,0.08333333333333333,6,1,0,0.05,0.008333333333333333,0.0,395.99358299999983,307.7680549999999,0.7772046523289243,358.59200000000016,60,5.976533333333336,72ea8093df3fb11222b7291a784e2272246d6349ad6d5da63900e79412997498,7742f46ba78ed9fa88c087d5ec69553ce3988bd974cf12b77459f3fa28b99e2d,74750,461f77ca3576fcdf7d6aefd48c4c16bcbcad77a8d9e6e907df958d09613a2fb5,cb264597b44db4c91c7f7e0e469c1ae2baf1f7895111da461b862678c4cf21c7,51ad0ddbe58b4481d0eeeda8806c083bd9ab79edbbb2ca8ad9dc87ed3a754b3f,416f1f03baa0bef6184e1f131ac6f3a87468a36303a3f86b4c482e821be15b3b,473ea48f1865e9c79e2a856147e22c698b435499ba3ad7314172abf4d8b57fd6,/tmp/buckeye_slicer_current_A_a7fslrvr
s15,s1501a,proper_D,105,2,0.01904761904761905,1,0,0,0.009523809523809525,0.0,0.0,114,2,0.017543859649122806,1,0,0,0.008771929824561403,0.0,0.0,395.99358299999983,294.5288720000002,0.7437718302622099,342.6480000000002,57,6.011368421052635,b35b56fbf50e01487bef7f59ef870fe839ea7b8d3f84afb9014d7c5503a3e4dc,7742f46ba78ed9fa88c087d5ec69553ce3988bd974cf12b77459f3fa28b99e2d,74750,3a8c21369902496c96530c2de941ec9221e22eb6672ec7c1252a580656207ff7,6569dd66a179ec35f274e9d7c19132aca157866e4f773c6f54998f5823ec177f,de34667f20e1f954cb6260d2eeb7319c3f5daf7a4a9fb5e062c24a5fc8c2d2dd,eb914c8db2eec56d844859450cc7f1d0ff482bde81829606a28cda1365aa7b7d,8550fd231459d9ff3cda3012ba414f940f3ff01da776bd437825a282dbe027fe,/tmp/buckeye_slicer_proper_D_m7zpslha
s15,s1501a,min_quiet_run_64ms,110,5,0.045454545454545456,3,3,0,0.02727272727272727,0.02727272727272727,0.0,120,5,0.041666666666666664,3,3,0,0.025,0.025,0.0,395.99358299999983,304.92364399999985,0.7700216798715145,354.90400000000017,60,5.91506666666667,72ea8093df3fb11222b7291a784e2272246d6349ad6d5da63900e79412997498,147296b66139fb1e25f990a73fc8504c73dcc082cbd7ad0e1f082f2cacec28a9,74750,461f77ca3576fcdf7d6aefd48c4c16bcbcad77a8d9e6e907df958d09613a2fb5,cb264597b44db4c91c7f7e0e469c1ae2baf1f7895111da461b862678c4cf21c7,5ec2bc70e3afb9b93eefdce57cf8814b4bcec8450a225dbe93d6c94d53960771,dd06313ffcfceef8e91e047fbb8c109c5eaea5bfc2605cfc3e6dcd7edc492985,a46909b5d9cce8ec61357811b2e36bd77c7a565804d8d256d2a999fca7a96e1e,/tmp/buckeye_slicer_min_quiet_run_64ms_4qg1tdbb
s15,s1501a,quiet_run_score,110,5,0.045454545454545456,3,1,0,0.02727272727272727,0.00909090909090909,0.0,122,5,0.040983606557377046,3,1,0,0.02459016393442623,0.00819672131147541,0.0,395.99358299999983,304.75006199999996,0.769583334384487,353.15200000000004,61,5.789377049180328,72ea8093df3fb11222b7291a784e2272246d6349ad6d5da63900e79412997498,9f81ddd3e1ece099fb5400ba14ba18280c8818346149f168c5660056e4c18f56,74750,461f77ca3576fcdf7d6aefd48c4c16bcbcad77a8d9e6e907df958d09613a2fb5,cb264597b44db4c91c7f7e0e469c1ae2baf1f7895111da461b862678c4cf21c7,51ad0ddbe58b4481d0eeeda8806c083bd9ab79edbbb2ca8ad9dc87ed3a754b3f,baf6584a36a8cdbf4a29570b65cba2e1089514a488c89c32112a2bb235ab9db8,1c92017b57947792199ebfbe25bfac1f1301156b3092b925cd6a7a375937aea4,/tmp/buckeye_slicer_quiet_run_score_jsqr9b2d
s15,s1501b,current_A,126,9,0.07142857142857142,5,1,0,0.03968253968253968,0.007936507936507936,0.0,138,12,0.08695652173913043,7,2,0,0.050724637681159424,0.014492753623188406,0.0,388.26682699999975,330.86255900000015,0.8521525301464922,386.3199999999998,69,5.598840579710142,72ea8093df3fb11222b7291a784e2272246d6349ad6d5da63900e79412997498,7742f46ba78ed9fa88c087d5ec69553ce3988bd974cf12b77459f3fa28b99e2d,74620,7ffb77da2518b3b0bcdd71142ab1e531263e11f5c9d313d0cbb548445ba07593,46c6cbe0c5b876e7937645467c7458cfa583f9b48a6c85bf0bd6b54a82bbffb6,309145de2321f967cd46b0581e35efdc58aedb00231126d3de7d985db546d36c,9caf68ffb8ad250f47d717d86a5cafa2d93c66ce2b711a9a5aae59c9b5aaa602,a1e85a8ca54c790ae9423fb6456a7e0216fa639d55fb5500c887989b38eef37a,/tmp/buckeye_slicer_current_A_vz2wek1e
s15,s1501b,proper_D,103,5,0.04854368932038835,4,0,0,0.038834951456310676,0.0,0.0,114,7,0.06140350877192982,5,0,0,0.043859649122807015,0.0,0.0,388.26682699999975,275.69793000000004,0.7100733589068638,322.7199999999999,57,5.661754385964911,b35b56fbf50e01487bef7f59ef870fe839ea7b8d3f84afb9014d7c5503a3e4dc,7742f46ba78ed9fa88c087d5ec69553ce3988bd974cf12b77459f3fa28b99e2d,74620,9b087332fc599b20cc06157341f32fbeb9d6429aeffc7e5795e3802dcdf2b2a5,f13e71133bc40db1584aed171578f0eb002c3f1cf25f4ed06ab07788299eed91,337a189e567fe486d92fa057a90f5edd4fd295ffd3fb26bf2e04edab8393e321,644ef138cf582a630c3274267cd163e88dbb34737aff75ce12b947acda700a54,2652ef9565f726d696e1a440634940c4266163155175d7c6ca0853175220405a,/tmp/buckeye_slicer_proper_D_1ss09ijg
s15,s1501b,min_quiet_run_64ms,120,9,0.075,7,2,0,0.058333333333333334,0.016666666666666666,0.0,132,13,0.09848484848484848,11,3,0,0.08333333333333333,0.022727272727272728,0.0,388.26682699999975,321.06666500000017,0.8269227311557069,375.0239999999999,66,5.6821818181818164,72ea8093df3fb11222b7291a784e2272246d6349ad6d5da63900e79412997498,147296b66139fb1e25f990a73fc8504c73dcc082cbd7ad0e1f082f2cacec28a9,74620,7ffb77da2518b3b0bcdd71142ab1e531263e11f5c9d313d0cbb548445ba07593,46c6cbe0c5b876e7937645467c7458cfa583f9b48a6c85bf0bd6b54a82bbffb6,2e9227adb46553e621ba5429beacb2629e55d71b4bb7af010660d2551e8b5726,67e446969ecea24f2f1863fa9f86a14dab38438031852dade51672dbedb078ce,aa850c91211d11b960b00fef3fb87c7e14403f65d5e6072d38c8447d9cd8800a,/tmp/buckeye_slicer_min_quiet_run_64ms_pb198sk0
s15,s1501b,quiet_run_score,129,9,0.06976744186046512,5,0,0,0.03875968992248062,0.0,0.0,146,10,0.0684931506849315,6,0,0,0.0410958904109589,0.0,0.0,388.26682699999975,331.94479900000005,0.8549398916328236,387.6639999999998,73,5.310465753424655,72ea8093df3fb11222b7291a784e2272246d6349ad6d5da63900e79412997498,9f81ddd3e1ece099fb5400ba14ba18280c8818346149f168c5660056e4c18f56,74620,7ffb77da2518b3b0bcdd71142ab1e531263e11f5c9d313d0cbb548445ba07593,46c6cbe0c5b876e7937645467c7458cfa583f9b48a6c85bf0bd6b54a82bbffb6,309145de2321f967cd46b0581e35efdc58aedb00231126d3de7d985db546d36c,64cee876c93131216d07759e4175422d521cf614c823692867127abf508e1584,92a0a39a827f6efba90f039af876dcc7cb60655ff41d81b766d7bb776ace0803,/tmp/buckeye_slicer_quiet_run_score_hl_ki1vt
s15,s1502a,current_A,108,6,0.05555555555555555,3,1,0,0.027777777777777776,0.009259259259259259,0.0,112,8,0.07142857142857142,4,2,0,0.03571428571428571,0.017857142857142856,0.0,351.06815300000005,270.4673520000001,0.770412666853322,307.4480000000001,56,5.4901428571428585,72ea8093df3fb11222b7291a784e2272246d6349ad6d5da63900e79412997498,7742f46ba78ed9fa88c087d5ec69553ce3988bd974cf12b77459f3fa28b99e2d,70312,279baf3bfa1a0b3b331e7265e083ece94bcedd9cf623ea95da5dd54d56ee9ce5,cdc4c11549b65063606bb8bdedafeb037e2297e5233c58ab4a2222a4bbca8281,277c4cc094a984d7f54a46ca9ea37cf5568c88fa4023ac3f990866c5cdc65314,4524f21c847f54fc68cc11de9cf607a63013eff89bec7801e2b2ae00bf87c3d3,95347cd5668b4f3b80b3532e72a5abc32e54de1eaccdbfae5d4d41bbc2c3ce8b,/tmp/buckeye_slicer_current_A_0a0ztgro
s15,s1502a,proper_D,91,2,0.02197802197802198,1,0,0,0.01098901098901099,0.0,0.0,92,2,0.021739130434782608,1,0,0,0.010869565217391304,0.0,0.0,351.06815300000005,236.1825580000001,0.6727541532370214,271.2080000000001,46,5.895826086956523,b35b56fbf50e01487bef7f59ef870fe839ea7b8d3f84afb9014d7c5503a3e4dc,7742f46ba78ed9fa88c087d5ec69553ce3988bd974cf12b77459f3fa28b99e2d,70312,3a26fb77af7222c91e3a4e2c3126a3270b0241bdafedb1072e88876a32604e8a,f79a650b0634f0307c60234ca242bd8fd0d6a6d80566db621644cf3adac758e0,d1bd91e239e5c804d129a86747961e1f64fa66061a23a16688dae308068997cb,5112fb03a604ed46bf1b6f9f5cce14161e8de7ca5728361c5f81bf23dbee6fe3,5089e8edacbeff1aaf920bd072a00b4473691a0019255a2f2b47564616fa9b22,/tmp/buckeye_slicer_proper_D_3mabvqt4
s15,s1502a,min_quiet_run_64ms,103,3,0.02912621359223301,2,1,0,0.019417475728155338,0.009708737864077669,0.0,106,4,0.03773584905660377,3,2,0,0.02830188679245283,0.018867924528301886,0.0,351.06815300000005,263.2928910000002,0.7499765750611967,299.32800000000015,53,5.64769811320755,72ea8093df3fb11222b7291a784e2272246d6349ad6d5da63900e79412997498,147296b66139fb1e25f990a73fc8504c73dcc082cbd7ad0e1f082f2cacec28a9,70312,279baf3bfa1a0b3b331e7265e083ece94bcedd9cf623ea95da5dd54d56ee9ce5,cdc4c11549b65063606bb8bdedafeb037e2297e5233c58ab4a2222a4bbca8281,4ac5dfbede92ab6899018c866af8cb693c61e6135fccdbb8376b7279f03f9607,8f8b75dc52ba9f2cb501484840541233f4d8e3466fcce0d40cdb9d3f6f5d3651,c9a72af3578f272137756835b5c4836e3184b3dfa2ac83ec111d2466e8ec1a16,/tmp/buckeye_slicer_min_quiet_run_64ms_xmqginob
s15,s1502a,quiet_run_score,109,5,0.045871559633027525,3,1,0,0.027522935779816515,0.009174311926605505,0.0,114,7,0.06140350877192982,4,2,0,0.03508771929824561,0.017543859649122806,0.0,351.06815300000005,269.383315,0.7673248419089724,305.62400000000014,57,5.361824561403512,72ea8093df3fb11222b7291a784e2272246d6349ad6d5da63900e79412997498,9f81ddd3e1ece099fb5400ba14ba18280c8818346149f168c5660056e4c18f56,70312,279baf3bfa1a0b3b331e7265e083ece94bcedd9cf623ea95da5dd54d56ee9ce5,cdc4c11549b65063606bb8bdedafeb037e2297e5233c58ab4a2222a4bbca8281,277c4cc094a984d7f54a46ca9ea37cf5568c88fa4023ac3f990866c5cdc65314,d3d031d18dfce98580879bd2a9172bd27b85f687726268a2bbb28061a88182f8,21cf90e377040c9d5238b6a22ed19ac9ec5a875b03c92d945ce2ce396eb85e62,/tmp/buckeye_slicer_quiet_run_score_4bynihym
s15,s1502b,current_A,110,6,0.05454545454545454,3,1,0,0.02727272727272727,0.00909090909090909,0.0,124,8,0.06451612903225806,5,2,0,0.04032258064516129,0.016129032258064516,0.0,403.84522399999963,301.1888469999997,0.7458026716690848,351.78400000000016,62,5.67393548387097,72ea8093df3fb11222b7291a784e2272246d6349ad6d5da63900e79412997498,7742f46ba78ed9fa88c087d5ec69553ce3988bd974cf12b77459f3fa28b99e2d,70494,cf935c9f6b8c040a619486a2cb671d3aac4a5e7d7ec53e4b53edf82d87658d28,90e899a415fc8a930ae81b46c0e8951ff0a9cc69491ac8f763e2e7b6381dc003,b6e13807ac81a5f721f04e9446440385a0029adc1b358b7f0adbb5d203687a4c,e592541c28a9062427aaa77696140ceee3f6a829e0ce0f8b963e18face004cb6,34ecaddb47dde0d3eee43e786cadb0481c6b6b3bd114e4b4b2e54d72a7e1fa6f,/tmp/buckeye_slicer_current_A_seop9sgn
s15,s1502b,proper_D,99,3,0.030303030303030304,2,0,0,0.020202020202020204,0.0,0.0,106,3,0.02830188679245283,2,0,0,0.018867924528301886,0.0,0.0,403.84522399999963,268.46287599999965,0.6647667473715125,312.92000000000013,53,5.904150943396229,b35b56fbf50e01487bef7f59ef870fe839ea7b8d3f84afb9014d7c5503a3e4dc,7742f46ba78ed9fa88c087d5ec69553ce3988bd974cf12b77459f3fa28b99e2d,70494,b41d8e5b1a3d83e58a38aa9c802be4d1b105e7b07eb24cd8a65997c18231fd21,e6fde8784c452b4ad51f13c8e2600533594b2568c96a900580723bc847a6ee3f,74959cddd114816b9ab49c19c6740c858cbd063110b0bc69b540901262e57519,a422e40b4e42db09044a15ca26e05fb6a2743301d9d5e74d19b11354648ca1c1,05f638e0a9b07b5708dd686d1cb81d4135b375ddb59ff69da32e92f48426f681,/tmp/buckeye_slicer_proper_D_3s1vm3pg
s15,s1502b,min_quiet_run_64ms,104,5,0.04807692307692308,3,1,0,0.028846153846153848,0.009615384615384616,0.0,118,7,0.059322033898305086,5,2,0,0.0423728813559322,0.01694915254237288,0.0,403.84522399999963,289.91569299999975,0.7178881308250906,338.13600000000014,59,5.731118644067799,72ea8093df3fb11222b7291a784e2272246d6349ad6d5da63900e79412997498,147296b66139fb1e25f990a73fc8504c73dcc082cbd7ad0e1f082f2cacec28a9,70494,cf935c9f6b8c040a619486a2cb671d3aac4a5e7d7ec53e4b53edf82d87658d28,90e899a415fc8a930ae81b46c0e8951ff0a9cc69491ac8f763e2e7b6381dc003,cdf98a2a5d4602d4a55c87d67c03ee805d855e5696820a4794cd78b82772a812,0467ce561ea483b748e9058fc74d0c7520a4225864b3dc6426be932615a0e2c0,1d46b07bb93e156ca5c98872661fd6aad60848bc53c4b928aeb38324d66faf44,/tmp/buckeye_slicer_min_quiet_run_64ms_wj3q333a
s15,s1502b,quiet_run_score,112,6,0.05357142857142857,3,1,0,0.026785714285714284,0.008928571428571428,0.0,126,8,0.06349206349206349,5,2,0,0.03968253968253968,0.015873015873015872,0.0,403.84522399999963,300.46243999999973,0.7440039454323224,349.9520000000002,63,5.554793650793655,72ea8093df3fb11222b7291a784e2272246d6349ad6d5da63900e79412997498,9f81ddd3e1ece099fb5400ba14ba18280c8818346149f168c5660056e4c18f56,70494,cf935c9f6b8c040a619486a2cb671d3aac4a5e7d7ec53e4b53edf82d87658d28,90e899a415fc8a930ae81b46c0e8951ff0a9cc69491ac8f763e2e7b6381dc003,b6e13807ac81a5f721f04e9446440385a0029adc1b358b7f0adbb5d203687a4c,8e81b16d7e5d67af3c9e814a67ed2922f937575ab1c0d20cdb596a41d1c738ba,31067ee4cbeba99b84d94498f34bceac95c5debf7f065f742f347716504c3701,/tmp/buckeye_slicer_quiet_run_score_3w36gz0l
s16,s1601a,current_A,128,8,0.0625,2,0,0,0.015625,0.0,0.0,130,8,0.06153846153846154,2,0,0,0.015384615384615385,0.0,0.0,411.3029530000003,273.20634400000034,0.6642460065196764,301.99199999999996,65,4.6460307692307685,72ea8093df3fb11222b7291a784e2272246d6349ad6d5da63900e79412997498,7742f46ba78ed9fa88c087d5ec69553ce3988bd974cf12b77459f3fa28b99e2d,75001,ac24e8a5e4aa4b24862c80b3e77d0e93c1c4e2433a85e34917a8ef3d5d21004d,401b62b9214b6828f0f6e3fc9a50f4ebf70b369b49fe48430be5339b1a2c94d3,26b316b1768efbfc21325dfb698d64a06d03f7178ee254632142e2907b96008d,40ec53d1b094a17fde768fc5d02f589c1b51800de5f852b7b3e16d8fc15cba10,8120a42d253ff3d1504cfbca77df6c247563b09ab25682c3935c49d4af02b8bc,/tmp/buckeye_slicer_current_A_kdnixnja
s16,s1601a,proper_D,118,10,0.0847457627118644,4,1,0,0.03389830508474576,0.00847457627118644,0.0,120,11,0.09166666666666666,4,1,0,0.03333333333333333,0.008333333333333333,0.0,411.3029530000003,257.04251300000044,0.6249469183849995,284.40000000000003,60,4.74,b35b56fbf50e01487bef7f59ef870fe839ea7b8d3f84afb9014d7c5503a3e4dc,7742f46ba78ed9fa88c087d5ec69553ce3988bd974cf12b77459f3fa28b99e2d,75001,a1452d873946b75029a953d475d1d2004e043fdfe6ce9c28b20e046f5643db7a,bc6816bcef7e5de51b8b2c79941a6916cfefb7ef191267992870d5172a814181,9fef54e91e1cd778067109681a40e0b081ff385af5494a1dd16b38337fb7e374,5f702f16f0be43db5a118defa5e35a296f302d5c7cb18bd6ed1864406ab261df,5f93968011a577a0271637ed953f6b98df3839b43f196799550e548bd830184b,/tmp/buckeye_slicer_proper_D_bri6mktd
s16,s1601a,min_quiet_run_64ms,125,9,0.072,4,1,0,0.032,0.008,0.0,126,9,0.07142857142857142,4,1,0,0.031746031746031744,0.007936507936507936,0.0,411.3029530000003,267.03249200000033,0.6492355332056178,294.808,63,4.679492063492064,72ea8093df3fb11222b7291a784e2272246d6349ad6d5da63900e79412997498,147296b66139fb1e25f990a73fc8504c73dcc082cbd7ad0e1f082f2cacec28a9,75001,ac24e8a5e4aa4b24862c80b3e77d0e93c1c4e2433a85e34917a8ef3d5d21004d,401b62b9214b6828f0f6e3fc9a50f4ebf70b369b49fe48430be5339b1a2c94d3,2a9484c2215a7d7d56e2a4efb02487f66d5fe5362ad8919b4847596545d837ee,a7ffd6bfd027a6c8de0dda8a348d35f9842a22a452b54a0fb66b6e83af78f73c,9b4db165226b7384fa66b50e3311a2e1ba44c2ba85655d0199fe7f4d1e701c94,/tmp/buckeye_slicer_min_quiet_run_64ms_5v8p7_44
s16,s1601a,quiet_run_score,129,6,0.046511627906976744,2,1,0,0.015503875968992248,0.007751937984496124,0.0,132,6,0.045454545454545456,2,1,0,0.015151515151515152,0.007575757575757576,0.0,411.3029530000003,269.13542300000023,0.6543483848996339,296.7679999999999,66,4.496484848484847,72ea8093df3fb11222b7291a784e2272246d6349ad6d5da63900e79412997498,9f81ddd3e1ece099fb5400ba14ba18280c8818346149f168c5660056e4c18f56,75001,ac24e8a5e4aa4b24862c80b3e77d0e93c1c4e2433a85e34917a8ef3d5d21004d,401b62b9214b6828f0f6e3fc9a50f4ebf70b369b49fe48430be5339b1a2c94d3,26b316b1768efbfc21325dfb698d64a06d03f7178ee254632142e2907b96008d,b5c086b4f3786cb0ee06eb84092b1fec869e04b430a5d20c84097499a805b0f3,132305f2604f3ac33a432051d1dae2bcbce1b08f7c82f7eaa06b7bd2bdaa5aa0,/tmp/buckeye_slicer_quiet_run_score_2w9xu3k5
s16,s1601b,current_A,109,11,0.10091743119266056,5,2,0,0.045871559633027525,0.01834862385321101,0.0,116,14,0.1206896551724138,7,3,0,0.0603448275862069,0.02586206896551724,0.0,386.1117060000002,276.01845000000037,0.7148668266483489,309.7920000000003,58,5.34124137931035,72ea8093df3fb11222b7291a784e2272246d6349ad6d5da63900e79412997498,7742f46ba78ed9fa88c087d5ec69553ce3988bd974cf12b77459f3fa28b99e2d,71420,aaffbe43a758da79ac39d48864d13b520c4b83bdf8a18d73b30814385eb832dd,10715919aa8fb33fcefe6fc8be26b8159ced6a80ae5b6417cf33ba41817ec049,9c7071bdba17939a60ae6a2b3c5e2d4caac9ac816c8c4a156fce8b5dd60bbb20,6b1c76bbb774e946ad0d88cfb280e6d2ee38c9d270fb0872213b95a9573690cf,1e24e122832622a0ef7b0011a929cc0b15df047cd87a64381197e74408dd32ba,/tmp/buckeye_slicer_current_A_n46f2l_g
s16,s1601b,proper_D,102,4,0.0392156862745098,2,0,0,0.0196078431372549,0.0,0.0,110,5,0.045454545454545456,3,0,0,0.02727272727272727,0.0,0.0,386.1117060000002,258.6353590000002,0.669845940904988,290.7920000000001,55,5.2871272727272745,b35b56fbf50e01487bef7f59ef870fe839ea7b8d3f84afb9014d7c5503a3e4dc,7742f46ba78ed9fa88c087d5ec69553ce3988bd974cf12b77459f3fa28b99e2d,71420,fd8836915c72ba5110d74243315917ef4834cbe4d6cd1643afac20d88a562d0f,06e8e1c47833eec30fcf2e5df22fd9b7e51e9b480f11d97a54081b6661d5e838,6603f9582e31897695706770e7f3655daf8a628f827a2d800dbd5feb8d2cd920,c0347a25efd83d30e710ea108d25983fb9463399036fd3754f3ed47c6a22da5e,ec563b6639e75386eddedd2ae4a0e64377782a21b03d81a497f468cb9b31f107,/tmp/buckeye_slicer_proper_D_5ue3woft
s16,s1601b,min_quiet_run_64ms,107,9,0.08411214953271028,4,2,0,0.037383177570093455,0.018691588785046728,0.0,114,10,0.08771929824561403,5,3,0,0.043859649122807015,0.02631578947368421,0.0,386.1117060000002,272.31645000000026,0.7052789277515459,304.48000000000036,57,5.341754385964919,72ea8093df3fb11222b7291a784e2272246d6349ad6d5da63900e79412997498,147296b66139fb1e25f990a73fc8504c73dcc082cbd7ad0e1f082f2cacec28a9,71420,aaffbe43a758da79ac39d48864d13b520c4b83bdf8a18d73b30814385eb832dd,10715919aa8fb33fcefe6fc8be26b8159ced6a80ae5b6417cf33ba41817ec049,0c93b808980b4d25369663f6b4ab466336f87256b34b3eb4f77dbcfea9dc9a0d,79626e7e4cea7c090b50c28d9579b4390088cc1dce0acd59c3ccedac7313b274,987d060661ee1e586feb77997a2b1b25871e512a2082dc68cfaa36243fcbd37c,/tmp/buckeye_slicer_min_quiet_run_64ms_v0v19c8v
s16,s1601b,quiet_run_score,111,9,0.08108108108108109,5,3,0,0.04504504504504504,0.02702702702702703,0.0,120,9,0.075,5,3,0,0.041666666666666664,0.025,0.0,386.1117060000002,271.60888000000034,0.703446375179312,301.88800000000043,60,5.031466666666674,72ea8093df3fb11222b7291a784e2272246d6349ad6d5da63900e79412997498,9f81ddd3e1ece099fb5400ba14ba18280c8818346149f168c5660056e4c18f56,71420,aaffbe43a758da79ac39d48864d13b520c4b83bdf8a18d73b30814385eb832dd,10715919aa8fb33fcefe6fc8be26b8159ced6a80ae5b6417cf33ba41817ec049,9c7071bdba17939a60ae6a2b3c5e2d4caac9ac816c8c4a156fce8b5dd60bbb20,4078703e43f4596f3dde5adc4a7f3031d3ce221aee71d8706b1dee4e4b5f1a0e,956146b91402787edfb9b7a8ae57cb0f5f440de18a5bb922b81f2e608080126b,/tmp/buckeye_slicer_quiet_run_score_onclzc6j
s16,s1602a,current_A,123,3,0.024390243902439025,0,0,0,0.0,0.0,0.0,128,3,0.0234375,0,0,0,0.0,0.0,0.0,417.5880069999999,273.181862,0.6541899130738209,314.4560000000001,64,4.913375000000001,72ea8093df3fb11222b7291a784e2272246d6349ad6d5da63900e79412997498,7742f46ba78ed9fa88c087d5ec69553ce3988bd974cf12b77459f3fa28b99e2d,74886,b06322c8c9f3aef502eac7d25cb9a73c3bb4d19150273847ee627ae6d7aca158,02bc9830c08dfde7cc37a1a4858724346bf9183b3acf6e5fa052e824b7b170be,512eaf37450f6b604f166de017ccc3446fd506f15c00f70488d89f3b030b1be4,d99c16f19ae895e276605395a16a961530a3610fc1e374c3db93a0f07f227fd6,f63f65af20f4966cc3fda80af3bb533fbf1344b01fb97a1e9e9ae7dd7faa2fc6,/tmp/buckeye_slicer_current_A_fhjktiof
s16,s1602a,proper_D,115,4,0.034782608695652174,2,0,0,0.017391304347826087,0.0,0.0,120,5,0.041666666666666664,3,0,0,0.025,0.0,0.0,417.5880069999999,255.11831700000002,0.6109330553643033,295.6720000000003,60,4.927866666666672,b35b56fbf50e01487bef7f59ef870fe839ea7b8d3f84afb9014d7c5503a3e4dc,7742f46ba78ed9fa88c087d5ec69553ce3988bd974cf12b77459f3fa28b99e2d,74886,27d7fee18a7f4fe96b0359a78fbbed50dfbc7516eae204c4b770fe214dcf2a65,d4396bf72f42ff141702d8719827dd2e8a07a9abcd0e7ae3aaf3b286b0b3e1fc,f35d397bc13a4b0816b3f517261b71030e0bf1f4af5afa876c0c587451cf2031,45fe40b4b8ca33fcb67643bca8523bef26d1b30e7f09f7a0623359f3ada1bdcb,6dd2775647f2b31a6cb606aabfb27d34c3c2759dfd741b4d4d68949558036453,/tmp/buckeye_slicer_proper_D_t39ss3hb
s16,s1602a,min_quiet_run_64ms,119,5,0.04201680672268908,1,0,0,0.008403361344537815,0.0,0.0,124,5,0.04032258064516129,1,0,0,0.008064516129032258,0.0,0.0,417.5880069999999,263.293986,0.6305113690681258,303.2640000000001,62,4.891354838709679,72ea8093df3fb11222b7291a784e2272246d6349ad6d5da63900e79412997498,147296b66139fb1e25f990a73fc8504c73dcc082cbd7ad0e1f082f2cacec28a9,74886,b06322c8c9f3aef502eac7d25cb9a73c3bb4d19150273847ee627ae6d7aca158,02bc9830c08dfde7cc37a1a4858724346bf9183b3acf6e5fa052e824b7b170be,9311b432e9521cf21bde2eb83af9ba2e8ef08bd0954159f757f6d4bdcbfe5c0b,4acdea18d1c238146b913d0e06397a990eafd877c18c7a373c4f67fd9c66888e,7a100f0be8c0ac3d1008106b6fb849b28fefeb0c6b91dde209333754a9eede97,/tmp/buckeye_slicer_min_quiet_run_64ms_w7wnzb_i
s16,s1602a,quiet_run_score,125,6,0.048,2,1,0,0.016,0.008,0.0,132,7,0.05303030303030303,3,1,0,0.022727272727272728,0.007575757575757576,0.0,417.5880069999999,263.9895,0.6321769197744228,302.21600000000007,66,4.579030303030304,72ea8093df3fb11222b7291a784e2272246d6349ad6d5da63900e79412997498,9f81ddd3e1ece099fb5400ba14ba18280c8818346149f168c5660056e4c18f56,74886,b06322c8c9f3aef502eac7d25cb9a73c3bb4d19150273847ee627ae6d7aca158,02bc9830c08dfde7cc37a1a4858724346bf9183b3acf6e5fa052e824b7b170be,512eaf37450f6b604f166de017ccc3446fd506f15c00f70488d89f3b030b1be4,acbfcc1fb590f072044fbf0cb81bc5362bc37c8f4f76469746c1feda6c15fe1e,c14cb2a8840cf3d8a24bdfa4f1e8c8c7c0ea682af633844d61d91dbf5054a400,/tmp/buckeye_slicer_quiet_run_score_o93b_xvw
s16,s1602b,current_A,91,9,0.0989010989010989,5,0,0,0.054945054945054944,0.0,0.0,92,9,0.09782608695652174,5,0,0,0.05434782608695652,0.0,0.0,346.54061999999965,189.27472699999996,0.5461833795991943,221.37599999999992,46,4.812521739130433,72ea8093df3fb11222b7291a784e2272246d6349ad6d5da63900e79412997498,7742f46ba78ed9fa88c087d5ec69553ce3988bd974cf12b77459f3fa28b99e2d,71525,d9f4e0947c08275295997bf1fb2bc4bcd0663b8781c9b86510f5fbb8f5547e55,91f16d9c2c5439bf796f1c2d8ef957d7c061510f50da3b7cda3b08ba98416adc,9e774ac2307ff3653b556f4185f5b45e0ac54e43b41a76489d13b0b612239f1d,e9fd8ec0ab65865b24d7d2a369dc59da61c9c48f6c22227a16996c592c31a535,c79a83d62cf199e2dd0806c600927fdff6693be30753b2ebd2e6ae9039e568e2,/tmp/buckeye_slicer_current_A_pmibmfj5
s16,s1602b,proper_D,87,8,0.09195402298850575,3,0,0,0.034482758620689655,0.0,0.0,88,8,0.09090909090909091,3,0,0,0.03409090909090909,0.0,0.0,346.54061999999965,179.22709499999985,0.5171892836112547,211.03199999999975,44,4.796181818181813,b35b56fbf50e01487bef7f59ef870fe839ea7b8d3f84afb9014d7c5503a3e4dc,7742f46ba78ed9fa88c087d5ec69553ce3988bd974cf12b77459f3fa28b99e2d,71525,d55eab656e6f44cee8ade13c37938f9c1234da8c918ea4511d6a68b1cfa10510,c75227c1854dff4bb4cea74feb12397031ee6f5b06f3f280de7cdd1c2a492ced,26d4cf414b83d1a3061df7f69337e149a9755abacce857b3f6b4caf20f1fd9dd,7cf9d29fa901f8a2882c7a455f0702602a9d2767c3cdefd2c949eaec7a423aa2,673376b42982cd67c1d67cd072c77c4203a696ddb52ce2303c54d1a68286e98d,/tmp/buckeye_slicer_proper_D_5gzd65x1
s16,s1602b,min_quiet_run_64ms,85,6,0.07058823529411765,3,0,0,0.03529411764705882,0.0,0.0,86,6,0.06976744186046512,3,0,0,0.03488372093023256,0.0,0.0,346.54061999999965,176.62610199999986,0.509683690183275,206.31999999999988,43,4.798139534883718,72ea8093df3fb11222b7291a784e2272246d6349ad6d5da63900e79412997498,147296b66139fb1e25f990a73fc8504c73dcc082cbd7ad0e1f082f2cacec28a9,71525,d9f4e0947c08275295997bf1fb2bc4bcd0663b8781c9b86510f5fbb8f5547e55,91f16d9c2c5439bf796f1c2d8ef957d7c061510f50da3b7cda3b08ba98416adc,a54853dff3bfd54fbdb097b4fc4075a4de11e92efdc47985c19e49aea76657fe,6b457e7159adeaec95d3e356316849e81f5889ce8f06788da56bbce64e81f91f,46431fca73abff9febfb512dfebaa5ed84c2b4a0c152551eff5f5dda8d339cfb,/tmp/buckeye_slicer_min_quiet_run_64ms_758jlg2d
s16,s1602b,quiet_run_score,93,8,0.08602150537634409,4,0,0,0.043010752688172046,0.0,0.0,96,8,0.08333333333333333,4,0,0,0.041666666666666664,0.0,0.0,346.54061999999965,184.13321799999989,0.5313467090813194,214.91199999999984,48,4.47733333333333,72ea8093df3fb11222b7291a784e2272246d6349ad6d5da63900e79412997498,9f81ddd3e1ece099fb5400ba14ba18280c8818346149f168c5660056e4c18f56,71525,d9f4e0947c08275295997bf1fb2bc4bcd0663b8781c9b86510f5fbb8f5547e55,91f16d9c2c5439bf796f1c2d8ef957d7c061510f50da3b7cda3b08ba98416adc,9e774ac2307ff3653b556f4185f5b45e0ac54e43b41a76489d13b0b612239f1d,c7541a950870c2e3a6ff554b29544aa3a92021d3615355d15479c14987189554,b81f01a7f5eb194a52f32996c230caf0bcec304e3ab4ed80b9a4ab7bcb83346a,/tmp/buckeye_slicer_quiet_run_score_yu848sl_
s16,s1603a,current_A,128,14,0.109375,8,3,0,0.0625,0.0234375,0.0,132,16,0.12121212121212122,9,4,0,0.06818181818181818,0.030303030303030304,0.0,429.5231180000001,287.3917489999998,0.6690949496227109,322.00799999999987,66,4.878909090909089,72ea8093df3fb11222b7291a784e2272246d6349ad6d5da63900e79412997498,7742f46ba78ed9fa88c087d5ec69553ce3988bd974cf12b77459f3fa28b99e2d,77112,23d715a91207e9b0eea3aa1a63ae34442d964829c23af0235190532c4e16d83a,82736e1189d34a682aef4baa9b3b306d056a7f215d877a32583244c9fdc11df0,92dc452a13275438ce6a133761147a308661c5ac061fd1ae91be09b1ae917d94,7f0600bb65eb79cb85263e5b4495e73f959f5e361f5f1360ce93c0116d3b0d0d,2fbcd621900f0cdd44fc17b1875fb4bf92971409567060d55319450d679a89c7,/tmp/buckeye_slicer_current_A_a_rpe5_y
s16,s1603a,proper_D,119,8,0.06722689075630252,5,1,0,0.04201680672268908,0.008403361344537815,0.0,124,9,0.07258064516129033,5,1,0,0.04032258064516129,0.008064516129032258,0.0,429.5231180000001,262.61662899999976,0.6114144221685401,297.4879999999999,62,4.798193548387095,b35b56fbf50e01487bef7f59ef870fe839ea7b8d3f84afb9014d7c5503a3e4dc,7742f46ba78ed9fa88c087d5ec69553ce3988bd974cf12b77459f3fa28b99e2d,77112,ec63e8dd57b8f14f5c6fe0df27706baf74ee9c77230c15a983566b53b7ddcd73,0787d11ee73593745feb69aac0b3252430b550b87d7f2d9b2f952cdad549f20d,60892b707d7f721b8d52c740bd2dabf4bd466cbe29813d61569b38b8153cf1f5,b79c8138c1caad191f425626a8f4c2d8e53a77220224c7d561a852b367998ed5,407e812c806cfd717a7838a5855f30b8c9e87b8b8ff20c67c2387b5b9c3039e1,/tmp/buckeye_slicer_proper_D_jscoeq9i
s16,s1603a,min_quiet_run_64ms,126,12,0.09523809523809523,7,2,0,0.05555555555555555,0.015873015873015872,0.0,130,14,0.1076923076923077,8,3,0,0.06153846153846154,0.023076923076923078,0.0,429.5231180000001,279.70752699999974,0.651204825254597,313.69599999999986,65,4.8260923076923055,72ea8093df3fb11222b7291a784e2272246d6349ad6d5da63900e79412997498,147296b66139fb1e25f990a73fc8504c73dcc082cbd7ad0e1f082f2cacec28a9,77112,23d715a91207e9b0eea3aa1a63ae34442d964829c23af0235190532c4e16d83a,82736e1189d34a682aef4baa9b3b306d056a7f215d877a32583244c9fdc11df0,67dea8d84571ddc7b9ad93ecb0044f3e564cbbc2badbd828ddec9390ce78a3dc,d37d1ca5c0de5e4f111f2fbab6d3a5cd9bad1f0151780882ae372d400f3f6b6e,19699c8cd7ec65cd8546fa7259fc8c34f61791c1a9acc9d9a0724fb801d95436,/tmp/buckeye_slicer_min_quiet_run_64ms_srpl25vd
s16,s1603a,quiet_run_score,131,8,0.061068702290076333,6,2,0,0.04580152671755725,0.015267175572519083,0.0,138,8,0.057971014492753624,6,2,0,0.043478260869565216,0.014492753623188406,0.0,429.5231180000001,284.15677799999963,0.661563408561398,316.1519999999998,69,4.5819130434782585,72ea8093df3fb11222b7291a784e2272246d6349ad6d5da63900e79412997498,9f81ddd3e1ece099fb5400ba14ba18280c8818346149f168c5660056e4c18f56,77112,23d715a91207e9b0eea3aa1a63ae34442d964829c23af0235190532c4e16d83a,82736e1189d34a682aef4baa9b3b306d056a7f215d877a32583244c9fdc11df0,92dc452a13275438ce6a133761147a308661c5ac061fd1ae91be09b1ae917d94,3a1a132362e9d1d931842745c86ce458f1f94fead24f2317de9fc7fe9fb13b80,320e3d33ca3442a4ecaef1ffa03b3443363a0894d0f93fd9f59b246c54cc407f,/tmp/buckeye_slicer_quiet_run_score_ox0epjln
s16,s1604a,current_A,125,18,0.144,14,1,0,0.112,0.008,0.0,130,19,0.14615384615384616,15,1,0,0.11538461538461539,0.007692307692307693,0.0,456.3730579999997,306.9590600000001,0.672605568227913,349.8480000000003,65,5.382276923076928,72ea8093df3fb11222b7291a784e2272246d6349ad6d5da63900e79412997498,7742f46ba78ed9fa88c087d5ec69553ce3988bd974cf12b77459f3fa28b99e2d,83148,995cfe7605c0b194421aec2a189f5c692e36d07662af693bc8eef04465b2dfec,ce57e0a505f04f15702283d029c50bcbd894ac6452d2e149fd37c7567e5d3a37,67cc0c4df912c1002d9306544d848098c3d65a25a06288e6eb8844de7487d76b,dcd1550c0e5fca3a2f2de392f089cb9562136f34a95c070788a1b7dd7b6f70ae,b197a307949bca0d2eeefb14d07092ec0260a1ef67c80030173c3fc97fef87e1,/tmp/buckeye_slicer_current_A_9308y7sn
s16,s1604a,proper_D,109,7,0.06422018348623854,1,0,0,0.009174311926605505,0.0,0.0,114,7,0.06140350877192982,1,0,0,0.008771929824561403,0.0,0.0,456.3730579999997,276.5509640000001,0.6059756577479652,314.83200000000005,57,5.523368421052632,b35b56fbf50e01487bef7f59ef870fe839ea7b8d3f84afb9014d7c5503a3e4dc,7742f46ba78ed9fa88c087d5ec69553ce3988bd974cf12b77459f3fa28b99e2d,83148,0b980a98ba3aaf228827ceb54ac95280c1228381ec5cb9faea29f9576f57b251,7ccf6580475457441a235ce97b61aeace7d3b9c0162dce80805bf6f33e6b60d5,03a42a2df10c1a7fda2efef00e3c634b1224e23c352276baa1ee6dbcd97e9773,60d0e51ad51b2d4d1c874349bc8ec0d584a95dd49422bddd1f9ef273fb83eb4c,64a1c7eee28cacadb6297610e7751b1e66fe1a101dc77e6c027cbeaea60e47b6,/tmp/buckeye_slicer_proper_D_9twko5a0
s16,s1604a,min_quiet_run_64ms,121,15,0.12396694214876033,11,0,0,0.09090909090909091,0.0,0.0,126,16,0.12698412698412698,12,0,0,0.09523809523809523,0.0,0.0,456.3730579999997,300.2514800000001,0.6579079871976148,341.4400000000004,63,5.419682539682546,72ea8093df3fb11222b7291a784e2272246d6349ad6d5da63900e79412997498,147296b66139fb1e25f990a73fc8504c73dcc082cbd7ad0e1f082f2cacec28a9,83148,995cfe7605c0b194421aec2a189f5c692e36d07662af693bc8eef04465b2dfec,ce57e0a505f04f15702283d029c50bcbd894ac6452d2e149fd37c7567e5d3a37,f4c6208be9abb2d5114390ca09bf442471429916fbb4cf1ca91b5e8104c77984,51518c9aef726b7206893dd95c496a9b6016192f89b1d1186e5f1d8e3c140d39,a30ae26042cd7d41981c1b3198041ec65aa2e2728b1a4b70b8e4f14a58aa20e9,/tmp/buckeye_slicer_min_quiet_run_64ms_66sbp4f1
s16,s1604a,quiet_run_score,127,16,0.12598425196850394,12,1,0,0.09448818897637795,0.007874015748031496,0.0,136,17,0.125,13,1,0,0.09558823529411764,0.007352941176470588,0.0,456.3730579999997,303.81730800000014,0.6657213932203692,344.4160000000003,68,5.064941176470592,72ea8093df3fb11222b7291a784e2272246d6349ad6d5da63900e79412997498,9f81ddd3e1ece099fb5400ba14ba18280c8818346149f168c5660056e4c18f56,83148,995cfe7605c0b194421aec2a189f5c692e36d07662af693bc8eef04465b2dfec,ce57e0a505f04f15702283d029c50bcbd894ac6452d2e149fd37c7567e5d3a37,67cc0c4df912c1002d9306544d848098c3d65a25a06288e6eb8844de7487d76b,04d3f615cf9fa194317850c80d8e9f74da289c1f4ad142f2ac954854d585c29c,febb9ab92cab61d6c8cd098e6537a9dac93be8a4b7898a7417047d52bf177aaf,/tmp/buckeye_slicer_quiet_run_score_ghz44_oq
s17,s1701a,current_A,65,11,0.16923076923076924,8,1,0,0.12307692307692308,0.015384615384615385,0.0,80,17,0.2125,12,1,0,0.15,0.0125,0.0,245.8421080000001,204.488519,0.831788014931925,229.97600000000006,40,5.749400000000001,72ea8093df3fb11222b7291a784e2272246d6349ad6d5da63900e79412997498,7742f46ba78ed9fa88c087d5ec69553ce3988bd974cf12b77459f3fa28b99e2d,45002,3431681e434d23a7d413bb6cca86886dae014f3769e93d00fc01f830f78e622f,da0e3b109d76545ebbb40807d6319e0d30886125e83b3139dd6189bd349cf3c6,5754184a89fb31f85dd0473681d72b615c627efff8e139c04a1a8dd0fe77f986,e44b9461c1d0c8528052c12d0e06ff57eb9c59a8544126ddd32af17fd8b7ba68,f134bd8be136926483a76e71b05ee027541a7edc49376017bf2b7ba842f151aa,/tmp/buckeye_slicer_current_A_hqb0ptjv
s17,s1701a,proper_D,57,3,0.05263157894736842,2,1,1,0.03508771929824561,0.017543859649122806,0.017543859649122806,68,5,0.07352941176470588,3,2,2,0.04411764705882353,0.029411764705882353,0.029411764705882353,245.8421080000001,190.07505899999995,0.7731590838783398,212.208,34,6.241411764705882,b35b56fbf50e01487bef7f59ef870fe839ea7b8d3f84afb9014d7c5503a3e4dc,7742f46ba78ed9fa88c087d5ec69553ce3988bd974cf12b77459f3fa28b99e2d,45002,422661a5b65000709562aa4820d793abd7f909e8db4952297f35cea7aed29b81,d763b2e218e98e045d15728440b624faa4006a6a1e51393a4ec29eb92d2cbba2,1cf6518c4737d8b553e2693b86656663d09abcd2146e8ffd3e6de7b0e5b4f866,3771f34b814b8ac412023daf4973d81fd1d1d518d8b5b6f81ef1f6ad13685616,e2ddfb300b6420a8b6c774eeee7d5f17c29bc1706fccabb62ce489f5ec8641bc,/tmp/buckeye_slicer_proper_D_3a83_w3e
s17,s1701a,min_quiet_run_64ms,62,11,0.1774193548387097,10,4,0,0.16129032258064516,0.06451612903225806,0.0,74,14,0.1891891891891892,13,5,0,0.17567567567567569,0.06756756756756757,0.0,245.8421080000001,203.288255,0.8269057593664951,226.84800000000004,37,6.131027027027028,72ea8093df3fb11222b7291a784e2272246d6349ad6d5da63900e79412997498,147296b66139fb1e25f990a73fc8504c73dcc082cbd7ad0e1f082f2cacec28a9,45002,3431681e434d23a7d413bb6cca86886dae014f3769e93d00fc01f830f78e622f,da0e3b109d76545ebbb40807d6319e0d30886125e83b3139dd6189bd349cf3c6,0569d01b43d74201b8de7b2f9d2db5857af18b36fdfef379582b0aa1065a2f6d,6bd1de8e4886a2fa39d084fd02250b06eba8935d0a3e1e5706a3634f8d1560e5,fc20c58bd63b3b7d6dc7ffce38300746286d454f97b173d6f880b674d7e8877f,/tmp/buckeye_slicer_min_quiet_run_64ms_znpqs38x
s17,s1701a,quiet_run_score,66,8,0.12121212121212122,5,2,1,0.07575757575757576,0.030303030303030304,0.015151515151515152,84,13,0.15476190476190477,8,3,2,0.09523809523809523,0.03571428571428571,0.023809523809523808,245.8421080000001,208.901519,0.8497385606537343,234.6640000000001,42,5.587238095238098,72ea8093df3fb11222b7291a784e2272246d6349ad6d5da63900e79412997498,9f81ddd3e1ece099fb5400ba14ba18280c8818346149f168c5660056e4c18f56,45002,3431681e434d23a7d413bb6cca86886dae014f3769e93d00fc01f830f78e622f,da0e3b109d76545ebbb40807d6319e0d30886125e83b3139dd6189bd349cf3c6,5754184a89fb31f85dd0473681d72b615c627efff8e139c04a1a8dd0fe77f986,67a0347248d58a2fa311b808087b82d0c53bddd69705938d6775871a0be63fb0,869fb151e0f9544c1b873aa3ee9d06e1d82a6ead306f9b41707c0dd4d50b9919,/tmp/buckeye_slicer_quiet_run_score_v8w7mkwe
s17,s1702a,current_A,93,17,0.1827956989247312,13,3,0,0.13978494623655913,0.03225806451612903,0.0,100,18,0.18,14,3,0,0.14,0.03,0.0,344.6748890000001,261.6790930000001,0.7592055625496988,294.1919999999999,50,5.8838399999999975,72ea8093df3fb11222b7291a784e2272246d6349ad6d5da63900e79412997498,7742f46ba78ed9fa88c087d5ec69553ce3988bd974cf12b77459f3fa28b99e2d,65842,1bf040eb790ceb0123d8c55412aec1cfacedb303a284b7be38ada46cea6e5507,d945602d1984f7c778b387dac079d5e27f290b31ea43ce0ddb95438c73c7695f,2f54c3340a2c28f04b41ffe1ee81341407f3aae57d5d9458983d46c691afa0fd,221454a2f0218add9482bf0e37437a685eb54a3de24af1b28ad177713a39e203,5f3bac76aa36cf1b69484062792d7f14e1fc49d606d00bbdb0afa88d661f2da7,/tmp/buckeye_slicer_current_A_zg88aovt
s17,s1702a,proper_D,82,10,0.12195121951219512,8,3,0,0.0975609756097561,0.036585365853658534,0.0,88,13,0.14772727272727273,11,5,0,0.125,0.056818181818181816,0.0,344.6748890000001,220.84278300000022,0.640727799001337,252.30400000000006,44,5.73418181818182,b35b56fbf50e01487bef7f59ef870fe839ea7b8d3f84afb9014d7c5503a3e4dc,7742f46ba78ed9fa88c087d5ec69553ce3988bd974cf12b77459f3fa28b99e2d,65842,24572cfe6e228ece0deea09f29ad680209faf7f3dee6e998054dbf9b90144c75,49d22f1ba3770871ee190b8b0e554c9c6b998dc0821d6c3e61ba239ea38101cd,2c1b369e30af7de12a67a0bbf1a32650605e93b54f3eaf406c703a5a0da5a92d,c277e7f9fbf9f736089e46d0a0602023c96d497f21f86e366505ccf7165e02a7,dca573620bccabd04be6b6301b9f4d1dc12023148eef2e377f3e363baa81bc9b,/tmp/buckeye_slicer_proper_D_avuxoe_4
s17,s1702a,min_quiet_run_64ms,88,16,0.18181818181818182,12,2,0,0.13636363636363635,0.022727272727272728,0.0,92,17,0.18478260869565216,13,2,0,0.14130434782608695,0.021739130434782608,0.0,344.6748890000001,242.17609300000007,0.7026218060231245,272.664,46,5.927478260869565,72ea8093df3fb11222b7291a784e2272246d6349ad6d5da63900e79412997498,147296b66139fb1e25f990a73fc8504c73dcc082cbd7ad0e1f082f2cacec28a9,65842,1bf040eb790ceb0123d8c55412aec1cfacedb303a284b7be38ada46cea6e5507,d945602d1984f7c778b387dac079d5e27f290b31ea43ce0ddb95438c73c7695f,32b9efef61413cb0a4b9ca1165650baceb2b73b8be4e2df9f922321e17f3056e,2e1174cb21ac2f0306bcd061330058f94a71c399f75f7de7558fe68dddd3af29,163869751a44f34c1b6a8f360cc23ca7f48cb75f80a23d4ab2ea48e899fe4708,/tmp/buckeye_slicer_min_quiet_run_64ms_f1srdo5v
s17,s1702a,quiet_run_score,93,16,0.17204301075268819,13,3,0,0.13978494623655913,0.03225806451612903,0.0,100,17,0.17,14,3,0,0.14,0.03,0.0,344.6748890000001,259.2080930000001,0.7520364879264528,290.8079999999999,50,5.816159999999997,72ea8093df3fb11222b7291a784e2272246d6349ad6d5da63900e79412997498,9f81ddd3e1ece099fb5400ba14ba18280c8818346149f168c5660056e4c18f56,65842,1bf040eb790ceb0123d8c55412aec1cfacedb303a284b7be38ada46cea6e5507,d945602d1984f7c778b387dac079d5e27f290b31ea43ce0ddb95438c73c7695f,2f54c3340a2c28f04b41ffe1ee81341407f3aae57d5d9458983d46c691afa0fd,db38b11266d26e924ce98e8aa28b04572ce1bf0ee881c31e112eb80546bc0333,bca56a0c5ce2465f3faa30da8508b4a1ed297bb66516e8caf16b79edcd103e00,/tmp/buckeye_slicer_quiet_run_score_msfwhtsm
s17,s1703a,current_A,97,20,0.20618556701030927,11,2,1,0.1134020618556701,0.020618556701030927,0.010309278350515464,100,22,0.22,11,2,1,0.11,0.02,0.01,347.56502900000015,246.7488770000001,0.7099358577873495,276.04,50,5.5208,72ea8093df3fb11222b7291a784e2272246d6349ad6d5da63900e79412997498,7742f46ba78ed9fa88c087d5ec69553ce3988bd974cf12b77459f3fa28b99e2d,67518,f592260ffe11f6b618a17a7b485142295c4c4945d63f1644676f714eac6ccc7d,ff453b864704eecae304449b99858c1aa83070064434ccf3cfc501bf29d6f424,bbc55f48549f8d7e841d1d84f7a222f99f9e050473862aeaafa5d4aa60eef946,c36084fae8101326e63da5d279efddb7e5c094ab39b7f98cdf25ae5ec4f71120,990846a9a9b5afa97324f135f94827c83ed75dfd9306a9114551509664c7320a,/tmp/buckeye_slicer_current_A_ajlrhk0n
s17,s1703a,proper_D,82,11,0.13414634146341464,5,3,3,0.06097560975609756,0.036585365853658534,0.036585365853658534,84,11,0.13095238095238096,5,3,3,0.05952380952380952,0.03571428571428571,0.03571428571428571,347.56502900000015,201.67008400000014,0.5802369835084877,225.9040000000002,42,5.378666666666671,b35b56fbf50e01487bef7f59ef870fe839ea7b8d3f84afb9014d7c5503a3e4dc,7742f46ba78ed9fa88c087d5ec69553ce3988bd974cf12b77459f3fa28b99e2d,67518,1d7ed72c7ce968511db9a034328bc7391d0ed0b7433343415a9a8fb44b567df0,07b1c4ab7667235bb0067c379e2a455a9e16d6e0b81ba081e8e8efd161ec515a,ba523e48d6d2a7c1800858b8f6aaf5df32a7503c3c4b0054a66ed1749f82d80c,d24fe43b82ca5800bd5771a3b6f1b5fe77d3269d12790880b10c9a241e6d814e,6938c2510830dbf37e7a4a46c825c4a5b4276099915aa5469b9714ebb0277e62,/tmp/buckeye_slicer_proper_D_jucxms0l
s17,s1703a,min_quiet_run_64ms,93,17,0.1827956989247312,10,4,1,0.10752688172043011,0.043010752688172046,0.010752688172043012,96,19,0.19791666666666666,10,4,1,0.10416666666666667,0.041666666666666664,0.010416666666666666,347.56502900000015,240.5759730000002,0.6921754288461516,268.648,48,5.5968333333333335,72ea8093df3fb11222b7291a784e2272246d6349ad6d5da63900e79412997498,147296b66139fb1e25f990a73fc8504c73dcc082cbd7ad0e1f082f2cacec28a9,67518,f592260ffe11f6b618a17a7b485142295c4c4945d63f1644676f714eac6ccc7d,ff453b864704eecae304449b99858c1aa83070064434ccf3cfc501bf29d6f424,0f078a9fff2ab58984b60e8a5c252619f882648b6411035703154780cfe6edae,99da506c66dd7cd4a0d0e73d5a5a374e8097929d8ce556932b03bae35cc136a8,3c5e8aa2549d4e59c862f71dfb9c7e6972904aa8488979f43878952676345241,/tmp/buckeye_slicer_min_quiet_run_64ms_dr51_7c2
s17,s1703a,quiet_run_score,97,16,0.16494845360824742,11,2,1,0.1134020618556701,0.020618556701030927,0.010309278350515464,100,17,0.17,11,2,1,0.11,0.02,0.01,347.56502900000015,240.4832120000001,0.6919085406604586,267.36799999999994,50,5.347359999999998,72ea8093df3fb11222b7291a784e2272246d6349ad6d5da63900e79412997498,9f81ddd3e1ece099fb5400ba14ba18280c8818346149f168c5660056e4c18f56,67518,f592260ffe11f6b618a17a7b485142295c4c4945d63f1644676f714eac6ccc7d,ff453b864704eecae304449b99858c1aa83070064434ccf3cfc501bf29d6f424,bbc55f48549f8d7e841d1d84f7a222f99f9e050473862aeaafa5d4aa60eef946,42d958b37675a5955907ad6f2166aa7920d10b27b4cd78babd391614c8b2ae51,397c7e13e0412f5704fdb064aea0a7af723ef23490cd65a83ac591ae34491db8,/tmp/buckeye_slicer_quiet_run_score_35nvdxbh
s17,s1703b,current_A,63,3,0.047619047619047616,2,0,0,0.031746031746031744,0.0,0.0,66,3,0.045454545454545456,2,0,0,0.030303030303030304,0.0,0.0,199.897655,158.87051200000005,0.7947592581813931,183.79999999999995,33,5.5696969696969685,72ea8093df3fb11222b7291a784e2272246d6349ad6d5da63900e79412997498,7742f46ba78ed9fa88c087d5ec69553ce3988bd974cf12b77459f3fa28b99e2d,40411,f0aaaf64a4fe3d3eddacb3f36f8dc036fc750383559435f1025642803e2ebf09,b0cfca853ce810efa4aca4f19999d25cc78c8677d0c981878a956493b8545f15,3cd0b59ad6dd4f2c09638eeec875492fcab2744382ef54d9d12ec6b5759f995a,c5298d760dfac3426a32479ceb904324d4f19f55d395386e56aed7bb87c2c6e4,0ea8a0b4af86f45ef42fe4d3792ff67a6b6e0d5b97a10d6ae1f1cc8bc5e6c792,/tmp/buckeye_slicer_current_A_m_mudjb7
s17,s1703b,proper_D,62,7,0.11290322580645161,5,3,0,0.08064516129032258,0.04838709677419355,0.0,64,8,0.125,6,4,0,0.09375,0.0625,0.0,199.897655,150.73351200000008,0.7540534279904388,173.64800000000002,32,5.426500000000001,b35b56fbf50e01487bef7f59ef870fe839ea7b8d3f84afb9014d7c5503a3e4dc,7742f46ba78ed9fa88c087d5ec69553ce3988bd974cf12b77459f3fa28b99e2d,40411,c128933902963be2ef8d7cac540fb588e1de703ec8d47fdb7149db59b766cb2f,c671b683299c771ccb3569e551bdc9de9d31aed07e6cfa1030dd73f32096e2fc,f78b222d3081e77a9ba2b78712bf8f6b41a487f3cfed56943c260b684328ea61,c593f7b2dcdb6d4cbfd4af2b0da4a0a5ec9c1f06d4cea4390b7439a317f16504,62677dae264bda2e89fe89bde0dc23b981e4c36a422532508f2be88c6f49e805,/tmp/buckeye_slicer_proper_D_wc_9o41n
s17,s1703b,min_quiet_run_64ms,63,3,0.047619047619047616,1,0,0,0.015873015873015872,0.0,0.0,66,3,0.045454545454545456,1,0,0,0.015151515151515152,0.0,0.0,199.897655,155.21888799999996,0.7764917902613714,176.68799999999996,33,5.354181818181817,72ea8093df3fb11222b7291a784e2272246d6349ad6d5da63900e79412997498,147296b66139fb1e25f990a73fc8504c73dcc082cbd7ad0e1f082f2cacec28a9,40411,f0aaaf64a4fe3d3eddacb3f36f8dc036fc750383559435f1025642803e2ebf09,b0cfca853ce810efa4aca4f19999d25cc78c8677d0c981878a956493b8545f15,6c5e2e24ceee163f498c1c1f624e9d6370ae31946de14ce5d2c23be92bbc0913,3e545a7e367491221f4bb298bd7daa33f7c47916109226aba7b7c44a6f4a1021,49db71981dfddbc3542bbbb0442469e3f04328479fd89ab6e547cdf4eb457cb1,/tmp/buckeye_slicer_min_quiet_run_64ms_apefkpvj
s17,s1703b,quiet_run_score,63,2,0.031746031746031744,1,0,0,0.015873015873015872,0.0,0.0,66,2,0.030303030303030304,1,0,0,0.015151515151515152,0.0,0.0,199.897655,154.81169100000008,0.7744547628635268,177.98399999999992,33,5.393454545454543,72ea8093df3fb11222b7291a784e2272246d6349ad6d5da63900e79412997498,9f81ddd3e1ece099fb5400ba14ba18280c8818346149f168c5660056e4c18f56,40411,f0aaaf64a4fe3d3eddacb3f36f8dc036fc750383559435f1025642803e2ebf09,b0cfca853ce810efa4aca4f19999d25cc78c8677d0c981878a956493b8545f15,3cd0b59ad6dd4f2c09638eeec875492fcab2744382ef54d9d12ec6b5759f995a,56171cb10ef39aee5f527b3bf0d35821d477ae31aec439916cb3573e0122d5f3,25c82461bce5e08d25a81c2e7cc3533f5e32dd0a91da89b90dc576fb9bdd5f95,/tmp/buckeye_slicer_quiet_run_score_vxp91l54
s18,s1801a,current_A,87,7,0.08045977011494253,4,0,0,0.04597701149425287,0.0,0.0,90,7,0.07777777777777778,4,0,0,0.044444444444444446,0.0,0.0,308.74047000000076,194.16803800000042,0.6289037455957748,223.87199999999993,45,4.974933333333332,72ea8093df3fb11222b7291a784e2272246d6349ad6d5da63900e79412997498,7742f46ba78ed9fa88c087d5ec69553ce3988bd974cf12b77459f3fa28b99e2d,75155,eb84cb9442f9386d7fbc14dfd5769d8ec911a73b40ea44d12c5a4d14026f2275,957de6bb98f0d9afa5c73051b88f8e345be237fe1c62f06f3e8cf890b796adb4,2cf1779ec5fe17f4bc7cef62642ade2d4d44c779aa2ea71c2e6bd126f50152dd,b0b049c5f740359b17ddef3b7ebd1398496774a5876fc677a942241b1866ad9c,6504f32ee567030cbd1430854ff90f463877ba9d38abfdc97a99644b3636b3d3,/tmp/buckeye_slicer_current_A_jkbai7ye
s18,s1801a,proper_D,82,8,0.0975609756097561,5,0,0,0.06097560975609756,0.0,0.0,84,9,0.10714285714285714,5,0,0,0.05952380952380952,0.0,0.0,308.74047000000076,179.0031960000004,0.5797853323213505,206.41600000000034,42,4.914666666666674,b35b56fbf50e01487bef7f59ef870fe839ea7b8d3f84afb9014d7c5503a3e4dc,7742f46ba78ed9fa88c087d5ec69553ce3988bd974cf12b77459f3fa28b99e2d,75155,27612b68da93ed46d52b8617a576323663a28ae0d9c42ed12b8897421033b45b,a38ff7d45aa74b031f7721d5c3a6db65a32f8d2e804a8b3e4423a2432d48b3b4,9ba602f81b4b563ae1aea07e04e8222073d049e96efa8a163d35380f4af8a965,93edae54964ec94297487146459a1350eb8e2f6681e9d9ac12740f0d6bc23026,ce041c6859cd271070afa9fef3b1de88f9cff2eabb5768740162e9b5f9fee2c3,/tmp/buckeye_slicer_proper_D__p86qca3
s18,s1801a,min_quiet_run_64ms,85,9,0.10588235294117647,5,0,0,0.058823529411764705,0.0,0.0,88,10,0.11363636363636363,5,0,0,0.056818181818181816,0.0,0.0,308.74047000000076,189.64187700000036,0.6142436623225971,216.84799999999993,44,4.928363636363635,72ea8093df3fb11222b7291a784e2272246d6349ad6d5da63900e79412997498,147296b66139fb1e25f990a73fc8504c73dcc082cbd7ad0e1f082f2cacec28a9,75155,eb84cb9442f9386d7fbc14dfd5769d8ec911a73b40ea44d12c5a4d14026f2275,957de6bb98f0d9afa5c73051b88f8e345be237fe1c62f06f3e8cf890b796adb4,022c96bb616e840f6f496b5446bd78d7b6ca942cc524dca4d7c5a8f37f261e64,8f81dcef4de437e9fa89bfcc6de4efb87346a219ba318523fd68f05c196b1a76,32ba82fe485b410d11144b25c3b7ffb103e8c0019d20a7e63ab232c80068a76b,/tmp/buckeye_slicer_min_quiet_run_64ms_4_xo6vsf
s18,s1801a,quiet_run_score,87,7,0.08045977011494253,4,0,0,0.04597701149425287,0.0,0.0,90,7,0.07777777777777778,4,0,0,0.044444444444444446,0.0,0.0,308.74047000000076,186.74311100000034,0.6048546567283515,214.96800000000005,45,4.777066666666668,72ea8093df3fb11222b7291a784e2272246d6349ad6d5da63900e79412997498,9f81ddd3e1ece099fb5400ba14ba18280c8818346149f168c5660056e4c18f56,75155,eb84cb9442f9386d7fbc14dfd5769d8ec911a73b40ea44d12c5a4d14026f2275,957de6bb98f0d9afa5c73051b88f8e345be237fe1c62f06f3e8cf890b796adb4,2cf1779ec5fe17f4bc7cef62642ade2d4d44c779aa2ea71c2e6bd126f50152dd,ca2454f8576a725f0823721c0f35821513c57733fee5e8d93fdd47fe7df4a467,9d4a8a9b59bc319d6119fb787f9b30270b422735f7e8273491aaa992b0bfd1ac,/tmp/buckeye_slicer_quiet_run_score_8ge1w6qb
s18,s1801b,current_A,106,14,0.1320754716981132,8,2,0,0.07547169811320754,0.018867924528301886,0.0,108,14,0.12962962962962962,8,2,0,0.07407407407407407,0.018518518518518517,0.0,352.18614600000035,248.75703700000025,0.7063226075905893,284.8159999999998,54,5.274370370370367,72ea8093df3fb11222b7291a784e2272246d6349ad6d5da63900e79412997498,7742f46ba78ed9fa88c087d5ec69553ce3988bd974cf12b77459f3fa28b99e2d,70894,3be406d8dee232e4de061ee8f33433fb2645aa1586c6a86b8ab860d8d2e3a8ec,4152ac63c78b5b3ceba0d6436fd3e4fb10b5533604dbb21e4637326b6c0a5d69,5b400806d2a2c0c82ddde88145acbeb4d46ef2a3e7a78d68b47e1f5a6607dbdb,85e17ccf98ecc61facfdede6acff5379d50798b5d34577fe680cebaf9579a2db,baca5b6a752b301acc476b7fe748947902b834c448b0c22057395f3d451e1027,/tmp/buckeye_slicer_current_A_6ge9grg8
s18,s1801b,proper_D,98,13,0.1326530612244898,7,2,0,0.07142857142857142,0.02040816326530612,0.0,100,13,0.13,7,2,0,0.07,0.02,0.0,352.18614600000035,212.0001550000001,0.6019548395296613,245.22399999999976,50,4.904479999999995,b35b56fbf50e01487bef7f59ef870fe839ea7b8d3f84afb9014d7c5503a3e4dc,7742f46ba78ed9fa88c087d5ec69553ce3988bd974cf12b77459f3fa28b99e2d,70894,ce141ced990a6cde3a4ad90e41b31103b34769c7d88f2e5a48e7ad500223aa34,0ead12293727b2639281e0332582e650de97c620bc1e00ef9baa51ff77758008,4f50b4099348c8411ac1596106512f3fa202021aaf4135ec23ce5ad98c7d5246,8ab6a8911a6e6c1bfc557900d7b249cd8716ee20e5be21c2bf7843d32d8adcd3,299c7df0ac7e85d780f668acf7d839ee3a1c5ae32144159f26aa4430b4057da2,/tmp/buckeye_slicer_proper_D_pl5ph2eq
s18,s1801b,min_quiet_run_64ms,104,11,0.10576923076923077,7,2,0,0.0673076923076923,0.019230769230769232,0.0,106,11,0.10377358490566038,7,2,0,0.0660377358490566,0.018867924528301886,0.0,352.18614600000035,244.91846300000032,0.6954233316150945,280.00799999999975,53,5.28316981132075,72ea8093df3fb11222b7291a784e2272246d6349ad6d5da63900e79412997498,147296b66139fb1e25f990a73fc8504c73dcc082cbd7ad0e1f082f2cacec28a9,70894,3be406d8dee232e4de061ee8f33433fb2645aa1586c6a86b8ab860d8d2e3a8ec,4152ac63c78b5b3ceba0d6436fd3e4fb10b5533604dbb21e4637326b6c0a5d69,3cab39d84dbe0b19024394c9c009d46881c7de2639518497b9ba487a6d258b8d,acc8dc0d26c815b8397f2d3b067f21145804aed53bc1dd0afa1aa0858cf649b0,4049122840dc87459d7c2d7639f58d07a29bfeef73a4ec041430059a708c9bd1,/tmp/buckeye_slicer_min_quiet_run_64ms_h1cg5z91
s18,s1801b,quiet_run_score,107,13,0.12149532710280374,7,3,0,0.06542056074766354,0.028037383177570093,0.0,110,13,0.11818181818181818,7,3,0,0.06363636363636363,0.02727272727272727,0.0,352.18614600000035,240.45092900000026,0.6827381818704477,273.25599999999986,55,4.968290909090906,72ea8093df3fb11222b7291a784e2272246d6349ad6d5da63900e79412997498,9f81ddd3e1ece099fb5400ba14ba18280c8818346149f168c5660056e4c18f56,70894,3be406d8dee232e4de061ee8f33433fb2645aa1586c6a86b8ab860d8d2e3a8ec,4152ac63c78b5b3ceba0d6436fd3e4fb10b5533604dbb21e4637326b6c0a5d69,5b400806d2a2c0c82ddde88145acbeb4d46ef2a3e7a78d68b47e1f5a6607dbdb,9784fc094907c9bf9bc783b1af32f47abedbb8f7064018ab68a3a51043bb2c89,d78b27dfefa0618da254519a27c6fa9d20919538cbd5f09b3c5f00ab12a3e9da,/tmp/buckeye_slicer_quiet_run_score_gnkd9gdc
s18,s1803a,current_A,92,8,0.08695652173913043,2,0,0,0.021739130434782608,0.0,0.0,94,9,0.09574468085106383,2,0,0,0.02127659574468085,0.0,0.0,336.5856770000002,213.95613800000007,0.6356661991888619,250.8880000000001,47,5.3380425531914915,72ea8093df3fb11222b7291a784e2272246d6349ad6d5da63900e79412997498,7742f46ba78ed9fa88c087d5ec69553ce3988bd974cf12b77459f3fa28b99e2d,75033,e114ce9f3d34b7c359a21a86bce211ac8ee9e44d81b25959b650f9a1a7324038,9b6ffd06a74599770a0e39e52d96e2ede35131a3f7838c8dd8056fcfbf012d0d,dd9a7e5f1c4424694380f17e934292f1238795804a099a9aac37bf5505462ee6,17d12d0fc84131110d50ebe2711843f8f7eecbaab82ca738587cd279623c811e,1c286ddd12b9a96f284f14e616c6ab827c201c1e44f748c667d5a67cb7118be7,/tmp/buckeye_slicer_current_A_9c293__4
s18,s1803a,proper_D,86,3,0.03488372093023256,0,0,0,0.0,0.0,0.0,88,4,0.045454545454545456,0,0,0,0.0,0.0,0.0,336.5856770000002,197.15866100000008,0.5857606977138244,232.35199999999986,44,5.28072727272727,b35b56fbf50e01487bef7f59ef870fe839ea7b8d3f84afb9014d7c5503a3e4dc,7742f46ba78ed9fa88c087d5ec69553ce3988bd974cf12b77459f3fa28b99e2d,75033,25267d0a8c3fbe7f8dbe4a6224c98e25cccc4ce089fa86543bc9e83b2143e444,98a3e3dde6f0d151a77895bf2edde47719772b8bfd4e03f3e07a473e61ffd981,19dbddf3ec437dbb59399a4f94b3e5b09124c5b9cc2ea5ba881382e012071cac,f74f1de17ca2c8cde5cff023d907a9ac75fd4977ed0f9a360fab5cc9abaa2132,23866fcbf4670bd514b38848d589b50b04dc225e74c2a314f33feb6ce6074840,/tmp/buckeye_slicer_proper_D__vlklryc
s18,s1803a,min_quiet_run_64ms,90,7,0.07777777777777778,1,0,0,0.011111111111111112,0.0,0.0,92,8,0.08695652173913043,1,0,0,0.010869565217391304,0.0,0.0,336.5856770000002,212.46900900000014,0.6312479214616135,248.6160000000001,46,5.404695652173915,72ea8093df3fb11222b7291a784e2272246d6349ad6d5da63900e79412997498,147296b66139fb1e25f990a73fc8504c73dcc082cbd7ad0e1f082f2cacec28a9,75033,e114ce9f3d34b7c359a21a86bce211ac8ee9e44d81b25959b650f9a1a7324038,9b6ffd06a74599770a0e39e52d96e2ede35131a3f7838c8dd8056fcfbf012d0d,790c7243f8ebcad7dd1ba8dc8167b64f36395833efd74905d73fedc5634a96f4,478e0cc3c57280663b54365da37aca0c7bf58b66aae6e483b948c98d02860090,3d638306187b343f2bf9626e9968e2303f489312f3c4e0d3b87fca5c4b70990f,/tmp/buckeye_slicer_min_quiet_run_64ms__ojqndib
s18,s1803a,quiet_run_score,97,7,0.07216494845360824,1,0,0,0.010309278350515464,0.0,0.0,104,8,0.07692307692307693,1,0,0,0.009615384615384616,0.0,0.0,336.5856770000002,216.9042710000002,0.6444251369614877,253.7360000000001,52,4.879538461538464,72ea8093df3fb11222b7291a784e2272246d6349ad6d5da63900e79412997498,9f81ddd3e1ece099fb5400ba14ba18280c8818346149f168c5660056e4c18f56,75033,e114ce9f3d34b7c359a21a86bce211ac8ee9e44d81b25959b650f9a1a7324038,9b6ffd06a74599770a0e39e52d96e2ede35131a3f7838c8dd8056fcfbf012d0d,dd9a7e5f1c4424694380f17e934292f1238795804a099a9aac37bf5505462ee6,4a884abae1ce95b55285274b137c76ced582bccc241f7f2a13617693c9d7a4dd,2b54e83d8aba6a8bcf1d062fbfacecbee68268e851d19214ec92763cdc788b9b,/tmp/buckeye_slicer_quiet_run_score_a_rok04j
s18,s1803b,current_A,105,7,0.06666666666666667,5,1,1,0.047619047619047616,0.009523809523809525,0.009523809523809525,108,7,0.06481481481481481,5,1,1,0.046296296296296294,0.009259259259259259,0.009259259259259259,349.29989300000005,224.49082599999963,0.6426879323435681,263.688,54,4.883111111111111,72ea8093df3fb11222b7291a784e2272246d6349ad6d5da63900e79412997498,7742f46ba78ed9fa88c087d5ec69553ce3988bd974cf12b77459f3fa28b99e2d,75118,642a3b5902afde5050c3f4259e086f5362d46db1a459db7dd9541d18e4942559,6dd53637a3a432b2eb48ff603ef1073df92515c3a1005cf8e672c791102e6e8c,258c72d40ce092f424eabc3bb5491da11c53c9d2146752c2880d7cbee0696f6b,73a91c7bb25bc25250066ff6d9f1bfce4ffb697458f9aeb074d8eb77f39f4afe,3bae711d89c8e8986be23634b0ad13a64a2097a24cefa1a62ef11a738159e39b,/tmp/buckeye_slicer_current_A_8e_4fgop
s18,s1803b,proper_D,93,4,0.043010752688172046,3,0,0,0.03225806451612903,0.0,0.0,96,4,0.041666666666666664,3,0,0,0.03125,0.0,0.0,349.29989300000005,193.6452369999998,0.5543810372710299,229.23199999999972,48,4.775666666666661,b35b56fbf50e01487bef7f59ef870fe839ea7b8d3f84afb9014d7c5503a3e4dc,7742f46ba78ed9fa88c087d5ec69553ce3988bd974cf12b77459f3fa28b99e2d,75118,003686bd72317f47146759bb7ff3212c5fd93a873b5f71b5123fb150909c8aba,c9d4cfa7d7caacf78089efe441396d3b2d0dec63a4f1c47a4cc654b25690ab95,615d62b6336d2ba92d1e15227fbdab811b51782572361ceb65bf04bfc19e3864,6dc6a3e69bf271879fc3bbd565e20875db543c119b9790420e833c0fa204b329,89ec6b74b1274ae5327b7867df147e3398c5344b14de484ec17b2feec8ee4354,/tmp/buckeye_slicer_proper_D_9uqho164
s18,s1803b,min_quiet_run_64ms,101,7,0.06930693069306931,5,2,1,0.04950495049504951,0.019801980198019802,0.009900990099009901,104,7,0.0673076923076923,5,2,1,0.04807692307692308,0.019230769230769232,0.009615384615384616,349.29989300000005,217.06097799999984,0.621417247327928,254.60000000000016,52,4.896153846153849,72ea8093df3fb11222b7291a784e2272246d6349ad6d5da63900e79412997498,147296b66139fb1e25f990a73fc8504c73dcc082cbd7ad0e1f082f2cacec28a9,75118,642a3b5902afde5050c3f4259e086f5362d46db1a459db7dd9541d18e4942559,6dd53637a3a432b2eb48ff603ef1073df92515c3a1005cf8e672c791102e6e8c,bfa6ac2ebc71aca3e76321c64ec82e19b3155fa7e95f996f5bf09bab3ded5965,6d1a0eb4763d1032fb9fd49840c7aaab3ddde265695e33756312099f64a14963,0daf0c7033b8c5187d757527c982b8d5c14840887632a201a2373990b26c2b92,/tmp/buckeye_slicer_min_quiet_run_64ms_0y6hw41g
s18,s1803b,quiet_run_score,106,8,0.07547169811320754,5,1,1,0.04716981132075472,0.009433962264150943,0.009433962264150943,110,8,0.07272727272727272,5,1,1,0.045454545454545456,0.00909090909090909,0.00909090909090909,349.29989300000005,216.43809599999972,0.619634017465902,252.288,55,4.587054545454546,72ea8093df3fb11222b7291a784e2272246d6349ad6d5da63900e79412997498,9f81ddd3e1ece099fb5400ba14ba18280c8818346149f168c5660056e4c18f56,75118,642a3b5902afde5050c3f4259e086f5362d46db1a459db7dd9541d18e4942559,6dd53637a3a432b2eb48ff603ef1073df92515c3a1005cf8e672c791102e6e8c,258c72d40ce092f424eabc3bb5491da11c53c9d2146752c2880d7cbee0696f6b,ef9b4fed9dac3b4137a21c64d3da718ea5637dffcaf7ed7aae4f8b2643e771d5,bb8caa596f29f0820b55200a55d0046efa75237b5bb06a8aa68297c804d8c506,/tmp/buckeye_slicer_quiet_run_score_xquz19k4
s19,s1901a,current_A,96,10,0.10416666666666667,7,3,0,0.07291666666666667,0.03125,0.0,104,14,0.1346153846153846,11,6,0,0.10576923076923077,0.057692307692307696,0.0,315.94474199999985,239.6490449999998,0.7585156932284061,283.68800000000016,52,5.455538461538465,72ea8093df3fb11222b7291a784e2272246d6349ad6d5da63900e79412997498,7742f46ba78ed9fa88c087d5ec69553ce3988bd974cf12b77459f3fa28b99e2d,75126,eb6052c9fef1ddf0fdb11e46e9269cc2098c81cc9e02ad8dff4d5f224659dea6,5161829f35d8b7d95e3394f1ab594573757d90f4a2d60afd1af70e71fb329ce6,06a2e932a4e9aae12537bd3f2eebc9d76957fdac0a0bcb713f03076b28ef5c9a,0cf769f9fdcdcff8b5e450f2a874fffb47faf125463888b1b01279374f6260d6,04322923f05641b73e071517893bc2e2ee3d508eb380876de6ae476315abc920,/tmp/buckeye_slicer_current_A_qobdfaf0
s19,s1901a,proper_D,89,3,0.033707865168539325,2,0,0,0.02247191011235955,0.0,0.0,94,4,0.0425531914893617,3,0,0,0.031914893617021274,0.0,0.0,315.94474199999985,219.7610609999996,0.6955680275255212,261.56000000000023,47,5.565106382978728,b35b56fbf50e01487bef7f59ef870fe839ea7b8d3f84afb9014d7c5503a3e4dc,7742f46ba78ed9fa88c087d5ec69553ce3988bd974cf12b77459f3fa28b99e2d,75126,dc5654e2dd296103d16ec4df373383ca705050cc1ae38cff67e3af17d315e87f,558f20d25c47215b069363b3c828bd6bc033b873b914c38faf3d46ccd379a65f,08126019520717fe9a86b75bb1da01a6cb02ac8ae9c463a0679151f11713e0c7,71916a58516d6af83e66ca84675a5d53832b79b83e7a2cb28af1660c7da630a3,0ad1abd15a252c8b968a1aac24d1f1dfcbf4bdace0c0e6ed4fd2c930efd1b077,/tmp/buckeye_slicer_proper_D_5109uow2
s19,s1901a,min_quiet_run_64ms,93,9,0.0967741935483871,7,3,0,0.07526881720430108,0.03225806451612903,0.0,100,12,0.12,10,5,0,0.1,0.05,0.0,315.94474199999985,229.18295399999985,0.72538935938361,271.3360000000001,50,5.426720000000002,72ea8093df3fb11222b7291a784e2272246d6349ad6d5da63900e79412997498,147296b66139fb1e25f990a73fc8504c73dcc082cbd7ad0e1f082f2cacec28a9,75126,eb6052c9fef1ddf0fdb11e46e9269cc2098c81cc9e02ad8dff4d5f224659dea6,5161829f35d8b7d95e3394f1ab594573757d90f4a2d60afd1af70e71fb329ce6,2e3374e5cc01e32b3ab14a44660fb048c7cab75f4f4d9d03dfa15f3ab0955a58,1287d6f9df2a291c27873eb1d386ba00b493a1e924c854386a2594ba1a143009,30c83dc02f97b9ae63ff41b838a0bd94a1da76fb192928eda550dbf8745cbdee,/tmp/buckeye_slicer_min_quiet_run_64ms_i7oebwdc
s19,s1901a,quiet_run_score,98,7,0.07142857142857142,6,2,0,0.061224489795918366,0.02040816326530612,0.0,108,10,0.09259259259259259,9,4,0,0.08333333333333333,0.037037037037037035,0.0,315.94474199999985,235.27322399999983,0.7446657365166721,277.96800000000013,54,5.147555555555558,72ea8093df3fb11222b7291a784e2272246d6349ad6d5da63900e79412997498,9f81ddd3e1ece099fb5400ba14ba18280c8818346149f168c5660056e4c18f56,75126,eb6052c9fef1ddf0fdb11e46e9269cc2098c81cc9e02ad8dff4d5f224659dea6,5161829f35d8b7d95e3394f1ab594573757d90f4a2d60afd1af70e71fb329ce6,06a2e932a4e9aae12537bd3f2eebc9d76957fdac0a0bcb713f03076b28ef5c9a,763af882493f7f39c0be137ec91058b0046c3ea030a367b5109c9ae398f9d23c,411f8607aadf64dbe35e7e837a9b324f15c7eb14a851170d9f912789237de0cc,/tmp/buckeye_slicer_quiet_run_score_t7y_ia09
s19,s1902a,current_A,102,11,0.10784313725490197,7,3,0,0.06862745098039216,0.029411764705882353,0.0,106,11,0.10377358490566038,7,3,0,0.0660377358490566,0.02830188679245283,0.0,314.40116800000015,238.7906360000003,0.7595093794308047,285.6,53,5.3886792452830194,72ea8093df3fb11222b7291a784e2272246d6349ad6d5da63900e79412997498,7742f46ba78ed9fa88c087d5ec69553ce3988bd974cf12b77459f3fa28b99e2d,75281,c2b298e2c25ef1c8f7f1f59d2cadecd227288d7254ddefd440ed3edaced69cd0,7fb185810f0d9b194035481d4527299d2a35ee348ab8d6c9845c4bda5f469415,96387fbe8950096580c135815028c71339f081c95d18a3ba2a92630568d25c08,96218d1f892a910cb6a1313983cdc29a99985780a098b2caf9924b23ac1e605d,dd7c6b73079b0c1079348df64450d9837c3732e5faaa762749b71177b15e18ba,/tmp/buckeye_slicer_current_A_ivgdq62q
s19,s1902a,proper_D,96,7,0.07291666666666667,1,0,0,0.010416666666666666,0.0,0.0,98,7,0.07142857142857142,1,0,0,0.01020408163265306,0.0,0.0,314.40116800000015,229.86737700000035,0.7311276178210643,275.06399999999996,49,5.6135510204081625,b35b56fbf50e01487bef7f59ef870fe839ea7b8d3f84afb9014d7c5503a3e4dc,7742f46ba78ed9fa88c087d5ec69553ce3988bd974cf12b77459f3fa28b99e2d,75281,6bb5aa38da57dc8ab68120e8853740f70eef4d6dc2e10289b143f1b89ad3805b,36a3555e11e45b5f24766895762a9db4af823d94ae8646aa30ae5c23c0ba5373,f0a23271c41d161e11af0a68206135ccccf82f489fb0a5cbb0b8a14587e36a8e,8af1bb81dad1ec5bf7142608fac3c7d1f52488359cab4d025b0a06dc828101ac,a41ca52ba09adbb5327249f8c39514eb3f0b60359d41133ab72f549d0392074a,/tmp/buckeye_slicer_proper_D_uj70epgg
s19,s1902a,min_quiet_run_64ms,102,11,0.10784313725490197,8,4,1,0.0784313725490196,0.0392156862745098,0.00980392156862745,106,11,0.10377358490566038,8,4,1,0.07547169811320754,0.03773584905660377,0.009433962264150943,314.40116800000015,238.3695000000003,0.7581698933128651,284.76000000000005,53,5.372830188679246,72ea8093df3fb11222b7291a784e2272246d6349ad6d5da63900e79412997498,147296b66139fb1e25f990a73fc8504c73dcc082cbd7ad0e1f082f2cacec28a9,75281,c2b298e2c25ef1c8f7f1f59d2cadecd227288d7254ddefd440ed3edaced69cd0,7fb185810f0d9b194035481d4527299d2a35ee348ab8d6c9845c4bda5f469415,6b2066055ee3dff6a1257f05fcb349e3484dfd0189d4c5590debc2f4e63c2e0f,fe16d29596b24cbdb73a795d28f5a2270de4b58b118bac0dc0a1cf1124d57084,c934e7c1b5f50afa9dd14e731a1e5db1ab276b1e621245eceaea7226a8952538,/tmp/buckeye_slicer_min_quiet_run_64ms_wkjqg92f
s19,s1902a,quiet_run_score,103,9,0.08737864077669903,6,3,1,0.05825242718446602,0.02912621359223301,0.009708737864077669,110,9,0.08181818181818182,6,3,1,0.05454545454545454,0.02727272727272727,0.00909090909090909,314.40116800000015,234.52956100000017,0.7459563922485175,279.072,55,5.074036363636364,72ea8093df3fb11222b7291a784e2272246d6349ad6d5da63900e79412997498,9f81ddd3e1ece099fb5400ba14ba18280c8818346149f168c5660056e4c18f56,75281,c2b298e2c25ef1c8f7f1f59d2cadecd227288d7254ddefd440ed3edaced69cd0,7fb185810f0d9b194035481d4527299d2a35ee348ab8d6c9845c4bda5f469415,96387fbe8950096580c135815028c71339f081c95d18a3ba2a92630568d25c08,44427e39718f8dd5dcfeb8c8d84ee2c1e9422899158a56a48e3b6131e5991c1a,419dec20e8a6b08d400499f5a4204550b600f716a96fdcf7b1647a1da6d789d1,/tmp/buckeye_slicer_quiet_run_score_4m8qhl6z
s19,s1902b,current_A,83,15,0.18072289156626506,5,0,0,0.060240963855421686,0.0,0.0,88,18,0.20454545454545456,7,0,0,0.07954545454545454,0.0,0.0,303.7564060000003,191.6156090000003,0.6308199768468425,228.21599999999978,44,5.186727272727268,72ea8093df3fb11222b7291a784e2272246d6349ad6d5da63900e79412997498,7742f46ba78ed9fa88c087d5ec69553ce3988bd974cf12b77459f3fa28b99e2d,71153,c622ea45bea5dad03658f9816bf9c400ed8f266aa71806bcb7fffdf0d4e55950,ea80244af3a8c7218fd083ffd81f1aa3204ee51936d31dd43fa65b00e2999a41,2f28e7a9e0df8f634c4d6d1445d37873c444fb5ff3b18e61a3b1f618a4549f29,8d59b505b218d0429403d6ba63b8d7cc698136d85a7401c91093a167deb4d61e,85de26cf7ae55770694681eb2638269d5eb209630d2ca3eda8d2e3822fe4fa52,/tmp/buckeye_slicer_current_A_hp0syf94
s19,s1902b,proper_D,78,10,0.1282051282051282,3,0,0,0.038461538461538464,0.0,0.0,82,12,0.14634146341463414,4,0,0,0.04878048780487805,0.0,0.0,303.7564060000003,178.6111820000001,0.5880079513450653,211.11199999999988,41,5.149073170731705,b35b56fbf50e01487bef7f59ef870fe839ea7b8d3f84afb9014d7c5503a3e4dc,7742f46ba78ed9fa88c087d5ec69553ce3988bd974cf12b77459f3fa28b99e2d,71153,b4b29e2a2bc89eea3daece69e83c4638cb7e0d793d91f58692481c8b5394ca14,170731a3d6ce01fdbb43d97a5ae1dd3064929760f23e756df9e1a0a09b9d1b34,0a3ff55305fd36dd11a306e01c230b11f0ffd5d9434e0a1575f5613bd039591c,be0715a4b9ab7e8bab33b88f74e820d964b2182d136deac700643b80c9bb0679,d85743e2c6345a4e56a14f770c44fedd8352b3f8bfa17592ed93ee236d766f6e,/tmp/buckeye_slicer_proper_D_wyx451wh
s19,s1902b,min_quiet_run_64ms,83,13,0.1566265060240964,5,0,0,0.060240963855421686,0.0,0.0,88,16,0.18181818181818182,7,0,0,0.07954545454545454,0.0,0.0,303.7564060000003,189.38142100000027,0.6234647805254849,225.23199999999974,44,5.118909090909085,72ea8093df3fb11222b7291a784e2272246d6349ad6d5da63900e79412997498,147296b66139fb1e25f990a73fc8504c73dcc082cbd7ad0e1f082f2cacec28a9,71153,c622ea45bea5dad03658f9816bf9c400ed8f266aa71806bcb7fffdf0d4e55950,ea80244af3a8c7218fd083ffd81f1aa3204ee51936d31dd43fa65b00e2999a41,21aa75498e7ca1fbc19497a790ff5680d376756f0a2d3b5679064db21540516d,48c5d4f2da123cbde064fda86b0d6db22523e5b3a4c608e837d44692ff506dfb,6a30f6f7f2809951012011377c7e3f76df62b0e3c6064ce35b913c4d13c3e64c,/tmp/buckeye_slicer_min_quiet_run_64ms_k30cysk7
s19,s1902b,quiet_run_score,84,12,0.14285714285714285,5,0,0,0.05952380952380952,0.0,0.0,90,15,0.16666666666666666,7,0,0,0.07777777777777778,0.0,0.0,303.7564060000003,183.37416700000017,0.6036882297060099,216.50399999999993,45,4.811199999999999,72ea8093df3fb11222b7291a784e2272246d6349ad6d5da63900e79412997498,9f81ddd3e1ece099fb5400ba14ba18280c8818346149f168c5660056e4c18f56,71153,c622ea45bea5dad03658f9816bf9c400ed8f266aa71806bcb7fffdf0d4e55950,ea80244af3a8c7218fd083ffd81f1aa3204ee51936d31dd43fa65b00e2999a41,2f28e7a9e0df8f634c4d6d1445d37873c444fb5ff3b18e61a3b1f618a4549f29,2fecf123992d31462e987006d64f75bb25facd54f8c3d8b0acdf0559631b87de,d318d70d7a50e1bdd91fc62a375937cc5f178d68da6a3aa195e193bd0b53ee94,/tmp/buckeye_slicer_quiet_run_score_9icb2umd
s19,s1904a,current_A,78,11,0.14102564102564102,8,2,1,0.10256410256410256,0.02564102564102564,0.01282051282051282,80,13,0.1625,10,3,2,0.125,0.0375,0.025,310.3453850000004,184.32265899999996,0.593927501129104,216.27999999999994,40,5.406999999999998,72ea8093df3fb11222b7291a784e2272246d6349ad6d5da63900e79412997498,7742f46ba78ed9fa88c087d5ec69553ce3988bd974cf12b77459f3fa28b99e2d,71237,39e83eb308c6a6fb83e3cf4efb1fa59337eeb072dcd0db969eba93d25d5d303e,74b772ef8247ae1d7527d1d56179703aa76f6d8720ca0a2ed8b918d9a8ca2bcf,a96b829514f133a24bb28f06e4a87a39328e8b1eb9b4112dedb3911b16a3ad8e,67fa81b6722ab6202c3dae13bef53602a5a2dac8c04af970e66c2e7a1a880a42,b7de72982e6f8764e26efaf1c4fcec82fac0491da1c685594dbb6f4fe6af5bc2,/tmp/buckeye_slicer_current_A_c1h6mak2
s19,s1904a,proper_D,76,5,0.06578947368421052,4,0,0,0.05263157894736842,0.0,0.0,78,6,0.07692307692307693,5,0,0,0.0641025641025641,0.0,0.0,310.3453850000004,180.4748060000001,0.5815288859539505,211.5279999999999,39,5.423794871794869,b35b56fbf50e01487bef7f59ef870fe839ea7b8d3f84afb9014d7c5503a3e4dc,7742f46ba78ed9fa88c087d5ec69553ce3988bd974cf12b77459f3fa28b99e2d,71237,baed877af21382e77be49266c6160734f0399a7d3258b942795181b9e0c25cdf,d4adce69a9e87aa5dd22d410f4a4e17dc6d68a9252ef4a42c89d4a38fc1703c5,a7308058c9d9de719d8b90ff7dd9d6fbfadc1e7196688bd3d5c41afc194da9eb,9451717bb8d395757975afc0aacf776859053dd9a7c73d5534da84b048c19c01,b151987d333bb28ecb355671007cd2df49321dcb2a7afc1065ecae574f2eaf59,/tmp/buckeye_slicer_proper_D_jf5ho78c
s19,s1904a,min_quiet_run_64ms,74,9,0.12162162162162163,7,2,1,0.0945945945945946,0.02702702702702703,0.013513513513513514,76,10,0.13157894736842105,8,2,1,0.10526315789473684,0.02631578947368421,0.013157894736842105,310.3453850000004,176.93445799999998,0.570121118443568,207.10399999999993,38,5.450105263157893,72ea8093df3fb11222b7291a784e2272246d6349ad6d5da63900e79412997498,147296b66139fb1e25f990a73fc8504c73dcc082cbd7ad0e1f082f2cacec28a9,71237,39e83eb308c6a6fb83e3cf4efb1fa59337eeb072dcd0db969eba93d25d5d303e,74b772ef8247ae1d7527d1d56179703aa76f6d8720ca0a2ed8b918d9a8ca2bcf,7a549cd7cda207beeb045942c9062e48df1af3af2b4cf9539c20bebc2a35765e,d081f597499c0df26d41f0dcfb12cbde75d617e116084ddf675164fee7d07146,8078eccc7ef90c4b031699e48bee3dd4e2441412c2c3ffba7080421c5a739407,/tmp/buckeye_slicer_min_quiet_run_64ms_0djenhi2
s19,s1904a,quiet_run_score,81,12,0.14814814814814814,9,3,2,0.1111111111111111,0.037037037037037035,0.024691358024691357,84,14,0.16666666666666666,10,3,2,0.11904761904761904,0.03571428571428571,0.023809523809523808,310.3453850000004,183.3127789999999,0.5906734491959649,213.83199999999977,42,5.09123809523809,72ea8093df3fb11222b7291a784e2272246d6349ad6d5da63900e79412997498,9f81ddd3e1ece099fb5400ba14ba18280c8818346149f168c5660056e4c18f56,71237,39e83eb308c6a6fb83e3cf4efb1fa59337eeb072dcd0db969eba93d25d5d303e,74b772ef8247ae1d7527d1d56179703aa76f6d8720ca0a2ed8b918d9a8ca2bcf,a96b829514f133a24bb28f06e4a87a39328e8b1eb9b4112dedb3911b16a3ad8e,109f3ca73cbec694a039c411ec05ef459181d4a185ae86afc15664e36d1afa14,f8da957a8e4a81644abd65c4d09838c0e0834a280eccc81224a0ed46ccbdbe5f,/tmp/buckeye_slicer_quiet_run_score_dhsxqcbj
s19,s1904b,current_A,84,15,0.17857142857142858,8,1,0,0.09523809523809523,0.011904761904761904,0.0,86,17,0.19767441860465115,10,1,0,0.11627906976744186,0.011627906976744186,0.0,320.27711800000003,195.32953100000037,0.609876635020802,227.04000000000016,43,5.280000000000004,72ea8093df3fb11222b7291a784e2272246d6349ad6d5da63900e79412997498,7742f46ba78ed9fa88c087d5ec69553ce3988bd974cf12b77459f3fa28b99e2d,70438,8f4fd9722da32b96b52c560cd44ac9fec6f92f817bf6502b7c3863ebd326993e,3953fe1284cedc897f994e6c0c53dcfdd1942348881cbeeb07e227734dd39ef0,19998b4fe90286a95ec14cd523bb74c2cc4756ee752c8f07857cefa7358b1095,ea0fab2b9bd7c8a852e6e8652dfa5eb3e324e1c9376a7848a9f88a849ff38943,f87ee234911bf4a6883c3927cad58c6a6d2f241a4d89c7da74eb00f99335a44e,/tmp/buckeye_slicer_current_A_zmb0a_xu
s19,s1904b,proper_D,80,13,0.1625,6,2,0,0.075,0.025,0.0,82,13,0.15853658536585366,6,2,0,0.07317073170731707,0.024390243902439025,0.0,320.27711800000003,186.48078600000034,0.5822482329193442,217.25600000000023,41,5.298926829268298,b35b56fbf50e01487bef7f59ef870fe839ea7b8d3f84afb9014d7c5503a3e4dc,7742f46ba78ed9fa88c087d5ec69553ce3988bd974cf12b77459f3fa28b99e2d,70438,cb1af3a58d792fd99cb19089500907762099f3b090ec053ec38d2f8f5c5e511c,66d6d9f1f8abf9647ec46aedb451bad4d0af03bceb37295b1596652dfeea1718,c00ef5c1e0765dd481a9670b10b6ec95f9865d5797a91f579279d4f36fc73178,9d7b7968fbf42dc2e12f3b9f1b4dbe7355b191a741695f828439d4226c86eeb8,95c461d5f769fc09699f83d232e48881fbf6f9420fcc7d16c464a3a65ccba2be,/tmp/buckeye_slicer_proper_D_44aolum_
s19,s1904b,min_quiet_run_64ms,82,13,0.15853658536585366,6,1,0,0.07317073170731707,0.012195121951219513,0.0,84,14,0.16666666666666666,6,1,0,0.07142857142857142,0.011904761904761904,0.0,320.27711800000003,191.62279500000037,0.5983031076231938,222.61600000000018,42,5.300380952380957,72ea8093df3fb11222b7291a784e2272246d6349ad6d5da63900e79412997498,147296b66139fb1e25f990a73fc8504c73dcc082cbd7ad0e1f082f2cacec28a9,70438,8f4fd9722da32b96b52c560cd44ac9fec6f92f817bf6502b7c3863ebd326993e,3953fe1284cedc897f994e6c0c53dcfdd1942348881cbeeb07e227734dd39ef0,177b1d0e84bdd67362e3c1f2c4bb004982861e92b3653773ceb64b6b5c185910,45d6b904f83d7e6403565ea2f38de9267fff617dc5109073f205cf3db01f1ff5,a799309088e863eabf067b64c67bd15ddd4b1b3733baab56d401c936c991423b,/tmp/buckeye_slicer_min_quiet_run_64ms_4oyl62oj
s19,s1904b,quiet_run_score,84,15,0.17857142857142858,8,2,0,0.09523809523809523,0.023809523809523808,0.0,86,15,0.1744186046511628,8,2,0,0.09302325581395349,0.023255813953488372,0.0,320.27711800000003,187.3600420000003,0.5849935305087899,217.1200000000001,43,5.049302325581397,72ea8093df3fb11222b7291a784e2272246d6349ad6d5da63900e79412997498,9f81ddd3e1ece099fb5400ba14ba18280c8818346149f168c5660056e4c18f56,70438,8f4fd9722da32b96b52c560cd44ac9fec6f92f817bf6502b7c3863ebd326993e,3953fe1284cedc897f994e6c0c53dcfdd1942348881cbeeb07e227734dd39ef0,19998b4fe90286a95ec14cd523bb74c2cc4756ee752c8f07857cefa7358b1095,077a6512afc3a4414233421af17502641640f49eeb69432002c73fc804765661,c873df566445f72ec01af4caab82a1afc8f65b635228cb4e19044ba724bd644d,/tmp/buckeye_slicer_quiet_run_score_6iracynn
s20,s2002b,current_A,34,4,0.11764705882352941,3,0,0,0.08823529411764706,0.0,0.0,36,4,0.1111111111111111,3,0,0,0.08333333333333333,0.0,0.0,126.60653799999977,86.16360099999989,0.680562018053128,95.10400000000013,18,5.283555555555562,72ea8093df3fb11222b7291a784e2272246d6349ad6d5da63900e79412997498,7742f46ba78ed9fa88c087d5ec69553ce3988bd974cf12b77459f3fa28b99e2d,70383,35a37f36e88d938e20b1b82a9410c3f130aad926e97c779ce082b7ab4d74cb01,d9bd07d1b974609dba1e2b964cd041e959f8fa46998738e29df011248e1e3d72,d045b10b5ee9e4e3d7829b00e33210b63b64dd51fe8ea1365005de62ac6e3053,9f2c07e5f7d48ee382cbe8d426d80abc1b1e896682177b6f6af917c464595320,3f4bedb06009e5e0449d01281d63f41238646fa549d87408e9b8f4da594e2953,/tmp/buckeye_slicer_current_A_9kcn5vp0
s20,s2002b,proper_D,33,3,0.09090909090909091,1,0,0,0.030303030303030304,0.0,0.0,34,3,0.08823529411764706,1,0,0,0.029411764705882353,0.0,0.0,126.60653799999977,83.05286499999968,0.6559919125187661,91.65599999999999,17,5.391529411764705,b35b56fbf50e01487bef7f59ef870fe839ea7b8d3f84afb9014d7c5503a3e4dc,7742f46ba78ed9fa88c087d5ec69553ce3988bd974cf12b77459f3fa28b99e2d,70383,9ad477090dcc83f2f8db830edcebb5d5908072bd787d6bcd8e73c7619616ba7a,5c60c82cb26de004d73eb47b9fc28bf27700c113f3dc60aa3cee51d40281af59,0b7e6cee5621e04a1b7f7b8242f08b548b8585b554f492bb11c66d85feeac31d,813914387383af6063adbacc814eb67ba090a0accdaa9a923aa833276c9d8139,ddb2fb532ffd1cafd79dfb2cffd80a40eb3ad0683f4541f467cc435a4b664278,/tmp/buckeye_slicer_proper_D_3h0rs7nd
s20,s2002b,min_quiet_run_64ms,33,5,0.15151515151515152,3,1,1,0.09090909090909091,0.030303030303030304,0.030303030303030304,34,6,0.17647058823529413,3,1,1,0.08823529411764706,0.029411764705882353,0.029411764705882353,126.60653799999977,78.63601399999979,0.6211054756113774,87.03999999999999,17,5.119999999999999,72ea8093df3fb11222b7291a784e2272246d6349ad6d5da63900e79412997498,147296b66139fb1e25f990a73fc8504c73dcc082cbd7ad0e1f082f2cacec28a9,70383,35a37f36e88d938e20b1b82a9410c3f130aad926e97c779ce082b7ab4d74cb01,d9bd07d1b974609dba1e2b964cd041e959f8fa46998738e29df011248e1e3d72,ed364bc02207722d802bf7ecd662ac82aa7d663362e75c1c35f4f05d24a4e7e8,c185e941839e1b2546e6f54cb933f3073250dcdc7c82a15a7909fda22e0f02c0,525705cd4cab426361da9a876f9842a6c2d22c3a5f8a0d1fe445811c109c583a,/tmp/buckeye_slicer_min_quiet_run_64ms_9icnnqux
s20,s2002b,quiet_run_score,34,3,0.08823529411764706,3,0,0,0.08823529411764706,0.0,0.0,36,3,0.08333333333333333,3,0,0,0.08333333333333333,0.0,0.0,126.60653799999977,80.34915799999999,0.6346367199456961,88.09600000000009,18,4.894222222222227,72ea8093df3fb11222b7291a784e2272246d6349ad6d5da63900e79412997498,9f81ddd3e1ece099fb5400ba14ba18280c8818346149f168c5660056e4c18f56,70383,35a37f36e88d938e20b1b82a9410c3f130aad926e97c779ce082b7ab4d74cb01,d9bd07d1b974609dba1e2b964cd041e959f8fa46998738e29df011248e1e3d72,d045b10b5ee9e4e3d7829b00e33210b63b64dd51fe8ea1365005de62ac6e3053,483dd9273ced2ff3681b0f25762254a9f9935047b08c8011faf59955a80acca6,f6da7f069fffd704fb70d0ebfdfee4a39a071f10b5b4a537a9bbd826cccb3d23,/tmp/buckeye_slicer_quiet_run_score_iixe0swg
s20,s2003a,current_A,27,5,0.18518518518518517,5,0,0,0.18518518518518517,0.0,0.0,30,6,0.2,6,0,0,0.2,0.0,0.0,124.08455999999993,77.52936399999979,0.6248107258469534,85.58400000000007,15,5.705600000000005,72ea8093df3fb11222b7291a784e2272246d6349ad6d5da63900e79412997498,7742f46ba78ed9fa88c087d5ec69553ce3988bd974cf12b77459f3fa28b99e2d,75452,5f6ff3662fadd81d8706e21792e5be42b74161069de68ec973d2d637c907083c,63621ed5f644e29dc3cff6ab567e7ce4afc45b407dcac9bad42062ed70c76df0,e1ae986e159551c611e572ef9a0d14790feb93c163f8465473db51f47cc489a9,3afbd64eae6b6f8bc6fe377a8f059ec3149581937ba005d54ee24c754d569825,eab62928b3ec56d389d71235c0367730157fba940ecd888bc933a4922d4f7301,/tmp/buckeye_slicer_current_A_iak2k1bh
s20,s2003a,proper_D,26,2,0.07692307692307693,1,0,0,0.038461538461538464,0.0,0.0,28,2,0.07142857142857142,1,0,0,0.03571428571428571,0.0,0.0,124.08455999999993,67.16016399999994,0.5412451315457779,74.6560000000001,14,5.332571428571436,b35b56fbf50e01487bef7f59ef870fe839ea7b8d3f84afb9014d7c5503a3e4dc,7742f46ba78ed9fa88c087d5ec69553ce3988bd974cf12b77459f3fa28b99e2d,75452,d887aa26be6c454135add6352664ff524e8124b1d7f09fbb7b751a3301b03afd,e61404c4414b4e01213cc772af89354fe5711738048be5ce319d25f6b8ee378c,07c31220334fac1e5836d0c325881e8af8c90a74ef73cab46d0ae269ffb44713,34250e779eac7ae0fb7a879e05678543bd76ac110b3ce442096c77116a95dba8,b055d92989b1147445ec028db1af0f7a7355cf6bc28134a53c24813cc8f636ad,/tmp/buckeye_slicer_proper_D_x6io23_6
s20,s2003a,min_quiet_run_64ms,27,5,0.18518518518518517,5,0,0,0.18518518518518517,0.0,0.0,30,6,0.2,6,0,0,0.2,0.0,0.0,124.08455999999993,74.31921999999983,0.5989401098734595,82.26400000000008,15,5.484266666666672,72ea8093df3fb11222b7291a784e2272246d6349ad6d5da63900e79412997498,147296b66139fb1e25f990a73fc8504c73dcc082cbd7ad0e1f082f2cacec28a9,75452,5f6ff3662fadd81d8706e21792e5be42b74161069de68ec973d2d637c907083c,63621ed5f644e29dc3cff6ab567e7ce4afc45b407dcac9bad42062ed70c76df0,22baf90bd33d8e505d21b14db116f6d8773631becf0eaca2dc30bfd6adf5e9ff,c8133e469c584244f7bd19c35e647fa3cc0dcdfe62cd4202e4ef3daf3912142f,874d0bb016c55b168c5d708fcfb6f202a6209b1647bae23b4408a454197459a4,/tmp/buckeye_slicer_min_quiet_run_64ms_kydoc7ow
s20,s2003a,quiet_run_score,28,4,0.14285714285714285,4,1,1,0.14285714285714285,0.03571428571428571,0.03571428571428571,32,4,0.125,4,1,1,0.125,0.03125,0.03125,124.08455999999993,74.30045899999979,0.59878891459179,82.21600000000005,16,5.138500000000003,72ea8093df3fb11222b7291a784e2272246d6349ad6d5da63900e79412997498,9f81ddd3e1ece099fb5400ba14ba18280c8818346149f168c5660056e4c18f56,75452,5f6ff3662fadd81d8706e21792e5be42b74161069de68ec973d2d637c907083c,63621ed5f644e29dc3cff6ab567e7ce4afc45b407dcac9bad42062ed70c76df0,e1ae986e159551c611e572ef9a0d14790feb93c163f8465473db51f47cc489a9,9bd7343aed66fbc386967aa663770cb2a96198e3f09754eb3528a63ef4d664e1,46468b8494ed80030d437631e5cd4d87012dc1a3350045ab0e8885791d5b3966,/tmp/buckeye_slicer_quiet_run_score_ctzx39ia
s20,s2003b,current_A,60,18,0.3,14,1,0,0.23333333333333334,0.016666666666666666,0.0,68,22,0.3235294117647059,18,1,0,0.2647058823529412,0.014705882352941176,0.0,226.11595900000012,179.9981049999999,0.7960433478293313,196.05599999999993,34,5.766352941176469,72ea8093df3fb11222b7291a784e2272246d6349ad6d5da63900e79412997498,7742f46ba78ed9fa88c087d5ec69553ce3988bd974cf12b77459f3fa28b99e2d,71164,8049cd5843882b55cf9238d9c39d85544b00ae9e0ddbfd32ca89a8cd060dedb2,5ae7f8d7233ef093d0181534d5e303f546f417b3bed9ae7c27e5ac85cba2fba6,0dba1bec0139d0965910481f391790d3940bcb63b9eea3e04bd9e2a7ff9978ef,955329f79d78c7b4acee98c17066e951b269f2a9238f10d6150c7c2b7130d314,a25d8da2422afd373e6fe3b5f18266e8418353589074144240cc7fedc2684e9a,/tmp/buckeye_slicer_current_A_p0zdlf9n
s20,s2003b,proper_D,50,9,0.18,6,1,1,0.12,0.02,0.02,54,9,0.16666666666666666,6,1,1,0.1111111111111111,0.018518518518518517,0.018518518518518517,226.11595900000012,153.94181399999994,0.6808091506712264,168.2159999999999,27,6.230222222222218,b35b56fbf50e01487bef7f59ef870fe839ea7b8d3f84afb9014d7c5503a3e4dc,7742f46ba78ed9fa88c087d5ec69553ce3988bd974cf12b77459f3fa28b99e2d,71164,adabe6c4cb20c4715ddc70c355b3f432c00c526844e775204f0a7f441c92787a,1adfa8e9182f29b4c4783e04bedf2cc0180bb45457f9b00b2bf1a972ec02a890,d7b3c946737a4b4f44d06964b395c4e55c9dd0e40d545b671318977e68267fe3,2fa11474a9bcd0b87dbf7f4bbada59a57c95b8e7311cbf4a129624aeb16e6d95,7fac72aac39e7475047b18e15b0f9cccc7239bc8ea9dbe5d5acdd30ad4b4532b,/tmp/buckeye_slicer_proper_D_8cmpa711
s20,s2003b,min_quiet_run_64ms,58,14,0.2413793103448276,10,1,1,0.1724137931034483,0.017241379310344827,0.017241379310344827,64,16,0.25,12,1,1,0.1875,0.015625,0.015625,226.11595900000012,172.26495999999986,0.7618434398078013,187.93599999999998,32,5.872999999999999,72ea8093df3fb11222b7291a784e2272246d6349ad6d5da63900e79412997498,147296b66139fb1e25f990a73fc8504c73dcc082cbd7ad0e1f082f2cacec28a9,71164,8049cd5843882b55cf9238d9c39d85544b00ae9e0ddbfd32ca89a8cd060dedb2,5ae7f8d7233ef093d0181534d5e303f546f417b3bed9ae7c27e5ac85cba2fba6,6761b9b87755a81eadc0972feff9615bfb50aa1e706741ca6338434d9f819d75,f2e25e856cbc64f6af0e128bbca57f7f0e1e959393ee296456790d8163aad971,7259f95ee53f156a59f7e4c54bf474493e2aa523569e09bf97feddfd2a82dcc9,/tmp/buckeye_slicer_min_quiet_run_64ms_7js_ypy4
s20,s2003b,quiet_run_score,62,16,0.25806451612903225,12,1,1,0.1935483870967742,0.016129032258064516,0.016129032258064516,74,20,0.2702702702702703,16,1,1,0.21621621621621623,0.013513513513513514,0.013513513513513514,226.11595900000012,183.24369899999994,0.8103970184607794,198.71199999999982,37,5.37059459459459,72ea8093df3fb11222b7291a784e2272246d6349ad6d5da63900e79412997498,9f81ddd3e1ece099fb5400ba14ba18280c8818346149f168c5660056e4c18f56,71164,8049cd5843882b55cf9238d9c39d85544b00ae9e0ddbfd32ca89a8cd060dedb2,5ae7f8d7233ef093d0181534d5e303f546f417b3bed9ae7c27e5ac85cba2fba6,0dba1bec0139d0965910481f391790d3940bcb63b9eea3e04bd9e2a7ff9978ef,bcbbea6e7ed138df3defa35464f9e72ae7c6f2afdb4a77d6949045dcdc3eb987,ee3241f882e6496d2878a11738d0e0d4c35729da0ae97c2d030ee61605a9ee0d,/tmp/buckeye_slicer_quiet_run_score_orj2o43i
s20,s2004a,current_A,39,7,0.1794871794871795,4,1,0,0.10256410256410256,0.02564102564102564,0.0,40,7,0.175,4,1,0,0.1,0.025,0.0,144.97945300000003,102.78334700000003,0.708951129785267,111.368,20,5.5684,72ea8093df3fb11222b7291a784e2272246d6349ad6d5da63900e79412997498,7742f46ba78ed9fa88c087d5ec69553ce3988bd974cf12b77459f3fa28b99e2d,50965,fff0e1c90e8dfe59baa3530255f15344119e8c587a2b7a0f8e1e960abb5edc44,699ebf042a3dd26ee6a82ab44a7f11017d12daac2ba620e304c443cc96cb33b8,d763b8ea26c4b62539cf2a3b1ad7e0cc7630ea06e561b6261f0328b291d9345e,5d1c721df5d9d137e0f2588174b3d71f988a13d844b465f6086a5cdaf8d07c81,e767146cb9378a89b6b2c28bbdc63d06ef2a12abc1adcbe7ffb14745a28ecaab,/tmp/buckeye_slicer_current_A_v54716ow
s20,s2004a,proper_D,33,4,0.12121212121212122,0,0,0,0.0,0.0,0.0,34,4,0.11764705882352941,0,0,0,0.0,0.0,0.0,144.97945300000003,94.62195100000001,0.652657663151757,102.64800000000005,17,6.038117647058827,b35b56fbf50e01487bef7f59ef870fe839ea7b8d3f84afb9014d7c5503a3e4dc,7742f46ba78ed9fa88c087d5ec69553ce3988bd974cf12b77459f3fa28b99e2d,50965,07e545d19540fc8527e2450edd83a8ee66039955bac17340f02e3016d159b505,60053643bc1ccd4cfb3de271211da3a1143cbf40fb39dfb93b4f08ae3eb339b1,d5d0325089ac60eaecb0f5c6ac0981d1567593814a5480a144237db26ea041f1,1262f234be3ba03da2d0f4f88f9110a3bb067a6b63f1afa8a854c8d600c5359d,b6550f5d3528dd21892b5b5d2f0d6cbce4119291c959b54654a69e750ea7d479,/tmp/buckeye_slicer_proper_D_hqkxtio_
s20,s2004a,min_quiet_run_64ms,37,6,0.16216216216216217,3,1,0,0.08108108108108109,0.02702702702702703,0.0,38,6,0.15789473684210525,3,1,0,0.07894736842105263,0.02631578947368421,0.0,144.97945300000003,99.96941100000002,0.6895419242615021,108.28,19,5.698947368421052,72ea8093df3fb11222b7291a784e2272246d6349ad6d5da63900e79412997498,147296b66139fb1e25f990a73fc8504c73dcc082cbd7ad0e1f082f2cacec28a9,50965,fff0e1c90e8dfe59baa3530255f15344119e8c587a2b7a0f8e1e960abb5edc44,699ebf042a3dd26ee6a82ab44a7f11017d12daac2ba620e304c443cc96cb33b8,038c2515b8bf66427ddacd9a63948d0d74552b273c236c1f2977653a9884f8dc,a50f3c964197ad7a8b48e865ac3d247d3186059248aae13020910c79dfbd50d2,edfb3e27df072d3a3fb147725de1421bcaac8de525d964964bae9f0f9aaa15c4,/tmp/buckeye_slicer_min_quiet_run_64ms_uq_n7hon
s20,s2004a,quiet_run_score,39,6,0.15384615384615385,4,1,0,0.10256410256410256,0.02564102564102564,0.0,40,6,0.15,4,1,0,0.1,0.025,0.0,144.97945300000003,102.25547200000004,0.7053100965969296,110.648,20,5.5324,72ea8093df3fb11222b7291a784e2272246d6349ad6d5da63900e79412997498,9f81ddd3e1ece099fb5400ba14ba18280c8818346149f168c5660056e4c18f56,50965,fff0e1c90e8dfe59baa3530255f15344119e8c587a2b7a0f8e1e960abb5edc44,699ebf042a3dd26ee6a82ab44a7f11017d12daac2ba620e304c443cc96cb33b8,d763b8ea26c4b62539cf2a3b1ad7e0cc7630ea06e561b6261f0328b291d9345e,fcb6b74b3a8bd185328f4261757f08f6c7ee90e43c533443135c9ae087f362c4,85bd6b1b705fdafd6202a986dc5a000fc394ea2b1dc77abbd40de22ee3d22e9b,/tmp/buckeye_slicer_quiet_run_score_bbgt3vy0
s21,s2101b,current_A,104,11,0.10576923076923077,8,0,0,0.07692307692307693,0.0,0.0,110,12,0.10909090909090909,9,0,0,0.08181818181818182,0.0,0.0,322.43769900000007,224.66603299999997,0.6967734656858469,265.6639999999997,55,4.83025454545454,72ea8093df3fb11222b7291a784e2272246d6349ad6d5da63900e79412997498,7742f46ba78ed9fa88c087d5ec69553ce3988bd974cf12b77459f3fa28b99e2d,72239,92298c65934ec7f1c6b0dbae03a095b57535a3cd7920c684ca035148a644d7e1,b5fc20ca96ca813e8745348d8d1537e188d3729f37c2ab19db0524eb16581f0b,3462185b81da986a37cc8157862685beca9a93635a13e824ad2eecad6a87227f,514a6d8c393bd0bf9a3b78b82654c3eef2c1a3d0001bd179d1b72f17502c5247,7e52b9ad4da874ea9080aab495d6357a95b8d96ddfb164c7d5f466e1b5a2b166,/tmp/buckeye_slicer_current_A_0t_lsiv1
s21,s2101b,proper_D,87,11,0.12643678160919541,6,2,0,0.06896551724137931,0.022988505747126436,0.0,92,12,0.13043478260869565,6,2,0,0.06521739130434782,0.021739130434782608,0.0,322.43769900000007,193.9619390000001,0.6015485769857204,227.2559999999996,46,4.940347826086948,b35b56fbf50e01487bef7f59ef870fe839ea7b8d3f84afb9014d7c5503a3e4dc,7742f46ba78ed9fa88c087d5ec69553ce3988bd974cf12b77459f3fa28b99e2d,72239,51af27eab6dcfd9c12dba8a9669b5ef0f938f2f9cba04973a2a062e23e78020f,fc3edd06b8c30f1f3b445ae7df585eb5369b24d92b69dd242c639a7a6bcb99e4,f322236a2e999c8836ebe957aed66cdf3d833eb174dc4d32d1427489d70650c8,9b8a02ce6ac2bb476a9bbfb3cb3a5ac035034a44a8967c24b558bbb41c5089db,18c85c81252b49ebe91ead22f13a29669677ad4aae3a796001b6a5d8abe49dbd,/tmp/buckeye_slicer_proper_D_jsj6gagw
s21,s2101b,min_quiet_run_64ms,102,11,0.10784313725490197,8,0,0,0.0784313725490196,0.0,0.0,108,11,0.10185185185185185,8,0,0,0.07407407407407407,0.0,0.0,322.43769900000007,215.84246099999996,0.6694082660601046,255.72799999999978,54,4.7357037037037,72ea8093df3fb11222b7291a784e2272246d6349ad6d5da63900e79412997498,147296b66139fb1e25f990a73fc8504c73dcc082cbd7ad0e1f082f2cacec28a9,72239,92298c65934ec7f1c6b0dbae03a095b57535a3cd7920c684ca035148a644d7e1,b5fc20ca96ca813e8745348d8d1537e188d3729f37c2ab19db0524eb16581f0b,b7f13d49624bdb8e1beb010c4d41ccdd232ef872ff7ab9019924c715e0d55235,6bfa06e4dbcd3423e2515769024923eafa74e6566593ea5691e96b62354c1454,bb4012fd68c9becc7361963d633ebca7a21fbc3bd00829563945fcc0bcce6ada,/tmp/buckeye_slicer_min_quiet_run_64ms_da_s853r
s21,s2101b,quiet_run_score,104,10,0.09615384615384616,8,0,0,0.07692307692307693,0.0,0.0,110,10,0.09090909090909091,8,0,0,0.07272727272727272,0.0,0.0,322.43769900000007,218.35076400000008,0.6771874525751408,257.83199999999977,55,4.687854545454541,72ea8093df3fb11222b7291a784e2272246d6349ad6d5da63900e79412997498,9f81ddd3e1ece099fb5400ba14ba18280c8818346149f168c5660056e4c18f56,72239,92298c65934ec7f1c6b0dbae03a095b57535a3cd7920c684ca035148a644d7e1,b5fc20ca96ca813e8745348d8d1537e188d3729f37c2ab19db0524eb16581f0b,3462185b81da986a37cc8157862685beca9a93635a13e824ad2eecad6a87227f,dff810c62c1fada8bbef2a291d8b052ad386d29cfec02fcfd9003aa72277ed83,7ff1eca5faac25b4ae778f4552294c9e47ecbbd613f8bffcdc8827b1f990f094,/tmp/buckeye_slicer_quiet_run_score_suqn2w0_
s21,s2102b,current_A,105,14,0.13333333333333333,6,1,0,0.05714285714285714,0.009523809523809525,0.0,106,14,0.1320754716981132,6,1,0,0.05660377358490566,0.009433962264150943,0.0,339.1314599999995,222.45198999999945,0.6559461926652271,264.34400000000005,53,4.987622641509435,72ea8093df3fb11222b7291a784e2272246d6349ad6d5da63900e79412997498,7742f46ba78ed9fa88c087d5ec69553ce3988bd974cf12b77459f3fa28b99e2d,74185,3de73a4b17ac6745d3a7b1cc7316503ca0422951fe001b4d7b8a64b9e4b97b40,d39ae64078941e254cd35706eedecac8f6ce71e96aed753547d83bfe2861eeaa,230d882993dc0adcdb7101f99e51d8fcb2f74c986d013e17b016432775cc9a90,95ee27d6e70817b8a7e2a5effec31eb273f7c4f94ed7fab7eb536a65c49eb976,803b23e8faeafeba1b00ca29d78251065ea3e22ee0fd1a568997bfb65adae336,/tmp/buckeye_slicer_current_A_lvum8dv5
s21,s2102b,proper_D,95,15,0.15789473684210525,6,2,0,0.06315789473684211,0.021052631578947368,0.0,96,15,0.15625,6,2,0,0.0625,0.020833333333333332,0.0,339.1314599999995,200.22612999999967,0.590408598482724,240.2479999999998,48,5.005166666666662,b35b56fbf50e01487bef7f59ef870fe839ea7b8d3f84afb9014d7c5503a3e4dc,7742f46ba78ed9fa88c087d5ec69553ce3988bd974cf12b77459f3fa28b99e2d,74185,4955f144ac2674161ef7665557aababb1c343721cbf899d5bd68e9c578c1b6d2,a290eb38c5911d90cc8e71858d32c1f6a4502154da2d01adb602695e3bd53f1e,beca82a1044b5a995a043e82361052f1b9daa7f5268a5f3a00930cc381b8ce04,5052a3c8309309232f4cdcdfabff510b2a748b3c6f7c2205916f9a753743d7c2,52bb52587e227a8e329689f540400878569ccc642c449f444dec6ffdf9f2a8eb,/tmp/buckeye_slicer_proper_D_f7d6b7p_
s21,s2102b,min_quiet_run_64ms,91,10,0.10989010989010989,5,0,0,0.054945054945054944,0.0,0.0,92,10,0.10869565217391304,5,0,0,0.05434782608695652,0.0,0.0,339.1314599999995,199.81025099999954,0.5891822923181466,235.68000000000006,46,5.123478260869566,72ea8093df3fb11222b7291a784e2272246d6349ad6d5da63900e79412997498,147296b66139fb1e25f990a73fc8504c73dcc082cbd7ad0e1f082f2cacec28a9,74185,3de73a4b17ac6745d3a7b1cc7316503ca0422951fe001b4d7b8a64b9e4b97b40,d39ae64078941e254cd35706eedecac8f6ce71e96aed753547d83bfe2861eeaa,f9e2c629a6e4c0295c9e021feb0caabcd9c1da6d34046192b651059489b5c81f,d2ac714b37bf5bb9d3be24909fd19d2848e28fcffb3d821077d86bb30195aeb4,3b0a43dfc0ad1f474206e4687125f101d0846142456e8df38400064183e86ac6,/tmp/buckeye_slicer_min_quiet_run_64ms_pwhvrp09
s21,s2102b,quiet_run_score,107,13,0.12149532710280374,5,1,0,0.04672897196261682,0.009345794392523364,0.0,110,13,0.11818181818181818,5,1,0,0.045454545454545456,0.00909090909090909,0.0,339.1314599999995,219.5013859999995,0.6472457199930666,259.9920000000001,55,4.727127272727274,72ea8093df3fb11222b7291a784e2272246d6349ad6d5da63900e79412997498,9f81ddd3e1ece099fb5400ba14ba18280c8818346149f168c5660056e4c18f56,74185,3de73a4b17ac6745d3a7b1cc7316503ca0422951fe001b4d7b8a64b9e4b97b40,d39ae64078941e254cd35706eedecac8f6ce71e96aed753547d83bfe2861eeaa,230d882993dc0adcdb7101f99e51d8fcb2f74c986d013e17b016432775cc9a90,afd2653b41fc2c2a608dfa14b985027b1f825b3f7eb5dba29e1ba0f1238c6ab6,980b9040de09da845c3f4bb1c5b4394e13a29e857b1dcafce61da05b2c762495,/tmp/buckeye_slicer_quiet_run_score_gm56hr1s
s22,s2201a,current_A,48,13,0.2708333333333333,7,0,0,0.14583333333333334,0.0,0.0,48,13,0.2708333333333333,7,0,0,0.14583333333333334,0.0,0.0,323.9832690000002,90.14738600000018,0.27824704120755117,104.92800000000014,24,4.372000000000006,72ea8093df3fb11222b7291a784e2272246d6349ad6d5da63900e79412997498,7742f46ba78ed9fa88c087d5ec69553ce3988bd974cf12b77459f3fa28b99e2d,75139,1224add14d577df56f36bc6c33cee7e517e46845798c04764bbb07683fce65d8,6be5510f09b1f9754cfb2789dba0ccb8751556757ea291f3ef95b28f9da9bd7e,70d816d4a7da76734d3c51b5034bd96ab285d271350c7608e3acadc2e6a08cab,007af1db9173451e89fa3b5e2ab7bbaab93149827a28b102d9052532f95828fb,02a05a1bf220948080a05645a78b0f7f884500a3fa6830b3d7cba42e89962caf,/tmp/buckeye_slicer_current_A_vp7wkogs
s22,s2201a,proper_D,46,12,0.2608695652173913,5,0,0,0.10869565217391304,0.0,0.0,46,12,0.2608695652173913,5,0,0,0.10869565217391304,0.0,0.0,323.9832690000002,84.44630300000009,0.26065019734090045,98.22400000000029,23,4.270608695652187,b35b56fbf50e01487bef7f59ef870fe839ea7b8d3f84afb9014d7c5503a3e4dc,7742f46ba78ed9fa88c087d5ec69553ce3988bd974cf12b77459f3fa28b99e2d,75139,ea5ecb2d26486e03b6170898979109cf859ef956d6cd85dd52fa1ad9629197ed,81bf13ca844c1380cd198feff529a950a52f4dd04c3311293c25bf90ac6683c4,f6ace0aea96e4c32e647b39eff00608e1a2652870b663f8ef6577267dafeba48,6092ea92d0448a12a7b7c99b222c0f00c7d03de080d8a60c0db5c3cd3efb8603,359fd7718007e4ca8bbff5bcf7db8b6330c31550de4e0aa8cf4bbd8b4b064942,/tmp/buckeye_slicer_proper_D_gpwuqhof
s22,s2201a,min_quiet_run_64ms,48,13,0.2708333333333333,7,0,0,0.14583333333333334,0.0,0.0,48,13,0.2708333333333333,7,0,0,0.14583333333333334,0.0,0.0,323.9832690000002,89.67112700000021,0.2767770301126265,103.90400000000014,24,4.329333333333339,72ea8093df3fb11222b7291a784e2272246d6349ad6d5da63900e79412997498,147296b66139fb1e25f990a73fc8504c73dcc082cbd7ad0e1f082f2cacec28a9,75139,1224add14d577df56f36bc6c33cee7e517e46845798c04764bbb07683fce65d8,6be5510f09b1f9754cfb2789dba0ccb8751556757ea291f3ef95b28f9da9bd7e,459dec1b0d5a7c34d66a3c2e111b89ae7939aa5dd540db4805f49929007fc290,a2dd93414a853ee57c1c4563f285520cc1b7c9f866cc4ae5c9f9a4c9fc380a57,b6063ce56a7a6907bb275df09e38fbe46e4b9a6dd97611f0f1e7a0e7e0492fa6,/tmp/buckeye_slicer_min_quiet_run_64ms_on9g_2jv
s22,s2201a,quiet_run_score,49,12,0.24489795918367346,6,0,0,0.12244897959183673,0.0,0.0,50,12,0.24,6,0,0,0.12,0.0,0.0,323.9832690000002,90.53736100000017,0.2794507299079081,104.39199999999995,25,4.175679999999998,72ea8093df3fb11222b7291a784e2272246d6349ad6d5da63900e79412997498,9f81ddd3e1ece099fb5400ba14ba18280c8818346149f168c5660056e4c18f56,75139,1224add14d577df56f36bc6c33cee7e517e46845798c04764bbb07683fce65d8,6be5510f09b1f9754cfb2789dba0ccb8751556757ea291f3ef95b28f9da9bd7e,70d816d4a7da76734d3c51b5034bd96ab285d271350c7608e3acadc2e6a08cab,937f530fc98f7692d323201eb4d99e6096e0b7f8bf18c8e112a97ca08c22a040,9f397605642ffabfc4d3734beace7864db0124db4ae679a083522b430297f176,/tmp/buckeye_slicer_quiet_run_score_xem36qk5
s22,s2201b,current_A,60,10,0.16666666666666666,6,0,0,0.1,0.0,0.0,60,10,0.16666666666666666,6,0,0,0.1,0.0,0.0,342.59070799999927,114.37187299999987,0.33384406035904546,137.30399999999997,30,4.5767999999999995,72ea8093df3fb11222b7291a784e2272246d6349ad6d5da63900e79412997498,7742f46ba78ed9fa88c087d5ec69553ce3988bd974cf12b77459f3fa28b99e2d,70800,4bed228130a5c695ad0eab687225cf3c6609753457ef1d9bc687d3e49ac26584,ad0a243406e4d0c61ca83a062fc982440827ee6961a9d93e7f7a1e451226b11b,b8fa1a75e2e5c871288438d73e027d20da17ef74b5ffbb5f016a8bdd68d2efe0,4e8070b631f4e90e2bccea929a1bd70efd6d4728d1400ffe5d62068c3b3020a3,a95cdd2f941320853fd4a34cffb99c046d5ed5d4865fe8ffc13f1ef31835a898,/tmp/buckeye_slicer_current_A_pfb3txsm
s22,s2201b,proper_D,56,8,0.14285714285714285,4,0,0,0.07142857142857142,0.0,0.0,56,8,0.14285714285714285,4,0,0,0.07142857142857142,0.0,0.0,342.59070799999927,103.22951099999986,0.30132023020309145,122.22400000000015,28,4.365142857142862,b35b56fbf50e01487bef7f59ef870fe839ea7b8d3f84afb9014d7c5503a3e4dc,7742f46ba78ed9fa88c087d5ec69553ce3988bd974cf12b77459f3fa28b99e2d,70800,3eb53642599eeb55ff1140f076d26fea4e7ad3ef3bf2f08576d18c4124cb52f8,0feec780c37d486e95efbf3f32c7f8e1e510176c69de570609ac20f4b6bf3e19,9cbd7b68eb806f8aa03cd61bbcf1ff4432de19f8e655838a0aca4f27642e84a7,ef8ca46e7987145d735fdf00113cbe8d17806ae4be2f1c21ed637ebdd31b0563,bcd29cb5c36d1a2e16115d9d745451bfb78774d643385fac66696956167f5f24,/tmp/buckeye_slicer_proper_D_p4a_sa88
s22,s2201b,min_quiet_run_64ms,54,10,0.18518518518518517,7,1,1,0.12962962962962962,0.018518518518518517,0.018518518518518517,54,10,0.18518518518518517,7,1,1,0.12962962962962962,0.018518518518518517,0.018518518518518517,342.59070799999927,103.6755409999999,0.30262216277039283,125.07999999999996,27,4.632592592592591,72ea8093df3fb11222b7291a784e2272246d6349ad6d5da63900e79412997498,147296b66139fb1e25f990a73fc8504c73dcc082cbd7ad0e1f082f2cacec28a9,70800,4bed228130a5c695ad0eab687225cf3c6609753457ef1d9bc687d3e49ac26584,ad0a243406e4d0c61ca83a062fc982440827ee6961a9d93e7f7a1e451226b11b,8b8bb18d63a64e54a02c7538746b61c98668474f87f9eb0438a5f6797bb4d613,699ae9e6990c6ebc900ac82e73e67f7bc8715534a5edcf10bc1d7000bbcc49cc,7b962b55f344264712fe659fa254aa28023baad32d04582e7f59d44d82158d01,/tmp/buckeye_slicer_min_quiet_run_64ms_abolamav
s22,s2201b,quiet_run_score,60,11,0.18333333333333332,8,1,1,0.13333333333333333,0.016666666666666666,0.016666666666666666,60,11,0.18333333333333332,8,1,1,0.13333333333333333,0.016666666666666666,0.016666666666666666,342.59070799999927,106.05762499999992,0.3095753110735278,125.104,30,4.170133333333333,72ea8093df3fb11222b7291a784e2272246d6349ad6d5da63900e79412997498,9f81ddd3e1ece099fb5400ba14ba18280c8818346149f168c5660056e4c18f56,70800,4bed228130a5c695ad0eab687225cf3c6609753457ef1d9bc687d3e49ac26584,ad0a243406e4d0c61ca83a062fc982440827ee6961a9d93e7f7a1e451226b11b,b8fa1a75e2e5c871288438d73e027d20da17ef74b5ffbb5f016a8bdd68d2efe0,a5b5c160b963078e0013b4da207a85d0d21704f72206b1233d79bf2697350090,436523df5848459c63122e5f741d5389e2b05dae407f65c1bbe739bffb8a2587,/tmp/buckeye_slicer_quiet_run_score_4nbdw0xe
s22,s2202b,current_A,54,11,0.2037037037037037,7,0,0,0.12962962962962962,0.0,0.0,54,11,0.2037037037037037,7,0,0,0.12962962962962962,0.0,0.0,296.8867750000001,96.5103720000001,0.32507467535392937,111.8720000000001,27,4.143407407407411,72ea8093df3fb11222b7291a784e2272246d6349ad6d5da63900e79412997498,7742f46ba78ed9fa88c087d5ec69553ce3988bd974cf12b77459f3fa28b99e2d,70995,3b790a4b7e96a17d29f8bacd2b25b5cebdd1a27291eb7534f1d07e4fa5db5daf,cf8ac02277a8cb91f8ba50c86f5059ca26cc95fd0f1c673c1f4ee0f85981b5e5,32c5f17626bc965278618c062fdcdc827a4385379a119855d45737f0ba7f316c,8afd0d28245944bee7eed56496eeaa8031e8e47bef64e68a35bae6f639166612,e92f13e33d9fb59c4c8458f2adb488ad270a065edd544bc35d758c7889672349,/tmp/buckeye_slicer_current_A_swjgy8oy
s22,s2202b,proper_D,50,9,0.18,3,0,0,0.06,0.0,0.0,50,9,0.18,3,0,0,0.06,0.0,0.0,296.8867750000001,91.71081200000012,0.30890837761298084,106.31999999999991,25,4.252799999999996,b35b56fbf50e01487bef7f59ef870fe839ea7b8d3f84afb9014d7c5503a3e4dc,7742f46ba78ed9fa88c087d5ec69553ce3988bd974cf12b77459f3fa28b99e2d,70995,51fff9826d44cf58721810c7b58332054ff83f554f13276997dbb17a37910ec8,92f71e115c0461d7cef96bae7a8c5853617973d89807cdad4ecd7dbac77c8891,9442b8500b562ee3f6b368dbb0b8abaef08c88df61821a3d721ce5f8638124bc,d57970219b22906459d881175129df44e037db6266fd012b21d416d1f5eb6f22,7114b0425df063ec7d2b047603861f047c11c436cdabb7590fc469d1b929a70a,/tmp/buckeye_slicer_proper_D_xxmlmfng
s22,s2202b,min_quiet_run_64ms,52,10,0.19230769230769232,6,0,0,0.11538461538461539,0.0,0.0,52,10,0.19230769230769232,6,0,0,0.11538461538461539,0.0,0.0,296.8867750000001,93.7547660000001,0.315793002231238,108.7040000000001,26,4.18092307692308,72ea8093df3fb11222b7291a784e2272246d6349ad6d5da63900e79412997498,147296b66139fb1e25f990a73fc8504c73dcc082cbd7ad0e1f082f2cacec28a9,70995,3b790a4b7e96a17d29f8bacd2b25b5cebdd1a27291eb7534f1d07e4fa5db5daf,cf8ac02277a8cb91f8ba50c86f5059ca26cc95fd0f1c673c1f4ee0f85981b5e5,3afc73a36b985ef4e093a73e590cbff420e27a2dce308304af04e87c44dc5042,0cde616747aa37d44a1e8229ff84a28d4811db4d4400480c3c654a3ebba8b528,88e35696f6d2042ec2588c7f4145bc383081e82648917c5b1b698c2a9c195606,/tmp/buckeye_slicer_min_quiet_run_64ms_3i7hn6u4
s22,s2202b,quiet_run_score,54,10,0.18518518518518517,6,1,0,0.1111111111111111,0.018518518518518517,0.0,54,10,0.18518518518518517,6,1,0,0.1111111111111111,0.018518518518518517,0.0,296.8867750000001,93.85155200000011,0.31611900530092685,108.48800000000011,27,4.018074074074078,72ea8093df3fb11222b7291a784e2272246d6349ad6d5da63900e79412997498,9f81ddd3e1ece099fb5400ba14ba18280c8818346149f168c5660056e4c18f56,70995,3b790a4b7e96a17d29f8bacd2b25b5cebdd1a27291eb7534f1d07e4fa5db5daf,cf8ac02277a8cb91f8ba50c86f5059ca26cc95fd0f1c673c1f4ee0f85981b5e5,32c5f17626bc965278618c062fdcdc827a4385379a119855d45737f0ba7f316c,a4209e7da2baaf5d6c6d93c7571a1dfbfee893f27d1be8a8b4cc7a7801ef6f73,e1d89469c36c5bfd1c2d7a35efe4ec7fe12f5ea2148e790436bbe980356a248f,/tmp/buckeye_slicer_quiet_run_score_2rr4sblf
s22,s2203b,current_A,50,11,0.22,6,0,0,0.12,0.0,0.0,50,11,0.22,6,0,0,0.12,0.0,0.0,293.0139249999996,93.84773399999995,0.32028421174863986,108.71199999999993,25,4.348479999999998,72ea8093df3fb11222b7291a784e2272246d6349ad6d5da63900e79412997498,7742f46ba78ed9fa88c087d5ec69553ce3988bd974cf12b77459f3fa28b99e2d,66829,bf095924382bb951c1e4b15bb3804e9d097826e142c8e988e1690d5a430debdf,ba3797bd6f4272818a5b30ef4c49f57f4488ca0588ee603cde003e477a85d9f3,ae5fc2d1f67fb3b553cefff7da5cdfa227af12cea38b012192738988c2de2970,b36b972922206237b5ccf9f1e7f1e1fbd7d983ffbab55949fecb003d74ff322f,64954acfbb730e5097d5c1590f5f9e145745598738a541baa4a911c3071a7026,/tmp/buckeye_slicer_current_A_k2nqfwe3
s22,s2203b,proper_D,44,9,0.20454545454545456,3,0,0,0.06818181818181818,0.0,0.0,44,9,0.20454545454545456,3,0,0,0.06818181818181818,0.0,0.0,293.0139249999996,83.2667,0.28417318391950186,97.17600000000013,22,4.417090909090915,b35b56fbf50e01487bef7f59ef870fe839ea7b8d3f84afb9014d7c5503a3e4dc,7742f46ba78ed9fa88c087d5ec69553ce3988bd974cf12b77459f3fa28b99e2d,66829,c136f64bae089b1b24900cbd69e6802435ff29d04c91a332096462af6423d4a8,6542ecd04f1bd2d7222c94e6f65abc079a731c091dd12f57e58bc9a8e4264c4f,51c43e3dda7d680158a0d9a1f43803cfa015ff851255f5a03b6a8cf1fd7482ee,260430cfc14336552825111d8818505aaea3b7a284554d389c5dfb6b9a8770a0,98fb2c9f719504117ba14d372b053d25992407b9919f7482027cf9efe4d69e44,/tmp/buckeye_slicer_proper_D_pt5bti51
s22,s2203b,min_quiet_run_64ms,44,10,0.22727272727272727,7,0,0,0.1590909090909091,0.0,0.0,44,10,0.22727272727272727,7,0,0,0.1590909090909091,0.0,0.0,293.0139249999996,80.20554,0.2737260353752816,92.44799999999995,22,4.202181818181816,72ea8093df3fb11222b7291a784e2272246d6349ad6d5da63900e79412997498,147296b66139fb1e25f990a73fc8504c73dcc082cbd7ad0e1f082f2cacec28a9,66829,bf095924382bb951c1e4b15bb3804e9d097826e142c8e988e1690d5a430debdf,ba3797bd6f4272818a5b30ef4c49f57f4488ca0588ee603cde003e477a85d9f3,cec347c0b9103f38c3aa5edc4a08cc73173c2486350dd07495c63a1e5a0cd839,1c2bff534c58646888c99cfe36731fd4bee76a3bc239ebac3214159cf85c1455,fd15530391d8390c057b007b105b2c314771120cca61da42cf6c75520a4a1d40,/tmp/buckeye_slicer_min_quiet_run_64ms_io37yoth
s22,s2203b,quiet_run_score,50,11,0.22,6,0,0,0.12,0.0,0.0,50,11,0.22,6,0,0,0.12,0.0,0.0,293.0139249999996,86.36523399999994,0.29474788271581315,98.94399999999995,25,3.9577599999999977,72ea8093df3fb11222b7291a784e2272246d6349ad6d5da63900e79412997498,9f81ddd3e1ece099fb5400ba14ba18280c8818346149f168c5660056e4c18f56,66829,bf095924382bb951c1e4b15bb3804e9d097826e142c8e988e1690d5a430debdf,ba3797bd6f4272818a5b30ef4c49f57f4488ca0588ee603cde003e477a85d9f3,ae5fc2d1f67fb3b553cefff7da5cdfa227af12cea38b012192738988c2de2970,4a1cd16bc720e1bfb49cf0f3698d19fa4221eaf63fa2ba2024407d28448fa192,58056f076911c8002ebe5a50d9959a0f58009d465cadefb85b9cc5e401bd0c93,/tmp/buckeye_slicer_quiet_run_score_6ej3bqns
s24,s2401b,current_A,62,5,0.08064516129032258,3,0,0,0.04838709677419355,0.0,0.0,62,5,0.08064516129032258,3,0,0,0.04838709677419355,0.0,0.0,255.15574200000026,120.98995000000019,0.4741807848478678,132.93599999999986,31,4.288258064516125,72ea8093df3fb11222b7291a784e2272246d6349ad6d5da63900e79412997498,7742f46ba78ed9fa88c087d5ec69553ce3988bd974cf12b77459f3fa28b99e2d,71353,f75cee05cd7bc190cf1478d2193ef86d6b556a8c15f27b274ba90581164707ec,7106044d25cbc7d690b10e0a585b4f6a6b0831ce439b39d41e37fff805ee3504,5cb22e54be665b5bde25e4bd6fb0eff4046b73e8b62f34109bbd22546bee6673,05d50c8b0288bfba456696365c45c1e6a8eabf94615197f586fda7fedd194431,a5c2b6a32b0e4587e65f3e761159b86477a7bd267b35569f57ea4f9c148f2d15,/tmp/buckeye_slicer_current_A_gchxcd4a
s24,s2401b,proper_D,56,4,0.07142857142857142,2,0,0,0.03571428571428571,0.0,0.0,56,4,0.07142857142857142,2,0,0,0.03571428571428571,0.0,0.0,255.15574200000026,110.75451600000017,0.4340663280076215,122.68800000000007,28,4.381714285714288,b35b56fbf50e01487bef7f59ef870fe839ea7b8d3f84afb9014d7c5503a3e4dc,7742f46ba78ed9fa88c087d5ec69553ce3988bd974cf12b77459f3fa28b99e2d,71353,f970808290dc406b4d4a8fa193fc38a50b1bc8b35daf7a90935b81426eba8da0,58fc2841b3711e9cb215817a03048f17cff468754f0bd4db3bb7aba22c3ab47a,1fcb4e93207e6a9a13690a70d8c8f91839a94fd08769e08c0da11fdab01c5155,e04cff2d2092286f615fbe8200de11b7b2a0e22cb891de8ab2b7f51af8ccb388,1d9fd485512e329faa4ac3d6e6d0dc9508554b391bd1166d883e0dde9b4a1f78,/tmp/buckeye_slicer_proper_D_uh3txmrl
s24,s2401b,min_quiet_run_64ms,62,5,0.08064516129032258,3,0,0,0.04838709677419355,0.0,0.0,62,5,0.08064516129032258,3,0,0,0.04838709677419355,0.0,0.0,255.15574200000026,120.98995000000019,0.4741807848478678,132.93599999999986,31,4.288258064516125,72ea8093df3fb11222b7291a784e2272246d6349ad6d5da63900e79412997498,147296b66139fb1e25f990a73fc8504c73dcc082cbd7ad0e1f082f2cacec28a9,71353,f75cee05cd7bc190cf1478d2193ef86d6b556a8c15f27b274ba90581164707ec,7106044d25cbc7d690b10e0a585b4f6a6b0831ce439b39d41e37fff805ee3504,eb0cd067f170fd70d943b06b8392cc8e6f1af4d74286f89c8a8dbff0e7fbdd47,05d50c8b0288bfba456696365c45c1e6a8eabf94615197f586fda7fedd194431,a5c2b6a32b0e4587e65f3e761159b86477a7bd267b35569f57ea4f9c148f2d15,/tmp/buckeye_slicer_min_quiet_run_64ms_qyngdk9b
s24,s2401b,quiet_run_score,62,6,0.0967741935483871,3,0,0,0.04838709677419355,0.0,0.0,62,6,0.0967741935483871,3,0,0,0.04838709677419355,0.0,0.0,255.15574200000026,118.2750940000002,0.4635407891388941,128.93599999999992,31,4.1592258064516106,72ea8093df3fb11222b7291a784e2272246d6349ad6d5da63900e79412997498,9f81ddd3e1ece099fb5400ba14ba18280c8818346149f168c5660056e4c18f56,71353,f75cee05cd7bc190cf1478d2193ef86d6b556a8c15f27b274ba90581164707ec,7106044d25cbc7d690b10e0a585b4f6a6b0831ce439b39d41e37fff805ee3504,5cb22e54be665b5bde25e4bd6fb0eff4046b73e8b62f34109bbd22546bee6673,4e741e513a6d72227c31c3e095ba44cae09dbc1b068d6a551e0d0ecb6273d393,b65174a1ed39db672a83f6c39cd0f08420bb6dd25fa3d6c179ced687b9def204,/tmp/buckeye_slicer_quiet_run_score_oqgs83ib
s24,s2402a,current_A,70,2,0.02857142857142857,1,1,0,0.014285714285714285,0.014285714285714285,0.0,70,2,0.02857142857142857,1,1,0,0.014285714285714285,0.014285714285714285,0.0,318.3237590000002,146.42253599999964,0.4599799162336467,160.76800000000006,35,4.59337142857143,72ea8093df3fb11222b7291a784e2272246d6349ad6d5da63900e79412997498,7742f46ba78ed9fa88c087d5ec69553ce3988bd974cf12b77459f3fa28b99e2d,75251,2fba122f885c476d0dc2076dbf4c7b3d346f1410f6602ab3966d0e2be1f3aae9,40e7ea196c776f36f55f61eec6e9b0acf9a5818cbcf1efe44dd61a0445018172,542b0bd3f32aa8038d7d3355fe19a68bc92a743a6615b667d122459c2c35b262,aab8bb244a1290e48fc0dcee93e4dd428985e5a476f0f356ff7b35f8f984d765,fbb00a244053bbb880ec614eea393797cc4a6f731e4685c47ccfe45f2108861e,/tmp/buckeye_slicer_current_A_nt2v9lsz
s24,s2402a,proper_D,68,2,0.029411764705882353,1,0,0,0.014705882352941176,0.0,0.0,68,2,0.029411764705882353,1,0,0,0.014705882352941176,0.0,0.0,318.3237590000002,141.56239799999963,0.4447120078146587,155.75999999999996,34,4.581176470588234,b35b56fbf50e01487bef7f59ef870fe839ea7b8d3f84afb9014d7c5503a3e4dc,7742f46ba78ed9fa88c087d5ec69553ce3988bd974cf12b77459f3fa28b99e2d,75251,0598be770b7e6c50fff1bb083705b75c5783c873e3cf204edd88ecf90f396e7c,4f706c4bf73321b5493ebe6305c2609a41ae1ed8aa40145465e1abebc8f28007,66363922f4f2beae20984a8c57ae069f323b798b9d53195043c7a2e4846c0046,8c83c0cc073cd320a166ce127f3000fac63a5de497b658eb8fc2fa81599703cc,ce78ec07c9cba76cc271774e0e63e545da2146ee256239eb1ac4cf1e7f35cb2c,/tmp/buckeye_slicer_proper_D_p46fq2ho
s24,s2402a,min_quiet_run_64ms,66,2,0.030303030303030304,1,1,0,0.015151515151515152,0.015151515151515152,0.0,66,2,0.030303030303030304,1,1,0,0.015151515151515152,0.015151515151515152,0.0,318.3237590000002,140.59977499999957,0.4416879702655166,153.88000000000008,33,4.663030303030306,72ea8093df3fb11222b7291a784e2272246d6349ad6d5da63900e79412997498,147296b66139fb1e25f990a73fc8504c73dcc082cbd7ad0e1f082f2cacec28a9,75251,2fba122f885c476d0dc2076dbf4c7b3d346f1410f6602ab3966d0e2be1f3aae9,40e7ea196c776f36f55f61eec6e9b0acf9a5818cbcf1efe44dd61a0445018172,b1e01c66b04f7f8d4d1747eb0b65d4c97380b80c4b60a2c1052b17472b161382,2a4d9f97310ae521e95d901ec67076adfe623a19924b322b62364e8bf75fc51a,44212bfba6d2893feef48bbb85d485be5a60bc4c071e71000bec6841f5472871,/tmp/buckeye_slicer_min_quiet_run_64ms_14v8x8ny
s24,s2402a,quiet_run_score,71,2,0.028169014084507043,1,1,0,0.014084507042253521,0.014084507042253521,0.0,72,2,0.027777777777777776,1,1,0,0.013888888888888888,0.013888888888888888,0.0,318.3237590000002,141.30882199999974,0.4439154100338443,154.97600000000008,36,4.304888888888891,72ea8093df3fb11222b7291a784e2272246d6349ad6d5da63900e79412997498,9f81ddd3e1ece099fb5400ba14ba18280c8818346149f168c5660056e4c18f56,75251,2fba122f885c476d0dc2076dbf4c7b3d346f1410f6602ab3966d0e2be1f3aae9,40e7ea196c776f36f55f61eec6e9b0acf9a5818cbcf1efe44dd61a0445018172,542b0bd3f32aa8038d7d3355fe19a68bc92a743a6615b667d122459c2c35b262,6b0ab3e7c5c8077f334f0149dce7082b5558bcc04f04bc7a5de0dfc1725ffa59,6ec4021964bcfaefe6a813ad3fa63d592de3dbe9a68f541d9320ec859d8d52cf,/tmp/buckeye_slicer_quiet_run_score_r_b_pc07
s24,s2402b,current_A,84,4,0.047619047619047616,3,1,0,0.03571428571428571,0.011904761904761904,0.0,84,4,0.047619047619047616,3,1,0,0.03571428571428571,0.011904761904761904,0.0,292.2592680000001,169.8522099999999,0.5811696277840532,184.7520000000001,42,4.398857142857145,72ea8093df3fb11222b7291a784e2272246d6349ad6d5da63900e79412997498,7742f46ba78ed9fa88c087d5ec69553ce3988bd974cf12b77459f3fa28b99e2d,71320,664b1bb183925442d02a586d6f394b1a81da78e59b1008a02b77beb71e40b035,f53a2bdb7ff8fbc5d7ba45646a3a53c742aafecd5e11efc6760350f7f2869167,97d51f54b84cb8e0b18ce988ea7f59a8fda258c51225d63c29905049aab3db64,11403f204c13e8ce6974d20876a823338829c1ff7264a959dece6a358f682783,dd5694deef8791a086d0b7ae7395fcc53a975e5d8c166fd5111ce52dbcd92ce8,/tmp/buckeye_slicer_current_A_mpmev6fp
s24,s2402b,proper_D,82,3,0.036585365853658534,2,1,0,0.024390243902439025,0.012195121951219513,0.0,82,3,0.036585365853658534,2,1,0,0.024390243902439025,0.012195121951219513,0.0,292.2592680000001,166.35416599999988,0.5692006523468054,181.19199999999992,41,4.419317073170729,b35b56fbf50e01487bef7f59ef870fe839ea7b8d3f84afb9014d7c5503a3e4dc,7742f46ba78ed9fa88c087d5ec69553ce3988bd974cf12b77459f3fa28b99e2d,71320,51963109d72114d2adb989a495c858244ac36559604ab9ea0f636951ac06c8a0,3f4ed9a6b4cafa073be38d5177357d94cd93aa27be043e21ba9d37fecc2e2717,5a6ce510ddb59734741cde3a22e6796bc438eb40a7e839a61597e81da7d6eea2,f7a35628d41c7e690971434351018ad435836840526f272bd29b8b5e91cd2768,b356e173868194491b1e989d9d962d086c27645c418f69762bb8b3ffdef01d23,/tmp/buckeye_slicer_proper_D_nbue4sv1
s24,s2402b,min_quiet_run_64ms,80,4,0.05,3,2,1,0.0375,0.025,0.0125,80,4,0.05,3,2,1,0.0375,0.025,0.0125,292.2592680000001,162.25751199999993,0.5551834612820555,175.61600000000007,40,4.390400000000001,72ea8093df3fb11222b7291a784e2272246d6349ad6d5da63900e79412997498,147296b66139fb1e25f990a73fc8504c73dcc082cbd7ad0e1f082f2cacec28a9,71320,664b1bb183925442d02a586d6f394b1a81da78e59b1008a02b77beb71e40b035,f53a2bdb7ff8fbc5d7ba45646a3a53c742aafecd5e11efc6760350f7f2869167,001d02948527bdd54c54b314da788a03c983193bf4965cf1675d1fb6d19a9c5c,cb0d1fbe20786472e4fcf2c6eab0c3d84209291f96a6908afc5cb5afced7cedd,eed5ef41a9c2b2363fbd4dae6642744a829b49940a4bb4a6d243fd3eb9cfc412,/tmp/buckeye_slicer_min_quiet_run_64ms_wt6tcrhs
s24,s2402b,quiet_run_score,84,3,0.03571428571428571,2,2,1,0.023809523809523808,0.023809523809523808,0.011904761904761904,84,3,0.03571428571428571,2,2,1,0.023809523809523808,0.023809523809523808,0.011904761904761904,292.2592680000001,166.57362399999994,0.5699515541111938,180.3680000000001,42,4.2944761904761934,72ea8093df3fb11222b7291a784e2272246d6349ad6d5da63900e79412997498,9f81ddd3e1ece099fb5400ba14ba18280c8818346149f168c5660056e4c18f56,71320,664b1bb183925442d02a586d6f394b1a81da78e59b1008a02b77beb71e40b035,f53a2bdb7ff8fbc5d7ba45646a3a53c742aafecd5e11efc6760350f7f2869167,97d51f54b84cb8e0b18ce988ea7f59a8fda258c51225d63c29905049aab3db64,ae8a53939577430a5560cc4f1bfde6a110fd263eb7e867d3f0a33208ca61658b,ccff4697ebf3e59454d85b939a4a142482b9a40b14419f4e96f1a902d337d52e,/tmp/buckeye_slicer_quiet_run_score_kyw5ngrt
s24,s2403a,current_A,64,6,0.09375,4,1,1,0.0625,0.015625,0.015625,64,6,0.09375,4,1,1,0.0625,0.015625,0.015625,290.60342199999906,133.8296879999996,0.4605234414617459,142.9440000000002,32,4.467000000000006,72ea8093df3fb11222b7291a784e2272246d6349ad6d5da63900e79412997498,7742f46ba78ed9fa88c087d5ec69553ce3988bd974cf12b77459f3fa28b99e2d,75699,79d6ce8d3554ba9e88cb29b9c9d409f2159a0b395e1a54fd46829c9234664bcc,71f9ad96c35880c8217c12687fd180f765a641aed90d58b9662d71e56a77a4fe,8d8e15f9fde47bd5985c4c38926d70b35a4a51f9892dd1efcf3116c78e082337,2c887607402cbfb2209f1bb9f0f59c0609cd83d9349a8cbfef136c8d790d1ad3,3e8bacc9890b6a983e720fdf3e3fef72e22b30ccad06ed56ba2604a81406a48b,/tmp/buckeye_slicer_current_A_1q9tl4lv
s24,s2403a,proper_D,60,6,0.1,2,1,0,0.03333333333333333,0.016666666666666666,0.0,60,6,0.1,2,1,0,0.03333333333333333,0.016666666666666666,0.0,290.60342199999906,126.98809299999957,0.43698072144518646,135.7920000000001,30,4.526400000000003,b35b56fbf50e01487bef7f59ef870fe839ea7b8d3f84afb9014d7c5503a3e4dc,7742f46ba78ed9fa88c087d5ec69553ce3988bd974cf12b77459f3fa28b99e2d,75699,c2584fd47ec16bdf3a47c7177a933e040fd5f462e2d838af36d63a3f9a8fc7d8,a9935a43fdb4f9b374ff49b5c8740852e90363928aacc868d7b54a0fd3a431fd,4fbf80343b6e1761538027f66f8c71ba0e408733152e048448bf9ca9c17d9254,85b8635550fd4b0cfa304221ed5bfeeb4253c69052897bafed26ff2b12cb85eb,f0618139a44e2e318c4752c5738d5257b78a2ee165d11998499323b45f798c8e,/tmp/buckeye_slicer_proper_D_2339tvcr
s24,s2403a,min_quiet_run_64ms,60,5,0.08333333333333333,3,1,1,0.05,0.016666666666666666,0.016666666666666666,60,5,0.08333333333333333,3,1,1,0.05,0.016666666666666666,0.016666666666666666,290.60342199999906,126.27353499999963,0.4345218446877065,135.11200000000022,30,4.503733333333341,72ea8093df3fb11222b7291a784e2272246d6349ad6d5da63900e79412997498,147296b66139fb1e25f990a73fc8504c73dcc082cbd7ad0e1f082f2cacec28a9,75699,79d6ce8d3554ba9e88cb29b9c9d409f2159a0b395e1a54fd46829c9234664bcc,71f9ad96c35880c8217c12687fd180f765a641aed90d58b9662d71e56a77a4fe,5f8dce4877da19ee5c287fa2a45697fd7f74437b5c64d6235e3d062de41f937d,c68364a272a1b53f0a6a7c46c7e47b24187bbc43bbb4455a0490c748a858afa5,db31033f6a9d41c81c2353c52c76a2ce64edcebb93be2766a5ce6bc2858019d9,/tmp/buckeye_slicer_min_quiet_run_64ms_e69_rawd
s24,s2403a,quiet_run_score,64,6,0.09375,4,2,1,0.0625,0.03125,0.015625,64,6,0.09375,4,2,1,0.0625,0.03125,0.015625,290.60342199999906,131.96485499999963,0.45410633533420697,140.63200000000018,32,4.3947500000000055,72ea8093df3fb11222b7291a784e2272246d6349ad6d5da63900e79412997498,9f81ddd3e1ece099fb5400ba14ba18280c8818346149f168c5660056e4c18f56,75699,79d6ce8d3554ba9e88cb29b9c9d409f2159a0b395e1a54fd46829c9234664bcc,71f9ad96c35880c8217c12687fd180f765a641aed90d58b9662d71e56a77a4fe,8d8e15f9fde47bd5985c4c38926d70b35a4a51f9892dd1efcf3116c78e082337,a794d33aa687f38d328688b19fbe71db0b916dbe5db08944d5fdc415c1e1f3fc,4a43e44fc587584fd6dfa2ad5e84ae3e1aac31eabecc4067c7ade08dd26f0ac1,/tmp/buckeye_slicer_quiet_run_score_xkrrdzum
s24,s2403b,current_A,66,5,0.07575757575757576,5,0,0,0.07575757575757576,0.0,0.0,66,5,0.07575757575757576,5,0,0,0.07575757575757576,0.0,0.0,285.733641,132.40596900000006,0.46338949987341554,143.22400000000007,33,4.340121212121215,72ea8093df3fb11222b7291a784e2272246d6349ad6d5da63900e79412997498,7742f46ba78ed9fa88c087d5ec69553ce3988bd974cf12b77459f3fa28b99e2d,74251,5fefeceda9aca6045f4293fc4e362121d4d9cd9cd4cd4e046471b0414e05c4d6,470a96e2d5272def8f3facb1dc5a43b9e4debe50a06d3315113f60b82acc5199,cf0399022fe28cde26b5c67cfb80530db7e5460b0dc63cb366ffdd8920c9fb0f,8e3b8a614e154dd8287a18b7fccfa5f25cb50050f6384abdc8a5b6519ccd1c55,bde5fdd0ee73fbf796c081735e7aeeac50fd717a8f8b143dc7dfc295d77526ab,/tmp/buckeye_slicer_current_A_fn4ov7zp
s24,s2403b,proper_D,68,6,0.08823529411764706,5,0,0,0.07352941176470588,0.0,0.0,68,6,0.08823529411764706,5,0,0,0.07352941176470588,0.0,0.0,285.733641,136.93220300000002,0.47923024576584605,148.28799999999993,34,4.36141176470588,b35b56fbf50e01487bef7f59ef870fe839ea7b8d3f84afb9014d7c5503a3e4dc,7742f46ba78ed9fa88c087d5ec69553ce3988bd974cf12b77459f3fa28b99e2d,74251,447e8d8d7db8bdde0aa41f4bf8e5c33b7c29688414ddc2d087a72d7a74476be7,ade227563c9ead388822bc272f805dc94ff22c53ef41c8f2337882b9154bf7e7,1b4b072f3cebbaac133caf2fa892c83dca0bbce442e5efacdada7f6ab5121208,8e478ffb1f9612d048ef7c2e38e707184160d745a262e820a1195ec4bc54bbc9,b97cd95cd42efc6edc1df04ea60742e9e11aaee10697f4487ab919eb06061ddc,/tmp/buckeye_slicer_proper_D_qo9ztqyv
s24,s2403b,min_quiet_run_64ms,62,5,0.08064516129032258,5,0,0,0.08064516129032258,0.0,0.0,62,5,0.08064516129032258,5,0,0,0.08064516129032258,0.0,0.0,285.733641,125.21109900000002,0.43820916067772375,134.84800000000004,31,4.349935483870969,72ea8093df3fb11222b7291a784e2272246d6349ad6d5da63900e79412997498,147296b66139fb1e25f990a73fc8504c73dcc082cbd7ad0e1f082f2cacec28a9,74251,5fefeceda9aca6045f4293fc4e362121d4d9cd9cd4cd4e046471b0414e05c4d6,470a96e2d5272def8f3facb1dc5a43b9e4debe50a06d3315113f60b82acc5199,baa36f20915f26751c8b441d7a18a4bfbf63eb14b9d04277668c7321f5ed52e5,b7aca328507f3a1100878c760222b81a1fc3c9af77eaafbc31c0ed0898183dfb,ef4c60f8232a0cc8128c9d94d433f7569e77727ab4877bdc5ba4128c35dca8a7,/tmp/buckeye_slicer_min_quiet_run_64ms_r6disjcm
s24,s2403b,quiet_run_score,66,5,0.07575757575757576,5,0,0,0.07575757575757576,0.0,0.0,66,5,0.07575757575757576,5,0,0,0.07575757575757576,0.0,0.0,285.733641,129.121033,0.4518930026863726,139.14400000000006,33,4.216484848484851,72ea8093df3fb11222b7291a784e2272246d6349ad6d5da63900e79412997498,9f81ddd3e1ece099fb5400ba14ba18280c8818346149f168c5660056e4c18f56,74251,5fefeceda9aca6045f4293fc4e362121d4d9cd9cd4cd4e046471b0414e05c4d6,470a96e2d5272def8f3facb1dc5a43b9e4debe50a06d3315113f60b82acc5199,cf0399022fe28cde26b5c67cfb80530db7e5460b0dc63cb366ffdd8920c9fb0f,d09809a62db92b884dc28f2c1b5c5b60c8169ee0cc6b19c9d41a8ea611f9adef,d0f2dbdc6ca5d69f1deb19e68a8c9745022a1df5a6d94b5b92e44ae4fc53306c,/tmp/buckeye_slicer_quiet_run_score_6uif_l9p
