speaker_id,recording_id,geometry,unique_cutpoint_count,inside_phone_count,inside_phone_rate,depth_gt_20ms_count,depth_gt_50ms_count,depth_gt_100ms_count,depth_gt_20ms_rate,depth_gt_50ms_rate,depth_gt_100ms_rate,edge_occurrence_count,edge_inside_phone_count,edge_inside_phone_rate,edge_depth_gt_20ms_count,edge_depth_gt_50ms_count,edge_depth_gt_100ms_count,edge_depth_gt_20ms_rate,edge_depth_gt_50ms_rate,edge_depth_gt_100ms_rate,eligible_target_speech_sec,retained_target_speech_sec,speech_coverage,emitted_audio_sec,clip_count,mean_clip_duration_sec,geometry_fingerprint,vad_observation_count,vad_timestamp_sha256,vad_probability_sha256,candidate_cutpoint_sha256,selected_clip_sha256,workdir
s01,s0101b,current_A,61,12,0.19672131147540983,7,1,0,0.11475409836065574,0.01639344262295082,0.0,62,13,0.20967741935483872,7,1,0,0.11290322580645161,0.016129032258064516,0.0,209.11561500000002,146.16466499999984,0.6989658089377966,160.66400000000013,31,5.182709677419359,72ea8093df3fb11222b7291a784e2272246d6349ad6d5da63900e79412997498,69829,b5f8a95b25d461ec3215edf05f53a64020c432b08d7f50d8cefb5751856aba9b,384a554710434280e25c770cc87360cb0d79a3166be9cd62ec7f621d1a8f1c9b,835a283ac8a08d15a2c476ee85cc1038028df075c42b92849fa378efb48602be,6694f87bbf9bec0d96aa648a36a3c853910f2b919a606e785e1a7ee36fa5ab25,/tmp/buckeye_slicer_current_A_g7bwaz1d
s01,s0101b,proper_D,53,9,0.16981132075471697,4,1,0,0.07547169811320754,0.018867924528301886,0.0,54,9,0.16666666666666666,4,1,0,0.07407407407407407,0.018518518518518517,0.0,209.11561500000002,125.40575199999985,0.5996957807287602,138.65600000000003,27,5.135407407407409,b35b56fbf50e01487bef7f59ef870fe839ea7b8d3f84afb9014d7c5503a3e4dc,69829,962658f962094f595f9b0cebfc00f56d83bd6d61daccfc01f6173c09c7055bc6,874417e3c83753978674a246cbdf37bdb8f41ee28bc6e79eb69892f80bb5a37b,919e164726688c2b703b3f629f60ccb1d9ac0f7278041a59994a0f650f221e80,e9b3e8da1848e91e41072705207748d1d321528a01ab07ccb74231c93652581c,/tmp/buckeye_slicer_proper_D_4qnfu8xq
s01,s0102a,current_A,93,17,0.1827956989247312,9,2,0,0.0967741935483871,0.021505376344086023,0.0,96,19,0.19791666666666666,10,3,0,0.10416666666666667,0.03125,0.0,315.34814700000044,218.65627400000017,0.693380557584186,244.55199999999982,48,5.094833333333329,72ea8093df3fb11222b7291a784e2272246d6349ad6d5da63900e79412997498,75244,4168420175b9518f9058ff89351657540ffcba781092e077e1fd9034007337a3,7d25326a33a61de091d150f2f7008d881e094ea62c7ae4dfac29991456f1f5ec,6f0692a887c56eef7a5ba5f1d67e35b0d133e27ca8880ffcb22054594a29b89b,b93c904974ff334b02d8260c617da0587bd6d7ae2f503eb4ee338e4c5bc79dc1,/tmp/buckeye_slicer_current_A_wb_iaxeq
s01,s0102a,proper_D,88,14,0.1590909090909091,7,2,0,0.07954545454545454,0.022727272727272728,0.0,90,16,0.17777777777777778,7,2,0,0.07777777777777778,0.022222222222222223,0.0,315.34814700000044,206.4356650000002,0.6546278041075659,232.78399999999996,45,5.172977777777777,b35b56fbf50e01487bef7f59ef870fe839ea7b8d3f84afb9014d7c5503a3e4dc,75244,06ffbaa6653164877f0cf46c9d15714ec374a696735d7436d97cb936e4537db4,8bddbaae662fe63a6ad5d1643accddd95ac73072c5f8e921cab50ebaa5a5fff1,88de09ceca58f4f53047366a8d01f7f8ba96c449233ce9cec96d2015ea34f20c,b260e1adb40688295693f68b0c546baf4b43f841e316ee29de1be753e9601bbc,/tmp/buckeye_slicer_proper_D_4_uftg0c
s01,s0102b,current_A,65,18,0.27692307692307694,14,2,0,0.2153846153846154,0.03076923076923077,0.0,70,21,0.3,16,3,0,0.22857142857142856,0.04285714285714286,0.0,247.2786510000001,160.4295300000001,0.6487803510380685,181.24000000000004,35,5.178285714285716,72ea8093df3fb11222b7291a784e2272246d6349ad6d5da63900e79412997498,69505,052b56263617d73b0e0c3a987d45a90bc390cdbceaeb39b1d62e08d9cdf0a02e,87711b564c6e4d6a4083df2e4b6741fd162f86cec4f48c34803d08f684ab3cec,a6b26bbc95c28fbfaf98daa8f068e92166d3aa1ca13fe1aed64018b258befe8b,8c89182b608ae11bb79a31a7f6567e6a38c455090018906cae89a367b75afb7d,/tmp/buckeye_slicer_current_A_txe4_mi0
s01,s0102b,proper_D,56,10,0.17857142857142858,4,0,0,0.07142857142857142,0.0,0.0,60,10,0.16666666666666666,4,0,0,0.06666666666666667,0.0,0.0,247.2786510000001,139.22120899999993,0.5630134604705518,157.096,30,5.236533333333333,b35b56fbf50e01487bef7f59ef870fe839ea7b8d3f84afb9014d7c5503a3e4dc,69505,bc80d6e6c4256af680ff5f2b3c42561827c99014db77ea24260832d67ee76501,c20b055b047f7a37bbb4af99fc228e3bd910dfa3662ad75d8386db1675f0847d,aa4c11f9037e980baff82b9b0b593641c68a6ad218919b42cff4f2f63219f6ce,9807895de917bfa75fc1df8b4ca86834bf9d3149b39296a9a6270c2afb6c10a4,/tmp/buckeye_slicer_proper_D_t36pwrtt
s01,s0103a,current_A,49,11,0.22448979591836735,3,2,1,0.061224489795918366,0.04081632653061224,0.02040816326530612,50,12,0.24,4,3,2,0.08,0.06,0.04,184.805317,119.40362199999997,0.6461049061699884,130.848,25,5.23392,72ea8093df3fb11222b7291a784e2272246d6349ad6d5da63900e79412997498,53796,2788a70ecbe971b843b1a7412258dd6fca21a0a39cb2f6af354f945f3db002dd,fe8db971d76d15ffcd7e50850c88afc413c4171869fc07318d19910da59e0d37,d65315883d527ba03889ad68426efe50edde4dc9021d805a4cf8ff556357d287,3399780d115c69b02bb74cbf41e173857264637b8d3b0472e7381a95d2a77fc9,/tmp/buckeye_slicer_current_A_mk9i1v9q
s01,s0103a,proper_D,43,8,0.18604651162790697,5,2,1,0.11627906976744186,0.046511627906976744,0.023255813953488372,44,9,0.20454545454545456,6,3,2,0.13636363636363635,0.06818181818181818,0.045454545454545456,184.805317,107.36742700000002,0.5809758547152625,118.02400000000004,22,5.364727272727275,b35b56fbf50e01487bef7f59ef870fe839ea7b8d3f84afb9014d7c5503a3e4dc,53796,222a9a2a1890817d7f2053e4404ede3ac8373058f8d3864524fb9de9328da9ca,9ba691484105a4e737b4ec4fe0106261c5f3094fd998fd47d3162e04d2e7f24c,1cef63b12e646231e4327b959b812fd4640a20f107899f19ea64623be1351e18,489d0bb00a32c618baddbc703d053e17ed0dadc5ae0794bd77b0a327f610a460,/tmp/buckeye_slicer_proper_D_x7lvaajw
s02,s0201b,current_A,23,2,0.08695652173913043,0,0,0,0.0,0.0,0.0,26,2,0.07692307692307693,0,0,0,0.0,0.0,0.0,84.13449100000008,65.20768599999997,0.7750410708492894,71.96800000000003,13,5.536000000000002,72ea8093df3fb11222b7291a784e2272246d6349ad6d5da63900e79412997498,32484,8b2efa05a43b198d1fc7be34bc4d73cdbd2fe9258a1118ced61c942016203f41,68734076bed194547a53560ffd2079703f6cd9c224ffa7d03ddb39f86eb75b8a,41f59f5212a17f99a1653d1d17cf5ec3a663aaaba2ef7be5c145745fcb8a3fcc,bcb6a571f8b361d387e736ec13f8d13acd5ae2809a705d0d0b58e9a2071fc64c,/tmp/buckeye_slicer_current_A_qrzxtd49
s02,s0201b,proper_D,18,1,0.05555555555555555,1,0,0,0.05555555555555555,0.0,0.0,18,1,0.05555555555555555,1,0,0,0.05555555555555555,0.0,0.0,84.13449100000008,41.37084499999999,0.4917227703915146,46.36800000000005,9,5.1520000000000055,b35b56fbf50e01487bef7f59ef870fe839ea7b8d3f84afb9014d7c5503a3e4dc,32484,7764fc90e1c0ed7b572c39b39598fc51e57885c599e326fabe3c27dd497f4c20,7ab18180177334e785d91da63393962528534f92dda4c2c63df2c2c686c700a9,7b85bf54f00f0b0faf61dcdf6e7acb9e60cef23df79d9c3d481fcbd07a6a07f3,faf10dcb889871528f14673acefa45dc8b6a5c1600028b710a5edd2bea227fdd,/tmp/buckeye_slicer_proper_D_12o2flyr
s02,s0202b,current_A,53,3,0.05660377358490566,2,0,0,0.03773584905660377,0.0,0.0,56,3,0.05357142857142857,2,0,0,0.03571428571428571,0.0,0.0,188.87636500000005,153.01229800000002,0.8101188203193129,171.736,28,6.1334285714285715,72ea8093df3fb11222b7291a784e2272246d6349ad6d5da63900e79412997498,53935,48167044e025dda4045fe3327947e1d9400d66cc205af3fcb1543b0cafe9cd53,b578cce9b8a373f67d0cdeb14cc4a8f0b16c84118b10174ad7a9daa7b8204327,0415a0e4b006a3eb6f0953e5519d4238852837b48156cdfbf7100dfdef360891,4d64cd323a2b204d62d27418baa82e3fbbc4e6dd29d2290c6511125c508a4884,/tmp/buckeye_slicer_current_A_0odwi6ts
s02,s0202b,proper_D,48,1,0.020833333333333332,0,0,0,0.0,0.0,0.0,50,1,0.02,0,0,0,0.0,0.0,0.0,188.87636500000005,141.02551399999996,0.7466551677866097,157.91200000000003,25,6.316480000000001,b35b56fbf50e01487bef7f59ef870fe839ea7b8d3f84afb9014d7c5503a3e4dc,53935,eb877ad4228daa6c5ed56c92c4e61befc4768bdeead8af0a0c3ccbce60ca5d6c,cce07662e01ef31893ca396d4071f1cbed888ea8d2050c56a6fe9022e3516071,08d31d6a49fdba5fc33739ad3e4e59451c40b76ce00bbd929f9b415101e37b0d,f4fd5594ac63dc45f31d86961795e667d12e9d972424c03cb8d0ccf84b2756d6,/tmp/buckeye_slicer_proper_D_2mobio8m
s02,s0203a,current_A,40,2,0.05,2,0,0,0.05,0.0,0.0,44,3,0.06818181818181818,3,0,0,0.06818181818181818,0.0,0.0,155.45741400000006,109.01807699999999,0.7012729351074883,123.04,22,5.592727272727273,72ea8093df3fb11222b7291a784e2272246d6349ad6d5da63900e79412997498,53544,1f5567092187e6a190735e920093685c6d23d3b6d006ce4df6e6e01e4b84efb4,04c8c6f5e8bd6e9a7abd8c6a482b678aac8d184ff9c9e29f3315ee937470a9c3,18620c41753825226ac8e33aeba8747c76546c1703feaf22f83cead9515c46f0,a9490f7678b2863f9cba8fb1be585374bab09cfba787711e99f9ad3c759c733f,/tmp/buckeye_slicer_current_A_h28075s5
s02,s0203a,proper_D,34,0,0.0,0,0,0,0.0,0.0,0.0,34,0,0.0,0,0,0,0.0,0.0,0.0,155.45741400000006,82.202193,0.5287762795282313,94.71999999999997,17,5.571764705882352,b35b56fbf50e01487bef7f59ef870fe839ea7b8d3f84afb9014d7c5503a3e4dc,53544,7a0a6d403f6d293f1bc18f34684d0b93bb600778814e84375565d0c75ed79950,0f28b15256a8ec53d9fa0803a8e44e95ce0bd8e40847c7212bd9858706451ebe,c741f8eecf1edaa0670f245736b52eee25d2624e98c73ec1c6579e427e93caa4,5dd204d64cba4f85b325129e24a7179315bf74fd741543daeeadc5d8d91db124,/tmp/buckeye_slicer_proper_D_jlssniuh
s02,s0203b,current_A,20,2,0.1,2,0,0,0.1,0.0,0.0,26,3,0.11538461538461539,3,0,0,0.11538461538461539,0.0,0.0,91.48491799999996,74.77620299999992,0.817360988398109,82.048,13,6.311384615384616,72ea8093df3fb11222b7291a784e2272246d6349ad6d5da63900e79412997498,40648,bc20333fa86a874cd64404fbcea9ed28af7a930ce4b587a36a1070d07aa626e1,712822114a6252a3d9c7bc3ca973d865cc893e4e9b9317b8973c58f6fa498346,29c4e6eaa5d1e1281921aa44440ada2d15159fd1d3c8ea6fed862c072e9dfe36,848e60c0509effd119685c70999041612057c85bacc9e39208c4147717ad8198,/tmp/buckeye_slicer_current_A_s4e45c25
s02,s0203b,proper_D,16,2,0.125,2,0,0,0.125,0.0,0.0,18,2,0.1111111111111111,2,0,0,0.1111111111111111,0.0,0.0,91.48491799999996,52.65098900000001,0.5755155073757625,57.55200000000008,9,6.394666666666676,b35b56fbf50e01487bef7f59ef870fe839ea7b8d3f84afb9014d7c5503a3e4dc,40648,a2968aa21f553c4d2589fc48485c5df000ed8095ebbc78708080a7e36106dc27,40d99308187aacf0c11670e1e66137843fbc7ab99fdc938c2ae6b63c5375c11e,adc48a0f0ec07367ca1d87cf27edded3a38d680620e63cf97eab5d77c622e55b,f895407cd8071836a1616d2f3a0ede756b5edb58218aff396d96dac9ac9df40e,/tmp/buckeye_slicer_proper_D_5aa9ce7z
s02,s0204a,current_A,38,4,0.10526315789473684,3,1,0,0.07894736842105263,0.02631578947368421,0.0,46,6,0.13043478260869565,5,2,0,0.10869565217391304,0.043478260869565216,0.0,152.81252600000005,124.216665,0.81286965310684,139.35200000000003,23,6.058782608695654,72ea8093df3fb11222b7291a784e2272246d6349ad6d5da63900e79412997498,57138,8b22fe147a79d86942a2399de1a8ba07222c4bcacbc7c0b7f68079c19efcfa59,b6b47531899a848d7273272cbcf11e89d9786821dd7ecb1b42c7bd7bcf946680,5de68d23f7fd12316e58001cae14ce9e73e41e38c4847cedb9d27f539c9f2ed1,c07eb5076a32750db2fd635f299445f73b0c531f3cd8bc533521c5d25ac682bb,/tmp/buckeye_slicer_current_A_bnrhpjte
s02,s0204a,proper_D,33,1,0.030303030303030304,0,0,0,0.0,0.0,0.0,38,1,0.02631578947368421,0,0,0,0.0,0.0,0.0,152.81252600000005,123.55658000000003,0.8085500791996593,137.41599999999994,19,7.232421052631576,b35b56fbf50e01487bef7f59ef870fe839ea7b8d3f84afb9014d7c5503a3e4dc,57138,c1a7f85057ac1f499611c20585cfb272dca656d497cf8f29b256677b410b39b9,edbfccad5b9f54724fc6aeff0f97eb4834c3ed459655559b8b0b12e2fbaa7605,4ca1b3960d62876e4427a0b14dd6a6bc3571d710ed3f5e0741caaacf419b0b2d,fb70e281e2d3f802657f814aed6274c1e1bee92ec88c3af7f71ba389a91e681e,/tmp/buckeye_slicer_proper_D_0lny1b3c
s02,s0204b,current_A,61,6,0.09836065573770492,5,2,0,0.08196721311475409,0.03278688524590164,0.0,66,8,0.12121212121212122,7,3,0,0.10606060606060606,0.045454545454545456,0.0,201.31874800000014,171.897892,0.8538593335579451,190.00800000000004,33,5.757818181818183,72ea8093df3fb11222b7291a784e2272246d6349ad6d5da63900e79412997498,59283,9c392ef89399cf6db51fe64171e6d3ed910ef45ac4bc440071f7d14331732905,dc55f5d12e345cf3f3a5b2656ef2e8dd84d1879e0f6329f35ef991b3d029b894,bbe53b2547af1ca9dfdc8f9c678c2aee340e9bb08160e8c5337ef8e77c7051b5,3e48233d8b7af0296910923a9186a5a8da22b163efc5baee0ffa19ecb1daccba,/tmp/buckeye_slicer_current_A_qfh0o6_9
s02,s0204b,proper_D,54,3,0.05555555555555555,2,0,0,0.037037037037037035,0.0,0.0,56,3,0.05357142857142857,2,0,0,0.03571428571428571,0.0,0.0,201.31874800000014,141.96639900000002,0.7051822068752381,157.8080000000001,28,5.636000000000004,b35b56fbf50e01487bef7f59ef870fe839ea7b8d3f84afb9014d7c5503a3e4dc,59283,c6300086c6eb1747d57fcf02fe79be0826954515dbc9db502e6dcf49c373031a,f59dd0ecdec07bb24189f150d6845a981fbb8d015ed365b10d2bc5274304e07e,a70bf13153b0f1f2cbc1327be5c3a12717d3054240cb01fdca95a9bc70cc5697,c25ce47f08ace49405c1560718c90009e9fd7d87e7f3ccdb2b6c18750d1f232c,/tmp/buckeye_slicer_proper_D_1kbagloe
s02,s0205b,current_A,44,5,0.11363636363636363,2,0,0,0.045454545454545456,0.0,0.0,48,5,0.10416666666666667,2,0,0,0.041666666666666664,0.0,0.0,161.09723800000006,127.83305300000004,0.7935148646061827,141.40000000000015,24,5.891666666666673,72ea8093df3fb11222b7291a784e2272246d6349ad6d5da63900e79412997498,51325,72872c6a7cb4a43c26130de56a2c0b18c42442166ab96326356a96497cb8db96,6ad5b55db964e057ae36d0ec64042ec56ff7fae1f98c5398be53877ef5b828c7,b3ea7d69499b9119d6e0aab1ba4b8ec2f3e38059286f72c80ef84329fedccb05,74cc850a6a772f2a48664937dadc1f11912e28bb496c4c27772984d01a8ff87e,/tmp/buckeye_slicer_current_A_di9krzn_
s02,s0205b,proper_D,34,4,0.11764705882352941,1,1,0,0.029411764705882353,0.029411764705882353,0.0,36,4,0.1111111111111111,1,1,0,0.027777777777777776,0.027777777777777776,0.0,161.09723800000006,101.30341800000005,0.6288339841059225,114.03200000000004,18,6.335111111111114,b35b56fbf50e01487bef7f59ef870fe839ea7b8d3f84afb9014d7c5503a3e4dc,51325,bad54138687f7648862540f87fa1599c287f0dfe00f74933459b0db18b2af1f1,5f7d37b7a8e2abaa5e0f0f09be5c85d4c3570cf4f6967364cd21367d59cb06da,9e1a836327c7371edc8f84ae88745491af8fe39884149bd8639ac4e9bcc3f658,8c5a2148eb220fcb1cd45c834ef25347aa6bce5bf378aa14101d89d3ed56112d,/tmp/buckeye_slicer_proper_D_pyo_02wb
s02,s0206a,current_A,60,8,0.13333333333333333,6,3,0,0.1,0.05,0.0,70,12,0.17142857142857143,10,6,0,0.14285714285714285,0.08571428571428572,0.0,206.09556500000008,180.95768199999998,0.8780280254939009,200.54399999999995,35,5.72982857142857,72ea8093df3fb11222b7291a784e2272246d6349ad6d5da63900e79412997498,54105,b8539525157f282f6cdc5e61a64ecc5e5b9e2de85177173b2dab5cf4231c2128,ea431622cb7c3b4ff532b714fa3b4ec1570754ff869558749c6c857a54875403,9261c6fe0c810dc7bd4598ba87e76a7611c69d89d66976a6ecd804fe1cc6b21e,247b4b3329b12b9de37c03ca11722404841d85c9462fc26295641868fa9e5000,/tmp/buckeye_slicer_current_A_cdvwf7eq
s02,s0206a,proper_D,50,4,0.08,2,0,0,0.04,0.0,0.0,52,5,0.09615384615384616,2,0,0,0.038461538461538464,0.0,0.0,206.09556500000008,151.775785,0.7364340178790356,167.79999999999998,26,6.453846153846153,b35b56fbf50e01487bef7f59ef870fe839ea7b8d3f84afb9014d7c5503a3e4dc,54105,d01361230b8682ec51dcef2daa3bac9da9928cfe4271cf81ea41c2c548c66875,8d878ff8b15f1ebb2a3c21f8a358e820ce04aa83b6f0c81a0330cf83cda86756,88a9c06c20e21e68de2205ef73cec5b461976d25066f4bff6103ca5f0ff97399,5cda6fee8111553fe86a912a6b18f3d93347f32673f287ccb037c103cce936b2,/tmp/buckeye_slicer_proper_D_54ybqupm
s03,s0301a,current_A,38,9,0.23684210526315788,8,4,0,0.21052631578947367,0.10526315789473684,0.0,46,11,0.2391304347826087,10,6,0,0.21739130434782608,0.13043478260869565,0.0,152.70144000000008,123.10903500000016,0.8062074267276071,140.09599999999998,23,6.091130434782608,72ea8093df3fb11222b7291a784e2272246d6349ad6d5da63900e79412997498,37925,055dbe11b7ef3f134fcb0defe4a7d5300a994180b0d3927c1f49b415625cdcb9,b48d4357b899773119aa18c4241ceceb03bfd88012510cba17618a852abac9b5,dde4d4ebea4b6035c99ef7c4205882606aec0cd157035d8026c3b85b16145c10,73dc2afca8eeef87812891b6b8e8574cd7aa4e67ec0c52bfee3ce3ad00515eb0,/tmp/buckeye_slicer_current_A_klgvaijr
s03,s0301a,proper_D,38,3,0.07894736842105263,1,0,0,0.02631578947368421,0.0,0.0,48,3,0.0625,1,0,0,0.020833333333333332,0.0,0.0,152.70144000000008,124.07275500000014,0.8125185656402459,141.68800000000005,24,5.903666666666669,b35b56fbf50e01487bef7f59ef870fe839ea7b8d3f84afb9014d7c5503a3e4dc,37925,572090e5cc7da395de641b63b4a83d1885882024484a82ac9876b0372327cf8c,ad067f00549956441919e05e0658b19fd3a90d901795f7a68ef2376a9555ce15,f0ed71be8bd092f54bb42e9ea90b6b91fa46b2b1adbef54b88c5cb9f802abe89,e5d33a18bc4979d89a5b8349a88d62b93cd58007070b74fdddb941d7d7e65d5b,/tmp/buckeye_slicer_proper_D_cocxwims
s03,s0301b,current_A,23,4,0.17391304347826086,3,1,0,0.13043478260869565,0.043478260869565216,0.0,28,5,0.17857142857142858,4,2,0,0.14285714285714285,0.07142857142857142,0.0,99.97984400000006,83.35369500000006,0.8337049915781026,94.60000000000001,14,6.757142857142858,72ea8093df3fb11222b7291a784e2272246d6349ad6d5da63900e79412997498,32482,954f99422a4843e896836481a59ef628d321890c87fbe5498e51604c3bd0e7f7,c5f19807f09976b1f1122bb273b9a865e2243e2a2eb190b76ae6abce7696ed11,ae66c05ffb1928329ef9878bb57caddf470b24986e78e0d4e58e438fdfbdc730,a233b9613a40c0779b20f79e0e55e24aca789871942f9b19a39f576f87d48b1e,/tmp/buckeye_slicer_current_A_c5izv74i
s03,s0301b,proper_D,24,1,0.041666666666666664,0,0,0,0.0,0.0,0.0,28,2,0.07142857142857142,0,0,0,0.0,0.0,0.0,99.97984400000006,85.15753900000007,0.8517470681390543,96.02400000000003,14,6.858857142857145,b35b56fbf50e01487bef7f59ef870fe839ea7b8d3f84afb9014d7c5503a3e4dc,32482,8996127fabcb31852db914f4e970ab843b4b869ab96d400ac33bee4035d7c3e0,7011a49c432d3a25fd67af649b335039cdf669975732974864e8459332549f53,d3285fc57c46c22d903f118d06f05c2af1c7c367c346385895dc3c87db9feb3b,db4a939fb78966d55ed05d6be9cee32b40c8df6193f3a3d83658345ffc00ef8c,/tmp/buckeye_slicer_proper_D_snpbt1n1
s03,s0302a,current_A,51,5,0.09803921568627451,5,1,0,0.09803921568627451,0.0196078431372549,0.0,62,7,0.11290322580645161,7,1,0,0.11290322580645161,0.016129032258064516,0.0,211.1286410000003,170.69444600000034,0.8084855052896405,191.07200000000006,31,6.1636129032258085,72ea8093df3fb11222b7291a784e2272246d6349ad6d5da63900e79412997498,62382,39b4db731adc553737e2b962a8e820e3963027ae461ec608d75727f524233ac6,be4059baf2be8a56f8153c22a61bbb4d4d4e42794e3fd54389bc3f4e5e25f681,e1b4dd416ecd95c07c84f9bd91773914a01cb1078d959dc9349cf4b05447633b,46aab2aa0e75945b52e5d019bb98cbfb795f3379126464272cb547ea4b265237,/tmp/buckeye_slicer_current_A_ytz5ovq0
s03,s0302a,proper_D,45,5,0.1111111111111111,2,1,0,0.044444444444444446,0.022222222222222223,0.0,50,7,0.14,2,1,0,0.04,0.02,0.0,211.1286410000003,157.3356280000002,0.7452121476971947,175.88800000000006,25,7.035520000000003,b35b56fbf50e01487bef7f59ef870fe839ea7b8d3f84afb9014d7c5503a3e4dc,62382,13cf52ceb165b59480ec1cf4854b871b3c56d52087f5071c7bdb89330c14d478,1c289a4158303ad701d3c5a1711aa3105b9973ae9bcc30bcf205995d9386075c,2912146aa76b8b546cd298c15af834fe7e531d10295a2767dd1f6de8d1ea60df,ec7923cadff94481cfd8c57f9b49133cc94a642d08a12f5966eeff9f27f98373,/tmp/buckeye_slicer_proper_D_cvnwerxo
s03,s0302b,current_A,40,5,0.125,4,2,0,0.1,0.05,0.0,48,7,0.14583333333333334,6,3,0,0.125,0.0625,0.0,146.9410219999997,138.03709599999974,0.9394047633614527,154.10400000000007,24,6.421000000000003,72ea8093df3fb11222b7291a784e2272246d6349ad6d5da63900e79412997498,54202,d638f12cf31914cc50f55b37675cbf245bd90219e940f7f53e3566d7637c558b,424d2292e5bd2a17d14a1b9b8ab9050a4726e20cf8784db394470427d974efb3,fdca03b0eb6cf3a32595b9fcf23919f418e2dbb812faba3613a6fd84f554140f,34057ca8f8569b8fcf8ca6baf947cf78323b6deddb8370a42e95b3fa623278db,/tmp/buckeye_slicer_current_A___kd449i
s03,s0302b,proper_D,38,4,0.10526315789473684,3,1,0,0.07894736842105263,0.02631578947368421,0.0,46,5,0.10869565217391304,4,1,0,0.08695652173913043,0.021739130434782608,0.0,146.9410219999997,132.5491979999997,0.9020571396325254,148.76000000000005,23,6.467826086956523,b35b56fbf50e01487bef7f59ef870fe839ea7b8d3f84afb9014d7c5503a3e4dc,54202,13943e67cdf6b35e347c32dc41947006644254abac8b4eadc61f55a47ec314c5,0d047abf3cf9b4772dcdabc32fb8c5e20595c8778066afa7c4ab58d5bee819c0,0b86d666dc0235468258b1cb3ce667131773e9f8d793d893b2bc5f799e40f6ee,1964b925572fafb46dba756bfd34cef599228012f18455ea114bf82652826630,/tmp/buckeye_slicer_proper_D_y09ot74d
s03,s0303a,current_A,44,6,0.13636363636363635,3,0,0,0.06818181818181818,0.0,0.0,50,6,0.12,3,0,0,0.06,0.0,0.0,162.6260390000001,142.2717029999999,0.8748396251599032,158.8800000000001,25,6.355200000000004,72ea8093df3fb11222b7291a784e2272246d6349ad6d5da63900e79412997498,56120,90af02969ff4492d5e063d4a72a525d1f2f094d0f26c407668dfaeff93f67f81,c26449024f90a4e7f9bc3be461c035f1f3ce967a2e5ed9942672627cdd44006d,58f32dc5784bfedef559a68a7348c9f1967a649ba089db03d0e8fc8cb0cb2db2,16a88ad5a309fc5b8107ea58fa06d4355b38157247d121fa1296773c60312457,/tmp/buckeye_slicer_current_A_2d13je7l
s03,s0303a,proper_D,42,6,0.14285714285714285,5,1,0,0.11904761904761904,0.023809523809523808,0.0,50,8,0.16,7,2,0,0.14,0.04,0.0,162.6260390000001,136.40470299999993,0.8387629917002396,153.0800000000001,25,6.123200000000004,b35b56fbf50e01487bef7f59ef870fe839ea7b8d3f84afb9014d7c5503a3e4dc,56120,a4538fc087902a07732ee042139af19cce5cbf065689275583f966fcf652a4d1,4468d1f671def3f7f4bc58802bd5723b2c1fc38d72b95f46d8893ac952af3a74,5639507b6eb9ac8eeea6db8caf87f54c6041c404d90fd98c16f9694ee993429b,55d2253cbf310f61cdefe8f44e7787ba546def709dc0c01d1142c518842e6590,/tmp/buckeye_slicer_proper_D_vz_wuyhs
s03,s0303b,current_A,42,11,0.2619047619047619,8,4,2,0.19047619047619047,0.09523809523809523,0.047619047619047616,48,15,0.3125,11,5,3,0.22916666666666666,0.10416666666666667,0.0625,150.29388099999994,124.50062999999996,0.8283812299716979,140.35200000000003,24,5.848000000000002,72ea8093df3fb11222b7291a784e2272246d6349ad6d5da63900e79412997498,40650,f3376591c86537f6141ae0c412fea6e64c31a94473cc178165806baee7c8c83d,1053c63cfd2c8f27072fde725b5882b5d881f9f6355cef207fb490ab43b7367d,a6153fb6866f90e016c98b17e3596306a667aafc0459a2d0ca5b177a58dc85c4,3d613731f3071b94b6154478549fedd38d6c16c55cc7f57794601b63fb144f94,/tmp/buckeye_slicer_current_A_5ap44lgp
s03,s0303b,proper_D,36,8,0.2222222222222222,3,3,1,0.08333333333333333,0.08333333333333333,0.027777777777777776,42,11,0.2619047619047619,4,4,1,0.09523809523809523,0.09523809523809523,0.023809523809523808,150.29388099999994,112.97388899999996,0.7516865506986276,125.488,21,5.975619047619047,b35b56fbf50e01487bef7f59ef870fe839ea7b8d3f84afb9014d7c5503a3e4dc,40650,d5567067576a46d3bdd393f057b9cded113dd775840611d906c88018f0e44a27,1d4861d328c5c07872872403f6188aeffcf8eed97ec5ef5d2146ceb625f43c97,c388fed9fcce8e4aa1bf421c62965587b8e24b806a447235d0c77716b4e931f6,22cb0a8cdd12518868a2958bbf017b1f0803592afc1c27dd6078e4bc2e089b7c,/tmp/buckeye_slicer_proper_D_ecdiiqp_
s03,s0304a,current_A,51,8,0.1568627450980392,8,3,0,0.1568627450980392,0.058823529411764705,0.0,62,11,0.1774193548387097,11,5,0,0.1774193548387097,0.08064516129032258,0.0,191.59093099999984,167.12527399999982,0.8723026352432097,188.48,31,6.08,72ea8093df3fb11222b7291a784e2272246d6349ad6d5da63900e79412997498,54767,4fefb1dca16f05d19a1d3274a6efb7a7dcf84c3e866bf08f667b95dd89b05cf3,1940ae77eed15032e3a481d4e67871c72a08161f7c5d576d9e53898fb17686ad,3732e96d51c6f316b66010b85e5b8f60c07bc242a4903ee7130c1ff04dcfac08,d43ab83fec3b6c4746b4fcfa3275c9c8eea1e49cb49ccef663f2e224a2e6f897,/tmp/buckeye_slicer_current_A_i1r6afq_
s03,s0304a,proper_D,47,2,0.0425531914893617,1,0,0,0.02127659574468085,0.0,0.0,56,2,0.03571428571428571,1,0,0,0.017857142857142856,0.0,0.0,191.59093099999984,161.8604199999998,0.8448229733796739,182.15200000000013,28,6.505428571428576,b35b56fbf50e01487bef7f59ef870fe839ea7b8d3f84afb9014d7c5503a3e4dc,54767,45e6fad9d04172aa252244f5da6ad412a164462dea61a9d4aa43d58c10f10cda,9bfaa6efcfec84ec2fe312c4afafc23a1cb41515626aae7885b24ce1624958e8,6e27f3151c4b92e90ff37f72dac5396c3b3cd5bed4fef209829acef3e16a0a49,16b113df5dcfac6a58c486c1dae8e43b4a4369fb1bf49046e391d7d74798f358,/tmp/buckeye_slicer_proper_D_tkfzs240
s03,s0304b,current_A,47,9,0.19148936170212766,7,4,1,0.14893617021276595,0.0851063829787234,0.02127659574468085,54,14,0.25925925925925924,12,6,2,0.2222222222222222,0.1111111111111111,0.037037037037037035,166.21760200000017,152.62332000000018,0.9182139446338542,171.03200000000004,27,6.33451851851852,72ea8093df3fb11222b7291a784e2272246d6349ad6d5da63900e79412997498,59323,c278f4d2e5535dcd01c7589a28855e89530fd74baf59f7846479f7f766538b28,5219610d95818a393f8a64cf3c6068303bdbfd8ed8b6e9dbcd881844f173d861,78d4afcb3b30fe82721546f15a68b87f2277e7b014e48ab419f80f9ef27b17aa,d0a237b66bed277162ab3e28ed8ca64bff8e2fa460f2da8192fccfe9a08355e2,/tmp/buckeye_slicer_current_A_3__9q497
s03,s0304b,proper_D,45,5,0.1111111111111111,3,3,0,0.06666666666666667,0.06666666666666667,0.0,52,7,0.1346153846153846,5,5,0,0.09615384615384616,0.09615384615384616,0.0,166.21760200000017,152.44493100000014,0.9171407189474433,170.55199999999996,26,6.559692307692306,b35b56fbf50e01487bef7f59ef870fe839ea7b8d3f84afb9014d7c5503a3e4dc,59323,e6812819520b848474c78c2a0941251449290636820a36b2e266a3619bb8b541,7ece97c7ffa15f628997e78f1120a6a1b2eccc4a1069143354b95e3867ed0ef5,b7592f6877d51b6ae899343a46849e52555e5659d29d33f22cd8c4f19c7ba677,db19116bc64a89a72d7234550253271adff4f60cf0a27802a6778d7ad9849796,/tmp/buckeye_slicer_proper_D_92a96p9n
s03,s0305a,current_A,66,7,0.10606060606060606,7,1,0,0.10606060606060606,0.015151515151515152,0.0,76,10,0.13157894736842105,10,2,0,0.13157894736842105,0.02631578947368421,0.0,247.04075699999993,207.45448900000005,0.8397581497048283,228.79999999999993,38,6.021052631578946,72ea8093df3fb11222b7291a784e2272246d6349ad6d5da63900e79412997498,60467,c91732241599939575284df1754ac6bee899a1a8a887e97a525863813a249144,de852428728b4a6e62ce8839e7f05f82733df429f28194ebfb1ce2d4fe0ab5d8,58faa60f65b1f45ed72317183c2d8f40769bbf5c56b5dacf584dde663aa4f1cc,932c3dcdeff684431d41fe73b7c5471a04636773afc6da5b62c2e8ddace4f50d,/tmp/buckeye_slicer_current_A_8bet0dbm
s03,s0305a,proper_D,61,2,0.03278688524590164,1,0,0,0.01639344262295082,0.0,0.0,70,2,0.02857142857142857,1,0,0,0.014285714285714285,0.0,0.0,247.04075699999993,192.45161000000007,0.7790277698995236,213.37599999999998,35,6.096457142857142,b35b56fbf50e01487bef7f59ef870fe839ea7b8d3f84afb9014d7c5503a3e4dc,60467,5e435cbcb1c5c03ff2c8fc79a073df4c5243bf5897298f7adac23ea2b84215f2,52f38026c65917c25978ac4f2e4ed9a35c051fd3568080dd9c99299c75b61f9a,e62744bb7dd0322193e4698115a49f8995895ac0434886457c3d530d7f01a6c0,a1f64b5aa06ac274762b56b2370cab8c8c4193e120cb55d2fed1ba1abf65c20c,/tmp/buckeye_slicer_proper_D_zbhc_lbp
s03,s0305b,current_A,34,6,0.17647058823529413,6,4,1,0.17647058823529413,0.11764705882352941,0.029411764705882353,42,9,0.21428571428571427,9,6,2,0.21428571428571427,0.14285714285714285,0.047619047619047616,138.288746,112.70795000000003,0.8150189604004365,125.42399999999999,21,5.972571428571428,72ea8093df3fb11222b7291a784e2272246d6349ad6d5da63900e79412997498,51281,e91c6e676adb02d939ffc697f815ff2c0869a2b38820f4a5745c3570f7a2613a,faf5993f34f662ea58d34e3e9e2ea6566d10ebe27c3c652dcbe8869db2afede5,55ffccc9d92890f6a0da3da8c39f9b709028a2895c1b49227bbe2bf7876f6365,fe573deb5cbc196054a6e8ea7778eb74522adc523f578156dc95fe002aebb933,/tmp/buckeye_slicer_current_A_mmdiz_s1
s03,s0305b,proper_D,29,3,0.10344827586206896,2,2,2,0.06896551724137931,0.06896551724137931,0.06896551724137931,34,3,0.08823529411764706,2,2,2,0.058823529411764705,0.058823529411764705,0.058823529411764705,138.288746,95.45533099999996,0.6902610209510466,105.23200000000001,17,6.190117647058824,b35b56fbf50e01487bef7f59ef870fe839ea7b8d3f84afb9014d7c5503a3e4dc,51281,9b0d99211c9a9506503960a8c17c0a59050975623d7336911db45aacf9e82c82,9500c9c97084e5b6981882e7d34c9d475642e09fdb37eb8c1f47e6e62be94ba8,46e48727da74442a7afd028254cebff22353c9348930b679ba2f137410615c8f,609541b3232b56d414eb11d58bb0d946c56763e60cd2a1bb542c5860b2085170,/tmp/buckeye_slicer_proper_D_0o_3sq07
s03,s0306a,current_A,34,4,0.11764705882352941,4,1,1,0.11764705882352941,0.029411764705882353,0.029411764705882353,38,5,0.13157894736842105,5,2,2,0.13157894736842105,0.05263157894736842,0.05263157894736842,135.67482200000006,100.44733900000011,0.740353571276475,110.816,19,5.832421052631579,72ea8093df3fb11222b7291a784e2272246d6349ad6d5da63900e79412997498,54105,b8539525157f282f6cdc5e61a64ecc5e5b9e2de85177173b2dab5cf4231c2128,8ccc6532d6a01f1361b21d49d5a053b1438db5488ccff215b32958aef0108b7b,24362752bfecb7cec29fccc29f3ffab5008f64ae8c4d83f344d8e82db16e6d0e,7bc66453172bd96b837a5e61cd94ac16db3a997969a0f0f897a1eaeaf8b2db67,/tmp/buckeye_slicer_current_A_5_drot2l
s03,s0306a,proper_D,33,3,0.09090909090909091,3,1,1,0.09090909090909091,0.030303030303030304,0.030303030303030304,34,4,0.11764705882352941,4,2,2,0.11764705882352941,0.058823529411764705,0.058823529411764705,135.67482200000006,95.84084100000004,0.7064010815507095,105.01599999999993,17,6.177411764705878,b35b56fbf50e01487bef7f59ef870fe839ea7b8d3f84afb9014d7c5503a3e4dc,54105,d01361230b8682ec51dcef2daa3bac9da9928cfe4271cf81ea41c2c548c66875,62514dca1fe56c466322ea4eaa915d925e59e8cbdcbe4461c74d342a1a142311,3ca6d3ed0fae803f2f6ee2d289eb581174b800bfd98666564fc3442c34613914,cd0d01ad644eead208099efb5abbfbed2dd658ac5bed5a3ac9d4c23eaa7b8418,/tmp/buckeye_slicer_proper_D_io7hcjxu
s04,s0401b,current_A,76,6,0.07894736842105263,4,1,0,0.05263157894736842,0.013157894736842105,0.0,78,8,0.10256410256410256,6,2,0,0.07692307692307693,0.02564102564102564,0.0,297.30200100000025,175.26054099999982,0.589503401963311,203.49599999999998,39,5.217846153846153,72ea8093df3fb11222b7291a784e2272246d6349ad6d5da63900e79412997498,71073,3a288a4a6f73a2abd5cfe3cf4d99c68d5eb79cf05de2289ea256f4cc4d72d57a,dbf17109b0b24f98fb9dcb8c371af7e87e27c579ce227f91fffed04006709e0f,83aba6f7466c10dded77878747993a186058623e416d81a9a92beca24d73f033,1d1d7309463c295da1de2f080afa7bd052669d499a7738c305e7d5acc4c17b1b,/tmp/buckeye_slicer_current_A__kr_vaqy
s04,s0401b,proper_D,72,6,0.08333333333333333,1,0,0,0.013888888888888888,0.0,0.0,74,6,0.08108108108108109,1,0,0,0.013513513513513514,0.0,0.0,297.30200100000025,166.13421999999986,0.558806262457681,193.83199999999997,37,5.238702702702701,b35b56fbf50e01487bef7f59ef870fe839ea7b8d3f84afb9014d7c5503a3e4dc,71073,0936955a267b013a6b282b31ba884d10a2b8bcb76593a7c30ae70060ba67519c,eec926ce9d651c20905103ee99f76b5dc28d8cdb9103477dbd7bb49bc47153da,c51f264047bf68e3f88a23edb7955f407d902ef1a1ab4f4afc0c7a675e3a625a,d1d84c2d8b013139112c19435bcef6079a4852f5cd22021f49ebf4553547c9f7,/tmp/buckeye_slicer_proper_D_d5hzghee
s04,s0402a,current_A,76,12,0.15789473684210525,8,2,0,0.10526315789473684,0.02631578947368421,0.0,78,13,0.16666666666666666,9,2,0,0.11538461538461539,0.02564102564102564,0.0,267.10904999999997,160.7613339999998,0.6018565600828569,183.37599999999998,39,4.701948717948717,72ea8093df3fb11222b7291a784e2272246d6349ad6d5da63900e79412997498,75323,60625c14003541d499a696ba1494f4de89b1bf88d4c33adb1646b780df065218,5038284ae3713b944154e74b58498d04a27958ac0bf725741374b33412336cad,dda4f2b322b8885d65c743213ebb3f6b3fafc860657a9e84ae12fa7d23a52dd0,38a1b9deb6ff05b8e8a73466f7d9f06c5ae98e94888707fb1510dc1f1925014c,/tmp/buckeye_slicer_current_A_xi5gy3jm
s04,s0402a,proper_D,70,10,0.14285714285714285,4,0,0,0.05714285714285714,0.0,0.0,72,11,0.1527777777777778,5,0,0,0.06944444444444445,0.0,0.0,267.10904999999997,147.48464999999996,0.5521514527493545,168.72799999999995,36,4.6868888888888875,b35b56fbf50e01487bef7f59ef870fe839ea7b8d3f84afb9014d7c5503a3e4dc,75323,974f09ecce0895aa4a6ada9870d93842400b140fdcee28ee48652d4fd5cd1ad6,965db0d3dcd9d7928282d28429b30ec39920fd2ee3fb3b1269025b6fc745add1,3a40f596642d3d972613dc1f6b9ef435b268ad233c3ddb5b1776bf2485d05180,ea6f30abb59f638630fd1ce1971abcb8041337ffd1a7489a83247d2e4a2afe02,/tmp/buckeye_slicer_proper_D_kae9m0js
s04,s0402b,current_A,70,7,0.1,4,0,0,0.05714285714285714,0.0,0.0,72,8,0.1111111111111111,4,0,0,0.05555555555555555,0.0,0.0,265.910721,180.7803320000001,0.6798534911271971,209.8959999999999,36,5.830444444444442,72ea8093df3fb11222b7291a784e2272246d6349ad6d5da63900e79412997498,71152,9c6af596c2cb7670a365616ad97d1bf4a5886606090b60e7945757a123914c47,ad4333a2e79f54b9031eb1a18a030e74d1f2541d4f84877c78545024ebe1c8cf,d49e2c1833aaa81f79327130b2e9a3a6cf1f4c1c863887871af3047d77786ed3,7138f9eb42a17019be1ce5513179263a13d53b3fb2931b6102b8dd29deebffc4,/tmp/buckeye_slicer_current_A_fvclnpnf
s04,s0402b,proper_D,67,3,0.04477611940298507,2,1,1,0.029850746268656716,0.014925373134328358,0.014925373134328358,70,3,0.04285714285714286,2,1,1,0.02857142857142857,0.014285714285714285,0.014285714285714285,265.910721,176.0375280000001,0.6620174144840143,205.34400000000025,35,5.866971428571436,b35b56fbf50e01487bef7f59ef870fe839ea7b8d3f84afb9014d7c5503a3e4dc,71152,3eb5e54e465cc7fdf7c73f9bc772a165fa4821efb5b673f51bcd5b5f306f29e3,c1b0034c3b81d8fe40433d660fa5fb16f7337c759d4543671ec806420af8fbdf,f0d7c5d860aaea29c60081f9371bded60d22e5568d5d9f06a0dc7d8f55e4208b,e1516a1e9ffb618a1f8b0a596adaeb704ebfd927d9a46e8de55561da4d893805,/tmp/buckeye_slicer_proper_D_zx30g5mu
s04,s0403a,current_A,82,10,0.12195121951219512,4,1,0,0.04878048780487805,0.012195121951219513,0.0,84,11,0.13095238095238096,4,1,0,0.047619047619047616,0.011904761904761904,0.0,278.21848800000015,181.64005700000007,0.6528683924125127,207.60000000000008,42,4.942857142857145,72ea8093df3fb11222b7291a784e2272246d6349ad6d5da63900e79412997498,75231,003026da8901a7a9fd55a2bbde9f3d8b269ea497930c92dfe05aa548c9c2f5d8,f039fd94ad46858b7b382b662d0dfa8be98ae6f0e4d70e0ff8cea2b52041efba,4eb0f7f0cea9cfb99297fb9782d86951fa55fe8dd39ec57d6f5561aab07cd42f,1cefe801f5ab98d168ba94280763f39a8602b1a7c3cc156d5ad83eb55e63e7fb,/tmp/buckeye_slicer_current_A_qmmubf3o
s04,s0403a,proper_D,82,8,0.0975609756097561,3,1,0,0.036585365853658534,0.012195121951219513,0.0,84,8,0.09523809523809523,3,1,0,0.03571428571428571,0.011904761904761904,0.0,278.21848800000015,180.46618500000005,0.6486491472845614,207.00800000000007,42,4.928761904761906,b35b56fbf50e01487bef7f59ef870fe839ea7b8d3f84afb9014d7c5503a3e4dc,75231,1e9d6a0ecc556be7cd9ec33ff996ae1cc9b0ee21ac46e6d03d611bad8b6d54fb,2a0fdb1a1f635dc7c9bfd15b43dd6781715da4beaa46fbae7b7b2538679c6cbc,904f29a5773cd5fce7af61e893d7fc622e176582ab8461a00bddcf9a411027d9,7cf1a039bfb52b84bde3653c3cffe9bfaa26909d2ace785447c4b6dddf004cc4,/tmp/buckeye_slicer_proper_D_p9snn7o6
s04,s0403b,current_A,71,13,0.18309859154929578,8,2,0,0.11267605633802817,0.028169014084507043,0.0,74,14,0.1891891891891892,9,3,0,0.12162162162162163,0.04054054054054054,0.0,247.76005400000017,147.90123600000015,0.5969535185845578,172.072,37,4.650594594594595,72ea8093df3fb11222b7291a784e2272246d6349ad6d5da63900e79412997498,67202,18e83db2407026af35ca9002e1086b2e504bdc088187f68d93cde232dd79e9ca,ea62b5356ee08986eca7ff8e55d5e30342d5393df320707d9dee6d1788d0c5dc,3a4b00efc899419ce2c697823f1b4b3fefa026932160e9d3387b4a8a30535a51,01f22c3ef67bd7abfa8c3b2049be25b6d24741daec3a2c3b6b8ee17c65f847f9,/tmp/buckeye_slicer_current_A_o03_rffr
s04,s0403b,proper_D,74,14,0.1891891891891892,5,1,0,0.06756756756756757,0.013513513513513514,0.0,78,15,0.19230769230769232,5,1,0,0.0641025641025641,0.01282051282051282,0.0,247.76005400000017,152.20448600000012,0.6143221376598506,178.0,39,4.564102564102564,b35b56fbf50e01487bef7f59ef870fe839ea7b8d3f84afb9014d7c5503a3e4dc,67202,1ea1648ca72afa5a25677c9cff573463283d17e484b1891b5013fba0e91d869e,67d6686e161fed2d92639ba1a7cc53bc1fcfdbca71aacba5f0d29e8baf7d168c,30b5f6f0dd1b5e833bd686034c457f23da4c61a22de65bc97ec30a73041c41a4,2dbe1781700a29de891d4572eca63185471cac254235b6614524bd1eae1a31a1,/tmp/buckeye_slicer_proper_D_vg1c5tbs
s05,s0501a,current_A,66,4,0.06060606060606061,2,0,0,0.030303030303030304,0.0,0.0,68,4,0.058823529411764705,2,0,0,0.029411764705882353,0.0,0.0,249.91086399999998,150.28191399999992,0.6013420609037626,172.83999999999972,34,5.083529411764697,72ea8093df3fb11222b7291a784e2272246d6349ad6d5da63900e79412997498,76716,af2ce64debdb09338d0c7d141047094c0a583c53c84db29267fefa246457a10e,5c412377da3dfe0ac4f7c3da8c85e2f0946f465fc9d7f250ffbec5a3468eea6e,a4eeed118fd44d51753d842cc9558fcd4ed3368828a6c54b55110db072f2a2fa,e3ef52c20cef80d46472821f4db9a679113b49e65f250b06b6ee77d685964a25,/tmp/buckeye_slicer_current_A_y29tl4zd
s05,s0501a,proper_D,57,3,0.05263157894736842,2,1,0,0.03508771929824561,0.017543859649122806,0.0,58,3,0.05172413793103448,2,1,0,0.034482758620689655,0.017241379310344827,0.0,249.91086399999998,127.96057699999992,0.51202486739432,148.67999999999998,29,5.126896551724137,b35b56fbf50e01487bef7f59ef870fe839ea7b8d3f84afb9014d7c5503a3e4dc,76716,7d682324af30cff8b0d28fecd7b88ec709e8067f216ca547bf5e2b4289a96acf,d59a9a1a63a54a3d7f2e74ec18ffcf24436465e26ebbcf8d06ca1c6778590dac,e169f6533392fa29aaa2172201a95ecbd30cef8bc9ea348f7181dfd589335023,d48b45ac0a8825480327cb32a43e9212b1c13fbdf0275bd5ccea8a12c671d0e4,/tmp/buckeye_slicer_proper_D_5dv_gszl
s05,s0503a,current_A,68,4,0.058823529411764705,3,0,0,0.04411764705882353,0.0,0.0,68,4,0.058823529411764705,3,0,0,0.04411764705882353,0.0,0.0,226.58320099999995,127.03871599999995,0.5606713800463962,146.16799999999986,34,4.299058823529408,72ea8093df3fb11222b7291a784e2272246d6349ad6d5da63900e79412997498,75075,e4c395f41a926cb7891b6c3440cef6848868037cc491ff3d434db4888520d1bd,778f4bf74a41f69aa413579547f51cde26ac16b79d639314e09db301b100670f,d465259730179749629749a74c6a83a5f9e5c92d6efc361e4a7de5100f0dc0b4,4e6c4dc4c63340246827b1e39de1ec8b759330853f721c78cdcc4ded0ddf8886,/tmp/buckeye_slicer_current_A_66gcsmnz
s05,s0503a,proper_D,62,4,0.06451612903225806,3,1,0,0.04838709677419355,0.016129032258064516,0.0,62,4,0.06451612903225806,3,1,0,0.04838709677419355,0.016129032258064516,0.0,226.58320099999995,115.92293999999991,0.5116131270473133,133.52000000000004,31,4.30709677419355,b35b56fbf50e01487bef7f59ef870fe839ea7b8d3f84afb9014d7c5503a3e4dc,75075,a2f6cc0d12e43172b2de227e90fcd9beb2c8fd417c82bfdc451aa3326b005706,3aa9c0bc88b3b17b2b1e2482d21c22075220a1118fdb38d6420cd9a32243eb9e,66adfbe79509ee8d2bd6ee70a856c96afcab49632e332ed8a97356b127e55b78,dce5de05e0f280ecfdae0a75c18d5a82b3498d5a5adf3d70aadceca08e02bb17,/tmp/buckeye_slicer_proper_D_6u_1sors
s05,s0504a,current_A,23,1,0.043478260869565216,0,0,0,0.0,0.0,0.0,24,2,0.08333333333333333,0,0,0,0.0,0.0,0.0,73.6838530000001,48.67168100000001,0.6605474472134342,55.57600000000001,12,4.631333333333334,72ea8093df3fb11222b7291a784e2272246d6349ad6d5da63900e79412997498,31116,5782a0bf177592041d9a4446231d9ec6d591d002f579457ba90ffe7693bd694b,7b112cadc28f70ecd1bbe847e85947eed7c227d564c6a69679a4f795748dca6f,2e3aee6991471173f3d7435a4c61415c292daff8b30c0116ff99d52f7d8e5497,ccb50283d9d10cded4f494d3bd511aef4489f32f1c09cbdeb51d24b659248fef,/tmp/buckeye_slicer_current_A_9480oicy
s05,s0504a,proper_D,19,0,0.0,0,0,0,0.0,0.0,0.0,20,0,0.0,0,0,0,0.0,0.0,0.0,73.6838530000001,41.67528800000001,0.5655959386380074,47.88799999999999,10,4.788799999999999,b35b56fbf50e01487bef7f59ef870fe839ea7b8d3f84afb9014d7c5503a3e4dc,31116,baa785e8bd895c816c8a326864b4ee46a51653f8fddc4a5faeb377d78f177458,6bec10c65a09f577bc7927846abd8f61dba552e619b7b8b822bb03e84386fb25,81d6aba8ec9583c9bdd37b9922422717a0629f24a5afe2c7d499f95fd69c2f88,e0ee6f13a539ab26b01b94bd7247d73f595063c0bba04b4cd1202b4356c54d19,/tmp/buckeye_slicer_proper_D_odxbqc1m
s06,s0601a,current_A,84,17,0.20238095238095238,8,1,0,0.09523809523809523,0.011904761904761904,0.0,84,17,0.20238095238095238,8,1,0,0.09523809523809523,0.011904761904761904,0.0,245.50644200000008,175.6110109999996,0.7153010306751932,189.3439999999997,42,4.508190476190469,72ea8093df3fb11222b7291a784e2272246d6349ad6d5da63900e79412997498,75124,023d3a80d5ecc488edbaebe60c3d9ba24044951d0425960285743c3ae27e8c2d,a18bc7ea177f69356e16aaf971a8801e9a6fa9a052e2821a8db7fbf638abbe31,3b307fb90a06c2859463ea6b8cb88b5b928c86620ac0b0664b6e094a6bb0665e,3e8715a17cb41d0e47750d0e6d5d5793ef45e6dad65d86ef590db54578311a7b,/tmp/buckeye_slicer_current_A_4f2wp9wh
s06,s0601a,proper_D,74,13,0.17567567567567569,6,0,0,0.08108108108108109,0.0,0.0,74,13,0.17567567567567569,6,0,0,0.08108108108108109,0.0,0.0,245.50644200000008,155.95967599999994,0.6352569599782636,169.1920000000003,37,4.572756756756765,b35b56fbf50e01487bef7f59ef870fe839ea7b8d3f84afb9014d7c5503a3e4dc,75124,147ffaaad4fe4cd904772cba074c98cd95e4b5cd37685941c89879f3b86110a3,31b39f55ba00bdbba6e37a2c9c0f4aef52596b9dc93005ed7963118e03f55e66,688c46ef1e7c0911172fb21b7e60e229ca211ac50229fb2849030d129a168a9a,1dadcabbad545c3f15573b000f343861f037e920833ad0e4c7e1d37e56786961,/tmp/buckeye_slicer_proper_D_thi14uhs
s06,s0602a,current_A,84,16,0.19047619047619047,9,4,0,0.10714285714285714,0.047619047619047616,0.0,84,16,0.19047619047619047,9,4,0,0.10714285714285714,0.047619047619047616,0.0,258.45341200000007,178.651529,0.6912330064344439,190.07999999999987,42,4.525714285714282,72ea8093df3fb11222b7291a784e2272246d6349ad6d5da63900e79412997498,76098,ab7f54c779e419f757c17822597025f62a3e8dedd722045b495a1d208d666541,edeca8336e7149dca45f3087869dbf8f59b5a210d2d8cd6d9dbcadbf39ead91d,aa6c0e18004cd6ee543ad8080b5c448b59ec28849142651678351d781a518092,0ac0a3d5552d8ede8561964eda86cd1e671546aee9f6b86f56e07e47e0d2e4e6,/tmp/buckeye_slicer_current_A_vj0clndm
s06,s0602a,proper_D,80,14,0.175,7,1,0,0.0875,0.0125,0.0,80,14,0.175,7,1,0,0.0875,0.0125,0.0,258.45341200000007,173.46661800000007,0.6711717081142655,184.5039999999999,40,4.612599999999998,b35b56fbf50e01487bef7f59ef870fe839ea7b8d3f84afb9014d7c5503a3e4dc,76098,1b9e446f1b6136e2ce89636656a32a8a86ad8fa21f560a2012478e13f042c066,e5ef482fd2e64523fe87c98a47765c48f3fc9b3556d34ef374683fa6a2f0eefd,3483830a1ff3235d12492e2c6a6fe6c3c52b547c5b5d7bdadb54fffdbe39939d,8e7033ba7da80688731a44253512a45a9dea47c9c9e7c7731f620329af026fec,/tmp/buckeye_slicer_proper_D_ala65iko
s06,s0602b,current_A,78,4,0.05128205128205128,3,1,0,0.038461538461538464,0.01282051282051282,0.0,78,4,0.05128205128205128,3,1,0,0.038461538461538464,0.01282051282051282,0.0,244.09602899999965,150.31945699999991,0.6158209849452329,171.26399999999984,39,4.391384615384611,72ea8093df3fb11222b7291a784e2272246d6349ad6d5da63900e79412997498,70362,60b74d0c5dc9574f7d1a583607efc2aa68432c15b6f95177ce8c019b2c37c825,06f0854765cd64f7c95d71a06784d985660f6814c12619ae6f177b3397af6863,50a5994e3d6f48ccaf396cc77f9417c77db4cb57a19eb394437048c00a946de3,ff55f5fbe148d4264965f79da1bf88ecaa3200ddabccc878bf688fd56265e40a,/tmp/buckeye_slicer_current_A_ujfxbu4h
s06,s0602b,proper_D,74,2,0.02702702702702703,2,1,0,0.02702702702702703,0.013513513513513514,0.0,74,2,0.02702702702702703,2,1,0,0.02702702702702703,0.013513513513513514,0.0,244.09602899999965,140.25838399999992,0.5746033009000737,160.06399999999982,37,4.326054054054049,b35b56fbf50e01487bef7f59ef870fe839ea7b8d3f84afb9014d7c5503a3e4dc,70362,c13f8eb030f5d1b481155b4d070299261f19d08d05303c960a8cfa98f37c7b01,0fd3067d5704cb132d4b8a37f68952ee31ae8bb8b1f6ffd429706ef9e1729dff,772a57ab65d555bde499782c8198f5a63033276ded2799046db3cd3083c19a72,0c4923ba490c32112e8d77743c05b16f1fbd38144a89372f99c3dc7c00a62d5c,/tmp/buckeye_slicer_proper_D_hr4buz47
s06,s0603a,current_A,8,0,0.0,0,0,0,0.0,0.0,0.0,8,0,0.0,0,0,0,0.0,0.0,0.0,31.913417000000013,17.986055000000004,0.5635891324329199,20.89599999999999,4,5.2239999999999975,72ea8093df3fb11222b7291a784e2272246d6349ad6d5da63900e79412997498,10134,a200c3455ec4f6aff688ad056700dd1853b541b0fe501fb0a905e4c8c991ceb0,52a4239fe025e9de54d9000bee6897774122c5d835b5ddd22c0044ae66949ab0,2830a5ea026e4b3ea232d9bf413349a639f42f79bf0ff7d97493c11cd4ed3ba1,04aa5acff6ff3ef70511da2492ff627b870f3efb35ad866c531b583ba1d52c5b,/tmp/buckeye_slicer_current_A_r0ml8438
s06,s0603a,proper_D,8,0,0.0,0,0,0,0.0,0.0,0.0,8,0,0.0,0,0,0,0.0,0.0,0.0,31.913417000000013,17.986055000000004,0.5635891324329199,20.975999999999992,4,5.243999999999998,b35b56fbf50e01487bef7f59ef870fe839ea7b8d3f84afb9014d7c5503a3e4dc,10134,cfb83c9c9c72a77d6ab85d8f70d5789447131040c7827dd4c54af86179e1ce93,13c0a41b2aff4128c3a31afee77ca9bca4b59674dfc0b2e14ae9452c8dbda29f,4243a07487bfc1830d7e692c87b5110aa726699dc5630e6e14fbfd0b4f64b637,5a244e637f2418300b3c12ae1b2e0a5ad4ea023f79b7c636960c6e7ce6d3d2bc,/tmp/buckeye_slicer_proper_D_wb318m0o
s07,s0701a,current_A,99,17,0.1717171717171717,5,2,0,0.050505050505050504,0.020202020202020204,0.0,114,20,0.17543859649122806,7,4,0,0.06140350877192982,0.03508771929824561,0.0,378.3523960000005,295.12341100000015,0.780022577153178,333.77599999999984,57,5.855719298245611,72ea8093df3fb11222b7291a784e2272246d6349ad6d5da63900e79412997498,75058,5d09b802edaab2ba39231e4baf813d997a22727b1c043bac95da8cd2e220778b,0dc27595f84c5bcca29c0f9e50f0f0071bce4ad62e42839459726962c68925bb,ba7c571c0eac60f24990675a886cefb5a3ce04b930be13bcda3ad764156e1441,94239af4a6fe89a6917a12e3b59379cc833d0ad50b0c5bcdffe2677d6cf97f9b,/tmp/buckeye_slicer_current_A_q8tncouv
s07,s0701a,proper_D,88,12,0.13636363636363635,5,2,0,0.056818181818181816,0.022727272727272728,0.0,100,15,0.15,7,3,0,0.07,0.03,0.0,378.3523960000005,265.77720900000014,0.7024594314978245,301.4799999999999,50,6.0295999999999985,b35b56fbf50e01487bef7f59ef870fe839ea7b8d3f84afb9014d7c5503a3e4dc,75058,0ecc6cb7d8f606e46b3c5b318f82924a5bdf4abd3e55db3373ef99e54cba57b6,5e82f47be750574b7cb5056af2db4e618cd82d0678118387d6a59ed95b0acdd0,d9c1abb75512d04b9feb2e570c3bc24fd1fb297fc4c171573736a67536132d88,a584f0ddf40c2450f6fa28b8ebc6d08270b36e703c1ecbd1657450b7e7b3dc3a,/tmp/buckeye_slicer_proper_D_m9p2p_ph
s07,s0701b,current_A,89,7,0.07865168539325842,1,1,0,0.011235955056179775,0.011235955056179775,0.0,106,11,0.10377358490566038,2,2,0,0.018867924528301886,0.018867924528301886,0.0,342.0425969999997,285.13177299999995,0.8336148055851658,327.0160000000001,53,6.170113207547171,72ea8093df3fb11222b7291a784e2272246d6349ad6d5da63900e79412997498,74799,6cd1fd1289be811a52482dace06904e5fcf40428383000b43a5f336cc17031e6,3fa76d949486f1781650d97000de60000946727dcc0b0d605e868ac6a3841ad5,d6091aadd1e844c7b59567ad6e92012eeda47c56bd6c61c58168d4aa72e91d5a,e0ac8c5679d28a85e057bdb1d1236c5dffe22d16c7ab59e1d85293da5b5bcd27,/tmp/buckeye_slicer_current_A_caorwdqn
s07,s0701b,proper_D,83,3,0.03614457831325301,3,1,0,0.03614457831325301,0.012048192771084338,0.0,94,4,0.0425531914893617,4,2,0,0.0425531914893617,0.02127659574468085,0.0,342.0425969999997,269.1668969999999,0.7869396951163955,306.7359999999996,47,6.526297872340417,b35b56fbf50e01487bef7f59ef870fe839ea7b8d3f84afb9014d7c5503a3e4dc,74799,5d682e66eb73b4bda4f9075846b7fe2e20acc10c6197fd1af65554160979d62e,f518e8a85c8c28b1b0367ba0b4a7a18f5edd78064c5bc7de443542130df97003,f4dce0beec171091f92d32d73794ca427b2c5ff886e63ea65389dccd87e542a3,36aa12d15efd19942a80e7b9f423697988aa89eeee3edce232218dad2fc9697f,/tmp/buckeye_slicer_proper_D_wm1ko4eb
s07,s0702a,current_A,103,17,0.1650485436893204,14,4,1,0.13592233009708737,0.038834951456310676,0.009708737864077669,126,21,0.16666666666666666,18,7,2,0.14285714285714285,0.05555555555555555,0.015873015873015872,397.1939759999996,337.2433839999999,0.8490646998130712,380.152,63,6.03415873015873,72ea8093df3fb11222b7291a784e2272246d6349ad6d5da63900e79412997498,72579,4416c91ac4dd249794723e7cf409bc636421da2b7adeaa0643e8e09f35f3df3e,36c279b1324bb0081a4882a012607a276e100129bdb192558a301c3ffb6c75e3,e6e58508682dc00cfc713d3fa82e8a2007eeaa89e28045dd3503e4bebb2de64b,808717d5ec9c22b8dc8c9080c3df41f8d0ceb910849ea52908f31c05136b799e,/tmp/buckeye_slicer_current_A_tb3rlz_t
s07,s0702a,proper_D,93,13,0.13978494623655913,9,5,1,0.0967741935483871,0.053763440860215055,0.010752688172043012,108,16,0.14814814814814814,11,7,2,0.10185185185185185,0.06481481481481481,0.018518518518518517,397.1939759999996,306.0756169999999,0.7705948113372197,345.49600000000004,54,6.398074074074075,b35b56fbf50e01487bef7f59ef870fe839ea7b8d3f84afb9014d7c5503a3e4dc,72579,9658dfa8f249108f8edca840c8ee9c477877a166b3c57ba11849074fd6856abc,415a9baa5e7f7fb4f5202bca88adba3208ba12521e87dbbd8911e8313306d709,d269b4a883167938506015762d13682e7e54a330c03dcfcf130e8791cd6354e7,d5c1105dabe71a4991f1312dcfb9a01db61e7ac999011f95688e515778d3cb6e,/tmp/buckeye_slicer_proper_D_zdhbxb92
s07,s0702b,current_A,97,6,0.061855670103092786,3,0,0,0.030927835051546393,0.0,0.0,116,6,0.05172413793103448,3,0,0,0.02586206896551724,0.0,0.0,356.5397469999999,312.79688400000015,0.8773128006959634,355.6960000000001,58,6.132689655172415,72ea8093df3fb11222b7291a784e2272246d6349ad6d5da63900e79412997498,73487,aba78e1734eeeb58161ba231aff12cc98f42a3a7f72b2900292774d9ad941d01,8ba293c7d2e19c5e8529bd7b69d34e3407c08e32bca0fe5c89f6f520bb95982f,5c06638841550774073d80130fd78f4c0f60d5490c4c06dc7ddf22ba119026c2,68aef2f672704b6d052d85e8533bfe48bad1c92cff80006e41693bfdbe4e8801,/tmp/buckeye_slicer_current_A_l9owa8_g
s07,s0702b,proper_D,89,8,0.0898876404494382,3,0,0,0.033707865168539325,0.0,0.0,104,11,0.10576923076923077,4,0,0,0.038461538461538464,0.0,0.0,356.5397469999999,281.3766990000001,0.7891874647008154,319.0159999999997,52,6.134923076923071,b35b56fbf50e01487bef7f59ef870fe839ea7b8d3f84afb9014d7c5503a3e4dc,73487,e38d8e22c163eef7a53e2c473878dc8945381eac6d9956ad75149ddf1f5323db,66eb96d7752398a34d63a14d32ec090b3293763b0ca76b2a79abd2fae593cf35,d0396524f25c4eefd4ff74a3c12348b9e954b3bbe71f3c8d88bc9faac4a9d3d2,ac4074adf67647009f274fb7a48b569e1de2413dee847589fe888402d3122b11,/tmp/buckeye_slicer_proper_D_u9nkl89r
s07,s0703a,current_A,73,10,0.136986301369863,8,4,0,0.1095890410958904,0.0547945205479452,0.0,82,13,0.15853658536585366,11,6,0,0.13414634146341464,0.07317073170731707,0.0,280.4691349999997,230.7954779999996,0.8228908254022314,258.3919999999999,41,6.302243902439021,72ea8093df3fb11222b7291a784e2272246d6349ad6d5da63900e79412997498,71590,209c665c8c280b0aa382f5cc7e869b138372dbcc9017fdd414e74932b29fd8cd,3ee4bfb843a076d50ecaa7785c29d95da4d17c9181e04a280ddaf26ce193a631,5aa2ca3ab66077c5a7cdf9457c394da6f9b24f2b9bf084daf6acb02d969ace7b,b7721740f01fdb96fc2f189596ef44f897c7e831063964bbe6986fae16c2497e,/tmp/buckeye_slicer_current_A_sg7ktxbi
s07,s0703a,proper_D,68,6,0.08823529411764706,4,2,0,0.058823529411764705,0.029411764705882353,0.0,74,7,0.0945945945945946,4,2,0,0.05405405405405406,0.02702702702702703,0.0,280.4691349999997,208.95573699999971,0.7450222178636516,233.99199999999996,37,6.324108108108107,b35b56fbf50e01487bef7f59ef870fe839ea7b8d3f84afb9014d7c5503a3e4dc,71590,554882a6c6468d30cb89f34d5bc90ad3a6355e837209f04c9c08ab86199eadd7,c6b2feb17909f2ff58743d75ffafad72163c69ad792422c4b2fdd6f8d4c28b5d,3d8558271352eebe58c45927bfd16e0e3052fafd502df971910ff8707e10de9e,510374c6465cb5015344445329c57e74c860d3355c47a3c8e35286284483e3f9,/tmp/buckeye_slicer_proper_D_fndpsa4n
s07,s0703b,current_A,81,12,0.14814814814814814,10,0,0,0.12345679012345678,0.0,0.0,90,14,0.15555555555555556,11,0,0,0.12222222222222222,0.0,0.0,311.8577019999999,253.7254759999999,0.8135937460348501,279.3919999999998,45,6.208711111111107,72ea8093df3fb11222b7291a784e2272246d6349ad6d5da63900e79412997498,75027,3e2b70b10de215a48b8dc239d177ec5cf42dd62014b7b5c5f80ca3f4ae3d2d00,41f69d496577e1a05862ec12386fc51b2d804338e013ae3a7caa706fb32cfe7d,40de4f25d4101c1939a040f0bcd61483aebef89977eec5ae11a2c460bcb30d8c,49e14e9d1915d63425aec03362c4414ceec39e1edb2880eeb53a8bbe33b55ba8,/tmp/buckeye_slicer_current_A_a_o37k3h
s07,s0703b,proper_D,72,6,0.08333333333333333,5,1,0,0.06944444444444445,0.013888888888888888,0.0,78,6,0.07692307692307693,5,1,0,0.0641025641025641,0.01282051282051282,0.0,311.8577019999999,234.37861199999992,0.7515562722898536,257.9040000000001,39,6.61292307692308,b35b56fbf50e01487bef7f59ef870fe839ea7b8d3f84afb9014d7c5503a3e4dc,75027,0c8f2d9be0616b519e02aac713636c1eb48ca853b147e5ea0ca233d38d7facbc,b80bc9078dde780295349a340843ff87cde68e33a6b29f6140b1474fa44bbf83,421ba421599ea126aeb979b2c0888fc16b8050c63e02f511283f512e64024e3d,c84d9f267598fb0d2551e17be4ba500495813135528ddf8d2f430ac3160c36ef,/tmp/buckeye_slicer_proper_D_yosjqt9a
s07,s0704a,current_A,42,6,0.14285714285714285,2,0,0,0.047619047619047616,0.0,0.0,56,8,0.14285714285714285,3,0,0,0.05357142857142857,0.0,0.0,173.56520900000004,155.07386200000002,0.8934616729554365,178.93599999999995,28,6.390571428571427,72ea8093df3fb11222b7291a784e2272246d6349ad6d5da63900e79412997498,30384,a205a57c9f9ed5c97324800476f7eba0c534752f1cac4f8be56ec66daec4a3e2,71391a7d93e8fcaaffe4b0677dbb3ed8f48e6ca3f794460e6656f872e1386eb5,a84211f99f64b27c1f4e7ff3f940d57d0c24b72f8cf5b9743aed32b4996b62b4,d8c6f32785ef615bdfbf4af3b51d0625a3470d6b98058e6f732ae722bbe09968,/tmp/buckeye_slicer_current_A_w_pvjm_k
s07,s0704a,proper_D,38,3,0.07894736842105263,2,0,0,0.05263157894736842,0.0,0.0,50,4,0.08,3,0,0,0.06,0.0,0.0,173.56520900000004,144.74912800000004,0.8339754771937042,168.456,25,6.738239999999999,b35b56fbf50e01487bef7f59ef870fe839ea7b8d3f84afb9014d7c5503a3e4dc,30384,167622c6740c3543d3563c2b761788076c640ae0bfd06fd2094403a519e2fc5e,de709ee584e861641c4f02bbff0cfc610e1d4bd23f26a6657dcac006505a67a8,ebad16c1f5d5f12727a4a948adf367d8884f15b02b9d6fb6b9aed4b889650921,084bbea063959444cd62a305b612d6dc743292aa844557a7fbb22a42de72d397,/tmp/buckeye_slicer_proper_D_ews_j9jt
s08,s0801a,current_A,89,11,0.12359550561797752,6,1,0,0.06741573033707865,0.011235955056179775,0.0,90,11,0.12222222222222222,6,1,0,0.06666666666666667,0.011111111111111112,0.0,298.62118099999964,200.35501699999995,0.6709337104925595,227.96000000000012,45,5.065777777777781,72ea8093df3fb11222b7291a784e2272246d6349ad6d5da63900e79412997498,74475,84e5c32ca10087ffbe01d5e356e44cc17d8e7c20c0375497f2c1e923021b72a4,ac31bcd73a6e7a4f84bae2c340ad064e9507391d823d5b9ca790279b9f7b771d,216e6e9eaacc62d2ed2d0b94839c336b60c16ae3d8544b6f8b729be2bda9ecb6,02d392c44f1ef21980565a0e91258b385dfb9a2a89dd9ebdbd2c3de6685de2c4,/tmp/buckeye_slicer_current_A_f5mupoln
s08,s0801a,proper_D,85,10,0.11764705882352941,2,1,0,0.023529411764705882,0.011764705882352941,0.0,86,10,0.11627906976744186,2,1,0,0.023255813953488372,0.011627906976744186,0.0,298.62118099999964,188.93067799999983,0.6326767490749428,216.26400000000027,43,5.029395348837215,b35b56fbf50e01487bef7f59ef870fe839ea7b8d3f84afb9014d7c5503a3e4dc,74475,4769300093592cbc86713ae66e3d5b4c3f45a93a55750b8de4f654285913b257,ab225b92f8d8e65c0cf0838989656ae0335426e602dca67a8ac011d2a8bac9e2,f59eb3e541cb4041d71b2a7561f7ec3c6378b3272b27f8d095fb3f449e0c9a94,7dd3e8d75009feab1fdb62f0604d46b3465674e82b0a619720a350629d367e3f,/tmp/buckeye_slicer_proper_D_5y9up_bu
s08,s0801b,current_A,84,5,0.05952380952380952,2,0,0,0.023809523809523808,0.0,0.0,86,6,0.06976744186046512,2,0,0,0.023255813953488372,0.0,0.0,267.185302,196.13155700000013,0.7340656672798571,229.11999999999998,43,5.328372093023256,72ea8093df3fb11222b7291a784e2272246d6349ad6d5da63900e79412997498,71477,2528b9a990fca43648aefa27ed678778ee7fcfe84bb0ff6955c3e5280790b90d,998c9aec42d0eae65fb5fecda85f5a5eadddfa30bb89987d5001b5fd888334c0,604f135665868ba05131ccc3c9c81cc9f4e63858dce981b12a46d8d4eebfcd99,8b8c82d65ba2b1622bced17f0ebf2aa8678f2c73658fd4b0645b121a081f29b4,/tmp/buckeye_slicer_current_A_bpkgwb4i
s08,s0801b,proper_D,80,6,0.075,2,1,1,0.025,0.0125,0.0125,82,6,0.07317073170731707,2,1,1,0.024390243902439025,0.012195121951219513,0.012195121951219513,267.185302,183.6749740000002,0.6874441543943918,213.58400000000012,41,5.209365853658539,b35b56fbf50e01487bef7f59ef870fe839ea7b8d3f84afb9014d7c5503a3e4dc,71477,f19ab8e626c92b4cd75a9076a69eacbd6782a86458382fb6bc25bc8e75a002a5,3eef502590836117c7c2e61c2775dc1eee896f237e2797967bbd61115819fb12,7f4cf113bd8e203f10af67eae6f81f4a11b23f1076d45b31450bcf72e6d0b0a3,fb1113ca9d5b7e3ae09194f3c6f3e4b104b75fd9b8e1416778ea8c2538d6b3dd,/tmp/buckeye_slicer_proper_D_pxg2qwah
s08,s0802b,current_A,114,7,0.06140350877192982,4,2,0,0.03508771929824561,0.017543859649122806,0.0,116,7,0.0603448275862069,4,2,0,0.034482758620689655,0.017241379310344827,0.0,366.7549859999997,255.21781299999958,0.6958809634288102,297.04000000000036,58,5.1213793103448335,72ea8093df3fb11222b7291a784e2272246d6349ad6d5da63900e79412997498,70779,e4433f64cf2955e16f5ab2b211e392447715de1f7d83ff5f5272e96491ea0f71,9d1f767b33577a766bb00815056202c2a888b0cffca044cf9ffa589182d0d58f,a0ba5d65c8a6f67d7be2fe49de39a9b55b1ad11238d67ced6a09dc26fb5b6298,72301431a786ffe3faf16b5e94169b348df60952c9101178d989dd2d6bf87705,/tmp/buckeye_slicer_current_A_y3klujop
s08,s0802b,proper_D,106,6,0.05660377358490566,3,1,0,0.02830188679245283,0.009433962264150943,0.0,108,6,0.05555555555555555,3,1,0,0.027777777777777776,0.009259259259259259,0.0,366.7549859999997,242.69669999999957,0.6617406968258633,282.9840000000004,54,5.240444444444451,b35b56fbf50e01487bef7f59ef870fe839ea7b8d3f84afb9014d7c5503a3e4dc,70779,64e520b6b35d87cbdc9543487000a36cb1797432ee12e2384685abde7f7a03a0,e35b24ae7428a1a38dcc282271a12ca702b39c4acc4ee9b68e369e4e0c87ee4d,bf6d0c84ea2b2c05352d9fa9d9712161e585969b511dbccc566cbfdd50044993,4fce69682822b956ecc8310297d623b40232bbb68d5e3b67dd736709cd985fd8,/tmp/buckeye_slicer_proper_D_loyvtn5t
s08,s0803a,current_A,110,9,0.08181818181818182,5,1,0,0.045454545454545456,0.00909090909090909,0.0,110,9,0.08181818181818182,5,1,0,0.045454545454545456,0.00909090909090909,0.0,327.51184900000027,234.93799600000014,0.7173419731754498,261.6400000000001,55,4.757090909090911,72ea8093df3fb11222b7291a784e2272246d6349ad6d5da63900e79412997498,74712,949bd1a3155ecd5bee28929c72a373539a98dda1ce33927a56a1d1ca2e6c3181,34a7a4f2aabcd7a309012235f0cdae222489bfecc453e24089223336cb88965f,67d91ec7e6ba3e2ffc1e86ab2a87be74351eaf1ac412a3f4e524acd557b2d319,14fd908f03db8d78d3e205189b360cf3d74c7afec7484e8da4c1cc2fa3638818,/tmp/buckeye_slicer_current_A__xh9gp9d
s08,s0803a,proper_D,102,7,0.06862745098039216,2,1,1,0.0196078431372549,0.00980392156862745,0.00980392156862745,102,7,0.06862745098039216,2,1,1,0.0196078431372549,0.00980392156862745,0.00980392156862745,327.51184900000027,219.74594800000003,0.6709557186127939,246.248,51,4.828392156862745,b35b56fbf50e01487bef7f59ef870fe839ea7b8d3f84afb9014d7c5503a3e4dc,74712,2340bc048d8e68e7ba38dc72037a9f597950a66abae75e72a3d8352e467a8a90,0660ffc4b1e74585568613dae1fcafe0bec63ff7f5f4712230a61167d6de1a86,d444e10826830da9fc6d0fd862334e671e69527b1c3c5323d00a6741fe5f6235,bfba1ac7a5e79660efd747f7410d41deafd4c0b07622f8b73392013f812cb35b,/tmp/buckeye_slicer_proper_D_kj0p9jnj
s08,s0803b,current_A,87,4,0.04597701149425287,3,0,0,0.034482758620689655,0.0,0.0,88,4,0.045454545454545456,3,0,0,0.03409090909090909,0.0,0.0,292.44129599999997,191.74332200000003,0.6556643149331415,220.06400000000005,44,5.001454545454546,72ea8093df3fb11222b7291a784e2272246d6349ad6d5da63900e79412997498,71178,8f3df16bf43877f04928b9d5c1fb892f13a0d0cd86afc3420eed9e41a28ee700,b080b2d5b6ba7806a4dabbe6e077b6de9cba165cc84b1550e54106d07d4a6b0b,3fa576ef92f549446a1d47d3d6888a4b5dc0aeb0038f2c5f93aed0b93282baa8,324381df96a08bdb13f358187df2695984e24e6872bb4a1816eb1253d2a1378a,/tmp/buckeye_slicer_current_A_dt15jqjr
s08,s0803b,proper_D,83,3,0.03614457831325301,3,0,0,0.03614457831325301,0.0,0.0,84,3,0.03571428571428571,3,0,0,0.03571428571428571,0.0,0.0,292.44129599999997,181.8381780000002,0.6217937770320927,209.1519999999999,42,4.9798095238095215,b35b56fbf50e01487bef7f59ef870fe839ea7b8d3f84afb9014d7c5503a3e4dc,71178,f3f6e2532aaf51ba7cfcf33035bc76835f0cae5570409d58e9505358592f7cf7,6e4d5a409111f19ab62e56f55a0f09d32e8d2f75269b8aee3d8e2fde56f89ab6,d886f1f0a80ed81590d877a292c5e546554d1c717734395ec4798c9af903ad96,e7e21dd5efee12d23894a5b87618b43ee8ff12886f3f234be5aa7c9f7c784f8d,/tmp/buckeye_slicer_proper_D_h5t_6ebu
s08,s0804a,current_A,19,2,0.10526315789473684,2,1,0,0.10526315789473684,0.05263157894736842,0.0,20,2,0.1,2,1,0,0.1,0.05,0.0,90.74609900000007,49.02971999999998,0.5402956219638703,55.27999999999998,10,5.527999999999998,72ea8093df3fb11222b7291a784e2272246d6349ad6d5da63900e79412997498,23174,0c105226542aa5c3a19c5961777d72e51bf03480d82e23ce0ce8e0324454a2bb,e47cd1c92e2f82024482bb7b73ce34e8f42b591f66ad30659b12c3968eee4032,afc06d7119e782e9a1c15e09f0393a6fee173fd7d7327adbe3769b7a196dcfe2,90ddec3ddb1d2c78e8ee9f92469cff5be291cbaa61ea62d303f7932e26bb87f6,/tmp/buckeye_slicer_current_A_pgaxo_jd
s08,s0804a,proper_D,18,1,0.05555555555555555,1,0,0,0.05555555555555555,0.0,0.0,18,1,0.05555555555555555,1,0,0,0.05555555555555555,0.0,0.0,90.74609900000007,48.85475499999997,0.5383675501026213,54.83999999999999,9,6.093333333333332,b35b56fbf50e01487bef7f59ef870fe839ea7b8d3f84afb9014d7c5503a3e4dc,23174,82939c7cdd6cd97310ecc4fad745bf13e9aa2b1c6ef234a3c7ae40dbf50a57d2,d6293d63b2b05cb14475ffd123dffe041b78ad34e82bf5b892e5de29478e05ca,bfa186c64ca7af6a54f107fbbf75e68fab50e04ad976ed74dc879d3e9f67c423,68e9dfeb35d63640d5399809ba01e91da7820cdc66cb50c449e89aeabec1eaf7,/tmp/buckeye_slicer_proper_D_yo0wyz5b
s09,s0901a,current_A,99,12,0.12121212121212122,10,3,1,0.10101010101010101,0.030303030303030304,0.010101010101010102,104,13,0.125,11,4,2,0.10576923076923077,0.038461538461538464,0.019230769230769232,319.76242100000013,235.67006900000018,0.7370161517509904,272.0800000000001,52,5.232307692307694,72ea8093df3fb11222b7291a784e2272246d6349ad6d5da63900e79412997498,75100,d8c4e139e3bf0752b782cce74c5704d790570d4c8ad1df947c305a5aa9b10e19,abdd3ffc7826dbed58cc2f6d20cfc27c206da7781c69036f2652de51c142e5e2,c331f8b5362943f9bcc2e0c8b406d710d1147510aea5eb73e7464f696dcdbbad,8ec1441528dca7feff32902aa316fe05986cdd38fdad7b00f9eca4f932fd2af9,/tmp/buckeye_slicer_current_A_7bupnw7y
s09,s0901a,proper_D,91,11,0.12087912087912088,7,3,1,0.07692307692307693,0.03296703296703297,0.01098901098901099,94,12,0.1276595744680851,8,4,2,0.0851063829787234,0.0425531914893617,0.02127659574468085,319.76242100000013,213.19875000000008,0.6667411052657748,244.6159999999998,47,5.204595744680846,b35b56fbf50e01487bef7f59ef870fe839ea7b8d3f84afb9014d7c5503a3e4dc,75100,9295b5b162e29f10bc0d7373b3b6b9ec485a0126fcad0241a18f4760dd6d221e,4b8d30c0e9b8e9ae65575d042b48facac592dbf6bc02eeee9fe94c6bc29623b1,ffcef45d6ded4ddaf8f1a8797aa3a3b15ab4280b443d7cb78d2ab1fc81b851da,5403f1eb0dbfbc4fe0a33acc392bf861bf95868101b18fc527416cf2422c82e3,/tmp/buckeye_slicer_proper_D_gn53pl6j
s09,s0901b,current_A,73,6,0.0821917808219178,4,0,0,0.0547945205479452,0.0,0.0,76,6,0.07894736842105263,4,0,0,0.05263157894736842,0.0,0.0,273.5998189999996,162.82673899999958,0.5951273637355725,186.37600000000018,38,4.904631578947373,72ea8093df3fb11222b7291a784e2272246d6349ad6d5da63900e79412997498,70935,b5cc7fd37de65e8e0ea5d9f09ce9e01bc9be27b37c47d7848a4d02644e583178,d901e31e450735a1a5fd8bf88ab62725c2783dd2bf581f2b44739128642ca68b,e962e53b2eb6f58038c1ad08cd4a1ff8f4a593ca220377720acb0608e9793f2f,ecf942924b81e653966961d59f510b9f077713c6ced7202d63fba36fc68c5085,/tmp/buckeye_slicer_current_A_zfkr_pjf
s09,s0901b,proper_D,69,6,0.08695652173913043,4,0,0,0.057971014492753624,0.0,0.0,72,6,0.08333333333333333,4,0,0,0.05555555555555555,0.0,0.0,273.5998189999996,153.89978499999967,0.5624995863027229,176.25599999999986,36,4.895999999999996,b35b56fbf50e01487bef7f59ef870fe839ea7b8d3f84afb9014d7c5503a3e4dc,70935,aff9d5c6e25692a5c11abca748163bcead1726159ba45b59afbc0d64e1f5f7d0,a4c19c116c54982d0cd9b5fb946c7d38fca704f6861a7298ef9a3083a481e05d,3dd2ad6007fbf58f6dde502ae37c6167f29dfb019fbab1e91fe6c4a166fcf394,481d52b860ad4f1a807a65926f94d058de5aa65e3faf0a260c55ce61f3e1edfa,/tmp/buckeye_slicer_proper_D_9lns_yq8
s09,s0902a,current_A,86,15,0.1744186046511628,11,1,0,0.12790697674418605,0.011627906976744186,0.0,90,15,0.16666666666666666,11,1,0,0.12222222222222222,0.011111111111111112,0.0,284.41532999999964,207.7244470000001,0.7303560149166375,232.42400000000015,45,5.164977777777781,72ea8093df3fb11222b7291a784e2272246d6349ad6d5da63900e79412997498,79567,6e4e3a7026db4a8ab19000798245755267ff0e68d58a038233d3b26d98dfaa78,477343dc71a0695ddbf89ed9387ee5eda8120c9d7248f25724c3d4a726589a94,514e93f35598da7658911d74c81442399878391218dd333f1f2c8641e06876d0,1fe5be97ab7d58add733096cabc31c2e68544514400a1403e07f4d07e7c72b9e,/tmp/buckeye_slicer_current_A_po7gtk7h
s09,s0902a,proper_D,79,16,0.20253164556962025,11,1,0,0.13924050632911392,0.012658227848101266,0.0,80,16,0.2,11,1,0,0.1375,0.0125,0.0,284.41532999999964,197.12761199999989,0.6930977032778091,221.36000000000004,40,5.534000000000001,b35b56fbf50e01487bef7f59ef870fe839ea7b8d3f84afb9014d7c5503a3e4dc,79567,716c2af9b3720f08308d4f410b6eb281e327774da37e941dd360a8874c610be7,1b599608e8f5f4a82cff5697a4dceb183964d848d0e65d765477a99b2cc455a1,0919e4d3dc298f2dade2e382b6adeba810a7c1d7c4d1b82de67ea99d91aefc7a,c57b43f0136494e13b58dbcf234174b2cb1d4fd407a1c869733a7341e345e7ff,/tmp/buckeye_slicer_proper_D_omt8tfdz
s09,s0902b,current_A,70,10,0.14285714285714285,6,0,0,0.08571428571428572,0.0,0.0,74,10,0.13513513513513514,6,0,0,0.08108108108108109,0.0,0.0,254.63442900000018,175.4186140000001,0.6889037538596164,197.23200000000008,37,5.330594594594597,72ea8093df3fb11222b7291a784e2272246d6349ad6d5da63900e79412997498,66675,104928c750349caa35ef60425d7db079b7f952cdedd3e3e434b754d6166a9c26,5a2f93829962381a49f06a85f64a57c45ebe203d8312a5335064ac33fc8fdad4,eb3bd582145fa18208b624d11de840fae00d600381329fae0b7656a9c253bd12,5b2db9330ae5e0c456c4cd723e63e9fc86d5e3b37fb76932c6c23c8e4a01d32a,/tmp/buckeye_slicer_current_A_phzyhxrh
s09,s0902b,proper_D,70,9,0.12857142857142856,6,0,0,0.08571428571428572,0.0,0.0,74,9,0.12162162162162163,6,0,0,0.08108108108108109,0.0,0.0,254.63442900000018,170.42160600000005,0.6692795105095546,192.52800000000002,37,5.20345945945946,b35b56fbf50e01487bef7f59ef870fe839ea7b8d3f84afb9014d7c5503a3e4dc,66675,84d1165640be5f154b0224fe1e35baac5f2e37f05019891552110a400a346021,f64ed244dbb79343f7fa4357fd79bb9dd29d75e78f8f7d9af210b4e8da8a19bc,bb34702cd68053e21b3bb03fed3b26155bc959243a24db3fd72924f45965424b,291e30684475e76db74a3f1fb5d98f8fcb5c16cbc7f9a1a772a830b578453243,/tmp/buckeye_slicer_proper_D_sy9iezbo
s09,s0903a,current_A,87,11,0.12643678160919541,5,2,0,0.05747126436781609,0.022988505747126436,0.0,92,13,0.14130434782608695,7,4,0,0.07608695652173914,0.043478260869565216,0.0,327.9295140000001,217.1623169999998,0.6622225439580279,243.18399999999997,46,5.286608695652173,72ea8093df3fb11222b7291a784e2272246d6349ad6d5da63900e79412997498,75003,18bd8b33f7ffdfbec3c4b472b9ac9f9f603b519f4fc403cf031cac276a936e28,aaa2e56704bd1c0d8ca8c605148aee260585d40e6351c631d276e085267cadc4,fdba7b6aebd9f09368ee6c3cc516833cb7e403bb4fbcee2564383e37a886db96,0dce6d58c6512f98a1082329b09f1c0927a98ae3553fc1533776a077dda8c5b3,/tmp/buckeye_slicer_current_A_fi10x3qo
s09,s0903a,proper_D,84,5,0.05952380952380952,3,1,0,0.03571428571428571,0.011904761904761904,0.0,88,6,0.06818181818181818,4,2,0,0.045454545454545456,0.022727272727272728,0.0,327.9295140000001,201.83622799999995,0.6154866194812825,227.8960000000002,44,5.179454545454551,b35b56fbf50e01487bef7f59ef870fe839ea7b8d3f84afb9014d7c5503a3e4dc,75003,0740f98f5ba88dd3f797a15add701cf6516014c6984c3361d2af9b1c2a6be01e,f8f6fa4a6b7260c9a44a8e0eda217f04dfcb6c46bd51baf87c0e7eb7fa460b57,ad2f933aab4448873c8d98367d27f856e6c781cce37f3f3c4c0f9f43f5287ded,fed6c7915635cb2c59c29bc3f180d813e0c9761556fbd81360927ff61e837349,/tmp/buckeye_slicer_proper_D_w1vw5eco
s09,s0903b,current_A,53,8,0.1509433962264151,4,1,0,0.07547169811320754,0.018867924528301886,0.0,56,9,0.16071428571428573,5,1,0,0.08928571428571429,0.017857142857142856,0.0,208.15898099999947,134.3418419999999,0.6453809552420908,147.7120000000001,28,5.275428571428575,72ea8093df3fb11222b7291a784e2272246d6349ad6d5da63900e79412997498,69168,616caea4bc5ad1d395ce716b5178a286e678750013d4041d65dde38319da5c38,a07092280a3d657890b43109f5eb1e16bd8b47da74444f4d601b413533862f08,26d865c2bbde8450a377338f1ee402a7f8fdb672f6a0063c461aa13751e44943,d1627f3664ebac884e1ff6e479db8208597b66c87dc31a7f02d2e1ddcc7dfb13,/tmp/buckeye_slicer_current_A_b2mizgxt
s09,s0903b,proper_D,42,8,0.19047619047619047,4,1,0,0.09523809523809523,0.023809523809523808,0.0,44,9,0.20454545454545456,5,1,0,0.11363636363636363,0.022727272727272728,0.0,208.15898099999947,109.49112999999993,0.5259976267850783,121.58399999999995,22,5.526545454545452,b35b56fbf50e01487bef7f59ef870fe839ea7b8d3f84afb9014d7c5503a3e4dc,69168,f866a5a720a7cce936f8f1bd2028ec99b3323287df98c378ad66eba7475527c2,b928976b5fac615ae3fddd3ae7f17bb723f659628b84eddf5bbf628bb570ffcb,fcc7bbdca129b6cefd85d852e09d291d6ea849f64efa2c87c90c726bfc9473aa,999939952629d12dc81a44cf37389e67c79510a521d1f6aa2c77bdf01cd2e89a,/tmp/buckeye_slicer_proper_D_xajkopey
s10,s1001a,current_A,96,7,0.07291666666666667,5,1,1,0.052083333333333336,0.010416666666666666,0.010416666666666666,106,9,0.08490566037735849,7,2,2,0.0660377358490566,0.018867924528301886,0.018867924528301886,338.27082600000017,278.35283799999996,0.8228697735819518,312.9599999999995,53,5.9049056603773495,72ea8093df3fb11222b7291a784e2272246d6349ad6d5da63900e79412997498,74376,107607e2ba1d76c3c39442d05d44a58a391926012b429e9dad3cdf40649f0d59,e257fcf45905c121693fa88fe5e9c14e97ac3c968c08b039848fda022c137c9c,6a2b12f27f39268a62b1f8677ba47dc05720bd6d2d01175102480b2de9225be2,922a9f6c27c3f3d7accec3b8be43802e5e6e1ddbf24dbc5223b4ccce8a20b5d0,/tmp/buckeye_slicer_current_A_ekg31s7x
s10,s1001a,proper_D,88,4,0.045454545454545456,3,1,1,0.03409090909090909,0.011363636363636364,0.011363636363636364,98,6,0.061224489795918366,5,2,2,0.05102040816326531,0.02040816326530612,0.02040816326530612,338.27082600000017,256.696094,0.7588478646988017,290.3759999999999,49,5.926040816326529,b35b56fbf50e01487bef7f59ef870fe839ea7b8d3f84afb9014d7c5503a3e4dc,74376,013ca51f4d846cb97fe46a30bd15eac2a3c853a0c979b09f573db657e38e1b7c,3ee5534c43c0e9eca8f754983e109fe12680b5f522905942d91d2f3d39829f64,6fa00241d9e8b090e2d7e738482c7d3a15db6247ffe396a7f2c3dd6316a31a24,65a553a20b640eee3be79e7b662b8d96f6bfb82d2b8c8d8e929ce28b42e20883,/tmp/buckeye_slicer_proper_D_ws2nsb5c
s10,s1001b,current_A,129,21,0.16279069767441862,12,2,0,0.09302325581395349,0.015503875968992248,0.0,140,24,0.17142857142857143,15,3,0,0.10714285714285714,0.02142857142857143,0.0,408.47848400000026,330.9221399999999,0.8101335883336261,377.5679999999998,70,5.3938285714285685,72ea8093df3fb11222b7291a784e2272246d6349ad6d5da63900e79412997498,71882,2ee98a3e956e0a9d532d17198567d23c0c0123c11a2c5b03a3bf946eb9251ed3,c0a62484729517b77bb6e0b6f5841924c0ed1c19960e4b8bb13a27f856b8f90c,f88e2e6d6c2043cc6b8f4f90217d576727145927578f58ad9878e078eaf5c936,e9f9d2f49a8d31b7326ebaefcdfe276cf7a583a50965058bd07b8cd1734cd717,/tmp/buckeye_slicer_current_A_yot3y50i
s10,s1001b,proper_D,106,11,0.10377358490566038,7,0,0,0.0660377358490566,0.0,0.0,114,11,0.09649122807017543,7,0,0,0.06140350877192982,0.0,0.0,408.47848400000026,279.087131,0.6832358176299925,319.8399999999999,57,5.611228070175438,b35b56fbf50e01487bef7f59ef870fe839ea7b8d3f84afb9014d7c5503a3e4dc,71882,dd974b480c91df5265bf47d836b09d0d6fb609ad4ee526f27688b50056ab0102,6bababb0b92096015a8619d8f3cbe66058b5bacf0a94ce39b184623932680b96,c2e5b157f6a494a2b78bbd0f0b78b886e029db011095f44710bc76c84fd3a9fc,eb6c3b0b551622270a00e46101f5deb7fa0794f3cf2e1a06470dbb02d0354cd0,/tmp/buckeye_slicer_proper_D_q_xe0l3s
s10,s1002a,current_A,116,18,0.15517241379310345,10,1,0,0.08620689655172414,0.008620689655172414,0.0,130,22,0.16923076923076924,12,1,0,0.09230769230769231,0.007692307692307693,0.0,397.357996,324.11492099999987,0.8156748429947283,371.13599999999985,65,5.7097846153846135,72ea8093df3fb11222b7291a784e2272246d6349ad6d5da63900e79412997498,74751,54657bcdd765b525decb64aee67a642af913ebb52cc62f045e0ea904ac2e59f7,a3a6fea8063199f4925c5e2037c3aea774a423060d6b9567db1eb36e0beb6a68,d230ef89de233cb9a4b5953ef19e822b31f0cddd8587815df9897a81b34551af,05598f4a0142c765e41bd58da5b6424d54e5f49163a3ef9442544e477956d3c7,/tmp/buckeye_slicer_current_A_h3oieiau
s10,s1002a,proper_D,101,16,0.15841584158415842,6,0,0,0.0594059405940594,0.0,0.0,114,19,0.16666666666666666,7,0,0,0.06140350877192982,0.0,0.0,397.357996,281.761599,0.709087527711409,325.5440000000001,57,5.711298245614037,b35b56fbf50e01487bef7f59ef870fe839ea7b8d3f84afb9014d7c5503a3e4dc,74751,0b0cf70ba6ab8ba5e2cbd7cc9adb51dbd12ad468e2dd0a4cb6a778f657d7f576,8dcd52adafef4fd22dbe8578fdf734fe3097942b41b35f4ba7c3024eb226b27e,5a25be1506477853446ce337038da830ecd308938dd3aaab8620466e062b780c,ba661874461abd78f274c8203120272a1196d5e4f9a33d099cc88a7035b12592,/tmp/buckeye_slicer_proper_D_4ai98x7h
s10,s1002b,current_A,117,10,0.08547008547008547,4,2,0,0.03418803418803419,0.017094017094017096,0.0,134,14,0.1044776119402985,5,3,0,0.03731343283582089,0.022388059701492536,0.0,409.7904379999997,333.92276500000025,0.8148622662591275,379.79200000000003,67,5.668537313432836,72ea8093df3fb11222b7291a784e2272246d6349ad6d5da63900e79412997498,71180,908f2d0bd517570c7a49b98a97321cd5588e9f9e45fe630787b9cf39941abd2c,07d1b81b769f9e0dff37855944b3d2362d6b1ff412501232bc827cb14eaed432,9c08bb534b06ad879e07626a05d9b526df1d19aea4ce2efb891e5d3e0279e47b,846a5136a749636ad1b957f7f86296d23d58dfa0e0117c1fc198e57101be800f,/tmp/buckeye_slicer_current_A_seukwgnq
s10,s1002b,proper_D,105,10,0.09523809523809523,5,1,0,0.047619047619047616,0.009523809523809525,0.0,116,11,0.09482758620689655,6,1,0,0.05172413793103448,0.008620689655172414,0.0,409.7904379999997,298.9989740000001,0.7296387281735459,341.664,58,5.890758620689655,b35b56fbf50e01487bef7f59ef870fe839ea7b8d3f84afb9014d7c5503a3e4dc,71180,44fcecf228122cd98b31204de7542a1b5046e182072eef983406c4e5ec055fc3,4f30ea14bda51dde2a5cf247e3d5f57c1ff02a5835ded252cb104ac36542c781,3639867b4213f2baf45c4019618d5bd03b096417a9aeae1f8094a94993351760,4bd6b1bebb4373f744262cec79866f8ae2207421479f465463ec0fcf702055df,/tmp/buckeye_slicer_proper_D_zthfphvt
s10,s1003b,current_A,109,10,0.09174311926605505,7,2,0,0.06422018348623854,0.01834862385321101,0.0,128,13,0.1015625,10,2,0,0.078125,0.015625,0.0,401.8676450000002,339.07971400000037,0.8437596761490967,389.92799999999977,64,6.092624999999996,72ea8093df3fb11222b7291a784e2272246d6349ad6d5da63900e79412997498,71334,b462fd19310b9ceac88b99a9c1aa1911597e8a3549e697aaddaec223788eacdd,f8a47cb1f7d6f8be80f249aecfeacb3f7f078dcbca98ff1f14b41582ad857028,9ee1c1c3e6a65daa5a7dda810b5eb9d8fe7c8658194d3d391c881bb4a3952fc2,cfbd9f6a096fd3f5741d5054bd6e076b0c9d959cbb2bb3110a11cdf393e97088,/tmp/buckeye_slicer_current_A_jgq_vbit
s10,s1003b,proper_D,96,10,0.10416666666666667,6,2,1,0.0625,0.020833333333333332,0.010416666666666666,110,14,0.12727272727272726,7,3,2,0.06363636363636363,0.02727272727272727,0.01818181818181818,401.8676450000002,287.2284500000003,0.7147339517716091,331.88800000000003,55,6.034327272727273,b35b56fbf50e01487bef7f59ef870fe839ea7b8d3f84afb9014d7c5503a3e4dc,71334,ff6b9a0a411641e223f2e7bc9851bc2931c26f1eb6e0a55d6daefa6bc7ed838a,8ae7d5ffff208cbad2e5ba08e528b8db3bd0e3388071824359f1a0264cfb460b,a66288b717c186d46915b31e24994e0b736708765ccd58d659c110430e0c1cdf,902ba4670eb3da2091c13af37176cd98d8269974efdaf5afc5f4d735a4671f68,/tmp/buckeye_slicer_proper_D_63a2x7ny
s11,s1101a,current_A,92,5,0.05434782608695652,3,0,0,0.03260869565217391,0.0,0.0,92,5,0.05434782608695652,3,0,0,0.03260869565217391,0.0,0.0,285.0435980000001,159.25655800000018,0.5587094715244232,187.27200000000028,46,4.0711304347826145,72ea8093df3fb11222b7291a784e2272246d6349ad6d5da63900e79412997498,75082,a65f4d0444de573db665120dbee0d2a3ac930aa33b062a1732f4d6dbb0efa401,e5f1e908b0168ff7d21190d826a5f59b8d87deba2cbf7fa6a4f79cdf848f9bcc,d902e22bb6deb917c087978b3264108d8348ca1ace75745097c5467c065f0e47,838866119310f54dc14d18ee4e28cb30f267cacd766dde9cbd2dc3f714646ae6,/tmp/buckeye_slicer_current_A_5kbjxgm2
s11,s1101a,proper_D,92,6,0.06521739130434782,3,2,0,0.03260869565217391,0.021739130434782608,0.0,92,6,0.06521739130434782,3,2,0,0.03260869565217391,0.021739130434782608,0.0,285.0435980000001,157.4062380000002,0.5522181136655459,185.38400000000007,46,4.030086956521741,b35b56fbf50e01487bef7f59ef870fe839ea7b8d3f84afb9014d7c5503a3e4dc,75082,bbb014a7207127a7d0c685f5fb229712287627b580c1848388b62bec655fe998,0ce960ae773fbe4ba6dad07ade7f23e665446b13db559889c97bc48ef208f7c7,27d4e520afaa30733aee5a2534b0d6310189dec702afdfb59ca9c3b842abbaf2,5a4d0729098b5b736612ded053373e6d2adc366246998ccfd78f4000f1d6a4da,/tmp/buckeye_slicer_proper_D_noe8qobw
s11,s1102a,current_A,70,5,0.07142857142857142,4,0,0,0.05714285714285714,0.0,0.0,70,5,0.07142857142857142,4,0,0,0.05714285714285714,0.0,0.0,238.4946670000003,126.9472240000002,0.5322853781044925,145.12800000000004,35,4.146514285714287,72ea8093df3fb11222b7291a784e2272246d6349ad6d5da63900e79412997498,57721,b4c680e897c85f336578d41114edafdf0eea081b9cd811ff54a34ef00b13120a,b4a19a851a7ca77c773689a0cdc345fbe7a79b1d5da1617d40f5831795941c49,12146610a37051a1f8e90c287e16545143798869c501599a52ec5800badda105,1d5826f7cbd90bca25da3f8fb3a9cb4538aaf3308832a004b78258ee49aa6ca9,/tmp/buckeye_slicer_current_A_t35pgbw4
s11,s1102a,proper_D,68,4,0.058823529411764705,3,1,0,0.04411764705882353,0.014705882352941176,0.0,68,4,0.058823529411764705,3,1,0,0.04411764705882353,0.014705882352941176,0.0,238.4946670000003,124.37223500000022,0.5214885371000773,142.56800000000004,34,4.193176470588236,b35b56fbf50e01487bef7f59ef870fe839ea7b8d3f84afb9014d7c5503a3e4dc,57721,22911337e67f758624b91ff7c5d809db55d97438d5fd7b669f2f623489ecb8e0,75b2353b799c643c6a3f677fab07ade2405ec5bcdb5cefada17ef8a5ff6ed156,74b17f9d81f449282fe2823c8ebf86c347602a58fecaa8352c21b3a6f0f357e3,70fd35da56ec17a3852ffdf96ff6584d8c2c15b009d7c53fc157d6636ce2244d,/tmp/buckeye_slicer_proper_D_tbuy3owg
s11,s1102b,current_A,40,4,0.1,2,0,0,0.05,0.0,0.0,40,4,0.1,2,0,0,0.05,0.0,0.0,189.80443799999995,77.04573999999998,0.4059216992597402,88.71199999999996,20,4.435599999999998,72ea8093df3fb11222b7291a784e2272246d6349ad6d5da63900e79412997498,43675,0cfa8ba3d622f44bb40f322e59fbe08c67f005c377d018a8fb5035df4352d5b2,c23a1f56ed19e31f89574b18adecddcc02a1c0166589c5ec75dcd805b85aeada,f6e61d842a8f9503e4fdc732403ee619852c0d5f824d1013fd52d61e9888be9d,2e66ab1f39bd507595fa94236be58936ceb10ce24244cbea944af1081dc9c6b0,/tmp/buckeye_slicer_current_A_nt8bxqmu
s11,s1102b,proper_D,42,3,0.07142857142857142,1,0,0,0.023809523809523808,0.0,0.0,42,3,0.07142857142857142,1,0,0,0.023809523809523808,0.0,0.0,189.80443799999995,79.37723299999995,0.41820535829620575,92.27999999999994,21,4.3942857142857115,b35b56fbf50e01487bef7f59ef870fe839ea7b8d3f84afb9014d7c5503a3e4dc,43675,418aed13a6ea809d06ed51fa15f56918aa173ab895c46c9c1f8bc41848918c72,c6e199350c70963e322aa2eacd23070aa06e00a78fa2d6f4a38fdc433aadce7b,7b33797ec9cf7eeba29446ba3fa0d023f94173063453f2ade57a5d233ff0cbc9,1b7ab9c9ea67a3f8a9f4c5bfd82184bd642a918cf0aed9ca6578a6c054dfb64a,/tmp/buckeye_slicer_proper_D_1qo56fh3
s11,s1103a,current_A,68,2,0.029411764705882353,1,0,0,0.014705882352941176,0.0,0.0,68,2,0.029411764705882353,1,0,0,0.014705882352941176,0.0,0.0,300.7196709999997,126.72603100000005,0.42140918343848605,144.2000000000002,34,4.241176470588241,72ea8093df3fb11222b7291a784e2272246d6349ad6d5da63900e79412997498,76116,2cb9003afd7af49b46f5828f81eeaec567ad9338b23b2cfc8283853f623d78d9,ead738b7c81e88ef1781cd783e8a81c3550ff5f1df381a38fb90b9525faf85af,d77d288fe06c6404f4c0785c35fd76d5f17b3f8e93d5375face54df9fe76140f,c88ff23aab494cbbb9214604a6706cd60b2a0784097dd0282b5a043bc5ecf31d,/tmp/buckeye_slicer_current_A_478s641n
s11,s1103a,proper_D,66,2,0.030303030303030304,1,0,0,0.015151515151515152,0.0,0.0,66,2,0.030303030303030304,1,0,0,0.015151515151515152,0.0,0.0,300.7196709999997,122.48213999999997,0.40729673450593823,140.05600000000013,33,4.2441212121212155,b35b56fbf50e01487bef7f59ef870fe839ea7b8d3f84afb9014d7c5503a3e4dc,76116,0219d3902e4dde09790e18ec903ea5d6030eaea5b349c187bee73b7fcfee2bcf,9afcf85a9d66dbc0027ce7b3f3f352beaeff06d177777540b31c3021070196fe,1697c922475c9196c7c5f83898dd9547072154185c2910e532f19950f95650bb,5671afcb0c7584586fe9361e13f9b656b8d21c422321881002580e9624d77136,/tmp/buckeye_slicer_proper_D_a52xszs6
s11,s1103b,current_A,85,6,0.07058823529411765,4,0,0,0.047058823529411764,0.0,0.0,86,6,0.06976744186046512,4,0,0,0.046511627906976744,0.0,0.0,326.98767699999894,173.49216799999977,0.5305770834905205,198.21600000000004,43,4.609674418604652,72ea8093df3fb11222b7291a784e2272246d6349ad6d5da63900e79412997498,70288,6084e06f3b041db93a451fcb21efd0032041755d960ac5af65dfc6b65642febe,01fe5587c84542c5348e6227485a522272c3430b3631e0a2251a8b1ea191f660,4fe704e83e426eedbc78c1ebc247e10fd52ee4049a74d73141dd46bc3424621d,98a83dd23a2ff0bb8226185007cf6253dfbd28de3e670e05206f0d80fc659c4d,/tmp/buckeye_slicer_current_A_78pvw1m2
s11,s1103b,proper_D,87,6,0.06896551724137931,4,0,0,0.04597701149425287,0.0,0.0,88,6,0.06818181818181818,4,0,0,0.045454545454545456,0.0,0.0,326.98767699999894,175.10605799999973,0.5355127129148671,201.13600000000025,44,4.571272727272733,b35b56fbf50e01487bef7f59ef870fe839ea7b8d3f84afb9014d7c5503a3e4dc,70288,1a9611c4ef9509560195037a908379393bcd6213a21387a70331f503ba7270a0,ec989d5ce1bc3e742f6e28e2448fc121a865a9e9cf7948417d7cead8ec54c009,43e8a557b22d2eed138a057c56b63535ce539ad3a01c00c472889161b167cacd,00b567cec9db14915ffa5f174e26903c2dfc89b4b213cab661c4650c982bb650,/tmp/buckeye_slicer_proper_D_39y8t3u3
s11,s1104a,current_A,80,6,0.075,2,1,0,0.025,0.0125,0.0,80,6,0.075,2,1,0,0.025,0.0125,0.0,289.8333909999997,150.25120199999972,0.5184054241700532,172.16799999999998,40,4.3042,72ea8093df3fb11222b7291a784e2272246d6349ad6d5da63900e79412997498,62369,f7db308a1c92293c2c53b8343fef1ff9a8e11354070cc5733099d1c2265b6e9f,e58ba7c27f076d81bce570e166a7385e6c1a100b180c62faf3f5fda0c98cb00a,20d276932443b29f64689e154eb616f34e488aa65debe43ba47431b57b9b8bc5,550e0e6c5a7473bbd2638ee2a060722dafa78a857c56c8b431ff924ce07087c3,/tmp/buckeye_slicer_current_A_8a6bizg1
s11,s1104a,proper_D,80,6,0.075,2,1,0,0.025,0.0125,0.0,80,6,0.075,2,1,0,0.025,0.0125,0.0,289.8333909999997,149.19564399999976,0.5147634766485546,171.31200000000004,40,4.282800000000001,b35b56fbf50e01487bef7f59ef870fe839ea7b8d3f84afb9014d7c5503a3e4dc,62369,8d4b2a13a42d52890a09d381cd21b3c85378f6558f6269a8de40176b93e92983,45d9c2023d8867831848d29789c4fb3350465e79cec7d229b7905ed8239c8fce,5e995bd77f5d4bbb476089a0bdb694d6ba08344996cf3eb269b351e91814804b,7e5ac146ca893aa3875ce54024a185a3eed8011bf04ef36f380015480b14dbea,/tmp/buckeye_slicer_proper_D_101aip8p
s11,s1104b,current_A,68,5,0.07352941176470588,3,1,0,0.04411764705882353,0.014705882352941176,0.0,68,5,0.07352941176470588,3,1,0,0.04411764705882353,0.014705882352941176,0.0,275.3630759999999,118.25114099999993,0.4294371733412797,134.5280000000001,34,3.9567058823529444,72ea8093df3fb11222b7291a784e2272246d6349ad6d5da63900e79412997498,62336,2badf60746079438660c1dbf73c896aebfd3d45270685574174996336f4a26e0,e4402a49bf0ce753ffc7389c1e11c11574b12d78c9646757c6088daf10f5b457,8c98da0ba47ce70365f9db9da94151556a5f8e31ea89d7b8b221325a4a956874,55ef6dae8199a5702e90a5242d7a256217e5c2fc202a03d46f180c8ab77c2c87,/tmp/buckeye_slicer_current_A_mg1n7t1g
s11,s1104b,proper_D,66,5,0.07575757575757576,2,0,0,0.030303030303030304,0.0,0.0,66,5,0.07575757575757576,2,0,0,0.030303030303030304,0.0,0.0,275.3630759999999,115.3574859999999,0.4189286656574098,131.75200000000007,33,3.9924848484848505,b35b56fbf50e01487bef7f59ef870fe839ea7b8d3f84afb9014d7c5503a3e4dc,62336,a5c8ff4ccbfb316fa8c3749cb99d70337dfe08a71bf6ce5c15d4cf58ffa16d0c,ee2791d55fb5d3b2d90f0cb844a5b7e1b9c6f73a684063dcf9e8e71e5b2e2331,476413d5875f0849e440f6ffa3645ea331fb6e0d0f908d629b96be8ce22b3b96,3be34f9e3a784c59732f2d74bcec366dee92ef813553ac5b39e24a7b48efb2fa,/tmp/buckeye_slicer_proper_D_b2eaqrcf
s12,s1201a,current_A,100,10,0.1,8,0,0,0.08,0.0,0.0,120,15,0.125,13,0,0,0.10833333333333334,0.0,0.0,358.78190500000005,308.2507239999999,0.859159059317665,358.272,60,5.9712,72ea8093df3fb11222b7291a784e2272246d6349ad6d5da63900e79412997498,76021,378d35eff008c2ccda84ef57d2a0e97d039cc52fba50d605af8d0e748ebac09a,73f20107f77aae131624ffcb22407cb8385ae68a25302c3498b532a9393e8459,bdeb4b0bd6965714149666aece837361d5db1a0d32a60733e8076fb420699354,c9c8c514018f3c4f74fa455c0b45624e5d25d8cecf25088265ace0c444064092,/tmp/buckeye_slicer_current_A_odztolg5
s12,s1201a,proper_D,82,3,0.036585365853658534,3,0,0,0.036585365853658534,0.0,0.0,94,4,0.0425531914893617,4,0,0,0.0425531914893617,0.0,0.0,358.78190500000005,258.879052,0.7215499120559047,297.4159999999998,47,6.327999999999997,b35b56fbf50e01487bef7f59ef870fe839ea7b8d3f84afb9014d7c5503a3e4dc,76021,bf6ee60380a91a974f6158530ccfd0e7ed007c2a0f8e34f4ab7e5f783b0507e5,c74b3274c57b3929539c6f602a410dde5f78cfef45411d90bccc3ef7f9eb6f57,1678ea871efe72bd87924012192b38ece9f28995d74b55c1dec407c551b04b17,27183d9beb49c4e66b2a0fb9d43cc02848434a7ebb279d41ddd3463262befa7e,/tmp/buckeye_slicer_proper_D_sqlp06u8
s12,s1202b,current_A,79,10,0.12658227848101267,4,0,0,0.05063291139240506,0.0,0.0,96,14,0.14583333333333334,6,0,0,0.0625,0.0,0.0,279.36872900000037,235.98491100000038,0.8447076802214326,273.14399999999995,48,5.690499999999999,72ea8093df3fb11222b7291a784e2272246d6349ad6d5da63900e79412997498,56334,8e3bbbcc0325710513177f0b0587828a511a2218d95606cb2f1fe7edb05a1be2,064df653db2169c6771101990e9f4d51a974713627b1975adb90561a22ff25ed,31a7c8390f7ab89f39fd3212e1355a692b4945576e3122630439fc3f8fa7183f,52e4c1f89901087c1a8f4dfb53cfa22a610c22d74f486041133b9f9ef0b55c24,/tmp/buckeye_slicer_current_A_a50dn9h_
s12,s1202b,proper_D,73,5,0.0684931506849315,2,0,0,0.0273972602739726,0.0,0.0,88,6,0.06818181818181818,3,0,0,0.03409090909090909,0.0,0.0,279.36872900000037,220.1408360000002,0.7879938344853189,256.448,44,5.828363636363636,b35b56fbf50e01487bef7f59ef870fe839ea7b8d3f84afb9014d7c5503a3e4dc,56334,8705ed0c6920cef15f840b8c5a1dcfc709a69debb0e8663d578329265b8835ee,9ef4c8966c79cc586e93e21608e5bdb9a2501c473a15ad4be1617fe58934b30c,829fb59b5b59fa74bab08b592a5792c82fdc767f12924bfb87c0c6628a44bef8,6deedf30113dc87576f0fb955f73b0927ceaca58ed4c5e5a9a5793de464e9e9e,/tmp/buckeye_slicer_proper_D_xm5jqrky
s12,s1203a,current_A,101,12,0.1188118811881188,5,1,1,0.04950495049504951,0.009900990099009901,0.009900990099009901,122,16,0.13114754098360656,7,2,2,0.05737704918032787,0.01639344262295082,0.01639344262295082,388.30411899999996,335.21329799999995,0.863275153668921,376.36800000000005,61,6.169967213114755,72ea8093df3fb11222b7291a784e2272246d6349ad6d5da63900e79412997498,75184,2aa97e2d664d52bd05bc269be9f32bb13f251606991eb0877b287755d83a6553,342a381ed8b501dc368e3c7a392d17dac33ceaa5195a2883e54b4aa580da6083,f16da8f6cb19faf0f97115e466448392af5741a33a41d64f576c0cf119277bd3,119b47279b386fb4cb1f2a2b58063baa4847e3376b179166b133050fc693cbde,/tmp/buckeye_slicer_current_A_x42_5rga
s12,s1203a,proper_D,92,6,0.06521739130434782,3,0,0,0.03260869565217391,0.0,0.0,104,6,0.057692307692307696,3,0,0,0.028846153846153848,0.0,0.0,388.30411899999996,306.89688100000006,0.7903518556289126,345.52000000000004,52,6.644615384615386,b35b56fbf50e01487bef7f59ef870fe839ea7b8d3f84afb9014d7c5503a3e4dc,75184,9cdbb95e47b0e76e99c415b841eeb62f8b6f14be81eee72dedec39ce56d2746a,17d3e90764dfea423bf014731a428b35693e2462c2d9bcaa0f142de1366a0d49,be1333b4b6327cf9476879b8fe6a5eb8fd4370c19ed1c2e4f4b626a9b13044d7,8df519ef95366e2e5ff10b4759c43fd2f9dc41301f0bb47f4835d4070e1ffaf9,/tmp/buckeye_slicer_proper_D_wzpkllyq
s13,s1301a,current_A,125,10,0.08,4,0,0,0.032,0.0,0.0,126,10,0.07936507936507936,4,0,0,0.031746031746031744,0.0,0.0,392.2692699999997,286.1710419999999,0.7295270465616643,318.7840000000001,63,5.0600634920634935,72ea8093df3fb11222b7291a784e2272246d6349ad6d5da63900e79412997498,75357,afec762f7b8c2f553aad5060b622d225bc1f4288dc620307a57c1c386a968cba,ae5058e26455047843dc4e501799051512e63f253737f361fafb67b743dab90a,69d258d0f3284ca263c3c8cb2a982aa436590b5ab86400c2723967ec256cfb61,4de94db79bec7f18f8c229bed3300757654de4ca143ca972a53e2c2c1a1a36db,/tmp/buckeye_slicer_current_A_eqmvaoyo
s13,s1301a,proper_D,112,5,0.044642857142857144,2,0,0,0.017857142857142856,0.0,0.0,112,5,0.044642857142857144,2,0,0,0.017857142857142856,0.0,0.0,392.2692699999997,259.1609329999999,0.6606710054040177,287.1360000000002,56,5.127428571428575,b35b56fbf50e01487bef7f59ef870fe839ea7b8d3f84afb9014d7c5503a3e4dc,75357,1e270e6e822774a151b926b0f74158066e5d2173bb54f255ca68fa796f0f1009,f2983209ffcd0777c03a5b418a3af0cfb79be3129ed56be03021094aed0b452e,806e0950ee9e6981615cf2ad8a0f1ce809c4cc721f102ca6551e5d8017705536,09d6f523d037a585f5d662bf97281e81035463decb1c365b9217c3e57a9d9400,/tmp/buckeye_slicer_proper_D_8h1l1k89
s13,s1301b,current_A,122,6,0.04918032786885246,5,3,0,0.040983606557377046,0.02459016393442623,0.0,122,6,0.04918032786885246,5,3,0,0.040983606557377046,0.02459016393442623,0.0,397.994431,266.1733969999999,0.6687867373702018,288.304,61,4.726295081967213,72ea8093df3fb11222b7291a784e2272246d6349ad6d5da63900e79412997498,70743,b5d440f453753bd3d5e44ea770ca570dcaf9fd01209ac4b21867bc477d47c793,5e542bac0915eacb6b9fdd4e111df225e6b70716dc5b1b6f55f6e92824e1bb9b,c29f482651c721d5cbe4c29cae5bf5233d368a7547cd90dc2cb01fab05901c7a,abfdc10aac0d4723eaee54f1afa43878e95e826210312adef00b456235aa7025,/tmp/buckeye_slicer_current_A_zasfuz1u
s13,s1301b,proper_D,124,5,0.04032258064516129,5,1,0,0.04032258064516129,0.008064516129032258,0.0,124,5,0.04032258064516129,5,1,0,0.04032258064516129,0.008064516129032258,0.0,397.994431,267.47904300000005,0.6720673008613028,290.79200000000026,62,4.690193548387101,b35b56fbf50e01487bef7f59ef870fe839ea7b8d3f84afb9014d7c5503a3e4dc,70743,ab9df3c2c811003bc41e7bf15e86750445f75a37ba242e2ca85bde6172665d48,8b0aa7450070d51abdc5056aae8f93beba233ae9f2742e8809536765e16b8b06,2d2edd2f8e9c7c608c5c8e04f9f52ea8345363c9cd1c7ea8291992867603d89e,11449adb0ec010c62ccd70fa23f466a488a0d93b623a99c8d3ddf21edfa4059a,/tmp/buckeye_slicer_proper_D_oa_0750i
s13,s1302a,current_A,143,7,0.04895104895104895,3,1,0,0.02097902097902098,0.006993006993006993,0.0,146,9,0.06164383561643835,5,2,0,0.03424657534246575,0.0136986301369863,0.0,461.33878399999975,346.5018149999998,0.751078875258838,374.23200000000014,73,5.126465753424659,72ea8093df3fb11222b7291a784e2272246d6349ad6d5da63900e79412997498,75011,a7899faf20e004ef6fbefd980d66c68767176592e8ae787507f7eef97e437f29,a5be94f56244f51fa10dcc5eca2b656ef8731690b0fac3ce4983007666a13d1f,f2ef78b87249b64d0fb6b7cd1a10de16f3ae65274fce31462c86c0bd700f584f,95055c8586a82b11bcc6545b9612735b757e690ba9944bf5e17ac144b4ea32f3,/tmp/buckeye_slicer_current_A_213or2oz
s13,s1302a,proper_D,142,7,0.04929577464788732,2,1,1,0.014084507042253521,0.007042253521126761,0.007042253521126761,144,7,0.04861111111111111,2,1,1,0.013888888888888888,0.006944444444444444,0.006944444444444444,461.33878399999975,341.5718209999998,0.7403925983383178,369.51199999999994,72,5.132111111111111,b35b56fbf50e01487bef7f59ef870fe839ea7b8d3f84afb9014d7c5503a3e4dc,75011,1510b7e057cbf5d3e34794a40416df3587696d85d75fdf0dd2b21abb275ab0f8,78caf65d8c614e934132e34fd391d04c0124b2d30c6702e288f4b9e317244391,cb78863db888028099eab4b11a9bad6779f022f9281cf678c86555aa07b57610,82de487ba2b8b081090508744baca135e989d5d564903bf8aae25adcf36e77c4,/tmp/buckeye_slicer_proper_D_kzh2hh7t
s13,s1302b,current_A,90,3,0.03333333333333333,0,0,0,0.0,0.0,0.0,90,3,0.03333333333333333,0,0,0,0.0,0.0,0.0,385.7584199999994,192.37342599999968,0.4986888581719098,214.79199999999986,45,4.773155555555553,72ea8093df3fb11222b7291a784e2272246d6349ad6d5da63900e79412997498,74949,3dfdabcd76851c9d50a7043da54ada4537358754ce425bc8a809422655516260,7d070c97b2217695b4a1ddbb7fb9f8a9c0c261a6060449baa8fcce16a47f63f3,8329412c0111f8ba47dd62560ab483e6b69b6b7d6c6976d79234f202885984db,6f84fb0db4360014066f101350b2586d8d94d150aa9fb218967f4b3c8b5142ea,/tmp/buckeye_slicer_current_A_xtcj3e90
s13,s1302b,proper_D,82,3,0.036585365853658534,0,0,0,0.0,0.0,0.0,82,3,0.036585365853658534,0,0,0,0.0,0.0,0.0,385.7584199999994,182.6209489999997,0.47340755128559475,198.03999999999996,41,4.830243902439023,b35b56fbf50e01487bef7f59ef870fe839ea7b8d3f84afb9014d7c5503a3e4dc,74949,b87e342f140f6dae43bd72448f1b7a74bf1d822a2540cd8f7aa49ae4915d8249,cd014c53dbbc9aa55a1180c51fd64e5d2656ab6c0e2625b019522e7ec6496b6d,c1e871345afa5158eb50b3242119f6aae53433147ee3e1cf93e2fc478b5473e2,cbcf122a77ebac1a0175cefd33c677dbd8ba325b617588b2dec0a3fde26e9d96,/tmp/buckeye_slicer_proper_D_5q9ufy23
s13,s1303a,current_A,90,3,0.03333333333333333,1,0,0,0.011111111111111112,0.0,0.0,90,3,0.03333333333333333,1,0,0,0.011111111111111112,0.0,0.0,394.1540639999997,204.49887099999972,0.5188297918957899,222.536,45,4.9452444444444446,72ea8093df3fb11222b7291a784e2272246d6349ad6d5da63900e79412997498,75006,74de14d14faa53d772404680adcdfb9817cfd9056b7532f3ae045b4d4135f684,3e410510a34be3ab8a1900beb31a11ca67e17af55b4d26046a46279ebf7ab792,9f926081b5326131197a9ef15c39d65f544913df72ad5854b6a843e5b6b43b90,0e0616cd84106e7d8d1fb71072dacc4bcc0b0d50799306602d80655925eeaac9,/tmp/buckeye_slicer_current_A_kinxffll
s13,s1303a,proper_D,86,3,0.03488372093023256,1,0,0,0.011627906976744186,0.0,0.0,86,3,0.03488372093023256,1,0,0,0.011627906976744186,0.0,0.0,394.1540639999997,195.9781929999998,0.49721215864464596,213.7359999999999,43,4.970604651162788,b35b56fbf50e01487bef7f59ef870fe839ea7b8d3f84afb9014d7c5503a3e4dc,75006,a34f4bd97d36f8532d9dab5d4d4c237825c7a498de074d2d7073df0dbe7a2ecc,6de9955cef055283da2f359462a3b1f3ddd0624c8eaa4ab0eca47001c48999da,d34c4da0f21691200f95ba7970908400929324dd58553c1cd960221041ee833f,93e34891987e0caa7829a7229db39cf90fe5f3c95dbf987740e8bb3b663c4cf2,/tmp/buckeye_slicer_proper_D_g03wwdlq
s13,s1303b,current_A,129,8,0.06201550387596899,4,1,0,0.031007751937984496,0.007751937984496124,0.0,132,10,0.07575757575757576,5,2,0,0.03787878787878788,0.015151515151515152,0.0,394.5759039999998,306.36341400000015,0.7764372099113287,333.67999999999984,66,5.055757575757573,72ea8093df3fb11222b7291a784e2272246d6349ad6d5da63900e79412997498,71277,aaf5accaea7822377e1b219dc53e6b6f87412c5e875082dcee77189432ae7025,25c0f8fcbef8f0f6d6b8b3d305887bf1747f65855c1fe264a1bf41345bc7000f,f14934afe7c8e0ffcb4ddaf335c7d64a7192564ec189937b4133955593b8561e,1302ae222ab7d56288db328d7bfc2df3b335d98b8c17db2da303c97bd5dd4701,/tmp/buckeye_slicer_current_A_njsnmam_
s13,s1303b,proper_D,123,5,0.04065040650406504,1,1,0,0.008130081300813009,0.008130081300813009,0.0,126,5,0.03968253968253968,1,1,0,0.007936507936507936,0.007936507936507936,0.0,394.5759039999998,288.5305130000002,0.7312421008861208,315.624,63,5.009904761904762,b35b56fbf50e01487bef7f59ef870fe839ea7b8d3f84afb9014d7c5503a3e4dc,71277,1ef36094e89eb52fd0f9a402c9762f9b8ce4f928d255795d4d30a75a9b23c813,ce0769db682191e2bed931900a07e1a957354e340387d67b172e25c2f616b29a,c0d675c4f30f7dd55b639008d031a88c0f4d51c31a1d48340c55feeee3cc1005,ccd697d068d12bea6498aa814e00cea29253eb38a1a7a78fd16780308c9fbd3b,/tmp/buckeye_slicer_proper_D_muz_5yhr
s13,s1304a,current_A,54,5,0.09259259259259259,2,1,0,0.037037037037037035,0.018518518518518517,0.0,54,5,0.09259259259259259,2,1,0,0.037037037037037035,0.018518518518518517,0.0,181.15421500000005,122.172421,0.6744111419102226,131.43999999999997,27,4.868148148148147,72ea8093df3fb11222b7291a784e2272246d6349ad6d5da63900e79412997498,31257,eadd6ceab1c5299c881a5a98025ab2695487e42bf95b3f8bb786a6282fc5bc0d,dfb801d92b84785d18e87c8115e5b36f9c6dbcf46323a279722537679f46cbde,136b0d5e4eae5f04fb72669c359f1023b0f32679dc5e79f96f087024e5516850,9e040539d787d13e805e4070cd17f6d24fecedd3e7298ba5a4bc6ae860dba238,/tmp/buckeye_slicer_current_A__phw5yn7
s13,s1304a,proper_D,54,4,0.07407407407407407,2,0,0,0.037037037037037035,0.0,0.0,54,4,0.07407407407407407,2,0,0,0.037037037037037035,0.0,0.0,181.15421500000005,122.19869300000003,0.6745561675172725,131.79999999999995,27,4.8814814814814795,b35b56fbf50e01487bef7f59ef870fe839ea7b8d3f84afb9014d7c5503a3e4dc,31257,b733e093a1439541b87f7b8da46a368fc16a4e70f2fd60198932389e59b6ae16,7e741ce34131665d6aa3abfe3c39d352619ba840df59e350cc664cfca1b4769a,cc0ce78cc7f04f53ff329b5d70d2b9b373aa06c6bede13ebe56109899caf898c,31822234056778849d556e1bacd365d7a1b7cc95fba026c50d9f428e1e305263,/tmp/buckeye_slicer_proper_D_v342qw6y
s14,s1401a,current_A,88,16,0.18181818181818182,15,3,1,0.17045454545454544,0.03409090909090909,0.011363636363636364,104,24,0.23076923076923078,23,6,2,0.22115384615384615,0.057692307692307696,0.019230769230769232,339.05232500000045,282.7750400000004,0.8340159295471576,304.83200000000033,52,5.862153846153853,72ea8093df3fb11222b7291a784e2272246d6349ad6d5da63900e79412997498,71763,d6673005a5c167408b51cb1ff1b144d21a702a731ef2182fc4c2b7faa06df3a5,fcf57fac2e9c99cd18152b14330ac044366e8ee120e398b78477c7c3c59f36e4,43c7d59052a7f6fbe9ac8dc6abbb721ba66cd38620a0cc18c88b02a3db51d974,1efe6007cf4aa7d1702e63d57957cef41d2c9afe7d7cf90b3f632889ecae2dbc,/tmp/buckeye_slicer_current_A_7skejm3b
s14,s1401a,proper_D,76,4,0.05263157894736842,2,0,0,0.02631578947368421,0.0,0.0,86,5,0.05813953488372093,2,0,0,0.023255813953488372,0.0,0.0,339.05232500000045,243.18941300000046,0.7172621895455226,262.86400000000026,43,6.113116279069773,b35b56fbf50e01487bef7f59ef870fe839ea7b8d3f84afb9014d7c5503a3e4dc,71763,5ff8da899f599659717278b9be9bd7940038a8841fa79c08f363f6cf3703ace5,632c69bf6e0e2318cc0e54e46df0aad0772325e34add517bb6e3e1a7890fd050,8ccb4cd8937eb19a5b3cc1b4bb88054419338d26ea178309c61960b08ecdae24,44d8b01b241d02516e767d45cbb67de2586f7bd4579f366c13cc1780ec49251c,/tmp/buckeye_slicer_proper_D_ihtff72m
s14,s1401b,current_A,107,12,0.11214953271028037,10,4,0,0.09345794392523364,0.037383177570093455,0.0,134,18,0.13432835820895522,15,6,0,0.11194029850746269,0.04477611940298507,0.0,475.42898099999957,403.1297449999998,0.8479284206698374,441.01599999999996,67,6.5823283582089545,72ea8093df3fb11222b7291a784e2272246d6349ad6d5da63900e79412997498,92677,ce7036946ba93d689f3952d43f2a0c12b9d36ae22759406e26135bcbd0cc4287,a9acc4490a76b6c7c04752b762c687aed967a05e8cdf215dd2047f62a77f3fd6,b2ec9d464acf40f2e18b22080f61a80cd23d501a3794bd5a4886e3418abb397b,74ca1a269666cdb849088b83c5ce9977095b904be36185abdef654f7bc68e3c4,/tmp/buckeye_slicer_current_A_flu4exrw
s14,s1401b,proper_D,93,7,0.07526881720430108,7,4,0,0.07526881720430108,0.043010752688172046,0.0,110,11,0.1,11,6,0,0.1,0.05454545454545454,0.0,475.42898099999957,339.84371499999975,0.7148148905125329,371.8639999999999,55,6.7611636363636345,b35b56fbf50e01487bef7f59ef870fe839ea7b8d3f84afb9014d7c5503a3e4dc,92677,e0984d4958042d456a99fce59c8ecbcbb6c50201642f59d3ac42a84ee4adf1af,d71eb5284b6bd33bd25bbdc3bba573b64b138cb6138daddab3dc0af7f603643b,403823ddf9af0dd90d6997faadf036903ca57e37e6503d51c75bb024b63d4299,bf5c8c47e7183bd21a3fab5b37b2af9ca45bda4a780944c6cfc22675c5e2727f,/tmp/buckeye_slicer_proper_D_c2qb6h61
s14,s1402a,current_A,100,16,0.16,9,1,0,0.09,0.01,0.0,116,21,0.1810344827586207,13,2,0,0.11206896551724138,0.017241379310344827,0.0,382.0668270000001,313.1350250000002,0.819581818863327,340.0400000000002,58,5.862758620689658,72ea8093df3fb11222b7291a784e2272246d6349ad6d5da63900e79412997498,75009,ed010cb5c20d76e5397dc2120ef0e3617da22c664ec65cd2f7ee451262cb7232,3a6429796f7013f73e53a0e75e5ae4b754e74c2b5137619fe2c22321231d8b24,4a7421cd2bc85498122c23e14c7bda1c5f89c0741c24206eae7b6fcf65badc3a,730771561fe391fb50a25dd6ad4898502c4fe448b4116c723888cce15213111a,/tmp/buckeye_slicer_current_A_mab4f0bp
s14,s1402a,proper_D,89,12,0.1348314606741573,4,0,0,0.0449438202247191,0.0,0.0,94,12,0.1276595744680851,4,0,0,0.0425531914893617,0.0,0.0,382.0668270000001,264.7921049999999,0.6930518074001746,287.72800000000024,47,6.121872340425537,b35b56fbf50e01487bef7f59ef870fe839ea7b8d3f84afb9014d7c5503a3e4dc,75009,446f2ab74fc700c6a9ebfa42724969eae2f7bf6639dc30c7666d74f06af49d9f,18f6815da998a24b6e5f7ac8e78cc59e0dbdd4cb5ee15a80347431773fc01504,53551c4f72351cf2b0bb551ba902cb777c5ce845609f11444a9e4978e21753a2,3defe25cd7b07fe8461015843c7a8cabcc4a0310ecadfad2c84d3fa74c7fa2fc,/tmp/buckeye_slicer_proper_D_xcw46f8z
s14,s1402b,current_A,96,10,0.10416666666666667,6,1,0,0.0625,0.010416666666666666,0.0,112,12,0.10714285714285714,8,2,0,0.07142857142857142,0.017857142857142856,0.0,363.4329330000003,315.8606300000002,0.8691029384505448,341.53599999999994,56,6.098857142857142,72ea8093df3fb11222b7291a784e2272246d6349ad6d5da63900e79412997498,71655,2b4720e6957f7830c5e729c2faba6ec6d2ceadaf21716568b438bba835cce058,e9d268b2f546dc3c52263b687beac5b04b18233c19db19f1bb8441a780caf96f,91edbc007d7ffebfdb4313a3a00331c6b21a137279286bb5b7be62707e56ce82,3d773ad7eb9cfe251e21264b81a8061d5180111da6f192fe0360f94eae6b9ee7,/tmp/buckeye_slicer_current_A_6veo5ou9
s14,s1402b,proper_D,84,6,0.07142857142857142,1,0,0,0.011904761904761904,0.0,0.0,98,7,0.07142857142857142,2,0,0,0.02040816326530612,0.0,0.0,363.4329330000003,277.5838190000001,0.763782788501448,301.6719999999999,49,6.156571428571427,b35b56fbf50e01487bef7f59ef870fe839ea7b8d3f84afb9014d7c5503a3e4dc,71655,f886f76646334a166d1b9c98a164cbfa789a95cfcf816e7e349ef3ce32bd7c86,0211c33d601c76687bf444e0b71de2bd9e37bb2000e95d115584cff4c1ceb72c,f2fbac5fd18e9d482e1864c46d71876eef930153825d4ed2b30fdb6c1162dad8,5e003b49f23dc12903f63242174afa1cf2397a666062c009dc86e7298b931463,/tmp/buckeye_slicer_proper_D_ia1pgwkl
s14,s1403a,current_A,97,7,0.07216494845360824,6,1,0,0.061855670103092786,0.010309278350515464,0.0,106,10,0.09433962264150944,9,1,0,0.08490566037735849,0.009433962264150943,0.0,331.02790899999997,253.63042600000006,0.7661904603940815,276.34400000000005,53,5.2140377358490575,72ea8093df3fb11222b7291a784e2272246d6349ad6d5da63900e79412997498,64196,c2f5198d251d2dbce043732b1bc205166b44697248b8f5c5992454be24fddb44,644fd447b0f9e7757fe5947cd79216387451be1605d2e9b714e1ccbb00d5e0bd,a5eea84be03a51c9925f1b98c0e381a3c1bf2455abe4b9592c846bd25503ddb8,3d25e4c654e7b14775516994493d27eeed32cc83732e69f03868b7c273231388,/tmp/buckeye_slicer_current_A_st8jazj_
s14,s1403a,proper_D,82,2,0.024390243902439025,2,1,0,0.024390243902439025,0.012195121951219513,0.0,88,3,0.03409090909090909,3,2,0,0.03409090909090909,0.022727272727272728,0.0,331.02790899999997,207.5594190000001,0.6270148629673401,227.34400000000016,44,5.166909090909095,b35b56fbf50e01487bef7f59ef870fe839ea7b8d3f84afb9014d7c5503a3e4dc,64196,237c4427694a147eebaab3268abc29d15741f70edfd86884b85d5feb7f2fc75a,8bed6a2d0908bbf5f0b8c51a307208278f8c757762fc2cc4f9b082067583ba6a,fe71eb4a823506bd66368d9c1e06f24cecd0834aefaab41cdce0885860aa8998,c29a7faa9d067a1d40f52015f0fca3057b3d66c4de1788b0a236cc07dfa491db,/tmp/buckeye_slicer_proper_D_s6kzaj8q
s14,s1403b,current_A,64,8,0.125,6,2,0,0.09375,0.03125,0.0,68,8,0.11764705882352941,6,2,0,0.08823529411764706,0.029411764705882353,0.0,233.89246400000053,173.98394600000034,0.7438629831186008,189.91200000000012,34,5.5856470588235325,72ea8093df3fb11222b7291a784e2272246d6349ad6d5da63900e79412997498,62621,d6ac1cb1eb0fcb0f98d8c422ab9035c08f43cbee45fb6ca881dc7b9781fcf9ad,0a15973b70bbaa15ef727c2391386aefe9314f6d3310a7667487f886098a299a,24ac2a9bfb4c090806c873505767994d285467fcb0649f2b3e94169ffb03b8ca,f81bae159b401104f52d1faff70b68955c0f6cb8fc770dac3e694d3fbad627e0,/tmp/buckeye_slicer_current_A_5nyh30m0
s14,s1403b,proper_D,59,6,0.1016949152542373,2,0,0,0.03389830508474576,0.0,0.0,62,6,0.0967741935483871,2,0,0,0.03225806451612903,0.0,0.0,233.89246400000053,171.6613790000003,0.7339329197027908,185.76000000000002,31,5.99225806451613,b35b56fbf50e01487bef7f59ef870fe839ea7b8d3f84afb9014d7c5503a3e4dc,62621,bc40bb3bd0042d981fe17ac89b3ab46cd329ce5dbc7c4bdd7ad44fc659b73a88,cde384e27cf78de8abb30f339b42d56c484786bc5b29ca80b56c885a8436d323,a9afe01d181d90203961f96e5aa27905cdf99b39c3d4211b848ee735e5d0c4ab,2b80a50304897547d491b141264da007eebdd652f8554ce2af216be60f011ce9,/tmp/buckeye_slicer_proper_D_xq8h16ii
s15,s1501a,current_A,111,9,0.08108108108108109,5,1,0,0.04504504504504504,0.009009009009009009,0.0,120,10,0.08333333333333333,6,1,0,0.05,0.008333333333333333,0.0,395.99358299999983,307.7680549999999,0.7772046523289243,358.59200000000016,60,5.976533333333336,72ea8093df3fb11222b7291a784e2272246d6349ad6d5da63900e79412997498,74750,461f77ca3576fcdf7d6aefd48c4c16bcbcad77a8d9e6e907df958d09613a2fb5,cb264597b44db4c91c7f7e0e469c1ae2baf1f7895111da461b862678c4cf21c7,51ad0ddbe58b4481d0eeeda8806c083bd9ab79edbbb2ca8ad9dc87ed3a754b3f,473ea48f1865e9c79e2a856147e22c698b435499ba3ad7314172abf4d8b57fd6,/tmp/buckeye_slicer_current_A_2ocyl7kf
s15,s1501a,proper_D,105,2,0.01904761904761905,1,0,0,0.009523809523809525,0.0,0.0,114,2,0.017543859649122806,1,0,0,0.008771929824561403,0.0,0.0,395.99358299999983,294.52887200000015,0.7437718302622097,342.6480000000002,57,6.011368421052635,b35b56fbf50e01487bef7f59ef870fe839ea7b8d3f84afb9014d7c5503a3e4dc,74750,3a8c21369902496c96530c2de941ec9221e22eb6672ec7c1252a580656207ff7,6569dd66a179ec35f274e9d7c19132aca157866e4f773c6f54998f5823ec177f,de34667f20e1f954cb6260d2eeb7319c3f5daf7a4a9fb5e062c24a5fc8c2d2dd,8550fd231459d9ff3cda3012ba414f940f3ff01da776bd437825a282dbe027fe,/tmp/buckeye_slicer_proper_D_zdzssrus
s15,s1501b,current_A,126,9,0.07142857142857142,5,1,0,0.03968253968253968,0.007936507936507936,0.0,138,12,0.08695652173913043,7,2,0,0.050724637681159424,0.014492753623188406,0.0,388.26682699999975,330.86255900000015,0.8521525301464922,386.3199999999998,69,5.598840579710142,72ea8093df3fb11222b7291a784e2272246d6349ad6d5da63900e79412997498,74620,7ffb77da2518b3b0bcdd71142ab1e531263e11f5c9d313d0cbb548445ba07593,46c6cbe0c5b876e7937645467c7458cfa583f9b48a6c85bf0bd6b54a82bbffb6,309145de2321f967cd46b0581e35efdc58aedb00231126d3de7d985db546d36c,a1e85a8ca54c790ae9423fb6456a7e0216fa639d55fb5500c887989b38eef37a,/tmp/buckeye_slicer_current_A_e6np4aa5
s15,s1501b,proper_D,103,5,0.04854368932038835,4,0,0,0.038834951456310676,0.0,0.0,114,7,0.06140350877192982,5,0,0,0.043859649122807015,0.0,0.0,388.26682699999975,275.69793000000004,0.7100733589068638,322.7199999999999,57,5.661754385964911,b35b56fbf50e01487bef7f59ef870fe839ea7b8d3f84afb9014d7c5503a3e4dc,74620,9b087332fc599b20cc06157341f32fbeb9d6429aeffc7e5795e3802dcdf2b2a5,f13e71133bc40db1584aed171578f0eb002c3f1cf25f4ed06ab07788299eed91,337a189e567fe486d92fa057a90f5edd4fd295ffd3fb26bf2e04edab8393e321,2652ef9565f726d696e1a440634940c4266163155175d7c6ca0853175220405a,/tmp/buckeye_slicer_proper_D_w5jbd13e
s15,s1502a,current_A,108,6,0.05555555555555555,3,1,0,0.027777777777777776,0.009259259259259259,0.0,112,8,0.07142857142857142,4,2,0,0.03571428571428571,0.017857142857142856,0.0,351.06815300000005,270.46735200000006,0.7704126668533219,307.4480000000001,56,5.4901428571428585,72ea8093df3fb11222b7291a784e2272246d6349ad6d5da63900e79412997498,70312,279baf3bfa1a0b3b331e7265e083ece94bcedd9cf623ea95da5dd54d56ee9ce5,cdc4c11549b65063606bb8bdedafeb037e2297e5233c58ab4a2222a4bbca8281,277c4cc094a984d7f54a46ca9ea37cf5568c88fa4023ac3f990866c5cdc65314,95347cd5668b4f3b80b3532e72a5abc32e54de1eaccdbfae5d4d41bbc2c3ce8b,/tmp/buckeye_slicer_current_A_yf0q8pqp
s15,s1502a,proper_D,91,2,0.02197802197802198,1,0,0,0.01098901098901099,0.0,0.0,92,2,0.021739130434782608,1,0,0,0.010869565217391304,0.0,0.0,351.06815300000005,236.1825580000001,0.6727541532370214,271.2080000000001,46,5.895826086956523,b35b56fbf50e01487bef7f59ef870fe839ea7b8d3f84afb9014d7c5503a3e4dc,70312,3a26fb77af7222c91e3a4e2c3126a3270b0241bdafedb1072e88876a32604e8a,f79a650b0634f0307c60234ca242bd8fd0d6a6d80566db621644cf3adac758e0,d1bd91e239e5c804d129a86747961e1f64fa66061a23a16688dae308068997cb,5089e8edacbeff1aaf920bd072a00b4473691a0019255a2f2b47564616fa9b22,/tmp/buckeye_slicer_proper_D_rprt4sz_
s15,s1502b,current_A,110,6,0.05454545454545454,3,1,0,0.02727272727272727,0.00909090909090909,0.0,124,8,0.06451612903225806,5,2,0,0.04032258064516129,0.016129032258064516,0.0,403.84522399999963,301.1888469999997,0.7458026716690848,351.78400000000016,62,5.67393548387097,72ea8093df3fb11222b7291a784e2272246d6349ad6d5da63900e79412997498,70494,cf935c9f6b8c040a619486a2cb671d3aac4a5e7d7ec53e4b53edf82d87658d28,90e899a415fc8a930ae81b46c0e8951ff0a9cc69491ac8f763e2e7b6381dc003,b6e13807ac81a5f721f04e9446440385a0029adc1b358b7f0adbb5d203687a4c,34ecaddb47dde0d3eee43e786cadb0481c6b6b3bd114e4b4b2e54d72a7e1fa6f,/tmp/buckeye_slicer_current_A_9ged25f4
s15,s1502b,proper_D,99,3,0.030303030303030304,2,0,0,0.020202020202020204,0.0,0.0,106,3,0.02830188679245283,2,0,0,0.018867924528301886,0.0,0.0,403.84522399999963,268.4628759999997,0.6647667473715126,312.92000000000013,53,5.904150943396229,b35b56fbf50e01487bef7f59ef870fe839ea7b8d3f84afb9014d7c5503a3e4dc,70494,b41d8e5b1a3d83e58a38aa9c802be4d1b105e7b07eb24cd8a65997c18231fd21,e6fde8784c452b4ad51f13c8e2600533594b2568c96a900580723bc847a6ee3f,74959cddd114816b9ab49c19c6740c858cbd063110b0bc69b540901262e57519,05f638e0a9b07b5708dd686d1cb81d4135b375ddb59ff69da32e92f48426f681,/tmp/buckeye_slicer_proper_D_qow6nxse
s16,s1601a,current_A,128,8,0.0625,2,0,0,0.015625,0.0,0.0,130,8,0.06153846153846154,2,0,0,0.015384615384615385,0.0,0.0,411.3029530000003,273.2063440000004,0.6642460065196766,301.99199999999996,65,4.6460307692307685,72ea8093df3fb11222b7291a784e2272246d6349ad6d5da63900e79412997498,75001,ac24e8a5e4aa4b24862c80b3e77d0e93c1c4e2433a85e34917a8ef3d5d21004d,401b62b9214b6828f0f6e3fc9a50f4ebf70b369b49fe48430be5339b1a2c94d3,26b316b1768efbfc21325dfb698d64a06d03f7178ee254632142e2907b96008d,8120a42d253ff3d1504cfbca77df6c247563b09ab25682c3935c49d4af02b8bc,/tmp/buckeye_slicer_current_A_3iyye382
s16,s1601a,proper_D,118,10,0.0847457627118644,4,1,0,0.03389830508474576,0.00847457627118644,0.0,120,11,0.09166666666666666,4,1,0,0.03333333333333333,0.008333333333333333,0.0,411.3029530000003,257.04251300000044,0.6249469183849995,284.40000000000003,60,4.74,b35b56fbf50e01487bef7f59ef870fe839ea7b8d3f84afb9014d7c5503a3e4dc,75001,a1452d873946b75029a953d475d1d2004e043fdfe6ce9c28b20e046f5643db7a,bc6816bcef7e5de51b8b2c79941a6916cfefb7ef191267992870d5172a814181,9fef54e91e1cd778067109681a40e0b081ff385af5494a1dd16b38337fb7e374,5f93968011a577a0271637ed953f6b98df3839b43f196799550e548bd830184b,/tmp/buckeye_slicer_proper_D_zo2uu_zr
s16,s1601b,current_A,109,11,0.10091743119266056,5,2,0,0.045871559633027525,0.01834862385321101,0.0,116,14,0.1206896551724138,7,3,0,0.0603448275862069,0.02586206896551724,0.0,386.1117060000002,276.01845000000037,0.7148668266483489,309.7920000000003,58,5.34124137931035,72ea8093df3fb11222b7291a784e2272246d6349ad6d5da63900e79412997498,71420,aaffbe43a758da79ac39d48864d13b520c4b83bdf8a18d73b30814385eb832dd,10715919aa8fb33fcefe6fc8be26b8159ced6a80ae5b6417cf33ba41817ec049,9c7071bdba17939a60ae6a2b3c5e2d4caac9ac816c8c4a156fce8b5dd60bbb20,1e24e122832622a0ef7b0011a929cc0b15df047cd87a64381197e74408dd32ba,/tmp/buckeye_slicer_current_A_4i4cpaby
s16,s1601b,proper_D,102,4,0.0392156862745098,2,0,0,0.0196078431372549,0.0,0.0,110,5,0.045454545454545456,3,0,0,0.02727272727272727,0.0,0.0,386.1117060000002,258.6353590000002,0.669845940904988,290.7920000000001,55,5.2871272727272745,b35b56fbf50e01487bef7f59ef870fe839ea7b8d3f84afb9014d7c5503a3e4dc,71420,fd8836915c72ba5110d74243315917ef4834cbe4d6cd1643afac20d88a562d0f,06e8e1c47833eec30fcf2e5df22fd9b7e51e9b480f11d97a54081b6661d5e838,6603f9582e31897695706770e7f3655daf8a628f827a2d800dbd5feb8d2cd920,ec563b6639e75386eddedd2ae4a0e64377782a21b03d81a497f468cb9b31f107,/tmp/buckeye_slicer_proper_D_p568uh4p
s16,s1602a,current_A,123,3,0.024390243902439025,0,0,0,0.0,0.0,0.0,128,3,0.0234375,0,0,0,0.0,0.0,0.0,417.5880069999999,273.18186200000014,0.6541899130738211,314.4560000000001,64,4.913375000000001,72ea8093df3fb11222b7291a784e2272246d6349ad6d5da63900e79412997498,74886,b06322c8c9f3aef502eac7d25cb9a73c3bb4d19150273847ee627ae6d7aca158,02bc9830c08dfde7cc37a1a4858724346bf9183b3acf6e5fa052e824b7b170be,512eaf37450f6b604f166de017ccc3446fd506f15c00f70488d89f3b030b1be4,f63f65af20f4966cc3fda80af3bb533fbf1344b01fb97a1e9e9ae7dd7faa2fc6,/tmp/buckeye_slicer_current_A_q1wi84bu
s16,s1602a,proper_D,115,4,0.034782608695652174,2,0,0,0.017391304347826087,0.0,0.0,120,5,0.041666666666666664,3,0,0,0.025,0.0,0.0,417.5880069999999,255.11831699999996,0.6109330553643032,295.6720000000003,60,4.927866666666672,b35b56fbf50e01487bef7f59ef870fe839ea7b8d3f84afb9014d7c5503a3e4dc,74886,27d7fee18a7f4fe96b0359a78fbbed50dfbc7516eae204c4b770fe214dcf2a65,d4396bf72f42ff141702d8719827dd2e8a07a9abcd0e7ae3aaf3b286b0b3e1fc,f35d397bc13a4b0816b3f517261b71030e0bf1f4af5afa876c0c587451cf2031,6dd2775647f2b31a6cb606aabfb27d34c3c2759dfd741b4d4d68949558036453,/tmp/buckeye_slicer_proper_D_q98c9ww9
s16,s1602b,current_A,91,9,0.0989010989010989,5,0,0,0.054945054945054944,0.0,0.0,92,9,0.09782608695652174,5,0,0,0.05434782608695652,0.0,0.0,346.54061999999965,189.27472699999996,0.5461833795991943,221.37599999999992,46,4.812521739130433,72ea8093df3fb11222b7291a784e2272246d6349ad6d5da63900e79412997498,71525,d9f4e0947c08275295997bf1fb2bc4bcd0663b8781c9b86510f5fbb8f5547e55,91f16d9c2c5439bf796f1c2d8ef957d7c061510f50da3b7cda3b08ba98416adc,9e774ac2307ff3653b556f4185f5b45e0ac54e43b41a76489d13b0b612239f1d,c79a83d62cf199e2dd0806c600927fdff6693be30753b2ebd2e6ae9039e568e2,/tmp/buckeye_slicer_current_A_bvqbmqdk
s16,s1602b,proper_D,87,8,0.09195402298850575,3,0,0,0.034482758620689655,0.0,0.0,88,8,0.09090909090909091,3,0,0,0.03409090909090909,0.0,0.0,346.54061999999965,179.22709499999982,0.5171892836112546,211.03199999999975,44,4.796181818181813,b35b56fbf50e01487bef7f59ef870fe839ea7b8d3f84afb9014d7c5503a3e4dc,71525,d55eab656e6f44cee8ade13c37938f9c1234da8c918ea4511d6a68b1cfa10510,c75227c1854dff4bb4cea74feb12397031ee6f5b06f3f280de7cdd1c2a492ced,26d4cf414b83d1a3061df7f69337e149a9755abacce857b3f6b4caf20f1fd9dd,673376b42982cd67c1d67cd072c77c4203a696ddb52ce2303c54d1a68286e98d,/tmp/buckeye_slicer_proper_D_qn1sdaw2
s16,s1603a,current_A,128,14,0.109375,8,3,0,0.0625,0.0234375,0.0,132,16,0.12121212121212122,9,4,0,0.06818181818181818,0.030303030303030304,0.0,429.5231180000001,287.3917489999998,0.6690949496227109,322.00799999999987,66,4.878909090909089,72ea8093df3fb11222b7291a784e2272246d6349ad6d5da63900e79412997498,77112,23d715a91207e9b0eea3aa1a63ae34442d964829c23af0235190532c4e16d83a,82736e1189d34a682aef4baa9b3b306d056a7f215d877a32583244c9fdc11df0,92dc452a13275438ce6a133761147a308661c5ac061fd1ae91be09b1ae917d94,2fbcd621900f0cdd44fc17b1875fb4bf92971409567060d55319450d679a89c7,/tmp/buckeye_slicer_current_A_wrpj96r1
s16,s1603a,proper_D,119,8,0.06722689075630252,5,1,0,0.04201680672268908,0.008403361344537815,0.0,124,9,0.07258064516129033,5,1,0,0.04032258064516129,0.008064516129032258,0.0,429.5231180000001,262.6166289999997,0.61141442216854,297.4879999999999,62,4.798193548387095,b35b56fbf50e01487bef7f59ef870fe839ea7b8d3f84afb9014d7c5503a3e4dc,77112,ec63e8dd57b8f14f5c6fe0df27706baf74ee9c77230c15a983566b53b7ddcd73,0787d11ee73593745feb69aac0b3252430b550b87d7f2d9b2f952cdad549f20d,60892b707d7f721b8d52c740bd2dabf4bd466cbe29813d61569b38b8153cf1f5,407e812c806cfd717a7838a5855f30b8c9e87b8b8ff20c67c2387b5b9c3039e1,/tmp/buckeye_slicer_proper_D_spvswu9p
s16,s1604a,current_A,125,18,0.144,14,1,0,0.112,0.008,0.0,130,19,0.14615384615384616,15,1,0,0.11538461538461539,0.007692307692307693,0.0,456.3730579999997,306.95906000000014,0.6726055682279132,349.8480000000003,65,5.382276923076928,72ea8093df3fb11222b7291a784e2272246d6349ad6d5da63900e79412997498,83148,995cfe7605c0b194421aec2a189f5c692e36d07662af693bc8eef04465b2dfec,ce57e0a505f04f15702283d029c50bcbd894ac6452d2e149fd37c7567e5d3a37,67cc0c4df912c1002d9306544d848098c3d65a25a06288e6eb8844de7487d76b,b197a307949bca0d2eeefb14d07092ec0260a1ef67c80030173c3fc97fef87e1,/tmp/buckeye_slicer_current_A_qy399e2v
s16,s1604a,proper_D,109,7,0.06422018348623854,1,0,0,0.009174311926605505,0.0,0.0,114,7,0.06140350877192982,1,0,0,0.008771929824561403,0.0,0.0,456.3730579999997,276.5509640000001,0.6059756577479652,314.83200000000005,57,5.523368421052632,b35b56fbf50e01487bef7f59ef870fe839ea7b8d3f84afb9014d7c5503a3e4dc,83148,0b980a98ba3aaf228827ceb54ac95280c1228381ec5cb9faea29f9576f57b251,7ccf6580475457441a235ce97b61aeace7d3b9c0162dce80805bf6f33e6b60d5,03a42a2df10c1a7fda2efef00e3c634b1224e23c352276baa1ee6dbcd97e9773,64a1c7eee28cacadb6297610e7751b1e66fe1a101dc77e6c027cbeaea60e47b6,/tmp/buckeye_slicer_proper_D_9hoix30h
s17,s1701a,current_A,65,11,0.16923076923076924,8,1,0,0.12307692307692308,0.015384615384615385,0.0,80,17,0.2125,12,1,0,0.15,0.0125,0.0,245.8421080000001,204.48851900000005,0.8317880149319252,229.97600000000006,40,5.749400000000001,72ea8093df3fb11222b7291a784e2272246d6349ad6d5da63900e79412997498,45002,3431681e434d23a7d413bb6cca86886dae014f3769e93d00fc01f830f78e622f,da0e3b109d76545ebbb40807d6319e0d30886125e83b3139dd6189bd349cf3c6,5754184a89fb31f85dd0473681d72b615c627efff8e139c04a1a8dd0fe77f986,f134bd8be136926483a76e71b05ee027541a7edc49376017bf2b7ba842f151aa,/tmp/buckeye_slicer_current_A_517vdq26
s17,s1701a,proper_D,57,3,0.05263157894736842,2,1,1,0.03508771929824561,0.017543859649122806,0.017543859649122806,68,5,0.07352941176470588,3,2,2,0.04411764705882353,0.029411764705882353,0.029411764705882353,245.8421080000001,190.07505899999998,0.7731590838783399,212.208,34,6.241411764705882,b35b56fbf50e01487bef7f59ef870fe839ea7b8d3f84afb9014d7c5503a3e4dc,45002,422661a5b65000709562aa4820d793abd7f909e8db4952297f35cea7aed29b81,d763b2e218e98e045d15728440b624faa4006a6a1e51393a4ec29eb92d2cbba2,1cf6518c4737d8b553e2693b86656663d09abcd2146e8ffd3e6de7b0e5b4f866,e2ddfb300b6420a8b6c774eeee7d5f17c29bc1706fccabb62ce489f5ec8641bc,/tmp/buckeye_slicer_proper_D_hnowkugu
s17,s1702a,current_A,93,17,0.1827956989247312,13,3,0,0.13978494623655913,0.03225806451612903,0.0,100,18,0.18,14,3,0,0.14,0.03,0.0,344.6748890000001,261.6790930000001,0.7592055625496988,294.1919999999999,50,5.8838399999999975,72ea8093df3fb11222b7291a784e2272246d6349ad6d5da63900e79412997498,65842,1bf040eb790ceb0123d8c55412aec1cfacedb303a284b7be38ada46cea6e5507,d945602d1984f7c778b387dac079d5e27f290b31ea43ce0ddb95438c73c7695f,2f54c3340a2c28f04b41ffe1ee81341407f3aae57d5d9458983d46c691afa0fd,5f3bac76aa36cf1b69484062792d7f14e1fc49d606d00bbdb0afa88d661f2da7,/tmp/buckeye_slicer_current_A_pu2mj8a9
s17,s1702a,proper_D,82,10,0.12195121951219512,8,3,0,0.0975609756097561,0.036585365853658534,0.0,88,13,0.14772727272727273,11,5,0,0.125,0.056818181818181816,0.0,344.6748890000001,220.8427830000002,0.6407277990013369,252.30400000000006,44,5.73418181818182,b35b56fbf50e01487bef7f59ef870fe839ea7b8d3f84afb9014d7c5503a3e4dc,65842,24572cfe6e228ece0deea09f29ad680209faf7f3dee6e998054dbf9b90144c75,49d22f1ba3770871ee190b8b0e554c9c6b998dc0821d6c3e61ba239ea38101cd,2c1b369e30af7de12a67a0bbf1a32650605e93b54f3eaf406c703a5a0da5a92d,dca573620bccabd04be6b6301b9f4d1dc12023148eef2e377f3e363baa81bc9b,/tmp/buckeye_slicer_proper_D_umevh47d
s17,s1703a,current_A,97,20,0.20618556701030927,11,2,1,0.1134020618556701,0.020618556701030927,0.010309278350515464,100,22,0.22,11,2,1,0.11,0.02,0.01,347.56502900000015,246.74887700000008,0.7099358577873494,276.04,50,5.5208,72ea8093df3fb11222b7291a784e2272246d6349ad6d5da63900e79412997498,67518,f592260ffe11f6b618a17a7b485142295c4c4945d63f1644676f714eac6ccc7d,ff453b864704eecae304449b99858c1aa83070064434ccf3cfc501bf29d6f424,bbc55f48549f8d7e841d1d84f7a222f99f9e050473862aeaafa5d4aa60eef946,990846a9a9b5afa97324f135f94827c83ed75dfd9306a9114551509664c7320a,/tmp/buckeye_slicer_current_A_riaej8eh
s17,s1703a,proper_D,82,11,0.13414634146341464,5,3,3,0.06097560975609756,0.036585365853658534,0.036585365853658534,84,11,0.13095238095238096,5,3,3,0.05952380952380952,0.03571428571428571,0.03571428571428571,347.56502900000015,201.67008400000012,0.5802369835084876,225.9040000000002,42,5.378666666666671,b35b56fbf50e01487bef7f59ef870fe839ea7b8d3f84afb9014d7c5503a3e4dc,67518,1d7ed72c7ce968511db9a034328bc7391d0ed0b7433343415a9a8fb44b567df0,07b1c4ab7667235bb0067c379e2a455a9e16d6e0b81ba081e8e8efd161ec515a,ba523e48d6d2a7c1800858b8f6aaf5df32a7503c3c4b0054a66ed1749f82d80c,6938c2510830dbf37e7a4a46c825c4a5b4276099915aa5469b9714ebb0277e62,/tmp/buckeye_slicer_proper_D_9u9dgd0l
s17,s1703b,current_A,63,3,0.047619047619047616,2,0,0,0.031746031746031744,0.0,0.0,66,3,0.045454545454545456,2,0,0,0.030303030303030304,0.0,0.0,199.897655,158.87051200000002,0.794759258181393,183.79999999999995,33,5.5696969696969685,72ea8093df3fb11222b7291a784e2272246d6349ad6d5da63900e79412997498,40411,f0aaaf64a4fe3d3eddacb3f36f8dc036fc750383559435f1025642803e2ebf09,b0cfca853ce810efa4aca4f19999d25cc78c8677d0c981878a956493b8545f15,3cd0b59ad6dd4f2c09638eeec875492fcab2744382ef54d9d12ec6b5759f995a,0ea8a0b4af86f45ef42fe4d3792ff67a6b6e0d5b97a10d6ae1f1cc8bc5e6c792,/tmp/buckeye_slicer_current_A_5z4yr7h_
s17,s1703b,proper_D,62,7,0.11290322580645161,5,3,0,0.08064516129032258,0.04838709677419355,0.0,64,8,0.125,6,4,0,0.09375,0.0625,0.0,199.897655,150.73351200000008,0.7540534279904388,173.64800000000002,32,5.426500000000001,b35b56fbf50e01487bef7f59ef870fe839ea7b8d3f84afb9014d7c5503a3e4dc,40411,c128933902963be2ef8d7cac540fb588e1de703ec8d47fdb7149db59b766cb2f,c671b683299c771ccb3569e551bdc9de9d31aed07e6cfa1030dd73f32096e2fc,f78b222d3081e77a9ba2b78712bf8f6b41a487f3cfed56943c260b684328ea61,62677dae264bda2e89fe89bde0dc23b981e4c36a422532508f2be88c6f49e805,/tmp/buckeye_slicer_proper_D_d8vy_1dy
s18,s1801a,current_A,87,7,0.08045977011494253,4,0,0,0.04597701149425287,0.0,0.0,90,7,0.07777777777777778,4,0,0,0.044444444444444446,0.0,0.0,308.74047000000076,194.16803800000042,0.6289037455957748,223.87199999999993,45,4.974933333333332,72ea8093df3fb11222b7291a784e2272246d6349ad6d5da63900e79412997498,75155,eb84cb9442f9386d7fbc14dfd5769d8ec911a73b40ea44d12c5a4d14026f2275,957de6bb98f0d9afa5c73051b88f8e345be237fe1c62f06f3e8cf890b796adb4,2cf1779ec5fe17f4bc7cef62642ade2d4d44c779aa2ea71c2e6bd126f50152dd,6504f32ee567030cbd1430854ff90f463877ba9d38abfdc97a99644b3636b3d3,/tmp/buckeye_slicer_current_A_fhqhleg9
s18,s1801a,proper_D,82,8,0.0975609756097561,5,0,0,0.06097560975609756,0.0,0.0,84,9,0.10714285714285714,5,0,0,0.05952380952380952,0.0,0.0,308.74047000000076,179.0031960000004,0.5797853323213505,206.41600000000034,42,4.914666666666674,b35b56fbf50e01487bef7f59ef870fe839ea7b8d3f84afb9014d7c5503a3e4dc,75155,27612b68da93ed46d52b8617a576323663a28ae0d9c42ed12b8897421033b45b,a38ff7d45aa74b031f7721d5c3a6db65a32f8d2e804a8b3e4423a2432d48b3b4,9ba602f81b4b563ae1aea07e04e8222073d049e96efa8a163d35380f4af8a965,ce041c6859cd271070afa9fef3b1de88f9cff2eabb5768740162e9b5f9fee2c3,/tmp/buckeye_slicer_proper_D_9_qcctq1
s18,s1801b,current_A,106,14,0.1320754716981132,8,2,0,0.07547169811320754,0.018867924528301886,0.0,108,14,0.12962962962962962,8,2,0,0.07407407407407407,0.018518518518518517,0.0,352.18614600000035,248.75703700000022,0.7063226075905893,284.8159999999998,54,5.274370370370367,72ea8093df3fb11222b7291a784e2272246d6349ad6d5da63900e79412997498,70894,3be406d8dee232e4de061ee8f33433fb2645aa1586c6a86b8ab860d8d2e3a8ec,4152ac63c78b5b3ceba0d6436fd3e4fb10b5533604dbb21e4637326b6c0a5d69,5b400806d2a2c0c82ddde88145acbeb4d46ef2a3e7a78d68b47e1f5a6607dbdb,baca5b6a752b301acc476b7fe748947902b834c448b0c22057395f3d451e1027,/tmp/buckeye_slicer_current_A_2v1oynzt
s18,s1801b,proper_D,98,13,0.1326530612244898,7,2,0,0.07142857142857142,0.02040816326530612,0.0,100,13,0.13,7,2,0,0.07,0.02,0.0,352.18614600000035,212.0001550000001,0.6019548395296613,245.22399999999976,50,4.904479999999995,b35b56fbf50e01487bef7f59ef870fe839ea7b8d3f84afb9014d7c5503a3e4dc,70894,ce141ced990a6cde3a4ad90e41b31103b34769c7d88f2e5a48e7ad500223aa34,0ead12293727b2639281e0332582e650de97c620bc1e00ef9baa51ff77758008,4f50b4099348c8411ac1596106512f3fa202021aaf4135ec23ce5ad98c7d5246,299c7df0ac7e85d780f668acf7d839ee3a1c5ae32144159f26aa4430b4057da2,/tmp/buckeye_slicer_proper_D_acrsxlso
s18,s1803a,current_A,92,8,0.08695652173913043,2,0,0,0.021739130434782608,0.0,0.0,94,9,0.09574468085106383,2,0,0,0.02127659574468085,0.0,0.0,336.5856770000002,213.95613800000012,0.6356661991888621,250.8880000000001,47,5.3380425531914915,72ea8093df3fb11222b7291a784e2272246d6349ad6d5da63900e79412997498,75033,e114ce9f3d34b7c359a21a86bce211ac8ee9e44d81b25959b650f9a1a7324038,9b6ffd06a74599770a0e39e52d96e2ede35131a3f7838c8dd8056fcfbf012d0d,dd9a7e5f1c4424694380f17e934292f1238795804a099a9aac37bf5505462ee6,1c286ddd12b9a96f284f14e616c6ab827c201c1e44f748c667d5a67cb7118be7,/tmp/buckeye_slicer_current_A_mpebfnj9
s18,s1803a,proper_D,86,3,0.03488372093023256,0,0,0,0.0,0.0,0.0,88,4,0.045454545454545456,0,0,0,0.0,0.0,0.0,336.5856770000002,197.1586610000001,0.5857606977138246,232.35199999999986,44,5.28072727272727,b35b56fbf50e01487bef7f59ef870fe839ea7b8d3f84afb9014d7c5503a3e4dc,75033,25267d0a8c3fbe7f8dbe4a6224c98e25cccc4ce089fa86543bc9e83b2143e444,98a3e3dde6f0d151a77895bf2edde47719772b8bfd4e03f3e07a473e61ffd981,19dbddf3ec437dbb59399a4f94b3e5b09124c5b9cc2ea5ba881382e012071cac,23866fcbf4670bd514b38848d589b50b04dc225e74c2a314f33feb6ce6074840,/tmp/buckeye_slicer_proper_D_1tux32z6
s18,s1803b,current_A,105,7,0.06666666666666667,5,1,1,0.047619047619047616,0.009523809523809525,0.009523809523809525,108,7,0.06481481481481481,5,1,1,0.046296296296296294,0.009259259259259259,0.009259259259259259,349.29989300000005,224.49082599999966,0.6426879323435682,263.688,54,4.883111111111111,72ea8093df3fb11222b7291a784e2272246d6349ad6d5da63900e79412997498,75118,642a3b5902afde5050c3f4259e086f5362d46db1a459db7dd9541d18e4942559,6dd53637a3a432b2eb48ff603ef1073df92515c3a1005cf8e672c791102e6e8c,258c72d40ce092f424eabc3bb5491da11c53c9d2146752c2880d7cbee0696f6b,3bae711d89c8e8986be23634b0ad13a64a2097a24cefa1a62ef11a738159e39b,/tmp/buckeye_slicer_current_A_u__xylbu
s18,s1803b,proper_D,93,4,0.043010752688172046,3,0,0,0.03225806451612903,0.0,0.0,96,4,0.041666666666666664,3,0,0,0.03125,0.0,0.0,349.29989300000005,193.6452369999998,0.5543810372710299,229.23199999999972,48,4.775666666666661,b35b56fbf50e01487bef7f59ef870fe839ea7b8d3f84afb9014d7c5503a3e4dc,75118,003686bd72317f47146759bb7ff3212c5fd93a873b5f71b5123fb150909c8aba,c9d4cfa7d7caacf78089efe441396d3b2d0dec63a4f1c47a4cc654b25690ab95,615d62b6336d2ba92d1e15227fbdab811b51782572361ceb65bf04bfc19e3864,89ec6b74b1274ae5327b7867df147e3398c5344b14de484ec17b2feec8ee4354,/tmp/buckeye_slicer_proper_D_fb6tym83
s19,s1901a,current_A,96,10,0.10416666666666667,7,3,0,0.07291666666666667,0.03125,0.0,104,14,0.1346153846153846,11,6,0,0.10576923076923077,0.057692307692307696,0.0,315.94474199999985,239.64904499999977,0.7585156932284061,283.68800000000016,52,5.455538461538465,72ea8093df3fb11222b7291a784e2272246d6349ad6d5da63900e79412997498,75126,eb6052c9fef1ddf0fdb11e46e9269cc2098c81cc9e02ad8dff4d5f224659dea6,5161829f35d8b7d95e3394f1ab594573757d90f4a2d60afd1af70e71fb329ce6,06a2e932a4e9aae12537bd3f2eebc9d76957fdac0a0bcb713f03076b28ef5c9a,04322923f05641b73e071517893bc2e2ee3d508eb380876de6ae476315abc920,/tmp/buckeye_slicer_current_A_1a06f7ak
s19,s1901a,proper_D,89,3,0.033707865168539325,2,0,0,0.02247191011235955,0.0,0.0,94,4,0.0425531914893617,3,0,0,0.031914893617021274,0.0,0.0,315.94474199999985,219.76106099999956,0.695568027525521,261.56000000000023,47,5.565106382978728,b35b56fbf50e01487bef7f59ef870fe839ea7b8d3f84afb9014d7c5503a3e4dc,75126,dc5654e2dd296103d16ec4df373383ca705050cc1ae38cff67e3af17d315e87f,558f20d25c47215b069363b3c828bd6bc033b873b914c38faf3d46ccd379a65f,08126019520717fe9a86b75bb1da01a6cb02ac8ae9c463a0679151f11713e0c7,0ad1abd15a252c8b968a1aac24d1f1dfcbf4bdace0c0e6ed4fd2c930efd1b077,/tmp/buckeye_slicer_proper_D_jgett5o7
s19,s1902a,current_A,102,11,0.10784313725490197,7,3,0,0.06862745098039216,0.029411764705882353,0.0,106,11,0.10377358490566038,7,3,0,0.0660377358490566,0.02830188679245283,0.0,314.40116800000015,238.7906360000003,0.7595093794308047,285.6,53,5.3886792452830194,72ea8093df3fb11222b7291a784e2272246d6349ad6d5da63900e79412997498,75281,c2b298e2c25ef1c8f7f1f59d2cadecd227288d7254ddefd440ed3edaced69cd0,7fb185810f0d9b194035481d4527299d2a35ee348ab8d6c9845c4bda5f469415,96387fbe8950096580c135815028c71339f081c95d18a3ba2a92630568d25c08,dd7c6b73079b0c1079348df64450d9837c3732e5faaa762749b71177b15e18ba,/tmp/buckeye_slicer_current_A_pj3xf054
s19,s1902a,proper_D,96,7,0.07291666666666667,1,0,0,0.010416666666666666,0.0,0.0,98,7,0.07142857142857142,1,0,0,0.01020408163265306,0.0,0.0,314.40116800000015,229.86737700000035,0.7311276178210643,275.06399999999996,49,5.6135510204081625,b35b56fbf50e01487bef7f59ef870fe839ea7b8d3f84afb9014d7c5503a3e4dc,75281,6bb5aa38da57dc8ab68120e8853740f70eef4d6dc2e10289b143f1b89ad3805b,36a3555e11e45b5f24766895762a9db4af823d94ae8646aa30ae5c23c0ba5373,f0a23271c41d161e11af0a68206135ccccf82f489fb0a5cbb0b8a14587e36a8e,a41ca52ba09adbb5327249f8c39514eb3f0b60359d41133ab72f549d0392074a,/tmp/buckeye_slicer_proper_D_3q9cc4ej
s19,s1902b,current_A,83,15,0.18072289156626506,5,0,0,0.060240963855421686,0.0,0.0,88,18,0.20454545454545456,7,0,0,0.07954545454545454,0.0,0.0,303.7564060000003,191.6156090000003,0.6308199768468425,228.21599999999978,44,5.186727272727268,72ea8093df3fb11222b7291a784e2272246d6349ad6d5da63900e79412997498,71153,c622ea45bea5dad03658f9816bf9c400ed8f266aa71806bcb7fffdf0d4e55950,ea80244af3a8c7218fd083ffd81f1aa3204ee51936d31dd43fa65b00e2999a41,2f28e7a9e0df8f634c4d6d1445d37873c444fb5ff3b18e61a3b1f618a4549f29,85de26cf7ae55770694681eb2638269d5eb209630d2ca3eda8d2e3822fe4fa52,/tmp/buckeye_slicer_current_A_wtx6c9yk
s19,s1902b,proper_D,78,10,0.1282051282051282,3,0,0,0.038461538461538464,0.0,0.0,82,12,0.14634146341463414,4,0,0,0.04878048780487805,0.0,0.0,303.7564060000003,178.61118200000016,0.5880079513450656,211.11199999999988,41,5.149073170731705,b35b56fbf50e01487bef7f59ef870fe839ea7b8d3f84afb9014d7c5503a3e4dc,71153,b4b29e2a2bc89eea3daece69e83c4638cb7e0d793d91f58692481c8b5394ca14,170731a3d6ce01fdbb43d97a5ae1dd3064929760f23e756df9e1a0a09b9d1b34,0a3ff55305fd36dd11a306e01c230b11f0ffd5d9434e0a1575f5613bd039591c,d85743e2c6345a4e56a14f770c44fedd8352b3f8bfa17592ed93ee236d766f6e,/tmp/buckeye_slicer_proper_D_baw3nk96
s19,s1904a,current_A,78,11,0.14102564102564102,8,2,1,0.10256410256410256,0.02564102564102564,0.01282051282051282,80,13,0.1625,10,3,2,0.125,0.0375,0.025,310.3453850000004,184.32265899999996,0.593927501129104,216.27999999999994,40,5.406999999999998,72ea8093df3fb11222b7291a784e2272246d6349ad6d5da63900e79412997498,71237,39e83eb308c6a6fb83e3cf4efb1fa59337eeb072dcd0db969eba93d25d5d303e,74b772ef8247ae1d7527d1d56179703aa76f6d8720ca0a2ed8b918d9a8ca2bcf,a96b829514f133a24bb28f06e4a87a39328e8b1eb9b4112dedb3911b16a3ad8e,b7de72982e6f8764e26efaf1c4fcec82fac0491da1c685594dbb6f4fe6af5bc2,/tmp/buckeye_slicer_current_A_n69paobh
s19,s1904a,proper_D,76,5,0.06578947368421052,4,0,0,0.05263157894736842,0.0,0.0,78,6,0.07692307692307693,5,0,0,0.0641025641025641,0.0,0.0,310.3453850000004,180.4748060000001,0.5815288859539505,211.5279999999999,39,5.423794871794869,b35b56fbf50e01487bef7f59ef870fe839ea7b8d3f84afb9014d7c5503a3e4dc,71237,baed877af21382e77be49266c6160734f0399a7d3258b942795181b9e0c25cdf,d4adce69a9e87aa5dd22d410f4a4e17dc6d68a9252ef4a42c89d4a38fc1703c5,a7308058c9d9de719d8b90ff7dd9d6fbfadc1e7196688bd3d5c41afc194da9eb,b151987d333bb28ecb355671007cd2df49321dcb2a7afc1065ecae574f2eaf59,/tmp/buckeye_slicer_proper_D_52yh2_zh
s19,s1904b,current_A,84,15,0.17857142857142858,8,1,0,0.09523809523809523,0.011904761904761904,0.0,86,17,0.19767441860465115,10,1,0,0.11627906976744186,0.011627906976744186,0.0,320.27711800000003,195.3295310000004,0.6098766350208021,227.04000000000016,43,5.280000000000004,72ea8093df3fb11222b7291a784e2272246d6349ad6d5da63900e79412997498,70438,8f4fd9722da32b96b52c560cd44ac9fec6f92f817bf6502b7c3863ebd326993e,3953fe1284cedc897f994e6c0c53dcfdd1942348881cbeeb07e227734dd39ef0,19998b4fe90286a95ec14cd523bb74c2cc4756ee752c8f07857cefa7358b1095,f87ee234911bf4a6883c3927cad58c6a6d2f241a4d89c7da74eb00f99335a44e,/tmp/buckeye_slicer_current_A_bb4xv534
s19,s1904b,proper_D,80,13,0.1625,6,2,0,0.075,0.025,0.0,82,13,0.15853658536585366,6,2,0,0.07317073170731707,0.024390243902439025,0.0,320.27711800000003,186.4807860000003,0.5822482329193442,217.25600000000023,41,5.298926829268298,b35b56fbf50e01487bef7f59ef870fe839ea7b8d3f84afb9014d7c5503a3e4dc,70438,cb1af3a58d792fd99cb19089500907762099f3b090ec053ec38d2f8f5c5e511c,66d6d9f1f8abf9647ec46aedb451bad4d0af03bceb37295b1596652dfeea1718,c00ef5c1e0765dd481a9670b10b6ec95f9865d5797a91f579279d4f36fc73178,95c461d5f769fc09699f83d232e48881fbf6f9420fcc7d16c464a3a65ccba2be,/tmp/buckeye_slicer_proper_D_xia1sv_i
s20,s2002b,current_A,34,4,0.11764705882352941,3,0,0,0.08823529411764706,0.0,0.0,36,4,0.1111111111111111,3,0,0,0.08333333333333333,0.0,0.0,126.60653799999977,86.16360099999989,0.680562018053128,95.10400000000013,18,5.283555555555562,72ea8093df3fb11222b7291a784e2272246d6349ad6d5da63900e79412997498,70383,35a37f36e88d938e20b1b82a9410c3f130aad926e97c779ce082b7ab4d74cb01,d9bd07d1b974609dba1e2b964cd041e959f8fa46998738e29df011248e1e3d72,d045b10b5ee9e4e3d7829b00e33210b63b64dd51fe8ea1365005de62ac6e3053,3f4bedb06009e5e0449d01281d63f41238646fa549d87408e9b8f4da594e2953,/tmp/buckeye_slicer_current_A_u4xua52m
s20,s2002b,proper_D,33,3,0.09090909090909091,1,0,0,0.030303030303030304,0.0,0.0,34,3,0.08823529411764706,1,0,0,0.029411764705882353,0.0,0.0,126.60653799999977,83.05286499999968,0.6559919125187661,91.65599999999999,17,5.391529411764705,b35b56fbf50e01487bef7f59ef870fe839ea7b8d3f84afb9014d7c5503a3e4dc,70383,9ad477090dcc83f2f8db830edcebb5d5908072bd787d6bcd8e73c7619616ba7a,5c60c82cb26de004d73eb47b9fc28bf27700c113f3dc60aa3cee51d40281af59,0b7e6cee5621e04a1b7f7b8242f08b548b8585b554f492bb11c66d85feeac31d,ddb2fb532ffd1cafd79dfb2cffd80a40eb3ad0683f4541f467cc435a4b664278,/tmp/buckeye_slicer_proper_D_j8kcjzye
s20,s2003a,current_A,27,5,0.18518518518518517,5,0,0,0.18518518518518517,0.0,0.0,30,6,0.2,6,0,0,0.2,0.0,0.0,124.08455999999993,77.52936399999979,0.6248107258469534,85.58400000000007,15,5.705600000000005,72ea8093df3fb11222b7291a784e2272246d6349ad6d5da63900e79412997498,75452,5f6ff3662fadd81d8706e21792e5be42b74161069de68ec973d2d637c907083c,63621ed5f644e29dc3cff6ab567e7ce4afc45b407dcac9bad42062ed70c76df0,e1ae986e159551c611e572ef9a0d14790feb93c163f8465473db51f47cc489a9,eab62928b3ec56d389d71235c0367730157fba940ecd888bc933a4922d4f7301,/tmp/buckeye_slicer_current_A__9tm6dpb
s20,s2003a,proper_D,26,2,0.07692307692307693,1,0,0,0.038461538461538464,0.0,0.0,28,2,0.07142857142857142,1,0,0,0.03571428571428571,0.0,0.0,124.08455999999993,67.16016399999994,0.5412451315457779,74.6560000000001,14,5.332571428571436,b35b56fbf50e01487bef7f59ef870fe839ea7b8d3f84afb9014d7c5503a3e4dc,75452,d887aa26be6c454135add6352664ff524e8124b1d7f09fbb7b751a3301b03afd,e61404c4414b4e01213cc772af89354fe5711738048be5ce319d25f6b8ee378c,07c31220334fac1e5836d0c325881e8af8c90a74ef73cab46d0ae269ffb44713,b055d92989b1147445ec028db1af0f7a7355cf6bc28134a53c24813cc8f636ad,/tmp/buckeye_slicer_proper_D_t_4ebqhp
s20,s2003b,current_A,60,18,0.3,14,1,0,0.23333333333333334,0.016666666666666666,0.0,68,22,0.3235294117647059,18,1,0,0.2647058823529412,0.014705882352941176,0.0,226.11595900000012,179.9981049999999,0.7960433478293313,196.05599999999993,34,5.766352941176469,72ea8093df3fb11222b7291a784e2272246d6349ad6d5da63900e79412997498,71164,8049cd5843882b55cf9238d9c39d85544b00ae9e0ddbfd32ca89a8cd060dedb2,5ae7f8d7233ef093d0181534d5e303f546f417b3bed9ae7c27e5ac85cba2fba6,0dba1bec0139d0965910481f391790d3940bcb63b9eea3e04bd9e2a7ff9978ef,a25d8da2422afd373e6fe3b5f18266e8418353589074144240cc7fedc2684e9a,/tmp/buckeye_slicer_current_A_xsb5_ej7
s20,s2003b,proper_D,50,9,0.18,6,1,1,0.12,0.02,0.02,54,9,0.16666666666666666,6,1,1,0.1111111111111111,0.018518518518518517,0.018518518518518517,226.11595900000012,153.9418139999999,0.6808091506712263,168.2159999999999,27,6.230222222222218,b35b56fbf50e01487bef7f59ef870fe839ea7b8d3f84afb9014d7c5503a3e4dc,71164,adabe6c4cb20c4715ddc70c355b3f432c00c526844e775204f0a7f441c92787a,1adfa8e9182f29b4c4783e04bedf2cc0180bb45457f9b00b2bf1a972ec02a890,d7b3c946737a4b4f44d06964b395c4e55c9dd0e40d545b671318977e68267fe3,7fac72aac39e7475047b18e15b0f9cccc7239bc8ea9dbe5d5acdd30ad4b4532b,/tmp/buckeye_slicer_proper_D_bwhik39_
s20,s2004a,current_A,39,7,0.1794871794871795,4,1,0,0.10256410256410256,0.02564102564102564,0.0,40,7,0.175,4,1,0,0.1,0.025,0.0,144.97945300000003,102.78334700000002,0.7089511297852669,111.368,20,5.5684,72ea8093df3fb11222b7291a784e2272246d6349ad6d5da63900e79412997498,50965,fff0e1c90e8dfe59baa3530255f15344119e8c587a2b7a0f8e1e960abb5edc44,699ebf042a3dd26ee6a82ab44a7f11017d12daac2ba620e304c443cc96cb33b8,d763b8ea26c4b62539cf2a3b1ad7e0cc7630ea06e561b6261f0328b291d9345e,e767146cb9378a89b6b2c28bbdc63d06ef2a12abc1adcbe7ffb14745a28ecaab,/tmp/buckeye_slicer_current_A_rih2012y
s20,s2004a,proper_D,33,4,0.12121212121212122,0,0,0,0.0,0.0,0.0,34,4,0.11764705882352941,0,0,0,0.0,0.0,0.0,144.97945300000003,94.621951,0.6526576631517569,102.64800000000005,17,6.038117647058827,b35b56fbf50e01487bef7f59ef870fe839ea7b8d3f84afb9014d7c5503a3e4dc,50965,07e545d19540fc8527e2450edd83a8ee66039955bac17340f02e3016d159b505,60053643bc1ccd4cfb3de271211da3a1143cbf40fb39dfb93b4f08ae3eb339b1,d5d0325089ac60eaecb0f5c6ac0981d1567593814a5480a144237db26ea041f1,b6550f5d3528dd21892b5b5d2f0d6cbce4119291c959b54654a69e750ea7d479,/tmp/buckeye_slicer_proper_D_6gw8efrs
s21,s2101b,current_A,104,11,0.10576923076923077,8,0,0,0.07692307692307693,0.0,0.0,110,12,0.10909090909090909,9,0,0,0.08181818181818182,0.0,0.0,322.43769900000007,224.66603299999997,0.6967734656858469,265.6639999999997,55,4.83025454545454,72ea8093df3fb11222b7291a784e2272246d6349ad6d5da63900e79412997498,72239,92298c65934ec7f1c6b0dbae03a095b57535a3cd7920c684ca035148a644d7e1,b5fc20ca96ca813e8745348d8d1537e188d3729f37c2ab19db0524eb16581f0b,3462185b81da986a37cc8157862685beca9a93635a13e824ad2eecad6a87227f,7e52b9ad4da874ea9080aab495d6357a95b8d96ddfb164c7d5f466e1b5a2b166,/tmp/buckeye_slicer_current_A_78yunnn7
s21,s2101b,proper_D,87,11,0.12643678160919541,6,2,0,0.06896551724137931,0.022988505747126436,0.0,92,12,0.13043478260869565,6,2,0,0.06521739130434782,0.021739130434782608,0.0,322.43769900000007,193.9619390000001,0.6015485769857204,227.2559999999996,46,4.940347826086948,b35b56fbf50e01487bef7f59ef870fe839ea7b8d3f84afb9014d7c5503a3e4dc,72239,51af27eab6dcfd9c12dba8a9669b5ef0f938f2f9cba04973a2a062e23e78020f,fc3edd06b8c30f1f3b445ae7df585eb5369b24d92b69dd242c639a7a6bcb99e4,f322236a2e999c8836ebe957aed66cdf3d833eb174dc4d32d1427489d70650c8,18c85c81252b49ebe91ead22f13a29669677ad4aae3a796001b6a5d8abe49dbd,/tmp/buckeye_slicer_proper_D_uam_hazo
s21,s2102b,current_A,105,14,0.13333333333333333,6,1,0,0.05714285714285714,0.009523809523809525,0.0,106,14,0.1320754716981132,6,1,0,0.05660377358490566,0.009433962264150943,0.0,339.1314599999995,222.4519899999994,0.655946192665227,264.34400000000005,53,4.987622641509435,72ea8093df3fb11222b7291a784e2272246d6349ad6d5da63900e79412997498,74185,3de73a4b17ac6745d3a7b1cc7316503ca0422951fe001b4d7b8a64b9e4b97b40,d39ae64078941e254cd35706eedecac8f6ce71e96aed753547d83bfe2861eeaa,230d882993dc0adcdb7101f99e51d8fcb2f74c986d013e17b016432775cc9a90,803b23e8faeafeba1b00ca29d78251065ea3e22ee0fd1a568997bfb65adae336,/tmp/buckeye_slicer_current_A_uokgtah5
s21,s2102b,proper_D,95,15,0.15789473684210525,6,2,0,0.06315789473684211,0.021052631578947368,0.0,96,15,0.15625,6,2,0,0.0625,0.020833333333333332,0.0,339.1314599999995,200.2261299999996,0.5904085984827239,240.2479999999998,48,5.005166666666662,b35b56fbf50e01487bef7f59ef870fe839ea7b8d3f84afb9014d7c5503a3e4dc,74185,4955f144ac2674161ef7665557aababb1c343721cbf899d5bd68e9c578c1b6d2,a290eb38c5911d90cc8e71858d32c1f6a4502154da2d01adb602695e3bd53f1e,beca82a1044b5a995a043e82361052f1b9daa7f5268a5f3a00930cc381b8ce04,52bb52587e227a8e329689f540400878569ccc642c449f444dec6ffdf9f2a8eb,/tmp/buckeye_slicer_proper_D_e_hjgveh
s22,s2201a,current_A,48,13,0.2708333333333333,7,0,0,0.14583333333333334,0.0,0.0,48,13,0.2708333333333333,7,0,0,0.14583333333333334,0.0,0.0,323.9832690000002,90.14738600000018,0.27824704120755117,104.92800000000014,24,4.372000000000006,72ea8093df3fb11222b7291a784e2272246d6349ad6d5da63900e79412997498,75139,1224add14d577df56f36bc6c33cee7e517e46845798c04764bbb07683fce65d8,6be5510f09b1f9754cfb2789dba0ccb8751556757ea291f3ef95b28f9da9bd7e,70d816d4a7da76734d3c51b5034bd96ab285d271350c7608e3acadc2e6a08cab,02a05a1bf220948080a05645a78b0f7f884500a3fa6830b3d7cba42e89962caf,/tmp/buckeye_slicer_current_A_4oclei62
s22,s2201a,proper_D,46,12,0.2608695652173913,5,0,0,0.10869565217391304,0.0,0.0,46,12,0.2608695652173913,5,0,0,0.10869565217391304,0.0,0.0,323.9832690000002,84.44630300000009,0.26065019734090045,98.22400000000029,23,4.270608695652187,b35b56fbf50e01487bef7f59ef870fe839ea7b8d3f84afb9014d7c5503a3e4dc,75139,ea5ecb2d26486e03b6170898979109cf859ef956d6cd85dd52fa1ad9629197ed,81bf13ca844c1380cd198feff529a950a52f4dd04c3311293c25bf90ac6683c4,f6ace0aea96e4c32e647b39eff00608e1a2652870b663f8ef6577267dafeba48,359fd7718007e4ca8bbff5bcf7db8b6330c31550de4e0aa8cf4bbd8b4b064942,/tmp/buckeye_slicer_proper_D_9yblobms
s22,s2201b,current_A,60,10,0.16666666666666666,6,0,0,0.1,0.0,0.0,60,10,0.16666666666666666,6,0,0,0.1,0.0,0.0,342.59070799999927,114.37187299999985,0.3338440603590454,137.30399999999997,30,4.5767999999999995,72ea8093df3fb11222b7291a784e2272246d6349ad6d5da63900e79412997498,70800,4bed228130a5c695ad0eab687225cf3c6609753457ef1d9bc687d3e49ac26584,ad0a243406e4d0c61ca83a062fc982440827ee6961a9d93e7f7a1e451226b11b,b8fa1a75e2e5c871288438d73e027d20da17ef74b5ffbb5f016a8bdd68d2efe0,a95cdd2f941320853fd4a34cffb99c046d5ed5d4865fe8ffc13f1ef31835a898,/tmp/buckeye_slicer_current_A_1aat6jx0
s22,s2201b,proper_D,56,8,0.14285714285714285,4,0,0,0.07142857142857142,0.0,0.0,56,8,0.14285714285714285,4,0,0,0.07142857142857142,0.0,0.0,342.59070799999927,103.22951099999983,0.30132023020309134,122.22400000000015,28,4.365142857142862,b35b56fbf50e01487bef7f59ef870fe839ea7b8d3f84afb9014d7c5503a3e4dc,70800,3eb53642599eeb55ff1140f076d26fea4e7ad3ef3bf2f08576d18c4124cb52f8,0feec780c37d486e95efbf3f32c7f8e1e510176c69de570609ac20f4b6bf3e19,9cbd7b68eb806f8aa03cd61bbcf1ff4432de19f8e655838a0aca4f27642e84a7,bcd29cb5c36d1a2e16115d9d745451bfb78774d643385fac66696956167f5f24,/tmp/buckeye_slicer_proper_D_71sa97gx
s22,s2202b,current_A,54,11,0.2037037037037037,7,0,0,0.12962962962962962,0.0,0.0,54,11,0.2037037037037037,7,0,0,0.12962962962962962,0.0,0.0,296.8867750000001,96.5103720000001,0.32507467535392937,111.8720000000001,27,4.143407407407411,72ea8093df3fb11222b7291a784e2272246d6349ad6d5da63900e79412997498,70995,3b790a4b7e96a17d29f8bacd2b25b5cebdd1a27291eb7534f1d07e4fa5db5daf,cf8ac02277a8cb91f8ba50c86f5059ca26cc95fd0f1c673c1f4ee0f85981b5e5,32c5f17626bc965278618c062fdcdc827a4385379a119855d45737f0ba7f316c,e92f13e33d9fb59c4c8458f2adb488ad270a065edd544bc35d758c7889672349,/tmp/buckeye_slicer_current_A_ox4ydeh4
s22,s2202b,proper_D,50,9,0.18,3,0,0,0.06,0.0,0.0,50,9,0.18,3,0,0,0.06,0.0,0.0,296.8867750000001,91.71081200000012,0.30890837761298084,106.31999999999991,25,4.252799999999996,b35b56fbf50e01487bef7f59ef870fe839ea7b8d3f84afb9014d7c5503a3e4dc,70995,51fff9826d44cf58721810c7b58332054ff83f554f13276997dbb17a37910ec8,92f71e115c0461d7cef96bae7a8c5853617973d89807cdad4ecd7dbac77c8891,9442b8500b562ee3f6b368dbb0b8abaef08c88df61821a3d721ce5f8638124bc,7114b0425df063ec7d2b047603861f047c11c436cdabb7590fc469d1b929a70a,/tmp/buckeye_slicer_proper_D_jiy1kwj5
s22,s2203b,current_A,50,11,0.22,6,0,0,0.12,0.0,0.0,50,11,0.22,6,0,0,0.12,0.0,0.0,293.0139249999996,93.84773399999995,0.32028421174863986,108.71199999999993,25,4.348479999999998,72ea8093df3fb11222b7291a784e2272246d6349ad6d5da63900e79412997498,66829,bf095924382bb951c1e4b15bb3804e9d097826e142c8e988e1690d5a430debdf,ba3797bd6f4272818a5b30ef4c49f57f4488ca0588ee603cde003e477a85d9f3,ae5fc2d1f67fb3b553cefff7da5cdfa227af12cea38b012192738988c2de2970,64954acfbb730e5097d5c1590f5f9e145745598738a541baa4a911c3071a7026,/tmp/buckeye_slicer_current_A_pcusdpfi
s22,s2203b,proper_D,44,9,0.20454545454545456,3,0,0,0.06818181818181818,0.0,0.0,44,9,0.20454545454545456,3,0,0,0.06818181818181818,0.0,0.0,293.0139249999996,83.2667,0.28417318391950186,97.17600000000013,22,4.417090909090915,b35b56fbf50e01487bef7f59ef870fe839ea7b8d3f84afb9014d7c5503a3e4dc,66829,c136f64bae089b1b24900cbd69e6802435ff29d04c91a332096462af6423d4a8,6542ecd04f1bd2d7222c94e6f65abc079a731c091dd12f57e58bc9a8e4264c4f,51c43e3dda7d680158a0d9a1f43803cfa015ff851255f5a03b6a8cf1fd7482ee,98fb2c9f719504117ba14d372b053d25992407b9919f7482027cf9efe4d69e44,/tmp/buckeye_slicer_proper_D_ejq1lqh0
s24,s2401b,current_A,62,5,0.08064516129032258,3,0,0,0.04838709677419355,0.0,0.0,62,5,0.08064516129032258,3,0,0,0.04838709677419355,0.0,0.0,255.15574200000026,120.98995000000022,0.4741807848478679,132.93599999999986,31,4.288258064516125,72ea8093df3fb11222b7291a784e2272246d6349ad6d5da63900e79412997498,71353,f75cee05cd7bc190cf1478d2193ef86d6b556a8c15f27b274ba90581164707ec,7106044d25cbc7d690b10e0a585b4f6a6b0831ce439b39d41e37fff805ee3504,5cb22e54be665b5bde25e4bd6fb0eff4046b73e8b62f34109bbd22546bee6673,a5c2b6a32b0e4587e65f3e761159b86477a7bd267b35569f57ea4f9c148f2d15,/tmp/buckeye_slicer_current_A_jibavdfu
s24,s2401b,proper_D,56,4,0.07142857142857142,2,0,0,0.03571428571428571,0.0,0.0,56,4,0.07142857142857142,2,0,0,0.03571428571428571,0.0,0.0,255.15574200000026,110.7545160000002,0.4340663280076216,122.68800000000007,28,4.381714285714288,b35b56fbf50e01487bef7f59ef870fe839ea7b8d3f84afb9014d7c5503a3e4dc,71353,f970808290dc406b4d4a8fa193fc38a50b1bc8b35daf7a90935b81426eba8da0,58fc2841b3711e9cb215817a03048f17cff468754f0bd4db3bb7aba22c3ab47a,1fcb4e93207e6a9a13690a70d8c8f91839a94fd08769e08c0da11fdab01c5155,1d9fd485512e329faa4ac3d6e6d0dc9508554b391bd1166d883e0dde9b4a1f78,/tmp/buckeye_slicer_proper_D_s3k6va3z
s24,s2402a,current_A,70,2,0.02857142857142857,1,1,0,0.014285714285714285,0.014285714285714285,0.0,70,2,0.02857142857142857,1,1,0,0.014285714285714285,0.014285714285714285,0.0,318.3237590000002,146.42253599999964,0.4599799162336467,160.76800000000006,35,4.59337142857143,72ea8093df3fb11222b7291a784e2272246d6349ad6d5da63900e79412997498,75251,2fba122f885c476d0dc2076dbf4c7b3d346f1410f6602ab3966d0e2be1f3aae9,40e7ea196c776f36f55f61eec6e9b0acf9a5818cbcf1efe44dd61a0445018172,542b0bd3f32aa8038d7d3355fe19a68bc92a743a6615b667d122459c2c35b262,fbb00a244053bbb880ec614eea393797cc4a6f731e4685c47ccfe45f2108861e,/tmp/buckeye_slicer_current_A_uqg_ft1i
s24,s2402a,proper_D,68,2,0.029411764705882353,1,0,0,0.014705882352941176,0.0,0.0,68,2,0.029411764705882353,1,0,0,0.014705882352941176,0.0,0.0,318.3237590000002,141.56239799999963,0.4447120078146587,155.75999999999996,34,4.581176470588234,b35b56fbf50e01487bef7f59ef870fe839ea7b8d3f84afb9014d7c5503a3e4dc,75251,0598be770b7e6c50fff1bb083705b75c5783c873e3cf204edd88ecf90f396e7c,4f706c4bf73321b5493ebe6305c2609a41ae1ed8aa40145465e1abebc8f28007,66363922f4f2beae20984a8c57ae069f323b798b9d53195043c7a2e4846c0046,ce78ec07c9cba76cc271774e0e63e545da2146ee256239eb1ac4cf1e7f35cb2c,/tmp/buckeye_slicer_proper_D_nwydg_hh
s24,s2402b,current_A,84,4,0.047619047619047616,3,1,0,0.03571428571428571,0.011904761904761904,0.0,84,4,0.047619047619047616,3,1,0,0.03571428571428571,0.011904761904761904,0.0,292.2592680000001,169.85220999999987,0.5811696277840531,184.7520000000001,42,4.398857142857145,72ea8093df3fb11222b7291a784e2272246d6349ad6d5da63900e79412997498,71320,664b1bb183925442d02a586d6f394b1a81da78e59b1008a02b77beb71e40b035,f53a2bdb7ff8fbc5d7ba45646a3a53c742aafecd5e11efc6760350f7f2869167,97d51f54b84cb8e0b18ce988ea7f59a8fda258c51225d63c29905049aab3db64,dd5694deef8791a086d0b7ae7395fcc53a975e5d8c166fd5111ce52dbcd92ce8,/tmp/buckeye_slicer_current_A_f6v7yidy
s24,s2402b,proper_D,82,3,0.036585365853658534,2,1,0,0.024390243902439025,0.012195121951219513,0.0,82,3,0.036585365853658534,2,1,0,0.024390243902439025,0.012195121951219513,0.0,292.2592680000001,166.35416599999988,0.5692006523468054,181.19199999999992,41,4.419317073170729,b35b56fbf50e01487bef7f59ef870fe839ea7b8d3f84afb9014d7c5503a3e4dc,71320,51963109d72114d2adb989a495c858244ac36559604ab9ea0f636951ac06c8a0,3f4ed9a6b4cafa073be38d5177357d94cd93aa27be043e21ba9d37fecc2e2717,5a6ce510ddb59734741cde3a22e6796bc438eb40a7e839a61597e81da7d6eea2,b356e173868194491b1e989d9d962d086c27645c418f69762bb8b3ffdef01d23,/tmp/buckeye_slicer_proper_D_ov5osnl3
s24,s2403a,current_A,64,6,0.09375,4,1,1,0.0625,0.015625,0.015625,64,6,0.09375,4,1,1,0.0625,0.015625,0.015625,290.60342199999906,133.8296879999996,0.4605234414617459,142.9440000000002,32,4.467000000000006,72ea8093df3fb11222b7291a784e2272246d6349ad6d5da63900e79412997498,75699,79d6ce8d3554ba9e88cb29b9c9d409f2159a0b395e1a54fd46829c9234664bcc,71f9ad96c35880c8217c12687fd180f765a641aed90d58b9662d71e56a77a4fe,8d8e15f9fde47bd5985c4c38926d70b35a4a51f9892dd1efcf3116c78e082337,3e8bacc9890b6a983e720fdf3e3fef72e22b30ccad06ed56ba2604a81406a48b,/tmp/buckeye_slicer_current_A_bdrz7im3
s24,s2403a,proper_D,60,6,0.1,2,1,0,0.03333333333333333,0.016666666666666666,0.0,60,6,0.1,2,1,0,0.03333333333333333,0.016666666666666666,0.0,290.60342199999906,126.98809299999957,0.43698072144518646,135.7920000000001,30,4.526400000000003,b35b56fbf50e01487bef7f59ef870fe839ea7b8d3f84afb9014d7c5503a3e4dc,75699,c2584fd47ec16bdf3a47c7177a933e040fd5f462e2d838af36d63a3f9a8fc7d8,a9935a43fdb4f9b374ff49b5c8740852e90363928aacc868d7b54a0fd3a431fd,4fbf80343b6e1761538027f66f8c71ba0e408733152e048448bf9ca9c17d9254,f0618139a44e2e318c4752c5738d5257b78a2ee165d11998499323b45f798c8e,/tmp/buckeye_slicer_proper_D_tavdi3qy
s24,s2403b,current_A,66,5,0.07575757575757576,5,0,0,0.07575757575757576,0.0,0.0,66,5,0.07575757575757576,5,0,0,0.07575757575757576,0.0,0.0,285.733641,132.40596900000006,0.46338949987341554,143.22400000000007,33,4.340121212121215,72ea8093df3fb11222b7291a784e2272246d6349ad6d5da63900e79412997498,74251,5fefeceda9aca6045f4293fc4e362121d4d9cd9cd4cd4e046471b0414e05c4d6,470a96e2d5272def8f3facb1dc5a43b9e4debe50a06d3315113f60b82acc5199,cf0399022fe28cde26b5c67cfb80530db7e5460b0dc63cb366ffdd8920c9fb0f,bde5fdd0ee73fbf796c081735e7aeeac50fd717a8f8b143dc7dfc295d77526ab,/tmp/buckeye_slicer_current_A_widjjes8
s24,s2403b,proper_D,68,6,0.08823529411764706,5,0,0,0.07352941176470588,0.0,0.0,68,6,0.08823529411764706,5,0,0,0.07352941176470588,0.0,0.0,285.733641,136.93220300000002,0.47923024576584605,148.28799999999993,34,4.36141176470588,b35b56fbf50e01487bef7f59ef870fe839ea7b8d3f84afb9014d7c5503a3e4dc,74251,447e8d8d7db8bdde0aa41f4bf8e5c33b7c29688414ddc2d087a72d7a74476be7,ade227563c9ead388822bc272f805dc94ff22c53ef41c8f2337882b9154bf7e7,1b4b072f3cebbaac133caf2fa892c83dca0bbce442e5efacdada7f6ab5121208,b97cd95cd42efc6edc1df04ea60742e9e11aaee10697f4487ab919eb06061ddc,/tmp/buckeye_slicer_proper_D_zyjokdma
