speaker_id,recording_id,geometry,unique_cutpoint_count,inside_phone_count,inside_phone_rate,depth_gt_20ms_count,depth_gt_50ms_count,depth_gt_100ms_count,depth_gt_20ms_rate,depth_gt_50ms_rate,depth_gt_100ms_rate,edge_occurrence_count,edge_inside_phone_count,edge_inside_phone_rate,edge_depth_gt_20ms_count,edge_depth_gt_50ms_count,edge_depth_gt_100ms_count,edge_depth_gt_20ms_rate,edge_depth_gt_50ms_rate,edge_depth_gt_100ms_rate,eligible_target_speech_sec,retained_target_speech_sec,speech_coverage,emitted_audio_sec,clip_count,mean_clip_duration_sec,geometry_fingerprint,candidate_count,selected_cutpoint_sha256,selected_clip_sha256
s01,s0101b,O0_4,55,9,0.16363636363636364,5,0,0,0.09090909090909091,0.0,0.0,56,9,0.16071428571428573,5,0,0,0.08928571428571429,0.0,0.0,209.11561500000002,130.0281159999999,0.6218001271688864,143.732,28,5.133285714285714,87130029b5443647ed1f1febd32ab768bf957a0a1698217eb3cf14b2d00c6ecf,172,859d0c4cd3b83eaf7502c4710a4394c7135806d330b5d8a746af01d127bd64d8,b30ca7cab60532a8eb945a34f5853f41ceeff0068be93bf74e3f95fd318082ca
s01,s0101b,O0_4_LR_rms_waveform_inside,55,9,0.16363636363636364,5,0,0,0.09090909090909091,0.0,0.0,56,9,0.16071428571428573,5,0,0,0.08928571428571429,0.0,0.0,209.11561500000002,130.0281159999999,0.6218001271688864,143.732,28,5.133285714285714,87130029b5443647ed1f1febd32ab768bf957a0a1698217eb3cf14b2d00c6ecf,172,859d0c4cd3b83eaf7502c4710a4394c7135806d330b5d8a746af01d127bd64d8,b30ca7cab60532a8eb945a34f5853f41ceeff0068be93bf74e3f95fd318082ca
s01,s0101b,O0_4_LR_rms_waveform_gt20ms,55,9,0.16363636363636364,5,0,0,0.09090909090909091,0.0,0.0,56,9,0.16071428571428573,5,0,0,0.08928571428571429,0.0,0.0,209.11561500000002,130.0281159999999,0.6218001271688864,143.732,28,5.133285714285714,87130029b5443647ed1f1febd32ab768bf957a0a1698217eb3cf14b2d00c6ecf,172,859d0c4cd3b83eaf7502c4710a4394c7135806d330b5d8a746af01d127bd64d8,b30ca7cab60532a8eb945a34f5853f41ceeff0068be93bf74e3f95fd318082ca
s01,s0101b,O0_4_LR_rms_waveform_gt50ms,55,9,0.16363636363636364,5,0,0,0.09090909090909091,0.0,0.0,56,9,0.16071428571428573,5,0,0,0.08928571428571429,0.0,0.0,209.11561500000002,130.0281159999999,0.6218001271688864,143.732,28,5.133285714285714,87130029b5443647ed1f1febd32ab768bf957a0a1698217eb3cf14b2d00c6ecf,172,859d0c4cd3b83eaf7502c4710a4394c7135806d330b5d8a746af01d127bd64d8,b30ca7cab60532a8eb945a34f5853f41ceeff0068be93bf74e3f95fd318082ca
s01,s0101b,O0_4_LR_vad_only_inside,55,10,0.18181818181818182,6,0,0,0.10909090909090909,0.0,0.0,56,10,0.17857142857142858,6,0,0,0.10714285714285714,0.0,0.0,209.11561500000002,128.45129999999995,0.6142597242200203,141.852,28,5.066142857142857,87130029b5443647ed1f1febd32ab768bf957a0a1698217eb3cf14b2d00c6ecf,172,c07c8bd9ebedd3a9feee4c09c74c13727c01561e9a6f8374fb1a4437677426b4,2254e5aa669e4146130e0eaf02f3042c9a305729b8099491188b67f5c319e9c0
s01,s0101b,O0_4_LR_vad_only_gt20ms,55,9,0.16363636363636364,5,0,0,0.09090909090909091,0.0,0.0,56,9,0.16071428571428573,5,0,0,0.08928571428571429,0.0,0.0,209.11561500000002,129.6340409999999,0.6199156433153015,143.196,28,5.114142857142857,87130029b5443647ed1f1febd32ab768bf957a0a1698217eb3cf14b2d00c6ecf,172,90d6de491f42d17f5cdbdf3172430b6279bc3609ad977d63edcb216305c29f26,8e1b016d78c9ef7934d9afb89c915137fa141edfd4cd58cb632282aa9e7898fa
s01,s0101b,O0_4_LR_vad_only_gt50ms,55,9,0.16363636363636364,5,0,0,0.09090909090909091,0.0,0.0,56,9,0.16071428571428573,5,0,0,0.08928571428571429,0.0,0.0,209.11561500000002,130.0281159999999,0.6218001271688864,143.732,28,5.133285714285714,87130029b5443647ed1f1febd32ab768bf957a0a1698217eb3cf14b2d00c6ecf,172,859d0c4cd3b83eaf7502c4710a4394c7135806d330b5d8a746af01d127bd64d8,b30ca7cab60532a8eb945a34f5853f41ceeff0068be93bf74e3f95fd318082ca
s01,s0101b,O0_4_LR_all_inside,55,9,0.16363636363636364,5,0,0,0.09090909090909091,0.0,0.0,56,9,0.16071428571428573,5,0,0,0.08928571428571429,0.0,0.0,209.11561500000002,129.6340409999999,0.6199156433153015,143.196,28,5.114142857142857,87130029b5443647ed1f1febd32ab768bf957a0a1698217eb3cf14b2d00c6ecf,172,90d6de491f42d17f5cdbdf3172430b6279bc3609ad977d63edcb216305c29f26,8e1b016d78c9ef7934d9afb89c915137fa141edfd4cd58cb632282aa9e7898fa
s01,s0101b,O0_4_LR_all_gt20ms,55,9,0.16363636363636364,5,0,0,0.09090909090909091,0.0,0.0,56,9,0.16071428571428573,5,0,0,0.08928571428571429,0.0,0.0,209.11561500000002,129.6340409999999,0.6199156433153015,143.196,28,5.114142857142857,87130029b5443647ed1f1febd32ab768bf957a0a1698217eb3cf14b2d00c6ecf,172,90d6de491f42d17f5cdbdf3172430b6279bc3609ad977d63edcb216305c29f26,8e1b016d78c9ef7934d9afb89c915137fa141edfd4cd58cb632282aa9e7898fa
s01,s0101b,O0_4_LR_all_gt50ms,55,9,0.16363636363636364,5,0,0,0.09090909090909091,0.0,0.0,56,9,0.16071428571428573,5,0,0,0.08928571428571429,0.0,0.0,209.11561500000002,130.0281159999999,0.6218001271688864,143.732,28,5.133285714285714,87130029b5443647ed1f1febd32ab768bf957a0a1698217eb3cf14b2d00c6ecf,172,859d0c4cd3b83eaf7502c4710a4394c7135806d330b5d8a746af01d127bd64d8,b30ca7cab60532a8eb945a34f5853f41ceeff0068be93bf74e3f95fd318082ca
s01,s0102a,O0_4,88,17,0.19318181818181818,5,2,0,0.056818181818181816,0.022727272727272728,0.0,90,18,0.2,5,2,0,0.05555555555555555,0.022222222222222223,0.0,315.34814700000044,206.58390100000014,0.6550978750479224,232.49600000000015,45,5.166577777777781,87130029b5443647ed1f1febd32ab768bf957a0a1698217eb3cf14b2d00c6ecf,288,62a5d1a27982008e97acaadce676afc91e8bd7ad2e01809b03b4d2f6c1aafacc,704866300ea6be4cd83acf245e9defea0e4558e41ab98cf37900ae25aa461745
s01,s0102a,O0_4_LR_rms_waveform_inside,88,17,0.19318181818181818,6,4,0,0.06818181818181818,0.045454545454545456,0.0,90,18,0.2,6,4,0,0.06666666666666667,0.044444444444444446,0.0,315.34814700000044,201.62503100000012,0.6393728103942207,225.3320000000001,45,5.00737777777778,87130029b5443647ed1f1febd32ab768bf957a0a1698217eb3cf14b2d00c6ecf,288,5741545a72b2500466a814ceb03db6ca86fbedf481add3ca582a39ad0109bde0,9d9baa5df875825c81ed285ef67a53db4cf98d3cb7a774a925592fac676c8b01
s01,s0102a,O0_4_LR_rms_waveform_gt20ms,88,16,0.18181818181818182,5,3,0,0.056818181818181816,0.03409090909090909,0.0,90,17,0.18888888888888888,5,3,0,0.05555555555555555,0.03333333333333333,0.0,315.34814700000044,203.74059200000013,0.6460814624669409,228.06400000000014,45,5.068088888888892,87130029b5443647ed1f1febd32ab768bf957a0a1698217eb3cf14b2d00c6ecf,288,0d315a4f45605cd4230a75e6497d38c45822cddfa02249a207d80c49d3c7c8a1,b7122f272173c2fc9698feeedcb01cd093ebc5ccf34995fd2f35edb87cdd5485
s01,s0102a,O0_4_LR_rms_waveform_gt50ms,88,17,0.19318181818181818,4,2,0,0.045454545454545456,0.022727272727272728,0.0,90,18,0.2,4,2,0,0.044444444444444446,0.022222222222222223,0.0,315.34814700000044,205.62606500000015,0.6520604828542084,230.81200000000018,45,5.12915555555556,87130029b5443647ed1f1febd32ab768bf957a0a1698217eb3cf14b2d00c6ecf,288,ebdf960194739c07b4984298b039b6af3026c8e69cf5ff8135670941bc815256,911bd7511cdf0168bbabe0a1e791fa27875acfeed54651181b56a2f515cf1dfb
s01,s0102a,O0_4_LR_vad_only_inside,88,19,0.2159090909090909,9,5,0,0.10227272727272728,0.056818181818181816,0.0,90,19,0.2111111111111111,9,5,0,0.1,0.05555555555555555,0.0,315.34814700000044,202.75652800000015,0.6429608987047571,226.40400000000005,45,5.031200000000001,87130029b5443647ed1f1febd32ab768bf957a0a1698217eb3cf14b2d00c6ecf,288,b9a83a2510c7a7e147fad260f279691ba631aae3a13a01c8ca7fbd6ee51490b8,84fa1b05de297bd47c555d9790586f2f2dcda0f561ec19b6aaa0fb7159678029
s01,s0102a,O0_4_LR_vad_only_gt20ms,88,17,0.19318181818181818,7,3,0,0.07954545454545454,0.03409090909090909,0.0,90,17,0.18888888888888888,7,3,0,0.07777777777777778,0.03333333333333333,0.0,315.34814700000044,203.7461840000001,0.6460991952491156,227.62400000000002,45,5.058311111111111,87130029b5443647ed1f1febd32ab768bf957a0a1698217eb3cf14b2d00c6ecf,288,ba2487f810e43dec53b46f3f2d7a3aa5d86ecf0705f4a0784fd86eb1fb9ed191,3e65810cf580f5d3eb7fe71dbe28fc7ef571f8ce46358a272adce68deb0cb474
s01,s0102a,O0_4_LR_vad_only_gt50ms,88,17,0.19318181818181818,5,2,0,0.056818181818181816,0.022727272727272728,0.0,90,18,0.2,5,2,0,0.05555555555555555,0.022222222222222223,0.0,315.34814700000044,206.58390100000014,0.6550978750479224,232.05200000000013,45,5.156711111111114,87130029b5443647ed1f1febd32ab768bf957a0a1698217eb3cf14b2d00c6ecf,288,63f658ff0626b13fc05758c21b2bd96bbe95839cbfeed61d947909532c7ef650,a8c9c0c13597d26bb374fb2844281a5090b27e75584caea8f12d4fa0dd382fa0
s01,s0102a,O0_4_LR_all_inside,88,18,0.20454545454545456,7,4,0,0.07954545454545454,0.045454545454545456,0.0,90,19,0.2111111111111111,7,4,0,0.07777777777777778,0.044444444444444446,0.0,315.34814700000044,200.2744220000001,0.6350898963741171,223.52000000000007,45,4.967111111111112,87130029b5443647ed1f1febd32ab768bf957a0a1698217eb3cf14b2d00c6ecf,288,88a3060446d70b13bc4b7c47bcf4a28b482978da40ae6a1508627d685abf30cb,3e9ff9c7a910ab4cbd58c793020ebe6d26c239e15056a461be09614d6a6a0983
s01,s0102a,O0_4_LR_all_gt20ms,88,17,0.19318181818181818,6,4,0,0.06818181818181818,0.045454545454545456,0.0,90,18,0.2,6,4,0,0.06666666666666667,0.044444444444444446,0.0,315.34814700000044,203.28003100000015,0.6446209782231569,227.24400000000009,45,5.049866666666668,87130029b5443647ed1f1febd32ab768bf957a0a1698217eb3cf14b2d00c6ecf,288,fbd989616fdd41354604e30272c3af154baf61cf2f73b65bec855ef09f046546,1b5f66ef96d3f5be903325c283bb32cf124905e5b9323f12a7d8558968ba918b
s01,s0102a,O0_4_LR_all_gt50ms,88,17,0.19318181818181818,4,2,0,0.045454545454545456,0.022727272727272728,0.0,90,18,0.2,4,2,0,0.044444444444444446,0.022222222222222223,0.0,315.34814700000044,205.62606500000015,0.6520604828542084,230.81200000000018,45,5.12915555555556,87130029b5443647ed1f1febd32ab768bf957a0a1698217eb3cf14b2d00c6ecf,288,ebdf960194739c07b4984298b039b6af3026c8e69cf5ff8135670941bc815256,911bd7511cdf0168bbabe0a1e791fa27875acfeed54651181b56a2f515cf1dfb
s01,s0102b,O0_4,58,12,0.20689655172413793,5,1,0,0.08620689655172414,0.017241379310344827,0.0,62,13,0.20967741935483872,6,2,0,0.0967741935483871,0.03225806451612903,0.0,247.2786510000001,146.23603599999996,0.5913815665388755,165.14799999999985,31,5.327354838709673,87130029b5443647ed1f1febd32ab768bf957a0a1698217eb3cf14b2d00c6ecf,201,df59907d57e259a080439960ed9068006c75b00c27c8df699247ca8fae9f5f4a,fb0e2f67f7e2e9605864304b91e50caddcbb402eb432d9c93264ee556badb4e2
s01,s0102b,O0_4_LR_rms_waveform_inside,58,11,0.1896551724137931,5,1,0,0.08620689655172414,0.017241379310344827,0.0,62,12,0.1935483870967742,6,2,0,0.0967741935483871,0.03225806451612903,0.0,247.2786510000001,145.937482,0.5901742079626596,164.72399999999988,31,5.313677419354835,87130029b5443647ed1f1febd32ab768bf957a0a1698217eb3cf14b2d00c6ecf,201,cac375e175d517e502aa4b980390442007cae440ff0d95412aa78b2db561dfe3,16dacac935dca6b92dd4ee33fe9527ade0000d1c37a0ea4086eb26399767586a
s01,s0102b,O0_4_LR_rms_waveform_gt20ms,58,11,0.1896551724137931,5,1,0,0.08620689655172414,0.017241379310344827,0.0,62,12,0.1935483870967742,6,2,0,0.0967741935483871,0.03225806451612903,0.0,247.2786510000001,145.937482,0.5901742079626596,164.72399999999988,31,5.313677419354835,87130029b5443647ed1f1febd32ab768bf957a0a1698217eb3cf14b2d00c6ecf,201,cac375e175d517e502aa4b980390442007cae440ff0d95412aa78b2db561dfe3,16dacac935dca6b92dd4ee33fe9527ade0000d1c37a0ea4086eb26399767586a
s01,s0102b,O0_4_LR_rms_waveform_gt50ms,58,11,0.1896551724137931,5,1,0,0.08620689655172414,0.017241379310344827,0.0,62,12,0.1935483870967742,6,2,0,0.0967741935483871,0.03225806451612903,0.0,247.2786510000001,145.937482,0.5901742079626596,164.72399999999988,31,5.313677419354835,87130029b5443647ed1f1febd32ab768bf957a0a1698217eb3cf14b2d00c6ecf,201,cac375e175d517e502aa4b980390442007cae440ff0d95412aa78b2db561dfe3,16dacac935dca6b92dd4ee33fe9527ade0000d1c37a0ea4086eb26399767586a
s01,s0102b,O0_4_LR_vad_only_inside,58,13,0.22413793103448276,6,1,0,0.10344827586206896,0.017241379310344827,0.0,62,14,0.22580645161290322,7,2,0,0.11290322580645161,0.03225806451612903,0.0,247.2786510000001,146.05237899999992,0.5906388538167812,164.77999999999986,31,5.3154838709677374,87130029b5443647ed1f1febd32ab768bf957a0a1698217eb3cf14b2d00c6ecf,201,324deb31276ccbdad3eeeb5c0033df557b250084333d198dc8cfc67158282421,a707fcc1d851be5d81b04411c909d71eb94cf67f583c6b9dfe9d05bc9daba78d
s01,s0102b,O0_4_LR_vad_only_gt20ms,58,13,0.22413793103448276,6,1,0,0.10344827586206896,0.017241379310344827,0.0,62,14,0.22580645161290322,7,2,0,0.11290322580645161,0.03225806451612903,0.0,247.2786510000001,146.05237899999992,0.5906388538167812,164.77999999999986,31,5.3154838709677374,87130029b5443647ed1f1febd32ab768bf957a0a1698217eb3cf14b2d00c6ecf,201,324deb31276ccbdad3eeeb5c0033df557b250084333d198dc8cfc67158282421,a707fcc1d851be5d81b04411c909d71eb94cf67f583c6b9dfe9d05bc9daba78d
s01,s0102b,O0_4_LR_vad_only_gt50ms,58,12,0.20689655172413793,5,1,0,0.08620689655172414,0.017241379310344827,0.0,62,13,0.20967741935483872,6,2,0,0.0967741935483871,0.03225806451612903,0.0,247.2786510000001,146.23603599999996,0.5913815665388755,165.14799999999985,31,5.327354838709673,87130029b5443647ed1f1febd32ab768bf957a0a1698217eb3cf14b2d00c6ecf,201,df59907d57e259a080439960ed9068006c75b00c27c8df699247ca8fae9f5f4a,fb0e2f67f7e2e9605864304b91e50caddcbb402eb432d9c93264ee556badb4e2
s01,s0102b,O0_4_LR_all_inside,58,11,0.1896551724137931,5,1,0,0.08620689655172414,0.017241379310344827,0.0,62,12,0.1935483870967742,6,2,0,0.0967741935483871,0.03225806451612903,0.0,247.2786510000001,145.937482,0.5901742079626596,164.72399999999988,31,5.313677419354835,87130029b5443647ed1f1febd32ab768bf957a0a1698217eb3cf14b2d00c6ecf,201,cac375e175d517e502aa4b980390442007cae440ff0d95412aa78b2db561dfe3,16dacac935dca6b92dd4ee33fe9527ade0000d1c37a0ea4086eb26399767586a
s01,s0102b,O0_4_LR_all_gt20ms,58,11,0.1896551724137931,5,1,0,0.08620689655172414,0.017241379310344827,0.0,62,12,0.1935483870967742,6,2,0,0.0967741935483871,0.03225806451612903,0.0,247.2786510000001,145.937482,0.5901742079626596,164.72399999999988,31,5.313677419354835,87130029b5443647ed1f1febd32ab768bf957a0a1698217eb3cf14b2d00c6ecf,201,cac375e175d517e502aa4b980390442007cae440ff0d95412aa78b2db561dfe3,16dacac935dca6b92dd4ee33fe9527ade0000d1c37a0ea4086eb26399767586a
s01,s0102b,O0_4_LR_all_gt50ms,58,12,0.20689655172413793,5,1,0,0.08620689655172414,0.017241379310344827,0.0,62,13,0.20967741935483872,6,2,0,0.0967741935483871,0.03225806451612903,0.0,247.2786510000001,146.23603599999996,0.5913815665388755,165.14799999999985,31,5.327354838709673,87130029b5443647ed1f1febd32ab768bf957a0a1698217eb3cf14b2d00c6ecf,201,df59907d57e259a080439960ed9068006c75b00c27c8df699247ca8fae9f5f4a,fb0e2f67f7e2e9605864304b91e50caddcbb402eb432d9c93264ee556badb4e2
s01,s0103a,O0_4,43,8,0.18604651162790697,5,2,1,0.11627906976744186,0.046511627906976744,0.023255813953488372,44,9,0.20454545454545456,6,3,2,0.13636363636363635,0.06818181818181818,0.045454545454545456,184.805317,107.549769,0.581962525461321,118.15199999999992,22,5.370545454545451,87130029b5443647ed1f1febd32ab768bf957a0a1698217eb3cf14b2d00c6ecf,176,a56356c987cad84f18a58cb752a1f1b0d8d87a2217987c592c16535f421db22e,81ad904a899666431a54e1ac5da86160b603041ef29dc61954478ff6d745d717
s01,s0103a,O0_4_LR_rms_waveform_inside,43,8,0.18604651162790697,5,2,1,0.11627906976744186,0.046511627906976744,0.023255813953488372,44,9,0.20454545454545456,6,3,2,0.13636363636363635,0.06818181818181818,0.045454545454545456,184.805317,107.549769,0.581962525461321,118.15199999999992,22,5.370545454545451,87130029b5443647ed1f1febd32ab768bf957a0a1698217eb3cf14b2d00c6ecf,176,a56356c987cad84f18a58cb752a1f1b0d8d87a2217987c592c16535f421db22e,81ad904a899666431a54e1ac5da86160b603041ef29dc61954478ff6d745d717
s01,s0103a,O0_4_LR_rms_waveform_gt20ms,43,8,0.18604651162790697,5,2,1,0.11627906976744186,0.046511627906976744,0.023255813953488372,44,9,0.20454545454545456,6,3,2,0.13636363636363635,0.06818181818181818,0.045454545454545456,184.805317,107.549769,0.581962525461321,118.15199999999992,22,5.370545454545451,87130029b5443647ed1f1febd32ab768bf957a0a1698217eb3cf14b2d00c6ecf,176,a56356c987cad84f18a58cb752a1f1b0d8d87a2217987c592c16535f421db22e,81ad904a899666431a54e1ac5da86160b603041ef29dc61954478ff6d745d717
s01,s0103a,O0_4_LR_rms_waveform_gt50ms,43,8,0.18604651162790697,5,2,1,0.11627906976744186,0.046511627906976744,0.023255813953488372,44,9,0.20454545454545456,6,3,2,0.13636363636363635,0.06818181818181818,0.045454545454545456,184.805317,107.549769,0.581962525461321,118.15199999999992,22,5.370545454545451,87130029b5443647ed1f1febd32ab768bf957a0a1698217eb3cf14b2d00c6ecf,176,a56356c987cad84f18a58cb752a1f1b0d8d87a2217987c592c16535f421db22e,81ad904a899666431a54e1ac5da86160b603041ef29dc61954478ff6d745d717
s01,s0103a,O0_4_LR_vad_only_inside,43,8,0.18604651162790697,5,2,1,0.11627906976744186,0.046511627906976744,0.023255813953488372,44,9,0.20454545454545456,6,3,2,0.13636363636363635,0.06818181818181818,0.045454545454545456,184.805317,107.549769,0.581962525461321,118.15199999999992,22,5.370545454545451,87130029b5443647ed1f1febd32ab768bf957a0a1698217eb3cf14b2d00c6ecf,176,a56356c987cad84f18a58cb752a1f1b0d8d87a2217987c592c16535f421db22e,81ad904a899666431a54e1ac5da86160b603041ef29dc61954478ff6d745d717
s01,s0103a,O0_4_LR_vad_only_gt20ms,43,8,0.18604651162790697,5,2,1,0.11627906976744186,0.046511627906976744,0.023255813953488372,44,9,0.20454545454545456,6,3,2,0.13636363636363635,0.06818181818181818,0.045454545454545456,184.805317,107.549769,0.581962525461321,118.15199999999992,22,5.370545454545451,87130029b5443647ed1f1febd32ab768bf957a0a1698217eb3cf14b2d00c6ecf,176,a56356c987cad84f18a58cb752a1f1b0d8d87a2217987c592c16535f421db22e,81ad904a899666431a54e1ac5da86160b603041ef29dc61954478ff6d745d717
s01,s0103a,O0_4_LR_vad_only_gt50ms,43,8,0.18604651162790697,5,2,1,0.11627906976744186,0.046511627906976744,0.023255813953488372,44,9,0.20454545454545456,6,3,2,0.13636363636363635,0.06818181818181818,0.045454545454545456,184.805317,107.549769,0.581962525461321,118.15199999999992,22,5.370545454545451,87130029b5443647ed1f1febd32ab768bf957a0a1698217eb3cf14b2d00c6ecf,176,a56356c987cad84f18a58cb752a1f1b0d8d87a2217987c592c16535f421db22e,81ad904a899666431a54e1ac5da86160b603041ef29dc61954478ff6d745d717
s01,s0103a,O0_4_LR_all_inside,43,8,0.18604651162790697,5,2,1,0.11627906976744186,0.046511627906976744,0.023255813953488372,44,9,0.20454545454545456,6,3,2,0.13636363636363635,0.06818181818181818,0.045454545454545456,184.805317,107.549769,0.581962525461321,118.15199999999992,22,5.370545454545451,87130029b5443647ed1f1febd32ab768bf957a0a1698217eb3cf14b2d00c6ecf,176,a56356c987cad84f18a58cb752a1f1b0d8d87a2217987c592c16535f421db22e,81ad904a899666431a54e1ac5da86160b603041ef29dc61954478ff6d745d717
s01,s0103a,O0_4_LR_all_gt20ms,43,8,0.18604651162790697,5,2,1,0.11627906976744186,0.046511627906976744,0.023255813953488372,44,9,0.20454545454545456,6,3,2,0.13636363636363635,0.06818181818181818,0.045454545454545456,184.805317,107.549769,0.581962525461321,118.15199999999992,22,5.370545454545451,87130029b5443647ed1f1febd32ab768bf957a0a1698217eb3cf14b2d00c6ecf,176,a56356c987cad84f18a58cb752a1f1b0d8d87a2217987c592c16535f421db22e,81ad904a899666431a54e1ac5da86160b603041ef29dc61954478ff6d745d717
s01,s0103a,O0_4_LR_all_gt50ms,43,8,0.18604651162790697,5,2,1,0.11627906976744186,0.046511627906976744,0.023255813953488372,44,9,0.20454545454545456,6,3,2,0.13636363636363635,0.06818181818181818,0.045454545454545456,184.805317,107.549769,0.581962525461321,118.15199999999992,22,5.370545454545451,87130029b5443647ed1f1febd32ab768bf957a0a1698217eb3cf14b2d00c6ecf,176,a56356c987cad84f18a58cb752a1f1b0d8d87a2217987c592c16535f421db22e,81ad904a899666431a54e1ac5da86160b603041ef29dc61954478ff6d745d717
s02,s0201b,O0_4,18,1,0.05555555555555555,1,0,0,0.05555555555555555,0.0,0.0,18,1,0.05555555555555555,1,0,0,0.05555555555555555,0.0,0.0,84.13449100000008,41.37084499999999,0.4917227703915146,46.39599999999999,9,5.155111111111109,87130029b5443647ed1f1febd32ab768bf957a0a1698217eb3cf14b2d00c6ecf,55,21db6eaf439f07bb1b389b3f8c0aaf3e0d91ed6bceb83ed0df29d1aa92c92a94,2d9d81e5c53bd03fa486c8447519a3e74b4ed0ae4b24bf59ea326da53b01a30e
s02,s0201b,O0_4_LR_rms_waveform_inside,18,1,0.05555555555555555,1,0,0,0.05555555555555555,0.0,0.0,18,1,0.05555555555555555,1,0,0,0.05555555555555555,0.0,0.0,84.13449100000008,41.37084499999999,0.4917227703915146,46.39599999999999,9,5.155111111111109,87130029b5443647ed1f1febd32ab768bf957a0a1698217eb3cf14b2d00c6ecf,55,21db6eaf439f07bb1b389b3f8c0aaf3e0d91ed6bceb83ed0df29d1aa92c92a94,2d9d81e5c53bd03fa486c8447519a3e74b4ed0ae4b24bf59ea326da53b01a30e
s02,s0201b,O0_4_LR_rms_waveform_gt20ms,18,1,0.05555555555555555,1,0,0,0.05555555555555555,0.0,0.0,18,1,0.05555555555555555,1,0,0,0.05555555555555555,0.0,0.0,84.13449100000008,41.37084499999999,0.4917227703915146,46.39599999999999,9,5.155111111111109,87130029b5443647ed1f1febd32ab768bf957a0a1698217eb3cf14b2d00c6ecf,55,21db6eaf439f07bb1b389b3f8c0aaf3e0d91ed6bceb83ed0df29d1aa92c92a94,2d9d81e5c53bd03fa486c8447519a3e74b4ed0ae4b24bf59ea326da53b01a30e
s02,s0201b,O0_4_LR_rms_waveform_gt50ms,18,1,0.05555555555555555,1,0,0,0.05555555555555555,0.0,0.0,18,1,0.05555555555555555,1,0,0,0.05555555555555555,0.0,0.0,84.13449100000008,41.37084499999999,0.4917227703915146,46.39599999999999,9,5.155111111111109,87130029b5443647ed1f1febd32ab768bf957a0a1698217eb3cf14b2d00c6ecf,55,21db6eaf439f07bb1b389b3f8c0aaf3e0d91ed6bceb83ed0df29d1aa92c92a94,2d9d81e5c53bd03fa486c8447519a3e74b4ed0ae4b24bf59ea326da53b01a30e
s02,s0201b,O0_4_LR_vad_only_inside,18,1,0.05555555555555555,1,0,0,0.05555555555555555,0.0,0.0,18,1,0.05555555555555555,1,0,0,0.05555555555555555,0.0,0.0,84.13449100000008,41.37084499999999,0.4917227703915146,46.39599999999999,9,5.155111111111109,87130029b5443647ed1f1febd32ab768bf957a0a1698217eb3cf14b2d00c6ecf,55,21db6eaf439f07bb1b389b3f8c0aaf3e0d91ed6bceb83ed0df29d1aa92c92a94,2d9d81e5c53bd03fa486c8447519a3e74b4ed0ae4b24bf59ea326da53b01a30e
s02,s0201b,O0_4_LR_vad_only_gt20ms,18,1,0.05555555555555555,1,0,0,0.05555555555555555,0.0,0.0,18,1,0.05555555555555555,1,0,0,0.05555555555555555,0.0,0.0,84.13449100000008,41.37084499999999,0.4917227703915146,46.39599999999999,9,5.155111111111109,87130029b5443647ed1f1febd32ab768bf957a0a1698217eb3cf14b2d00c6ecf,55,21db6eaf439f07bb1b389b3f8c0aaf3e0d91ed6bceb83ed0df29d1aa92c92a94,2d9d81e5c53bd03fa486c8447519a3e74b4ed0ae4b24bf59ea326da53b01a30e
s02,s0201b,O0_4_LR_vad_only_gt50ms,18,1,0.05555555555555555,1,0,0,0.05555555555555555,0.0,0.0,18,1,0.05555555555555555,1,0,0,0.05555555555555555,0.0,0.0,84.13449100000008,41.37084499999999,0.4917227703915146,46.39599999999999,9,5.155111111111109,87130029b5443647ed1f1febd32ab768bf957a0a1698217eb3cf14b2d00c6ecf,55,21db6eaf439f07bb1b389b3f8c0aaf3e0d91ed6bceb83ed0df29d1aa92c92a94,2d9d81e5c53bd03fa486c8447519a3e74b4ed0ae4b24bf59ea326da53b01a30e
s02,s0201b,O0_4_LR_all_inside,18,1,0.05555555555555555,1,0,0,0.05555555555555555,0.0,0.0,18,1,0.05555555555555555,1,0,0,0.05555555555555555,0.0,0.0,84.13449100000008,41.37084499999999,0.4917227703915146,46.39599999999999,9,5.155111111111109,87130029b5443647ed1f1febd32ab768bf957a0a1698217eb3cf14b2d00c6ecf,55,21db6eaf439f07bb1b389b3f8c0aaf3e0d91ed6bceb83ed0df29d1aa92c92a94,2d9d81e5c53bd03fa486c8447519a3e74b4ed0ae4b24bf59ea326da53b01a30e
s02,s0201b,O0_4_LR_all_gt20ms,18,1,0.05555555555555555,1,0,0,0.05555555555555555,0.0,0.0,18,1,0.05555555555555555,1,0,0,0.05555555555555555,0.0,0.0,84.13449100000008,41.37084499999999,0.4917227703915146,46.39599999999999,9,5.155111111111109,87130029b5443647ed1f1febd32ab768bf957a0a1698217eb3cf14b2d00c6ecf,55,21db6eaf439f07bb1b389b3f8c0aaf3e0d91ed6bceb83ed0df29d1aa92c92a94,2d9d81e5c53bd03fa486c8447519a3e74b4ed0ae4b24bf59ea326da53b01a30e
s02,s0201b,O0_4_LR_all_gt50ms,18,1,0.05555555555555555,1,0,0,0.05555555555555555,0.0,0.0,18,1,0.05555555555555555,1,0,0,0.05555555555555555,0.0,0.0,84.13449100000008,41.37084499999999,0.4917227703915146,46.39599999999999,9,5.155111111111109,87130029b5443647ed1f1febd32ab768bf957a0a1698217eb3cf14b2d00c6ecf,55,21db6eaf439f07bb1b389b3f8c0aaf3e0d91ed6bceb83ed0df29d1aa92c92a94,2d9d81e5c53bd03fa486c8447519a3e74b4ed0ae4b24bf59ea326da53b01a30e
s02,s0202b,O0_4,48,1,0.020833333333333332,0,0,0,0.0,0.0,0.0,50,1,0.02,0,0,0,0.0,0.0,0.0,188.87636500000005,141.02551399999996,0.7466551677866097,157.92000000000004,25,6.3168000000000015,87130029b5443647ed1f1febd32ab768bf957a0a1698217eb3cf14b2d00c6ecf,119,6e2e3788b4b7c48e6e85953085ff7393c7475c11f8d22ac26a608738f4664cf1,01c62338459f1066ab415b3f6f443cb075d613912b468b172bdf2750ef158efe
s02,s0202b,O0_4_LR_rms_waveform_inside,48,1,0.020833333333333332,0,0,0,0.0,0.0,0.0,50,1,0.02,0,0,0,0.0,0.0,0.0,188.87636500000005,140.35231099999996,0.7430909155838525,157.09600000000006,25,6.283840000000002,87130029b5443647ed1f1febd32ab768bf957a0a1698217eb3cf14b2d00c6ecf,119,e50ce5540444a321bc499317d447aceb73894c3c65a4f9b9f40a7338ca08ba17,417febaa5997b17f172556e3a98467995493540be73301a1972b2841229bbb77
s02,s0202b,O0_4_LR_rms_waveform_gt20ms,48,1,0.020833333333333332,0,0,0,0.0,0.0,0.0,50,1,0.02,0,0,0,0.0,0.0,0.0,188.87636500000005,140.35231099999996,0.7430909155838525,157.09600000000006,25,6.283840000000002,87130029b5443647ed1f1febd32ab768bf957a0a1698217eb3cf14b2d00c6ecf,119,62bbb894cc36e4b4d5e7f5ed3b72599be02b73526df9afe27b450eabdef33a13,780e6917bfa2dea8efef9b8a03b28266e7abe6077e4ad85910116d9af19ab7ec
s02,s0202b,O0_4_LR_rms_waveform_gt50ms,48,1,0.020833333333333332,0,0,0,0.0,0.0,0.0,50,1,0.02,0,0,0,0.0,0.0,0.0,188.87636500000005,141.02551399999996,0.7466551677866097,157.92000000000004,25,6.3168000000000015,87130029b5443647ed1f1febd32ab768bf957a0a1698217eb3cf14b2d00c6ecf,119,6e2e3788b4b7c48e6e85953085ff7393c7475c11f8d22ac26a608738f4664cf1,01c62338459f1066ab415b3f6f443cb075d613912b468b172bdf2750ef158efe
s02,s0202b,O0_4_LR_vad_only_inside,48,2,0.041666666666666664,1,1,0,0.020833333333333332,0.020833333333333332,0.0,50,2,0.04,1,1,0,0.02,0.02,0.0,188.87636500000005,140.26111799999995,0.7426080971009789,156.42400000000006,25,6.256960000000003,87130029b5443647ed1f1febd32ab768bf957a0a1698217eb3cf14b2d00c6ecf,119,19081da52b2b4b9ebbf2dbacc568e9c85146231481099e31d3ad5908b09c6088,53032bbe23329a1280b70a805a77b53b9de99661bbca90766f7af9fdde502b84
s02,s0202b,O0_4_LR_vad_only_gt20ms,48,2,0.041666666666666664,1,1,0,0.020833333333333332,0.020833333333333332,0.0,50,2,0.04,1,1,0,0.02,0.02,0.0,188.87636500000005,140.26111799999995,0.7426080971009789,156.42400000000006,25,6.256960000000003,87130029b5443647ed1f1febd32ab768bf957a0a1698217eb3cf14b2d00c6ecf,119,19081da52b2b4b9ebbf2dbacc568e9c85146231481099e31d3ad5908b09c6088,53032bbe23329a1280b70a805a77b53b9de99661bbca90766f7af9fdde502b84
s02,s0202b,O0_4_LR_vad_only_gt50ms,48,1,0.020833333333333332,0,0,0,0.0,0.0,0.0,50,1,0.02,0,0,0,0.0,0.0,0.0,188.87636500000005,141.02551399999996,0.7466551677866097,157.92000000000004,25,6.3168000000000015,87130029b5443647ed1f1febd32ab768bf957a0a1698217eb3cf14b2d00c6ecf,119,746a8c3ee5e88279c3a3c5a3489c8031a0a4fd11f13778d127b159a6a938c678,839b372849bec69002d56a55d1180735137c80e70a53881911097907269ee0ae
s02,s0202b,O0_4_LR_all_inside,48,1,0.020833333333333332,0,0,0,0.0,0.0,0.0,50,1,0.02,0,0,0,0.0,0.0,0.0,188.87636500000005,140.35231099999996,0.7430909155838525,157.09600000000006,25,6.283840000000002,87130029b5443647ed1f1febd32ab768bf957a0a1698217eb3cf14b2d00c6ecf,119,e50ce5540444a321bc499317d447aceb73894c3c65a4f9b9f40a7338ca08ba17,417febaa5997b17f172556e3a98467995493540be73301a1972b2841229bbb77
s02,s0202b,O0_4_LR_all_gt20ms,48,1,0.020833333333333332,0,0,0,0.0,0.0,0.0,50,1,0.02,0,0,0,0.0,0.0,0.0,188.87636500000005,140.35231099999996,0.7430909155838525,157.09600000000006,25,6.283840000000002,87130029b5443647ed1f1febd32ab768bf957a0a1698217eb3cf14b2d00c6ecf,119,62bbb894cc36e4b4d5e7f5ed3b72599be02b73526df9afe27b450eabdef33a13,780e6917bfa2dea8efef9b8a03b28266e7abe6077e4ad85910116d9af19ab7ec
s02,s0202b,O0_4_LR_all_gt50ms,48,1,0.020833333333333332,0,0,0,0.0,0.0,0.0,50,1,0.02,0,0,0,0.0,0.0,0.0,188.87636500000005,141.02551399999996,0.7466551677866097,157.92000000000004,25,6.3168000000000015,87130029b5443647ed1f1febd32ab768bf957a0a1698217eb3cf14b2d00c6ecf,119,6e2e3788b4b7c48e6e85953085ff7393c7475c11f8d22ac26a608738f4664cf1,01c62338459f1066ab415b3f6f443cb075d613912b468b172bdf2750ef158efe
s02,s0203a,O0_4,37,1,0.02702702702702703,1,0,0,0.02702702702702703,0.0,0.0,38,1,0.02631578947368421,1,0,0,0.02631578947368421,0.0,0.0,155.45741400000006,93.75794899999997,0.6031101803867646,106.93199999999993,19,5.627999999999997,87130029b5443647ed1f1febd32ab768bf957a0a1698217eb3cf14b2d00c6ecf,113,f8678256334704e145cabf52b55d5826e112d0dd9a319142bc744ce6a5f3a380,0e5273d051e0994f096b6ca2951fd208d7fb2e9027afe2249f27214d021486fe
s02,s0203a,O0_4_LR_rms_waveform_inside,37,1,0.02702702702702703,1,0,0,0.02702702702702703,0.0,0.0,38,1,0.02631578947368421,1,0,0,0.02631578947368421,0.0,0.0,155.45741400000006,93.25704299999998,0.5998880375045988,106.11999999999992,19,5.585263157894732,87130029b5443647ed1f1febd32ab768bf957a0a1698217eb3cf14b2d00c6ecf,113,8635c26905d575505c922d9a756e1d9bb818a9af126a22ced29d56705b65413a,629427316f7316397d376bb1485ac4ad428046cf378b869f6c66fe7b832a2949
s02,s0203a,O0_4_LR_rms_waveform_gt20ms,37,1,0.02702702702702703,1,0,0,0.02702702702702703,0.0,0.0,38,1,0.02631578947368421,1,0,0,0.02631578947368421,0.0,0.0,155.45741400000006,93.75794899999997,0.6031101803867646,106.87599999999992,19,5.625052631578943,87130029b5443647ed1f1febd32ab768bf957a0a1698217eb3cf14b2d00c6ecf,113,6e3dbc1bf8c64127ee47bfe2fafc5bf5608d200ba4897e85cb1042073b004eb1,939c7bdc2f7abd46782104c8a03f1c6cd04edcff09ee212b50136663f480ca18
s02,s0203a,O0_4_LR_rms_waveform_gt50ms,37,1,0.02702702702702703,1,0,0,0.02702702702702703,0.0,0.0,38,1,0.02631578947368421,1,0,0,0.02631578947368421,0.0,0.0,155.45741400000006,93.75794899999997,0.6031101803867646,106.87599999999992,19,5.625052631578943,87130029b5443647ed1f1febd32ab768bf957a0a1698217eb3cf14b2d00c6ecf,113,6e3dbc1bf8c64127ee47bfe2fafc5bf5608d200ba4897e85cb1042073b004eb1,939c7bdc2f7abd46782104c8a03f1c6cd04edcff09ee212b50136663f480ca18
s02,s0203a,O0_4_LR_vad_only_inside,37,1,0.02702702702702703,1,0,0,0.02702702702702703,0.0,0.0,38,1,0.02631578947368421,1,0,0,0.02631578947368421,0.0,0.0,155.45741400000006,93.08988499999998,0.5988127719659607,105.78799999999993,19,5.567789473684207,87130029b5443647ed1f1febd32ab768bf957a0a1698217eb3cf14b2d00c6ecf,113,3a6d796873e281643acc8e1bed45c213fa4f01a5b62a4a74c2c21e18a146ed08,f1d93092929519d0f9b3748c513677946ec314f8e1e682d6a0de7a488230146c
s02,s0203a,O0_4_LR_vad_only_gt20ms,37,1,0.02702702702702703,1,0,0,0.02702702702702703,0.0,0.0,38,1,0.02631578947368421,1,0,0,0.02631578947368421,0.0,0.0,155.45741400000006,93.25704299999998,0.5998880375045988,106.17599999999993,19,5.588210526315786,87130029b5443647ed1f1febd32ab768bf957a0a1698217eb3cf14b2d00c6ecf,113,73c820df96b17d0c673a4b49a8660a9f5a75960197ca280e3812a24be7ffbea7,72572d6cfe0ec19b42a1f3816ff5156a8315d00f74d36b22e1efb5472cb86649
s02,s0203a,O0_4_LR_vad_only_gt50ms,37,1,0.02702702702702703,1,0,0,0.02702702702702703,0.0,0.0,38,1,0.02631578947368421,1,0,0,0.02631578947368421,0.0,0.0,155.45741400000006,93.75794899999997,0.6031101803867646,106.93199999999993,19,5.627999999999997,87130029b5443647ed1f1febd32ab768bf957a0a1698217eb3cf14b2d00c6ecf,113,f8678256334704e145cabf52b55d5826e112d0dd9a319142bc744ce6a5f3a380,0e5273d051e0994f096b6ca2951fd208d7fb2e9027afe2249f27214d021486fe
s02,s0203a,O0_4_LR_all_inside,37,1,0.02702702702702703,1,0,0,0.02702702702702703,0.0,0.0,38,1,0.02631578947368421,1,0,0,0.02631578947368421,0.0,0.0,155.45741400000006,93.25704299999998,0.5998880375045988,106.11999999999992,19,5.585263157894732,87130029b5443647ed1f1febd32ab768bf957a0a1698217eb3cf14b2d00c6ecf,113,8635c26905d575505c922d9a756e1d9bb818a9af126a22ced29d56705b65413a,629427316f7316397d376bb1485ac4ad428046cf378b869f6c66fe7b832a2949
s02,s0203a,O0_4_LR_all_gt20ms,37,1,0.02702702702702703,1,0,0,0.02702702702702703,0.0,0.0,38,1,0.02631578947368421,1,0,0,0.02631578947368421,0.0,0.0,155.45741400000006,93.25704299999998,0.5998880375045988,106.11999999999992,19,5.585263157894732,87130029b5443647ed1f1febd32ab768bf957a0a1698217eb3cf14b2d00c6ecf,113,8635c26905d575505c922d9a756e1d9bb818a9af126a22ced29d56705b65413a,629427316f7316397d376bb1485ac4ad428046cf378b869f6c66fe7b832a2949
s02,s0203a,O0_4_LR_all_gt50ms,37,1,0.02702702702702703,1,0,0,0.02702702702702703,0.0,0.0,38,1,0.02631578947368421,1,0,0,0.02631578947368421,0.0,0.0,155.45741400000006,93.75794899999997,0.6031101803867646,106.93199999999993,19,5.627999999999997,87130029b5443647ed1f1febd32ab768bf957a0a1698217eb3cf14b2d00c6ecf,113,f8678256334704e145cabf52b55d5826e112d0dd9a319142bc744ce6a5f3a380,0e5273d051e0994f096b6ca2951fd208d7fb2e9027afe2249f27214d021486fe
s02,s0203b,O0_4,18,2,0.1111111111111111,1,0,0,0.05555555555555555,0.0,0.0,20,2,0.1,1,0,0,0.05,0.0,0.0,91.48491799999996,58.29758999999996,0.637237167332871,64.20799999999994,10,6.4207999999999945,87130029b5443647ed1f1febd32ab768bf957a0a1698217eb3cf14b2d00c6ecf,33,ed5defc2219afb709848856fd676c6a5b8cd2c7e678784e8509cd3a4d6ed6339,658c6e45a6f1e76ee9103be794f80542a010f6dec4e159f93e1e14cc9bc3ec0d
s02,s0203b,O0_4_LR_rms_waveform_inside,18,2,0.1111111111111111,1,0,0,0.05555555555555555,0.0,0.0,20,2,0.1,1,0,0,0.05,0.0,0.0,91.48491799999996,58.29758999999996,0.637237167332871,64.20799999999994,10,6.4207999999999945,87130029b5443647ed1f1febd32ab768bf957a0a1698217eb3cf14b2d00c6ecf,33,ed5defc2219afb709848856fd676c6a5b8cd2c7e678784e8509cd3a4d6ed6339,658c6e45a6f1e76ee9103be794f80542a010f6dec4e159f93e1e14cc9bc3ec0d
s02,s0203b,O0_4_LR_rms_waveform_gt20ms,18,2,0.1111111111111111,1,0,0,0.05555555555555555,0.0,0.0,20,2,0.1,1,0,0,0.05,0.0,0.0,91.48491799999996,58.29758999999996,0.637237167332871,64.20799999999994,10,6.4207999999999945,87130029b5443647ed1f1febd32ab768bf957a0a1698217eb3cf14b2d00c6ecf,33,ed5defc2219afb709848856fd676c6a5b8cd2c7e678784e8509cd3a4d6ed6339,658c6e45a6f1e76ee9103be794f80542a010f6dec4e159f93e1e14cc9bc3ec0d
s02,s0203b,O0_4_LR_rms_waveform_gt50ms,18,1,0.05555555555555555,0,0,0,0.0,0.0,0.0,20,1,0.05,0,0,0,0.0,0.0,0.0,91.48491799999996,59.93570799999998,0.6551430477316491,65.97599999999997,10,6.597599999999997,87130029b5443647ed1f1febd32ab768bf957a0a1698217eb3cf14b2d00c6ecf,33,4b7d5ccfa416835f9e2b8c299f8ea56f6de04cba3523e9b32011e737e2f8ab13,fb03de38d0801b952c6b12ec9cbefaa813d0514e318caa89dd535bf48db111af
s02,s0203b,O0_4_LR_vad_only_inside,18,2,0.1111111111111111,1,0,0,0.05555555555555555,0.0,0.0,20,2,0.1,1,0,0,0.05,0.0,0.0,91.48491799999996,58.29758999999996,0.637237167332871,64.20799999999994,10,6.4207999999999945,87130029b5443647ed1f1febd32ab768bf957a0a1698217eb3cf14b2d00c6ecf,33,ed5defc2219afb709848856fd676c6a5b8cd2c7e678784e8509cd3a4d6ed6339,658c6e45a6f1e76ee9103be794f80542a010f6dec4e159f93e1e14cc9bc3ec0d
s02,s0203b,O0_4_LR_vad_only_gt20ms,18,2,0.1111111111111111,1,0,0,0.05555555555555555,0.0,0.0,20,2,0.1,1,0,0,0.05,0.0,0.0,91.48491799999996,58.29758999999996,0.637237167332871,64.20799999999994,10,6.4207999999999945,87130029b5443647ed1f1febd32ab768bf957a0a1698217eb3cf14b2d00c6ecf,33,ed5defc2219afb709848856fd676c6a5b8cd2c7e678784e8509cd3a4d6ed6339,658c6e45a6f1e76ee9103be794f80542a010f6dec4e159f93e1e14cc9bc3ec0d
s02,s0203b,O0_4_LR_vad_only_gt50ms,18,2,0.1111111111111111,1,0,0,0.05555555555555555,0.0,0.0,20,2,0.1,1,0,0,0.05,0.0,0.0,91.48491799999996,58.29758999999996,0.637237167332871,64.20799999999994,10,6.4207999999999945,87130029b5443647ed1f1febd32ab768bf957a0a1698217eb3cf14b2d00c6ecf,33,ed5defc2219afb709848856fd676c6a5b8cd2c7e678784e8509cd3a4d6ed6339,658c6e45a6f1e76ee9103be794f80542a010f6dec4e159f93e1e14cc9bc3ec0d
s02,s0203b,O0_4_LR_all_inside,18,2,0.1111111111111111,1,0,0,0.05555555555555555,0.0,0.0,20,2,0.1,1,0,0,0.05,0.0,0.0,91.48491799999996,58.29758999999996,0.637237167332871,64.20799999999994,10,6.4207999999999945,87130029b5443647ed1f1febd32ab768bf957a0a1698217eb3cf14b2d00c6ecf,33,ed5defc2219afb709848856fd676c6a5b8cd2c7e678784e8509cd3a4d6ed6339,658c6e45a6f1e76ee9103be794f80542a010f6dec4e159f93e1e14cc9bc3ec0d
s02,s0203b,O0_4_LR_all_gt20ms,18,2,0.1111111111111111,1,0,0,0.05555555555555555,0.0,0.0,20,2,0.1,1,0,0,0.05,0.0,0.0,91.48491799999996,58.29758999999996,0.637237167332871,64.20799999999994,10,6.4207999999999945,87130029b5443647ed1f1febd32ab768bf957a0a1698217eb3cf14b2d00c6ecf,33,ed5defc2219afb709848856fd676c6a5b8cd2c7e678784e8509cd3a4d6ed6339,658c6e45a6f1e76ee9103be794f80542a010f6dec4e159f93e1e14cc9bc3ec0d
s02,s0203b,O0_4_LR_all_gt50ms,18,1,0.05555555555555555,0,0,0,0.0,0.0,0.0,20,1,0.05,0,0,0,0.0,0.0,0.0,91.48491799999996,59.93570799999998,0.6551430477316491,65.97599999999997,10,6.597599999999997,87130029b5443647ed1f1febd32ab768bf957a0a1698217eb3cf14b2d00c6ecf,33,4b7d5ccfa416835f9e2b8c299f8ea56f6de04cba3523e9b32011e737e2f8ab13,fb03de38d0801b952c6b12ec9cbefaa813d0514e318caa89dd535bf48db111af
s02,s0204a,O0_4,33,1,0.030303030303030304,0,0,0,0.0,0.0,0.0,38,1,0.02631578947368421,0,0,0,0.0,0.0,0.0,152.81252600000005,123.56058000000002,0.8085762550643262,137.4919999999999,19,7.236421052631574,87130029b5443647ed1f1febd32ab768bf957a0a1698217eb3cf14b2d00c6ecf,79,a339d24a762799163d5f79dab57107b2005853f9b615502bd8ebbf516c181c88,e14203a83afe31e82a7cfecf52436fd7dee18a3e27d22bdb85e69fb155ae8e35
s02,s0204a,O0_4_LR_rms_waveform_inside,33,1,0.030303030303030304,0,0,0,0.0,0.0,0.0,38,1,0.02631578947368421,0,0,0,0.0,0.0,0.0,152.81252600000005,123.59258,0.8087856619816621,137.6879999999999,19,7.246736842105258,87130029b5443647ed1f1febd32ab768bf957a0a1698217eb3cf14b2d00c6ecf,79,c18fa0e6b894954e57ab09b9560e5541f344f33a2105e4889c05ab2d0fcb9681,92d22167105c63356597d549229df067dddb04ca0b7c8db762fbecdf3c4e5d40
s02,s0204a,O0_4_LR_rms_waveform_gt20ms,33,1,0.030303030303030304,0,0,0,0.0,0.0,0.0,38,1,0.02631578947368421,0,0,0,0.0,0.0,0.0,152.81252600000005,123.56058000000002,0.8085762550643262,137.4919999999999,19,7.236421052631574,87130029b5443647ed1f1febd32ab768bf957a0a1698217eb3cf14b2d00c6ecf,79,a339d24a762799163d5f79dab57107b2005853f9b615502bd8ebbf516c181c88,e14203a83afe31e82a7cfecf52436fd7dee18a3e27d22bdb85e69fb155ae8e35
s02,s0204a,O0_4_LR_rms_waveform_gt50ms,33,1,0.030303030303030304,0,0,0,0.0,0.0,0.0,38,1,0.02631578947368421,0,0,0,0.0,0.0,0.0,152.81252600000005,123.56058000000002,0.8085762550643262,137.4919999999999,19,7.236421052631574,87130029b5443647ed1f1febd32ab768bf957a0a1698217eb3cf14b2d00c6ecf,79,a339d24a762799163d5f79dab57107b2005853f9b615502bd8ebbf516c181c88,e14203a83afe31e82a7cfecf52436fd7dee18a3e27d22bdb85e69fb155ae8e35
s02,s0204a,O0_4_LR_vad_only_inside,33,1,0.030303030303030304,0,0,0,0.0,0.0,0.0,38,1,0.02631578947368421,0,0,0,0.0,0.0,0.0,152.81252600000005,123.56058000000002,0.8085762550643262,137.4919999999999,19,7.236421052631574,87130029b5443647ed1f1febd32ab768bf957a0a1698217eb3cf14b2d00c6ecf,79,a339d24a762799163d5f79dab57107b2005853f9b615502bd8ebbf516c181c88,e14203a83afe31e82a7cfecf52436fd7dee18a3e27d22bdb85e69fb155ae8e35
s02,s0204a,O0_4_LR_vad_only_gt20ms,33,1,0.030303030303030304,0,0,0,0.0,0.0,0.0,38,1,0.02631578947368421,0,0,0,0.0,0.0,0.0,152.81252600000005,123.56058000000002,0.8085762550643262,137.4919999999999,19,7.236421052631574,87130029b5443647ed1f1febd32ab768bf957a0a1698217eb3cf14b2d00c6ecf,79,a339d24a762799163d5f79dab57107b2005853f9b615502bd8ebbf516c181c88,e14203a83afe31e82a7cfecf52436fd7dee18a3e27d22bdb85e69fb155ae8e35
s02,s0204a,O0_4_LR_vad_only_gt50ms,33,1,0.030303030303030304,0,0,0,0.0,0.0,0.0,38,1,0.02631578947368421,0,0,0,0.0,0.0,0.0,152.81252600000005,123.56058000000002,0.8085762550643262,137.4919999999999,19,7.236421052631574,87130029b5443647ed1f1febd32ab768bf957a0a1698217eb3cf14b2d00c6ecf,79,a339d24a762799163d5f79dab57107b2005853f9b615502bd8ebbf516c181c88,e14203a83afe31e82a7cfecf52436fd7dee18a3e27d22bdb85e69fb155ae8e35
s02,s0204a,O0_4_LR_all_inside,33,1,0.030303030303030304,0,0,0,0.0,0.0,0.0,38,1,0.02631578947368421,0,0,0,0.0,0.0,0.0,152.81252600000005,123.56058000000002,0.8085762550643262,137.4919999999999,19,7.236421052631574,87130029b5443647ed1f1febd32ab768bf957a0a1698217eb3cf14b2d00c6ecf,79,a339d24a762799163d5f79dab57107b2005853f9b615502bd8ebbf516c181c88,e14203a83afe31e82a7cfecf52436fd7dee18a3e27d22bdb85e69fb155ae8e35
s02,s0204a,O0_4_LR_all_gt20ms,33,1,0.030303030303030304,0,0,0,0.0,0.0,0.0,38,1,0.02631578947368421,0,0,0,0.0,0.0,0.0,152.81252600000005,123.56058000000002,0.8085762550643262,137.4919999999999,19,7.236421052631574,87130029b5443647ed1f1febd32ab768bf957a0a1698217eb3cf14b2d00c6ecf,79,a339d24a762799163d5f79dab57107b2005853f9b615502bd8ebbf516c181c88,e14203a83afe31e82a7cfecf52436fd7dee18a3e27d22bdb85e69fb155ae8e35
s02,s0204a,O0_4_LR_all_gt50ms,33,1,0.030303030303030304,0,0,0,0.0,0.0,0.0,38,1,0.02631578947368421,0,0,0,0.0,0.0,0.0,152.81252600000005,123.56058000000002,0.8085762550643262,137.4919999999999,19,7.236421052631574,87130029b5443647ed1f1febd32ab768bf957a0a1698217eb3cf14b2d00c6ecf,79,a339d24a762799163d5f79dab57107b2005853f9b615502bd8ebbf516c181c88,e14203a83afe31e82a7cfecf52436fd7dee18a3e27d22bdb85e69fb155ae8e35
s02,s0204b,O0_4,54,3,0.05555555555555555,2,0,0,0.037037037037037035,0.0,0.0,56,3,0.05357142857142857,2,0,0,0.03571428571428571,0.0,0.0,201.31874800000014,141.96639900000002,0.7051822068752381,157.82400000000004,28,5.63657142857143,87130029b5443647ed1f1febd32ab768bf957a0a1698217eb3cf14b2d00c6ecf,112,b354ab750e771ac1b16f53f9e9a7a2b437ff29d4bb808660e3a5f34bd4d65613,f15b2edb569949ce17e3de0e4606f378ee8d6c34bf2bd155b95f7643245e32a4
s02,s0204b,O0_4_LR_rms_waveform_inside,54,3,0.05555555555555555,2,0,0,0.037037037037037035,0.0,0.0,56,3,0.05357142857142857,2,0,0,0.03571428571428571,0.0,0.0,201.31874800000014,141.96639900000002,0.7051822068752381,157.82400000000004,28,5.63657142857143,87130029b5443647ed1f1febd32ab768bf957a0a1698217eb3cf14b2d00c6ecf,112,b354ab750e771ac1b16f53f9e9a7a2b437ff29d4bb808660e3a5f34bd4d65613,f15b2edb569949ce17e3de0e4606f378ee8d6c34bf2bd155b95f7643245e32a4
s02,s0204b,O0_4_LR_rms_waveform_gt20ms,54,3,0.05555555555555555,2,0,0,0.037037037037037035,0.0,0.0,56,3,0.05357142857142857,2,0,0,0.03571428571428571,0.0,0.0,201.31874800000014,141.96639900000002,0.7051822068752381,157.82400000000004,28,5.63657142857143,87130029b5443647ed1f1febd32ab768bf957a0a1698217eb3cf14b2d00c6ecf,112,b354ab750e771ac1b16f53f9e9a7a2b437ff29d4bb808660e3a5f34bd4d65613,f15b2edb569949ce17e3de0e4606f378ee8d6c34bf2bd155b95f7643245e32a4
s02,s0204b,O0_4_LR_rms_waveform_gt50ms,54,3,0.05555555555555555,2,0,0,0.037037037037037035,0.0,0.0,56,3,0.05357142857142857,2,0,0,0.03571428571428571,0.0,0.0,201.31874800000014,141.96639900000002,0.7051822068752381,157.82400000000004,28,5.63657142857143,87130029b5443647ed1f1febd32ab768bf957a0a1698217eb3cf14b2d00c6ecf,112,b354ab750e771ac1b16f53f9e9a7a2b437ff29d4bb808660e3a5f34bd4d65613,f15b2edb569949ce17e3de0e4606f378ee8d6c34bf2bd155b95f7643245e32a4
s02,s0204b,O0_4_LR_vad_only_inside,54,3,0.05555555555555555,2,0,0,0.037037037037037035,0.0,0.0,56,3,0.05357142857142857,2,0,0,0.03571428571428571,0.0,0.0,201.31874800000014,141.736399,0.7040397400047407,157.43600000000006,28,5.622714285714288,87130029b5443647ed1f1febd32ab768bf957a0a1698217eb3cf14b2d00c6ecf,112,791ab3d59e32898e14310b332d89ef33819146fa4e1c5e3069db2304e938196c,fab039f4c3c6e1f079c0dbaf0302a874b427a2fe0556077fae7ff5abdbee69cd
s02,s0204b,O0_4_LR_vad_only_gt20ms,54,3,0.05555555555555555,2,0,0,0.037037037037037035,0.0,0.0,56,3,0.05357142857142857,2,0,0,0.03571428571428571,0.0,0.0,201.31874800000014,141.96639900000002,0.7051822068752381,157.82400000000004,28,5.63657142857143,87130029b5443647ed1f1febd32ab768bf957a0a1698217eb3cf14b2d00c6ecf,112,b354ab750e771ac1b16f53f9e9a7a2b437ff29d4bb808660e3a5f34bd4d65613,f15b2edb569949ce17e3de0e4606f378ee8d6c34bf2bd155b95f7643245e32a4
s02,s0204b,O0_4_LR_vad_only_gt50ms,54,3,0.05555555555555555,2,0,0,0.037037037037037035,0.0,0.0,56,3,0.05357142857142857,2,0,0,0.03571428571428571,0.0,0.0,201.31874800000014,141.96639900000002,0.7051822068752381,157.82400000000004,28,5.63657142857143,87130029b5443647ed1f1febd32ab768bf957a0a1698217eb3cf14b2d00c6ecf,112,b354ab750e771ac1b16f53f9e9a7a2b437ff29d4bb808660e3a5f34bd4d65613,f15b2edb569949ce17e3de0e4606f378ee8d6c34bf2bd155b95f7643245e32a4
s02,s0204b,O0_4_LR_all_inside,54,3,0.05555555555555555,2,0,0,0.037037037037037035,0.0,0.0,56,3,0.05357142857142857,2,0,0,0.03571428571428571,0.0,0.0,201.31874800000014,141.96639900000002,0.7051822068752381,157.82400000000004,28,5.63657142857143,87130029b5443647ed1f1febd32ab768bf957a0a1698217eb3cf14b2d00c6ecf,112,b354ab750e771ac1b16f53f9e9a7a2b437ff29d4bb808660e3a5f34bd4d65613,f15b2edb569949ce17e3de0e4606f378ee8d6c34bf2bd155b95f7643245e32a4
s02,s0204b,O0_4_LR_all_gt20ms,54,3,0.05555555555555555,2,0,0,0.037037037037037035,0.0,0.0,56,3,0.05357142857142857,2,0,0,0.03571428571428571,0.0,0.0,201.31874800000014,141.96639900000002,0.7051822068752381,157.82400000000004,28,5.63657142857143,87130029b5443647ed1f1febd32ab768bf957a0a1698217eb3cf14b2d00c6ecf,112,b354ab750e771ac1b16f53f9e9a7a2b437ff29d4bb808660e3a5f34bd4d65613,f15b2edb569949ce17e3de0e4606f378ee8d6c34bf2bd155b95f7643245e32a4
s02,s0204b,O0_4_LR_all_gt50ms,54,3,0.05555555555555555,2,0,0,0.037037037037037035,0.0,0.0,56,3,0.05357142857142857,2,0,0,0.03571428571428571,0.0,0.0,201.31874800000014,141.96639900000002,0.7051822068752381,157.82400000000004,28,5.63657142857143,87130029b5443647ed1f1febd32ab768bf957a0a1698217eb3cf14b2d00c6ecf,112,b354ab750e771ac1b16f53f9e9a7a2b437ff29d4bb808660e3a5f34bd4d65613,f15b2edb569949ce17e3de0e4606f378ee8d6c34bf2bd155b95f7643245e32a4
s02,s0205b,O0_4,36,4,0.1111111111111111,1,1,0,0.027777777777777776,0.027777777777777776,0.0,38,4,0.10526315789473684,1,1,0,0.02631578947368421,0.02631578947368421,0.0,161.09723800000006,104.566663,0.6490903524987807,117.40000000000012,19,6.178947368421059,87130029b5443647ed1f1febd32ab768bf957a0a1698217eb3cf14b2d00c6ecf,91,ccd9b6dda376b4be8359c5bd3b8da70eb2c88caa266177ae4b53be250295cf7d,f37e4fbd72a893e0926b466e7c302d781c6df642f642e7bee41446efac8c9038
s02,s0205b,O0_4_LR_rms_waveform_inside,36,4,0.1111111111111111,1,1,0,0.027777777777777776,0.027777777777777776,0.0,38,4,0.10526315789473684,1,1,0,0.02631578947368421,0.02631578947368421,0.0,161.09723800000006,104.566663,0.6490903524987807,117.40000000000012,19,6.178947368421059,87130029b5443647ed1f1febd32ab768bf957a0a1698217eb3cf14b2d00c6ecf,91,ccd9b6dda376b4be8359c5bd3b8da70eb2c88caa266177ae4b53be250295cf7d,f37e4fbd72a893e0926b466e7c302d781c6df642f642e7bee41446efac8c9038
s02,s0205b,O0_4_LR_rms_waveform_gt20ms,36,4,0.1111111111111111,1,1,0,0.027777777777777776,0.027777777777777776,0.0,38,4,0.10526315789473684,1,1,0,0.02631578947368421,0.02631578947368421,0.0,161.09723800000006,103.27097599999996,0.6410474647616238,116.02400000000009,19,6.106526315789478,87130029b5443647ed1f1febd32ab768bf957a0a1698217eb3cf14b2d00c6ecf,91,faf582e5fea87d457ff710e305e6b941a2550f237df6aafc583499303f0f7e13,3e15180353b8c5c2f6c1cc4baaad1858f460c61f6e756d721b9dba1f3e41a291
s02,s0205b,O0_4_LR_rms_waveform_gt50ms,36,4,0.1111111111111111,1,1,0,0.027777777777777776,0.027777777777777776,0.0,38,4,0.10526315789473684,1,1,0,0.02631578947368421,0.02631578947368421,0.0,161.09723800000006,103.27097599999996,0.6410474647616238,116.02400000000009,19,6.106526315789478,87130029b5443647ed1f1febd32ab768bf957a0a1698217eb3cf14b2d00c6ecf,91,faf582e5fea87d457ff710e305e6b941a2550f237df6aafc583499303f0f7e13,3e15180353b8c5c2f6c1cc4baaad1858f460c61f6e756d721b9dba1f3e41a291
s02,s0205b,O0_4_LR_vad_only_inside,36,4,0.1111111111111111,1,1,0,0.027777777777777776,0.027777777777777776,0.0,38,4,0.10526315789473684,1,1,0,0.02631578947368421,0.02631578947368421,0.0,161.09723800000006,104.566663,0.6490903524987807,117.40000000000012,19,6.178947368421059,87130029b5443647ed1f1febd32ab768bf957a0a1698217eb3cf14b2d00c6ecf,91,ccd9b6dda376b4be8359c5bd3b8da70eb2c88caa266177ae4b53be250295cf7d,f37e4fbd72a893e0926b466e7c302d781c6df642f642e7bee41446efac8c9038
s02,s0205b,O0_4_LR_vad_only_gt20ms,36,4,0.1111111111111111,1,1,0,0.027777777777777776,0.027777777777777776,0.0,38,4,0.10526315789473684,1,1,0,0.02631578947368421,0.02631578947368421,0.0,161.09723800000006,104.566663,0.6490903524987807,117.40000000000012,19,6.178947368421059,87130029b5443647ed1f1febd32ab768bf957a0a1698217eb3cf14b2d00c6ecf,91,ccd9b6dda376b4be8359c5bd3b8da70eb2c88caa266177ae4b53be250295cf7d,f37e4fbd72a893e0926b466e7c302d781c6df642f642e7bee41446efac8c9038
s02,s0205b,O0_4_LR_vad_only_gt50ms,36,4,0.1111111111111111,1,1,0,0.027777777777777776,0.027777777777777776,0.0,38,4,0.10526315789473684,1,1,0,0.02631578947368421,0.02631578947368421,0.0,161.09723800000006,104.566663,0.6490903524987807,117.40000000000012,19,6.178947368421059,87130029b5443647ed1f1febd32ab768bf957a0a1698217eb3cf14b2d00c6ecf,91,ccd9b6dda376b4be8359c5bd3b8da70eb2c88caa266177ae4b53be250295cf7d,f37e4fbd72a893e0926b466e7c302d781c6df642f642e7bee41446efac8c9038
s02,s0205b,O0_4_LR_all_inside,36,4,0.1111111111111111,1,1,0,0.027777777777777776,0.027777777777777776,0.0,38,4,0.10526315789473684,1,1,0,0.02631578947368421,0.02631578947368421,0.0,161.09723800000006,104.566663,0.6490903524987807,117.40000000000012,19,6.178947368421059,87130029b5443647ed1f1febd32ab768bf957a0a1698217eb3cf14b2d00c6ecf,91,ccd9b6dda376b4be8359c5bd3b8da70eb2c88caa266177ae4b53be250295cf7d,f37e4fbd72a893e0926b466e7c302d781c6df642f642e7bee41446efac8c9038
s02,s0205b,O0_4_LR_all_gt20ms,36,4,0.1111111111111111,1,1,0,0.027777777777777776,0.027777777777777776,0.0,38,4,0.10526315789473684,1,1,0,0.02631578947368421,0.02631578947368421,0.0,161.09723800000006,103.27097599999996,0.6410474647616238,116.02400000000009,19,6.106526315789478,87130029b5443647ed1f1febd32ab768bf957a0a1698217eb3cf14b2d00c6ecf,91,faf582e5fea87d457ff710e305e6b941a2550f237df6aafc583499303f0f7e13,3e15180353b8c5c2f6c1cc4baaad1858f460c61f6e756d721b9dba1f3e41a291
s02,s0205b,O0_4_LR_all_gt50ms,36,4,0.1111111111111111,1,1,0,0.027777777777777776,0.027777777777777776,0.0,38,4,0.10526315789473684,1,1,0,0.02631578947368421,0.02631578947368421,0.0,161.09723800000006,103.27097599999996,0.6410474647616238,116.02400000000009,19,6.106526315789478,87130029b5443647ed1f1febd32ab768bf957a0a1698217eb3cf14b2d00c6ecf,91,faf582e5fea87d457ff710e305e6b941a2550f237df6aafc583499303f0f7e13,3e15180353b8c5c2f6c1cc4baaad1858f460c61f6e756d721b9dba1f3e41a291
s02,s0206a,O0_4,50,4,0.08,2,0,0,0.04,0.0,0.0,52,5,0.09615384615384616,2,0,0,0.038461538461538464,0.0,0.0,206.09556500000008,151.75978500000008,0.7363563839910869,168.05999999999997,26,6.463846153846153,87130029b5443647ed1f1febd32ab768bf957a0a1698217eb3cf14b2d00c6ecf,115,ec6dd8c7c2243c42be44371049a0a2d1e4cf4c1ecf25e7c02e1418323991a254,20dd4ffc92f373ab30c59130c93c084a37d43be94a2902c91c4abbea62908b31
s02,s0206a,O0_4_LR_rms_waveform_inside,50,4,0.08,2,0,0,0.04,0.0,0.0,52,5,0.09615384615384616,2,0,0,0.038461538461538464,0.0,0.0,206.09556500000008,151.75978500000008,0.7363563839910869,167.33199999999997,26,6.435846153846152,87130029b5443647ed1f1febd32ab768bf957a0a1698217eb3cf14b2d00c6ecf,115,95818c779a6ea2c5c3e6a382ed77943c4e947a558d67d29163494565f6307a91,e26fc2460f132e1e69801dddad8aeb692878ee13738588e99ca0d1fe9b3b18a2
s02,s0206a,O0_4_LR_rms_waveform_gt20ms,50,4,0.08,2,0,0,0.04,0.0,0.0,52,5,0.09615384615384616,2,0,0,0.038461538461538464,0.0,0.0,206.09556500000008,151.75978500000008,0.7363563839910869,167.62799999999996,26,6.447230769230767,87130029b5443647ed1f1febd32ab768bf957a0a1698217eb3cf14b2d00c6ecf,115,a6c9b317133f7fafd562f63e203ad8e97ed37da5a39cd9c80aaf5e0b06b1ea85,fe3e34d413000f5f04b080e4d67c62c90ba93614f506018caace3e3c787443a0
s02,s0206a,O0_4_LR_rms_waveform_gt50ms,50,4,0.08,2,0,0,0.04,0.0,0.0,52,5,0.09615384615384616,2,0,0,0.038461538461538464,0.0,0.0,206.09556500000008,151.75978500000008,0.7363563839910869,168.05999999999997,26,6.463846153846153,87130029b5443647ed1f1febd32ab768bf957a0a1698217eb3cf14b2d00c6ecf,115,ec6dd8c7c2243c42be44371049a0a2d1e4cf4c1ecf25e7c02e1418323991a254,20dd4ffc92f373ab30c59130c93c084a37d43be94a2902c91c4abbea62908b31
s02,s0206a,O0_4_LR_vad_only_inside,50,4,0.08,2,0,0,0.04,0.0,0.0,52,5,0.09615384615384616,2,0,0,0.038461538461538464,0.0,0.0,206.09556500000008,151.54939800000005,0.7353355614420912,166.71199999999996,26,6.411999999999998,87130029b5443647ed1f1febd32ab768bf957a0a1698217eb3cf14b2d00c6ecf,115,1935c6bdc439b2d3622b07fd1d1f61f8265a1572e140f9e4ceeeb93932f48dbf,31ad2546c0f6d1336aa46378046efd903e802d0826abfc799f681ac14df29274
s02,s0206a,O0_4_LR_vad_only_gt20ms,50,4,0.08,2,0,0,0.04,0.0,0.0,52,5,0.09615384615384616,2,0,0,0.038461538461538464,0.0,0.0,206.09556500000008,151.75978500000008,0.7363563839910869,167.28399999999996,26,6.433999999999998,87130029b5443647ed1f1febd32ab768bf957a0a1698217eb3cf14b2d00c6ecf,115,26680e7899d3de5029c01060822c3fd3fd6d1a5c21668388f811923cd0d21f40,92efc273d87df674075d5ad913eeb6934ccb3d86c204c2bc8cc1d5be5f23677a
s02,s0206a,O0_4_LR_vad_only_gt50ms,50,4,0.08,2,0,0,0.04,0.0,0.0,52,5,0.09615384615384616,2,0,0,0.038461538461538464,0.0,0.0,206.09556500000008,151.75978500000008,0.7363563839910869,167.77199999999996,26,6.4527692307692295,87130029b5443647ed1f1febd32ab768bf957a0a1698217eb3cf14b2d00c6ecf,115,219b5d90680c91091d8ae3efee629985cc58e06a4404af8af2522155eec14afe,33e62fc55ea0d3f3311c38a6953c63437b3eee45ed8903b1072ec8a0ee059e96
s02,s0206a,O0_4_LR_all_inside,50,4,0.08,2,0,0,0.04,0.0,0.0,52,5,0.09615384615384616,2,0,0,0.038461538461538464,0.0,0.0,206.09556500000008,151.75978500000008,0.7363563839910869,167.33199999999997,26,6.435846153846152,87130029b5443647ed1f1febd32ab768bf957a0a1698217eb3cf14b2d00c6ecf,115,95818c779a6ea2c5c3e6a382ed77943c4e947a558d67d29163494565f6307a91,e26fc2460f132e1e69801dddad8aeb692878ee13738588e99ca0d1fe9b3b18a2
s02,s0206a,O0_4_LR_all_gt20ms,50,4,0.08,2,0,0,0.04,0.0,0.0,52,5,0.09615384615384616,2,0,0,0.038461538461538464,0.0,0.0,206.09556500000008,151.75978500000008,0.7363563839910869,167.62799999999996,26,6.447230769230767,87130029b5443647ed1f1febd32ab768bf957a0a1698217eb3cf14b2d00c6ecf,115,a6c9b317133f7fafd562f63e203ad8e97ed37da5a39cd9c80aaf5e0b06b1ea85,fe3e34d413000f5f04b080e4d67c62c90ba93614f506018caace3e3c787443a0
s02,s0206a,O0_4_LR_all_gt50ms,50,4,0.08,2,0,0,0.04,0.0,0.0,52,5,0.09615384615384616,2,0,0,0.038461538461538464,0.0,0.0,206.09556500000008,151.75978500000008,0.7363563839910869,168.05999999999997,26,6.463846153846153,87130029b5443647ed1f1febd32ab768bf957a0a1698217eb3cf14b2d00c6ecf,115,ec6dd8c7c2243c42be44371049a0a2d1e4cf4c1ecf25e7c02e1418323991a254,20dd4ffc92f373ab30c59130c93c084a37d43be94a2902c91c4abbea62908b31
s03,s0301a,O0_4,38,3,0.07894736842105263,1,0,0,0.02631578947368421,0.0,0.0,48,3,0.0625,1,0,0,0.020833333333333332,0.0,0.0,152.70144000000008,124.07675500000009,0.8125447605471174,141.71199999999996,24,5.904666666666665,87130029b5443647ed1f1febd32ab768bf957a0a1698217eb3cf14b2d00c6ecf,88,865d7f0d64629572fb08c84494255ff4cea4e92ec7d8fd07646c22ce6cc6bb9a,d6164e77a18cfc2d37c8efbdceb15af9c5bfc196dcbf20e49b1e16f975609979
s03,s0301a,O0_4_LR_rms_waveform_inside,38,4,0.10526315789473684,2,1,0,0.05263157894736842,0.02631578947368421,0.0,48,4,0.08333333333333333,2,1,0,0.041666666666666664,0.020833333333333332,0.0,152.70144000000008,123.7477550000001,0.8103902294569064,141.35199999999998,24,5.889666666666666,87130029b5443647ed1f1febd32ab768bf957a0a1698217eb3cf14b2d00c6ecf,88,0c9b08d991f9132ed3d9db5e6cb8cea1a7be134fef273ec5017a1aaf015f1fd3,18d252589eb75e9edbc54016219e2c4126d0e663b0d9b30f4fe1995800120171
s03,s0301a,O0_4_LR_rms_waveform_gt20ms,38,4,0.10526315789473684,2,1,0,0.05263157894736842,0.02631578947368421,0.0,48,4,0.08333333333333333,2,1,0,0.041666666666666664,0.020833333333333332,0.0,152.70144000000008,123.7477550000001,0.8103902294569064,141.35199999999998,24,5.889666666666666,87130029b5443647ed1f1febd32ab768bf957a0a1698217eb3cf14b2d00c6ecf,88,0c9b08d991f9132ed3d9db5e6cb8cea1a7be134fef273ec5017a1aaf015f1fd3,18d252589eb75e9edbc54016219e2c4126d0e663b0d9b30f4fe1995800120171
s03,s0301a,O0_4_LR_rms_waveform_gt50ms,38,3,0.07894736842105263,1,0,0,0.02631578947368421,0.0,0.0,48,3,0.0625,1,0,0,0.020833333333333332,0.0,0.0,152.70144000000008,124.07675500000009,0.8125447605471174,141.71199999999996,24,5.904666666666665,87130029b5443647ed1f1febd32ab768bf957a0a1698217eb3cf14b2d00c6ecf,88,865d7f0d64629572fb08c84494255ff4cea4e92ec7d8fd07646c22ce6cc6bb9a,d6164e77a18cfc2d37c8efbdceb15af9c5bfc196dcbf20e49b1e16f975609979
s03,s0301a,O0_4_LR_vad_only_inside,38,3,0.07894736842105263,1,0,0,0.02631578947368421,0.0,0.0,48,3,0.0625,1,0,0,0.020833333333333332,0.0,0.0,152.70144000000008,123.60603500000009,0.8094621439064362,140.83199999999994,24,5.867999999999998,87130029b5443647ed1f1febd32ab768bf957a0a1698217eb3cf14b2d00c6ecf,88,1e28017831632f8861331477fe83548b0e249d241e87bf4cf7a350c8fa8e2953,c198160104a1d7cb4031604119363cc20ddd9395ce1e07535cbe3147dffd7411
s03,s0301a,O0_4_LR_vad_only_gt20ms,38,3,0.07894736842105263,1,0,0,0.02631578947368421,0.0,0.0,48,3,0.0625,1,0,0,0.020833333333333332,0.0,0.0,152.70144000000008,123.60603500000009,0.8094621439064362,141.03999999999996,24,5.876666666666665,87130029b5443647ed1f1febd32ab768bf957a0a1698217eb3cf14b2d00c6ecf,88,2535d8f691eb620e9347a1c24cbbb0d9b1be87b4b62da8c77c85a3865b3c25c2,65039875e91973addc39c5e6813b8bde618e57fbdc19b6e08ba493d61358bbc0
s03,s0301a,O0_4_LR_vad_only_gt50ms,39,3,0.07692307692307693,1,0,0,0.02564102564102564,0.0,0.0,48,3,0.0625,1,0,0,0.020833333333333332,0.0,0.0,152.70144000000008,123.6937550000001,0.8100365982141362,141.19999999999996,24,5.883333333333332,87130029b5443647ed1f1febd32ab768bf957a0a1698217eb3cf14b2d00c6ecf,88,f2310352dc793cd5de8443a569c7f05b9a754715d818caef6b85519782a0210b,12b0a6f31a3e39fcef4eed89f5e7849fdbaa9321b2d05cfe91c77f7301dff72f
s03,s0301a,O0_4_LR_all_inside,38,4,0.10526315789473684,2,1,0,0.05263157894736842,0.02631578947368421,0.0,48,4,0.08333333333333333,2,1,0,0.041666666666666664,0.020833333333333332,0.0,152.70144000000008,123.2770350000001,0.8073076128162251,140.67999999999995,24,5.861666666666665,87130029b5443647ed1f1febd32ab768bf957a0a1698217eb3cf14b2d00c6ecf,88,e251c08a28f91e7c95db135a1ce88e693cffdbe7ba1d59669f6576365f864594,853cca569a547765605515c18ec7136241e97f1149ee25c551843f974e44ce5f
s03,s0301a,O0_4_LR_all_gt20ms,38,4,0.10526315789473684,2,1,0,0.05263157894736842,0.02631578947368421,0.0,48,4,0.08333333333333333,2,1,0,0.041666666666666664,0.020833333333333332,0.0,152.70144000000008,123.7477550000001,0.8103902294569064,141.35199999999998,24,5.889666666666666,87130029b5443647ed1f1febd32ab768bf957a0a1698217eb3cf14b2d00c6ecf,88,0c9b08d991f9132ed3d9db5e6cb8cea1a7be134fef273ec5017a1aaf015f1fd3,18d252589eb75e9edbc54016219e2c4126d0e663b0d9b30f4fe1995800120171
s03,s0301a,O0_4_LR_all_gt50ms,38,3,0.07894736842105263,1,0,0,0.02631578947368421,0.0,0.0,48,3,0.0625,1,0,0,0.020833333333333332,0.0,0.0,152.70144000000008,124.07675500000009,0.8125447605471174,141.71199999999996,24,5.904666666666665,87130029b5443647ed1f1febd32ab768bf957a0a1698217eb3cf14b2d00c6ecf,88,865d7f0d64629572fb08c84494255ff4cea4e92ec7d8fd07646c22ce6cc6bb9a,d6164e77a18cfc2d37c8efbdceb15af9c5bfc196dcbf20e49b1e16f975609979
s03,s0301b,O0_4,24,1,0.041666666666666664,0,0,0,0.0,0.0,0.0,28,2,0.07142857142857142,0,0,0,0.0,0.0,0.0,99.97984400000006,85.15753900000007,0.8517470681390543,96.06000000000002,14,6.861428571428573,87130029b5443647ed1f1febd32ab768bf957a0a1698217eb3cf14b2d00c6ecf,58,37065c1a3c8f45b2ec8538be0e904fe5bd6e55c3aba4c5cda7afe026d190ea0c,a797d62befde22ba37137fb7fb539fe18bb0391641dfd2065bd5a764f2708ddd
s03,s0301b,O0_4_LR_rms_waveform_inside,24,1,0.041666666666666664,0,0,0,0.0,0.0,0.0,28,2,0.07142857142857142,0,0,0,0.0,0.0,0.0,99.97984400000006,85.15753900000007,0.8517470681390543,96.06000000000002,14,6.861428571428573,87130029b5443647ed1f1febd32ab768bf957a0a1698217eb3cf14b2d00c6ecf,58,37065c1a3c8f45b2ec8538be0e904fe5bd6e55c3aba4c5cda7afe026d190ea0c,a797d62befde22ba37137fb7fb539fe18bb0391641dfd2065bd5a764f2708ddd
s03,s0301b,O0_4_LR_rms_waveform_gt20ms,24,1,0.041666666666666664,0,0,0,0.0,0.0,0.0,28,2,0.07142857142857142,0,0,0,0.0,0.0,0.0,99.97984400000006,85.15753900000007,0.8517470681390543,96.06000000000002,14,6.861428571428573,87130029b5443647ed1f1febd32ab768bf957a0a1698217eb3cf14b2d00c6ecf,58,37065c1a3c8f45b2ec8538be0e904fe5bd6e55c3aba4c5cda7afe026d190ea0c,a797d62befde22ba37137fb7fb539fe18bb0391641dfd2065bd5a764f2708ddd
s03,s0301b,O0_4_LR_rms_waveform_gt50ms,24,1,0.041666666666666664,0,0,0,0.0,0.0,0.0,28,2,0.07142857142857142,0,0,0,0.0,0.0,0.0,99.97984400000006,85.15753900000007,0.8517470681390543,96.06000000000002,14,6.861428571428573,87130029b5443647ed1f1febd32ab768bf957a0a1698217eb3cf14b2d00c6ecf,58,37065c1a3c8f45b2ec8538be0e904fe5bd6e55c3aba4c5cda7afe026d190ea0c,a797d62befde22ba37137fb7fb539fe18bb0391641dfd2065bd5a764f2708ddd
s03,s0301b,O0_4_LR_vad_only_inside,24,1,0.041666666666666664,0,0,0,0.0,0.0,0.0,28,2,0.07142857142857142,0,0,0,0.0,0.0,0.0,99.97984400000006,85.15753900000007,0.8517470681390543,96.06000000000002,14,6.861428571428573,87130029b5443647ed1f1febd32ab768bf957a0a1698217eb3cf14b2d00c6ecf,58,15f94e1aa8d97df98ce05246a4b55be6be8b05e06db49ea8bc360a9de708b870,80b4a349cd7da699cd263f26b6e239727076e39591ec8f05c870f71888830910
s03,s0301b,O0_4_LR_vad_only_gt20ms,25,1,0.04,0,0,0,0.0,0.0,0.0,28,2,0.07142857142857142,0,0,0,0.0,0.0,0.0,99.97984400000006,84.45063900000005,0.844676643024168,95.10000000000001,14,6.792857142857144,87130029b5443647ed1f1febd32ab768bf957a0a1698217eb3cf14b2d00c6ecf,58,03c38727c614bb4f4f7478259ebef62a37c5e4eff4502e862b383ddb3eb680a9,584d6b66c738e04852ed60e214652291e8af6429bf44a30b4b169c558414f758
s03,s0301b,O0_4_LR_vad_only_gt50ms,24,1,0.041666666666666664,0,0,0,0.0,0.0,0.0,28,2,0.07142857142857142,0,0,0,0.0,0.0,0.0,99.97984400000006,85.15753900000007,0.8517470681390543,96.06000000000002,14,6.861428571428573,87130029b5443647ed1f1febd32ab768bf957a0a1698217eb3cf14b2d00c6ecf,58,37065c1a3c8f45b2ec8538be0e904fe5bd6e55c3aba4c5cda7afe026d190ea0c,a797d62befde22ba37137fb7fb539fe18bb0391641dfd2065bd5a764f2708ddd
s03,s0301b,O0_4_LR_all_inside,24,1,0.041666666666666664,0,0,0,0.0,0.0,0.0,28,2,0.07142857142857142,0,0,0,0.0,0.0,0.0,99.97984400000006,85.15753900000007,0.8517470681390543,96.06000000000002,14,6.861428571428573,87130029b5443647ed1f1febd32ab768bf957a0a1698217eb3cf14b2d00c6ecf,58,37065c1a3c8f45b2ec8538be0e904fe5bd6e55c3aba4c5cda7afe026d190ea0c,a797d62befde22ba37137fb7fb539fe18bb0391641dfd2065bd5a764f2708ddd
s03,s0301b,O0_4_LR_all_gt20ms,24,1,0.041666666666666664,0,0,0,0.0,0.0,0.0,28,2,0.07142857142857142,0,0,0,0.0,0.0,0.0,99.97984400000006,85.15753900000007,0.8517470681390543,96.06000000000002,14,6.861428571428573,87130029b5443647ed1f1febd32ab768bf957a0a1698217eb3cf14b2d00c6ecf,58,37065c1a3c8f45b2ec8538be0e904fe5bd6e55c3aba4c5cda7afe026d190ea0c,a797d62befde22ba37137fb7fb539fe18bb0391641dfd2065bd5a764f2708ddd
s03,s0301b,O0_4_LR_all_gt50ms,24,1,0.041666666666666664,0,0,0,0.0,0.0,0.0,28,2,0.07142857142857142,0,0,0,0.0,0.0,0.0,99.97984400000006,85.15753900000007,0.8517470681390543,96.06000000000002,14,6.861428571428573,87130029b5443647ed1f1febd32ab768bf957a0a1698217eb3cf14b2d00c6ecf,58,37065c1a3c8f45b2ec8538be0e904fe5bd6e55c3aba4c5cda7afe026d190ea0c,a797d62befde22ba37137fb7fb539fe18bb0391641dfd2065bd5a764f2708ddd
s03,s0302a,O0_4,49,5,0.10204081632653061,2,1,0,0.04081632653061224,0.02040816326530612,0.0,54,7,0.12962962962962962,3,1,0,0.05555555555555555,0.018518518518518517,0.0,211.1286410000003,165.46476500000017,0.7837153889509474,185.08800000000014,27,6.855111111111116,87130029b5443647ed1f1febd32ab768bf957a0a1698217eb3cf14b2d00c6ecf,125,ddc5c0759c57012c2a417927c595162d357e585237bb9bc1eef9ff7d2317fadc,2b91a5fef281bd572d4d48cdb6bd64ff31e23b5ac500ffe81849f1d854d4816d
s03,s0302a,O0_4_LR_rms_waveform_inside,49,5,0.10204081632653061,2,1,0,0.04081632653061224,0.02040816326530612,0.0,56,7,0.125,3,1,0,0.05357142857142857,0.017857142857142856,0.0,211.1286410000003,166.78381000000016,0.7899629780689013,186.18400000000014,28,6.649428571428577,87130029b5443647ed1f1febd32ab768bf957a0a1698217eb3cf14b2d00c6ecf,125,71dbfeb8a0c31acdb35e04caf84067ae2ede4c724c6254f9951f6f533fedfa5f,7c6919892b0e71b3bf0a4f51f0c5d1ee3ec8ccb97e161f310ae8b23403c450f4
s03,s0302a,O0_4_LR_rms_waveform_gt20ms,49,5,0.10204081632653061,2,1,0,0.04081632653061224,0.02040816326530612,0.0,56,7,0.125,3,1,0,0.05357142857142857,0.017857142857142856,0.0,211.1286410000003,167.56476500000016,0.7936619314477562,187.1760000000001,28,6.684857142857147,87130029b5443647ed1f1febd32ab768bf957a0a1698217eb3cf14b2d00c6ecf,125,c3a8432803946282947f345ab4d32de6e705113f7b5e0888a4a59757755a12a6,4387bac2871ead178d89b92d277b5d7c5e79a82a13197e2c9b657b55f3247cfd
s03,s0302a,O0_4_LR_rms_waveform_gt50ms,49,5,0.10204081632653061,2,1,0,0.04081632653061224,0.02040816326530612,0.0,56,7,0.125,3,1,0,0.05357142857142857,0.017857142857142856,0.0,211.1286410000003,167.56476500000016,0.7936619314477562,187.1760000000001,28,6.684857142857147,87130029b5443647ed1f1febd32ab768bf957a0a1698217eb3cf14b2d00c6ecf,125,c3a8432803946282947f345ab4d32de6e705113f7b5e0888a4a59757755a12a6,4387bac2871ead178d89b92d277b5d7c5e79a82a13197e2c9b657b55f3247cfd
s03,s0302a,O0_4_LR_vad_only_inside,49,5,0.10204081632653061,2,1,0,0.04081632653061224,0.02040816326530612,0.0,56,7,0.125,3,1,0,0.05357142857142857,0.017857142857142856,0.0,211.1286410000003,166.78381000000016,0.7899629780689013,186.23600000000013,28,6.651285714285719,87130029b5443647ed1f1febd32ab768bf957a0a1698217eb3cf14b2d00c6ecf,125,c3b4a386ab48b50d1481aa86dc2edb1b146800d3a19a69a66f0dbf6bc29da4cd,cf124bad3d69e265e655a1cfc80ead1b3b34b3b764bcb7f12053896e16a66933
s03,s0302a,O0_4_LR_vad_only_gt20ms,49,5,0.10204081632653061,2,1,0,0.04081632653061224,0.02040816326530612,0.0,56,7,0.125,3,1,0,0.05357142857142857,0.017857142857142856,0.0,211.1286410000003,166.78381000000016,0.7899629780689013,186.23600000000013,28,6.651285714285719,87130029b5443647ed1f1febd32ab768bf957a0a1698217eb3cf14b2d00c6ecf,125,c3b4a386ab48b50d1481aa86dc2edb1b146800d3a19a69a66f0dbf6bc29da4cd,cf124bad3d69e265e655a1cfc80ead1b3b34b3b764bcb7f12053896e16a66933
s03,s0302a,O0_4_LR_vad_only_gt50ms,49,5,0.10204081632653061,2,1,0,0.04081632653061224,0.02040816326530612,0.0,56,7,0.125,3,1,0,0.05357142857142857,0.017857142857142856,0.0,211.1286410000003,167.56476500000016,0.7936619314477562,187.22800000000012,28,6.68671428571429,87130029b5443647ed1f1febd32ab768bf957a0a1698217eb3cf14b2d00c6ecf,125,8b4e12dd515b92f6d4922cab6b491954f63c49153ea758fc16e66570a697359b,dc8f2dbe189eea1cadac57675a06783ddf9f7e6e8c763c67f06086d76bcf476d
s03,s0302a,O0_4_LR_all_inside,49,5,0.10204081632653061,2,1,0,0.04081632653061224,0.02040816326530612,0.0,56,7,0.125,3,1,0,0.05357142857142857,0.017857142857142856,0.0,211.1286410000003,166.78381000000016,0.7899629780689013,186.18400000000014,28,6.649428571428577,87130029b5443647ed1f1febd32ab768bf957a0a1698217eb3cf14b2d00c6ecf,125,71dbfeb8a0c31acdb35e04caf84067ae2ede4c724c6254f9951f6f533fedfa5f,7c6919892b0e71b3bf0a4f51f0c5d1ee3ec8ccb97e161f310ae8b23403c450f4
s03,s0302a,O0_4_LR_all_gt20ms,49,5,0.10204081632653061,2,1,0,0.04081632653061224,0.02040816326530612,0.0,56,7,0.125,3,1,0,0.05357142857142857,0.017857142857142856,0.0,211.1286410000003,167.56476500000016,0.7936619314477562,187.1760000000001,28,6.684857142857147,87130029b5443647ed1f1febd32ab768bf957a0a1698217eb3cf14b2d00c6ecf,125,c3a8432803946282947f345ab4d32de6e705113f7b5e0888a4a59757755a12a6,4387bac2871ead178d89b92d277b5d7c5e79a82a13197e2c9b657b55f3247cfd
s03,s0302a,O0_4_LR_all_gt50ms,49,5,0.10204081632653061,2,1,0,0.04081632653061224,0.02040816326530612,0.0,56,7,0.125,3,1,0,0.05357142857142857,0.017857142857142856,0.0,211.1286410000003,167.56476500000016,0.7936619314477562,187.46000000000012,28,6.695000000000005,87130029b5443647ed1f1febd32ab768bf957a0a1698217eb3cf14b2d00c6ecf,125,e5c5be249521e49c9956797498821d00789148efa3c79f16f676de41650f9383,a305331d7c06d189792a92058cba64ed57841d154fc8f6fe0cc60888c582c6df
s03,s0302b,O0_4,38,4,0.10526315789473684,2,1,0,0.05263157894736842,0.02631578947368421,0.0,46,5,0.10869565217391304,3,1,0,0.06521739130434782,0.021739130434782608,0.0,146.9410219999997,132.57319799999973,0.9022204704687573,148.8280000000001,23,6.470782608695656,87130029b5443647ed1f1febd32ab768bf957a0a1698217eb3cf14b2d00c6ecf,79,6d84520d075ad910c91285894a49900c9589dd9c9615011c6523792e138f87f1,f5e9ad8779f5122982e50cccbc72c47f63b8915731f60192920c25ff7729daad
s03,s0302b,O0_4_LR_rms_waveform_inside,38,4,0.10526315789473684,2,1,0,0.05263157894736842,0.02631578947368421,0.0,46,5,0.10869565217391304,3,1,0,0.06521739130434782,0.021739130434782608,0.0,146.9410219999997,132.57319799999973,0.9022204704687573,148.63600000000008,23,6.462434782608699,87130029b5443647ed1f1febd32ab768bf957a0a1698217eb3cf14b2d00c6ecf,79,3d58a08ce30638c0edd66319c5ea7365299a6e187600c3c22118c13ff7ea9653,7fdf98bb5b7f5b5c4be056c1a1e746e4360e5259ca5f869f0340a6e1c57af0c9
s03,s0302b,O0_4_LR_rms_waveform_gt20ms,38,4,0.10526315789473684,2,1,0,0.05263157894736842,0.02631578947368421,0.0,46,5,0.10869565217391304,3,1,0,0.06521739130434782,0.021739130434782608,0.0,146.9410219999997,132.57319799999973,0.9022204704687573,148.63600000000008,23,6.462434782608699,87130029b5443647ed1f1febd32ab768bf957a0a1698217eb3cf14b2d00c6ecf,79,3d58a08ce30638c0edd66319c5ea7365299a6e187600c3c22118c13ff7ea9653,7fdf98bb5b7f5b5c4be056c1a1e746e4360e5259ca5f869f0340a6e1c57af0c9
s03,s0302b,O0_4_LR_rms_waveform_gt50ms,38,4,0.10526315789473684,2,1,0,0.05263157894736842,0.02631578947368421,0.0,46,5,0.10869565217391304,3,1,0,0.06521739130434782,0.021739130434782608,0.0,146.9410219999997,132.57319799999973,0.9022204704687573,148.63600000000008,23,6.462434782608699,87130029b5443647ed1f1febd32ab768bf957a0a1698217eb3cf14b2d00c6ecf,79,3d58a08ce30638c0edd66319c5ea7365299a6e187600c3c22118c13ff7ea9653,7fdf98bb5b7f5b5c4be056c1a1e746e4360e5259ca5f869f0340a6e1c57af0c9
s03,s0302b,O0_4_LR_vad_only_inside,38,4,0.10526315789473684,2,1,0,0.05263157894736842,0.02631578947368421,0.0,46,5,0.10869565217391304,3,1,0,0.06521739130434782,0.021739130434782608,0.0,146.9410219999997,132.57319799999973,0.9022204704687573,148.63600000000008,23,6.462434782608699,87130029b5443647ed1f1febd32ab768bf957a0a1698217eb3cf14b2d00c6ecf,79,3d58a08ce30638c0edd66319c5ea7365299a6e187600c3c22118c13ff7ea9653,7fdf98bb5b7f5b5c4be056c1a1e746e4360e5259ca5f869f0340a6e1c57af0c9
s03,s0302b,O0_4_LR_vad_only_gt20ms,38,4,0.10526315789473684,2,1,0,0.05263157894736842,0.02631578947368421,0.0,46,5,0.10869565217391304,3,1,0,0.06521739130434782,0.021739130434782608,0.0,146.9410219999997,132.57319799999973,0.9022204704687573,148.63600000000008,23,6.462434782608699,87130029b5443647ed1f1febd32ab768bf957a0a1698217eb3cf14b2d00c6ecf,79,3d58a08ce30638c0edd66319c5ea7365299a6e187600c3c22118c13ff7ea9653,7fdf98bb5b7f5b5c4be056c1a1e746e4360e5259ca5f869f0340a6e1c57af0c9
s03,s0302b,O0_4_LR_vad_only_gt50ms,38,4,0.10526315789473684,2,1,0,0.05263157894736842,0.02631578947368421,0.0,46,5,0.10869565217391304,3,1,0,0.06521739130434782,0.021739130434782608,0.0,146.9410219999997,132.57319799999973,0.9022204704687573,148.8280000000001,23,6.470782608695656,87130029b5443647ed1f1febd32ab768bf957a0a1698217eb3cf14b2d00c6ecf,79,9cfc05569e8477e485c793ccd533b7055788474c20f242d76e2ff2fd781369bf,9c9b613f7595c2b788428df34e25dae756ff083e39e836d58f75eb4b51c7f07b
s03,s0302b,O0_4_LR_all_inside,38,4,0.10526315789473684,2,1,0,0.05263157894736842,0.02631578947368421,0.0,46,5,0.10869565217391304,3,1,0,0.06521739130434782,0.021739130434782608,0.0,146.9410219999997,132.57319799999973,0.9022204704687573,148.63600000000008,23,6.462434782608699,87130029b5443647ed1f1febd32ab768bf957a0a1698217eb3cf14b2d00c6ecf,79,3d58a08ce30638c0edd66319c5ea7365299a6e187600c3c22118c13ff7ea9653,7fdf98bb5b7f5b5c4be056c1a1e746e4360e5259ca5f869f0340a6e1c57af0c9
s03,s0302b,O0_4_LR_all_gt20ms,38,4,0.10526315789473684,2,1,0,0.05263157894736842,0.02631578947368421,0.0,46,5,0.10869565217391304,3,1,0,0.06521739130434782,0.021739130434782608,0.0,146.9410219999997,132.57319799999973,0.9022204704687573,148.63600000000008,23,6.462434782608699,87130029b5443647ed1f1febd32ab768bf957a0a1698217eb3cf14b2d00c6ecf,79,3d58a08ce30638c0edd66319c5ea7365299a6e187600c3c22118c13ff7ea9653,7fdf98bb5b7f5b5c4be056c1a1e746e4360e5259ca5f869f0340a6e1c57af0c9
s03,s0302b,O0_4_LR_all_gt50ms,38,4,0.10526315789473684,2,1,0,0.05263157894736842,0.02631578947368421,0.0,46,5,0.10869565217391304,3,1,0,0.06521739130434782,0.021739130434782608,0.0,146.9410219999997,132.57319799999973,0.9022204704687573,148.63600000000008,23,6.462434782608699,87130029b5443647ed1f1febd32ab768bf957a0a1698217eb3cf14b2d00c6ecf,79,3d58a08ce30638c0edd66319c5ea7365299a6e187600c3c22118c13ff7ea9653,7fdf98bb5b7f5b5c4be056c1a1e746e4360e5259ca5f869f0340a6e1c57af0c9
s03,s0303a,O0_4,42,6,0.14285714285714285,5,0,0,0.11904761904761904,0.0,0.0,48,7,0.14583333333333334,6,0,0,0.125,0.0,0.0,162.6260390000001,132.0817029999999,0.8121805327866333,148.1439999999999,24,6.172666666666662,87130029b5443647ed1f1febd32ab768bf957a0a1698217eb3cf14b2d00c6ecf,98,9c34766d548bc46586cc02e7c33131856e82a3e12e2eac156346a244f278f188,6aac21539f6e27d91c27294ca1f16450ca07e72d9443496eb19a218229895be5
s03,s0303a,O0_4_LR_rms_waveform_inside,43,7,0.16279069767441862,5,1,0,0.11627906976744186,0.023255813953488372,0.0,50,8,0.16,6,2,0,0.12,0.04,0.0,162.6260390000001,132.40270299999997,0.8141543864325435,148.1959999999999,25,5.927839999999996,87130029b5443647ed1f1febd32ab768bf957a0a1698217eb3cf14b2d00c6ecf,98,69ace1cae85f9bc9b2b7443ccbf1b9bdb93771918883f69d9211aef39b299b37,e6e9feae7c5f8ed12d0707aa0d5081bdc31b199ed7c409ae909bb784af47c2d7
s03,s0303a,O0_4_LR_rms_waveform_gt20ms,43,7,0.16279069767441862,5,1,0,0.11627906976744186,0.023255813953488372,0.0,50,8,0.16,6,2,0,0.12,0.04,0.0,162.6260390000001,132.40270299999997,0.8141543864325435,148.1959999999999,25,5.927839999999996,87130029b5443647ed1f1febd32ab768bf957a0a1698217eb3cf14b2d00c6ecf,98,69ace1cae85f9bc9b2b7443ccbf1b9bdb93771918883f69d9211aef39b299b37,e6e9feae7c5f8ed12d0707aa0d5081bdc31b199ed7c409ae909bb784af47c2d7
s03,s0303a,O0_4_LR_rms_waveform_gt50ms,42,7,0.16666666666666666,6,1,0,0.14285714285714285,0.023809523809523808,0.0,50,9,0.18,8,2,0,0.16,0.04,0.0,162.6260390000001,133.97470299999992,0.8238207351283999,150.53199999999993,25,6.021279999999997,87130029b5443647ed1f1febd32ab768bf957a0a1698217eb3cf14b2d00c6ecf,98,7b6b25918aadedeec0a70aad687cd2863b3506207073a590b3a8ae7a1140f179,bbfe81913a627a3f012da699343a0fcb7ea9f4238e49ad48d856b437069633b2
s03,s0303a,O0_4_LR_vad_only_inside,42,8,0.19047619047619047,7,2,0,0.16666666666666666,0.047619047619047616,0.0,50,10,0.2,9,3,0,0.18,0.06,0.0,162.6260390000001,133.187703,0.8189814117036934,149.10399999999993,25,5.964159999999997,87130029b5443647ed1f1febd32ab768bf957a0a1698217eb3cf14b2d00c6ecf,98,3d3e2317d37eb34055af63c8e83bb9ba427db0da5c128eb0983583bf4b5ff09e,7e8ae480998541b4207aaa6d0816e028e1a49e028aec0ccf82a223fc4b72d943
s03,s0303a,O0_4_LR_vad_only_gt20ms,42,7,0.16666666666666666,6,1,0,0.14285714285714285,0.023809523809523808,0.0,50,9,0.18,8,2,0,0.16,0.04,0.0,162.6260390000001,133.252703,0.8193811016942982,149.27999999999992,25,5.971199999999997,87130029b5443647ed1f1febd32ab768bf957a0a1698217eb3cf14b2d00c6ecf,98,d9cfa6e0f79ea8d4cc31124601e25cbabc136ccfd1f967f1cf15e47a2dabd55d,d453fb447e88fba8ffbb8e13bdaeff216b8eff90159e0c65d3b4bb5eb87bfef2
s03,s0303a,O0_4_LR_vad_only_gt50ms,42,7,0.16666666666666666,6,1,0,0.14285714285714285,0.023809523809523808,0.0,50,9,0.18,8,2,0,0.16,0.04,0.0,162.6260390000001,133.97470299999992,0.8238207351283999,150.53199999999993,25,6.021279999999997,87130029b5443647ed1f1febd32ab768bf957a0a1698217eb3cf14b2d00c6ecf,98,7b6b25918aadedeec0a70aad687cd2863b3506207073a590b3a8ae7a1140f179,bbfe81913a627a3f012da699343a0fcb7ea9f4238e49ad48d856b437069633b2
s03,s0303a,O0_4_LR_all_inside,43,7,0.16279069767441862,5,1,0,0.11627906976744186,0.023255813953488372,0.0,50,8,0.16,6,2,0,0.12,0.04,0.0,162.6260390000001,132.40270299999997,0.8141543864325435,148.1959999999999,25,5.927839999999996,87130029b5443647ed1f1febd32ab768bf957a0a1698217eb3cf14b2d00c6ecf,98,69ace1cae85f9bc9b2b7443ccbf1b9bdb93771918883f69d9211aef39b299b37,e6e9feae7c5f8ed12d0707aa0d5081bdc31b199ed7c409ae909bb784af47c2d7
s03,s0303a,O0_4_LR_all_gt20ms,43,7,0.16279069767441862,5,1,0,0.11627906976744186,0.023255813953488372,0.0,50,8,0.16,6,2,0,0.12,0.04,0.0,162.6260390000001,132.40270299999997,0.8141543864325435,148.1959999999999,25,5.927839999999996,87130029b5443647ed1f1febd32ab768bf957a0a1698217eb3cf14b2d00c6ecf,98,69ace1cae85f9bc9b2b7443ccbf1b9bdb93771918883f69d9211aef39b299b37,e6e9feae7c5f8ed12d0707aa0d5081bdc31b199ed7c409ae909bb784af47c2d7
s03,s0303a,O0_4_LR_all_gt50ms,42,7,0.16666666666666666,6,1,0,0.14285714285714285,0.023809523809523808,0.0,50,9,0.18,8,2,0,0.16,0.04,0.0,162.6260390000001,133.97470299999992,0.8238207351283999,150.53199999999993,25,6.021279999999997,87130029b5443647ed1f1febd32ab768bf957a0a1698217eb3cf14b2d00c6ecf,98,7b6b25918aadedeec0a70aad687cd2863b3506207073a590b3a8ae7a1140f179,bbfe81913a627a3f012da699343a0fcb7ea9f4238e49ad48d856b437069633b2
s03,s0303b,O0_4,39,7,0.1794871794871795,3,3,1,0.07692307692307693,0.07692307692307693,0.02564102564102564,46,10,0.21739130434782608,4,4,1,0.08695652173913043,0.08695652173913043,0.021739130434782608,150.29388099999994,121.33861799999994,0.8073423694474959,134.51199999999994,23,5.848347826086954,87130029b5443647ed1f1febd32ab768bf957a0a1698217eb3cf14b2d00c6ecf,93,b94d6517082c5a6a712c2daec70873ada6d7bd6989801e3a27184dc685ab1d5b,93c396b28a8190298c60d437bd4a8515957bfe4f3bc8c7f65287c7824ab71430
s03,s0303b,O0_4_LR_rms_waveform_inside,39,7,0.1794871794871795,4,4,1,0.10256410256410256,0.10256410256410256,0.02564102564102564,46,10,0.21739130434782608,6,6,1,0.13043478260869565,0.13043478260869565,0.021739130434782608,150.29388099999994,120.96081899999993,0.8048286343740101,133.78399999999996,23,5.8166956521739115,87130029b5443647ed1f1febd32ab768bf957a0a1698217eb3cf14b2d00c6ecf,93,4793c8c35a8294cb11c37b40518fde485de15cbd4a058809c0f278136b92fb7a,295bf1905d89595afd9601ca32953655c1df66bb1877c53cd650ef7962c4daff
s03,s0303b,O0_4_LR_rms_waveform_gt20ms,39,7,0.1794871794871795,4,4,1,0.10256410256410256,0.10256410256410256,0.02564102564102564,46,10,0.21739130434782608,6,6,1,0.13043478260869565,0.13043478260869565,0.021739130434782608,150.29388099999994,121.33861799999994,0.8073423694474959,134.51199999999994,23,5.848347826086954,87130029b5443647ed1f1febd32ab768bf957a0a1698217eb3cf14b2d00c6ecf,93,a001544de076b951289a684fc4e19c6933546b125c30d7b92011ee79afdd5700,5695225a4f96b59f964a310aacc71d4337df55bd542174c08ef48aa1bfe179f1
s03,s0303b,O0_4_LR_rms_waveform_gt50ms,39,7,0.1794871794871795,4,4,1,0.10256410256410256,0.10256410256410256,0.02564102564102564,46,10,0.21739130434782608,6,6,1,0.13043478260869565,0.13043478260869565,0.021739130434782608,150.29388099999994,121.33861799999994,0.8073423694474959,134.51199999999994,23,5.848347826086954,87130029b5443647ed1f1febd32ab768bf957a0a1698217eb3cf14b2d00c6ecf,93,a001544de076b951289a684fc4e19c6933546b125c30d7b92011ee79afdd5700,5695225a4f96b59f964a310aacc71d4337df55bd542174c08ef48aa1bfe179f1
s03,s0303b,O0_4_LR_vad_only_inside,39,6,0.15384615384615385,3,3,1,0.07692307692307693,0.07692307692307693,0.02564102564102564,46,9,0.1956521739130435,4,4,1,0.08695652173913043,0.08695652173913043,0.021739130434782608,150.29388099999994,120.36435599999993,0.8008599897689779,132.61999999999998,23,5.766086956521738,87130029b5443647ed1f1febd32ab768bf957a0a1698217eb3cf14b2d00c6ecf,93,f6eb98090da24f9eed6322e6bc095c4224234a939fb49bf257837cd177c0a55e,1f5250cd66eb1d88b7258f3b4e9a424016590af3204eb94422e7c1da3375a13f
s03,s0303b,O0_4_LR_vad_only_gt20ms,39,7,0.1794871794871795,4,4,1,0.10256410256410256,0.10256410256410256,0.02564102564102564,46,10,0.21739130434782608,6,6,1,0.13043478260869565,0.13043478260869565,0.021739130434782608,150.29388099999994,120.96081899999993,0.8048286343740101,133.78399999999996,23,5.8166956521739115,87130029b5443647ed1f1febd32ab768bf957a0a1698217eb3cf14b2d00c6ecf,93,4793c8c35a8294cb11c37b40518fde485de15cbd4a058809c0f278136b92fb7a,295bf1905d89595afd9601ca32953655c1df66bb1877c53cd650ef7962c4daff
s03,s0303b,O0_4_LR_vad_only_gt50ms,39,7,0.1794871794871795,4,4,1,0.10256410256410256,0.10256410256410256,0.02564102564102564,46,10,0.21739130434782608,6,6,1,0.13043478260869565,0.13043478260869565,0.021739130434782608,150.29388099999994,121.33861799999994,0.8073423694474959,134.51199999999994,23,5.848347826086954,87130029b5443647ed1f1febd32ab768bf957a0a1698217eb3cf14b2d00c6ecf,93,a001544de076b951289a684fc4e19c6933546b125c30d7b92011ee79afdd5700,5695225a4f96b59f964a310aacc71d4337df55bd542174c08ef48aa1bfe179f1
s03,s0303b,O0_4_LR_all_inside,39,7,0.1794871794871795,4,4,1,0.10256410256410256,0.10256410256410256,0.02564102564102564,46,10,0.21739130434782608,6,6,1,0.13043478260869565,0.13043478260869565,0.021739130434782608,150.29388099999994,120.96081899999993,0.8048286343740101,133.78399999999996,23,5.8166956521739115,87130029b5443647ed1f1febd32ab768bf957a0a1698217eb3cf14b2d00c6ecf,93,4793c8c35a8294cb11c37b40518fde485de15cbd4a058809c0f278136b92fb7a,295bf1905d89595afd9601ca32953655c1df66bb1877c53cd650ef7962c4daff
s03,s0303b,O0_4_LR_all_gt20ms,39,7,0.1794871794871795,4,4,1,0.10256410256410256,0.10256410256410256,0.02564102564102564,46,10,0.21739130434782608,6,6,1,0.13043478260869565,0.13043478260869565,0.021739130434782608,150.29388099999994,120.96081899999993,0.8048286343740101,133.78399999999996,23,5.8166956521739115,87130029b5443647ed1f1febd32ab768bf957a0a1698217eb3cf14b2d00c6ecf,93,4793c8c35a8294cb11c37b40518fde485de15cbd4a058809c0f278136b92fb7a,295bf1905d89595afd9601ca32953655c1df66bb1877c53cd650ef7962c4daff
s03,s0303b,O0_4_LR_all_gt50ms,39,7,0.1794871794871795,4,4,1,0.10256410256410256,0.10256410256410256,0.02564102564102564,46,10,0.21739130434782608,6,6,1,0.13043478260869565,0.13043478260869565,0.021739130434782608,150.29388099999994,121.33861799999994,0.8073423694474959,134.51199999999994,23,5.848347826086954,87130029b5443647ed1f1febd32ab768bf957a0a1698217eb3cf14b2d00c6ecf,93,a001544de076b951289a684fc4e19c6933546b125c30d7b92011ee79afdd5700,5695225a4f96b59f964a310aacc71d4337df55bd542174c08ef48aa1bfe179f1
s03,s0304a,O0_4,47,1,0.02127659574468085,0,0,0,0.0,0.0,0.0,56,1,0.017857142857142856,0,0,0,0.0,0.0,0.0,191.59093099999984,161.89202399999982,0.844987928995449,182.24800000000008,28,6.508857142857146,87130029b5443647ed1f1febd32ab768bf957a0a1698217eb3cf14b2d00c6ecf,115,659cab671dbb553c92ebba651032c1965384eb001c57f9e88cfd88c20ad6d5c5,4e3f4dcd606efd55c96412553f94942978d3a950e616da4beb3d95828bbff419
s03,s0304a,O0_4_LR_rms_waveform_inside,48,1,0.020833333333333332,0,0,0,0.0,0.0,0.0,56,1,0.017857142857142856,0,0,0,0.0,0.0,0.0,191.59093099999984,161.89202399999982,0.844987928995449,181.70000000000007,28,6.4892857142857165,87130029b5443647ed1f1febd32ab768bf957a0a1698217eb3cf14b2d00c6ecf,115,36e027f63744f2b5633f2b7b63ca63dd7394ac8ec1d1faabd9f2ff8f87aaa803,99aefc4283c508bae3b6a6170c717ba45da17b92bdf6a170490d2b1fc9ed8bf9
s03,s0304a,O0_4_LR_rms_waveform_gt20ms,48,1,0.020833333333333332,0,0,0,0.0,0.0,0.0,56,1,0.017857142857142856,0,0,0,0.0,0.0,0.0,191.59093099999984,161.89202399999982,0.844987928995449,181.45200000000003,28,6.480428571428573,87130029b5443647ed1f1febd32ab768bf957a0a1698217eb3cf14b2d00c6ecf,115,5768897a77f18b4761dfd53425feb2a713ccff150baff68282693d71e9052d09,74960ad7b198fc084a00ee49030af8f389ba086cf2e90a2622cefb4813fd7cb3
s03,s0304a,O0_4_LR_rms_waveform_gt50ms,48,2,0.041666666666666664,0,0,0,0.0,0.0,0.0,56,2,0.03571428571428571,0,0,0,0.0,0.0,0.0,191.59093099999984,160.9560359999998,0.8401025829348883,180.60400000000007,28,6.450142857142859,87130029b5443647ed1f1febd32ab768bf957a0a1698217eb3cf14b2d00c6ecf,115,588869bbd4f07213bf68c94ecd99c0d09da0a6bf44595c39f95dff13a614d2ae,0904d6e0058e140a4d202e5ec12d00f0d33e643824dece483b504b1c28d37002
s03,s0304a,O0_4_LR_vad_only_inside,47,1,0.02127659574468085,0,0,0,0.0,0.0,0.0,56,1,0.017857142857142856,0,0,0,0.0,0.0,0.0,191.59093099999984,161.89202399999982,0.844987928995449,182.0240000000001,28,6.5008571428571456,87130029b5443647ed1f1febd32ab768bf957a0a1698217eb3cf14b2d00c6ecf,115,aba2df277e1bd263f51a4c1bd32ef6994b721eaa02a4918964fe9ec2c00d1176,b5c1c55f6e088fd85cf7d9f2ce7c42082de15b6a419f68085e52aeffec585277
s03,s0304a,O0_4_LR_vad_only_gt20ms,47,1,0.02127659574468085,0,0,0,0.0,0.0,0.0,56,1,0.017857142857142856,0,0,0,0.0,0.0,0.0,191.59093099999984,161.89202399999982,0.844987928995449,182.0240000000001,28,6.5008571428571456,87130029b5443647ed1f1febd32ab768bf957a0a1698217eb3cf14b2d00c6ecf,115,aba2df277e1bd263f51a4c1bd32ef6994b721eaa02a4918964fe9ec2c00d1176,b5c1c55f6e088fd85cf7d9f2ce7c42082de15b6a419f68085e52aeffec585277
s03,s0304a,O0_4_LR_vad_only_gt50ms,47,1,0.02127659574468085,0,0,0,0.0,0.0,0.0,56,1,0.017857142857142856,0,0,0,0.0,0.0,0.0,191.59093099999984,161.89202399999982,0.844987928995449,182.24800000000008,28,6.508857142857146,87130029b5443647ed1f1febd32ab768bf957a0a1698217eb3cf14b2d00c6ecf,115,659cab671dbb553c92ebba651032c1965384eb001c57f9e88cfd88c20ad6d5c5,4e3f4dcd606efd55c96412553f94942978d3a950e616da4beb3d95828bbff419
s03,s0304a,O0_4_LR_all_inside,48,1,0.020833333333333332,0,0,0,0.0,0.0,0.0,56,1,0.017857142857142856,0,0,0,0.0,0.0,0.0,191.59093099999984,161.89202399999982,0.844987928995449,181.17200000000005,28,6.470428571428573,87130029b5443647ed1f1febd32ab768bf957a0a1698217eb3cf14b2d00c6ecf,115,6eb8a1c9f0f19983fcd9dbfce33d0ab55a691d3e727d2d6cfae29aa5f4954281,d354a7f3e5abd727cbd82358e83e2d4a9388793472d047fe9153e342fe711cd2
s03,s0304a,O0_4_LR_all_gt20ms,48,1,0.020833333333333332,0,0,0,0.0,0.0,0.0,56,1,0.017857142857142856,0,0,0,0.0,0.0,0.0,191.59093099999984,161.89202399999982,0.844987928995449,181.45200000000003,28,6.480428571428573,87130029b5443647ed1f1febd32ab768bf957a0a1698217eb3cf14b2d00c6ecf,115,ed3f39beebcd8976a6ab818e9264483bb14891baf057aae7f4742c028efa9d19,a02429984198ea0b8ff33ba9a392a4f2743a5bcfa603df4ffdf020c9ed07a359
s03,s0304a,O0_4_LR_all_gt50ms,48,2,0.041666666666666664,0,0,0,0.0,0.0,0.0,56,2,0.03571428571428571,0,0,0,0.0,0.0,0.0,191.59093099999984,160.9560359999998,0.8401025829348883,180.60400000000007,28,6.450142857142859,87130029b5443647ed1f1febd32ab768bf957a0a1698217eb3cf14b2d00c6ecf,115,588869bbd4f07213bf68c94ecd99c0d09da0a6bf44595c39f95dff13a614d2ae,0904d6e0058e140a4d202e5ec12d00f0d33e643824dece483b504b1c28d37002
s03,s0304b,O0_4,45,6,0.13333333333333333,4,3,0,0.08888888888888889,0.06666666666666667,0.0,52,8,0.15384615384615385,6,5,0,0.11538461538461539,0.09615384615384616,0.0,166.21760200000017,152.42267900000013,0.9170068462424333,170.63999999999996,26,6.563076923076921,87130029b5443647ed1f1febd32ab768bf957a0a1698217eb3cf14b2d00c6ecf,100,72340429965cc16af3a92d9520d4088d24d0f8a7aa53ef9e166f595d8f27cdc2,48a2a35782d8cc3015bf392634b6fc7e61e1aa147cc3baf19c25ae83bca44a61
s03,s0304b,O0_4_LR_rms_waveform_inside,45,5,0.1111111111111111,3,2,0,0.06666666666666667,0.044444444444444446,0.0,52,6,0.11538461538461539,4,3,0,0.07692307692307693,0.057692307692307696,0.0,166.21760200000017,152.42267900000013,0.9170068462424333,170.21999999999994,26,6.546923076923075,87130029b5443647ed1f1febd32ab768bf957a0a1698217eb3cf14b2d00c6ecf,100,e3c21d3fb9922a8bc444be8ef248a4b230f4d42050226d63c0a0ad8c6fca7364,4954695d7bc85ca699522dc5796d4e084032ab8bb592dd017c62d02d76603070
s03,s0304b,O0_4_LR_rms_waveform_gt20ms,45,5,0.1111111111111111,3,2,0,0.06666666666666667,0.044444444444444446,0.0,52,6,0.11538461538461539,4,3,0,0.07692307692307693,0.057692307692307696,0.0,166.21760200000017,150.50744700000013,0.905484408323975,168.11599999999996,26,6.465999999999998,87130029b5443647ed1f1febd32ab768bf957a0a1698217eb3cf14b2d00c6ecf,100,44c2a334cde1dad57f9f9ea13a9ae39409efcb748de5185bae4d2a9222e1baaf,04743658cdacc1ffe40df7192c88e7e54f57400fb71bb904a897a1a5758f3697
s03,s0304b,O0_4_LR_rms_waveform_gt50ms,45,5,0.1111111111111111,3,2,0,0.06666666666666667,0.044444444444444446,0.0,52,6,0.11538461538461539,4,3,0,0.07692307692307693,0.057692307692307696,0.0,166.21760200000017,152.42267900000013,0.9170068462424333,170.21999999999994,26,6.546923076923075,87130029b5443647ed1f1febd32ab768bf957a0a1698217eb3cf14b2d00c6ecf,100,e3c21d3fb9922a8bc444be8ef248a4b230f4d42050226d63c0a0ad8c6fca7364,4954695d7bc85ca699522dc5796d4e084032ab8bb592dd017c62d02d76603070
s03,s0304b,O0_4_LR_vad_only_inside,45,5,0.1111111111111111,3,2,0,0.06666666666666667,0.044444444444444446,0.0,52,6,0.11538461538461539,4,3,0,0.07692307692307693,0.057692307692307696,0.0,166.21760200000017,152.42267900000013,0.9170068462424333,170.44799999999995,26,6.555692307692306,87130029b5443647ed1f1febd32ab768bf957a0a1698217eb3cf14b2d00c6ecf,100,ae5a3bc09152d82a970edf098bad8efb0903b1102ea2fa102c0d9dc362f361d0,c24fc341e349106d65f02b14c0a33790e74d986327736b8cf0b54d58ca3e8d4d
s03,s0304b,O0_4_LR_vad_only_gt20ms,45,5,0.1111111111111111,3,2,0,0.06666666666666667,0.044444444444444446,0.0,52,6,0.11538461538461539,4,3,0,0.07692307692307693,0.057692307692307696,0.0,166.21760200000017,152.42267900000013,0.9170068462424333,170.44799999999995,26,6.555692307692306,87130029b5443647ed1f1febd32ab768bf957a0a1698217eb3cf14b2d00c6ecf,100,ae5a3bc09152d82a970edf098bad8efb0903b1102ea2fa102c0d9dc362f361d0,c24fc341e349106d65f02b14c0a33790e74d986327736b8cf0b54d58ca3e8d4d
s03,s0304b,O0_4_LR_vad_only_gt50ms,45,6,0.13333333333333333,4,3,0,0.08888888888888889,0.06666666666666667,0.0,52,8,0.15384615384615385,6,5,0,0.11538461538461539,0.09615384615384616,0.0,166.21760200000017,152.42267900000013,0.9170068462424333,170.63999999999996,26,6.563076923076921,87130029b5443647ed1f1febd32ab768bf957a0a1698217eb3cf14b2d00c6ecf,100,72340429965cc16af3a92d9520d4088d24d0f8a7aa53ef9e166f595d8f27cdc2,48a2a35782d8cc3015bf392634b6fc7e61e1aa147cc3baf19c25ae83bca44a61
s03,s0304b,O0_4_LR_all_inside,45,5,0.1111111111111111,3,2,0,0.06666666666666667,0.044444444444444446,0.0,52,6,0.11538461538461539,4,3,0,0.07692307692307693,0.057692307692307696,0.0,166.21760200000017,150.50744700000013,0.905484408323975,168.11599999999996,26,6.465999999999998,87130029b5443647ed1f1febd32ab768bf957a0a1698217eb3cf14b2d00c6ecf,100,44c2a334cde1dad57f9f9ea13a9ae39409efcb748de5185bae4d2a9222e1baaf,04743658cdacc1ffe40df7192c88e7e54f57400fb71bb904a897a1a5758f3697
s03,s0304b,O0_4_LR_all_gt20ms,45,5,0.1111111111111111,3,2,0,0.06666666666666667,0.044444444444444446,0.0,52,6,0.11538461538461539,4,3,0,0.07692307692307693,0.057692307692307696,0.0,166.21760200000017,150.50744700000013,0.905484408323975,168.11599999999996,26,6.465999999999998,87130029b5443647ed1f1febd32ab768bf957a0a1698217eb3cf14b2d00c6ecf,100,44c2a334cde1dad57f9f9ea13a9ae39409efcb748de5185bae4d2a9222e1baaf,04743658cdacc1ffe40df7192c88e7e54f57400fb71bb904a897a1a5758f3697
s03,s0304b,O0_4_LR_all_gt50ms,45,5,0.1111111111111111,3,2,0,0.06666666666666667,0.044444444444444446,0.0,52,6,0.11538461538461539,4,3,0,0.07692307692307693,0.057692307692307696,0.0,166.21760200000017,152.42267900000013,0.9170068462424333,170.21999999999994,26,6.546923076923075,87130029b5443647ed1f1febd32ab768bf957a0a1698217eb3cf14b2d00c6ecf,100,e3c21d3fb9922a8bc444be8ef248a4b230f4d42050226d63c0a0ad8c6fca7364,4954695d7bc85ca699522dc5796d4e084032ab8bb592dd017c62d02d76603070
s03,s0305a,O0_4,63,3,0.047619047619047616,1,1,0,0.015873015873015872,0.015873015873015872,0.0,74,3,0.04054054054054054,1,1,0,0.013513513513513514,0.013513513513513514,0.0,247.04075699999993,204.25402000000005,0.8268029230496574,225.844,37,6.103891891891892,87130029b5443647ed1f1febd32ab768bf957a0a1698217eb3cf14b2d00c6ecf,148,831292c0b63d878af9c1f664bb7a49dc5f4d8fabd221b50eba7909f28e46f67c,6c6b203bccc88adf6cc66f8ae56efffc4bb6aac9f6689881ffabcc0c92be29dc
s03,s0305a,O0_4_LR_rms_waveform_inside,63,3,0.047619047619047616,1,1,0,0.015873015873015872,0.015873015873015872,0.0,74,3,0.04054054054054054,1,1,0,0.013513513513513514,0.013513513513513514,0.0,247.04075699999993,204.25402000000005,0.8268029230496574,225.59199999999998,37,6.097081081081081,87130029b5443647ed1f1febd32ab768bf957a0a1698217eb3cf14b2d00c6ecf,148,844abfaca0320e347a03b9a4e6ff6bb02136cfebce9f60f87264f86befba048a,f1aa92481a1b05279d41e06909724b0175e4be016bf9fd0af4abef6ff4924dca
s03,s0305a,O0_4_LR_rms_waveform_gt20ms,63,3,0.047619047619047616,1,1,0,0.015873015873015872,0.015873015873015872,0.0,74,3,0.04054054054054054,1,1,0,0.013513513513513514,0.013513513513513514,0.0,247.04075699999993,204.25402000000005,0.8268029230496574,225.844,37,6.103891891891892,87130029b5443647ed1f1febd32ab768bf957a0a1698217eb3cf14b2d00c6ecf,148,831292c0b63d878af9c1f664bb7a49dc5f4d8fabd221b50eba7909f28e46f67c,6c6b203bccc88adf6cc66f8ae56efffc4bb6aac9f6689881ffabcc0c92be29dc
s03,s0305a,O0_4_LR_rms_waveform_gt50ms,63,3,0.047619047619047616,1,1,0,0.015873015873015872,0.015873015873015872,0.0,74,3,0.04054054054054054,1,1,0,0.013513513513513514,0.013513513513513514,0.0,247.04075699999993,204.25402000000005,0.8268029230496574,225.844,37,6.103891891891892,87130029b5443647ed1f1febd32ab768bf957a0a1698217eb3cf14b2d00c6ecf,148,831292c0b63d878af9c1f664bb7a49dc5f4d8fabd221b50eba7909f28e46f67c,6c6b203bccc88adf6cc66f8ae56efffc4bb6aac9f6689881ffabcc0c92be29dc
s03,s0305a,O0_4_LR_vad_only_inside,63,3,0.047619047619047616,1,1,0,0.015873015873015872,0.015873015873015872,0.0,74,3,0.04054054054054054,1,1,0,0.013513513513513514,0.013513513513513514,0.0,247.04075699999993,204.25402000000005,0.8268029230496574,225.844,37,6.103891891891892,87130029b5443647ed1f1febd32ab768bf957a0a1698217eb3cf14b2d00c6ecf,148,831292c0b63d878af9c1f664bb7a49dc5f4d8fabd221b50eba7909f28e46f67c,6c6b203bccc88adf6cc66f8ae56efffc4bb6aac9f6689881ffabcc0c92be29dc
s03,s0305a,O0_4_LR_vad_only_gt20ms,63,3,0.047619047619047616,1,1,0,0.015873015873015872,0.015873015873015872,0.0,74,3,0.04054054054054054,1,1,0,0.013513513513513514,0.013513513513513514,0.0,247.04075699999993,204.25402000000005,0.8268029230496574,225.844,37,6.103891891891892,87130029b5443647ed1f1febd32ab768bf957a0a1698217eb3cf14b2d00c6ecf,148,831292c0b63d878af9c1f664bb7a49dc5f4d8fabd221b50eba7909f28e46f67c,6c6b203bccc88adf6cc66f8ae56efffc4bb6aac9f6689881ffabcc0c92be29dc
s03,s0305a,O0_4_LR_vad_only_gt50ms,63,3,0.047619047619047616,1,1,0,0.015873015873015872,0.015873015873015872,0.0,74,3,0.04054054054054054,1,1,0,0.013513513513513514,0.013513513513513514,0.0,247.04075699999993,204.25402000000005,0.8268029230496574,225.844,37,6.103891891891892,87130029b5443647ed1f1febd32ab768bf957a0a1698217eb3cf14b2d00c6ecf,148,831292c0b63d878af9c1f664bb7a49dc5f4d8fabd221b50eba7909f28e46f67c,6c6b203bccc88adf6cc66f8ae56efffc4bb6aac9f6689881ffabcc0c92be29dc
s03,s0305a,O0_4_LR_all_inside,63,3,0.047619047619047616,1,1,0,0.015873015873015872,0.015873015873015872,0.0,74,3,0.04054054054054054,1,1,0,0.013513513513513514,0.013513513513513514,0.0,247.04075699999993,204.25402000000005,0.8268029230496574,225.59199999999998,37,6.097081081081081,87130029b5443647ed1f1febd32ab768bf957a0a1698217eb3cf14b2d00c6ecf,148,844abfaca0320e347a03b9a4e6ff6bb02136cfebce9f60f87264f86befba048a,f1aa92481a1b05279d41e06909724b0175e4be016bf9fd0af4abef6ff4924dca
s03,s0305a,O0_4_LR_all_gt20ms,63,3,0.047619047619047616,1,1,0,0.015873015873015872,0.015873015873015872,0.0,74,3,0.04054054054054054,1,1,0,0.013513513513513514,0.013513513513513514,0.0,247.04075699999993,204.25402000000005,0.8268029230496574,225.844,37,6.103891891891892,87130029b5443647ed1f1febd32ab768bf957a0a1698217eb3cf14b2d00c6ecf,148,831292c0b63d878af9c1f664bb7a49dc5f4d8fabd221b50eba7909f28e46f67c,6c6b203bccc88adf6cc66f8ae56efffc4bb6aac9f6689881ffabcc0c92be29dc
s03,s0305a,O0_4_LR_all_gt50ms,63,3,0.047619047619047616,1,1,0,0.015873015873015872,0.015873015873015872,0.0,74,3,0.04054054054054054,1,1,0,0.013513513513513514,0.013513513513513514,0.0,247.04075699999993,204.25402000000005,0.8268029230496574,225.844,37,6.103891891891892,87130029b5443647ed1f1febd32ab768bf957a0a1698217eb3cf14b2d00c6ecf,148,831292c0b63d878af9c1f664bb7a49dc5f4d8fabd221b50eba7909f28e46f67c,6c6b203bccc88adf6cc66f8ae56efffc4bb6aac9f6689881ffabcc0c92be29dc
s03,s0305b,O0_4,31,4,0.12903225806451613,2,2,2,0.06451612903225806,0.06451612903225806,0.06451612903225806,36,4,0.1111111111111111,2,2,2,0.05555555555555555,0.05555555555555555,0.05555555555555555,138.288746,98.82579799999999,0.7146336983922031,109.93600000000002,18,6.107555555555557,87130029b5443647ed1f1febd32ab768bf957a0a1698217eb3cf14b2d00c6ecf,78,3d68a2f5c54516f88b75b032573f5e066403678c487d41ab5246d249c2789ba9,e8f5b8b5da833551e605e40e15c237d655c05a68f117c2f60df0e3b5b7604587
s03,s0305b,O0_4_LR_rms_waveform_inside,31,3,0.0967741935483871,2,2,2,0.06451612903225806,0.06451612903225806,0.06451612903225806,36,3,0.08333333333333333,2,2,2,0.05555555555555555,0.05555555555555555,0.05555555555555555,138.288746,97.94164399999997,0.7082401629413861,108.42000000000002,18,6.023333333333334,87130029b5443647ed1f1febd32ab768bf957a0a1698217eb3cf14b2d00c6ecf,78,7960f943eefb31e4c6fd1a33190fef032335ca20a2ae0e19ed1bf389447816cd,a0d493f3a3dae5ee3754b86ac1f2741c41614eb3a044ea5f875b6ea040b1af4b
s03,s0305b,O0_4_LR_rms_waveform_gt20ms,31,3,0.0967741935483871,2,2,2,0.06451612903225806,0.06451612903225806,0.06451612903225806,36,3,0.08333333333333333,2,2,2,0.05555555555555555,0.05555555555555555,0.05555555555555555,138.288746,98.47314999999998,0.7120836138032517,109.09600000000002,18,6.06088888888889,87130029b5443647ed1f1febd32ab768bf957a0a1698217eb3cf14b2d00c6ecf,78,3dc5f7e2f535eb95edc5bd699dbcd42cfda14aa89023d56c8db2670195a6f5f3,5349e65c879053254e359e515ba4f9184ea16dc21341a2671a1640491cba5fa2
s03,s0305b,O0_4_LR_rms_waveform_gt50ms,31,5,0.16129032258064516,3,3,2,0.0967741935483871,0.0967741935483871,0.06451612903225806,36,5,0.1388888888888889,3,3,2,0.08333333333333333,0.08333333333333333,0.05555555555555555,138.288746,97.96534999999997,0.708411586869115,108.91600000000003,18,6.05088888888889,87130029b5443647ed1f1febd32ab768bf957a0a1698217eb3cf14b2d00c6ecf,78,794aa046b97db245b3201553100f03d6bec8c996c4ebe02005ba82e36a8b357e,e817cce65c4d30b7a3d266dda358d3c1baff4f19812037e73868a748ef6bdcdf
s03,s0305b,O0_4_LR_vad_only_inside,31,5,0.16129032258064516,4,2,2,0.12903225806451613,0.06451612903225806,0.06451612903225806,36,5,0.1388888888888889,4,2,2,0.1111111111111111,0.05555555555555555,0.05555555555555555,138.288746,98.23625799999999,0.7103705893753639,108.70800000000003,18,6.039333333333335,87130029b5443647ed1f1febd32ab768bf957a0a1698217eb3cf14b2d00c6ecf,78,3368bdfd38c40f787c20d866d42414a44c840c0454f9eb09f7fb875a70c6ec52,be2ae70feb067400beb1178a8421334a367a90390c911478b45ba3d0c5e3ee9f
s03,s0305b,O0_4_LR_vad_only_gt20ms,31,4,0.12903225806451613,3,2,2,0.0967741935483871,0.06451612903225806,0.06451612903225806,36,4,0.1111111111111111,3,2,2,0.08333333333333333,0.05555555555555555,0.05555555555555555,138.288746,98.49456199999997,0.7122384492516837,109.14800000000002,18,6.063777777777779,87130029b5443647ed1f1febd32ab768bf957a0a1698217eb3cf14b2d00c6ecf,78,410409192cc86ab26ab16a049128e297f3bf0133922045437de4eec18ca8330b,4c3f3728cea9b3fc7fdb59623d18254d5e8b9fe16a936c80a31cd42e32323136
s03,s0305b,O0_4_LR_vad_only_gt50ms,31,4,0.12903225806451613,2,2,2,0.06451612903225806,0.06451612903225806,0.06451612903225806,36,4,0.1111111111111111,2,2,2,0.05555555555555555,0.05555555555555555,0.05555555555555555,138.288746,98.82579799999999,0.7146336983922031,109.93600000000002,18,6.107555555555557,87130029b5443647ed1f1febd32ab768bf957a0a1698217eb3cf14b2d00c6ecf,78,3d68a2f5c54516f88b75b032573f5e066403678c487d41ab5246d249c2789ba9,e8f5b8b5da833551e605e40e15c237d655c05a68f117c2f60df0e3b5b7604587
s03,s0305b,O0_4_LR_all_inside,31,3,0.0967741935483871,2,2,2,0.06451612903225806,0.06451612903225806,0.06451612903225806,36,3,0.08333333333333333,2,2,2,0.05555555555555555,0.05555555555555555,0.05555555555555555,138.288746,98.47314999999998,0.7120836138032517,109.09600000000002,18,6.06088888888889,87130029b5443647ed1f1febd32ab768bf957a0a1698217eb3cf14b2d00c6ecf,78,3dc5f7e2f535eb95edc5bd699dbcd42cfda14aa89023d56c8db2670195a6f5f3,5349e65c879053254e359e515ba4f9184ea16dc21341a2671a1640491cba5fa2
s03,s0305b,O0_4_LR_all_gt20ms,31,3,0.0967741935483871,2,2,2,0.06451612903225806,0.06451612903225806,0.06451612903225806,36,3,0.08333333333333333,2,2,2,0.05555555555555555,0.05555555555555555,0.05555555555555555,138.288746,98.47314999999998,0.7120836138032517,109.09600000000002,18,6.06088888888889,87130029b5443647ed1f1febd32ab768bf957a0a1698217eb3cf14b2d00c6ecf,78,3dc5f7e2f535eb95edc5bd699dbcd42cfda14aa89023d56c8db2670195a6f5f3,5349e65c879053254e359e515ba4f9184ea16dc21341a2671a1640491cba5fa2
s03,s0305b,O0_4_LR_all_gt50ms,31,4,0.12903225806451613,3,3,2,0.0967741935483871,0.0967741935483871,0.06451612903225806,36,4,0.1111111111111111,3,3,2,0.08333333333333333,0.08333333333333333,0.05555555555555555,138.288746,97.61270199999996,0.7058615022801635,108.07600000000002,18,6.004222222222223,87130029b5443647ed1f1febd32ab768bf957a0a1698217eb3cf14b2d00c6ecf,78,464e8b903d6fde649ed734c0f1739df834ae377b7df1d57d679b3fbdfd9dc902,098bcbdb292e63a83aab2efa5bcf557c947c3ee7234c3af77e730c97eae85860
s03,s0306a,O0_4,35,2,0.05714285714285714,2,1,1,0.05714285714285714,0.02857142857142857,0.02857142857142857,38,3,0.07894736842105263,3,2,2,0.07894736842105263,0.05263157894736842,0.05263157894736842,135.67482200000006,101.86996400000005,0.7508391203196125,112.09599999999992,19,5.899789473684206,87130029b5443647ed1f1febd32ab768bf957a0a1698217eb3cf14b2d00c6ecf,95,68a1aacf606faeb6b8935c1c6317826d0a16a22445eafbe2ab7b23671bb54538,be3895f9857c820595d304f1e47171f145ab1ef3c3dba3a9735830203e64edb5
s03,s0306a,O0_4_LR_rms_waveform_inside,35,2,0.05714285714285714,2,1,1,0.05714285714285714,0.02857142857142857,0.02857142857142857,38,3,0.07894736842105263,3,2,2,0.07894736842105263,0.05263157894736842,0.05263157894736842,135.67482200000006,101.21685200000006,0.7460253163258251,110.40399999999993,19,5.81073684210526,87130029b5443647ed1f1febd32ab768bf957a0a1698217eb3cf14b2d00c6ecf,95,8ae663519f1d8fddd6ef3dcc1b1631777eb6e3449a3bb2d4bd34b2895cf47f2c,3034ec90430b97a35e97a5c9d09d63af7f68d24f973ccc9f27aded67feb4c83f
s03,s0306a,O0_4_LR_rms_waveform_gt20ms,35,2,0.05714285714285714,2,1,1,0.05714285714285714,0.02857142857142857,0.02857142857142857,38,3,0.07894736842105263,3,2,2,0.07894736842105263,0.05263157894736842,0.05263157894736842,135.67482200000006,101.21685200000006,0.7460253163258251,110.40399999999993,19,5.81073684210526,87130029b5443647ed1f1febd32ab768bf957a0a1698217eb3cf14b2d00c6ecf,95,8ae663519f1d8fddd6ef3dcc1b1631777eb6e3449a3bb2d4bd34b2895cf47f2c,3034ec90430b97a35e97a5c9d09d63af7f68d24f973ccc9f27aded67feb4c83f
s03,s0306a,O0_4_LR_rms_waveform_gt50ms,35,2,0.05714285714285714,2,1,1,0.05714285714285714,0.02857142857142857,0.02857142857142857,38,3,0.07894736842105263,3,2,2,0.07894736842105263,0.05263157894736842,0.05263157894736842,135.67482200000006,101.21685200000006,0.7460253163258251,110.91199999999992,19,5.837473684210522,87130029b5443647ed1f1febd32ab768bf957a0a1698217eb3cf14b2d00c6ecf,95,5c7d1721e01090807b3b407ac7ec600811ecfd8d2d309bbb43b0104b7a57b37b,ca6f533ab1d9b27dc2a26012e4a8984f09b313abe982f9006835dc140eee3ed9
s03,s0306a,O0_4_LR_vad_only_inside,35,2,0.05714285714285714,2,1,1,0.05714285714285714,0.02857142857142857,0.02857142857142857,38,3,0.07894736842105263,3,2,2,0.07894736842105263,0.05263157894736842,0.05263157894736842,135.67482200000006,100.59796400000006,0.7414637625247816,109.38399999999992,19,5.757052631578943,87130029b5443647ed1f1febd32ab768bf957a0a1698217eb3cf14b2d00c6ecf,95,e365813ad5facca4f4d29d9dd8d996e34e09b7800d96b7d4c897fd97fff42a1b,c9fd3b39378067492c38fd4b3f3769bff171be675fe4f29e3ea003e155703ce4
s03,s0306a,O0_4_LR_vad_only_gt20ms,35,2,0.05714285714285714,2,1,1,0.05714285714285714,0.02857142857142857,0.02857142857142857,38,3,0.07894736842105263,3,2,2,0.07894736842105263,0.05263157894736842,0.05263157894736842,135.67482200000006,100.59796400000006,0.7414637625247816,109.75999999999992,19,5.776842105263154,87130029b5443647ed1f1febd32ab768bf957a0a1698217eb3cf14b2d00c6ecf,95,fa3d90d59edc054ea43ac8ede223495b8c00e2ef88865abb7c23750d5d74a574,bdc67e4a0a84b09f7afc68f4beb80227333fb2f4703c557efc2a3eb90d8a4823
s03,s0306a,O0_4_LR_vad_only_gt50ms,35,2,0.05714285714285714,2,1,1,0.05714285714285714,0.02857142857142857,0.02857142857142857,38,3,0.07894736842105263,3,2,2,0.07894736842105263,0.05263157894736842,0.05263157894736842,135.67482200000006,101.86996400000005,0.7508391203196125,112.09599999999992,19,5.899789473684206,87130029b5443647ed1f1febd32ab768bf957a0a1698217eb3cf14b2d00c6ecf,95,68a1aacf606faeb6b8935c1c6317826d0a16a22445eafbe2ab7b23671bb54538,be3895f9857c820595d304f1e47171f145ab1ef3c3dba3a9735830203e64edb5
s03,s0306a,O0_4_LR_all_inside,35,2,0.05714285714285714,2,1,1,0.05714285714285714,0.02857142857142857,0.02857142857142857,38,3,0.07894736842105263,3,2,2,0.07894736842105263,0.05263157894736842,0.05263157894736842,135.67482200000006,100.59796400000006,0.7414637625247816,109.46799999999995,19,5.761473684210523,87130029b5443647ed1f1febd32ab768bf957a0a1698217eb3cf14b2d00c6ecf,95,8934cb24330e9b52b3da2f44d444de90d27c105e8139aa5bd392e40728e1ba98,9b568fbcb4f6d7776220e4c1e2913dc8e50ddbfe0f457f9a956a14ce60a3f2f1
s03,s0306a,O0_4_LR_all_gt20ms,35,2,0.05714285714285714,2,1,1,0.05714285714285714,0.02857142857142857,0.02857142857142857,38,3,0.07894736842105263,3,2,2,0.07894736842105263,0.05263157894736842,0.05263157894736842,135.67482200000006,101.21685200000006,0.7460253163258251,110.40399999999993,19,5.81073684210526,87130029b5443647ed1f1febd32ab768bf957a0a1698217eb3cf14b2d00c6ecf,95,8ae663519f1d8fddd6ef3dcc1b1631777eb6e3449a3bb2d4bd34b2895cf47f2c,3034ec90430b97a35e97a5c9d09d63af7f68d24f973ccc9f27aded67feb4c83f
s03,s0306a,O0_4_LR_all_gt50ms,35,2,0.05714285714285714,2,1,1,0.05714285714285714,0.02857142857142857,0.02857142857142857,38,3,0.07894736842105263,3,2,2,0.07894736842105263,0.05263157894736842,0.05263157894736842,135.67482200000006,101.21685200000006,0.7460253163258251,110.91199999999992,19,5.837473684210522,87130029b5443647ed1f1febd32ab768bf957a0a1698217eb3cf14b2d00c6ecf,95,5c7d1721e01090807b3b407ac7ec600811ecfd8d2d309bbb43b0104b7a57b37b,ca6f533ab1d9b27dc2a26012e4a8984f09b313abe982f9006835dc140eee3ed9
s04,s0401b,O0_4,74,4,0.05405405405405406,2,1,0,0.02702702702702703,0.013513513513513514,0.0,76,5,0.06578947368421052,3,2,0,0.039473684210526314,0.02631578947368421,0.0,297.30200100000025,171.6239049999999,0.5772712744035643,199.82400000000004,38,5.258526315789474,87130029b5443647ed1f1febd32ab768bf957a0a1698217eb3cf14b2d00c6ecf,376,3824533ae172cee91a80760a7981153c8e9f66bb56581ff16ffea3c07fdb0279,b6c840f084e97204d1926a84f9ed06df38fba18eb7a79a108c09f1ad72e73bbb
s04,s0401b,O0_4_LR_rms_waveform_inside,74,1,0.013513513513513514,0,0,0,0.0,0.0,0.0,76,1,0.013157894736842105,0,0,0,0.0,0.0,0.0,297.30200100000025,168.9520949999999,0.5682844193167733,194.444,38,5.1169473684210525,87130029b5443647ed1f1febd32ab768bf957a0a1698217eb3cf14b2d00c6ecf,376,bdcf8d4135cb2c533d12f4f20dc3a8579d7d998a801917eecceb19c0bbfe6e1f,6582d619b164ee9cbab25ce5b98a61f7b0268ec5624eee6fe2c3d0d1cf9f927d
s04,s0401b,O0_4_LR_rms_waveform_gt20ms,74,2,0.02702702702702703,1,0,0,0.013513513513513514,0.0,0.0,76,2,0.02631578947368421,1,0,0,0.013157894736842105,0.0,0.0,297.30200100000025,170.43121999999985,0.573259579238418,196.05599999999998,38,5.159368421052631,87130029b5443647ed1f1febd32ab768bf957a0a1698217eb3cf14b2d00c6ecf,376,807ab6ae60ac3ee36b569c47188293bf32199abc51c93dcb7bef8e81b36b47dc,d6ed99e7e4c3047fae35d9c155242ff144f3310e2d83b46f0d0b3b6e8eb7ddf2
s04,s0401b,O0_4_LR_rms_waveform_gt50ms,74,2,0.02702702702702703,1,0,0,0.013513513513513514,0.0,0.0,76,2,0.02631578947368421,1,0,0,0.013157894736842105,0.0,0.0,297.30200100000025,170.46451799999986,0.5733715798300318,198.012,38,5.210842105263158,87130029b5443647ed1f1febd32ab768bf957a0a1698217eb3cf14b2d00c6ecf,376,969dfd164a3cb9ce0f8993338687a31d1c9b7644a62e6525248fabb475dff646,7124691025198e2a56f0d4a5fb0c58a623bb7c2b654962f11c00322af3258e53
s04,s0401b,O0_4_LR_vad_only_inside,74,4,0.05405405405405406,2,1,0,0.02702702702702703,0.013513513513513514,0.0,76,4,0.05263157894736842,2,1,0,0.02631578947368421,0.013157894736842105,0.0,297.30200100000025,169.56287799999993,0.5703388387217743,196.31599999999997,38,5.166210526315789,87130029b5443647ed1f1febd32ab768bf957a0a1698217eb3cf14b2d00c6ecf,376,b19627724edc8c93806702e9765e2e4a80034fca9c4f6a1ea923e1b655f0d038,c0366221edd65855c65c3347f7821e584287459ab143ae053b62fbb9950d727a
s04,s0401b,O0_4_LR_vad_only_gt20ms,74,3,0.04054054054054054,1,0,0,0.013513513513513514,0.0,0.0,76,3,0.039473684210526314,1,0,0,0.013157894736842105,0.0,0.0,297.30200100000025,171.33764299999987,0.5763084083648657,199.044,38,5.238,87130029b5443647ed1f1febd32ab768bf957a0a1698217eb3cf14b2d00c6ecf,376,d162831f61ca4bdf81d407748ed355c17180b79f996f12a17c5e87a511a1fb77,fedbc14b599be956fbbaacdc977cb8586879b5ca6033f30ae236c1c34064114e
s04,s0401b,O0_4_LR_vad_only_gt50ms,74,4,0.05405405405405406,2,1,0,0.02702702702702703,0.013513513513513514,0.0,76,5,0.06578947368421052,3,2,0,0.039473684210526314,0.02631578947368421,0.0,297.30200100000025,171.6239049999999,0.5772712744035643,199.82400000000004,38,5.258526315789474,87130029b5443647ed1f1febd32ab768bf957a0a1698217eb3cf14b2d00c6ecf,376,3824533ae172cee91a80760a7981153c8e9f66bb56581ff16ffea3c07fdb0279,b6c840f084e97204d1926a84f9ed06df38fba18eb7a79a108c09f1ad72e73bbb
s04,s0401b,O0_4_LR_all_inside,74,1,0.013513513513513514,0,0,0,0.0,0.0,0.0,76,1,0.013157894736842105,0,0,0,0.0,0.0,0.0,297.30200100000025,167.1900949999999,0.5623577858125475,192.12800000000001,38,5.056,87130029b5443647ed1f1febd32ab768bf957a0a1698217eb3cf14b2d00c6ecf,376,e06016d9378dd4e5db934754b489790eb4c0816b196f34cc034ce81dfcda0a8c,87a12da61d798cec96b2ee16703f40047c430d3bac7fb91c3b8efa4d3eee7178
s04,s0401b,O0_4_LR_all_gt20ms,74,2,0.02702702702702703,1,0,0,0.013513513513513514,0.0,0.0,76,2,0.02631578947368421,1,0,0,0.013157894736842105,0.0,0.0,297.30200100000025,170.43121999999985,0.573259579238418,196.05599999999998,38,5.159368421052631,87130029b5443647ed1f1febd32ab768bf957a0a1698217eb3cf14b2d00c6ecf,376,807ab6ae60ac3ee36b569c47188293bf32199abc51c93dcb7bef8e81b36b47dc,d6ed99e7e4c3047fae35d9c155242ff144f3310e2d83b46f0d0b3b6e8eb7ddf2
s04,s0401b,O0_4_LR_all_gt50ms,74,2,0.02702702702702703,1,0,0,0.013513513513513514,0.0,0.0,76,2,0.02631578947368421,1,0,0,0.013157894736842105,0.0,0.0,297.30200100000025,170.46451799999986,0.5733715798300318,198.012,38,5.210842105263158,87130029b5443647ed1f1febd32ab768bf957a0a1698217eb3cf14b2d00c6ecf,376,969dfd164a3cb9ce0f8993338687a31d1c9b7644a62e6525248fabb475dff646,7124691025198e2a56f0d4a5fb0c58a623bb7c2b654962f11c00322af3258e53
s04,s0402a,O0_4,70,10,0.14285714285714285,6,0,0,0.08571428571428572,0.0,0.0,72,11,0.1527777777777778,7,0,0,0.09722222222222222,0.0,0.0,267.10904999999997,147.44864999999996,0.5520166763350024,168.84799999999996,36,4.690222222222221,87130029b5443647ed1f1febd32ab768bf957a0a1698217eb3cf14b2d00c6ecf,325,b58fcbd3e7b3f734df73ba40ce8a81eb40fcfe1bd48978d5d99d5907b2cda9ed,2df0ffaf0a03143436fa27b427bfd2f5001a712d1ea420f57d1ee27d7628823a
s04,s0402a,O0_4_LR_rms_waveform_inside,70,10,0.14285714285714285,6,0,0,0.08571428571428572,0.0,0.0,72,11,0.1527777777777778,7,0,0,0.09722222222222222,0.0,0.0,267.10904999999997,146.93964999999997,0.550111087587635,167.88799999999995,36,4.663555555555554,87130029b5443647ed1f1febd32ab768bf957a0a1698217eb3cf14b2d00c6ecf,325,9438e1d29f38860185a057b42c25062f25f03881c1dead0b150c71df50da2615,c82bd53540be8af0d24b54ea7a48e07a1c6b3f6a27993585b1e5e24419dfd9cc
s04,s0402a,O0_4_LR_rms_waveform_gt20ms,70,10,0.14285714285714285,6,0,0,0.08571428571428572,0.0,0.0,72,11,0.1527777777777778,7,0,0,0.09722222222222222,0.0,0.0,267.10904999999997,146.93964999999997,0.550111087587635,167.88799999999995,36,4.663555555555554,87130029b5443647ed1f1febd32ab768bf957a0a1698217eb3cf14b2d00c6ecf,325,9438e1d29f38860185a057b42c25062f25f03881c1dead0b150c71df50da2615,c82bd53540be8af0d24b54ea7a48e07a1c6b3f6a27993585b1e5e24419dfd9cc
s04,s0402a,O0_4_LR_rms_waveform_gt50ms,70,10,0.14285714285714285,6,0,0,0.08571428571428572,0.0,0.0,72,11,0.1527777777777778,7,0,0,0.09722222222222222,0.0,0.0,267.10904999999997,147.44864999999996,0.5520166763350024,168.84799999999996,36,4.690222222222221,87130029b5443647ed1f1febd32ab768bf957a0a1698217eb3cf14b2d00c6ecf,325,b58fcbd3e7b3f734df73ba40ce8a81eb40fcfe1bd48978d5d99d5907b2cda9ed,2df0ffaf0a03143436fa27b427bfd2f5001a712d1ea420f57d1ee27d7628823a
s04,s0402a,O0_4_LR_vad_only_inside,70,10,0.14285714285714285,6,0,0,0.08571428571428572,0.0,0.0,72,11,0.1527777777777778,7,0,0,0.09722222222222222,0.0,0.0,267.10904999999997,146.51864999999995,0.5485349522975728,167.21999999999997,36,4.645,87130029b5443647ed1f1febd32ab768bf957a0a1698217eb3cf14b2d00c6ecf,325,b109470e2748f879139bab1aec0854c8d4aa5621b5689de7d327d727ad2dbaf7,05e06bebcd46dae6e041689eddf6715cce6b9f3fc93dd1d9bd781d6fe7876010
s04,s0402a,O0_4_LR_vad_only_gt20ms,70,10,0.14285714285714285,6,0,0,0.08571428571428572,0.0,0.0,72,11,0.1527777777777778,7,0,0,0.09722222222222222,0.0,0.0,267.10904999999997,146.93964999999997,0.550111087587635,167.88799999999995,36,4.663555555555554,87130029b5443647ed1f1febd32ab768bf957a0a1698217eb3cf14b2d00c6ecf,325,9438e1d29f38860185a057b42c25062f25f03881c1dead0b150c71df50da2615,c82bd53540be8af0d24b54ea7a48e07a1c6b3f6a27993585b1e5e24419dfd9cc
s04,s0402a,O0_4_LR_vad_only_gt50ms,70,10,0.14285714285714285,6,0,0,0.08571428571428572,0.0,0.0,72,11,0.1527777777777778,7,0,0,0.09722222222222222,0.0,0.0,267.10904999999997,147.44864999999996,0.5520166763350024,168.84799999999996,36,4.690222222222221,87130029b5443647ed1f1febd32ab768bf957a0a1698217eb3cf14b2d00c6ecf,325,b58fcbd3e7b3f734df73ba40ce8a81eb40fcfe1bd48978d5d99d5907b2cda9ed,2df0ffaf0a03143436fa27b427bfd2f5001a712d1ea420f57d1ee27d7628823a
s04,s0402a,O0_4_LR_all_inside,70,10,0.14285714285714285,6,0,0,0.08571428571428572,0.0,0.0,72,11,0.1527777777777778,7,0,0,0.09722222222222222,0.0,0.0,267.10904999999997,146.51864999999995,0.5485349522975728,167.21999999999997,36,4.645,87130029b5443647ed1f1febd32ab768bf957a0a1698217eb3cf14b2d00c6ecf,325,b109470e2748f879139bab1aec0854c8d4aa5621b5689de7d327d727ad2dbaf7,05e06bebcd46dae6e041689eddf6715cce6b9f3fc93dd1d9bd781d6fe7876010
s04,s0402a,O0_4_LR_all_gt20ms,70,10,0.14285714285714285,6,0,0,0.08571428571428572,0.0,0.0,72,11,0.1527777777777778,7,0,0,0.09722222222222222,0.0,0.0,267.10904999999997,146.93964999999997,0.550111087587635,167.88799999999995,36,4.663555555555554,87130029b5443647ed1f1febd32ab768bf957a0a1698217eb3cf14b2d00c6ecf,325,9438e1d29f38860185a057b42c25062f25f03881c1dead0b150c71df50da2615,c82bd53540be8af0d24b54ea7a48e07a1c6b3f6a27993585b1e5e24419dfd9cc
s04,s0402a,O0_4_LR_all_gt50ms,70,10,0.14285714285714285,6,0,0,0.08571428571428572,0.0,0.0,72,11,0.1527777777777778,7,0,0,0.09722222222222222,0.0,0.0,267.10904999999997,147.44864999999996,0.5520166763350024,168.84799999999996,36,4.690222222222221,87130029b5443647ed1f1febd32ab768bf957a0a1698217eb3cf14b2d00c6ecf,325,b58fcbd3e7b3f734df73ba40ce8a81eb40fcfe1bd48978d5d99d5907b2cda9ed,2df0ffaf0a03143436fa27b427bfd2f5001a712d1ea420f57d1ee27d7628823a
s04,s0402b,O0_4,71,4,0.056338028169014086,3,1,1,0.04225352112676056,0.014084507042253521,0.014084507042253521,74,4,0.05405405405405406,3,1,1,0.04054054054054054,0.013513513513513514,0.013513513513513514,265.910721,187.43503700000008,0.7048795787365041,218.11600000000024,37,5.895027027027034,87130029b5443647ed1f1febd32ab768bf957a0a1698217eb3cf14b2d00c6ecf,295,d3a8d413011916ac4ac6241ec44415d8c433ce94f1f4e6a8123f6575fa8f863e,cb7ee18cb775b3160c5b1ab87983c9a422cca38d02b82abb3e0c895ca9fa6c52
s04,s0402b,O0_4_LR_rms_waveform_inside,71,4,0.056338028169014086,3,1,1,0.04225352112676056,0.014084507042253521,0.014084507042253521,74,4,0.05405405405405406,3,1,1,0.04054054054054054,0.013513513513513514,0.013513513513513514,265.910721,185.28280000000007,0.6967857456187336,214.64800000000028,37,5.801297297297305,87130029b5443647ed1f1febd32ab768bf957a0a1698217eb3cf14b2d00c6ecf,295,521406599968a0ed30d43fabb9360dae3e73f7ffbea46fcc46fedece8087bcbe,9698bd51dfdc59ee200be82f7aed77174e4b563f474f77be87da300de06c422d
s04,s0402b,O0_4_LR_rms_waveform_gt20ms,71,4,0.056338028169014086,3,1,1,0.04225352112676056,0.014084507042253521,0.014084507042253521,74,4,0.05405405405405406,3,1,1,0.04054054054054054,0.013513513513513514,0.013513513513513514,265.910721,185.80070600000005,0.6987334143627855,215.58800000000028,37,5.82670270270271,87130029b5443647ed1f1febd32ab768bf957a0a1698217eb3cf14b2d00c6ecf,295,247946b7b735a6d888791495feb7db6102d5d34c649cbf57fcbd7fec7046ca3c,cbc3c809502eb1f791f0a5c4c27e7a573d1f83c493ad59cc640c8cb2dccc8ac0
s04,s0402b,O0_4_LR_rms_waveform_gt50ms,71,4,0.056338028169014086,3,1,1,0.04225352112676056,0.014084507042253521,0.014084507042253521,74,4,0.05405405405405406,3,1,1,0.04054054054054054,0.013513513513513514,0.013513513513513514,265.910721,187.43503700000008,0.7048795787365041,218.11600000000024,37,5.895027027027034,87130029b5443647ed1f1febd32ab768bf957a0a1698217eb3cf14b2d00c6ecf,295,d3a8d413011916ac4ac6241ec44415d8c433ce94f1f4e6a8123f6575fa8f863e,cb7ee18cb775b3160c5b1ab87983c9a422cca38d02b82abb3e0c895ca9fa6c52
s04,s0402b,O0_4_LR_vad_only_inside,71,5,0.07042253521126761,4,2,2,0.056338028169014086,0.028169014084507043,0.028169014084507043,74,5,0.06756756756756757,4,2,2,0.05405405405405406,0.02702702702702703,0.02702702702702703,265.910721,185.23841199999998,0.6966188174112768,214.83600000000027,37,5.806378378378386,87130029b5443647ed1f1febd32ab768bf957a0a1698217eb3cf14b2d00c6ecf,295,421b6845a55311713e18dda4a2e3908de691413e3db74a069294a7421c35828a,6ac464a20aacb21a22bb1037caa8adddc18224bb26658e758eb2bbfc8cd81602
s04,s0402b,O0_4_LR_vad_only_gt20ms,71,4,0.056338028169014086,3,1,1,0.04225352112676056,0.014084507042253521,0.014084507042253521,74,4,0.05405405405405406,3,1,1,0.04054054054054054,0.013513513513513514,0.013513513513513514,265.910721,186.59503700000005,0.7017206237427337,216.8080000000003,37,5.859675675675684,87130029b5443647ed1f1febd32ab768bf957a0a1698217eb3cf14b2d00c6ecf,295,55c470d4539e33ec77ee3c71c290e09bede4f52900f3f9fa65a4a267f29e24b5,8d437aa2647b48eb92f29743d2613351c712b328ff6bb4ed2396e8117b4fb990
s04,s0402b,O0_4_LR_vad_only_gt50ms,71,4,0.056338028169014086,3,1,1,0.04225352112676056,0.014084507042253521,0.014084507042253521,74,4,0.05405405405405406,3,1,1,0.04054054054054054,0.013513513513513514,0.013513513513513514,265.910721,187.43503700000008,0.7048795787365041,218.11600000000024,37,5.895027027027034,87130029b5443647ed1f1febd32ab768bf957a0a1698217eb3cf14b2d00c6ecf,295,d3a8d413011916ac4ac6241ec44415d8c433ce94f1f4e6a8123f6575fa8f863e,cb7ee18cb775b3160c5b1ab87983c9a422cca38d02b82abb3e0c895ca9fa6c52
s04,s0402b,O0_4_LR_all_inside,71,4,0.056338028169014086,3,1,1,0.04225352112676056,0.014084507042253521,0.014084507042253521,74,4,0.05405405405405406,3,1,1,0.04054054054054054,0.013513513513513514,0.013513513513513514,265.910721,185.28280000000007,0.6967857456187336,214.64800000000028,37,5.801297297297305,87130029b5443647ed1f1febd32ab768bf957a0a1698217eb3cf14b2d00c6ecf,295,521406599968a0ed30d43fabb9360dae3e73f7ffbea46fcc46fedece8087bcbe,9698bd51dfdc59ee200be82f7aed77174e4b563f474f77be87da300de06c422d
s04,s0402b,O0_4_LR_all_gt20ms,71,4,0.056338028169014086,3,1,1,0.04225352112676056,0.014084507042253521,0.014084507042253521,74,4,0.05405405405405406,3,1,1,0.04054054054054054,0.013513513513513514,0.013513513513513514,265.910721,185.28280000000007,0.6967857456187336,214.64800000000028,37,5.801297297297305,87130029b5443647ed1f1febd32ab768bf957a0a1698217eb3cf14b2d00c6ecf,295,521406599968a0ed30d43fabb9360dae3e73f7ffbea46fcc46fedece8087bcbe,9698bd51dfdc59ee200be82f7aed77174e4b563f474f77be87da300de06c422d
s04,s0402b,O0_4_LR_all_gt50ms,71,4,0.056338028169014086,3,1,1,0.04225352112676056,0.014084507042253521,0.014084507042253521,74,4,0.05405405405405406,3,1,1,0.04054054054054054,0.013513513513513514,0.013513513513513514,265.910721,187.43503700000008,0.7048795787365041,218.11600000000024,37,5.895027027027034,87130029b5443647ed1f1febd32ab768bf957a0a1698217eb3cf14b2d00c6ecf,295,d3a8d413011916ac4ac6241ec44415d8c433ce94f1f4e6a8123f6575fa8f863e,cb7ee18cb775b3160c5b1ab87983c9a422cca38d02b82abb3e0c895ca9fa6c52
s04,s0403a,O0_4,82,7,0.08536585365853659,2,1,0,0.024390243902439025,0.012195121951219513,0.0,84,7,0.08333333333333333,2,1,0,0.023809523809523808,0.011904761904761904,0.0,278.21848800000015,180.49618500000008,0.6487569762078499,206.97200000000024,42,4.927904761904768,87130029b5443647ed1f1febd32ab768bf957a0a1698217eb3cf14b2d00c6ecf,360,754b3a40b59ee323cfb6c1b356a3e64a1f973e88ac1cabb0962504be73cab43a,fcc826ab80cd0c78aabcf53e403edfcc6a0567e502302790e4a98c1a7d687412
s04,s0403a,O0_4_LR_rms_waveform_inside,82,6,0.07317073170731707,2,1,0,0.024390243902439025,0.012195121951219513,0.0,84,6,0.07142857142857142,2,1,0,0.023809523809523808,0.011904761904761904,0.0,278.21848800000015,176.20540500000004,0.633334636625586,201.01600000000028,42,4.786095238095244,87130029b5443647ed1f1febd32ab768bf957a0a1698217eb3cf14b2d00c6ecf,360,49d2e4177d7330275c787ec758f1fe92a028325531ffad632169ade738feae9a,6332c944038f7021ef2076808ac707f3db66a5781f95b3f9b70b741db9292bd1
s04,s0403a,O0_4_LR_rms_waveform_gt20ms,82,6,0.07317073170731707,2,1,0,0.024390243902439025,0.012195121951219513,0.0,84,6,0.07142857142857142,2,1,0,0.023809523809523808,0.011904761904761904,0.0,278.21848800000015,176.20540500000004,0.633334636625586,201.01600000000028,42,4.786095238095244,87130029b5443647ed1f1febd32ab768bf957a0a1698217eb3cf14b2d00c6ecf,360,49d2e4177d7330275c787ec758f1fe92a028325531ffad632169ade738feae9a,6332c944038f7021ef2076808ac707f3db66a5781f95b3f9b70b741db9292bd1
s04,s0403a,O0_4_LR_rms_waveform_gt50ms,83,8,0.0963855421686747,3,1,0,0.03614457831325301,0.012048192771084338,0.0,86,9,0.10465116279069768,4,1,0,0.046511627906976744,0.011627906976744186,0.0,278.21848800000015,181.23418500000014,0.6514095677207478,207.7400000000002,43,4.831162790697679,87130029b5443647ed1f1febd32ab768bf957a0a1698217eb3cf14b2d00c6ecf,360,537c81fe29f8ee5aea22c125f02b90aefd2ae768e8f76a5040eaa2d4771f1f0d,2e0af3e5fd50add7acdd09c1cc0b4623e1f63d47ac6508947ea5f748c704fcd0
s04,s0403a,O0_4_LR_vad_only_inside,83,7,0.08433734939759036,5,2,0,0.060240963855421686,0.024096385542168676,0.0,86,8,0.09302325581395349,6,2,0,0.06976744186046512,0.023255813953488372,0.0,278.21848800000015,175.37629500000014,0.6303545686726615,199.54800000000017,43,4.640651162790702,87130029b5443647ed1f1febd32ab768bf957a0a1698217eb3cf14b2d00c6ecf,360,a7b542d3e9e7095cb9dd16834ac8ad1861c6f074c29479b40e040bec1308f880,7c3df377b46b48d2187c3e816c1238cc4c7c0f1d0fb4708b001f4baba7c7524e
s04,s0403a,O0_4_LR_vad_only_gt20ms,83,8,0.0963855421686747,3,1,0,0.03614457831325301,0.012048192771084338,0.0,86,9,0.10465116279069768,4,1,0,0.046511627906976744,0.011627906976744186,0.0,278.21848800000015,180.40918500000015,0.6484442723303134,206.2480000000002,43,4.796465116279074,87130029b5443647ed1f1febd32ab768bf957a0a1698217eb3cf14b2d00c6ecf,360,21899078942fcf43ebf7e4b7867f9e57b2ce7d1a438f2af3c72ff0d06fbd03e3,fe8bf6847a326bea9a82d161c092a2bfb13cd4e19c1deab4ba2a84290ae1e359
s04,s0403a,O0_4_LR_vad_only_gt50ms,83,8,0.0963855421686747,3,1,0,0.03614457831325301,0.012048192771084338,0.0,86,9,0.10465116279069768,4,1,0,0.046511627906976744,0.011627906976744186,0.0,278.21848800000015,182.84418500000015,0.6571963866038983,209.5840000000002,43,4.8740465116279115,87130029b5443647ed1f1febd32ab768bf957a0a1698217eb3cf14b2d00c6ecf,360,fc01b5a1f85acc414c7d1ccf132c5c25396d84bda95976ff9e8e65fb2602295c,18435b221130b7b31cbe7187c5d6ce99f9272c306f7e64203869c7e96c9633db
s04,s0403a,O0_4_LR_all_inside,82,5,0.06097560975609756,2,1,0,0.024390243902439025,0.012195121951219513,0.0,84,5,0.05952380952380952,2,1,0,0.023809523809523808,0.011904761904761904,0.0,278.21848800000015,175.03728400000006,0.6291360623022291,199.24800000000027,42,4.744000000000007,87130029b5443647ed1f1febd32ab768bf957a0a1698217eb3cf14b2d00c6ecf,360,0953c09feadab3d9dc1f513f08cb9b26fbcbae743d3d783e0514e16ecef348e7,670f29e21054aa034207e87c6980a39102df15ff02599ac43e0da450432158b7
s04,s0403a,O0_4_LR_all_gt20ms,82,6,0.07317073170731707,2,1,0,0.024390243902439025,0.012195121951219513,0.0,84,6,0.07142857142857142,2,1,0,0.023809523809523808,0.011904761904761904,0.0,278.21848800000015,176.20540500000004,0.633334636625586,201.01600000000028,42,4.786095238095244,87130029b5443647ed1f1febd32ab768bf957a0a1698217eb3cf14b2d00c6ecf,360,49d2e4177d7330275c787ec758f1fe92a028325531ffad632169ade738feae9a,6332c944038f7021ef2076808ac707f3db66a5781f95b3f9b70b741db9292bd1
s04,s0403a,O0_4_LR_all_gt50ms,83,8,0.0963855421686747,3,1,0,0.03614457831325301,0.012048192771084338,0.0,86,9,0.10465116279069768,4,1,0,0.046511627906976744,0.011627906976744186,0.0,278.21848800000015,180.4351850000001,0.64853772406383,206.51600000000022,43,4.80269767441861,87130029b5443647ed1f1febd32ab768bf957a0a1698217eb3cf14b2d00c6ecf,360,bda7c6df5048ba548a33a92048d48ad4d8923d2d69c7e9b91d3e9fa5722c2c29,0d5db123c810d7a1dc294d7f553bcc2725f9361cfbae5bfd42903d2b0e19e5bb
s04,s0403b,O0_4,74,13,0.17567567567567569,7,1,0,0.0945945945945946,0.013513513513513514,0.0,78,14,0.1794871794871795,8,1,0,0.10256410256410256,0.01282051282051282,0.0,247.76005400000017,152.19123600000015,0.6142686584981131,178.04799999999992,39,4.5653333333333315,87130029b5443647ed1f1febd32ab768bf957a0a1698217eb3cf14b2d00c6ecf,307,94dba8edb0a4be6ad8f778872329ed2d075ddf5f0017ab4ebd5150f570cf1ea7,30869a00970d4fe7b11224b0f04fbcd8db44ba164d6e85ce673a289548766913
s04,s0403b,O0_4_LR_rms_waveform_inside,74,12,0.16216216216216217,8,1,0,0.10810810810810811,0.013513513513513514,0.0,78,13,0.16666666666666666,9,1,0,0.11538461538461539,0.01282051282051282,0.0,247.76005400000017,149.33852400000012,0.6027546474461134,173.7959999999999,39,4.45630769230769,87130029b5443647ed1f1febd32ab768bf957a0a1698217eb3cf14b2d00c6ecf,307,10f20d5eaf8ce4b28230d649bb57988eea57ae5c02dff6f055b53a86ccc036dc,97d58a92455e226ad83e3a6665cc1669c70a69d7fda1dd568c3f95777ed0f52d
s04,s0403b,O0_4_LR_rms_waveform_gt20ms,74,12,0.16216216216216217,8,1,0,0.10810810810810811,0.013513513513513514,0.0,78,13,0.16666666666666666,9,1,0,0.11538461538461539,0.01282051282051282,0.0,247.76005400000017,150.28952400000014,0.6065930386017757,174.9399999999999,39,4.485641025641024,87130029b5443647ed1f1febd32ab768bf957a0a1698217eb3cf14b2d00c6ecf,307,5bb0347d474d0a22c28acd6de6950858983d073e70b6075fc9a3bda215f61309,a8d3c2b0deb8885610fd228e036e078acc964cf4709fd189af28f2e7bb63bcac
s04,s0403b,O0_4_LR_rms_waveform_gt50ms,74,12,0.16216216216216217,8,1,0,0.10810810810810811,0.013513513513513514,0.0,78,13,0.16666666666666666,9,1,0,0.11538461538461539,0.01282051282051282,0.0,247.76005400000017,151.31998600000014,0.6107521513536643,176.62399999999994,39,4.528820512820511,87130029b5443647ed1f1febd32ab768bf957a0a1698217eb3cf14b2d00c6ecf,307,a41f416106788396f9d5a8db3427d722627036ec7970318b34652111d7074267,5d61d616fcde5ef626cf24743ecaa15b441cb9e4500366e2eea6fd8a8c0bfccf
s04,s0403b,O0_4_LR_vad_only_inside,74,14,0.1891891891891892,8,1,0,0.10810810810810811,0.013513513513513514,0.0,78,15,0.19230769230769232,9,1,0,0.11538461538461539,0.01282051282051282,0.0,247.76005400000017,148.45899100000014,0.5992047087622933,172.5479999999999,39,4.424307692307689,87130029b5443647ed1f1febd32ab768bf957a0a1698217eb3cf14b2d00c6ecf,307,13e63152ee47d584615207db88791bc835e19b581cfb9000614405c99c5972a9,36d43247021afa5c91a8528d4e8ad2174529ec120645ed8f0f0c19b0361fc776
s04,s0403b,O0_4_LR_vad_only_gt20ms,74,14,0.1891891891891892,8,1,0,0.10810810810810811,0.013513513513513514,0.0,78,15,0.19230769230769232,9,1,0,0.11538461538461539,0.01282051282051282,0.0,247.76005400000017,149.29876300000012,0.6025941655631057,173.87999999999988,39,4.458461538461536,87130029b5443647ed1f1febd32ab768bf957a0a1698217eb3cf14b2d00c6ecf,307,5a3abd11c9d0306a5192547953c0f301a7a41f2489a046c179b344a747dc93f2,7e72a2d369a6223281d062b4745a71acd434d184859142502f7737297fa40356
s04,s0403b,O0_4_LR_vad_only_gt50ms,74,13,0.17567567567567569,7,1,0,0.0945945945945946,0.013513513513513514,0.0,78,14,0.1794871794871795,8,1,0,0.10256410256410256,0.01282051282051282,0.0,247.76005400000017,152.19123600000015,0.6142686584981131,178.04799999999992,39,4.5653333333333315,87130029b5443647ed1f1febd32ab768bf957a0a1698217eb3cf14b2d00c6ecf,307,94dba8edb0a4be6ad8f778872329ed2d075ddf5f0017ab4ebd5150f570cf1ea7,30869a00970d4fe7b11224b0f04fbcd8db44ba164d6e85ce673a289548766913
s04,s0403b,O0_4_LR_all_inside,74,12,0.16216216216216217,8,1,0,0.10810810810810811,0.013513513513513514,0.0,78,13,0.16666666666666666,9,1,0,0.11538461538461539,0.01282051282051282,0.0,247.76005400000017,148.46977700000014,0.5992482428180292,172.3999999999999,39,4.420512820512818,87130029b5443647ed1f1febd32ab768bf957a0a1698217eb3cf14b2d00c6ecf,307,8fa601cff78ef01e3d2f02bdd8f635dd26cbfc4064c8aada5643bcd7ed1c8714,b1dca5d0651e50a8b6b8e13eccb7f06d4f5fb3b6fe9bf9a4e2a30c7496b81678
s04,s0403b,O0_4_LR_all_gt20ms,74,12,0.16216216216216217,8,1,0,0.10810810810810811,0.013513513513513514,0.0,78,13,0.16666666666666666,9,1,0,0.11538461538461539,0.01282051282051282,0.0,247.76005400000017,150.28952400000014,0.6065930386017757,174.9399999999999,39,4.485641025641024,87130029b5443647ed1f1febd32ab768bf957a0a1698217eb3cf14b2d00c6ecf,307,5bb0347d474d0a22c28acd6de6950858983d073e70b6075fc9a3bda215f61309,a8d3c2b0deb8885610fd228e036e078acc964cf4709fd189af28f2e7bb63bcac
s04,s0403b,O0_4_LR_all_gt50ms,74,12,0.16216216216216217,8,1,0,0.10810810810810811,0.013513513513513514,0.0,78,13,0.16666666666666666,9,1,0,0.11538461538461539,0.01282051282051282,0.0,247.76005400000017,151.31998600000014,0.6107521513536643,176.62399999999994,39,4.528820512820511,87130029b5443647ed1f1febd32ab768bf957a0a1698217eb3cf14b2d00c6ecf,307,a41f416106788396f9d5a8db3427d722627036ec7970318b34652111d7074267,5d61d616fcde5ef626cf24743ecaa15b441cb9e4500366e2eea6fd8a8c0bfccf
s05,s0501a,O0_4,57,2,0.03508771929824561,1,0,0,0.017543859649122806,0.0,0.0,58,2,0.034482758620689655,1,0,0,0.017241379310344827,0.0,0.0,249.91086399999998,130.08081999999993,0.5205088643125172,151.08400000000003,29,5.209793103448277,87130029b5443647ed1f1febd32ab768bf957a0a1698217eb3cf14b2d00c6ecf,297,66218e4fec58ceee275affee704779674a0c863d3cfd0a3a84d57a2e2ea05713,d2ca83b3e7a0cce75e8f5639d79584dd33fb5570817dde40b691d3e610b9d929
s05,s0501a,O0_4_LR_rms_waveform_inside,57,2,0.03508771929824561,1,0,0,0.017543859649122806,0.0,0.0,58,2,0.034482758620689655,1,0,0,0.017241379310344827,0.0,0.0,249.91086399999998,128.75422100000003,0.5152005756740533,148.692,29,5.1273103448275865,87130029b5443647ed1f1febd32ab768bf957a0a1698217eb3cf14b2d00c6ecf,297,1f010022bebfc8852d860b6762eadb675a501d40e3c86b64e4d2d9a7a8a5549c,dfaa674ba4addd7a5d69ee9dd1b5f89fbf6b269a640603f2c1b96135c8a2ffd2
s05,s0501a,O0_4_LR_rms_waveform_gt20ms,57,2,0.03508771929824561,1,0,0,0.017543859649122806,0.0,0.0,58,2,0.034482758620689655,1,0,0,0.017241379310344827,0.0,0.0,249.91086399999998,129.7067389999999,0.519012006616887,150.22400000000002,29,5.1801379310344835,87130029b5443647ed1f1febd32ab768bf957a0a1698217eb3cf14b2d00c6ecf,297,bbb325a4f3ba42699974252bc4949810b688c63474cad4df40d14493f54e3449,c4b30b210eab462592cc265105eecd5fee652e4c7bef9dac930c6a2e48b69396
s05,s0501a,O0_4_LR_rms_waveform_gt50ms,57,2,0.03508771929824561,1,0,0,0.017543859649122806,0.0,0.0,58,2,0.034482758620689655,1,0,0,0.017241379310344827,0.0,0.0,249.91086399999998,129.7067389999999,0.519012006616887,150.22400000000002,29,5.1801379310344835,87130029b5443647ed1f1febd32ab768bf957a0a1698217eb3cf14b2d00c6ecf,297,bbb325a4f3ba42699974252bc4949810b688c63474cad4df40d14493f54e3449,c4b30b210eab462592cc265105eecd5fee652e4c7bef9dac930c6a2e48b69396
s05,s0501a,O0_4_LR_vad_only_inside,57,2,0.03508771929824561,1,0,0,0.017543859649122806,0.0,0.0,58,2,0.034482758620689655,1,0,0,0.017241379310344827,0.0,0.0,249.91086399999998,129.116468,0.5166500804862969,149.292,29,5.148,87130029b5443647ed1f1febd32ab768bf957a0a1698217eb3cf14b2d00c6ecf,297,d6637fce5267a5aa91658c357fb1bd8aeb57df87f8394772acaf553d4ebccc6c,9a075337268f38a286ace1ea5b9bc748755b7680edb021a0dcdbd965c7722cbb
s05,s0501a,O0_4_LR_vad_only_gt20ms,57,2,0.03508771929824561,1,0,0,0.017543859649122806,0.0,0.0,58,2,0.034482758620689655,1,0,0,0.017241379310344827,0.0,0.0,249.91086399999998,129.7067389999999,0.519012006616887,150.22400000000002,29,5.1801379310344835,87130029b5443647ed1f1febd32ab768bf957a0a1698217eb3cf14b2d00c6ecf,297,bbb325a4f3ba42699974252bc4949810b688c63474cad4df40d14493f54e3449,c4b30b210eab462592cc265105eecd5fee652e4c7bef9dac930c6a2e48b69396
s05,s0501a,O0_4_LR_vad_only_gt50ms,57,2,0.03508771929824561,1,0,0,0.017543859649122806,0.0,0.0,58,2,0.034482758620689655,1,0,0,0.017241379310344827,0.0,0.0,249.91086399999998,130.08081999999993,0.5205088643125172,151.08400000000003,29,5.209793103448277,87130029b5443647ed1f1febd32ab768bf957a0a1698217eb3cf14b2d00c6ecf,297,66218e4fec58ceee275affee704779674a0c863d3cfd0a3a84d57a2e2ea05713,d2ca83b3e7a0cce75e8f5639d79584dd33fb5570817dde40b691d3e610b9d929
s05,s0501a,O0_4_LR_all_inside,57,2,0.03508771929824561,1,0,0,0.017543859649122806,0.0,0.0,58,2,0.034482758620689655,1,0,0,0.017241379310344827,0.0,0.0,249.91086399999998,128.75422100000003,0.5152005756740533,148.692,29,5.1273103448275865,87130029b5443647ed1f1febd32ab768bf957a0a1698217eb3cf14b2d00c6ecf,297,1f010022bebfc8852d860b6762eadb675a501d40e3c86b64e4d2d9a7a8a5549c,dfaa674ba4addd7a5d69ee9dd1b5f89fbf6b269a640603f2c1b96135c8a2ffd2
s05,s0501a,O0_4_LR_all_gt20ms,57,2,0.03508771929824561,1,0,0,0.017543859649122806,0.0,0.0,58,2,0.034482758620689655,1,0,0,0.017241379310344827,0.0,0.0,249.91086399999998,129.34449199999995,0.5175625018046432,149.62400000000002,29,5.159448275862069,87130029b5443647ed1f1febd32ab768bf957a0a1698217eb3cf14b2d00c6ecf,297,dce8f382630d8e89dd2546db30b98d919c860826b318aa3e08e5ae24aecd17bc,57439a02f4a5c2b70ab0d23d3f92d041a3cfd44cf70be99f7fd35e709f69a6b4
s05,s0501a,O0_4_LR_all_gt50ms,57,2,0.03508771929824561,1,0,0,0.017543859649122806,0.0,0.0,58,2,0.034482758620689655,1,0,0,0.017241379310344827,0.0,0.0,249.91086399999998,129.7067389999999,0.519012006616887,150.22400000000002,29,5.1801379310344835,87130029b5443647ed1f1febd32ab768bf957a0a1698217eb3cf14b2d00c6ecf,297,bbb325a4f3ba42699974252bc4949810b688c63474cad4df40d14493f54e3449,c4b30b210eab462592cc265105eecd5fee652e4c7bef9dac930c6a2e48b69396
s05,s0503a,O0_4,62,3,0.04838709677419355,3,1,0,0.04838709677419355,0.016129032258064516,0.0,62,3,0.04838709677419355,3,1,0,0.04838709677419355,0.016129032258064516,0.0,226.58320099999995,115.90630199999991,0.5115396970669505,133.65200000000004,31,4.311354838709679,87130029b5443647ed1f1febd32ab768bf957a0a1698217eb3cf14b2d00c6ecf,285,b5be2e2d8c76fd0e492e7f530bac806ad52cba82835163525c6aa7f59a0a18bf,8b679d9405295e7cba5285df51137b5de6804584f88a385ef76ae25426ab2e80
s05,s0503a,O0_4_LR_rms_waveform_inside,62,3,0.04838709677419355,3,1,0,0.04838709677419355,0.016129032258064516,0.0,62,3,0.04838709677419355,3,1,0,0.04838709677419355,0.016129032258064516,0.0,226.58320099999995,113.23117099999989,0.49973330105791874,129.96400000000006,31,4.192387096774195,87130029b5443647ed1f1febd32ab768bf957a0a1698217eb3cf14b2d00c6ecf,285,6418dcd860cb42eddfbe3269cdb4cf5fb22624f7e68c158f06a8da3d8f6370e7,a6fe754346badf8899306a4700d65b8cf3dbd6485e204264e11e940560104e83
s05,s0503a,O0_4_LR_rms_waveform_gt20ms,62,3,0.04838709677419355,3,1,0,0.04838709677419355,0.016129032258064516,0.0,62,3,0.04838709677419355,3,1,0,0.04838709677419355,0.016129032258064516,0.0,226.58320099999995,114.40085099999986,0.5048955549003824,131.64800000000008,31,4.246709677419357,87130029b5443647ed1f1febd32ab768bf957a0a1698217eb3cf14b2d00c6ecf,285,dc7fa8a368d333e500fba09da3e96ef8e084de237f8c0e23bf9d7bc5b0ec4be5,59e1d4ec50087106f4e49766a3dd4e643bc75ac4933c5bd31800b893b5e429db
s05,s0503a,O0_4_LR_rms_waveform_gt50ms,62,2,0.03225806451612903,2,0,0,0.03225806451612903,0.0,0.0,62,2,0.03225806451612903,2,0,0,0.03225806451612903,0.0,0.0,226.58320099999995,115.00580199999986,0.5075654395049344,132.3800000000001,31,4.270322580645165,87130029b5443647ed1f1febd32ab768bf957a0a1698217eb3cf14b2d00c6ecf,285,066adc6330305ecf97ee7cf90a6d2b4cd151df6fce1f537213bb60efebd755a6,303f42c399853221fc830c144cce7959eaf58306b0c5a7a8464d4e7a30b0d74b
s05,s0503a,O0_4_LR_vad_only_inside,62,3,0.04838709677419355,3,1,0,0.04838709677419355,0.016129032258064516,0.0,62,3,0.04838709677419355,3,1,0,0.04838709677419355,0.016129032258064516,0.0,226.58320099999995,114.8111589999999,0.5067064040639091,131.34800000000007,31,4.237032258064518,87130029b5443647ed1f1febd32ab768bf957a0a1698217eb3cf14b2d00c6ecf,285,3fe906eff1daeea5504e6e18451329888e2e28aabfb280b8ca26a526563ff702,ada474ba8ad77f4b5a95347d9844f91e08cd36a6a9b30a84565200b38ef9f517
s05,s0503a,O0_4_LR_vad_only_gt20ms,62,2,0.03225806451612903,2,0,0,0.03225806451612903,0.0,0.0,62,2,0.03225806451612903,2,0,0,0.03225806451612903,0.0,0.0,226.58320099999995,115.2710419999999,0.5087360470293644,132.32400000000015,31,4.268516129032263,87130029b5443647ed1f1febd32ab768bf957a0a1698217eb3cf14b2d00c6ecf,285,70eba7156f2647612aa31f5ff9bc28ec4ca31ef6bc92076be34e6e3248545e28,e7f34599552cd727d74ea9296df7ae37b4a5bca48462cd9a62db11b30373a7ec
s05,s0503a,O0_4_LR_vad_only_gt50ms,62,2,0.03225806451612903,2,0,0,0.03225806451612903,0.0,0.0,62,2,0.03225806451612903,2,0,0,0.03225806451612903,0.0,0.0,226.58320099999995,115.76243599999991,0.5109047603224562,133.52400000000011,31,4.3072258064516165,87130029b5443647ed1f1febd32ab768bf957a0a1698217eb3cf14b2d00c6ecf,285,efa904998372880e841ef7f0070a5fee7105de9c2341f32c956756e4f9079242,926f241bdb381971055a43bbd37eaea7ddf572207e5ed25ec614ed100dfc1670
s05,s0503a,O0_4_LR_all_inside,62,3,0.04838709677419355,3,1,0,0.04838709677419355,0.016129032258064516,0.0,62,3,0.04838709677419355,3,1,0,0.04838709677419355,0.016129032258064516,0.0,226.58320099999995,114.0109289999999,0.5031746771023856,130.62000000000006,31,4.213548387096776,87130029b5443647ed1f1febd32ab768bf957a0a1698217eb3cf14b2d00c6ecf,285,b414d96278b2168b365d39e44587a44ad341c575be3b52ce90b2fe3004d88fc1,4cef3c12e91370b713d677f782be259f7ac068630406a129f904495e65f15f95
s05,s0503a,O0_4_LR_all_gt20ms,62,3,0.04838709677419355,3,1,0,0.04838709677419355,0.016129032258064516,0.0,62,3,0.04838709677419355,3,1,0,0.04838709677419355,0.016129032258064516,0.0,226.58320099999995,114.0109289999999,0.5031746771023856,130.62000000000006,31,4.213548387096776,87130029b5443647ed1f1febd32ab768bf957a0a1698217eb3cf14b2d00c6ecf,285,b414d96278b2168b365d39e44587a44ad341c575be3b52ce90b2fe3004d88fc1,4cef3c12e91370b713d677f782be259f7ac068630406a129f904495e65f15f95
s05,s0503a,O0_4_LR_all_gt50ms,62,2,0.03225806451612903,2,0,0,0.03225806451612903,0.0,0.0,62,2,0.03225806451612903,2,0,0,0.03225806451612903,0.0,0.0,226.58320099999995,115.00580199999986,0.5075654395049344,132.3800000000001,31,4.270322580645165,87130029b5443647ed1f1febd32ab768bf957a0a1698217eb3cf14b2d00c6ecf,285,066adc6330305ecf97ee7cf90a6d2b4cd151df6fce1f537213bb60efebd755a6,303f42c399853221fc830c144cce7959eaf58306b0c5a7a8464d4e7a30b0d74b
s05,s0504a,O0_4,21,0,0.0,0,0,0,0.0,0.0,0.0,22,0,0.0,0,0,0,0.0,0.0,0.0,73.6838530000001,46.481984000000026,0.6308299865914987,53.115999999999964,11,4.82872727272727,87130029b5443647ed1f1febd32ab768bf957a0a1698217eb3cf14b2d00c6ecf,92,8b090f779ca0e20ea0406a27faa416f61adcc0a2ad35c848a341179e5f14d23f,f4495bca852e1d7bd9bc3620e520f2ad496c213bd0472e256a8d802e1ea3b45f
s05,s0504a,O0_4_LR_rms_waveform_inside,21,1,0.047619047619047616,1,1,0,0.047619047619047616,0.047619047619047616,0.0,22,1,0.045454545454545456,1,1,0,0.045454545454545456,0.045454545454545456,0.0,73.6838530000001,45.83848400000004,0.6220967299307757,52.175999999999966,11,4.743272727272724,87130029b5443647ed1f1febd32ab768bf957a0a1698217eb3cf14b2d00c6ecf,92,407b7ee5b04dd64627470c7a1176302c922d783f4586df20209f18105f66d1b0,a596101446f8ae3f86096ad0a9199cd97db0386f597ff4a5555228e7c5fa3951
s05,s0504a,O0_4_LR_rms_waveform_gt20ms,21,0,0.0,0,0,0,0.0,0.0,0.0,22,0,0.0,0,0,0,0.0,0.0,0.0,73.6838530000001,46.41198400000003,0.6298799819819407,52.82799999999995,11,4.8025454545454505,87130029b5443647ed1f1febd32ab768bf957a0a1698217eb3cf14b2d00c6ecf,92,8a659a81d630fc8e691cefce4adcb18b5b75f73a16a0444cd2d3f9b03e7ffa20,220f15bdc98552883d665a68a5119a912fce061f654dabdd5fcf91d68bf87250
s05,s0504a,O0_4_LR_rms_waveform_gt50ms,21,0,0.0,0,0,0,0.0,0.0,0.0,22,0,0.0,0,0,0,0.0,0.0,0.0,73.6838530000001,46.41198400000003,0.6298799819819407,52.82799999999995,11,4.8025454545454505,87130029b5443647ed1f1febd32ab768bf957a0a1698217eb3cf14b2d00c6ecf,92,8a659a81d630fc8e691cefce4adcb18b5b75f73a16a0444cd2d3f9b03e7ffa20,220f15bdc98552883d665a68a5119a912fce061f654dabdd5fcf91d68bf87250
s05,s0504a,O0_4_LR_vad_only_inside,21,0,0.0,0,0,0,0.0,0.0,0.0,22,0,0.0,0,0,0,0.0,0.0,0.0,73.6838530000001,45.50976000000004,0.6176354539983133,51.72399999999994,11,4.7021818181818125,87130029b5443647ed1f1febd32ab768bf957a0a1698217eb3cf14b2d00c6ecf,92,d24454ae8534b89a2f048df7833f9e647d926a8dcd072e6eed13555c3f560ca5,d4171e83405df9749f8003ec211bc12162e4039d2bac49ab8241174709376f9a
s05,s0504a,O0_4_LR_vad_only_gt20ms,21,0,0.0,0,0,0,0.0,0.0,0.0,22,0,0.0,0,0,0,0.0,0.0,0.0,73.6838530000001,46.481984000000026,0.6308299865914987,53.115999999999964,11,4.82872727272727,87130029b5443647ed1f1febd32ab768bf957a0a1698217eb3cf14b2d00c6ecf,92,8b090f779ca0e20ea0406a27faa416f61adcc0a2ad35c848a341179e5f14d23f,f4495bca852e1d7bd9bc3620e520f2ad496c213bd0472e256a8d802e1ea3b45f
s05,s0504a,O0_4_LR_vad_only_gt50ms,21,0,0.0,0,0,0,0.0,0.0,0.0,22,0,0.0,0,0,0,0.0,0.0,0.0,73.6838530000001,46.481984000000026,0.6308299865914987,53.115999999999964,11,4.82872727272727,87130029b5443647ed1f1febd32ab768bf957a0a1698217eb3cf14b2d00c6ecf,92,8b090f779ca0e20ea0406a27faa416f61adcc0a2ad35c848a341179e5f14d23f,f4495bca852e1d7bd9bc3620e520f2ad496c213bd0472e256a8d802e1ea3b45f
s05,s0504a,O0_4_LR_all_inside,21,1,0.047619047619047616,1,1,0,0.047619047619047616,0.047619047619047616,0.0,22,1,0.045454545454545456,1,1,0,0.045454545454545456,0.045454545454545456,0.0,73.6838530000001,44.93626000000005,0.6098522019471483,51.07199999999995,11,4.642909090909087,87130029b5443647ed1f1febd32ab768bf957a0a1698217eb3cf14b2d00c6ecf,92,18611f7b8bd6071e7802df09b698bba7d411719af401ac83c787ce27eec081e8,33aa0d0a0116a5d0a054597470b2f8f48508946b1e1fef898af83e6bd5f3e722
s05,s0504a,O0_4_LR_all_gt20ms,21,0,0.0,0,0,0,0.0,0.0,0.0,22,0,0.0,0,0,0,0.0,0.0,0.0,73.6838530000001,46.41198400000003,0.6298799819819407,52.82799999999995,11,4.8025454545454505,87130029b5443647ed1f1febd32ab768bf957a0a1698217eb3cf14b2d00c6ecf,92,8a659a81d630fc8e691cefce4adcb18b5b75f73a16a0444cd2d3f9b03e7ffa20,220f15bdc98552883d665a68a5119a912fce061f654dabdd5fcf91d68bf87250
s05,s0504a,O0_4_LR_all_gt50ms,21,0,0.0,0,0,0,0.0,0.0,0.0,22,0,0.0,0,0,0,0.0,0.0,0.0,73.6838530000001,46.41198400000003,0.6298799819819407,52.82799999999995,11,4.8025454545454505,87130029b5443647ed1f1febd32ab768bf957a0a1698217eb3cf14b2d00c6ecf,92,8a659a81d630fc8e691cefce4adcb18b5b75f73a16a0444cd2d3f9b03e7ffa20,220f15bdc98552883d665a68a5119a912fce061f654dabdd5fcf91d68bf87250
s06,s0601a,O0_4,78,12,0.15384615384615385,5,0,0,0.0641025641025641,0.0,0.0,78,12,0.15384615384615385,5,0,0,0.0641025641025641,0.0,0.0,245.50644200000008,164.34488199999998,0.6694116890016268,178.10400000000027,39,4.566769230769237,87130029b5443647ed1f1febd32ab768bf957a0a1698217eb3cf14b2d00c6ecf,191,383a56103446678fa5b53765f4cad207e325db5e7a53636c26183006cc1c40ab,e5fb227248ebe83bbb4bc41b248bc624d80860bdfeb599453b542db1b1d49f64
s06,s0601a,O0_4_LR_rms_waveform_inside,78,13,0.16666666666666666,6,0,0,0.07692307692307693,0.0,0.0,78,13,0.16666666666666666,6,0,0,0.07692307692307693,0.0,0.0,245.50644200000008,162.56748499999992,0.6621719726604969,175.72400000000022,39,4.505743589743595,87130029b5443647ed1f1febd32ab768bf957a0a1698217eb3cf14b2d00c6ecf,191,5161d242be61d9add6ea58cc79e495d73ec25f4b8446d97bd658357b6a0d0012,1ccb97cd9ccfde186ac38899ffd1d747d493df5c3c6cc742196baed3526a9195
s06,s0601a,O0_4_LR_rms_waveform_gt20ms,78,13,0.16666666666666666,6,0,0,0.07692307692307693,0.0,0.0,78,13,0.16666666666666666,6,0,0,0.07692307692307693,0.0,0.0,245.50644200000008,163.50034799999992,0.6659717222409988,176.86800000000022,39,4.535076923076929,87130029b5443647ed1f1febd32ab768bf957a0a1698217eb3cf14b2d00c6ecf,191,58138ba718742d96a570195b0708b16ddde6ac09f868da9c6720ceb083523048,fd6001efabf16e464df8fa78451ac8606aee299935d3a3d432fed2a132865395
s06,s0601a,O0_4_LR_rms_waveform_gt50ms,78,13,0.16666666666666666,6,0,0,0.07692307692307693,0.0,0.0,78,13,0.16666666666666666,6,0,0,0.07692307692307693,0.0,0.0,245.50644200000008,163.50034799999992,0.6659717222409988,176.86800000000022,39,4.535076923076929,87130029b5443647ed1f1febd32ab768bf957a0a1698217eb3cf14b2d00c6ecf,191,58138ba718742d96a570195b0708b16ddde6ac09f868da9c6720ceb083523048,fd6001efabf16e464df8fa78451ac8606aee299935d3a3d432fed2a132865395
s06,s0601a,O0_4_LR_vad_only_inside,78,12,0.15384615384615385,5,0,0,0.0641025641025641,0.0,0.0,78,12,0.15384615384615385,5,0,0,0.0641025641025641,0.0,0.0,245.50644200000008,164.049447,0.6682083193564425,177.3720000000003,39,4.548000000000008,87130029b5443647ed1f1febd32ab768bf957a0a1698217eb3cf14b2d00c6ecf,191,ca833da8a26780c3bcb5d14479d52dd09076b4205c9355b05aca9513ca32b52b,93ff069564a33a356237710c363d474b423700dcd364089e3eac439ccc8a88d6
s06,s0601a,O0_4_LR_vad_only_gt20ms,78,12,0.15384615384615385,5,0,0,0.0641025641025641,0.0,0.0,78,12,0.15384615384615385,5,0,0,0.0641025641025641,0.0,0.0,245.50644200000008,164.049447,0.6682083193564425,177.3720000000003,39,4.548000000000008,87130029b5443647ed1f1febd32ab768bf957a0a1698217eb3cf14b2d00c6ecf,191,ca833da8a26780c3bcb5d14479d52dd09076b4205c9355b05aca9513ca32b52b,93ff069564a33a356237710c363d474b423700dcd364089e3eac439ccc8a88d6
s06,s0601a,O0_4_LR_vad_only_gt50ms,78,12,0.15384615384615385,5,0,0,0.0641025641025641,0.0,0.0,78,12,0.15384615384615385,5,0,0,0.0641025641025641,0.0,0.0,245.50644200000008,164.34488199999998,0.6694116890016268,178.10400000000027,39,4.566769230769237,87130029b5443647ed1f1febd32ab768bf957a0a1698217eb3cf14b2d00c6ecf,191,383a56103446678fa5b53765f4cad207e325db5e7a53636c26183006cc1c40ab,e5fb227248ebe83bbb4bc41b248bc624d80860bdfeb599453b542db1b1d49f64
s06,s0601a,O0_4_LR_all_inside,78,13,0.16666666666666666,6,0,0,0.07692307692307693,0.0,0.0,78,13,0.16666666666666666,6,0,0,0.07692307692307693,0.0,0.0,245.50644200000008,162.27204999999992,0.6609686030153126,175.27600000000024,39,4.494256410256416,87130029b5443647ed1f1febd32ab768bf957a0a1698217eb3cf14b2d00c6ecf,191,d6dd84727bcff762e725e7f7a83a248511413ed76e74c16f6723dd0dd836ed62,466f0d8db5ceb73f6eb9ff76c8f3c252d7539061cc355d57698c727762629b04
s06,s0601a,O0_4_LR_all_gt20ms,78,13,0.16666666666666666,6,0,0,0.07692307692307693,0.0,0.0,78,13,0.16666666666666666,6,0,0,0.07692307692307693,0.0,0.0,245.50644200000008,163.20491299999992,0.6647683525958145,176.42000000000024,39,4.52358974358975,87130029b5443647ed1f1febd32ab768bf957a0a1698217eb3cf14b2d00c6ecf,191,c0d1f2ac5fd7dfc1b3a98b84d77bd335d63b1925f99b05f026da38eefebd0c77,72208b753fb08a44e3473c87cacb5314a76cafe94ffcff1ddf6eb7a4db32d67b
s06,s0601a,O0_4_LR_all_gt50ms,78,13,0.16666666666666666,6,0,0,0.07692307692307693,0.0,0.0,78,13,0.16666666666666666,6,0,0,0.07692307692307693,0.0,0.0,245.50644200000008,163.50034799999992,0.6659717222409988,176.86800000000022,39,4.535076923076929,87130029b5443647ed1f1febd32ab768bf957a0a1698217eb3cf14b2d00c6ecf,191,58138ba718742d96a570195b0708b16ddde6ac09f868da9c6720ceb083523048,fd6001efabf16e464df8fa78451ac8606aee299935d3a3d432fed2a132865395
s06,s0602a,O0_4,80,14,0.175,9,1,0,0.1125,0.0125,0.0,80,14,0.175,9,1,0,0.1125,0.0125,0.0,258.45341200000007,173.45461800000004,0.6711252780829993,184.68399999999983,40,4.617099999999995,87130029b5443647ed1f1febd32ab768bf957a0a1698217eb3cf14b2d00c6ecf,217,9b449989e29248ef2f9d2f5786dd14a46c0bd721175a21f2c984d17c806da2da,5570fb97b6a5cb82c19468ba48f63682dce73250be8b234b632fbd53103e3bdd
s06,s0602a,O0_4_LR_rms_waveform_inside,80,15,0.1875,10,2,0,0.125,0.025,0.0,80,15,0.1875,10,2,0,0.125,0.025,0.0,258.45341200000007,172.10421099999996,0.6659003248136648,183.18399999999983,40,4.579599999999996,87130029b5443647ed1f1febd32ab768bf957a0a1698217eb3cf14b2d00c6ecf,217,2047c65c81deb22e31739cd5cf6fff822cb057d16829043df8791bef85da6892,f89bc62d087b08eb9e165a620f22ae4fbd75e08567ccb168b8d09e72afd8c2fa
s06,s0602a,O0_4_LR_rms_waveform_gt20ms,80,15,0.1875,10,2,0,0.125,0.025,0.0,80,15,0.1875,10,2,0,0.125,0.025,0.0,258.45341200000007,172.10421099999996,0.6659003248136648,183.18399999999983,40,4.579599999999996,87130029b5443647ed1f1febd32ab768bf957a0a1698217eb3cf14b2d00c6ecf,217,2047c65c81deb22e31739cd5cf6fff822cb057d16829043df8791bef85da6892,f89bc62d087b08eb9e165a620f22ae4fbd75e08567ccb168b8d09e72afd8c2fa
s06,s0602a,O0_4_LR_rms_waveform_gt50ms,80,14,0.175,9,1,0,0.1125,0.0125,0.0,80,14,0.175,9,1,0,0.1125,0.0125,0.0,258.45341200000007,173.45461800000004,0.6711252780829993,184.68399999999983,40,4.617099999999995,87130029b5443647ed1f1febd32ab768bf957a0a1698217eb3cf14b2d00c6ecf,217,9b449989e29248ef2f9d2f5786dd14a46c0bd721175a21f2c984d17c806da2da,5570fb97b6a5cb82c19468ba48f63682dce73250be8b234b632fbd53103e3bdd
s06,s0602a,O0_4_LR_vad_only_inside,80,15,0.1875,10,2,0,0.125,0.025,0.0,80,15,0.1875,10,2,0,0.125,0.025,0.0,258.45341200000007,172.10421099999996,0.6659003248136648,182.95199999999983,40,4.573799999999996,87130029b5443647ed1f1febd32ab768bf957a0a1698217eb3cf14b2d00c6ecf,217,de5827262b10f851fa01ab74d80463bfb77bf975f77bd66005ed63d68d941b48,11945047548ddd41d326e796d8ab7cfd5fa0020f4b053b1b6e64d0e8b17d1b14
s06,s0602a,O0_4_LR_vad_only_gt20ms,80,15,0.1875,10,2,0,0.125,0.025,0.0,80,15,0.1875,10,2,0,0.125,0.025,0.0,258.45341200000007,172.84729099999998,0.668775427116435,184.0359999999998,40,4.600899999999995,87130029b5443647ed1f1febd32ab768bf957a0a1698217eb3cf14b2d00c6ecf,217,84849aa188656cb8f6de6a9c763cb07eee54c38b7d386ea62bece3cc4e3a27bb,860b8c23fc851dd271a5474fd7fa0b1a142594c27f80bbcc596dc8da693c7136
s06,s0602a,O0_4_LR_vad_only_gt50ms,80,14,0.175,9,1,0,0.1125,0.0125,0.0,80,14,0.175,9,1,0,0.1125,0.0125,0.0,258.45341200000007,173.45461800000004,0.6711252780829993,184.68399999999983,40,4.617099999999995,87130029b5443647ed1f1febd32ab768bf957a0a1698217eb3cf14b2d00c6ecf,217,9b449989e29248ef2f9d2f5786dd14a46c0bd721175a21f2c984d17c806da2da,5570fb97b6a5cb82c19468ba48f63682dce73250be8b234b632fbd53103e3bdd
s06,s0602a,O0_4_LR_all_inside,80,15,0.1875,10,2,0,0.125,0.025,0.0,80,15,0.1875,10,2,0,0.125,0.025,0.0,258.45341200000007,172.10421099999996,0.6659003248136648,183.18399999999983,40,4.579599999999996,87130029b5443647ed1f1febd32ab768bf957a0a1698217eb3cf14b2d00c6ecf,217,2047c65c81deb22e31739cd5cf6fff822cb057d16829043df8791bef85da6892,f89bc62d087b08eb9e165a620f22ae4fbd75e08567ccb168b8d09e72afd8c2fa
s06,s0602a,O0_4_LR_all_gt20ms,80,15,0.1875,10,2,0,0.125,0.025,0.0,80,15,0.1875,10,2,0,0.125,0.025,0.0,258.45341200000007,172.10421099999996,0.6659003248136648,183.18399999999983,40,4.579599999999996,87130029b5443647ed1f1febd32ab768bf957a0a1698217eb3cf14b2d00c6ecf,217,2047c65c81deb22e31739cd5cf6fff822cb057d16829043df8791bef85da6892,f89bc62d087b08eb9e165a620f22ae4fbd75e08567ccb168b8d09e72afd8c2fa
s06,s0602a,O0_4_LR_all_gt50ms,80,14,0.175,9,1,0,0.1125,0.0125,0.0,80,14,0.175,9,1,0,0.1125,0.0125,0.0,258.45341200000007,173.45461800000004,0.6711252780829993,184.68399999999983,40,4.617099999999995,87130029b5443647ed1f1febd32ab768bf957a0a1698217eb3cf14b2d00c6ecf,217,9b449989e29248ef2f9d2f5786dd14a46c0bd721175a21f2c984d17c806da2da,5570fb97b6a5cb82c19468ba48f63682dce73250be8b234b632fbd53103e3bdd
s06,s0602b,O0_4,76,2,0.02631578947368421,1,1,0,0.013157894736842105,0.013157894736842105,0.0,76,2,0.02631578947368421,1,1,0,0.013157894736842105,0.013157894736842105,0.0,244.09602899999965,146.48801599999993,0.6001245354138889,167.72800000000004,38,4.413894736842106,87130029b5443647ed1f1febd32ab768bf957a0a1698217eb3cf14b2d00c6ecf,224,659ae3c8563d4d130e383fa1cfbcb2e8344d9f9fc44c3614678e824b19aac685,48b67649336933220e616fefcec2542dd1d2cbfc6d5ae819c55c8a7ae9eb62d4
s06,s0602b,O0_4_LR_rms_waveform_inside,76,2,0.02631578947368421,1,1,0,0.013157894736842105,0.013157894736842105,0.0,76,2,0.02631578947368421,1,1,0,0.013157894736842105,0.013157894736842105,0.0,244.09602899999965,144.60777899999997,0.5924216776177058,164.73200000000008,38,4.335052631578949,87130029b5443647ed1f1febd32ab768bf957a0a1698217eb3cf14b2d00c6ecf,224,3dec4c9a92417b61cd6a06d07b63507357edfbaab282a944ae56336c3f4f6acb,d0076be3682bbf34a1534a21619ba4282d2dd4286bb11f7ddf62465f9df6d292
s06,s0602b,O0_4_LR_rms_waveform_gt20ms,76,2,0.02631578947368421,1,1,0,0.013157894736842105,0.013157894736842105,0.0,76,2,0.02631578947368421,1,1,0,0.013157894736842105,0.013157894736842105,0.0,244.09602899999965,143.18685499999995,0.5866005095887904,162.7640000000001,38,4.28326315789474,87130029b5443647ed1f1febd32ab768bf957a0a1698217eb3cf14b2d00c6ecf,224,5ddd9b2b8a5ec82b5d646f0e38c931bd131d9b83d38860f02f1acb7c7e463871,35d927853999a5de29bc8100a8eccc2b6b9f2c257b25d3af27e0a83e74600f64
s06,s0602b,O0_4_LR_rms_waveform_gt50ms,76,2,0.02631578947368421,1,1,0,0.013157894736842105,0.013157894736842105,0.0,76,2,0.02631578947368421,1,1,0,0.013157894736842105,0.013157894736842105,0.0,244.09602899999965,144.68470699999992,0.5927368322734989,165.05200000000008,38,4.343473684210529,87130029b5443647ed1f1febd32ab768bf957a0a1698217eb3cf14b2d00c6ecf,224,e3cf265ed251c4de005917281205fad9583c2e83ebd61e5ef3705e2ba489e831,a774bca8e78aa7dbb64dd1631383d2a823a607cb723bd0ef9a5f56fdda726591
s06,s0602b,O0_4_LR_vad_only_inside,76,3,0.039473684210526314,2,1,0,0.02631578947368421,0.013157894736842105,0.0,76,3,0.039473684210526314,2,1,0,0.02631578947368421,0.013157894736842105,0.0,244.09602899999965,144.03107899999995,0.5900590828538229,163.89200000000002,38,4.312947368421053,87130029b5443647ed1f1febd32ab768bf957a0a1698217eb3cf14b2d00c6ecf,224,ac407cede80bc86725c7131044dab38e5102024eb820b0b78c984abeb53e6f1c,90a55030b00a5e7de920b2b7332ef35141884a216447ed51b8b3f9ff594a47dc
s06,s0602b,O0_4_LR_vad_only_gt20ms,76,2,0.02631578947368421,1,1,0,0.013157894736842105,0.013157894736842105,0.0,76,2,0.02631578947368421,1,1,0,0.013157894736842105,0.013157894736842105,0.0,244.09602899999965,146.10563099999993,0.5985580003024144,167.02000000000007,38,4.395263157894739,87130029b5443647ed1f1febd32ab768bf957a0a1698217eb3cf14b2d00c6ecf,224,9d6cc121a87f7494fcd9a028aba3652b1cfae895e178e2686bc4043bda2de168,86fae2acfe6b5f2f092a728082dad387e9efacdc6ef19c6bbf77c53a11457ed1
s06,s0602b,O0_4_LR_vad_only_gt50ms,76,2,0.02631578947368421,1,1,0,0.013157894736842105,0.013157894736842105,0.0,76,2,0.02631578947368421,1,1,0,0.013157894736842105,0.013157894736842105,0.0,244.09602899999965,146.48801599999993,0.6001245354138889,167.72800000000004,38,4.413894736842106,87130029b5443647ed1f1febd32ab768bf957a0a1698217eb3cf14b2d00c6ecf,224,659ae3c8563d4d130e383fa1cfbcb2e8344d9f9fc44c3614678e824b19aac685,48b67649336933220e616fefcec2542dd1d2cbfc6d5ae819c55c8a7ae9eb62d4
s06,s0602b,O0_4_LR_all_inside,76,2,0.02631578947368421,1,1,0,0.013157894736842105,0.013157894736842105,0.0,76,2,0.02631578947368421,1,1,0,0.013157894736842105,0.013157894736842105,0.0,244.09602899999965,143.83544799999996,0.5892576318806078,163.48000000000008,38,4.302105263157896,87130029b5443647ed1f1febd32ab768bf957a0a1698217eb3cf14b2d00c6ecf,224,d36b969d5629e10c314b7a1645444ebc4eae3826c6f55813e9781bf3d22f2a25,49c6b88e7713c4433ec6bb2120962febe0f1301d65ac584e248ccaa8e44ad95d
s06,s0602b,O0_4_LR_all_gt20ms,76,2,0.02631578947368421,1,1,0,0.013157894736842105,0.013157894736842105,0.0,76,2,0.02631578947368421,1,1,0,0.013157894736842105,0.013157894736842105,0.0,244.09602899999965,142.41452399999994,0.5834364638516923,161.51200000000009,38,4.250315789473686,87130029b5443647ed1f1febd32ab768bf957a0a1698217eb3cf14b2d00c6ecf,224,f305c491a15fae3240d395a90d74a2e236c21fec24418ca0af623c0b83c13b18,44fd40058f89ab4d603199e32c163f31d0f73849333207035738e57f5076912e
s06,s0602b,O0_4_LR_all_gt50ms,76,2,0.02631578947368421,1,1,0,0.013157894736842105,0.013157894736842105,0.0,76,2,0.02631578947368421,1,1,0,0.013157894736842105,0.013157894736842105,0.0,244.09602899999965,143.9123759999999,0.5895727865364009,163.80000000000007,38,4.310526315789476,87130029b5443647ed1f1febd32ab768bf957a0a1698217eb3cf14b2d00c6ecf,224,82fb4018d3105d216cf895d1b265cf81b1b5089d73e2523dfd3cbb8ce17624ec,b544b1a202bd50114b285e67e21eedc6f8353fdc3da272d8de0d9ec348844867
s06,s0603a,O0_4,8,0,0.0,0,0,0,0.0,0.0,0.0,8,0,0.0,0,0,0,0.0,0.0,0.0,31.913417000000013,17.986055000000004,0.5635891324329199,20.95200000000001,4,5.238000000000002,87130029b5443647ed1f1febd32ab768bf957a0a1698217eb3cf14b2d00c6ecf,42,fca8b19f037ce27949077ba13492e9c8eab89c1af363abc6a0536272ac68df8b,01a47f2abbed5b660218a0ab1ba5ed19d3a5bc82223f341c1fba80efed40ffa5
s06,s0603a,O0_4_LR_rms_waveform_inside,8,0,0.0,0,0,0,0.0,0.0,0.0,8,0,0.0,0,0,0,0.0,0.0,0.0,31.913417000000013,17.695403000000002,0.5544816150523774,20.484000000000012,4,5.121000000000003,87130029b5443647ed1f1febd32ab768bf957a0a1698217eb3cf14b2d00c6ecf,42,49de28740b54afdfef194e56c40684f438e397e9820831d6d56656f369d4a838,9f68e4b43343f0ee630bd5d62513316a27b3c94502046d8a1dd4f38379d2c8f5
s06,s0603a,O0_4_LR_rms_waveform_gt20ms,8,0,0.0,0,0,0,0.0,0.0,0.0,8,0,0.0,0,0,0,0.0,0.0,0.0,31.913417000000013,17.695403000000002,0.5544816150523774,20.484000000000012,4,5.121000000000003,87130029b5443647ed1f1febd32ab768bf957a0a1698217eb3cf14b2d00c6ecf,42,49de28740b54afdfef194e56c40684f438e397e9820831d6d56656f369d4a838,9f68e4b43343f0ee630bd5d62513316a27b3c94502046d8a1dd4f38379d2c8f5
s06,s0603a,O0_4_LR_rms_waveform_gt50ms,8,0,0.0,0,0,0,0.0,0.0,0.0,8,0,0.0,0,0,0,0.0,0.0,0.0,31.913417000000013,17.986055000000004,0.5635891324329199,20.95200000000001,4,5.238000000000002,87130029b5443647ed1f1febd32ab768bf957a0a1698217eb3cf14b2d00c6ecf,42,fca8b19f037ce27949077ba13492e9c8eab89c1af363abc6a0536272ac68df8b,01a47f2abbed5b660218a0ab1ba5ed19d3a5bc82223f341c1fba80efed40ffa5
s06,s0603a,O0_4_LR_vad_only_inside,8,0,0.0,0,0,0,0.0,0.0,0.0,8,0,0.0,0,0,0,0.0,0.0,0.0,31.913417000000013,17.713609,0.5550520961136814,20.584000000000007,4,5.146000000000002,87130029b5443647ed1f1febd32ab768bf957a0a1698217eb3cf14b2d00c6ecf,42,03199e272ba34f8bf4d4b4a3ee1d99dd74ab5d9c905a6e9fe3cdbd8302dfdd5a,72775124e3c323bca27702deb9231c1ad1ae938db19886d30c38bb3a907cd701
s06,s0603a,O0_4_LR_vad_only_gt20ms,8,0,0.0,0,0,0,0.0,0.0,0.0,8,0,0.0,0,0,0,0.0,0.0,0.0,31.913417000000013,17.986055000000004,0.5635891324329199,20.95200000000001,4,5.238000000000002,87130029b5443647ed1f1febd32ab768bf957a0a1698217eb3cf14b2d00c6ecf,42,fca8b19f037ce27949077ba13492e9c8eab89c1af363abc6a0536272ac68df8b,01a47f2abbed5b660218a0ab1ba5ed19d3a5bc82223f341c1fba80efed40ffa5
s06,s0603a,O0_4_LR_vad_only_gt50ms,8,0,0.0,0,0,0,0.0,0.0,0.0,8,0,0.0,0,0,0,0.0,0.0,0.0,31.913417000000013,17.986055000000004,0.5635891324329199,20.95200000000001,4,5.238000000000002,87130029b5443647ed1f1febd32ab768bf957a0a1698217eb3cf14b2d00c6ecf,42,fca8b19f037ce27949077ba13492e9c8eab89c1af363abc6a0536272ac68df8b,01a47f2abbed5b660218a0ab1ba5ed19d3a5bc82223f341c1fba80efed40ffa5
s06,s0603a,O0_4_LR_all_inside,8,0,0.0,0,0,0,0.0,0.0,0.0,8,0,0.0,0,0,0,0.0,0.0,0.0,31.913417000000013,17.422957,0.5459445787331388,20.11600000000001,4,5.029000000000003,87130029b5443647ed1f1febd32ab768bf957a0a1698217eb3cf14b2d00c6ecf,42,61ca19bf761e9227c60276f1585d8e445fa6ee02f0f9c2ebf545876c841504f8,e8ea4915cffc0e66431d715b2060ebdabb0d1b400ff53a46aa7a5bf91e652de1
s06,s0603a,O0_4_LR_all_gt20ms,8,0,0.0,0,0,0,0.0,0.0,0.0,8,0,0.0,0,0,0,0.0,0.0,0.0,31.913417000000013,17.695403000000002,0.5544816150523774,20.484000000000012,4,5.121000000000003,87130029b5443647ed1f1febd32ab768bf957a0a1698217eb3cf14b2d00c6ecf,42,49de28740b54afdfef194e56c40684f438e397e9820831d6d56656f369d4a838,9f68e4b43343f0ee630bd5d62513316a27b3c94502046d8a1dd4f38379d2c8f5
s06,s0603a,O0_4_LR_all_gt50ms,8,0,0.0,0,0,0,0.0,0.0,0.0,8,0,0.0,0,0,0,0.0,0.0,0.0,31.913417000000013,17.986055000000004,0.5635891324329199,20.95200000000001,4,5.238000000000002,87130029b5443647ed1f1febd32ab768bf957a0a1698217eb3cf14b2d00c6ecf,42,fca8b19f037ce27949077ba13492e9c8eab89c1af363abc6a0536272ac68df8b,01a47f2abbed5b660218a0ab1ba5ed19d3a5bc82223f341c1fba80efed40ffa5
s07,s0701a,O0_4,88,11,0.125,4,1,0,0.045454545454545456,0.011363636363636364,0.0,100,14,0.14,6,2,0,0.06,0.02,0.0,378.3523960000005,270.402795,0.7146850340020039,306.80800000000016,50,6.136160000000003,87130029b5443647ed1f1febd32ab768bf957a0a1698217eb3cf14b2d00c6ecf,257,81a190ffc422bdb7be09fb41925bc29993ec70921127ef75b51e9a75b6e13473,d2c04d6c7cb33aa7b3d741a44fefc73eea7ad5c92121f9c8d3a545f2eb96cbdf
s07,s0701a,O0_4_LR_rms_waveform_inside,88,10,0.11363636363636363,4,1,0,0.045454545454545456,0.011363636363636364,0.0,100,13,0.13,6,2,0,0.06,0.02,0.0,378.3523960000005,268.755863,0.7103321290979736,304.2880000000002,50,6.085760000000004,87130029b5443647ed1f1febd32ab768bf957a0a1698217eb3cf14b2d00c6ecf,257,b93630d91b4662994c78e030e1fac01d483e46c8a7e3ce31a6b26c1728fd5b4d,efc9ecb3429de6880da8d693898aed8aa526187eabd35c68a0afb324790f18f5
s07,s0701a,O0_4_LR_rms_waveform_gt20ms,88,11,0.125,4,1,0,0.045454545454545456,0.011363636363636364,0.0,100,14,0.14,6,2,0,0.06,0.02,0.0,378.3523960000005,269.642129,0.7126745643762215,305.6680000000002,50,6.113360000000004,87130029b5443647ed1f1febd32ab768bf957a0a1698217eb3cf14b2d00c6ecf,257,cf8300df18c62ba44842b0ca290b143c1638420ef5303c0ebbc3a593dae0ae04,e882ef3fc5fb37a53aca7d5c9b3dfeaa7c669fb548c05bb82060abf15cc7277d
s07,s0701a,O0_4_LR_rms_waveform_gt50ms,88,11,0.125,4,1,0,0.045454545454545456,0.011363636363636364,0.0,100,14,0.14,6,2,0,0.06,0.02,0.0,378.3523960000005,269.944582,0.7134739593402751,306.1480000000002,50,6.1229600000000035,87130029b5443647ed1f1febd32ab768bf957a0a1698217eb3cf14b2d00c6ecf,257,54fbcdc725aa7e48ad5207f2100011b3e90c5748e0f13d7fc1c4d3894cb415ea,694278ae5f06b7455b2d299a035b03ba329cf0e29d7fe5cd3e7acf0672eb7ab6
s07,s0701a,O0_4_LR_vad_only_inside,88,11,0.125,4,1,0,0.045454545454545456,0.011363636363636364,0.0,100,14,0.14,6,2,0,0.06,0.02,0.0,378.3523960000005,270.402795,0.7146850340020039,306.46000000000015,50,6.129200000000003,87130029b5443647ed1f1febd32ab768bf957a0a1698217eb3cf14b2d00c6ecf,257,649beed9961462afa6aa609f75e755dcd0ba5db31c4caef9efce290719e9982f,8bbad91b7ecfe7f939471e838df01778b535346f5e136358b5e9835640b0e51e
s07,s0701a,O0_4_LR_vad_only_gt20ms,88,11,0.125,4,1,0,0.045454545454545456,0.011363636363636364,0.0,100,14,0.14,6,2,0,0.06,0.02,0.0,378.3523960000005,270.402795,0.7146850340020039,306.80800000000016,50,6.136160000000003,87130029b5443647ed1f1febd32ab768bf957a0a1698217eb3cf14b2d00c6ecf,257,81a190ffc422bdb7be09fb41925bc29993ec70921127ef75b51e9a75b6e13473,d2c04d6c7cb33aa7b3d741a44fefc73eea7ad5c92121f9c8d3a545f2eb96cbdf
s07,s0701a,O0_4_LR_vad_only_gt50ms,88,11,0.125,4,1,0,0.045454545454545456,0.011363636363636364,0.0,100,14,0.14,6,2,0,0.06,0.02,0.0,378.3523960000005,270.402795,0.7146850340020039,306.80800000000016,50,6.136160000000003,87130029b5443647ed1f1febd32ab768bf957a0a1698217eb3cf14b2d00c6ecf,257,81a190ffc422bdb7be09fb41925bc29993ec70921127ef75b51e9a75b6e13473,d2c04d6c7cb33aa7b3d741a44fefc73eea7ad5c92121f9c8d3a545f2eb96cbdf
s07,s0701a,O0_4_LR_all_inside,88,10,0.11363636363636363,4,1,0,0.045454545454545456,0.011363636363636364,0.0,100,13,0.13,6,2,0,0.06,0.02,0.0,378.3523960000005,268.755863,0.7103321290979736,304.2880000000002,50,6.085760000000004,87130029b5443647ed1f1febd32ab768bf957a0a1698217eb3cf14b2d00c6ecf,257,b93630d91b4662994c78e030e1fac01d483e46c8a7e3ce31a6b26c1728fd5b4d,efc9ecb3429de6880da8d693898aed8aa526187eabd35c68a0afb324790f18f5
s07,s0701a,O0_4_LR_all_gt20ms,88,11,0.125,4,1,0,0.045454545454545456,0.011363636363636364,0.0,100,14,0.14,6,2,0,0.06,0.02,0.0,378.3523960000005,269.642129,0.7126745643762215,305.6680000000002,50,6.113360000000004,87130029b5443647ed1f1febd32ab768bf957a0a1698217eb3cf14b2d00c6ecf,257,cf8300df18c62ba44842b0ca290b143c1638420ef5303c0ebbc3a593dae0ae04,e882ef3fc5fb37a53aca7d5c9b3dfeaa7c669fb548c05bb82060abf15cc7277d
s07,s0701a,O0_4_LR_all_gt50ms,88,11,0.125,4,1,0,0.045454545454545456,0.011363636363636364,0.0,100,14,0.14,6,2,0,0.06,0.02,0.0,378.3523960000005,269.944582,0.7134739593402751,306.1480000000002,50,6.1229600000000035,87130029b5443647ed1f1febd32ab768bf957a0a1698217eb3cf14b2d00c6ecf,257,54fbcdc725aa7e48ad5207f2100011b3e90c5748e0f13d7fc1c4d3894cb415ea,694278ae5f06b7455b2d299a035b03ba329cf0e29d7fe5cd3e7acf0672eb7ab6
s07,s0701b,O0_4,84,3,0.03571428571428571,3,1,0,0.03571428571428571,0.011904761904761904,0.0,98,4,0.04081632653061224,4,2,0,0.04081632653061224,0.02040816326530612,0.0,342.0425969999997,271.9726199999999,0.7951425418513008,310.2919999999999,49,6.332489795918366,87130029b5443647ed1f1febd32ab768bf957a0a1698217eb3cf14b2d00c6ecf,224,e2e1769fea33bb8da84f0e2e0eb8ea4922e66154668d0d6897d39bd50c27a0fe,ceceedc8e577b353aa21e9f0962d2ce084b80726034a72532b167094b43e0a9b
s07,s0701b,O0_4_LR_rms_waveform_inside,84,3,0.03571428571428571,3,1,0,0.03571428571428571,0.011904761904761904,0.0,98,4,0.04081632653061224,4,2,0,0.04081632653061224,0.02040816326530612,0.0,342.0425969999997,269.66408699999994,0.7883932859976507,307.2279999999999,49,6.269959183673468,87130029b5443647ed1f1febd32ab768bf957a0a1698217eb3cf14b2d00c6ecf,224,6839b9b459b8580fd3bf46017f4853c6c4e8751a83127728a208204e965a15e7,80d86e7d23f5c52fdcacbb9e33a1bf7ea8882e88f02eff5d2ac023ededde3356
s07,s0701b,O0_4_LR_rms_waveform_gt20ms,84,3,0.03571428571428571,3,1,0,0.03571428571428571,0.011904761904761904,0.0,98,4,0.04081632653061224,4,2,0,0.04081632653061224,0.02040816326530612,0.0,342.0425969999997,270.2079099999999,0.7899832136989655,308.0599999999999,49,6.286938775510202,87130029b5443647ed1f1febd32ab768bf957a0a1698217eb3cf14b2d00c6ecf,224,fd11dcc6548be6afa95b36d08d75c35f56f9ab268bf2791e55f0415d427c80ed,ef9f481403d479ea446caf8d7bf5d8d1ca265fa42395c794a022bcfc25914746
s07,s0701b,O0_4_LR_rms_waveform_gt50ms,84,3,0.03571428571428571,3,1,0,0.03571428571428571,0.011904761904761904,0.0,98,4,0.04081632653061224,4,2,0,0.04081632653061224,0.02040816326530612,0.0,342.0425969999997,270.2079099999999,0.7899832136989655,308.0599999999999,49,6.286938775510202,87130029b5443647ed1f1febd32ab768bf957a0a1698217eb3cf14b2d00c6ecf,224,fd11dcc6548be6afa95b36d08d75c35f56f9ab268bf2791e55f0415d427c80ed,ef9f481403d479ea446caf8d7bf5d8d1ca265fa42395c794a022bcfc25914746
s07,s0701b,O0_4_LR_vad_only_inside,84,3,0.03571428571428571,3,1,0,0.03571428571428571,0.011904761904761904,0.0,98,4,0.04081632653061224,4,2,0,0.04081632653061224,0.02040816326530612,0.0,342.0425969999997,270.3476529999999,0.7903917680756006,308.18399999999997,49,6.289469387755101,87130029b5443647ed1f1febd32ab768bf957a0a1698217eb3cf14b2d00c6ecf,224,d6009977e97d21a6e4e01315fdc46c5dde88267a9d86be7ec811e8000c8a6656,6d98dcbbc383947785620f54fed4fea074f08087b253a87e6cc3bba9f4089d67
s07,s0701b,O0_4_LR_vad_only_gt20ms,84,3,0.03571428571428571,3,1,0,0.03571428571428571,0.011904761904761904,0.0,98,4,0.04081632653061224,4,2,0,0.04081632653061224,0.02040816326530612,0.0,342.0425969999997,271.9726199999999,0.7951425418513008,310.2919999999999,49,6.332489795918366,87130029b5443647ed1f1febd32ab768bf957a0a1698217eb3cf14b2d00c6ecf,224,e2e1769fea33bb8da84f0e2e0eb8ea4922e66154668d0d6897d39bd50c27a0fe,ceceedc8e577b353aa21e9f0962d2ce084b80726034a72532b167094b43e0a9b
s07,s0701b,O0_4_LR_vad_only_gt50ms,84,3,0.03571428571428571,3,1,0,0.03571428571428571,0.011904761904761904,0.0,98,4,0.04081632653061224,4,2,0,0.04081632653061224,0.02040816326530612,0.0,342.0425969999997,271.9726199999999,0.7951425418513008,310.2919999999999,49,6.332489795918366,87130029b5443647ed1f1febd32ab768bf957a0a1698217eb3cf14b2d00c6ecf,224,e2e1769fea33bb8da84f0e2e0eb8ea4922e66154668d0d6897d39bd50c27a0fe,ceceedc8e577b353aa21e9f0962d2ce084b80726034a72532b167094b43e0a9b
s07,s0701b,O0_4_LR_all_inside,84,3,0.03571428571428571,3,1,0,0.03571428571428571,0.011904761904761904,0.0,98,4,0.04081632653061224,4,2,0,0.04081632653061224,0.02040816326530612,0.0,342.0425969999997,269.66408699999994,0.7883932859976507,307.2279999999999,49,6.269959183673468,87130029b5443647ed1f1febd32ab768bf957a0a1698217eb3cf14b2d00c6ecf,224,6839b9b459b8580fd3bf46017f4853c6c4e8751a83127728a208204e965a15e7,80d86e7d23f5c52fdcacbb9e33a1bf7ea8882e88f02eff5d2ac023ededde3356
s07,s0701b,O0_4_LR_all_gt20ms,84,3,0.03571428571428571,3,1,0,0.03571428571428571,0.011904761904761904,0.0,98,4,0.04081632653061224,4,2,0,0.04081632653061224,0.02040816326530612,0.0,342.0425969999997,269.66408699999994,0.7883932859976507,307.2279999999999,49,6.269959183673468,87130029b5443647ed1f1febd32ab768bf957a0a1698217eb3cf14b2d00c6ecf,224,6839b9b459b8580fd3bf46017f4853c6c4e8751a83127728a208204e965a15e7,80d86e7d23f5c52fdcacbb9e33a1bf7ea8882e88f02eff5d2ac023ededde3356
s07,s0701b,O0_4_LR_all_gt50ms,84,3,0.03571428571428571,3,1,0,0.03571428571428571,0.011904761904761904,0.0,98,4,0.04081632653061224,4,2,0,0.04081632653061224,0.02040816326530612,0.0,342.0425969999997,270.2079099999999,0.7899832136989655,308.0599999999999,49,6.286938775510202,87130029b5443647ed1f1febd32ab768bf957a0a1698217eb3cf14b2d00c6ecf,224,fd11dcc6548be6afa95b36d08d75c35f56f9ab268bf2791e55f0415d427c80ed,ef9f481403d479ea446caf8d7bf5d8d1ca265fa42395c794a022bcfc25914746
s07,s0702a,O0_4,97,14,0.14432989690721648,9,5,1,0.09278350515463918,0.05154639175257732,0.010309278350515464,114,18,0.15789473684210525,12,8,2,0.10526315789473684,0.07017543859649122,0.017543859649122806,397.1939759999996,322.8979769999998,0.8129478202358238,364.776,57,6.399578947368421,87130029b5443647ed1f1febd32ab768bf957a0a1698217eb3cf14b2d00c6ecf,265,41626da9710b67f5a735514bb39031299150ab6ccbc59e752258358193886169,13e75cb3313dfea1267b8fc3171efc5b5ebd2fa8df9f7d4c27fad69dd77aa036
s07,s0702a,O0_4_LR_rms_waveform_inside,97,13,0.13402061855670103,8,3,0,0.08247422680412371,0.030927835051546393,0.0,114,16,0.14035087719298245,10,4,0,0.08771929824561403,0.03508771929824561,0.0,397.1939759999996,322.8979769999998,0.8129478202358238,364.776,57,6.399578947368421,87130029b5443647ed1f1febd32ab768bf957a0a1698217eb3cf14b2d00c6ecf,265,bffbec87ec24eae4002791d8b21d932a4d42e7faba44532e0bb558ef26633235,f7906fb44aa04d1a288d5be40e5416010df6f576f3384979e4b796e8b539b3ab
s07,s0702a,O0_4_LR_rms_waveform_gt20ms,97,13,0.13402061855670103,8,3,0,0.08247422680412371,0.030927835051546393,0.0,114,16,0.14035087719298245,10,4,0,0.08771929824561403,0.03508771929824561,0.0,397.1939759999996,322.8979769999998,0.8129478202358238,364.776,57,6.399578947368421,87130029b5443647ed1f1febd32ab768bf957a0a1698217eb3cf14b2d00c6ecf,265,bffbec87ec24eae4002791d8b21d932a4d42e7faba44532e0bb558ef26633235,f7906fb44aa04d1a288d5be40e5416010df6f576f3384979e4b796e8b539b3ab
s07,s0702a,O0_4_LR_rms_waveform_gt50ms,97,13,0.13402061855670103,8,3,0,0.08247422680412371,0.030927835051546393,0.0,114,16,0.14035087719298245,10,4,0,0.08771929824561403,0.03508771929824561,0.0,397.1939759999996,322.8979769999998,0.8129478202358238,364.776,57,6.399578947368421,87130029b5443647ed1f1febd32ab768bf957a0a1698217eb3cf14b2d00c6ecf,265,bffbec87ec24eae4002791d8b21d932a4d42e7faba44532e0bb558ef26633235,f7906fb44aa04d1a288d5be40e5416010df6f576f3384979e4b796e8b539b3ab
s07,s0702a,O0_4_LR_vad_only_inside,97,13,0.13402061855670103,8,4,0,0.08247422680412371,0.041237113402061855,0.0,114,16,0.14035087719298245,10,6,0,0.08771929824561403,0.05263157894736842,0.0,397.1939759999996,321.5571439999998,0.8095720565510292,363.29200000000003,57,6.373543859649123,87130029b5443647ed1f1febd32ab768bf957a0a1698217eb3cf14b2d00c6ecf,265,c5b5fe9f0a0517655dfc488318aaaf179d79c00be2ea335227ae65ea49b2c889,4226cee453daf5a045cf3059612e9fd70699554e736bb37b976d3dac6a43f32e
s07,s0702a,O0_4_LR_vad_only_gt20ms,97,13,0.13402061855670103,8,4,0,0.08247422680412371,0.041237113402061855,0.0,114,16,0.14035087719298245,10,6,0,0.08771929824561403,0.05263157894736842,0.0,397.1939759999996,322.8979769999998,0.8129478202358238,364.776,57,6.399578947368421,87130029b5443647ed1f1febd32ab768bf957a0a1698217eb3cf14b2d00c6ecf,265,904ef14e95eb67b7dde67b00431041e4e243db32d01e93aa7f68448eec891a0e,3ddb9a43393d2bf40e718f6aff56c3329452168bd1b75a2cb2a7c0866e68a65e
s07,s0702a,O0_4_LR_vad_only_gt50ms,97,13,0.13402061855670103,8,4,0,0.08247422680412371,0.041237113402061855,0.0,114,16,0.14035087719298245,10,6,0,0.08771929824561403,0.05263157894736842,0.0,397.1939759999996,322.8979769999998,0.8129478202358238,364.776,57,6.399578947368421,87130029b5443647ed1f1febd32ab768bf957a0a1698217eb3cf14b2d00c6ecf,265,dd5506f3ece5738acef17c8841144f437476630b933997e9d4ae84478f1657df,e6ad2f440f037e228d1c8cb7a40f46a803658332e5731d04980a687e1c562d5a
s07,s0702a,O0_4_LR_all_inside,97,13,0.13402061855670103,8,3,0,0.08247422680412371,0.030927835051546393,0.0,114,16,0.14035087719298245,10,4,0,0.08771929824561403,0.03508771929824561,0.0,397.1939759999996,322.8979769999998,0.8129478202358238,364.776,57,6.399578947368421,87130029b5443647ed1f1febd32ab768bf957a0a1698217eb3cf14b2d00c6ecf,265,bffbec87ec24eae4002791d8b21d932a4d42e7faba44532e0bb558ef26633235,f7906fb44aa04d1a288d5be40e5416010df6f576f3384979e4b796e8b539b3ab
s07,s0702a,O0_4_LR_all_gt20ms,97,13,0.13402061855670103,8,3,0,0.08247422680412371,0.030927835051546393,0.0,114,16,0.14035087719298245,10,4,0,0.08771929824561403,0.03508771929824561,0.0,397.1939759999996,322.8979769999998,0.8129478202358238,364.776,57,6.399578947368421,87130029b5443647ed1f1febd32ab768bf957a0a1698217eb3cf14b2d00c6ecf,265,bffbec87ec24eae4002791d8b21d932a4d42e7faba44532e0bb558ef26633235,f7906fb44aa04d1a288d5be40e5416010df6f576f3384979e4b796e8b539b3ab
s07,s0702a,O0_4_LR_all_gt50ms,97,13,0.13402061855670103,8,3,0,0.08247422680412371,0.030927835051546393,0.0,114,16,0.14035087719298245,10,4,0,0.08771929824561403,0.03508771929824561,0.0,397.1939759999996,322.8979769999998,0.8129478202358238,364.776,57,6.399578947368421,87130029b5443647ed1f1febd32ab768bf957a0a1698217eb3cf14b2d00c6ecf,265,bffbec87ec24eae4002791d8b21d932a4d42e7faba44532e0bb558ef26633235,f7906fb44aa04d1a288d5be40e5416010df6f576f3384979e4b796e8b539b3ab
s07,s0702b,O0_4,92,8,0.08695652173913043,3,0,0,0.03260869565217391,0.0,0.0,108,11,0.10185185185185185,4,0,0,0.037037037037037035,0.0,0.0,356.5397469999999,294.9625860000001,0.8272922962499331,334.3559999999999,54,6.191777777777776,87130029b5443647ed1f1febd32ab768bf957a0a1698217eb3cf14b2d00c6ecf,234,538298fd2a7a01264c34e91631980aec118e80668168be3a94fdb8d68b01e4ca,105b488ade613dc004eb2d3bdbf8293bbc7cc45d364c93f2eee14c7edcd96d78
s07,s0702b,O0_4_LR_rms_waveform_inside,93,8,0.08602150537634409,3,0,0,0.03225806451612903,0.0,0.0,110,11,0.1,4,0,0,0.03636363636363636,0.0,0.0,356.5397469999999,293.90613300000007,0.8243292240850784,332.1199999999999,55,6.038545454545453,87130029b5443647ed1f1febd32ab768bf957a0a1698217eb3cf14b2d00c6ecf,234,adf0511b7a5c55b0859d8eb7e1d49d5a910a1e3c7d0d32a767017afe08619d68,637d980f82640c9e8bb73bcb14fb86126365397bb7954d65f14b6d5683973662
s07,s0702b,O0_4_LR_rms_waveform_gt20ms,93,7,0.07526881720430108,3,0,0,0.03225806451612903,0.0,0.0,110,9,0.08181818181818182,4,0,0,0.03636363636363636,0.0,0.0,356.5397469999999,293.90613300000007,0.8243292240850784,332.1199999999999,55,6.038545454545453,87130029b5443647ed1f1febd32ab768bf957a0a1698217eb3cf14b2d00c6ecf,234,be923904daeafa69c5b9937ed483bfa08728be3599e162dfc3e26fcad3cb84ad,8f4a61616963eca9c3b0403a477af208a1d5ea28f5b2aac599e1dd24e96b72a1
s07,s0702b,O0_4_LR_rms_waveform_gt50ms,92,7,0.07608695652173914,3,0,0,0.03260869565217391,0.0,0.0,110,10,0.09090909090909091,4,0,0,0.03636363636363636,0.0,0.0,356.5397469999999,296.5461660000001,0.831733820689563,335.6959999999998,55,6.103563636363632,87130029b5443647ed1f1febd32ab768bf957a0a1698217eb3cf14b2d00c6ecf,234,608f596f7e974edb50b2d306ecc06494b9262da3ecb1a69ac115b9e7b03e1c7e,9ff98fee33904927886c66ba97f6fa4fbccf65db98f0219aa3b08aa3e61d95f6
s07,s0702b,O0_4_LR_vad_only_inside,91,8,0.08791208791208792,3,0,0,0.03296703296703297,0.0,0.0,108,11,0.10185185185185185,4,0,0,0.037037037037037035,0.0,0.0,356.5397469999999,294.7005730000001,0.8265574188563054,333.8719999999999,54,6.1828148148148125,87130029b5443647ed1f1febd32ab768bf957a0a1698217eb3cf14b2d00c6ecf,234,75a118a6a77f8a9413ec7493e3d7c09f049ea04a0ea627f77b10931b9bdb8755,06ab579ed917a8cf3e8e477be0e408e58bea74f77d78ec0410cbaa109fdf6431
s07,s0702b,O0_4_LR_vad_only_gt20ms,91,8,0.08791208791208792,3,0,0,0.03296703296703297,0.0,0.0,108,11,0.10185185185185185,4,0,0,0.037037037037037035,0.0,0.0,356.5397469999999,294.7005730000001,0.8265574188563054,333.8719999999999,54,6.1828148148148125,87130029b5443647ed1f1febd32ab768bf957a0a1698217eb3cf14b2d00c6ecf,234,75a118a6a77f8a9413ec7493e3d7c09f049ea04a0ea627f77b10931b9bdb8755,06ab579ed917a8cf3e8e477be0e408e58bea74f77d78ec0410cbaa109fdf6431
s07,s0702b,O0_4_LR_vad_only_gt50ms,91,8,0.08791208791208792,3,0,0,0.03296703296703297,0.0,0.0,108,11,0.10185185185185185,4,0,0,0.037037037037037035,0.0,0.0,356.5397469999999,294.7005730000001,0.8265574188563054,334.3199999999999,54,6.191111111111109,87130029b5443647ed1f1febd32ab768bf957a0a1698217eb3cf14b2d00c6ecf,234,940176ee889553bf829032f6cfaca87a73f11b63f9f9bd8e4f278fbd58453ce0,a670d822d558c7204f5c566a939967809e8efe55844680e37390a2448b10be92
s07,s0702b,O0_4_LR_all_inside,94,7,0.07446808510638298,3,0,0,0.031914893617021274,0.0,0.0,110,9,0.08181818181818182,4,0,0,0.03636363636363636,0.0,0.0,356.5397469999999,294.433722,0.8258089721480619,332.6879999999998,55,6.048872727272724,87130029b5443647ed1f1febd32ab768bf957a0a1698217eb3cf14b2d00c6ecf,234,ad1c0ca80455040b89f257407d28bcd80539b99728c57133d30e05484ebe94e1,2b99fccbba64603b470692a11f8b5858a5fdca588aafecec741b8dd3e8268b94
s07,s0702b,O0_4_LR_all_gt20ms,93,7,0.07526881720430108,3,0,0,0.03225806451612903,0.0,0.0,110,9,0.08181818181818182,4,0,0,0.03636363636363636,0.0,0.0,356.5397469999999,295.20024,0.8279588530700339,333.7199999999998,55,6.06763636363636,87130029b5443647ed1f1febd32ab768bf957a0a1698217eb3cf14b2d00c6ecf,234,7f4885cfd00a60133423c4feee9378b328a1db3372314863c7dc56b553797a90,c179e70d9a9d3c784f1450c76fb2de57664036339351c6d8cef4786aa0b0b830
s07,s0702b,O0_4_LR_all_gt50ms,92,7,0.07608695652173914,3,0,0,0.03260869565217391,0.0,0.0,110,10,0.09090909090909091,4,0,0,0.03636363636363636,0.0,0.0,356.5397469999999,296.5461660000001,0.831733820689563,335.6959999999998,55,6.103563636363632,87130029b5443647ed1f1febd32ab768bf957a0a1698217eb3cf14b2d00c6ecf,234,608f596f7e974edb50b2d306ecc06494b9262da3ecb1a69ac115b9e7b03e1c7e,9ff98fee33904927886c66ba97f6fa4fbccf65db98f0219aa3b08aa3e61d95f6
s07,s0703a,O0_4,70,8,0.11428571428571428,5,3,0,0.07142857142857142,0.04285714285714286,0.0,76,9,0.11842105263157894,5,3,0,0.06578947368421052,0.039473684210526314,0.0,280.4691349999997,220.5520099999998,0.7863682041162926,247.97600000000003,38,6.525684210526316,87130029b5443647ed1f1febd32ab768bf957a0a1698217eb3cf14b2d00c6ecf,188,5619ed3d348887021a0039a07eecae67cd8e3709e4d41393700e94a5ec992eaa,3ee9e0756280db27704bd581e3b3664958b7425cddea579fef10083ee3afb807
s07,s0703a,O0_4_LR_rms_waveform_inside,70,8,0.11428571428571428,5,3,0,0.07142857142857142,0.04285714285714286,0.0,76,9,0.11842105263157894,5,3,0,0.06578947368421052,0.039473684210526314,0.0,280.4691349999997,219.23710699999978,0.7816799770142265,246.39200000000002,38,6.484000000000001,87130029b5443647ed1f1febd32ab768bf957a0a1698217eb3cf14b2d00c6ecf,188,6cf7292e4236df1e724a8b2954b6c20a1abd5b246bde0e1e724b17682a39c9ec,1e8d318f6f438f56489dfb24f174c2176da1ecc11b93646f2ede9bace7fe6f50
s07,s0703a,O0_4_LR_rms_waveform_gt20ms,70,8,0.11428571428571428,5,3,0,0.07142857142857142,0.04285714285714286,0.0,76,9,0.11842105263157894,5,3,0,0.06578947368421052,0.039473684210526314,0.0,280.4691349999997,219.23710699999978,0.7816799770142265,246.39200000000002,38,6.484000000000001,87130029b5443647ed1f1febd32ab768bf957a0a1698217eb3cf14b2d00c6ecf,188,6cf7292e4236df1e724a8b2954b6c20a1abd5b246bde0e1e724b17682a39c9ec,1e8d318f6f438f56489dfb24f174c2176da1ecc11b93646f2ede9bace7fe6f50
s07,s0703a,O0_4_LR_rms_waveform_gt50ms,70,8,0.11428571428571428,5,3,0,0.07142857142857142,0.04285714285714286,0.0,76,9,0.11842105263157894,5,3,0,0.06578947368421052,0.039473684210526314,0.0,280.4691349999997,220.5520099999998,0.7863682041162926,247.97600000000003,38,6.525684210526316,87130029b5443647ed1f1febd32ab768bf957a0a1698217eb3cf14b2d00c6ecf,188,5619ed3d348887021a0039a07eecae67cd8e3709e4d41393700e94a5ec992eaa,3ee9e0756280db27704bd581e3b3664958b7425cddea579fef10083ee3afb807
s07,s0703a,O0_4_LR_vad_only_inside,70,8,0.11428571428571428,5,3,0,0.07142857142857142,0.04285714285714286,0.0,76,9,0.11842105263157894,5,3,0,0.06578947368421052,0.039473684210526314,0.0,280.4691349999997,220.5520099999998,0.7863682041162926,247.97600000000003,38,6.525684210526316,87130029b5443647ed1f1febd32ab768bf957a0a1698217eb3cf14b2d00c6ecf,188,5619ed3d348887021a0039a07eecae67cd8e3709e4d41393700e94a5ec992eaa,3ee9e0756280db27704bd581e3b3664958b7425cddea579fef10083ee3afb807
s07,s0703a,O0_4_LR_vad_only_gt20ms,70,8,0.11428571428571428,5,3,0,0.07142857142857142,0.04285714285714286,0.0,76,9,0.11842105263157894,5,3,0,0.06578947368421052,0.039473684210526314,0.0,280.4691349999997,220.5520099999998,0.7863682041162926,247.97600000000003,38,6.525684210526316,87130029b5443647ed1f1febd32ab768bf957a0a1698217eb3cf14b2d00c6ecf,188,5619ed3d348887021a0039a07eecae67cd8e3709e4d41393700e94a5ec992eaa,3ee9e0756280db27704bd581e3b3664958b7425cddea579fef10083ee3afb807
s07,s0703a,O0_4_LR_vad_only_gt50ms,70,8,0.11428571428571428,5,3,0,0.07142857142857142,0.04285714285714286,0.0,76,9,0.11842105263157894,5,3,0,0.06578947368421052,0.039473684210526314,0.0,280.4691349999997,220.5520099999998,0.7863682041162926,247.97600000000003,38,6.525684210526316,87130029b5443647ed1f1febd32ab768bf957a0a1698217eb3cf14b2d00c6ecf,188,5619ed3d348887021a0039a07eecae67cd8e3709e4d41393700e94a5ec992eaa,3ee9e0756280db27704bd581e3b3664958b7425cddea579fef10083ee3afb807
s07,s0703a,O0_4_LR_all_inside,70,8,0.11428571428571428,5,3,0,0.07142857142857142,0.04285714285714286,0.0,76,9,0.11842105263157894,5,3,0,0.06578947368421052,0.039473684210526314,0.0,280.4691349999997,217.39683199999976,0.7751185598372526,243.98400000000004,38,6.420631578947369,87130029b5443647ed1f1febd32ab768bf957a0a1698217eb3cf14b2d00c6ecf,188,79f71a393e9b944e08217318e9e85626de88ff17c7f734965891dc014c67a32c,a3b78db6dcf37c103005f297069b19481c6ce98e29c90059b0cde3317a28f402
s07,s0703a,O0_4_LR_all_gt20ms,70,8,0.11428571428571428,5,3,0,0.07142857142857142,0.04285714285714286,0.0,76,9,0.11842105263157894,5,3,0,0.06578947368421052,0.039473684210526314,0.0,280.4691349999997,219.23710699999978,0.7816799770142265,246.39200000000002,38,6.484000000000001,87130029b5443647ed1f1febd32ab768bf957a0a1698217eb3cf14b2d00c6ecf,188,6cf7292e4236df1e724a8b2954b6c20a1abd5b246bde0e1e724b17682a39c9ec,1e8d318f6f438f56489dfb24f174c2176da1ecc11b93646f2ede9bace7fe6f50
s07,s0703a,O0_4_LR_all_gt50ms,70,8,0.11428571428571428,5,3,0,0.07142857142857142,0.04285714285714286,0.0,76,9,0.11842105263157894,5,3,0,0.06578947368421052,0.039473684210526314,0.0,280.4691349999997,220.5520099999998,0.7863682041162926,247.97600000000003,38,6.525684210526316,87130029b5443647ed1f1febd32ab768bf957a0a1698217eb3cf14b2d00c6ecf,188,5619ed3d348887021a0039a07eecae67cd8e3709e4d41393700e94a5ec992eaa,3ee9e0756280db27704bd581e3b3664958b7425cddea579fef10083ee3afb807
s07,s0703b,O0_4,78,6,0.07692307692307693,3,0,0,0.038461538461538464,0.0,0.0,84,6,0.07142857142857142,3,0,0,0.03571428571428571,0.0,0.0,311.8577019999999,244.9132639999999,0.7853365891857947,270.1639999999999,42,6.432476190476187,87130029b5443647ed1f1febd32ab768bf957a0a1698217eb3cf14b2d00c6ecf,198,d727e1a39be29e1462d1bc67f32b1e25ada57f846d0b2641af73d8295cb93cf2,6bc3c4c04223c713c1973e0aa1c34a4cc296846aadfc241333813d5992036132
s07,s0703b,O0_4_LR_rms_waveform_inside,78,7,0.08974358974358974,4,0,0,0.05128205128205128,0.0,0.0,84,7,0.08333333333333333,4,0,0,0.047619047619047616,0.0,0.0,311.8577019999999,244.74600199999992,0.7848002484158624,269.97199999999987,42,6.427904761904759,87130029b5443647ed1f1febd32ab768bf957a0a1698217eb3cf14b2d00c6ecf,198,9f84710aec5996556f14c65aa5fb96eb71e8b180ec7ae08ad5810e47c80d5a33,e1ed355229aa8ddf37f76fecc93c9ad52f6da4c229c8b0352ccf0acbdc96446d
s07,s0703b,O0_4_LR_rms_waveform_gt20ms,78,6,0.07692307692307693,3,0,0,0.038461538461538464,0.0,0.0,84,6,0.07142857142857142,3,0,0,0.03571428571428571,0.0,0.0,311.8577019999999,244.9132639999999,0.7853365891857947,270.1639999999999,42,6.432476190476187,87130029b5443647ed1f1febd32ab768bf957a0a1698217eb3cf14b2d00c6ecf,198,d727e1a39be29e1462d1bc67f32b1e25ada57f846d0b2641af73d8295cb93cf2,6bc3c4c04223c713c1973e0aa1c34a4cc296846aadfc241333813d5992036132
s07,s0703b,O0_4_LR_rms_waveform_gt50ms,78,6,0.07692307692307693,3,0,0,0.038461538461538464,0.0,0.0,84,6,0.07142857142857142,3,0,0,0.03571428571428571,0.0,0.0,311.8577019999999,244.9132639999999,0.7853365891857947,270.1639999999999,42,6.432476190476187,87130029b5443647ed1f1febd32ab768bf957a0a1698217eb3cf14b2d00c6ecf,198,d727e1a39be29e1462d1bc67f32b1e25ada57f846d0b2641af73d8295cb93cf2,6bc3c4c04223c713c1973e0aa1c34a4cc296846aadfc241333813d5992036132
s07,s0703b,O0_4_LR_vad_only_inside,78,6,0.07692307692307693,3,0,0,0.038461538461538464,0.0,0.0,84,6,0.07142857142857142,3,0,0,0.03571428571428571,0.0,0.0,311.8577019999999,244.9132639999999,0.7853365891857947,270.1639999999999,42,6.432476190476187,87130029b5443647ed1f1febd32ab768bf957a0a1698217eb3cf14b2d00c6ecf,198,d727e1a39be29e1462d1bc67f32b1e25ada57f846d0b2641af73d8295cb93cf2,6bc3c4c04223c713c1973e0aa1c34a4cc296846aadfc241333813d5992036132
s07,s0703b,O0_4_LR_vad_only_gt20ms,78,6,0.07692307692307693,3,0,0,0.038461538461538464,0.0,0.0,84,6,0.07142857142857142,3,0,0,0.03571428571428571,0.0,0.0,311.8577019999999,244.9132639999999,0.7853365891857947,270.1639999999999,42,6.432476190476187,87130029b5443647ed1f1febd32ab768bf957a0a1698217eb3cf14b2d00c6ecf,198,d727e1a39be29e1462d1bc67f32b1e25ada57f846d0b2641af73d8295cb93cf2,6bc3c4c04223c713c1973e0aa1c34a4cc296846aadfc241333813d5992036132
s07,s0703b,O0_4_LR_vad_only_gt50ms,78,6,0.07692307692307693,3,0,0,0.038461538461538464,0.0,0.0,84,6,0.07142857142857142,3,0,0,0.03571428571428571,0.0,0.0,311.8577019999999,244.9132639999999,0.7853365891857947,270.1639999999999,42,6.432476190476187,87130029b5443647ed1f1febd32ab768bf957a0a1698217eb3cf14b2d00c6ecf,198,d727e1a39be29e1462d1bc67f32b1e25ada57f846d0b2641af73d8295cb93cf2,6bc3c4c04223c713c1973e0aa1c34a4cc296846aadfc241333813d5992036132
s07,s0703b,O0_4_LR_all_inside,78,7,0.08974358974358974,4,0,0,0.05128205128205128,0.0,0.0,84,7,0.08333333333333333,4,0,0,0.047619047619047616,0.0,0.0,311.8577019999999,244.74600199999992,0.7848002484158624,269.97199999999987,42,6.427904761904759,87130029b5443647ed1f1febd32ab768bf957a0a1698217eb3cf14b2d00c6ecf,198,9f84710aec5996556f14c65aa5fb96eb71e8b180ec7ae08ad5810e47c80d5a33,e1ed355229aa8ddf37f76fecc93c9ad52f6da4c229c8b0352ccf0acbdc96446d
s07,s0703b,O0_4_LR_all_gt20ms,78,6,0.07692307692307693,3,0,0,0.038461538461538464,0.0,0.0,84,6,0.07142857142857142,3,0,0,0.03571428571428571,0.0,0.0,311.8577019999999,244.9132639999999,0.7853365891857947,270.1639999999999,42,6.432476190476187,87130029b5443647ed1f1febd32ab768bf957a0a1698217eb3cf14b2d00c6ecf,198,d727e1a39be29e1462d1bc67f32b1e25ada57f846d0b2641af73d8295cb93cf2,6bc3c4c04223c713c1973e0aa1c34a4cc296846aadfc241333813d5992036132
s07,s0703b,O0_4_LR_all_gt50ms,78,6,0.07692307692307693,3,0,0,0.038461538461538464,0.0,0.0,84,6,0.07142857142857142,3,0,0,0.03571428571428571,0.0,0.0,311.8577019999999,244.9132639999999,0.7853365891857947,270.1639999999999,42,6.432476190476187,87130029b5443647ed1f1febd32ab768bf957a0a1698217eb3cf14b2d00c6ecf,198,d727e1a39be29e1462d1bc67f32b1e25ada57f846d0b2641af73d8295cb93cf2,6bc3c4c04223c713c1973e0aa1c34a4cc296846aadfc241333813d5992036132
s07,s0704a,O0_4,38,2,0.05263157894736842,2,1,0,0.05263157894736842,0.02631578947368421,0.0,50,3,0.06,3,1,0,0.06,0.02,0.0,173.56520900000004,144.73935100000006,0.8339191467801593,168.51600000000002,25,6.740640000000001,87130029b5443647ed1f1febd32ab768bf957a0a1698217eb3cf14b2d00c6ecf,80,f3186c9ff922120c83b701ebe40538a15c12fffec34f3b34283b7310d3c8c388,c328e96dc82cfccbbfc088b127d85857b27740b05f466443c3a41826fa7658fc
s07,s0704a,O0_4_LR_rms_waveform_inside,38,2,0.05263157894736842,2,1,0,0.05263157894736842,0.02631578947368421,0.0,50,3,0.06,3,1,0,0.06,0.02,0.0,173.56520900000004,144.73935100000006,0.8339191467801593,168.51600000000002,25,6.740640000000001,87130029b5443647ed1f1febd32ab768bf957a0a1698217eb3cf14b2d00c6ecf,80,f3186c9ff922120c83b701ebe40538a15c12fffec34f3b34283b7310d3c8c388,c328e96dc82cfccbbfc088b127d85857b27740b05f466443c3a41826fa7658fc
s07,s0704a,O0_4_LR_rms_waveform_gt20ms,38,2,0.05263157894736842,2,1,0,0.05263157894736842,0.02631578947368421,0.0,50,3,0.06,3,1,0,0.06,0.02,0.0,173.56520900000004,144.73935100000006,0.8339191467801593,168.51600000000002,25,6.740640000000001,87130029b5443647ed1f1febd32ab768bf957a0a1698217eb3cf14b2d00c6ecf,80,f3186c9ff922120c83b701ebe40538a15c12fffec34f3b34283b7310d3c8c388,c328e96dc82cfccbbfc088b127d85857b27740b05f466443c3a41826fa7658fc
s07,s0704a,O0_4_LR_rms_waveform_gt50ms,38,2,0.05263157894736842,2,1,0,0.05263157894736842,0.02631578947368421,0.0,50,3,0.06,3,1,0,0.06,0.02,0.0,173.56520900000004,144.73935100000006,0.8339191467801593,168.51600000000002,25,6.740640000000001,87130029b5443647ed1f1febd32ab768bf957a0a1698217eb3cf14b2d00c6ecf,80,f3186c9ff922120c83b701ebe40538a15c12fffec34f3b34283b7310d3c8c388,c328e96dc82cfccbbfc088b127d85857b27740b05f466443c3a41826fa7658fc
s07,s0704a,O0_4_LR_vad_only_inside,39,2,0.05128205128205128,2,1,0,0.05128205128205128,0.02564102564102564,0.0,50,3,0.06,3,1,0,0.06,0.02,0.0,173.56520900000004,143.52547100000007,0.826925348846842,166.92000000000002,25,6.676800000000001,87130029b5443647ed1f1febd32ab768bf957a0a1698217eb3cf14b2d00c6ecf,80,898c076b87e17213281b5d934614c6d532fa75ce033bad12ea9a70a4feef6452,1cba793faf9a03cee1b9ed23f9de316b35f88a8c689559ef8b6846270e3443ff
s07,s0704a,O0_4_LR_vad_only_gt20ms,38,2,0.05263157894736842,2,1,0,0.05263157894736842,0.02631578947368421,0.0,50,3,0.06,3,1,0,0.06,0.02,0.0,173.56520900000004,144.73935100000006,0.8339191467801593,168.51600000000002,25,6.740640000000001,87130029b5443647ed1f1febd32ab768bf957a0a1698217eb3cf14b2d00c6ecf,80,f3186c9ff922120c83b701ebe40538a15c12fffec34f3b34283b7310d3c8c388,c328e96dc82cfccbbfc088b127d85857b27740b05f466443c3a41826fa7658fc
s07,s0704a,O0_4_LR_vad_only_gt50ms,38,2,0.05263157894736842,2,1,0,0.05263157894736842,0.02631578947368421,0.0,50,3,0.06,3,1,0,0.06,0.02,0.0,173.56520900000004,144.73935100000006,0.8339191467801593,168.51600000000002,25,6.740640000000001,87130029b5443647ed1f1febd32ab768bf957a0a1698217eb3cf14b2d00c6ecf,80,f3186c9ff922120c83b701ebe40538a15c12fffec34f3b34283b7310d3c8c388,c328e96dc82cfccbbfc088b127d85857b27740b05f466443c3a41826fa7658fc
s07,s0704a,O0_4_LR_all_inside,38,2,0.05263157894736842,2,1,0,0.05263157894736842,0.02631578947368421,0.0,50,3,0.06,3,1,0,0.06,0.02,0.0,173.56520900000004,144.73935100000006,0.8339191467801593,168.51600000000002,25,6.740640000000001,87130029b5443647ed1f1febd32ab768bf957a0a1698217eb3cf14b2d00c6ecf,80,f3186c9ff922120c83b701ebe40538a15c12fffec34f3b34283b7310d3c8c388,c328e96dc82cfccbbfc088b127d85857b27740b05f466443c3a41826fa7658fc
s07,s0704a,O0_4_LR_all_gt20ms,38,2,0.05263157894736842,2,1,0,0.05263157894736842,0.02631578947368421,0.0,50,3,0.06,3,1,0,0.06,0.02,0.0,173.56520900000004,144.73935100000006,0.8339191467801593,168.51600000000002,25,6.740640000000001,87130029b5443647ed1f1febd32ab768bf957a0a1698217eb3cf14b2d00c6ecf,80,f3186c9ff922120c83b701ebe40538a15c12fffec34f3b34283b7310d3c8c388,c328e96dc82cfccbbfc088b127d85857b27740b05f466443c3a41826fa7658fc
s07,s0704a,O0_4_LR_all_gt50ms,38,2,0.05263157894736842,2,1,0,0.05263157894736842,0.02631578947368421,0.0,50,3,0.06,3,1,0,0.06,0.02,0.0,173.56520900000004,144.73935100000006,0.8339191467801593,168.51600000000002,25,6.740640000000001,87130029b5443647ed1f1febd32ab768bf957a0a1698217eb3cf14b2d00c6ecf,80,f3186c9ff922120c83b701ebe40538a15c12fffec34f3b34283b7310d3c8c388,c328e96dc82cfccbbfc088b127d85857b27740b05f466443c3a41826fa7658fc
s08,s0801a,O0_4,89,11,0.12359550561797752,2,1,0,0.02247191011235955,0.011235955056179775,0.0,90,11,0.12222222222222222,2,1,0,0.022222222222222223,0.011111111111111112,0.0,298.62118099999964,198.4384859999999,0.6645157765952313,226.94400000000027,45,5.043200000000006,87130029b5443647ed1f1febd32ab768bf957a0a1698217eb3cf14b2d00c6ecf,319,aa23cc441229ef64c0ef084237289b79eb3c0369cc72496c7e445ed3d0eea538,0ceac4f3b1fda55fd4664ed5c09e24527709f5c5cdfcbc3182a14bec8e022cfd
s08,s0801a,O0_4_LR_rms_waveform_inside,89,11,0.12359550561797752,2,1,0,0.02247191011235955,0.011235955056179775,0.0,90,11,0.12222222222222222,2,1,0,0.022222222222222223,0.011111111111111112,0.0,298.62118099999964,191.96923299999997,0.6428520319863051,218.5920000000002,45,4.857600000000005,87130029b5443647ed1f1febd32ab768bf957a0a1698217eb3cf14b2d00c6ecf,319,25b64313a6fa63931b45569ed87541c259a5b04b092940f8b556a16736974283,b01d1225b409051ce026143959c57d838788898aea525fbb6db01d2a2d0df9f9
s08,s0801a,O0_4_LR_rms_waveform_gt20ms,89,11,0.12359550561797752,2,1,0,0.02247191011235955,0.011235955056179775,0.0,90,11,0.12222222222222222,2,1,0,0.022222222222222223,0.011111111111111112,0.0,298.62118099999964,191.96923299999997,0.6428520319863051,218.5920000000002,45,4.857600000000005,87130029b5443647ed1f1febd32ab768bf957a0a1698217eb3cf14b2d00c6ecf,319,25b64313a6fa63931b45569ed87541c259a5b04b092940f8b556a16736974283,b01d1225b409051ce026143959c57d838788898aea525fbb6db01d2a2d0df9f9
s08,s0801a,O0_4_LR_rms_waveform_gt50ms,89,11,0.12359550561797752,2,1,0,0.02247191011235955,0.011235955056179775,0.0,90,11,0.12222222222222222,2,1,0,0.022222222222222223,0.011111111111111112,0.0,298.62118099999964,195.8298819999999,0.6557802810377344,223.6840000000003,45,4.970755555555562,87130029b5443647ed1f1febd32ab768bf957a0a1698217eb3cf14b2d00c6ecf,319,516bafbb0d15bd73ab86ab0a42fac349ce837833e7b653f1adccf3ef5d805e1d,6c8b43df8b5fe02fd727184f9715a65339fe7e6be1ad26e17e3a12c2930d8055
s08,s0801a,O0_4_LR_vad_only_inside,89,11,0.12359550561797752,2,1,0,0.02247191011235955,0.011235955056179775,0.0,90,11,0.12222222222222222,2,1,0,0.022222222222222223,0.011111111111111112,0.0,298.62118099999964,191.6329939999999,0.6417260602823754,218.18800000000033,45,4.84862222222223,87130029b5443647ed1f1febd32ab768bf957a0a1698217eb3cf14b2d00c6ecf,319,79fabd426daec32d17f9df3ffd456164992e7bd418154df0626b117222d511d2,c7d9bc4c231c52ec7776fcf75f8f41b99ed643f13bc63a6cb6fd06c97f7c8d44
s08,s0801a,O0_4_LR_vad_only_gt20ms,89,11,0.12359550561797752,2,1,0,0.02247191011235955,0.011235955056179775,0.0,90,11,0.12222222222222222,2,1,0,0.022222222222222223,0.011111111111111112,0.0,298.62118099999964,197.82909999999993,0.6624751108997863,225.92400000000018,45,5.020533333333337,87130029b5443647ed1f1febd32ab768bf957a0a1698217eb3cf14b2d00c6ecf,319,3fd0293cc513ae69e85ae069346b9ca497c69f652da771f2ea8b6c2033695dc1,be8bbbba92ebb65e60f9f03a318a8b601ca0f11adc84a626a6f95f7bf7041001
s08,s0801a,O0_4_LR_vad_only_gt50ms,89,11,0.12359550561797752,2,1,0,0.02247191011235955,0.011235955056179775,0.0,90,11,0.12222222222222222,2,1,0,0.022222222222222223,0.011111111111111112,0.0,298.62118099999964,198.4384859999999,0.6645157765952313,226.94400000000027,45,5.043200000000006,87130029b5443647ed1f1febd32ab768bf957a0a1698217eb3cf14b2d00c6ecf,319,aa23cc441229ef64c0ef084237289b79eb3c0369cc72496c7e445ed3d0eea538,0ceac4f3b1fda55fd4664ed5c09e24527709f5c5cdfcbc3182a14bec8e022cfd
s08,s0801a,O0_4_LR_all_inside,89,11,0.12359550561797752,2,1,0,0.02247191011235955,0.011235955056179775,0.0,90,11,0.12222222222222222,2,1,0,0.022222222222222223,0.011111111111111112,0.0,298.62118099999964,191.96923299999997,0.6428520319863051,218.5920000000002,45,4.857600000000005,87130029b5443647ed1f1febd32ab768bf957a0a1698217eb3cf14b2d00c6ecf,319,25b64313a6fa63931b45569ed87541c259a5b04b092940f8b556a16736974283,b01d1225b409051ce026143959c57d838788898aea525fbb6db01d2a2d0df9f9
s08,s0801a,O0_4_LR_all_gt20ms,89,11,0.12359550561797752,2,1,0,0.02247191011235955,0.011235955056179775,0.0,90,11,0.12222222222222222,2,1,0,0.022222222222222223,0.011111111111111112,0.0,298.62118099999964,191.96923299999997,0.6428520319863051,218.5920000000002,45,4.857600000000005,87130029b5443647ed1f1febd32ab768bf957a0a1698217eb3cf14b2d00c6ecf,319,25b64313a6fa63931b45569ed87541c259a5b04b092940f8b556a16736974283,b01d1225b409051ce026143959c57d838788898aea525fbb6db01d2a2d0df9f9
s08,s0801a,O0_4_LR_all_gt50ms,89,11,0.12359550561797752,2,1,0,0.02247191011235955,0.011235955056179775,0.0,90,11,0.12222222222222222,2,1,0,0.022222222222222223,0.011111111111111112,0.0,298.62118099999964,195.8298819999999,0.6557802810377344,223.6840000000003,45,4.970755555555562,87130029b5443647ed1f1febd32ab768bf957a0a1698217eb3cf14b2d00c6ecf,319,516bafbb0d15bd73ab86ab0a42fac349ce837833e7b653f1adccf3ef5d805e1d,6c8b43df8b5fe02fd727184f9715a65339fe7e6be1ad26e17e3a12c2930d8055
s08,s0801b,O0_4,84,5,0.05952380952380952,2,2,1,0.023809523809523808,0.023809523809523808,0.011904761904761904,86,5,0.05813953488372093,2,2,1,0.023255813953488372,0.023255813953488372,0.011627906976744186,267.185302,192.54884000000015,0.7206565576724732,224.32000000000025,43,5.216744186046517,87130029b5443647ed1f1febd32ab768bf957a0a1698217eb3cf14b2d00c6ecf,246,522acd4f89b1efe808660e83edb5ac6d6d65ce6497e21d36f481b45062f61292,09dbdf92c1a63404ae22ff4447988927ca7499275ca128e576d160b720ce2f08
s08,s0801b,O0_4_LR_rms_waveform_inside,85,5,0.058823529411764705,2,2,1,0.023529411764705882,0.023529411764705882,0.011764705882352941,86,5,0.05813953488372093,2,2,1,0.023255813953488372,0.023255813953488372,0.011627906976744186,267.185302,189.52322100000015,0.7093325103639128,219.25600000000026,43,5.098976744186053,87130029b5443647ed1f1febd32ab768bf957a0a1698217eb3cf14b2d00c6ecf,246,839f4b720b746761d8564c5656d0c8f36e36226a87e1129994baf22bfa848d1c,d8d4ba0765305f5b7f6e9900e03b654f7edc089c44866ca81274889c178e291b
s08,s0801b,O0_4_LR_rms_waveform_gt20ms,85,5,0.058823529411764705,2,2,1,0.023529411764705882,0.023529411764705882,0.011764705882352941,86,5,0.05813953488372093,2,2,1,0.023255813953488372,0.023255813953488372,0.011627906976744186,267.185302,190.27684900000014,0.7121531295909389,220.35200000000026,43,5.124465116279076,87130029b5443647ed1f1febd32ab768bf957a0a1698217eb3cf14b2d00c6ecf,246,869dc415a3e6ebeeaf7c7f1bd919a7eb0ed4a83ee9e6730d991724700ab8e848,289b3d5fbf06408863cd8c8b035b6f30a7946be4a7ac7a304dc67fd9fc28c8a8
s08,s0801b,O0_4_LR_rms_waveform_gt50ms,84,5,0.05952380952380952,2,2,1,0.023809523809523808,0.023809523809523808,0.011904761904761904,86,5,0.05813953488372093,2,2,1,0.023255813953488372,0.023255813953488372,0.011627906976744186,267.185302,191.39745500000015,0.7163472450292201,222.63200000000026,43,5.17748837209303,87130029b5443647ed1f1febd32ab768bf957a0a1698217eb3cf14b2d00c6ecf,246,393e96d58f57069b124de4fd424584cfd81cf75e914f79e86c0fe13cb5831263,13321b5efc6f6a103a5f1277786840b26611b5086c75f4a1e7abf579502a9c92
s08,s0801b,O0_4_LR_vad_only_inside,84,6,0.07142857142857142,3,2,1,0.03571428571428571,0.023809523809523808,0.011904761904761904,86,7,0.08139534883720931,4,2,1,0.046511627906976744,0.023255813953488372,0.011627906976744186,267.185302,192.54884000000015,0.7206565576724732,224.32000000000025,43,5.216744186046517,87130029b5443647ed1f1febd32ab768bf957a0a1698217eb3cf14b2d00c6ecf,246,7d1019abf6633c97e496c1fe6bef69f63015bdec9dff0e8488b1ade24c3c9ec6,02adbee5d19fd7ee65e05c0f9d15f39325e4018246b5bac625b11906eb89c692
s08,s0801b,O0_4_LR_vad_only_gt20ms,85,5,0.058823529411764705,2,2,1,0.023529411764705882,0.023529411764705882,0.011764705882352941,86,5,0.05813953488372093,2,2,1,0.023255813953488372,0.023255813953488372,0.011627906976744186,267.185302,192.54884000000015,0.7206565576724732,223.28000000000026,43,5.192558139534889,87130029b5443647ed1f1febd32ab768bf957a0a1698217eb3cf14b2d00c6ecf,246,0e9288cd2f8b8c3fe90940a5d0d19b411e12cc689b4823876acf3116ce490f8e,074d021a3bcc6454db9b88a867d8a119685c567450530c94affebe49ed8483ee
s08,s0801b,O0_4_LR_vad_only_gt50ms,84,5,0.05952380952380952,2,2,1,0.023809523809523808,0.023809523809523808,0.011904761904761904,86,5,0.05813953488372093,2,2,1,0.023255813953488372,0.023255813953488372,0.011627906976744186,267.185302,192.54884000000015,0.7206565576724732,224.32000000000025,43,5.216744186046517,87130029b5443647ed1f1febd32ab768bf957a0a1698217eb3cf14b2d00c6ecf,246,522acd4f89b1efe808660e83edb5ac6d6d65ce6497e21d36f481b45062f61292,09dbdf92c1a63404ae22ff4447988927ca7499275ca128e576d160b720ce2f08
s08,s0801b,O0_4_LR_all_inside,85,5,0.058823529411764705,2,2,1,0.023529411764705882,0.023529411764705882,0.011764705882352941,86,5,0.05813953488372093,2,2,1,0.023255813953488372,0.023255813953488372,0.011627906976744186,267.185302,190.64382700000016,0.713526625802194,220.67200000000025,43,5.131906976744192,87130029b5443647ed1f1febd32ab768bf957a0a1698217eb3cf14b2d00c6ecf,246,d50d123cfe4fe55857d2bcb82d58b37eb6c59a9c580983090051fc41a231fa84,468f6d95bb0222d4e655603fa10a8c88e67e7edd2bdd4e715f06298cc152d716
s08,s0801b,O0_4_LR_all_gt20ms,85,5,0.058823529411764705,2,2,1,0.023529411764705882,0.023529411764705882,0.011764705882352941,86,5,0.05813953488372093,2,2,1,0.023255813953488372,0.023255813953488372,0.011627906976744186,267.185302,189.52322100000015,0.7093325103639128,219.25600000000026,43,5.098976744186053,87130029b5443647ed1f1febd32ab768bf957a0a1698217eb3cf14b2d00c6ecf,246,839f4b720b746761d8564c5656d0c8f36e36226a87e1129994baf22bfa848d1c,d8d4ba0765305f5b7f6e9900e03b654f7edc089c44866ca81274889c178e291b
s08,s0801b,O0_4_LR_all_gt50ms,84,5,0.05952380952380952,2,2,1,0.023809523809523808,0.023809523809523808,0.011904761904761904,86,5,0.05813953488372093,2,2,1,0.023255813953488372,0.023255813953488372,0.011627906976744186,267.185302,191.39745500000015,0.7163472450292201,222.94400000000024,43,5.184744186046517,87130029b5443647ed1f1febd32ab768bf957a0a1698217eb3cf14b2d00c6ecf,246,79f7d4aa2f5f73776a2118e9d1ff8153719ec3a1dbb824365a0c6a64f3afbb5b,d6d30f7629bb92b61490774ee352a3a1a81eae99471aafac956595e94f8e0b87
s08,s0802b,O0_4,110,6,0.05454545454545454,3,1,0,0.02727272727272727,0.00909090909090909,0.0,112,6,0.05357142857142857,3,1,0,0.026785714285714284,0.008928571428571428,0.0,366.7549859999997,249.77266099999957,0.6810341250548119,291.18800000000016,56,5.199785714285717,87130029b5443647ed1f1febd32ab768bf957a0a1698217eb3cf14b2d00c6ecf,346,2d8f502be96a2d979064a2a269533c48d6d25f87841a6a80ceb3d4cb33f5c2de,2746852a4fa4b3359e94026d4dff65efbaaa5961372a02720c7c7d21df3fe454
s08,s0802b,O0_4_LR_rms_waveform_inside,110,6,0.05454545454545454,3,1,0,0.02727272727272727,0.00909090909090909,0.0,112,6,0.05357142857142857,3,1,0,0.026785714285714284,0.008928571428571428,0.0,366.7549859999997,247.1724889999996,0.6739444545683689,286.53200000000015,56,5.1166428571428595,87130029b5443647ed1f1febd32ab768bf957a0a1698217eb3cf14b2d00c6ecf,346,d190aa0d385c2e30fe5934e88298edc4636caee329cc1553919b2e4f9326b3fd,8fe08bad6719de8f16f7013d5e26317936b10fce75b17d69aa5bce17db322e82
s08,s0802b,O0_4_LR_rms_waveform_gt20ms,110,6,0.05454545454545454,3,1,0,0.02727272727272727,0.00909090909090909,0.0,112,6,0.05357142857142857,3,1,0,0.026785714285714284,0.008928571428571428,0.0,366.7549859999997,247.1724889999996,0.6739444545683689,286.53200000000015,56,5.1166428571428595,87130029b5443647ed1f1febd32ab768bf957a0a1698217eb3cf14b2d00c6ecf,346,d190aa0d385c2e30fe5934e88298edc4636caee329cc1553919b2e4f9326b3fd,8fe08bad6719de8f16f7013d5e26317936b10fce75b17d69aa5bce17db322e82
s08,s0802b,O0_4_LR_rms_waveform_gt50ms,110,6,0.05454545454545454,3,1,0,0.02727272727272727,0.00909090909090909,0.0,112,6,0.05357142857142857,3,1,0,0.026785714285714284,0.008928571428571428,0.0,366.7549859999997,249.28071999999958,0.679692790870469,289.9080000000002,56,5.176928571428575,87130029b5443647ed1f1febd32ab768bf957a0a1698217eb3cf14b2d00c6ecf,346,4b3e958ffb1ee35ca59d91f2c83138a60ec3da9ae251c2fe7351d243d8f3dbde,84eb6a60102a9603cffbc337eb1760a1615013f8c3d2ddacdc62007abf6a853d
s08,s0802b,O0_4_LR_vad_only_inside,110,6,0.05454545454545454,3,1,0,0.02727272727272727,0.00909090909090909,0.0,112,6,0.05357142857142857,3,1,0,0.026785714285714284,0.008928571428571428,0.0,366.7549859999997,246.33292899999958,0.671655296868956,285.72000000000014,56,5.1021428571428595,87130029b5443647ed1f1febd32ab768bf957a0a1698217eb3cf14b2d00c6ecf,346,19870cb472895af9fbadcd3cfbcaf9832db492412fee50cba2e2f889dab9c636,4f1302982f8043962a045a85b9cd9ed7014bcd1332f45ebb6f44164ca399fa84
s08,s0802b,O0_4_LR_vad_only_gt20ms,110,6,0.05454545454545454,3,1,0,0.02727272727272727,0.00909090909090909,0.0,112,6,0.05357142857142857,3,1,0,0.026785714285714284,0.008928571428571428,0.0,366.7549859999997,248.8583829999996,0.6785412400637406,289.14000000000016,56,5.163214285714289,87130029b5443647ed1f1febd32ab768bf957a0a1698217eb3cf14b2d00c6ecf,346,2b6b89444294e345cd2922caac86589af69db0a3dbe014b8e3e9ae99599ee884,585cdfd8380539cb8036b8c0d6ae1c3cf581d6c29a2a591bd8206d5394390541
s08,s0802b,O0_4_LR_vad_only_gt50ms,110,6,0.05454545454545454,3,1,0,0.02727272727272727,0.00909090909090909,0.0,112,6,0.05357142857142857,3,1,0,0.026785714285714284,0.008928571428571428,0.0,366.7549859999997,249.77266099999957,0.6810341250548119,291.18800000000016,56,5.199785714285717,87130029b5443647ed1f1febd32ab768bf957a0a1698217eb3cf14b2d00c6ecf,346,2d8f502be96a2d979064a2a269533c48d6d25f87841a6a80ceb3d4cb33f5c2de,2746852a4fa4b3359e94026d4dff65efbaaa5961372a02720c7c7d21df3fe454
s08,s0802b,O0_4_LR_all_inside,110,5,0.045454545454545456,2,1,0,0.01818181818181818,0.00909090909090909,0.0,112,5,0.044642857142857144,2,1,0,0.017857142857142856,0.008928571428571428,0.0,366.7549859999997,246.21089799999962,0.6713225651961547,285.08800000000014,56,5.090857142857145,87130029b5443647ed1f1febd32ab768bf957a0a1698217eb3cf14b2d00c6ecf,346,0f934088fc6528b885faef66540ffce84c365e9bad098833b56bee8811bf3042,dce81201e0bada25770dcdf020c3e2a86b6e72ce2948a0b047182381a2b9b98a
s08,s0802b,O0_4_LR_all_gt20ms,110,6,0.05454545454545454,3,1,0,0.02727272727272727,0.00909090909090909,0.0,112,6,0.05357142857142857,3,1,0,0.026785714285714284,0.008928571428571428,0.0,366.7549859999997,247.1724889999996,0.6739444545683689,286.53200000000015,56,5.1166428571428595,87130029b5443647ed1f1febd32ab768bf957a0a1698217eb3cf14b2d00c6ecf,346,d190aa0d385c2e30fe5934e88298edc4636caee329cc1553919b2e4f9326b3fd,8fe08bad6719de8f16f7013d5e26317936b10fce75b17d69aa5bce17db322e82
s08,s0802b,O0_4_LR_all_gt50ms,110,6,0.05454545454545454,3,1,0,0.02727272727272727,0.00909090909090909,0.0,112,6,0.05357142857142857,3,1,0,0.026785714285714284,0.008928571428571428,0.0,366.7549859999997,249.28071999999958,0.679692790870469,289.9080000000002,56,5.176928571428575,87130029b5443647ed1f1febd32ab768bf957a0a1698217eb3cf14b2d00c6ecf,346,4b3e958ffb1ee35ca59d91f2c83138a60ec3da9ae251c2fe7351d243d8f3dbde,84eb6a60102a9603cffbc337eb1760a1615013f8c3d2ddacdc62007abf6a853d
s08,s0803a,O0_4,104,7,0.0673076923076923,2,1,1,0.019230769230769232,0.009615384615384616,0.009615384615384616,104,7,0.0673076923076923,2,1,1,0.019230769230769232,0.009615384615384616,0.009615384615384616,327.51184900000027,224.6334080000001,0.6858787206810337,251.7880000000003,52,4.842076923076929,87130029b5443647ed1f1febd32ab768bf957a0a1698217eb3cf14b2d00c6ecf,312,68868fa52e1d1a86631f191ec5b4c50f53b155ecf5d05dd161766e921c3617fb,630a7adacc61b6e7de9cd30d0bd40e4e9076c716680aa899170e22e2d2af3836
s08,s0803a,O0_4_LR_rms_waveform_inside,104,7,0.0673076923076923,2,1,1,0.019230769230769232,0.009615384615384616,0.009615384615384616,104,7,0.0673076923076923,2,1,1,0.019230769230769232,0.009615384615384616,0.009615384615384616,327.51184900000027,220.04107500000012,0.6718568371552259,245.90000000000026,52,4.728846153846159,87130029b5443647ed1f1febd32ab768bf957a0a1698217eb3cf14b2d00c6ecf,312,19e56b8fbc908b268c359847a6cc60617083ab6ce5a653e2fd301e7a79a2b4a7,083c2a01ced98ca5ea67d4e69f39e68609dfe9aad8fae2c8ed41a0f3bcb5f7d2
s08,s0803a,O0_4_LR_rms_waveform_gt20ms,104,7,0.0673076923076923,2,1,1,0.019230769230769232,0.009615384615384616,0.009615384615384616,104,7,0.0673076923076923,2,1,1,0.019230769230769232,0.009615384615384616,0.009615384615384616,327.51184900000027,220.04107500000012,0.6718568371552259,245.90000000000026,52,4.728846153846159,87130029b5443647ed1f1febd32ab768bf957a0a1698217eb3cf14b2d00c6ecf,312,19e56b8fbc908b268c359847a6cc60617083ab6ce5a653e2fd301e7a79a2b4a7,083c2a01ced98ca5ea67d4e69f39e68609dfe9aad8fae2c8ed41a0f3bcb5f7d2
s08,s0803a,O0_4_LR_rms_waveform_gt50ms,104,7,0.0673076923076923,2,1,1,0.019230769230769232,0.009615384615384616,0.009615384615384616,104,7,0.0673076923076923,2,1,1,0.019230769230769232,0.009615384615384616,0.009615384615384616,327.51184900000027,221.98216200000013,0.6777836059299337,248.53600000000023,52,4.779538461538466,87130029b5443647ed1f1febd32ab768bf957a0a1698217eb3cf14b2d00c6ecf,312,5d4cc1a267d3f30c3836621a714155c5fde162cee722f1e14717c0b78f763c09,4d56ad5936053fbb12e4f91878dd4cc7fadbc73be2c405f07ba7e626c9eb9b3b
s08,s0803a,O0_4_LR_vad_only_inside,104,8,0.07692307692307693,3,1,1,0.028846153846153848,0.009615384615384616,0.009615384615384616,104,8,0.07692307692307693,3,1,1,0.028846153846153848,0.009615384615384616,0.009615384615384616,327.51184900000027,222.8627700000001,0.6804723880386994,248.75600000000028,52,4.783769230769236,87130029b5443647ed1f1febd32ab768bf957a0a1698217eb3cf14b2d00c6ecf,312,9071d7fe416e33bb0497857cb937467a641f9485ce381ff84662b48defad9bfc,c553e65cbc792fb9eb11484ea48e947c8fe616896916a0604ba584390e171b51
s08,s0803a,O0_4_LR_vad_only_gt20ms,104,8,0.07692307692307693,3,1,1,0.028846153846153848,0.009615384615384616,0.009615384615384616,104,8,0.07692307692307693,3,1,1,0.028846153846153848,0.009615384615384616,0.009615384615384616,327.51184900000027,222.8627700000001,0.6804723880386994,248.75600000000028,52,4.783769230769236,87130029b5443647ed1f1febd32ab768bf957a0a1698217eb3cf14b2d00c6ecf,312,9071d7fe416e33bb0497857cb937467a641f9485ce381ff84662b48defad9bfc,c553e65cbc792fb9eb11484ea48e947c8fe616896916a0604ba584390e171b51
s08,s0803a,O0_4_LR_vad_only_gt50ms,104,7,0.0673076923076923,2,1,1,0.019230769230769232,0.009615384615384616,0.009615384615384616,104,7,0.0673076923076923,2,1,1,0.019230769230769232,0.009615384615384616,0.009615384615384616,327.51184900000027,224.6334080000001,0.6858787206810337,251.7880000000003,52,4.842076923076929,87130029b5443647ed1f1febd32ab768bf957a0a1698217eb3cf14b2d00c6ecf,312,68868fa52e1d1a86631f191ec5b4c50f53b155ecf5d05dd161766e921c3617fb,630a7adacc61b6e7de9cd30d0bd40e4e9076c716680aa899170e22e2d2af3836
s08,s0803a,O0_4_LR_all_inside,104,7,0.0673076923076923,2,1,1,0.019230769230769232,0.009615384615384616,0.009615384615384616,104,7,0.0673076923076923,2,1,1,0.019230769230769232,0.009615384615384616,0.009615384615384616,327.51184900000027,219.5495030000001,0.6703559082529558,245.29600000000028,52,4.717230769230775,87130029b5443647ed1f1febd32ab768bf957a0a1698217eb3cf14b2d00c6ecf,312,34315c0306dd871690af4429bc7f4b283c066ea9bc23b1643549d44e5255f84d,a00c5dd80cd6826e210936a12e8b6a7f197e4b4f99f0b71834446db9bc3dfbe5
s08,s0803a,O0_4_LR_all_gt20ms,104,7,0.0673076923076923,2,1,1,0.019230769230769232,0.009615384615384616,0.009615384615384616,104,7,0.0673076923076923,2,1,1,0.019230769230769232,0.009615384615384616,0.009615384615384616,327.51184900000027,220.04107500000012,0.6718568371552259,245.90000000000026,52,4.728846153846159,87130029b5443647ed1f1febd32ab768bf957a0a1698217eb3cf14b2d00c6ecf,312,19e56b8fbc908b268c359847a6cc60617083ab6ce5a653e2fd301e7a79a2b4a7,083c2a01ced98ca5ea67d4e69f39e68609dfe9aad8fae2c8ed41a0f3bcb5f7d2
s08,s0803a,O0_4_LR_all_gt50ms,104,7,0.0673076923076923,2,1,1,0.019230769230769232,0.009615384615384616,0.009615384615384616,104,7,0.0673076923076923,2,1,1,0.019230769230769232,0.009615384615384616,0.009615384615384616,327.51184900000027,221.98216200000013,0.6777836059299337,248.53600000000023,52,4.779538461538466,87130029b5443647ed1f1febd32ab768bf957a0a1698217eb3cf14b2d00c6ecf,312,5d4cc1a267d3f30c3836621a714155c5fde162cee722f1e14717c0b78f763c09,4d56ad5936053fbb12e4f91878dd4cc7fadbc73be2c405f07ba7e626c9eb9b3b
s08,s0803b,O0_4,85,4,0.047058823529411764,3,0,0,0.03529411764705882,0.0,0.0,86,4,0.046511627906976744,3,0,0,0.03488372093023256,0.0,0.0,292.44129599999997,185.86415000000022,0.6355605468250977,213.44800000000004,43,4.963906976744187,87130029b5443647ed1f1febd32ab768bf957a0a1698217eb3cf14b2d00c6ecf,296,1ed320f650c25e826eb3be6f3884aa8ff745f238dcfc3b3f2b93927a4dd18dac,b3a198e2c1ea47baa0e48fda799968870c9a7925af911b872ce6124f07b91fa3
s08,s0803b,O0_4_LR_rms_waveform_inside,85,4,0.047058823529411764,3,0,0,0.03529411764705882,0.0,0.0,86,4,0.046511627906976744,3,0,0,0.03488372093023256,0.0,0.0,292.44129599999997,182.31008800000015,0.6234074684171833,208.86800000000002,43,4.85739534883721,87130029b5443647ed1f1febd32ab768bf957a0a1698217eb3cf14b2d00c6ecf,296,e8f1a85145a3881016f8dcae42cd88ec67f2adae06d0901a4bd8457794f66a71,c6a2d742ec8ea4f07bed2174bd540305ad781fc5170e2b6054cd54295372fd11
s08,s0803b,O0_4_LR_rms_waveform_gt20ms,85,4,0.047058823529411764,3,0,0,0.03529411764705882,0.0,0.0,86,4,0.046511627906976744,3,0,0,0.03488372093023256,0.0,0.0,292.44129599999997,183.34596400000012,0.6269496357313371,209.85599999999997,43,4.880372093023255,87130029b5443647ed1f1febd32ab768bf957a0a1698217eb3cf14b2d00c6ecf,296,e5c847f4c31b9705549d1b63a3303b638b098bbb6fb3e304b9fdb30b0c6bc919,6dde5ef0e7a8e4c041fddf5b8400045c54256f6d2cb87bead22f3a27d1d92b5d
s08,s0803b,O0_4_LR_rms_waveform_gt50ms,85,4,0.047058823529411764,3,0,0,0.03529411764705882,0.0,0.0,86,4,0.046511627906976744,3,0,0,0.03488372093023256,0.0,0.0,292.44129599999997,185.3473420000002,0.6337933271913835,212.796,43,4.948744186046511,87130029b5443647ed1f1febd32ab768bf957a0a1698217eb3cf14b2d00c6ecf,296,b8e07be1726ca48cebd146fe02e25c11a4feeed73d5a384f0c9aa7de40d7c20d,2256f90963a1d582f367e29eaac411c63273f6fe6eb60909b07a8543d29381b7
s08,s0803b,O0_4_LR_vad_only_inside,85,5,0.058823529411764705,4,0,0,0.047058823529411764,0.0,0.0,86,5,0.05813953488372093,4,0,0,0.046511627906976744,0.0,0.0,292.44129599999997,183.57060200000018,0.6277177830589296,209.92000000000002,43,4.881860465116279,87130029b5443647ed1f1febd32ab768bf957a0a1698217eb3cf14b2d00c6ecf,296,15808da602a35c66b301b051ff813bd9fffc03bcfd1b0d6f1161f1020a8fefc9,fe929e8c47f7521a5f198317c30e9d2cb0f49e46c6bf00a035f742d05dcf6eca
s08,s0803b,O0_4_LR_vad_only_gt20ms,85,5,0.058823529411764705,4,0,0,0.047058823529411764,0.0,0.0,86,5,0.05813953488372093,4,0,0,0.046511627906976744,0.0,0.0,292.44129599999997,184.52427400000022,0.6309788546416517,211.132,43,4.9100465116279075,87130029b5443647ed1f1febd32ab768bf957a0a1698217eb3cf14b2d00c6ecf,296,75ab081ae8d4c41b22b00567fdd863a211ac36a5206de535b94a861c7a8e9304,1cfb0d2afff1e20969c9eba7514529197a77cc349ec8056dbb5b6dac1ab66002
s08,s0803b,O0_4_LR_vad_only_gt50ms,85,4,0.047058823529411764,3,0,0,0.03529411764705882,0.0,0.0,86,4,0.046511627906976744,3,0,0,0.03488372093023256,0.0,0.0,292.44129599999997,185.86415000000022,0.6355605468250977,213.44800000000004,43,4.963906976744187,87130029b5443647ed1f1febd32ab768bf957a0a1698217eb3cf14b2d00c6ecf,296,1ed320f650c25e826eb3be6f3884aa8ff745f238dcfc3b3f2b93927a4dd18dac,b3a198e2c1ea47baa0e48fda799968870c9a7925af911b872ce6124f07b91fa3
s08,s0803b,O0_4_LR_all_inside,85,5,0.058823529411764705,4,0,0,0.047058823529411764,0.0,0.0,86,5,0.05813953488372093,4,0,0,0.046511627906976744,0.0,0.0,292.44129599999997,181.75398200000015,0.621505869677175,208.08400000000003,43,4.839162790697675,87130029b5443647ed1f1febd32ab768bf957a0a1698217eb3cf14b2d00c6ecf,296,d30b5d50d436383cda3a46540fd1c6ef6ea0754a6dc77893b6cddae1a41e7a00,e2124d7a575739806f3bc959d7260986f7e57f5fa0e26c896ed585428bdb3df0
s08,s0803b,O0_4_LR_all_gt20ms,85,5,0.058823529411764705,4,0,0,0.047058823529411764,0.0,0.0,86,5,0.05813953488372093,4,0,0,0.046511627906976744,0.0,0.0,292.44129599999997,182.78985800000012,0.6250480369913288,209.07199999999997,43,4.86213953488372,87130029b5443647ed1f1febd32ab768bf957a0a1698217eb3cf14b2d00c6ecf,296,7b9e30b2b97133e6c7d148e296ee9fa23ba5b87464d4084e70a156d4f30da557,060a3614f78371b46b6a6c227d169aa3c38fe3acb64d6fc015f9b4f075774945
s08,s0803b,O0_4_LR_all_gt50ms,85,4,0.047058823529411764,3,0,0,0.03529411764705882,0.0,0.0,86,4,0.046511627906976744,3,0,0,0.03488372093023256,0.0,0.0,292.44129599999997,185.3473420000002,0.6337933271913835,212.796,43,4.948744186046511,87130029b5443647ed1f1febd32ab768bf957a0a1698217eb3cf14b2d00c6ecf,296,b8e07be1726ca48cebd146fe02e25c11a4feeed73d5a384f0c9aa7de40d7c20d,2256f90963a1d582f367e29eaac411c63273f6fe6eb60909b07a8543d29381b7
s08,s0804a,O0_4,18,1,0.05555555555555555,1,0,0,0.05555555555555555,0.0,0.0,18,1,0.05555555555555555,1,0,0,0.05555555555555555,0.0,0.0,90.74609900000007,48.85475499999997,0.5383675501026213,54.97999999999999,9,6.108888888888888,87130029b5443647ed1f1febd32ab768bf957a0a1698217eb3cf14b2d00c6ecf,81,8b59b89187777e673694a40e2e8a66b3cb03f9f518c9dbda9d17e6e5464e3c79,d74453476b567a8efbb8d3fb792fe86711c0b437f8d1315a00174a4f5ada5ff9
s08,s0804a,O0_4_LR_rms_waveform_inside,18,1,0.05555555555555555,1,0,0,0.05555555555555555,0.0,0.0,18,1,0.05555555555555555,1,0,0,0.05555555555555555,0.0,0.0,90.74609900000007,48.333450999999954,0.5326229064678573,54.244,9,6.027111111111111,87130029b5443647ed1f1febd32ab768bf957a0a1698217eb3cf14b2d00c6ecf,81,86e36b35531f8ba59d3313ff88b8d9d6c5a91c6ca5ce0c7b39dd603dfab496e7,a3090c98c83e4e96b00282a2d8b0b12c74e58defe236fa58dc6ac8e576ae2448
s08,s0804a,O0_4_LR_rms_waveform_gt20ms,18,1,0.05555555555555555,1,0,0,0.05555555555555555,0.0,0.0,18,1,0.05555555555555555,1,0,0,0.05555555555555555,0.0,0.0,90.74609900000007,48.333450999999954,0.5326229064678573,54.244,9,6.027111111111111,87130029b5443647ed1f1febd32ab768bf957a0a1698217eb3cf14b2d00c6ecf,81,86e36b35531f8ba59d3313ff88b8d9d6c5a91c6ca5ce0c7b39dd603dfab496e7,a3090c98c83e4e96b00282a2d8b0b12c74e58defe236fa58dc6ac8e576ae2448
s08,s0804a,O0_4_LR_rms_waveform_gt50ms,18,1,0.05555555555555555,1,0,0,0.05555555555555555,0.0,0.0,18,1,0.05555555555555555,1,0,0,0.05555555555555555,0.0,0.0,90.74609900000007,48.333450999999954,0.5326229064678573,54.244,9,6.027111111111111,87130029b5443647ed1f1febd32ab768bf957a0a1698217eb3cf14b2d00c6ecf,81,86e36b35531f8ba59d3313ff88b8d9d6c5a91c6ca5ce0c7b39dd603dfab496e7,a3090c98c83e4e96b00282a2d8b0b12c74e58defe236fa58dc6ac8e576ae2448
s08,s0804a,O0_4_LR_vad_only_inside,18,1,0.05555555555555555,1,0,0,0.05555555555555555,0.0,0.0,18,1,0.05555555555555555,1,0,0,0.05555555555555555,0.0,0.0,90.74609900000007,48.85475499999997,0.5383675501026213,54.97999999999999,9,6.108888888888888,87130029b5443647ed1f1febd32ab768bf957a0a1698217eb3cf14b2d00c6ecf,81,8b59b89187777e673694a40e2e8a66b3cb03f9f518c9dbda9d17e6e5464e3c79,d74453476b567a8efbb8d3fb792fe86711c0b437f8d1315a00174a4f5ada5ff9
s08,s0804a,O0_4_LR_vad_only_gt20ms,18,1,0.05555555555555555,1,0,0,0.05555555555555555,0.0,0.0,18,1,0.05555555555555555,1,0,0,0.05555555555555555,0.0,0.0,90.74609900000007,48.85475499999997,0.5383675501026213,54.97999999999999,9,6.108888888888888,87130029b5443647ed1f1febd32ab768bf957a0a1698217eb3cf14b2d00c6ecf,81,8b59b89187777e673694a40e2e8a66b3cb03f9f518c9dbda9d17e6e5464e3c79,d74453476b567a8efbb8d3fb792fe86711c0b437f8d1315a00174a4f5ada5ff9
s08,s0804a,O0_4_LR_vad_only_gt50ms,18,1,0.05555555555555555,1,0,0,0.05555555555555555,0.0,0.0,18,1,0.05555555555555555,1,0,0,0.05555555555555555,0.0,0.0,90.74609900000007,48.85475499999997,0.5383675501026213,54.97999999999999,9,6.108888888888888,87130029b5443647ed1f1febd32ab768bf957a0a1698217eb3cf14b2d00c6ecf,81,8b59b89187777e673694a40e2e8a66b3cb03f9f518c9dbda9d17e6e5464e3c79,d74453476b567a8efbb8d3fb792fe86711c0b437f8d1315a00174a4f5ada5ff9
s08,s0804a,O0_4_LR_all_inside,18,1,0.05555555555555555,1,0,0,0.05555555555555555,0.0,0.0,18,1,0.05555555555555555,1,0,0,0.05555555555555555,0.0,0.0,90.74609900000007,47.79231599999996,0.5266597300232148,53.5,9,5.944444444444445,87130029b5443647ed1f1febd32ab768bf957a0a1698217eb3cf14b2d00c6ecf,81,2eec9ce1ff8f3ae4d05bc4d7d56f508d04dc7ecc8bfd2b747916075404ba566a,367faa925f5f8681828db3bec20cd7575009bae70fdb58736c8a632f528b752d
s08,s0804a,O0_4_LR_all_gt20ms,18,1,0.05555555555555555,1,0,0,0.05555555555555555,0.0,0.0,18,1,0.05555555555555555,1,0,0,0.05555555555555555,0.0,0.0,90.74609900000007,48.333450999999954,0.5326229064678573,54.244,9,6.027111111111111,87130029b5443647ed1f1febd32ab768bf957a0a1698217eb3cf14b2d00c6ecf,81,86e36b35531f8ba59d3313ff88b8d9d6c5a91c6ca5ce0c7b39dd603dfab496e7,a3090c98c83e4e96b00282a2d8b0b12c74e58defe236fa58dc6ac8e576ae2448
s08,s0804a,O0_4_LR_all_gt50ms,18,1,0.05555555555555555,1,0,0,0.05555555555555555,0.0,0.0,18,1,0.05555555555555555,1,0,0,0.05555555555555555,0.0,0.0,90.74609900000007,48.333450999999954,0.5326229064678573,54.244,9,6.027111111111111,87130029b5443647ed1f1febd32ab768bf957a0a1698217eb3cf14b2d00c6ecf,81,86e36b35531f8ba59d3313ff88b8d9d6c5a91c6ca5ce0c7b39dd603dfab496e7,a3090c98c83e4e96b00282a2d8b0b12c74e58defe236fa58dc6ac8e576ae2448
s09,s0901a,O0_4,92,10,0.10869565217391304,6,3,1,0.06521739130434782,0.03260869565217391,0.010869565217391304,96,11,0.11458333333333333,7,4,2,0.07291666666666667,0.041666666666666664,0.020833333333333332,319.76242100000013,217.27399700000015,0.6794857141765263,250.272,48,5.2139999999999995,87130029b5443647ed1f1febd32ab768bf957a0a1698217eb3cf14b2d00c6ecf,305,1f07f10c83dbc027a5e0be320bc9c5986b6e8d287460db5d83712d23134918e4,a60cca58cc96a9d3b55d885e8acf9df1bd3a0c347cf74b4aa45aac703ed492eb
s09,s0901a,O0_4_LR_rms_waveform_inside,92,9,0.09782608695652174,7,4,1,0.07608695652173914,0.043478260869565216,0.010869565217391304,96,10,0.10416666666666667,8,5,2,0.08333333333333333,0.052083333333333336,0.020833333333333332,319.76242100000013,212.1850000000002,0.6635707827593665,243.80000000000018,48,5.07916666666667,87130029b5443647ed1f1febd32ab768bf957a0a1698217eb3cf14b2d00c6ecf,305,bf2210a48c58791316d7093172523ec434c8fdaf1badbe51a55d6bab17a76762,e4627da5f9e56d4337455f31ce2dd961c053a6234f578bbb2581ae7b035211c8
s09,s0901a,O0_4_LR_rms_waveform_gt20ms,92,9,0.09782608695652174,7,4,1,0.07608695652173914,0.043478260869565216,0.010869565217391304,96,10,0.10416666666666667,8,5,2,0.08333333333333333,0.052083333333333336,0.020833333333333332,319.76242100000013,213.01653500000018,0.6661712603182977,244.89600000000019,48,5.102000000000004,87130029b5443647ed1f1febd32ab768bf957a0a1698217eb3cf14b2d00c6ecf,305,101bdfbbe0ce503fa85d3809fdb22e71ebf35ec35b7e8babd01e37551bb3990b,ec377761e21a9de19a53e571e1abaa3e728ab3a8f85ebc98ad0cf650fa14dd0c
s09,s0901a,O0_4_LR_rms_waveform_gt50ms,92,10,0.10869565217391304,8,4,1,0.08695652173913043,0.043478260869565216,0.010869565217391304,96,11,0.11458333333333333,9,5,2,0.09375,0.052083333333333336,0.020833333333333332,319.76242100000013,215.70097200000018,0.674566358752957,248.02800000000013,48,5.167250000000003,87130029b5443647ed1f1febd32ab768bf957a0a1698217eb3cf14b2d00c6ecf,305,b59eea7c7326e8d65a5feef9e84f4c75e8df64629a5d8a4416796cb409ef1a9b,104dc8278bb718cf2008408571128d048fc5d078bbdf063336bc7b19e32f90bc
s09,s0901a,O0_4_LR_vad_only_inside,92,11,0.11956521739130435,7,4,1,0.07608695652173914,0.043478260869565216,0.010869565217391304,96,12,0.125,8,5,2,0.08333333333333333,0.052083333333333336,0.020833333333333332,319.76242100000013,213.36576100000016,0.6672634024121304,244.92800000000003,48,5.102666666666667,87130029b5443647ed1f1febd32ab768bf957a0a1698217eb3cf14b2d00c6ecf,305,0561e65c63513171bd9859519e24553dfdd07657251e1d94dee6ef0707bebeaa,0d220acf695c8d6f18297ef016ac434cbed928b43a4869b8efe853a0b2ea8fb3
s09,s0901a,O0_4_LR_vad_only_gt20ms,92,10,0.10869565217391304,6,3,1,0.06521739130434782,0.03260869565217391,0.010869565217391304,96,11,0.11458333333333333,7,4,2,0.07291666666666667,0.041666666666666664,0.020833333333333332,319.76242100000013,215.68743800000013,0.674524033579293,248.028,48,5.16725,87130029b5443647ed1f1febd32ab768bf957a0a1698217eb3cf14b2d00c6ecf,305,916e99531275402ad18e1f1b098910b6d78a78e34a5b1f082ee495f6a6152184,6a360db351badb3460bf86cdf752f7c24454699087239b3b6060d606e565a02b
s09,s0901a,O0_4_LR_vad_only_gt50ms,92,10,0.10869565217391304,6,3,1,0.06521739130434782,0.03260869565217391,0.010869565217391304,96,11,0.11458333333333333,7,4,2,0.07291666666666667,0.041666666666666664,0.020833333333333332,319.76242100000013,217.27399700000015,0.6794857141765263,250.272,48,5.2139999999999995,87130029b5443647ed1f1febd32ab768bf957a0a1698217eb3cf14b2d00c6ecf,305,1f07f10c83dbc027a5e0be320bc9c5986b6e8d287460db5d83712d23134918e4,a60cca58cc96a9d3b55d885e8acf9df1bd3a0c347cf74b4aa45aac703ed492eb
s09,s0901a,O0_4_LR_all_inside,92,9,0.09782608695652174,7,4,1,0.07608695652173914,0.043478260869565216,0.010869565217391304,96,10,0.10416666666666667,8,5,2,0.08333333333333333,0.052083333333333336,0.020833333333333332,319.76242100000013,210.60931600000018,0.6586431117870479,241.56800000000018,48,5.03266666666667,87130029b5443647ed1f1febd32ab768bf957a0a1698217eb3cf14b2d00c6ecf,305,7071dd2fffac1f6bc053bc7ddbc27c1ac5ac59d29489bf9a80c941a132630c3c,a01359f4f6b650c03a17f3959231649167b99d0f0addf3cb648b896a30dc7650
s09,s0901a,O0_4_LR_all_gt20ms,92,9,0.09782608695652174,7,4,1,0.07608695652173914,0.043478260869565216,0.010869565217391304,96,10,0.10416666666666667,8,5,2,0.08333333333333333,0.052083333333333336,0.020833333333333332,319.76242100000013,212.1850000000002,0.6635707827593665,243.80000000000018,48,5.07916666666667,87130029b5443647ed1f1febd32ab768bf957a0a1698217eb3cf14b2d00c6ecf,305,bf2210a48c58791316d7093172523ec434c8fdaf1badbe51a55d6bab17a76762,e4627da5f9e56d4337455f31ce2dd961c053a6234f578bbb2581ae7b035211c8
s09,s0901a,O0_4_LR_all_gt50ms,92,8,0.08695652173913043,6,3,1,0.06521739130434782,0.03260869565217391,0.010869565217391304,96,9,0.09375,7,4,2,0.07291666666666667,0.041666666666666664,0.020833333333333332,319.76242100000013,214.90667700000014,0.6720823426590208,247.30000000000013,48,5.152083333333336,87130029b5443647ed1f1febd32ab768bf957a0a1698217eb3cf14b2d00c6ecf,305,3e33038905fb30107b2b1546919232d0a2134759ac598a3146e365d5d0d23f86,2354aa69e73b0b99cec609325db9c1d01ca82414b8d92afef5245000dbed177e
s09,s0901b,O0_4,69,5,0.07246376811594203,3,0,0,0.043478260869565216,0.0,0.0,72,5,0.06944444444444445,3,0,0,0.041666666666666664,0.0,0.0,273.5998189999996,154.99712099999957,0.5665103199501743,177.58800000000002,36,4.933000000000001,87130029b5443647ed1f1febd32ab768bf957a0a1698217eb3cf14b2d00c6ecf,310,22aa9cdb32edf939e0171011f929a104ba392eb05e497b072b20fe5d3eccdd0f,9b4e5db3de0f0a456fb3e710bbaf0324c87dcce6a72d0a9644983d1f33b75cff
s09,s0901b,O0_4_LR_rms_waveform_inside,68,4,0.058823529411764705,2,0,0,0.029411764705882353,0.0,0.0,70,4,0.05714285714285714,2,0,0,0.02857142857142857,0.0,0.0,273.5998189999996,150.36518699999957,0.5495807254170726,171.11200000000002,35,4.888914285714287,87130029b5443647ed1f1febd32ab768bf957a0a1698217eb3cf14b2d00c6ecf,310,ebbdb817df185d6d487c28706010af9e1efeb591795663ee3e830056f9173a3b,61ea6731ae5003dade2a027e8114e3cde55d83dc5c04b95960d7c066518894d9
s09,s0901b,O0_4_LR_rms_waveform_gt20ms,68,4,0.058823529411764705,2,0,0,0.029411764705882353,0.0,0.0,70,4,0.05714285714285714,2,0,0,0.02857142857142857,0.0,0.0,273.5998189999996,150.36518699999957,0.5495807254170726,171.11200000000002,35,4.888914285714287,87130029b5443647ed1f1febd32ab768bf957a0a1698217eb3cf14b2d00c6ecf,310,ebbdb817df185d6d487c28706010af9e1efeb591795663ee3e830056f9173a3b,61ea6731ae5003dade2a027e8114e3cde55d83dc5c04b95960d7c066518894d9
s09,s0901b,O0_4_LR_rms_waveform_gt50ms,69,6,0.08695652173913043,4,0,0,0.057971014492753624,0.0,0.0,72,6,0.08333333333333333,4,0,0,0.05555555555555555,0.0,0.0,273.5998189999996,152.72793299999958,0.5582164986739256,174.228,36,4.839666666666667,87130029b5443647ed1f1febd32ab768bf957a0a1698217eb3cf14b2d00c6ecf,310,88a0366497d1136ee672753f0031150ebf1fd9f54bf9a161bf4aae1d3f0dcd9d,e89a1057261109138267f41f06cfaeeef36a7c0d47d04d8d741275d4dc8f40c3
s09,s0901b,O0_4_LR_vad_only_inside,69,5,0.07246376811594203,3,0,0,0.043478260869565216,0.0,0.0,70,5,0.07142857142857142,3,0,0,0.04285714285714286,0.0,0.0,273.5998189999996,152.25682399999963,0.5564946079149264,173.42400000000004,35,4.9549714285714295,87130029b5443647ed1f1febd32ab768bf957a0a1698217eb3cf14b2d00c6ecf,310,6a27b9b1d32b43aa001c94920db85abef077f780d645c9c3a91ea76b6f162627,6e0281937634eec692ff4deb2c9200e9f6db1a11464c6ac2d56bd267d58b74d6
s09,s0901b,O0_4_LR_vad_only_gt20ms,68,5,0.07352941176470588,3,0,0,0.04411764705882353,0.0,0.0,70,5,0.07142857142857142,3,0,0,0.04285714285714286,0.0,0.0,273.5998189999996,153.1823539999996,0.5598773952405276,175.12400000000002,35,5.0035428571428575,87130029b5443647ed1f1febd32ab768bf957a0a1698217eb3cf14b2d00c6ecf,310,6fdf7e16d7b33a5af231b98effd08ffecde1f4a9aab914e0af97e23d6a6f6450,9092eaf8a4d2875b7f90ccf8e6f796414c1c4128287faf3c1493a1b2c07c9da3
s09,s0901b,O0_4_LR_vad_only_gt50ms,69,5,0.07246376811594203,3,0,0,0.043478260869565216,0.0,0.0,72,5,0.06944444444444445,3,0,0,0.041666666666666664,0.0,0.0,273.5998189999996,154.99712099999957,0.5665103199501743,177.58800000000002,36,4.933000000000001,87130029b5443647ed1f1febd32ab768bf957a0a1698217eb3cf14b2d00c6ecf,310,22aa9cdb32edf939e0171011f929a104ba392eb05e497b072b20fe5d3eccdd0f,9b4e5db3de0f0a456fb3e710bbaf0324c87dcce6a72d0a9644983d1f33b75cff
s09,s0901b,O0_4_LR_all_inside,68,4,0.058823529411764705,2,0,0,0.029411764705882353,0.0,0.0,70,4,0.05714285714285714,2,0,0,0.02857142857142857,0.0,0.0,273.5998189999996,149.89665799999958,0.547868264488873,170.47200000000004,35,4.870628571428573,87130029b5443647ed1f1febd32ab768bf957a0a1698217eb3cf14b2d00c6ecf,310,ed2fa4463b00a9251ab08795668ba98db56593ca33d11c69d120e8124be3117a,016bea81a6ce4380c7c03f92b20aa65bcedb689bfb695482d095e72c0c34f0f7
s09,s0901b,O0_4_LR_all_gt20ms,68,4,0.058823529411764705,2,0,0,0.029411764705882353,0.0,0.0,70,4,0.05714285714285714,2,0,0,0.02857142857142857,0.0,0.0,273.5998189999996,150.36518699999957,0.5495807254170726,171.11200000000002,35,4.888914285714287,87130029b5443647ed1f1febd32ab768bf957a0a1698217eb3cf14b2d00c6ecf,310,ebbdb817df185d6d487c28706010af9e1efeb591795663ee3e830056f9173a3b,61ea6731ae5003dade2a027e8114e3cde55d83dc5c04b95960d7c066518894d9
s09,s0901b,O0_4_LR_all_gt50ms,68,5,0.07352941176470588,3,0,0,0.04411764705882353,0.0,0.0,70,5,0.07142857142857142,3,0,0,0.04285714285714286,0.0,0.0,273.5998189999996,151.6354849999996,0.5542236305353688,172.90800000000002,35,4.940228571428572,87130029b5443647ed1f1febd32ab768bf957a0a1698217eb3cf14b2d00c6ecf,310,e4703d43a22b53e6f2463f53361bbd00dec29860c50f87192d36f3c80cc41c33,a7348cfbef8ceb8fd35abe47114c7bc5f145b89fc07408957ea8beb99771b454
s09,s0902a,O0_4,80,16,0.2,12,0,0,0.15,0.0,0.0,82,16,0.1951219512195122,12,0,0,0.14634146341463414,0.0,0.0,284.41532999999964,197.11485099999993,0.693052835794752,221.52000000000004,41,5.402926829268294,87130029b5443647ed1f1febd32ab768bf957a0a1698217eb3cf14b2d00c6ecf,279,3d47ee8c92862e0e9f1a8bf4063a02200611c630d63c515e709c944a5c17fe8b,bf7f7652952f10b3dcbae7647be591dada76d4f8f6f7c69096367b70d8c1ba75
s09,s0902a,O0_4_LR_rms_waveform_inside,80,16,0.2,12,0,0,0.15,0.0,0.0,82,16,0.1951219512195122,12,0,0,0.14634146341463414,0.0,0.0,284.41532999999964,195.65093699999994,0.687905736304721,219.65600000000003,41,5.3574634146341475,87130029b5443647ed1f1febd32ab768bf957a0a1698217eb3cf14b2d00c6ecf,279,6cdb31f271171789b1b968e3b6232a44f5a17ce2881e1a9c8e5dc0315d88233e,912f5758569c44cd139cc9edfda60c81f2c8ad25e38778b88488a2f01418135a
s09,s0902a,O0_4_LR_rms_waveform_gt20ms,80,16,0.2,12,0,0,0.15,0.0,0.0,82,16,0.1951219512195122,12,0,0,0.14634146341463414,0.0,0.0,284.41532999999964,197.11485099999993,0.693052835794752,221.52000000000004,41,5.402926829268294,87130029b5443647ed1f1febd32ab768bf957a0a1698217eb3cf14b2d00c6ecf,279,3d47ee8c92862e0e9f1a8bf4063a02200611c630d63c515e709c944a5c17fe8b,bf7f7652952f10b3dcbae7647be591dada76d4f8f6f7c69096367b70d8c1ba75
s09,s0902a,O0_4_LR_rms_waveform_gt50ms,80,16,0.2,12,0,0,0.15,0.0,0.0,82,16,0.1951219512195122,12,0,0,0.14634146341463414,0.0,0.0,284.41532999999964,197.11485099999993,0.693052835794752,221.52000000000004,41,5.402926829268294,87130029b5443647ed1f1febd32ab768bf957a0a1698217eb3cf14b2d00c6ecf,279,3d47ee8c92862e0e9f1a8bf4063a02200611c630d63c515e709c944a5c17fe8b,bf7f7652952f10b3dcbae7647be591dada76d4f8f6f7c69096367b70d8c1ba75
s09,s0902a,O0_4_LR_vad_only_inside,80,17,0.2125,13,0,0,0.1625,0.0,0.0,82,17,0.2073170731707317,13,0,0,0.15853658536585366,0.0,0.0,284.41532999999964,195.70462899999995,0.688094516564913,219.92000000000004,41,5.3639024390243915,87130029b5443647ed1f1febd32ab768bf957a0a1698217eb3cf14b2d00c6ecf,279,b5f43c2302225516b60613c43c27d66241e30635675e404c1766a22efc497d43,0bfa01964cbc81f54fcb7e29c2716eac830508679550017435b369e60b4367fb
s09,s0902a,O0_4_LR_vad_only_gt20ms,80,16,0.2,12,0,0,0.15,0.0,0.0,82,16,0.1951219512195122,12,0,0,0.14634146341463414,0.0,0.0,284.41532999999964,196.73271299999993,0.6917092443645713,221.00000000000003,41,5.390243902439025,87130029b5443647ed1f1febd32ab768bf957a0a1698217eb3cf14b2d00c6ecf,279,fd197dc8933c7b644d5d7e333b31fbff92ec4cc50ecaa8269749afb3ae87398c,9c2eaaba85ab4d4d41e3df6bdfdf9f50606dac1c45cbc64be90a82b775a3e9a7
s09,s0902a,O0_4_LR_vad_only_gt50ms,80,16,0.2,12,0,0,0.15,0.0,0.0,82,16,0.1951219512195122,12,0,0,0.14634146341463414,0.0,0.0,284.41532999999964,197.11485099999993,0.693052835794752,221.52000000000004,41,5.402926829268294,87130029b5443647ed1f1febd32ab768bf957a0a1698217eb3cf14b2d00c6ecf,279,3d47ee8c92862e0e9f1a8bf4063a02200611c630d63c515e709c944a5c17fe8b,bf7f7652952f10b3dcbae7647be591dada76d4f8f6f7c69096367b70d8c1ba75
s09,s0902a,O0_4_LR_all_inside,80,16,0.2,12,0,0,0.15,0.0,0.0,82,16,0.1951219512195122,12,0,0,0.14634146341463414,0.0,0.0,284.41532999999964,195.65093699999994,0.687905736304721,219.65600000000003,41,5.3574634146341475,87130029b5443647ed1f1febd32ab768bf957a0a1698217eb3cf14b2d00c6ecf,279,6cdb31f271171789b1b968e3b6232a44f5a17ce2881e1a9c8e5dc0315d88233e,912f5758569c44cd139cc9edfda60c81f2c8ad25e38778b88488a2f01418135a
s09,s0902a,O0_4_LR_all_gt20ms,80,16,0.2,12,0,0,0.15,0.0,0.0,82,16,0.1951219512195122,12,0,0,0.14634146341463414,0.0,0.0,284.41532999999964,197.11485099999993,0.693052835794752,221.52000000000004,41,5.402926829268294,87130029b5443647ed1f1febd32ab768bf957a0a1698217eb3cf14b2d00c6ecf,279,3d47ee8c92862e0e9f1a8bf4063a02200611c630d63c515e709c944a5c17fe8b,bf7f7652952f10b3dcbae7647be591dada76d4f8f6f7c69096367b70d8c1ba75
s09,s0902a,O0_4_LR_all_gt50ms,80,16,0.2,12,0,0,0.15,0.0,0.0,82,16,0.1951219512195122,12,0,0,0.14634146341463414,0.0,0.0,284.41532999999964,197.11485099999993,0.693052835794752,221.52000000000004,41,5.402926829268294,87130029b5443647ed1f1febd32ab768bf957a0a1698217eb3cf14b2d00c6ecf,279,3d47ee8c92862e0e9f1a8bf4063a02200611c630d63c515e709c944a5c17fe8b,bf7f7652952f10b3dcbae7647be591dada76d4f8f6f7c69096367b70d8c1ba75
s09,s0902b,O0_4,68,9,0.1323529411764706,5,0,0,0.07352941176470588,0.0,0.0,72,9,0.125,5,0,0,0.06944444444444445,0.0,0.0,254.63442900000018,168.00375000000008,0.6597841095557426,189.57999999999996,36,5.26611111111111,87130029b5443647ed1f1febd32ab768bf957a0a1698217eb3cf14b2d00c6ecf,254,b317fd19e713ea8912c2fc8a2d5127ec6f9b742e510218c7082025355818189e,40a5b0ecd444b5d6a7c40c510bc004941d5ef9832866e836b54ae5a3009d0d24
s09,s0902b,O0_4_LR_rms_waveform_inside,68,8,0.11764705882352941,5,0,0,0.07352941176470588,0.0,0.0,72,8,0.1111111111111111,5,0,0,0.06944444444444445,0.0,0.0,254.63442900000018,165.02071600000005,0.6480691422918302,184.78799999999987,36,5.1329999999999965,87130029b5443647ed1f1febd32ab768bf957a0a1698217eb3cf14b2d00c6ecf,254,d45014acb3e6be4d955b83b1717e08ee9126114a3c713a709f7b89884a4b3849,0f08c2a2e327f5009ef47a965c3e0587c7aba5ecea6724d3c1cfa96340eec58c
s09,s0902b,O0_4_LR_rms_waveform_gt20ms,68,8,0.11764705882352941,5,0,0,0.07352941176470588,0.0,0.0,72,8,0.1111111111111111,5,0,0,0.06944444444444445,0.0,0.0,254.63442900000018,165.952964,0.6517302654308381,186.21599999999992,36,5.1726666666666645,87130029b5443647ed1f1febd32ab768bf957a0a1698217eb3cf14b2d00c6ecf,254,ac2146c9929508b391757d9babe20d310b7224f2abee45af5ff62a581fe5bd0d,ebfb274ed6e04867106b1d4c57cbb20291d3deff96aa301aca591429b9012705
s09,s0902b,O0_4_LR_rms_waveform_gt50ms,68,9,0.1323529411764706,5,0,0,0.07352941176470588,0.0,0.0,72,9,0.125,5,0,0,0.06944444444444445,0.0,0.0,254.63442900000018,167.11589800000002,0.6562973383304733,188.0199999999999,36,5.222777777777775,87130029b5443647ed1f1febd32ab768bf957a0a1698217eb3cf14b2d00c6ecf,254,05ccd2c1d406b06b8fd9c79a8d036be5a70209514240d7a419b51058e52db889,aa13bd50fbeca457e2d166078c30f8d684adaa2a17051af7f8d06512e4f53a43
s09,s0902b,O0_4_LR_vad_only_inside,68,8,0.11764705882352941,5,0,0,0.07352941176470588,0.0,0.0,72,8,0.1111111111111111,5,0,0,0.06944444444444445,0.0,0.0,254.63442900000018,164.57750700000003,0.6463285724806676,184.05199999999994,36,5.112555555555554,87130029b5443647ed1f1febd32ab768bf957a0a1698217eb3cf14b2d00c6ecf,254,020ceec2b1f3543c084c1be7966b1850bec3af637a0bbe14df5f381bb347fc7d,a70b9a89306b2189afb1c654caad3bd61fe4893c6f4de5acd5ae903a17ffa54c
s09,s0902b,O0_4_LR_vad_only_gt20ms,68,9,0.1323529411764706,5,0,0,0.07352941176470588,0.0,0.0,72,9,0.125,5,0,0,0.06944444444444445,0.0,0.0,254.63442900000018,166.423965,0.6535799799484299,186.71199999999996,36,5.186444444444444,87130029b5443647ed1f1febd32ab768bf957a0a1698217eb3cf14b2d00c6ecf,254,92d6bb1fa29097fb9d397f7e0f9e35a03115efa0919a516951c24fee7926e573,48566c5cb079d89f7dc4767eafab994124b090d58823072541d8d17cf63e6d78
s09,s0902b,O0_4_LR_vad_only_gt50ms,68,9,0.1323529411764706,5,0,0,0.07352941176470588,0.0,0.0,72,9,0.125,5,0,0,0.06944444444444445,0.0,0.0,254.63442900000018,168.00375000000008,0.6597841095557426,189.408,36,5.261333333333333,87130029b5443647ed1f1febd32ab768bf957a0a1698217eb3cf14b2d00c6ecf,254,c9aef7b6421ebe3d95e20f6ccb8a8c5e766d54b9a553ad02487fd7139aa454a0,2f101a8271cbcb245fb4d8f93e673ac564d992e14ea97c90a911057bf8f406f8
s09,s0902b,O0_4_LR_all_inside,68,8,0.11764705882352941,5,0,0,0.07352941176470588,0.0,0.0,72,8,0.1111111111111111,5,0,0,0.06944444444444445,0.0,0.0,254.63442900000018,165.02071600000005,0.6480691422918302,184.78799999999987,36,5.1329999999999965,87130029b5443647ed1f1febd32ab768bf957a0a1698217eb3cf14b2d00c6ecf,254,d45014acb3e6be4d955b83b1717e08ee9126114a3c713a709f7b89884a4b3849,0f08c2a2e327f5009ef47a965c3e0587c7aba5ecea6724d3c1cfa96340eec58c
s09,s0902b,O0_4_LR_all_gt20ms,68,8,0.11764705882352941,5,0,0,0.07352941176470588,0.0,0.0,72,8,0.1111111111111111,5,0,0,0.06944444444444445,0.0,0.0,254.63442900000018,165.53662200000002,0.6500952076673021,185.5559999999999,36,5.15433333333333,87130029b5443647ed1f1febd32ab768bf957a0a1698217eb3cf14b2d00c6ecf,254,ed59bd8e21fadfc7a38e3353a0df941c6b9db2aa085eff97146d1423843e07ac,b3578f11fe8d3257e35f97bb9340d6980616498adc0aa6fd695d2d35fb84875c
s09,s0902b,O0_4_LR_all_gt50ms,68,9,0.1323529411764706,5,0,0,0.07352941176470588,0.0,0.0,72,9,0.125,5,0,0,0.06944444444444445,0.0,0.0,254.63442900000018,167.11589800000002,0.6562973383304733,187.84799999999993,36,5.217999999999998,87130029b5443647ed1f1febd32ab768bf957a0a1698217eb3cf14b2d00c6ecf,254,8654f12fa8dc0a1a663be5668474e4a1a6732be7ae61919dbd4f7f49cca754ab,1757e267a2fb43ebf6fd8ef319a39c3f59ba9424db802db589393136753bb581
s09,s0903a,O0_4,89,5,0.056179775280898875,2,1,0,0.02247191011235955,0.011235955056179775,0.0,94,6,0.06382978723404255,3,2,0,0.031914893617021274,0.02127659574468085,0.0,327.9295140000001,217.23586199999977,0.6624468147139684,244.31200000000018,47,5.198127659574472,87130029b5443647ed1f1febd32ab768bf957a0a1698217eb3cf14b2d00c6ecf,343,157aa0d528a277de1b44c2ad5e9ba2bbb1ef5140ba655ca2584228aa616a5382,1c0f67e8f5c25c8d405d8f25bd24124f035a242e48c89d3201ebe4ab0ce12b02
s09,s0903a,O0_4_LR_rms_waveform_inside,89,4,0.0449438202247191,2,1,1,0.02247191011235955,0.011235955056179775,0.011235955056179775,94,4,0.0425531914893617,2,1,1,0.02127659574468085,0.010638297872340425,0.010638297872340425,327.9295140000001,213.97509799999978,0.6525033242357067,240.15200000000019,47,5.1096170212766,87130029b5443647ed1f1febd32ab768bf957a0a1698217eb3cf14b2d00c6ecf,343,b5ed8f72ed06de1979c4007be7ab288ca203d02592645a50eab2d99657796847,89bafa54ad0d08e8be7758ace4ad9e2764ff9f887038dfb472e18c096f37ff2a
s09,s0903a,O0_4_LR_rms_waveform_gt20ms,89,4,0.0449438202247191,2,1,1,0.02247191011235955,0.011235955056179775,0.011235955056179775,94,4,0.0425531914893617,2,1,1,0.02127659574468085,0.010638297872340425,0.010638297872340425,327.9295140000001,215.5141289999998,0.6571965004650351,242.33200000000016,47,5.156000000000003,87130029b5443647ed1f1febd32ab768bf957a0a1698217eb3cf14b2d00c6ecf,343,ad07e3fa297ed8734936204a9a9fd03969ac1ed2dedc1b8db4ef3b74a4ef1093,ef97023312c6a35808609dd3b727540a842dc417ba6f7c5184bda6e396bf55e1
s09,s0903a,O0_4_LR_rms_waveform_gt50ms,89,5,0.056179775280898875,3,2,1,0.033707865168539325,0.02247191011235955,0.011235955056179775,94,6,0.06382978723404255,4,3,1,0.0425531914893617,0.031914893617021274,0.010638297872340425,327.9295140000001,215.5141289999998,0.6571965004650351,242.33200000000016,47,5.156000000000003,87130029b5443647ed1f1febd32ab768bf957a0a1698217eb3cf14b2d00c6ecf,343,6f85da1448dcdbc6eb24ac72f134e17175eeae344f4db0d2da41eac6c8fcbaff,d0a6055218781d0ae5944cff4b8dc8aa32cb9234a586e554fac80c60c19be4de
s09,s0903a,O0_4_LR_vad_only_inside,89,7,0.07865168539325842,4,1,0,0.0449438202247191,0.011235955056179775,0.0,94,8,0.0851063829787234,5,2,0,0.05319148936170213,0.02127659574468085,0.0,327.9295140000001,214.17232699999988,0.6531047614091845,239.59600000000017,47,5.097787234042557,87130029b5443647ed1f1febd32ab768bf957a0a1698217eb3cf14b2d00c6ecf,343,86ed2f7d01eea77b0b67d6763c2180e70ceead055ac01469214c1820202e2688,8fa10e69b59839249c96c47771d8ac9ddd7635331882f2f723fffac315e17003
s09,s0903a,O0_4_LR_vad_only_gt20ms,89,5,0.056179775280898875,2,1,0,0.02247191011235955,0.011235955056179775,0.0,94,6,0.06382978723404255,3,2,0,0.031914893617021274,0.02127659574468085,0.0,327.9295140000001,216.4904609999998,0.6601737622189131,242.86400000000017,47,5.167319148936174,87130029b5443647ed1f1febd32ab768bf957a0a1698217eb3cf14b2d00c6ecf,343,3401602a2eaa749614990c98de907e95cc6699cab9de75e2673514a839663ec8,384983b66f096419f35ea130d0c5b9341d630ac07d562aab8ef0d06c814fa3ab
s09,s0903a,O0_4_LR_vad_only_gt50ms,89,5,0.056179775280898875,2,1,0,0.02247191011235955,0.011235955056179775,0.0,94,6,0.06382978723404255,3,2,0,0.031914893617021274,0.02127659574468085,0.0,327.9295140000001,217.23586199999977,0.6624468147139684,244.31200000000018,47,5.198127659574472,87130029b5443647ed1f1febd32ab768bf957a0a1698217eb3cf14b2d00c6ecf,343,1cacc855eeecb9ab950834aedc320a49d2a9c3b723ae7f85068c64eab6f378da,16d276ca7d2d2b20aa0a33fcd73c74053d1c31fb85913ecf4ef5a1e324ba8b61
s09,s0903a,O0_4_LR_all_inside,89,4,0.0449438202247191,2,1,1,0.02247191011235955,0.011235955056179775,0.011235955056179775,94,4,0.0425531914893617,2,1,1,0.02127659574468085,0.010638297872340425,0.010638297872340425,327.9295140000001,213.02670299999977,0.6496112545697845,238.33600000000018,47,5.070978723404259,87130029b5443647ed1f1febd32ab768bf957a0a1698217eb3cf14b2d00c6ecf,343,eadea9777a99f6af54ea72bfb12ceb306caf04a43fc9f2f546f86ad18b801c53,a00130cf4e0898d73dbca9291b33ee78d98342c309dae5b0c9e8dbfa33581af4
s09,s0903a,O0_4_LR_all_gt20ms,89,4,0.0449438202247191,2,1,1,0.02247191011235955,0.011235955056179775,0.011235955056179775,94,4,0.0425531914893617,2,1,1,0.02127659574468085,0.010638297872340425,0.010638297872340425,327.9295140000001,214.51436699999977,0.6541477904303535,241.02400000000017,47,5.128170212765961,87130029b5443647ed1f1febd32ab768bf957a0a1698217eb3cf14b2d00c6ecf,343,03b9540221740a9b70af74361e08c9fe5dc49cbad1f666033d38530ed6a465d9,c1105b7a814a5ad1efdcf8105698868c60d243fa1b0f420afd7f4fd2bff5aa85
s09,s0903a,O0_4_LR_all_gt50ms,89,5,0.056179775280898875,3,2,1,0.033707865168539325,0.02247191011235955,0.011235955056179775,94,6,0.06382978723404255,4,3,1,0.0425531914893617,0.031914893617021274,0.010638297872340425,327.9295140000001,215.5141289999998,0.6571965004650351,242.33200000000016,47,5.156000000000003,87130029b5443647ed1f1febd32ab768bf957a0a1698217eb3cf14b2d00c6ecf,343,6f85da1448dcdbc6eb24ac72f134e17175eeae344f4db0d2da41eac6c8fcbaff,d0a6055218781d0ae5944cff4b8dc8aa32cb9234a586e554fac80c60c19be4de
s09,s0903b,O0_4,47,8,0.1702127659574468,3,1,0,0.06382978723404255,0.02127659574468085,0.0,50,9,0.18,4,1,0,0.08,0.02,0.0,208.15898099999947,124.99080799999984,0.6004583967482054,138.2959999999999,25,5.531839999999996,87130029b5443647ed1f1febd32ab768bf957a0a1698217eb3cf14b2d00c6ecf,192,fb54769b107d6089a67d94ab762ea76e02dbfddef34327cac4cfc47bd185c37a,7132b27d2f1c8284774cbf19fbcef2818263247070771a88eec6b10c281a4730
s09,s0903b,O0_4_LR_rms_waveform_inside,47,7,0.14893617021276595,2,0,0,0.0425531914893617,0.0,0.0,50,7,0.14,2,0,0,0.04,0.0,0.0,208.15898099999947,124.4687639999998,0.5979504867003558,137.59999999999988,25,5.503999999999995,87130029b5443647ed1f1febd32ab768bf957a0a1698217eb3cf14b2d00c6ecf,192,4cd99756ad349e5270d93c553160c0a034e713d8eb9d7cf5bfc563d9d6509599,47e883e7d96376c687474d8049e0d9012016593669834d0e616cf02e706e6ff6
s09,s0903b,O0_4_LR_rms_waveform_gt20ms,47,7,0.14893617021276595,2,0,0,0.0425531914893617,0.0,0.0,50,7,0.14,2,0,0,0.04,0.0,0.0,208.15898099999947,124.4687639999998,0.5979504867003558,137.59999999999988,25,5.503999999999995,87130029b5443647ed1f1febd32ab768bf957a0a1698217eb3cf14b2d00c6ecf,192,4cd99756ad349e5270d93c553160c0a034e713d8eb9d7cf5bfc563d9d6509599,47e883e7d96376c687474d8049e0d9012016593669834d0e616cf02e706e6ff6
s09,s0903b,O0_4_LR_rms_waveform_gt50ms,47,7,0.14893617021276595,2,0,0,0.0425531914893617,0.0,0.0,50,7,0.14,2,0,0,0.04,0.0,0.0,208.15898099999947,124.4687639999998,0.5979504867003558,137.59999999999988,25,5.503999999999995,87130029b5443647ed1f1febd32ab768bf957a0a1698217eb3cf14b2d00c6ecf,192,4cd99756ad349e5270d93c553160c0a034e713d8eb9d7cf5bfc563d9d6509599,47e883e7d96376c687474d8049e0d9012016593669834d0e616cf02e706e6ff6
s09,s0903b,O0_4_LR_vad_only_inside,47,9,0.19148936170212766,4,2,0,0.0851063829787234,0.0425531914893617,0.0,50,10,0.2,5,2,0,0.1,0.04,0.0,208.15898099999947,124.3919419999998,0.5975814322419273,137.36799999999997,25,5.494719999999998,87130029b5443647ed1f1febd32ab768bf957a0a1698217eb3cf14b2d00c6ecf,192,c1a1f1ba71de3aee668583132f2022cf5e5ab3248d5638e7762a6401a289f697,c8ef8e150368d4557a2d67560985d6564c1695b2a60b5658c47016a1f6d40608
s09,s0903b,O0_4_LR_vad_only_gt20ms,47,7,0.14893617021276595,2,1,0,0.0425531914893617,0.02127659574468085,0.0,50,7,0.14,2,1,0,0.04,0.02,0.0,208.15898099999947,124.53395299999983,0.5982636559889777,137.55199999999994,25,5.502079999999998,87130029b5443647ed1f1febd32ab768bf957a0a1698217eb3cf14b2d00c6ecf,192,5447b5929f8e0bda5c38d16b16c8dbac8daa61cd877a41854ab3cb061ed5da1b,620e70aed79d230a582890dfb7979814f1a89f2f8a1c22ceca335a3bda5a84e6
s09,s0903b,O0_4_LR_vad_only_gt50ms,47,7,0.14893617021276595,2,1,0,0.0425531914893617,0.02127659574468085,0.0,50,7,0.14,2,1,0,0.04,0.02,0.0,208.15898099999947,124.99080799999984,0.6004583967482054,138.2959999999999,25,5.531839999999996,87130029b5443647ed1f1febd32ab768bf957a0a1698217eb3cf14b2d00c6ecf,192,5c8d9d8df9feba95887bb31c761dc6ecc26983b72aad95a3e2a8b3c001f0b7f9,f9ce5950cc671ffb9f03040b3d5c0a37bb156f78ef5fa92ead1ff7cd97ef78c9
s09,s0903b,O0_4_LR_all_inside,47,7,0.14893617021276595,2,0,0,0.0425531914893617,0.0,0.0,50,7,0.14,2,0,0,0.04,0.0,0.0,208.15898099999947,124.4687639999998,0.5979504867003558,137.47999999999988,25,5.499199999999995,87130029b5443647ed1f1febd32ab768bf957a0a1698217eb3cf14b2d00c6ecf,192,17f786b9c9a153f3771c5ccc11d4285b990b66221ceae7d65bd57e5b07079e9f,f2986a8d233cbb6ad9f6ea91bba0b0a4846e2383aa530fe773d7241225e5f600
s09,s0903b,O0_4_LR_all_gt20ms,47,7,0.14893617021276595,2,0,0,0.0425531914893617,0.0,0.0,50,7,0.14,2,0,0,0.04,0.0,0.0,208.15898099999947,124.4687639999998,0.5979504867003558,137.47999999999988,25,5.499199999999995,87130029b5443647ed1f1febd32ab768bf957a0a1698217eb3cf14b2d00c6ecf,192,17f786b9c9a153f3771c5ccc11d4285b990b66221ceae7d65bd57e5b07079e9f,f2986a8d233cbb6ad9f6ea91bba0b0a4846e2383aa530fe773d7241225e5f600
s09,s0903b,O0_4_LR_all_gt50ms,47,7,0.14893617021276595,2,0,0,0.0425531914893617,0.0,0.0,50,7,0.14,2,0,0,0.04,0.0,0.0,208.15898099999947,124.4687639999998,0.5979504867003558,137.59999999999988,25,5.503999999999995,87130029b5443647ed1f1febd32ab768bf957a0a1698217eb3cf14b2d00c6ecf,192,4cd99756ad349e5270d93c553160c0a034e713d8eb9d7cf5bfc563d9d6509599,47e883e7d96376c687474d8049e0d9012016593669834d0e616cf02e706e6ff6
s10,s1001a,O0_4,94,4,0.0425531914893617,2,1,1,0.02127659574468085,0.010638297872340425,0.010638297872340425,104,6,0.057692307692307696,4,2,2,0.038461538461538464,0.019230769230769232,0.019230769230769232,338.27082600000017,269.826747,0.7976648479878069,305.108,52,5.867461538461539,87130029b5443647ed1f1febd32ab768bf957a0a1698217eb3cf14b2d00c6ecf,249,6306924078b87470d03da94eb86c09077f0e2454c515586b2549008628cb64e4,1ec41398b95b078a687ed553ef232d41532a721c8f3f18c17f200774d9e44616
s10,s1001a,O0_4_LR_rms_waveform_inside,95,6,0.06315789473684211,4,2,1,0.042105263157894736,0.021052631578947368,0.010526315789473684,104,8,0.07692307692307693,6,3,2,0.057692307692307696,0.028846153846153848,0.019230769230769232,338.27082600000017,264.560684,0.7820972536366463,298.06399999999996,52,5.731999999999999,87130029b5443647ed1f1febd32ab768bf957a0a1698217eb3cf14b2d00c6ecf,249,d92c5c7578ea3b519e6f12643e1de4dbb0b7ff189c79f01902297a283b6bf879,802db2070ff27747e2a1134f4adfe9acb49687df14641bad19b85e1801f0136a
s10,s1001a,O0_4_LR_rms_waveform_gt20ms,94,6,0.06382978723404255,4,2,1,0.0425531914893617,0.02127659574468085,0.010638297872340425,104,8,0.07692307692307693,6,3,2,0.057692307692307696,0.028846153846153848,0.019230769230769232,338.27082600000017,266.424207,0.7876062211761646,300.368,52,5.776307692307692,87130029b5443647ed1f1febd32ab768bf957a0a1698217eb3cf14b2d00c6ecf,249,40669ac8c9488f491c79b7242acbfb14de75cf5c14146989b97352a535e11369,693122ceab7e51dbb0518f9005c31d896b17aa55da2c77d67ada9d332cef4df0
s10,s1001a,O0_4_LR_rms_waveform_gt50ms,94,5,0.05319148936170213,3,2,1,0.031914893617021274,0.02127659574468085,0.010638297872340425,104,7,0.0673076923076923,5,3,2,0.04807692307692308,0.028846153846153848,0.019230769230769232,338.27082600000017,268.494498,0.7937264385903616,303.22799999999995,52,5.831307692307691,87130029b5443647ed1f1febd32ab768bf957a0a1698217eb3cf14b2d00c6ecf,249,6a99bd205a26411927c271dd5c5b1df87390ea679dcd979fa33712473d8659c3,ea302a3e20786cd0ee07d9a5cb40c8ccbc53e3e150cac94186e9cdf3a445fdf1
s10,s1001a,O0_4_LR_vad_only_inside,95,5,0.05263157894736842,3,2,1,0.031578947368421054,0.021052631578947368,0.010526315789473684,104,7,0.0673076923076923,5,3,2,0.04807692307692308,0.028846153846153848,0.019230769230769232,338.27082600000017,266.611484,0.7881598515386009,300.536,52,5.779538461538461,87130029b5443647ed1f1febd32ab768bf957a0a1698217eb3cf14b2d00c6ecf,249,983a9acd8f1477ee7a136feb3cdb9e0eeefd0457b1cdd58b8eb805535196002e,3a6c09543f75752b2dcff339d567c9600f8c54b355467c5659927a6b920ff1ce
s10,s1001a,O0_4_LR_vad_only_gt20ms,94,4,0.0425531914893617,2,1,1,0.02127659574468085,0.010638297872340425,0.010638297872340425,104,6,0.057692307692307696,4,2,2,0.038461538461538464,0.019230769230769232,0.019230769230769232,338.27082600000017,269.135369,0.7956209886098776,303.81200000000007,52,5.842538461538463,87130029b5443647ed1f1febd32ab768bf957a0a1698217eb3cf14b2d00c6ecf,249,41d5a9c9e6c7815215f24f273e63360607b7949817341eae4b4725a7123a002a,f04ec31e8b64e1556243c11936f223358c9f57332e2bf4e37757a9a2d97d69d5
s10,s1001a,O0_4_LR_vad_only_gt50ms,94,4,0.0425531914893617,2,1,1,0.02127659574468085,0.010638297872340425,0.010638297872340425,104,6,0.057692307692307696,4,2,2,0.038461538461538464,0.019230769230769232,0.019230769230769232,338.27082600000017,269.826747,0.7976648479878069,305.108,52,5.867461538461539,87130029b5443647ed1f1febd32ab768bf957a0a1698217eb3cf14b2d00c6ecf,249,6306924078b87470d03da94eb86c09077f0e2454c515586b2549008628cb64e4,1ec41398b95b078a687ed553ef232d41532a721c8f3f18c17f200774d9e44616
s10,s1001a,O0_4_LR_all_inside,95,6,0.06315789473684211,4,2,1,0.042105263157894736,0.021052631578947368,0.010526315789473684,104,8,0.07692307692307693,6,3,2,0.057692307692307696,0.028846153846153848,0.019230769230769232,338.27082600000017,263.123544,0.777848764291603,296.376,52,5.699538461538461,87130029b5443647ed1f1febd32ab768bf957a0a1698217eb3cf14b2d00c6ecf,249,938396e734319b36666368f593b4caf60a37d75a50da6ce546e568a1c07cb390,148b18a4bdb90c68e0e980b95512c92b62b01412038742310e98ca12af704909
s10,s1001a,O0_4_LR_all_gt20ms,94,6,0.06382978723404255,4,2,1,0.0425531914893617,0.02127659574468085,0.010638297872340425,104,8,0.07692307692307693,6,3,2,0.057692307692307696,0.028846153846153848,0.019230769230769232,338.27082600000017,266.424207,0.7876062211761646,300.368,52,5.776307692307692,87130029b5443647ed1f1febd32ab768bf957a0a1698217eb3cf14b2d00c6ecf,249,40669ac8c9488f491c79b7242acbfb14de75cf5c14146989b97352a535e11369,693122ceab7e51dbb0518f9005c31d896b17aa55da2c77d67ada9d332cef4df0
s10,s1001a,O0_4_LR_all_gt50ms,94,5,0.05319148936170213,3,2,1,0.031914893617021274,0.02127659574468085,0.010638297872340425,104,7,0.0673076923076923,5,3,2,0.04807692307692308,0.028846153846153848,0.019230769230769232,338.27082600000017,268.494498,0.7937264385903616,303.22799999999995,52,5.831307692307691,87130029b5443647ed1f1febd32ab768bf957a0a1698217eb3cf14b2d00c6ecf,249,6a99bd205a26411927c271dd5c5b1df87390ea679dcd979fa33712473d8659c3,ea302a3e20786cd0ee07d9a5cb40c8ccbc53e3e150cac94186e9cdf3a445fdf1
s10,s1001b,O0_4,108,12,0.1111111111111111,7,0,0,0.06481481481481481,0.0,0.0,116,12,0.10344827586206896,7,0,0,0.0603448275862069,0.0,0.0,408.47848400000026,284.92788400000006,0.697534619718183,326.564,58,5.630413793103449,87130029b5443647ed1f1febd32ab768bf957a0a1698217eb3cf14b2d00c6ecf,285,c68ffadcd5277d5d2de6fd6173137ad3d499e6a79daffff76c35a40ad3f7784d,c91d4d62acc4d36da762b071815ef552b83345ff20214b6f8a8e87e855a56f37
s10,s1001b,O0_4_LR_rms_waveform_inside,109,12,0.11009174311926606,8,0,0,0.07339449541284404,0.0,0.0,118,12,0.1016949152542373,8,0,0,0.06779661016949153,0.0,0.0,408.47848400000026,285.9433490000001,0.7000205890893385,326.7200000000001,59,5.537627118644069,87130029b5443647ed1f1febd32ab768bf957a0a1698217eb3cf14b2d00c6ecf,285,7fad9725ff2eb8a85643d2e2228f327488724e1913aa380770e195a8a389da28,a0cad98c04fed95fe987058ebd74e8b5ea55e78b3dcddc595273c5359c70fa3d
s10,s1001b,O0_4_LR_rms_waveform_gt20ms,109,12,0.11009174311926606,8,0,0,0.07339449541284404,0.0,0.0,118,12,0.1016949152542373,8,0,0,0.06779661016949153,0.0,0.0,408.47848400000026,286.24107600000013,0.7007494573447348,327.28000000000003,59,5.5471186440677975,87130029b5443647ed1f1febd32ab768bf957a0a1698217eb3cf14b2d00c6ecf,285,daf8906eec11522773dbe6bc50f501ba49d8a9a4943e54f86cb63772926b1800,16929baa7a97382d1b9390654b8134cc41fca13ade742849cd90546894df9117
s10,s1001b,O0_4_LR_rms_waveform_gt50ms,109,12,0.11009174311926606,8,0,0,0.07339449541284404,0.0,0.0,118,12,0.1016949152542373,8,0,0,0.06779661016949153,0.0,0.0,408.47848400000026,286.56465500000013,0.7015416141233034,328.0400000000001,59,5.560000000000001,87130029b5443647ed1f1febd32ab768bf957a0a1698217eb3cf14b2d00c6ecf,285,7ae61d78561af7f6395a19d6e4e5bedcf9c7266d5379520080d344ab207e586d,a0ebc6deeafc86977e04eb0f8dadeaa572078d9d82b5ac675b456dabe2da931e
s10,s1001b,O0_4_LR_vad_only_inside,108,13,0.12037037037037036,9,0,0,0.08333333333333333,0.0,0.0,116,13,0.11206896551724138,9,0,0,0.07758620689655173,0.0,0.0,408.47848400000026,282.4656060000001,0.6915066938996961,322.18400000000014,58,5.55489655172414,87130029b5443647ed1f1febd32ab768bf957a0a1698217eb3cf14b2d00c6ecf,285,568543c885bfb2d3612027d65d0fb3e648b6a129d16bceae5a732e1c1636e67f,917994b87ca68e46b1211445449ccab0fe1c4228ef36caee1f3d242c1b15689c
s10,s1001b,O0_4_LR_vad_only_gt20ms,109,12,0.11009174311926606,8,0,0,0.07339449541284404,0.0,0.0,118,12,0.1016949152542373,8,0,0,0.06779661016949153,0.0,0.0,408.47848400000026,286.56465500000013,0.7015416141233034,328.08400000000006,59,5.560745762711865,87130029b5443647ed1f1febd32ab768bf957a0a1698217eb3cf14b2d00c6ecf,285,db40805b4fcb4cff267416ef7637b726c97bb74b0f996cd3f2d9d156ef232667,a2cd5ac6a0d168d5302b8bc689214e7d6586b3e58d26a6dcf6c03a8d74bec727
s10,s1001b,O0_4_LR_vad_only_gt50ms,109,13,0.11926605504587157,8,0,0,0.07339449541284404,0.0,0.0,118,13,0.11016949152542373,8,0,0,0.06779661016949153,0.0,0.0,408.47848400000026,287.5373310000001,0.7039228313430578,329.38800000000003,59,5.582847457627119,87130029b5443647ed1f1febd32ab768bf957a0a1698217eb3cf14b2d00c6ecf,285,b42c96f275e7f539a9f27f2cce9ee5188bb648f17d67c29f8906a9f42eac6e56,628b8a3a33339f76d6bf960fdc9151fba9239f60534a046b5378146cd700c327
s10,s1001b,O0_4_LR_all_inside,109,13,0.11926605504587157,9,0,0,0.08256880733944955,0.0,0.0,118,13,0.11016949152542373,9,0,0,0.07627118644067797,0.0,0.0,408.47848400000026,285.3112860000001,0.6984732297429892,325.5720000000001,59,5.518169491525426,87130029b5443647ed1f1febd32ab768bf957a0a1698217eb3cf14b2d00c6ecf,285,6036e80efc74ef825ec1a53389b00624e0dc434f47465681181e1b103a972872,23ea3883649febadfa6c97727913285bd08635d1954d556df2231e1f2c218be6
s10,s1001b,O0_4_LR_all_gt20ms,109,12,0.11009174311926606,8,0,0,0.07339449541284404,0.0,0.0,118,12,0.1016949152542373,8,0,0,0.06779661016949153,0.0,0.0,408.47848400000026,285.9433490000001,0.7000205890893385,326.5760000000001,59,5.535186440677967,87130029b5443647ed1f1febd32ab768bf957a0a1698217eb3cf14b2d00c6ecf,285,8d34c9a80dd4e0767beb777d613ee5d676e506086273e2277b4317fba32e3590,1c79d8bd68181c93f32550f34d9c5c5477c83eee2880e0b8ada17a4099cfac00
s10,s1001b,O0_4_LR_all_gt50ms,109,12,0.11009174311926606,8,0,0,0.07339449541284404,0.0,0.0,118,12,0.1016949152542373,8,0,0,0.06779661016949153,0.0,0.0,408.47848400000026,286.56465500000013,0.7015416141233034,328.0400000000001,59,5.560000000000001,87130029b5443647ed1f1febd32ab768bf957a0a1698217eb3cf14b2d00c6ecf,285,7ae61d78561af7f6395a19d6e4e5bedcf9c7266d5379520080d344ab207e586d,a0ebc6deeafc86977e04eb0f8dadeaa572078d9d82b5ac675b456dabe2da931e
s10,s1002a,O0_4,109,17,0.1559633027522936,7,1,0,0.06422018348623854,0.009174311926605505,0.0,122,19,0.1557377049180328,7,1,0,0.05737704918032787,0.00819672131147541,0.0,397.357996,297.3791450000001,0.748390992489302,342.87600000000003,61,5.620918032786886,87130029b5443647ed1f1febd32ab768bf957a0a1698217eb3cf14b2d00c6ecf,321,56f4902473d9747b8a81a69279980f4513e9187421747fdc3538f2378ec75c4e,f95a8ed0df63576f52e726ff43301c5b35091835a329e4fd27167bc20685be5b
s10,s1002a,O0_4_LR_rms_waveform_inside,109,17,0.1559633027522936,7,1,0,0.06422018348623854,0.009174311926605505,0.0,122,19,0.1557377049180328,7,1,0,0.05737704918032787,0.00819672131147541,0.0,397.357996,293.9732140000001,0.7398195505294427,338.144,61,5.543344262295082,87130029b5443647ed1f1febd32ab768bf957a0a1698217eb3cf14b2d00c6ecf,321,6d78b2a3cfe1965878a72e79992aa64ae4375422112617c7ea8ca13c7a997f37,43b242f48e61004006fe9b5fb1c813432580f8981c97a1e6562cae7f7765fbee
s10,s1002a,O0_4_LR_rms_waveform_gt20ms,109,17,0.1559633027522936,7,1,0,0.06422018348623854,0.009174311926605505,0.0,122,19,0.1557377049180328,7,1,0,0.05737704918032787,0.00819672131147541,0.0,397.357996,293.9732140000001,0.7398195505294427,338.144,61,5.543344262295082,87130029b5443647ed1f1febd32ab768bf957a0a1698217eb3cf14b2d00c6ecf,321,6d78b2a3cfe1965878a72e79992aa64ae4375422112617c7ea8ca13c7a997f37,43b242f48e61004006fe9b5fb1c813432580f8981c97a1e6562cae7f7765fbee
s10,s1002a,O0_4_LR_rms_waveform_gt50ms,109,18,0.1651376146788991,7,1,0,0.06422018348623854,0.009174311926605505,0.0,122,20,0.16393442622950818,7,1,0,0.05737704918032787,0.00819672131147541,0.0,397.357996,296.4265100000001,0.7459935699897181,341.52400000000006,61,5.598754098360657,87130029b5443647ed1f1febd32ab768bf957a0a1698217eb3cf14b2d00c6ecf,321,08aaa5e53168edd7f3d9f4a527c652d74a57733722bd0367ecd350fb5a5c0d9f,f3b537db07b96473143f4147b472b6287194c888f7e00ab6b34ceff13b64412a
s10,s1002a,O0_4_LR_vad_only_inside,109,18,0.1651376146788991,7,1,0,0.06422018348623854,0.009174311926605505,0.0,122,20,0.16393442622950818,7,1,0,0.05737704918032787,0.00819672131147541,0.0,397.357996,292.51279600000004,0.7361442300005963,336.464,61,5.515803278688525,87130029b5443647ed1f1febd32ab768bf957a0a1698217eb3cf14b2d00c6ecf,321,28868f0641b4ee3dfbd7367598874043edfb22fdca70cc42178690dfcf9cec4a,6fa4b1498257b81e46e6c4b7a1d5651c5eb8118ae19da7289e92015da455d3bc
s10,s1002a,O0_4_LR_vad_only_gt20ms,109,17,0.1559633027522936,7,1,0,0.06422018348623854,0.009174311926605505,0.0,122,19,0.1557377049180328,7,1,0,0.05737704918032787,0.00819672131147541,0.0,397.357996,297.3791450000001,0.748390992489302,342.72,61,5.618360655737705,87130029b5443647ed1f1febd32ab768bf957a0a1698217eb3cf14b2d00c6ecf,321,ced097a1ae89638db9c2b2d8eb54256f30dfcc6fec680891746eadf38f736083,0df8fa1f93b0db9b54b401a3a6240ae2f296dd6a59d9729f6d851d30eabfce38
s10,s1002a,O0_4_LR_vad_only_gt50ms,109,17,0.1559633027522936,7,1,0,0.06422018348623854,0.009174311926605505,0.0,122,19,0.1557377049180328,7,1,0,0.05737704918032787,0.00819672131147541,0.0,397.357996,297.3791450000001,0.748390992489302,342.72,61,5.618360655737705,87130029b5443647ed1f1febd32ab768bf957a0a1698217eb3cf14b2d00c6ecf,321,ced097a1ae89638db9c2b2d8eb54256f30dfcc6fec680891746eadf38f736083,0df8fa1f93b0db9b54b401a3a6240ae2f296dd6a59d9729f6d851d30eabfce38
s10,s1002a,O0_4_LR_all_inside,109,18,0.1651376146788991,7,1,0,0.06422018348623854,0.009174311926605505,0.0,122,20,0.16393442622950818,7,1,0,0.05737704918032787,0.00819672131147541,0.0,397.357996,293.0101810000001,0.7373959601910215,336.876,61,5.52255737704918,87130029b5443647ed1f1febd32ab768bf957a0a1698217eb3cf14b2d00c6ecf,321,b2752bde90f0c733100c6cae9ad6a1a2f4927f7dab88bd1844582ff6d0888ab7,9f6ade1fa9d72bf55efca06ee7aff548b829e873a878adcdb11a37cd4147753f
s10,s1002a,O0_4_LR_all_gt20ms,109,17,0.1559633027522936,7,1,0,0.06422018348623854,0.009174311926605505,0.0,122,19,0.1557377049180328,7,1,0,0.05737704918032787,0.00819672131147541,0.0,397.357996,293.9732140000001,0.7398195505294427,337.988,61,5.540786885245901,87130029b5443647ed1f1febd32ab768bf957a0a1698217eb3cf14b2d00c6ecf,321,697c609ac801af1745ca31a1efda0167fc711d51259ce1da36061e8f18759980,d031843d1da20641fc341145d791a7b4f31b3e716130b8c8b08880333de4b6eb
s10,s1002a,O0_4_LR_all_gt50ms,109,18,0.1651376146788991,7,1,0,0.06422018348623854,0.009174311926605505,0.0,122,20,0.16393442622950818,7,1,0,0.05737704918032787,0.00819672131147541,0.0,397.357996,296.4265100000001,0.7459935699897181,341.52400000000006,61,5.598754098360657,87130029b5443647ed1f1febd32ab768bf957a0a1698217eb3cf14b2d00c6ecf,321,08aaa5e53168edd7f3d9f4a527c652d74a57733722bd0367ecd350fb5a5c0d9f,f3b537db07b96473143f4147b472b6287194c888f7e00ab6b34ceff13b64412a
s10,s1002b,O0_4,110,9,0.08181818181818182,5,1,0,0.045454545454545456,0.00909090909090909,0.0,122,11,0.09016393442622951,7,1,0,0.05737704918032787,0.00819672131147541,0.0,409.7904379999997,311.1337380000001,0.759250849088871,356.02399999999994,61,5.836459016393442,87130029b5443647ed1f1febd32ab768bf957a0a1698217eb3cf14b2d00c6ecf,307,ab80f07bbbeea1df702132841086e554d0302b98196c3c88be2072db8cd02589,60fc09c867cbb00e3621fd9cd5f9a10ddeb01edd2665e99fdf36b34aa35817b0
s10,s1002b,O0_4_LR_rms_waveform_inside,110,9,0.08181818181818182,5,1,0,0.045454545454545456,0.00909090909090909,0.0,122,11,0.09016393442622951,7,1,0,0.05737704918032787,0.00819672131147541,0.0,409.7904379999997,308.29795300000006,0.7523307632668585,352.0199999999999,61,5.770819672131147,87130029b5443647ed1f1febd32ab768bf957a0a1698217eb3cf14b2d00c6ecf,307,2dbfd06d764aa3ac9970c0080c13d98e267b04e2165491b97b39ff482053b7e4,3c508705802d98635778ec3780b6dbcd3dba1018dafb9c093e29a33d2bf0a948
s10,s1002b,O0_4_LR_rms_waveform_gt20ms,110,9,0.08181818181818182,5,1,0,0.045454545454545456,0.00909090909090909,0.0,122,11,0.09016393442622951,7,1,0,0.05737704918032787,0.00819672131147541,0.0,409.7904379999997,308.47075600000005,0.7527524495337303,352.46399999999994,61,5.778098360655736,87130029b5443647ed1f1febd32ab768bf957a0a1698217eb3cf14b2d00c6ecf,307,2ec3d67564e14aa8e4d2f79d41460406617f72b9a4b7b2476e1c7c60e464d0c4,1a5e3c4590f5e1bab74dc42db024f15670cdbbe01818de275dbc3f4f056ff665
s10,s1002b,O0_4_LR_rms_waveform_gt50ms,110,9,0.08181818181818182,5,1,0,0.045454545454545456,0.00909090909090909,0.0,122,11,0.09016393442622951,7,1,0,0.05737704918032787,0.00819672131147541,0.0,409.7904379999997,310.84829300000007,0.7585542857395816,355.49999999999994,61,5.827868852459016,87130029b5443647ed1f1febd32ab768bf957a0a1698217eb3cf14b2d00c6ecf,307,7c40370e3801047362ffccf07ed0d1b0ed5c0a0478dcc346c427191413a7b7d7,ba8cb6e065e1faf31cb7c9c68d300652f339633a274518cd0234c641de4b5471
s10,s1002b,O0_4_LR_vad_only_inside,110,9,0.08181818181818182,5,1,0,0.045454545454545456,0.00909090909090909,0.0,122,11,0.09016393442622951,7,1,0,0.05737704918032787,0.00819672131147541,0.0,409.7904379999997,309.9469200000001,0.7563546907358544,354.2039999999999,61,5.80662295081967,87130029b5443647ed1f1febd32ab768bf957a0a1698217eb3cf14b2d00c6ecf,307,e4ff19f51ebd97a29a5442918151e17a672a4a4140574645e06c2faa0668bf98,f4153c55a4707b4407965a71d4915018b1274966959ff8189ac9008d997a0b68
s10,s1002b,O0_4_LR_vad_only_gt20ms,110,9,0.08181818181818182,5,1,0,0.045454545454545456,0.00909090909090909,0.0,122,11,0.09016393442622951,7,1,0,0.05737704918032787,0.00819672131147541,0.0,409.7904379999997,310.9609350000001,0.7588291628219991,355.5799999999999,61,5.829180327868851,87130029b5443647ed1f1febd32ab768bf957a0a1698217eb3cf14b2d00c6ecf,307,92a53d1da8c820ce1f6e2af8ad060dfe515d613915abb141d70435336fd2de3d,670744bac5a967825c9cdb3fa862cdd4424e46ddf7297cf666c9d3083ec06439
s10,s1002b,O0_4_LR_vad_only_gt50ms,111,9,0.08108108108108109,5,1,0,0.04504504504504504,0.009009009009009009,0.0,122,11,0.09016393442622951,7,1,0,0.05737704918032787,0.00819672131147541,0.0,409.7904379999997,311.1337380000001,0.759250849088871,355.82399999999996,61,5.833180327868852,87130029b5443647ed1f1febd32ab768bf957a0a1698217eb3cf14b2d00c6ecf,307,c8c432f54fcf43f83ba84cb0580a9739e46e4e9719dbf413417d2fe9fe4245ee,41336637dda5518e773ba18344efe71854f69064f23af783654b95288d2e7bc1
s10,s1002b,O0_4_LR_all_inside,110,9,0.08181818181818182,5,1,0,0.045454545454545456,0.00909090909090909,0.0,122,11,0.09016393442622951,7,1,0,0.05737704918032787,0.00819672131147541,0.0,409.7904379999997,308.29795300000006,0.7523307632668585,352.0199999999999,61,5.770819672131147,87130029b5443647ed1f1febd32ab768bf957a0a1698217eb3cf14b2d00c6ecf,307,2dbfd06d764aa3ac9970c0080c13d98e267b04e2165491b97b39ff482053b7e4,3c508705802d98635778ec3780b6dbcd3dba1018dafb9c093e29a33d2bf0a948
s10,s1002b,O0_4_LR_all_gt20ms,110,9,0.08181818181818182,5,1,0,0.045454545454545456,0.00909090909090909,0.0,122,11,0.09016393442622951,7,1,0,0.05737704918032787,0.00819672131147541,0.0,409.7904379999997,308.29795300000006,0.7523307632668585,352.0199999999999,61,5.770819672131147,87130029b5443647ed1f1febd32ab768bf957a0a1698217eb3cf14b2d00c6ecf,307,2dbfd06d764aa3ac9970c0080c13d98e267b04e2165491b97b39ff482053b7e4,3c508705802d98635778ec3780b6dbcd3dba1018dafb9c093e29a33d2bf0a948
s10,s1002b,O0_4_LR_all_gt50ms,110,9,0.08181818181818182,5,1,0,0.045454545454545456,0.00909090909090909,0.0,122,11,0.09016393442622951,7,1,0,0.05737704918032787,0.00819672131147541,0.0,409.7904379999997,310.84829300000007,0.7585542857395816,355.49999999999994,61,5.827868852459016,87130029b5443647ed1f1febd32ab768bf957a0a1698217eb3cf14b2d00c6ecf,307,7c40370e3801047362ffccf07ed0d1b0ed5c0a0478dcc346c427191413a7b7d7,ba8cb6e065e1faf31cb7c9c68d300652f339633a274518cd0234c641de4b5471
s10,s1003b,O0_4,97,9,0.09278350515463918,7,2,1,0.07216494845360824,0.020618556701030927,0.010309278350515464,112,12,0.10714285714285714,9,3,2,0.08035714285714286,0.026785714285714284,0.017857142857142856,401.8676450000002,287.2204500000005,0.7147140447198738,331.97600000000017,56,5.92814285714286,87130029b5443647ed1f1febd32ab768bf957a0a1698217eb3cf14b2d00c6ecf,250,66b2aa9f136a260bbcbb09fdbaa15e366b11226e6390e1a2cc0b148c75b72261,3cea671ce01efe74f677227bfa1c60239c7e7b487f527ff724dfec29386d5aa4
s10,s1003b,O0_4_LR_rms_waveform_inside,97,9,0.09278350515463918,7,2,1,0.07216494845360824,0.020618556701030927,0.010309278350515464,112,12,0.10714285714285714,9,3,2,0.08035714285714286,0.026785714285714284,0.017857142857142856,401.8676450000002,283.01915000000054,0.7042596076626183,326.21200000000016,56,5.825214285714289,87130029b5443647ed1f1febd32ab768bf957a0a1698217eb3cf14b2d00c6ecf,250,ddad11d10e59a499ac442510f6fe0d162629ecb3a57a840637a7ffe4a388477f,a52884ff4ba1759a424163b3e62474e513dc3530b2e0731491c3d37ab19fad13
s10,s1003b,O0_4_LR_rms_waveform_gt20ms,97,9,0.09278350515463918,7,2,1,0.07216494845360824,0.020618556701030927,0.010309278350515464,112,12,0.10714285714285714,9,3,2,0.08035714285714286,0.026785714285714284,0.017857142857142856,401.8676450000002,284.6877410000005,0.7084116985830008,328.41200000000015,56,5.864500000000002,87130029b5443647ed1f1febd32ab768bf957a0a1698217eb3cf14b2d00c6ecf,250,5e9141dd43f8f9a6b6e7990f0b0968fd3975273b7459fd9415b95c77613999ff,066961ca06f120f02765cb2d5db18251a831e7fce351ae0134a7132d84051fc3
s10,s1003b,O0_4_LR_rms_waveform_gt50ms,97,9,0.09278350515463918,7,2,1,0.07216494845360824,0.020618556701030927,0.010309278350515464,112,12,0.10714285714285714,9,3,2,0.08035714285714286,0.026785714285714284,0.017857142857142856,401.8676450000002,287.2204500000005,0.7147140447198738,331.97600000000017,56,5.92814285714286,87130029b5443647ed1f1febd32ab768bf957a0a1698217eb3cf14b2d00c6ecf,250,66b2aa9f136a260bbcbb09fdbaa15e366b11226e6390e1a2cc0b148c75b72261,3cea671ce01efe74f677227bfa1c60239c7e7b487f527ff724dfec29386d5aa4
s10,s1003b,O0_4_LR_vad_only_inside,97,8,0.08247422680412371,6,2,1,0.061855670103092786,0.020618556701030927,0.010309278350515464,110,10,0.09090909090909091,7,3,2,0.06363636363636363,0.02727272727272727,0.01818181818181818,401.8676450000002,282.38967600000046,0.7026932362270676,325.4240000000001,55,5.916800000000002,87130029b5443647ed1f1febd32ab768bf957a0a1698217eb3cf14b2d00c6ecf,250,5999cb140ff0a9536cc8cf67927ca74fa31478dcdb6bc8ce3e5a0152b4b175a7,be4db8199b9bba488de73b3f299e3326315e0a8b324489112d3e3bd4070ca5f0
s10,s1003b,O0_4_LR_vad_only_gt20ms,97,9,0.09278350515463918,7,2,1,0.07216494845360824,0.020618556701030927,0.010309278350515464,110,11,0.1,8,3,2,0.07272727272727272,0.02727272727272727,0.01818181818181818,401.8676450000002,284.25207100000046,0.7073275854292781,327.8840000000001,55,5.961527272727275,87130029b5443647ed1f1febd32ab768bf957a0a1698217eb3cf14b2d00c6ecf,250,92b2537333fafecd41477ce962ffdcdc3fc551d4efab3b7999f31699c093a83e,51ed7364d199056e1336c143d6c2408d31132fbe718378902d239dbbe22f4bd9
s10,s1003b,O0_4_LR_vad_only_gt50ms,97,9,0.09278350515463918,7,2,1,0.07216494845360824,0.020618556701030927,0.010309278350515464,112,12,0.10714285714285714,9,3,2,0.08035714285714286,0.026785714285714284,0.017857142857142856,401.8676450000002,287.2204500000005,0.7147140447198738,331.97600000000017,56,5.92814285714286,87130029b5443647ed1f1febd32ab768bf957a0a1698217eb3cf14b2d00c6ecf,250,66b2aa9f136a260bbcbb09fdbaa15e366b11226e6390e1a2cc0b148c75b72261,3cea671ce01efe74f677227bfa1c60239c7e7b487f527ff724dfec29386d5aa4
s10,s1003b,O0_4_LR_all_inside,97,9,0.09278350515463918,7,2,1,0.07216494845360824,0.020618556701030927,0.010309278350515464,112,12,0.10714285714285714,9,3,2,0.08035714285714286,0.026785714285714284,0.017857142857142856,401.8676450000002,283.01915000000054,0.7042596076626183,326.21200000000016,56,5.825214285714289,87130029b5443647ed1f1febd32ab768bf957a0a1698217eb3cf14b2d00c6ecf,250,ddad11d10e59a499ac442510f6fe0d162629ecb3a57a840637a7ffe4a388477f,a52884ff4ba1759a424163b3e62474e513dc3530b2e0731491c3d37ab19fad13
s10,s1003b,O0_4_LR_all_gt20ms,97,9,0.09278350515463918,7,2,1,0.07216494845360824,0.020618556701030927,0.010309278350515464,112,12,0.10714285714285714,9,3,2,0.08035714285714286,0.026785714285714284,0.017857142857142856,401.8676450000002,284.1877410000005,0.707167507849507,327.63600000000014,56,5.8506428571428595,87130029b5443647ed1f1febd32ab768bf957a0a1698217eb3cf14b2d00c6ecf,250,0d7bd237d9359199abd6ec6f4065e0425c5b1f738c64224a7154ee0477c438b1,03689d59d19281fa0b3c194ef7d435dd82bd07ec1f19e4f9de43aeaac2a220ac
s10,s1003b,O0_4_LR_all_gt50ms,97,9,0.09278350515463918,7,2,1,0.07216494845360824,0.020618556701030927,0.010309278350515464,112,12,0.10714285714285714,9,3,2,0.08035714285714286,0.026785714285714284,0.017857142857142856,401.8676450000002,287.2204500000005,0.7147140447198738,331.97600000000017,56,5.92814285714286,87130029b5443647ed1f1febd32ab768bf957a0a1698217eb3cf14b2d00c6ecf,250,66b2aa9f136a260bbcbb09fdbaa15e366b11226e6390e1a2cc0b148c75b72261,3cea671ce01efe74f677227bfa1c60239c7e7b487f527ff724dfec29386d5aa4
s11,s1101a,O0_4,94,6,0.06382978723404255,3,2,0,0.031914893617021274,0.02127659574468085,0.0,94,6,0.06382978723404255,3,2,0,0.031914893617021274,0.02127659574468085,0.0,285.0435980000001,157.41823800000017,0.5522602124886177,189.38000000000005,47,4.029361702127661,87130029b5443647ed1f1febd32ab768bf957a0a1698217eb3cf14b2d00c6ecf,378,1cdc92e0ae9111f321b25ca64b1d79c9dc8582059016e503717ce30f0019675c,fe6511108d638097de348e26270d00c7e47a017dad99c5527867eb6b4ad0a845
s11,s1101a,O0_4_LR_rms_waveform_inside,94,7,0.07446808510638298,4,2,0,0.0425531914893617,0.02127659574468085,0.0,94,7,0.07446808510638298,4,2,0,0.0425531914893617,0.02127659574468085,0.0,285.0435980000001,154.25520200000025,0.5411635380774285,185.09600000000006,47,3.938212765957448,87130029b5443647ed1f1febd32ab768bf957a0a1698217eb3cf14b2d00c6ecf,378,0b4d890da6e5a6a9d2f0c126940d06e1260b1e0e0ce9336b1cea0dff95957441,4ed66d5de397b9a96fc58206d29ae7107cc77f1177760c1e426b8bd1b4c2cf5b
s11,s1101a,O0_4_LR_rms_waveform_gt20ms,94,7,0.07446808510638298,4,2,0,0.0425531914893617,0.02127659574468085,0.0,94,7,0.07446808510638298,4,2,0,0.0425531914893617,0.02127659574468085,0.0,285.0435980000001,154.25520200000025,0.5411635380774285,185.09600000000006,47,3.938212765957448,87130029b5443647ed1f1febd32ab768bf957a0a1698217eb3cf14b2d00c6ecf,378,0b4d890da6e5a6a9d2f0c126940d06e1260b1e0e0ce9336b1cea0dff95957441,4ed66d5de397b9a96fc58206d29ae7107cc77f1177760c1e426b8bd1b4c2cf5b
s11,s1101a,O0_4_LR_rms_waveform_gt50ms,94,6,0.06382978723404255,3,2,0,0.031914893617021274,0.02127659574468085,0.0,94,6,0.06382978723404255,3,2,0,0.031914893617021274,0.02127659574468085,0.0,285.0435980000001,156.3525950000002,0.5485216861457108,187.92800000000005,47,3.998468085106384,87130029b5443647ed1f1febd32ab768bf957a0a1698217eb3cf14b2d00c6ecf,378,6b506fa1292004c4be2086dbd927928897f31ef42d95405ab40e7e149a01dedd,fa8542a5fbf51409d469e22e9db08e10539b66054d8013f9f695802e26e288a7
s11,s1101a,O0_4_LR_vad_only_inside,94,9,0.09574468085106383,5,2,0,0.05319148936170213,0.02127659574468085,0.0,94,9,0.09574468085106383,5,2,0,0.05319148936170213,0.02127659574468085,0.0,285.0435980000001,153.67189900000025,0.5391171739278993,183.8400000000001,47,3.9114893617021296,87130029b5443647ed1f1febd32ab768bf957a0a1698217eb3cf14b2d00c6ecf,378,193ee28719633fb906b036d05fb102a456c2c8a1c01d192e696b473b4d7e3ec5,483c327c7c4ce3e8551925640cfbb7316ba38bc189f97b1923d44bc489a44107
s11,s1101a,O0_4_LR_vad_only_gt20ms,94,7,0.07446808510638298,4,2,0,0.0425531914893617,0.02127659574468085,0.0,94,7,0.07446808510638298,4,2,0,0.0425531914893617,0.02127659574468085,0.0,285.0435980000001,156.70301700000024,0.5497510489605881,188.18000000000006,47,4.003829787234044,87130029b5443647ed1f1febd32ab768bf957a0a1698217eb3cf14b2d00c6ecf,378,f3632edb3f45bc1b80ec9aa67bd0dce1447eef57c7f93dbb96b0435f26c7f1fb,8d9f953518b12774164bb029d22a3b341f755a5d0cb7d2d78e80b8144a3f44ec
s11,s1101a,O0_4_LR_vad_only_gt50ms,94,6,0.06382978723404255,3,2,0,0.031914893617021274,0.02127659574468085,0.0,94,6,0.06382978723404255,3,2,0,0.031914893617021274,0.02127659574468085,0.0,285.0435980000001,157.41823800000017,0.5522602124886177,189.38000000000005,47,4.029361702127661,87130029b5443647ed1f1febd32ab768bf957a0a1698217eb3cf14b2d00c6ecf,378,1cdc92e0ae9111f321b25ca64b1d79c9dc8582059016e503717ce30f0019675c,fe6511108d638097de348e26270d00c7e47a017dad99c5527867eb6b4ad0a845
s11,s1101a,O0_4_LR_all_inside,94,7,0.07446808510638298,4,2,0,0.0425531914893617,0.02127659574468085,0.0,94,7,0.07446808510638298,4,2,0,0.0425531914893617,0.02127659574468085,0.0,285.0435980000001,153.38957900000023,0.5381267289504259,183.97600000000006,47,3.9143829787234052,87130029b5443647ed1f1febd32ab768bf957a0a1698217eb3cf14b2d00c6ecf,378,45f4925e9032e4b899bb03464e97d0c083c28c1308d7cd1001da75d32a6754ec,123c3756788bd743fb755fa97b0a40bda1178728eec01394ac861715e3de1c5b
s11,s1101a,O0_4_LR_all_gt20ms,94,7,0.07446808510638298,4,2,0,0.0425531914893617,0.02127659574468085,0.0,94,7,0.07446808510638298,4,2,0,0.0425531914893617,0.02127659574468085,0.0,285.0435980000001,154.25520200000025,0.5411635380774285,185.09600000000006,47,3.938212765957448,87130029b5443647ed1f1febd32ab768bf957a0a1698217eb3cf14b2d00c6ecf,378,0b4d890da6e5a6a9d2f0c126940d06e1260b1e0e0ce9336b1cea0dff95957441,4ed66d5de397b9a96fc58206d29ae7107cc77f1177760c1e426b8bd1b4c2cf5b
s11,s1101a,O0_4_LR_all_gt50ms,94,6,0.06382978723404255,3,2,0,0.031914893617021274,0.02127659574468085,0.0,94,6,0.06382978723404255,3,2,0,0.031914893617021274,0.02127659574468085,0.0,285.0435980000001,156.88752900000017,0.5503983604641425,188.62800000000004,47,4.013361702127661,87130029b5443647ed1f1febd32ab768bf957a0a1698217eb3cf14b2d00c6ecf,378,4598b7c1887e1f6d21ee02a5965b40e150a039645c015824494e104d47950857,42f4055fc1361ce3437f0ccc31fa348466abb5e34d129df507c845777015b80f
s11,s1102a,O0_4,68,4,0.058823529411764705,3,1,0,0.04411764705882353,0.014705882352941176,0.0,68,4,0.058823529411764705,3,1,0,0.04411764705882353,0.014705882352941176,0.0,238.4946670000003,124.37223500000015,0.5214885371000769,142.65200000000002,34,4.19564705882353,87130029b5443647ed1f1febd32ab768bf957a0a1698217eb3cf14b2d00c6ecf,307,7387375c92be61b3d106f29a97633f49c014dab5a80e1fba4d0997e47c31fece,4c7024a715951d43322d7b448bd67c0b9a727f4b529bd8324190024ba42a9587
s11,s1102a,O0_4_LR_rms_waveform_inside,68,5,0.07352941176470588,4,2,0,0.058823529411764705,0.029411764705882353,0.0,68,5,0.07352941176470588,4,2,0,0.058823529411764705,0.029411764705882353,0.0,238.4946670000003,121.32377100000012,0.5087064315781953,138.45600000000005,34,4.0722352941176485,87130029b5443647ed1f1febd32ab768bf957a0a1698217eb3cf14b2d00c6ecf,307,3f30b30df077e37d30c794bb1b02746c107b889efb650163051ae221161af563,b560d894589b51e1355325cef0dbd712ee5df88f00ae36120c0d1958b7f98450
s11,s1102a,O0_4_LR_rms_waveform_gt20ms,68,5,0.07352941176470588,4,2,0,0.058823529411764705,0.029411764705882353,0.0,68,5,0.07352941176470588,4,2,0,0.058823529411764705,0.029411764705882353,0.0,238.4946670000003,121.9156160000001,0.5111880174662352,139.02000000000004,34,4.088823529411766,87130029b5443647ed1f1febd32ab768bf957a0a1698217eb3cf14b2d00c6ecf,307,8b600c6e770dc4b5170c18a1293897c6653ee31952aa9b3f36a04fb999169dac,d06508e0b827154cf4a99d3c71cc323b8480dea84356e26173d619e9f9f87a34
s11,s1102a,O0_4_LR_rms_waveform_gt50ms,68,5,0.07352941176470588,4,2,0,0.058823529411764705,0.029411764705882353,0.0,68,5,0.07352941176470588,4,2,0,0.058823529411764705,0.029411764705882353,0.0,238.4946670000003,123.91688100000015,0.519579253317224,142.00000000000003,34,4.176470588235295,87130029b5443647ed1f1febd32ab768bf957a0a1698217eb3cf14b2d00c6ecf,307,a7d98e1072f1f0f98ba2250fba21ae0ba65cf3340e4b30e976d02226e465ffa2,87721e918dcc480e4ca1d6daf56329b2b677b0bb658382f52c4c0f542eea91e7
s11,s1102a,O0_4_LR_vad_only_inside,68,7,0.10294117647058823,6,2,0,0.08823529411764706,0.029411764705882353,0.0,68,7,0.10294117647058823,6,2,0,0.08823529411764706,0.029411764705882353,0.0,238.4946670000003,120.41870300000015,0.5049115123400223,137.34400000000008,34,4.0395294117647085,87130029b5443647ed1f1febd32ab768bf957a0a1698217eb3cf14b2d00c6ecf,307,5f900ef4d58e5b795403ca734c3bdd6ddeb10f5eaffda83701777e436c025cc9,3c167a6bb3cd0784dd87e10a1d636b8562b91850b91fcf62f315d24c888a6500
s11,s1102a,O0_4_LR_vad_only_gt20ms,68,6,0.08823529411764706,5,1,0,0.07352941176470588,0.014705882352941176,0.0,68,6,0.08823529411764706,5,1,0,0.07352941176470588,0.014705882352941176,0.0,238.4946670000003,120.87405700000015,0.5068207961228751,137.99600000000007,34,4.058705882352943,87130029b5443647ed1f1febd32ab768bf957a0a1698217eb3cf14b2d00c6ecf,307,5529e089f89e14d1e342af6941611943838154d979fd669d5bb094fa6d0c13ef,4ee76474dc6a44d18e14cb4e0a016b9ee83db04217b3a84fa79aca353dfd38f0
s11,s1102a,O0_4_LR_vad_only_gt50ms,68,4,0.058823529411764705,3,1,0,0.04411764705882353,0.014705882352941176,0.0,68,4,0.058823529411764705,3,1,0,0.04411764705882353,0.014705882352941176,0.0,238.4946670000003,124.27131600000017,0.5210653871769804,142.5,34,4.1911764705882355,87130029b5443647ed1f1febd32ab768bf957a0a1698217eb3cf14b2d00c6ecf,307,078ac5ed3db535b2ac0c475dca341530f0510d34f2f1d759437036a78e3531b8,4a4089688c76a97f13607affda1ceb32a75f80fa6ad07b7920a15311137e3ed2
s11,s1102a,O0_4_LR_all_inside,68,6,0.08823529411764706,5,2,0,0.07352941176470588,0.029411764705882353,0.0,68,6,0.08823529411764706,5,2,0,0.07352941176470588,0.029411764705882353,0.0,238.4946670000003,121.60598300000011,0.5098897368635918,138.57200000000003,34,4.07564705882353,87130029b5443647ed1f1febd32ab768bf957a0a1698217eb3cf14b2d00c6ecf,307,3beb5fab60ab5fc1aba18a7d1e17320785d058fd7ab64dd998d1193783d70839,0b6ff46d8c390daacfee8630435a76239c49260cad7edba12968dcc46a8e71f2
s11,s1102a,O0_4_LR_all_gt20ms,68,5,0.07352941176470588,4,2,0,0.058823529411764705,0.029411764705882353,0.0,68,5,0.07352941176470588,4,2,0,0.058823529411764705,0.029411764705882353,0.0,238.4946670000003,121.9156160000001,0.5111880174662352,139.02000000000004,34,4.088823529411766,87130029b5443647ed1f1febd32ab768bf957a0a1698217eb3cf14b2d00c6ecf,307,8b600c6e770dc4b5170c18a1293897c6653ee31952aa9b3f36a04fb999169dac,d06508e0b827154cf4a99d3c71cc323b8480dea84356e26173d619e9f9f87a34
s11,s1102a,O0_4_LR_all_gt50ms,68,5,0.07352941176470588,4,2,0,0.058823529411764705,0.029411764705882353,0.0,68,5,0.07352941176470588,4,2,0,0.058823529411764705,0.029411764705882353,0.0,238.4946670000003,123.91688100000015,0.519579253317224,142.00000000000003,34,4.176470588235295,87130029b5443647ed1f1febd32ab768bf957a0a1698217eb3cf14b2d00c6ecf,307,a7d98e1072f1f0f98ba2250fba21ae0ba65cf3340e4b30e976d02226e465ffa2,87721e918dcc480e4ca1d6daf56329b2b677b0bb658382f52c4c0f542eea91e7
s11,s1102b,O0_4,42,4,0.09523809523809523,1,0,0,0.023809523809523808,0.0,0.0,42,4,0.09523809523809523,1,0,0,0.023809523809523808,0.0,0.0,189.80443799999995,79.37668699999995,0.41820248165114016,92.27199999999992,21,4.393904761904758,87130029b5443647ed1f1febd32ab768bf957a0a1698217eb3cf14b2d00c6ecf,273,7a9a3388bd654748801d2648f28a4ee63c3969b4633ee393904c2a6b36b9948f,2bcf09217f2ac0a69352989a224e9b65c7ac73fb0ca32435cf24b452bb5840e8
s11,s1102b,O0_4_LR_rms_waveform_inside,42,5,0.11904761904761904,2,1,1,0.047619047619047616,0.023809523809523808,0.023809523809523808,42,5,0.11904761904761904,2,1,1,0.047619047619047616,0.023809523809523808,0.023809523809523808,189.80443799999995,78.64651199999997,0.4143554957339828,91.31599999999996,21,4.348380952380951,87130029b5443647ed1f1febd32ab768bf957a0a1698217eb3cf14b2d00c6ecf,273,26916e1a9b8f5028d19489a1e7de9d62b563058ea978a62ee12fee5b40f1d17c,920c24f25ab5d97dfb00f2ef34ef016ca029ae955f63be4bba953d2ee33b8358
s11,s1102b,O0_4_LR_rms_waveform_gt20ms,42,5,0.11904761904761904,2,1,1,0.047619047619047616,0.023809523809523808,0.023809523809523808,42,5,0.11904761904761904,2,1,1,0.047619047619047616,0.023809523809523808,0.023809523809523808,189.80443799999995,78.64651199999997,0.4143554957339828,91.31599999999996,21,4.348380952380951,87130029b5443647ed1f1febd32ab768bf957a0a1698217eb3cf14b2d00c6ecf,273,26916e1a9b8f5028d19489a1e7de9d62b563058ea978a62ee12fee5b40f1d17c,920c24f25ab5d97dfb00f2ef34ef016ca029ae955f63be4bba953d2ee33b8358
s11,s1102b,O0_4_LR_rms_waveform_gt50ms,42,5,0.11904761904761904,2,1,1,0.047619047619047616,0.023809523809523808,0.023809523809523808,42,5,0.11904761904761904,2,1,1,0.047619047619047616,0.023809523809523808,0.023809523809523808,189.80443799999995,78.64651199999997,0.4143554957339828,91.31599999999996,21,4.348380952380951,87130029b5443647ed1f1febd32ab768bf957a0a1698217eb3cf14b2d00c6ecf,273,26916e1a9b8f5028d19489a1e7de9d62b563058ea978a62ee12fee5b40f1d17c,920c24f25ab5d97dfb00f2ef34ef016ca029ae955f63be4bba953d2ee33b8358
s11,s1102b,O0_4_LR_vad_only_inside,42,4,0.09523809523809523,1,0,0,0.023809523809523808,0.0,0.0,42,4,0.09523809523809523,1,0,0,0.023809523809523808,0.0,0.0,189.80443799999995,76.93650399999996,0.40534618057771643,89.35999999999994,21,4.255238095238092,87130029b5443647ed1f1febd32ab768bf957a0a1698217eb3cf14b2d00c6ecf,273,c69ac7c4a0f2e29a39f46c38bf50569f7a6e0e8ee02e4f5ad8e738b124ea9fa0,0c2280ff192d791d4dcf379446ee252677a130170344147f54516af432a3b571
s11,s1102b,O0_4_LR_vad_only_gt20ms,42,4,0.09523809523809523,1,0,0,0.023809523809523808,0.0,0.0,42,4,0.09523809523809523,1,0,0,0.023809523809523808,0.0,0.0,189.80443799999995,79.06326399999995,0.4165511872804574,91.79999999999994,21,4.371428571428568,87130029b5443647ed1f1febd32ab768bf957a0a1698217eb3cf14b2d00c6ecf,273,54857100f741ca2eda5296ddf8df31e19c87520a1e6f6cebadb6d46eccd735b4,571a6cfed6b40a182e9b7697968c1bc94c586ae0740d0147ec87a4621aa1e18c
s11,s1102b,O0_4_LR_vad_only_gt50ms,42,4,0.09523809523809523,1,0,0,0.023809523809523808,0.0,0.0,42,4,0.09523809523809523,1,0,0,0.023809523809523808,0.0,0.0,189.80443799999995,79.37668699999995,0.41820248165114016,92.27199999999992,21,4.393904761904758,87130029b5443647ed1f1febd32ab768bf957a0a1698217eb3cf14b2d00c6ecf,273,7a9a3388bd654748801d2648f28a4ee63c3969b4633ee393904c2a6b36b9948f,2bcf09217f2ac0a69352989a224e9b65c7ac73fb0ca32435cf24b452bb5840e8
s11,s1102b,O0_4_LR_all_inside,42,5,0.11904761904761904,2,1,1,0.047619047619047616,0.023809523809523808,0.023809523809523808,42,5,0.11904761904761904,2,1,1,0.047619047619047616,0.023809523809523808,0.023809523809523808,189.80443799999995,78.64651199999997,0.4143554957339828,91.31599999999996,21,4.348380952380951,87130029b5443647ed1f1febd32ab768bf957a0a1698217eb3cf14b2d00c6ecf,273,26916e1a9b8f5028d19489a1e7de9d62b563058ea978a62ee12fee5b40f1d17c,920c24f25ab5d97dfb00f2ef34ef016ca029ae955f63be4bba953d2ee33b8358
s11,s1102b,O0_4_LR_all_gt20ms,42,5,0.11904761904761904,2,1,1,0.047619047619047616,0.023809523809523808,0.023809523809523808,42,5,0.11904761904761904,2,1,1,0.047619047619047616,0.023809523809523808,0.023809523809523808,189.80443799999995,78.64651199999997,0.4143554957339828,91.31599999999996,21,4.348380952380951,87130029b5443647ed1f1febd32ab768bf957a0a1698217eb3cf14b2d00c6ecf,273,26916e1a9b8f5028d19489a1e7de9d62b563058ea978a62ee12fee5b40f1d17c,920c24f25ab5d97dfb00f2ef34ef016ca029ae955f63be4bba953d2ee33b8358
s11,s1102b,O0_4_LR_all_gt50ms,42,5,0.11904761904761904,2,1,1,0.047619047619047616,0.023809523809523808,0.023809523809523808,42,5,0.11904761904761904,2,1,1,0.047619047619047616,0.023809523809523808,0.023809523809523808,189.80443799999995,78.64651199999997,0.4143554957339828,91.31599999999996,21,4.348380952380951,87130029b5443647ed1f1febd32ab768bf957a0a1698217eb3cf14b2d00c6ecf,273,26916e1a9b8f5028d19489a1e7de9d62b563058ea978a62ee12fee5b40f1d17c,920c24f25ab5d97dfb00f2ef34ef016ca029ae955f63be4bba953d2ee33b8358
s11,s1103a,O0_4,68,2,0.029411764705882353,1,0,0,0.014705882352941176,0.0,0.0,68,2,0.029411764705882353,1,0,0,0.014705882352941176,0.0,0.0,300.7196709999997,126.71803100000001,0.42138258058948236,144.76000000000028,34,4.2576470588235376,87130029b5443647ed1f1febd32ab768bf957a0a1698217eb3cf14b2d00c6ecf,387,9167e39551df684b5814a4aea9778fce574e8cd01aa1db8da4c82a864cb30585,83c859c8724efd78913ba7aeba70684eedc5f35d6c32cb799f5454d941734055
s11,s1103a,O0_4_LR_rms_waveform_inside,68,2,0.029411764705882353,1,0,0,0.014705882352941176,0.0,0.0,68,2,0.029411764705882353,1,0,0,0.014705882352941176,0.0,0.0,300.7196709999997,122.52513800000004,0.40743971816862007,139.30800000000025,34,4.097294117647066,87130029b5443647ed1f1febd32ab768bf957a0a1698217eb3cf14b2d00c6ecf,387,ccfe3f0e21a4fcd417ebaa2f228ad7ac4e9e89fc6a3d7474a5fc2c65e49bdc8e,f8d5261ade05f92b037b9200ff46ce1716a1ac04a97d088bf782ae57f982c790
s11,s1103a,O0_4_LR_rms_waveform_gt20ms,68,2,0.029411764705882353,1,0,0,0.014705882352941176,0.0,0.0,68,2,0.029411764705882353,1,0,0,0.014705882352941176,0.0,0.0,300.7196709999997,123.17744500000005,0.40960887124673717,140.18400000000025,34,4.123058823529419,87130029b5443647ed1f1febd32ab768bf957a0a1698217eb3cf14b2d00c6ecf,387,bb34712ecb2535cbb3f78c4aa3dd2f5614f1aabf961eb2d1f686950ec007b234,168c2f388bf0ac8c682f3c2cf8bf8c039b4d8afb67ab48cb2939c995b3a78cef
s11,s1103a,O0_4_LR_rms_waveform_gt50ms,68,2,0.029411764705882353,1,0,0,0.014705882352941176,0.0,0.0,68,2,0.029411764705882353,1,0,0,0.014705882352941176,0.0,0.0,300.7196709999997,124.49164600000002,0.41397905759214576,141.93200000000024,34,4.174470588235302,87130029b5443647ed1f1febd32ab768bf957a0a1698217eb3cf14b2d00c6ecf,387,f1fb97d6c2a8c5567dfe45d6fc560c19a2232ea051bb37582f26417b8389c81b,50fd229edf0e63ecbde21155a6c9b9de5265126fbc7497a155fc3c5e1f310b2b
s11,s1103a,O0_4_LR_vad_only_inside,68,2,0.029411764705882353,1,0,0,0.014705882352941176,0.0,0.0,68,2,0.029411764705882353,1,0,0,0.014705882352941176,0.0,0.0,300.7196709999997,124.334583,0.4134567671830158,141.62400000000025,34,4.1654117647058895,87130029b5443647ed1f1febd32ab768bf957a0a1698217eb3cf14b2d00c6ecf,387,a86dc10fa111d7f92c8c8771ca6535b1ce05fce4697b8f112c79fd7f3cdfa0a9,ea123edb21396fb8f43f071cca2b9d74a4d49d1d4ccd4f526cb23470034df1c5
s11,s1103a,O0_4_LR_vad_only_gt20ms,68,2,0.029411764705882353,1,0,0,0.014705882352941176,0.0,0.0,68,2,0.029411764705882353,1,0,0,0.014705882352941176,0.0,0.0,300.7196709999997,126.28803100000003,0.4199526774555435,144.05200000000028,34,4.236823529411772,87130029b5443647ed1f1febd32ab768bf957a0a1698217eb3cf14b2d00c6ecf,387,f4681e445740bb5d9243fe4a3ad576296feefe78e97c9eb9a21c8e65b888d583,7baf37327c6ddd1469be283c6f62a168d4036f6e90454284815c0ddd96942c59
s11,s1103a,O0_4_LR_vad_only_gt50ms,68,2,0.029411764705882353,1,0,0,0.014705882352941176,0.0,0.0,68,2,0.029411764705882353,1,0,0,0.014705882352941176,0.0,0.0,300.7196709999997,125.96421199999999,0.41887586396035964,143.8160000000003,34,4.229882352941185,87130029b5443647ed1f1febd32ab768bf957a0a1698217eb3cf14b2d00c6ecf,387,1e81eb1dfe4599dac724d435f1553c1ca2c5b97aa50ad513bc69ae2f87a2d154,e7d5a8d7eae63c1880e2f647d8680018b859ae37222233e5a7e1428009d1b33a
s11,s1103a,O0_4_LR_all_inside,68,2,0.029411764705882353,1,0,0,0.014705882352941176,0.0,0.0,68,2,0.029411764705882353,1,0,0,0.014705882352941176,0.0,0.0,300.7196709999997,122.04425599999998,0.4058406142643063,138.76400000000027,34,4.081294117647067,87130029b5443647ed1f1febd32ab768bf957a0a1698217eb3cf14b2d00c6ecf,387,9a9961b1f6f37298337fff746dcc31c914878d8cf5b9e1dc524f67ee1f1307f1,72a4ca7f3e069d6b276f699cf574a80ad728bc53128fdc890ec7de2da701b4e7
s11,s1103a,O0_4_LR_all_gt20ms,68,2,0.029411764705882353,1,0,0,0.014705882352941176,0.0,0.0,68,2,0.029411764705882353,1,0,0,0.014705882352941176,0.0,0.0,300.7196709999997,122.52513800000004,0.40743971816862007,139.30800000000025,34,4.097294117647066,87130029b5443647ed1f1febd32ab768bf957a0a1698217eb3cf14b2d00c6ecf,387,ccfe3f0e21a4fcd417ebaa2f228ad7ac4e9e89fc6a3d7474a5fc2c65e49bdc8e,f8d5261ade05f92b037b9200ff46ce1716a1ac04a97d088bf782ae57f982c790
s11,s1103a,O0_4_LR_all_gt50ms,68,2,0.029411764705882353,1,0,0,0.014705882352941176,0.0,0.0,68,2,0.029411764705882353,1,0,0,0.014705882352941176,0.0,0.0,300.7196709999997,125.05636399999999,0.41585694605259166,142.66400000000027,34,4.196000000000008,87130029b5443647ed1f1febd32ab768bf957a0a1698217eb3cf14b2d00c6ecf,387,b95878901fbe4104084e32f12bed2774d6ad98b837f66c439180a487fc914171,17dafe71b50d84a7f9052a2b1e3d3776e805ba3cf2c0e22c05714a370598cc4b
s11,s1103b,O0_4,87,7,0.08045977011494253,3,1,0,0.034482758620689655,0.011494252873563218,0.0,88,7,0.07954545454545454,3,1,0,0.03409090909090909,0.011363636363636364,0.0,326.98767699999894,175.1377109999997,0.5356095147279825,201.14800000000005,44,4.571545454545456,87130029b5443647ed1f1febd32ab768bf957a0a1698217eb3cf14b2d00c6ecf,410,815515f8f74f718c24303167645a213b13c2f55d8cb05b443f371068275bbbb7,22168c6c5dd36b499aecb6812034512eb765845d4bebd74be9123365a56a7ee5
s11,s1103b,O0_4_LR_rms_waveform_inside,87,6,0.06896551724137931,3,1,0,0.034482758620689655,0.011494252873563218,0.0,88,6,0.06818181818181818,3,1,0,0.03409090909090909,0.011363636363636364,0.0,326.98767699999894,172.09952499999977,0.5263180758949528,196.43999999999997,44,4.464545454545454,87130029b5443647ed1f1febd32ab768bf957a0a1698217eb3cf14b2d00c6ecf,410,2beedcc67be35d79edcdbfbf7147903352055498c2a42cfa70b4d8f97e126503,3a98210dcb34c7be253a17b2fa6f4b7d0c46cde98bc798271a355a65fab06f21
s11,s1103b,O0_4_LR_rms_waveform_gt20ms,87,7,0.08045977011494253,3,1,0,0.034482758620689655,0.011494252873563218,0.0,88,7,0.07954545454545454,3,1,0,0.03409090909090909,0.011363636363636364,0.0,326.98767699999894,174.07019099999977,0.532344804541366,199.648,44,4.537454545454545,87130029b5443647ed1f1febd32ab768bf957a0a1698217eb3cf14b2d00c6ecf,410,032b991723a6f4a6ecfb2dbc2ecf4bcf7b304b79261b582f8ba5e096e5a7905c,ef180b6f9431269adc57d9107cff02e0b9e1f85349c6eb45147eea03360b1abd
s11,s1103b,O0_4_LR_rms_waveform_gt50ms,87,7,0.08045977011494253,3,1,0,0.034482758620689655,0.011494252873563218,0.0,88,7,0.07954545454545454,3,1,0,0.03409090909090909,0.011363636363636364,0.0,326.98767699999894,175.1377109999997,0.5356095147279825,201.14800000000005,44,4.571545454545456,87130029b5443647ed1f1febd32ab768bf957a0a1698217eb3cf14b2d00c6ecf,410,815515f8f74f718c24303167645a213b13c2f55d8cb05b443f371068275bbbb7,22168c6c5dd36b499aecb6812034512eb765845d4bebd74be9123365a56a7ee5
s11,s1103b,O0_4_LR_vad_only_inside,87,6,0.06896551724137931,3,1,0,0.034482758620689655,0.011494252873563218,0.0,88,6,0.06818181818181818,3,1,0,0.03409090909090909,0.011363636363636364,0.0,326.98767699999894,172.1665879999998,0.5265231692508104,196.468,44,4.465181818181818,87130029b5443647ed1f1febd32ab768bf957a0a1698217eb3cf14b2d00c6ecf,410,15ef3f5292ff158b0d2e7d3245424816be9b8ec4f4562fc8324a032c049244fa,7def9fdccdeb10aa75db8c06dbe9a8ea572c6880c71929ca4d550526e718ecfe
s11,s1103b,O0_4_LR_vad_only_gt20ms,87,7,0.08045977011494253,3,1,0,0.034482758620689655,0.011494252873563218,0.0,88,7,0.07954545454545454,3,1,0,0.03409090909090909,0.011363636363636364,0.0,326.98767699999894,174.6092209999998,0.533993276449988,199.60399999999996,44,4.536454545454545,87130029b5443647ed1f1febd32ab768bf957a0a1698217eb3cf14b2d00c6ecf,410,d2030a69efa0862c0cca53624e7192af06cde34ff9ae75cf77d9a1a21e605d0e,7631546105f83f81bf048361d1deab90b95e8e4c2018a26502d9e11685510555
s11,s1103b,O0_4_LR_vad_only_gt50ms,87,7,0.08045977011494253,3,1,0,0.034482758620689655,0.011494252873563218,0.0,88,7,0.07954545454545454,3,1,0,0.03409090909090909,0.011363636363636364,0.0,326.98767699999894,175.1377109999997,0.5356095147279825,201.14800000000005,44,4.571545454545456,87130029b5443647ed1f1febd32ab768bf957a0a1698217eb3cf14b2d00c6ecf,410,815515f8f74f718c24303167645a213b13c2f55d8cb05b443f371068275bbbb7,22168c6c5dd36b499aecb6812034512eb765845d4bebd74be9123365a56a7ee5
s11,s1103b,O0_4_LR_all_inside,87,6,0.06896551724137931,3,1,0,0.034482758620689655,0.011494252873563218,0.0,88,6,0.06818181818181818,3,1,0,0.03409090909090909,0.011363636363636364,0.0,326.98767699999894,172.09952499999977,0.5263180758949528,196.43999999999997,44,4.464545454545454,87130029b5443647ed1f1febd32ab768bf957a0a1698217eb3cf14b2d00c6ecf,410,2beedcc67be35d79edcdbfbf7147903352055498c2a42cfa70b4d8f97e126503,3a98210dcb34c7be253a17b2fa6f4b7d0c46cde98bc798271a355a65fab06f21
s11,s1103b,O0_4_LR_all_gt20ms,87,7,0.08045977011494253,3,1,0,0.034482758620689655,0.011494252873563218,0.0,88,7,0.07954545454545454,3,1,0,0.03409090909090909,0.011363636363636364,0.0,326.98767699999894,173.63049299999975,0.5310001116647595,198.604,44,4.513727272727273,87130029b5443647ed1f1febd32ab768bf957a0a1698217eb3cf14b2d00c6ecf,410,bdb53d6d301bbc170c29cf1cecea8a152f8ef1664846ec8caab6beffd8893eea,4c251f4f61d64e77d8d185865819a11bc97f0707969d64b523ccfbb9ced49993
s11,s1103b,O0_4_LR_all_gt50ms,87,7,0.08045977011494253,3,1,0,0.034482758620689655,0.011494252873563218,0.0,88,7,0.07954545454545454,3,1,0,0.03409090909090909,0.011363636363636364,0.0,326.98767699999894,175.1377109999997,0.5356095147279825,201.14800000000005,44,4.571545454545456,87130029b5443647ed1f1febd32ab768bf957a0a1698217eb3cf14b2d00c6ecf,410,815515f8f74f718c24303167645a213b13c2f55d8cb05b443f371068275bbbb7,22168c6c5dd36b499aecb6812034512eb765845d4bebd74be9123365a56a7ee5
s11,s1104a,O0_4,80,6,0.075,2,1,0,0.025,0.0125,0.0,80,6,0.075,2,1,0,0.025,0.0125,0.0,289.8333909999997,149.20364399999977,0.514791078713218,171.42,40,4.2855,87130029b5443647ed1f1febd32ab768bf957a0a1698217eb3cf14b2d00c6ecf,347,d3a1732d180ed2c86ff42f161e400a79151d2736e5d010c963d702e30cdd27b8,5a8488588e6ac8bc38db9153772b0c60e4fae898bccd43002301c18edbf5d7b6
s11,s1104a,O0_4_LR_rms_waveform_inside,80,6,0.075,2,1,0,0.025,0.0125,0.0,80,6,0.075,2,1,0,0.025,0.0125,0.0,289.8333909999997,147.18671199999977,0.5078321427775032,168.744,40,4.2186,87130029b5443647ed1f1febd32ab768bf957a0a1698217eb3cf14b2d00c6ecf,347,38adb3ebcd33ad2fa91623de55ecfb3e0f98b3e42e2aec161e215fe9b41d748e,a7d9599c6777610bbc8cc74ed3a7ec4366b8eb31079c791403e5fb76e2470f4d
s11,s1104a,O0_4_LR_rms_waveform_gt20ms,80,6,0.075,2,1,0,0.025,0.0125,0.0,80,6,0.075,2,1,0,0.025,0.0125,0.0,289.8333909999997,147.63600999999977,0.5093823368336463,169.396,40,4.2349,87130029b5443647ed1f1febd32ab768bf957a0a1698217eb3cf14b2d00c6ecf,347,7b944365c0dfc10da39ad88e97ddcd05e26e290460cf9993ca950ab16d1be477,b03016b58a7807e3746d1c469d5872cb5233aa1e0d94f2ae21692e94694a3a9f
s11,s1104a,O0_4_LR_rms_waveform_gt50ms,80,6,0.075,2,1,0,0.025,0.0125,0.0,80,6,0.075,2,1,0,0.025,0.0125,0.0,289.8333909999997,149.20364399999977,0.514791078713218,171.42,40,4.2855,87130029b5443647ed1f1febd32ab768bf957a0a1698217eb3cf14b2d00c6ecf,347,d3a1732d180ed2c86ff42f161e400a79151d2736e5d010c963d702e30cdd27b8,5a8488588e6ac8bc38db9153772b0c60e4fae898bccd43002301c18edbf5d7b6
s11,s1104a,O0_4_LR_vad_only_inside,80,7,0.0875,3,1,0,0.0375,0.0125,0.0,80,7,0.0875,3,1,0,0.0375,0.0125,0.0,289.8333909999997,146.7161699999998,0.5062086514386465,168.036,40,4.2009,87130029b5443647ed1f1febd32ab768bf957a0a1698217eb3cf14b2d00c6ecf,347,c2487a0ada6d29f204597fea6e34628a72c6980914c626117554548211a64992,410a4a27119f368f733ca27c3384cf41af821f788728ee52046ab4c2aa54459e
s11,s1104a,O0_4_LR_vad_only_gt20ms,80,6,0.075,2,1,0,0.025,0.0125,0.0,80,6,0.075,2,1,0,0.025,0.0125,0.0,289.8333909999997,149.20364399999977,0.514791078713218,171.42,40,4.2855,87130029b5443647ed1f1febd32ab768bf957a0a1698217eb3cf14b2d00c6ecf,347,d3a1732d180ed2c86ff42f161e400a79151d2736e5d010c963d702e30cdd27b8,5a8488588e6ac8bc38db9153772b0c60e4fae898bccd43002301c18edbf5d7b6
s11,s1104a,O0_4_LR_vad_only_gt50ms,80,6,0.075,2,1,0,0.025,0.0125,0.0,80,6,0.075,2,1,0,0.025,0.0125,0.0,289.8333909999997,149.20364399999977,0.514791078713218,171.42,40,4.2855,87130029b5443647ed1f1febd32ab768bf957a0a1698217eb3cf14b2d00c6ecf,347,d3a1732d180ed2c86ff42f161e400a79151d2736e5d010c963d702e30cdd27b8,5a8488588e6ac8bc38db9153772b0c60e4fae898bccd43002301c18edbf5d7b6
s11,s1104a,O0_4_LR_all_inside,80,6,0.075,2,1,0,0.025,0.0125,0.0,80,6,0.075,2,1,0,0.025,0.0125,0.0,289.8333909999997,147.18671199999977,0.5078321427775032,168.744,40,4.2186,87130029b5443647ed1f1febd32ab768bf957a0a1698217eb3cf14b2d00c6ecf,347,38adb3ebcd33ad2fa91623de55ecfb3e0f98b3e42e2aec161e215fe9b41d748e,a7d9599c6777610bbc8cc74ed3a7ec4366b8eb31079c791403e5fb76e2470f4d
s11,s1104a,O0_4_LR_all_gt20ms,80,6,0.075,2,1,0,0.025,0.0125,0.0,80,6,0.075,2,1,0,0.025,0.0125,0.0,289.8333909999997,147.63600999999977,0.5093823368336463,169.396,40,4.2349,87130029b5443647ed1f1febd32ab768bf957a0a1698217eb3cf14b2d00c6ecf,347,7b944365c0dfc10da39ad88e97ddcd05e26e290460cf9993ca950ab16d1be477,b03016b58a7807e3746d1c469d5872cb5233aa1e0d94f2ae21692e94694a3a9f
s11,s1104a,O0_4_LR_all_gt50ms,80,6,0.075,2,1,0,0.025,0.0125,0.0,80,6,0.075,2,1,0,0.025,0.0125,0.0,289.8333909999997,149.20364399999977,0.514791078713218,171.42,40,4.2855,87130029b5443647ed1f1febd32ab768bf957a0a1698217eb3cf14b2d00c6ecf,347,d3a1732d180ed2c86ff42f161e400a79151d2736e5d010c963d702e30cdd27b8,5a8488588e6ac8bc38db9153772b0c60e4fae898bccd43002301c18edbf5d7b6
s11,s1104b,O0_4,66,5,0.07575757575757576,2,0,0,0.030303030303030304,0.0,0.0,66,5,0.07575757575757576,2,0,0,0.030303030303030304,0.0,0.0,275.3630759999999,115.3454859999999,0.4188850868298694,131.93599999999995,33,3.9980606060606045,87130029b5443647ed1f1febd32ab768bf957a0a1698217eb3cf14b2d00c6ecf,366,edec24e8bdeea9f1924601e0086a0da2ce5f8062e6312692e370eb34ac7a27c9,9a51132011c696035b1af2ba4d6a2799a852690a7bed5df7d20c6316286b24ce
s11,s1104b,O0_4_LR_rms_waveform_inside,66,5,0.07575757575757576,2,0,0,0.030303030303030304,0.0,0.0,66,5,0.07575757575757576,2,0,0,0.030303030303030304,0.0,0.0,275.3630759999999,112.24038199999997,0.40760868752061735,127.12799999999991,33,3.8523636363636338,87130029b5443647ed1f1febd32ab768bf957a0a1698217eb3cf14b2d00c6ecf,366,9b781734de27e1578e0af9b97c10b064da57903a0617814e4ae35d173b432478,c90d6c126f461bfa56d189922ca369f0787c07129cfc5855b248156441f05f0d
s11,s1104b,O0_4_LR_rms_waveform_gt20ms,66,5,0.07575757575757576,2,0,0,0.030303030303030304,0.0,0.0,66,5,0.07575757575757576,2,0,0,0.030303030303030304,0.0,0.0,275.3630759999999,112.24038199999997,0.40760868752061735,127.12799999999991,33,3.8523636363636338,87130029b5443647ed1f1febd32ab768bf957a0a1698217eb3cf14b2d00c6ecf,366,9b781734de27e1578e0af9b97c10b064da57903a0617814e4ae35d173b432478,c90d6c126f461bfa56d189922ca369f0787c07129cfc5855b248156441f05f0d
s11,s1104b,O0_4_LR_rms_waveform_gt50ms,66,5,0.07575757575757576,2,0,0,0.030303030303030304,0.0,0.0,66,5,0.07575757575757576,2,0,0,0.030303030303030304,0.0,0.0,275.3630759999999,113.21101499999993,0.41113360819661954,129.21999999999994,33,3.915757575757574,87130029b5443647ed1f1febd32ab768bf957a0a1698217eb3cf14b2d00c6ecf,366,a31ff309864b204efaf39d070a7680cb98a55e9c24db41701ecffcdf2591379d,3711057c428b6d976379a4726ba616623d611b54e62b7f2b63a38896a7423047
s11,s1104b,O0_4_LR_vad_only_inside,66,5,0.07575757575757576,2,0,0,0.030303030303030304,0.0,0.0,66,5,0.07575757575757576,2,0,0,0.030303030303030304,0.0,0.0,275.3630759999999,111.52277999999997,0.40500266637056304,126.54399999999991,33,3.834666666666664,87130029b5443647ed1f1febd32ab768bf957a0a1698217eb3cf14b2d00c6ecf,366,a689e5f5f3d2535ae2b2f633309529261829658965ce15bddafd11b0f60d8c68,7aaf4fd168c9f05a903b1eec04e38566280175d12afd248421fae5cd2edf3cc6
s11,s1104b,O0_4_LR_vad_only_gt20ms,66,5,0.07575757575757576,2,0,0,0.030303030303030304,0.0,0.0,66,5,0.07575757575757576,2,0,0,0.030303030303030304,0.0,0.0,275.3630759999999,113.36768899999994,0.41170258063212506,128.93199999999993,33,3.907030303030301,87130029b5443647ed1f1febd32ab768bf957a0a1698217eb3cf14b2d00c6ecf,366,72968bc1557605bda333e4f7e4424304d344b1101aa38130d0e2c1195e90d52f,0aa4fa4a6b53de880fc8beeef75f58b0d4ace9b68d7cf6c0e041e094592c9e00
s11,s1104b,O0_4_LR_vad_only_gt50ms,66,5,0.07575757575757576,2,0,0,0.030303030303030304,0.0,0.0,66,5,0.07575757575757576,2,0,0,0.030303030303030304,0.0,0.0,275.3630759999999,115.3454859999999,0.4188850868298694,131.61599999999996,33,3.9883636363636352,87130029b5443647ed1f1febd32ab768bf957a0a1698217eb3cf14b2d00c6ecf,366,0cf1500a1781f42304b09242f7cc180d81c4d409451b42093e3856467dbd1a37,726b7d1632f4564692a44e2834f7034537014665a9454a9c3b5c6fbd059d53cf
s11,s1104b,O0_4_LR_all_inside,66,5,0.07575757575757576,2,0,0,0.030303030303030304,0.0,0.0,66,5,0.07575757575757576,2,0,0,0.030303030303030304,0.0,0.0,275.3630759999999,111.46647499999996,0.4047981908801745,126.1359999999999,33,3.822303030303027,87130029b5443647ed1f1febd32ab768bf957a0a1698217eb3cf14b2d00c6ecf,366,9cb4e19fa41004a0c7c4305577885658640ae884c65770196525b20d744cab94,ae5e16b149071a2e8f12da3d39e570b21f99f261736188bf3ce0e0c9f47b2e9c
s11,s1104b,O0_4_LR_all_gt20ms,66,5,0.07575757575757576,2,0,0,0.030303030303030304,0.0,0.0,66,5,0.07575757575757576,2,0,0,0.030303030303030304,0.0,0.0,275.3630759999999,112.76668699999995,0.40952000042300507,127.81199999999994,33,3.8730909090909074,87130029b5443647ed1f1febd32ab768bf957a0a1698217eb3cf14b2d00c6ecf,366,598d69c9768eebf8ff4ff59324a6baf4208a2646aa737b846f8f57081aba889b,08b1665cd249b41e6afbb2b18bf861242fa05796dc88784e61fa35f95623a252
s11,s1104b,O0_4_LR_all_gt50ms,66,5,0.07575757575757576,2,0,0,0.030303030303030304,0.0,0.0,66,5,0.07575757575757576,2,0,0,0.030303030303030304,0.0,0.0,275.3630759999999,113.21101499999993,0.41113360819661954,129.21999999999994,33,3.915757575757574,87130029b5443647ed1f1febd32ab768bf957a0a1698217eb3cf14b2d00c6ecf,366,a31ff309864b204efaf39d070a7680cb98a55e9c24db41701ecffcdf2591379d,3711057c428b6d976379a4726ba616623d611b54e62b7f2b63a38896a7423047
s12,s1201a,O0_4,82,3,0.036585365853658534,2,0,0,0.024390243902439025,0.0,0.0,94,4,0.0425531914893617,3,0,0,0.031914893617021274,0.0,0.0,358.78190500000005,260.382536,0.7257404355439832,299.25599999999986,47,6.36714893617021,87130029b5443647ed1f1febd32ab768bf957a0a1698217eb3cf14b2d00c6ecf,229,3d43db054532f32ac89d5fbbadbb555f628c2a45130aba5309e3355903bb3a85,6769abad33d3af7bcb757ca193263e9fe9ca99d345f919453b5880a778a3ebae
s12,s1201a,O0_4_LR_rms_waveform_inside,82,3,0.036585365853658534,2,0,0,0.024390243902439025,0.0,0.0,94,4,0.0425531914893617,3,0,0,0.031914893617021274,0.0,0.0,358.78190500000005,259.56933499999997,0.7234738747485048,297.80399999999986,47,6.3362553191489335,87130029b5443647ed1f1febd32ab768bf957a0a1698217eb3cf14b2d00c6ecf,229,993f6d281f4f097ee612cd15b23b6fbc069f2b1763e43d096fd503873702bc64,554ac84a2d4eb9ee3ec1dc68b011696ddad38b308883ddace1dc12fd10ba87f7
s12,s1201a,O0_4_LR_rms_waveform_gt20ms,82,3,0.036585365853658534,2,0,0,0.024390243902439025,0.0,0.0,94,4,0.0425531914893617,3,0,0,0.031914893617021274,0.0,0.0,358.78190500000005,259.56933499999997,0.7234738747485048,297.80399999999986,47,6.3362553191489335,87130029b5443647ed1f1febd32ab768bf957a0a1698217eb3cf14b2d00c6ecf,229,993f6d281f4f097ee612cd15b23b6fbc069f2b1763e43d096fd503873702bc64,554ac84a2d4eb9ee3ec1dc68b011696ddad38b308883ddace1dc12fd10ba87f7
s12,s1201a,O0_4_LR_rms_waveform_gt50ms,82,3,0.036585365853658534,2,0,0,0.024390243902439025,0.0,0.0,94,4,0.0425531914893617,3,0,0,0.031914893617021274,0.0,0.0,358.78190500000005,259.56933499999997,0.7234738747485048,297.80399999999986,47,6.3362553191489335,87130029b5443647ed1f1febd32ab768bf957a0a1698217eb3cf14b2d00c6ecf,229,993f6d281f4f097ee612cd15b23b6fbc069f2b1763e43d096fd503873702bc64,554ac84a2d4eb9ee3ec1dc68b011696ddad38b308883ddace1dc12fd10ba87f7
s12,s1201a,O0_4_LR_vad_only_inside,82,3,0.036585365853658534,2,0,0,0.024390243902439025,0.0,0.0,94,4,0.0425531914893617,3,0,0,0.031914893617021274,0.0,0.0,358.78190500000005,260.382536,0.7257404355439832,298.56399999999996,47,6.352425531914893,87130029b5443647ed1f1febd32ab768bf957a0a1698217eb3cf14b2d00c6ecf,229,12ad0be90f4414f204fd201547df8dd7a91dfaeb380533df830bfe10427c00f0,6b6ef3e1a4bc10014e698e369a4933c35bc8f864c94e3425103dd146299160b0
s12,s1201a,O0_4_LR_vad_only_gt20ms,82,3,0.036585365853658534,2,0,0,0.024390243902439025,0.0,0.0,94,4,0.0425531914893617,3,0,0,0.031914893617021274,0.0,0.0,358.78190500000005,260.382536,0.7257404355439832,298.56399999999996,47,6.352425531914893,87130029b5443647ed1f1febd32ab768bf957a0a1698217eb3cf14b2d00c6ecf,229,12ad0be90f4414f204fd201547df8dd7a91dfaeb380533df830bfe10427c00f0,6b6ef3e1a4bc10014e698e369a4933c35bc8f864c94e3425103dd146299160b0
s12,s1201a,O0_4_LR_vad_only_gt50ms,82,3,0.036585365853658534,2,0,0,0.024390243902439025,0.0,0.0,94,4,0.0425531914893617,3,0,0,0.031914893617021274,0.0,0.0,358.78190500000005,260.382536,0.7257404355439832,299.25599999999986,47,6.36714893617021,87130029b5443647ed1f1febd32ab768bf957a0a1698217eb3cf14b2d00c6ecf,229,3d43db054532f32ac89d5fbbadbb555f628c2a45130aba5309e3355903bb3a85,6769abad33d3af7bcb757ca193263e9fe9ca99d345f919453b5880a778a3ebae
s12,s1201a,O0_4_LR_all_inside,82,3,0.036585365853658534,2,0,0,0.024390243902439025,0.0,0.0,94,4,0.0425531914893617,3,0,0,0.031914893617021274,0.0,0.0,358.78190500000005,259.56933499999997,0.7234738747485048,297.80399999999986,47,6.3362553191489335,87130029b5443647ed1f1febd32ab768bf957a0a1698217eb3cf14b2d00c6ecf,229,993f6d281f4f097ee612cd15b23b6fbc069f2b1763e43d096fd503873702bc64,554ac84a2d4eb9ee3ec1dc68b011696ddad38b308883ddace1dc12fd10ba87f7
s12,s1201a,O0_4_LR_all_gt20ms,82,3,0.036585365853658534,2,0,0,0.024390243902439025,0.0,0.0,94,4,0.0425531914893617,3,0,0,0.031914893617021274,0.0,0.0,358.78190500000005,259.56933499999997,0.7234738747485048,297.80399999999986,47,6.3362553191489335,87130029b5443647ed1f1febd32ab768bf957a0a1698217eb3cf14b2d00c6ecf,229,993f6d281f4f097ee612cd15b23b6fbc069f2b1763e43d096fd503873702bc64,554ac84a2d4eb9ee3ec1dc68b011696ddad38b308883ddace1dc12fd10ba87f7
s12,s1201a,O0_4_LR_all_gt50ms,82,3,0.036585365853658534,2,0,0,0.024390243902439025,0.0,0.0,94,4,0.0425531914893617,3,0,0,0.031914893617021274,0.0,0.0,358.78190500000005,259.56933499999997,0.7234738747485048,297.80399999999986,47,6.3362553191489335,87130029b5443647ed1f1febd32ab768bf957a0a1698217eb3cf14b2d00c6ecf,229,993f6d281f4f097ee612cd15b23b6fbc069f2b1763e43d096fd503873702bc64,554ac84a2d4eb9ee3ec1dc68b011696ddad38b308883ddace1dc12fd10ba87f7
s12,s1202b,O0_4,80,6,0.075,1,0,0,0.0125,0.0,0.0,98,7,0.07142857142857142,1,0,0,0.01020408163265306,0.0,0.0,279.36872900000037,232.56970600000028,0.8324829583915241,271.6680000000001,49,5.544244897959186,87130029b5443647ed1f1febd32ab768bf957a0a1698217eb3cf14b2d00c6ecf,197,903e43d5408d8db33162a5e92f3817857d16dd3583f3d2f257a5f5a8d4d46960,9505c373d841026e31bfaf18f4476206928278662a00d3179eb415078a5d0cdd
s12,s1202b,O0_4_LR_rms_waveform_inside,79,5,0.06329113924050633,1,0,0,0.012658227848101266,0.0,0.0,98,6,0.061224489795918366,1,0,0,0.01020408163265306,0.0,0.0,279.36872900000037,232.01674400000024,0.8305036316358798,270.27600000000007,49,5.515836734693879,87130029b5443647ed1f1febd32ab768bf957a0a1698217eb3cf14b2d00c6ecf,197,c4cf4fe250a48ab4c1b408579b5d4c91349dfd27ee8156ffc567c796b989f6b6,2b88dfd9fc4e496974b5a5a6e47bfa2134863a129f59bdfb8efeb445256f3c71
s12,s1202b,O0_4_LR_rms_waveform_gt20ms,79,5,0.06329113924050633,1,0,0,0.012658227848101266,0.0,0.0,98,6,0.061224489795918366,1,0,0,0.01020408163265306,0.0,0.0,279.36872900000037,232.39771400000024,0.8318673132525148,270.9080000000001,49,5.528734693877553,87130029b5443647ed1f1febd32ab768bf957a0a1698217eb3cf14b2d00c6ecf,197,fa53b3975a9f36c188e7551c3bde055b3a3558a39870ca28e924b9823481dc21,7a8828b9e8b94acd6ef2694af567565fcb5a7786811bc6bcac5dc220d683af43
s12,s1202b,O0_4_LR_rms_waveform_gt50ms,79,6,0.0759493670886076,1,0,0,0.012658227848101266,0.0,0.0,98,7,0.07142857142857142,1,0,0,0.01020408163265306,0.0,0.0,279.36872900000037,233.71787000000023,0.836592809927556,273.1240000000001,49,5.573959183673471,87130029b5443647ed1f1febd32ab768bf957a0a1698217eb3cf14b2d00c6ecf,197,34d3a5bf4db5270c24b5f6e25d6b066481183af3f05c468397c2fef497be4e54,ed9ca1570d516bd448e8c508c34249db9a80ea153b207b2efa039bdb5be0b696
s12,s1202b,O0_4_LR_vad_only_inside,80,5,0.0625,1,0,0,0.0125,0.0,0.0,98,6,0.061224489795918366,1,0,0,0.01020408163265306,0.0,0.0,279.36872900000037,229.9292290000003,0.8230313744241575,267.82000000000005,49,5.465714285714287,87130029b5443647ed1f1febd32ab768bf957a0a1698217eb3cf14b2d00c6ecf,197,e8153eda0aa368582d787983c2095645cb82e4d34b5d5c0223df0120efbba08f,6347ee16f6abc85aaeae1680b21bda2ee1f322256339e6e1185c238febecc5e1
s12,s1202b,O0_4_LR_vad_only_gt20ms,80,6,0.075,1,0,0,0.0125,0.0,0.0,98,7,0.07142857142857142,1,0,0,0.01020408163265306,0.0,0.0,279.36872900000037,231.8289340000003,0.8298313659865632,270.3960000000001,49,5.518285714285716,87130029b5443647ed1f1febd32ab768bf957a0a1698217eb3cf14b2d00c6ecf,197,09a5d6a6fd67f7e4e6d81729a3033cc40c672ddb9388d60834efe1d214f38b6b,4f7ba68d16f85013125cb9a6e68a96360f7343370170ecf5b33addb0de23dcd1
s12,s1202b,O0_4_LR_vad_only_gt50ms,80,5,0.0625,1,0,0,0.0125,0.0,0.0,98,5,0.05102040816326531,1,0,0,0.01020408163265306,0.0,0.0,279.36872900000037,232.56970600000028,0.8324829583915241,271.6680000000001,49,5.544244897959186,87130029b5443647ed1f1febd32ab768bf957a0a1698217eb3cf14b2d00c6ecf,197,c5a3a94347031ec9bad7ac6987f10185954229839fc4466d1834b0905e10c668,a6d0f72147fb210e384ca5e83f14409ce436a78db0e76e3b13dba9b52f61bbb9
s12,s1202b,O0_4_LR_all_inside,79,5,0.06329113924050633,1,0,0,0.012658227848101266,0.0,0.0,98,6,0.061224489795918366,1,0,0,0.01020408163265306,0.0,0.0,279.36872900000037,232.01674400000024,0.8305036316358798,270.27600000000007,49,5.515836734693879,87130029b5443647ed1f1febd32ab768bf957a0a1698217eb3cf14b2d00c6ecf,197,c4cf4fe250a48ab4c1b408579b5d4c91349dfd27ee8156ffc567c796b989f6b6,2b88dfd9fc4e496974b5a5a6e47bfa2134863a129f59bdfb8efeb445256f3c71
s12,s1202b,O0_4_LR_all_gt20ms,79,5,0.06329113924050633,1,0,0,0.012658227848101266,0.0,0.0,98,6,0.061224489795918366,1,0,0,0.01020408163265306,0.0,0.0,279.36872900000037,232.01674400000024,0.8305036316358798,270.27600000000007,49,5.515836734693879,87130029b5443647ed1f1febd32ab768bf957a0a1698217eb3cf14b2d00c6ecf,197,c4cf4fe250a48ab4c1b408579b5d4c91349dfd27ee8156ffc567c796b989f6b6,2b88dfd9fc4e496974b5a5a6e47bfa2134863a129f59bdfb8efeb445256f3c71
s12,s1202b,O0_4_LR_all_gt50ms,79,6,0.0759493670886076,1,0,0,0.012658227848101266,0.0,0.0,98,7,0.07142857142857142,1,0,0,0.01020408163265306,0.0,0.0,279.36872900000037,233.71787000000023,0.836592809927556,273.1240000000001,49,5.573959183673471,87130029b5443647ed1f1febd32ab768bf957a0a1698217eb3cf14b2d00c6ecf,197,34d3a5bf4db5270c24b5f6e25d6b066481183af3f05c468397c2fef497be4e54,ed9ca1570d516bd448e8c508c34249db9a80ea153b207b2efa039bdb5be0b696
s12,s1203a,O0_4,94,6,0.06382978723404255,3,0,0,0.031914893617021274,0.0,0.0,108,7,0.06481481481481481,3,0,0,0.027777777777777776,0.0,0.0,388.30411899999996,322.926996,0.8316342273979329,363.58800000000014,54,6.733111111111113,87130029b5443647ed1f1febd32ab768bf957a0a1698217eb3cf14b2d00c6ecf,215,ee7c6c19d7679e18aa23ba6c441ba73809defb4787a03a904b46582e36268578,d48a1195fcade01611f07137758fde208caebea161909106b1cae7a9440c0154
s12,s1203a,O0_4_LR_rms_waveform_inside,94,6,0.06382978723404255,3,0,0,0.031914893617021274,0.0,0.0,108,7,0.06481481481481481,3,0,0,0.027777777777777776,0.0,0.0,388.30411899999996,322.74968999999993,0.8311776110724182,363.4360000000001,54,6.730296296296298,87130029b5443647ed1f1febd32ab768bf957a0a1698217eb3cf14b2d00c6ecf,215,8adaa9b8baf978153675db69c866e7d137b17365925e48ab906a15091dd104d6,a298ab26d48c2a46a7526a6e4a0988841c087d30cd7ec18b9bb5e0cfbc14379b
s12,s1203a,O0_4_LR_rms_waveform_gt20ms,94,6,0.06382978723404255,3,0,0,0.031914893617021274,0.0,0.0,108,7,0.06481481481481481,3,0,0,0.027777777777777776,0.0,0.0,388.30411899999996,323.38435,0.832812051628018,364.2840000000001,54,6.746000000000002,87130029b5443647ed1f1febd32ab768bf957a0a1698217eb3cf14b2d00c6ecf,215,db102682d94438e55d0f2dc077f041d9358990dd8889644f9c00e6f888c5750a,ea509d6e69d5e60a8348a271df03dea64e9ed27d603dd14c50a77743695d385b
s12,s1203a,O0_4_LR_rms_waveform_gt50ms,94,6,0.06382978723404255,3,0,0,0.031914893617021274,0.0,0.0,108,7,0.06481481481481481,3,0,0,0.027777777777777776,0.0,0.0,388.30411899999996,323.38435,0.832812051628018,364.3320000000001,54,6.746888888888891,87130029b5443647ed1f1febd32ab768bf957a0a1698217eb3cf14b2d00c6ecf,215,68feb77faf77bb80bb447534eb88c9725868e65d1c7a6f1fafdee932beb23d8a,b222eed0165db9674984601cbd9b0e8a40d57023f02a4cc302d2bc04172d9c81
s12,s1203a,O0_4_LR_vad_only_inside,94,5,0.05319148936170213,3,0,0,0.031914893617021274,0.0,0.0,108,6,0.05555555555555555,3,0,0,0.027777777777777776,0.0,0.0,388.30411899999996,322.655877,0.8309360143563144,363.1160000000001,54,6.724370370370372,87130029b5443647ed1f1febd32ab768bf957a0a1698217eb3cf14b2d00c6ecf,215,66950a972cbe895dbb47b47d8fccd7fc5fa0db76f322336c3aba52e3d9b6eccf,3a0b32c3dc10c8da3454a674c16f0f4331142e7de648850ebc9688c6b247f17e
s12,s1203a,O0_4_LR_vad_only_gt20ms,94,5,0.05319148936170213,3,0,0,0.031914893617021274,0.0,0.0,108,6,0.05555555555555555,3,0,0,0.027777777777777776,0.0,0.0,388.30411899999996,322.655877,0.8309360143563144,363.1160000000001,54,6.724370370370372,87130029b5443647ed1f1febd32ab768bf957a0a1698217eb3cf14b2d00c6ecf,215,66950a972cbe895dbb47b47d8fccd7fc5fa0db76f322336c3aba52e3d9b6eccf,3a0b32c3dc10c8da3454a674c16f0f4331142e7de648850ebc9688c6b247f17e
s12,s1203a,O0_4_LR_vad_only_gt50ms,94,6,0.06382978723404255,3,0,0,0.031914893617021274,0.0,0.0,108,7,0.06481481481481481,3,0,0,0.027777777777777776,0.0,0.0,388.30411899999996,323.38435,0.832812051628018,364.3320000000001,54,6.746888888888891,87130029b5443647ed1f1febd32ab768bf957a0a1698217eb3cf14b2d00c6ecf,215,68feb77faf77bb80bb447534eb88c9725868e65d1c7a6f1fafdee932beb23d8a,b222eed0165db9674984601cbd9b0e8a40d57023f02a4cc302d2bc04172d9c81
s12,s1203a,O0_4_LR_all_inside,94,6,0.06382978723404255,3,0,0,0.031914893617021274,0.0,0.0,108,7,0.06481481481481481,3,0,0,0.027777777777777776,0.0,0.0,388.30411899999996,322.74968999999993,0.8311776110724182,363.4360000000001,54,6.730296296296298,87130029b5443647ed1f1febd32ab768bf957a0a1698217eb3cf14b2d00c6ecf,215,8adaa9b8baf978153675db69c866e7d137b17365925e48ab906a15091dd104d6,a298ab26d48c2a46a7526a6e4a0988841c087d30cd7ec18b9bb5e0cfbc14379b
s12,s1203a,O0_4_LR_all_gt20ms,94,6,0.06382978723404255,3,0,0,0.031914893617021274,0.0,0.0,108,7,0.06481481481481481,3,0,0,0.027777777777777776,0.0,0.0,388.30411899999996,323.38435,0.832812051628018,364.2840000000001,54,6.746000000000002,87130029b5443647ed1f1febd32ab768bf957a0a1698217eb3cf14b2d00c6ecf,215,db102682d94438e55d0f2dc077f041d9358990dd8889644f9c00e6f888c5750a,ea509d6e69d5e60a8348a271df03dea64e9ed27d603dd14c50a77743695d385b
s12,s1203a,O0_4_LR_all_gt50ms,94,6,0.06382978723404255,3,0,0,0.031914893617021274,0.0,0.0,108,7,0.06481481481481481,3,0,0,0.027777777777777776,0.0,0.0,388.30411899999996,323.38435,0.832812051628018,364.3320000000001,54,6.746888888888891,87130029b5443647ed1f1febd32ab768bf957a0a1698217eb3cf14b2d00c6ecf,215,68feb77faf77bb80bb447534eb88c9725868e65d1c7a6f1fafdee932beb23d8a,b222eed0165db9674984601cbd9b0e8a40d57023f02a4cc302d2bc04172d9c81
s13,s1301a,O0_4,116,5,0.04310344827586207,1,0,0,0.008620689655172414,0.0,0.0,116,5,0.04310344827586207,1,0,0,0.008620689655172414,0.0,0.0,392.2692699999997,266.8974039999998,0.6803933532698088,297.34799999999984,58,5.126689655172411,87130029b5443647ed1f1febd32ab768bf957a0a1698217eb3cf14b2d00c6ecf,331,4373628b32bca0752e256b495d10abdc149ccbdf1744549531349e1cd584299f,6fe94b5377370e70e1c77c063e483ae7cd0123852f516d6c9af8f62f0bc45a95
s13,s1301a,O0_4_LR_rms_waveform_inside,116,5,0.04310344827586207,1,0,0,0.008620689655172414,0.0,0.0,116,5,0.04310344827586207,1,0,0,0.008620689655172414,0.0,0.0,392.2692699999997,266.41500399999984,0.6791635857685208,296.6079999999999,58,5.113931034482757,87130029b5443647ed1f1febd32ab768bf957a0a1698217eb3cf14b2d00c6ecf,331,f0dd53efef7f0ccb808ad6c26244f6f638874b6f12f038e6235c900d63f243f8,abd2d16313f72ce561a985151e0c1adf2280f56417e8e99358e1139e9c0552cc
s13,s1301a,O0_4_LR_rms_waveform_gt20ms,116,5,0.04310344827586207,1,0,0,0.008620689655172414,0.0,0.0,116,5,0.04310344827586207,1,0,0,0.008620689655172414,0.0,0.0,392.2692699999997,264.14414599999986,0.6733745572269785,293.5679999999999,58,5.061517241379309,87130029b5443647ed1f1febd32ab768bf957a0a1698217eb3cf14b2d00c6ecf,331,1af0fe92b1071810b9b84fb5bb1a1a756a8fe76c2c6f8b358094b830ebd0c373,e847593866ac48ed24780d71df61a231be76b3c2b1e41212b38dbf5bedc3cde2
s13,s1301a,O0_4_LR_rms_waveform_gt50ms,116,5,0.04310344827586207,1,0,0,0.008620689655172414,0.0,0.0,116,5,0.04310344827586207,1,0,0,0.008620689655172414,0.0,0.0,392.2692699999997,261.13609499999984,0.6657062252161634,290.3919999999999,58,5.006758620689653,87130029b5443647ed1f1febd32ab768bf957a0a1698217eb3cf14b2d00c6ecf,331,566ff68c0f3d9c20840707a156a45af7df0f850130bb346b5a27a38d64a0dc6f,a8503568bcc60c938b4f901da4e8275f72dceaaec496aa7bdd1fdebe8d402530
s13,s1301a,O0_4_LR_vad_only_inside,116,5,0.04310344827586207,1,0,0,0.008620689655172414,0.0,0.0,116,5,0.04310344827586207,1,0,0,0.008620689655172414,0.0,0.0,392.2692699999997,264.06531999999993,0.6731736085266127,293.116,58,5.0537241379310345,87130029b5443647ed1f1febd32ab768bf957a0a1698217eb3cf14b2d00c6ecf,331,922cc11073b043484c6ff17841b48a82421ad8aa134bcc6d68993a5fbb920a38,fcb941c478d7307b4bf5801644210a5637f699f665163ebbea5110fc2730de58
s13,s1301a,O0_4_LR_vad_only_gt20ms,116,5,0.04310344827586207,1,0,0,0.008620689655172414,0.0,0.0,116,5,0.04310344827586207,1,0,0,0.008620689655172414,0.0,0.0,392.2692699999997,265.6691149999999,0.6772621138535785,295.38399999999996,58,5.092827586206896,87130029b5443647ed1f1febd32ab768bf957a0a1698217eb3cf14b2d00c6ecf,331,504321f0ca1d976a48baa18e0138eff5e819d1bd58bfa899d1f2e89ff6f1e9b1,2ac540d43c4e743e6fdc07e760dfffbd3d753855afbb97c962886de096cd8662
s13,s1301a,O0_4_LR_vad_only_gt50ms,116,5,0.04310344827586207,1,0,0,0.008620689655172414,0.0,0.0,116,5,0.04310344827586207,1,0,0,0.008620689655172414,0.0,0.0,392.2692699999997,266.5474039999999,0.6795011090213621,296.7479999999999,58,5.116344827586205,87130029b5443647ed1f1febd32ab768bf957a0a1698217eb3cf14b2d00c6ecf,331,56da6dd68461f3498c797c79b152a958fd901077cd1b3aaf0817b8268802a5ba,b3d5bb755df465dd8e5c3de1f9f1b40bb7852282f634e89ef5211e6ab801c905
s13,s1301a,O0_4_LR_all_inside,116,5,0.04310344827586207,1,0,0,0.008620689655172414,0.0,0.0,116,5,0.04310344827586207,1,0,0,0.008620689655172414,0.0,0.0,392.2692699999997,265.3650039999999,0.6764868530231799,295.1719999999999,58,5.089172413793102,87130029b5443647ed1f1febd32ab768bf957a0a1698217eb3cf14b2d00c6ecf,331,b60fcd103234cb0401b0d5129d9cb65b64ad8879cca99943775f7543d5395881,4be63989721524428ce563a1ec1749e0fd01b8ff422928251aee9bfc9439b21d
s13,s1301a,O0_4_LR_all_gt20ms,116,5,0.04310344827586207,1,0,0,0.008620689655172414,0.0,0.0,116,5,0.04310344827586207,1,0,0,0.008620689655172414,0.0,0.0,392.2692699999997,264.14414599999986,0.6733745572269785,293.5679999999999,58,5.061517241379309,87130029b5443647ed1f1febd32ab768bf957a0a1698217eb3cf14b2d00c6ecf,331,1af0fe92b1071810b9b84fb5bb1a1a756a8fe76c2c6f8b358094b830ebd0c373,e847593866ac48ed24780d71df61a231be76b3c2b1e41212b38dbf5bedc3cde2
s13,s1301a,O0_4_LR_all_gt50ms,116,5,0.04310344827586207,1,0,0,0.008620689655172414,0.0,0.0,116,5,0.04310344827586207,1,0,0,0.008620689655172414,0.0,0.0,392.2692699999997,261.13609499999984,0.6657062252161634,290.3919999999999,58,5.006758620689653,87130029b5443647ed1f1febd32ab768bf957a0a1698217eb3cf14b2d00c6ecf,331,566ff68c0f3d9c20840707a156a45af7df0f850130bb346b5a27a38d64a0dc6f,a8503568bcc60c938b4f901da4e8275f72dceaaec496aa7bdd1fdebe8d402530
s13,s1301b,O0_4,124,5,0.04032258064516129,5,1,0,0.04032258064516129,0.008064516129032258,0.0,124,5,0.04032258064516129,5,1,0,0.04032258064516129,0.008064516129032258,0.0,397.994431,267.47104300000007,0.6720472000775308,291.0519999999999,62,4.694387096774192,87130029b5443647ed1f1febd32ab768bf957a0a1698217eb3cf14b2d00c6ecf,341,29b617137ad5fd1e39dffb710d48c3c78d97949bb75f6d56d97b80a13b298d47,480d6e52ff5467297c616b475d85717e6ce60c4a4a70f182e9807687dbf7c850
s13,s1301b,O0_4_LR_rms_waveform_inside,124,5,0.04032258064516129,5,1,0,0.04032258064516129,0.008064516129032258,0.0,124,5,0.04032258064516129,5,1,0,0.04032258064516129,0.008064516129032258,0.0,397.994431,266.18763499999994,0.6688225117401201,288.69599999999986,62,4.656387096774191,87130029b5443647ed1f1febd32ab768bf957a0a1698217eb3cf14b2d00c6ecf,341,b52af07d1bfabbf65c1371987ca1c246482c7444070347c03f6767af501d4c75,5a2ce7ed52fa96e7db28b3a96b8426ecb74c81ef18e51a836338d6b11f73f694
s13,s1301b,O0_4_LR_rms_waveform_gt20ms,124,5,0.04032258064516129,5,1,0,0.04032258064516129,0.008064516129032258,0.0,124,5,0.04032258064516129,5,1,0,0.04032258064516129,0.008064516129032258,0.0,397.994431,265.503403,0.6671033118048829,287.81199999999984,62,4.642129032258062,87130029b5443647ed1f1febd32ab768bf957a0a1698217eb3cf14b2d00c6ecf,341,8484af469250b2a47eac97dcf553645afda787b29f3d3f35cb54c90cbdb9b60f,37398dec50e5fac22610ea5c2003e68c9beaf271fd13c8b9a06c8ca0d767717e
s13,s1301b,O0_4_LR_rms_waveform_gt50ms,124,5,0.04032258064516129,5,1,0,0.04032258064516129,0.008064516129032258,0.0,124,5,0.04032258064516129,5,1,0,0.04032258064516129,0.008064516129032258,0.0,397.994431,265.1605949999999,0.6662419731194678,287.6479999999999,62,4.639483870967741,87130029b5443647ed1f1febd32ab768bf957a0a1698217eb3cf14b2d00c6ecf,341,c6942db30702506bd6513eb41319eb5843570ca587ec072b57cc2e117d6d2106,3bf193496775cac114a8784cdef159d6a144465319470139330a98a5dc3d4412
s13,s1301b,O0_4_LR_vad_only_inside,124,5,0.04032258064516129,5,1,0,0.04032258064516129,0.008064516129032258,0.0,124,5,0.04032258064516129,5,1,0,0.04032258064516129,0.008064516129032258,0.0,397.994431,264.54003600000004,0.6646827578348704,287.1519999999999,62,4.63148387096774,87130029b5443647ed1f1febd32ab768bf957a0a1698217eb3cf14b2d00c6ecf,341,a82ab1e14c2b212f4ac305d9373e90725b17da514629585890cd9e6a4fa29140,5b8cc54d380a5f5b288ec2a0c7149be5d64ffe688e2dbe82c41bbd60473b5a0d
s13,s1301b,O0_4_LR_vad_only_gt20ms,124,5,0.04032258064516129,5,1,0,0.04032258064516129,0.008064516129032258,0.0,124,5,0.04032258064516129,5,1,0,0.04032258064516129,0.008064516129032258,0.0,397.994431,267.47104300000007,0.6720472000775308,290.7359999999999,62,4.689290322580643,87130029b5443647ed1f1febd32ab768bf957a0a1698217eb3cf14b2d00c6ecf,341,8b41887e9001b6d9a202b31759ef46d7d99f3212d9ed92edb0b6fa4450633627,0863c35bcab326691232e19589925627db68d79c70fbec4e0166c58ab14d1a84
s13,s1301b,O0_4_LR_vad_only_gt50ms,124,5,0.04032258064516129,5,1,0,0.04032258064516129,0.008064516129032258,0.0,124,5,0.04032258064516129,5,1,0,0.04032258064516129,0.008064516129032258,0.0,397.994431,267.47104300000007,0.6720472000775308,291.0519999999999,62,4.694387096774192,87130029b5443647ed1f1febd32ab768bf957a0a1698217eb3cf14b2d00c6ecf,341,29b617137ad5fd1e39dffb710d48c3c78d97949bb75f6d56d97b80a13b298d47,480d6e52ff5467297c616b475d85717e6ce60c4a4a70f182e9807687dbf7c850
s13,s1301b,O0_4_LR_all_inside,124,5,0.04032258064516129,5,1,0,0.04032258064516129,0.008064516129032258,0.0,124,5,0.04032258064516129,5,1,0,0.04032258064516129,0.008064516129032258,0.0,397.994431,263.735209,0.6626605511472596,285.7919999999999,62,4.609548387096773,87130029b5443647ed1f1febd32ab768bf957a0a1698217eb3cf14b2d00c6ecf,341,2d68828e5df5529bd2bd299bd721c455115082e3ab14e886acd78991060638b0,d8cd9e42c06260eea37ebee75218d861985ad43c1f65bca9b6573ff14058520d
s13,s1301b,O0_4_LR_all_gt20ms,124,5,0.04032258064516129,5,1,0,0.04032258064516129,0.008064516129032258,0.0,124,5,0.04032258064516129,5,1,0,0.04032258064516129,0.008064516129032258,0.0,397.994431,265.503403,0.6671033118048829,287.81199999999984,62,4.642129032258062,87130029b5443647ed1f1febd32ab768bf957a0a1698217eb3cf14b2d00c6ecf,341,8484af469250b2a47eac97dcf553645afda787b29f3d3f35cb54c90cbdb9b60f,37398dec50e5fac22610ea5c2003e68c9beaf271fd13c8b9a06c8ca0d767717e
s13,s1301b,O0_4_LR_all_gt50ms,124,5,0.04032258064516129,5,1,0,0.04032258064516129,0.008064516129032258,0.0,124,5,0.04032258064516129,5,1,0,0.04032258064516129,0.008064516129032258,0.0,397.994431,265.1605949999999,0.6662419731194678,287.6479999999999,62,4.639483870967741,87130029b5443647ed1f1febd32ab768bf957a0a1698217eb3cf14b2d00c6ecf,341,c6942db30702506bd6513eb41319eb5843570ca587ec072b57cc2e117d6d2106,3bf193496775cac114a8784cdef159d6a144465319470139330a98a5dc3d4412
s13,s1302a,O0_4,140,5,0.03571428571428571,1,1,1,0.007142857142857143,0.007142857142857143,0.007142857142857143,142,5,0.035211267605633804,1,1,1,0.007042253521126761,0.007042253521126761,0.007042253521126761,461.33878399999975,338.80191699999983,0.7343885421087858,366.85599999999994,71,5.1669859154929565,87130029b5443647ed1f1febd32ab768bf957a0a1698217eb3cf14b2d00c6ecf,356,5d3e6f46ba2bf52d7be0dafdefcbb219a6a21ccac1dd114f51adbb5f2049fbe1,49b8e05abfdc38254cf7efcc5e91d19a864ca835fb3e39578d12d95be3f5e210
s13,s1302a,O0_4_LR_rms_waveform_inside,140,5,0.03571428571428571,1,1,1,0.007142857142857143,0.007142857142857143,0.007142857142857143,142,5,0.035211267605633804,1,1,1,0.007042253521126761,0.007042253521126761,0.007042253521126761,461.33878399999975,336.74418299999974,0.7299281887386254,363.87600000000003,71,5.125014084507042,87130029b5443647ed1f1febd32ab768bf957a0a1698217eb3cf14b2d00c6ecf,356,77c485988c506adb5de8e2b50d075dc5163c0ae7c2d0872db1061941eee5ff3b,2a350ac8ef43c3870d6d84bc5093ebe42035dfe96e69799a5177e65ab2efd3c6
s13,s1302a,O0_4_LR_rms_waveform_gt20ms,141,5,0.03546099290780142,1,1,1,0.0070921985815602835,0.0070921985815602835,0.0070921985815602835,144,5,0.034722222222222224,1,1,1,0.006944444444444444,0.006944444444444444,0.006944444444444444,461.33878399999975,340.2652609999997,0.7375604930713996,367.752,72,5.107666666666667,87130029b5443647ed1f1febd32ab768bf957a0a1698217eb3cf14b2d00c6ecf,356,6a0fa0ee46988650a4423768a8f77d26fcce3768ebc563363c07a13ff49b668d,505b5c43296cc55c1ccf001ee3b0bcd3bda32683b04c9c1c131d2f71cee8112c
s13,s1302a,O0_4_LR_rms_waveform_gt50ms,141,5,0.03546099290780142,1,1,1,0.0070921985815602835,0.0070921985815602835,0.0070921985815602835,144,5,0.034722222222222224,1,1,1,0.006944444444444444,0.006944444444444444,0.006944444444444444,461.33878399999975,340.70355699999976,0.7385105454303186,368.412,72,5.116833333333333,87130029b5443647ed1f1febd32ab768bf957a0a1698217eb3cf14b2d00c6ecf,356,fae5ec9052fbe6f399082d52dee77a799d11b07df61388ebad3e82bb3ff9186d,f5e095ffbe486382ed1a087b5133c24c6b1b85326631b36f783020388327a737
s13,s1302a,O0_4_LR_vad_only_inside,140,5,0.03571428571428571,1,1,1,0.007142857142857143,0.007142857142857143,0.007142857142857143,142,5,0.035211267605633804,1,1,1,0.007042253521126761,0.007042253521126761,0.007042253521126761,461.33878399999975,338.11025199999983,0.7328892859786096,365.43199999999996,71,5.146929577464788,87130029b5443647ed1f1febd32ab768bf957a0a1698217eb3cf14b2d00c6ecf,356,081798c9ab70128a4007327aea1316c6767e8e03361c014fe150a4a57a86e8c1,c004527732f66e18405a13c31ad754536b4fe75639a61d3de0246dabfb727a53
s13,s1302a,O0_4_LR_vad_only_gt20ms,141,5,0.03546099290780142,1,1,1,0.0070921985815602835,0.0070921985815602835,0.0070921985815602835,144,5,0.034722222222222224,1,1,1,0.006944444444444444,0.006944444444444444,0.006944444444444444,461.33878399999975,341.19425899999976,0.739574193267913,369.14399999999995,72,5.126999999999999,87130029b5443647ed1f1febd32ab768bf957a0a1698217eb3cf14b2d00c6ecf,356,d7aabb6198ec7a0035fd1f3dcbbedf71a95fc3e2efe229fc29187832885b1ead,4e741bad97a5f3b3893f4cf46ba4718f0be311fd52b9af5332907181078a6163
s13,s1302a,O0_4_LR_vad_only_gt50ms,141,5,0.03546099290780142,1,1,1,0.0070921985815602835,0.0070921985815602835,0.0070921985815602835,144,5,0.034722222222222224,1,1,1,0.006944444444444444,0.006944444444444444,0.006944444444444444,461.33878399999975,341.58296899999976,0.7404167627926984,369.79999999999995,72,5.13611111111111,87130029b5443647ed1f1febd32ab768bf957a0a1698217eb3cf14b2d00c6ecf,356,26554c4446ad41bddb3f7494d1f4613df87c66bd87ef5ef20594879a2e8c80d2,f33fe561fb0aeec9f60533574868e467a0cb3594ce5b283fa49cde688daa3ee3
s13,s1302a,O0_4_LR_all_inside,140,5,0.03571428571428571,1,1,1,0.007142857142857143,0.007142857142857143,0.007142857142857143,142,5,0.035211267605633804,1,1,1,0.007042253521126761,0.007042253521126761,0.007042253521126761,461.33878399999975,336.74418299999974,0.7299281887386254,363.87600000000003,71,5.125014084507042,87130029b5443647ed1f1febd32ab768bf957a0a1698217eb3cf14b2d00c6ecf,356,77c485988c506adb5de8e2b50d075dc5163c0ae7c2d0872db1061941eee5ff3b,2a350ac8ef43c3870d6d84bc5093ebe42035dfe96e69799a5177e65ab2efd3c6
s13,s1302a,O0_4_LR_all_gt20ms,141,5,0.03546099290780142,1,1,1,0.0070921985815602835,0.0070921985815602835,0.0070921985815602835,144,5,0.034722222222222224,1,1,1,0.006944444444444444,0.006944444444444444,0.006944444444444444,461.33878399999975,340.2652609999997,0.7375604930713996,367.752,72,5.107666666666667,87130029b5443647ed1f1febd32ab768bf957a0a1698217eb3cf14b2d00c6ecf,356,6a0fa0ee46988650a4423768a8f77d26fcce3768ebc563363c07a13ff49b668d,505b5c43296cc55c1ccf001ee3b0bcd3bda32683b04c9c1c131d2f71cee8112c
s13,s1302a,O0_4_LR_all_gt50ms,141,5,0.03546099290780142,1,1,1,0.0070921985815602835,0.0070921985815602835,0.0070921985815602835,144,5,0.034722222222222224,1,1,1,0.006944444444444444,0.006944444444444444,0.006944444444444444,461.33878399999975,340.70355699999976,0.7385105454303186,368.412,72,5.116833333333333,87130029b5443647ed1f1febd32ab768bf957a0a1698217eb3cf14b2d00c6ecf,356,fae5ec9052fbe6f399082d52dee77a799d11b07df61388ebad3e82bb3ff9186d,f5e095ffbe486382ed1a087b5133c24c6b1b85326631b36f783020388327a737
s13,s1302b,O0_4,88,4,0.045454545454545456,0,0,0,0.0,0.0,0.0,88,4,0.045454545454545456,0,0,0,0.0,0.0,0.0,385.7584199999994,193.15016599999973,0.5007023981485615,209.4520000000001,44,4.76027272727273,87130029b5443647ed1f1febd32ab768bf957a0a1698217eb3cf14b2d00c6ecf,393,53b03d2ae3d6f48e03b86d5bda35f774a0bad86995eb05d733711fd52dd04780,a4d503a09e834bd8b2aabf7042c64ece53d5ce08afe77df3c1840803ef85a33c
s13,s1302b,O0_4_LR_rms_waveform_inside,88,4,0.045454545454545456,0,0,0,0.0,0.0,0.0,88,4,0.045454545454545456,0,0,0,0.0,0.0,0.0,385.7584199999994,190.80023699999978,0.4946106866572092,206.22800000000012,44,4.687000000000003,87130029b5443647ed1f1febd32ab768bf957a0a1698217eb3cf14b2d00c6ecf,393,72f9014a3db9a3c6bc096d7ab26bd71cb481bf73b4cff24bd27a12875d2a337f,a9423cdc1cf35d949783add95886f6a2444a2b3800535b28ca4354c7293b4cde
s13,s1302b,O0_4_LR_rms_waveform_gt20ms,88,4,0.045454545454545456,0,0,0,0.0,0.0,0.0,88,4,0.045454545454545456,0,0,0,0.0,0.0,0.0,385.7584199999994,190.80023699999978,0.4946106866572092,206.22800000000012,44,4.687000000000003,87130029b5443647ed1f1febd32ab768bf957a0a1698217eb3cf14b2d00c6ecf,393,72f9014a3db9a3c6bc096d7ab26bd71cb481bf73b4cff24bd27a12875d2a337f,a9423cdc1cf35d949783add95886f6a2444a2b3800535b28ca4354c7293b4cde
s13,s1302b,O0_4_LR_rms_waveform_gt50ms,88,4,0.045454545454545456,0,0,0,0.0,0.0,0.0,88,4,0.045454545454545456,0,0,0,0.0,0.0,0.0,385.7584199999994,191.9636539999998,0.4976266078650988,207.8080000000001,44,4.722909090909093,87130029b5443647ed1f1febd32ab768bf957a0a1698217eb3cf14b2d00c6ecf,393,95643256eca04c78b6e9e19ba596cc5bb55ab9139821ffa48c88386344068ae5,1f7c5166a460e0d7190986e04f9066e75fece31b66553a50ff8a67a21ae1b85b
s13,s1302b,O0_4_LR_vad_only_inside,88,4,0.045454545454545456,0,0,0,0.0,0.0,0.0,88,4,0.045454545454545456,0,0,0,0.0,0.0,0.0,385.7584199999994,190.76918899999978,0.4945302010517362,205.78000000000011,44,4.676818181818184,87130029b5443647ed1f1febd32ab768bf957a0a1698217eb3cf14b2d00c6ecf,393,f2ce737b8e105a918f34d985560d0c1bf7f5981238d6adc1b3f74432b2f19caf,f4b7e4ce35eec49a5b7b0034fc0a102534ab4404e331fac5a67d2d1e3eac8c29
s13,s1302b,O0_4_LR_vad_only_gt20ms,88,4,0.045454545454545456,0,0,0,0.0,0.0,0.0,88,4,0.045454545454545456,0,0,0,0.0,0.0,0.0,385.7584199999994,191.97499399999975,0.4976560045014703,207.7560000000001,44,4.721727272727275,87130029b5443647ed1f1febd32ab768bf957a0a1698217eb3cf14b2d00c6ecf,393,b1fc6fdf88a64ad247836f5b6aa0a1177babc701017474c57bbe4a5c9cd55b51,70e982a4f48b2d7f63c298fa6e495f2a891fb6993d0b0fb495576f90d4fd031b
s13,s1302b,O0_4_LR_vad_only_gt50ms,88,4,0.045454545454545456,0,0,0,0.0,0.0,0.0,88,4,0.045454545454545456,0,0,0,0.0,0.0,0.0,385.7584199999994,193.15016599999973,0.5007023981485615,209.4520000000001,44,4.76027272727273,87130029b5443647ed1f1febd32ab768bf957a0a1698217eb3cf14b2d00c6ecf,393,53b03d2ae3d6f48e03b86d5bda35f774a0bad86995eb05d733711fd52dd04780,a4d503a09e834bd8b2aabf7042c64ece53d5ce08afe77df3c1840803ef85a33c
s13,s1302b,O0_4_LR_all_inside,88,4,0.045454545454545456,0,0,0,0.0,0.0,0.0,88,4,0.045454545454545456,0,0,0,0.0,0.0,0.0,385.7584199999994,190.19733499999978,0.49304778622849005,205.07200000000012,44,4.660727272727275,87130029b5443647ed1f1febd32ab768bf957a0a1698217eb3cf14b2d00c6ecf,393,224e6c0b873bd68aadca8ff9623b4fe25c256cc25059f93fdcf5fdbb58ab0cb4,8f29172dd181dfa6338aafb8cd054c2ac42fa40f06feaa267a7d6604c059cfe3
s13,s1302b,O0_4_LR_all_gt20ms,88,4,0.045454545454545456,0,0,0,0.0,0.0,0.0,88,4,0.045454545454545456,0,0,0,0.0,0.0,0.0,385.7584199999994,190.80023699999978,0.4946106866572092,206.22800000000012,44,4.687000000000003,87130029b5443647ed1f1febd32ab768bf957a0a1698217eb3cf14b2d00c6ecf,393,72f9014a3db9a3c6bc096d7ab26bd71cb481bf73b4cff24bd27a12875d2a337f,a9423cdc1cf35d949783add95886f6a2444a2b3800535b28ca4354c7293b4cde
s13,s1302b,O0_4_LR_all_gt50ms,88,4,0.045454545454545456,0,0,0,0.0,0.0,0.0,88,4,0.045454545454545456,0,0,0,0.0,0.0,0.0,385.7584199999994,191.3917999999998,0.4961441930418527,207.1000000000001,44,4.706818181818185,87130029b5443647ed1f1febd32ab768bf957a0a1698217eb3cf14b2d00c6ecf,393,cd214cf52fb35fcd87167ba307e8681d7bf49edd7b385055f100e559de3a7cbb,b3eaf72d9475c00c52c096c9dfbddf2f2a4ebdb9b40b0459aa7a9e7431d5eac2
s13,s1303a,O0_4,88,3,0.03409090909090909,1,0,0,0.011363636363636364,0.0,0.0,88,3,0.03409090909090909,1,0,0,0.011363636363636364,0.0,0.0,394.1540639999997,198.75124599999975,0.5042476131871113,217.0359999999998,44,4.932636363636359,87130029b5443647ed1f1febd32ab768bf957a0a1698217eb3cf14b2d00c6ecf,408,a1afe611ecd2659e039a873e2ac2973805b04f19c450b436f36589cec27214a0,4eb006da165f18f4dbef5a44f6511bd22a01ed4094dccba15a7a8050e586ed10
s13,s1303a,O0_4_LR_rms_waveform_inside,88,5,0.056818181818181816,3,2,1,0.03409090909090909,0.022727272727272728,0.011363636363636364,88,5,0.056818181818181816,3,2,1,0.03409090909090909,0.022727272727272728,0.011363636363636364,394.1540639999997,196.31458499999974,0.49806561172486064,214.11199999999982,44,4.866181818181814,87130029b5443647ed1f1febd32ab768bf957a0a1698217eb3cf14b2d00c6ecf,408,e6f1c931772a3e036f0f6d2408981fa9cc3f4caa3a52eaa42dba976363365df2,c69ebbfe5f893baa14ae1ba5c8de45b1f96dad422d5eddf36fba0c91f392c2c7
s13,s1303a,O0_4_LR_rms_waveform_gt20ms,88,5,0.056818181818181816,3,2,1,0.03409090909090909,0.022727272727272728,0.011363636363636364,88,5,0.056818181818181816,3,2,1,0.03409090909090909,0.022727272727272728,0.011363636363636364,394.1540639999997,196.31458499999974,0.49806561172486064,214.11199999999982,44,4.866181818181814,87130029b5443647ed1f1febd32ab768bf957a0a1698217eb3cf14b2d00c6ecf,408,e6f1c931772a3e036f0f6d2408981fa9cc3f4caa3a52eaa42dba976363365df2,c69ebbfe5f893baa14ae1ba5c8de45b1f96dad422d5eddf36fba0c91f392c2c7
s13,s1303a,O0_4_LR_rms_waveform_gt50ms,88,5,0.056818181818181816,3,2,1,0.03409090909090909,0.022727272727272728,0.011363636363636364,88,5,0.056818181818181816,3,2,1,0.03409090909090909,0.022727272727272728,0.011363636363636364,394.1540639999997,197.04214599999978,0.49991149146187647,215.03199999999978,44,4.8870909090909045,87130029b5443647ed1f1febd32ab768bf957a0a1698217eb3cf14b2d00c6ecf,408,3178676599ca755bc17209bc39d96f0fd24b9b7de72bf98629e316069f45f7d8,e3d67ee59d537f2715520d9a0f7d6f5a02b3720eb31d3b61f976d3ffdce66372
s13,s1303a,O0_4_LR_vad_only_inside,88,4,0.045454545454545456,2,1,0,0.022727272727272728,0.011363636363636364,0.0,88,4,0.045454545454545456,2,1,0,0.022727272727272728,0.011363636363636364,0.0,394.1540639999997,194.86810199999974,0.4943957700763422,212.34799999999981,44,4.8260909090909045,87130029b5443647ed1f1febd32ab768bf957a0a1698217eb3cf14b2d00c6ecf,408,94e88fcc35ea4be283b7a1a5d6a0a1c2c9f203cc82390882903b1232863e8ff7,b78bfdee7bd260ccb64f373939fa0e1d207cabeab3cc68b85412788bf15dc438
s13,s1303a,O0_4_LR_vad_only_gt20ms,88,3,0.03409090909090909,1,0,0,0.011363636363636364,0.0,0.0,88,3,0.03409090909090909,1,0,0,0.011363636363636364,0.0,0.0,394.1540639999997,198.1748259999997,0.5027851901077947,216.16799999999978,44,4.912909090909086,87130029b5443647ed1f1febd32ab768bf957a0a1698217eb3cf14b2d00c6ecf,408,e61f64e310f5db3838e36db8e854e90c1feb6be64bd5e006919acff9c89bda01,13e121dac7dd208c845acfa9ab9b747450092cf9c4f856b05d85bf53dec1deb3
s13,s1303a,O0_4_LR_vad_only_gt50ms,88,3,0.03409090909090909,1,0,0,0.011363636363636364,0.0,0.0,88,3,0.03409090909090909,1,0,0,0.011363636363636364,0.0,0.0,394.1540639999997,198.75124599999975,0.5042476131871113,217.0359999999998,44,4.932636363636359,87130029b5443647ed1f1febd32ab768bf957a0a1698217eb3cf14b2d00c6ecf,408,a1afe611ecd2659e039a873e2ac2973805b04f19c450b436f36589cec27214a0,4eb006da165f18f4dbef5a44f6511bd22a01ed4094dccba15a7a8050e586ed10
s13,s1303a,O0_4_LR_all_inside,88,4,0.045454545454545456,2,1,0,0.022727272727272728,0.011363636363636364,0.0,88,4,0.045454545454545456,2,1,0,0.022727272727272728,0.011363636363636364,0.0,394.1540639999997,195.92078599999968,0.4970665125502799,213.42799999999983,44,4.85063636363636,87130029b5443647ed1f1febd32ab768bf957a0a1698217eb3cf14b2d00c6ecf,408,54599c932ce15608342ac720439363b80852e5fe1e18e7c3c54d6cd718e91f25,b8cec3f2ed89c195299d27fe9fc3f0131e92c9d3593f659aecaff558bcbdfe1a
s13,s1303a,O0_4_LR_all_gt20ms,88,5,0.056818181818181816,3,2,1,0.03409090909090909,0.022727272727272728,0.011363636363636364,88,5,0.056818181818181816,3,2,1,0.03409090909090909,0.022727272727272728,0.011363636363636364,394.1540639999997,196.31458499999974,0.49806561172486064,214.11199999999982,44,4.866181818181814,87130029b5443647ed1f1febd32ab768bf957a0a1698217eb3cf14b2d00c6ecf,408,e6f1c931772a3e036f0f6d2408981fa9cc3f4caa3a52eaa42dba976363365df2,c69ebbfe5f893baa14ae1ba5c8de45b1f96dad422d5eddf36fba0c91f392c2c7
s13,s1303a,O0_4_LR_all_gt50ms,88,5,0.056818181818181816,3,2,1,0.03409090909090909,0.022727272727272728,0.011363636363636364,88,5,0.056818181818181816,3,2,1,0.03409090909090909,0.022727272727272728,0.011363636363636364,394.1540639999997,197.04214599999978,0.49991149146187647,215.03199999999978,44,4.8870909090909045,87130029b5443647ed1f1febd32ab768bf957a0a1698217eb3cf14b2d00c6ecf,408,3178676599ca755bc17209bc39d96f0fd24b9b7de72bf98629e316069f45f7d8,e3d67ee59d537f2715520d9a0f7d6f5a02b3720eb31d3b61f976d3ffdce66372
s13,s1303b,O0_4,123,5,0.04065040650406504,2,1,0,0.016260162601626018,0.008130081300813009,0.0,126,6,0.047619047619047616,3,1,0,0.023809523809523808,0.007936507936507936,0.0,394.5759039999998,289.2714470000002,0.7331198992830549,316.408,63,5.022349206349206,87130029b5443647ed1f1febd32ab768bf957a0a1698217eb3cf14b2d00c6ecf,314,9c87895cfc2337c08aabf1ed96fc5b49f3d2fb7874c9bf29ffb274f903aa0167,d8dd7dd2ebf4b2cae56cdd2bf64f3b1a9b3c92f04c1666e77b83915720a81915
s13,s1303b,O0_4_LR_rms_waveform_inside,123,5,0.04065040650406504,2,1,0,0.016260162601626018,0.008130081300813009,0.0,126,6,0.047619047619047616,3,1,0,0.023809523809523808,0.007936507936507936,0.0,394.5759039999998,286.8457390000001,0.7269722658989339,313.58000000000004,63,4.977460317460318,87130029b5443647ed1f1febd32ab768bf957a0a1698217eb3cf14b2d00c6ecf,314,9acf0f0bb8543a315429f2c2a67486bc0a2d3a313e298a0d011044903a96a5b9,951a2bc9a6396f73814ab9cc2004fef3bdd9bb6b43252ebd6386395ee55be840
s13,s1303b,O0_4_LR_rms_waveform_gt20ms,123,5,0.04065040650406504,2,1,0,0.016260162601626018,0.008130081300813009,0.0,126,6,0.047619047619047616,3,1,0,0.023809523809523808,0.007936507936507936,0.0,394.5759039999998,286.8457390000001,0.7269722658989339,313.58000000000004,63,4.977460317460318,87130029b5443647ed1f1febd32ab768bf957a0a1698217eb3cf14b2d00c6ecf,314,9acf0f0bb8543a315429f2c2a67486bc0a2d3a313e298a0d011044903a96a5b9,951a2bc9a6396f73814ab9cc2004fef3bdd9bb6b43252ebd6386395ee55be840
s13,s1303b,O0_4_LR_rms_waveform_gt50ms,123,5,0.04065040650406504,2,1,0,0.016260162601626018,0.008130081300813009,0.0,126,6,0.047619047619047616,3,1,0,0.023809523809523808,0.007936507936507936,0.0,394.5759039999998,287.2378570000001,0.7279660366690821,314.092,63,4.985587301587302,87130029b5443647ed1f1febd32ab768bf957a0a1698217eb3cf14b2d00c6ecf,314,5d8371c4af803e9e06d4fa2514584a474e5ec278831a61ba7adb303c97f62f8a,09a57db02ad5dee395996d8fea34d4daf9310870f902fa1e8519ff8303d9b782
s13,s1303b,O0_4_LR_vad_only_inside,122,4,0.03278688524590164,1,1,0,0.00819672131147541,0.00819672131147541,0.0,124,4,0.03225806451612903,1,1,0,0.008064516129032258,0.008064516129032258,0.0,394.5759039999998,287.61047800000017,0.7289103948932479,314.116,62,5.066387096774194,87130029b5443647ed1f1febd32ab768bf957a0a1698217eb3cf14b2d00c6ecf,314,845fa40fe722e81e47ea6088451399b11b498898f23a05bf6dceda6d125c4239,af057f55f9eed5ce36c081294a61e64eac23125848bb29b2b223fcb471d97813
s13,s1303b,O0_4_LR_vad_only_gt20ms,122,4,0.03278688524590164,1,1,0,0.00819672131147541,0.00819672131147541,0.0,124,4,0.03225806451612903,1,1,0,0.008064516129032258,0.008064516129032258,0.0,394.5759039999998,288.69801500000017,0.7316666123636387,315.392,62,5.086967741935484,87130029b5443647ed1f1febd32ab768bf957a0a1698217eb3cf14b2d00c6ecf,314,5aa9b6a92b68a9383e81b2ea4ad2c711a361bce9d9f1bf24ca31f3dcc9ff58f7,1e9782bf7398c54bdceed816050852a94227f9cf440f7967d13ab918c8f84d27
s13,s1303b,O0_4_LR_vad_only_gt50ms,123,5,0.04065040650406504,2,1,0,0.016260162601626018,0.008130081300813009,0.0,126,6,0.047619047619047616,3,1,0,0.023809523809523808,0.007936507936507936,0.0,394.5759039999998,289.2714470000002,0.7331198992830549,316.408,63,5.022349206349206,87130029b5443647ed1f1febd32ab768bf957a0a1698217eb3cf14b2d00c6ecf,314,9c87895cfc2337c08aabf1ed96fc5b49f3d2fb7874c9bf29ffb274f903aa0167,d8dd7dd2ebf4b2cae56cdd2bf64f3b1a9b3c92f04c1666e77b83915720a81915
s13,s1303b,O0_4_LR_all_inside,123,5,0.04065040650406504,2,1,0,0.016260162601626018,0.008130081300813009,0.0,126,6,0.047619047619047616,3,1,0,0.023809523809523808,0.007936507936507936,0.0,394.5759039999998,285.57688800000017,0.7237565322792755,311.98400000000004,63,4.952126984126985,87130029b5443647ed1f1febd32ab768bf957a0a1698217eb3cf14b2d00c6ecf,314,ee2b9586b522af77f344ce89236658a9c1b6ac039e780d77d81aa2f41679b840,99f3d791ed4b41d9dba6253544e87882cd248f120aa7c81c432cee484a12993e
s13,s1303b,O0_4_LR_all_gt20ms,123,5,0.04065040650406504,2,1,0,0.016260162601626018,0.008130081300813009,0.0,126,6,0.047619047619047616,3,1,0,0.023809523809523808,0.007936507936507936,0.0,394.5759039999998,287.2378570000001,0.7279660366690821,314.092,63,4.985587301587302,87130029b5443647ed1f1febd32ab768bf957a0a1698217eb3cf14b2d00c6ecf,314,5d8371c4af803e9e06d4fa2514584a474e5ec278831a61ba7adb303c97f62f8a,09a57db02ad5dee395996d8fea34d4daf9310870f902fa1e8519ff8303d9b782
s13,s1303b,O0_4_LR_all_gt50ms,123,5,0.04065040650406504,2,1,0,0.016260162601626018,0.008130081300813009,0.0,126,6,0.047619047619047616,3,1,0,0.023809523809523808,0.007936507936507936,0.0,394.5759039999998,287.2378570000001,0.7279660366690821,314.092,63,4.985587301587302,87130029b5443647ed1f1febd32ab768bf957a0a1698217eb3cf14b2d00c6ecf,314,5d8371c4af803e9e06d4fa2514584a474e5ec278831a61ba7adb303c97f62f8a,09a57db02ad5dee395996d8fea34d4daf9310870f902fa1e8519ff8303d9b782
s13,s1304a,O0_4,54,4,0.07407407407407407,1,0,0,0.018518518518518517,0.0,0.0,54,4,0.07407407407407407,1,0,0,0.018518518518518517,0.0,0.0,181.15421500000005,122.21869300000004,0.674666570689509,131.93599999999998,27,4.886518518518518,87130029b5443647ed1f1febd32ab768bf957a0a1698217eb3cf14b2d00c6ecf,141,3eed8bf499661a020ca38176148e6e903a14b5add2940da1fc08f32b54deec62,8da44603e2d53ef56cba1d4d99dc84d5011cecce78dbd57d0dd517102629a920
s13,s1304a,O0_4_LR_rms_waveform_inside,54,4,0.07407407407407407,1,0,0,0.018518518518518517,0.0,0.0,54,4,0.07407407407407407,1,0,0,0.018518518518518517,0.0,0.0,181.15421500000005,122.21869300000004,0.674666570689509,131.93599999999998,27,4.886518518518518,87130029b5443647ed1f1febd32ab768bf957a0a1698217eb3cf14b2d00c6ecf,141,3eed8bf499661a020ca38176148e6e903a14b5add2940da1fc08f32b54deec62,8da44603e2d53ef56cba1d4d99dc84d5011cecce78dbd57d0dd517102629a920
s13,s1304a,O0_4_LR_rms_waveform_gt20ms,54,4,0.07407407407407407,1,0,0,0.018518518518518517,0.0,0.0,54,4,0.07407407407407407,1,0,0,0.018518518518518517,0.0,0.0,181.15421500000005,122.21869300000004,0.674666570689509,131.93599999999998,27,4.886518518518518,87130029b5443647ed1f1febd32ab768bf957a0a1698217eb3cf14b2d00c6ecf,141,3eed8bf499661a020ca38176148e6e903a14b5add2940da1fc08f32b54deec62,8da44603e2d53ef56cba1d4d99dc84d5011cecce78dbd57d0dd517102629a920
s13,s1304a,O0_4_LR_rms_waveform_gt50ms,54,4,0.07407407407407407,1,0,0,0.018518518518518517,0.0,0.0,54,4,0.07407407407407407,1,0,0,0.018518518518518517,0.0,0.0,181.15421500000005,122.21869300000004,0.674666570689509,131.93599999999998,27,4.886518518518518,87130029b5443647ed1f1febd32ab768bf957a0a1698217eb3cf14b2d00c6ecf,141,3eed8bf499661a020ca38176148e6e903a14b5add2940da1fc08f32b54deec62,8da44603e2d53ef56cba1d4d99dc84d5011cecce78dbd57d0dd517102629a920
s13,s1304a,O0_4_LR_vad_only_inside,54,4,0.07407407407407407,1,0,0,0.018518518518518517,0.0,0.0,54,4,0.07407407407407407,1,0,0,0.018518518518518517,0.0,0.0,181.15421500000005,121.89367300000002,0.6728724087374947,131.45599999999996,27,4.86874074074074,87130029b5443647ed1f1febd32ab768bf957a0a1698217eb3cf14b2d00c6ecf,141,84e4e71bc797f8cb6c97024c68cca7a2977372ffe0d0445fad164c1afd552c7e,c359161bce9092873df26a94ec957c87155a3d78a0cdb8120323bd1912fc8e75
s13,s1304a,O0_4_LR_vad_only_gt20ms,54,4,0.07407407407407407,1,0,0,0.018518518518518517,0.0,0.0,54,4,0.07407407407407407,1,0,0,0.018518518518518517,0.0,0.0,181.15421500000005,122.21869300000004,0.674666570689509,131.93599999999998,27,4.886518518518518,87130029b5443647ed1f1febd32ab768bf957a0a1698217eb3cf14b2d00c6ecf,141,3eed8bf499661a020ca38176148e6e903a14b5add2940da1fc08f32b54deec62,8da44603e2d53ef56cba1d4d99dc84d5011cecce78dbd57d0dd517102629a920
s13,s1304a,O0_4_LR_vad_only_gt50ms,54,4,0.07407407407407407,1,0,0,0.018518518518518517,0.0,0.0,54,4,0.07407407407407407,1,0,0,0.018518518518518517,0.0,0.0,181.15421500000005,122.21869300000004,0.674666570689509,131.93599999999998,27,4.886518518518518,87130029b5443647ed1f1febd32ab768bf957a0a1698217eb3cf14b2d00c6ecf,141,3eed8bf499661a020ca38176148e6e903a14b5add2940da1fc08f32b54deec62,8da44603e2d53ef56cba1d4d99dc84d5011cecce78dbd57d0dd517102629a920
s13,s1304a,O0_4_LR_all_inside,54,4,0.07407407407407407,1,0,0,0.018518518518518517,0.0,0.0,54,4,0.07407407407407407,1,0,0,0.018518518518518517,0.0,0.0,181.15421500000005,122.21869300000004,0.674666570689509,131.93599999999998,27,4.886518518518518,87130029b5443647ed1f1febd32ab768bf957a0a1698217eb3cf14b2d00c6ecf,141,3eed8bf499661a020ca38176148e6e903a14b5add2940da1fc08f32b54deec62,8da44603e2d53ef56cba1d4d99dc84d5011cecce78dbd57d0dd517102629a920
s13,s1304a,O0_4_LR_all_gt20ms,54,4,0.07407407407407407,1,0,0,0.018518518518518517,0.0,0.0,54,4,0.07407407407407407,1,0,0,0.018518518518518517,0.0,0.0,181.15421500000005,122.21869300000004,0.674666570689509,131.93599999999998,27,4.886518518518518,87130029b5443647ed1f1febd32ab768bf957a0a1698217eb3cf14b2d00c6ecf,141,3eed8bf499661a020ca38176148e6e903a14b5add2940da1fc08f32b54deec62,8da44603e2d53ef56cba1d4d99dc84d5011cecce78dbd57d0dd517102629a920
s13,s1304a,O0_4_LR_all_gt50ms,54,4,0.07407407407407407,1,0,0,0.018518518518518517,0.0,0.0,54,4,0.07407407407407407,1,0,0,0.018518518518518517,0.0,0.0,181.15421500000005,122.21869300000004,0.674666570689509,131.93599999999998,27,4.886518518518518,87130029b5443647ed1f1febd32ab768bf957a0a1698217eb3cf14b2d00c6ecf,141,3eed8bf499661a020ca38176148e6e903a14b5add2940da1fc08f32b54deec62,8da44603e2d53ef56cba1d4d99dc84d5011cecce78dbd57d0dd517102629a920
s14,s1401a,O0_4,78,4,0.05128205128205128,2,0,0,0.02564102564102564,0.0,0.0,88,5,0.056818181818181816,2,0,0,0.022727272727272728,0.0,0.0,339.05232500000045,246.41053100000045,0.7267625461645194,266.57200000000006,44,6.058454545454547,87130029b5443647ed1f1febd32ab768bf957a0a1698217eb3cf14b2d00c6ecf,189,84416599ce93776436ed5ce205f178076f2c58970e71507f2efd7ef81f218f9b,07efca6aa625d8120eeebe7794021592d9943048be6d0e2260c8b482ad3d76f5
s14,s1401a,O0_4_LR_rms_waveform_inside,78,4,0.05128205128205128,2,0,0,0.02564102564102564,0.0,0.0,88,5,0.056818181818181816,2,0,0,0.022727272727272728,0.0,0.0,339.05232500000045,246.41053100000045,0.7267625461645194,266.57200000000006,44,6.058454545454547,87130029b5443647ed1f1febd32ab768bf957a0a1698217eb3cf14b2d00c6ecf,189,84416599ce93776436ed5ce205f178076f2c58970e71507f2efd7ef81f218f9b,07efca6aa625d8120eeebe7794021592d9943048be6d0e2260c8b482ad3d76f5
s14,s1401a,O0_4_LR_rms_waveform_gt20ms,78,4,0.05128205128205128,2,0,0,0.02564102564102564,0.0,0.0,88,5,0.056818181818181816,2,0,0,0.022727272727272728,0.0,0.0,339.05232500000045,246.41053100000045,0.7267625461645194,266.57200000000006,44,6.058454545454547,87130029b5443647ed1f1febd32ab768bf957a0a1698217eb3cf14b2d00c6ecf,189,84416599ce93776436ed5ce205f178076f2c58970e71507f2efd7ef81f218f9b,07efca6aa625d8120eeebe7794021592d9943048be6d0e2260c8b482ad3d76f5
s14,s1401a,O0_4_LR_rms_waveform_gt50ms,78,4,0.05128205128205128,2,0,0,0.02564102564102564,0.0,0.0,88,5,0.056818181818181816,2,0,0,0.022727272727272728,0.0,0.0,339.05232500000045,246.41053100000045,0.7267625461645194,266.57200000000006,44,6.058454545454547,87130029b5443647ed1f1febd32ab768bf957a0a1698217eb3cf14b2d00c6ecf,189,84416599ce93776436ed5ce205f178076f2c58970e71507f2efd7ef81f218f9b,07efca6aa625d8120eeebe7794021592d9943048be6d0e2260c8b482ad3d76f5
s14,s1401a,O0_4_LR_vad_only_inside,78,4,0.05128205128205128,2,0,0,0.02564102564102564,0.0,0.0,88,5,0.056818181818181816,2,0,0,0.022727272727272728,0.0,0.0,339.05232500000045,246.41053100000045,0.7267625461645194,266.82000000000005,44,6.06409090909091,87130029b5443647ed1f1febd32ab768bf957a0a1698217eb3cf14b2d00c6ecf,189,d2cbf709529c1960784a581df7c6c0f250f4f2ba4864bff2ebfb9defba04d33f,96b2c1de43357460508b6c24266ab98a6ec5ab827f3301580e26761506d16e8c
s14,s1401a,O0_4_LR_vad_only_gt20ms,78,4,0.05128205128205128,2,0,0,0.02564102564102564,0.0,0.0,88,5,0.056818181818181816,2,0,0,0.022727272727272728,0.0,0.0,339.05232500000045,246.41053100000045,0.7267625461645194,266.82000000000005,44,6.06409090909091,87130029b5443647ed1f1febd32ab768bf957a0a1698217eb3cf14b2d00c6ecf,189,d2cbf709529c1960784a581df7c6c0f250f4f2ba4864bff2ebfb9defba04d33f,96b2c1de43357460508b6c24266ab98a6ec5ab827f3301580e26761506d16e8c
s14,s1401a,O0_4_LR_vad_only_gt50ms,78,4,0.05128205128205128,2,0,0,0.02564102564102564,0.0,0.0,88,5,0.056818181818181816,2,0,0,0.022727272727272728,0.0,0.0,339.05232500000045,246.41053100000045,0.7267625461645194,266.57200000000006,44,6.058454545454547,87130029b5443647ed1f1febd32ab768bf957a0a1698217eb3cf14b2d00c6ecf,189,84416599ce93776436ed5ce205f178076f2c58970e71507f2efd7ef81f218f9b,07efca6aa625d8120eeebe7794021592d9943048be6d0e2260c8b482ad3d76f5
s14,s1401a,O0_4_LR_all_inside,78,4,0.05128205128205128,2,0,0,0.02564102564102564,0.0,0.0,88,5,0.056818181818181816,2,0,0,0.022727272727272728,0.0,0.0,339.05232500000045,246.41053100000045,0.7267625461645194,266.38400000000007,44,6.05418181818182,87130029b5443647ed1f1febd32ab768bf957a0a1698217eb3cf14b2d00c6ecf,189,2082ef04ba99ac678c754bff4b61584745d369079a07d52b2f0d923e49b184fb,c7195b2334bbde9190b978d8c0592f8236bf926db8f9f3250213a19f51b2d682
s14,s1401a,O0_4_LR_all_gt20ms,78,4,0.05128205128205128,2,0,0,0.02564102564102564,0.0,0.0,88,5,0.056818181818181816,2,0,0,0.022727272727272728,0.0,0.0,339.05232500000045,246.41053100000045,0.7267625461645194,266.57200000000006,44,6.058454545454547,87130029b5443647ed1f1febd32ab768bf957a0a1698217eb3cf14b2d00c6ecf,189,84416599ce93776436ed5ce205f178076f2c58970e71507f2efd7ef81f218f9b,07efca6aa625d8120eeebe7794021592d9943048be6d0e2260c8b482ad3d76f5
s14,s1401a,O0_4_LR_all_gt50ms,78,4,0.05128205128205128,2,0,0,0.02564102564102564,0.0,0.0,88,5,0.056818181818181816,2,0,0,0.022727272727272728,0.0,0.0,339.05232500000045,246.41053100000045,0.7267625461645194,266.57200000000006,44,6.058454545454547,87130029b5443647ed1f1febd32ab768bf957a0a1698217eb3cf14b2d00c6ecf,189,84416599ce93776436ed5ce205f178076f2c58970e71507f2efd7ef81f218f9b,07efca6aa625d8120eeebe7794021592d9943048be6d0e2260c8b482ad3d76f5
s14,s1401b,O0_4,96,6,0.0625,5,3,0,0.052083333333333336,0.03125,0.0,114,10,0.08771929824561403,8,5,0,0.07017543859649122,0.043859649122807015,0.0,475.42898099999957,351.6377789999998,0.7396220951032013,385.2759999999998,57,6.759228070175435,87130029b5443647ed1f1febd32ab768bf957a0a1698217eb3cf14b2d00c6ecf,206,0605d975b0b89f6b33f1fc7ae20ce58d64eaeb78034e594df2767afef84b4d4f,ef16537397f692327b637d23d315e7abea1eb8701caaed8e54d47a8712ccd715
s14,s1401b,O0_4_LR_rms_waveform_inside,96,6,0.0625,5,3,0,0.052083333333333336,0.03125,0.0,114,10,0.08771929824561403,8,5,0,0.07017543859649122,0.043859649122807015,0.0,475.42898099999957,349.49259099999983,0.7351099848075945,382.6759999999998,57,6.7136140350877165,87130029b5443647ed1f1febd32ab768bf957a0a1698217eb3cf14b2d00c6ecf,206,2da726e1fecb28830eca1b2e440abce386c92d765fd56bce3a174a780d682e3f,f50b7f2920c25cc943a2c7184ab68f898b4759bec731aa89f7323e1595c35786
s14,s1401b,O0_4_LR_rms_waveform_gt20ms,96,6,0.0625,5,3,0,0.052083333333333336,0.03125,0.0,114,10,0.08771929824561403,8,5,0,0.07017543859649122,0.043859649122807015,0.0,475.42898099999957,351.1485779999998,0.7385931275401155,384.5559999999998,57,6.7465964912280665,87130029b5443647ed1f1febd32ab768bf957a0a1698217eb3cf14b2d00c6ecf,206,080ca6fdb074d328b4939ff3b053be294bf28e1fefbf2ced19b91792bd876271,6ea018bc97209d239c0ed4a109cb2217e8d7efb0680f91b2b1d37f809027b0cd
s14,s1401b,O0_4_LR_rms_waveform_gt50ms,96,6,0.0625,5,3,0,0.052083333333333336,0.03125,0.0,114,10,0.08771929824561403,8,5,0,0.07017543859649122,0.043859649122807015,0.0,475.42898099999957,351.7537789999998,0.7398660852776244,385.39199999999977,57,6.761263157894732,87130029b5443647ed1f1febd32ab768bf957a0a1698217eb3cf14b2d00c6ecf,206,e8735416cb154a78b9d99128e682e747370b254b72a37185256da1d203a0b819,3152f014275610992691b31ff42872eba0d083c0ca19dcb0cd79741fb3c870cb
s14,s1401b,O0_4_LR_vad_only_inside,96,6,0.0625,5,3,0,0.052083333333333336,0.03125,0.0,114,10,0.08771929824561403,8,5,0,0.07017543859649122,0.043859649122807015,0.0,475.42898099999957,351.03257799999983,0.7383491373656924,384.4399999999998,57,6.744561403508769,87130029b5443647ed1f1febd32ab768bf957a0a1698217eb3cf14b2d00c6ecf,206,57383585f0d3cb9a715c17026e69023adb4448274a948b1d47545dd97f308421,aa2f4ebb3eececd57833c95badd4df3a69d950a5da30ef7660404f3bc5e267d5
s14,s1401b,O0_4_LR_vad_only_gt20ms,96,6,0.0625,5,3,0,0.052083333333333336,0.03125,0.0,114,10,0.08771929824561403,8,5,0,0.07017543859649122,0.043859649122807015,0.0,475.42898099999957,351.03257799999983,0.7383491373656924,384.4399999999998,57,6.744561403508769,87130029b5443647ed1f1febd32ab768bf957a0a1698217eb3cf14b2d00c6ecf,206,57383585f0d3cb9a715c17026e69023adb4448274a948b1d47545dd97f308421,aa2f4ebb3eececd57833c95badd4df3a69d950a5da30ef7660404f3bc5e267d5
s14,s1401b,O0_4_LR_vad_only_gt50ms,96,6,0.0625,5,3,0,0.052083333333333336,0.03125,0.0,114,10,0.08771929824561403,8,5,0,0.07017543859649122,0.043859649122807015,0.0,475.42898099999957,351.7537789999998,0.7398660852776244,385.39199999999977,57,6.761263157894732,87130029b5443647ed1f1febd32ab768bf957a0a1698217eb3cf14b2d00c6ecf,206,e8735416cb154a78b9d99128e682e747370b254b72a37185256da1d203a0b819,3152f014275610992691b31ff42872eba0d083c0ca19dcb0cd79741fb3c870cb
s14,s1401b,O0_4_LR_all_inside,96,6,0.0625,5,3,0,0.052083333333333336,0.03125,0.0,114,10,0.08771929824561403,8,5,0,0.07017543859649122,0.043859649122807015,0.0,475.42898099999957,348.68346799999983,0.7334081049636311,381.6399999999998,57,6.695438596491225,87130029b5443647ed1f1febd32ab768bf957a0a1698217eb3cf14b2d00c6ecf,206,9b53b55ba0c05a273bf39e21b353d0dc8afdd4bf8a02e93239233605b025d2db,08f42d9c2e0f6368ac0e1706cd80ffe8b0caa5d8e8db4d107245e7814c68528e
s14,s1401b,O0_4_LR_all_gt20ms,96,6,0.0625,5,3,0,0.052083333333333336,0.03125,0.0,114,10,0.08771929824561403,8,5,0,0.07017543859649122,0.043859649122807015,0.0,475.42898099999957,351.1485779999998,0.7385931275401155,384.5559999999998,57,6.7465964912280665,87130029b5443647ed1f1febd32ab768bf957a0a1698217eb3cf14b2d00c6ecf,206,080ca6fdb074d328b4939ff3b053be294bf28e1fefbf2ced19b91792bd876271,6ea018bc97209d239c0ed4a109cb2217e8d7efb0680f91b2b1d37f809027b0cd
s14,s1401b,O0_4_LR_all_gt50ms,96,6,0.0625,5,3,0,0.052083333333333336,0.03125,0.0,114,10,0.08771929824561403,8,5,0,0.07017543859649122,0.043859649122807015,0.0,475.42898099999957,351.7537789999998,0.7398660852776244,385.39199999999977,57,6.761263157894732,87130029b5443647ed1f1febd32ab768bf957a0a1698217eb3cf14b2d00c6ecf,206,e8735416cb154a78b9d99128e682e747370b254b72a37185256da1d203a0b819,3152f014275610992691b31ff42872eba0d083c0ca19dcb0cd79741fb3c870cb
s14,s1402a,O0_4,92,12,0.13043478260869565,6,1,0,0.06521739130434782,0.010869565217391304,0.0,98,12,0.12244897959183673,6,1,0,0.061224489795918366,0.01020408163265306,0.0,382.0668270000001,274.5889930000001,0.7186936252908447,298.62800000000016,49,6.0944489795918395,87130029b5443647ed1f1febd32ab768bf957a0a1698217eb3cf14b2d00c6ecf,194,17f85ce009fa8004d0f76132c4fffe093bd5edd972cdc0b8159cfecbd5d54cb1,c35471f6fa61d5bb1e3e6e047e2ef7d70176fee6001a0e80d9a2d0a2fa56919f
s14,s1402a,O0_4_LR_rms_waveform_inside,92,12,0.13043478260869565,6,1,0,0.06521739130434782,0.010869565217391304,0.0,98,12,0.12244897959183673,6,1,0,0.061224489795918366,0.01020408163265306,0.0,382.0668270000001,274.5889930000001,0.7186936252908447,298.62800000000016,49,6.0944489795918395,87130029b5443647ed1f1febd32ab768bf957a0a1698217eb3cf14b2d00c6ecf,194,17f85ce009fa8004d0f76132c4fffe093bd5edd972cdc0b8159cfecbd5d54cb1,c35471f6fa61d5bb1e3e6e047e2ef7d70176fee6001a0e80d9a2d0a2fa56919f
s14,s1402a,O0_4_LR_rms_waveform_gt20ms,92,11,0.11956521739130435,5,1,0,0.05434782608695652,0.010869565217391304,0.0,98,11,0.11224489795918367,5,1,0,0.05102040816326531,0.01020408163265306,0.0,382.0668270000001,275.1317110000001,0.7201141045411934,299.4280000000001,49,6.110775510204084,87130029b5443647ed1f1febd32ab768bf957a0a1698217eb3cf14b2d00c6ecf,194,78239dc46c55d73b5f5cdc9aea25243b6e3897ac680a9debb3e8f719cfc461a9,9803b668a6202123293c4597cf9b0421176129e326cde210bacf33b31b5968f7
s14,s1402a,O0_4_LR_rms_waveform_gt50ms,92,11,0.11956521739130435,5,1,0,0.05434782608695652,0.010869565217391304,0.0,98,11,0.11224489795918367,5,1,0,0.05102040816326531,0.01020408163265306,0.0,382.0668270000001,275.1317110000001,0.7201141045411934,299.4280000000001,49,6.110775510204084,87130029b5443647ed1f1febd32ab768bf957a0a1698217eb3cf14b2d00c6ecf,194,78239dc46c55d73b5f5cdc9aea25243b6e3897ac680a9debb3e8f719cfc461a9,9803b668a6202123293c4597cf9b0421176129e326cde210bacf33b31b5968f7
s14,s1402a,O0_4_LR_vad_only_inside,92,12,0.13043478260869565,6,1,0,0.06521739130434782,0.010869565217391304,0.0,98,12,0.12244897959183673,6,1,0,0.061224489795918366,0.01020408163265306,0.0,382.0668270000001,274.5889930000001,0.7186936252908447,298.62800000000016,49,6.0944489795918395,87130029b5443647ed1f1febd32ab768bf957a0a1698217eb3cf14b2d00c6ecf,194,17f85ce009fa8004d0f76132c4fffe093bd5edd972cdc0b8159cfecbd5d54cb1,c35471f6fa61d5bb1e3e6e047e2ef7d70176fee6001a0e80d9a2d0a2fa56919f
s14,s1402a,O0_4_LR_vad_only_gt20ms,93,13,0.13978494623655913,6,1,0,0.06451612903225806,0.010752688172043012,0.0,100,13,0.13,6,1,0,0.06,0.01,0.0,382.0668270000001,277.0946750000001,0.7252518549588709,301.4920000000002,50,6.029840000000004,87130029b5443647ed1f1febd32ab768bf957a0a1698217eb3cf14b2d00c6ecf,194,0b24203d48a38832e9d50732d64dcdc37335300a86bcef9530bf8ca455393d45,a951142fd9abdc33ab581008fb3ac7abb2ea432b70e201250edff592a1451938
s14,s1402a,O0_4_LR_vad_only_gt50ms,93,13,0.13978494623655913,6,1,0,0.06451612903225806,0.010752688172043012,0.0,100,13,0.13,6,1,0,0.06,0.01,0.0,382.0668270000001,277.0946750000001,0.7252518549588709,301.4920000000002,50,6.029840000000004,87130029b5443647ed1f1febd32ab768bf957a0a1698217eb3cf14b2d00c6ecf,194,0b24203d48a38832e9d50732d64dcdc37335300a86bcef9530bf8ca455393d45,a951142fd9abdc33ab581008fb3ac7abb2ea432b70e201250edff592a1451938
s14,s1402a,O0_4_LR_all_inside,92,12,0.13043478260869565,6,1,0,0.06521739130434782,0.010869565217391304,0.0,98,12,0.12244897959183673,6,1,0,0.061224489795918366,0.01020408163265306,0.0,382.0668270000001,274.5889930000001,0.7186936252908447,298.62800000000016,49,6.0944489795918395,87130029b5443647ed1f1febd32ab768bf957a0a1698217eb3cf14b2d00c6ecf,194,17f85ce009fa8004d0f76132c4fffe093bd5edd972cdc0b8159cfecbd5d54cb1,c35471f6fa61d5bb1e3e6e047e2ef7d70176fee6001a0e80d9a2d0a2fa56919f
s14,s1402a,O0_4_LR_all_gt20ms,92,11,0.11956521739130435,5,1,0,0.05434782608695652,0.010869565217391304,0.0,98,11,0.11224489795918367,5,1,0,0.05102040816326531,0.01020408163265306,0.0,382.0668270000001,275.1317110000001,0.7201141045411934,299.4280000000001,49,6.110775510204084,87130029b5443647ed1f1febd32ab768bf957a0a1698217eb3cf14b2d00c6ecf,194,78239dc46c55d73b5f5cdc9aea25243b6e3897ac680a9debb3e8f719cfc461a9,9803b668a6202123293c4597cf9b0421176129e326cde210bacf33b31b5968f7
s14,s1402a,O0_4_LR_all_gt50ms,92,11,0.11956521739130435,5,1,0,0.05434782608695652,0.010869565217391304,0.0,98,11,0.11224489795918367,5,1,0,0.05102040816326531,0.01020408163265306,0.0,382.0668270000001,275.1317110000001,0.7201141045411934,299.4280000000001,49,6.110775510204084,87130029b5443647ed1f1febd32ab768bf957a0a1698217eb3cf14b2d00c6ecf,194,78239dc46c55d73b5f5cdc9aea25243b6e3897ac680a9debb3e8f719cfc461a9,9803b668a6202123293c4597cf9b0421176129e326cde210bacf33b31b5968f7
s14,s1402b,O0_4,84,4,0.047619047619047616,1,0,0,0.011904761904761904,0.0,0.0,98,5,0.05102040816326531,2,0,0,0.02040816326530612,0.0,0.0,363.4329330000003,277.92022500000013,0.764708422832996,302.236,49,6.168081632653061,87130029b5443647ed1f1febd32ab768bf957a0a1698217eb3cf14b2d00c6ecf,179,c0fb0e9160f738070ebc92c52de9e2f361ef0677a139aa1424492a7f4e677b3c,a7faf901b7a9f68fd56d3f8191f2fb64ea43f5596068d971644c783657ff5c79
s14,s1402b,O0_4_LR_rms_waveform_inside,84,4,0.047619047619047616,1,0,0,0.011904761904761904,0.0,0.0,98,5,0.05102040816326531,2,0,0,0.02040816326530612,0.0,0.0,363.4329330000003,276.84603500000014,0.7617527468266062,300.644,49,6.135591836734694,87130029b5443647ed1f1febd32ab768bf957a0a1698217eb3cf14b2d00c6ecf,179,fb4dea949a500a7434dd2d1f688c566673e15c7c04691ece3a20ea00157d952e,bb041bd3c5c8d16300d2f3cf76d9799e6a1917774efcf0711382fc1d9eef2d01
s14,s1402b,O0_4_LR_rms_waveform_gt20ms,84,4,0.047619047619047616,1,0,0,0.011904761904761904,0.0,0.0,98,5,0.05102040816326531,2,0,0,0.02040816326530612,0.0,0.0,363.4329330000003,277.5760350000001,0.7637613705194952,301.516,49,6.153387755102041,87130029b5443647ed1f1febd32ab768bf957a0a1698217eb3cf14b2d00c6ecf,179,c23529ccf5256b40d724b294e00011b386ac013ee5470a9209ed23f66a267d0c,b4fb11e24542cd23e5a860a230cb7fc09c7192ffca586c454e6d732c67118110
s14,s1402b,O0_4_LR_rms_waveform_gt50ms,84,4,0.047619047619047616,1,0,0,0.011904761904761904,0.0,0.0,98,5,0.05102040816326531,2,0,0,0.02040816326530612,0.0,0.0,363.4329330000003,277.5760350000001,0.7637613705194952,301.788,49,6.1589387755102045,87130029b5443647ed1f1febd32ab768bf957a0a1698217eb3cf14b2d00c6ecf,179,3b89c67ff2286c843bdc8873004fafc699a7c7fd3198530b661761d7789b5962,e8402c26020d2bececcf2858f3e5cc1316c31e33e82a5757cb9ce2b4ba0cd450
s14,s1402b,O0_4_LR_vad_only_inside,84,4,0.047619047619047616,1,0,0,0.011904761904761904,0.0,0.0,98,5,0.05102040816326531,2,0,0,0.02040816326530612,0.0,0.0,363.4329330000003,276.84603500000014,0.7617527468266062,300.644,49,6.135591836734694,87130029b5443647ed1f1febd32ab768bf957a0a1698217eb3cf14b2d00c6ecf,179,fb4dea949a500a7434dd2d1f688c566673e15c7c04691ece3a20ea00157d952e,bb041bd3c5c8d16300d2f3cf76d9799e6a1917774efcf0711382fc1d9eef2d01
s14,s1402b,O0_4_LR_vad_only_gt20ms,84,4,0.047619047619047616,1,0,0,0.011904761904761904,0.0,0.0,98,5,0.05102040816326531,2,0,0,0.02040816326530612,0.0,0.0,363.4329330000003,277.92022500000013,0.764708422832996,302.236,49,6.168081632653061,87130029b5443647ed1f1febd32ab768bf957a0a1698217eb3cf14b2d00c6ecf,179,c0fb0e9160f738070ebc92c52de9e2f361ef0677a139aa1424492a7f4e677b3c,a7faf901b7a9f68fd56d3f8191f2fb64ea43f5596068d971644c783657ff5c79
s14,s1402b,O0_4_LR_vad_only_gt50ms,84,4,0.047619047619047616,1,0,0,0.011904761904761904,0.0,0.0,98,5,0.05102040816326531,2,0,0,0.02040816326530612,0.0,0.0,363.4329330000003,277.92022500000013,0.764708422832996,302.236,49,6.168081632653061,87130029b5443647ed1f1febd32ab768bf957a0a1698217eb3cf14b2d00c6ecf,179,c0fb0e9160f738070ebc92c52de9e2f361ef0677a139aa1424492a7f4e677b3c,a7faf901b7a9f68fd56d3f8191f2fb64ea43f5596068d971644c783657ff5c79
s14,s1402b,O0_4_LR_all_inside,84,4,0.047619047619047616,1,0,0,0.011904761904761904,0.0,0.0,98,5,0.05102040816326531,2,0,0,0.02040816326530612,0.0,0.0,363.4329330000003,276.84603500000014,0.7617527468266062,300.644,49,6.135591836734694,87130029b5443647ed1f1febd32ab768bf957a0a1698217eb3cf14b2d00c6ecf,179,fb4dea949a500a7434dd2d1f688c566673e15c7c04691ece3a20ea00157d952e,bb041bd3c5c8d16300d2f3cf76d9799e6a1917774efcf0711382fc1d9eef2d01
s14,s1402b,O0_4_LR_all_gt20ms,84,4,0.047619047619047616,1,0,0,0.011904761904761904,0.0,0.0,98,5,0.05102040816326531,2,0,0,0.02040816326530612,0.0,0.0,363.4329330000003,276.84603500000014,0.7617527468266062,300.644,49,6.135591836734694,87130029b5443647ed1f1febd32ab768bf957a0a1698217eb3cf14b2d00c6ecf,179,fb4dea949a500a7434dd2d1f688c566673e15c7c04691ece3a20ea00157d952e,bb041bd3c5c8d16300d2f3cf76d9799e6a1917774efcf0711382fc1d9eef2d01
s14,s1402b,O0_4_LR_all_gt50ms,84,4,0.047619047619047616,1,0,0,0.011904761904761904,0.0,0.0,98,5,0.05102040816326531,2,0,0,0.02040816326530612,0.0,0.0,363.4329330000003,277.5760350000001,0.7637613705194952,301.788,49,6.1589387755102045,87130029b5443647ed1f1febd32ab768bf957a0a1698217eb3cf14b2d00c6ecf,179,3b89c67ff2286c843bdc8873004fafc699a7c7fd3198530b661761d7789b5962,e8402c26020d2bececcf2858f3e5cc1316c31e33e82a5757cb9ce2b4ba0cd450
s14,s1403a,O0_4,87,2,0.022988505747126436,2,1,0,0.022988505747126436,0.011494252873563218,0.0,96,3,0.03125,3,2,0,0.03125,0.020833333333333332,0.0,331.02790899999997,232.16668700000008,0.7013507945639716,254.32399999999998,48,5.298416666666666,87130029b5443647ed1f1febd32ab768bf957a0a1698217eb3cf14b2d00c6ecf,213,997ad030d4e00f0960729da99a1b5a3ce422e9bef15bf2ef8353cc5bca7b3b1c,5f297562334add4cdcf3d800ebf3f6ce53963c9ee15ecc55eb1892b261e40fd5
s14,s1403a,O0_4_LR_rms_waveform_inside,87,3,0.034482758620689655,3,2,0,0.034482758620689655,0.022988505747126436,0.0,96,5,0.052083333333333336,5,4,0,0.052083333333333336,0.041666666666666664,0.0,331.02790899999997,230.53283300000004,0.6964150959247368,251.93599999999992,48,5.248666666666665,87130029b5443647ed1f1febd32ab768bf957a0a1698217eb3cf14b2d00c6ecf,213,988c70410904f87d6b0d66261d16ac20769055927b8c4dbccc91be51fa6e70dc,4abb7913c050b7d85b65b09e2aba61033b1e65091c2467cfd00c529dbffac41e
s14,s1403a,O0_4_LR_rms_waveform_gt20ms,87,3,0.034482758620689655,3,2,0,0.034482758620689655,0.022988505747126436,0.0,96,5,0.052083333333333336,5,4,0,0.052083333333333336,0.041666666666666664,0.0,331.02790899999997,231.60849100000007,0.699664543994688,253.50799999999995,48,5.281416666666666,87130029b5443647ed1f1febd32ab768bf957a0a1698217eb3cf14b2d00c6ecf,213,3a9d1fff6bcf392dfc8ae09f85330fd094c934fd0bb7c4785acda4cc9817afb9,a4f87c7ca3db39c7e42b46cc101914e7042aacd3a10a7c0f5ebcc23cd72f4ef2
s14,s1403a,O0_4_LR_rms_waveform_gt50ms,87,3,0.034482758620689655,3,2,0,0.034482758620689655,0.022988505747126436,0.0,96,5,0.052083333333333336,5,4,0,0.052083333333333336,0.041666666666666664,0.0,331.02790899999997,232.16668700000008,0.7013507945639716,254.32399999999998,48,5.298416666666666,87130029b5443647ed1f1febd32ab768bf957a0a1698217eb3cf14b2d00c6ecf,213,85bd739f6685203916d7c2bcababdaef38f7e39abdcab2116452a6b8cc3f4651,f2fab44e23f57cc3ce3fdd8404eda83e31fc95d70c5c59daa81ba48d787bd9b0
s14,s1403a,O0_4_LR_vad_only_inside,87,2,0.022988505747126436,2,1,0,0.022988505747126436,0.011494252873563218,0.0,96,3,0.03125,3,2,0,0.03125,0.020833333333333332,0.0,331.02790899999997,230.95065400000004,0.6976772885938148,252.68399999999994,48,5.264249999999999,87130029b5443647ed1f1febd32ab768bf957a0a1698217eb3cf14b2d00c6ecf,213,64d32c139210183faf3994716fdb4867b37bacb503e4e8e8efe39295f58d9bb7,a06f6320436661d1abb3eff5c3c5010d5e76ebbfdcf92ea467647323cb89aa5d
s14,s1403a,O0_4_LR_vad_only_gt20ms,87,3,0.034482758620689655,3,2,0,0.034482758620689655,0.022988505747126436,0.0,96,5,0.052083333333333336,5,4,0,0.052083333333333336,0.041666666666666664,0.0,331.02790899999997,230.95065400000004,0.6976772885938148,252.68399999999994,48,5.264249999999999,87130029b5443647ed1f1febd32ab768bf957a0a1698217eb3cf14b2d00c6ecf,213,bdd5935dcf11b91df3ec98fee5e2cc0c342b04037479f41a9d8050447494b712,4b9a370cd9ddbff9a783d06b8a141c7d11601978b4e6a283831eb7e69a555316
s14,s1403a,O0_4_LR_vad_only_gt50ms,87,3,0.034482758620689655,3,2,0,0.034482758620689655,0.022988505747126436,0.0,96,5,0.052083333333333336,5,4,0,0.052083333333333336,0.041666666666666664,0.0,331.02790899999997,232.16668700000008,0.7013507945639716,254.32399999999998,48,5.298416666666666,87130029b5443647ed1f1febd32ab768bf957a0a1698217eb3cf14b2d00c6ecf,213,85bd739f6685203916d7c2bcababdaef38f7e39abdcab2116452a6b8cc3f4651,f2fab44e23f57cc3ce3fdd8404eda83e31fc95d70c5c59daa81ba48d787bd9b0
s14,s1403a,O0_4_LR_all_inside,87,3,0.034482758620689655,3,2,0,0.034482758620689655,0.022988505747126436,0.0,96,5,0.052083333333333336,5,4,0,0.052083333333333336,0.041666666666666664,0.0,331.02790899999997,230.95065400000004,0.6976772885938148,252.68399999999994,48,5.264249999999999,87130029b5443647ed1f1febd32ab768bf957a0a1698217eb3cf14b2d00c6ecf,213,bdd5935dcf11b91df3ec98fee5e2cc0c342b04037479f41a9d8050447494b712,4b9a370cd9ddbff9a783d06b8a141c7d11601978b4e6a283831eb7e69a555316
s14,s1403a,O0_4_LR_all_gt20ms,87,3,0.034482758620689655,3,2,0,0.034482758620689655,0.022988505747126436,0.0,96,5,0.052083333333333336,5,4,0,0.052083333333333336,0.041666666666666664,0.0,331.02790899999997,231.60849100000007,0.699664543994688,253.50799999999995,48,5.281416666666666,87130029b5443647ed1f1febd32ab768bf957a0a1698217eb3cf14b2d00c6ecf,213,3a9d1fff6bcf392dfc8ae09f85330fd094c934fd0bb7c4785acda4cc9817afb9,a4f87c7ca3db39c7e42b46cc101914e7042aacd3a10a7c0f5ebcc23cd72f4ef2
s14,s1403a,O0_4_LR_all_gt50ms,87,3,0.034482758620689655,3,2,0,0.034482758620689655,0.022988505747126436,0.0,96,5,0.052083333333333336,5,4,0,0.052083333333333336,0.041666666666666664,0.0,331.02790899999997,231.60849100000007,0.699664543994688,253.50799999999995,48,5.281416666666666,87130029b5443647ed1f1febd32ab768bf957a0a1698217eb3cf14b2d00c6ecf,213,3a9d1fff6bcf392dfc8ae09f85330fd094c934fd0bb7c4785acda4cc9817afb9,a4f87c7ca3db39c7e42b46cc101914e7042aacd3a10a7c0f5ebcc23cd72f4ef2
s14,s1403b,O0_4,59,7,0.11864406779661017,2,0,0,0.03389830508474576,0.0,0.0,62,7,0.11290322580645161,2,0,0,0.03225806451612903,0.0,0.0,233.89246400000053,171.64575700000032,0.7338661283246815,185.78799999999984,31,5.9931612903225755,87130029b5443647ed1f1febd32ab768bf957a0a1698217eb3cf14b2d00c6ecf,172,9efb7fc9620e8a67b79db7622bde02ad050db381cfcdce88cf607b812ebdd831,6c5dc2550e061578479d811e4c0aac1acf254743f76acfb5e3fdaa312797cdef
s14,s1403b,O0_4_LR_rms_waveform_inside,59,7,0.11864406779661017,2,0,0,0.03389830508474576,0.0,0.0,62,7,0.11290322580645161,2,0,0,0.03225806451612903,0.0,0.0,233.89246400000053,171.64575700000032,0.7338661283246815,185.78799999999984,31,5.9931612903225755,87130029b5443647ed1f1febd32ab768bf957a0a1698217eb3cf14b2d00c6ecf,172,9efb7fc9620e8a67b79db7622bde02ad050db381cfcdce88cf607b812ebdd831,6c5dc2550e061578479d811e4c0aac1acf254743f76acfb5e3fdaa312797cdef
s14,s1403b,O0_4_LR_rms_waveform_gt20ms,59,7,0.11864406779661017,2,0,0,0.03389830508474576,0.0,0.0,62,7,0.11290322580645161,2,0,0,0.03225806451612903,0.0,0.0,233.89246400000053,171.64575700000032,0.7338661283246815,185.78799999999984,31,5.9931612903225755,87130029b5443647ed1f1febd32ab768bf957a0a1698217eb3cf14b2d00c6ecf,172,9efb7fc9620e8a67b79db7622bde02ad050db381cfcdce88cf607b812ebdd831,6c5dc2550e061578479d811e4c0aac1acf254743f76acfb5e3fdaa312797cdef
s14,s1403b,O0_4_LR_rms_waveform_gt50ms,59,7,0.11864406779661017,2,0,0,0.03389830508474576,0.0,0.0,62,7,0.11290322580645161,2,0,0,0.03225806451612903,0.0,0.0,233.89246400000053,171.64575700000032,0.7338661283246815,185.78799999999984,31,5.9931612903225755,87130029b5443647ed1f1febd32ab768bf957a0a1698217eb3cf14b2d00c6ecf,172,9efb7fc9620e8a67b79db7622bde02ad050db381cfcdce88cf607b812ebdd831,6c5dc2550e061578479d811e4c0aac1acf254743f76acfb5e3fdaa312797cdef
s14,s1403b,O0_4_LR_vad_only_inside,59,7,0.11864406779661017,2,0,0,0.03389830508474576,0.0,0.0,62,7,0.11290322580645161,2,0,0,0.03225806451612903,0.0,0.0,233.89246400000053,170.74388700000029,0.7300102110173157,184.66799999999984,31,5.957032258064511,87130029b5443647ed1f1febd32ab768bf957a0a1698217eb3cf14b2d00c6ecf,172,e4c5c8bac97b6e5ebc864d25e40de3f6cd2ceb0b5e61e58f44402d051fadaed9,5c3bdf986c5f064a1ad518e6b6b79860141adc5ca6382207fe6ea553cdcfd879
s14,s1403b,O0_4_LR_vad_only_gt20ms,59,7,0.11864406779661017,2,0,0,0.03389830508474576,0.0,0.0,62,7,0.11290322580645161,2,0,0,0.03225806451612903,0.0,0.0,233.89246400000053,171.64575700000032,0.7338661283246815,185.78799999999984,31,5.9931612903225755,87130029b5443647ed1f1febd32ab768bf957a0a1698217eb3cf14b2d00c6ecf,172,9efb7fc9620e8a67b79db7622bde02ad050db381cfcdce88cf607b812ebdd831,6c5dc2550e061578479d811e4c0aac1acf254743f76acfb5e3fdaa312797cdef
s14,s1403b,O0_4_LR_vad_only_gt50ms,59,7,0.11864406779661017,2,0,0,0.03389830508474576,0.0,0.0,62,7,0.11290322580645161,2,0,0,0.03225806451612903,0.0,0.0,233.89246400000053,171.64575700000032,0.7338661283246815,185.78799999999984,31,5.9931612903225755,87130029b5443647ed1f1febd32ab768bf957a0a1698217eb3cf14b2d00c6ecf,172,9efb7fc9620e8a67b79db7622bde02ad050db381cfcdce88cf607b812ebdd831,6c5dc2550e061578479d811e4c0aac1acf254743f76acfb5e3fdaa312797cdef
s14,s1403b,O0_4_LR_all_inside,59,7,0.11864406779661017,2,0,0,0.03389830508474576,0.0,0.0,62,7,0.11290322580645161,2,0,0,0.03225806451612903,0.0,0.0,233.89246400000053,171.64575700000032,0.7338661283246815,185.78799999999984,31,5.9931612903225755,87130029b5443647ed1f1febd32ab768bf957a0a1698217eb3cf14b2d00c6ecf,172,9efb7fc9620e8a67b79db7622bde02ad050db381cfcdce88cf607b812ebdd831,6c5dc2550e061578479d811e4c0aac1acf254743f76acfb5e3fdaa312797cdef
s14,s1403b,O0_4_LR_all_gt20ms,59,7,0.11864406779661017,2,0,0,0.03389830508474576,0.0,0.0,62,7,0.11290322580645161,2,0,0,0.03225806451612903,0.0,0.0,233.89246400000053,171.64575700000032,0.7338661283246815,185.78799999999984,31,5.9931612903225755,87130029b5443647ed1f1febd32ab768bf957a0a1698217eb3cf14b2d00c6ecf,172,9efb7fc9620e8a67b79db7622bde02ad050db381cfcdce88cf607b812ebdd831,6c5dc2550e061578479d811e4c0aac1acf254743f76acfb5e3fdaa312797cdef
s14,s1403b,O0_4_LR_all_gt50ms,59,7,0.11864406779661017,2,0,0,0.03389830508474576,0.0,0.0,62,7,0.11290322580645161,2,0,0,0.03225806451612903,0.0,0.0,233.89246400000053,171.64575700000032,0.7338661283246815,185.78799999999984,31,5.9931612903225755,87130029b5443647ed1f1febd32ab768bf957a0a1698217eb3cf14b2d00c6ecf,172,9efb7fc9620e8a67b79db7622bde02ad050db381cfcdce88cf607b812ebdd831,6c5dc2550e061578479d811e4c0aac1acf254743f76acfb5e3fdaa312797cdef
s15,s1501a,O0_4,107,4,0.037383177570093455,1,0,0,0.009345794392523364,0.0,0.0,116,4,0.034482758620689655,1,0,0,0.008620689655172414,0.0,0.0,395.99358299999983,301.527661,0.7614458262572406,350.47200000000015,58,6.042620689655175,87130029b5443647ed1f1febd32ab768bf957a0a1698217eb3cf14b2d00c6ecf,309,5a2c867d41932f7fb6b27cad6c40bb200014c95bcd021b085737d50711cea2b1,bc1dfe9c156f54fb620b1905fafd648992a3523e663732aecb4db278248eeac7
s15,s1501a,O0_4_LR_rms_waveform_inside,107,4,0.037383177570093455,2,0,0,0.018691588785046728,0.0,0.0,116,4,0.034482758620689655,2,0,0,0.017241379310344827,0.0,0.0,395.99358299999983,299.44349200000005,0.7561826879401734,346.8160000000002,58,5.979586206896555,87130029b5443647ed1f1febd32ab768bf957a0a1698217eb3cf14b2d00c6ecf,309,b342aad3b7bc4151ff75454db0700a810f1784e57982b4d45ea7365f9a7962d6,3aae7b691787959864b15bb3c65a6d63559f130ea4ebaee4c3e976edf0136fb0
s15,s1501a,O0_4_LR_rms_waveform_gt20ms,107,4,0.037383177570093455,2,0,0,0.018691588785046728,0.0,0.0,116,4,0.034482758620689655,2,0,0,0.017241379310344827,0.0,0.0,395.99358299999983,300.06524200000007,0.7577527891405256,347.88000000000017,58,5.997931034482762,87130029b5443647ed1f1febd32ab768bf957a0a1698217eb3cf14b2d00c6ecf,309,8fb302a0d185523ff7e51345d447a2a2a698c1be60abe47a6962d39a4cd224b6,b0215108957c95746af1302e235c7d70f37294992acb908fcc3c7897df377dad
s15,s1501a,O0_4_LR_rms_waveform_gt50ms,107,5,0.04672897196261682,2,0,0,0.018691588785046728,0.0,0.0,116,5,0.04310344827586207,2,0,0,0.017241379310344827,0.0,0.0,395.99358299999983,300.8209930000001,0.7596612821880001,349.4560000000002,58,6.025103448275865,87130029b5443647ed1f1febd32ab768bf957a0a1698217eb3cf14b2d00c6ecf,309,7b4986aa773600a7abafa6793175a8034aee2cf20745e86f7ce385231532c505,486f7827e501e6243623e98abe0b5793e0739114ce7601ba6b9c07d782b52dce
s15,s1501a,O0_4_LR_vad_only_inside,106,6,0.05660377358490566,3,0,0,0.02830188679245283,0.0,0.0,114,6,0.05263157894736842,3,0,0,0.02631578947368421,0.0,0.0,395.99358299999983,296.35465100000005,0.7483824580056394,343.1160000000002,57,6.019578947368425,87130029b5443647ed1f1febd32ab768bf957a0a1698217eb3cf14b2d00c6ecf,309,8d54f06ebf1887fdfd4a4c58c23f97739c6cea06200e7367cf31c7516f92537a,56706ac8ef5cd619fc17071d390a17d706870299673aa72c31333b25112029e3
s15,s1501a,O0_4_LR_vad_only_gt20ms,107,5,0.04672897196261682,2,0,0,0.018691588785046728,0.0,0.0,116,5,0.04310344827586207,2,0,0,0.017241379310344827,0.0,0.0,395.99358299999983,299.1362060000001,0.7554067006181769,347.3600000000002,58,5.9889655172413825,87130029b5443647ed1f1febd32ab768bf957a0a1698217eb3cf14b2d00c6ecf,309,f7f325f00f455e333d8d0b5b53d58954a0a90b071ac55cb0d634eb71c022bd5a,3f2e7b12149fad4dd4f3bc1b44b78284d18cc6e0b2006fe7b4fd8448e41360d5
s15,s1501a,O0_4_LR_vad_only_gt50ms,107,4,0.037383177570093455,1,0,0,0.009345794392523364,0.0,0.0,116,4,0.034482758620689655,1,0,0,0.008620689655172414,0.0,0.0,395.99358299999983,301.527661,0.7614458262572406,350.47200000000015,58,6.042620689655175,87130029b5443647ed1f1febd32ab768bf957a0a1698217eb3cf14b2d00c6ecf,309,5a2c867d41932f7fb6b27cad6c40bb200014c95bcd021b085737d50711cea2b1,bc1dfe9c156f54fb620b1905fafd648992a3523e663732aecb4db278248eeac7
s15,s1501a,O0_4_LR_all_inside,107,4,0.037383177570093455,2,0,0,0.018691588785046728,0.0,0.0,116,4,0.034482758620689655,2,0,0,0.017241379310344827,0.0,0.0,395.99358299999983,298.58349200000004,0.7540109355761964,345.60400000000016,58,5.958689655172416,87130029b5443647ed1f1febd32ab768bf957a0a1698217eb3cf14b2d00c6ecf,309,6ddfd8c2a8f5999ce172357f79fcb2c1b61083558214a4b4200e86cbc791cb57,e2766ac3dc8c067c7177a30f4e4c3dca77765f2ddaf77df2ffa8d8217a6d9018
s15,s1501a,O0_4_LR_all_gt20ms,107,4,0.037383177570093455,2,0,0,0.018691588785046728,0.0,0.0,116,4,0.034482758620689655,2,0,0,0.017241379310344827,0.0,0.0,395.99358299999983,300.06524200000007,0.7577527891405256,347.88000000000017,58,5.997931034482762,87130029b5443647ed1f1febd32ab768bf957a0a1698217eb3cf14b2d00c6ecf,309,8fb302a0d185523ff7e51345d447a2a2a698c1be60abe47a6962d39a4cd224b6,b0215108957c95746af1302e235c7d70f37294992acb908fcc3c7897df377dad
s15,s1501a,O0_4_LR_all_gt50ms,107,5,0.04672897196261682,2,0,0,0.018691588785046728,0.0,0.0,116,5,0.04310344827586207,2,0,0,0.017241379310344827,0.0,0.0,395.99358299999983,300.14099300000004,0.7579440826443902,348.3640000000002,58,6.006275862068969,87130029b5443647ed1f1febd32ab768bf957a0a1698217eb3cf14b2d00c6ecf,309,0e629a3452418da44472f25059b0d9197e49de6026ccf50d6766736a1bc63316,8309ffd656a756be0de35cc5216c65dc119a6d04f391af76ccf05ac218b63cdb
s15,s1501b,O0_4,109,6,0.05504587155963303,4,0,0,0.03669724770642202,0.0,0.0,120,8,0.06666666666666667,5,0,0,0.041666666666666664,0.0,0.0,388.26682699999975,291.247249,0.7501213823760436,342.22399999999993,60,5.703733333333332,87130029b5443647ed1f1febd32ab768bf957a0a1698217eb3cf14b2d00c6ecf,281,c61f2d04f194b242c9edba0fc0c38eb00b984aeed51f8b9da044079eaf1e3858,ce1b5452b3e876ad9571bf643c4cac7ccf1ff9b3343fcd3c5cdff5552c372d41
s15,s1501b,O0_4_LR_rms_waveform_inside,109,6,0.05504587155963303,4,0,0,0.03669724770642202,0.0,0.0,120,8,0.06666666666666667,5,0,0,0.041666666666666664,0.0,0.0,388.26682699999975,291.247249,0.7501213823760436,342.22399999999993,60,5.703733333333332,87130029b5443647ed1f1febd32ab768bf957a0a1698217eb3cf14b2d00c6ecf,281,06b9701909a8ac4a76afad351fbba50d2704b3d9d6d9d660e48acbe8f8026057,4963bcaa541fd7028e559cc7bc6e59d0c791e12360eedd6168cb9f7a07c86b7b
s15,s1501b,O0_4_LR_rms_waveform_gt20ms,109,6,0.05504587155963303,4,0,0,0.03669724770642202,0.0,0.0,120,8,0.06666666666666667,5,0,0,0.041666666666666664,0.0,0.0,388.26682699999975,291.247249,0.7501213823760436,342.22399999999993,60,5.703733333333332,87130029b5443647ed1f1febd32ab768bf957a0a1698217eb3cf14b2d00c6ecf,281,c61f2d04f194b242c9edba0fc0c38eb00b984aeed51f8b9da044079eaf1e3858,ce1b5452b3e876ad9571bf643c4cac7ccf1ff9b3343fcd3c5cdff5552c372d41
s15,s1501b,O0_4_LR_rms_waveform_gt50ms,109,6,0.05504587155963303,4,0,0,0.03669724770642202,0.0,0.0,120,8,0.06666666666666667,5,0,0,0.041666666666666664,0.0,0.0,388.26682699999975,291.247249,0.7501213823760436,342.22399999999993,60,5.703733333333332,87130029b5443647ed1f1febd32ab768bf957a0a1698217eb3cf14b2d00c6ecf,281,c61f2d04f194b242c9edba0fc0c38eb00b984aeed51f8b9da044079eaf1e3858,ce1b5452b3e876ad9571bf643c4cac7ccf1ff9b3343fcd3c5cdff5552c372d41
s15,s1501b,O0_4_LR_vad_only_inside,109,6,0.05504587155963303,4,0,0,0.03669724770642202,0.0,0.0,120,8,0.06666666666666667,5,0,0,0.041666666666666664,0.0,0.0,388.26682699999975,291.247249,0.7501213823760436,342.22399999999993,60,5.703733333333332,87130029b5443647ed1f1febd32ab768bf957a0a1698217eb3cf14b2d00c6ecf,281,b73b7c786adc7dc5a77d5ac5c28f94819c1df9ca93dd25a23d96553d7dafc77d,f13686929a87cceec3c01e06ec7fd4d8c52e123939e95a5c745dd4cea9eea4b1
s15,s1501b,O0_4_LR_vad_only_gt20ms,109,6,0.05504587155963303,4,0,0,0.03669724770642202,0.0,0.0,120,8,0.06666666666666667,5,0,0,0.041666666666666664,0.0,0.0,388.26682699999975,291.247249,0.7501213823760436,342.22399999999993,60,5.703733333333332,87130029b5443647ed1f1febd32ab768bf957a0a1698217eb3cf14b2d00c6ecf,281,b73b7c786adc7dc5a77d5ac5c28f94819c1df9ca93dd25a23d96553d7dafc77d,f13686929a87cceec3c01e06ec7fd4d8c52e123939e95a5c745dd4cea9eea4b1
s15,s1501b,O0_4_LR_vad_only_gt50ms,109,6,0.05504587155963303,4,0,0,0.03669724770642202,0.0,0.0,120,8,0.06666666666666667,5,0,0,0.041666666666666664,0.0,0.0,388.26682699999975,291.247249,0.7501213823760436,342.22399999999993,60,5.703733333333332,87130029b5443647ed1f1febd32ab768bf957a0a1698217eb3cf14b2d00c6ecf,281,c61f2d04f194b242c9edba0fc0c38eb00b984aeed51f8b9da044079eaf1e3858,ce1b5452b3e876ad9571bf643c4cac7ccf1ff9b3343fcd3c5cdff5552c372d41
s15,s1501b,O0_4_LR_all_inside,109,6,0.05504587155963303,4,0,0,0.03669724770642202,0.0,0.0,120,8,0.06666666666666667,5,0,0,0.041666666666666664,0.0,0.0,388.26682699999975,291.247249,0.7501213823760436,342.22399999999993,60,5.703733333333332,87130029b5443647ed1f1febd32ab768bf957a0a1698217eb3cf14b2d00c6ecf,281,c61f2d04f194b242c9edba0fc0c38eb00b984aeed51f8b9da044079eaf1e3858,ce1b5452b3e876ad9571bf643c4cac7ccf1ff9b3343fcd3c5cdff5552c372d41
s15,s1501b,O0_4_LR_all_gt20ms,109,6,0.05504587155963303,4,0,0,0.03669724770642202,0.0,0.0,120,8,0.06666666666666667,5,0,0,0.041666666666666664,0.0,0.0,388.26682699999975,291.247249,0.7501213823760436,342.22399999999993,60,5.703733333333332,87130029b5443647ed1f1febd32ab768bf957a0a1698217eb3cf14b2d00c6ecf,281,c61f2d04f194b242c9edba0fc0c38eb00b984aeed51f8b9da044079eaf1e3858,ce1b5452b3e876ad9571bf643c4cac7ccf1ff9b3343fcd3c5cdff5552c372d41
s15,s1501b,O0_4_LR_all_gt50ms,109,6,0.05504587155963303,4,0,0,0.03669724770642202,0.0,0.0,120,8,0.06666666666666667,5,0,0,0.041666666666666664,0.0,0.0,388.26682699999975,291.247249,0.7501213823760436,342.22399999999993,60,5.703733333333332,87130029b5443647ed1f1febd32ab768bf957a0a1698217eb3cf14b2d00c6ecf,281,c61f2d04f194b242c9edba0fc0c38eb00b984aeed51f8b9da044079eaf1e3858,ce1b5452b3e876ad9571bf643c4cac7ccf1ff9b3343fcd3c5cdff5552c372d41
s15,s1502a,O0_4,92,3,0.03260869565217391,2,0,0,0.021739130434782608,0.0,0.0,94,4,0.0425531914893617,3,0,0,0.031914893617021274,0.0,0.0,351.06815300000005,237.09494200000012,0.6753530332328381,273.12,47,5.811063829787234,87130029b5443647ed1f1febd32ab768bf957a0a1698217eb3cf14b2d00c6ecf,276,106dc803555ff5b87e3c4a59256b1ee78fb212d7f525d5bd80cca59ba7e0e8f1,3e1337030c6037137152e43e755b98f2a24bd2e1326019a51319a07be4012d62
s15,s1502a,O0_4_LR_rms_waveform_inside,93,3,0.03225806451612903,2,0,0,0.021505376344086023,0.0,0.0,94,4,0.0425531914893617,3,0,0,0.031914893617021274,0.0,0.0,351.06815300000005,234.3741520000001,0.6676029995805403,268.992,47,5.723234042553192,87130029b5443647ed1f1febd32ab768bf957a0a1698217eb3cf14b2d00c6ecf,276,e9abb5e76b535e810fc0eadddc855ffb7952feb6806e2a03f7a2d11c1248c41a,4a3cb041ef81aee5e69c3288ffa0f5e7d6693a0d9980d9b0e70e230e263963f7
s15,s1502a,O0_4_LR_rms_waveform_gt20ms,93,3,0.03225806451612903,2,0,0,0.021505376344086023,0.0,0.0,94,4,0.0425531914893617,3,0,0,0.031914893617021274,0.0,0.0,351.06815300000005,233.94367400000004,0.666376804620042,268.6,47,5.714893617021277,87130029b5443647ed1f1febd32ab768bf957a0a1698217eb3cf14b2d00c6ecf,276,9aaa253948fa8b0ee564dffc13f99687134b43b2da50edb24d1dea2cc2042a31,a3e9a5636a95efed348db194fd7e269326ee89232dd68ac990641def6e23dab6
s15,s1502a,O0_4_LR_rms_waveform_gt50ms,93,3,0.03225806451612903,2,0,0,0.021505376344086023,0.0,0.0,94,4,0.0425531914893617,3,0,0,0.031914893617021274,0.0,0.0,351.06815300000005,237.34937600000012,0.6760777757018595,272.86400000000003,47,5.805617021276596,87130029b5443647ed1f1febd32ab768bf957a0a1698217eb3cf14b2d00c6ecf,276,e58469589cf25663c213292ddd396bf0644df7968e3f4344744ad27ea2fe0da2,8adfe7bc61242f248fc28fc0457a3ccd1a7d3342f646186314d7d553e10b19bf
s15,s1502a,O0_4_LR_vad_only_inside,92,4,0.043478260869565216,2,0,0,0.021739130434782608,0.0,0.0,94,5,0.05319148936170213,3,0,0,0.031914893617021274,0.0,0.0,351.06815300000005,235.11245100000014,0.6697060071979816,269.992,47,5.744510638297872,87130029b5443647ed1f1febd32ab768bf957a0a1698217eb3cf14b2d00c6ecf,276,cd9bd15b78891a49549806ce58955431a6eb1a0de2c04a7fab04a6f4cdbb3092,467d2857b21ea13e557147ad02574679c888fdce298fa753d696d382d770ee9a
s15,s1502a,O0_4_LR_vad_only_gt20ms,92,3,0.03260869565217391,2,0,0,0.021739130434782608,0.0,0.0,94,4,0.0425531914893617,3,0,0,0.031914893617021274,0.0,0.0,351.06815300000005,236.05219900000014,0.6723828321733305,271.232,47,5.770893617021277,87130029b5443647ed1f1febd32ab768bf957a0a1698217eb3cf14b2d00c6ecf,276,73d45bbcb11661cddbcdeea69f0e85e131a0cf4936365a8cc2421e9dd1940a0a,0589431e58a3c94efec52e299d76c8ba0645b7c125d198be84d12db3596a7932
s15,s1502a,O0_4_LR_vad_only_gt50ms,92,3,0.03260869565217391,2,0,0,0.021739130434782608,0.0,0.0,94,4,0.0425531914893617,3,0,0,0.031914893617021274,0.0,0.0,351.06815300000005,237.67298900000014,0.6769995710775853,273.8,47,5.8255319148936175,87130029b5443647ed1f1febd32ab768bf957a0a1698217eb3cf14b2d00c6ecf,276,73ba7314764c4fff06b5891e6aa01c12dd31ea02cdb22f7fa82848871fb61dfd,3f1eeb66b577dafc469323e957480c55e97147466e1dd5bbe4da7f13c0e02160
s15,s1502a,O0_4_LR_all_inside,92,3,0.03260869565217391,2,0,0,0.021739130434782608,0.0,0.0,94,4,0.0425531914893617,3,0,0,0.031914893617021274,0.0,0.0,351.06815300000005,234.3741520000001,0.6676029995805403,269.08,47,5.725106382978723,87130029b5443647ed1f1febd32ab768bf957a0a1698217eb3cf14b2d00c6ecf,276,c96e435d751b32b377e582a2af347c8cf204fd747f738093e89f93acc1e051de,c6a755c663a02fbebefca577c886f163e3e3ab313977f2d538b6607d2f1a619c
s15,s1502a,O0_4_LR_all_gt20ms,92,3,0.03260869565217391,2,0,0,0.021739130434782608,0.0,0.0,94,4,0.0425531914893617,3,0,0,0.031914893617021274,0.0,0.0,351.06815300000005,234.3741520000001,0.6676029995805403,269.08,47,5.725106382978723,87130029b5443647ed1f1febd32ab768bf957a0a1698217eb3cf14b2d00c6ecf,276,c96e435d751b32b377e582a2af347c8cf204fd747f738093e89f93acc1e051de,c6a755c663a02fbebefca577c886f163e3e3ab313977f2d538b6607d2f1a619c
s15,s1502a,O0_4_LR_all_gt50ms,92,3,0.03260869565217391,2,0,0,0.021739130434782608,0.0,0.0,94,4,0.0425531914893617,3,0,0,0.031914893617021274,0.0,0.0,351.06815300000005,237.34937600000012,0.6760777757018595,272.95200000000006,47,5.807489361702129,87130029b5443647ed1f1febd32ab768bf957a0a1698217eb3cf14b2d00c6ecf,276,e46d5a3bdf7668197b09bc97bb47b918ebf241c1567c1b93af62e1be09d76f55,eb288e28fed5a7b1ae9b5eb2d03596cdd5a6320a6d7d6f6e390e60fa476df5eb
s15,s1502b,O0_4,101,3,0.0297029702970297,2,0,0,0.019801980198019802,0.0,0.0,108,3,0.027777777777777776,2,0,0,0.018518518518518517,0.0,0.0,403.84522399999963,271.1299709999997,0.6713709978157374,316.6639999999999,54,5.8641481481481454,87130029b5443647ed1f1febd32ab768bf957a0a1698217eb3cf14b2d00c6ecf,304,5969897a1766a7e7e73fa239f9b6df7a4024e3450c215d2c4f1cde7b5ab7fa45,6733fca9678286d2517ebb42595d19dee7ce14808bf0d0a0ff9204bc319de8c2
s15,s1502b,O0_4_LR_rms_waveform_inside,101,3,0.0297029702970297,2,0,0,0.019801980198019802,0.0,0.0,108,3,0.027777777777777776,2,0,0,0.018518518518518517,0.0,0.0,403.84522399999963,270.2779009999998,0.6692611053387127,315.56399999999985,54,5.843777777777775,87130029b5443647ed1f1febd32ab768bf957a0a1698217eb3cf14b2d00c6ecf,304,38cda14b7f4a876a7e476b08505fa9c7373473c6635b26cd3430b519d9aaf3ac,eb9d622ad7f367056383c785930509b6ca25c8ad8b74dded5cd6651cec69b769
s15,s1502b,O0_4_LR_rms_waveform_gt20ms,101,3,0.0297029702970297,2,0,0,0.019801980198019802,0.0,0.0,108,3,0.027777777777777776,2,0,0,0.018518518518518517,0.0,0.0,403.84522399999963,270.2779009999998,0.6692611053387127,315.56399999999985,54,5.843777777777775,87130029b5443647ed1f1febd32ab768bf957a0a1698217eb3cf14b2d00c6ecf,304,38cda14b7f4a876a7e476b08505fa9c7373473c6635b26cd3430b519d9aaf3ac,eb9d622ad7f367056383c785930509b6ca25c8ad8b74dded5cd6651cec69b769
s15,s1502b,O0_4_LR_rms_waveform_gt50ms,101,3,0.0297029702970297,2,0,0,0.019801980198019802,0.0,0.0,108,3,0.027777777777777776,2,0,0,0.018518518518518517,0.0,0.0,403.84522399999963,270.2779009999998,0.6692611053387127,315.56399999999985,54,5.843777777777775,87130029b5443647ed1f1febd32ab768bf957a0a1698217eb3cf14b2d00c6ecf,304,38cda14b7f4a876a7e476b08505fa9c7373473c6635b26cd3430b519d9aaf3ac,eb9d622ad7f367056383c785930509b6ca25c8ad8b74dded5cd6651cec69b769
s15,s1502b,O0_4_LR_vad_only_inside,101,3,0.0297029702970297,2,0,0,0.019801980198019802,0.0,0.0,108,3,0.027777777777777776,2,0,0,0.018518518518518517,0.0,0.0,403.84522399999963,271.1299709999997,0.6713709978157374,316.6639999999999,54,5.8641481481481454,87130029b5443647ed1f1febd32ab768bf957a0a1698217eb3cf14b2d00c6ecf,304,5969897a1766a7e7e73fa239f9b6df7a4024e3450c215d2c4f1cde7b5ab7fa45,6733fca9678286d2517ebb42595d19dee7ce14808bf0d0a0ff9204bc319de8c2
s15,s1502b,O0_4_LR_vad_only_gt20ms,101,3,0.0297029702970297,2,0,0,0.019801980198019802,0.0,0.0,108,3,0.027777777777777776,2,0,0,0.018518518518518517,0.0,0.0,403.84522399999963,271.1299709999997,0.6713709978157374,316.6639999999999,54,5.8641481481481454,87130029b5443647ed1f1febd32ab768bf957a0a1698217eb3cf14b2d00c6ecf,304,5969897a1766a7e7e73fa239f9b6df7a4024e3450c215d2c4f1cde7b5ab7fa45,6733fca9678286d2517ebb42595d19dee7ce14808bf0d0a0ff9204bc319de8c2
s15,s1502b,O0_4_LR_vad_only_gt50ms,101,3,0.0297029702970297,2,0,0,0.019801980198019802,0.0,0.0,108,3,0.027777777777777776,2,0,0,0.018518518518518517,0.0,0.0,403.84522399999963,271.1299709999997,0.6713709978157374,316.6639999999999,54,5.8641481481481454,87130029b5443647ed1f1febd32ab768bf957a0a1698217eb3cf14b2d00c6ecf,304,5969897a1766a7e7e73fa239f9b6df7a4024e3450c215d2c4f1cde7b5ab7fa45,6733fca9678286d2517ebb42595d19dee7ce14808bf0d0a0ff9204bc319de8c2
s15,s1502b,O0_4_LR_all_inside,101,3,0.0297029702970297,2,0,0,0.019801980198019802,0.0,0.0,108,3,0.027777777777777776,2,0,0,0.018518518518518517,0.0,0.0,403.84522399999963,270.2779009999998,0.6692611053387127,315.56399999999985,54,5.843777777777775,87130029b5443647ed1f1febd32ab768bf957a0a1698217eb3cf14b2d00c6ecf,304,38cda14b7f4a876a7e476b08505fa9c7373473c6635b26cd3430b519d9aaf3ac,eb9d622ad7f367056383c785930509b6ca25c8ad8b74dded5cd6651cec69b769
s15,s1502b,O0_4_LR_all_gt20ms,101,3,0.0297029702970297,2,0,0,0.019801980198019802,0.0,0.0,108,3,0.027777777777777776,2,0,0,0.018518518518518517,0.0,0.0,403.84522399999963,270.2779009999998,0.6692611053387127,315.56399999999985,54,5.843777777777775,87130029b5443647ed1f1febd32ab768bf957a0a1698217eb3cf14b2d00c6ecf,304,38cda14b7f4a876a7e476b08505fa9c7373473c6635b26cd3430b519d9aaf3ac,eb9d622ad7f367056383c785930509b6ca25c8ad8b74dded5cd6651cec69b769
s15,s1502b,O0_4_LR_all_gt50ms,101,3,0.0297029702970297,2,0,0,0.019801980198019802,0.0,0.0,108,3,0.027777777777777776,2,0,0,0.018518518518518517,0.0,0.0,403.84522399999963,270.2779009999998,0.6692611053387127,315.56399999999985,54,5.843777777777775,87130029b5443647ed1f1febd32ab768bf957a0a1698217eb3cf14b2d00c6ecf,304,38cda14b7f4a876a7e476b08505fa9c7373473c6635b26cd3430b519d9aaf3ac,eb9d622ad7f367056383c785930509b6ca25c8ad8b74dded5cd6651cec69b769
s16,s1601a,O0_4,124,10,0.08064516129032258,5,1,0,0.04032258064516129,0.008064516129032258,0.0,126,11,0.0873015873015873,5,1,0,0.03968253968253968,0.007936507936507936,0.0,411.3029530000003,267.01683400000036,0.649197463943324,295.54799999999994,63,4.691238095238094,87130029b5443647ed1f1febd32ab768bf957a0a1698217eb3cf14b2d00c6ecf,352,2fdd54fe123d54e136ba3f7bd6cf43d79e75c71f854280f320b457d8cab2365e,8318f696508e1cf183f78d6baff3d6c15e4e85a9b26e918ae7bc25014db7ead3
s16,s1601a,O0_4_LR_rms_waveform_inside,124,6,0.04838709677419355,3,1,0,0.024193548387096774,0.008064516129032258,0.0,126,7,0.05555555555555555,3,1,0,0.023809523809523808,0.007936507936507936,0.0,411.3029530000003,262.3224750000003,0.6377840788320334,289.6319999999999,63,4.5973333333333315,87130029b5443647ed1f1febd32ab768bf957a0a1698217eb3cf14b2d00c6ecf,352,bd1852be0c8a531532d3316483e42ff7791989d5c1df86d0385727a361512fce,4f8ba1a7422955d4ff3a93653af22e5698b2c72622901049444f048daa65c0fd
s16,s1601a,O0_4_LR_rms_waveform_gt20ms,124,7,0.056451612903225805,3,1,0,0.024193548387096774,0.008064516129032258,0.0,126,8,0.06349206349206349,3,1,0,0.023809523809523808,0.007936507936507936,0.0,411.3029530000003,262.94947500000035,0.6393085026063505,290.39999999999986,63,4.609523809523807,87130029b5443647ed1f1febd32ab768bf957a0a1698217eb3cf14b2d00c6ecf,352,85b5580e1168f5ab7e118c610e10a26caa9a6114987c0cd3fe476caa6f3c4e0a,345b46cd688266ba8189c78b7d4fc242c06e5b98141bc07b4e0fb2d7cbc66e2f
s16,s1601a,O0_4_LR_rms_waveform_gt50ms,124,7,0.056451612903225805,3,1,0,0.024193548387096774,0.008064516129032258,0.0,126,8,0.06349206349206349,3,1,0,0.023809523809523808,0.007936507936507936,0.0,411.3029530000003,263.4048340000004,0.6404156159802729,291.0759999999999,63,4.620253968253967,87130029b5443647ed1f1febd32ab768bf957a0a1698217eb3cf14b2d00c6ecf,352,b1783a8d4d324845b26464c5524da437a6c4b4daa3f88c9e13820eb40caaaea0,3c2b6f19c718d0e76dd23f6fffbce1e5fbb4895e97f14eb6362628902214de3e
s16,s1601a,O0_4_LR_vad_only_inside,124,9,0.07258064516129033,4,1,0,0.03225806451612903,0.008064516129032258,0.0,126,10,0.07936507936507936,4,1,0,0.031746031746031744,0.007936507936507936,0.0,411.3029530000003,265.36706400000025,0.6451863816304768,293.1919999999999,63,4.653841269841268,87130029b5443647ed1f1febd32ab768bf957a0a1698217eb3cf14b2d00c6ecf,352,a30746593c6346b1febf53aa8e4a4b0e5a1f0c0621f8f5c5a158b35b7b969469,b21d1e910f69d0b45959c9e6cdb3fece77736b750e4e63b2b736d471fb4f0fbb
s16,s1601a,O0_4_LR_vad_only_gt20ms,124,9,0.07258064516129033,4,1,0,0.03225806451612903,0.008064516129032258,0.0,126,10,0.07936507936507936,4,1,0,0.031746031746031744,0.007936507936507936,0.0,411.3029530000003,265.8224230000003,0.6462934950043991,293.86799999999994,63,4.664571428571428,87130029b5443647ed1f1febd32ab768bf957a0a1698217eb3cf14b2d00c6ecf,352,964c5e915e20ca62d87cb64927f91390d38ac0f5482c28eff10ff63445d322f2,1b1eb9465968602aad24ce85cd40c907efe0e10964051671c5b2ca70cfc0f572
s16,s1601a,O0_4_LR_vad_only_gt50ms,124,10,0.08064516129032258,5,1,0,0.04032258064516129,0.008064516129032258,0.0,126,11,0.0873015873015873,5,1,0,0.03968253968253968,0.007936507936507936,0.0,411.3029530000003,267.01683400000036,0.649197463943324,295.54799999999994,63,4.691238095238094,87130029b5443647ed1f1febd32ab768bf957a0a1698217eb3cf14b2d00c6ecf,352,2fdd54fe123d54e136ba3f7bd6cf43d79e75c71f854280f320b457d8cab2365e,8318f696508e1cf183f78d6baff3d6c15e4e85a9b26e918ae7bc25014db7ead3
s16,s1601a,O0_4_LR_all_inside,124,7,0.056451612903225805,3,1,0,0.024193548387096774,0.008064516129032258,0.0,126,8,0.06349206349206349,3,1,0,0.023809523809523808,0.007936507936507936,0.0,411.3029530000003,262.94947500000035,0.6393085026063505,290.39999999999986,63,4.609523809523807,87130029b5443647ed1f1febd32ab768bf957a0a1698217eb3cf14b2d00c6ecf,352,85b5580e1168f5ab7e118c610e10a26caa9a6114987c0cd3fe476caa6f3c4e0a,345b46cd688266ba8189c78b7d4fc242c06e5b98141bc07b4e0fb2d7cbc66e2f
s16,s1601a,O0_4_LR_all_gt20ms,124,7,0.056451612903225805,3,1,0,0.024193548387096774,0.008064516129032258,0.0,126,8,0.06349206349206349,3,1,0,0.023809523809523808,0.007936507936507936,0.0,411.3029530000003,262.94947500000035,0.6393085026063505,290.39999999999986,63,4.609523809523807,87130029b5443647ed1f1febd32ab768bf957a0a1698217eb3cf14b2d00c6ecf,352,85b5580e1168f5ab7e118c610e10a26caa9a6114987c0cd3fe476caa6f3c4e0a,345b46cd688266ba8189c78b7d4fc242c06e5b98141bc07b4e0fb2d7cbc66e2f
s16,s1601a,O0_4_LR_all_gt50ms,124,7,0.056451612903225805,3,1,0,0.024193548387096774,0.008064516129032258,0.0,126,8,0.06349206349206349,3,1,0,0.023809523809523808,0.007936507936507936,0.0,411.3029530000003,263.4048340000004,0.6404156159802729,291.0759999999999,63,4.620253968253967,87130029b5443647ed1f1febd32ab768bf957a0a1698217eb3cf14b2d00c6ecf,352,b1783a8d4d324845b26464c5524da437a6c4b4daa3f88c9e13820eb40caaaea0,3c2b6f19c718d0e76dd23f6fffbce1e5fbb4895e97f14eb6362628902214de3e
s16,s1601b,O0_4,106,6,0.05660377358490566,4,0,0,0.03773584905660377,0.0,0.0,114,7,0.06140350877192982,5,0,0,0.043859649122807015,0.0,0.0,386.1117060000002,265.1907710000002,0.6868239602142497,298.4800000000001,57,5.236491228070177,87130029b5443647ed1f1febd32ab768bf957a0a1698217eb3cf14b2d00c6ecf,315,88dfff09e2cdc0889340a84ea2a46d2cc1d4e6fcb985b656b9fc7e39e4d19049,71bc57fa846a7ca0a9ae2bd1882f70cc6841fa92defe4d637ec3eabea51a7bb2
s16,s1601b,O0_4_LR_rms_waveform_inside,106,7,0.0660377358490566,4,0,0,0.03773584905660377,0.0,0.0,114,8,0.07017543859649122,5,0,0,0.043859649122807015,0.0,0.0,386.1117060000002,261.4463820000001,0.6771262770261618,293.8200000000001,57,5.154736842105265,87130029b5443647ed1f1febd32ab768bf957a0a1698217eb3cf14b2d00c6ecf,315,49c76242e91036d16968ddefe74cff7ffcca3bed34fdc79d1986658d164a604a,e11ec022df82fe6fc5ac6cc39af1a8f090d716b5a692f41469a13c32712c0ed8
s16,s1601b,O0_4_LR_rms_waveform_gt20ms,106,7,0.0660377358490566,4,0,0,0.03773584905660377,0.0,0.0,114,8,0.07017543859649122,5,0,0,0.043859649122807015,0.0,0.0,386.1117060000002,262.0464140000002,0.6786803143440568,294.82000000000016,57,5.172280701754389,87130029b5443647ed1f1febd32ab768bf957a0a1698217eb3cf14b2d00c6ecf,315,876fc691b8df4fc4fc7af6bd96ed7263bc1ac4bb0efea77ed4487f43f23e8e7a,7da5e882c170e884cf3b72c44f87887f9ba140acd50ac2edd6f13d8cf38d1170
s16,s1601b,O0_4_LR_rms_waveform_gt50ms,106,6,0.05660377358490566,4,0,0,0.03773584905660377,0.0,0.0,114,7,0.06140350877192982,5,0,0,0.043859649122807015,0.0,0.0,386.1117060000002,263.39077100000014,0.6821620968932758,296.40000000000015,57,5.200000000000003,87130029b5443647ed1f1febd32ab768bf957a0a1698217eb3cf14b2d00c6ecf,315,5861a370ec70ed5098f20b2d9d25ef9e31febce97141e23aba7d18963f099970,5fb615e45413d475a28ce0e10175c5f71935e12f937d3a045ba927158e369d09
s16,s1601b,O0_4_LR_vad_only_inside,106,6,0.05660377358490566,4,0,0,0.03773584905660377,0.0,0.0,114,7,0.06140350877192982,5,0,0,0.043859649122807015,0.0,0.0,386.1117060000002,264.3867950000003,0.6847417234223926,297.2760000000001,57,5.215368421052633,87130029b5443647ed1f1febd32ab768bf957a0a1698217eb3cf14b2d00c6ecf,315,d0ac26731c663a196e52ae1aaeef6d3c86f244f75f2f2b600914ff7d677ea586,c0d741ca660d430acdf1772f26ac28681639b3761835a3a385d6ea4aaf470a57
s16,s1601b,O0_4_LR_vad_only_gt20ms,106,6,0.05660377358490566,4,0,0,0.03773584905660377,0.0,0.0,114,7,0.06140350877192982,5,0,0,0.043859649122807015,0.0,0.0,386.1117060000002,264.3867950000003,0.6847417234223926,297.2760000000001,57,5.215368421052633,87130029b5443647ed1f1febd32ab768bf957a0a1698217eb3cf14b2d00c6ecf,315,d0ac26731c663a196e52ae1aaeef6d3c86f244f75f2f2b600914ff7d677ea586,c0d741ca660d430acdf1772f26ac28681639b3761835a3a385d6ea4aaf470a57
s16,s1601b,O0_4_LR_vad_only_gt50ms,106,6,0.05660377358490566,4,0,0,0.03773584905660377,0.0,0.0,114,7,0.06140350877192982,5,0,0,0.043859649122807015,0.0,0.0,386.1117060000002,265.1907710000002,0.6868239602142497,298.4800000000001,57,5.236491228070177,87130029b5443647ed1f1febd32ab768bf957a0a1698217eb3cf14b2d00c6ecf,315,88dfff09e2cdc0889340a84ea2a46d2cc1d4e6fcb985b656b9fc7e39e4d19049,71bc57fa846a7ca0a9ae2bd1882f70cc6841fa92defe4d637ec3eabea51a7bb2
s16,s1601b,O0_4_LR_all_inside,106,7,0.0660377358490566,4,0,0,0.03773584905660377,0.0,0.0,114,8,0.07017543859649122,5,0,0,0.043859649122807015,0.0,0.0,386.1117060000002,261.4463820000001,0.6771262770261618,293.8200000000001,57,5.154736842105265,87130029b5443647ed1f1febd32ab768bf957a0a1698217eb3cf14b2d00c6ecf,315,49c76242e91036d16968ddefe74cff7ffcca3bed34fdc79d1986658d164a604a,e11ec022df82fe6fc5ac6cc39af1a8f090d716b5a692f41469a13c32712c0ed8
s16,s1601b,O0_4_LR_all_gt20ms,106,7,0.0660377358490566,4,0,0,0.03773584905660377,0.0,0.0,114,8,0.07017543859649122,5,0,0,0.043859649122807015,0.0,0.0,386.1117060000002,262.0464140000002,0.6786803143440568,294.82000000000016,57,5.172280701754389,87130029b5443647ed1f1febd32ab768bf957a0a1698217eb3cf14b2d00c6ecf,315,876fc691b8df4fc4fc7af6bd96ed7263bc1ac4bb0efea77ed4487f43f23e8e7a,7da5e882c170e884cf3b72c44f87887f9ba140acd50ac2edd6f13d8cf38d1170
s16,s1601b,O0_4_LR_all_gt50ms,106,6,0.05660377358490566,4,0,0,0.03773584905660377,0.0,0.0,114,7,0.06140350877192982,5,0,0,0.043859649122807015,0.0,0.0,386.1117060000002,263.39077100000014,0.6821620968932758,296.40000000000015,57,5.200000000000003,87130029b5443647ed1f1febd32ab768bf957a0a1698217eb3cf14b2d00c6ecf,315,5861a370ec70ed5098f20b2d9d25ef9e31febce97141e23aba7d18963f099970,5fb615e45413d475a28ce0e10175c5f71935e12f937d3a045ba927158e369d09
s16,s1602a,O0_4,119,4,0.03361344537815126,2,0,0,0.01680672268907563,0.0,0.0,124,5,0.04032258064516129,3,0,0,0.024193548387096774,0.0,0.0,417.5880069999999,262.50600700000007,0.6286243919835565,303.62000000000023,62,4.897096774193552,87130029b5443647ed1f1febd32ab768bf957a0a1698217eb3cf14b2d00c6ecf,407,8b176bc966615b7bd02d74a1ce55a6d182175715118699a08b6e427fc25a6da7,dff6dfb46b67ce84931d3e00ce676cc4937e2c04d03df550823895d92fa871b9
s16,s1602a,O0_4_LR_rms_waveform_inside,119,5,0.04201680672268908,3,1,0,0.025210084033613446,0.008403361344537815,0.0,124,6,0.04838709677419355,4,1,0,0.03225806451612903,0.008064516129032258,0.0,417.5880069999999,258.65542300000004,0.6194033800400789,298.9600000000002,62,4.821935483870971,87130029b5443647ed1f1febd32ab768bf957a0a1698217eb3cf14b2d00c6ecf,407,31ceb9c02b4b03189ea32a21a31e069c849ca0f69621b7581e4363f43a843224,89bb6497999d7a95e8ebf3a8561fd8ace8b3c41953a3e88d8a95aa376cb40050
s16,s1602a,O0_4_LR_rms_waveform_gt20ms,119,4,0.03361344537815126,2,0,0,0.01680672268907563,0.0,0.0,124,5,0.04032258064516129,3,0,0,0.024193548387096774,0.0,0.0,417.5880069999999,261.23700700000006,0.6255855116068986,302.24000000000024,62,4.874838709677423,87130029b5443647ed1f1febd32ab768bf957a0a1698217eb3cf14b2d00c6ecf,407,ebee548fc1eb55ab47e88acd36a91dc4675e3a0039e6c900dd91f69bd0b9d0d6,b4336c770c3c8acace1f24c33690a7b7fa161a31642b0fc4e34b9af3822426b8
s16,s1602a,O0_4_LR_rms_waveform_gt50ms,119,4,0.03361344537815126,2,0,0,0.01680672268907563,0.0,0.0,124,5,0.04032258064516129,3,0,0,0.024193548387096774,0.0,0.0,417.5880069999999,262.50600700000007,0.6286243919835565,303.71600000000024,62,4.898645161290326,87130029b5443647ed1f1febd32ab768bf957a0a1698217eb3cf14b2d00c6ecf,407,a3481a55c3efb72b783700ab33cf88730321358c5f548f476e9300608c22a994,00d2bc2587e078b9dc7310bd2c1b2cf6e42c591710c9bef1d4d248301e560f9a
s16,s1602a,O0_4_LR_vad_only_inside,119,5,0.04201680672268908,3,1,0,0.025210084033613446,0.008403361344537815,0.0,124,6,0.04838709677419355,4,1,0,0.03225806451612903,0.008064516129032258,0.0,417.5880069999999,256.48317600000007,0.6142014897472861,295.34000000000026,62,4.763548387096779,87130029b5443647ed1f1febd32ab768bf957a0a1698217eb3cf14b2d00c6ecf,407,ebcbc2b5ed791ee7eddebe9be38f8b5fbcc0e57f206fd698b27f2d33fa289182,6be8d5b29eefe53eb56950e0d0a34f487dde313ea6c25b535e7625a9bed44af3
s16,s1602a,O0_4_LR_vad_only_gt20ms,119,4,0.03361344537815126,2,0,0,0.01680672268907563,0.0,0.0,124,5,0.04032258064516129,3,0,0,0.024193548387096774,0.0,0.0,417.5880069999999,262.12600700000013,0.6277144041639112,302.6680000000003,62,4.881741935483876,87130029b5443647ed1f1febd32ab768bf957a0a1698217eb3cf14b2d00c6ecf,407,66b10d67e4b7057ab0269ce15e03625c4326be6ecdb6e5e90afebf26c7371c39,cb8693e1b8aae457940090ce1d1107695527b95f7a37c6033dbe38e2964b9e0d
s16,s1602a,O0_4_LR_vad_only_gt50ms,119,4,0.03361344537815126,2,0,0,0.01680672268907563,0.0,0.0,124,5,0.04032258064516129,3,0,0,0.024193548387096774,0.0,0.0,417.5880069999999,262.50600700000007,0.6286243919835565,303.71600000000024,62,4.898645161290326,87130029b5443647ed1f1febd32ab768bf957a0a1698217eb3cf14b2d00c6ecf,407,a3481a55c3efb72b783700ab33cf88730321358c5f548f476e9300608c22a994,00d2bc2587e078b9dc7310bd2c1b2cf6e42c591710c9bef1d4d248301e560f9a
s16,s1602a,O0_4_LR_all_inside,119,5,0.04201680672268908,3,1,0,0.025210084033613446,0.008403361344537815,0.0,124,6,0.04838709677419355,4,1,0,0.03225806451612903,0.008064516129032258,0.0,417.5880069999999,257.34278900000004,0.6162600091146777,296.97200000000015,62,4.789870967741938,87130029b5443647ed1f1febd32ab768bf957a0a1698217eb3cf14b2d00c6ecf,407,c4f8841a0585df8397f4b4f316ad7acc241f0a14ad7545e895284d4d2a5bca02,fe642f297f75ce34b4961a5d1bcf73942040d97e8251053bd0b9299959b5c5be
s16,s1602a,O0_4_LR_all_gt20ms,119,4,0.03361344537815126,2,0,0,0.01680672268907563,0.0,0.0,124,5,0.04032258064516129,3,0,0,0.024193548387096774,0.0,0.0,417.5880069999999,258.9409210000001,0.6200870634677977,299.42400000000026,62,4.829419354838714,87130029b5443647ed1f1febd32ab768bf957a0a1698217eb3cf14b2d00c6ecf,407,a997893d9d75137ac72d4a066c290c7314c94445efb3cc6c730b7c7415b1df86,0a9298cbefc524b6275f4ea165124b007b2fc0af0938a6b45b8ad556f8bf04b1
s16,s1602a,O0_4_LR_all_gt50ms,119,4,0.03361344537815126,2,0,0,0.01680672268907563,0.0,0.0,124,5,0.04032258064516129,3,0,0,0.024193548387096774,0.0,0.0,417.5880069999999,262.50600700000007,0.6286243919835565,303.71600000000024,62,4.898645161290326,87130029b5443647ed1f1febd32ab768bf957a0a1698217eb3cf14b2d00c6ecf,407,a3481a55c3efb72b783700ab33cf88730321358c5f548f476e9300608c22a994,00d2bc2587e078b9dc7310bd2c1b2cf6e42c591710c9bef1d4d248301e560f9a
s16,s1602b,O0_4,87,7,0.08045977011494253,3,1,1,0.034482758620689655,0.011494252873563218,0.011494252873563218,88,7,0.07954545454545454,3,1,1,0.03409090909090909,0.011363636363636364,0.011363636363636364,346.54061999999965,182.85724699999983,0.5276646847345053,215.2199999999998,44,4.891363636363632,87130029b5443647ed1f1febd32ab768bf957a0a1698217eb3cf14b2d00c6ecf,367,c15370e17e4669319df8025a1228a82f6ce3e92b6a7d8783ea515ebed0f6c5f9,15df7e690f4f97936cb897175414753f9fc516e5e9451fac36968e029edf0e85
s16,s1602b,O0_4_LR_rms_waveform_inside,87,7,0.08045977011494253,3,1,1,0.034482758620689655,0.011494252873563218,0.011494252873563218,88,7,0.07954545454545454,3,1,1,0.03409090909090909,0.011363636363636364,0.011363636363636364,346.54061999999965,182.85724699999983,0.5276646847345053,215.2199999999998,44,4.891363636363632,87130029b5443647ed1f1febd32ab768bf957a0a1698217eb3cf14b2d00c6ecf,367,c15370e17e4669319df8025a1228a82f6ce3e92b6a7d8783ea515ebed0f6c5f9,15df7e690f4f97936cb897175414753f9fc516e5e9451fac36968e029edf0e85
s16,s1602b,O0_4_LR_rms_waveform_gt20ms,88,7,0.07954545454545454,3,1,1,0.03409090909090909,0.011363636363636364,0.011363636363636364,90,7,0.07777777777777778,3,1,1,0.03333333333333333,0.011111111111111112,0.011111111111111112,346.54061999999965,184.60112999999987,0.53269694617618,217.12799999999976,45,4.825066666666661,87130029b5443647ed1f1febd32ab768bf957a0a1698217eb3cf14b2d00c6ecf,367,0155a4114ca1cba2d2927b6f676868040e25036e551871be39d3efb673b3b199,48d9fd959d32f44fc85e6062b1192e8f05bd52064245d070dd992d99502b9cd6
s16,s1602b,O0_4_LR_rms_waveform_gt50ms,88,7,0.07954545454545454,3,1,1,0.03409090909090909,0.011363636363636364,0.011363636363636364,90,7,0.07777777777777778,3,1,1,0.03333333333333333,0.011111111111111112,0.011111111111111112,346.54061999999965,184.60112999999987,0.53269694617618,217.12799999999976,45,4.825066666666661,87130029b5443647ed1f1febd32ab768bf957a0a1698217eb3cf14b2d00c6ecf,367,0155a4114ca1cba2d2927b6f676868040e25036e551871be39d3efb673b3b199,48d9fd959d32f44fc85e6062b1192e8f05bd52064245d070dd992d99502b9cd6
s16,s1602b,O0_4_LR_vad_only_inside,87,7,0.08045977011494253,3,1,1,0.034482758620689655,0.011494252873563218,0.011494252873563218,88,7,0.07954545454545454,3,1,1,0.03409090909090909,0.011363636363636364,0.011363636363636364,346.54061999999965,181.0732679999998,0.5225167196849824,212.98799999999977,44,4.840636363636358,87130029b5443647ed1f1febd32ab768bf957a0a1698217eb3cf14b2d00c6ecf,367,4197c1be16e7fdbcafaa978bbef064167b752f2887ed4aa1632006f162083a0f,745ced9a8546168bec29d1516d3c1dcedbeb2932d0abb259d708df45e855c2da
s16,s1602b,O0_4_LR_vad_only_gt20ms,87,7,0.08045977011494253,3,1,1,0.034482758620689655,0.011494252873563218,0.011494252873563218,88,7,0.07954545454545454,3,1,1,0.03409090909090909,0.011363636363636364,0.011363636363636364,346.54061999999965,182.14724699999982,0.5256158628676777,214.27999999999977,44,4.869999999999995,87130029b5443647ed1f1febd32ab768bf957a0a1698217eb3cf14b2d00c6ecf,367,424a376eb496414edf76df423dc7c9a327718d9d0db0ae188ffdf6b86e7b46a6,e4509e986cab0cf94573835feacecf8d7771e0268328196c7675a42a9bc9ee5a
s16,s1602b,O0_4_LR_vad_only_gt50ms,88,7,0.07954545454545454,3,1,1,0.03409090909090909,0.011363636363636364,0.011363636363636364,90,7,0.07777777777777778,3,1,1,0.03333333333333333,0.011111111111111112,0.011111111111111112,346.54061999999965,184.60112999999987,0.53269694617618,217.12799999999976,45,4.825066666666661,87130029b5443647ed1f1febd32ab768bf957a0a1698217eb3cf14b2d00c6ecf,367,0155a4114ca1cba2d2927b6f676868040e25036e551871be39d3efb673b3b199,48d9fd959d32f44fc85e6062b1192e8f05bd52064245d070dd992d99502b9cd6
s16,s1602b,O0_4_LR_all_inside,87,7,0.08045977011494253,3,1,1,0.034482758620689655,0.011494252873563218,0.011494252873563218,88,7,0.07954545454545454,3,1,1,0.03409090909090909,0.011363636363636364,0.011363636363636364,346.54061999999965,182.14724699999982,0.5256158628676777,214.27999999999977,44,4.869999999999995,87130029b5443647ed1f1febd32ab768bf957a0a1698217eb3cf14b2d00c6ecf,367,424a376eb496414edf76df423dc7c9a327718d9d0db0ae188ffdf6b86e7b46a6,e4509e986cab0cf94573835feacecf8d7771e0268328196c7675a42a9bc9ee5a
s16,s1602b,O0_4_LR_all_gt20ms,88,7,0.07954545454545454,3,1,1,0.03409090909090909,0.011363636363636364,0.011363636363636364,90,7,0.07777777777777778,3,1,1,0.03333333333333333,0.011111111111111112,0.011111111111111112,346.54061999999965,184.60112999999987,0.53269694617618,217.12799999999976,45,4.825066666666661,87130029b5443647ed1f1febd32ab768bf957a0a1698217eb3cf14b2d00c6ecf,367,0155a4114ca1cba2d2927b6f676868040e25036e551871be39d3efb673b3b199,48d9fd959d32f44fc85e6062b1192e8f05bd52064245d070dd992d99502b9cd6
s16,s1602b,O0_4_LR_all_gt50ms,88,7,0.07954545454545454,3,1,1,0.03409090909090909,0.011363636363636364,0.011363636363636364,90,7,0.07777777777777778,3,1,1,0.03333333333333333,0.011111111111111112,0.011111111111111112,346.54061999999965,184.60112999999987,0.53269694617618,217.12799999999976,45,4.825066666666661,87130029b5443647ed1f1febd32ab768bf957a0a1698217eb3cf14b2d00c6ecf,367,0155a4114ca1cba2d2927b6f676868040e25036e551871be39d3efb673b3b199,48d9fd959d32f44fc85e6062b1192e8f05bd52064245d070dd992d99502b9cd6
s16,s1603a,O0_4,120,9,0.075,6,1,0,0.05,0.008333333333333333,0.0,124,10,0.08064516129032258,7,1,0,0.056451612903225805,0.008064516129032258,0.0,429.5231180000001,265.7973009999998,0.6188195462857478,300.5679999999999,62,4.847870967741934,87130029b5443647ed1f1febd32ab768bf957a0a1698217eb3cf14b2d00c6ecf,402,7af3d0d513f0ef5982fa5a9913436ef3594cd28074ab8785255499e87d046900,a0f86bf11d92bdd1ba2dc1e21ee5625d487f4e85d1b21f389babfd1513b18824
s16,s1603a,O0_4_LR_rms_waveform_inside,120,7,0.058333333333333334,4,1,0,0.03333333333333333,0.008333333333333333,0.0,124,8,0.06451612903225806,5,1,0,0.04032258064516129,0.008064516129032258,0.0,429.5231180000001,262.7827629999997,0.6118012092657598,295.94,62,4.773225806451613,87130029b5443647ed1f1febd32ab768bf957a0a1698217eb3cf14b2d00c6ecf,402,e0e5e32b4e1a25b28f26030b71a4ca3d7c0a02035fff08188b1e4f6c7be84520,ab8e1819af677fca25a833caeb46feba5d54e42b5358822eebb49dc1e5c9b350
s16,s1603a,O0_4_LR_rms_waveform_gt20ms,120,7,0.058333333333333334,4,1,0,0.03333333333333333,0.008333333333333333,0.0,124,8,0.06451612903225806,5,1,0,0.04032258064516129,0.008064516129032258,0.0,429.5231180000001,263.21289199999967,0.6128026198580528,296.57199999999995,62,4.783419354838709,87130029b5443647ed1f1febd32ab768bf957a0a1698217eb3cf14b2d00c6ecf,402,4111fa1e06c9911f5e4c62d8f4837a8477e6e3c7508213ba47df594dd8208b70,eaf4e00a1da62a6fd57030a1a9766d7fa86b663909024acec7b1290cf6149c3b
s16,s1603a,O0_4_LR_rms_waveform_gt50ms,120,9,0.075,6,1,0,0.05,0.008333333333333333,0.0,124,10,0.08064516129032258,7,1,0,0.056451612903225805,0.008064516129032258,0.0,429.5231180000001,264.22930099999974,0.6151689860847016,298.81999999999994,62,4.8196774193548375,87130029b5443647ed1f1febd32ab768bf957a0a1698217eb3cf14b2d00c6ecf,402,96a8274eda6fc779b19cedd1138b84fcbe0fc0e2999521ca940c2376dd7e4275,7d44d11a4692b494e335b995d97c6457a7ffcab5c6ce5b3406a5d614f616e841
s16,s1603a,O0_4_LR_vad_only_inside,120,8,0.06666666666666667,4,1,0,0.03333333333333333,0.008333333333333333,0.0,124,9,0.07258064516129033,5,1,0,0.04032258064516129,0.008064516129032258,0.0,429.5231180000001,263.9659989999997,0.6145559760068598,296.57599999999996,62,4.783483870967741,87130029b5443647ed1f1febd32ab768bf957a0a1698217eb3cf14b2d00c6ecf,402,d4c28c444babff0f686be7546ff2829ad0a642157ee30aee05e808324601ad9a,af193aa9589d5d666839a3d9fd3c06de7d4d38ff63fc505260ec05802c3274ba
s16,s1603a,O0_4_LR_vad_only_gt20ms,120,8,0.06666666666666667,4,1,0,0.03333333333333333,0.008333333333333333,0.0,124,9,0.07258064516129033,5,1,0,0.04032258064516129,0.008064516129032258,0.0,429.5231180000001,264.77499899999975,0.6164394601922211,297.66399999999993,62,4.801032258064515,87130029b5443647ed1f1febd32ab768bf957a0a1698217eb3cf14b2d00c6ecf,402,4a5afbcd56b8ab43990a4dc7c08dcf83414dc0ad4197bd93fd10075a2413d21c,f1746435c9c57285b7f7f033b90a9f5d6c4518fd63261db9d1db19462003ba1f
s16,s1603a,O0_4_LR_vad_only_gt50ms,120,8,0.06666666666666667,5,1,0,0.041666666666666664,0.008333333333333333,0.0,124,9,0.07258064516129033,6,1,0,0.04838709677419355,0.008064516129032258,0.0,429.5231180000001,265.6070459999998,0.6183766015593128,300.18799999999993,62,4.84174193548387,87130029b5443647ed1f1febd32ab768bf957a0a1698217eb3cf14b2d00c6ecf,402,37b3fdb928974ecc51c8f493e13b0ec834c0da6404c6663e9746ba3adaf4024e,ed9bccab0c732c42b95f7b3d9f991f188d3da1ddcde6abadb4e943aff7ea194b
s16,s1603a,O0_4_LR_all_inside,120,7,0.058333333333333334,4,1,0,0.03333333333333333,0.008333333333333333,0.0,124,8,0.06451612903225806,5,1,0,0.04032258064516129,0.008064516129032258,0.0,429.5231180000001,263.21289199999967,0.6128026198580528,296.52399999999994,62,4.782645161290322,87130029b5443647ed1f1febd32ab768bf957a0a1698217eb3cf14b2d00c6ecf,402,6fa85511e4b93f9576c0e7be53086ef25956ffd954f3164d7489969f384bb931,4a824a0729e5f81b0f5fe59efa68271e5398137c37e0d0c35c86362b23223917
s16,s1603a,O0_4_LR_all_gt20ms,120,7,0.058333333333333334,4,1,0,0.03333333333333333,0.008333333333333333,0.0,124,8,0.06451612903225806,5,1,0,0.04032258064516129,0.008064516129032258,0.0,429.5231180000001,263.21289199999967,0.6128026198580528,296.57199999999995,62,4.783419354838709,87130029b5443647ed1f1febd32ab768bf957a0a1698217eb3cf14b2d00c6ecf,402,4111fa1e06c9911f5e4c62d8f4837a8477e6e3c7508213ba47df594dd8208b70,eaf4e00a1da62a6fd57030a1a9766d7fa86b663909024acec7b1290cf6149c3b
s16,s1603a,O0_4_LR_all_gt50ms,120,8,0.06666666666666667,5,1,0,0.041666666666666664,0.008333333333333333,0.0,124,9,0.07258064516129033,6,1,0,0.04838709677419355,0.008064516129032258,0.0,429.5231180000001,264.03904599999976,0.6147260413582667,298.43999999999994,62,4.813548387096773,87130029b5443647ed1f1febd32ab768bf957a0a1698217eb3cf14b2d00c6ecf,402,a5f93f45f147dc1cc97bcb45ad10ced047e1cd5a761e9679affcd730d5210daf,e52ebc83f1e1c0421c49e6ac0374a84a9639827ad33c5401670a7377ac957eaf
s16,s1604a,O0_4,115,10,0.08695652173913043,2,0,0,0.017391304347826087,0.0,0.0,120,10,0.08333333333333333,2,0,0,0.016666666666666666,0.0,0.0,456.3730579999997,288.856016,0.6329383624569709,329.27200000000016,60,5.48786666666667,87130029b5443647ed1f1febd32ab768bf957a0a1698217eb3cf14b2d00c6ecf,410,b1114318f6d2ca45ae29965d32f9a10f3d7b077d1e258cdf3ebd6daebbf05e8a,bd15666734aa614dda82542ca72e4a0fa086f9470cf15747c923a597f2fad66f
s16,s1604a,O0_4_LR_rms_waveform_inside,115,10,0.08695652173913043,3,1,0,0.02608695652173913,0.008695652173913044,0.0,120,10,0.08333333333333333,3,1,0,0.025,0.008333333333333333,0.0,456.3730579999997,286.0509430000001,0.6267919150477115,325.064,60,5.4177333333333335,87130029b5443647ed1f1febd32ab768bf957a0a1698217eb3cf14b2d00c6ecf,410,eb870ce7f2d5aed6ade0790974001a40bf8f7460f0611362becb72e0d20ac50e,e3fb2357539576fa9d80aaa455d1234372c438528048da5ac39f63b3c321a6d1
s16,s1604a,O0_4_LR_rms_waveform_gt20ms,116,9,0.07758620689655173,2,0,0,0.017241379310344827,0.0,0.0,122,9,0.07377049180327869,2,0,0,0.01639344262295082,0.0,0.0,456.3730579999997,289.5743210000001,0.6345123050624963,329.65600000000006,61,5.404196721311476,87130029b5443647ed1f1febd32ab768bf957a0a1698217eb3cf14b2d00c6ecf,410,1fd9de20c0475075a103618a625ed0c65eb4d04d557b94c6742c0f9e34635de9,c887d9404852f308b4b053355656249d3eb88b2ab51924a926af4d3b96b44d85
s16,s1604a,O0_4_LR_rms_waveform_gt50ms,116,10,0.08620689655172414,2,0,0,0.017241379310344827,0.0,0.0,122,10,0.08196721311475409,2,0,0,0.01639344262295082,0.0,0.0,456.3730579999997,290.78098800000004,0.6371563415121675,331.2520000000002,61,5.430360655737708,87130029b5443647ed1f1febd32ab768bf957a0a1698217eb3cf14b2d00c6ecf,410,20ccefb2811295207c7f1793f3525911b9778c54ca82b5d7f2fd6fb0a693ab2f,ec84b42a00b22aafdee576ca0cad32819ff00ed2ab1f00bcf1a36a5d35774dd8
s16,s1604a,O0_4_LR_vad_only_inside,115,11,0.09565217391304348,3,1,0,0.02608695652173913,0.008695652173913044,0.0,120,11,0.09166666666666666,3,1,0,0.025,0.008333333333333333,0.0,456.3730579999997,286.0814470000001,0.6268587551020601,325.3600000000001,60,5.422666666666669,87130029b5443647ed1f1febd32ab768bf957a0a1698217eb3cf14b2d00c6ecf,410,500e840f1fb6892436c3aafc2e2ba7c634c85e951a40a18cde5bf3c8df64036f,821b9011ca720f69cd6c4c48e3397b9a7582790cfd9834f089f7fd34a531e4bd
s16,s1604a,O0_4_LR_vad_only_gt20ms,115,10,0.08695652173913043,2,0,0,0.017391304347826087,0.0,0.0,120,10,0.08333333333333333,2,0,0,0.016666666666666666,0.0,0.0,456.3730579999997,288.044325,0.6311597933986721,327.62400000000014,60,5.460400000000003,87130029b5443647ed1f1febd32ab768bf957a0a1698217eb3cf14b2d00c6ecf,410,a5ee884d0fd137b16a39b20863714bea6bcbd7a9dbee4094de0b26dfe9018f2a,0fb2d0a666f9c01374965c4758aca14378bec0f99aaa4ddc069530c1db7d329d
s16,s1604a,O0_4_LR_vad_only_gt50ms,116,10,0.08620689655172414,2,0,0,0.017241379310344827,0.0,0.0,122,10,0.08196721311475409,2,0,0,0.01639344262295082,0.0,0.0,456.3730579999997,291.10384,0.6378637715287746,331.7920000000002,61,5.439213114754102,87130029b5443647ed1f1febd32ab768bf957a0a1698217eb3cf14b2d00c6ecf,410,6faf82afa5c9be6c4aa240436e079c37608f7f9866f8ef1f8afbba1fad9c1a49,10b31e7f69b0caaa4db810704de24b46c80473a19d7165e5f8de00f41bbc0a87
s16,s1604a,O0_4_LR_all_inside,115,11,0.09565217391304348,3,1,0,0.02608695652173913,0.008695652173913044,0.0,120,11,0.09166666666666666,3,1,0,0.025,0.008333333333333333,0.0,456.3730579999997,286.5724680000001,0.6279346753199446,325.7280000000001,60,5.428800000000002,87130029b5443647ed1f1febd32ab768bf957a0a1698217eb3cf14b2d00c6ecf,410,3faff34841b7126696898fc7a8c620d69708567c3c9411a3bf7f4506e7caf714,d1f5fd05072b4dc059c8007f644dcb0e4c167499360ead1ed311ba3387af6a10
s16,s1604a,O0_4_LR_all_gt20ms,115,11,0.09565217391304348,3,1,0,0.02608695652173913,0.008695652173913044,0.0,120,11,0.09166666666666666,3,1,0,0.025,0.008333333333333333,0.0,456.3730579999997,286.7324680000001,0.6282852656915613,326.16000000000014,60,5.436000000000003,87130029b5443647ed1f1febd32ab768bf957a0a1698217eb3cf14b2d00c6ecf,410,a6c22e79b8ee39b2a5b5f6e119577e0d126f2c30928ab6c44701aae9b3cb0b51,7115ae66f14358f079fcd992472c52f0a7034e0489ff1bfe239866173e499060
s16,s1604a,O0_4_LR_all_gt50ms,116,10,0.08620689655172414,2,0,0,0.017241379310344827,0.0,0.0,122,10,0.08196721311475409,2,0,0,0.01639344262295082,0.0,0.0,456.3730579999997,290.78098800000004,0.6371563415121675,331.2520000000002,61,5.430360655737708,87130029b5443647ed1f1febd32ab768bf957a0a1698217eb3cf14b2d00c6ecf,410,20ccefb2811295207c7f1793f3525911b9778c54ca82b5d7f2fd6fb0a693ab2f,ec84b42a00b22aafdee576ca0cad32819ff00ed2ab1f00bcf1a36a5d35774dd8
s17,s1701a,O0_4,57,3,0.05263157894736842,2,1,1,0.03508771929824561,0.017543859649122806,0.017543859649122806,68,5,0.07352941176470588,3,2,2,0.04411764705882353,0.029411764705882353,0.029411764705882353,245.8421080000001,190.07505899999995,0.7731590838783398,213.17199999999997,34,6.269764705882352,87130029b5443647ed1f1febd32ab768bf957a0a1698217eb3cf14b2d00c6ecf,151,2bac708c99395e5dd8cbef0cc4c58ce0e98062caf1ec91ea3d3898440a7564b4,28c427f8d281060d519200fe0a0e875091fc626133643494dbc951ee08ea7d1a
s17,s1701a,O0_4_LR_rms_waveform_inside,58,3,0.05172413793103448,2,1,1,0.034482758620689655,0.017241379310344827,0.017241379310344827,70,5,0.07142857142857142,3,2,2,0.04285714285714286,0.02857142857142857,0.02857142857142857,245.8421080000001,189.67105899999996,0.77151575270417,212.89999999999995,35,6.082857142857141,87130029b5443647ed1f1febd32ab768bf957a0a1698217eb3cf14b2d00c6ecf,151,4d72fcfbba4258343ab19114713a4797ff382417fb7de8bb6ad066f15f938ac8,c51e30c24fea26fb48890e614534c9854c1acb44c66175979321fc70c638b2c5
s17,s1701a,O0_4_LR_rms_waveform_gt20ms,58,3,0.05172413793103448,2,1,1,0.034482758620689655,0.017241379310344827,0.017241379310344827,70,5,0.07142857142857142,3,2,2,0.04285714285714286,0.02857142857142857,0.02857142857142857,245.8421080000001,190.07505899999995,0.7731590838783398,213.30399999999997,35,6.094399999999999,87130029b5443647ed1f1febd32ab768bf957a0a1698217eb3cf14b2d00c6ecf,151,10d6e468200fdd58dd974f351e45bb0786b17b2d757bb9e1ea789925c3bd8447,61cb6054d32d14cdc6d9090e14fdc5f6918472c4ec460c89792ac2dab1115997
s17,s1701a,O0_4_LR_rms_waveform_gt50ms,58,3,0.05172413793103448,2,1,1,0.034482758620689655,0.017241379310344827,0.017241379310344827,70,5,0.07142857142857142,3,2,2,0.04285714285714286,0.02857142857142857,0.02857142857142857,245.8421080000001,190.07505899999995,0.7731590838783398,213.30399999999997,35,6.094399999999999,87130029b5443647ed1f1febd32ab768bf957a0a1698217eb3cf14b2d00c6ecf,151,10d6e468200fdd58dd974f351e45bb0786b17b2d757bb9e1ea789925c3bd8447,61cb6054d32d14cdc6d9090e14fdc5f6918472c4ec460c89792ac2dab1115997
s17,s1701a,O0_4_LR_vad_only_inside,57,3,0.05263157894736842,2,1,1,0.03508771929824561,0.017543859649122806,0.017543859649122806,68,5,0.07352941176470588,3,2,2,0.04411764705882353,0.029411764705882353,0.029411764705882353,245.8421080000001,189.10505899999995,0.7692134619997639,211.85599999999994,34,6.23105882352941,87130029b5443647ed1f1febd32ab768bf957a0a1698217eb3cf14b2d00c6ecf,151,0c9f7ea421893cd6b23c47ff2c30d99e01cf88676786c83b767d41734e2bca18,d4b0e56c93636fd73a98fca0ed148066fe117c37b88f901aa285e7ec38eb71fc
s17,s1701a,O0_4_LR_vad_only_gt20ms,57,3,0.05263157894736842,2,1,1,0.03508771929824561,0.017543859649122806,0.017543859649122806,68,5,0.07352941176470588,3,2,2,0.04411764705882353,0.029411764705882353,0.029411764705882353,245.8421080000001,189.50905899999995,0.7708567931739336,212.25999999999996,34,6.2429411764705875,87130029b5443647ed1f1febd32ab768bf957a0a1698217eb3cf14b2d00c6ecf,151,863f8202d7c0f897250ebb33b7b1ea822d06188471770af5c72cc5c5d89d8af2,a48a11274f659959224336c4d7fef2baef6f5e4b6dcdda76e6fab57c980969a1
s17,s1701a,O0_4_LR_vad_only_gt50ms,58,3,0.05172413793103448,2,1,1,0.034482758620689655,0.017241379310344827,0.017241379310344827,70,5,0.07142857142857142,3,2,2,0.04285714285714286,0.02857142857142857,0.02857142857142857,245.8421080000001,190.07505899999995,0.7731590838783398,213.30399999999997,35,6.094399999999999,87130029b5443647ed1f1febd32ab768bf957a0a1698217eb3cf14b2d00c6ecf,151,10d6e468200fdd58dd974f351e45bb0786b17b2d757bb9e1ea789925c3bd8447,61cb6054d32d14cdc6d9090e14fdc5f6918472c4ec460c89792ac2dab1115997
s17,s1701a,O0_4_LR_all_inside,58,3,0.05172413793103448,2,1,1,0.034482758620689655,0.017241379310344827,0.017241379310344827,70,5,0.07142857142857142,3,2,2,0.04285714285714286,0.02857142857142857,0.02857142857142857,245.8421080000001,189.10505899999995,0.7692134619997639,211.85599999999994,35,6.05302857142857,87130029b5443647ed1f1febd32ab768bf957a0a1698217eb3cf14b2d00c6ecf,151,8516db084c7f5864925a93df932a5650cdf7803871419069d1125150d6ec7ed2,58c529df395a62cea5c6fcebbaa972f1a32de852805eb01c9d99177148ad564f
s17,s1701a,O0_4_LR_all_gt20ms,58,3,0.05172413793103448,2,1,1,0.034482758620689655,0.017241379310344827,0.017241379310344827,70,5,0.07142857142857142,3,2,2,0.04285714285714286,0.02857142857142857,0.02857142857142857,245.8421080000001,190.07505899999995,0.7731590838783398,213.17199999999997,35,6.090628571428571,87130029b5443647ed1f1febd32ab768bf957a0a1698217eb3cf14b2d00c6ecf,151,a90bc2ebf502878e760097dfc44d965b131477b5b84e70dc2181df02f42e8f54,47f1dcd26b9b47733b131f52ff1db17d3b71fb72f394fb5e22779e20165c01e8
s17,s1701a,O0_4_LR_all_gt50ms,58,3,0.05172413793103448,2,1,1,0.034482758620689655,0.017241379310344827,0.017241379310344827,70,5,0.07142857142857142,3,2,2,0.04285714285714286,0.02857142857142857,0.02857142857142857,245.8421080000001,190.07505899999995,0.7731590838783398,213.30399999999997,35,6.094399999999999,87130029b5443647ed1f1febd32ab768bf957a0a1698217eb3cf14b2d00c6ecf,151,10d6e468200fdd58dd974f351e45bb0786b17b2d757bb9e1ea789925c3bd8447,61cb6054d32d14cdc6d9090e14fdc5f6918472c4ec460c89792ac2dab1115997
s17,s1702a,O0_4,86,12,0.13953488372093023,11,4,0,0.12790697674418605,0.046511627906976744,0.0,92,15,0.16304347826086957,14,6,0,0.15217391304347827,0.06521739130434782,0.0,344.6748890000001,233.04696900000022,0.6761356177589141,265.1880000000002,46,5.764956521739135,87130029b5443647ed1f1febd32ab768bf957a0a1698217eb3cf14b2d00c6ecf,272,e500badaaf2e4b5a99a7f555f91c56601b294120ad4eb27f26a1dcae4e5b0757,630abe93701653d2e1c7890c9a80899f19c3d4596bd08685b611dd82e0adf1cc
s17,s1702a,O0_4_LR_rms_waveform_inside,86,13,0.1511627906976744,12,4,0,0.13953488372093023,0.046511627906976744,0.0,92,16,0.17391304347826086,15,6,0,0.16304347826086957,0.06521739130434782,0.0,344.6748890000001,231.32934900000015,0.671152313042451,262.9360000000002,46,5.716000000000005,87130029b5443647ed1f1febd32ab768bf957a0a1698217eb3cf14b2d00c6ecf,272,637f7e667e2f14e43c473fc1578afa212fbbbc8d384aa057698a2ce7bdee18d5,99259c90c4a36c84f1d435b870155bc1ec3b93085ecb39153eea1b9285ebc555
s17,s1702a,O0_4_LR_rms_waveform_gt20ms,86,13,0.1511627906976744,12,4,0,0.13953488372093023,0.046511627906976744,0.0,92,16,0.17391304347826086,15,6,0,0.16304347826086957,0.06521739130434782,0.0,344.6748890000001,231.32934900000015,0.671152313042451,262.9360000000002,46,5.716000000000005,87130029b5443647ed1f1febd32ab768bf957a0a1698217eb3cf14b2d00c6ecf,272,637f7e667e2f14e43c473fc1578afa212fbbbc8d384aa057698a2ce7bdee18d5,99259c90c4a36c84f1d435b870155bc1ec3b93085ecb39153eea1b9285ebc555
s17,s1702a,O0_4_LR_rms_waveform_gt50ms,86,12,0.13953488372093023,11,4,0,0.12790697674418605,0.046511627906976744,0.0,92,15,0.16304347826086957,14,6,0,0.15217391304347827,0.06521739130434782,0.0,344.6748890000001,232.20996900000017,0.673707242421133,264.12000000000023,46,5.741739130434787,87130029b5443647ed1f1febd32ab768bf957a0a1698217eb3cf14b2d00c6ecf,272,d5c9976071fae6362d59d2e6fe38011fe167a34c94cca7ba0ec68f3ec64af048,0e5deb45bbc04e31bf3ec5b7580c8731ea228d5213b19b3b45fe48949ebd8ae6
s17,s1702a,O0_4_LR_vad_only_inside,86,14,0.16279069767441862,13,5,0,0.1511627906976744,0.05813953488372093,0.0,92,17,0.18478260869565216,16,7,0,0.17391304347826086,0.07608695652173914,0.0,344.6748890000001,230.87112500000018,0.6698228747380552,262.11200000000025,46,5.6980869565217445,87130029b5443647ed1f1febd32ab768bf957a0a1698217eb3cf14b2d00c6ecf,272,e28e39a4f76dae3836eb2a60e821ff5788cf0b582c4c72ab0323f90a078f7489,39b219e91dbdd1a017b81ab8d13074c25d05a80d329a3352e77f6903b6af729f
s17,s1702a,O0_4_LR_vad_only_gt20ms,86,14,0.16279069767441862,13,5,0,0.1511627906976744,0.05813953488372093,0.0,92,17,0.18478260869565216,16,7,0,0.17391304347826086,0.07608695652173914,0.0,344.6748890000001,232.0483490000002,0.6732383367794459,263.7840000000002,46,5.734434782608701,87130029b5443647ed1f1febd32ab768bf957a0a1698217eb3cf14b2d00c6ecf,272,12565f247e49ce4c1ddda360fc9b50aa2c059de5b3cfe1c59e4bf7a9381cc285,3025eebad24361d802c03fe40df14ed846f5a24feae95dc4b4d846ea064b36ff
s17,s1702a,O0_4_LR_vad_only_gt50ms,86,13,0.1511627906976744,12,5,0,0.13953488372093023,0.05813953488372093,0.0,92,16,0.17391304347826086,15,7,0,0.16304347826086957,0.07608695652173914,0.0,344.6748890000001,232.92896900000022,0.6757932661581277,264.96800000000025,46,5.7601739130434835,87130029b5443647ed1f1febd32ab768bf957a0a1698217eb3cf14b2d00c6ecf,272,1b697d05e3ee575cd06b918224754481ffa85996d61abde9459325cd88fd3102,57e43937fc4a7ae31823360b323025c3922c3d77509ec1e281d359e891338aa4
s17,s1702a,O0_4_LR_all_inside,86,13,0.1511627906976744,12,4,0,0.13953488372093023,0.046511627906976744,0.0,92,16,0.17391304347826086,15,6,0,0.16304347826086957,0.06521739130434782,0.0,344.6748890000001,230.15212500000013,0.6677368510010604,261.54800000000023,46,5.685826086956527,87130029b5443647ed1f1febd32ab768bf957a0a1698217eb3cf14b2d00c6ecf,272,d589baf21f8a04390bbe258bb53c1d8ff4d2a92bd69c41a06cc0e5e20d172368,c1ff41bf95a8636f50e7d4655e20af5462bca3eb08e85411e6c34b78a8dc1a44
s17,s1702a,O0_4_LR_all_gt20ms,86,13,0.1511627906976744,12,4,0,0.13953488372093023,0.046511627906976744,0.0,92,16,0.17391304347826086,15,6,0,0.16304347826086957,0.06521739130434782,0.0,344.6748890000001,231.32934900000015,0.671152313042451,262.9360000000002,46,5.716000000000005,87130029b5443647ed1f1febd32ab768bf957a0a1698217eb3cf14b2d00c6ecf,272,637f7e667e2f14e43c473fc1578afa212fbbbc8d384aa057698a2ce7bdee18d5,99259c90c4a36c84f1d435b870155bc1ec3b93085ecb39153eea1b9285ebc555
s17,s1702a,O0_4_LR_all_gt50ms,86,12,0.13953488372093023,11,4,0,0.12790697674418605,0.046511627906976744,0.0,92,15,0.16304347826086957,14,6,0,0.15217391304347827,0.06521739130434782,0.0,344.6748890000001,233.04696900000022,0.6761356177589141,265.1880000000002,46,5.764956521739135,87130029b5443647ed1f1febd32ab768bf957a0a1698217eb3cf14b2d00c6ecf,272,e500badaaf2e4b5a99a7f555f91c56601b294120ad4eb27f26a1dcae4e5b0757,630abe93701653d2e1c7890c9a80899f19c3d4596bd08685b611dd82e0adf1cc
s17,s1703a,O0_4,90,11,0.12222222222222222,4,3,1,0.044444444444444446,0.03333333333333333,0.011111111111111112,92,11,0.11956521739130435,4,3,1,0.043478260869565216,0.03260869565217391,0.010869565217391304,347.56502900000015,220.63257200000015,0.6347950846343636,247.6800000000001,46,5.384347826086959,87130029b5443647ed1f1febd32ab768bf957a0a1698217eb3cf14b2d00c6ecf,260,590330226a4a1c371483ed975776e75a665a7ec933312544c2966219d042b95e,8178a4e168cf5e7b51c618bf5449e82054aa50407aa177d28e54f9835f17558b
s17,s1703a,O0_4_LR_rms_waveform_inside,90,11,0.12222222222222222,4,3,1,0.044444444444444446,0.03333333333333333,0.011111111111111112,92,11,0.11956521739130435,4,3,1,0.043478260869565216,0.03260869565217391,0.010869565217391304,347.56502900000015,220.63257200000015,0.6347950846343636,247.6800000000001,46,5.384347826086959,87130029b5443647ed1f1febd32ab768bf957a0a1698217eb3cf14b2d00c6ecf,260,590330226a4a1c371483ed975776e75a665a7ec933312544c2966219d042b95e,8178a4e168cf5e7b51c618bf5449e82054aa50407aa177d28e54f9835f17558b
s17,s1703a,O0_4_LR_rms_waveform_gt20ms,91,12,0.13186813186813187,5,4,2,0.054945054945054944,0.04395604395604396,0.02197802197802198,94,13,0.13829787234042554,6,5,3,0.06382978723404255,0.05319148936170213,0.031914893617021274,347.56502900000015,222.59448200000014,0.6404398124875792,250.27600000000015,47,5.325021276595748,87130029b5443647ed1f1febd32ab768bf957a0a1698217eb3cf14b2d00c6ecf,260,9572396b982d4b145b2bb37cd1852c8538cf43399a90abd54af13ffe401e4d75,4a4b9ab8e8b37eca4ae36ea08c93add8eb928a69147d5a6b64f9fe9bc29862c4
s17,s1703a,O0_4_LR_rms_waveform_gt50ms,91,12,0.13186813186813187,5,4,2,0.054945054945054944,0.04395604395604396,0.02197802197802198,94,13,0.13829787234042554,6,5,3,0.06382978723404255,0.05319148936170213,0.031914893617021274,347.56502900000015,222.59448200000014,0.6404398124875792,250.36400000000012,47,5.3268936170212795,87130029b5443647ed1f1febd32ab768bf957a0a1698217eb3cf14b2d00c6ecf,260,5b623d5fded42516febae51282d3f0f5a7606d8d8a37135c15636af11c1d871e,2bc1e71221ec862b6cedf0e77da4017af4c14eac768667d988289fcf09344155
s17,s1703a,O0_4_LR_vad_only_inside,90,11,0.12222222222222222,4,3,1,0.044444444444444446,0.03333333333333333,0.011111111111111112,92,11,0.11956521739130435,4,3,1,0.043478260869565216,0.03260869565217391,0.010869565217391304,347.56502900000015,216.6385720000001,0.6233037098792813,242.38000000000002,46,5.26913043478261,87130029b5443647ed1f1febd32ab768bf957a0a1698217eb3cf14b2d00c6ecf,260,2aac8f63d825f8c62b6c8a2df30c99ba407bd2f06727e2d4a4583dc494a9f9a7,75a11026d662468893009852c8192baa9dce69eed94464038272a005f8550ac8
s17,s1703a,O0_4_LR_vad_only_gt20ms,90,11,0.12222222222222222,4,3,1,0.044444444444444446,0.03333333333333333,0.011111111111111112,92,11,0.11956521739130435,4,3,1,0.043478260869565216,0.03260869565217391,0.010869565217391304,347.56502900000015,220.63257200000015,0.6347950846343636,247.6800000000001,46,5.384347826086959,87130029b5443647ed1f1febd32ab768bf957a0a1698217eb3cf14b2d00c6ecf,260,590330226a4a1c371483ed975776e75a665a7ec933312544c2966219d042b95e,8178a4e168cf5e7b51c618bf5449e82054aa50407aa177d28e54f9835f17558b
s17,s1703a,O0_4_LR_vad_only_gt50ms,91,12,0.13186813186813187,5,4,2,0.054945054945054944,0.04395604395604396,0.02197802197802198,94,13,0.13829787234042554,6,5,3,0.06382978723404255,0.05319148936170213,0.031914893617021274,347.56502900000015,222.64357200000012,0.6405810522438954,250.3720000000001,47,5.327063829787236,87130029b5443647ed1f1febd32ab768bf957a0a1698217eb3cf14b2d00c6ecf,260,2d6d8899064c882462b85c5e622927a1660dafd08b43c748a0f0420b0038a8d1,2004948396a33d43a26770bee6d1cac3d8c25aeed9ba6f9f1dedd0e33f3f7eb7
s17,s1703a,O0_4_LR_all_inside,90,11,0.12222222222222222,4,3,1,0.044444444444444446,0.03333333333333333,0.011111111111111112,92,11,0.11956521739130435,4,3,1,0.043478260869565216,0.03260869565217391,0.010869565217391304,347.56502900000015,218.5385720000001,0.6287703127923149,244.86000000000007,46,5.323043478260871,87130029b5443647ed1f1febd32ab768bf957a0a1698217eb3cf14b2d00c6ecf,260,3aab857eb3a83697ca0508e6e9a143431c22a7fdbcde90627c0b2e48a2734d56,9f396a5141d140d93d7ac6028b4a13b83a5e7e4684756b22723981ae6b746289
s17,s1703a,O0_4_LR_all_gt20ms,91,12,0.13186813186813187,5,4,2,0.054945054945054944,0.04395604395604396,0.02197802197802198,94,13,0.13829787234042554,6,5,3,0.06382978723404255,0.05319148936170213,0.031914893617021274,347.56502900000015,221.85757200000012,0.6383196049335562,249.4000000000001,47,5.3063829787234065,87130029b5443647ed1f1febd32ab768bf957a0a1698217eb3cf14b2d00c6ecf,260,305fb1c0c71372583d39b7f44c3a7a4988bdebf53e123bd8fd5d73145f54b899,a6546d975d0e4174bee651f0a87d3107c6b3977844206c80b2e998d9d36476d3
s17,s1703a,O0_4_LR_all_gt50ms,91,12,0.13186813186813187,5,4,2,0.054945054945054944,0.04395604395604396,0.02197802197802198,94,13,0.13829787234042554,6,5,3,0.06382978723404255,0.05319148936170213,0.031914893617021274,347.56502900000015,222.59448200000014,0.6404398124875792,250.36400000000012,47,5.3268936170212795,87130029b5443647ed1f1febd32ab768bf957a0a1698217eb3cf14b2d00c6ecf,260,5b623d5fded42516febae51282d3f0f5a7606d8d8a37135c15636af11c1d871e,2bc1e71221ec862b6cedf0e77da4017af4c14eac768667d988289fcf09344155
s17,s1703b,O0_4,64,7,0.109375,5,3,0,0.078125,0.046875,0.0,66,8,0.12121212121212122,6,4,0,0.09090909090909091,0.06060606060606061,0.0,199.897655,160.0575120000001,0.8006972968242179,185.9760000000001,33,5.635636363636367,87130029b5443647ed1f1febd32ab768bf957a0a1698217eb3cf14b2d00c6ecf,174,a8c2b3e5f9d68d545076731ce779ea5708f47d16de777bc306abd49482798c6f,712db1bc716bd2e665e2b555d62087e3c095d72f4fad96c2c7fbabfdf71e67ac
s17,s1703b,O0_4_LR_rms_waveform_inside,64,7,0.109375,5,3,0,0.078125,0.046875,0.0,66,8,0.12121212121212122,6,4,0,0.09090909090909091,0.06060606060606061,0.0,199.897655,157.2017850000001,0.7864113513487694,182.1520000000001,33,5.519757575757579,87130029b5443647ed1f1febd32ab768bf957a0a1698217eb3cf14b2d00c6ecf,174,d1b70f1d6a10b4c4d26441344a9e8b4f2e56fb0a1fe9d78d8e987473bb823603,ad7d0b0cb0e08b71c3298796967bce145ca50e1aed160e3362df76dd6f8a13a1
s17,s1703b,O0_4_LR_rms_waveform_gt20ms,64,7,0.109375,5,3,0,0.078125,0.046875,0.0,66,8,0.12121212121212122,6,4,0,0.09090909090909091,0.06060606060606061,0.0,199.897655,157.8237850000001,0.7895229436283288,182.8120000000001,33,5.539757575757578,87130029b5443647ed1f1febd32ab768bf957a0a1698217eb3cf14b2d00c6ecf,174,cac4be0f3ac821f7be2b8bdfe80d0635856f8d5440411cb9e1c6d9278c69856b,299ff0555505fa5aca1438f564c85e59cfefeaa182697b7c2e8c43e9ae4fc2c8
s17,s1703b,O0_4_LR_rms_waveform_gt50ms,64,7,0.109375,5,3,0,0.078125,0.046875,0.0,66,8,0.12121212121212122,6,4,0,0.09090909090909091,0.06060606060606061,0.0,199.897655,157.8237850000001,0.7895229436283288,183.2240000000001,33,5.5522424242424275,87130029b5443647ed1f1febd32ab768bf957a0a1698217eb3cf14b2d00c6ecf,174,b125e120226227c7ad0cbc62da96cc1b278b972f9f872f19dbe3d1d6decff0c6,502a827360f4fc9e449e1f792e7219b060d54cb9ffefb8500680591081fea83c
s17,s1703b,O0_4_LR_vad_only_inside,64,7,0.109375,5,3,0,0.078125,0.046875,0.0,66,8,0.12121212121212122,6,4,0,0.09090909090909091,0.06060606060606061,0.0,199.897655,158.25551200000007,0.7916826838213789,183.6800000000001,33,5.566060606060609,87130029b5443647ed1f1febd32ab768bf957a0a1698217eb3cf14b2d00c6ecf,174,c275368a4cd2c1e14ce00ddac43c44b742ade53058317b69582fa6ed198e5a60,405e823b07cd9e151cbdddda46c2d23973373f7f8fb4a2fc82e43afcd79c777b
s17,s1703b,O0_4_LR_vad_only_gt20ms,64,7,0.109375,5,3,0,0.078125,0.046875,0.0,66,8,0.12121212121212122,6,4,0,0.09090909090909091,0.06060606060606061,0.0,199.897655,160.0575120000001,0.8006972968242179,185.9760000000001,33,5.635636363636367,87130029b5443647ed1f1febd32ab768bf957a0a1698217eb3cf14b2d00c6ecf,174,a8c2b3e5f9d68d545076731ce779ea5708f47d16de777bc306abd49482798c6f,712db1bc716bd2e665e2b555d62087e3c095d72f4fad96c2c7fbabfdf71e67ac
s17,s1703b,O0_4_LR_vad_only_gt50ms,64,7,0.109375,5,3,0,0.078125,0.046875,0.0,66,8,0.12121212121212122,6,4,0,0.09090909090909091,0.06060606060606061,0.0,199.897655,160.0575120000001,0.8006972968242179,185.9760000000001,33,5.635636363636367,87130029b5443647ed1f1febd32ab768bf957a0a1698217eb3cf14b2d00c6ecf,174,a8c2b3e5f9d68d545076731ce779ea5708f47d16de777bc306abd49482798c6f,712db1bc716bd2e665e2b555d62087e3c095d72f4fad96c2c7fbabfdf71e67ac
s17,s1703b,O0_4_LR_all_inside,64,6,0.09375,5,3,0,0.078125,0.046875,0.0,66,7,0.10606060606060606,6,4,0,0.09090909090909091,0.06060606060606061,0.0,199.897655,156.22969100000006,0.7815483928513322,180.7400000000001,33,5.4769696969697,87130029b5443647ed1f1febd32ab768bf957a0a1698217eb3cf14b2d00c6ecf,174,142f7d1aa91b315b885ce030b19dd645f32bb41c58a69f1bb925fb6563b13d57,626e86a27addf4efe4eab8a45a063a1d568d976f1985d336ea74b7c08356134f
s17,s1703b,O0_4_LR_all_gt20ms,64,7,0.109375,5,3,0,0.078125,0.046875,0.0,66,8,0.12121212121212122,6,4,0,0.09090909090909091,0.06060606060606061,0.0,199.897655,157.2017850000001,0.7864113513487694,182.1520000000001,33,5.519757575757579,87130029b5443647ed1f1febd32ab768bf957a0a1698217eb3cf14b2d00c6ecf,174,d1b70f1d6a10b4c4d26441344a9e8b4f2e56fb0a1fe9d78d8e987473bb823603,ad7d0b0cb0e08b71c3298796967bce145ca50e1aed160e3362df76dd6f8a13a1
s17,s1703b,O0_4_LR_all_gt50ms,64,7,0.109375,5,3,0,0.078125,0.046875,0.0,66,8,0.12121212121212122,6,4,0,0.09090909090909091,0.06060606060606061,0.0,199.897655,157.8237850000001,0.7895229436283288,183.2240000000001,33,5.5522424242424275,87130029b5443647ed1f1febd32ab768bf957a0a1698217eb3cf14b2d00c6ecf,174,b125e120226227c7ad0cbc62da96cc1b278b972f9f872f19dbe3d1d6decff0c6,502a827360f4fc9e449e1f792e7219b060d54cb9ffefb8500680591081fea83c
s18,s1801a,O0_4,82,7,0.08536585365853659,5,0,0,0.06097560975609756,0.0,0.0,84,8,0.09523809523809523,5,0,0,0.05952380952380952,0.0,0.0,308.74047000000076,179.00294600000038,0.5797845225797575,206.59600000000017,42,4.918952380952385,87130029b5443647ed1f1febd32ab768bf957a0a1698217eb3cf14b2d00c6ecf,330,683a5e4e85013220dc28d7c58ce0dfc59a1e5f2aaa1bbb4498de590a9536918f,f803987d6c896d2a24d3e1d2b932b85218b4d413d4f100e5700c2b5ee041b418
s18,s1801a,O0_4_LR_rms_waveform_inside,82,7,0.08536585365853659,5,0,0,0.06097560975609756,0.0,0.0,84,8,0.09523809523809523,5,0,0,0.05952380952380952,0.0,0.0,308.74047000000076,177.73915200000036,0.5756911363126445,204.63200000000012,42,4.872190476190479,87130029b5443647ed1f1febd32ab768bf957a0a1698217eb3cf14b2d00c6ecf,330,cd55b8e1030500e1cad363ca84fa215cdd8fc212df3ba574aef19ccb850d49f4,77ff11763d27cd3cf32a5c095fc70d22c176b1a4adc6c13eb34c971dbaeb1e22
s18,s1801a,O0_4_LR_rms_waveform_gt20ms,82,7,0.08536585365853659,5,0,0,0.06097560975609756,0.0,0.0,84,8,0.09523809523809523,5,0,0,0.05952380952380952,0.0,0.0,308.74047000000076,178.11409000000035,0.5769055478862227,205.27200000000016,42,4.8874285714285755,87130029b5443647ed1f1febd32ab768bf957a0a1698217eb3cf14b2d00c6ecf,330,54e54118aa197d2763425ac6f410d2550c65fcc2999f3966e30c8ebf391b6ffc,f3314906527f094d5491e8b5e8c48519f78ef13044cd03454f40c3a678797edc
s18,s1801a,O0_4_LR_rms_waveform_gt50ms,82,7,0.08536585365853659,5,0,0,0.06097560975609756,0.0,0.0,84,8,0.09523809523809523,5,0,0,0.05952380952380952,0.0,0.0,308.74047000000076,178.54722000000035,0.5783084413909194,205.82400000000013,42,4.900571428571432,87130029b5443647ed1f1febd32ab768bf957a0a1698217eb3cf14b2d00c6ecf,330,f361f0121ee341580bf6afa8f36edc818f37145459bdb7bbe2a3ddcf4de5ef5d,3532f374f500ed251e1b19e43478f31d917d99feaa9161b0ae0feb897dc256d1
s18,s1801a,O0_4_LR_vad_only_inside,82,7,0.08536585365853659,5,0,0,0.06097560975609756,0.0,0.0,84,8,0.09523809523809523,5,0,0,0.05952380952380952,0.0,0.0,308.74047000000076,177.47552200000044,0.574837247607999,203.78400000000005,42,4.852000000000001,87130029b5443647ed1f1febd32ab768bf957a0a1698217eb3cf14b2d00c6ecf,330,96d419f42501b1ecb1a91104fa8d995c85cf442f58206a39e3a9e81d445b3564,9a1dbb7d63724362bb2f7e7eede8e7862e25163fa9da9d106e4521893bbcecfd
s18,s1801a,O0_4_LR_vad_only_gt20ms,82,7,0.08536585365853659,5,0,0,0.06097560975609756,0.0,0.0,84,8,0.09523809523809523,5,0,0,0.05952380952380952,0.0,0.0,308.74047000000076,177.88288400000042,0.5761566794272224,204.66800000000006,42,4.873047619047621,87130029b5443647ed1f1febd32ab768bf957a0a1698217eb3cf14b2d00c6ecf,330,8de65acf9f191b207362584e79dd99a3417d463ae6842bf52b08b0b7ab100d92,9fb979d546ef98d3aef39f8c462bd24a65c911d5e8ed9b85c7db97919d4b71b8
s18,s1801a,O0_4_LR_vad_only_gt50ms,82,7,0.08536585365853659,5,0,0,0.06097560975609756,0.0,0.0,84,8,0.09523809523809523,5,0,0,0.05952380952380952,0.0,0.0,308.74047000000076,179.00294600000038,0.5797845225797575,206.59600000000017,42,4.918952380952385,87130029b5443647ed1f1febd32ab768bf957a0a1698217eb3cf14b2d00c6ecf,330,683a5e4e85013220dc28d7c58ce0dfc59a1e5f2aaa1bbb4498de590a9536918f,f803987d6c896d2a24d3e1d2b932b85218b4d413d4f100e5700c2b5ee041b418
s18,s1801a,O0_4_LR_all_inside,82,7,0.08536585365853659,5,0,0,0.06097560975609756,0.0,0.0,84,8,0.09523809523809523,5,0,0,0.05952380952380952,0.0,0.0,308.74047000000076,177.4271580000004,0.5746805982383844,203.9960000000001,42,4.857047619047622,87130029b5443647ed1f1febd32ab768bf957a0a1698217eb3cf14b2d00c6ecf,330,6433632b0f48502ce0554d9e0d098e2abafd944f8a6cf123462b9a92fa124c9b,49bacc91f01baafc134616a0879f5511eb5d5f54c975d93f690669b3db942f60
s18,s1801a,O0_4_LR_all_gt20ms,82,7,0.08536585365853659,5,0,0,0.06097560975609756,0.0,0.0,84,8,0.09523809523809523,5,0,0,0.05952380952380952,0.0,0.0,308.74047000000076,177.73915200000036,0.5756911363126445,204.63200000000012,42,4.872190476190479,87130029b5443647ed1f1febd32ab768bf957a0a1698217eb3cf14b2d00c6ecf,330,cd55b8e1030500e1cad363ca84fa215cdd8fc212df3ba574aef19ccb850d49f4,77ff11763d27cd3cf32a5c095fc70d22c176b1a4adc6c13eb34c971dbaeb1e22
s18,s1801a,O0_4_LR_all_gt50ms,82,7,0.08536585365853659,5,0,0,0.06097560975609756,0.0,0.0,84,8,0.09523809523809523,5,0,0,0.05952380952380952,0.0,0.0,308.74047000000076,178.54722000000035,0.5783084413909194,205.92400000000015,42,4.902952380952384,87130029b5443647ed1f1febd32ab768bf957a0a1698217eb3cf14b2d00c6ecf,330,5fc012f5688162e11d1ebb04e7f6545671adce7634f8a8174d103372ec340466,bff179aed51c9614b3cc8a1b5ef0283a751f87c4ac3f707d17c2b067268a74a3
s18,s1801b,O0_4,100,13,0.13,6,2,0,0.06,0.02,0.0,102,13,0.12745098039215685,6,2,0,0.058823529411764705,0.0196078431372549,0.0,352.18614600000035,218.1489700000002,0.6194138312300336,252.2920000000003,51,4.946901960784319,87130029b5443647ed1f1febd32ab768bf957a0a1698217eb3cf14b2d00c6ecf,336,f0b7947a039aeca048d661c97225acbe374b7573d8e88d2d668dd2518cfeaca6,9549e1fe6e3f27cdd03d0035f7f9e9bad151e2d3d3d40545723fb218a84457dc
s18,s1801b,O0_4_LR_rms_waveform_inside,100,12,0.12,7,2,0,0.07,0.02,0.0,102,12,0.11764705882352941,7,2,0,0.06862745098039216,0.0196078431372549,0.0,352.18614600000035,211.67368100000016,0.6010278467909977,244.10000000000025,51,4.786274509803927,87130029b5443647ed1f1febd32ab768bf957a0a1698217eb3cf14b2d00c6ecf,336,f918cc653f8c8aa986eb8539d4500d5f38687cd07fbc3404571e455143c87d48,61491dd5b396c341bdb0f13179b895a9b2e6d5467a2935abe0a23e02058f0c3e
s18,s1801b,O0_4_LR_rms_waveform_gt20ms,100,12,0.12,7,2,0,0.07,0.02,0.0,102,12,0.11764705882352941,7,2,0,0.06862745098039216,0.0196078431372549,0.0,352.18614600000035,213.62132600000018,0.6065580046978906,246.4080000000003,51,4.831529411764712,87130029b5443647ed1f1febd32ab768bf957a0a1698217eb3cf14b2d00c6ecf,336,468e802212630910fb994092603b2c58c7e3538a32748dc22d453d2bc75265b1,3e92b46f4e2adc14aeca7d45a766730a3b20014e84f04a91cedde5b36b887ebf
s18,s1801b,O0_4_LR_rms_waveform_gt50ms,100,13,0.13,6,2,0,0.06,0.02,0.0,102,13,0.12745098039215685,6,2,0,0.058823529411764705,0.0196078431372549,0.0,352.18614600000035,217.4205110000002,0.6173454392496177,251.1440000000003,51,4.9243921568627504,87130029b5443647ed1f1febd32ab768bf957a0a1698217eb3cf14b2d00c6ecf,336,3508a0e355e7dbc625d2487293cb37751b4e9e0b066adc8a8b2acbb885641dff,cd7f6da7ec104fa232a96d66b735e36fc9cb245a2e69f1022ce6d334c139723a
s18,s1801b,O0_4_LR_vad_only_inside,100,11,0.11,6,2,0,0.06,0.02,0.0,102,11,0.10784313725490197,6,2,0,0.058823529411764705,0.0196078431372549,0.0,352.18614600000035,212.44866600000012,0.6032283450468262,244.32000000000022,51,4.790588235294122,87130029b5443647ed1f1febd32ab768bf957a0a1698217eb3cf14b2d00c6ecf,336,fd0f967d461100a28686f08d02515d03e197e5a2507a82259b8aad9fce11a285,92e8f7a04d7c9b200b9e4e32fcbaaec85d8301cf8d2bf6127ca24cceac34c58c
s18,s1801b,O0_4_LR_vad_only_gt20ms,100,11,0.11,6,2,0,0.06,0.02,0.0,102,11,0.10784313725490197,6,2,0,0.058823529411764705,0.0196078431372549,0.0,352.18614600000035,215.62033000000014,0.6122339917368582,248.12400000000028,51,4.865176470588241,87130029b5443647ed1f1febd32ab768bf957a0a1698217eb3cf14b2d00c6ecf,336,199a95b3f097a6bc307e524b20b4896f4a50835ed9b78f728b8a29663ad6c1f6,f07624134e2d3460a088b0d51ac41099b6cb1fe2adb580c7a2fe26db31b77170
s18,s1801b,O0_4_LR_vad_only_gt50ms,100,13,0.13,6,2,0,0.06,0.02,0.0,102,13,0.12745098039215685,6,2,0,0.058823529411764705,0.0196078431372549,0.0,352.18614600000035,218.1489700000002,0.6194138312300336,252.2920000000003,51,4.946901960784319,87130029b5443647ed1f1febd32ab768bf957a0a1698217eb3cf14b2d00c6ecf,336,f0b7947a039aeca048d661c97225acbe374b7573d8e88d2d668dd2518cfeaca6,9549e1fe6e3f27cdd03d0035f7f9e9bad151e2d3d3d40545723fb218a84457dc
s18,s1801b,O0_4_LR_all_inside,100,12,0.12,8,3,0,0.08,0.03,0.0,102,12,0.11764705882352941,8,3,0,0.0784313725490196,0.029411764705882353,0.0,352.18614600000035,211.2765900000001,0.599900343609768,243.36400000000023,51,4.771843137254907,87130029b5443647ed1f1febd32ab768bf957a0a1698217eb3cf14b2d00c6ecf,336,f60a57eabc145847992fc6a9ee8494c23c8041af653f89da133b138177a245c3,33abd3ca315eed0fd0cf14ed916e1213ba1f9dbdeee662596ee3f1a297490ae4
s18,s1801b,O0_4_LR_all_gt20ms,100,12,0.12,6,2,0,0.06,0.02,0.0,102,12,0.11764705882352941,6,2,0,0.058823529411764705,0.0196078431372549,0.0,352.18614600000035,214.4373260000002,0.6088749612541545,247.28400000000033,51,4.848705882352948,87130029b5443647ed1f1febd32ab768bf957a0a1698217eb3cf14b2d00c6ecf,336,b010f8ecec2249d48a270dee193cfea0dd0cb5e6d01bffd51b5a9af1eb4066f0,fd3bcdf08dee330b633d67943508dddcb3570b35db54c4b73e9d1c9a03d97e25
s18,s1801b,O0_4_LR_all_gt50ms,100,13,0.13,6,2,0,0.06,0.02,0.0,102,13,0.12745098039215685,6,2,0,0.058823529411764705,0.0196078431372549,0.0,352.18614600000035,217.4205110000002,0.6173454392496177,251.1440000000003,51,4.9243921568627504,87130029b5443647ed1f1febd32ab768bf957a0a1698217eb3cf14b2d00c6ecf,336,3508a0e355e7dbc625d2487293cb37751b4e9e0b066adc8a8b2acbb885641dff,cd7f6da7ec104fa232a96d66b735e36fc9cb245a2e69f1022ce6d334c139723a
s18,s1803a,O0_4,92,4,0.043478260869565216,0,0,0,0.0,0.0,0.0,94,5,0.05319148936170213,0,0,0,0.0,0.0,0.0,336.5856770000002,208.5116430000001,0.6194905405912444,245.93599999999992,47,5.2326808510638285,87130029b5443647ed1f1febd32ab768bf957a0a1698217eb3cf14b2d00c6ecf,334,491e26dff602635bc02a486cde831adb4a2b700242c61e7524673d852af53897,a8c04e0ede851330c374e48c4e1fb0e2c9f227f7cbc2debadeb2c49671c7f301
s18,s1803a,O0_4_LR_rms_waveform_inside,92,4,0.043478260869565216,0,0,0,0.0,0.0,0.0,94,5,0.05319148936170213,0,0,0,0.0,0.0,0.0,336.5856770000002,207.72393700000026,0.6171502568126217,244.548,47,5.203148936170213,87130029b5443647ed1f1febd32ab768bf957a0a1698217eb3cf14b2d00c6ecf,334,e39d00675b5b74a30dd7dbe38220e8b83601076f3eb0a068afade1b03956b75a,7e69d745c9ea2f903ee67ce2ef6cb116f3b032c3009048035249ce09e818a16c
s18,s1803a,O0_4_LR_rms_waveform_gt20ms,92,4,0.043478260869565216,0,0,0,0.0,0.0,0.0,94,5,0.05319148936170213,0,0,0,0.0,0.0,0.0,336.5856770000002,207.72393700000026,0.6171502568126217,244.548,47,5.203148936170213,87130029b5443647ed1f1febd32ab768bf957a0a1698217eb3cf14b2d00c6ecf,334,e39d00675b5b74a30dd7dbe38220e8b83601076f3eb0a068afade1b03956b75a,7e69d745c9ea2f903ee67ce2ef6cb116f3b032c3009048035249ce09e818a16c
s18,s1803a,O0_4_LR_rms_waveform_gt50ms,93,4,0.043010752688172046,0,0,0,0.0,0.0,0.0,96,5,0.052083333333333336,0,0,0,0.0,0.0,0.0,336.5856770000002,210.3525770000001,0.6249599771293892,248.08399999999995,48,5.1684166666666655,87130029b5443647ed1f1febd32ab768bf957a0a1698217eb3cf14b2d00c6ecf,334,0e70271cd6c14324097e788b0ae6c0dc9f96d4325a863b547142e1211872e8f0,5d81e40bdcab4393a3471e83f08c85ea98d641c7ebb66470126fa77c7dbbc1fa
s18,s1803a,O0_4_LR_vad_only_inside,92,5,0.05434782608695652,0,0,0,0.0,0.0,0.0,94,6,0.06382978723404255,0,0,0,0.0,0.0,0.0,336.5856770000002,207.1167530000002,0.6153463060164621,243.11599999999996,47,5.172680851063829,87130029b5443647ed1f1febd32ab768bf957a0a1698217eb3cf14b2d00c6ecf,334,ce99e3cb26ce6f2311bd338ebf53b098bab922af87794591036079ca377e8238,d554464c27a997dbc1fe939582a20b31151c742698ac8b44828951299277ffae
s18,s1803a,O0_4_LR_vad_only_gt20ms,92,5,0.05434782608695652,0,0,0,0.0,0.0,0.0,94,6,0.06382978723404255,0,0,0,0.0,0.0,0.0,336.5856770000002,207.46580400000022,0.6163833406375164,244.14399999999998,47,5.194553191489361,87130029b5443647ed1f1febd32ab768bf957a0a1698217eb3cf14b2d00c6ecf,334,53ff50e128a130370eead4849ba2abcd81b60e5eb0a5959f11fb56184a3895bd,f44854386f4d47a66af0f64cd5de342cf0681a135da501a7d2af18bd8ac2d5b9
s18,s1803a,O0_4_LR_vad_only_gt50ms,93,4,0.043010752688172046,0,0,0,0.0,0.0,0.0,96,5,0.052083333333333336,0,0,0,0.0,0.0,0.0,336.5856770000002,210.48513500000007,0.6253538085044538,248.61999999999995,48,5.1795833333333325,87130029b5443647ed1f1febd32ab768bf957a0a1698217eb3cf14b2d00c6ecf,334,71584b28aebc844d7bc292b2fb183d6be9908c1655826b7cbfb02872d5261e78,bb2ae50ea665fb32228b4da742ee37ba16f5364d28b137837f424b5bd354692e
s18,s1803a,O0_4_LR_all_inside,92,4,0.043478260869565216,0,0,0,0.0,0.0,0.0,94,5,0.05319148936170213,0,0,0,0.0,0.0,0.0,336.5856770000002,206.97174100000024,0.6149154736611092,242.96399999999994,47,5.169446808510637,87130029b5443647ed1f1febd32ab768bf957a0a1698217eb3cf14b2d00c6ecf,334,4194f4594af9d424a6481ec4b5533132f9c1388cac45e0212da78296fec3d27b,83395ea9e2707374c77ff9816cf0c6dde9511b7a89849749cd7218c95dafd065
s18,s1803a,O0_4_LR_all_gt20ms,92,4,0.043478260869565216,0,0,0,0.0,0.0,0.0,94,5,0.05319148936170213,0,0,0,0.0,0.0,0.0,336.5856770000002,207.72393700000026,0.6171502568126217,244.548,47,5.203148936170213,87130029b5443647ed1f1febd32ab768bf957a0a1698217eb3cf14b2d00c6ecf,334,e39d00675b5b74a30dd7dbe38220e8b83601076f3eb0a068afade1b03956b75a,7e69d745c9ea2f903ee67ce2ef6cb116f3b032c3009048035249ce09e818a16c
s18,s1803a,O0_4_LR_all_gt50ms,93,4,0.043010752688172046,0,0,0,0.0,0.0,0.0,96,5,0.052083333333333336,0,0,0,0.0,0.0,0.0,336.5856770000002,210.3525770000001,0.6249599771293892,248.08399999999995,48,5.1684166666666655,87130029b5443647ed1f1febd32ab768bf957a0a1698217eb3cf14b2d00c6ecf,334,0e70271cd6c14324097e788b0ae6c0dc9f96d4325a863b547142e1211872e8f0,5d81e40bdcab4393a3471e83f08c85ea98d641c7ebb66470126fa77c7dbbc1fa
s18,s1803b,O0_4,95,6,0.06315789473684211,2,0,0,0.021052631578947368,0.0,0.0,98,6,0.061224489795918366,2,0,0,0.02040816326530612,0.0,0.0,349.29989300000005,198.27346499999982,0.5676310499184716,235.17199999999983,49,4.799428571428568,87130029b5443647ed1f1febd32ab768bf957a0a1698217eb3cf14b2d00c6ecf,399,ccfcee2bcb6353ad89ee7abf17f4ec308983978e55a5a202a092988777f9f845,0254723b3416daf66c4df8ba3a3dd032bf8e72b52e5d087d0bfb684956d5ab39
s18,s1803b,O0_4_LR_rms_waveform_inside,95,8,0.08421052631578947,4,0,0,0.042105263157894736,0.0,0.0,98,8,0.08163265306122448,4,0,0,0.04081632653061224,0.0,0.0,349.29989300000005,193.35301799999982,0.5535444524169946,227.81599999999983,49,4.6493061224489765,87130029b5443647ed1f1febd32ab768bf957a0a1698217eb3cf14b2d00c6ecf,399,8677bc35b0e5275e14a0f7a29f080790055fc72fe905ff070e4962f586da91f3,1289ca8763ab5afb731beb46cfd079a76605d094aa77b49ecd5afa5cf8d2f43e
s18,s1803b,O0_4_LR_rms_waveform_gt20ms,95,6,0.06315789473684211,3,0,0,0.031578947368421054,0.0,0.0,98,6,0.061224489795918366,3,0,0,0.030612244897959183,0.0,0.0,349.29989300000005,195.6663799999998,0.5601673058628729,231.41999999999985,49,4.72285714285714,87130029b5443647ed1f1febd32ab768bf957a0a1698217eb3cf14b2d00c6ecf,399,2487f3e3bf61c119e9b497f7c23f2c5277fba0b56b0397c360ef5ea3d7d1cb79,b892178836c2e08a65c46c87435eaa466e6d054a7b841d728a0f9c53e8b442f0
s18,s1803b,O0_4_LR_rms_waveform_gt50ms,95,7,0.07368421052631578,3,0,0,0.031578947368421054,0.0,0.0,98,7,0.07142857142857142,3,0,0,0.030612244897959183,0.0,0.0,349.29989300000005,196.8680429999998,0.5636075101803704,233.31199999999987,49,4.761469387755099,87130029b5443647ed1f1febd32ab768bf957a0a1698217eb3cf14b2d00c6ecf,399,813305df29a17aa0c75bdbeaded89dc0a5be7479bbbd105260df4a53991b6420,cf67d57f910d080b9ce5e3220efcf0f2df2f8912dedbc2454cce65b381808791
s18,s1803b,O0_4_LR_vad_only_inside,95,7,0.07368421052631578,3,0,0,0.031578947368421054,0.0,0.0,98,7,0.07142857142857142,3,0,0,0.030612244897959183,0.0,0.0,349.29989300000005,192.51705099999984,0.5511511880136757,227.37199999999982,49,4.64024489795918,87130029b5443647ed1f1febd32ab768bf957a0a1698217eb3cf14b2d00c6ecf,399,a7cd42d5707141fd727d266b3923517ef5646ac2b64f801d873870bbdc5a5475,e8c16ed567d00bca627899ab4a4e88d4b3472da2df30b7329287aa2e0510b060
s18,s1803b,O0_4_LR_vad_only_gt20ms,95,7,0.07368421052631578,3,0,0,0.031578947368421054,0.0,0.0,98,7,0.07142857142857142,3,0,0,0.030612244897959183,0.0,0.0,349.29989300000005,197.0674069999998,0.5641782632896477,233.48399999999984,49,4.764979591836731,87130029b5443647ed1f1febd32ab768bf957a0a1698217eb3cf14b2d00c6ecf,399,10f05aaab4094574d6333c1023b1bd96c3cf335b0e9adfdd3667ac3745dfda28,402a20489297c7495d9d3ebee71321c425aed597fe1582db05443b909686db0e
s18,s1803b,O0_4_LR_vad_only_gt50ms,95,6,0.06315789473684211,2,0,0,0.021052631578947368,0.0,0.0,98,6,0.061224489795918366,2,0,0,0.02040816326530612,0.0,0.0,349.29989300000005,198.27346499999982,0.5676310499184716,235.17199999999983,49,4.799428571428568,87130029b5443647ed1f1febd32ab768bf957a0a1698217eb3cf14b2d00c6ecf,399,ccfcee2bcb6353ad89ee7abf17f4ec308983978e55a5a202a092988777f9f845,0254723b3416daf66c4df8ba3a3dd032bf8e72b52e5d087d0bfb684956d5ab39
s18,s1803b,O0_4_LR_all_inside,95,8,0.08421052631578947,4,0,0,0.042105263157894736,0.0,0.0,98,8,0.08163265306122448,4,0,0,0.04081632653061224,0.0,0.0,349.29989300000005,193.79138799999984,0.5547994485071308,228.3479999999998,49,4.660163265306118,87130029b5443647ed1f1febd32ab768bf957a0a1698217eb3cf14b2d00c6ecf,399,d936a98e0b96748e46907a2b90b4260fbb604903394a7a247689eb2ffcf31cc0,6c571111a0449cca41653961d4ece6d086ab27826376ff386583c2671832abb4
s18,s1803b,O0_4_LR_all_gt20ms,95,6,0.06315789473684211,3,0,0,0.031578947368421054,0.0,0.0,98,6,0.061224489795918366,3,0,0,0.030612244897959183,0.0,0.0,349.29989300000005,195.24636799999982,0.5589648663304909,230.85999999999984,49,4.711428571428568,87130029b5443647ed1f1febd32ab768bf957a0a1698217eb3cf14b2d00c6ecf,399,38a05eb6a6b44165159eb42297c44f7adc55839e15d63651034e92fc3c062392,80304ec6b39db2120c910b1bce6b24e8dad6b6c7046ee1ba087206144c088569
s18,s1803b,O0_4_LR_all_gt50ms,95,7,0.07368421052631578,3,0,0,0.031578947368421054,0.0,0.0,98,7,0.07142857142857142,3,0,0,0.030612244897959183,0.0,0.0,349.29989300000005,196.8680429999998,0.5636075101803704,233.31199999999987,49,4.761469387755099,87130029b5443647ed1f1febd32ab768bf957a0a1698217eb3cf14b2d00c6ecf,399,813305df29a17aa0c75bdbeaded89dc0a5be7479bbbd105260df4a53991b6420,cf67d57f910d080b9ce5e3220efcf0f2df2f8912dedbc2454cce65b381808791
s19,s1901a,O0_4,93,5,0.053763440860215055,3,0,0,0.03225806451612903,0.0,0.0,98,6,0.061224489795918366,4,0,0,0.04081632653061224,0.0,0.0,315.94474199999985,229.50980299999955,0.7264238725643982,273.31999999999994,49,5.577959183673468,87130029b5443647ed1f1febd32ab768bf957a0a1698217eb3cf14b2d00c6ecf,278,3474434451f50565d3593d3ef940ff78a818d2876e410c490bcd7c030bc4cb00,f8f68e5d9105072c749d0f39f86b9907892b7fdf792feaa7101f7f464e52b5f8
s19,s1901a,O0_4_LR_rms_waveform_inside,93,5,0.053763440860215055,3,0,0,0.03225806451612903,0.0,0.0,98,6,0.061224489795918366,4,0,0,0.04081632653061224,0.0,0.0,315.94474199999985,228.50980299999955,0.7232587621287259,271.9159999999999,49,5.549306122448977,87130029b5443647ed1f1febd32ab768bf957a0a1698217eb3cf14b2d00c6ecf,278,28ccb9c87d2f871b73278aeef5e70725f3bbf000b34df6f259c9a22e1d8b7418,6be768020489a69b266f8c4760bee42aa81773f3a67dde150d5d4cde15bd4817
s19,s1901a,O0_4_LR_rms_waveform_gt20ms,93,5,0.053763440860215055,3,0,0,0.03225806451612903,0.0,0.0,98,6,0.061224489795918366,4,0,0,0.04081632653061224,0.0,0.0,315.94474199999985,229.50980299999955,0.7264238725643982,273.31999999999994,49,5.577959183673468,87130029b5443647ed1f1febd32ab768bf957a0a1698217eb3cf14b2d00c6ecf,278,3474434451f50565d3593d3ef940ff78a818d2876e410c490bcd7c030bc4cb00,f8f68e5d9105072c749d0f39f86b9907892b7fdf792feaa7101f7f464e52b5f8
s19,s1901a,O0_4_LR_rms_waveform_gt50ms,93,5,0.053763440860215055,3,0,0,0.03225806451612903,0.0,0.0,98,6,0.061224489795918366,4,0,0,0.04081632653061224,0.0,0.0,315.94474199999985,229.50980299999955,0.7264238725643982,273.31999999999994,49,5.577959183673468,87130029b5443647ed1f1febd32ab768bf957a0a1698217eb3cf14b2d00c6ecf,278,3474434451f50565d3593d3ef940ff78a818d2876e410c490bcd7c030bc4cb00,f8f68e5d9105072c749d0f39f86b9907892b7fdf792feaa7101f7f464e52b5f8
s19,s1901a,O0_4_LR_vad_only_inside,93,5,0.053763440860215055,3,0,0,0.03225806451612903,0.0,0.0,98,6,0.061224489795918366,4,0,0,0.04081632653061224,0.0,0.0,315.94474199999985,225.9785899999995,0.7152471934475163,268.39599999999984,49,5.477469387755099,87130029b5443647ed1f1febd32ab768bf957a0a1698217eb3cf14b2d00c6ecf,278,518b7ba5a817699f88b38c00e95eb58c6b9195b5c29d0da9da6abb161f9d8baf,fdd238c1b7544c4289356071715b4c50a3adfa2067e4ed269cac34ca4e7ff778
s19,s1901a,O0_4_LR_vad_only_gt20ms,93,5,0.053763440860215055,3,0,0,0.03225806451612903,0.0,0.0,98,6,0.061224489795918366,4,0,0,0.04081632653061224,0.0,0.0,315.94474199999985,229.1154199999995,0.7251756068154462,272.6639999999999,49,5.564571428571426,87130029b5443647ed1f1febd32ab768bf957a0a1698217eb3cf14b2d00c6ecf,278,33e2477c2be71d36f54d96285b97cfb3cc22b74dd4bbb63af5cc05bab4875f0b,f06af437d1d030f509683478b86ece8808a10e20885140dc3890dc47ac9c1d14
s19,s1901a,O0_4_LR_vad_only_gt50ms,94,5,0.05319148936170213,3,0,0,0.031914893617021274,0.0,0.0,100,6,0.06,4,0,0,0.04,0.0,0.0,315.94474199999985,230.91980299999958,0.7308866782786962,275.29599999999994,50,5.505919999999999,87130029b5443647ed1f1febd32ab768bf957a0a1698217eb3cf14b2d00c6ecf,278,398cf1eafb6e8dd743f07678bc0aa8d4a0c0b405d89673741bd4e1c90cea5e0c,4da9f6775600282cc383167b67732abaa031de93b62753fcbd154888fdaf7ac8
s19,s1901a,O0_4_LR_all_inside,93,5,0.053763440860215055,3,0,0,0.03225806451612903,0.0,0.0,98,6,0.061224489795918366,4,0,0,0.04081632653061224,0.0,0.0,315.94474199999985,225.83136899999957,0.7147812227240663,268.7839999999999,49,5.485387755102038,87130029b5443647ed1f1febd32ab768bf957a0a1698217eb3cf14b2d00c6ecf,278,44bfc45104e9affa0bf640798fd677a2fbe1d5e7d46eb3c22aa61a487e16d42c,993bae448c41fcc6397709b648963be14af55e7dd267d642abd128110f544c36
s19,s1901a,O0_4_LR_all_gt20ms,93,5,0.053763440860215055,3,0,0,0.03225806451612903,0.0,0.0,98,6,0.061224489795918366,4,0,0,0.04081632653061224,0.0,0.0,315.94474199999985,229.50980299999955,0.7264238725643982,273.31999999999994,49,5.577959183673468,87130029b5443647ed1f1febd32ab768bf957a0a1698217eb3cf14b2d00c6ecf,278,3474434451f50565d3593d3ef940ff78a818d2876e410c490bcd7c030bc4cb00,f8f68e5d9105072c749d0f39f86b9907892b7fdf792feaa7101f7f464e52b5f8
s19,s1901a,O0_4_LR_all_gt50ms,93,5,0.053763440860215055,3,0,0,0.03225806451612903,0.0,0.0,98,6,0.061224489795918366,4,0,0,0.04081632653061224,0.0,0.0,315.94474199999985,229.50980299999955,0.7264238725643982,273.31999999999994,49,5.577959183673468,87130029b5443647ed1f1febd32ab768bf957a0a1698217eb3cf14b2d00c6ecf,278,3474434451f50565d3593d3ef940ff78a818d2876e410c490bcd7c030bc4cb00,f8f68e5d9105072c749d0f39f86b9907892b7fdf792feaa7101f7f464e52b5f8
s19,s1902a,O0_4,98,5,0.05102040816326531,2,0,0,0.02040816326530612,0.0,0.0,102,5,0.049019607843137254,2,0,0,0.0196078431372549,0.0,0.0,314.40116800000015,239.42574400000038,0.7615294355395024,287.4039999999998,51,5.635372549019604,87130029b5443647ed1f1febd32ab768bf957a0a1698217eb3cf14b2d00c6ecf,266,0722c51b7be5c329ee9d7777b78d3c21f293554a9a9da84787d9d4e61e0f9268,b06250f4440bf45865cb8e31422242d46a5cee78edeae9218415c7655e15d34b
s19,s1902a,O0_4_LR_rms_waveform_inside,97,5,0.05154639175257732,2,0,0,0.020618556701030927,0.0,0.0,100,5,0.05,2,0,0,0.02,0.0,0.0,314.40116800000015,234.3279420000003,0.7453151128242633,279.3479999999998,50,5.586959999999996,87130029b5443647ed1f1febd32ab768bf957a0a1698217eb3cf14b2d00c6ecf,266,767b9e8d421efe1c8999a03168b88664b85c6c5bb55a8beaed672463a548fd95,12d9daa858331e84024de8b8fd82f69ec572f264b29e457917b3455e3dd3af14
s19,s1902a,O0_4_LR_rms_waveform_gt20ms,97,5,0.05154639175257732,2,0,0,0.020618556701030927,0.0,0.0,100,5,0.05,2,0,0,0.02,0.0,0.0,314.40116800000015,233.86106800000027,0.7438301501475343,278.75999999999976,50,5.575199999999995,87130029b5443647ed1f1febd32ab768bf957a0a1698217eb3cf14b2d00c6ecf,266,007ec53fe1c59bf2eeef7cebd982e91de9148365e273811fb19308d654c16f82,1068d3e2a3f7345cce014ec596b94d0e3bff77a67542704f27d49e9e20c7e42f
s19,s1902a,O0_4_LR_rms_waveform_gt50ms,98,6,0.061224489795918366,3,0,0,0.030612244897959183,0.0,0.0,102,6,0.058823529411764705,3,0,0,0.029411764705882353,0.0,0.0,314.40116800000015,237.10092400000036,0.7541349973610793,283.3159999999999,51,5.555215686274508,87130029b5443647ed1f1febd32ab768bf957a0a1698217eb3cf14b2d00c6ecf,266,e1a7b2526d8639c44bfabb01d5ac36e50aed67ee6b14da6603a03d747d82c429,dd69a996cce3a54c99eb4c1cd154fc9ed5c094ab92e620409cf45658b93f3b35
s19,s1902a,O0_4_LR_vad_only_inside,97,4,0.041237113402061855,1,0,0,0.010309278350515464,0.0,0.0,100,4,0.04,1,0,0,0.01,0.0,0.0,314.40116800000015,235.06331400000033,0.7476540736006433,280.29999999999967,50,5.605999999999994,87130029b5443647ed1f1febd32ab768bf957a0a1698217eb3cf14b2d00c6ecf,266,391b744f426cbf5d0f86995bfa393175d0f8a2016677626aa8002e072c2891e4,d8ad412eef7ce4f5724e01df1c26a27986db6a628ab9f7da83a6cb03ec5b50f5
s19,s1902a,O0_4_LR_vad_only_gt20ms,98,5,0.05102040816326531,2,0,0,0.02040816326530612,0.0,0.0,102,5,0.049019607843137254,2,0,0,0.0196078431372549,0.0,0.0,314.40116800000015,238.92039500000035,0.7599220973632014,286.02399999999983,51,5.608313725490193,87130029b5443647ed1f1febd32ab768bf957a0a1698217eb3cf14b2d00c6ecf,266,0a8d096fe2c4aff5eda24816a950b1bf2c014889b858ed6719140a8d38196f59,b15d55fef8b9fe9524ab7d28a8375c220267e2360fb8eee58d0f489c6dbbe8f6
s19,s1902a,O0_4_LR_vad_only_gt50ms,98,5,0.05102040816326531,2,0,0,0.02040816326530612,0.0,0.0,102,5,0.049019607843137254,2,0,0,0.0196078431372549,0.0,0.0,314.40116800000015,239.42574400000038,0.7615294355395024,287.4039999999998,51,5.635372549019604,87130029b5443647ed1f1febd32ab768bf957a0a1698217eb3cf14b2d00c6ecf,266,0722c51b7be5c329ee9d7777b78d3c21f293554a9a9da84787d9d4e61e0f9268,b06250f4440bf45865cb8e31422242d46a5cee78edeae9218415c7655e15d34b
s19,s1902a,O0_4_LR_all_inside,97,4,0.041237113402061855,1,0,0,0.010309278350515464,0.0,0.0,100,4,0.04,1,0,0,0.01,0.0,0.0,314.40116800000015,233.62547200000034,0.7430808017863351,278.5919999999997,50,5.571839999999994,87130029b5443647ed1f1febd32ab768bf957a0a1698217eb3cf14b2d00c6ecf,266,195e348ffce0d0b8a817146a028ee2b796ed5861be9ebfa4ef4fe7107f499982,b8e2726388887167c72284c1a0563cd11f16a0a0dc0d4c51b28e3bbe0b444291
s19,s1902a,O0_4_LR_all_gt20ms,97,5,0.05154639175257732,2,0,0,0.020618556701030927,0.0,0.0,100,5,0.05,2,0,0,0.02,0.0,0.0,314.40116800000015,233.86106800000027,0.7438301501475343,278.44799999999975,50,5.568959999999995,87130029b5443647ed1f1febd32ab768bf957a0a1698217eb3cf14b2d00c6ecf,266,c6fb392e32ff01ebc398a85564df8a1f1c3a4c8fe936ce293a9d9f14a6d13603,b6409ef8c5b1e86c3db7269e77ad19fbfe9495d8114469c17fd15bf0d2e01702
s19,s1902a,O0_4_LR_all_gt50ms,98,6,0.061224489795918366,3,0,0,0.030612244897959183,0.0,0.0,102,6,0.058823529411764705,3,0,0,0.029411764705882353,0.0,0.0,314.40116800000015,237.10092400000036,0.7541349973610793,283.3159999999999,51,5.555215686274508,87130029b5443647ed1f1febd32ab768bf957a0a1698217eb3cf14b2d00c6ecf,266,e1a7b2526d8639c44bfabb01d5ac36e50aed67ee6b14da6603a03d747d82c429,dd69a996cce3a54c99eb4c1cd154fc9ed5c094ab92e620409cf45658b93f3b35
s19,s1902b,O0_4,80,9,0.1125,3,0,0,0.0375,0.0,0.0,84,11,0.13095238095238096,4,0,0,0.047619047619047616,0.0,0.0,303.7564060000003,184.6368830000002,0.6078452317479686,218.604,42,5.2048571428571435,87130029b5443647ed1f1febd32ab768bf957a0a1698217eb3cf14b2d00c6ecf,318,0d6e01ffcaf8ed80793129e1c0c06f0d8987ffea6907196f9b674548512f40f6,ab1baa598c059b5bb8e0a73eb9f74f20bac077dbaec4e308549e230c4c9210c1
s19,s1902b,O0_4_LR_rms_waveform_inside,80,9,0.1125,3,0,0,0.0375,0.0,0.0,84,11,0.13095238095238096,4,0,0,0.047619047619047616,0.0,0.0,303.7564060000003,181.44885700000015,0.5973498942438763,213.62800000000007,42,5.086380952380954,87130029b5443647ed1f1febd32ab768bf957a0a1698217eb3cf14b2d00c6ecf,318,85b68ebd66e4feea5b018c538093454c5f43d1ba9e685d6a74314e1507d57d4b,328a872521d3fe0323f048fb4370747df727d1dde40b854bc9daca0e97188d11
s19,s1902b,O0_4_LR_rms_waveform_gt20ms,81,9,0.1111111111111111,3,0,0,0.037037037037037035,0.0,0.0,86,11,0.12790697674418605,4,0,0,0.046511627906976744,0.0,0.0,303.7564060000003,185.01152800000014,0.6090786049134382,218.21600000000007,43,5.07479069767442,87130029b5443647ed1f1febd32ab768bf957a0a1698217eb3cf14b2d00c6ecf,318,26a957ace41a49fbbcb005e14f07f5dfdb6d3135ec05f66d50538b2bcaa36adb,975144cfce2e9d6a6dd93cd617d6f0ef255f13046c356be286deca5d2caaa263
s19,s1902b,O0_4_LR_rms_waveform_gt50ms,81,9,0.1111111111111111,3,0,0,0.037037037037037035,0.0,0.0,86,11,0.12790697674418605,4,0,0,0.046511627906976744,0.0,0.0,303.7564060000003,186.47626300000022,0.6139006760568534,220.56400000000002,43,5.1293953488372095,87130029b5443647ed1f1febd32ab768bf957a0a1698217eb3cf14b2d00c6ecf,318,23b605b84ef604bfb74c084ad31dce59ac8d0fe5addba55df1238831af272c58,ed52bb257c67f7200f479437a1b49beace5b51844dca592cbbc219c6b64a9182
s19,s1902b,O0_4_LR_vad_only_inside,80,9,0.1125,3,0,0,0.0375,0.0,0.0,84,11,0.13095238095238096,4,0,0,0.047619047619047616,0.0,0.0,303.7564060000003,182.63311800000014,0.6012486136670973,215.10800000000006,42,5.121619047619049,87130029b5443647ed1f1febd32ab768bf957a0a1698217eb3cf14b2d00c6ecf,318,03a41f99a5debdb289ba936b8c989dc8c8e01dedf099d934af9c6d98469aebad,fe3c6b143106e80bf260fccc8c36cb477ca0c640389c4590ee0ef107dd7784c5
s19,s1902b,O0_4_LR_vad_only_gt20ms,80,9,0.1125,3,0,0,0.0375,0.0,0.0,84,11,0.13095238095238096,4,0,0,0.047619047619047616,0.0,0.0,303.7564060000003,184.6368830000002,0.6078452317479686,218.36,42,5.19904761904762,87130029b5443647ed1f1febd32ab768bf957a0a1698217eb3cf14b2d00c6ecf,318,f34e52f93be07b30ab4a3afe9bd4dc5f108c014f0756f34342812a97ac65bee6,13e6bb3c9385a4a46bb5b7dd9bf439ceaca4cf1d2a89be713863609afd496c33
s19,s1902b,O0_4_LR_vad_only_gt50ms,81,9,0.1111111111111111,3,0,0,0.037037037037037035,0.0,0.0,86,11,0.12790697674418605,4,0,0,0.046511627906976744,0.0,0.0,303.7564060000003,186.47626300000022,0.6139006760568534,220.80800000000002,43,5.135069767441861,87130029b5443647ed1f1febd32ab768bf957a0a1698217eb3cf14b2d00c6ecf,318,1259b04714275f78e322c4192822bfd80710aeb5a7cc7b022f1b1fcc4d22b322,712f3e8ae008861c99f204c00666005af0eeb865868af347f38c41dab6c78e72
s19,s1902b,O0_4_LR_all_inside,80,9,0.1125,3,0,0,0.0375,0.0,0.0,84,11,0.13095238095238096,4,0,0,0.047619047619047616,0.0,0.0,303.7564060000003,181.44885700000015,0.5973498942438763,213.62800000000007,42,5.086380952380954,87130029b5443647ed1f1febd32ab768bf957a0a1698217eb3cf14b2d00c6ecf,318,85b68ebd66e4feea5b018c538093454c5f43d1ba9e685d6a74314e1507d57d4b,328a872521d3fe0323f048fb4370747df727d1dde40b854bc9daca0e97188d11
s19,s1902b,O0_4_LR_all_gt20ms,80,9,0.1125,3,0,0,0.0375,0.0,0.0,84,11,0.13095238095238096,4,0,0,0.047619047619047616,0.0,0.0,303.7564060000003,182.63311800000014,0.6012486136670973,215.10800000000006,42,5.121619047619049,87130029b5443647ed1f1febd32ab768bf957a0a1698217eb3cf14b2d00c6ecf,318,03a41f99a5debdb289ba936b8c989dc8c8e01dedf099d934af9c6d98469aebad,fe3c6b143106e80bf260fccc8c36cb477ca0c640389c4590ee0ef107dd7784c5
s19,s1902b,O0_4_LR_all_gt50ms,81,9,0.1111111111111111,3,0,0,0.037037037037037035,0.0,0.0,86,11,0.12790697674418605,4,0,0,0.046511627906976744,0.0,0.0,303.7564060000003,186.47626300000022,0.6139006760568534,220.56400000000002,43,5.1293953488372095,87130029b5443647ed1f1febd32ab768bf957a0a1698217eb3cf14b2d00c6ecf,318,23b605b84ef604bfb74c084ad31dce59ac8d0fe5addba55df1238831af272c58,ed52bb257c67f7200f479437a1b49beace5b51844dca592cbbc219c6b64a9182
s19,s1904a,O0_4,76,6,0.07894736842105263,3,0,0,0.039473684210526314,0.0,0.0,78,7,0.08974358974358974,4,0,0,0.05128205128205128,0.0,0.0,310.3453850000004,181.3019260000001,0.584194045611472,212.62799999999987,39,5.451999999999996,87130029b5443647ed1f1febd32ab768bf957a0a1698217eb3cf14b2d00c6ecf,341,15aceaf96e9a5ccd1e3f61de4ddea9eeb0a609af9d6c1febe1983c0a8c87d652,b4faf10d53e1afdedbce65e67a651f2593a854ac0a53d958432fc8e13c6f1fa0
s19,s1904a,O0_4_LR_rms_waveform_inside,76,6,0.07894736842105263,3,0,0,0.039473684210526314,0.0,0.0,78,7,0.08974358974358974,4,0,0,0.05128205128205128,0.0,0.0,310.3453850000004,178.70235400000007,0.575817661989721,209.14799999999985,39,5.362769230769227,87130029b5443647ed1f1febd32ab768bf957a0a1698217eb3cf14b2d00c6ecf,341,956633a9b90263815733ebea9cda67b1831e02ce22f59e05d12630a2295b66a7,dba467a5fd02092da4c8baf44a3661db02d20717b40017dfb5a5eeb7c6686032
s19,s1904a,O0_4_LR_rms_waveform_gt20ms,76,6,0.07894736842105263,3,0,0,0.039473684210526314,0.0,0.0,78,7,0.08974358974358974,4,0,0,0.05128205128205128,0.0,0.0,310.3453850000004,180.57096700000008,0.5818387375085338,211.43599999999986,39,5.421435897435894,87130029b5443647ed1f1febd32ab768bf957a0a1698217eb3cf14b2d00c6ecf,341,1787a76b6cab9a6fcce2238ce80df886ea2a61f435a12e6d5054b16ebfd5d140,260ef5c508dd240a5fc44db083f0bc972ea19d73c0d90681b2985a91b2a85c88
s19,s1904a,O0_4_LR_rms_waveform_gt50ms,76,6,0.07894736842105263,3,0,0,0.039473684210526314,0.0,0.0,78,7,0.08974358974358974,4,0,0,0.05128205128205128,0.0,0.0,310.3453850000004,180.9098170000001,0.5829305855474534,212.0239999999999,39,5.436512820512817,87130029b5443647ed1f1febd32ab768bf957a0a1698217eb3cf14b2d00c6ecf,341,2eb29d8fa663227b11e7026c5e4a259bade2ee7db1b23a81fda58700ff34b5d9,e23e8faa5e9fd9d6994bd025d7b4ca19da1f3c3913b5642495aa516cda840419
s19,s1904a,O0_4_LR_vad_only_inside,76,6,0.07894736842105263,3,0,0,0.039473684210526314,0.0,0.0,78,7,0.08974358974358974,4,0,0,0.05128205128205128,0.0,0.0,310.3453850000004,178.64492100000007,0.5756326004332232,208.88799999999986,39,5.356102564102561,87130029b5443647ed1f1febd32ab768bf957a0a1698217eb3cf14b2d00c6ecf,341,280f3c39460b902ddf2ac47d8c36d0e34c4611416db605d835e1daedea85319b,81b60998bbe61c91bc3ab4660d042ebcf7440e17d8e24c76e2b631b91bdd5805
s19,s1904a,O0_4_LR_vad_only_gt20ms,76,6,0.07894736842105263,3,0,0,0.039473684210526314,0.0,0.0,78,7,0.08974358974358974,4,0,0,0.05128205128205128,0.0,0.0,310.3453850000004,180.06127600000008,0.5801964027916827,210.56799999999987,39,5.399179487179484,87130029b5443647ed1f1febd32ab768bf957a0a1698217eb3cf14b2d00c6ecf,341,3dc0237e9f7af1693de2f88b2063ed643589355ab4a01ed0f73768756aef72b4,13d0f7bff4fd0b5fbe0ef81696f046ab41140bc4528734fe0d86e729209eaa7c
s19,s1904a,O0_4_LR_vad_only_gt50ms,76,6,0.07894736842105263,3,0,0,0.039473684210526314,0.0,0.0,78,7,0.08974358974358974,4,0,0,0.05128205128205128,0.0,0.0,310.3453850000004,181.3019260000001,0.584194045611472,212.62799999999987,39,5.451999999999996,87130029b5443647ed1f1febd32ab768bf957a0a1698217eb3cf14b2d00c6ecf,341,15aceaf96e9a5ccd1e3f61de4ddea9eeb0a609af9d6c1febe1983c0a8c87d652,b4faf10d53e1afdedbce65e67a651f2593a854ac0a53d958432fc8e13c6f1fa0
s19,s1904a,O0_4_LR_all_inside,76,6,0.07894736842105263,3,0,0,0.039473684210526314,0.0,0.0,78,7,0.08974358974358974,4,0,0,0.05128205128205128,0.0,0.0,310.3453850000004,178.70235400000007,0.575817661989721,208.96799999999988,39,5.358153846153843,87130029b5443647ed1f1febd32ab768bf957a0a1698217eb3cf14b2d00c6ecf,341,b9a6677a2c5edd0529a3e9a015ffcaae97b6c925a541a6a7800ac4f2e7200300,5b1b7dc9534251cb52f28e29bc2f7dab8c0f8bbd8032f46bc35eb6b848e4a040
s19,s1904a,O0_4_LR_all_gt20ms,76,6,0.07894736842105263,3,0,0,0.039473684210526314,0.0,0.0,78,7,0.08974358974358974,4,0,0,0.05128205128205128,0.0,0.0,310.3453850000004,180.11870900000008,0.5803814643481805,210.64799999999988,39,5.401230769230766,87130029b5443647ed1f1febd32ab768bf957a0a1698217eb3cf14b2d00c6ecf,341,6d53cbb2d6bcd226e5ca846aed6023ac6346231176a5907593b2e26c185210b6,9b5d6815a921fcd80301bf793236128b4c00570383d4f1acff546966022ee551
s19,s1904a,O0_4_LR_all_gt50ms,76,6,0.07894736842105263,3,0,0,0.039473684210526314,0.0,0.0,78,7,0.08974358974358974,4,0,0,0.05128205128205128,0.0,0.0,310.3453850000004,180.9098170000001,0.5829305855474534,212.0239999999999,39,5.436512820512817,87130029b5443647ed1f1febd32ab768bf957a0a1698217eb3cf14b2d00c6ecf,341,2eb29d8fa663227b11e7026c5e4a259bade2ee7db1b23a81fda58700ff34b5d9,e23e8faa5e9fd9d6994bd025d7b4ca19da1f3c3913b5642495aa516cda840419
s19,s1904b,O0_4,80,13,0.1625,5,1,0,0.0625,0.0125,0.0,82,13,0.15853658536585366,5,1,0,0.06097560975609756,0.012195121951219513,0.0,320.27711800000003,186.43655200000032,0.5821101212731666,217.312,41,5.3002926829268295,87130029b5443647ed1f1febd32ab768bf957a0a1698217eb3cf14b2d00c6ecf,311,6b86d024f5ddb1ec5015c17dbd24c89ec6bfa742cfc24cbda379f60a002bf5cb,09eec3fa7f1af4cebd73c42d42049d3a184461ecaf60fc85acfa2c5a2c3f81b3
s19,s1904b,O0_4_LR_rms_waveform_inside,80,13,0.1625,5,1,0,0.0625,0.0125,0.0,82,13,0.15853658536585366,5,1,0,0.06097560975609756,0.012195121951219513,0.0,320.27711800000003,185.24884800000032,0.57840175769285,215.84000000000003,41,5.26439024390244,87130029b5443647ed1f1febd32ab768bf957a0a1698217eb3cf14b2d00c6ecf,311,149ab5ccc3fe0035d715bcb71e83edc446d61aeace25ca6dc6d9f64cd073c240,67f7007998b5129134521ee545fa1f14b0e0689310b95b05c51043ec90848297
s19,s1904b,O0_4_LR_rms_waveform_gt20ms,80,13,0.1625,5,1,0,0.0625,0.0125,0.0,82,13,0.15853658536585366,5,1,0,0.06097560975609756,0.012195121951219513,0.0,320.27711800000003,185.24884800000032,0.57840175769285,215.84000000000003,41,5.26439024390244,87130029b5443647ed1f1febd32ab768bf957a0a1698217eb3cf14b2d00c6ecf,311,149ab5ccc3fe0035d715bcb71e83edc446d61aeace25ca6dc6d9f64cd073c240,67f7007998b5129134521ee545fa1f14b0e0689310b95b05c51043ec90848297
s19,s1904b,O0_4_LR_rms_waveform_gt50ms,80,13,0.1625,5,1,0,0.0625,0.0125,0.0,82,13,0.15853658536585366,5,1,0,0.06097560975609756,0.012195121951219513,0.0,320.27711800000003,185.24884800000032,0.57840175769285,215.84000000000003,41,5.26439024390244,87130029b5443647ed1f1febd32ab768bf957a0a1698217eb3cf14b2d00c6ecf,311,149ab5ccc3fe0035d715bcb71e83edc446d61aeace25ca6dc6d9f64cd073c240,67f7007998b5129134521ee545fa1f14b0e0689310b95b05c51043ec90848297
s19,s1904b,O0_4_LR_vad_only_inside,80,15,0.1875,6,1,0,0.075,0.0125,0.0,82,15,0.18292682926829268,6,1,0,0.07317073170731707,0.012195121951219513,0.0,320.27711800000003,184.82780800000026,0.5770871461382397,215.36399999999998,41,5.252780487804878,87130029b5443647ed1f1febd32ab768bf957a0a1698217eb3cf14b2d00c6ecf,311,0e15e187c37c463eb07e00162b6e1cba392e4f7553b632a933af87080a9af12b,bb9c5e2ff844c1710bcc03219f9630919840116dc9b5fc812799a4043f97391d
s19,s1904b,O0_4_LR_vad_only_gt20ms,80,14,0.175,6,1,0,0.075,0.0125,0.0,82,14,0.17073170731707318,6,1,0,0.07317073170731707,0.012195121951219513,0.0,320.27711800000003,185.74811800000035,0.57996062647223,216.35600000000005,41,5.276975609756099,87130029b5443647ed1f1febd32ab768bf957a0a1698217eb3cf14b2d00c6ecf,311,3723900fc6a346d653cbc94f7728400fe2ce1ef561b75ae3b35bca342755e203,094f8b5d9acd6b23cbc9b0e88acb785b832c24654c45f5463a6d8e98e71be00d
s19,s1904b,O0_4_LR_vad_only_gt50ms,80,13,0.1625,5,1,0,0.0625,0.0125,0.0,82,13,0.15853658536585366,5,1,0,0.06097560975609756,0.012195121951219513,0.0,320.27711800000003,186.43655200000032,0.5821101212731666,217.06,41,5.2941463414634145,87130029b5443647ed1f1febd32ab768bf957a0a1698217eb3cf14b2d00c6ecf,311,0c768bc28aca81bc99ce19c21617465e0bea888fa57133627cf3979aef715b1b,04d07982c3857295cecb3cd14d295892dcb4d34211e8ae27627d589aadafc093
s19,s1904b,O0_4_LR_all_inside,80,13,0.1625,5,1,0,0.0625,0.0125,0.0,82,13,0.15853658536585366,5,1,0,0.06097560975609756,0.012195121951219513,0.0,320.27711800000003,185.24884800000032,0.57840175769285,215.84000000000003,41,5.26439024390244,87130029b5443647ed1f1febd32ab768bf957a0a1698217eb3cf14b2d00c6ecf,311,149ab5ccc3fe0035d715bcb71e83edc446d61aeace25ca6dc6d9f64cd073c240,67f7007998b5129134521ee545fa1f14b0e0689310b95b05c51043ec90848297
s19,s1904b,O0_4_LR_all_gt20ms,80,13,0.1625,5,1,0,0.0625,0.0125,0.0,82,13,0.15853658536585366,5,1,0,0.06097560975609756,0.012195121951219513,0.0,320.27711800000003,185.24884800000032,0.57840175769285,215.84000000000003,41,5.26439024390244,87130029b5443647ed1f1febd32ab768bf957a0a1698217eb3cf14b2d00c6ecf,311,149ab5ccc3fe0035d715bcb71e83edc446d61aeace25ca6dc6d9f64cd073c240,67f7007998b5129134521ee545fa1f14b0e0689310b95b05c51043ec90848297
s19,s1904b,O0_4_LR_all_gt50ms,80,13,0.1625,5,1,0,0.0625,0.0125,0.0,82,13,0.15853658536585366,5,1,0,0.06097560975609756,0.012195121951219513,0.0,320.27711800000003,185.24884800000032,0.57840175769285,215.84000000000003,41,5.26439024390244,87130029b5443647ed1f1febd32ab768bf957a0a1698217eb3cf14b2d00c6ecf,311,149ab5ccc3fe0035d715bcb71e83edc446d61aeace25ca6dc6d9f64cd073c240,67f7007998b5129134521ee545fa1f14b0e0689310b95b05c51043ec90848297
s20,s2002b,O0_4,33,3,0.09090909090909091,1,0,0,0.030303030303030304,0.0,0.0,34,3,0.08823529411764706,1,0,0,0.029411764705882353,0.0,0.0,126.60653799999977,83.0688649999997,0.6561182882988227,91.70799999999991,17,5.394588235294113,87130029b5443647ed1f1febd32ab768bf957a0a1698217eb3cf14b2d00c6ecf,102,6a317b275e7b0bf1448b1051fc4619ab33f01c2e3726d5a60960d0c6c97a90ca,4e329a200852968b6607736d95c6f6b808fa954ad4537030cc17abee64140d83
s20,s2002b,O0_4_LR_rms_waveform_inside,33,2,0.06060606060606061,0,0,0,0.0,0.0,0.0,34,2,0.058823529411764705,0,0,0,0.0,0.0,0.0,126.60653799999977,82.03208399999977,0.6479292878224023,90.1519999999999,17,5.303058823529406,87130029b5443647ed1f1febd32ab768bf957a0a1698217eb3cf14b2d00c6ecf,102,1f513f452f434e619e809834a6413634c33c14d2e5579d871ed44c4a30a281c3,d48948bf51929e06ac97e6d4f3fc7d8ff3a15e0a431bf520dc3d88fbc2c50537
s20,s2002b,O0_4_LR_rms_waveform_gt20ms,34,3,0.08823529411764706,1,0,0,0.029411764705882353,0.0,0.0,34,3,0.08823529411764706,1,0,0,0.029411764705882353,0.0,0.0,126.60653799999977,81.48571399999975,0.643613791888061,89.6999999999999,17,5.276470588235289,87130029b5443647ed1f1febd32ab768bf957a0a1698217eb3cf14b2d00c6ecf,102,4b98511f39855b734a37ca4b1ba67b8d34be74e5720985dfe2972b157257e04d,548e048cdcbe019bfa9787eea16c663041e04f37d0c729d0340ad150094ef47c
s20,s2002b,O0_4_LR_rms_waveform_gt50ms,34,3,0.08823529411764706,1,0,0,0.029411764705882353,0.0,0.0,34,3,0.08823529411764706,1,0,0,0.029411764705882353,0.0,0.0,126.60653799999977,81.48571399999975,0.643613791888061,89.6999999999999,17,5.276470588235289,87130029b5443647ed1f1febd32ab768bf957a0a1698217eb3cf14b2d00c6ecf,102,4b98511f39855b734a37ca4b1ba67b8d34be74e5720985dfe2972b157257e04d,548e048cdcbe019bfa9787eea16c663041e04f37d0c729d0340ad150094ef47c
s20,s2002b,O0_4_LR_vad_only_inside,33,2,0.06060606060606061,0,0,0,0.0,0.0,0.0,34,2,0.058823529411764705,0,0,0,0.0,0.0,0.0,126.60653799999977,80.45360999999986,0.6354617326318488,88.43199999999987,17,5.201882352941169,87130029b5443647ed1f1febd32ab768bf957a0a1698217eb3cf14b2d00c6ecf,102,b6ff45cf1165a8827fa9a6686f549e84f46e7398b9155f8a524f749e538d9b35,8dbfc204effeefde6bdf3a83794066d9ce07f67a189b80ef3bcd4bc34cedd83b
s20,s2002b,O0_4_LR_vad_only_gt20ms,33,3,0.09090909090909091,1,0,0,0.030303030303030304,0.0,0.0,34,3,0.08823529411764706,1,0,0,0.029411764705882353,0.0,0.0,126.60653799999977,82.84104499999972,0.6543188551605437,91.30799999999991,17,5.371058823529406,87130029b5443647ed1f1febd32ab768bf957a0a1698217eb3cf14b2d00c6ecf,102,13e053e5bb2fddcbc961a1f2bfb76102c2c9fd47718a0d4eb9a0747f44351b6e,c53b756c1ad25a2d5f2eca9f26ddab8df9e927f6ce0eceb9252270230ee4a9f3
s20,s2002b,O0_4_LR_vad_only_gt50ms,33,3,0.09090909090909091,1,0,0,0.030303030303030304,0.0,0.0,34,3,0.08823529411764706,1,0,0,0.029411764705882353,0.0,0.0,126.60653799999977,83.0688649999997,0.6561182882988227,91.70799999999991,17,5.394588235294113,87130029b5443647ed1f1febd32ab768bf957a0a1698217eb3cf14b2d00c6ecf,102,6a317b275e7b0bf1448b1051fc4619ab33f01c2e3726d5a60960d0c6c97a90ca,4e329a200852968b6607736d95c6f6b808fa954ad4537030cc17abee64140d83
s20,s2002b,O0_4_LR_all_inside,34,2,0.058823529411764705,0,0,0,0.0,0.0,0.0,34,2,0.058823529411764705,0,0,0,0.0,0.0,0.0,126.60653799999977,80.67675299999979,0.6372242245499197,88.5439999999999,17,5.208470588235288,87130029b5443647ed1f1febd32ab768bf957a0a1698217eb3cf14b2d00c6ecf,102,aa0353d45de9f7f5de6aad7487752b4d7bd730e1f265b8a6f1ef47db3747418d,cc584421ab2ccf20e860e119f02ac882d341cb1afef61e5fbdcc31e945545495
s20,s2002b,O0_4_LR_all_gt20ms,34,2,0.058823529411764705,0,0,0,0.0,0.0,0.0,34,2,0.058823529411764705,0,0,0,0.0,0.0,0.0,126.60653799999977,80.67675299999979,0.6372242245499197,88.5439999999999,17,5.208470588235288,87130029b5443647ed1f1febd32ab768bf957a0a1698217eb3cf14b2d00c6ecf,102,aa0353d45de9f7f5de6aad7487752b4d7bd730e1f265b8a6f1ef47db3747418d,cc584421ab2ccf20e860e119f02ac882d341cb1afef61e5fbdcc31e945545495
s20,s2002b,O0_4_LR_all_gt50ms,33,3,0.09090909090909091,1,0,0,0.030303030303030304,0.0,0.0,34,3,0.08823529411764706,1,0,0,0.029411764705882353,0.0,0.0,126.60653799999977,82.84104499999972,0.6543188551605437,91.30799999999991,17,5.371058823529406,87130029b5443647ed1f1febd32ab768bf957a0a1698217eb3cf14b2d00c6ecf,102,13e053e5bb2fddcbc961a1f2bfb76102c2c9fd47718a0d4eb9a0747f44351b6e,c53b756c1ad25a2d5f2eca9f26ddab8df9e927f6ce0eceb9252270230ee4a9f3
s20,s2003a,O0_4,26,2,0.07692307692307693,1,0,0,0.038461538461538464,0.0,0.0,28,2,0.07142857142857142,1,0,0,0.03571428571428571,0.0,0.0,124.08455999999993,67.16016399999994,0.5412451315457779,74.73599999999989,14,5.338285714285706,87130029b5443647ed1f1febd32ab768bf957a0a1698217eb3cf14b2d00c6ecf,81,236e2d92f2a511f21ec280f3d75902ce73b53e92a5db3e0e90a2a8631b7e950e,780b26d3f0f63440ebe22b2e718fc05310d6085fd927a4f02195963312309271
s20,s2003a,O0_4_LR_rms_waveform_inside,26,1,0.038461538461538464,0,0,0,0.0,0.0,0.0,28,1,0.03571428571428571,0,0,0,0.0,0.0,0.0,124.08455999999993,66.83695899999994,0.5386404158583468,74.32799999999988,14,5.309142857142848,87130029b5443647ed1f1febd32ab768bf957a0a1698217eb3cf14b2d00c6ecf,81,4fad90fcf8486cbd08268e09b201a8c09da88df58c6786347e8fe85444b7cff9,0ef81b552cd963f2faa67edeb28c9ac1c15341fe572e011ef0696efc5a3cbe6c
s20,s2003a,O0_4_LR_rms_waveform_gt20ms,26,1,0.038461538461538464,0,0,0,0.0,0.0,0.0,28,1,0.03571428571428571,0,0,0,0.0,0.0,0.0,124.08455999999993,66.83695899999994,0.5386404158583468,74.32799999999988,14,5.309142857142848,87130029b5443647ed1f1febd32ab768bf957a0a1698217eb3cf14b2d00c6ecf,81,4fad90fcf8486cbd08268e09b201a8c09da88df58c6786347e8fe85444b7cff9,0ef81b552cd963f2faa67edeb28c9ac1c15341fe572e011ef0696efc5a3cbe6c
s20,s2003a,O0_4_LR_rms_waveform_gt50ms,26,1,0.038461538461538464,0,0,0,0.0,0.0,0.0,28,1,0.03571428571428571,0,0,0,0.0,0.0,0.0,124.08455999999993,66.83695899999994,0.5386404158583468,74.32799999999988,14,5.309142857142848,87130029b5443647ed1f1febd32ab768bf957a0a1698217eb3cf14b2d00c6ecf,81,4fad90fcf8486cbd08268e09b201a8c09da88df58c6786347e8fe85444b7cff9,0ef81b552cd963f2faa67edeb28c9ac1c15341fe572e011ef0696efc5a3cbe6c
s20,s2003a,O0_4_LR_vad_only_inside,26,2,0.07692307692307693,1,0,0,0.038461538461538464,0.0,0.0,28,2,0.07142857142857142,1,0,0,0.03571428571428571,0.0,0.0,124.08455999999993,67.16016399999994,0.5412451315457779,74.73599999999989,14,5.338285714285706,87130029b5443647ed1f1febd32ab768bf957a0a1698217eb3cf14b2d00c6ecf,81,236e2d92f2a511f21ec280f3d75902ce73b53e92a5db3e0e90a2a8631b7e950e,780b26d3f0f63440ebe22b2e718fc05310d6085fd927a4f02195963312309271
s20,s2003a,O0_4_LR_vad_only_gt20ms,26,2,0.07692307692307693,1,0,0,0.038461538461538464,0.0,0.0,28,2,0.07142857142857142,1,0,0,0.03571428571428571,0.0,0.0,124.08455999999993,67.16016399999994,0.5412451315457779,74.73599999999989,14,5.338285714285706,87130029b5443647ed1f1febd32ab768bf957a0a1698217eb3cf14b2d00c6ecf,81,236e2d92f2a511f21ec280f3d75902ce73b53e92a5db3e0e90a2a8631b7e950e,780b26d3f0f63440ebe22b2e718fc05310d6085fd927a4f02195963312309271
s20,s2003a,O0_4_LR_vad_only_gt50ms,26,2,0.07692307692307693,1,0,0,0.038461538461538464,0.0,0.0,28,2,0.07142857142857142,1,0,0,0.03571428571428571,0.0,0.0,124.08455999999993,67.16016399999994,0.5412451315457779,74.73599999999989,14,5.338285714285706,87130029b5443647ed1f1febd32ab768bf957a0a1698217eb3cf14b2d00c6ecf,81,9c4e2007ad19840f7a37824177c23a2d641bc54f47fbe33fd10504f894b70390,0ca56e981128089c2573e2b6df4d3f6a34134b4eb871928673e9f7bec6ee176e
s20,s2003a,O0_4_LR_all_inside,26,1,0.038461538461538464,0,0,0,0.0,0.0,0.0,28,1,0.03571428571428571,0,0,0,0.0,0.0,0.0,124.08455999999993,66.83695899999994,0.5386404158583468,74.32799999999988,14,5.309142857142848,87130029b5443647ed1f1febd32ab768bf957a0a1698217eb3cf14b2d00c6ecf,81,4fad90fcf8486cbd08268e09b201a8c09da88df58c6786347e8fe85444b7cff9,0ef81b552cd963f2faa67edeb28c9ac1c15341fe572e011ef0696efc5a3cbe6c
s20,s2003a,O0_4_LR_all_gt20ms,26,1,0.038461538461538464,0,0,0,0.0,0.0,0.0,28,1,0.03571428571428571,0,0,0,0.0,0.0,0.0,124.08455999999993,66.83695899999994,0.5386404158583468,74.32799999999988,14,5.309142857142848,87130029b5443647ed1f1febd32ab768bf957a0a1698217eb3cf14b2d00c6ecf,81,4fad90fcf8486cbd08268e09b201a8c09da88df58c6786347e8fe85444b7cff9,0ef81b552cd963f2faa67edeb28c9ac1c15341fe572e011ef0696efc5a3cbe6c
s20,s2003a,O0_4_LR_all_gt50ms,26,1,0.038461538461538464,0,0,0,0.0,0.0,0.0,28,1,0.03571428571428571,0,0,0,0.0,0.0,0.0,124.08455999999993,66.83695899999994,0.5386404158583468,74.32799999999988,14,5.309142857142848,87130029b5443647ed1f1febd32ab768bf957a0a1698217eb3cf14b2d00c6ecf,81,4fad90fcf8486cbd08268e09b201a8c09da88df58c6786347e8fe85444b7cff9,0ef81b552cd963f2faa67edeb28c9ac1c15341fe572e011ef0696efc5a3cbe6c
s20,s2003b,O0_4,54,9,0.16666666666666666,6,1,1,0.1111111111111111,0.018518518518518517,0.018518518518518517,58,9,0.15517241379310345,6,1,1,0.10344827586206896,0.017241379310344827,0.017241379310344827,226.11595900000012,162.48827699999995,0.7186059653578006,177.29599999999996,29,6.113655172413792,87130029b5443647ed1f1febd32ab768bf957a0a1698217eb3cf14b2d00c6ecf,151,2373e34c242ab33b8e90d58f3559391e701131da6694a7cee467c34820ae8f38,65e70eb5f646ad2746e4e706c504d2f4454acbfa160fc9537bf3fe4971439c6a
s20,s2003b,O0_4_LR_rms_waveform_inside,54,9,0.16666666666666666,6,1,1,0.1111111111111111,0.018518518518518517,0.018518518518518517,58,9,0.15517241379310345,6,1,1,0.10344827586206896,0.017241379310344827,0.017241379310344827,226.11595900000012,161.91274799999994,0.7160606828286713,176.55199999999996,29,6.087999999999999,87130029b5443647ed1f1febd32ab768bf957a0a1698217eb3cf14b2d00c6ecf,151,4c94227fa738f7d9ae220e0540f813bc26ddd2e5d00b1870d3242629d2142d15,3d0d2dd683bb854fdce89cc30ae2c1f3a5743245406560602a417428feed5bf0
s20,s2003b,O0_4_LR_rms_waveform_gt20ms,54,9,0.16666666666666666,6,1,1,0.1111111111111111,0.018518518518518517,0.018518518518518517,58,9,0.15517241379310345,6,1,1,0.10344827586206896,0.017241379310344827,0.017241379310344827,226.11595900000012,161.91274799999994,0.7160606828286713,176.55199999999996,29,6.087999999999999,87130029b5443647ed1f1febd32ab768bf957a0a1698217eb3cf14b2d00c6ecf,151,4c94227fa738f7d9ae220e0540f813bc26ddd2e5d00b1870d3242629d2142d15,3d0d2dd683bb854fdce89cc30ae2c1f3a5743245406560602a417428feed5bf0
s20,s2003b,O0_4_LR_rms_waveform_gt50ms,54,9,0.16666666666666666,6,1,1,0.1111111111111111,0.018518518518518517,0.018518518518518517,58,9,0.15517241379310345,6,1,1,0.10344827586206896,0.017241379310344827,0.017241379310344827,226.11595900000012,161.91274799999994,0.7160606828286713,176.55199999999996,29,6.087999999999999,87130029b5443647ed1f1febd32ab768bf957a0a1698217eb3cf14b2d00c6ecf,151,4c94227fa738f7d9ae220e0540f813bc26ddd2e5d00b1870d3242629d2142d15,3d0d2dd683bb854fdce89cc30ae2c1f3a5743245406560602a417428feed5bf0
s20,s2003b,O0_4_LR_vad_only_inside,54,9,0.16666666666666666,6,1,1,0.1111111111111111,0.018518518518518517,0.018518518518518517,58,9,0.15517241379310345,6,1,1,0.10344827586206896,0.017241379310344827,0.017241379310344827,226.11595900000012,161.91274799999994,0.7160606828286713,176.29999999999995,29,6.079310344827585,87130029b5443647ed1f1febd32ab768bf957a0a1698217eb3cf14b2d00c6ecf,151,6517e41bcf7d5766ac0c4ed84e459cc5e136b00bf7eb79ff8d3c44845854d2b6,649364eedc6a5a0725dab6a419852c8cd5edf11f157338344a19dde32b71e81b
s20,s2003b,O0_4_LR_vad_only_gt20ms,54,9,0.16666666666666666,6,1,1,0.1111111111111111,0.018518518518518517,0.018518518518518517,58,9,0.15517241379310345,6,1,1,0.10344827586206896,0.017241379310344827,0.017241379310344827,226.11595900000012,161.91274799999994,0.7160606828286713,176.55199999999996,29,6.087999999999999,87130029b5443647ed1f1febd32ab768bf957a0a1698217eb3cf14b2d00c6ecf,151,4c94227fa738f7d9ae220e0540f813bc26ddd2e5d00b1870d3242629d2142d15,3d0d2dd683bb854fdce89cc30ae2c1f3a5743245406560602a417428feed5bf0
s20,s2003b,O0_4_LR_vad_only_gt50ms,54,9,0.16666666666666666,6,1,1,0.1111111111111111,0.018518518518518517,0.018518518518518517,58,9,0.15517241379310345,6,1,1,0.10344827586206896,0.017241379310344827,0.017241379310344827,226.11595900000012,162.48827699999995,0.7186059653578006,177.29599999999996,29,6.113655172413792,87130029b5443647ed1f1febd32ab768bf957a0a1698217eb3cf14b2d00c6ecf,151,2373e34c242ab33b8e90d58f3559391e701131da6694a7cee467c34820ae8f38,65e70eb5f646ad2746e4e706c504d2f4454acbfa160fc9537bf3fe4971439c6a
s20,s2003b,O0_4_LR_all_inside,54,9,0.16666666666666666,6,1,1,0.1111111111111111,0.018518518518518517,0.018518518518518517,58,9,0.15517241379310345,6,1,1,0.10344827586206896,0.017241379310344827,0.017241379310344827,226.11595900000012,161.91274799999994,0.7160606828286713,176.55199999999996,29,6.087999999999999,87130029b5443647ed1f1febd32ab768bf957a0a1698217eb3cf14b2d00c6ecf,151,4c94227fa738f7d9ae220e0540f813bc26ddd2e5d00b1870d3242629d2142d15,3d0d2dd683bb854fdce89cc30ae2c1f3a5743245406560602a417428feed5bf0
s20,s2003b,O0_4_LR_all_gt20ms,54,9,0.16666666666666666,6,1,1,0.1111111111111111,0.018518518518518517,0.018518518518518517,58,9,0.15517241379310345,6,1,1,0.10344827586206896,0.017241379310344827,0.017241379310344827,226.11595900000012,161.91274799999994,0.7160606828286713,176.55199999999996,29,6.087999999999999,87130029b5443647ed1f1febd32ab768bf957a0a1698217eb3cf14b2d00c6ecf,151,4c94227fa738f7d9ae220e0540f813bc26ddd2e5d00b1870d3242629d2142d15,3d0d2dd683bb854fdce89cc30ae2c1f3a5743245406560602a417428feed5bf0
s20,s2003b,O0_4_LR_all_gt50ms,54,9,0.16666666666666666,6,1,1,0.1111111111111111,0.018518518518518517,0.018518518518518517,58,9,0.15517241379310345,6,1,1,0.10344827586206896,0.017241379310344827,0.017241379310344827,226.11595900000012,161.91274799999994,0.7160606828286713,176.55199999999996,29,6.087999999999999,87130029b5443647ed1f1febd32ab768bf957a0a1698217eb3cf14b2d00c6ecf,151,4c94227fa738f7d9ae220e0540f813bc26ddd2e5d00b1870d3242629d2142d15,3d0d2dd683bb854fdce89cc30ae2c1f3a5743245406560602a417428feed5bf0
s20,s2004a,O0_4,33,4,0.12121212121212122,0,0,0,0.0,0.0,0.0,34,4,0.11764705882352941,0,0,0,0.0,0.0,0.0,144.97945300000003,94.62995100000002,0.6527128433847795,102.7040000000001,17,6.041411764705888,87130029b5443647ed1f1febd32ab768bf957a0a1698217eb3cf14b2d00c6ecf,111,8161dce7924ec0f410105530e733bcb1c4f3e9fbc5a19118847c771d4b2c308e,13b8a5a3367b4451a0121641bc8fedd02abd4bf6356fec54afed1c0ebe8b3497
s20,s2004a,O0_4_LR_rms_waveform_inside,33,4,0.12121212121212122,0,0,0,0.0,0.0,0.0,34,4,0.11764705882352941,0,0,0,0.0,0.0,0.0,144.97945300000003,94.62995100000002,0.6527128433847795,102.7040000000001,17,6.041411764705888,87130029b5443647ed1f1febd32ab768bf957a0a1698217eb3cf14b2d00c6ecf,111,8161dce7924ec0f410105530e733bcb1c4f3e9fbc5a19118847c771d4b2c308e,13b8a5a3367b4451a0121641bc8fedd02abd4bf6356fec54afed1c0ebe8b3497
s20,s2004a,O0_4_LR_rms_waveform_gt20ms,33,4,0.12121212121212122,0,0,0,0.0,0.0,0.0,34,4,0.11764705882352941,0,0,0,0.0,0.0,0.0,144.97945300000003,94.62995100000002,0.6527128433847795,102.7040000000001,17,6.041411764705888,87130029b5443647ed1f1febd32ab768bf957a0a1698217eb3cf14b2d00c6ecf,111,8161dce7924ec0f410105530e733bcb1c4f3e9fbc5a19118847c771d4b2c308e,13b8a5a3367b4451a0121641bc8fedd02abd4bf6356fec54afed1c0ebe8b3497
s20,s2004a,O0_4_LR_rms_waveform_gt50ms,33,4,0.12121212121212122,0,0,0,0.0,0.0,0.0,34,4,0.11764705882352941,0,0,0,0.0,0.0,0.0,144.97945300000003,94.62995100000002,0.6527128433847795,102.7040000000001,17,6.041411764705888,87130029b5443647ed1f1febd32ab768bf957a0a1698217eb3cf14b2d00c6ecf,111,8161dce7924ec0f410105530e733bcb1c4f3e9fbc5a19118847c771d4b2c308e,13b8a5a3367b4451a0121641bc8fedd02abd4bf6356fec54afed1c0ebe8b3497
s20,s2004a,O0_4_LR_vad_only_inside,33,4,0.12121212121212122,0,0,0,0.0,0.0,0.0,34,4,0.11764705882352941,0,0,0,0.0,0.0,0.0,144.97945300000003,94.62995100000002,0.6527128433847795,102.7040000000001,17,6.041411764705888,87130029b5443647ed1f1febd32ab768bf957a0a1698217eb3cf14b2d00c6ecf,111,8161dce7924ec0f410105530e733bcb1c4f3e9fbc5a19118847c771d4b2c308e,13b8a5a3367b4451a0121641bc8fedd02abd4bf6356fec54afed1c0ebe8b3497
s20,s2004a,O0_4_LR_vad_only_gt20ms,33,4,0.12121212121212122,0,0,0,0.0,0.0,0.0,34,4,0.11764705882352941,0,0,0,0.0,0.0,0.0,144.97945300000003,94.62995100000002,0.6527128433847795,102.7040000000001,17,6.041411764705888,87130029b5443647ed1f1febd32ab768bf957a0a1698217eb3cf14b2d00c6ecf,111,8161dce7924ec0f410105530e733bcb1c4f3e9fbc5a19118847c771d4b2c308e,13b8a5a3367b4451a0121641bc8fedd02abd4bf6356fec54afed1c0ebe8b3497
s20,s2004a,O0_4_LR_vad_only_gt50ms,33,4,0.12121212121212122,0,0,0,0.0,0.0,0.0,34,4,0.11764705882352941,0,0,0,0.0,0.0,0.0,144.97945300000003,94.62995100000002,0.6527128433847795,102.7040000000001,17,6.041411764705888,87130029b5443647ed1f1febd32ab768bf957a0a1698217eb3cf14b2d00c6ecf,111,8161dce7924ec0f410105530e733bcb1c4f3e9fbc5a19118847c771d4b2c308e,13b8a5a3367b4451a0121641bc8fedd02abd4bf6356fec54afed1c0ebe8b3497
s20,s2004a,O0_4_LR_all_inside,33,4,0.12121212121212122,0,0,0,0.0,0.0,0.0,34,4,0.11764705882352941,0,0,0,0.0,0.0,0.0,144.97945300000003,94.62995100000002,0.6527128433847795,102.7040000000001,17,6.041411764705888,87130029b5443647ed1f1febd32ab768bf957a0a1698217eb3cf14b2d00c6ecf,111,8161dce7924ec0f410105530e733bcb1c4f3e9fbc5a19118847c771d4b2c308e,13b8a5a3367b4451a0121641bc8fedd02abd4bf6356fec54afed1c0ebe8b3497
s20,s2004a,O0_4_LR_all_gt20ms,33,4,0.12121212121212122,0,0,0,0.0,0.0,0.0,34,4,0.11764705882352941,0,0,0,0.0,0.0,0.0,144.97945300000003,94.62995100000002,0.6527128433847795,102.7040000000001,17,6.041411764705888,87130029b5443647ed1f1febd32ab768bf957a0a1698217eb3cf14b2d00c6ecf,111,8161dce7924ec0f410105530e733bcb1c4f3e9fbc5a19118847c771d4b2c308e,13b8a5a3367b4451a0121641bc8fedd02abd4bf6356fec54afed1c0ebe8b3497
s20,s2004a,O0_4_LR_all_gt50ms,33,4,0.12121212121212122,0,0,0,0.0,0.0,0.0,34,4,0.11764705882352941,0,0,0,0.0,0.0,0.0,144.97945300000003,94.62995100000002,0.6527128433847795,102.7040000000001,17,6.041411764705888,87130029b5443647ed1f1febd32ab768bf957a0a1698217eb3cf14b2d00c6ecf,111,8161dce7924ec0f410105530e733bcb1c4f3e9fbc5a19118847c771d4b2c308e,13b8a5a3367b4451a0121641bc8fedd02abd4bf6356fec54afed1c0ebe8b3497
s21,s2101b,O0_4,91,10,0.10989010989010989,6,1,0,0.06593406593406594,0.01098901098901099,0.0,96,11,0.11458333333333333,6,1,0,0.0625,0.010416666666666666,0.0,322.43769900000007,199.5335510000001,0.6188282313725358,235.81599999999963,48,4.912833333333325,87130029b5443647ed1f1febd32ab768bf957a0a1698217eb3cf14b2d00c6ecf,330,fba0144460cd32aa8c4e690eed77a4a5d1c9449d17d440849d56bdccd204070b,90b8a7583f61938e6dcd5bcea893e3d1b4936b39af9b581465b19234f950fefe
s21,s2101b,O0_4_LR_rms_waveform_inside,91,11,0.12087912087912088,7,2,1,0.07692307692307693,0.02197802197802198,0.01098901098901099,96,12,0.125,7,2,1,0.07291666666666667,0.020833333333333332,0.010416666666666666,322.43769900000007,198.76876099999998,0.6164563313051057,234.69199999999964,48,4.889416666666659,87130029b5443647ed1f1febd32ab768bf957a0a1698217eb3cf14b2d00c6ecf,330,2f5fdd1ddecd744ec1d8a9cf494c9f6272e1950c195a41505751cb1ec842c5c1,c20bd773ed8be25d8c017a62dbc038d0d2c782fda8b5a70d68a0dcee35fa0063
s21,s2101b,O0_4_LR_rms_waveform_gt20ms,92,10,0.10869565217391304,6,1,1,0.06521739130434782,0.010869565217391304,0.010869565217391304,98,11,0.11224489795918367,6,1,1,0.061224489795918366,0.01020408163265306,0.01020408163265306,322.43769900000007,201.54127,0.6250549195241588,237.57599999999962,49,4.8484897959183595,87130029b5443647ed1f1febd32ab768bf957a0a1698217eb3cf14b2d00c6ecf,330,ce4fbe9f7276e91c4a148a6918e1e9092039d056099b8f01cfadab83174f2afa,d926f64996c85dbb839d1b1a28ba9ca2e97d62ae2b9225cf73054969322dff14
s21,s2101b,O0_4_LR_rms_waveform_gt50ms,92,10,0.10869565217391304,6,1,1,0.06521739130434782,0.010869565217391304,0.010869565217391304,98,11,0.11224489795918367,6,1,1,0.061224489795918366,0.01020408163265306,0.01020408163265306,322.43769900000007,201.54127,0.6250549195241588,237.57599999999962,49,4.8484897959183595,87130029b5443647ed1f1febd32ab768bf957a0a1698217eb3cf14b2d00c6ecf,330,2a7d0c70af160fddf774d10c9400a2c5b9137a7f587a899da2943b8106e1aa06,2b4921659565592e6e377302ac05bdf80c5174dbed0cf4656a524f01458ece3c
s21,s2101b,O0_4_LR_vad_only_inside,91,11,0.12087912087912088,6,1,0,0.06593406593406594,0.01098901098901099,0.0,96,12,0.125,6,1,0,0.0625,0.010416666666666666,0.0,322.43769900000007,197.3817790000001,0.6121547809457605,233.1199999999998,48,4.856666666666663,87130029b5443647ed1f1febd32ab768bf957a0a1698217eb3cf14b2d00c6ecf,330,0b339e1e85657eb100837d2feee473d49311f728ac22155bcfe67fe6033cc0d6,24942b1d1525fef46908431760716c0dc5ab8a55047ae4ec3f014d2cbb9295b2
s21,s2101b,O0_4_LR_vad_only_gt20ms,92,9,0.09782608695652174,5,0,0,0.05434782608695652,0.0,0.0,98,10,0.10204081632653061,5,0,0,0.05102040816326531,0.0,0.0,322.43769900000007,201.3632770000001,0.6245028966045315,237.36399999999975,49,4.8441632653061175,87130029b5443647ed1f1febd32ab768bf957a0a1698217eb3cf14b2d00c6ecf,330,97b90cc92c1bcfb958aa0a5af1d2972594e13f7cc0183e0945dae4c2395a28d0,c04ec11785b819cc8def8019db2ee2e410c0dcd8a09ed98522a3ddacc9ca9679
s21,s2101b,O0_4_LR_vad_only_gt50ms,92,9,0.09782608695652174,5,0,0,0.05434782608695652,0.0,0.0,98,10,0.10204081632653061,5,0,0,0.05102040816326531,0.0,0.0,322.43769900000007,202.30606000000006,0.6274268195915889,238.69999999999965,49,4.871428571428564,87130029b5443647ed1f1febd32ab768bf957a0a1698217eb3cf14b2d00c6ecf,330,e872454616ce3c062c34a799b0668d5b6a1ec089661c635674bb5af692b5a5d1,e3eeebc097ea4ffa98e86d950c83177ebaa6595ce3a1a270eec277d7ac1665a8
s21,s2101b,O0_4_LR_all_inside,91,11,0.12087912087912088,7,2,1,0.07692307692307693,0.02197802197802198,0.01098901098901099,96,12,0.125,7,2,1,0.07291666666666667,0.020833333333333332,0.010416666666666666,322.43769900000007,198.346372,0.6151463449067721,234.14799999999963,48,4.8780833333333256,87130029b5443647ed1f1febd32ab768bf957a0a1698217eb3cf14b2d00c6ecf,330,c007fdb192b7d4407e2654d88b7c8aebd0037572b5aef1419985dac56691aeff,1429f837481e76161fe0ac95419668f501a3dd75bc96be25d20ebb5f31cabcb4
s21,s2101b,O0_4_LR_all_gt20ms,92,10,0.10869565217391304,6,1,1,0.06521739130434782,0.010869565217391304,0.010869565217391304,98,11,0.11224489795918367,6,1,1,0.061224489795918366,0.01020408163265306,0.01020408163265306,322.43769900000007,201.54127,0.6250549195241588,237.57599999999962,49,4.8484897959183595,87130029b5443647ed1f1febd32ab768bf957a0a1698217eb3cf14b2d00c6ecf,330,ce4fbe9f7276e91c4a148a6918e1e9092039d056099b8f01cfadab83174f2afa,d926f64996c85dbb839d1b1a28ba9ca2e97d62ae2b9225cf73054969322dff14
s21,s2101b,O0_4_LR_all_gt50ms,92,10,0.10869565217391304,6,1,1,0.06521739130434782,0.010869565217391304,0.010869565217391304,98,11,0.11224489795918367,6,1,1,0.061224489795918366,0.01020408163265306,0.01020408163265306,322.43769900000007,201.54127,0.6250549195241588,237.57599999999962,49,4.8484897959183595,87130029b5443647ed1f1febd32ab768bf957a0a1698217eb3cf14b2d00c6ecf,330,2a7d0c70af160fddf774d10c9400a2c5b9137a7f587a899da2943b8106e1aa06,2b4921659565592e6e377302ac05bdf80c5174dbed0cf4656a524f01458ece3c
s21,s2102b,O0_4,97,12,0.12371134020618557,5,1,0,0.05154639175257732,0.010309278350515464,0.0,98,12,0.12244897959183673,5,1,0,0.05102040816326531,0.01020408163265306,0.0,339.1314599999995,206.76422599999958,0.6096875412266378,247.74799999999976,49,5.056081632653056,87130029b5443647ed1f1febd32ab768bf957a0a1698217eb3cf14b2d00c6ecf,354,a3d596c9bc2cc7621236793990ec39f4f8d6a530157738d8e6bdb41a3ae22fd9,e1a4bd54c4aa6e24deccb843c38271aa4b0923eccdc9a4772032638c9873d1b8
s21,s2102b,O0_4_LR_rms_waveform_inside,97,11,0.1134020618556701,4,1,0,0.041237113402061855,0.010309278350515464,0.0,98,11,0.11224489795918367,4,1,0,0.04081632653061224,0.01020408163265306,0.0,339.1314599999995,203.4544679999996,0.5999280279098845,243.0559999999997,49,4.960326530612239,87130029b5443647ed1f1febd32ab768bf957a0a1698217eb3cf14b2d00c6ecf,354,9cfab722a1b6c276ff1a9d9f71562490ee3b3ee8c2deeed305d6792a49727b0e,194a9f11e8eb24f28895a6ecde411f2d96aff901b6e31fdef0da81c47249db7c
s21,s2102b,O0_4_LR_rms_waveform_gt20ms,97,11,0.1134020618556701,4,1,0,0.041237113402061855,0.010309278350515464,0.0,98,11,0.11224489795918367,4,1,0,0.04081632653061224,0.01020408163265306,0.0,339.1314599999995,203.4544679999996,0.5999280279098845,243.0559999999997,49,4.960326530612239,87130029b5443647ed1f1febd32ab768bf957a0a1698217eb3cf14b2d00c6ecf,354,9cfab722a1b6c276ff1a9d9f71562490ee3b3ee8c2deeed305d6792a49727b0e,194a9f11e8eb24f28895a6ecde411f2d96aff901b6e31fdef0da81c47249db7c
s21,s2102b,O0_4_LR_rms_waveform_gt50ms,97,12,0.12371134020618557,5,1,0,0.05154639175257732,0.010309278350515464,0.0,98,12,0.12244897959183673,5,1,0,0.05102040816326531,0.01020408163265306,0.0,339.1314599999995,204.33690599999963,0.6025300808129094,244.2239999999997,49,4.984163265306116,87130029b5443647ed1f1febd32ab768bf957a0a1698217eb3cf14b2d00c6ecf,354,2ea6dadb17e49a9d550e829606b995d4c0de565fe54aca4e8ff54ac0d35fcf6a,969b2c8d8edc9a1e985812a7defab92f3a12f75bcfe04904d75d215d4e5e5c02
s21,s2102b,O0_4_LR_vad_only_inside,97,12,0.12371134020618557,5,1,0,0.05154639175257732,0.010309278350515464,0.0,98,12,0.12244897959183673,5,1,0,0.05102040816326531,0.01020408163265306,0.0,339.1314599999995,203.22815299999954,0.5992606908247317,242.96799999999985,49,4.958530612244894,87130029b5443647ed1f1febd32ab768bf957a0a1698217eb3cf14b2d00c6ecf,354,b3bf0b5a73fcd7c76cbfff83f0e2429a4b16cc5314422139e10a1872f60f3bf1,2d4f2b2ce190c012939e29d49c7967a1d91129a1a82ff34d6cc5e5af2de3d8f7
s21,s2102b,O0_4_LR_vad_only_gt20ms,97,12,0.12371134020618557,5,1,0,0.05154639175257732,0.010309278350515464,0.0,98,12,0.12244897959183673,5,1,0,0.05102040816326531,0.01020408163265306,0.0,339.1314599999995,206.3974759999996,0.6086061021882191,247.09599999999978,49,5.042775510204077,87130029b5443647ed1f1febd32ab768bf957a0a1698217eb3cf14b2d00c6ecf,354,f1eecbe7a082c6a8b1d148f4d730525c146f23546c3f76bb8246a60bcbc41ec5,63ed45f09cd3f4d7ca4ab6c90764b48520efdbef2b21ae500a926310ed76de6d
s21,s2102b,O0_4_LR_vad_only_gt50ms,97,12,0.12371134020618557,5,1,0,0.05154639175257732,0.010309278350515464,0.0,98,12,0.12244897959183673,5,1,0,0.05102040816326531,0.01020408163265306,0.0,339.1314599999995,206.76422599999958,0.6096875412266378,247.74799999999976,49,5.056081632653056,87130029b5443647ed1f1febd32ab768bf957a0a1698217eb3cf14b2d00c6ecf,354,a3d596c9bc2cc7621236793990ec39f4f8d6a530157738d8e6bdb41a3ae22fd9,e1a4bd54c4aa6e24deccb843c38271aa4b0923eccdc9a4772032638c9873d1b8
s21,s2102b,O0_4_LR_all_inside,97,11,0.1134020618556701,4,1,0,0.041237113402061855,0.010309278350515464,0.0,98,11,0.11224489795918367,4,1,0,0.04081632653061224,0.01020408163265306,0.0,339.1314599999995,203.4544679999996,0.5999280279098845,243.0559999999997,49,4.960326530612239,87130029b5443647ed1f1febd32ab768bf957a0a1698217eb3cf14b2d00c6ecf,354,9cfab722a1b6c276ff1a9d9f71562490ee3b3ee8c2deeed305d6792a49727b0e,194a9f11e8eb24f28895a6ecde411f2d96aff901b6e31fdef0da81c47249db7c
s21,s2102b,O0_4_LR_all_gt20ms,97,11,0.1134020618556701,4,1,0,0.041237113402061855,0.010309278350515464,0.0,98,11,0.11224489795918367,4,1,0,0.04081632653061224,0.01020408163265306,0.0,339.1314599999995,203.4544679999996,0.5999280279098845,243.0559999999997,49,4.960326530612239,87130029b5443647ed1f1febd32ab768bf957a0a1698217eb3cf14b2d00c6ecf,354,9cfab722a1b6c276ff1a9d9f71562490ee3b3ee8c2deeed305d6792a49727b0e,194a9f11e8eb24f28895a6ecde411f2d96aff901b6e31fdef0da81c47249db7c
s21,s2102b,O0_4_LR_all_gt50ms,97,12,0.12371134020618557,5,1,0,0.05154639175257732,0.010309278350515464,0.0,98,12,0.12244897959183673,5,1,0,0.05102040816326531,0.01020408163265306,0.0,339.1314599999995,205.32199299999965,0.605434815749621,245.53599999999972,49,5.010938775510199,87130029b5443647ed1f1febd32ab768bf957a0a1698217eb3cf14b2d00c6ecf,354,548806b02af4300d8cb60d40efc180cb0b8943115ec026cfd1a070a430734cd9,47cddd0a986351a648e4565d380b1bd1d2ee0c67b13d52bb7f418c9319e9384b
s22,s2201a,O0_4,50,11,0.22,5,0,0,0.1,0.0,0.0,50,11,0.22,5,0,0,0.1,0.0,0.0,323.9832690000002,90.38155900000012,0.2789698347046436,104.86000000000034,25,4.194400000000013,87130029b5443647ed1f1febd32ab768bf957a0a1698217eb3cf14b2d00c6ecf,444,9961894719866e44f4dd6e6efc96602899f314d1ff114ed10aa81476a564ef55,6c4b1831fe8c2fd13c5e07fa75cde6bbc94d458784330b8939da412c0525abd0
s22,s2201a,O0_4_LR_rms_waveform_inside,50,11,0.22,6,0,0,0.12,0.0,0.0,50,11,0.22,6,0,0,0.12,0.0,0.0,323.9832690000002,89.16970600000005,0.27522935451336533,103.22000000000024,25,4.12880000000001,87130029b5443647ed1f1febd32ab768bf957a0a1698217eb3cf14b2d00c6ecf,444,4d149f27be8adafa40ceb10653f76ead1be281e1149f02a10e7e207a52938e4e,cbc7bb05d51128bb282995f720e23773f4975f1fa4200acc8c34a2c5e9615259
s22,s2201a,O0_4_LR_rms_waveform_gt20ms,50,11,0.22,6,0,0,0.12,0.0,0.0,50,11,0.22,6,0,0,0.12,0.0,0.0,323.9832690000002,89.16970600000005,0.27522935451336533,103.22000000000024,25,4.12880000000001,87130029b5443647ed1f1febd32ab768bf957a0a1698217eb3cf14b2d00c6ecf,444,4d149f27be8adafa40ceb10653f76ead1be281e1149f02a10e7e207a52938e4e,cbc7bb05d51128bb282995f720e23773f4975f1fa4200acc8c34a2c5e9615259
s22,s2201a,O0_4_LR_rms_waveform_gt50ms,50,11,0.22,6,0,0,0.12,0.0,0.0,50,11,0.22,6,0,0,0.12,0.0,0.0,323.9832690000002,89.16970600000005,0.27522935451336533,103.22000000000024,25,4.12880000000001,87130029b5443647ed1f1febd32ab768bf957a0a1698217eb3cf14b2d00c6ecf,444,4d149f27be8adafa40ceb10653f76ead1be281e1149f02a10e7e207a52938e4e,cbc7bb05d51128bb282995f720e23773f4975f1fa4200acc8c34a2c5e9615259
s22,s2201a,O0_4_LR_vad_only_inside,50,11,0.22,6,0,0,0.12,0.0,0.0,50,11,0.22,6,0,0,0.12,0.0,0.0,323.9832690000002,89.16970600000005,0.27522935451336533,103.22000000000024,25,4.12880000000001,87130029b5443647ed1f1febd32ab768bf957a0a1698217eb3cf14b2d00c6ecf,444,4d149f27be8adafa40ceb10653f76ead1be281e1149f02a10e7e207a52938e4e,cbc7bb05d51128bb282995f720e23773f4975f1fa4200acc8c34a2c5e9615259
s22,s2201a,O0_4_LR_vad_only_gt20ms,50,11,0.22,6,0,0,0.12,0.0,0.0,50,11,0.22,6,0,0,0.12,0.0,0.0,323.9832690000002,89.16970600000005,0.27522935451336533,103.22000000000024,25,4.12880000000001,87130029b5443647ed1f1febd32ab768bf957a0a1698217eb3cf14b2d00c6ecf,444,4d149f27be8adafa40ceb10653f76ead1be281e1149f02a10e7e207a52938e4e,cbc7bb05d51128bb282995f720e23773f4975f1fa4200acc8c34a2c5e9615259
s22,s2201a,O0_4_LR_vad_only_gt50ms,50,11,0.22,5,0,0,0.1,0.0,0.0,50,11,0.22,5,0,0,0.1,0.0,0.0,323.9832690000002,90.38155900000012,0.2789698347046436,104.86000000000034,25,4.194400000000013,87130029b5443647ed1f1febd32ab768bf957a0a1698217eb3cf14b2d00c6ecf,444,9961894719866e44f4dd6e6efc96602899f314d1ff114ed10aa81476a564ef55,6c4b1831fe8c2fd13c5e07fa75cde6bbc94d458784330b8939da412c0525abd0
s22,s2201a,O0_4_LR_all_inside,50,11,0.22,6,0,0,0.12,0.0,0.0,50,11,0.22,6,0,0,0.12,0.0,0.0,323.9832690000002,89.16970600000005,0.27522935451336533,103.22000000000024,25,4.12880000000001,87130029b5443647ed1f1febd32ab768bf957a0a1698217eb3cf14b2d00c6ecf,444,4d149f27be8adafa40ceb10653f76ead1be281e1149f02a10e7e207a52938e4e,cbc7bb05d51128bb282995f720e23773f4975f1fa4200acc8c34a2c5e9615259
s22,s2201a,O0_4_LR_all_gt20ms,50,11,0.22,6,0,0,0.12,0.0,0.0,50,11,0.22,6,0,0,0.12,0.0,0.0,323.9832690000002,89.16970600000005,0.27522935451336533,103.22000000000024,25,4.12880000000001,87130029b5443647ed1f1febd32ab768bf957a0a1698217eb3cf14b2d00c6ecf,444,4d149f27be8adafa40ceb10653f76ead1be281e1149f02a10e7e207a52938e4e,cbc7bb05d51128bb282995f720e23773f4975f1fa4200acc8c34a2c5e9615259
s22,s2201a,O0_4_LR_all_gt50ms,50,11,0.22,6,0,0,0.12,0.0,0.0,50,11,0.22,6,0,0,0.12,0.0,0.0,323.9832690000002,89.16970600000005,0.27522935451336533,103.22000000000024,25,4.12880000000001,87130029b5443647ed1f1febd32ab768bf957a0a1698217eb3cf14b2d00c6ecf,444,4d149f27be8adafa40ceb10653f76ead1be281e1149f02a10e7e207a52938e4e,cbc7bb05d51128bb282995f720e23773f4975f1fa4200acc8c34a2c5e9615259
s22,s2201b,O0_4,58,9,0.15517241379310345,4,1,0,0.06896551724137931,0.017241379310344827,0.0,58,9,0.15517241379310345,4,1,0,0.06896551724137931,0.017241379310344827,0.0,342.59070799999927,107.25100399999984,0.3130587067761338,127.01600000000003,29,4.379862068965519,87130029b5443647ed1f1febd32ab768bf957a0a1698217eb3cf14b2d00c6ecf,458,c0ef9a2197d735b8560d1f762aa1a97f2b6a38df9b2bd2216165c6133c31ea41,438ea065f09b25b2ce518d91a504c34cecca689fdcfa2481972eea11542011bb
s22,s2201b,O0_4_LR_rms_waveform_inside,58,10,0.1724137931034483,5,1,0,0.08620689655172414,0.017241379310344827,0.0,58,10,0.1724137931034483,5,1,0,0.08620689655172414,0.017241379310344827,0.0,342.59070799999927,101.15664499999995,0.29526966913533503,119.50400000000006,29,4.120827586206898,87130029b5443647ed1f1febd32ab768bf957a0a1698217eb3cf14b2d00c6ecf,458,6a156297387fd4bdf42c5cd9875b47087a191e27f85fb3e14cd76c7ace4cc398,a007d41e8008e9aa651f060a0c63227ec627bbf5b866f7781df1274a2f7eb40d
s22,s2201b,O0_4_LR_rms_waveform_gt20ms,58,10,0.1724137931034483,5,1,0,0.08620689655172414,0.017241379310344827,0.0,58,10,0.1724137931034483,5,1,0,0.08620689655172414,0.017241379310344827,0.0,342.59070799999927,101.15664499999995,0.29526966913533503,119.50400000000006,29,4.120827586206898,87130029b5443647ed1f1febd32ab768bf957a0a1698217eb3cf14b2d00c6ecf,458,6a156297387fd4bdf42c5cd9875b47087a191e27f85fb3e14cd76c7ace4cc398,a007d41e8008e9aa651f060a0c63227ec627bbf5b866f7781df1274a2f7eb40d
s22,s2201b,O0_4_LR_rms_waveform_gt50ms,58,11,0.1896551724137931,5,1,0,0.08620689655172414,0.017241379310344827,0.0,58,11,0.1896551724137931,5,1,0,0.08620689655172414,0.017241379310344827,0.0,342.59070799999927,105.80960199999986,0.30885134806399966,125.29600000000006,29,4.320551724137934,87130029b5443647ed1f1febd32ab768bf957a0a1698217eb3cf14b2d00c6ecf,458,48be090b49a6f73cc50225f6a86f498d92b2344015346853bde06e3d8c6786d4,6917b763614f047f6608330eb7691da22973873af198faac161e1b3dc1ba48cf
s22,s2201b,O0_4_LR_vad_only_inside,58,11,0.1896551724137931,6,2,0,0.10344827586206896,0.034482758620689655,0.0,58,11,0.1896551724137931,6,2,0,0.10344827586206896,0.034482758620689655,0.0,342.59070799999927,100.54303599999992,0.29347858436370705,118.94800000000012,29,4.101655172413797,87130029b5443647ed1f1febd32ab768bf957a0a1698217eb3cf14b2d00c6ecf,458,09db3c388fdaa6dd95059f89f54f0eb9f72b515042e0435c34e762ac87698653,0a6c45a9085ad214d257d83c59bcb9ef70a3eccafb35901aac1b209aa1f8e0ab
s22,s2201b,O0_4_LR_vad_only_gt20ms,58,9,0.15517241379310345,4,1,0,0.06896551724137931,0.017241379310344827,0.0,58,9,0.15517241379310345,4,1,0,0.06896551724137931,0.017241379310344827,0.0,342.59070799999927,104.80288099999989,0.3059127949261254,123.72400000000009,29,4.26634482758621,87130029b5443647ed1f1febd32ab768bf957a0a1698217eb3cf14b2d00c6ecf,458,0f7528f59844eec0c6960f0bca99fc3fbde0d1a5c0e9d0f38e498c14558dada4,a7218a2b5f32b460687849c4f63782451caf911b67941c662dc85f68af6b694d
s22,s2201b,O0_4_LR_vad_only_gt50ms,58,9,0.15517241379310345,4,1,0,0.06896551724137931,0.017241379310344827,0.0,58,9,0.15517241379310345,4,1,0,0.06896551724137931,0.017241379310344827,0.0,342.59070799999927,107.25100399999984,0.3130587067761338,127.01600000000003,29,4.379862068965519,87130029b5443647ed1f1febd32ab768bf957a0a1698217eb3cf14b2d00c6ecf,458,c0ef9a2197d735b8560d1f762aa1a97f2b6a38df9b2bd2216165c6133c31ea41,438ea065f09b25b2ce518d91a504c34cecca689fdcfa2481972eea11542011bb
s22,s2201b,O0_4_LR_all_inside,58,10,0.1724137931034483,5,1,0,0.08620689655172414,0.017241379310344827,0.0,58,10,0.1724137931034483,5,1,0,0.08620689655172414,0.017241379310344827,0.0,342.59070799999927,99.80152899999996,0.2913141736465315,117.85600000000005,29,4.064000000000002,87130029b5443647ed1f1febd32ab768bf957a0a1698217eb3cf14b2d00c6ecf,458,881b253f6194caa805a1a9b9ac728a6a39cb899590db9224de45ba1bca41e303,2ac2a414496359d23fa2b1ce42b24a73822d9e5381fd3cdfe2cadc0ec3ebbbdb
s22,s2201b,O0_4_LR_all_gt20ms,58,10,0.1724137931034483,5,1,0,0.08620689655172414,0.017241379310344827,0.0,58,10,0.1724137931034483,5,1,0,0.08620689655172414,0.017241379310344827,0.0,342.59070799999927,101.15664499999995,0.29526966913533503,119.50400000000006,29,4.120827586206898,87130029b5443647ed1f1febd32ab768bf957a0a1698217eb3cf14b2d00c6ecf,458,6a156297387fd4bdf42c5cd9875b47087a191e27f85fb3e14cd76c7ace4cc398,a007d41e8008e9aa651f060a0c63227ec627bbf5b866f7781df1274a2f7eb40d
s22,s2201b,O0_4_LR_all_gt50ms,58,11,0.1896551724137931,5,1,0,0.08620689655172414,0.017241379310344827,0.0,58,11,0.1896551724137931,5,1,0,0.08620689655172414,0.017241379310344827,0.0,342.59070799999927,105.80960199999986,0.30885134806399966,125.29600000000006,29,4.320551724137934,87130029b5443647ed1f1febd32ab768bf957a0a1698217eb3cf14b2d00c6ecf,458,48be090b49a6f73cc50225f6a86f498d92b2344015346853bde06e3d8c6786d4,6917b763614f047f6608330eb7691da22973873af198faac161e1b3dc1ba48cf
s22,s2202b,O0_4,52,9,0.17307692307692307,1,0,0,0.019230769230769232,0.0,0.0,52,9,0.17307692307692307,1,0,0,0.019230769230769232,0.0,0.0,296.8867750000001,94.54787300000015,0.3184644145903775,110.04400000000004,26,4.23246153846154,87130029b5443647ed1f1febd32ab768bf957a0a1698217eb3cf14b2d00c6ecf,432,351d2f02abd72d67c43c55daa56d7083ab9d98d8cb84069760cd6767797c1861,11fa8418cafd3b27f36dfcf4ad24b2a28c39eff8b2b49a2930956732c63ee7f9
s22,s2202b,O0_4_LR_rms_waveform_inside,52,8,0.15384615384615385,1,1,0,0.019230769230769232,0.019230769230769232,0.0,52,8,0.15384615384615385,1,1,0,0.019230769230769232,0.019230769230769232,0.0,296.8867750000001,92.94450100000017,0.3130637967959339,108.11600000000004,26,4.158307692307694,87130029b5443647ed1f1febd32ab768bf957a0a1698217eb3cf14b2d00c6ecf,432,8a806fd22c4136ffce379118cf73ca1a95836df917614e9e26dccf832d98beec,9981acd85411c808d28834d0445fc04d2e53e445a77186d0037b6ededd95d260
s22,s2202b,O0_4_LR_rms_waveform_gt20ms,52,9,0.17307692307692307,2,1,0,0.038461538461538464,0.019230769230769232,0.0,52,9,0.17307692307692307,2,1,0,0.038461538461538464,0.019230769230769232,0.0,296.8867750000001,93.29294600000017,0.31423745971844025,108.61600000000004,26,4.177538461538463,87130029b5443647ed1f1febd32ab768bf957a0a1698217eb3cf14b2d00c6ecf,432,9d2de6f54e11a0cac5e1fa49e85ba0cfb2781aadd96fd6c5c008219b5e33bb40,93cb97b738984229df9d4ce928a172737235f6a1989819b16a35ce3f14edd14a
s22,s2202b,O0_4_LR_rms_waveform_gt50ms,52,9,0.17307692307692307,2,1,0,0.038461538461538464,0.019230769230769232,0.0,52,9,0.17307692307692307,2,1,0,0.038461538461538464,0.019230769230769232,0.0,296.8867750000001,94.08387300000015,0.316901529210926,109.58000000000004,26,4.214615384615386,87130029b5443647ed1f1febd32ab768bf957a0a1698217eb3cf14b2d00c6ecf,432,b7d7ad966b88d4a4f1fd3e1b3c4e2dcdb0e5c388d53380fba51e6667ff4f7657,c3b46c05145e7052c590e9f46a946592a18202fa8a300c97779fb0e41ae494f0
s22,s2202b,O0_4_LR_vad_only_inside,52,8,0.15384615384615385,0,0,0,0.0,0.0,0.0,52,8,0.15384615384615385,0,0,0,0.0,0.0,0.0,296.8867750000001,92.73533700000019,0.3123592723185469,107.32000000000002,26,4.127692307692309,87130029b5443647ed1f1febd32ab768bf957a0a1698217eb3cf14b2d00c6ecf,432,e0429b45e842075d5d75e68abe0ee673cb64570bcbc61f6c61e6adef569fcd89,f3133e851daf378fc1d4830b80cae820fe47930610791bde2c9ec550eb6983de
s22,s2202b,O0_4_LR_vad_only_gt20ms,52,8,0.15384615384615385,0,0,0,0.0,0.0,0.0,52,8,0.15384615384615385,0,0,0,0.0,0.0,0.0,296.8867750000001,93.52626400000017,0.3150233418110326,108.28400000000002,26,4.164769230769232,87130029b5443647ed1f1febd32ab768bf957a0a1698217eb3cf14b2d00c6ecf,432,499f90f08ed14dd7b02f2b501907645648960171c80b5c208ff18a14802e8702,2491a04f47c8789e4c8c4b073b6cf72cfffed39b8926cf5b5e983e0830e8c386
s22,s2202b,O0_4_LR_vad_only_gt50ms,52,9,0.17307692307692307,1,0,0,0.019230769230769232,0.0,0.0,52,9,0.17307692307692307,1,0,0,0.019230769230769232,0.0,0.0,296.8867750000001,94.54787300000015,0.3184644145903775,110.04400000000004,26,4.23246153846154,87130029b5443647ed1f1febd32ab768bf957a0a1698217eb3cf14b2d00c6ecf,432,351d2f02abd72d67c43c55daa56d7083ab9d98d8cb84069760cd6767797c1861,11fa8418cafd3b27f36dfcf4ad24b2a28c39eff8b2b49a2930956732c63ee7f9
s22,s2202b,O0_4_LR_all_inside,52,8,0.15384615384615385,1,1,0,0.019230769230769232,0.019230769230769232,0.0,52,8,0.15384615384615385,1,1,0,0.019230769230769232,0.019230769230769232,0.0,296.8867750000001,91.84505300000016,0.30936053988932355,106.53200000000004,26,4.097384615384617,87130029b5443647ed1f1febd32ab768bf957a0a1698217eb3cf14b2d00c6ecf,432,d650f2fac9b4d5ca52278b489b05051d8417735bcc9bcf1755ed0d02d55177d1,4809232e0e6841bdceb51b208d5a7d0d98c9bc4005d42e44b9f43e0e71167c73
s22,s2202b,O0_4_LR_all_gt20ms,52,9,0.17307692307692307,2,1,0,0.038461538461538464,0.019230769230769232,0.0,52,9,0.17307692307692307,2,1,0,0.038461538461538464,0.019230769230769232,0.0,296.8867750000001,93.29294600000017,0.31423745971844025,108.61600000000004,26,4.177538461538463,87130029b5443647ed1f1febd32ab768bf957a0a1698217eb3cf14b2d00c6ecf,432,9d2de6f54e11a0cac5e1fa49e85ba0cfb2781aadd96fd6c5c008219b5e33bb40,93cb97b738984229df9d4ce928a172737235f6a1989819b16a35ce3f14edd14a
s22,s2202b,O0_4_LR_all_gt50ms,52,9,0.17307692307692307,2,1,0,0.038461538461538464,0.019230769230769232,0.0,52,9,0.17307692307692307,2,1,0,0.038461538461538464,0.019230769230769232,0.0,296.8867750000001,94.08387300000015,0.316901529210926,109.58000000000004,26,4.214615384615386,87130029b5443647ed1f1febd32ab768bf957a0a1698217eb3cf14b2d00c6ecf,432,b7d7ad966b88d4a4f1fd3e1b3c4e2dcdb0e5c388d53380fba51e6667ff4f7657,c3b46c05145e7052c590e9f46a946592a18202fa8a300c97779fb0e41ae494f0
s22,s2203b,O0_4,46,10,0.21739130434782608,3,0,0,0.06521739130434782,0.0,0.0,46,10,0.21739130434782608,3,0,0,0.06521739130434782,0.0,0.0,293.0139249999996,86.65587999999997,0.2957398014445904,100.72400000000002,23,4.379304347826087,87130029b5443647ed1f1febd32ab768bf957a0a1698217eb3cf14b2d00c6ecf,407,8f928eadb56e6aed10e15e08e8930abad90797ed73eef0af58c9628232face15,20643f902f3299c63f29505725a889b039fd416a830e1f02f426eac861214cdf
s22,s2203b,O0_4_LR_rms_waveform_inside,46,10,0.21739130434782608,4,0,0,0.08695652173913043,0.0,0.0,46,10,0.21739130434782608,4,0,0,0.08695652173913043,0.0,0.0,293.0139249999996,85.25232199999994,0.29094972875435887,98.80800000000002,23,4.296000000000001,87130029b5443647ed1f1febd32ab768bf957a0a1698217eb3cf14b2d00c6ecf,407,5103fa9aad97fd89d1375540ccff59ceb11bbf663cd431ef5de7937123324d6f,df54b6fd175fc36b125a5d32bfce4a2f1bf53f5ef9819ae7acd01866924778e4
s22,s2203b,O0_4_LR_rms_waveform_gt20ms,46,10,0.21739130434782608,4,0,0,0.08695652173913043,0.0,0.0,46,10,0.21739130434782608,4,0,0,0.08695652173913043,0.0,0.0,293.0139249999996,85.25232199999994,0.29094972875435887,98.80800000000002,23,4.296000000000001,87130029b5443647ed1f1febd32ab768bf957a0a1698217eb3cf14b2d00c6ecf,407,5103fa9aad97fd89d1375540ccff59ceb11bbf663cd431ef5de7937123324d6f,df54b6fd175fc36b125a5d32bfce4a2f1bf53f5ef9819ae7acd01866924778e4
s22,s2203b,O0_4_LR_rms_waveform_gt50ms,46,10,0.21739130434782608,4,0,0,0.08695652173913043,0.0,0.0,46,10,0.21739130434782608,4,0,0,0.08695652173913043,0.0,0.0,293.0139249999996,85.53232199999994,0.29190531473888165,99.34800000000004,23,4.319478260869567,87130029b5443647ed1f1febd32ab768bf957a0a1698217eb3cf14b2d00c6ecf,407,1404089f5421168db96f06bb3bd80a500272a3dc8ba4acdb2101f10b82cca691,f78d7ab390348522fd2ab4549e05a1ce92d82422677058dcccd95b144df76c0d
s22,s2203b,O0_4_LR_vad_only_inside,46,10,0.21739130434782608,4,0,0,0.08695652173913043,0.0,0.0,46,10,0.21739130434782608,4,0,0,0.08695652173913043,0.0,0.0,293.0139249999996,85.81328599999998,0.292864190669437,99.2400000000001,23,4.314782608695657,87130029b5443647ed1f1febd32ab768bf957a0a1698217eb3cf14b2d00c6ecf,407,57e7e8fdf2492cc2324acedf97ed9c5a32930ad4b1b792eba2cf6b34324730da,72c6bc9cda6878c682cdcee43df6a3c71978ff43c4d7e00a3d173d474ee2bbcf
s22,s2203b,O0_4_LR_vad_only_gt20ms,46,10,0.21739130434782608,3,0,0,0.06521739130434782,0.0,0.0,46,10,0.21739130434782608,3,0,0,0.06521739130434782,0.0,0.0,293.0139249999996,86.41578599999997,0.2949204069397046,99.93200000000007,23,4.344869565217395,87130029b5443647ed1f1febd32ab768bf957a0a1698217eb3cf14b2d00c6ecf,407,0f667615662f8da46eac20bdb858e1ffe5a1ce9f286ef53934020abc87958765,d6199e5711accbed884de6fe90b45e4ad6792c683f1c6bd40e4581634c90f6f2
s22,s2203b,O0_4_LR_vad_only_gt50ms,46,10,0.21739130434782608,3,0,0,0.06521739130434782,0.0,0.0,46,10,0.21739130434782608,3,0,0,0.06521739130434782,0.0,0.0,293.0139249999996,86.65587999999997,0.2957398014445904,100.72400000000002,23,4.379304347826087,87130029b5443647ed1f1febd32ab768bf957a0a1698217eb3cf14b2d00c6ecf,407,8f928eadb56e6aed10e15e08e8930abad90797ed73eef0af58c9628232face15,20643f902f3299c63f29505725a889b039fd416a830e1f02f426eac861214cdf
s22,s2203b,O0_4_LR_all_inside,46,11,0.2391304347826087,4,0,0,0.08695652173913043,0.0,0.0,46,11,0.2391304347826087,4,0,0,0.08695652173913043,0.0,0.0,293.0139249999996,84.52042299999994,0.2884518986597653,97.30800000000009,23,4.230782608695656,87130029b5443647ed1f1febd32ab768bf957a0a1698217eb3cf14b2d00c6ecf,407,c04a1f28d2594f0a454f2f12d2a8881ae71153d7d46c8f0f32d9a4cd6bc2da6c,c52c8885ee4f50ccd793c1e55421ead57d893ccbddc1f8e36a20a7b4ca0eb00e
s22,s2203b,O0_4_LR_all_gt20ms,46,10,0.21739130434782608,4,0,0,0.08695652173913043,0.0,0.0,46,10,0.21739130434782608,4,0,0,0.08695652173913043,0.0,0.0,293.0139249999996,85.25232199999994,0.29094972875435887,98.80800000000002,23,4.296000000000001,87130029b5443647ed1f1febd32ab768bf957a0a1698217eb3cf14b2d00c6ecf,407,5103fa9aad97fd89d1375540ccff59ceb11bbf663cd431ef5de7937123324d6f,df54b6fd175fc36b125a5d32bfce4a2f1bf53f5ef9819ae7acd01866924778e4
s22,s2203b,O0_4_LR_all_gt50ms,46,10,0.21739130434782608,4,0,0,0.08695652173913043,0.0,0.0,46,10,0.21739130434782608,4,0,0,0.08695652173913043,0.0,0.0,293.0139249999996,85.53232199999994,0.29190531473888165,99.34800000000004,23,4.319478260869567,87130029b5443647ed1f1febd32ab768bf957a0a1698217eb3cf14b2d00c6ecf,407,1404089f5421168db96f06bb3bd80a500272a3dc8ba4acdb2101f10b82cca691,f78d7ab390348522fd2ab4549e05a1ce92d82422677058dcccd95b144df76c0d
s24,s2401b,O0_4,64,4,0.0625,3,0,0,0.046875,0.0,0.0,64,4,0.0625,3,0,0,0.046875,0.0,0.0,255.15574200000026,124.16631200000013,0.4866295033250712,137.33599999999973,32,4.2917499999999915,87130029b5443647ed1f1febd32ab768bf957a0a1698217eb3cf14b2d00c6ecf,269,5dd10fbaac0856b87213c68127860dd69c68040678413b2495cc02efb90b2c5d,29a9718da0787e7a06c419e78612d1407dc4cdd632fa31370d416365b4dac3f7
s24,s2401b,O0_4_LR_rms_waveform_inside,64,5,0.078125,3,0,0,0.046875,0.0,0.0,64,5,0.078125,3,0,0,0.046875,0.0,0.0,255.15574200000026,122.39912200000013,0.47970357649250944,134.15999999999974,32,4.192499999999992,87130029b5443647ed1f1febd32ab768bf957a0a1698217eb3cf14b2d00c6ecf,269,0b5b55ba887843c3b06bab058873321dc1982d7e9afb00cd0bb50cacb038d6f9,8b835d48babe2c9883e08f8a463ca2adf21d103d2d4c99ae6bcb6c37c30e16a4
s24,s2401b,O0_4_LR_rms_waveform_gt20ms,64,5,0.078125,3,0,0,0.046875,0.0,0.0,64,5,0.078125,3,0,0,0.046875,0.0,0.0,255.15574200000026,123.09898000000014,0.4824464424555259,135.04799999999972,32,4.220249999999991,87130029b5443647ed1f1febd32ab768bf957a0a1698217eb3cf14b2d00c6ecf,269,52908477848db74934029b3880759da873cf1e43d784b9625f36ba795b7b898f,107b303c6d8b61a60e0547baa45adb627c13b00f48f2e5c6d97a7d18c7275f0c
s24,s2401b,O0_4_LR_rms_waveform_gt50ms,64,5,0.078125,3,0,0,0.046875,0.0,0.0,64,5,0.078125,3,0,0,0.046875,0.0,0.0,255.15574200000026,124.15552700000013,0.486587235022914,137.04799999999972,32,4.282749999999991,87130029b5443647ed1f1febd32ab768bf957a0a1698217eb3cf14b2d00c6ecf,269,139cde7bbf6d703fd9533aec233a1a46a402271e4ba6b74f8d64cc9faaf7143e,3b7c8142829cf6251e9042a26ecb2a499e39e506d6db511269bd56ddd90620bd
s24,s2401b,O0_4_LR_vad_only_inside,64,6,0.09375,3,0,0,0.046875,0.0,0.0,64,6,0.09375,3,0,0,0.046875,0.0,0.0,255.15574200000026,121.45769300000013,0.47601395151044656,133.01199999999974,32,4.156624999999992,87130029b5443647ed1f1febd32ab768bf957a0a1698217eb3cf14b2d00c6ecf,269,9112247ae9402009dd76feff76ffdc5baabac5d898a976aaece954a0cec424f5,8f62dd6d7dc05280340d4781b765cacb88f56fa63e313270d838a19b91e1cf2a
s24,s2401b,O0_4_LR_vad_only_gt20ms,64,5,0.078125,3,0,0,0.046875,0.0,0.0,64,5,0.078125,3,0,0,0.046875,0.0,0.0,255.15574200000026,123.10633600000013,0.4824752719066773,135.12399999999974,32,4.222624999999992,87130029b5443647ed1f1febd32ab768bf957a0a1698217eb3cf14b2d00c6ecf,269,eada2a28e04c504239355698fc8a4e442dceb0f8be6a5ac4888072fa717b9951,d49af1718e270fcc38722aae0e7d9fe388300e1943f3f4eabddf6c568a78f74d
s24,s2401b,O0_4_LR_vad_only_gt50ms,64,4,0.0625,3,0,0,0.046875,0.0,0.0,64,4,0.0625,3,0,0,0.046875,0.0,0.0,255.15574200000026,124.16631200000013,0.4866295033250712,137.33599999999973,32,4.2917499999999915,87130029b5443647ed1f1febd32ab768bf957a0a1698217eb3cf14b2d00c6ecf,269,5dd10fbaac0856b87213c68127860dd69c68040678413b2495cc02efb90b2c5d,29a9718da0787e7a06c419e78612d1407dc4cdd632fa31370d416365b4dac3f7
s24,s2401b,O0_4_LR_all_inside,64,5,0.078125,3,0,0,0.046875,0.0,0.0,64,5,0.078125,3,0,0,0.046875,0.0,0.0,255.15574200000026,122.39912200000013,0.47970357649250944,134.15999999999974,32,4.192499999999992,87130029b5443647ed1f1febd32ab768bf957a0a1698217eb3cf14b2d00c6ecf,269,0b5b55ba887843c3b06bab058873321dc1982d7e9afb00cd0bb50cacb038d6f9,8b835d48babe2c9883e08f8a463ca2adf21d103d2d4c99ae6bcb6c37c30e16a4
s24,s2401b,O0_4_LR_all_gt20ms,64,5,0.078125,3,0,0,0.046875,0.0,0.0,64,5,0.078125,3,0,0,0.046875,0.0,0.0,255.15574200000026,122.39912200000013,0.47970357649250944,134.15999999999974,32,4.192499999999992,87130029b5443647ed1f1febd32ab768bf957a0a1698217eb3cf14b2d00c6ecf,269,0b5b55ba887843c3b06bab058873321dc1982d7e9afb00cd0bb50cacb038d6f9,8b835d48babe2c9883e08f8a463ca2adf21d103d2d4c99ae6bcb6c37c30e16a4
s24,s2401b,O0_4_LR_all_gt50ms,64,5,0.078125,3,0,0,0.046875,0.0,0.0,64,5,0.078125,3,0,0,0.046875,0.0,0.0,255.15574200000026,124.15552700000013,0.486587235022914,137.04799999999972,32,4.282749999999991,87130029b5443647ed1f1febd32ab768bf957a0a1698217eb3cf14b2d00c6ecf,269,139cde7bbf6d703fd9533aec233a1a46a402271e4ba6b74f8d64cc9faaf7143e,3b7c8142829cf6251e9042a26ecb2a499e39e506d6db511269bd56ddd90620bd
s24,s2402a,O0_4,70,1,0.014285714285714285,0,0,0,0.0,0.0,0.0,70,1,0.014285714285714285,0,0,0,0.0,0.0,0.0,318.3237590000002,146.47305699999967,0.46013862571910497,161.07199999999997,35,4.602057142857142,87130029b5443647ed1f1febd32ab768bf957a0a1698217eb3cf14b2d00c6ecf,339,4497d18104bc490aaeff8ae14a2f837a4e68b6fd9c3748d8fd1669a1f66843b5,edb9502c7dbeef2de734b1f5c874f6b010e2297ddf96b12a4d1c56a40135540e
s24,s2402a,O0_4_LR_rms_waveform_inside,70,1,0.014285714285714285,0,0,0,0.0,0.0,0.0,70,1,0.014285714285714285,0,0,0,0.0,0.0,0.0,318.3237590000002,146.47305699999967,0.46013862571910497,161.07199999999997,35,4.602057142857142,87130029b5443647ed1f1febd32ab768bf957a0a1698217eb3cf14b2d00c6ecf,339,4497d18104bc490aaeff8ae14a2f837a4e68b6fd9c3748d8fd1669a1f66843b5,edb9502c7dbeef2de734b1f5c874f6b010e2297ddf96b12a4d1c56a40135540e
s24,s2402a,O0_4_LR_rms_waveform_gt20ms,70,1,0.014285714285714285,0,0,0,0.0,0.0,0.0,70,1,0.014285714285714285,0,0,0,0.0,0.0,0.0,318.3237590000002,146.47305699999967,0.46013862571910497,161.07199999999997,35,4.602057142857142,87130029b5443647ed1f1febd32ab768bf957a0a1698217eb3cf14b2d00c6ecf,339,4497d18104bc490aaeff8ae14a2f837a4e68b6fd9c3748d8fd1669a1f66843b5,edb9502c7dbeef2de734b1f5c874f6b010e2297ddf96b12a4d1c56a40135540e
s24,s2402a,O0_4_LR_rms_waveform_gt50ms,70,1,0.014285714285714285,0,0,0,0.0,0.0,0.0,70,1,0.014285714285714285,0,0,0,0.0,0.0,0.0,318.3237590000002,146.47305699999967,0.46013862571910497,161.07199999999997,35,4.602057142857142,87130029b5443647ed1f1febd32ab768bf957a0a1698217eb3cf14b2d00c6ecf,339,4497d18104bc490aaeff8ae14a2f837a4e68b6fd9c3748d8fd1669a1f66843b5,edb9502c7dbeef2de734b1f5c874f6b010e2297ddf96b12a4d1c56a40135540e
s24,s2402a,O0_4_LR_vad_only_inside,70,1,0.014285714285714285,0,0,0,0.0,0.0,0.0,70,1,0.014285714285714285,0,0,0,0.0,0.0,0.0,318.3237590000002,144.77375299999972,0.4548003374137072,158.8999999999999,35,4.5399999999999965,87130029b5443647ed1f1febd32ab768bf957a0a1698217eb3cf14b2d00c6ecf,339,5d6ed49bf79442bde096b78b0075cbbd03b6b7b530c4cecebca42b988ed5dbf0,723c88b1e54675870608c3af58795bdbb1bfcfd5bcb339e53cff6af847ba3954
s24,s2402a,O0_4_LR_vad_only_gt20ms,70,1,0.014285714285714285,0,0,0,0.0,0.0,0.0,70,1,0.014285714285714285,0,0,0,0.0,0.0,0.0,318.3237590000002,146.0979519999997,0.4589602499636215,160.4119999999999,35,4.583199999999997,87130029b5443647ed1f1febd32ab768bf957a0a1698217eb3cf14b2d00c6ecf,339,e6033a8f6fd61f5974f537550dc11025038f726cb96175984a78f027840a5a58,d33c2cbf8e8d2b37305fc6fae4083db9690b55b7e28c31d106ee587735eb52a0
s24,s2402a,O0_4_LR_vad_only_gt50ms,70,1,0.014285714285714285,0,0,0,0.0,0.0,0.0,70,1,0.014285714285714285,0,0,0,0.0,0.0,0.0,318.3237590000002,146.47305699999967,0.46013862571910497,161.07199999999997,35,4.602057142857142,87130029b5443647ed1f1febd32ab768bf957a0a1698217eb3cf14b2d00c6ecf,339,4497d18104bc490aaeff8ae14a2f837a4e68b6fd9c3748d8fd1669a1f66843b5,edb9502c7dbeef2de734b1f5c874f6b010e2297ddf96b12a4d1c56a40135540e
s24,s2402a,O0_4_LR_all_inside,70,1,0.014285714285714285,0,0,0,0.0,0.0,0.0,70,1,0.014285714285714285,0,0,0,0.0,0.0,0.0,318.3237590000002,146.47305699999967,0.46013862571910497,161.07199999999997,35,4.602057142857142,87130029b5443647ed1f1febd32ab768bf957a0a1698217eb3cf14b2d00c6ecf,339,4497d18104bc490aaeff8ae14a2f837a4e68b6fd9c3748d8fd1669a1f66843b5,edb9502c7dbeef2de734b1f5c874f6b010e2297ddf96b12a4d1c56a40135540e
s24,s2402a,O0_4_LR_all_gt20ms,70,1,0.014285714285714285,0,0,0,0.0,0.0,0.0,70,1,0.014285714285714285,0,0,0,0.0,0.0,0.0,318.3237590000002,146.47305699999967,0.46013862571910497,161.07199999999997,35,4.602057142857142,87130029b5443647ed1f1febd32ab768bf957a0a1698217eb3cf14b2d00c6ecf,339,4497d18104bc490aaeff8ae14a2f837a4e68b6fd9c3748d8fd1669a1f66843b5,edb9502c7dbeef2de734b1f5c874f6b010e2297ddf96b12a4d1c56a40135540e
s24,s2402a,O0_4_LR_all_gt50ms,70,1,0.014285714285714285,0,0,0,0.0,0.0,0.0,70,1,0.014285714285714285,0,0,0,0.0,0.0,0.0,318.3237590000002,146.47305699999967,0.46013862571910497,161.07199999999997,35,4.602057142857142,87130029b5443647ed1f1febd32ab768bf957a0a1698217eb3cf14b2d00c6ecf,339,4497d18104bc490aaeff8ae14a2f837a4e68b6fd9c3748d8fd1669a1f66843b5,edb9502c7dbeef2de734b1f5c874f6b010e2297ddf96b12a4d1c56a40135540e
s24,s2402b,O0_4,86,4,0.046511627906976744,2,1,0,0.023255813953488372,0.011627906976744186,0.0,86,4,0.046511627906976744,2,1,0,0.023255813953488372,0.011627906976744186,0.0,292.2592680000001,172.65595399999987,0.5907629728272632,188.2,43,4.376744186046511,87130029b5443647ed1f1febd32ab768bf957a0a1698217eb3cf14b2d00c6ecf,292,d7436263dfa9a2351a6aa838ddd17ee0f244954c4f10e5808027e62efd8d1b93,39b8db794393266586af87640ab027d0813dd362b132dd485634ca696867029c
s24,s2402b,O0_4_LR_rms_waveform_inside,86,4,0.046511627906976744,2,2,1,0.023255813953488372,0.023255813953488372,0.011627906976744186,86,4,0.046511627906976744,2,2,1,0.023255813953488372,0.023255813953488372,0.011627906976744186,292.2592680000001,171.2128409999999,0.5858251892973326,186.24,43,4.331162790697674,87130029b5443647ed1f1febd32ab768bf957a0a1698217eb3cf14b2d00c6ecf,292,f45cbdf1da2fe3f6620ea80670ebcc6c2aa665cb3012cd4942a79c8baa6291b0,8d0ace413a08cf82cae0bff9cb4844234be359076ed8fbfea1b7a0d66c9321f6
s24,s2402b,O0_4_LR_rms_waveform_gt20ms,86,4,0.046511627906976744,2,2,1,0.023255813953488372,0.023255813953488372,0.011627906976744186,86,4,0.046511627906976744,2,2,1,0.023255813953488372,0.023255813953488372,0.011627906976744186,292.2592680000001,170.81712599999992,0.5844712031510318,185.54,43,4.314883720930232,87130029b5443647ed1f1febd32ab768bf957a0a1698217eb3cf14b2d00c6ecf,292,90a3e152e3e3480252b4af047ab6900a41476fcfbd341e192c010ef2a56745a6,622b6ce435f6e073be194ca8f5396e16233d5edf58a1c4213c7f8d6fd2a98f5f
s24,s2402b,O0_4_LR_rms_waveform_gt50ms,86,4,0.046511627906976744,2,1,0,0.023255813953488372,0.011627906976744186,0.0,86,4,0.046511627906976744,2,1,0,0.023255813953488372,0.011627906976744186,0.0,292.2592680000001,172.26023899999987,0.5894089866809624,187.49999999999997,43,4.3604651162790695,87130029b5443647ed1f1febd32ab768bf957a0a1698217eb3cf14b2d00c6ecf,292,def81929cfe8dcacf15ca6197d1eabc83d7bcf54381e8a013c81058ca55075b2,88b51712d649689c42fd7a1aa61fd4a868ee0c8711941fb35c14417b9d1b4b51
s24,s2402b,O0_4_LR_vad_only_inside,86,4,0.046511627906976744,2,2,1,0.023255813953488372,0.023255813953488372,0.011627906976744186,86,4,0.046511627906976744,2,2,1,0.023255813953488372,0.023255813953488372,0.011627906976744186,292.2592680000001,171.2128409999999,0.5858251892973326,186.10000000000002,43,4.3279069767441865,87130029b5443647ed1f1febd32ab768bf957a0a1698217eb3cf14b2d00c6ecf,292,61e3dd6bd506c42049a3996f54471170507f43ac6dc80cdb3febf1825a1b188e,f456bc99093f0fdaecc4d2b0348afa05a4df696c2aeacb959a672728b4cfbcd3
s24,s2402b,O0_4_LR_vad_only_gt20ms,86,4,0.046511627906976744,2,2,1,0.023255813953488372,0.023255813953488372,0.011627906976744186,86,4,0.046511627906976744,2,2,1,0.023255813953488372,0.023255813953488372,0.011627906976744186,292.2592680000001,171.2128409999999,0.5858251892973326,186.24,43,4.331162790697674,87130029b5443647ed1f1febd32ab768bf957a0a1698217eb3cf14b2d00c6ecf,292,f45cbdf1da2fe3f6620ea80670ebcc6c2aa665cb3012cd4942a79c8baa6291b0,8d0ace413a08cf82cae0bff9cb4844234be359076ed8fbfea1b7a0d66c9321f6
s24,s2402b,O0_4_LR_vad_only_gt50ms,86,4,0.046511627906976744,2,1,0,0.023255813953488372,0.011627906976744186,0.0,86,4,0.046511627906976744,2,1,0,0.023255813953488372,0.011627906976744186,0.0,292.2592680000001,172.65595399999987,0.5907629728272632,188.2,43,4.376744186046511,87130029b5443647ed1f1febd32ab768bf957a0a1698217eb3cf14b2d00c6ecf,292,d7436263dfa9a2351a6aa838ddd17ee0f244954c4f10e5808027e62efd8d1b93,39b8db794393266586af87640ab027d0813dd362b132dd485634ca696867029c
s24,s2402b,O0_4_LR_all_inside,86,4,0.046511627906976744,2,2,1,0.023255813953488372,0.023255813953488372,0.011627906976744186,86,4,0.046511627906976744,2,2,1,0.023255813953488372,0.023255813953488372,0.011627906976744186,292.2592680000001,171.2128409999999,0.5858251892973326,186.24,43,4.331162790697674,87130029b5443647ed1f1febd32ab768bf957a0a1698217eb3cf14b2d00c6ecf,292,f45cbdf1da2fe3f6620ea80670ebcc6c2aa665cb3012cd4942a79c8baa6291b0,8d0ace413a08cf82cae0bff9cb4844234be359076ed8fbfea1b7a0d66c9321f6
s24,s2402b,O0_4_LR_all_gt20ms,86,4,0.046511627906976744,2,2,1,0.023255813953488372,0.023255813953488372,0.011627906976744186,86,4,0.046511627906976744,2,2,1,0.023255813953488372,0.023255813953488372,0.011627906976744186,292.2592680000001,170.81712599999992,0.5844712031510318,185.54,43,4.314883720930232,87130029b5443647ed1f1febd32ab768bf957a0a1698217eb3cf14b2d00c6ecf,292,90a3e152e3e3480252b4af047ab6900a41476fcfbd341e192c010ef2a56745a6,622b6ce435f6e073be194ca8f5396e16233d5edf58a1c4213c7f8d6fd2a98f5f
s24,s2402b,O0_4_LR_all_gt50ms,86,4,0.046511627906976744,2,1,0,0.023255813953488372,0.011627906976744186,0.0,86,4,0.046511627906976744,2,1,0,0.023255813953488372,0.011627906976744186,0.0,292.2592680000001,172.26023899999987,0.5894089866809624,187.49999999999997,43,4.3604651162790695,87130029b5443647ed1f1febd32ab768bf957a0a1698217eb3cf14b2d00c6ecf,292,def81929cfe8dcacf15ca6197d1eabc83d7bcf54381e8a013c81058ca55075b2,88b51712d649689c42fd7a1aa61fd4a868ee0c8711941fb35c14417b9d1b4b51
s24,s2403a,O0_4,60,6,0.1,1,1,0,0.016666666666666666,0.016666666666666666,0.0,60,6,0.1,1,1,0,0.016666666666666666,0.016666666666666666,0.0,290.60342199999906,127.0240929999996,0.4371046016106445,135.9320000000001,30,4.53106666666667,87130029b5443647ed1f1febd32ab768bf957a0a1698217eb3cf14b2d00c6ecf,299,70344645089a6a43aba7f50a1075c51d02c3615071408ed8c051024e87a60bc9,4ab7d2693b2bdd7e646b3462de789c9c33517a5c42690bb7ed8036ac2bed8fba
s24,s2403a,O0_4_LR_rms_waveform_inside,60,6,0.1,1,1,0,0.016666666666666666,0.016666666666666666,0.0,60,6,0.1,1,1,0,0.016666666666666666,0.016666666666666666,0.0,290.60342199999906,127.0240929999996,0.4371046016106445,135.9320000000001,30,4.53106666666667,87130029b5443647ed1f1febd32ab768bf957a0a1698217eb3cf14b2d00c6ecf,299,70344645089a6a43aba7f50a1075c51d02c3615071408ed8c051024e87a60bc9,4ab7d2693b2bdd7e646b3462de789c9c33517a5c42690bb7ed8036ac2bed8fba
s24,s2403a,O0_4_LR_rms_waveform_gt20ms,60,6,0.1,1,1,0,0.016666666666666666,0.016666666666666666,0.0,60,6,0.1,1,1,0,0.016666666666666666,0.016666666666666666,0.0,290.60342199999906,127.0240929999996,0.4371046016106445,135.9320000000001,30,4.53106666666667,87130029b5443647ed1f1febd32ab768bf957a0a1698217eb3cf14b2d00c6ecf,299,70344645089a6a43aba7f50a1075c51d02c3615071408ed8c051024e87a60bc9,4ab7d2693b2bdd7e646b3462de789c9c33517a5c42690bb7ed8036ac2bed8fba
s24,s2403a,O0_4_LR_rms_waveform_gt50ms,60,6,0.1,1,1,0,0.016666666666666666,0.016666666666666666,0.0,60,6,0.1,1,1,0,0.016666666666666666,0.016666666666666666,0.0,290.60342199999906,127.0240929999996,0.4371046016106445,135.9320000000001,30,4.53106666666667,87130029b5443647ed1f1febd32ab768bf957a0a1698217eb3cf14b2d00c6ecf,299,70344645089a6a43aba7f50a1075c51d02c3615071408ed8c051024e87a60bc9,4ab7d2693b2bdd7e646b3462de789c9c33517a5c42690bb7ed8036ac2bed8fba
s24,s2403a,O0_4_LR_vad_only_inside,60,7,0.11666666666666667,2,2,0,0.03333333333333333,0.03333333333333333,0.0,60,7,0.11666666666666667,2,2,0,0.03333333333333333,0.03333333333333333,0.0,290.60342199999906,124.77894699999962,0.4293787944451667,133.1160000000001,30,4.437200000000003,87130029b5443647ed1f1febd32ab768bf957a0a1698217eb3cf14b2d00c6ecf,299,4d2301811d1b95e8eea8dac8d912ba6eec0d455756880422fbf5c0fdcff4c7b5,59b414f20eefb4fe7ac6691241783ddd10b7b8c18ace93e8616ff20a28acf845
s24,s2403a,O0_4_LR_vad_only_gt20ms,60,6,0.1,1,1,0,0.016666666666666666,0.016666666666666666,0.0,60,6,0.1,1,1,0,0.016666666666666666,0.016666666666666666,0.0,290.60342199999906,127.0240929999996,0.4371046016106445,135.9320000000001,30,4.53106666666667,87130029b5443647ed1f1febd32ab768bf957a0a1698217eb3cf14b2d00c6ecf,299,70344645089a6a43aba7f50a1075c51d02c3615071408ed8c051024e87a60bc9,4ab7d2693b2bdd7e646b3462de789c9c33517a5c42690bb7ed8036ac2bed8fba
s24,s2403a,O0_4_LR_vad_only_gt50ms,60,6,0.1,1,1,0,0.016666666666666666,0.016666666666666666,0.0,60,6,0.1,1,1,0,0.016666666666666666,0.016666666666666666,0.0,290.60342199999906,127.0240929999996,0.4371046016106445,135.9320000000001,30,4.53106666666667,87130029b5443647ed1f1febd32ab768bf957a0a1698217eb3cf14b2d00c6ecf,299,70344645089a6a43aba7f50a1075c51d02c3615071408ed8c051024e87a60bc9,4ab7d2693b2bdd7e646b3462de789c9c33517a5c42690bb7ed8036ac2bed8fba
s24,s2403a,O0_4_LR_all_inside,60,6,0.1,1,1,0,0.016666666666666666,0.016666666666666666,0.0,60,6,0.1,1,1,0,0.016666666666666666,0.016666666666666666,0.0,290.60342199999906,127.0240929999996,0.4371046016106445,135.9320000000001,30,4.53106666666667,87130029b5443647ed1f1febd32ab768bf957a0a1698217eb3cf14b2d00c6ecf,299,70344645089a6a43aba7f50a1075c51d02c3615071408ed8c051024e87a60bc9,4ab7d2693b2bdd7e646b3462de789c9c33517a5c42690bb7ed8036ac2bed8fba
s24,s2403a,O0_4_LR_all_gt20ms,60,6,0.1,1,1,0,0.016666666666666666,0.016666666666666666,0.0,60,6,0.1,1,1,0,0.016666666666666666,0.016666666666666666,0.0,290.60342199999906,127.0240929999996,0.4371046016106445,135.9320000000001,30,4.53106666666667,87130029b5443647ed1f1febd32ab768bf957a0a1698217eb3cf14b2d00c6ecf,299,70344645089a6a43aba7f50a1075c51d02c3615071408ed8c051024e87a60bc9,4ab7d2693b2bdd7e646b3462de789c9c33517a5c42690bb7ed8036ac2bed8fba
s24,s2403a,O0_4_LR_all_gt50ms,60,6,0.1,1,1,0,0.016666666666666666,0.016666666666666666,0.0,60,6,0.1,1,1,0,0.016666666666666666,0.016666666666666666,0.0,290.60342199999906,127.0240929999996,0.4371046016106445,135.9320000000001,30,4.53106666666667,87130029b5443647ed1f1febd32ab768bf957a0a1698217eb3cf14b2d00c6ecf,299,70344645089a6a43aba7f50a1075c51d02c3615071408ed8c051024e87a60bc9,4ab7d2693b2bdd7e646b3462de789c9c33517a5c42690bb7ed8036ac2bed8fba
s24,s2403b,O0_4,70,7,0.1,4,0,0,0.05714285714285714,0.0,0.0,70,7,0.1,4,0,0,0.05714285714285714,0.0,0.0,285.733641,140.51128100000005,0.4917561702158832,152.7200000000001,35,4.3634285714285745,87130029b5443647ed1f1febd32ab768bf957a0a1698217eb3cf14b2d00c6ecf,321,8d13ed5b1bd132819c18361e68648f6d6a20a23d852c987833102497c1311b3c,9ad9846bf15d3a8a04d0bedc83ca9bdd5edf3a27d9bad3f25f576efbaeba1e1e
s24,s2403b,O0_4_LR_rms_waveform_inside,70,7,0.1,4,0,0,0.05714285714285714,0.0,0.0,70,7,0.1,4,0,0,0.05714285714285714,0.0,0.0,285.733641,138.24583300000003,0.4838276393223157,149.88800000000006,35,4.282514285714288,87130029b5443647ed1f1febd32ab768bf957a0a1698217eb3cf14b2d00c6ecf,321,26bd83a10a5bcb2ab9342c92d4c98f522c3da36f49d25593521716019e864316,5f6f9cf3067c573aa56bac004ef44820fd72d56d9aee66b7b12398caace68564
s24,s2403b,O0_4_LR_rms_waveform_gt20ms,70,7,0.1,4,0,0,0.05714285714285714,0.0,0.0,70,7,0.1,4,0,0,0.05714285714285714,0.0,0.0,285.733641,138.66768000000005,0.4853040038082182,150.4800000000001,35,4.2994285714285745,87130029b5443647ed1f1febd32ab768bf957a0a1698217eb3cf14b2d00c6ecf,321,fc177702576416d0dcf164c2a932a81e9fac7931dfea92ea342c357afc1d2021,2c9da0831460b86acafe36c45830a807473b10048e9ba6eb8bea77a91e159f14
s24,s2403b,O0_4_LR_rms_waveform_gt50ms,70,7,0.1,4,0,0,0.05714285714285714,0.0,0.0,70,7,0.1,4,0,0,0.05714285714285714,0.0,0.0,285.733641,139.23884300000006,0.48730293889335935,151.2840000000001,35,4.322400000000003,87130029b5443647ed1f1febd32ab768bf957a0a1698217eb3cf14b2d00c6ecf,321,a6494c941f870d9d8ae80346e918f0d5c11e4895fae776dca5e2cf85f0cb119a,0af7f4e917c1c1833c2aef34b9be30b15dca6974c7a4955b7f2c5c05fe60bb67
s24,s2403b,O0_4_LR_vad_only_inside,70,7,0.1,4,0,0,0.05714285714285714,0.0,0.0,70,7,0.1,4,0,0,0.05714285714285714,0.0,0.0,285.733641,138.789069,0.4857288365285627,150.40800000000007,35,4.297371428571431,87130029b5443647ed1f1febd32ab768bf957a0a1698217eb3cf14b2d00c6ecf,321,c1b25efb54a8cc6dcd7d708db4bf8021c7a9761e557719e308f425ca9dca395a,6b54c6e65d04fcccd97fbb1634f557f1f85f1c981111bfc5d6e8f5ece9e1dfe5
s24,s2403b,O0_4_LR_vad_only_gt20ms,70,7,0.1,4,0,0,0.05714285714285714,0.0,0.0,70,7,0.1,4,0,0,0.05714285714285714,0.0,0.0,285.733641,139.94143400000002,0.4897618408187366,151.98000000000008,35,4.342285714285716,87130029b5443647ed1f1febd32ab768bf957a0a1698217eb3cf14b2d00c6ecf,321,2060e07f4f4c4b79b2d7a7c7c55747a7c2b05cd841f4cbd12274dc1ede3e6a6a,340e46594820eead35b279df3e955f1a78d837735efabf1a0e230ac98a7d46dd
s24,s2403b,O0_4_LR_vad_only_gt50ms,70,7,0.1,4,0,0,0.05714285714285714,0.0,0.0,70,7,0.1,4,0,0,0.05714285714285714,0.0,0.0,285.733641,140.51128100000005,0.4917561702158832,152.7200000000001,35,4.3634285714285745,87130029b5443647ed1f1febd32ab768bf957a0a1698217eb3cf14b2d00c6ecf,321,8d13ed5b1bd132819c18361e68648f6d6a20a23d852c987833102497c1311b3c,9ad9846bf15d3a8a04d0bedc83ca9bdd5edf3a27d9bad3f25f576efbaeba1e1e
s24,s2403b,O0_4_LR_all_inside,70,7,0.1,4,0,0,0.05714285714285714,0.0,0.0,70,7,0.1,4,0,0,0.05714285714285714,0.0,0.0,285.733641,138.097833,0.4833096744110716,149.74000000000007,35,4.278285714285716,87130029b5443647ed1f1febd32ab768bf957a0a1698217eb3cf14b2d00c6ecf,321,a09a43420130f510a1232d0078d0020f7a5da4a61fe7a9771f07d04c5177b37f,270c37baca503a4bfeab6cb6aa4a0376784427f5cd8931276072c6a6493f3230
s24,s2403b,O0_4_LR_all_gt20ms,70,7,0.1,4,0,0,0.05714285714285714,0.0,0.0,70,7,0.1,4,0,0,0.05714285714285714,0.0,0.0,285.733641,138.097833,0.4833096744110716,149.74000000000007,35,4.278285714285716,87130029b5443647ed1f1febd32ab768bf957a0a1698217eb3cf14b2d00c6ecf,321,a09a43420130f510a1232d0078d0020f7a5da4a61fe7a9771f07d04c5177b37f,270c37baca503a4bfeab6cb6aa4a0376784427f5cd8931276072c6a6493f3230
s24,s2403b,O0_4_LR_all_gt50ms,70,7,0.1,4,0,0,0.05714285714285714,0.0,0.0,70,7,0.1,4,0,0,0.05714285714285714,0.0,0.0,285.733641,139.23884300000006,0.48730293889335935,151.2840000000001,35,4.322400000000003,87130029b5443647ed1f1febd32ab768bf957a0a1698217eb3cf14b2d00c6ecf,321,a6494c941f870d9d8ae80346e918f0d5c11e4895fae776dca5e2cf85f0cb119a,0af7f4e917c1c1833c2aef34b9be30b15dca6974c7a4955b7f2c5c05fe60bb67
