candidate_id,speaker_id,recording_id,y_margin_ms,margin_usable,pred_margin_ms
s0101b:s01_s0101b_raw_nemo_buffer_000000-vad_percentile_rms-0000-0001-6728,s01,s0101b,,0,40.93951882231579
s0101b:s01_s0101b_raw_nemo_buffer_000001-vad_percentile_rms-0000-0000-7216,s01,s0101b,-32,1,-17.339325160843483
s0101b:s01_s0101b_raw_nemo_buffer_000001-vad_percentile_rms-0000-0001-8716,s01,s0101b,,0,6.498373160873112
s0101b:s01_s0101b_raw_nemo_buffer_000002-vad_percentile_rms-0000-0000-8944,s01,s0101b,,0,-0.6623272786906806
s0101b:s01_s0101b_raw_nemo_buffer_000002-vad_percentile_rms-0000-0002-13600,s01,s0101b,,0,47.12355200792812
s0101b:s01_s0101b_raw_nemo_buffer_000003-vad_percentile_rms-0000-0000-14208,s01,s0101b,,0,18.060623001534452
s0101b:s01_s0101b_raw_nemo_buffer_000003-vad_percentile_rms-0000-0001-15684,s01,s0101b,50,1,76.65615501483742
s0101b:s01_s0101b_raw_nemo_buffer_000003-vad_percentile_rms-0000-0002-19720,s01,s0101b,21,1,14.397686568101578
s0101b:s01_s0101b_raw_nemo_buffer_000003-vad_percentile_rms-0000-0003-23436,s01,s0101b,,0,36.58777053959025
s0101b:s01_s0101b_raw_nemo_buffer_000004-vad_percentile_rms-0000-0000-24000,s01,s0101b,-23,1,-34.45285643000178
s0101b:s01_s0101b_raw_nemo_buffer_000004-vad_percentile_rms-0000-0001-24832,s01,s0101b,,0,40.939320399285876
s0101b:s01_s0101b_raw_nemo_buffer_000005-vad_percentile_rms-0000-0000-25348,s01,s0101b,-40,1,2.4813961341749255
s0101b:s01_s0101b_raw_nemo_buffer_000006-vad_percentile_rms-0000-0000-31588,s01,s0101b,,0,7.203626328310891
s0101b:s01_s0101b_raw_nemo_buffer_000006-vad_percentile_rms-0000-0001-32236,s01,s0101b,,0,18.43053810568607
s0101b:s01_s0101b_raw_nemo_buffer_000007-vad_percentile_rms-0000-0000-33028,s01,s0101b,,0,-3.476897826765944
s0101b:s01_s0101b_raw_nemo_buffer_000007-vad_percentile_rms-0000-0001-33580,s01,s0101b,,0,30.161468285475504
s0101b:s01_s0101b_raw_nemo_buffer_000008-vad_percentile_rms-0000-0000-34628,s01,s0101b,,0,29.694294748489128
s0101b:s01_s0101b_raw_nemo_buffer_000009-vad_percentile_rms-0000-0000-42292,s01,s0101b,-41,1,66.93959458884132
s0101b:s01_s0101b_raw_nemo_buffer_000009-vad_percentile_rms-0000-0001-43712,s01,s0101b,,0,9.757249718486948
s0101b:s01_s0101b_raw_nemo_buffer_000010-vad_percentile_rms-0000-0000-44384,s01,s0101b,,0,-9.868343174940748
s0101b:s01_s0101b_raw_nemo_buffer_000010-vad_percentile_rms-0000-0001-46440,s01,s0101b,19,1,48.58907470082203
s0101b:s01_s0101b_raw_nemo_buffer_000010-vad_percentile_rms-0000-0002-51492,s01,s0101b,9,1,33.40014313151491
s0101b:s01_s0101b_raw_nemo_buffer_000010-vad_percentile_rms-0000-0003-52768,s01,s0101b,,0,32.48063486930154
s0101b:s01_s0101b_raw_nemo_buffer_000011-vad_percentile_rms-0000-0000-53120,s01,s0101b,,0,29.04814816360807
s0101b:s01_s0101b_raw_nemo_buffer_000011-vad_percentile_rms-0000-0001-56172,s01,s0101b,,0,32.22923451429493
s0101b:s01_s0101b_raw_nemo_buffer_000012-vad_percentile_rms-0000-0000-56528,s01,s0101b,,0,28.16019117437281
s0101b:s01_s0101b_raw_nemo_buffer_000012-vad_percentile_rms-0000-0001-60376,s01,s0101b,31,1,31.965122284112578
s0101b:s01_s0101b_raw_nemo_buffer_000012-vad_percentile_rms-0000-0002-61664,s01,s0101b,,0,38.41845995520675
s0101b:s01_s0101b_raw_nemo_buffer_000013-vad_percentile_rms-0000-0000-88756,s01,s0101b,-78,1,18.45214360246731
s0101b:s01_s0101b_raw_nemo_buffer_000013-vad_percentile_rms-0000-0001-89404,s01,s0101b,,0,27.897869971014206
s0101b:s01_s0101b_raw_nemo_buffer_000014-vad_percentile_rms-0000-0000-89756,s01,s0101b,,0,14.104330016006106
s0101b:s01_s0101b_raw_nemo_buffer_000014-vad_percentile_rms-0000-0001-92716,s01,s0101b,16,1,26.726567025834775
s0101b:s01_s0101b_raw_nemo_buffer_000014-vad_percentile_rms-0000-0002-93148,s01,s0101b,,0,18.92239600424718
s0101b:s01_s0101b_raw_nemo_buffer_000015-vad_percentile_rms-0000-0000-94264,s01,s0101b,-22,1,-11.68073424636637
s0101b:s01_s0101b_raw_nemo_buffer_000015-vad_percentile_rms-0000-0001-97884,s01,s0101b,,0,35.6109203960192
s0101b:s01_s0101b_raw_nemo_buffer_000016-vad_percentile_rms-0000-0001-100332,s01,s0101b,-68,1,29.624355850407557
s0101b:s01_s0101b_raw_nemo_buffer_000017-vad_percentile_rms-0000-0000-100632,s01,s0101b,-8,1,-4.716888306942872
s0101b:s01_s0101b_raw_nemo_buffer_000017-vad_percentile_rms-0000-0001-101480,s01,s0101b,,0,32.65448019678004
s0101b:s01_s0101b_raw_nemo_buffer_000018-vad_percentile_rms-0000-0000-101912,s01,s0101b,,0,-0.4407504558406803
s0101b:s01_s0101b_raw_nemo_buffer_000018-vad_percentile_rms-0000-0001-104980,s01,s0101b,20,1,19.977456280775144
s0101b:s01_s0101b_raw_nemo_buffer_000018-vad_percentile_rms-0000-0002-105512,s01,s0101b,,0,39.01799748467177
s0101b:s01_s0101b_raw_nemo_buffer_000019-vad_percentile_rms-0000-0000-106152,s01,s0101b,,0,0.3654122739119252
s0101b:s01_s0101b_raw_nemo_buffer_000019-vad_percentile_rms-0000-0001-110064,s01,s0101b,12,1,43.24864405240629
s0101b:s01_s0101b_raw_nemo_buffer_000019-vad_percentile_rms-0000-0002-110600,s01,s0101b,,0,24.679986712562382
s0101b:s01_s0101b_raw_nemo_buffer_000020-vad_percentile_rms-0000-0000-110852,s01,s0101b,,0,2.841753931234887
s0101b:s01_s0101b_raw_nemo_buffer_000020-vad_percentile_rms-0000-0001-114660,s01,s0101b,,0,33.120464857311106
s0101b:s01_s0101b_raw_nemo_buffer_000021-vad_percentile_rms-0000-0000-114876,s01,s0101b,,0,15.92118346415847
s0101b:s01_s0101b_raw_nemo_buffer_000021-vad_percentile_rms-0000-0001-117964,s01,s0101b,,0,32.2009386929482
s0101b:s01_s0101b_raw_nemo_buffer_000022-vad_percentile_rms-0000-0000-118572,s01,s0101b,-60,1,-20.583597286143014
s0101b:s01_s0101b_raw_nemo_buffer_000022-vad_percentile_rms-0000-0001-119916,s01,s0101b,,0,17.524355507961975
s0101b:s01_s0101b_raw_nemo_buffer_000023-vad_percentile_rms-0000-0000-120244,s01,s0101b,,0,0.8684728029340896
s0101b:s01_s0101b_raw_nemo_buffer_000023-vad_percentile_rms-0000-0001-120840,s01,s0101b,,0,17.9720623971207
s0101b:s01_s0101b_raw_nemo_buffer_000024-vad_percentile_rms-0000-0000-122016,s01,s0101b,-48,1,-10.459368452721364
s0101b:s01_s0101b_raw_nemo_buffer_000024-vad_percentile_rms-0000-0002-124672,s01,s0101b,16,1,-5.86783551173442
s0101b:s01_s0101b_raw_nemo_buffer_000025-vad_percentile_rms-0000-0000-128932,s01,s0101b,,0,41.08192047582298
s0101b:s01_s0101b_raw_nemo_buffer_000026-vad_percentile_rms-0000-0000-129188,s01,s0101b,,0,5.393049445921087
s0101b:s01_s0101b_raw_nemo_buffer_000026-vad_percentile_rms-0000-0001-130148,s01,s0101b,87,1,44.10671323236361
s0101b:s01_s0101b_raw_nemo_buffer_000026-vad_percentile_rms-0000-0002-130852,s01,s0101b,100,1,31.36280542936574
s0101b:s01_s0101b_raw_nemo_buffer_000026-vad_percentile_rms-0000-0003-130920,s01,s0101b,37,1,19.303549298457792
s0101b:s01_s0101b_raw_nemo_buffer_000026-vad_percentile_rms-0000-0004-134288,s01,s0101b,41,1,21.98580997544159
s0101b:s01_s0101b_raw_nemo_buffer_000026-vad_percentile_rms-0000-0005-138752,s01,s0101b,20,1,48.49009481442926
s0101b:s01_s0101b_raw_nemo_buffer_000026-vad_percentile_rms-0000-0006-140324,s01,s0101b,,0,35.300807090742815
s0101b:s01_s0101b_raw_nemo_buffer_000027-vad_percentile_rms-0000-0000-140580,s01,s0101b,,0,5.683492905806621
s0101b:s01_s0101b_raw_nemo_buffer_000027-vad_percentile_rms-0000-0001-142604,s01,s0101b,,0,32.00528506050708
s0101b:s01_s0101b_raw_nemo_buffer_000028-vad_percentile_rms-0000-0000-143184,s01,s0101b,,0,10.80602924238808
s0101b:s01_s0101b_raw_nemo_buffer_000028-vad_percentile_rms-0000-0001-144460,s01,s0101b,,0,29.52691471981214
s0101b:s01_s0101b_raw_nemo_buffer_000029-vad_percentile_rms-0000-0000-145268,s01,s0101b,,0,27.996023909154612
s0101b:s01_s0101b_raw_nemo_buffer_000029-vad_percentile_rms-0000-0001-147372,s01,s0101b,,0,32.46829107418358
s0101b:s01_s0101b_raw_nemo_buffer_000030-vad_percentile_rms-0000-0000-147688,s01,s0101b,,0,8.699883375501235
s0101b:s01_s0101b_raw_nemo_buffer_000030-vad_percentile_rms-0000-0001-151616,s01,s0101b,,0,29.040248897387272
s0101b:s01_s0101b_raw_nemo_buffer_000031-vad_percentile_rms-0000-0000-155500,s01,s0101b,,0,0.5038985313675983
s0101b:s01_s0101b_raw_nemo_buffer_000032-vad_percentile_rms-0000-0000-158356,s01,s0101b,-4,1,6.865007094379553
s0101b:s01_s0101b_raw_nemo_buffer_000032-vad_percentile_rms-0000-0001-162668,s01,s0101b,,0,36.55373509297014
s0101b:s01_s0101b_raw_nemo_buffer_000033-vad_percentile_rms-0000-0000-163752,s01,s0101b,,0,36.431149050029525
s0101b:s01_s0101b_raw_nemo_buffer_000034-vad_percentile_rms-0000-0000-164016,s01,s0101b,,0,25.82563782057839
s0101b:s01_s0101b_raw_nemo_buffer_000034-vad_percentile_rms-0000-0001-165096,s01,s0101b,,0,20.253846713491903
s0101b:s01_s0101b_raw_nemo_buffer_000035-vad_percentile_rms-0000-0000-172808,s01,s0101b,,0,8.601202557862347
s0101b:s01_s0101b_raw_nemo_buffer_000035-vad_percentile_rms-0000-0001-173348,s01,s0101b,-12,1,-0.3926988310643438
s0101b:s01_s0101b_raw_nemo_buffer_000036-vad_percentile_rms-0000-0000-231788,s01,s0101b,,0,28.73365284967425
s0101b:s01_s0101b_raw_nemo_buffer_000037-vad_percentile_rms-0000-0000-238880,s01,s0101b,,0,18.593287022185486
s0101b:s01_s0101b_raw_nemo_buffer_000037-vad_percentile_rms-0000-0001-243908,s01,s0101b,,0,22.260570328307466
s0101b:s01_s0101b_raw_nemo_buffer_000038-vad_percentile_rms-0000-0000-244140,s01,s0101b,-28,1,-2.7061132326295336
s0101b:s01_s0101b_raw_nemo_buffer_000038-vad_percentile_rms-0000-0001-247356,s01,s0101b,,0,35.16462634465911
s0101b:s01_s0101b_raw_nemo_buffer_000039-vad_percentile_rms-0000-0000-247692,s01,s0101b,,0,22.973172453008914
s0101b:s01_s0101b_raw_nemo_buffer_000039-vad_percentile_rms-0000-0001-253992,s01,s0101b,10,1,27.904951720497753
s0101b:s01_s0101b_raw_nemo_buffer_000039-vad_percentile_rms-0000-0002-256376,s01,s0101b,17,1,14.841641192286204
s0101b:s01_s0101b_raw_nemo_buffer_000039-vad_percentile_rms-0000-0003-258560,s01,s0101b,,0,26.520743215656992
s0101b:s01_s0101b_raw_nemo_buffer_000040-vad_percentile_rms-0000-0000-259108,s01,s0101b,,0,20.50531461638787
s0101b:s01_s0101b_raw_nemo_buffer_000040-vad_percentile_rms-0000-0001-259844,s01,s0101b,-76,1,56.5490986851076
s0101b:s01_s0101b_raw_nemo_buffer_000040-vad_percentile_rms-0000-0002-261356,s01,s0101b,0,1,55.34644079920649
s0101b:s01_s0101b_raw_nemo_buffer_000040-vad_percentile_rms-0000-0004-266148,s01,s0101b,,0,30.872645710720633
s0101b:s01_s0101b_raw_nemo_buffer_000041-vad_percentile_rms-0000-0000-266628,s01,s0101b,,0,12.34040901339026
s0101b:s01_s0101b_raw_nemo_buffer_000041-vad_percentile_rms-0000-0001-268004,s01,s0101b,,0,31.6895999751117
s0101b:s01_s0101b_raw_nemo_buffer_000042-vad_percentile_rms-0000-0000-272376,s01,s0101b,,0,-22.0951085781451
s0101b:s01_s0101b_raw_nemo_buffer_000042-vad_percentile_rms-0000-0001-276648,s01,s0101b,-22,1,48.914373338785055
s0101b:s01_s0101b_raw_nemo_buffer_000042-vad_percentile_rms-0000-0002-277992,s01,s0101b,,0,31.29541443643135
s0101b:s01_s0101b_raw_nemo_buffer_000043-vad_percentile_rms-0000-0000-299936,s01,s0101b,,0,-36.58141722036727
s0101b:s01_s0101b_raw_nemo_buffer_000043-vad_percentile_rms-0000-0001-301324,s01,s0101b,,0,29.15623515527908
s0101b:s01_s0101b_raw_nemo_buffer_000044-vad_percentile_rms-0000-0000-302044,s01,s0101b,,0,-25.910833034273516
s0101b:s01_s0101b_raw_nemo_buffer_000044-vad_percentile_rms-0000-0001-302764,s01,s0101b,,0,29.9952012177712
s0101b:s01_s0101b_raw_nemo_buffer_000045-vad_percentile_rms-0000-0000-308636,s01,s0101b,-62,1,23.55345517887703
s0101b:s01_s0101b_raw_nemo_buffer_000045-vad_percentile_rms-0000-0001-309408,s01,s0101b,,0,36.29009272884551
s0101b:s01_s0101b_raw_nemo_buffer_000046-vad_percentile_rms-0000-0000-311128,s01,s0101b,,0,-5.066571630409893
s0101b:s01_s0101b_raw_nemo_buffer_000046-vad_percentile_rms-0000-0002-311916,s01,s0101b,,0,26.91837936459964
s0101b:s01_s0101b_raw_nemo_buffer_000047-vad_percentile_rms-0000-0000-312404,s01,s0101b,,0,10.372147104298126
s0101b:s01_s0101b_raw_nemo_buffer_000047-vad_percentile_rms-0000-0001-313896,s01,s0101b,,0,5.647751472812661
s0101b:s01_s0101b_raw_nemo_buffer_000048-vad_percentile_rms-0000-0000-315144,s01,s0101b,,0,26.8170663086995
s0101b:s01_s0101b_raw_nemo_buffer_000049-vad_percentile_rms-0000-0000-338248,s01,s0101b,-26,1,8.313684917862053
s0101b:s01_s0101b_raw_nemo_buffer_000049-vad_percentile_rms-0000-0002-340844,s01,s0101b,,0,40.32593681540584
s0101b:s01_s0101b_raw_nemo_buffer_000050-vad_percentile_rms-0000-0000-344184,s01,s0101b,,0,-1.1713143942525672
s0101b:s01_s0101b_raw_nemo_buffer_000050-vad_percentile_rms-0000-0001-347560,s01,s0101b,,0,38.20510811163792
s0101b:s01_s0101b_raw_nemo_buffer_000051-vad_percentile_rms-0000-0000-348328,s01,s0101b,-29,1,-0.8599019446094651
s0101b:s01_s0101b_raw_nemo_buffer_000051-vad_percentile_rms-0000-0001-351744,s01,s0101b,9,1,29.185272798520327
s0101b:s01_s0101b_raw_nemo_buffer_000051-vad_percentile_rms-0000-0002-355300,s01,s0101b,-13,1,17.698373325965647
s0101b:s01_s0101b_raw_nemo_buffer_000051-vad_percentile_rms-0000-0003-356836,s01,s0101b,13,1,12.042522841786601
s0101b:s01_s0101b_raw_nemo_buffer_000051-vad_percentile_rms-0000-0004-357452,s01,s0101b,,0,35.06216371822701
s0101b:s01_s0101b_raw_nemo_buffer_000052-vad_percentile_rms-0000-0000-358396,s01,s0101b,,0,-8.836409902318849
s0101b:s01_s0101b_raw_nemo_buffer_000052-vad_percentile_rms-0000-0001-360076,s01,s0101b,,0,46.24411972017339
s0101b:s01_s0101b_raw_nemo_buffer_000053-vad_percentile_rms-0000-0000-361048,s01,s0101b,-16,1,5.453002267479469
s0101b:s01_s0101b_raw_nemo_buffer_000053-vad_percentile_rms-0000-0001-361272,s01,s0101b,-9,1,6.587105523605053
s0101b:s01_s0101b_raw_nemo_buffer_000053-vad_percentile_rms-0000-0002-362024,s01,s0101b,,0,9.611610707878786
s0101b:s01_s0101b_raw_nemo_buffer_000054-vad_percentile_rms-0000-0000-387464,s01,s0101b,,0,17.042927429723175
s0101b:s01_s0101b_raw_nemo_buffer_000054-vad_percentile_rms-0000-0001-387864,s01,s0101b,-5,1,30.70583405738044
s0101b:s01_s0101b_raw_nemo_buffer_000054-vad_percentile_rms-0000-0002-389048,s01,s0101b,,0,8.570975785843242
s0101b:s01_s0101b_raw_nemo_buffer_000055-vad_percentile_rms-0000-0001-390636,s01,s0101b,,0,14.101764739345056
s0101b:s01_s0101b_raw_nemo_buffer_000056-vad_percentile_rms-0000-0000-390908,s01,s0101b,,0,-5.67906182909525
s0101b:s01_s0101b_raw_nemo_buffer_000057-vad_percentile_rms-0000-0000-393720,s01,s0101b,-9,1,67.80570155172587
s0101b:s01_s0101b_raw_nemo_buffer_000057-vad_percentile_rms-0000-0001-395504,s01,s0101b,9,1,16.726936188869168
s0101b:s01_s0101b_raw_nemo_buffer_000057-vad_percentile_rms-0000-0002-398128,s01,s0101b,19,1,60.15831751260209
s0101b:s01_s0101b_raw_nemo_buffer_000057-vad_percentile_rms-0000-0003-399840,s01,s0101b,,0,42.870606561965644
s0101b:s01_s0101b_raw_nemo_buffer_000058-vad_percentile_rms-0000-0000-400228,s01,s0101b,,0,10.257378822951601
s0101b:s01_s0101b_raw_nemo_buffer_000058-vad_percentile_rms-0000-0001-401864,s01,s0101b,,0,40.18476710208559
s0101b:s01_s0101b_raw_nemo_buffer_000059-vad_percentile_rms-0000-0000-402288,s01,s0101b,,0,0.8571104085295627
s0101b:s01_s0101b_raw_nemo_buffer_000059-vad_percentile_rms-0000-0001-404556,s01,s0101b,,0,40.511523285692036
s0101b:s01_s0101b_raw_nemo_buffer_000060-vad_percentile_rms-0000-0000-406136,s01,s0101b,,0,12.08539046368757
s0101b:s01_s0101b_raw_nemo_buffer_000060-vad_percentile_rms-0000-0001-408428,s01,s0101b,,0,34.83493961144921
s0101b:s01_s0101b_raw_nemo_buffer_000061-vad_percentile_rms-0000-0000-409748,s01,s0101b,,0,6.1182344889561575
s0101b:s01_s0101b_raw_nemo_buffer_000061-vad_percentile_rms-0000-0001-410568,s01,s0101b,,0,38.283853199158
s0101b:s01_s0101b_raw_nemo_buffer_000062-vad_percentile_rms-0000-0000-419400,s01,s0101b,,0,10.794931374064394
s0101b:s01_s0101b_raw_nemo_buffer_000062-vad_percentile_rms-0000-0001-420108,s01,s0101b,21,1,5.8814732628832225
s0101b:s01_s0101b_raw_nemo_buffer_000062-vad_percentile_rms-0000-0002-420588,s01,s0101b,,0,30.632985722063804
s0101b:s01_s0101b_raw_nemo_buffer_000063-vad_percentile_rms-0000-0000-435488,s01,s0101b,-16,1,-24.69243363569361
s0101b:s01_s0101b_raw_nemo_buffer_000063-vad_percentile_rms-0000-0001-442508,s01,s0101b,,0,27.92451500555801
s0101b:s01_s0101b_raw_nemo_buffer_000064-vad_percentile_rms-0000-0000-442880,s01,s0101b,-16,1,10.386204968972486
s0101b:s01_s0101b_raw_nemo_buffer_000064-vad_percentile_rms-0000-0001-445092,s01,s0101b,,0,32.787810175245056
s0101b:s01_s0101b_raw_nemo_buffer_000065-vad_percentile_rms-0000-0000-446268,s01,s0101b,,0,-11.656194739013419
s0101b:s01_s0101b_raw_nemo_buffer_000065-vad_percentile_rms-0000-0001-447012,s01,s0101b,30,1,71.94376322424034
s0101b:s01_s0101b_raw_nemo_buffer_000065-vad_percentile_rms-0000-0002-448284,s01,s0101b,18,1,37.673531682258826
s0101b:s01_s0101b_raw_nemo_buffer_000065-vad_percentile_rms-0000-0003-449092,s01,s0101b,,0,31.506930228720385
s0101b:s01_s0101b_raw_nemo_buffer_000066-vad_percentile_rms-0000-0000-450264,s01,s0101b,,0,12.391824462745946
s0101b:s01_s0101b_raw_nemo_buffer_000066-vad_percentile_rms-0000-0001-451140,s01,s0101b,,0,39.76794055447005
s0101b:s01_s0101b_raw_nemo_buffer_000067-vad_percentile_rms-0000-0000-474224,s01,s0101b,-32,1,1.7485279552341204
s0101b:s01_s0101b_raw_nemo_buffer_000067-vad_percentile_rms-0000-0001-478628,s01,s0101b,,0,46.78089850880711
s0101b:s01_s0101b_raw_nemo_buffer_000068-vad_percentile_rms-0000-0000-479496,s01,s0101b,,0,20.38400709272905
s0101b:s01_s0101b_raw_nemo_buffer_000069-vad_percentile_rms-0000-0000-480164,s01,s0101b,,0,16.063652678187225
s0101b:s01_s0101b_raw_nemo_buffer_000069-vad_percentile_rms-0000-0001-481452,s01,s0101b,,0,36.79624496716352
s0101b:s01_s0101b_raw_nemo_buffer_000071-vad_percentile_rms-0000-0000-507324,s01,s0101b,-47,1,30.972300620278414
s0101b:s01_s0101b_raw_nemo_buffer_000071-vad_percentile_rms-0000-0002-507832,s01,s0101b,-18,1,25.13882231371903
s0101b:s01_s0101b_raw_nemo_buffer_000071-vad_percentile_rms-0000-0003-509296,s01,s0101b,12,1,7.7822512766363054
s0101b:s01_s0101b_raw_nemo_buffer_000071-vad_percentile_rms-0000-0004-511328,s01,s0101b,,0,38.55375889032828
s0101b:s01_s0101b_raw_nemo_buffer_000072-vad_percentile_rms-0000-0000-512248,s01,s0101b,,0,9.62324922126226
s0101b:s01_s0101b_raw_nemo_buffer_000072-vad_percentile_rms-0000-0001-515352,s01,s0101b,13,1,16.205611780076147
s0101b:s01_s0101b_raw_nemo_buffer_000072-vad_percentile_rms-0000-0002-518604,s01,s0101b,,0,30.733598941761702
s0101b:s01_s0101b_raw_nemo_buffer_000073-vad_percentile_rms-0000-0000-518928,s01,s0101b,-32,1,14.36960897517762
s0101b:s01_s0101b_raw_nemo_buffer_000073-vad_percentile_rms-0000-0001-520220,s01,s0101b,,0,49.50736159021747
s0101b:s01_s0101b_raw_nemo_buffer_000074-vad_percentile_rms-0000-0000-520728,s01,s0101b,,0,27.625493850142917
s0101b:s01_s0101b_raw_nemo_buffer_000074-vad_percentile_rms-0000-0001-527988,s01,s0101b,22,1,29.935520070379262
s0101b:s01_s0101b_raw_nemo_buffer_000074-vad_percentile_rms-0000-0002-528640,s01,s0101b,,0,19.595369301339062
s0101b:s01_s0101b_raw_nemo_buffer_000075-vad_percentile_rms-0000-0000-529088,s01,s0101b,,0,-8.81444036911276
s0101b:s01_s0101b_raw_nemo_buffer_000075-vad_percentile_rms-0000-0001-530392,s01,s0101b,,0,33.90969662480241
s0101b:s01_s0101b_raw_nemo_buffer_000076-vad_percentile_rms-0000-0000-544392,s01,s0101b,9,1,31.08327800460538
s0101b:s01_s0101b_raw_nemo_buffer_000076-vad_percentile_rms-0000-0001-544872,s01,s0101b,,0,31.940143745316732
s0201b:s02_s0201b_raw_nemo_buffer_000000-vad_percentile_rms-0000-0000-3040,s02,s0201b,,0,22.473399787180025
s0201b:s02_s0201b_raw_nemo_buffer_000001-vad_percentile_rms-0000-0000-4036,s02,s0201b,,0,-30.144896144895046
s0201b:s02_s0201b_raw_nemo_buffer_000001-vad_percentile_rms-0000-0001-5888,s02,s0201b,,0,5.448063385262855
s0201b:s02_s0201b_raw_nemo_buffer_000002-vad_percentile_rms-0000-0000-6080,s02,s0201b,,0,-12.001144194669038
s0201b:s02_s0201b_raw_nemo_buffer_000002-vad_percentile_rms-0000-0001-9312,s02,s0201b,28,1,-9.616924192643179
s0201b:s02_s0201b_raw_nemo_buffer_000002-vad_percentile_rms-0000-0003-24352,s02,s0201b,,0,13.055559958611582
s0201b:s02_s0201b_raw_nemo_buffer_000003-vad_percentile_rms-0000-0000-24596,s02,s0201b,,0,-2.1558059994138485
s0201b:s02_s0201b_raw_nemo_buffer_000003-vad_percentile_rms-0000-0002-24904,s02,s0201b,,0,-21.707240562992222
s0201b:s02_s0201b_raw_nemo_buffer_000003-vad_percentile_rms-0000-0003-25552,s02,s0201b,,0,-5.557315415269462
s0201b:s02_s0201b_raw_nemo_buffer_000005-vad_percentile_rms-0000-0000-144492,s02,s0201b,,0,-1.1382738452186878
s0201b:s02_s0201b_raw_nemo_buffer_000005-vad_percentile_rms-0000-0001-145324,s02,s0201b,,0,6.314381464350565
s0201b:s02_s0201b_raw_nemo_buffer_000006-vad_percentile_rms-0000-0000-157792,s02,s0201b,,0,-31.985710138971317
s0201b:s02_s0201b_raw_nemo_buffer_000006-vad_percentile_rms-0000-0002-162244,s02,s0201b,,0,14.323263142515536
s0201b:s02_s0201b_raw_nemo_buffer_000006-vad_percentile_rms-0000-0003-162492,s02,s0201b,,0,5.466213113705849
s0201b:s02_s0201b_raw_nemo_buffer_000007-vad_percentile_rms-0000-0000-164140,s02,s0201b,,0,3.6309416745497796
s0201b:s02_s0201b_raw_nemo_buffer_000008-vad_percentile_rms-0000-0000-172212,s02,s0201b,,0,-23.57322656767911
s0201b:s02_s0201b_raw_nemo_buffer_000008-vad_percentile_rms-0000-0001-173356,s02,s0201b,,0,-1.653156154847455
s0201b:s02_s0201b_raw_nemo_buffer_000009-vad_percentile_rms-0000-0000-175032,s02,s0201b,,0,-3.1230802436351475
s0201b:s02_s0201b_raw_nemo_buffer_000009-vad_percentile_rms-0000-0001-177000,s02,s0201b,,0,15.239163184578135
s0201b:s02_s0201b_raw_nemo_buffer_000010-vad_percentile_rms-0000-0000-180024,s02,s0201b,,0,-8.98810374639762
s0201b:s02_s0201b_raw_nemo_buffer_000010-vad_percentile_rms-0000-0001-182308,s02,s0201b,18,1,15.359941718389841
s0201b:s02_s0201b_raw_nemo_buffer_000010-vad_percentile_rms-0000-0002-184024,s02,s0201b,36,1,6.689449782385497
s0201b:s02_s0201b_raw_nemo_buffer_000010-vad_percentile_rms-0000-0003-185564,s02,s0201b,,0,4.595744748841855
s0201b:s02_s0201b_raw_nemo_buffer_000011-vad_percentile_rms-0000-0001-187052,s02,s0201b,,0,3.35367134667434
s0201b:s02_s0201b_raw_nemo_buffer_000012-vad_percentile_rms-0000-0000-187228,s02,s0201b,,0,-32.56891013434395
s0201b:s02_s0201b_raw_nemo_buffer_000012-vad_percentile_rms-0000-0001-189332,s02,s0201b,26,1,-1.0472596473772278
s0201b:s02_s0201b_raw_nemo_buffer_000012-vad_percentile_rms-0000-0002-190396,s02,s0201b,,0,14.260761267775308
s0201b:s02_s0201b_raw_nemo_buffer_000013-vad_percentile_rms-0000-0000-191092,s02,s0201b,,0,-6.723590294167376
s0201b:s02_s0201b_raw_nemo_buffer_000013-vad_percentile_rms-0000-0001-197568,s02,s0201b,15,1,-9.776566451738478
s0201b:s02_s0201b_raw_nemo_buffer_000013-vad_percentile_rms-0000-0002-199084,s02,s0201b,,0,8.021088700170713
s0201b:s02_s0201b_raw_nemo_buffer_000014-vad_percentile_rms-0000-0000-199436,s02,s0201b,,0,-21.74205692276887
s0201b:s02_s0201b_raw_nemo_buffer_000014-vad_percentile_rms-0000-0001-201804,s02,s0201b,,0,1.7775411807800108
s0201b:s02_s0201b_raw_nemo_buffer_000015-vad_percentile_rms-0000-0000-202028,s02,s0201b,,0,-4.4549473856624555
s0201b:s02_s0201b_raw_nemo_buffer_000015-vad_percentile_rms-0000-0001-206020,s02,s0201b,33,1,-13.80274631767891
s0201b:s02_s0201b_raw_nemo_buffer_000015-vad_percentile_rms-0000-0002-209120,s02,s0201b,,0,17.535677920005277
s0201b:s02_s0201b_raw_nemo_buffer_000016-vad_percentile_rms-0000-0000-209376,s02,s0201b,,0,-3.545282981800293
s0201b:s02_s0201b_raw_nemo_buffer_000017-vad_percentile_rms-0000-0000-219832,s02,s0201b,,0,-42.89285513953911
s0201b:s02_s0201b_raw_nemo_buffer_000017-vad_percentile_rms-0000-0001-221108,s02,s0201b,36,1,7.3742302184005535
s0201b:s02_s0201b_raw_nemo_buffer_000017-vad_percentile_rms-0000-0002-223496,s02,s0201b,,0,9.620087289863134
s0201b:s02_s0201b_raw_nemo_buffer_000018-vad_percentile_rms-0000-0000-224440,s02,s0201b,,0,-47.77923877656201
s0201b:s02_s0201b_raw_nemo_buffer_000018-vad_percentile_rms-0000-0001-228420,s02,s0201b,,0,9.766061789932259
s0201b:s02_s0201b_raw_nemo_buffer_000019-vad_percentile_rms-0000-0000-229216,s02,s0201b,,0,4.079333657909415
s0201b:s02_s0201b_raw_nemo_buffer_000019-vad_percentile_rms-0000-0001-229404,s02,s0201b,,0,-8.813192183430488
s0201b:s02_s0201b_raw_nemo_buffer_000019-vad_percentile_rms-0000-0002-232108,s02,s0201b,,0,3.8060586517061976
s0201b:s02_s0201b_raw_nemo_buffer_000020-vad_percentile_rms-0000-0000-238436,s02,s0201b,22,1,-14.22260609085492
s0201b:s02_s0201b_raw_nemo_buffer_000020-vad_percentile_rms-0000-0001-239432,s02,s0201b,,0,5.46982607083548
s0201b:s02_s0201b_raw_nemo_buffer_000021-vad_percentile_rms-0000-0000-239612,s02,s0201b,-2,1,-7.386435435241239
s0201b:s02_s0201b_raw_nemo_buffer_000021-vad_percentile_rms-0000-0001-240604,s02,s0201b,20,1,-0.7956376864702257
s0201b:s02_s0201b_raw_nemo_buffer_000021-vad_percentile_rms-0000-0002-242200,s02,s0201b,-31,1,-2.774765744946089
s0201b:s02_s0201b_raw_nemo_buffer_000021-vad_percentile_rms-0000-0003-249228,s02,s0201b,,0,27.182743184937216
s0201b:s02_s0201b_raw_nemo_buffer_000022-vad_percentile_rms-0000-0000-255900,s02,s0201b,,0,-5.563416843679855
s0201b:s02_s0201b_raw_nemo_buffer_000022-vad_percentile_rms-0000-0001-257252,s02,s0201b,,0,-0.6522050683773557
s0201b:s02_s0201b_raw_nemo_buffer_000022-vad_percentile_rms-0000-0002-257468,s02,s0201b,,0,-4.873015530855692
s0201b:s02_s0201b_raw_nemo_buffer_000022-vad_percentile_rms-0000-0003-257700,s02,s0201b,,0,-1.9082356449549565
s0201b:s02_s0201b_raw_nemo_buffer_000022-vad_percentile_rms-0000-0004-257864,s02,s0201b,,0,4.195763402156138
s0301a:s03_s0301a_raw_nemo_buffer_000000-vad_percentile_rms-0000-0000-9056,s03,s0301a,,0,12.736768052922972
s0301a:s03_s0301a_raw_nemo_buffer_000001-vad_percentile_rms-0000-0000-13504,s03,s0301a,,0,-20.93002121823295
s0301a:s03_s0301a_raw_nemo_buffer_000001-vad_percentile_rms-0000-0002-13916,s03,s0301a,,0,-7.901740520410762
s0301a:s03_s0301a_raw_nemo_buffer_000002-vad_percentile_rms-0000-0000-54188,s03,s0301a,,0,-1.6895897636459765
s0301a:s03_s0301a_raw_nemo_buffer_000002-vad_percentile_rms-0000-0001-58640,s03,s0301a,60,1,25.001731274658464
s0301a:s03_s0301a_raw_nemo_buffer_000002-vad_percentile_rms-0000-0002-60944,s03,s0301a,100,1,66.53516253577916
s0301a:s03_s0301a_raw_nemo_buffer_000002-vad_percentile_rms-0000-0003-65344,s03,s0301a,,0,1.8904373374821564
s0301a:s03_s0301a_raw_nemo_buffer_000003-vad_percentile_rms-0000-0000-66860,s03,s0301a,100,1,-14.459119822363252
s0301a:s03_s0301a_raw_nemo_buffer_000003-vad_percentile_rms-0000-0001-70224,s03,s0301a,47,1,-3.991800480092996
s0301a:s03_s0301a_raw_nemo_buffer_000003-vad_percentile_rms-0000-0002-79944,s03,s0301a,42,1,11.47801777013467
s0301a:s03_s0301a_raw_nemo_buffer_000003-vad_percentile_rms-0000-0004-84392,s03,s0301a,41,1,16.949345979086246
s0301a:s03_s0301a_raw_nemo_buffer_000003-vad_percentile_rms-0000-0005-94056,s03,s0301a,19,1,-37.70626829260179
s0301a:s03_s0301a_raw_nemo_buffer_000003-vad_percentile_rms-0000-0006-94568,s03,s0301a,19,1,-28.840748919315967
s0301a:s03_s0301a_raw_nemo_buffer_000003-vad_percentile_rms-0000-0007-98856,s03,s0301a,64,1,20.694799090712092
s0301a:s03_s0301a_raw_nemo_buffer_000003-vad_percentile_rms-0000-0008-99528,s03,s0301a,,0,10.775254257740345
s0301a:s03_s0301a_raw_nemo_buffer_000004-vad_percentile_rms-0000-0000-100592,s03,s0301a,,0,-38.956769375687756
s0301a:s03_s0301a_raw_nemo_buffer_000004-vad_percentile_rms-0000-0001-103468,s03,s0301a,,0,2.0641582492399486
s0301a:s03_s0301a_raw_nemo_buffer_000005-vad_percentile_rms-0000-0000-103660,s03,s0301a,,0,5.943458249444825
s0301a:s03_s0301a_raw_nemo_buffer_000005-vad_percentile_rms-0000-0001-104020,s03,s0301a,-66,1,15.840018110364198
s0301a:s03_s0301a_raw_nemo_buffer_000005-vad_percentile_rms-0000-0002-107872,s03,s0301a,46,1,-11.846431889754214
s0301a:s03_s0301a_raw_nemo_buffer_000005-vad_percentile_rms-0000-0003-114616,s03,s0301a,69,1,25.657786378588582
s0301a:s03_s0301a_raw_nemo_buffer_000005-vad_percentile_rms-0000-0004-115360,s03,s0301a,,0,-0.8920692434652562
s0301a:s03_s0301a_raw_nemo_buffer_000006-vad_percentile_rms-0000-0000-116148,s03,s0301a,,0,-10.599273125888033
s0301a:s03_s0301a_raw_nemo_buffer_000006-vad_percentile_rms-0000-0001-119232,s03,s0301a,,0,9.922228840938192
s0301a:s03_s0301a_raw_nemo_buffer_000007-vad_percentile_rms-0000-0000-124280,s03,s0301a,54,1,13.113255407956775
s0301a:s03_s0301a_raw_nemo_buffer_000007-vad_percentile_rms-0000-0001-127924,s03,s0301a,100,1,47.2420818814125
s0301a:s03_s0301a_raw_nemo_buffer_000007-vad_percentile_rms-0000-0002-129516,s03,s0301a,83,1,29.449945871856247
s0301a:s03_s0301a_raw_nemo_buffer_000007-vad_percentile_rms-0000-0003-133264,s03,s0301a,22,1,13.463937391462643
s0301a:s03_s0301a_raw_nemo_buffer_000007-vad_percentile_rms-0000-0004-134204,s03,s0301a,,0,12.890337448730548
s0301a:s03_s0301a_raw_nemo_buffer_000008-vad_percentile_rms-0000-0000-134528,s03,s0301a,,0,-16.497938879012096
s0301a:s03_s0301a_raw_nemo_buffer_000008-vad_percentile_rms-0000-0001-135080,s03,s0301a,,0,3.411599315882474
s0301a:s03_s0301a_raw_nemo_buffer_000009-vad_percentile_rms-0000-0000-135764,s03,s0301a,-4,1,-1.6274605900060592
s0301a:s03_s0301a_raw_nemo_buffer_000009-vad_percentile_rms-0000-0001-140204,s03,s0301a,,0,17.24037582919517
s0301a:s03_s0301a_raw_nemo_buffer_000010-vad_percentile_rms-0000-0000-141368,s03,s0301a,,0,-7.8152033662596665
s0301a:s03_s0301a_raw_nemo_buffer_000010-vad_percentile_rms-0000-0001-143880,s03,s0301a,,0,11.850093610824109
s0301a:s03_s0301a_raw_nemo_buffer_000011-vad_percentile_rms-0000-0000-144072,s03,s0301a,,0,2.478688237126989
s0301a:s03_s0301a_raw_nemo_buffer_000011-vad_percentile_rms-0000-0001-144904,s03,s0301a,,0,7.67029435568971
s0301a:s03_s0301a_raw_nemo_buffer_000012-vad_percentile_rms-0000-0000-148388,s03,s0301a,-2,1,-16.985127152391406
s0301a:s03_s0301a_raw_nemo_buffer_000012-vad_percentile_rms-0000-0001-149408,s03,s0301a,,0,26.560791483925193
s0301a:s03_s0301a_raw_nemo_buffer_000013-vad_percentile_rms-0000-0000-149648,s03,s0301a,,0,-15.153090496738141
s0301a:s03_s0301a_raw_nemo_buffer_000013-vad_percentile_rms-0000-0001-154380,s03,s0301a,100,1,39.49090443849141
s0301a:s03_s0301a_raw_nemo_buffer_000013-vad_percentile_rms-0000-0002-158632,s03,s0301a,,0,8.155289552043529
s0301a:s03_s0301a_raw_nemo_buffer_000014-vad_percentile_rms-0000-0000-158804,s03,s0301a,,0,-10.907480995299316
s0301a:s03_s0301a_raw_nemo_buffer_000015-vad_percentile_rms-0000-0000-161304,s03,s0301a,,0,-7.261689775758265
s0301a:s03_s0301a_raw_nemo_buffer_000015-vad_percentile_rms-0000-0001-165180,s03,s0301a,,0,11.987950427575692
s0301a:s03_s0301a_raw_nemo_buffer_000016-vad_percentile_rms-0000-0000-165692,s03,s0301a,,0,-4.9887926896770995
s0301a:s03_s0301a_raw_nemo_buffer_000016-vad_percentile_rms-0000-0002-172808,s03,s0301a,31,1,57.033312177256676
s0301a:s03_s0301a_raw_nemo_buffer_000016-vad_percentile_rms-0000-0003-174792,s03,s0301a,,0,14.584848040345303
s0301a:s03_s0301a_raw_nemo_buffer_000017-vad_percentile_rms-0000-0000-211432,s03,s0301a,,0,-5.425428729097609
s0301a:s03_s0301a_raw_nemo_buffer_000017-vad_percentile_rms-0000-0001-213636,s03,s0301a,,0,12.989488926215333
s0301a:s03_s0301a_raw_nemo_buffer_000018-vad_percentile_rms-0000-0000-219668,s03,s0301a,-4,1,11.26622741630092
s0301a:s03_s0301a_raw_nemo_buffer_000018-vad_percentile_rms-0000-0001-223212,s03,s0301a,,0,6.010314544839666
s0301a:s03_s0301a_raw_nemo_buffer_000019-vad_percentile_rms-0000-0000-241528,s03,s0301a,,0,-4.165968373973147
s0301a:s03_s0301a_raw_nemo_buffer_000019-vad_percentile_rms-0000-0001-245592,s03,s0301a,34,1,-2.954053836337261
s0301a:s03_s0301a_raw_nemo_buffer_000019-vad_percentile_rms-0000-0002-247168,s03,s0301a,100,1,7.242051975906781
s0301a:s03_s0301a_raw_nemo_buffer_000019-vad_percentile_rms-0000-0003-247456,s03,s0301a,25,1,-5.816504027604971
s0301a:s03_s0301a_raw_nemo_buffer_000019-vad_percentile_rms-0000-0004-250920,s03,s0301a,50,1,5.36935202504328
s0301a:s03_s0301a_raw_nemo_buffer_000019-vad_percentile_rms-0000-0006-253788,s03,s0301a,,0,20.148321140903192
s0301a:s03_s0301a_raw_nemo_buffer_000019-vad_percentile_rms-0000-0007-253996,s03,s0301a,,0,9.559530616735044
s0301a:s03_s0301a_raw_nemo_buffer_000020-vad_percentile_rms-0000-0000-254188,s03,s0301a,-14,1,-8.669588704456746
s0301a:s03_s0301a_raw_nemo_buffer_000020-vad_percentile_rms-0000-0001-256332,s03,s0301a,,0,8.584514926660638
s0301a:s03_s0301a_raw_nemo_buffer_000021-vad_percentile_rms-0000-0000-257472,s03,s0301a,,0,-15.720198913229147
s0301a:s03_s0301a_raw_nemo_buffer_000021-vad_percentile_rms-0000-0001-259624,s03,s0301a,,0,-5.692511112616728
s0301a:s03_s0301a_raw_nemo_buffer_000022-vad_percentile_rms-0000-0000-259796,s03,s0301a,,0,-5.504358807170341
s0301a:s03_s0301a_raw_nemo_buffer_000022-vad_percentile_rms-0000-0001-263404,s03,s0301a,19,1,-18.742946057145872
s0301a:s03_s0301a_raw_nemo_buffer_000022-vad_percentile_rms-0000-0002-265452,s03,s0301a,,0,5.263788692547223
s0301a:s03_s0301a_raw_nemo_buffer_000023-vad_percentile_rms-0000-0000-265748,s03,s0301a,,0,10.84752448032683
s0301a:s03_s0301a_raw_nemo_buffer_000023-vad_percentile_rms-0000-0001-267188,s03,s0301a,41,1,37.59420339846268
s0301a:s03_s0301a_raw_nemo_buffer_000023-vad_percentile_rms-0000-0002-268084,s03,s0301a,15,1,-7.681211804267658
s0301a:s03_s0301a_raw_nemo_buffer_000023-vad_percentile_rms-0000-0003-268768,s03,s0301a,-79,1,3.2069291375231144
s0301a:s03_s0301a_raw_nemo_buffer_000023-vad_percentile_rms-0000-0004-269608,s03,s0301a,26,1,16.381574229426498
s0301a:s03_s0301a_raw_nemo_buffer_000023-vad_percentile_rms-0000-0005-271484,s03,s0301a,100,1,55.3130065472575
s0301a:s03_s0301a_raw_nemo_buffer_000023-vad_percentile_rms-0000-0006-272360,s03,s0301a,25,1,-12.724718253175116
s0301a:s03_s0301a_raw_nemo_buffer_000023-vad_percentile_rms-0000-0007-274384,s03,s0301a,67,1,25.97622843979019
s0301a:s03_s0301a_raw_nemo_buffer_000023-vad_percentile_rms-0000-0008-278688,s03,s0301a,61,1,48.388930721476896
s0301a:s03_s0301a_raw_nemo_buffer_000023-vad_percentile_rms-0000-0009-281968,s03,s0301a,20,1,41.5371198729495
s0301a:s03_s0301a_raw_nemo_buffer_000023-vad_percentile_rms-0000-0010-283152,s03,s0301a,7,1,7.294360679343386
s0301a:s03_s0301a_raw_nemo_buffer_000023-vad_percentile_rms-0000-0011-285948,s03,s0301a,-42,1,-8.404654765394707
s0301a:s03_s0301a_raw_nemo_buffer_000023-vad_percentile_rms-0000-0013-287492,s03,s0301a,,0,5.913979160112829
s0301a:s03_s0301a_raw_nemo_buffer_000024-vad_percentile_rms-0000-0000-287728,s03,s0301a,,0,-45.54745743571145
s0301a:s03_s0301a_raw_nemo_buffer_000024-vad_percentile_rms-0000-0001-289764,s03,s0301a,,0,2.31870220040795
s0301a:s03_s0301a_raw_nemo_buffer_000025-vad_percentile_rms-0000-0000-290012,s03,s0301a,,0,-15.530180475113035
s0301a:s03_s0301a_raw_nemo_buffer_000025-vad_percentile_rms-0000-0001-292288,s03,s0301a,36,1,-22.449678911085062
s0301a:s03_s0301a_raw_nemo_buffer_000025-vad_percentile_rms-0000-0002-292968,s03,s0301a,,0,5.058300271668867
s0301a:s03_s0301a_raw_nemo_buffer_000026-vad_percentile_rms-0000-0000-293376,s03,s0301a,,0,-30.998243670457338
s0301a:s03_s0301a_raw_nemo_buffer_000026-vad_percentile_rms-0000-0001-294536,s03,s0301a,,0,5.2699149873875735
s0301a:s03_s0301a_raw_nemo_buffer_000027-vad_percentile_rms-0000-0000-296244,s03,s0301a,,0,-6.2383782998415995
s0301a:s03_s0301a_raw_nemo_buffer_000027-vad_percentile_rms-0000-0001-303140,s03,s0301a,,0,8.646415381699272
s0401b:s04_s0401b_raw_nemo_buffer_000000-vad_percentile_rms-0000-0000-2268,s04,s0401b,,0,19.28397400852416
s0401b:s04_s0401b_raw_nemo_buffer_000001-vad_percentile_rms-0000-0000-3512,s04,s0401b,,0,-14.731005366963387
s0401b:s04_s0401b_raw_nemo_buffer_000001-vad_percentile_rms-0000-0001-4188,s04,s0401b,,0,19.017889999114722
s0401b:s04_s0401b_raw_nemo_buffer_000002-vad_percentile_rms-0000-0000-4756,s04,s0401b,,0,13.208276781672527
s0401b:s04_s0401b_raw_nemo_buffer_000002-vad_percentile_rms-0000-0001-5020,s04,s0401b,,0,33.998727904239175
s0401b:s04_s0401b_raw_nemo_buffer_000002-vad_percentile_rms-0000-0002-6528,s04,s0401b,,0,-2.392498838786249
s0401b:s04_s0401b_raw_nemo_buffer_000003-vad_percentile_rms-0000-0000-7548,s04,s0401b,,0,4.2952883217989015
s0401b:s04_s0401b_raw_nemo_buffer_000003-vad_percentile_rms-0000-0001-10088,s04,s0401b,,0,20.18399630772135
s0401b:s04_s0401b_raw_nemo_buffer_000004-vad_percentile_rms-0000-0000-11264,s04,s0401b,,0,5.122403458259328
s0401b:s04_s0401b_raw_nemo_buffer_000005-vad_percentile_rms-0000-0000-13200,s04,s0401b,-32,1,2.517187073074272
s0401b:s04_s0401b_raw_nemo_buffer_000005-vad_percentile_rms-0000-0001-14728,s04,s0401b,,0,11.336982350358731
s0401b:s04_s0401b_raw_nemo_buffer_000006-vad_percentile_rms-0000-0000-14908,s04,s0401b,,0,-5.402543140124692
s0401b:s04_s0401b_raw_nemo_buffer_000006-vad_percentile_rms-0000-0001-15580,s04,s0401b,,0,13.087289367547307
s0401b:s04_s0401b_raw_nemo_buffer_000007-vad_percentile_rms-0000-0000-18460,s04,s0401b,,0,0.5033864750181145
s0401b:s04_s0401b_raw_nemo_buffer_000008-vad_percentile_rms-0000-0000-19584,s04,s0401b,,0,-5.418526685439527
s0401b:s04_s0401b_raw_nemo_buffer_000008-vad_percentile_rms-0000-0001-20140,s04,s0401b,,0,13.318325331401974
s0401b:s04_s0401b_raw_nemo_buffer_000009-vad_percentile_rms-0000-0000-22316,s04,s0401b,,0,-1.7298645661974223
s0401b:s04_s0401b_raw_nemo_buffer_000009-vad_percentile_rms-0000-0001-23812,s04,s0401b,,0,24.57136270315229
s0401b:s04_s0401b_raw_nemo_buffer_000010-vad_percentile_rms-0000-0000-27268,s04,s0401b,,0,-43.91450832264601
s0401b:s04_s0401b_raw_nemo_buffer_000010-vad_percentile_rms-0000-0002-28256,s04,s0401b,,0,9.367647330029765
s0401b:s04_s0401b_raw_nemo_buffer_000011-vad_percentile_rms-0000-0000-28648,s04,s0401b,,0,-4.174910648500049
s0401b:s04_s0401b_raw_nemo_buffer_000011-vad_percentile_rms-0000-0001-30148,s04,s0401b,65,1,59.72852592419929
s0401b:s04_s0401b_raw_nemo_buffer_000011-vad_percentile_rms-0000-0003-32360,s04,s0401b,,0,16.116469005884127
s0401b:s04_s0401b_raw_nemo_buffer_000012-vad_percentile_rms-0000-0000-33052,s04,s0401b,,0,5.775502295973537
s0401b:s04_s0401b_raw_nemo_buffer_000012-vad_percentile_rms-0000-0001-35116,s04,s0401b,30,1,18.71730756380861
s0401b:s04_s0401b_raw_nemo_buffer_000012-vad_percentile_rms-0000-0002-38064,s04,s0401b,-59,1,-23.690661976403618
s0401b:s04_s0401b_raw_nemo_buffer_000012-vad_percentile_rms-0000-0003-38892,s04,s0401b,,0,17.41094323335367
s0401b:s04_s0401b_raw_nemo_buffer_000013-vad_percentile_rms-0000-0000-39184,s04,s0401b,,0,-14.281175333508738
s0401b:s04_s0401b_raw_nemo_buffer_000013-vad_percentile_rms-0000-0001-40012,s04,s0401b,,0,16.171215486084392
s0401b:s04_s0401b_raw_nemo_buffer_000014-vad_percentile_rms-0000-0000-40336,s04,s0401b,,0,9.29587866319033
s0401b:s04_s0401b_raw_nemo_buffer_000015-vad_percentile_rms-0000-0000-44896,s04,s0401b,-16,1,8.150921868164442
s0401b:s04_s0401b_raw_nemo_buffer_000015-vad_percentile_rms-0000-0001-45360,s04,s0401b,28,1,-13.505545227221251
s0401b:s04_s0401b_raw_nemo_buffer_000015-vad_percentile_rms-0000-0002-45964,s04,s0401b,,0,-4.8473758240056775
s0401b:s04_s0401b_raw_nemo_buffer_000016-vad_percentile_rms-0000-0000-47188,s04,s0401b,,0,-24.380006533793626
s0401b:s04_s0401b_raw_nemo_buffer_000016-vad_percentile_rms-0000-0001-50728,s04,s0401b,,0,14.60098092755579
s0401b:s04_s0401b_raw_nemo_buffer_000017-vad_percentile_rms-0000-0000-51044,s04,s0401b,,0,-3.4650123926847627
s0401b:s04_s0401b_raw_nemo_buffer_000017-vad_percentile_rms-0000-0001-56396,s04,s0401b,,0,16.74322786314728
s0401b:s04_s0401b_raw_nemo_buffer_000018-vad_percentile_rms-0000-0000-56948,s04,s0401b,,0,8.481488913762497
s0401b:s04_s0401b_raw_nemo_buffer_000018-vad_percentile_rms-0000-0001-57256,s04,s0401b,,0,31.66191596496289
s0401b:s04_s0401b_raw_nemo_buffer_000019-vad_percentile_rms-0000-0000-72824,s04,s0401b,,0,-11.149936697426625
s0401b:s04_s0401b_raw_nemo_buffer_000019-vad_percentile_rms-0000-0001-73980,s04,s0401b,15,1,7.878122044331607
s0401b:s04_s0401b_raw_nemo_buffer_000019-vad_percentile_rms-0000-0002-74700,s04,s0401b,,0,23.90145147164813
s0401b:s04_s0401b_raw_nemo_buffer_000020-vad_percentile_rms-0000-0000-74856,s04,s0401b,,0,-1.9061675132947897
s0401b:s04_s0401b_raw_nemo_buffer_000020-vad_percentile_rms-0000-0001-75760,s04,s0401b,-12,1,0.23473049069336405
s0401b:s04_s0401b_raw_nemo_buffer_000020-vad_percentile_rms-0000-0002-77384,s04,s0401b,,0,-1.3625341150584145
s0401b:s04_s0401b_raw_nemo_buffer_000021-vad_percentile_rms-0000-0000-78168,s04,s0401b,,0,8.401287106938593
s0401b:s04_s0401b_raw_nemo_buffer_000021-vad_percentile_rms-0000-0001-79024,s04,s0401b,37,1,38.398187912591354
s0401b:s04_s0401b_raw_nemo_buffer_000021-vad_percentile_rms-0000-0002-81768,s04,s0401b,,0,5.800747547009726
s0401b:s04_s0401b_raw_nemo_buffer_000022-vad_percentile_rms-0000-0000-82008,s04,s0401b,,0,-36.66368903359143
s0401b:s04_s0401b_raw_nemo_buffer_000022-vad_percentile_rms-0000-0001-83032,s04,s0401b,,0,-0.5934398502535618
s0401b:s04_s0401b_raw_nemo_buffer_000023-vad_percentile_rms-0000-0000-83348,s04,s0401b,,0,2.0914730664608676
s0401b:s04_s0401b_raw_nemo_buffer_000023-vad_percentile_rms-0000-0001-84868,s04,s0401b,,0,22.61608505626956
s0401b:s04_s0401b_raw_nemo_buffer_000024-vad_percentile_rms-0000-0000-85308,s04,s0401b,,0,3.8134287493914183
s0401b:s04_s0401b_raw_nemo_buffer_000024-vad_percentile_rms-0000-0001-87340,s04,s0401b,,0,23.11479732507253
s0401b:s04_s0401b_raw_nemo_buffer_000025-vad_percentile_rms-0000-0000-88428,s04,s0401b,,0,-14.469894169794468
s0401b:s04_s0401b_raw_nemo_buffer_000025-vad_percentile_rms-0000-0001-88936,s04,s0401b,,0,3.148706986817933
s0401b:s04_s0401b_raw_nemo_buffer_000026-vad_percentile_rms-0000-0000-89268,s04,s0401b,-4,1,5.390627701565359
s0401b:s04_s0401b_raw_nemo_buffer_000026-vad_percentile_rms-0000-0001-90068,s04,s0401b,17,1,15.694110221573451
s0401b:s04_s0401b_raw_nemo_buffer_000026-vad_percentile_rms-0000-0002-93268,s04,s0401b,-59,1,6.197682004669144
s0401b:s04_s0401b_raw_nemo_buffer_000026-vad_percentile_rms-0000-0003-93964,s04,s0401b,,0,21.390125769405017
s0401b:s04_s0401b_raw_nemo_buffer_000027-vad_percentile_rms-0000-0000-94176,s04,s0401b,,0,-15.571095451965903
s0401b:s04_s0401b_raw_nemo_buffer_000027-vad_percentile_rms-0000-0001-95552,s04,s0401b,,0,16.234019059422664
s0401b:s04_s0401b_raw_nemo_buffer_000028-vad_percentile_rms-0000-0000-96152,s04,s0401b,,0,-30.53225370835741
s0401b:s04_s0401b_raw_nemo_buffer_000028-vad_percentile_rms-0000-0001-96652,s04,s0401b,,0,29.332031800505646
s0401b:s04_s0401b_raw_nemo_buffer_000028-vad_percentile_rms-0000-0002-97000,s04,s0401b,,0,3.370605075886896
s0401b:s04_s0401b_raw_nemo_buffer_000029-vad_percentile_rms-0000-0000-97212,s04,s0401b,,0,20.018440730333285
s0401b:s04_s0401b_raw_nemo_buffer_000029-vad_percentile_rms-0000-0003-103552,s04,s0401b,,0,25.598573801097693
s0401b:s04_s0401b_raw_nemo_buffer_000030-vad_percentile_rms-0000-0000-104384,s04,s0401b,,0,-20.48384717359476
s0401b:s04_s0401b_raw_nemo_buffer_000030-vad_percentile_rms-0000-0001-104940,s04,s0401b,,0,30.627832658049627
s0401b:s04_s0401b_raw_nemo_buffer_000031-vad_percentile_rms-0000-0000-118836,s04,s0401b,,0,-23.27472945512686
s0401b:s04_s0401b_raw_nemo_buffer_000031-vad_percentile_rms-0000-0001-119304,s04,s0401b,,0,-7.923364504560734
s0401b:s04_s0401b_raw_nemo_buffer_000032-vad_percentile_rms-0000-0000-120012,s04,s0401b,,0,-8.592407008079736
s0401b:s04_s0401b_raw_nemo_buffer_000032-vad_percentile_rms-0000-0001-120836,s04,s0401b,23,1,19.463659451105087
s0401b:s04_s0401b_raw_nemo_buffer_000032-vad_percentile_rms-0000-0002-127480,s04,s0401b,75,1,36.22784867266854
s0401b:s04_s0401b_raw_nemo_buffer_000032-vad_percentile_rms-0000-0003-128088,s04,s0401b,79,1,30.394515688688518
s0401b:s04_s0401b_raw_nemo_buffer_000032-vad_percentile_rms-0000-0004-128556,s04,s0401b,,0,22.114614337895034
s0401b:s04_s0401b_raw_nemo_buffer_000033-vad_percentile_rms-0000-0000-129540,s04,s0401b,,0,7.185364106141172
s0401b:s04_s0401b_raw_nemo_buffer_000033-vad_percentile_rms-0000-0001-130060,s04,s0401b,,0,5.19447707106557
s0401b:s04_s0401b_raw_nemo_buffer_000034-vad_percentile_rms-0000-0001-130892,s04,s0401b,,0,22.75710285867025
s0401b:s04_s0401b_raw_nemo_buffer_000034-vad_percentile_rms-0000-0002-131448,s04,s0401b,,0,-1.6700265709102489
s0401b:s04_s0401b_raw_nemo_buffer_000035-vad_percentile_rms-0000-0000-137940,s04,s0401b,-4,1,-11.692383060760928
s0401b:s04_s0401b_raw_nemo_buffer_000035-vad_percentile_rms-0000-0002-143016,s04,s0401b,,0,15.286321453122245
s0401b:s04_s0401b_raw_nemo_buffer_000036-vad_percentile_rms-0000-0000-143200,s04,s0401b,,0,-4.469058326871469
s0401b:s04_s0401b_raw_nemo_buffer_000036-vad_percentile_rms-0000-0001-143476,s04,s0401b,,0,-22.409995087881434
s0401b:s04_s0401b_raw_nemo_buffer_000036-vad_percentile_rms-0000-0002-144516,s04,s0401b,,0,17.99949286948332
s0401b:s04_s0401b_raw_nemo_buffer_000037-vad_percentile_rms-0000-0000-144692,s04,s0401b,,0,0.8357532719332799
s0401b:s04_s0401b_raw_nemo_buffer_000037-vad_percentile_rms-0000-0001-145532,s04,s0401b,15,1,66.48966077599074
s0401b:s04_s0401b_raw_nemo_buffer_000037-vad_percentile_rms-0000-0002-152300,s04,s0401b,,0,17.562448638909185
s0401b:s04_s0401b_raw_nemo_buffer_000038-vad_percentile_rms-0000-0000-152516,s04,s0401b,,0,30.77145036335025
s0401b:s04_s0401b_raw_nemo_buffer_000038-vad_percentile_rms-0000-0001-153860,s04,s0401b,-87,1,25.14312650904432
s0401b:s04_s0401b_raw_nemo_buffer_000038-vad_percentile_rms-0000-0002-155052,s04,s0401b,,0,14.851702314846149
s0401b:s04_s0401b_raw_nemo_buffer_000039-vad_percentile_rms-0000-0000-155528,s04,s0401b,,0,3.8245825661367707
s0401b:s04_s0401b_raw_nemo_buffer_000039-vad_percentile_rms-0000-0001-158400,s04,s0401b,2,1,3.4129352935211372
s0401b:s04_s0401b_raw_nemo_buffer_000039-vad_percentile_rms-0000-0002-160892,s04,s0401b,56,1,29.809696217825888
s0401b:s04_s0401b_raw_nemo_buffer_000039-vad_percentile_rms-0000-0003-162536,s04,s0401b,,0,25.782417457372148
s0401b:s04_s0401b_raw_nemo_buffer_000040-vad_percentile_rms-0000-0000-163508,s04,s0401b,-31,1,4.51580165673078
s0401b:s04_s0401b_raw_nemo_buffer_000040-vad_percentile_rms-0000-0001-165120,s04,s0401b,100,1,40.98257871876147
s0401b:s04_s0401b_raw_nemo_buffer_000040-vad_percentile_rms-0000-0002-166112,s04,s0401b,-67,1,-12.667249586236547
s0401b:s04_s0401b_raw_nemo_buffer_000040-vad_percentile_rms-0000-0003-169404,s04,s0401b,54,1,46.63250859889601
s0401b:s04_s0401b_raw_nemo_buffer_000041-vad_percentile_rms-0000-0000-171028,s04,s0401b,,0,-9.666854394349524
s0401b:s04_s0401b_raw_nemo_buffer_000041-vad_percentile_rms-0000-0001-171580,s04,s0401b,21,1,25.848409742683284
s0401b:s04_s0401b_raw_nemo_buffer_000041-vad_percentile_rms-0000-0002-174728,s04,s0401b,22,1,17.197467715346253
s0401b:s04_s0401b_raw_nemo_buffer_000041-vad_percentile_rms-0000-0003-175820,s04,s0401b,,0,-1.888039755426636
s0401b:s04_s0401b_raw_nemo_buffer_000042-vad_percentile_rms-0000-0000-176172,s04,s0401b,,0,7.13497834192958
s0401b:s04_s0401b_raw_nemo_buffer_000042-vad_percentile_rms-0000-0001-179252,s04,s0401b,,0,12.949912289701858
s0401b:s04_s0401b_raw_nemo_buffer_000043-vad_percentile_rms-0000-0000-181232,s04,s0401b,,0,-25.38789934367361
s0401b:s04_s0401b_raw_nemo_buffer_000043-vad_percentile_rms-0000-0001-181672,s04,s0401b,,0,-22.079800396510855
s0401b:s04_s0401b_raw_nemo_buffer_000044-vad_percentile_rms-0000-0000-182712,s04,s0401b,,0,2.6117243945908157
s0401b:s04_s0401b_raw_nemo_buffer_000044-vad_percentile_rms-0000-0001-183112,s04,s0401b,,0,-18.479220001260572
s0401b:s04_s0401b_raw_nemo_buffer_000045-vad_percentile_rms-0000-0000-183480,s04,s0401b,,0,5.3503742716952605
s0401b:s04_s0401b_raw_nemo_buffer_000046-vad_percentile_rms-0000-0000-184224,s04,s0401b,,0,-11.34565622605368
s0401b:s04_s0401b_raw_nemo_buffer_000046-vad_percentile_rms-0000-0001-184972,s04,s0401b,,0,15.815046181157976
s0401b:s04_s0401b_raw_nemo_buffer_000047-vad_percentile_rms-0000-0000-189616,s04,s0401b,,0,3.860801924231003
s0401b:s04_s0401b_raw_nemo_buffer_000047-vad_percentile_rms-0000-0001-190028,s04,s0401b,,0,-31.827151339763923
s0401b:s04_s0401b_raw_nemo_buffer_000048-vad_percentile_rms-0000-0000-191040,s04,s0401b,,0,-10.464829522810867
s0401b:s04_s0401b_raw_nemo_buffer_000048-vad_percentile_rms-0000-0001-193672,s04,s0401b,,0,15.610427561015564
s0401b:s04_s0401b_raw_nemo_buffer_000049-vad_percentile_rms-0000-0000-193844,s04,s0401b,-4,1,-31.661829279527872
s0401b:s04_s0401b_raw_nemo_buffer_000049-vad_percentile_rms-0000-0001-194576,s04,s0401b,100,1,61.400713501543706
s0401b:s04_s0401b_raw_nemo_buffer_000049-vad_percentile_rms-0000-0002-195900,s04,s0401b,,0,23.10552556930001
s0401b:s04_s0401b_raw_nemo_buffer_000050-vad_percentile_rms-0000-0000-196440,s04,s0401b,,0,6.771245592883963
s0401b:s04_s0401b_raw_nemo_buffer_000050-vad_percentile_rms-0000-0002-198300,s04,s0401b,17,1,8.869834969252409
s0401b:s04_s0401b_raw_nemo_buffer_000050-vad_percentile_rms-0000-0003-198760,s04,s0401b,,0,3.513547565813825
s0401b:s04_s0401b_raw_nemo_buffer_000051-vad_percentile_rms-0000-0000-199868,s04,s0401b,,0,3.849884998469575
s0401b:s04_s0401b_raw_nemo_buffer_000051-vad_percentile_rms-0000-0001-201592,s04,s0401b,21,1,27.351152372537292
s0401b:s04_s0401b_raw_nemo_buffer_000051-vad_percentile_rms-0000-0002-202568,s04,s0401b,,0,12.675466975083475
s0401b:s04_s0401b_raw_nemo_buffer_000052-vad_percentile_rms-0000-0000-202804,s04,s0401b,-4,1,-18.731252722696915
s0401b:s04_s0401b_raw_nemo_buffer_000052-vad_percentile_rms-0000-0001-203752,s04,s0401b,,0,11.857187853626586
s0401b:s04_s0401b_raw_nemo_buffer_000053-vad_percentile_rms-0000-0000-204352,s04,s0401b,,0,-21.651562501197695
s0401b:s04_s0401b_raw_nemo_buffer_000053-vad_percentile_rms-0000-0001-205128,s04,s0401b,100,1,-2.302748513590789
s0401b:s04_s0401b_raw_nemo_buffer_000053-vad_percentile_rms-0000-0002-205276,s04,s0401b,42,1,28.482065855368027
s0401b:s04_s0401b_raw_nemo_buffer_000053-vad_percentile_rms-0000-0003-205992,s04,s0401b,,0,-3.208392006423786
s0401b:s04_s0401b_raw_nemo_buffer_000054-vad_percentile_rms-0000-0000-206144,s04,s0401b,,0,10.218510877019325
s0401b:s04_s0401b_raw_nemo_buffer_000054-vad_percentile_rms-0000-0001-209004,s04,s0401b,,0,29.156176620263743
s0401b:s04_s0401b_raw_nemo_buffer_000055-vad_percentile_rms-0000-0000-209144,s04,s0401b,,0,-24.47463208881294
s0401b:s04_s0401b_raw_nemo_buffer_000055-vad_percentile_rms-0000-0001-209804,s04,s0401b,,0,32.53827431766224
s0401b:s04_s0401b_raw_nemo_buffer_000056-vad_percentile_rms-0000-0000-210152,s04,s0401b,,0,-15.801974977346045
s0401b:s04_s0401b_raw_nemo_buffer_000056-vad_percentile_rms-0000-0001-211912,s04,s0401b,37,1,21.68975800288338
s0401b:s04_s0401b_raw_nemo_buffer_000056-vad_percentile_rms-0000-0002-212360,s04,s0401b,,0,4.855766216914731
s0401b:s04_s0401b_raw_nemo_buffer_000057-vad_percentile_rms-0000-0000-212744,s04,s0401b,,0,-16.084803332395055
s0401b:s04_s0401b_raw_nemo_buffer_000057-vad_percentile_rms-0000-0001-213412,s04,s0401b,,0,16.538205600038978
s0401b:s04_s0401b_raw_nemo_buffer_000058-vad_percentile_rms-0000-0000-214396,s04,s0401b,,0,4.960756978841911
s0401b:s04_s0401b_raw_nemo_buffer_000058-vad_percentile_rms-0000-0001-215352,s04,s0401b,,0,4.758343123298632
s0401b:s04_s0401b_raw_nemo_buffer_000058-vad_percentile_rms-0000-0002-215624,s04,s0401b,,0,-23.552655058548048
s0401b:s04_s0401b_raw_nemo_buffer_000059-vad_percentile_rms-0000-0000-215948,s04,s0401b,,0,-4.119986202295912
s0401b:s04_s0401b_raw_nemo_buffer_000059-vad_percentile_rms-0000-0001-217412,s04,s0401b,42,1,5.660924218465585
s0401b:s04_s0401b_raw_nemo_buffer_000059-vad_percentile_rms-0000-0003-218400,s04,s0401b,-71,1,3.4776281485123786
s0401b:s04_s0401b_raw_nemo_buffer_000059-vad_percentile_rms-0000-0004-218880,s04,s0401b,82,1,15.373141855785095
s0401b:s04_s0401b_raw_nemo_buffer_000059-vad_percentile_rms-0000-0005-219496,s04,s0401b,,0,5.28278298752174
s0401b:s04_s0401b_raw_nemo_buffer_000060-vad_percentile_rms-0000-0000-220500,s04,s0401b,-4,1,-24.13222451516434
s0401b:s04_s0401b_raw_nemo_buffer_000060-vad_percentile_rms-0000-0001-221088,s04,s0401b,,0,1.9291111394522513
s0401b:s04_s0401b_raw_nemo_buffer_000061-vad_percentile_rms-0000-0000-226892,s04,s0401b,,0,4.357881408301997
s0401b:s04_s0401b_raw_nemo_buffer_000061-vad_percentile_rms-0000-0001-231056,s04,s0401b,-24,1,35.367736475776844
s0401b:s04_s0401b_raw_nemo_buffer_000061-vad_percentile_rms-0000-0002-234416,s04,s0401b,100,1,42.086772086974065
s0401b:s04_s0401b_raw_nemo_buffer_000061-vad_percentile_rms-0000-0003-235788,s04,s0401b,,0,12.260338873724855
s0401b:s04_s0401b_raw_nemo_buffer_000062-vad_percentile_rms-0000-0000-239860,s04,s0401b,,0,7.218470931639436
s0401b:s04_s0401b_raw_nemo_buffer_000062-vad_percentile_rms-0000-0001-240460,s04,s0401b,,0,6.179835560406996
s0401b:s04_s0401b_raw_nemo_buffer_000063-vad_percentile_rms-0000-0000-240612,s04,s0401b,,0,-3.45908935290624
s0401b:s04_s0401b_raw_nemo_buffer_000063-vad_percentile_rms-0000-0001-241928,s04,s0401b,,0,4.852583557257166
s0401b:s04_s0401b_raw_nemo_buffer_000064-vad_percentile_rms-0000-0000-242080,s04,s0401b,,0,8.171482401804557
s0401b:s04_s0401b_raw_nemo_buffer_000064-vad_percentile_rms-0000-0001-244312,s04,s0401b,,0,19.1898319233158
s0401b:s04_s0401b_raw_nemo_buffer_000065-vad_percentile_rms-0000-0000-245628,s04,s0401b,,0,6.340600012494001
s0401b:s04_s0401b_raw_nemo_buffer_000066-vad_percentile_rms-0000-0000-248328,s04,s0401b,,0,15.098550356708053
s0401b:s04_s0401b_raw_nemo_buffer_000066-vad_percentile_rms-0000-0001-251080,s04,s0401b,,0,13.786552088328168
s0401b:s04_s0401b_raw_nemo_buffer_000067-vad_percentile_rms-0000-0000-251860,s04,s0401b,,0,3.8467997829146743
s0401b:s04_s0401b_raw_nemo_buffer_000067-vad_percentile_rms-0000-0001-254056,s04,s0401b,,0,17.99685143641884
s0401b:s04_s0401b_raw_nemo_buffer_000068-vad_percentile_rms-0000-0000-254332,s04,s0401b,,0,1.068106862360997
s0401b:s04_s0401b_raw_nemo_buffer_000068-vad_percentile_rms-0000-0001-256896,s04,s0401b,12,1,4.000806039920699
s0401b:s04_s0401b_raw_nemo_buffer_000068-vad_percentile_rms-0000-0002-257356,s04,s0401b,,0,16.664794577820064
s0401b:s04_s0401b_raw_nemo_buffer_000069-vad_percentile_rms-0000-0000-258080,s04,s0401b,,0,-1.8232672222210695
s0401b:s04_s0401b_raw_nemo_buffer_000069-vad_percentile_rms-0000-0001-260880,s04,s0401b,,0,6.822334929030972
s0401b:s04_s0401b_raw_nemo_buffer_000070-vad_percentile_rms-0000-0000-261204,s04,s0401b,,0,3.8436326907773797
s0401b:s04_s0401b_raw_nemo_buffer_000070-vad_percentile_rms-0000-0001-263756,s04,s0401b,13,1,33.226787883676536
s0401b:s04_s0401b_raw_nemo_buffer_000070-vad_percentile_rms-0000-0002-266480,s04,s0401b,71,1,40.60823778936658
s0401b:s04_s0401b_raw_nemo_buffer_000070-vad_percentile_rms-0000-0003-268612,s04,s0401b,,0,4.807021654100579
s0401b:s04_s0401b_raw_nemo_buffer_000071-vad_percentile_rms-0000-0000-269304,s04,s0401b,,0,-19.846660571586
s0401b:s04_s0401b_raw_nemo_buffer_000071-vad_percentile_rms-0000-0001-271788,s04,s0401b,17,1,2.25818299115533
s0401b:s04_s0401b_raw_nemo_buffer_000071-vad_percentile_rms-0000-0002-275340,s04,s0401b,32,1,50.03110683919822
s0401b:s04_s0401b_raw_nemo_buffer_000071-vad_percentile_rms-0000-0004-276964,s04,s0401b,-36,1,5.644821429342148
s0401b:s04_s0401b_raw_nemo_buffer_000071-vad_percentile_rms-0000-0005-277388,s04,s0401b,33,1,18.762476827454996
s0401b:s04_s0401b_raw_nemo_buffer_000071-vad_percentile_rms-0000-0006-278420,s04,s0401b,19,1,5.242564008690756
s0401b:s04_s0401b_raw_nemo_buffer_000071-vad_percentile_rms-0000-0007-278888,s04,s0401b,17,1,-12.305204414707639
s0401b:s04_s0401b_raw_nemo_buffer_000071-vad_percentile_rms-0000-0008-280644,s04,s0401b,100,1,43.99368508042407
s0401b:s04_s0401b_raw_nemo_buffer_000071-vad_percentile_rms-0000-0009-281720,s04,s0401b,14,1,13.567355410429755
s0401b:s04_s0401b_raw_nemo_buffer_000071-vad_percentile_rms-0000-0010-282348,s04,s0401b,,0,-4.422922861527621
s0401b:s04_s0401b_raw_nemo_buffer_000072-vad_percentile_rms-0000-0000-283180,s04,s0401b,-11,1,9.428336732544675
s0401b:s04_s0401b_raw_nemo_buffer_000072-vad_percentile_rms-0000-0001-284888,s04,s0401b,,0,-8.744558292474665
s0401b:s04_s0401b_raw_nemo_buffer_000073-vad_percentile_rms-0000-0000-285204,s04,s0401b,,0,-4.10877176812572
s0401b:s04_s0401b_raw_nemo_buffer_000073-vad_percentile_rms-0000-0001-289632,s04,s0401b,60,1,52.745847218247185
s0401b:s04_s0401b_raw_nemo_buffer_000073-vad_percentile_rms-0000-0002-290156,s04,s0401b,15,1,2.768015668974229
s0401b:s04_s0401b_raw_nemo_buffer_000073-vad_percentile_rms-0000-0003-290856,s04,s0401b,,0,12.595348432272433
s0401b:s04_s0401b_raw_nemo_buffer_000074-vad_percentile_rms-0000-0000-291052,s04,s0401b,,0,5.601167782246497
s0401b:s04_s0401b_raw_nemo_buffer_000074-vad_percentile_rms-0000-0001-292700,s04,s0401b,61,1,-1.7708561924247839
s0401b:s04_s0401b_raw_nemo_buffer_000074-vad_percentile_rms-0000-0003-293896,s04,s0401b,,0,9.80348790157773
s0401b:s04_s0401b_raw_nemo_buffer_000075-vad_percentile_rms-0000-0000-294132,s04,s0401b,,0,-9.855551516410383
s0401b:s04_s0401b_raw_nemo_buffer_000075-vad_percentile_rms-0000-0001-295488,s04,s0401b,,0,1.845654513511862
s0401b:s04_s0401b_raw_nemo_buffer_000076-vad_percentile_rms-0000-0000-295644,s04,s0401b,-12,1,6.594322539849715
s0401b:s04_s0401b_raw_nemo_buffer_000076-vad_percentile_rms-0000-0001-296680,s04,s0401b,,0,17.392723770769624
s0401b:s04_s0401b_raw_nemo_buffer_000077-vad_percentile_rms-0000-0000-298200,s04,s0401b,,0,-8.874960273683893
s0401b:s04_s0401b_raw_nemo_buffer_000077-vad_percentile_rms-0000-0001-299108,s04,s0401b,,0,10.552190467841815
s0401b:s04_s0401b_raw_nemo_buffer_000078-vad_percentile_rms-0000-0000-299672,s04,s0401b,,0,-8.268969748337213
s0401b:s04_s0401b_raw_nemo_buffer_000078-vad_percentile_rms-0000-0001-300816,s04,s0401b,18,1,32.17681909662073
s0401b:s04_s0401b_raw_nemo_buffer_000078-vad_percentile_rms-0000-0002-302640,s04,s0401b,26,1,29.625610571758166
s0401b:s04_s0401b_raw_nemo_buffer_000078-vad_percentile_rms-0000-0003-305888,s04,s0401b,,0,29.95390597630735
s0401b:s04_s0401b_raw_nemo_buffer_000079-vad_percentile_rms-0000-0000-307040,s04,s0401b,,0,-3.6218788909500397
s0401b:s04_s0401b_raw_nemo_buffer_000079-vad_percentile_rms-0000-0001-308392,s04,s0401b,,0,12.463278268318993
s0401b:s04_s0401b_raw_nemo_buffer_000080-vad_percentile_rms-0000-0000-309016,s04,s0401b,,0,-1.5114789682935204
s0401b:s04_s0401b_raw_nemo_buffer_000080-vad_percentile_rms-0000-0001-311072,s04,s0401b,,0,20.983572815980075
s0401b:s04_s0401b_raw_nemo_buffer_000081-vad_percentile_rms-0000-0000-311488,s04,s0401b,,0,-11.680405342532996
s0401b:s04_s0401b_raw_nemo_buffer_000081-vad_percentile_rms-0000-0002-313740,s04,s0401b,,0,30.02271083687205
s0401b:s04_s0401b_raw_nemo_buffer_000082-vad_percentile_rms-0000-0000-314372,s04,s0401b,,0,7.116882705968096
s0401b:s04_s0401b_raw_nemo_buffer_000082-vad_percentile_rms-0000-0001-315872,s04,s0401b,,0,17.00622234269053
s0401b:s04_s0401b_raw_nemo_buffer_000083-vad_percentile_rms-0000-0000-316820,s04,s0401b,,0,0.3586609725916592
s0401b:s04_s0401b_raw_nemo_buffer_000083-vad_percentile_rms-0000-0001-320844,s04,s0401b,30,1,18.074379976064442
s0401b:s04_s0401b_raw_nemo_buffer_000083-vad_percentile_rms-0000-0002-323276,s04,s0401b,,0,16.750037597020413
s0401b:s04_s0401b_raw_nemo_buffer_000084-vad_percentile_rms-0000-0000-324436,s04,s0401b,,0,-17.287371805608544
s0401b:s04_s0401b_raw_nemo_buffer_000084-vad_percentile_rms-0000-0002-325836,s04,s0401b,,0,28.176799013261203
s0401b:s04_s0401b_raw_nemo_buffer_000085-vad_percentile_rms-0000-0000-326172,s04,s0401b,,0,14.992472234497855
s0401b:s04_s0401b_raw_nemo_buffer_000085-vad_percentile_rms-0000-0001-328828,s04,s0401b,,0,21.918675648255725
s0401b:s04_s0401b_raw_nemo_buffer_000086-vad_percentile_rms-0000-0000-329104,s04,s0401b,-32,1,-56.75035594545148
s0401b:s04_s0401b_raw_nemo_buffer_000086-vad_percentile_rms-0000-0001-329512,s04,s0401b,,0,6.698471632513535
s0401b:s04_s0401b_raw_nemo_buffer_000087-vad_percentile_rms-0000-0000-329888,s04,s0401b,,0,0.016927630188535048
s0401b:s04_s0401b_raw_nemo_buffer_000087-vad_percentile_rms-0000-0001-331144,s04,s0401b,,0,25.95701508267952
s0401b:s04_s0401b_raw_nemo_buffer_000088-vad_percentile_rms-0000-0000-335520,s04,s0401b,,0,-5.85951036816213
s0401b:s04_s0401b_raw_nemo_buffer_000088-vad_percentile_rms-0000-0001-337868,s04,s0401b,,0,21.618125312653234
s0401b:s04_s0401b_raw_nemo_buffer_000089-vad_percentile_rms-0000-0000-338780,s04,s0401b,,0,4.227484012913205
s0401b:s04_s0401b_raw_nemo_buffer_000089-vad_percentile_rms-0000-0001-340684,s04,s0401b,,0,20.711136704142664
s0401b:s04_s0401b_raw_nemo_buffer_000090-vad_percentile_rms-0000-0000-341396,s04,s0401b,,0,-25.17468102650296
s0401b:s04_s0401b_raw_nemo_buffer_000090-vad_percentile_rms-0000-0001-342060,s04,s0401b,,0,19.910040496120583
s0401b:s04_s0401b_raw_nemo_buffer_000091-vad_percentile_rms-0000-0000-342320,s04,s0401b,,0,-1.087169881899543
s0401b:s04_s0401b_raw_nemo_buffer_000091-vad_percentile_rms-0000-0001-345460,s04,s0401b,,0,6.464685930260633
s0401b:s04_s0401b_raw_nemo_buffer_000092-vad_percentile_rms-0000-0000-345752,s04,s0401b,,0,2.4614799617104843
s0401b:s04_s0401b_raw_nemo_buffer_000092-vad_percentile_rms-0000-0001-347468,s04,s0401b,,0,13.05957149335422
s0401b:s04_s0401b_raw_nemo_buffer_000093-vad_percentile_rms-0000-0000-348096,s04,s0401b,,0,-1.6722405559680595
s0401b:s04_s0401b_raw_nemo_buffer_000093-vad_percentile_rms-0000-0001-348836,s04,s0401b,63,1,40.36399429983401
s0401b:s04_s0401b_raw_nemo_buffer_000093-vad_percentile_rms-0000-0002-351980,s04,s0401b,,0,11.916917058723659
s0401b:s04_s0401b_raw_nemo_buffer_000094-vad_percentile_rms-0000-0000-352136,s04,s0401b,,0,-11.802957217218768
s0401b:s04_s0401b_raw_nemo_buffer_000094-vad_percentile_rms-0000-0002-353676,s04,s0401b,,0,15.888882700204674
s0401b:s04_s0401b_raw_nemo_buffer_000095-vad_percentile_rms-0000-0000-364452,s04,s0401b,,0,-2.018568535778691
s0401b:s04_s0401b_raw_nemo_buffer_000095-vad_percentile_rms-0000-0001-366348,s04,s0401b,20,1,-1.142012041006197
s0401b:s04_s0401b_raw_nemo_buffer_000095-vad_percentile_rms-0000-0002-366956,s04,s0401b,,0,9.967746794617275
s0401b:s04_s0401b_raw_nemo_buffer_000096-vad_percentile_rms-0000-0000-367576,s04,s0401b,-8,1,-32.89480420239785
s0401b:s04_s0401b_raw_nemo_buffer_000096-vad_percentile_rms-0000-0001-368200,s04,s0401b,,0,7.081602074730094
s0401b:s04_s0401b_raw_nemo_buffer_000097-vad_percentile_rms-0000-0000-369400,s04,s0401b,,0,-6.91855828972697
s0401b:s04_s0401b_raw_nemo_buffer_000097-vad_percentile_rms-0000-0001-372072,s04,s0401b,21,1,25.05722134509981
s0401b:s04_s0401b_raw_nemo_buffer_000097-vad_percentile_rms-0000-0003-373032,s04,s0401b,,0,7.5621225600503355
s0401b:s04_s0401b_raw_nemo_buffer_000098-vad_percentile_rms-0000-0000-373444,s04,s0401b,,0,15.303954399907001
s0401b:s04_s0401b_raw_nemo_buffer_000098-vad_percentile_rms-0000-0002-376108,s04,s0401b,74,1,54.53913615642392
s0401b:s04_s0401b_raw_nemo_buffer_000098-vad_percentile_rms-0000-0003-377756,s04,s0401b,,0,44.82944068587776
s0401b:s04_s0401b_raw_nemo_buffer_000098-vad_percentile_rms-0000-0004-379432,s04,s0401b,,0,-10.934909934666209
s0401b:s04_s0401b_raw_nemo_buffer_000099-vad_percentile_rms-0000-0000-382216,s04,s0401b,,0,-24.001862117250255
s0401b:s04_s0401b_raw_nemo_buffer_000099-vad_percentile_rms-0000-0001-385676,s04,s0401b,8,1,11.561407478835624
s0401b:s04_s0401b_raw_nemo_buffer_000099-vad_percentile_rms-0000-0002-387124,s04,s0401b,95,1,70.94302904526674
s0401b:s04_s0401b_raw_nemo_buffer_000099-vad_percentile_rms-0000-0003-387792,s04,s0401b,17,1,-10.88763819382762
s0401b:s04_s0401b_raw_nemo_buffer_000099-vad_percentile_rms-0000-0004-388132,s04,s0401b,14,1,7.666453334365289
s0401b:s04_s0401b_raw_nemo_buffer_000099-vad_percentile_rms-0000-0005-389416,s04,s0401b,,0,19.11184318378196
s0401b:s04_s0401b_raw_nemo_buffer_000100-vad_percentile_rms-0000-0000-390104,s04,s0401b,,0,9.486369183382653
s0401b:s04_s0401b_raw_nemo_buffer_000100-vad_percentile_rms-0000-0001-390976,s04,s0401b,-43,1,26.767711333734397
s0401b:s04_s0401b_raw_nemo_buffer_000100-vad_percentile_rms-0000-0002-391608,s04,s0401b,32,1,5.129130443415157
s0401b:s04_s0401b_raw_nemo_buffer_000100-vad_percentile_rms-0000-0003-392232,s04,s0401b,,0,-6.059387199842487
s0401b:s04_s0401b_raw_nemo_buffer_000101-vad_percentile_rms-0000-0000-392640,s04,s0401b,,0,-10.705068239926614
s0401b:s04_s0401b_raw_nemo_buffer_000101-vad_percentile_rms-0000-0001-393716,s04,s0401b,,0,13.687630452208921
s0401b:s04_s0401b_raw_nemo_buffer_000102-vad_percentile_rms-0000-0000-394108,s04,s0401b,,0,4.258160800932801
s0401b:s04_s0401b_raw_nemo_buffer_000102-vad_percentile_rms-0000-0001-395996,s04,s0401b,16,1,24.10081860381309
s0401b:s04_s0401b_raw_nemo_buffer_000102-vad_percentile_rms-0000-0002-397024,s04,s0401b,49,1,51.92277295545266
s0401b:s04_s0401b_raw_nemo_buffer_000102-vad_percentile_rms-0000-0003-398176,s04,s0401b,,0,20.65219819918606
s0401b:s04_s0401b_raw_nemo_buffer_000103-vad_percentile_rms-0000-0000-398432,s04,s0401b,,0,1.0125361506719361
s0401b:s04_s0401b_raw_nemo_buffer_000103-vad_percentile_rms-0000-0001-401748,s04,s0401b,-61,1,20.03596020626111
s0401b:s04_s0401b_raw_nemo_buffer_000103-vad_percentile_rms-0000-0002-403496,s04,s0401b,,0,13.768579145960626
s0401b:s04_s0401b_raw_nemo_buffer_000104-vad_percentile_rms-0000-0000-405448,s04,s0401b,,0,-14.108321495662686
s0401b:s04_s0401b_raw_nemo_buffer_000104-vad_percentile_rms-0000-0003-407756,s04,s0401b,,0,20.6792339794268
s0401b:s04_s0401b_raw_nemo_buffer_000105-vad_percentile_rms-0000-0000-407956,s04,s0401b,,0,-10.218896100301642
s0401b:s04_s0401b_raw_nemo_buffer_000105-vad_percentile_rms-0000-0001-408976,s04,s0401b,-40,1,7.65885590621368
s0401b:s04_s0401b_raw_nemo_buffer_000105-vad_percentile_rms-0000-0002-410444,s04,s0401b,,0,4.836526713667453
s0401b:s04_s0401b_raw_nemo_buffer_000106-vad_percentile_rms-0000-0000-411196,s04,s0401b,,0,0.5105453148034069
s0401b:s04_s0401b_raw_nemo_buffer_000106-vad_percentile_rms-0000-0001-411756,s04,s0401b,,0,21.658522110460595
s0401b:s04_s0401b_raw_nemo_buffer_000107-vad_percentile_rms-0000-0000-414768,s04,s0401b,,0,-15.552215794599466
s0401b:s04_s0401b_raw_nemo_buffer_000107-vad_percentile_rms-0000-0001-417068,s04,s0401b,,0,3.148220614138637
s0401b:s04_s0401b_raw_nemo_buffer_000108-vad_percentile_rms-0000-0000-417220,s04,s0401b,,0,-0.0847407961084734
s0401b:s04_s0401b_raw_nemo_buffer_000108-vad_percentile_rms-0000-0001-417860,s04,s0401b,,0,13.979256880489892
s0401b:s04_s0401b_raw_nemo_buffer_000109-vad_percentile_rms-0000-0000-420228,s04,s0401b,,0,11.599844697249036
s0401b:s04_s0401b_raw_nemo_buffer_000109-vad_percentile_rms-0000-0001-420688,s04,s0401b,16,1,-4.086233915376191
s0401b:s04_s0401b_raw_nemo_buffer_000109-vad_percentile_rms-0000-0002-421960,s04,s0401b,,0,-5.397391011293706
s0401b:s04_s0401b_raw_nemo_buffer_000110-vad_percentile_rms-0000-0000-422644,s04,s0401b,,0,-9.539046517551633
s0401b:s04_s0401b_raw_nemo_buffer_000110-vad_percentile_rms-0000-0001-423272,s04,s0401b,,0,5.948261583148726
s0401b:s04_s0401b_raw_nemo_buffer_000111-vad_percentile_rms-0000-0000-423496,s04,s0401b,,0,-5.390336525877693
s0401b:s04_s0401b_raw_nemo_buffer_000111-vad_percentile_rms-0000-0001-424636,s04,s0401b,,0,10.681222843894107
s0401b:s04_s0401b_raw_nemo_buffer_000112-vad_percentile_rms-0000-0000-426420,s04,s0401b,,0,6.710849327585518
s0401b:s04_s0401b_raw_nemo_buffer_000112-vad_percentile_rms-0000-0001-428944,s04,s0401b,75,1,59.94805859686497
s0401b:s04_s0401b_raw_nemo_buffer_000112-vad_percentile_rms-0000-0002-429560,s04,s0401b,60,1,42.157984830962846
s0401b:s04_s0401b_raw_nemo_buffer_000112-vad_percentile_rms-0000-0003-433652,s04,s0401b,-3,1,61.41629865999743
s0401b:s04_s0401b_raw_nemo_buffer_000112-vad_percentile_rms-0000-0004-434168,s04,s0401b,,0,4.917119915220418
s0401b:s04_s0401b_raw_nemo_buffer_000113-vad_percentile_rms-0000-0001-436844,s04,s0401b,,0,11.899939847176807
s0401b:s04_s0401b_raw_nemo_buffer_000114-vad_percentile_rms-0000-0000-437076,s04,s0401b,,0,1.1302324274666482
s0401b:s04_s0401b_raw_nemo_buffer_000114-vad_percentile_rms-0000-0001-438224,s04,s0401b,81,1,9.399521091412888
s0401b:s04_s0401b_raw_nemo_buffer_000114-vad_percentile_rms-0000-0002-438288,s04,s0401b,17,1,-1.0723217022233218
s0401b:s04_s0401b_raw_nemo_buffer_000114-vad_percentile_rms-0000-0003-438940,s04,s0401b,,0,-8.909972762664232
s0401b:s04_s0401b_raw_nemo_buffer_000115-vad_percentile_rms-0000-0000-440336,s04,s0401b,,0,-5.087838673446978
s0401b:s04_s0401b_raw_nemo_buffer_000115-vad_percentile_rms-0000-0001-444232,s04,s0401b,,0,23.825349279004527
s0401b:s04_s0401b_raw_nemo_buffer_000116-vad_percentile_rms-0000-0000-444828,s04,s0401b,,0,-8.921637578635877
s0401b:s04_s0401b_raw_nemo_buffer_000116-vad_percentile_rms-0000-0001-446608,s04,s0401b,93,1,39.995712871490504
s0401b:s04_s0401b_raw_nemo_buffer_000116-vad_percentile_rms-0000-0002-447948,s04,s0401b,35,1,22.769636417505822
s0401b:s04_s0401b_raw_nemo_buffer_000116-vad_percentile_rms-0000-0003-449416,s04,s0401b,34,1,19.359107328605
s0401b:s04_s0401b_raw_nemo_buffer_000116-vad_percentile_rms-0000-0004-451992,s04,s0401b,23,1,37.622173078347416
s0401b:s04_s0401b_raw_nemo_buffer_000116-vad_percentile_rms-0000-0005-452676,s04,s0401b,-63,1,-4.533555832704607
s0401b:s04_s0401b_raw_nemo_buffer_000116-vad_percentile_rms-0000-0006-455064,s04,s0401b,24,1,12.740053354740438
s0401b:s04_s0401b_raw_nemo_buffer_000116-vad_percentile_rms-0000-0007-455640,s04,s0401b,25,1,-6.238444001787805
s0401b:s04_s0401b_raw_nemo_buffer_000116-vad_percentile_rms-0000-0008-456100,s04,s0401b,,0,15.581784573220805
s0401b:s04_s0401b_raw_nemo_buffer_000117-vad_percentile_rms-0000-0000-456700,s04,s0401b,,0,-8.978532826659354
s0401b:s04_s0401b_raw_nemo_buffer_000117-vad_percentile_rms-0000-0001-459772,s04,s0401b,62,1,27.64640813163384
s0401b:s04_s0401b_raw_nemo_buffer_000117-vad_percentile_rms-0000-0002-460508,s04,s0401b,,0,27.291228788899733
s0401b:s04_s0401b_raw_nemo_buffer_000118-vad_percentile_rms-0000-0000-460664,s04,s0401b,,0,14.26337771890179
s0401b:s04_s0401b_raw_nemo_buffer_000118-vad_percentile_rms-0000-0001-460892,s04,s0401b,,0,60.17453977586993
s0401b:s04_s0401b_raw_nemo_buffer_000118-vad_percentile_rms-0000-0002-464132,s04,s0401b,19,1,35.80348802638338
s0401b:s04_s0401b_raw_nemo_buffer_000118-vad_percentile_rms-0000-0004-464740,s04,s0401b,36,1,37.48703767543897
s0401b:s04_s0401b_raw_nemo_buffer_000118-vad_percentile_rms-0000-0005-467400,s04,s0401b,23,1,33.63449356158011
s0401b:s04_s0401b_raw_nemo_buffer_000118-vad_percentile_rms-0000-0006-469020,s04,s0401b,,0,11.55059031950392
s0401b:s04_s0401b_raw_nemo_buffer_000119-vad_percentile_rms-0000-0000-469848,s04,s0401b,,0,-22.914087713295146
s0401b:s04_s0401b_raw_nemo_buffer_000119-vad_percentile_rms-0000-0001-470492,s04,s0401b,,0,11.993935353266723
s0401b:s04_s0401b_raw_nemo_buffer_000120-vad_percentile_rms-0000-0000-472924,s04,s0401b,,0,-7.252663284730314
s0401b:s04_s0401b_raw_nemo_buffer_000120-vad_percentile_rms-0000-0001-475136,s04,s0401b,,0,18.5460993862776
s0401b:s04_s0401b_raw_nemo_buffer_000121-vad_percentile_rms-0000-0000-475376,s04,s0401b,,0,-7.08964243608639
s0401b:s04_s0401b_raw_nemo_buffer_000121-vad_percentile_rms-0000-0001-476288,s04,s0401b,,0,-6.256346443779773
s0401b:s04_s0401b_raw_nemo_buffer_000122-vad_percentile_rms-0000-0000-476692,s04,s0401b,,0,-32.76559864455792
s0401b:s04_s0401b_raw_nemo_buffer_000122-vad_percentile_rms-0000-0001-477248,s04,s0401b,,0,-17.87962825269763
s0401b:s04_s0401b_raw_nemo_buffer_000123-vad_percentile_rms-0000-0000-478432,s04,s0401b,-44,1,-16.390964644355275
s0401b:s04_s0401b_raw_nemo_buffer_000123-vad_percentile_rms-0000-0001-479072,s04,s0401b,,0,-8.27012575766869
s0401b:s04_s0401b_raw_nemo_buffer_000124-vad_percentile_rms-0000-0000-479248,s04,s0401b,,0,-20.67803084685488
s0401b:s04_s0401b_raw_nemo_buffer_000124-vad_percentile_rms-0000-0001-479816,s04,s0401b,,0,14.276199607048484
s0401b:s04_s0401b_raw_nemo_buffer_000125-vad_percentile_rms-0000-0000-486148,s04,s0401b,,0,-3.2904793228329012
s0401b:s04_s0401b_raw_nemo_buffer_000125-vad_percentile_rms-0000-0001-488172,s04,s0401b,,0,12.502318011005443
s0401b:s04_s0401b_raw_nemo_buffer_000126-vad_percentile_rms-0000-0000-488672,s04,s0401b,,0,-37.218853952423494
s0401b:s04_s0401b_raw_nemo_buffer_000126-vad_percentile_rms-0000-0001-489256,s04,s0401b,,0,6.888118472517888
s0401b:s04_s0401b_raw_nemo_buffer_000127-vad_percentile_rms-0000-0000-489448,s04,s0401b,-49,1,-18.760025089400912
s0401b:s04_s0401b_raw_nemo_buffer_000127-vad_percentile_rms-0000-0001-490696,s04,s0401b,,0,7.505076638540129
s0401b:s04_s0401b_raw_nemo_buffer_000128-vad_percentile_rms-0000-0000-491088,s04,s0401b,-32,1,-2.725934943179684
s0401b:s04_s0401b_raw_nemo_buffer_000128-vad_percentile_rms-0000-0001-493212,s04,s0401b,,0,8.33346271205216
s0401b:s04_s0401b_raw_nemo_buffer_000129-vad_percentile_rms-0000-0000-493428,s04,s0401b,,0,2.566346309374456
s0401b:s04_s0401b_raw_nemo_buffer_000129-vad_percentile_rms-0000-0001-495080,s04,s0401b,,0,12.296463123588207
s0401b:s04_s0401b_raw_nemo_buffer_000130-vad_percentile_rms-0000-0000-495572,s04,s0401b,,0,6.593457777390123
s0401b:s04_s0401b_raw_nemo_buffer_000130-vad_percentile_rms-0000-0001-496148,s04,s0401b,,0,0.31992446107413386
s0401b:s04_s0401b_raw_nemo_buffer_000131-vad_percentile_rms-0000-0000-497148,s04,s0401b,-4,1,6.532617792721786
s0401b:s04_s0401b_raw_nemo_buffer_000131-vad_percentile_rms-0000-0001-498520,s04,s0401b,,0,4.5805567205585405
s0401b:s04_s0401b_raw_nemo_buffer_000132-vad_percentile_rms-0000-0000-502196,s04,s0401b,,0,-27.88560011027407
s0401b:s04_s0401b_raw_nemo_buffer_000132-vad_percentile_rms-0000-0001-502804,s04,s0401b,13,1,36.79858657647549
s0401b:s04_s0401b_raw_nemo_buffer_000132-vad_percentile_rms-0000-0002-503132,s04,s0401b,,0,-14.867570801663547
s0401b:s04_s0401b_raw_nemo_buffer_000133-vad_percentile_rms-0000-0000-503788,s04,s0401b,,0,6.215914698980905
s0401b:s04_s0401b_raw_nemo_buffer_000133-vad_percentile_rms-0000-0001-504200,s04,s0401b,,0,-23.652828898011784
s0401b:s04_s0401b_raw_nemo_buffer_000134-vad_percentile_rms-0000-0000-504696,s04,s0401b,,0,4.974778012445329
s0401b:s04_s0401b_raw_nemo_buffer_000134-vad_percentile_rms-0000-0001-505324,s04,s0401b,,0,-5.438642451490644
s0401b:s04_s0401b_raw_nemo_buffer_000135-vad_percentile_rms-0000-0000-506644,s04,s0401b,,0,-7.477716141863496
s0401b:s04_s0401b_raw_nemo_buffer_000135-vad_percentile_rms-0000-0001-509260,s04,s0401b,,0,27.29296146244588
s0401b:s04_s0401b_raw_nemo_buffer_000136-vad_percentile_rms-0000-0000-509580,s04,s0401b,,0,9.942440400720642
s0401b:s04_s0401b_raw_nemo_buffer_000136-vad_percentile_rms-0000-0001-512652,s04,s0401b,,0,14.630333342376046
s0401b:s04_s0401b_raw_nemo_buffer_000137-vad_percentile_rms-0000-0000-519752,s04,s0401b,,0,-26.87976483024093
s0401b:s04_s0401b_raw_nemo_buffer_000137-vad_percentile_rms-0000-0001-520332,s04,s0401b,,0,-4.316939135964073
s0401b:s04_s0401b_raw_nemo_buffer_000138-vad_percentile_rms-0000-0000-520888,s04,s0401b,,0,-8.704761267208745
s0401b:s04_s0401b_raw_nemo_buffer_000138-vad_percentile_rms-0000-0001-524072,s04,s0401b,,0,16.06530954660139
s0401b:s04_s0401b_raw_nemo_buffer_000139-vad_percentile_rms-0000-0000-524596,s04,s0401b,,0,-5.091884721690114
s0401b:s04_s0401b_raw_nemo_buffer_000140-vad_percentile_rms-0000-0000-526528,s04,s0401b,,0,-19.671851321597032
s0401b:s04_s0401b_raw_nemo_buffer_000140-vad_percentile_rms-0000-0001-527072,s04,s0401b,,0,-23.80035178802909
s0401b:s04_s0401b_raw_nemo_buffer_000141-vad_percentile_rms-0000-0000-527380,s04,s0401b,,0,-4.762531269367837
s0401b:s04_s0401b_raw_nemo_buffer_000141-vad_percentile_rms-0000-0001-529320,s04,s0401b,,0,10.016146923231098
s0401b:s04_s0401b_raw_nemo_buffer_000142-vad_percentile_rms-0000-0000-529496,s04,s0401b,,0,-15.44150460613795
s0401b:s04_s0401b_raw_nemo_buffer_000142-vad_percentile_rms-0000-0002-531944,s04,s0401b,,0,16.974762484885083
s0401b:s04_s0401b_raw_nemo_buffer_000143-vad_percentile_rms-0000-0000-533152,s04,s0401b,,0,0.7897230533354449
s0401b:s04_s0401b_raw_nemo_buffer_000143-vad_percentile_rms-0000-0001-534024,s04,s0401b,100,1,10.231302882228103
s0401b:s04_s0401b_raw_nemo_buffer_000143-vad_percentile_rms-0000-0002-534148,s04,s0401b,42,1,2.250384338338904
s0401b:s04_s0401b_raw_nemo_buffer_000143-vad_percentile_rms-0000-0003-534972,s04,s0401b,,0,-0.15900729581690953
s0401b:s04_s0401b_raw_nemo_buffer_000144-vad_percentile_rms-0000-0000-537764,s04,s0401b,,0,-22.66534709916869
s0401b:s04_s0401b_raw_nemo_buffer_000144-vad_percentile_rms-0000-0001-538212,s04,s0401b,,0,-7.394851211405612
s0401b:s04_s0401b_raw_nemo_buffer_000145-vad_percentile_rms-0000-0000-551408,s04,s0401b,,0,-7.940975648107788
s0401b:s04_s0401b_raw_nemo_buffer_000145-vad_percentile_rms-0000-0002-551900,s04,s0401b,,0,-0.4639416021741791
s0401b:s04_s0401b_raw_nemo_buffer_000146-vad_percentile_rms-0000-0000-555176,s04,s0401b,,0,-5.094743722285735
s0401b:s04_s0401b_raw_nemo_buffer_000146-vad_percentile_rms-0000-0001-555720,s04,s0401b,,0,9.817516681766998
s0401b:s04_s0401b_raw_nemo_buffer_000147-vad_percentile_rms-0000-0000-560524,s04,s0401b,,0,4.0412105945228465
s0401b:s04_s0401b_raw_nemo_buffer_000148-vad_percentile_rms-0000-0000-561820,s04,s0401b,,0,7.785826554026201
s0601a:s06_s0601a_raw_nemo_buffer_000000-vad_percentile_rms-0000-0000-82040,s06,s0601a,,0,17.263896472611698
s0601a:s06_s0601a_raw_nemo_buffer_000000-vad_percentile_rms-0000-0001-84400,s06,s0601a,18,1,1.147296624743058
s0601a:s06_s0601a_raw_nemo_buffer_000001-vad_percentile_rms-0000-0000-91144,s06,s0601a,,0,29.561786083071002
s0601a:s06_s0601a_raw_nemo_buffer_000002-vad_percentile_rms-0000-0000-92396,s06,s0601a,,0,-15.989604101607696
s0601a:s06_s0601a_raw_nemo_buffer_000002-vad_percentile_rms-0000-0001-93156,s06,s0601a,100,1,10.89300128305981
s0601a:s06_s0601a_raw_nemo_buffer_000002-vad_percentile_rms-0000-0002-93244,s06,s0601a,13,1,9.14673253771711
s0601a:s06_s0601a_raw_nemo_buffer_000002-vad_percentile_rms-0000-0003-94764,s06,s0601a,,0,7.4950993837186815
s0601a:s06_s0601a_raw_nemo_buffer_000003-vad_percentile_rms-0000-0000-95848,s06,s0601a,,0,-2.7507973933452377
s0601a:s06_s0601a_raw_nemo_buffer_000003-vad_percentile_rms-0000-0001-98476,s06,s0601a,,0,41.28070639953694
s0601a:s06_s0601a_raw_nemo_buffer_000003-vad_percentile_rms-0000-0002-98764,s06,s0601a,,0,24.325714609055893
s0601a:s06_s0601a_raw_nemo_buffer_000004-vad_percentile_rms-0000-0000-99252,s06,s0601a,,0,-14.080172025310667
s0601a:s06_s0601a_raw_nemo_buffer_000004-vad_percentile_rms-0000-0001-101640,s06,s0601a,,0,7.328192899466867
s0601a:s06_s0601a_raw_nemo_buffer_000005-vad_percentile_rms-0000-0000-103464,s06,s0601a,,0,-1.1557673542307132
s0601a:s06_s0601a_raw_nemo_buffer_000006-vad_percentile_rms-0000-0000-107564,s06,s0601a,,0,11.527588556055985
s0601a:s06_s0601a_raw_nemo_buffer_000007-vad_percentile_rms-0000-0000-118504,s06,s0601a,,0,-20.135954300544373
s0601a:s06_s0601a_raw_nemo_buffer_000008-vad_percentile_rms-0000-0000-125284,s06,s0601a,,0,4.394096645016029
s0601a:s06_s0601a_raw_nemo_buffer_000009-vad_percentile_rms-0000-0000-130292,s06,s0601a,,0,-25.095519460279778
s0601a:s06_s0601a_raw_nemo_buffer_000009-vad_percentile_rms-0000-0001-132392,s06,s0601a,,0,20.411201256184974
s0601a:s06_s0601a_raw_nemo_buffer_000010-vad_percentile_rms-0000-0000-132544,s06,s0601a,,0,8.507417281237778
s0601a:s06_s0601a_raw_nemo_buffer_000010-vad_percentile_rms-0000-0001-134612,s06,s0601a,,0,10.25537871790622
s0601a:s06_s0601a_raw_nemo_buffer_000011-vad_percentile_rms-0000-0000-135084,s06,s0601a,,0,-0.8474483718346502
s0601a:s06_s0601a_raw_nemo_buffer_000011-vad_percentile_rms-0000-0001-136328,s06,s0601a,,0,11.38302202324389
s0601a:s06_s0601a_raw_nemo_buffer_000012-vad_percentile_rms-0000-0000-136588,s06,s0601a,-22,1,-24.06290753556232
s0601a:s06_s0601a_raw_nemo_buffer_000012-vad_percentile_rms-0000-0001-138644,s06,s0601a,,0,16.02432587222025
s0601a:s06_s0601a_raw_nemo_buffer_000013-vad_percentile_rms-0000-0000-139108,s06,s0601a,-32,1,-1.7749307245129682
s0601a:s06_s0601a_raw_nemo_buffer_000013-vad_percentile_rms-0000-0001-141364,s06,s0601a,,0,7.37651915653587
s0601a:s06_s0601a_raw_nemo_buffer_000014-vad_percentile_rms-0000-0000-143800,s06,s0601a,,0,-17.43981419446056
s0601a:s06_s0601a_raw_nemo_buffer_000015-vad_percentile_rms-0000-0000-146752,s06,s0601a,,0,23.49591928767834
s0601a:s06_s0601a_raw_nemo_buffer_000015-vad_percentile_rms-0000-0001-151260,s06,s0601a,,0,21.803044217363173
s0601a:s06_s0601a_raw_nemo_buffer_000016-vad_percentile_rms-0000-0000-153408,s06,s0601a,,0,-5.777389604504865
s0601a:s06_s0601a_raw_nemo_buffer_000017-vad_percentile_rms-0000-0000-158904,s06,s0601a,,0,-6.160078621708308
s0601a:s06_s0601a_raw_nemo_buffer_000018-vad_percentile_rms-0000-0000-162088,s06,s0601a,,0,13.366428092307059
s0601a:s06_s0601a_raw_nemo_buffer_000019-vad_percentile_rms-0000-0000-167844,s06,s0601a,,0,-9.354682044712735
s0601a:s06_s0601a_raw_nemo_buffer_000020-vad_percentile_rms-0000-0000-168596,s06,s0601a,,0,2.844540607467696
s0601a:s06_s0601a_raw_nemo_buffer_000020-vad_percentile_rms-0000-0001-172420,s06,s0601a,,0,7.698427975096984
s0601a:s06_s0601a_raw_nemo_buffer_000021-vad_percentile_rms-0000-0000-172628,s06,s0601a,,0,9.26435854260216
s0601a:s06_s0601a_raw_nemo_buffer_000021-vad_percentile_rms-0000-0001-173000,s06,s0601a,,0,9.896170804717862
s0601a:s06_s0601a_raw_nemo_buffer_000021-vad_percentile_rms-0000-0002-173680,s06,s0601a,-58,1,-33.392878055289614
s0601a:s06_s0601a_raw_nemo_buffer_000021-vad_percentile_rms-0000-0003-176264,s06,s0601a,-72,1,-29.790634457250857
s0601a:s06_s0601a_raw_nemo_buffer_000021-vad_percentile_rms-0000-0004-178144,s06,s0601a,-53,1,-12.51052313375732
s0601a:s06_s0601a_raw_nemo_buffer_000021-vad_percentile_rms-0000-0006-179484,s06,s0601a,,0,17.148231796511226
s0601a:s06_s0601a_raw_nemo_buffer_000022-vad_percentile_rms-0000-0000-180244,s06,s0601a,-4,1,19.33829972455849
s0601a:s06_s0601a_raw_nemo_buffer_000022-vad_percentile_rms-0000-0001-182764,s06,s0601a,,0,25.25039655869937
s0601a:s06_s0601a_raw_nemo_buffer_000023-vad_percentile_rms-0000-0000-188596,s06,s0601a,,0,-12.302163616710562
s0601a:s06_s0601a_raw_nemo_buffer_000023-vad_percentile_rms-0000-0001-191000,s06,s0601a,,0,16.91261446799525
s0601a:s06_s0601a_raw_nemo_buffer_000024-vad_percentile_rms-0000-0000-198324,s06,s0601a,,0,-28.376412976041617
s0601a:s06_s0601a_raw_nemo_buffer_000024-vad_percentile_rms-0000-0001-200068,s06,s0601a,,0,0.6660495947577711
s0601a:s06_s0601a_raw_nemo_buffer_000024-vad_percentile_rms-0000-0002-200328,s06,s0601a,,0,13.851424004102348
s0601a:s06_s0601a_raw_nemo_buffer_000025-vad_percentile_rms-0000-0000-200596,s06,s0601a,,0,6.205254588599274
s0601a:s06_s0601a_raw_nemo_buffer_000025-vad_percentile_rms-0000-0001-202516,s06,s0601a,-28,1,-6.919025830554546
s0601a:s06_s0601a_raw_nemo_buffer_000025-vad_percentile_rms-0000-0003-206092,s06,s0601a,,0,8.041338965631363
s0601a:s06_s0601a_raw_nemo_buffer_000026-vad_percentile_rms-0000-0000-206440,s06,s0601a,,0,-1.0110142269649653
s0601a:s06_s0601a_raw_nemo_buffer_000026-vad_percentile_rms-0000-0001-209964,s06,s0601a,,0,28.84576438274424
s0601a:s06_s0601a_raw_nemo_buffer_000026-vad_percentile_rms-0000-0002-210248,s06,s0601a,,0,25.089976552987185
s0601a:s06_s0601a_raw_nemo_buffer_000027-vad_percentile_rms-0000-0000-210412,s06,s0601a,,0,-0.44206336623573783
s0601a:s06_s0601a_raw_nemo_buffer_000027-vad_percentile_rms-0000-0001-213580,s06,s0601a,,0,24.206537568395223
s0601a:s06_s0601a_raw_nemo_buffer_000028-vad_percentile_rms-0000-0000-220108,s06,s0601a,,0,-5.138699282178962
s0601a:s06_s0601a_raw_nemo_buffer_000028-vad_percentile_rms-0000-0001-220908,s06,s0601a,,0,13.56218182371029
s0601a:s06_s0601a_raw_nemo_buffer_000029-vad_percentile_rms-0000-0002-223972,s06,s0601a,,0,14.826170887980918
s0601a:s06_s0601a_raw_nemo_buffer_000030-vad_percentile_rms-0000-0000-224228,s06,s0601a,,0,-25.162210716345246
s0601a:s06_s0601a_raw_nemo_buffer_000030-vad_percentile_rms-0000-0001-226556,s06,s0601a,25,1,15.082676073819002
s0601a:s06_s0601a_raw_nemo_buffer_000030-vad_percentile_rms-0000-0002-228840,s06,s0601a,,0,2.7438958591186005
s0601a:s06_s0601a_raw_nemo_buffer_000031-vad_percentile_rms-0000-0000-229416,s06,s0601a,,0,0.2883936451927571
s0601a:s06_s0601a_raw_nemo_buffer_000031-vad_percentile_rms-0000-0001-230240,s06,s0601a,50,1,40.506434265630915
s0601a:s06_s0601a_raw_nemo_buffer_000031-vad_percentile_rms-0000-0002-230396,s06,s0601a,24,1,42.279931708509864
s0601a:s06_s0601a_raw_nemo_buffer_000031-vad_percentile_rms-0000-0003-232360,s06,s0601a,,0,1.8325803225698163
s0601a:s06_s0601a_raw_nemo_buffer_000032-vad_percentile_rms-0000-0000-237052,s06,s0601a,,0,-16.27507965079102
s0601a:s06_s0601a_raw_nemo_buffer_000032-vad_percentile_rms-0000-0002-238792,s06,s0601a,,0,21.97956809920151
s0601a:s06_s0601a_raw_nemo_buffer_000033-vad_percentile_rms-0000-0000-239060,s06,s0601a,-4,1,-15.156421522674993
s0601a:s06_s0601a_raw_nemo_buffer_000033-vad_percentile_rms-0000-0001-244312,s06,s0601a,,0,11.736268989692553
s0601a:s06_s0601a_raw_nemo_buffer_000034-vad_percentile_rms-0000-0000-244608,s06,s0601a,,0,7.156627351336515
s0601a:s06_s0601a_raw_nemo_buffer_000034-vad_percentile_rms-0000-0001-247232,s06,s0601a,,0,9.584484540106132
s0601a:s06_s0601a_raw_nemo_buffer_000035-vad_percentile_rms-0000-0000-258292,s06,s0601a,,0,0.23117739204360177
s0601a:s06_s0601a_raw_nemo_buffer_000035-vad_percentile_rms-0000-0001-262172,s06,s0601a,,0,20.381642899051123
s0601a:s06_s0601a_raw_nemo_buffer_000036-vad_percentile_rms-0000-0000-262388,s06,s0601a,,0,1.1679570842652485
s0601a:s06_s0601a_raw_nemo_buffer_000036-vad_percentile_rms-0000-0001-263036,s06,s0601a,,0,-2.633014275999175
s0601a:s06_s0601a_raw_nemo_buffer_000037-vad_percentile_rms-0000-0000-263444,s06,s0601a,,0,0.8080359699910264
s0601a:s06_s0601a_raw_nemo_buffer_000037-vad_percentile_rms-0000-0002-267072,s06,s0601a,,0,21.632212902938065
s0601a:s06_s0601a_raw_nemo_buffer_000038-vad_percentile_rms-0000-0000-267900,s06,s0601a,-39,1,-21.375169151895204
s0601a:s06_s0601a_raw_nemo_buffer_000038-vad_percentile_rms-0000-0001-271840,s06,s0601a,,0,9.905026538726158
s0601a:s06_s0601a_raw_nemo_buffer_000039-vad_percentile_rms-0000-0000-272864,s06,s0601a,-22,1,-22.060074829617786
s0601a:s06_s0601a_raw_nemo_buffer_000040-vad_percentile_rms-0000-0000-277376,s06,s0601a,,0,-3.6334545400178833
s0601a:s06_s0601a_raw_nemo_buffer_000040-vad_percentile_rms-0000-0001-280492,s06,s0601a,,0,17.31896428685438
s0601a:s06_s0601a_raw_nemo_buffer_000041-vad_percentile_rms-0000-0000-283516,s06,s0601a,,0,6.242237120851389
s0601a:s06_s0601a_raw_nemo_buffer_000041-vad_percentile_rms-0000-0001-286968,s06,s0601a,-24,1,16.315171860873694
s0601a:s06_s0601a_raw_nemo_buffer_000042-vad_percentile_rms-0000-0000-288908,s06,s0601a,,0,-6.744291816706522
s0601a:s06_s0601a_raw_nemo_buffer_000042-vad_percentile_rms-0000-0001-289988,s06,s0601a,,0,4.423494015419525
s0601a:s06_s0601a_raw_nemo_buffer_000042-vad_percentile_rms-0000-0002-290236,s06,s0601a,,0,8.372454562252397
s0601a:s06_s0601a_raw_nemo_buffer_000043-vad_percentile_rms-0000-0000-293172,s06,s0601a,,0,-40.12833889615193
s0601a:s06_s0601a_raw_nemo_buffer_000043-vad_percentile_rms-0000-0001-296264,s06,s0601a,-8,1,15.036685861112407
s0601a:s06_s0601a_raw_nemo_buffer_000044-vad_percentile_rms-0000-0000-296692,s06,s0601a,,0,-12.643344980839913
s0601a:s06_s0601a_raw_nemo_buffer_000044-vad_percentile_rms-0000-0001-298556,s06,s0601a,,0,18.66605973277265
s0601a:s06_s0601a_raw_nemo_buffer_000045-vad_percentile_rms-0000-0000-299236,s06,s0601a,,0,-31.28159957153257
s0601a:s06_s0601a_raw_nemo_buffer_000045-vad_percentile_rms-0000-0001-300404,s06,s0601a,,0,15.221236502781663
s0601a:s06_s0601a_raw_nemo_buffer_000046-vad_percentile_rms-0000-0000-302360,s06,s0601a,,0,-7.041703615443925
s0601a:s06_s0601a_raw_nemo_buffer_000046-vad_percentile_rms-0000-0001-306492,s06,s0601a,,0,32.119329788512935
s0601a:s06_s0601a_raw_nemo_buffer_000047-vad_percentile_rms-0000-0000-310964,s06,s0601a,,0,-25.060524184567146
s0601a:s06_s0601a_raw_nemo_buffer_000048-vad_percentile_rms-0000-0000-313412,s06,s0601a,,0,-15.580685717721426
s0601a:s06_s0601a_raw_nemo_buffer_000048-vad_percentile_rms-0000-0001-315340,s06,s0601a,-3,1,37.25779727686893
s0601a:s06_s0601a_raw_nemo_buffer_000048-vad_percentile_rms-0000-0002-318188,s06,s0601a,,0,17.483442294599644
s0601a:s06_s0601a_raw_nemo_buffer_000049-vad_percentile_rms-0000-0000-323820,s06,s0601a,,0,-23.447565412408448
s0601a:s06_s0601a_raw_nemo_buffer_000049-vad_percentile_rms-0000-0001-327704,s06,s0601a,,0,-4.968045499363534
s0601a:s06_s0601a_raw_nemo_buffer_000050-vad_percentile_rms-0000-0000-335340,s06,s0601a,,0,7.276822894396443
s0601a:s06_s0601a_raw_nemo_buffer_000050-vad_percentile_rms-0000-0001-337660,s06,s0601a,,0,10.041027467083689
s0601a:s06_s0601a_raw_nemo_buffer_000051-vad_percentile_rms-0000-0000-343340,s06,s0601a,,0,-13.368674639062984
s0601a:s06_s0601a_raw_nemo_buffer_000051-vad_percentile_rms-0000-0001-345604,s06,s0601a,,0,14.813046391198512
s0601a:s06_s0601a_raw_nemo_buffer_000052-vad_percentile_rms-0000-0000-345836,s06,s0601a,,0,-3.5459982792447633
s0601a:s06_s0601a_raw_nemo_buffer_000052-vad_percentile_rms-0000-0001-351464,s06,s0601a,83,1,50.53158481064632
s0601a:s06_s0601a_raw_nemo_buffer_000052-vad_percentile_rms-0000-0002-352872,s06,s0601a,,0,6.308209264034133
s0601a:s06_s0601a_raw_nemo_buffer_000053-vad_percentile_rms-0000-0000-360016,s06,s0601a,,0,-18.731560644433593
s0601a:s06_s0601a_raw_nemo_buffer_000053-vad_percentile_rms-0000-0001-362196,s06,s0601a,32,1,5.530886820599854
s0601a:s06_s0601a_raw_nemo_buffer_000053-vad_percentile_rms-0000-0002-363452,s06,s0601a,40,1,-8.08906335372583
s0601a:s06_s0601a_raw_nemo_buffer_000053-vad_percentile_rms-0000-0003-364620,s06,s0601a,13,1,47.35860830894609
s0601a:s06_s0601a_raw_nemo_buffer_000053-vad_percentile_rms-0000-0004-365068,s06,s0601a,,0,21.904677125593217
s0601a:s06_s0601a_raw_nemo_buffer_000054-vad_percentile_rms-0000-0000-365292,s06,s0601a,,0,-6.035978179628923
s0601a:s06_s0601a_raw_nemo_buffer_000054-vad_percentile_rms-0000-0001-366436,s06,s0601a,26,1,10.033277082949677
s0601a:s06_s0601a_raw_nemo_buffer_000054-vad_percentile_rms-0000-0002-369484,s06,s0601a,,0,10.813647465469705
s0601a:s06_s0601a_raw_nemo_buffer_000055-vad_percentile_rms-0000-0000-370260,s06,s0601a,,0,-14.229923857919491
s0601a:s06_s0601a_raw_nemo_buffer_000055-vad_percentile_rms-0000-0001-373396,s06,s0601a,,0,8.66827054662145
s0601a:s06_s0601a_raw_nemo_buffer_000056-vad_percentile_rms-0000-0000-375924,s06,s0601a,,0,3.2375981632753774
s0601a:s06_s0601a_raw_nemo_buffer_000056-vad_percentile_rms-0000-0001-379812,s06,s0601a,-12,1,0.33666268252152065
s0601a:s06_s0601a_raw_nemo_buffer_000057-vad_percentile_rms-0000-0000-388248,s06,s0601a,,0,-21.8999181621359
s0601a:s06_s0601a_raw_nemo_buffer_000058-vad_percentile_rms-0000-0000-391088,s06,s0601a,-42,1,-21.920738977381315
s0601a:s06_s0601a_raw_nemo_buffer_000058-vad_percentile_rms-0000-0001-395400,s06,s0601a,33,1,-7.573477391136578
s0601a:s06_s0601a_raw_nemo_buffer_000058-vad_percentile_rms-0000-0002-397032,s06,s0601a,,0,20.420316325477085
s0601a:s06_s0601a_raw_nemo_buffer_000059-vad_percentile_rms-0000-0000-397620,s06,s0601a,,0,-39.0043421742064
s0601a:s06_s0601a_raw_nemo_buffer_000060-vad_percentile_rms-0000-0000-399196,s06,s0601a,,0,-20.414105935747084
s0601a:s06_s0601a_raw_nemo_buffer_000061-vad_percentile_rms-0000-0000-406356,s06,s0601a,,0,3.6846825956694236
s0601a:s06_s0601a_raw_nemo_buffer_000061-vad_percentile_rms-0000-0001-409740,s06,s0601a,,0,14.043224677184481
s0601a:s06_s0601a_raw_nemo_buffer_000062-vad_percentile_rms-0000-0000-410004,s06,s0601a,,0,1.4483156970296065
s0601a:s06_s0601a_raw_nemo_buffer_000062-vad_percentile_rms-0000-0001-411180,s06,s0601a,,0,11.031790684232655
s0601a:s06_s0601a_raw_nemo_buffer_000063-vad_percentile_rms-0000-0000-411356,s06,s0601a,,0,-12.405388436931688
s0601a:s06_s0601a_raw_nemo_buffer_000063-vad_percentile_rms-0000-0001-413948,s06,s0601a,100,1,8.448570162367497
s0601a:s06_s0601a_raw_nemo_buffer_000063-vad_percentile_rms-0000-0002-416600,s06,s0601a,,0,14.032863974270336
s0601a:s06_s0601a_raw_nemo_buffer_000064-vad_percentile_rms-0000-0000-418264,s06,s0601a,-39,1,-28.80912561809617
s0601a:s06_s0601a_raw_nemo_buffer_000064-vad_percentile_rms-0000-0001-419144,s06,s0601a,,0,-1.974324281368533
s0601a:s06_s0601a_raw_nemo_buffer_000065-vad_percentile_rms-0000-0000-419972,s06,s0601a,,0,-1.670588848217859
s0601a:s06_s0601a_raw_nemo_buffer_000065-vad_percentile_rms-0000-0001-423872,s06,s0601a,,0,12.416043905162255
s0601a:s06_s0601a_raw_nemo_buffer_000066-vad_percentile_rms-0000-0000-424428,s06,s0601a,-17,1,-9.742079536023578
s0601a:s06_s0601a_raw_nemo_buffer_000066-vad_percentile_rms-0000-0001-426504,s06,s0601a,,0,26.02078960917551
s0601a:s06_s0601a_raw_nemo_buffer_000067-vad_percentile_rms-0000-0000-448948,s06,s0601a,,0,-3.9331181149127588
s0601a:s06_s0601a_raw_nemo_buffer_000067-vad_percentile_rms-0000-0001-450624,s06,s0601a,-33,1,-48.1872044011036
s0601a:s06_s0601a_raw_nemo_buffer_000067-vad_percentile_rms-0000-0002-451792,s06,s0601a,-28,1,-47.670367352934974
s0601a:s06_s0601a_raw_nemo_buffer_000067-vad_percentile_rms-0000-0003-457216,s06,s0601a,,0,9.868086875003037
s0601a:s06_s0601a_raw_nemo_buffer_000068-vad_percentile_rms-0000-0000-457604,s06,s0601a,,0,-1.7309954958826186
s0601a:s06_s0601a_raw_nemo_buffer_000068-vad_percentile_rms-0000-0001-460024,s06,s0601a,-37,1,-22.752417159923542
s0601a:s06_s0601a_raw_nemo_buffer_000068-vad_percentile_rms-0000-0002-461192,s06,s0601a,-70,1,-26.58762326645881
s0601a:s06_s0601a_raw_nemo_buffer_000068-vad_percentile_rms-0000-0003-464760,s06,s0601a,,0,5.794154869575446
s0601a:s06_s0601a_raw_nemo_buffer_000068-vad_percentile_rms-0000-0004-464968,s06,s0601a,,0,10.594366360192353
s0601a:s06_s0601a_raw_nemo_buffer_000069-vad_percentile_rms-0000-0000-465716,s06,s0601a,,0,-3.6074634822644143
s0601a:s06_s0601a_raw_nemo_buffer_000069-vad_percentile_rms-0000-0001-467552,s06,s0601a,,0,15.797292623900715
s0601a:s06_s0601a_raw_nemo_buffer_000070-vad_percentile_rms-0000-0000-477396,s06,s0601a,-4,1,-9.914807244385877
s0601a:s06_s0601a_raw_nemo_buffer_000070-vad_percentile_rms-0000-0001-480680,s06,s0601a,,0,12.161251863634797
s0601a:s06_s0601a_raw_nemo_buffer_000071-vad_percentile_rms-0000-0000-480920,s06,s0601a,,0,-2.209881149570778
s0601a:s06_s0601a_raw_nemo_buffer_000071-vad_percentile_rms-0000-0001-485992,s06,s0601a,,0,18.229459447835033
s0601a:s06_s0601a_raw_nemo_buffer_000072-vad_percentile_rms-0000-0000-486668,s06,s0601a,,0,-14.954129600677614
s0601a:s06_s0601a_raw_nemo_buffer_000072-vad_percentile_rms-0000-0001-489004,s06,s0601a,,0,17.1455681985377
s0601a:s06_s0601a_raw_nemo_buffer_000073-vad_percentile_rms-0000-0000-489612,s06,s0601a,,0,-6.250097824864547
s0601a:s06_s0601a_raw_nemo_buffer_000073-vad_percentile_rms-0000-0001-491216,s06,s0601a,-43,1,-14.307106905199934
s0601a:s06_s0601a_raw_nemo_buffer_000073-vad_percentile_rms-0000-0002-494348,s06,s0601a,,0,20.79630931118754
s0601a:s06_s0601a_raw_nemo_buffer_000074-vad_percentile_rms-0000-0000-501264,s06,s0601a,,0,0.6307580305224807
s0601a:s06_s0601a_raw_nemo_buffer_000074-vad_percentile_rms-0000-0001-503976,s06,s0601a,48,1,22.677122564466412
s0601a:s06_s0601a_raw_nemo_buffer_000074-vad_percentile_rms-0000-0002-505000,s06,s0601a,,0,34.1306369706288
s0601a:s06_s0601a_raw_nemo_buffer_000075-vad_percentile_rms-0000-0000-505240,s06,s0601a,,0,-19.239210578097733
s0601a:s06_s0601a_raw_nemo_buffer_000075-vad_percentile_rms-0000-0001-506344,s06,s0601a,,0,25.158329596664984
s0601a:s06_s0601a_raw_nemo_buffer_000076-vad_percentile_rms-0000-0000-506904,s06,s0601a,-34,1,-31.86501052279655
s0601a:s06_s0601a_raw_nemo_buffer_000077-vad_percentile_rms-0000-0000-522196,s06,s0601a,,0,-2.8863513629514994
s0601a:s06_s0601a_raw_nemo_buffer_000078-vad_percentile_rms-0000-0000-536452,s06,s0601a,-25,1,-20.14778901518952
s0601a:s06_s0601a_raw_nemo_buffer_000078-vad_percentile_rms-0000-0001-541904,s06,s0601a,29,1,23.487487290850517
s0601a:s06_s0601a_raw_nemo_buffer_000078-vad_percentile_rms-0000-0002-543532,s06,s0601a,,0,5.541797310604336
s0601a:s06_s0601a_raw_nemo_buffer_000079-vad_percentile_rms-0000-0000-544320,s06,s0601a,,0,0.15836916850373584
s0601a:s06_s0601a_raw_nemo_buffer_000079-vad_percentile_rms-0000-0002-546996,s06,s0601a,-23,1,-3.5418230811827023
s0601a:s06_s0601a_raw_nemo_buffer_000079-vad_percentile_rms-0000-0003-548964,s06,s0601a,,0,-1.342978878972426
s0601a:s06_s0601a_raw_nemo_buffer_000080-vad_percentile_rms-0000-0000-558012,s06,s0601a,,0,-10.483992431339871
s0601a:s06_s0601a_raw_nemo_buffer_000080-vad_percentile_rms-0000-0001-560428,s06,s0601a,,0,11.993093256960943
s0601a:s06_s0601a_raw_nemo_buffer_000081-vad_percentile_rms-0000-0000-560608,s06,s0601a,,0,0.4544798783981623
s0601a:s06_s0601a_raw_nemo_buffer_000081-vad_percentile_rms-0000-0001-563360,s06,s0601a,-49,1,-8.192185992773865
s0601a:s06_s0601a_raw_nemo_buffer_000081-vad_percentile_rms-0000-0002-564524,s06,s0601a,,0,1.0116607112856357
s0601a:s06_s0601a_raw_nemo_buffer_000082-vad_percentile_rms-0000-0000-573236,s06,s0601a,,0,-18.89347157260644
s0601a:s06_s0601a_raw_nemo_buffer_000082-vad_percentile_rms-0000-0001-574100,s06,s0601a,-44,1,-11.640831688968724
s0601a:s06_s0601a_raw_nemo_buffer_000082-vad_percentile_rms-0000-0002-577372,s06,s0601a,,0,-2.69563524813449
s0601a:s06_s0601a_raw_nemo_buffer_000083-vad_percentile_rms-0000-0000-578120,s06,s0601a,,0,-18.027875027506973
s0601a:s06_s0601a_raw_nemo_buffer_000083-vad_percentile_rms-0000-0001-580036,s06,s0601a,,0,11.264449807728717
s0601a:s06_s0601a_raw_nemo_buffer_000084-vad_percentile_rms-0000-0000-584912,s06,s0601a,-14,1,-4.976711557322442
s0601a:s06_s0601a_raw_nemo_buffer_000084-vad_percentile_rms-0000-0001-589964,s06,s0601a,-4,1,17.822398109985038
s0601a:s06_s0601a_raw_nemo_buffer_000085-vad_percentile_rms-0000-0000-591108,s06,s0601a,-20,1,-24.294742076460526
s0601a:s06_s0601a_raw_nemo_buffer_000085-vad_percentile_rms-0000-0001-592040,s06,s0601a,46,1,50.74981374698706
s0601a:s06_s0601a_raw_nemo_buffer_000085-vad_percentile_rms-0000-0003-593844,s06,s0601a,-80,1,-4.802944412186662
s0601a:s06_s0601a_raw_nemo_buffer_000085-vad_percentile_rms-0000-0005-597132,s06,s0601a,,0,16.31723442253762
s0601a:s06_s0601a_raw_nemo_buffer_000086-vad_percentile_rms-0000-0000-597704,s06,s0601a,,0,1.5291742113680566
s0601a:s06_s0601a_raw_nemo_buffer_000086-vad_percentile_rms-0000-0001-600972,s06,s0601a,,0,34.71064702190415
s0801a:s08_s0801a_raw_nemo_buffer_000000-vad_percentile_rms-0000-0000-45956,s08,s0801a,20,1,-13.628580164913238
s0801a:s08_s0801a_raw_nemo_buffer_000000-vad_percentile_rms-0000-0001-47912,s08,s0801a,,0,23.38100552502333
s0801a:s08_s0801a_raw_nemo_buffer_000001-vad_percentile_rms-0000-0000-48764,s08,s0801a,,0,-5.562130649332914
s0801a:s08_s0801a_raw_nemo_buffer_000001-vad_percentile_rms-0000-0001-51036,s08,s0801a,18,1,14.524138899103512
s0801a:s08_s0801a_raw_nemo_buffer_000002-vad_percentile_rms-0000-0000-52060,s08,s0801a,,0,-13.880892605964867
s0801a:s08_s0801a_raw_nemo_buffer_000002-vad_percentile_rms-0000-0001-54016,s08,s0801a,22,1,32.22866885278722
s0801a:s08_s0801a_raw_nemo_buffer_000002-vad_percentile_rms-0000-0002-55688,s08,s0801a,100,1,62.963248659221584
s0801a:s08_s0801a_raw_nemo_buffer_000002-vad_percentile_rms-0000-0004-57228,s08,s0801a,,0,8.311718618699462
s0801a:s08_s0801a_raw_nemo_buffer_000003-vad_percentile_rms-0000-0000-57536,s08,s0801a,,0,-21.650448803344638
s0801a:s08_s0801a_raw_nemo_buffer_000003-vad_percentile_rms-0000-0001-59656,s08,s0801a,,0,17.63665801360189
s0801a:s08_s0801a_raw_nemo_buffer_000004-vad_percentile_rms-0000-0000-59976,s08,s0801a,,0,-7.108834309173496
s0801a:s08_s0801a_raw_nemo_buffer_000004-vad_percentile_rms-0000-0001-62636,s08,s0801a,,0,17.393992597040047
s0801a:s08_s0801a_raw_nemo_buffer_000005-vad_percentile_rms-0000-0000-63060,s08,s0801a,-3,1,12.87946629971675
s0801a:s08_s0801a_raw_nemo_buffer_000005-vad_percentile_rms-0000-0001-65484,s08,s0801a,21,1,-1.4903300639433912
s0801a:s08_s0801a_raw_nemo_buffer_000005-vad_percentile_rms-0000-0002-66388,s08,s0801a,-25,1,5.090272476620524
s0801a:s08_s0801a_raw_nemo_buffer_000005-vad_percentile_rms-0000-0003-67220,s08,s0801a,21,1,29.24660051432145
s0801a:s08_s0801a_raw_nemo_buffer_000005-vad_percentile_rms-0000-0004-68468,s08,s0801a,,0,15.655660290187093
s0801a:s08_s0801a_raw_nemo_buffer_000006-vad_percentile_rms-0000-0000-68796,s08,s0801a,,0,-8.404415723041009
s0801a:s08_s0801a_raw_nemo_buffer_000006-vad_percentile_rms-0000-0001-71176,s08,s0801a,,0,24.94169061566344
s0801a:s08_s0801a_raw_nemo_buffer_000007-vad_percentile_rms-0000-0000-71684,s08,s0801a,,0,2.6297167840723485
s0801a:s08_s0801a_raw_nemo_buffer_000007-vad_percentile_rms-0000-0001-74084,s08,s0801a,,0,25.335260861254394
s0801a:s08_s0801a_raw_nemo_buffer_000008-vad_percentile_rms-0000-0000-74500,s08,s0801a,-20,1,0.14226317014244927
s0801a:s08_s0801a_raw_nemo_buffer_000009-vad_percentile_rms-0000-0000-79948,s08,s0801a,,0,17.13666565761416
s0801a:s08_s0801a_raw_nemo_buffer_000010-vad_percentile_rms-0000-0000-80276,s08,s0801a,,0,13.163896260228126
s0801a:s08_s0801a_raw_nemo_buffer_000011-vad_percentile_rms-0000-0000-82988,s08,s0801a,,0,-0.5237043289068506
s0801a:s08_s0801a_raw_nemo_buffer_000012-vad_percentile_rms-0000-0000-86696,s08,s0801a,,0,4.809581812554099
s0801a:s08_s0801a_raw_nemo_buffer_000013-vad_percentile_rms-0000-0000-89136,s08,s0801a,,0,-9.428547999861756
s0801a:s08_s0801a_raw_nemo_buffer_000013-vad_percentile_rms-0000-0001-90836,s08,s0801a,51,1,48.41639129739767
s0801a:s08_s0801a_raw_nemo_buffer_000013-vad_percentile_rms-0000-0002-92824,s08,s0801a,,0,21.278859431879752
s0801a:s08_s0801a_raw_nemo_buffer_000014-vad_percentile_rms-0000-0000-93188,s08,s0801a,,0,5.156928317325172
s0801a:s08_s0801a_raw_nemo_buffer_000014-vad_percentile_rms-0000-0001-97164,s08,s0801a,-12,1,30.149050604314283
s0801a:s08_s0801a_raw_nemo_buffer_000014-vad_percentile_rms-0000-0002-97564,s08,s0801a,-44,1,29.76493432586141
s0801a:s08_s0801a_raw_nemo_buffer_000014-vad_percentile_rms-0000-0003-98412,s08,s0801a,95,1,48.01807175823825
s0801a:s08_s0801a_raw_nemo_buffer_000014-vad_percentile_rms-0000-0004-102536,s08,s0801a,,0,23.329571436153806
s0801a:s08_s0801a_raw_nemo_buffer_000015-vad_percentile_rms-0000-0000-106188,s08,s0801a,,0,1.9790471602364033
s0801a:s08_s0801a_raw_nemo_buffer_000015-vad_percentile_rms-0000-0001-107092,s08,s0801a,70,1,37.02662603728956
s0801a:s08_s0801a_raw_nemo_buffer_000015-vad_percentile_rms-0000-0002-107904,s08,s0801a,27,1,50.940998980585526
s0801a:s08_s0801a_raw_nemo_buffer_000015-vad_percentile_rms-0000-0003-111436,s08,s0801a,,0,16.559780033277338
s0801a:s08_s0801a_raw_nemo_buffer_000016-vad_percentile_rms-0000-0000-112916,s08,s0801a,,0,7.181908042175914
s0801a:s08_s0801a_raw_nemo_buffer_000016-vad_percentile_rms-0000-0001-114124,s08,s0801a,,0,24.36838960482315
s0801a:s08_s0801a_raw_nemo_buffer_000017-vad_percentile_rms-0000-0000-119480,s08,s0801a,,0,-21.750004703923807
s0801a:s08_s0801a_raw_nemo_buffer_000017-vad_percentile_rms-0000-0001-120076,s08,s0801a,,0,6.343519439362272
s0801a:s08_s0801a_raw_nemo_buffer_000018-vad_percentile_rms-0000-0000-125872,s08,s0801a,,0,-18.026043413058254
s0801a:s08_s0801a_raw_nemo_buffer_000018-vad_percentile_rms-0000-0001-127188,s08,s0801a,-94,1,7.382138150283588
s0801a:s08_s0801a_raw_nemo_buffer_000018-vad_percentile_rms-0000-0002-128388,s08,s0801a,,0,7.832784199816425
s0801a:s08_s0801a_raw_nemo_buffer_000019-vad_percentile_rms-0000-0000-129312,s08,s0801a,,0,-13.45743810389148
s0801a:s08_s0801a_raw_nemo_buffer_000019-vad_percentile_rms-0000-0001-129828,s08,s0801a,,0,4.461797913653114
s0801a:s08_s0801a_raw_nemo_buffer_000020-vad_percentile_rms-0000-0000-132024,s08,s0801a,,0,-9.539544150136546
s0801a:s08_s0801a_raw_nemo_buffer_000020-vad_percentile_rms-0000-0002-132868,s08,s0801a,4,1,12.242275703280203
s0801a:s08_s0801a_raw_nemo_buffer_000020-vad_percentile_rms-0000-0003-133420,s08,s0801a,4,1,22.28531044316127
s0801a:s08_s0801a_raw_nemo_buffer_000020-vad_percentile_rms-0000-0004-134316,s08,s0801a,,0,11.050647002217795
s0801a:s08_s0801a_raw_nemo_buffer_000021-vad_percentile_rms-0000-0000-137192,s08,s0801a,,0,4.85667641314161
s0801a:s08_s0801a_raw_nemo_buffer_000021-vad_percentile_rms-0000-0001-141696,s08,s0801a,100,1,58.672559854075296
s0801a:s08_s0801a_raw_nemo_buffer_000021-vad_percentile_rms-0000-0002-143592,s08,s0801a,6,1,28.51638656554476
s0801a:s08_s0801a_raw_nemo_buffer_000021-vad_percentile_rms-0000-0003-145828,s08,s0801a,,0,26.384100176661086
s0801a:s08_s0801a_raw_nemo_buffer_000022-vad_percentile_rms-0000-0000-146276,s08,s0801a,,0,4.995534121487227
s0801a:s08_s0801a_raw_nemo_buffer_000022-vad_percentile_rms-0000-0001-147068,s08,s0801a,-20,1,38.99628329957656
s0801a:s08_s0801a_raw_nemo_buffer_000022-vad_percentile_rms-0000-0002-147304,s08,s0801a,25,1,11.092610718693495
s0801a:s08_s0801a_raw_nemo_buffer_000022-vad_percentile_rms-0000-0003-149632,s08,s0801a,,0,25.065763356438236
s0801a:s08_s0801a_raw_nemo_buffer_000023-vad_percentile_rms-0000-0000-152844,s08,s0801a,,0,-7.1845260009325
s0801a:s08_s0801a_raw_nemo_buffer_000023-vad_percentile_rms-0000-0001-154540,s08,s0801a,,0,21.05532985952432
s0801a:s08_s0801a_raw_nemo_buffer_000024-vad_percentile_rms-0000-0000-155076,s08,s0801a,-19,1,-6.380988310112855
s0801a:s08_s0801a_raw_nemo_buffer_000024-vad_percentile_rms-0000-0001-159304,s08,s0801a,24,1,76.77157515491231
s0801a:s08_s0801a_raw_nemo_buffer_000024-vad_percentile_rms-0000-0002-161004,s08,s0801a,,0,17.95614503563316
s0801a:s08_s0801a_raw_nemo_buffer_000025-vad_percentile_rms-0000-0000-161544,s08,s0801a,,0,-5.675951957110897
s0801a:s08_s0801a_raw_nemo_buffer_000025-vad_percentile_rms-0000-0001-166572,s08,s0801a,,0,12.17141713713611
s0801a:s08_s0801a_raw_nemo_buffer_000026-vad_percentile_rms-0000-0000-166956,s08,s0801a,-28,1,3.0664857747297978
s0801a:s08_s0801a_raw_nemo_buffer_000026-vad_percentile_rms-0000-0001-168416,s08,s0801a,-3,1,-0.015996703129104617
s0801a:s08_s0801a_raw_nemo_buffer_000026-vad_percentile_rms-0000-0002-169528,s08,s0801a,95,1,44.34418021359929
s0801a:s08_s0801a_raw_nemo_buffer_000026-vad_percentile_rms-0000-0003-170280,s08,s0801a,,0,21.331069982851076
s0801a:s08_s0801a_raw_nemo_buffer_000027-vad_percentile_rms-0000-0000-173980,s08,s0801a,-12,1,-11.239844792805528
s0801a:s08_s0801a_raw_nemo_buffer_000027-vad_percentile_rms-0000-0001-177992,s08,s0801a,,0,10.297178761878522
s0801a:s08_s0801a_raw_nemo_buffer_000028-vad_percentile_rms-0000-0000-178376,s08,s0801a,,0,0.7800818890656487
s0801a:s08_s0801a_raw_nemo_buffer_000028-vad_percentile_rms-0000-0002-181968,s08,s0801a,3,1,8.496088722170343
s0801a:s08_s0801a_raw_nemo_buffer_000028-vad_percentile_rms-0000-0003-186672,s08,s0801a,85,1,60.14970792251093
s0801a:s08_s0801a_raw_nemo_buffer_000028-vad_percentile_rms-0000-0004-189928,s08,s0801a,,0,29.450805222105917
s0801a:s08_s0801a_raw_nemo_buffer_000029-vad_percentile_rms-0000-0000-190184,s08,s0801a,-24,1,6.777069680604955
s0801a:s08_s0801a_raw_nemo_buffer_000029-vad_percentile_rms-0000-0001-191832,s08,s0801a,,0,33.829094364863224
s0801a:s08_s0801a_raw_nemo_buffer_000029-vad_percentile_rms-0000-0002-192068,s08,s0801a,,0,14.363941853002153
s0801a:s08_s0801a_raw_nemo_buffer_000030-vad_percentile_rms-0000-0000-192272,s08,s0801a,-1,1,-28.20343427910089
s0801a:s08_s0801a_raw_nemo_buffer_000030-vad_percentile_rms-0000-0001-192924,s08,s0801a,9,1,15.470358460966526
s0801a:s08_s0801a_raw_nemo_buffer_000030-vad_percentile_rms-0000-0002-196728,s08,s0801a,92,1,62.38847763121549
s0801a:s08_s0801a_raw_nemo_buffer_000030-vad_percentile_rms-0000-0003-199192,s08,s0801a,,0,20.78991869058555
s0801a:s08_s0801a_raw_nemo_buffer_000031-vad_percentile_rms-0000-0000-199632,s08,s0801a,,0,6.509616225379714
s0801a:s08_s0801a_raw_nemo_buffer_000031-vad_percentile_rms-0000-0001-200452,s08,s0801a,,0,13.975122658623212
s0801a:s08_s0801a_raw_nemo_buffer_000032-vad_percentile_rms-0000-0000-200760,s08,s0801a,,0,-10.059704988577117
s0801a:s08_s0801a_raw_nemo_buffer_000032-vad_percentile_rms-0000-0001-204188,s08,s0801a,-2,1,10.432943413320126
s0801a:s08_s0801a_raw_nemo_buffer_000033-vad_percentile_rms-0000-0000-208392,s08,s0801a,,0,-24.558736343110517
s0801a:s08_s0801a_raw_nemo_buffer_000033-vad_percentile_rms-0000-0001-210004,s08,s0801a,7,1,-5.0269815341744835
s0801a:s08_s0801a_raw_nemo_buffer_000033-vad_percentile_rms-0000-0002-213644,s08,s0801a,,0,16.22421702783994
s0801a:s08_s0801a_raw_nemo_buffer_000034-vad_percentile_rms-0000-0000-213952,s08,s0801a,,0,-0.9161764427710324
s0801a:s08_s0801a_raw_nemo_buffer_000034-vad_percentile_rms-0000-0001-217924,s08,s0801a,,0,33.15796708534382
s0801a:s08_s0801a_raw_nemo_buffer_000035-vad_percentile_rms-0000-0000-218632,s08,s0801a,,0,-2.4136108037594397
s0801a:s08_s0801a_raw_nemo_buffer_000035-vad_percentile_rms-0000-0001-219304,s08,s0801a,100,1,21.936159912697192
s0801a:s08_s0801a_raw_nemo_buffer_000035-vad_percentile_rms-0000-0002-219560,s08,s0801a,29,1,23.394819015175294
s0801a:s08_s0801a_raw_nemo_buffer_000035-vad_percentile_rms-0000-0003-220120,s08,s0801a,,0,3.9628834254178935
s0801a:s08_s0801a_raw_nemo_buffer_000036-vad_percentile_rms-0000-0000-220472,s08,s0801a,,0,3.2805450870053674
s0801a:s08_s0801a_raw_nemo_buffer_000036-vad_percentile_rms-0000-0002-221756,s08,s0801a,73,1,53.61344074259915
s0801a:s08_s0801a_raw_nemo_buffer_000036-vad_percentile_rms-0000-0003-223324,s08,s0801a,100,1,45.461910034738096
s0801a:s08_s0801a_raw_nemo_buffer_000036-vad_percentile_rms-0000-0004-223452,s08,s0801a,27,1,37.35843695432759
s0801a:s08_s0801a_raw_nemo_buffer_000036-vad_percentile_rms-0000-0005-224024,s08,s0801a,-35,1,4.130097218123464
s0801a:s08_s0801a_raw_nemo_buffer_000036-vad_percentile_rms-0000-0006-224872,s08,s0801a,,0,9.464687893227824
s0801a:s08_s0801a_raw_nemo_buffer_000037-vad_percentile_rms-0000-0000-226268,s08,s0801a,,0,-25.34484680629157
s0801a:s08_s0801a_raw_nemo_buffer_000037-vad_percentile_rms-0000-0001-226920,s08,s0801a,,0,24.286115061191005
s0801a:s08_s0801a_raw_nemo_buffer_000038-vad_percentile_rms-0000-0000-227560,s08,s0801a,,0,-9.457674098239625
s0801a:s08_s0801a_raw_nemo_buffer_000038-vad_percentile_rms-0000-0001-228744,s08,s0801a,,0,11.214695752244323
s0801a:s08_s0801a_raw_nemo_buffer_000039-vad_percentile_rms-0000-0000-228900,s08,s0801a,,0,-0.49111368867237815
s0801a:s08_s0801a_raw_nemo_buffer_000039-vad_percentile_rms-0000-0001-232236,s08,s0801a,,0,31.686027906763567
s0801a:s08_s0801a_raw_nemo_buffer_000040-vad_percentile_rms-0000-0000-232748,s08,s0801a,,0,17.72549555221545
s0801a:s08_s0801a_raw_nemo_buffer_000040-vad_percentile_rms-0000-0001-233488,s08,s0801a,,0,0.7679043048711236
s0801a:s08_s0801a_raw_nemo_buffer_000040-vad_percentile_rms-0000-0002-233536,s08,s0801a,,0,18.627077354398573
s0801a:s08_s0801a_raw_nemo_buffer_000041-vad_percentile_rms-0000-0000-235412,s08,s0801a,,0,-9.922975196192315
s0801a:s08_s0801a_raw_nemo_buffer_000041-vad_percentile_rms-0000-0001-235948,s08,s0801a,,0,24.45986794671922
s0801a:s08_s0801a_raw_nemo_buffer_000042-vad_percentile_rms-0000-0000-236212,s08,s0801a,,0,11.36103595389374
s0801a:s08_s0801a_raw_nemo_buffer_000042-vad_percentile_rms-0000-0001-238028,s08,s0801a,100,1,32.74242186803829
s0801a:s08_s0801a_raw_nemo_buffer_000042-vad_percentile_rms-0000-0002-238340,s08,s0801a,-7,1,49.503879054079924
s0801a:s08_s0801a_raw_nemo_buffer_000042-vad_percentile_rms-0000-0003-240596,s08,s0801a,11,1,-2.2754026289442812
s0801a:s08_s0801a_raw_nemo_buffer_000042-vad_percentile_rms-0000-0004-241356,s08,s0801a,,0,20.992745847133477
s0801a:s08_s0801a_raw_nemo_buffer_000043-vad_percentile_rms-0000-0000-241896,s08,s0801a,,0,11.752387969584712
s0801a:s08_s0801a_raw_nemo_buffer_000043-vad_percentile_rms-0000-0001-245772,s08,s0801a,,0,19.459007397652236
s0801a:s08_s0801a_raw_nemo_buffer_000044-vad_percentile_rms-0000-0000-245984,s08,s0801a,-16,1,1.8609653469864664
s0801a:s08_s0801a_raw_nemo_buffer_000044-vad_percentile_rms-0000-0001-247224,s08,s0801a,71,1,33.72254425665602
s0801a:s08_s0801a_raw_nemo_buffer_000044-vad_percentile_rms-0000-0002-247288,s08,s0801a,7,1,9.658405870219672
s0801a:s08_s0801a_raw_nemo_buffer_000044-vad_percentile_rms-0000-0003-248188,s08,s0801a,,0,30.311887200437866
s0801a:s08_s0801a_raw_nemo_buffer_000045-vad_percentile_rms-0000-0000-249124,s08,s0801a,,0,5.4000806914050505
s0801a:s08_s0801a_raw_nemo_buffer_000045-vad_percentile_rms-0000-0001-249640,s08,s0801a,,0,2.625578183109825
s0801a:s08_s0801a_raw_nemo_buffer_000046-vad_percentile_rms-0000-0000-253416,s08,s0801a,-22,1,-21.630396763152753
s0801a:s08_s0801a_raw_nemo_buffer_000046-vad_percentile_rms-0000-0001-253836,s08,s0801a,,0,5.8147755116190405
s0801a:s08_s0801a_raw_nemo_buffer_000047-vad_percentile_rms-0000-0000-255572,s08,s0801a,,0,1.1160351051818633
s0801a:s08_s0801a_raw_nemo_buffer_000047-vad_percentile_rms-0000-0001-256188,s08,s0801a,-10,1,31.258909383439867
s0801a:s08_s0801a_raw_nemo_buffer_000047-vad_percentile_rms-0000-0002-257228,s08,s0801a,,0,25.645801021996924
s0801a:s08_s0801a_raw_nemo_buffer_000048-vad_percentile_rms-0000-0000-261580,s08,s0801a,,0,-5.0860526003269495
s0801a:s08_s0801a_raw_nemo_buffer_000048-vad_percentile_rms-0000-0001-266172,s08,s0801a,,0,28.872472325340073
s0801a:s08_s0801a_raw_nemo_buffer_000049-vad_percentile_rms-0000-0000-266724,s08,s0801a,-20,1,-8.0087958985511
s0801a:s08_s0801a_raw_nemo_buffer_000049-vad_percentile_rms-0000-0001-267356,s08,s0801a,-70,1,12.504862950429319
s0801a:s08_s0801a_raw_nemo_buffer_000049-vad_percentile_rms-0000-0002-267596,s08,s0801a,-63,1,-1.6302780438909643
s0801a:s08_s0801a_raw_nemo_buffer_000049-vad_percentile_rms-0000-0003-269460,s08,s0801a,,0,17.377038367037432
s0801a:s08_s0801a_raw_nemo_buffer_000050-vad_percentile_rms-0000-0000-269876,s08,s0801a,,0,8.163303688956223
s0801a:s08_s0801a_raw_nemo_buffer_000050-vad_percentile_rms-0000-0001-270880,s08,s0801a,55,1,9.792916269082461
s0801a:s08_s0801a_raw_nemo_buffer_000050-vad_percentile_rms-0000-0002-272708,s08,s0801a,,0,27.17897380073208
s0801a:s08_s0801a_raw_nemo_buffer_000051-vad_percentile_rms-0000-0000-273096,s08,s0801a,,0,-25.760745747877365
s0801a:s08_s0801a_raw_nemo_buffer_000051-vad_percentile_rms-0000-0001-276300,s08,s0801a,,0,21.027130153692177
s0801a:s08_s0801a_raw_nemo_buffer_000052-vad_percentile_rms-0000-0000-276876,s08,s0801a,,0,2.0952344614784053
s0801a:s08_s0801a_raw_nemo_buffer_000052-vad_percentile_rms-0000-0001-278988,s08,s0801a,84,1,21.674900443738807
s0801a:s08_s0801a_raw_nemo_buffer_000052-vad_percentile_rms-0000-0002-281796,s08,s0801a,,0,20.182537677260395
s0801a:s08_s0801a_raw_nemo_buffer_000053-vad_percentile_rms-0000-0000-282184,s08,s0801a,-41,1,-24.68006225984874
s0801a:s08_s0801a_raw_nemo_buffer_000053-vad_percentile_rms-0000-0001-284140,s08,s0801a,,0,13.663925550093897
s0801a:s08_s0801a_raw_nemo_buffer_000054-vad_percentile_rms-0000-0000-284532,s08,s0801a,-4,1,4.398076001162341
s0801a:s08_s0801a_raw_nemo_buffer_000054-vad_percentile_rms-0000-0001-288716,s08,s0801a,,0,30.023638710108973
s0801a:s08_s0801a_raw_nemo_buffer_000055-vad_percentile_rms-0000-0000-289484,s08,s0801a,-28,1,-5.149260979159038
s0801a:s08_s0801a_raw_nemo_buffer_000055-vad_percentile_rms-0000-0001-291880,s08,s0801a,,0,29.33071925075096
s0801a:s08_s0801a_raw_nemo_buffer_000056-vad_percentile_rms-0000-0000-292268,s08,s0801a,,0,6.093280676523759
s0801a:s08_s0801a_raw_nemo_buffer_000056-vad_percentile_rms-0000-0001-292940,s08,s0801a,,0,23.56734187742716
s0801a:s08_s0801a_raw_nemo_buffer_000057-vad_percentile_rms-0000-0000-293936,s08,s0801a,,0,7.80215525214192
s0801a:s08_s0801a_raw_nemo_buffer_000058-vad_percentile_rms-0000-0000-296612,s08,s0801a,,0,-11.071948061715855
s0801a:s08_s0801a_raw_nemo_buffer_000058-vad_percentile_rms-0000-0001-297996,s08,s0801a,,0,7.211748683440835
s0801a:s08_s0801a_raw_nemo_buffer_000059-vad_percentile_rms-0000-0000-298464,s08,s0801a,-16,1,-7.8635594543197165
s0801a:s08_s0801a_raw_nemo_buffer_000059-vad_percentile_rms-0000-0001-299936,s08,s0801a,,0,12.923355614002643
s0801a:s08_s0801a_raw_nemo_buffer_000060-vad_percentile_rms-0000-0000-300300,s08,s0801a,,0,3.8999127276716052
s0801a:s08_s0801a_raw_nemo_buffer_000060-vad_percentile_rms-0000-0001-300936,s08,s0801a,,0,-3.799493203785909
s0801a:s08_s0801a_raw_nemo_buffer_000061-vad_percentile_rms-0000-0000-301464,s08,s0801a,-8,1,-11.46158324254904
s0801a:s08_s0801a_raw_nemo_buffer_000061-vad_percentile_rms-0000-0001-304364,s08,s0801a,,0,20.757258884378437
s0801a:s08_s0801a_raw_nemo_buffer_000062-vad_percentile_rms-0000-0000-305296,s08,s0801a,-34,1,-10.745929795876332
s0801a:s08_s0801a_raw_nemo_buffer_000062-vad_percentile_rms-0000-0001-305664,s08,s0801a,,0,18.26297103126305
s0801a:s08_s0801a_raw_nemo_buffer_000063-vad_percentile_rms-0000-0000-305872,s08,s0801a,,0,-1.0313919674628131
s0801a:s08_s0801a_raw_nemo_buffer_000063-vad_percentile_rms-0000-0001-307892,s08,s0801a,,0,15.09742063259681
s0801a:s08_s0801a_raw_nemo_buffer_000064-vad_percentile_rms-0000-0000-308372,s08,s0801a,-4,1,-1.084027096787855
s0801a:s08_s0801a_raw_nemo_buffer_000064-vad_percentile_rms-0000-0001-309356,s08,s0801a,30,1,18.782679612857905
s0801a:s08_s0801a_raw_nemo_buffer_000064-vad_percentile_rms-0000-0002-310412,s08,s0801a,,0,23.67479201605054
s0801a:s08_s0801a_raw_nemo_buffer_000065-vad_percentile_rms-0000-0000-310904,s08,s0801a,,0,-4.75416572901343
s0801a:s08_s0801a_raw_nemo_buffer_000065-vad_percentile_rms-0000-0001-311564,s08,s0801a,,0,2.8538629946790603
s0801a:s08_s0801a_raw_nemo_buffer_000066-vad_percentile_rms-0000-0000-312140,s08,s0801a,,0,-7.367501790471543
s0801a:s08_s0801a_raw_nemo_buffer_000066-vad_percentile_rms-0000-0001-312636,s08,s0801a,,0,-1.5408501154038952
s0801a:s08_s0801a_raw_nemo_buffer_000067-vad_percentile_rms-0000-0000-313208,s08,s0801a,-8,1,10.195576954690695
s0801a:s08_s0801a_raw_nemo_buffer_000067-vad_percentile_rms-0000-0001-313844,s08,s0801a,100,1,0.24533342587525553
s0801a:s08_s0801a_raw_nemo_buffer_000067-vad_percentile_rms-0000-0002-314096,s08,s0801a,31,1,35.832485092120606
s0801a:s08_s0801a_raw_nemo_buffer_000067-vad_percentile_rms-0000-0003-319500,s08,s0801a,,0,7.909491572550472
s0801a:s08_s0801a_raw_nemo_buffer_000068-vad_percentile_rms-0000-0000-319788,s08,s0801a,-28,1,-25.194944955398533
s0801a:s08_s0801a_raw_nemo_buffer_000068-vad_percentile_rms-0000-0001-321200,s08,s0801a,90,1,34.432810775773866
s0801a:s08_s0801a_raw_nemo_buffer_000068-vad_percentile_rms-0000-0002-321764,s08,s0801a,,0,8.235801747051255
s0801a:s08_s0801a_raw_nemo_buffer_000069-vad_percentile_rms-0000-0000-323804,s08,s0801a,,0,4.565826404283559
s0801a:s08_s0801a_raw_nemo_buffer_000069-vad_percentile_rms-0000-0001-324384,s08,s0801a,,0,5.827392266915949
s0801a:s08_s0801a_raw_nemo_buffer_000070-vad_percentile_rms-0000-0001-325860,s08,s0801a,80,1,8.22831977226089
s0801a:s08_s0801a_raw_nemo_buffer_000070-vad_percentile_rms-0000-0002-326856,s08,s0801a,,0,2.7952623980853417
s0801a:s08_s0801a_raw_nemo_buffer_000071-vad_percentile_rms-0000-0000-327428,s08,s0801a,,0,7.313967239784515
s0801a:s08_s0801a_raw_nemo_buffer_000071-vad_percentile_rms-0000-0001-327772,s08,s0801a,,0,4.335201369946784
s0801a:s08_s0801a_raw_nemo_buffer_000072-vad_percentile_rms-0000-0000-328528,s08,s0801a,,0,-10.658721204591476
s0801a:s08_s0801a_raw_nemo_buffer_000073-vad_percentile_rms-0000-0000-330260,s08,s0801a,,0,11.248075178674585
s0801a:s08_s0801a_raw_nemo_buffer_000073-vad_percentile_rms-0000-0001-330668,s08,s0801a,,0,-12.649637187271203
s0801a:s08_s0801a_raw_nemo_buffer_000074-vad_percentile_rms-0000-0000-335028,s08,s0801a,,0,3.094903821449318
s0801a:s08_s0801a_raw_nemo_buffer_000075-vad_percentile_rms-0000-0000-335444,s08,s0801a,,0,10.605712341844582
s0801a:s08_s0801a_raw_nemo_buffer_000075-vad_percentile_rms-0000-0001-335852,s08,s0801a,,0,10.046397736277104
s0801a:s08_s0801a_raw_nemo_buffer_000076-vad_percentile_rms-0000-0001-338712,s08,s0801a,,0,16.451685275823817
s0801a:s08_s0801a_raw_nemo_buffer_000077-vad_percentile_rms-0000-0000-339312,s08,s0801a,,0,-23.63994182706808
s0801a:s08_s0801a_raw_nemo_buffer_000077-vad_percentile_rms-0000-0001-340876,s08,s0801a,49,1,26.173521683439535
s0801a:s08_s0801a_raw_nemo_buffer_000077-vad_percentile_rms-0000-0002-343720,s08,s0801a,,0,6.353042586001104
s0801a:s08_s0801a_raw_nemo_buffer_000078-vad_percentile_rms-0000-0000-343904,s08,s0801a,,0,-22.17061368419192
s0801a:s08_s0801a_raw_nemo_buffer_000078-vad_percentile_rms-0000-0001-345220,s08,s0801a,19,1,0.3121939524929882
s0801a:s08_s0801a_raw_nemo_buffer_000078-vad_percentile_rms-0000-0002-347724,s08,s0801a,100,1,61.00554801964032
s0801a:s08_s0801a_raw_nemo_buffer_000078-vad_percentile_rms-0000-0003-350768,s08,s0801a,100,1,32.79007597682282
s0801a:s08_s0801a_raw_nemo_buffer_000078-vad_percentile_rms-0000-0004-353540,s08,s0801a,,0,26.39783562165386
s0801a:s08_s0801a_raw_nemo_buffer_000079-vad_percentile_rms-0000-0000-354880,s08,s0801a,,0,4.007456239922612
s0801a:s08_s0801a_raw_nemo_buffer_000079-vad_percentile_rms-0000-0001-357284,s08,s0801a,25,1,18.941094958870195
s0801a:s08_s0801a_raw_nemo_buffer_000079-vad_percentile_rms-0000-0002-359392,s08,s0801a,90,1,30.982956547567067
s0801a:s08_s0801a_raw_nemo_buffer_000079-vad_percentile_rms-0000-0003-361084,s08,s0801a,-56,1,31.489418359800883
s0801a:s08_s0801a_raw_nemo_buffer_000079-vad_percentile_rms-0000-0004-362092,s08,s0801a,,0,23.85774432982251
s0801a:s08_s0801a_raw_nemo_buffer_000080-vad_percentile_rms-0000-0000-362268,s08,s0801a,,0,-11.588230341249876
s0801a:s08_s0801a_raw_nemo_buffer_000080-vad_percentile_rms-0000-0003-365604,s08,s0801a,23,1,9.401281527790609
s0801a:s08_s0801a_raw_nemo_buffer_000080-vad_percentile_rms-0000-0004-366572,s08,s0801a,,0,23.387389049585558
s0801a:s08_s0801a_raw_nemo_buffer_000081-vad_percentile_rms-0000-0000-366980,s08,s0801a,,0,3.167404888120558
s0801a:s08_s0801a_raw_nemo_buffer_000081-vad_percentile_rms-0000-0001-368684,s08,s0801a,,0,11.808265592774891
s0801a:s08_s0801a_raw_nemo_buffer_000082-vad_percentile_rms-0000-0000-368900,s08,s0801a,,0,-1.030895314476366
s0801a:s08_s0801a_raw_nemo_buffer_000082-vad_percentile_rms-0000-0001-370124,s08,s0801a,,0,29.561439657247792
s0801a:s08_s0801a_raw_nemo_buffer_000083-vad_percentile_rms-0000-0000-371072,s08,s0801a,,0,-4.5704011471427
s0801a:s08_s0801a_raw_nemo_buffer_000083-vad_percentile_rms-0000-0001-371724,s08,s0801a,,0,31.62889785394305
s0801a:s08_s0801a_raw_nemo_buffer_000084-vad_percentile_rms-0000-0000-373180,s08,s0801a,6,1,14.402040472634393
s0801a:s08_s0801a_raw_nemo_buffer_000084-vad_percentile_rms-0000-0001-374252,s08,s0801a,16,1,44.93565121076243
s0801a:s08_s0801a_raw_nemo_buffer_000084-vad_percentile_rms-0000-0002-376708,s08,s0801a,,0,4.035958191550518
s0801a:s08_s0801a_raw_nemo_buffer_000085-vad_percentile_rms-0000-0000-376980,s08,s0801a,,0,11.324049525876864
s0801a:s08_s0801a_raw_nemo_buffer_000085-vad_percentile_rms-0000-0001-380364,s08,s0801a,,0,27.004936226546818
s0801a:s08_s0801a_raw_nemo_buffer_000086-vad_percentile_rms-0000-0000-380660,s08,s0801a,,0,9.333721377126714
s0801a:s08_s0801a_raw_nemo_buffer_000086-vad_percentile_rms-0000-0001-382104,s08,s0801a,100,1,63.85056594280859
s0801a:s08_s0801a_raw_nemo_buffer_000086-vad_percentile_rms-0000-0002-385836,s08,s0801a,,0,10.271270594712677
s0801a:s08_s0801a_raw_nemo_buffer_000087-vad_percentile_rms-0000-0000-390888,s08,s0801a,,0,-1.838125660156292
s0801a:s08_s0801a_raw_nemo_buffer_000088-vad_percentile_rms-0000-0000-392916,s08,s0801a,,0,-0.9942871251908638
s0801a:s08_s0801a_raw_nemo_buffer_000088-vad_percentile_rms-0000-0001-393480,s08,s0801a,,0,22.318235269071895
s0801a:s08_s0801a_raw_nemo_buffer_000089-vad_percentile_rms-0000-0001-402308,s08,s0801a,,0,-4.919534182941602
s0801a:s08_s0801a_raw_nemo_buffer_000090-vad_percentile_rms-0000-0000-406344,s08,s0801a,,0,26.70269560327634
s0801a:s08_s0801a_raw_nemo_buffer_000091-vad_percentile_rms-0000-0000-408516,s08,s0801a,,0,25.069040011304487
s0801a:s08_s0801a_raw_nemo_buffer_000092-vad_percentile_rms-0000-0000-408796,s08,s0801a,,0,-34.22380093202244
s0801a:s08_s0801a_raw_nemo_buffer_000092-vad_percentile_rms-0000-0002-410184,s08,s0801a,,0,32.386830162103
s0801a:s08_s0801a_raw_nemo_buffer_000093-vad_percentile_rms-0000-0000-410428,s08,s0801a,,0,6.376616420227027
s0801a:s08_s0801a_raw_nemo_buffer_000093-vad_percentile_rms-0000-0001-411112,s08,s0801a,,0,14.263846026237719
s0801a:s08_s0801a_raw_nemo_buffer_000094-vad_percentile_rms-0000-0000-414492,s08,s0801a,-12,1,-5.73838934761655
s0801a:s08_s0801a_raw_nemo_buffer_000094-vad_percentile_rms-0000-0001-415468,s08,s0801a,,0,22.803848454793965
s0801a:s08_s0801a_raw_nemo_buffer_000095-vad_percentile_rms-0000-0000-417292,s08,s0801a,-12,1,-17.042079232110336
s0801a:s08_s0801a_raw_nemo_buffer_000096-vad_percentile_rms-0000-0000-420016,s08,s0801a,-17,1,-28.106229276555133
s0801a:s08_s0801a_raw_nemo_buffer_000096-vad_percentile_rms-0000-0001-421708,s08,s0801a,,0,7.195520208547227
s0801a:s08_s0801a_raw_nemo_buffer_000097-vad_percentile_rms-0000-0000-422036,s08,s0801a,,0,-22.78448957398411
s0801a:s08_s0801a_raw_nemo_buffer_000097-vad_percentile_rms-0000-0001-422912,s08,s0801a,29,1,27.066669474287796
s0801a:s08_s0801a_raw_nemo_buffer_000097-vad_percentile_rms-0000-0002-423584,s08,s0801a,,0,-1.7602704809732952
s0801a:s08_s0801a_raw_nemo_buffer_000098-vad_percentile_rms-0000-0000-438096,s08,s0801a,-6,1,-37.407753669552555
s0801a:s08_s0801a_raw_nemo_buffer_000098-vad_percentile_rms-0000-0001-438688,s08,s0801a,,0,16.795079606588672
s0801a:s08_s0801a_raw_nemo_buffer_000099-vad_percentile_rms-0000-0000-444260,s08,s0801a,,0,-31.33668910745982
s0801a:s08_s0801a_raw_nemo_buffer_000099-vad_percentile_rms-0000-0002-444828,s08,s0801a,,0,3.9392501787894654
s0801a:s08_s0801a_raw_nemo_buffer_000100-vad_percentile_rms-0000-0000-446656,s08,s0801a,,0,-13.631956591515763
s0801a:s08_s0801a_raw_nemo_buffer_000100-vad_percentile_rms-0000-0001-447212,s08,s0801a,,0,25.388260243285053
s0801a:s08_s0801a_raw_nemo_buffer_000101-vad_percentile_rms-0000-0000-451556,s08,s0801a,,0,-17.350693660852297
s0801a:s08_s0801a_raw_nemo_buffer_000101-vad_percentile_rms-0000-0001-453376,s08,s0801a,,0,26.892462247906177
s0801a:s08_s0801a_raw_nemo_buffer_000102-vad_percentile_rms-0000-0000-454292,s08,s0801a,,0,-12.211580276294939
s0801a:s08_s0801a_raw_nemo_buffer_000103-vad_percentile_rms-0000-0000-456200,s08,s0801a,,0,12.760078893141333
s0801a:s08_s0801a_raw_nemo_buffer_000104-vad_percentile_rms-0000-0000-468408,s08,s0801a,,0,-5.357658199743607
s0801a:s08_s0801a_raw_nemo_buffer_000104-vad_percentile_rms-0000-0001-469124,s08,s0801a,-2,1,14.936051039828946
s0801a:s08_s0801a_raw_nemo_buffer_000104-vad_percentile_rms-0000-0002-469736,s08,s0801a,,0,12.119534144233894
s0801a:s08_s0801a_raw_nemo_buffer_000105-vad_percentile_rms-0000-0000-471656,s08,s0801a,,0,12.549895336912877
s0801a:s08_s0801a_raw_nemo_buffer_000105-vad_percentile_rms-0000-0001-474848,s08,s0801a,,0,12.927487279326463
s0801a:s08_s0801a_raw_nemo_buffer_000106-vad_percentile_rms-0000-0000-475168,s08,s0801a,,0,-28.29290909910023
s0801a:s08_s0801a_raw_nemo_buffer_000106-vad_percentile_rms-0000-0001-477052,s08,s0801a,9,1,46.41192443468754
s0801a:s08_s0801a_raw_nemo_buffer_000106-vad_percentile_rms-0000-0002-477628,s08,s0801a,91,1,45.692632375108225
s0801a:s08_s0801a_raw_nemo_buffer_000106-vad_percentile_rms-0000-0003-480172,s08,s0801a,,0,17.051898987085284
s0801a:s08_s0801a_raw_nemo_buffer_000107-vad_percentile_rms-0000-0000-480544,s08,s0801a,,0,-2.2956279467154364
s0801a:s08_s0801a_raw_nemo_buffer_000107-vad_percentile_rms-0000-0001-483452,s08,s0801a,28,1,30.262537227891322
s0801a:s08_s0801a_raw_nemo_buffer_000107-vad_percentile_rms-0000-0002-484124,s08,s0801a,,0,18.96621041561067
s0801a:s08_s0801a_raw_nemo_buffer_000108-vad_percentile_rms-0000-0000-484828,s08,s0801a,,0,14.433734422867301
s0801a:s08_s0801a_raw_nemo_buffer_000109-vad_percentile_rms-0000-0000-486128,s08,s0801a,,0,-24.081316171982962
s0801a:s08_s0801a_raw_nemo_buffer_000109-vad_percentile_rms-0000-0001-488512,s08,s0801a,,0,34.348656325856226
s0801a:s08_s0801a_raw_nemo_buffer_000110-vad_percentile_rms-0000-0000-488828,s08,s0801a,,0,-6.6331976690802605
s0801a:s08_s0801a_raw_nemo_buffer_000110-vad_percentile_rms-0000-0001-490300,s08,s0801a,100,1,17.443867610983403
s0801a:s08_s0801a_raw_nemo_buffer_000110-vad_percentile_rms-0000-0002-493024,s08,s0801a,,0,21.670947276364394
s0801a:s08_s0801a_raw_nemo_buffer_000111-vad_percentile_rms-0000-0000-494068,s08,s0801a,-4,1,8.906709602691004
s0801a:s08_s0801a_raw_nemo_buffer_000111-vad_percentile_rms-0000-0001-494688,s08,s0801a,,0,3.5572295200927924
s0801a:s08_s0801a_raw_nemo_buffer_000112-vad_percentile_rms-0000-0000-508908,s08,s0801a,,0,2.298295413255998
s0801a:s08_s0801a_raw_nemo_buffer_000112-vad_percentile_rms-0000-0001-509420,s08,s0801a,,0,8.601975002925577
s0801a:s08_s0801a_raw_nemo_buffer_000113-vad_percentile_rms-0000-0000-515640,s08,s0801a,,0,3.464781012865922
s0801a:s08_s0801a_raw_nemo_buffer_000113-vad_percentile_rms-0000-0001-516140,s08,s0801a,,0,13.04022633328361
s0801a:s08_s0801a_raw_nemo_buffer_000114-vad_percentile_rms-0000-0000-523748,s08,s0801a,-16,1,9.075988716056326
s0801a:s08_s0801a_raw_nemo_buffer_000114-vad_percentile_rms-0000-0001-524540,s08,s0801a,100,1,14.464138458568595
s0801a:s08_s0801a_raw_nemo_buffer_000114-vad_percentile_rms-0000-0002-525104,s08,s0801a,19,1,-1.0107849917332121
s0801a:s08_s0801a_raw_nemo_buffer_000114-vad_percentile_rms-0000-0003-526972,s08,s0801a,25,1,-22.75133664045402
s0801a:s08_s0801a_raw_nemo_buffer_000114-vad_percentile_rms-0000-0004-528036,s08,s0801a,-9,1,-2.5041171536514586
s0801a:s08_s0801a_raw_nemo_buffer_000114-vad_percentile_rms-0000-0005-529484,s08,s0801a,,0,21.402573357039934
s0801a:s08_s0801a_raw_nemo_buffer_000115-vad_percentile_rms-0000-0000-529708,s08,s0801a,-55,1,-32.389396289734165
s0801a:s08_s0801a_raw_nemo_buffer_000115-vad_percentile_rms-0000-0001-537452,s08,s0801a,,0,26.4802145660349
s0801a:s08_s0801a_raw_nemo_buffer_000116-vad_percentile_rms-0000-0000-538372,s08,s0801a,,0,21.868457577240925
s0801a:s08_s0801a_raw_nemo_buffer_000117-vad_percentile_rms-0000-0000-538644,s08,s0801a,,0,13.584926025734228
s0801a:s08_s0801a_raw_nemo_buffer_000117-vad_percentile_rms-0000-0001-543116,s08,s0801a,100,1,58.52906397853311
s0801a:s08_s0801a_raw_nemo_buffer_000117-vad_percentile_rms-0000-0002-548268,s08,s0801a,,0,23.89102042057911
s0801a:s08_s0801a_raw_nemo_buffer_000118-vad_percentile_rms-0000-0000-549032,s08,s0801a,,0,-12.69137758286577
s0801a:s08_s0801a_raw_nemo_buffer_000118-vad_percentile_rms-0000-0001-549732,s08,s0801a,,0,-5.853117232502221
s0801a:s08_s0801a_raw_nemo_buffer_000119-vad_percentile_rms-0000-0000-550788,s08,s0801a,,0,-23.999691464999074
s0801a:s08_s0801a_raw_nemo_buffer_000119-vad_percentile_rms-0000-0001-551596,s08,s0801a,,0,12.13471847665922
s0801a:s08_s0801a_raw_nemo_buffer_000120-vad_percentile_rms-0000-0000-551972,s08,s0801a,,0,-8.224758173528969
s0801a:s08_s0801a_raw_nemo_buffer_000120-vad_percentile_rms-0000-0001-554000,s08,s0801a,,0,10.417636888402788
s0801a:s08_s0801a_raw_nemo_buffer_000121-vad_percentile_rms-0000-0000-554248,s08,s0801a,,0,-33.098997245819184
s0801a:s08_s0801a_raw_nemo_buffer_000121-vad_percentile_rms-0000-0001-555688,s08,s0801a,,0,14.55019182521417
s0801a:s08_s0801a_raw_nemo_buffer_000122-vad_percentile_rms-0000-0000-556152,s08,s0801a,,0,0.5986154962057544
s0801a:s08_s0801a_raw_nemo_buffer_000122-vad_percentile_rms-0000-0001-556996,s08,s0801a,40,1,55.625069682904716
s0801a:s08_s0801a_raw_nemo_buffer_000122-vad_percentile_rms-0000-0002-561924,s08,s0801a,-45,1,32.40356412189375
s0801a:s08_s0801a_raw_nemo_buffer_000122-vad_percentile_rms-0000-0003-564828,s08,s0801a,,0,24.07136496595265
s0801a:s08_s0801a_raw_nemo_buffer_000123-vad_percentile_rms-0000-0000-565180,s08,s0801a,,0,-1.4978338537629945
s0801a:s08_s0801a_raw_nemo_buffer_000123-vad_percentile_rms-0000-0001-566200,s08,s0801a,95,1,63.1316258498087
s0801a:s08_s0801a_raw_nemo_buffer_000123-vad_percentile_rms-0000-0002-568052,s08,s0801a,27,1,52.04137975237472
s0801a:s08_s0801a_raw_nemo_buffer_000123-vad_percentile_rms-0000-0003-569292,s08,s0801a,21,1,23.359428940857512
s0801a:s08_s0801a_raw_nemo_buffer_000123-vad_percentile_rms-0000-0004-570156,s08,s0801a,,0,18.189242866935967
s0801a:s08_s0801a_raw_nemo_buffer_000124-vad_percentile_rms-0000-0000-570680,s08,s0801a,,0,7.077994857616286
s0801a:s08_s0801a_raw_nemo_buffer_000124-vad_percentile_rms-0000-0001-572292,s08,s0801a,,0,17.945381707463536
s0801a:s08_s0801a_raw_nemo_buffer_000125-vad_percentile_rms-0000-0000-572468,s08,s0801a,,0,16.062059719414243
s0801a:s08_s0801a_raw_nemo_buffer_000125-vad_percentile_rms-0000-0001-574968,s08,s0801a,100,1,23.56918193919529
s0801a:s08_s0801a_raw_nemo_buffer_000125-vad_percentile_rms-0000-0002-576716,s08,s0801a,,0,16.401513475362986
s0801a:s08_s0801a_raw_nemo_buffer_000126-vad_percentile_rms-0000-0000-576920,s08,s0801a,-12,1,-7.795743641304149
s0801a:s08_s0801a_raw_nemo_buffer_000126-vad_percentile_rms-0000-0001-577700,s08,s0801a,-100,1,46.789106826343605
s0801a:s08_s0801a_raw_nemo_buffer_000126-vad_percentile_rms-0000-0002-580140,s08,s0801a,,0,6.4309741289406395
s0801a:s08_s0801a_raw_nemo_buffer_000127-vad_percentile_rms-0000-0000-580748,s08,s0801a,,0,13.527458341848746
s0801a:s08_s0801a_raw_nemo_buffer_000127-vad_percentile_rms-0000-0001-585484,s08,s0801a,,0,24.80154581889188
s0801a:s08_s0801a_raw_nemo_buffer_000128-vad_percentile_rms-0000-0000-586344,s08,s0801a,,0,13.596701934695469
s0801a:s08_s0801a_raw_nemo_buffer_000129-vad_percentile_rms-0000-0000-590248,s08,s0801a,,0,-26.894683146347056
s0801a:s08_s0801a_raw_nemo_buffer_000129-vad_percentile_rms-0000-0001-590668,s08,s0801a,,0,29.070456767283787
s0801a:s08_s0801a_raw_nemo_buffer_000130-vad_percentile_rms-0000-0000-592228,s08,s0801a,,0,-7.258791322632511
s0801a:s08_s0801a_raw_nemo_buffer_000130-vad_percentile_rms-0000-0001-593864,s08,s0801a,,0,25.061502427317812
s1101a:s11_s1101a_raw_nemo_buffer_000000-vad_percentile_rms-0000-0000-5364,s11,s1101a,,0,-15.616991075558438
s1101a:s11_s1101a_raw_nemo_buffer_000000-vad_percentile_rms-0000-0001-8788,s11,s1101a,,0,-34.426019489757465
s1101a:s11_s1101a_raw_nemo_buffer_000000-vad_percentile_rms-0000-0002-9224,s11,s1101a,,0,34.33371085484846
s1101a:s11_s1101a_raw_nemo_buffer_000001-vad_percentile_rms-0000-0000-27432,s11,s1101a,,0,22.10077913540667
s1101a:s11_s1101a_raw_nemo_buffer_000002-vad_percentile_rms-0000-0000-27668,s11,s1101a,-36,1,-43.94799192827867
s1101a:s11_s1101a_raw_nemo_buffer_000002-vad_percentile_rms-0000-0001-30304,s11,s1101a,,0,17.42524270055811
s1101a:s11_s1101a_raw_nemo_buffer_000003-vad_percentile_rms-0000-0000-43416,s11,s1101a,27,1,8.612584203163555
s1101a:s11_s1101a_raw_nemo_buffer_000003-vad_percentile_rms-0000-0001-44752,s11,s1101a,66,1,29.111041583059816
s1101a:s11_s1101a_raw_nemo_buffer_000003-vad_percentile_rms-0000-0002-45368,s11,s1101a,-48,1,-27.535421919828718
s1101a:s11_s1101a_raw_nemo_buffer_000003-vad_percentile_rms-0000-0003-47180,s11,s1101a,,0,17.237648109228612
s1101a:s11_s1101a_raw_nemo_buffer_000004-vad_percentile_rms-0000-0000-47936,s11,s1101a,-48,1,-59.62000352238
s1101a:s11_s1101a_raw_nemo_buffer_000004-vad_percentile_rms-0000-0001-50444,s11,s1101a,,0,13.732248616008079
s1101a:s11_s1101a_raw_nemo_buffer_000005-vad_percentile_rms-0000-0000-50832,s11,s1101a,,0,-25.127349906060008
s1101a:s11_s1101a_raw_nemo_buffer_000005-vad_percentile_rms-0000-0001-52308,s11,s1101a,,0,14.61486479710473
s1101a:s11_s1101a_raw_nemo_buffer_000006-vad_percentile_rms-0000-0000-54004,s11,s1101a,,0,0.4261525053289965
s1101a:s11_s1101a_raw_nemo_buffer_000006-vad_percentile_rms-0000-0001-54700,s11,s1101a,,0,-2.6635419107573384
s1101a:s11_s1101a_raw_nemo_buffer_000007-vad_percentile_rms-0000-0000-54908,s11,s1101a,,0,-35.491240790232965
s1101a:s11_s1101a_raw_nemo_buffer_000007-vad_percentile_rms-0000-0001-55604,s11,s1101a,37,1,48.61459636228672
s1101a:s11_s1101a_raw_nemo_buffer_000007-vad_percentile_rms-0000-0002-57500,s11,s1101a,,0,1.040521339563174
s1101a:s11_s1101a_raw_nemo_buffer_000008-vad_percentile_rms-0000-0000-58420,s11,s1101a,,0,-2.6238873533797396
s1101a:s11_s1101a_raw_nemo_buffer_000008-vad_percentile_rms-0000-0001-59812,s11,s1101a,,0,1.4344687448929854
s1101a:s11_s1101a_raw_nemo_buffer_000009-vad_percentile_rms-0000-0000-60236,s11,s1101a,,0,-18.010341415142594
s1101a:s11_s1101a_raw_nemo_buffer_000009-vad_percentile_rms-0000-0001-60768,s11,s1101a,,0,15.85749226030627
s1101a:s11_s1101a_raw_nemo_buffer_000010-vad_percentile_rms-0000-0000-61324,s11,s1101a,,0,2.073350640282328
s1101a:s11_s1101a_raw_nemo_buffer_000010-vad_percentile_rms-0000-0001-63300,s11,s1101a,,0,10.527348562048807
s1101a:s11_s1101a_raw_nemo_buffer_000011-vad_percentile_rms-0000-0000-63476,s11,s1101a,,0,-2.4990690660696124
s1101a:s11_s1101a_raw_nemo_buffer_000011-vad_percentile_rms-0000-0001-65892,s11,s1101a,16,1,-2.2261414490385114
s1101a:s11_s1101a_raw_nemo_buffer_000011-vad_percentile_rms-0000-0002-66440,s11,s1101a,,0,15.51823334341496
s1101a:s11_s1101a_raw_nemo_buffer_000012-vad_percentile_rms-0000-0000-66868,s11,s1101a,-18,1,-29.32474848725204
s1101a:s11_s1101a_raw_nemo_buffer_000012-vad_percentile_rms-0000-0001-67284,s11,s1101a,,0,4.2271232796153635
s1101a:s11_s1101a_raw_nemo_buffer_000013-vad_percentile_rms-0000-0000-67932,s11,s1101a,,0,-22.485566881028998
s1101a:s11_s1101a_raw_nemo_buffer_000013-vad_percentile_rms-0000-0001-70664,s11,s1101a,19,1,-22.64146185500937
s1101a:s11_s1101a_raw_nemo_buffer_000013-vad_percentile_rms-0000-0002-71912,s11,s1101a,,0,14.788691987498261
s1101a:s11_s1101a_raw_nemo_buffer_000014-vad_percentile_rms-0000-0000-72128,s11,s1101a,,0,-41.85176408611413
s1101a:s11_s1101a_raw_nemo_buffer_000014-vad_percentile_rms-0000-0001-74624,s11,s1101a,,0,19.74517821353531
s1101a:s11_s1101a_raw_nemo_buffer_000015-vad_percentile_rms-0000-0000-75232,s11,s1101a,,0,-19.91641894044884
s1101a:s11_s1101a_raw_nemo_buffer_000015-vad_percentile_rms-0000-0001-75720,s11,s1101a,-15,1,-12.027086246003485
s1101a:s11_s1101a_raw_nemo_buffer_000016-vad_percentile_rms-0000-0000-79696,s11,s1101a,,0,-1.9796341583461103
s1101a:s11_s1101a_raw_nemo_buffer_000016-vad_percentile_rms-0000-0001-82904,s11,s1101a,,0,17.171959278239108
s1101a:s11_s1101a_raw_nemo_buffer_000017-vad_percentile_rms-0000-0000-83832,s11,s1101a,-8,1,-42.17912042775447
s1101a:s11_s1101a_raw_nemo_buffer_000017-vad_percentile_rms-0000-0001-84904,s11,s1101a,,0,18.193489012320534
s1101a:s11_s1101a_raw_nemo_buffer_000018-vad_percentile_rms-0000-0000-85196,s11,s1101a,,0,-1.5713577244598351
s1101a:s11_s1101a_raw_nemo_buffer_000018-vad_percentile_rms-0000-0001-86828,s11,s1101a,,0,29.606018213126497
s1101a:s11_s1101a_raw_nemo_buffer_000019-vad_percentile_rms-0000-0000-87568,s11,s1101a,,0,-17.178255739380766
s1101a:s11_s1101a_raw_nemo_buffer_000019-vad_percentile_rms-0000-0002-90156,s11,s1101a,-4,1,29.22027305516748
s1101a:s11_s1101a_raw_nemo_buffer_000020-vad_percentile_rms-0000-0000-91060,s11,s1101a,-4,1,17.90849111338067
s1101a:s11_s1101a_raw_nemo_buffer_000020-vad_percentile_rms-0000-0001-92648,s11,s1101a,,0,21.85297490809232
s1101a:s11_s1101a_raw_nemo_buffer_000021-vad_percentile_rms-0000-0000-94288,s11,s1101a,,0,-34.3104452669822
s1101a:s11_s1101a_raw_nemo_buffer_000021-vad_percentile_rms-0000-0001-99916,s11,s1101a,,0,18.717222001731486
s1101a:s11_s1101a_raw_nemo_buffer_000022-vad_percentile_rms-0000-0000-100888,s11,s1101a,,0,-4.974667632384598
s1101a:s11_s1101a_raw_nemo_buffer_000022-vad_percentile_rms-0000-0001-102360,s11,s1101a,,0,2.431968356405066
s1101a:s11_s1101a_raw_nemo_buffer_000023-vad_percentile_rms-0000-0000-104124,s11,s1101a,,0,10.009084006900759
s1101a:s11_s1101a_raw_nemo_buffer_000023-vad_percentile_rms-0000-0001-105940,s11,s1101a,,0,18.91515986037546
s1101a:s11_s1101a_raw_nemo_buffer_000024-vad_percentile_rms-0000-0000-106576,s11,s1101a,,0,6.695208898305876
s1101a:s11_s1101a_raw_nemo_buffer_000024-vad_percentile_rms-0000-0001-108732,s11,s1101a,,0,16.00331139515854
s1101a:s11_s1101a_raw_nemo_buffer_000025-vad_percentile_rms-0000-0000-109044,s11,s1101a,,0,6.662914831345562
s1101a:s11_s1101a_raw_nemo_buffer_000025-vad_percentile_rms-0000-0001-109820,s11,s1101a,,0,19.303594917148523
s1101a:s11_s1101a_raw_nemo_buffer_000026-vad_percentile_rms-0000-0000-110076,s11,s1101a,,0,-7.4941853190816765
s1101a:s11_s1101a_raw_nemo_buffer_000026-vad_percentile_rms-0000-0001-112744,s11,s1101a,,0,17.16634903340648
s1101a:s11_s1101a_raw_nemo_buffer_000027-vad_percentile_rms-0000-0000-114364,s11,s1101a,,0,-8.163682572218992
s1101a:s11_s1101a_raw_nemo_buffer_000027-vad_percentile_rms-0000-0001-114888,s11,s1101a,,0,15.495438932733691
s1101a:s11_s1101a_raw_nemo_buffer_000028-vad_percentile_rms-0000-0001-119476,s11,s1101a,70,1,42.01021569122753
s1101a:s11_s1101a_raw_nemo_buffer_000028-vad_percentile_rms-0000-0002-120012,s11,s1101a,,0,8.185425495484742
s1101a:s11_s1101a_raw_nemo_buffer_000029-vad_percentile_rms-0000-0000-120956,s11,s1101a,,0,0.14468670743065815
s1101a:s11_s1101a_raw_nemo_buffer_000029-vad_percentile_rms-0000-0001-124748,s11,s1101a,,0,0.6623906695800734
s1101a:s11_s1101a_raw_nemo_buffer_000030-vad_percentile_rms-0000-0000-138764,s11,s1101a,,0,11.32975732631564
s1101a:s11_s1101a_raw_nemo_buffer_000031-vad_percentile_rms-0000-0000-138956,s11,s1101a,,0,-22.242140157446013
s1101a:s11_s1101a_raw_nemo_buffer_000031-vad_percentile_rms-0000-0001-140172,s11,s1101a,,0,13.97854027408875
s1101a:s11_s1101a_raw_nemo_buffer_000032-vad_percentile_rms-0000-0000-142708,s11,s1101a,,0,-13.931429360763836
s1101a:s11_s1101a_raw_nemo_buffer_000032-vad_percentile_rms-0000-0001-144140,s11,s1101a,,0,20.47545190085059
s1101a:s11_s1101a_raw_nemo_buffer_000033-vad_percentile_rms-0000-0000-144668,s11,s1101a,,0,-2.3440662188601884
s1101a:s11_s1101a_raw_nemo_buffer_000033-vad_percentile_rms-0000-0001-147536,s11,s1101a,9,1,-15.594604489077412
s1101a:s11_s1101a_raw_nemo_buffer_000033-vad_percentile_rms-0000-0002-148864,s11,s1101a,,0,14.247883790647334
s1101a:s11_s1101a_raw_nemo_buffer_000034-vad_percentile_rms-0000-0000-149600,s11,s1101a,,0,3.077894714214537
s1101a:s11_s1101a_raw_nemo_buffer_000034-vad_percentile_rms-0000-0001-151328,s11,s1101a,,0,30.162796061094976
s1101a:s11_s1101a_raw_nemo_buffer_000034-vad_percentile_rms-0000-0002-151456,s11,s1101a,,0,-1.0604593567541887
s1101a:s11_s1101a_raw_nemo_buffer_000034-vad_percentile_rms-0000-0003-151816,s11,s1101a,,0,16.994846209178444
s1101a:s11_s1101a_raw_nemo_buffer_000035-vad_percentile_rms-0000-0000-153724,s11,s1101a,,0,-5.635835008072668
s1101a:s11_s1101a_raw_nemo_buffer_000035-vad_percentile_rms-0000-0001-154856,s11,s1101a,,0,20.249469035451774
s1101a:s11_s1101a_raw_nemo_buffer_000036-vad_percentile_rms-0000-0000-155744,s11,s1101a,,0,-9.949372188127938
s1101a:s11_s1101a_raw_nemo_buffer_000036-vad_percentile_rms-0000-0001-156300,s11,s1101a,,0,-13.914890038728903
s1101a:s11_s1101a_raw_nemo_buffer_000037-vad_percentile_rms-0000-0000-158624,s11,s1101a,,0,-40.09458267346834
s1101a:s11_s1101a_raw_nemo_buffer_000037-vad_percentile_rms-0000-0001-159496,s11,s1101a,,0,8.71171232100806
s1101a:s11_s1101a_raw_nemo_buffer_000038-vad_percentile_rms-0000-0000-159944,s11,s1101a,,0,-36.23354939698527
s1101a:s11_s1101a_raw_nemo_buffer_000038-vad_percentile_rms-0000-0001-161420,s11,s1101a,,0,15.652485445695088
s1101a:s11_s1101a_raw_nemo_buffer_000039-vad_percentile_rms-0000-0000-161916,s11,s1101a,,0,0.548591897373452
s1101a:s11_s1101a_raw_nemo_buffer_000039-vad_percentile_rms-0000-0001-163212,s11,s1101a,,0,12.602472962395437
s1101a:s11_s1101a_raw_nemo_buffer_000040-vad_percentile_rms-0000-0000-164444,s11,s1101a,,0,5.2179895489963615
s1101a:s11_s1101a_raw_nemo_buffer_000040-vad_percentile_rms-0000-0001-164924,s11,s1101a,,0,59.046451131247125
s1101a:s11_s1101a_raw_nemo_buffer_000040-vad_percentile_rms-0000-0002-167808,s11,s1101a,,0,18.289432379569583
s1101a:s11_s1101a_raw_nemo_buffer_000041-vad_percentile_rms-0000-0000-168124,s11,s1101a,,0,-2.2791604657894133
s1101a:s11_s1101a_raw_nemo_buffer_000041-vad_percentile_rms-0000-0001-170416,s11,s1101a,29,1,16.28571655542869
s1101a:s11_s1101a_raw_nemo_buffer_000041-vad_percentile_rms-0000-0002-171536,s11,s1101a,50,1,63.99403785495835
s1101a:s11_s1101a_raw_nemo_buffer_000042-vad_percentile_rms-0000-0000-173808,s11,s1101a,,0,13.960232138850351
s1101a:s11_s1101a_raw_nemo_buffer_000042-vad_percentile_rms-0000-0001-176996,s11,s1101a,49,1,21.959165598634506
s1101a:s11_s1101a_raw_nemo_buffer_000042-vad_percentile_rms-0000-0002-177544,s11,s1101a,,0,25.748159859714704
s1101a:s11_s1101a_raw_nemo_buffer_000043-vad_percentile_rms-0000-0000-178024,s11,s1101a,,0,1.236540924239792
s1101a:s11_s1101a_raw_nemo_buffer_000043-vad_percentile_rms-0000-0001-180456,s11,s1101a,89,1,37.01309463619002
s1101a:s11_s1101a_raw_nemo_buffer_000043-vad_percentile_rms-0000-0002-182796,s11,s1101a,,0,-5.697899690215863
s1101a:s11_s1101a_raw_nemo_buffer_000044-vad_percentile_rms-0000-0000-193492,s11,s1101a,,0,-1.142445454819228
s1101a:s11_s1101a_raw_nemo_buffer_000044-vad_percentile_rms-0000-0001-194220,s11,s1101a,,0,10.252154405497588
s1101a:s11_s1101a_raw_nemo_buffer_000045-vad_percentile_rms-0000-0000-194572,s11,s1101a,,0,-36.655118476300004
s1101a:s11_s1101a_raw_nemo_buffer_000045-vad_percentile_rms-0000-0001-195272,s11,s1101a,14,1,-18.586618766694887
s1101a:s11_s1101a_raw_nemo_buffer_000045-vad_percentile_rms-0000-0002-197600,s11,s1101a,-48,1,-27.932523307196885
s1101a:s11_s1101a_raw_nemo_buffer_000045-vad_percentile_rms-0000-0003-198912,s11,s1101a,,0,21.678002480949992
s1101a:s11_s1101a_raw_nemo_buffer_000046-vad_percentile_rms-0000-0000-209040,s11,s1101a,,0,-44.671468445490845
s1101a:s11_s1101a_raw_nemo_buffer_000046-vad_percentile_rms-0000-0001-210240,s11,s1101a,26,1,-14.61250816763987
s1101a:s11_s1101a_raw_nemo_buffer_000046-vad_percentile_rms-0000-0002-210868,s11,s1101a,-51,1,5.217867791997492
s1101a:s11_s1101a_raw_nemo_buffer_000046-vad_percentile_rms-0000-0003-211456,s11,s1101a,13,1,14.821667832229636
s1101a:s11_s1101a_raw_nemo_buffer_000046-vad_percentile_rms-0000-0004-213628,s11,s1101a,14,1,25.52936337123112
s1101a:s11_s1101a_raw_nemo_buffer_000047-vad_percentile_rms-0000-0000-215872,s11,s1101a,,0,-0.11976023184443108
s1101a:s11_s1101a_raw_nemo_buffer_000047-vad_percentile_rms-0000-0001-220320,s11,s1101a,,0,23.39681474692463
s1101a:s11_s1101a_raw_nemo_buffer_000048-vad_percentile_rms-0000-0000-222732,s11,s1101a,,0,-8.168240758913921
s1101a:s11_s1101a_raw_nemo_buffer_000048-vad_percentile_rms-0000-0001-225832,s11,s1101a,,0,28.21413351359077
s1101a:s11_s1101a_raw_nemo_buffer_000049-vad_percentile_rms-0000-0000-226196,s11,s1101a,,0,7.706577532406551
s1101a:s11_s1101a_raw_nemo_buffer_000049-vad_percentile_rms-0000-0001-228324,s11,s1101a,41,1,43.809927104756966
s1101a:s11_s1101a_raw_nemo_buffer_000049-vad_percentile_rms-0000-0002-229452,s11,s1101a,,0,28.406401561978146
s1101a:s11_s1101a_raw_nemo_buffer_000050-vad_percentile_rms-0000-0000-230188,s11,s1101a,,0,-8.73894543244258
s1101a:s11_s1101a_raw_nemo_buffer_000050-vad_percentile_rms-0000-0001-231428,s11,s1101a,32,1,42.60166097792593
s1101a:s11_s1101a_raw_nemo_buffer_000050-vad_percentile_rms-0000-0002-233484,s11,s1101a,,0,-2.4530265823397954
s1101a:s11_s1101a_raw_nemo_buffer_000051-vad_percentile_rms-0000-0000-233720,s11,s1101a,-8,1,6.48928589779805
s1101a:s11_s1101a_raw_nemo_buffer_000051-vad_percentile_rms-0000-0001-237608,s11,s1101a,,0,19.309221260134805
s1101a:s11_s1101a_raw_nemo_buffer_000052-vad_percentile_rms-0000-0000-241252,s11,s1101a,-1,1,-18.148332599176932
s1101a:s11_s1101a_raw_nemo_buffer_000052-vad_percentile_rms-0000-0002-244328,s11,s1101a,,0,26.095784023539128
s1101a:s11_s1101a_raw_nemo_buffer_000053-vad_percentile_rms-0000-0000-245096,s11,s1101a,,0,-7.41257428031474
s1101a:s11_s1101a_raw_nemo_buffer_000053-vad_percentile_rms-0000-0001-246376,s11,s1101a,,0,22.35590317902284
s1101a:s11_s1101a_raw_nemo_buffer_000054-vad_percentile_rms-0000-0000-246888,s11,s1101a,,0,7.042024345653486
s1101a:s11_s1101a_raw_nemo_buffer_000054-vad_percentile_rms-0000-0002-249988,s11,s1101a,100,1,47.65249855396921
s1101a:s11_s1101a_raw_nemo_buffer_000054-vad_percentile_rms-0000-0003-251240,s11,s1101a,51,1,64.76643983163486
s1101a:s11_s1101a_raw_nemo_buffer_000054-vad_percentile_rms-0000-0004-252360,s11,s1101a,,0,5.7382483757286025
s1101a:s11_s1101a_raw_nemo_buffer_000055-vad_percentile_rms-0000-0000-252816,s11,s1101a,-30,1,1.8359351000011586
s1101a:s11_s1101a_raw_nemo_buffer_000055-vad_percentile_rms-0000-0001-254764,s11,s1101a,15,1,12.241740374697258
s1101a:s11_s1101a_raw_nemo_buffer_000055-vad_percentile_rms-0000-0002-256316,s11,s1101a,,0,19.80077685709864
s1101a:s11_s1101a_raw_nemo_buffer_000056-vad_percentile_rms-0000-0000-262136,s11,s1101a,,0,-12.083085060745521
s1101a:s11_s1101a_raw_nemo_buffer_000056-vad_percentile_rms-0000-0001-263228,s11,s1101a,,0,26.918927957262646
s1101a:s11_s1101a_raw_nemo_buffer_000057-vad_percentile_rms-0000-0000-263708,s11,s1101a,,0,3.169942323854084
s1101a:s11_s1101a_raw_nemo_buffer_000057-vad_percentile_rms-0000-0001-266084,s11,s1101a,56,1,19.354465205312017
s1101a:s11_s1101a_raw_nemo_buffer_000057-vad_percentile_rms-0000-0002-267820,s11,s1101a,,0,8.475736891686413
s1101a:s11_s1101a_raw_nemo_buffer_000058-vad_percentile_rms-0000-0000-273960,s11,s1101a,-18,1,-32.7071358090697
s1101a:s11_s1101a_raw_nemo_buffer_000058-vad_percentile_rms-0000-0001-275344,s11,s1101a,74,1,39.04454408501686
s1101a:s11_s1101a_raw_nemo_buffer_000058-vad_percentile_rms-0000-0002-276560,s11,s1101a,98,1,48.23305951529147
s1101a:s11_s1101a_raw_nemo_buffer_000058-vad_percentile_rms-0000-0003-277420,s11,s1101a,-50,1,2.107860949893241
s1101a:s11_s1101a_raw_nemo_buffer_000058-vad_percentile_rms-0000-0004-278656,s11,s1101a,,0,14.925918826245528
s1101a:s11_s1101a_raw_nemo_buffer_000059-vad_percentile_rms-0000-0000-281772,s11,s1101a,,0,9.547625813844652
s1101a:s11_s1101a_raw_nemo_buffer_000060-vad_percentile_rms-0000-0000-282332,s11,s1101a,,0,-16.579993282467612
s1101a:s11_s1101a_raw_nemo_buffer_000060-vad_percentile_rms-0000-0001-284316,s11,s1101a,,0,10.733244608150901
s1101a:s11_s1101a_raw_nemo_buffer_000061-vad_percentile_rms-0000-0000-284892,s11,s1101a,,0,-3.347982051847394
s1101a:s11_s1101a_raw_nemo_buffer_000061-vad_percentile_rms-0000-0001-286600,s11,s1101a,21,1,-20.828567444276953
s1101a:s11_s1101a_raw_nemo_buffer_000061-vad_percentile_rms-0000-0002-287980,s11,s1101a,,0,3.237804783118153
s1101a:s11_s1101a_raw_nemo_buffer_000062-vad_percentile_rms-0000-0000-288460,s11,s1101a,-42,1,-34.94862840143364
s1101a:s11_s1101a_raw_nemo_buffer_000062-vad_percentile_rms-0000-0001-289600,s11,s1101a,,0,7.683369209570204
s1101a:s11_s1101a_raw_nemo_buffer_000063-vad_percentile_rms-0000-0000-292068,s11,s1101a,,0,7.636630541217908
s1101a:s11_s1101a_raw_nemo_buffer_000063-vad_percentile_rms-0000-0001-294380,s11,s1101a,,0,18.351973877134853
s1101a:s11_s1101a_raw_nemo_buffer_000064-vad_percentile_rms-0000-0000-295304,s11,s1101a,-54,1,-37.914815366235416
s1101a:s11_s1101a_raw_nemo_buffer_000064-vad_percentile_rms-0000-0002-297016,s11,s1101a,30,1,-23.747454792591558
s1101a:s11_s1101a_raw_nemo_buffer_000064-vad_percentile_rms-0000-0003-298004,s11,s1101a,100,1,27.187979674314125
s1101a:s11_s1101a_raw_nemo_buffer_000064-vad_percentile_rms-0000-0004-298116,s11,s1101a,26,1,23.409401334805175
s1101a:s11_s1101a_raw_nemo_buffer_000064-vad_percentile_rms-0000-0005-299244,s11,s1101a,,0,21.748933035713797
s1101a:s11_s1101a_raw_nemo_buffer_000065-vad_percentile_rms-0000-0000-299532,s11,s1101a,-54,1,-26.853130351001877
s1101a:s11_s1101a_raw_nemo_buffer_000065-vad_percentile_rms-0000-0001-300320,s11,s1101a,17,1,-14.100151259125472
s1101a:s11_s1101a_raw_nemo_buffer_000065-vad_percentile_rms-0000-0002-300828,s11,s1101a,43,1,-12.076488507290257
s1101a:s11_s1101a_raw_nemo_buffer_000065-vad_percentile_rms-0000-0003-301676,s11,s1101a,,0,18.861218945906003
s1101a:s11_s1101a_raw_nemo_buffer_000066-vad_percentile_rms-0000-0000-303284,s11,s1101a,,0,-4.183170557683766
s1101a:s11_s1101a_raw_nemo_buffer_000066-vad_percentile_rms-0000-0001-303964,s11,s1101a,-7,1,1.8753363584878748
s1101a:s11_s1101a_raw_nemo_buffer_000066-vad_percentile_rms-0000-0002-305564,s11,s1101a,,0,14.081715481478213
s1101a:s11_s1101a_raw_nemo_buffer_000067-vad_percentile_rms-0000-0000-305892,s11,s1101a,-20,1,-22.743078335767482
s1101a:s11_s1101a_raw_nemo_buffer_000067-vad_percentile_rms-0000-0001-307724,s11,s1101a,,0,16.824323729822936
s1101a:s11_s1101a_raw_nemo_buffer_000068-vad_percentile_rms-0000-0000-308308,s11,s1101a,-4,1,-18.00868692442763
s1101a:s11_s1101a_raw_nemo_buffer_000068-vad_percentile_rms-0000-0001-309436,s11,s1101a,,0,-4.7602085105377245
s1101a:s11_s1101a_raw_nemo_buffer_000069-vad_percentile_rms-0000-0000-310028,s11,s1101a,,0,-15.760502866080348
s1101a:s11_s1101a_raw_nemo_buffer_000069-vad_percentile_rms-0000-0001-310636,s11,s1101a,,0,11.34176839638619
s1101a:s11_s1101a_raw_nemo_buffer_000070-vad_percentile_rms-0000-0000-311120,s11,s1101a,,0,3.117503068537216
s1101a:s11_s1101a_raw_nemo_buffer_000070-vad_percentile_rms-0000-0001-312112,s11,s1101a,,0,-2.1615192775695213
s1101a:s11_s1101a_raw_nemo_buffer_000071-vad_percentile_rms-0000-0000-312908,s11,s1101a,,0,-4.81216801922988
s1101a:s11_s1101a_raw_nemo_buffer_000071-vad_percentile_rms-0000-0001-313512,s11,s1101a,,0,12.027902439912241
s1101a:s11_s1101a_raw_nemo_buffer_000072-vad_percentile_rms-0000-0000-314072,s11,s1101a,,0,-17.744701759774024
s1101a:s11_s1101a_raw_nemo_buffer_000072-vad_percentile_rms-0000-0001-314728,s11,s1101a,,0,8.709556620221823
s1101a:s11_s1101a_raw_nemo_buffer_000073-vad_percentile_rms-0000-0000-315856,s11,s1101a,,0,-33.380381592385106
s1101a:s11_s1101a_raw_nemo_buffer_000073-vad_percentile_rms-0000-0001-317064,s11,s1101a,100,1,47.470117839140045
s1101a:s11_s1101a_raw_nemo_buffer_000073-vad_percentile_rms-0000-0002-317728,s11,s1101a,,0,-6.981677908352193
s1101a:s11_s1101a_raw_nemo_buffer_000074-vad_percentile_rms-0000-0000-318832,s11,s1101a,,0,-42.322079323993094
s1101a:s11_s1101a_raw_nemo_buffer_000074-vad_percentile_rms-0000-0001-319524,s11,s1101a,,0,19.78944189923237
s1101a:s11_s1101a_raw_nemo_buffer_000075-vad_percentile_rms-0000-0000-319856,s11,s1101a,,0,-40.768229904647114
s1101a:s11_s1101a_raw_nemo_buffer_000075-vad_percentile_rms-0000-0001-321768,s11,s1101a,,0,32.48209406039944
s1101a:s11_s1101a_raw_nemo_buffer_000076-vad_percentile_rms-0000-0000-322412,s11,s1101a,-28,1,-26.831641490446433
s1101a:s11_s1101a_raw_nemo_buffer_000076-vad_percentile_rms-0000-0001-323452,s11,s1101a,,0,18.683984545455488
s1101a:s11_s1101a_raw_nemo_buffer_000077-vad_percentile_rms-0000-0000-323772,s11,s1101a,,0,-1.0927541838669654
s1101a:s11_s1101a_raw_nemo_buffer_000077-vad_percentile_rms-0000-0001-324304,s11,s1101a,23,1,44.028618970896844
s1101a:s11_s1101a_raw_nemo_buffer_000077-vad_percentile_rms-0000-0002-325372,s11,s1101a,,0,11.501767121791179
s1101a:s11_s1101a_raw_nemo_buffer_000078-vad_percentile_rms-0000-0002-327328,s11,s1101a,,0,13.801162581610152
s1101a:s11_s1101a_raw_nemo_buffer_000079-vad_percentile_rms-0000-0000-328228,s11,s1101a,,0,-44.05571966193271
s1101a:s11_s1101a_raw_nemo_buffer_000079-vad_percentile_rms-0000-0001-328844,s11,s1101a,,0,20.217511047008195
s1101a:s11_s1101a_raw_nemo_buffer_000080-vad_percentile_rms-0000-0000-329092,s11,s1101a,-20,1,-44.728679047329194
s1101a:s11_s1101a_raw_nemo_buffer_000080-vad_percentile_rms-0000-0001-330428,s11,s1101a,,0,21.206321795847558
s1101a:s11_s1101a_raw_nemo_buffer_000081-vad_percentile_rms-0000-0000-332796,s11,s1101a,,0,-4.015427883827416
s1101a:s11_s1101a_raw_nemo_buffer_000081-vad_percentile_rms-0000-0001-333444,s11,s1101a,46,1,-5.645355256132072
s1101a:s11_s1101a_raw_nemo_buffer_000081-vad_percentile_rms-0000-0002-333592,s11,s1101a,-17,1,29.89163552776128
s1101a:s11_s1101a_raw_nemo_buffer_000081-vad_percentile_rms-0000-0003-335076,s11,s1101a,-100,1,-2.4067603837176463
s1101a:s11_s1101a_raw_nemo_buffer_000081-vad_percentile_rms-0000-0004-337192,s11,s1101a,,0,20.358618855748897
s1101a:s11_s1101a_raw_nemo_buffer_000082-vad_percentile_rms-0000-0000-337380,s11,s1101a,-20,1,-3.6174599993973295
s1101a:s11_s1101a_raw_nemo_buffer_000082-vad_percentile_rms-0000-0001-338024,s11,s1101a,-42,1,40.88828306366476
s1101a:s11_s1101a_raw_nemo_buffer_000082-vad_percentile_rms-0000-0002-338788,s11,s1101a,,0,12.908674461650996
s1101a:s11_s1101a_raw_nemo_buffer_000083-vad_percentile_rms-0000-0000-339336,s11,s1101a,-56,1,-44.31722554951915
s1101a:s11_s1101a_raw_nemo_buffer_000083-vad_percentile_rms-0000-0001-343752,s11,s1101a,,0,22.948829201399235
s1101a:s11_s1101a_raw_nemo_buffer_000084-vad_percentile_rms-0000-0000-350464,s11,s1101a,,0,-16.693269130293288
s1101a:s11_s1101a_raw_nemo_buffer_000084-vad_percentile_rms-0000-0001-351216,s11,s1101a,52,1,35.183118985755094
s1101a:s11_s1101a_raw_nemo_buffer_000084-vad_percentile_rms-0000-0002-352128,s11,s1101a,20,1,-12.400486640444694
s1101a:s11_s1101a_raw_nemo_buffer_000084-vad_percentile_rms-0000-0003-353608,s11,s1101a,100,1,14.689188465571373
s1101a:s11_s1101a_raw_nemo_buffer_000084-vad_percentile_rms-0000-0004-353680,s11,s1101a,100,1,12.421935112286222
s1101a:s11_s1101a_raw_nemo_buffer_000084-vad_percentile_rms-0000-0005-355852,s11,s1101a,,0,21.34005462308038
s1101a:s11_s1101a_raw_nemo_buffer_000085-vad_percentile_rms-0000-0000-356524,s11,s1101a,-28,1,-24.162910387245443
s1101a:s11_s1101a_raw_nemo_buffer_000085-vad_percentile_rms-0000-0001-357772,s11,s1101a,,0,15.428863222736643
s1101a:s11_s1101a_raw_nemo_buffer_000086-vad_percentile_rms-0000-0000-358288,s11,s1101a,,0,-45.233759088593175
s1101a:s11_s1101a_raw_nemo_buffer_000086-vad_percentile_rms-0000-0001-359484,s11,s1101a,24,1,-7.173394055407524
s1101a:s11_s1101a_raw_nemo_buffer_000086-vad_percentile_rms-0000-0003-361724,s11,s1101a,,0,32.748899246421615
s1101a:s11_s1101a_raw_nemo_buffer_000087-vad_percentile_rms-0000-0000-363344,s11,s1101a,,0,-28.967245739202564
s1101a:s11_s1101a_raw_nemo_buffer_000087-vad_percentile_rms-0000-0001-364092,s11,s1101a,,0,20.125952510050126
s1101a:s11_s1101a_raw_nemo_buffer_000088-vad_percentile_rms-0000-0000-364308,s11,s1101a,,0,-0.12706599597681745
s1101a:s11_s1101a_raw_nemo_buffer_000088-vad_percentile_rms-0000-0001-365196,s11,s1101a,,0,5.233460989936243
s1101a:s11_s1101a_raw_nemo_buffer_000089-vad_percentile_rms-0000-0000-366072,s11,s1101a,,0,-28.495250157070902
s1101a:s11_s1101a_raw_nemo_buffer_000089-vad_percentile_rms-0000-0001-368496,s11,s1101a,58,1,40.39397301429612
s1101a:s11_s1101a_raw_nemo_buffer_000089-vad_percentile_rms-0000-0002-369280,s11,s1101a,-45,1,-10.850088309565205
s1101a:s11_s1101a_raw_nemo_buffer_000089-vad_percentile_rms-0000-0003-371920,s11,s1101a,,0,12.222481606936952
s1101a:s11_s1101a_raw_nemo_buffer_000090-vad_percentile_rms-0000-0000-372724,s11,s1101a,,0,-20.64598107273301
s1101a:s11_s1101a_raw_nemo_buffer_000090-vad_percentile_rms-0000-0001-373604,s11,s1101a,100,1,28.67241112977347
s1101a:s11_s1101a_raw_nemo_buffer_000090-vad_percentile_rms-0000-0002-374456,s11,s1101a,42,1,38.716908619510676
s1101a:s11_s1101a_raw_nemo_buffer_000090-vad_percentile_rms-0000-0003-376300,s11,s1101a,,0,15.61642723579371
s1101a:s11_s1101a_raw_nemo_buffer_000091-vad_percentile_rms-0000-0000-378832,s11,s1101a,,0,-17.484205350642153
s1101a:s11_s1101a_raw_nemo_buffer_000091-vad_percentile_rms-0000-0001-379888,s11,s1101a,22,1,-11.984547113874154
s1101a:s11_s1101a_raw_nemo_buffer_000091-vad_percentile_rms-0000-0002-381356,s11,s1101a,,0,20.6934779840368
s1101a:s11_s1101a_raw_nemo_buffer_000092-vad_percentile_rms-0000-0000-381652,s11,s1101a,,0,28.719847740502892
s1101a:s11_s1101a_raw_nemo_buffer_000092-vad_percentile_rms-0000-0001-383244,s11,s1101a,100,1,-4.899109713288471
s1101a:s11_s1101a_raw_nemo_buffer_000092-vad_percentile_rms-0000-0002-385388,s11,s1101a,,0,13.647145094557446
s1101a:s11_s1101a_raw_nemo_buffer_000093-vad_percentile_rms-0000-0000-386156,s11,s1101a,,0,-1.7164283072169972
s1101a:s11_s1101a_raw_nemo_buffer_000093-vad_percentile_rms-0000-0001-387600,s11,s1101a,,0,3.030034341946787
s1101a:s11_s1101a_raw_nemo_buffer_000094-vad_percentile_rms-0000-0000-389380,s11,s1101a,,0,-10.223126695884446
s1101a:s11_s1101a_raw_nemo_buffer_000094-vad_percentile_rms-0000-0001-390048,s11,s1101a,,0,24.318964707635338
s1101a:s11_s1101a_raw_nemo_buffer_000095-vad_percentile_rms-0000-0000-392660,s11,s1101a,-12,1,-2.501056730642599
s1101a:s11_s1101a_raw_nemo_buffer_000095-vad_percentile_rms-0000-0001-395532,s11,s1101a,,0,13.71310408100454
s1101a:s11_s1101a_raw_nemo_buffer_000096-vad_percentile_rms-0000-0000-398064,s11,s1101a,,0,-17.937211138195575
s1101a:s11_s1101a_raw_nemo_buffer_000096-vad_percentile_rms-0000-0001-399016,s11,s1101a,14,1,12.269668365245174
s1101a:s11_s1101a_raw_nemo_buffer_000096-vad_percentile_rms-0000-0002-399932,s11,s1101a,16,1,-7.60450890779606
s1101a:s11_s1101a_raw_nemo_buffer_000096-vad_percentile_rms-0000-0003-400828,s11,s1101a,12,1,-10.424403294241213
s1101a:s11_s1101a_raw_nemo_buffer_000096-vad_percentile_rms-0000-0004-401992,s11,s1101a,,0,23.09451972125214
s1101a:s11_s1101a_raw_nemo_buffer_000097-vad_percentile_rms-0000-0000-402184,s11,s1101a,,0,-5.870637142941442
s1101a:s11_s1101a_raw_nemo_buffer_000097-vad_percentile_rms-0000-0001-402684,s11,s1101a,,0,4.715937738437957
s1101a:s11_s1101a_raw_nemo_buffer_000097-vad_percentile_rms-0000-0003-404376,s11,s1101a,,0,-5.776985701183275
s1101a:s11_s1101a_raw_nemo_buffer_000098-vad_percentile_rms-0000-0000-405240,s11,s1101a,-6,1,-12.75850635432364
s1101a:s11_s1101a_raw_nemo_buffer_000098-vad_percentile_rms-0000-0001-406340,s11,s1101a,,0,10.340124800549173
s1101a:s11_s1101a_raw_nemo_buffer_000099-vad_percentile_rms-0000-0000-408428,s11,s1101a,,0,-22.710338226444907
s1101a:s11_s1101a_raw_nemo_buffer_000099-vad_percentile_rms-0000-0001-409632,s11,s1101a,40,1,7.529141619472453
s1101a:s11_s1101a_raw_nemo_buffer_000099-vad_percentile_rms-0000-0002-411276,s11,s1101a,,0,24.279118503052658
s1101a:s11_s1101a_raw_nemo_buffer_000100-vad_percentile_rms-0000-0000-412172,s11,s1101a,,0,-6.1471037496822625
s1101a:s11_s1101a_raw_nemo_buffer_000100-vad_percentile_rms-0000-0001-412836,s11,s1101a,,0,2.016651953471291
s1101a:s11_s1101a_raw_nemo_buffer_000101-vad_percentile_rms-0000-0000-413104,s11,s1101a,,0,-23.48349212775536
s1101a:s11_s1101a_raw_nemo_buffer_000101-vad_percentile_rms-0000-0001-414620,s11,s1101a,76,1,42.018818685569556
s1101a:s11_s1101a_raw_nemo_buffer_000101-vad_percentile_rms-0000-0002-416024,s11,s1101a,62,1,38.411412620900975
s1101a:s11_s1101a_raw_nemo_buffer_000101-vad_percentile_rms-0000-0003-417548,s11,s1101a,,0,13.783500166248105
s1101a:s11_s1101a_raw_nemo_buffer_000102-vad_percentile_rms-0000-0000-419296,s11,s1101a,,0,-12.912169303190652
s1101a:s11_s1101a_raw_nemo_buffer_000102-vad_percentile_rms-0000-0001-419948,s11,s1101a,-24,1,61.53320974501497
s1101a:s11_s1101a_raw_nemo_buffer_000102-vad_percentile_rms-0000-0002-423276,s11,s1101a,,0,20.41025760185024
s1101a:s11_s1101a_raw_nemo_buffer_000103-vad_percentile_rms-0000-0000-424424,s11,s1101a,,0,-0.825954787795192
s1101a:s11_s1101a_raw_nemo_buffer_000103-vad_percentile_rms-0000-0001-425660,s11,s1101a,,0,19.188897477157294
s1101a:s11_s1101a_raw_nemo_buffer_000104-vad_percentile_rms-0000-0000-434540,s11,s1101a,,0,-5.106465244745523
s1101a:s11_s1101a_raw_nemo_buffer_000104-vad_percentile_rms-0000-0001-435340,s11,s1101a,,0,6.98634819056093
s1101a:s11_s1101a_raw_nemo_buffer_000105-vad_percentile_rms-0000-0000-435708,s11,s1101a,,0,2.148859893893797
s1101a:s11_s1101a_raw_nemo_buffer_000105-vad_percentile_rms-0000-0001-437228,s11,s1101a,34,1,31.064842821905756
s1101a:s11_s1101a_raw_nemo_buffer_000105-vad_percentile_rms-0000-0002-438840,s11,s1101a,,0,26.823805395378383
s1101a:s11_s1101a_raw_nemo_buffer_000106-vad_percentile_rms-0000-0000-439128,s11,s1101a,,0,-25.22130952775859
s1101a:s11_s1101a_raw_nemo_buffer_000106-vad_percentile_rms-0000-0001-441260,s11,s1101a,59,1,38.3013895904043
s1101a:s11_s1101a_raw_nemo_buffer_000106-vad_percentile_rms-0000-0002-442508,s11,s1101a,,0,10.32197025784794
s1101a:s11_s1101a_raw_nemo_buffer_000107-vad_percentile_rms-0000-0000-442988,s11,s1101a,,0,24.682793640412932
s1101a:s11_s1101a_raw_nemo_buffer_000107-vad_percentile_rms-0000-0002-444492,s11,s1101a,80,1,59.470145311580296
s1101a:s11_s1101a_raw_nemo_buffer_000107-vad_percentile_rms-0000-0003-447660,s11,s1101a,,0,20.195106035414405
s1101a:s11_s1101a_raw_nemo_buffer_000108-vad_percentile_rms-0000-0000-449100,s11,s1101a,,0,-5.274186153808843
s1101a:s11_s1101a_raw_nemo_buffer_000108-vad_percentile_rms-0000-0001-453324,s11,s1101a,,0,18.166511507952162
s1101a:s11_s1101a_raw_nemo_buffer_000109-vad_percentile_rms-0000-0000-463860,s11,s1101a,,0,-0.9058855334905545
s1101a:s11_s1101a_raw_nemo_buffer_000109-vad_percentile_rms-0000-0001-464360,s11,s1101a,,0,9.910839001205856
s1101a:s11_s1101a_raw_nemo_buffer_000110-vad_percentile_rms-0000-0000-470120,s11,s1101a,,0,-14.004787764859547
s1101a:s11_s1101a_raw_nemo_buffer_000110-vad_percentile_rms-0000-0001-471340,s11,s1101a,34,1,-52.30072293901074
s1101a:s11_s1101a_raw_nemo_buffer_000110-vad_percentile_rms-0000-0002-472656,s11,s1101a,,0,0.5389655675935323
s1101a:s11_s1101a_raw_nemo_buffer_000111-vad_percentile_rms-0000-0000-472932,s11,s1101a,-18,1,1.9402110894088
s1101a:s11_s1101a_raw_nemo_buffer_000111-vad_percentile_rms-0000-0001-473892,s11,s1101a,,0,21.48930662349867
s1101a:s11_s1101a_raw_nemo_buffer_000112-vad_percentile_rms-0000-0000-474480,s11,s1101a,,0,-26.910720178126464
s1101a:s11_s1101a_raw_nemo_buffer_000112-vad_percentile_rms-0000-0001-476680,s11,s1101a,,0,23.49080333738494
s1101a:s11_s1101a_raw_nemo_buffer_000113-vad_percentile_rms-0000-0000-477108,s11,s1101a,,0,-10.048272636773394
s1101a:s11_s1101a_raw_nemo_buffer_000113-vad_percentile_rms-0000-0001-480552,s11,s1101a,,0,14.780633353066918
s1101a:s11_s1101a_raw_nemo_buffer_000114-vad_percentile_rms-0000-0000-484052,s11,s1101a,,0,-16.70485367627868
s1101a:s11_s1101a_raw_nemo_buffer_000114-vad_percentile_rms-0000-0001-484748,s11,s1101a,,0,-6.497855264079053
s1101a:s11_s1101a_raw_nemo_buffer_000115-vad_percentile_rms-0000-0000-485504,s11,s1101a,,0,-2.9755370649325883
s1101a:s11_s1101a_raw_nemo_buffer_000115-vad_percentile_rms-0000-0002-486536,s11,s1101a,,0,3.8956081440736794
s1101a:s11_s1101a_raw_nemo_buffer_000116-vad_percentile_rms-0000-0000-487200,s11,s1101a,-48,1,-50.84145301931943
s1101a:s11_s1101a_raw_nemo_buffer_000116-vad_percentile_rms-0000-0001-487808,s11,s1101a,,0,14.340063182308398
s1101a:s11_s1101a_raw_nemo_buffer_000117-vad_percentile_rms-0000-0000-488968,s11,s1101a,-24,1,-17.603716077267002
s1101a:s11_s1101a_raw_nemo_buffer_000117-vad_percentile_rms-0000-0001-490476,s11,s1101a,,0,9.990631737075299
s1101a:s11_s1101a_raw_nemo_buffer_000118-vad_percentile_rms-0000-0000-490648,s11,s1101a,,0,-23.07481067062844
s1101a:s11_s1101a_raw_nemo_buffer_000118-vad_percentile_rms-0000-0001-493488,s11,s1101a,-40,1,59.09646554220012
s1101a:s11_s1101a_raw_nemo_buffer_000118-vad_percentile_rms-0000-0002-495140,s11,s1101a,,0,4.638427377514326
s1101a:s11_s1101a_raw_nemo_buffer_000119-vad_percentile_rms-0000-0000-495472,s11,s1101a,,0,-10.618433741963635
s1101a:s11_s1101a_raw_nemo_buffer_000119-vad_percentile_rms-0000-0001-496980,s11,s1101a,100,1,48.63028642328983
s1101a:s11_s1101a_raw_nemo_buffer_000119-vad_percentile_rms-0000-0002-497136,s11,s1101a,67,1,57.66940485758997
s1101a:s11_s1101a_raw_nemo_buffer_000119-vad_percentile_rms-0000-0003-497836,s11,s1101a,,0,10.156308695731438
s1101a:s11_s1101a_raw_nemo_buffer_000120-vad_percentile_rms-0000-0000-498004,s11,s1101a,,0,-5.422664415978041
s1101a:s11_s1101a_raw_nemo_buffer_000120-vad_percentile_rms-0000-0001-498568,s11,s1101a,,0,18.556385315523187
s1101a:s11_s1101a_raw_nemo_buffer_000121-vad_percentile_rms-0000-0000-499220,s11,s1101a,-4,1,12.30221401673662
s1101a:s11_s1101a_raw_nemo_buffer_000121-vad_percentile_rms-0000-0001-500192,s11,s1101a,33,1,29.136641892228678
s1101a:s11_s1101a_raw_nemo_buffer_000121-vad_percentile_rms-0000-0002-501868,s11,s1101a,,0,17.484146836158867
s1101a:s11_s1101a_raw_nemo_buffer_000122-vad_percentile_rms-0000-0000-502624,s11,s1101a,,0,-15.09478559399529
s1101a:s11_s1101a_raw_nemo_buffer_000122-vad_percentile_rms-0000-0001-503216,s11,s1101a,,0,2.660929764201301
s1101a:s11_s1101a_raw_nemo_buffer_000123-vad_percentile_rms-0000-0000-503432,s11,s1101a,,0,-1.7149735459086681
s1101a:s11_s1101a_raw_nemo_buffer_000123-vad_percentile_rms-0000-0001-504888,s11,s1101a,,0,15.172817749032802
s1101a:s11_s1101a_raw_nemo_buffer_000124-vad_percentile_rms-0000-0000-505472,s11,s1101a,,0,3.472935126601489
s1101a:s11_s1101a_raw_nemo_buffer_000124-vad_percentile_rms-0000-0001-510132,s11,s1101a,,0,-9.533237597464908
s1101a:s11_s1101a_raw_nemo_buffer_000124-vad_percentile_rms-0000-0003-510752,s11,s1101a,,0,7.1831185871760095
s1101a:s11_s1101a_raw_nemo_buffer_000125-vad_percentile_rms-0000-0000-511480,s11,s1101a,,0,-9.609262850654943
s1101a:s11_s1101a_raw_nemo_buffer_000125-vad_percentile_rms-0000-0001-512124,s11,s1101a,4,1,16.871542049379926
s1101a:s11_s1101a_raw_nemo_buffer_000125-vad_percentile_rms-0000-0002-513284,s11,s1101a,,0,-18.565014505262802
s1101a:s11_s1101a_raw_nemo_buffer_000126-vad_percentile_rms-0000-0000-513752,s11,s1101a,,0,-1.0652473662911728
s1101a:s11_s1101a_raw_nemo_buffer_000126-vad_percentile_rms-0000-0001-514600,s11,s1101a,,0,-1.2885834366328819
s1101a:s11_s1101a_raw_nemo_buffer_000127-vad_percentile_rms-0000-0000-514932,s11,s1101a,,0,-1.4874953269892952
s1101a:s11_s1101a_raw_nemo_buffer_000127-vad_percentile_rms-0000-0001-515956,s11,s1101a,-53,1,-21.531620881888806
s1101a:s11_s1101a_raw_nemo_buffer_000127-vad_percentile_rms-0000-0002-517292,s11,s1101a,,0,14.06166560703157
s1101a:s11_s1101a_raw_nemo_buffer_000128-vad_percentile_rms-0000-0002-519396,s11,s1101a,42,1,61.33779342455766
s1101a:s11_s1101a_raw_nemo_buffer_000128-vad_percentile_rms-0000-0003-523500,s11,s1101a,,0,9.102471818725956
s1101a:s11_s1101a_raw_nemo_buffer_000129-vad_percentile_rms-0000-0000-525876,s11,s1101a,,0,-8.81796880946073
s1101a:s11_s1101a_raw_nemo_buffer_000129-vad_percentile_rms-0000-0001-526340,s11,s1101a,100,1,20.639115099438882
s1101a:s11_s1101a_raw_nemo_buffer_000129-vad_percentile_rms-0000-0002-526408,s11,s1101a,63,1,25.07919428265241
s1101a:s11_s1101a_raw_nemo_buffer_000129-vad_percentile_rms-0000-0003-527176,s11,s1101a,,0,25.94618596667326
s1101a:s11_s1101a_raw_nemo_buffer_000130-vad_percentile_rms-0000-0000-527464,s11,s1101a,-22,1,1.7349474220600438
s1101a:s11_s1101a_raw_nemo_buffer_000130-vad_percentile_rms-0000-0002-529324,s11,s1101a,,0,-0.33416731957474965
s1101a:s11_s1101a_raw_nemo_buffer_000131-vad_percentile_rms-0000-0000-529700,s11,s1101a,,0,-7.898068510804208
s1101a:s11_s1101a_raw_nemo_buffer_000131-vad_percentile_rms-0000-0001-532764,s11,s1101a,,0,22.67434460424204
s1101a:s11_s1101a_raw_nemo_buffer_000132-vad_percentile_rms-0000-0000-533884,s11,s1101a,-12,1,-9.174788825387072
s1101a:s11_s1101a_raw_nemo_buffer_000132-vad_percentile_rms-0000-0001-535484,s11,s1101a,,0,21.87591557976385
s1101a:s11_s1101a_raw_nemo_buffer_000133-vad_percentile_rms-0000-0000-542084,s11,s1101a,,0,-5.444414193579153
s1101a:s11_s1101a_raw_nemo_buffer_000133-vad_percentile_rms-0000-0001-543372,s11,s1101a,,0,6.009194158213197
s1101a:s11_s1101a_raw_nemo_buffer_000134-vad_percentile_rms-0000-0000-544512,s11,s1101a,,0,2.628037995632722
s1101a:s11_s1101a_raw_nemo_buffer_000134-vad_percentile_rms-0000-0001-545324,s11,s1101a,,0,16.490211959888605
s1101a:s11_s1101a_raw_nemo_buffer_000135-vad_percentile_rms-0000-0000-545868,s11,s1101a,,0,-17.25861562407533
s1101a:s11_s1101a_raw_nemo_buffer_000135-vad_percentile_rms-0000-0001-547700,s11,s1101a,48,1,4.692812675190018
s1101a:s11_s1101a_raw_nemo_buffer_000135-vad_percentile_rms-0000-0002-548780,s11,s1101a,,0,6.550511546714786
s1101a:s11_s1101a_raw_nemo_buffer_000136-vad_percentile_rms-0000-0000-549148,s11,s1101a,,0,-30.542789951271086
s1101a:s11_s1101a_raw_nemo_buffer_000136-vad_percentile_rms-0000-0001-550084,s11,s1101a,,0,5.063886082622579
s1101a:s11_s1101a_raw_nemo_buffer_000137-vad_percentile_rms-0000-0000-555760,s11,s1101a,,0,-12.879556593748745
s1101a:s11_s1101a_raw_nemo_buffer_000137-vad_percentile_rms-0000-0001-556836,s11,s1101a,37,1,1.9590409422568786
s1101a:s11_s1101a_raw_nemo_buffer_000137-vad_percentile_rms-0000-0002-558804,s11,s1101a,,0,18.142179569287514
s1101a:s11_s1101a_raw_nemo_buffer_000138-vad_percentile_rms-0000-0000-562904,s11,s1101a,,0,0.6321108722303617
s1101a:s11_s1101a_raw_nemo_buffer_000138-vad_percentile_rms-0000-0001-566380,s11,s1101a,,0,13.456700052281388
s1101a:s11_s1101a_raw_nemo_buffer_000139-vad_percentile_rms-0000-0000-566668,s11,s1101a,,0,2.714665762069468
s1101a:s11_s1101a_raw_nemo_buffer_000139-vad_percentile_rms-0000-0001-567800,s11,s1101a,,0,17.097064711584277
s1101a:s11_s1101a_raw_nemo_buffer_000140-vad_percentile_rms-0000-0000-567984,s11,s1101a,,0,-16.506639812820428
s1101a:s11_s1101a_raw_nemo_buffer_000140-vad_percentile_rms-0000-0001-569844,s11,s1101a,,0,13.110711436462829
s1101a:s11_s1101a_raw_nemo_buffer_000141-vad_percentile_rms-0000-0000-571088,s11,s1101a,,0,-32.248913331492446
s1101a:s11_s1101a_raw_nemo_buffer_000141-vad_percentile_rms-0000-0001-572440,s11,s1101a,,0,12.285176340042295
s1101a:s11_s1101a_raw_nemo_buffer_000142-vad_percentile_rms-0000-0000-572792,s11,s1101a,,0,-27.54890931042979
s1101a:s11_s1101a_raw_nemo_buffer_000142-vad_percentile_rms-0000-0001-573880,s11,s1101a,19,1,31.048302089487766
s1101a:s11_s1101a_raw_nemo_buffer_000142-vad_percentile_rms-0000-0002-573924,s11,s1101a,-25,1,0.9354482655363583
s1101a:s11_s1101a_raw_nemo_buffer_000142-vad_percentile_rms-0000-0003-575128,s11,s1101a,,0,19.62878705926304
s1101a:s11_s1101a_raw_nemo_buffer_000143-vad_percentile_rms-0000-0000-575672,s11,s1101a,,0,-3.0935324241509257
s1101a:s11_s1101a_raw_nemo_buffer_000143-vad_percentile_rms-0000-0001-577272,s11,s1101a,57,1,47.11102876622907
s1101a:s11_s1101a_raw_nemo_buffer_000143-vad_percentile_rms-0000-0002-578956,s11,s1101a,42,1,35.41121551487526
s1101a:s11_s1101a_raw_nemo_buffer_000143-vad_percentile_rms-0000-0003-579060,s11,s1101a,-62,1,-23.591052121522825
s1101a:s11_s1101a_raw_nemo_buffer_000143-vad_percentile_rms-0000-0005-581080,s11,s1101a,,0,20.77686466418594
s1101a:s11_s1101a_raw_nemo_buffer_000144-vad_percentile_rms-0000-0000-581800,s11,s1101a,-19,1,-2.9832710618859224
s1101a:s11_s1101a_raw_nemo_buffer_000144-vad_percentile_rms-0000-0001-584204,s11,s1101a,,0,8.301449222872867
s1101a:s11_s1101a_raw_nemo_buffer_000144-vad_percentile_rms-0000-0002-584420,s11,s1101a,,0,24.24213530462651
s1101a:s11_s1101a_raw_nemo_buffer_000145-vad_percentile_rms-0000-0000-584676,s11,s1101a,,0,12.032669004823678
s1101a:s11_s1101a_raw_nemo_buffer_000145-vad_percentile_rms-0000-0001-585284,s11,s1101a,,0,0.6282304209162906
s1101a:s11_s1101a_raw_nemo_buffer_000146-vad_percentile_rms-0000-0000-586872,s11,s1101a,,0,-22.72617173666139
s1101a:s11_s1101a_raw_nemo_buffer_000146-vad_percentile_rms-0000-0001-588392,s11,s1101a,,0,18.847092315652034
s1101a:s11_s1101a_raw_nemo_buffer_000147-vad_percentile_rms-0000-0000-590452,s11,s1101a,,0,4.215455537736642
s1101a:s11_s1101a_raw_nemo_buffer_000147-vad_percentile_rms-0000-0001-592332,s11,s1101a,,0,25.33069475164649
s1101a:s11_s1101a_raw_nemo_buffer_000148-vad_percentile_rms-0000-0000-594188,s11,s1101a,-20,1,-15.34870674027388
s1101a:s11_s1101a_raw_nemo_buffer_000148-vad_percentile_rms-0000-0001-594988,s11,s1101a,,0,11.770149272106442
s1101a:s11_s1101a_raw_nemo_buffer_000149-vad_percentile_rms-0000-0000-595160,s11,s1101a,,0,-28.858224245396396
s1101a:s11_s1101a_raw_nemo_buffer_000149-vad_percentile_rms-0000-0001-596380,s11,s1101a,37,1,38.22733785443746
s1101a:s11_s1101a_raw_nemo_buffer_000150-vad_percentile_rms-0000-0000-597948,s11,s1101a,,0,-3.8369359740958835
s1101a:s11_s1101a_raw_nemo_buffer_000150-vad_percentile_rms-0000-0001-598420,s11,s1101a,,0,16.454627763092613
s1601a:s16_s1601a_raw_nemo_buffer_000001-vad_percentile_rms-0000-0000-8020,s16,s1601a,,0,-21.474735991039466
s1601a:s16_s1601a_raw_nemo_buffer_000001-vad_percentile_rms-0000-0001-9644,s16,s1601a,,0,11.343391861063305
s1601a:s16_s1601a_raw_nemo_buffer_000002-vad_percentile_rms-0000-0000-30188,s16,s1601a,,0,1.5112663230836123
s1601a:s16_s1601a_raw_nemo_buffer_000003-vad_percentile_rms-0000-0000-30792,s16,s1601a,,0,-15.7549343978311
s1601a:s16_s1601a_raw_nemo_buffer_000003-vad_percentile_rms-0000-0001-32148,s16,s1601a,,0,-1.0627201022788793
s1601a:s16_s1601a_raw_nemo_buffer_000004-vad_percentile_rms-0000-0000-33172,s16,s1601a,,0,-10.604565880245314
s1601a:s16_s1601a_raw_nemo_buffer_000005-vad_percentile_rms-0000-0000-37172,s16,s1601a,,0,8.112830715399815
s1601a:s16_s1601a_raw_nemo_buffer_000005-vad_percentile_rms-0000-0001-38348,s16,s1601a,12,1,-6.51863473136172
s1601a:s16_s1601a_raw_nemo_buffer_000005-vad_percentile_rms-0000-0002-41564,s16,s1601a,,0,14.067996099709099
s1601a:s16_s1601a_raw_nemo_buffer_000006-vad_percentile_rms-0000-0000-42264,s16,s1601a,,0,-21.072256303511587
s1601a:s16_s1601a_raw_nemo_buffer_000007-vad_percentile_rms-0000-0000-44280,s16,s1601a,,0,-17.178015721926645
s1601a:s16_s1601a_raw_nemo_buffer_000007-vad_percentile_rms-0000-0001-45068,s16,s1601a,,0,4.829450377353538
s1601a:s16_s1601a_raw_nemo_buffer_000008-vad_percentile_rms-0000-0000-45708,s16,s1601a,,0,-18.14662819276886
s1601a:s16_s1601a_raw_nemo_buffer_000008-vad_percentile_rms-0000-0001-50396,s16,s1601a,86,1,26.78360689404705
s1601a:s16_s1601a_raw_nemo_buffer_000008-vad_percentile_rms-0000-0002-50496,s16,s1601a,-14,1,-19.07265412765791
s1601a:s16_s1601a_raw_nemo_buffer_000008-vad_percentile_rms-0000-0003-52872,s16,s1601a,,0,15.331557286884472
s1601a:s16_s1601a_raw_nemo_buffer_000009-vad_percentile_rms-0000-0000-53536,s16,s1601a,,0,-16.43616004585828
s1601a:s16_s1601a_raw_nemo_buffer_000009-vad_percentile_rms-0000-0001-56624,s16,s1601a,-7,1,22.843192878096644
s1601a:s16_s1601a_raw_nemo_buffer_000009-vad_percentile_rms-0000-0003-60284,s16,s1601a,100,1,22.983022643184086
s1601a:s16_s1601a_raw_nemo_buffer_000009-vad_percentile_rms-0000-0004-64044,s16,s1601a,,0,39.09442696438603
s1601a:s16_s1601a_raw_nemo_buffer_000010-vad_percentile_rms-0000-0000-64328,s16,s1601a,,0,-19.264114597901045
s1601a:s16_s1601a_raw_nemo_buffer_000010-vad_percentile_rms-0000-0001-66312,s16,s1601a,,0,20.55926938893923
s1601a:s16_s1601a_raw_nemo_buffer_000011-vad_percentile_rms-0000-0000-66580,s16,s1601a,,0,4.142410198049925
s1601a:s16_s1601a_raw_nemo_buffer_000011-vad_percentile_rms-0000-0001-67916,s16,s1601a,,0,16.22585877379361
s1601a:s16_s1601a_raw_nemo_buffer_000012-vad_percentile_rms-0000-0000-68328,s16,s1601a,,0,3.1451655264152443
s1601a:s16_s1601a_raw_nemo_buffer_000012-vad_percentile_rms-0000-0001-69476,s16,s1601a,,0,17.20850961194099
s1601a:s16_s1601a_raw_nemo_buffer_000013-vad_percentile_rms-0000-0000-70904,s16,s1601a,,0,-5.472191168056604
s1601a:s16_s1601a_raw_nemo_buffer_000013-vad_percentile_rms-0000-0001-75940,s16,s1601a,,0,17.0558306348559
s1601a:s16_s1601a_raw_nemo_buffer_000014-vad_percentile_rms-0000-0000-76464,s16,s1601a,,0,-1.52744824992015
s1601a:s16_s1601a_raw_nemo_buffer_000014-vad_percentile_rms-0000-0001-77032,s16,s1601a,,0,9.226330923476288
s1601a:s16_s1601a_raw_nemo_buffer_000015-vad_percentile_rms-0000-0000-79172,s16,s1601a,,0,-9.570937900454322
s1601a:s16_s1601a_raw_nemo_buffer_000015-vad_percentile_rms-0000-0001-82068,s16,s1601a,69,1,66.61730246490453
s1601a:s16_s1601a_raw_nemo_buffer_000015-vad_percentile_rms-0000-0002-84140,s16,s1601a,52,1,84.78991291164087
s1601a:s16_s1601a_raw_nemo_buffer_000015-vad_percentile_rms-0000-0003-88316,s16,s1601a,-31,1,7.298897991584904
s1601a:s16_s1601a_raw_nemo_buffer_000015-vad_percentile_rms-0000-0004-88636,s16,s1601a,,0,15.084370178005678
s1601a:s16_s1601a_raw_nemo_buffer_000016-vad_percentile_rms-0000-0000-92028,s16,s1601a,,0,-1.5315871954769662
s1601a:s16_s1601a_raw_nemo_buffer_000016-vad_percentile_rms-0000-0001-96428,s16,s1601a,,0,8.97426294703661
s1601a:s16_s1601a_raw_nemo_buffer_000017-vad_percentile_rms-0000-0000-97032,s16,s1601a,-14,1,-34.337468763097405
s1601a:s16_s1601a_raw_nemo_buffer_000017-vad_percentile_rms-0000-0001-98840,s16,s1601a,23,1,4.632989515223926
s1601a:s16_s1601a_raw_nemo_buffer_000017-vad_percentile_rms-0000-0002-102236,s16,s1601a,,0,20.716459688784504
s1601a:s16_s1601a_raw_nemo_buffer_000018-vad_percentile_rms-0000-0000-102740,s16,s1601a,,0,2.900238990412899
s1601a:s16_s1601a_raw_nemo_buffer_000018-vad_percentile_rms-0000-0001-106920,s16,s1601a,,0,6.280640887269832
s1601a:s16_s1601a_raw_nemo_buffer_000019-vad_percentile_rms-0000-0000-107212,s16,s1601a,,0,-24.847200080606523
s1601a:s16_s1601a_raw_nemo_buffer_000019-vad_percentile_rms-0000-0001-107868,s16,s1601a,-86,1,-10.333563045805587
s1601a:s16_s1601a_raw_nemo_buffer_000019-vad_percentile_rms-0000-0002-108416,s16,s1601a,,0,14.19967856292832
s1601a:s16_s1601a_raw_nemo_buffer_000020-vad_percentile_rms-0000-0000-108608,s16,s1601a,-48,1,-44.16466863295557
s1601a:s16_s1601a_raw_nemo_buffer_000020-vad_percentile_rms-0000-0001-109404,s16,s1601a,65,1,44.98927280089649
s1601a:s16_s1601a_raw_nemo_buffer_000020-vad_percentile_rms-0000-0002-111112,s16,s1601a,19,1,-7.81090477771906
s1601a:s16_s1601a_raw_nemo_buffer_000020-vad_percentile_rms-0000-0003-113148,s16,s1601a,,0,3.317273212758254
s1601a:s16_s1601a_raw_nemo_buffer_000021-vad_percentile_rms-0000-0000-113436,s16,s1601a,,0,-3.8379076807753254
s1601a:s16_s1601a_raw_nemo_buffer_000021-vad_percentile_rms-0000-0001-116152,s16,s1601a,,0,9.43590706928317
s1601a:s16_s1601a_raw_nemo_buffer_000022-vad_percentile_rms-0000-0000-116660,s16,s1601a,,0,-9.845837560712205
s1601a:s16_s1601a_raw_nemo_buffer_000022-vad_percentile_rms-0000-0001-118364,s16,s1601a,46,1,51.43104436015916
s1601a:s16_s1601a_raw_nemo_buffer_000022-vad_percentile_rms-0000-0002-124480,s16,s1601a,,0,36.97886499518948
s1601a:s16_s1601a_raw_nemo_buffer_000023-vad_percentile_rms-0000-0000-124876,s16,s1601a,,0,-25.336098393192305
s1601a:s16_s1601a_raw_nemo_buffer_000023-vad_percentile_rms-0000-0001-129256,s16,s1601a,,0,16.60948834512328
s1601a:s16_s1601a_raw_nemo_buffer_000024-vad_percentile_rms-0000-0000-129592,s16,s1601a,,0,4.8623446683197376
s1601a:s16_s1601a_raw_nemo_buffer_000024-vad_percentile_rms-0000-0001-131272,s16,s1601a,32,1,36.77692625808143
s1601a:s16_s1601a_raw_nemo_buffer_000024-vad_percentile_rms-0000-0002-135396,s16,s1601a,,0,2.972405123177107
s1601a:s16_s1601a_raw_nemo_buffer_000025-vad_percentile_rms-0000-0000-135736,s16,s1601a,,0,-12.092037148830755
s1601a:s16_s1601a_raw_nemo_buffer_000025-vad_percentile_rms-0000-0001-138984,s16,s1601a,,0,21.88045318144405
s1601a:s16_s1601a_raw_nemo_buffer_000026-vad_percentile_rms-0000-0000-139228,s16,s1601a,,0,-3.1341235871954485
s1601a:s16_s1601a_raw_nemo_buffer_000026-vad_percentile_rms-0000-0001-142220,s16,s1601a,,0,10.172796212975577
s1601a:s16_s1601a_raw_nemo_buffer_000027-vad_percentile_rms-0000-0000-142416,s16,s1601a,,0,-17.87921480808891
s1601a:s16_s1601a_raw_nemo_buffer_000027-vad_percentile_rms-0000-0001-143820,s16,s1601a,,0,4.7819294584280305
s1601a:s16_s1601a_raw_nemo_buffer_000028-vad_percentile_rms-0000-0000-143968,s16,s1601a,,0,-0.9434168318030949
s1601a:s16_s1601a_raw_nemo_buffer_000028-vad_percentile_rms-0000-0001-145624,s16,s1601a,-10,1,17.06758763435628
s1601a:s16_s1601a_raw_nemo_buffer_000028-vad_percentile_rms-0000-0002-147188,s16,s1601a,77,1,45.00432153083396
s1601a:s16_s1601a_raw_nemo_buffer_000028-vad_percentile_rms-0000-0003-149164,s16,s1601a,54,1,1.9041152798964385
s1601a:s16_s1601a_raw_nemo_buffer_000029-vad_percentile_rms-0000-0000-152736,s16,s1601a,,0,-11.020090778304983
s1601a:s16_s1601a_raw_nemo_buffer_000029-vad_percentile_rms-0000-0001-153324,s16,s1601a,,0,10.760401009774078
s1601a:s16_s1601a_raw_nemo_buffer_000030-vad_percentile_rms-0000-0000-156680,s16,s1601a,,0,-8.86678154857129
s1601a:s16_s1601a_raw_nemo_buffer_000030-vad_percentile_rms-0000-0001-158060,s16,s1601a,,0,14.597908515232232
s1601a:s16_s1601a_raw_nemo_buffer_000031-vad_percentile_rms-0000-0000-158316,s16,s1601a,,0,-41.266737731163076
s1601a:s16_s1601a_raw_nemo_buffer_000031-vad_percentile_rms-0000-0001-158876,s16,s1601a,,0,-7.373426296798616
s1601a:s16_s1601a_raw_nemo_buffer_000032-vad_percentile_rms-0000-0000-159512,s16,s1601a,,0,-35.005680079201596
s1601a:s16_s1601a_raw_nemo_buffer_000032-vad_percentile_rms-0000-0001-163980,s16,s1601a,,0,25.628681005851224
s1601a:s16_s1601a_raw_nemo_buffer_000033-vad_percentile_rms-0000-0000-164452,s16,s1601a,,0,-18.489487207758188
s1601a:s16_s1601a_raw_nemo_buffer_000033-vad_percentile_rms-0000-0001-165256,s16,s1601a,,0,-0.6528554270390554
s1601a:s16_s1601a_raw_nemo_buffer_000034-vad_percentile_rms-0000-0001-167884,s16,s1601a,,0,-3.358795253022233
s1601a:s16_s1601a_raw_nemo_buffer_000035-vad_percentile_rms-0000-0000-169768,s16,s1601a,,0,18.183137436974096
s1601a:s16_s1601a_raw_nemo_buffer_000035-vad_percentile_rms-0000-0001-171660,s16,s1601a,,0,6.305468549348452
s1601a:s16_s1601a_raw_nemo_buffer_000036-vad_percentile_rms-0000-0000-172168,s16,s1601a,,0,-8.724848389259957
s1601a:s16_s1601a_raw_nemo_buffer_000036-vad_percentile_rms-0000-0001-173076,s16,s1601a,100,1,-9.354278056654259
s1601a:s16_s1601a_raw_nemo_buffer_000036-vad_percentile_rms-0000-0004-175264,s16,s1601a,,0,11.599858003762716
s1601a:s16_s1601a_raw_nemo_buffer_000037-vad_percentile_rms-0000-0000-175852,s16,s1601a,,0,10.010149615230272
s1601a:s16_s1601a_raw_nemo_buffer_000038-vad_percentile_rms-0000-0000-176020,s16,s1601a,,0,-5.506261510598341
s1601a:s16_s1601a_raw_nemo_buffer_000038-vad_percentile_rms-0000-0001-178444,s16,s1601a,42,1,6.479522212903587
s1601a:s16_s1601a_raw_nemo_buffer_000038-vad_percentile_rms-0000-0002-179512,s16,s1601a,,0,2.465828484160502
s1601a:s16_s1601a_raw_nemo_buffer_000039-vad_percentile_rms-0000-0000-179700,s16,s1601a,,0,-8.589847026576418
s1601a:s16_s1601a_raw_nemo_buffer_000039-vad_percentile_rms-0000-0001-179916,s16,s1601a,,0,-8.24563897495998
s1601a:s16_s1601a_raw_nemo_buffer_000039-vad_percentile_rms-0000-0002-181264,s16,s1601a,75,1,16.771992859108888
s1601a:s16_s1601a_raw_nemo_buffer_000039-vad_percentile_rms-0000-0003-182164,s16,s1601a,,0,6.472523774286262
s1601a:s16_s1601a_raw_nemo_buffer_000040-vad_percentile_rms-0000-0000-183096,s16,s1601a,,0,-7.0227597519003755
s1601a:s16_s1601a_raw_nemo_buffer_000040-vad_percentile_rms-0000-0001-185484,s16,s1601a,,0,4.758020661972884
s1601a:s16_s1601a_raw_nemo_buffer_000041-vad_percentile_rms-0000-0000-186484,s16,s1601a,,0,2.232108971186628
s1601a:s16_s1601a_raw_nemo_buffer_000041-vad_percentile_rms-0000-0001-187544,s16,s1601a,,0,12.984393431333668
s1601a:s16_s1601a_raw_nemo_buffer_000042-vad_percentile_rms-0000-0000-188144,s16,s1601a,-32,1,-11.242154451594775
s1601a:s16_s1601a_raw_nemo_buffer_000042-vad_percentile_rms-0000-0001-189480,s16,s1601a,,0,16.78871651678879
s1601a:s16_s1601a_raw_nemo_buffer_000043-vad_percentile_rms-0000-0000-190508,s16,s1601a,,0,0.22384501979564853
s1601a:s16_s1601a_raw_nemo_buffer_000043-vad_percentile_rms-0000-0001-192260,s16,s1601a,35,1,30.223322917399496
s1601a:s16_s1601a_raw_nemo_buffer_000043-vad_percentile_rms-0000-0002-194000,s16,s1601a,100,1,45.17369575171617
s1601a:s16_s1601a_raw_nemo_buffer_000043-vad_percentile_rms-0000-0003-194424,s16,s1601a,67,1,39.31830216179161
s1601a:s16_s1601a_raw_nemo_buffer_000043-vad_percentile_rms-0000-0004-195168,s16,s1601a,100,1,-11.872478941125898
s1601a:s16_s1601a_raw_nemo_buffer_000043-vad_percentile_rms-0000-0006-198124,s16,s1601a,,0,-1.1454458198807966
s1601a:s16_s1601a_raw_nemo_buffer_000044-vad_percentile_rms-0000-0000-198940,s16,s1601a,,0,1.833212601808353
s1601a:s16_s1601a_raw_nemo_buffer_000044-vad_percentile_rms-0000-0001-204044,s16,s1601a,,0,27.586741541282894
s1601a:s16_s1601a_raw_nemo_buffer_000045-vad_percentile_rms-0000-0000-204744,s16,s1601a,,0,-12.608253275861443
s1601a:s16_s1601a_raw_nemo_buffer_000045-vad_percentile_rms-0000-0001-205548,s16,s1601a,,0,19.141396836454142
s1601a:s16_s1601a_raw_nemo_buffer_000046-vad_percentile_rms-0000-0000-205764,s16,s1601a,,0,-19.245548341309863
s1601a:s16_s1601a_raw_nemo_buffer_000046-vad_percentile_rms-0000-0001-208076,s16,s1601a,,0,13.802638552562788
s1601a:s16_s1601a_raw_nemo_buffer_000047-vad_percentile_rms-0000-0001-209548,s16,s1601a,,0,10.255968080510717
s1601a:s16_s1601a_raw_nemo_buffer_000048-vad_percentile_rms-0000-0000-209820,s16,s1601a,,0,-9.781711773844556
s1601a:s16_s1601a_raw_nemo_buffer_000048-vad_percentile_rms-0000-0001-212076,s16,s1601a,,0,16.377686548531116
s1601a:s16_s1601a_raw_nemo_buffer_000049-vad_percentile_rms-0000-0001-213388,s16,s1601a,,0,10.76266778134934
s1601a:s16_s1601a_raw_nemo_buffer_000050-vad_percentile_rms-0000-0000-213836,s16,s1601a,-20,1,-0.7597725757115708
s1601a:s16_s1601a_raw_nemo_buffer_000050-vad_percentile_rms-0000-0001-215592,s16,s1601a,,0,3.681728228360506
s1601a:s16_s1601a_raw_nemo_buffer_000051-vad_percentile_rms-0000-0000-215812,s16,s1601a,,0,-30.71302723020324
s1601a:s16_s1601a_raw_nemo_buffer_000051-vad_percentile_rms-0000-0001-221600,s16,s1601a,,0,27.450809471950237
s1601a:s16_s1601a_raw_nemo_buffer_000052-vad_percentile_rms-0000-0000-222140,s16,s1601a,,0,-15.307920668307577
s1601a:s16_s1601a_raw_nemo_buffer_000052-vad_percentile_rms-0000-0001-223532,s16,s1601a,,0,10.682436633110486
s1601a:s16_s1601a_raw_nemo_buffer_000053-vad_percentile_rms-0000-0000-223964,s16,s1601a,,0,-2.823500104994846
s1601a:s16_s1601a_raw_nemo_buffer_000053-vad_percentile_rms-0000-0001-228552,s16,s1601a,,0,17.795189759549686
s1601a:s16_s1601a_raw_nemo_buffer_000054-vad_percentile_rms-0000-0000-232592,s16,s1601a,,0,-2.4269008359712565
s1601a:s16_s1601a_raw_nemo_buffer_000054-vad_percentile_rms-0000-0001-234380,s16,s1601a,,0,4.628009309602883
s1601a:s16_s1601a_raw_nemo_buffer_000055-vad_percentile_rms-0000-0001-235180,s16,s1601a,,0,11.840136167948556
s1601a:s16_s1601a_raw_nemo_buffer_000056-vad_percentile_rms-0000-0000-236028,s16,s1601a,-12,1,-24.28810266392949
s1601a:s16_s1601a_raw_nemo_buffer_000056-vad_percentile_rms-0000-0001-238332,s16,s1601a,,0,5.509255226036499
s1601a:s16_s1601a_raw_nemo_buffer_000057-vad_percentile_rms-0000-0000-238624,s16,s1601a,,0,-19.218610125563487
s1601a:s16_s1601a_raw_nemo_buffer_000057-vad_percentile_rms-0000-0001-242360,s16,s1601a,,0,13.562123259384713
s1601a:s16_s1601a_raw_nemo_buffer_000058-vad_percentile_rms-0000-0000-243032,s16,s1601a,,0,2.6535711228259924
s1601a:s16_s1601a_raw_nemo_buffer_000058-vad_percentile_rms-0000-0001-243852,s16,s1601a,,0,5.233501735382173
s1601a:s16_s1601a_raw_nemo_buffer_000059-vad_percentile_rms-0000-0000-244088,s16,s1601a,-7,1,-21.563383839421874
s1601a:s16_s1601a_raw_nemo_buffer_000059-vad_percentile_rms-0000-0001-244856,s16,s1601a,25,1,-27.00878225668684
s1601a:s16_s1601a_raw_nemo_buffer_000059-vad_percentile_rms-0000-0002-246532,s16,s1601a,39,1,-4.785042532897679
s1601a:s16_s1601a_raw_nemo_buffer_000059-vad_percentile_rms-0000-0003-248172,s16,s1601a,,0,14.764896818911208
s1601a:s16_s1601a_raw_nemo_buffer_000060-vad_percentile_rms-0000-0000-249076,s16,s1601a,,0,-14.202496553488512
s1601a:s16_s1601a_raw_nemo_buffer_000060-vad_percentile_rms-0000-0001-250468,s16,s1601a,57,1,53.76467575838609
s1601a:s16_s1601a_raw_nemo_buffer_000060-vad_percentile_rms-0000-0002-252032,s16,s1601a,,0,12.866677952278234
s1601a:s16_s1601a_raw_nemo_buffer_000061-vad_percentile_rms-0000-0000-252352,s16,s1601a,,0,-3.6380069128922354
s1601a:s16_s1601a_raw_nemo_buffer_000061-vad_percentile_rms-0000-0001-253664,s16,s1601a,,0,3.8157684874625373
s1601a:s16_s1601a_raw_nemo_buffer_000062-vad_percentile_rms-0000-0000-253888,s16,s1601a,,0,3.3800987769326696
s1601a:s16_s1601a_raw_nemo_buffer_000062-vad_percentile_rms-0000-0001-256800,s16,s1601a,,0,15.959262435076088
s1601a:s16_s1601a_raw_nemo_buffer_000063-vad_percentile_rms-0000-0000-257372,s16,s1601a,,0,-5.932011205064613
s1601a:s16_s1601a_raw_nemo_buffer_000063-vad_percentile_rms-0000-0001-260360,s16,s1601a,,0,20.09528656377313
s1601a:s16_s1601a_raw_nemo_buffer_000064-vad_percentile_rms-0000-0000-260868,s16,s1601a,,0,-4.72529038975963
s1601a:s16_s1601a_raw_nemo_buffer_000064-vad_percentile_rms-0000-0001-262380,s16,s1601a,,0,5.925099225730742
s1601a:s16_s1601a_raw_nemo_buffer_000065-vad_percentile_rms-0000-0000-262844,s16,s1601a,,0,0.9793023936240601
s1601a:s16_s1601a_raw_nemo_buffer_000065-vad_percentile_rms-0000-0001-263596,s16,s1601a,,0,-4.90360357881916
s1601a:s16_s1601a_raw_nemo_buffer_000066-vad_percentile_rms-0000-0000-263820,s16,s1601a,-13,1,-6.775719744047466
s1601a:s16_s1601a_raw_nemo_buffer_000066-vad_percentile_rms-0000-0001-265064,s16,s1601a,,0,24.355995176876814
s1601a:s16_s1601a_raw_nemo_buffer_000067-vad_percentile_rms-0000-0000-265444,s16,s1601a,,0,-13.208240717769538
s1601a:s16_s1601a_raw_nemo_buffer_000067-vad_percentile_rms-0000-0001-269408,s16,s1601a,,0,18.018871902610428
s1601a:s16_s1601a_raw_nemo_buffer_000068-vad_percentile_rms-0000-0000-269952,s16,s1601a,,0,-9.439392232378879
s1601a:s16_s1601a_raw_nemo_buffer_000068-vad_percentile_rms-0000-0001-270624,s16,s1601a,-65,1,-1.7668577898419606
s1601a:s16_s1601a_raw_nemo_buffer_000068-vad_percentile_rms-0000-0002-274180,s16,s1601a,45,1,8.783584643274187
s1601a:s16_s1601a_raw_nemo_buffer_000068-vad_percentile_rms-0000-0003-279500,s16,s1601a,,0,-0.2156099594429346
s1601a:s16_s1601a_raw_nemo_buffer_000069-vad_percentile_rms-0000-0000-279676,s16,s1601a,,0,-13.768326122572208
s1601a:s16_s1601a_raw_nemo_buffer_000069-vad_percentile_rms-0000-0001-280124,s16,s1601a,,0,1.782249566040286
s1601a:s16_s1601a_raw_nemo_buffer_000070-vad_percentile_rms-0000-0000-280732,s16,s1601a,,0,-14.990595784405546
s1601a:s16_s1601a_raw_nemo_buffer_000071-vad_percentile_rms-0000-0000-284864,s16,s1601a,,0,0.3115577476372762
s1601a:s16_s1601a_raw_nemo_buffer_000071-vad_percentile_rms-0000-0001-286860,s16,s1601a,,0,9.407937655539433
s1601a:s16_s1601a_raw_nemo_buffer_000072-vad_percentile_rms-0000-0000-287056,s16,s1601a,,0,-2.456165464916328
s1601a:s16_s1601a_raw_nemo_buffer_000073-vad_percentile_rms-0000-0000-289628,s16,s1601a,,0,-13.32172352994139
s1601a:s16_s1601a_raw_nemo_buffer_000073-vad_percentile_rms-0000-0001-291436,s16,s1601a,,0,13.303600449654509
s1601a:s16_s1601a_raw_nemo_buffer_000074-vad_percentile_rms-0000-0000-292608,s16,s1601a,,0,-18.357056971822495
s1601a:s16_s1601a_raw_nemo_buffer_000074-vad_percentile_rms-0000-0001-296112,s16,s1601a,,0,10.823077430236212
s1601a:s16_s1601a_raw_nemo_buffer_000075-vad_percentile_rms-0000-0000-296372,s16,s1601a,,0,12.029094057996184
s1601a:s16_s1601a_raw_nemo_buffer_000075-vad_percentile_rms-0000-0001-302324,s16,s1601a,,0,8.685637703799921
s1601a:s16_s1601a_raw_nemo_buffer_000076-vad_percentile_rms-0000-0000-303260,s16,s1601a,,0,-15.26819401533254
s1601a:s16_s1601a_raw_nemo_buffer_000076-vad_percentile_rms-0000-0001-307652,s16,s1601a,,0,10.912165234134605
s1601a:s16_s1601a_raw_nemo_buffer_000077-vad_percentile_rms-0000-0000-312536,s16,s1601a,,0,15.174580310454148
s1601a:s16_s1601a_raw_nemo_buffer_000078-vad_percentile_rms-0000-0000-313272,s16,s1601a,,0,-7.473060287358679
s1601a:s16_s1601a_raw_nemo_buffer_000079-vad_percentile_rms-0000-0000-316688,s16,s1601a,,0,-30.44780975075898
s1601a:s16_s1601a_raw_nemo_buffer_000079-vad_percentile_rms-0000-0001-317168,s16,s1601a,13,1,-8.816708058903338
s1601a:s16_s1601a_raw_nemo_buffer_000079-vad_percentile_rms-0000-0002-318704,s16,s1601a,19,1,-15.396458512898029
s1601a:s16_s1601a_raw_nemo_buffer_000079-vad_percentile_rms-0000-0003-321868,s16,s1601a,,0,18.546674756945663
s1601a:s16_s1601a_raw_nemo_buffer_000080-vad_percentile_rms-0000-0000-322352,s16,s1601a,,0,29.00414575392555
s1601a:s16_s1601a_raw_nemo_buffer_000080-vad_percentile_rms-0000-0001-322856,s16,s1601a,,0,12.46125539545913
s1601a:s16_s1601a_raw_nemo_buffer_000081-vad_percentile_rms-0000-0000-323284,s16,s1601a,-23,1,-26.88659128492156
s1601a:s16_s1601a_raw_nemo_buffer_000082-vad_percentile_rms-0000-0000-325996,s16,s1601a,47,1,50.442638176869394
s1601a:s16_s1601a_raw_nemo_buffer_000082-vad_percentile_rms-0000-0001-327372,s16,s1601a,,0,13.775102237851787
s1601a:s16_s1601a_raw_nemo_buffer_000083-vad_percentile_rms-0000-0000-328100,s16,s1601a,-11,1,-26.835819446056423
s1601a:s16_s1601a_raw_nemo_buffer_000083-vad_percentile_rms-0000-0001-329728,s16,s1601a,-21,1,-44.065358369401665
s1601a:s16_s1601a_raw_nemo_buffer_000083-vad_percentile_rms-0000-0002-331212,s16,s1601a,,0,11.62114288765003
s1601a:s16_s1601a_raw_nemo_buffer_000084-vad_percentile_rms-0000-0000-332692,s16,s1601a,,0,3.869154852094309
s1601a:s16_s1601a_raw_nemo_buffer_000084-vad_percentile_rms-0000-0001-337324,s16,s1601a,,0,8.215193898637315
s1601a:s16_s1601a_raw_nemo_buffer_000085-vad_percentile_rms-0000-0000-337820,s16,s1601a,-44,1,-13.625244184168771
s1601a:s16_s1601a_raw_nemo_buffer_000085-vad_percentile_rms-0000-0001-340260,s16,s1601a,,0,23.858028981773195
s1601a:s16_s1601a_raw_nemo_buffer_000086-vad_percentile_rms-0000-0000-340460,s16,s1601a,-28,1,-9.714716226248921
s1601a:s16_s1601a_raw_nemo_buffer_000086-vad_percentile_rms-0000-0001-342560,s16,s1601a,,0,15.616321020473546
s1601a:s16_s1601a_raw_nemo_buffer_000087-vad_percentile_rms-0000-0000-343140,s16,s1601a,,0,-10.074556755870493
s1601a:s16_s1601a_raw_nemo_buffer_000087-vad_percentile_rms-0000-0001-343912,s16,s1601a,,0,-6.583214618190604
s1601a:s16_s1601a_raw_nemo_buffer_000088-vad_percentile_rms-0000-0000-344696,s16,s1601a,,0,0.842082513259963
s1601a:s16_s1601a_raw_nemo_buffer_000088-vad_percentile_rms-0000-0001-346188,s16,s1601a,-9,1,25.806922985725933
s1601a:s16_s1601a_raw_nemo_buffer_000088-vad_percentile_rms-0000-0002-349984,s16,s1601a,-12,1,28.44252226995223
s1601a:s16_s1601a_raw_nemo_buffer_000088-vad_percentile_rms-0000-0003-353768,s16,s1601a,,0,9.437561650614516
s1601a:s16_s1601a_raw_nemo_buffer_000089-vad_percentile_rms-0000-0000-354196,s16,s1601a,,0,-6.193822607107911
s1601a:s16_s1601a_raw_nemo_buffer_000089-vad_percentile_rms-0000-0001-354804,s16,s1601a,,0,16.560636382393923
s1601a:s16_s1601a_raw_nemo_buffer_000090-vad_percentile_rms-0000-0000-355380,s16,s1601a,,0,-9.6402319674037
s1601a:s16_s1601a_raw_nemo_buffer_000090-vad_percentile_rms-0000-0001-358228,s16,s1601a,,0,22.692725717810845
s1601a:s16_s1601a_raw_nemo_buffer_000091-vad_percentile_rms-0000-0000-360060,s16,s1601a,,0,-15.649917842902699
s1601a:s16_s1601a_raw_nemo_buffer_000091-vad_percentile_rms-0000-0001-360588,s16,s1601a,,0,-13.245254067510718
s1601a:s16_s1601a_raw_nemo_buffer_000092-vad_percentile_rms-0000-0000-362292,s16,s1601a,,0,-19.852916517785687
s1601a:s16_s1601a_raw_nemo_buffer_000092-vad_percentile_rms-0000-0001-363136,s16,s1601a,,0,15.307237776726883
s1601a:s16_s1601a_raw_nemo_buffer_000093-vad_percentile_rms-0000-0000-363868,s16,s1601a,,0,-25.667209229035233
s1601a:s16_s1601a_raw_nemo_buffer_000093-vad_percentile_rms-0000-0001-368172,s16,s1601a,,0,5.87822734456069
s1601a:s16_s1601a_raw_nemo_buffer_000094-vad_percentile_rms-0000-0000-368452,s16,s1601a,,0,-5.8269927377256145
s1601a:s16_s1601a_raw_nemo_buffer_000094-vad_percentile_rms-0000-0001-369520,s16,s1601a,25,1,4.606207333807568
s1601a:s16_s1601a_raw_nemo_buffer_000094-vad_percentile_rms-0000-0002-370496,s16,s1601a,,0,19.250817895052634
s1601a:s16_s1601a_raw_nemo_buffer_000095-vad_percentile_rms-0000-0000-371884,s16,s1601a,,0,-23.898480525743555
s1601a:s16_s1601a_raw_nemo_buffer_000095-vad_percentile_rms-0000-0001-376268,s16,s1601a,,0,8.681350801842862
s1601a:s16_s1601a_raw_nemo_buffer_000096-vad_percentile_rms-0000-0000-377428,s16,s1601a,,0,-4.638999036806283
s1601a:s16_s1601a_raw_nemo_buffer_000096-vad_percentile_rms-0000-0001-381576,s16,s1601a,,0,18.41892416198381
s1601a:s16_s1601a_raw_nemo_buffer_000097-vad_percentile_rms-0000-0000-382064,s16,s1601a,,0,-0.776046654940167
s1601a:s16_s1601a_raw_nemo_buffer_000097-vad_percentile_rms-0000-0001-383552,s16,s1601a,5,1,30.16496570034262
s1601a:s16_s1601a_raw_nemo_buffer_000097-vad_percentile_rms-0000-0002-386152,s16,s1601a,,0,13.706206722533633
s1601a:s16_s1601a_raw_nemo_buffer_000098-vad_percentile_rms-0000-0000-386368,s16,s1601a,,0,-1.2950472560822313
s1601a:s16_s1601a_raw_nemo_buffer_000098-vad_percentile_rms-0000-0001-387952,s16,s1601a,,0,8.64979001042395
s1601a:s16_s1601a_raw_nemo_buffer_000099-vad_percentile_rms-0000-0000-388560,s16,s1601a,,0,-25.913560762246828
s1601a:s16_s1601a_raw_nemo_buffer_000099-vad_percentile_rms-0000-0001-393896,s16,s1601a,,0,18.737008779151086
s1601a:s16_s1601a_raw_nemo_buffer_000100-vad_percentile_rms-0000-0000-394332,s16,s1601a,,0,-10.220367342271228
s1601a:s16_s1601a_raw_nemo_buffer_000100-vad_percentile_rms-0000-0001-398116,s16,s1601a,,0,0.5226298118883204
s1601a:s16_s1601a_raw_nemo_buffer_000101-vad_percentile_rms-0000-0000-398316,s16,s1601a,-35,1,-27.017923503044297
s1601a:s16_s1601a_raw_nemo_buffer_000101-vad_percentile_rms-0000-0001-403308,s16,s1601a,,0,3.666260656449415
s1601a:s16_s1601a_raw_nemo_buffer_000102-vad_percentile_rms-0000-0000-403600,s16,s1601a,,0,-13.998622080791279
s1601a:s16_s1601a_raw_nemo_buffer_000102-vad_percentile_rms-0000-0001-407364,s16,s1601a,,0,5.799325617023573
s1601a:s16_s1601a_raw_nemo_buffer_000103-vad_percentile_rms-0000-0000-407764,s16,s1601a,-4,1,-12.701884771137127
s1601a:s16_s1601a_raw_nemo_buffer_000103-vad_percentile_rms-0000-0001-408132,s16,s1601a,58,1,9.034833273990532
s1601a:s16_s1601a_raw_nemo_buffer_000103-vad_percentile_rms-0000-0002-409740,s16,s1601a,,0,17.670630915889006
s1601a:s16_s1601a_raw_nemo_buffer_000104-vad_percentile_rms-0000-0000-409892,s16,s1601a,,0,-4.779673093372065
s1601a:s16_s1601a_raw_nemo_buffer_000104-vad_percentile_rms-0000-0001-411144,s16,s1601a,,0,15.807677720809977
s1601a:s16_s1601a_raw_nemo_buffer_000105-vad_percentile_rms-0000-0000-411428,s16,s1601a,,0,-9.356598665865803
s1601a:s16_s1601a_raw_nemo_buffer_000105-vad_percentile_rms-0000-0001-413484,s16,s1601a,,0,20.74848542429507
s1601a:s16_s1601a_raw_nemo_buffer_000106-vad_percentile_rms-0000-0000-413872,s16,s1601a,,0,-28.783119796482584
s1601a:s16_s1601a_raw_nemo_buffer_000106-vad_percentile_rms-0000-0001-416076,s16,s1601a,,0,18.593099163511425
s1601a:s16_s1601a_raw_nemo_buffer_000107-vad_percentile_rms-0000-0000-416648,s16,s1601a,,0,-19.314090669659244
s1601a:s16_s1601a_raw_nemo_buffer_000107-vad_percentile_rms-0000-0002-418128,s16,s1601a,12,1,-12.675615035126985
s1601a:s16_s1601a_raw_nemo_buffer_000107-vad_percentile_rms-0000-0003-421432,s16,s1601a,,0,18.601622961729362
s1601a:s16_s1601a_raw_nemo_buffer_000108-vad_percentile_rms-0000-0000-422120,s16,s1601a,,0,-18.30069799874324
s1601a:s16_s1601a_raw_nemo_buffer_000108-vad_percentile_rms-0000-0001-424448,s16,s1601a,,0,15.917041814795398
s1601a:s16_s1601a_raw_nemo_buffer_000109-vad_percentile_rms-0000-0000-424768,s16,s1601a,,0,-40.36520278468474
s1601a:s16_s1601a_raw_nemo_buffer_000109-vad_percentile_rms-0000-0001-427884,s16,s1601a,,0,9.258115296844782
s1601a:s16_s1601a_raw_nemo_buffer_000110-vad_percentile_rms-0000-0000-428356,s16,s1601a,,0,-6.50366139731177
s1601a:s16_s1601a_raw_nemo_buffer_000110-vad_percentile_rms-0000-0001-429672,s16,s1601a,,0,3.622427668412225
s1601a:s16_s1601a_raw_nemo_buffer_000111-vad_percentile_rms-0000-0000-430760,s16,s1601a,,0,-17.283925273212084
s1601a:s16_s1601a_raw_nemo_buffer_000111-vad_percentile_rms-0000-0001-431576,s16,s1601a,51,1,38.54160994819727
s1601a:s16_s1601a_raw_nemo_buffer_000111-vad_percentile_rms-0000-0002-433120,s16,s1601a,,0,6.193347796066379
s1601a:s16_s1601a_raw_nemo_buffer_000112-vad_percentile_rms-0000-0000-433404,s16,s1601a,,0,-0.9001343612605641
s1601a:s16_s1601a_raw_nemo_buffer_000112-vad_percentile_rms-0000-0001-434380,s16,s1601a,,0,3.260381010396621
s1601a:s16_s1601a_raw_nemo_buffer_000113-vad_percentile_rms-0000-0000-434528,s16,s1601a,,0,0.0479011526886417
s1601a:s16_s1601a_raw_nemo_buffer_000114-vad_percentile_rms-0000-0000-436576,s16,s1601a,,0,-8.028535886783175
s1601a:s16_s1601a_raw_nemo_buffer_000114-vad_percentile_rms-0000-0001-438776,s16,s1601a,-47,1,-9.415905808394097
s1601a:s16_s1601a_raw_nemo_buffer_000114-vad_percentile_rms-0000-0002-440800,s16,s1601a,,0,21.08823862994887
s1601a:s16_s1601a_raw_nemo_buffer_000115-vad_percentile_rms-0000-0000-441236,s16,s1601a,,0,10.528331824883654
s1601a:s16_s1601a_raw_nemo_buffer_000115-vad_percentile_rms-0000-0001-443444,s16,s1601a,100,1,17.533581005578824
s1601a:s16_s1601a_raw_nemo_buffer_000115-vad_percentile_rms-0000-0002-445280,s16,s1601a,,0,14.205022285344956
s1601a:s16_s1601a_raw_nemo_buffer_000116-vad_percentile_rms-0000-0000-445860,s16,s1601a,,0,-6.247666093854329
s1601a:s16_s1601a_raw_nemo_buffer_000116-vad_percentile_rms-0000-0001-448484,s16,s1601a,100,1,54.71846580619008
s1601a:s16_s1601a_raw_nemo_buffer_000116-vad_percentile_rms-0000-0002-450440,s16,s1601a,87,1,53.71177606534508
s1601a:s16_s1601a_raw_nemo_buffer_000116-vad_percentile_rms-0000-0003-454564,s16,s1601a,,0,13.961205481787015
s1601a:s16_s1601a_raw_nemo_buffer_000117-vad_percentile_rms-0000-0000-455508,s16,s1601a,,0,-11.932151010445082
s1601a:s16_s1601a_raw_nemo_buffer_000117-vad_percentile_rms-0000-0001-457988,s16,s1601a,21,1,7.762486928365208
s1601a:s16_s1601a_raw_nemo_buffer_000117-vad_percentile_rms-0000-0002-458360,s16,s1601a,70,1,-8.380490219361594
s1601a:s16_s1601a_raw_nemo_buffer_000117-vad_percentile_rms-0000-0003-460036,s16,s1601a,,0,16.62396715229076
s1601a:s16_s1601a_raw_nemo_buffer_000118-vad_percentile_rms-0000-0000-460852,s16,s1601a,,0,2.752424779730611
s1601a:s16_s1601a_raw_nemo_buffer_000118-vad_percentile_rms-0000-0001-462988,s16,s1601a,,0,8.941071705281798
s1601a:s16_s1601a_raw_nemo_buffer_000119-vad_percentile_rms-0000-0000-468400,s16,s1601a,,0,-25.668754713997924
s1601a:s16_s1601a_raw_nemo_buffer_000119-vad_percentile_rms-0000-0001-469128,s16,s1601a,,0,9.064167027585526
s1601a:s16_s1601a_raw_nemo_buffer_000120-vad_percentile_rms-0000-0000-470584,s16,s1601a,,0,-14.829801600412821
s1601a:s16_s1601a_raw_nemo_buffer_000120-vad_percentile_rms-0000-0002-473240,s16,s1601a,-14,1,-14.300189619707833
s1601a:s16_s1601a_raw_nemo_buffer_000120-vad_percentile_rms-0000-0003-477892,s16,s1601a,100,1,61.13617576948589
s1601a:s16_s1601a_raw_nemo_buffer_000120-vad_percentile_rms-0000-0004-478808,s16,s1601a,33,1,36.87446144406733
s1601a:s16_s1601a_raw_nemo_buffer_000120-vad_percentile_rms-0000-0005-481132,s16,s1601a,,0,9.726031351759598
s1601a:s16_s1601a_raw_nemo_buffer_000121-vad_percentile_rms-0000-0000-481396,s16,s1601a,,0,1.5501636751934837
s1601a:s16_s1601a_raw_nemo_buffer_000121-vad_percentile_rms-0000-0001-484612,s16,s1601a,,0,16.304911491851954
s1601a:s16_s1601a_raw_nemo_buffer_000122-vad_percentile_rms-0000-0000-484964,s16,s1601a,,0,3.2055091578145856
s1601a:s16_s1601a_raw_nemo_buffer_000122-vad_percentile_rms-0000-0001-487120,s16,s1601a,71,1,10.782713566463144
s1601a:s16_s1601a_raw_nemo_buffer_000122-vad_percentile_rms-0000-0002-488652,s16,s1601a,,0,22.364652216852875
s1601a:s16_s1601a_raw_nemo_buffer_000123-vad_percentile_rms-0000-0000-489076,s16,s1601a,-29,1,-15.693758823756202
s1601a:s16_s1601a_raw_nemo_buffer_000123-vad_percentile_rms-0000-0001-492780,s16,s1601a,,0,24.484242311568124
s1601a:s16_s1601a_raw_nemo_buffer_000124-vad_percentile_rms-0000-0000-493236,s16,s1601a,,0,13.136028246156965
s1601a:s16_s1601a_raw_nemo_buffer_000125-vad_percentile_rms-0000-0000-496644,s16,s1601a,-59,1,9.87997293727657
s1601a:s16_s1601a_raw_nemo_buffer_000125-vad_percentile_rms-0000-0001-498224,s16,s1601a,,0,-3.4641767684388824
s1601a:s16_s1601a_raw_nemo_buffer_000126-vad_percentile_rms-0000-0000-498592,s16,s1601a,,0,-46.76998797168312
s1601a:s16_s1601a_raw_nemo_buffer_000126-vad_percentile_rms-0000-0001-500032,s16,s1601a,,0,12.060913501757954
s1601a:s16_s1601a_raw_nemo_buffer_000127-vad_percentile_rms-0000-0000-500332,s16,s1601a,,0,-7.543036994903428
s1601a:s16_s1601a_raw_nemo_buffer_000127-vad_percentile_rms-0000-0001-500976,s16,s1601a,,0,-2.3206474039261025
s1601a:s16_s1601a_raw_nemo_buffer_000128-vad_percentile_rms-0000-0000-501384,s16,s1601a,,0,-18.953781286015307
s1601a:s16_s1601a_raw_nemo_buffer_000128-vad_percentile_rms-0000-0001-503180,s16,s1601a,21,1,23.208020561450944
s1601a:s16_s1601a_raw_nemo_buffer_000129-vad_percentile_rms-0000-0000-504736,s16,s1601a,,0,5.184345980930926
s1601a:s16_s1601a_raw_nemo_buffer_000129-vad_percentile_rms-0000-0001-506764,s16,s1601a,,0,4.690901340412367
s1601a:s16_s1601a_raw_nemo_buffer_000130-vad_percentile_rms-0000-0000-507140,s16,s1601a,,0,-16.578877084275106
s1601a:s16_s1601a_raw_nemo_buffer_000130-vad_percentile_rms-0000-0001-509276,s16,s1601a,94,1,52.323115915693776
s1601a:s16_s1601a_raw_nemo_buffer_000130-vad_percentile_rms-0000-0002-511176,s16,s1601a,,0,3.4529412645345126
s1601a:s16_s1601a_raw_nemo_buffer_000131-vad_percentile_rms-0000-0000-511760,s16,s1601a,,0,-24.839038871375205
s1601a:s16_s1601a_raw_nemo_buffer_000131-vad_percentile_rms-0000-0001-514976,s16,s1601a,,0,8.244811111629767
s1601a:s16_s1601a_raw_nemo_buffer_000132-vad_percentile_rms-0000-0000-515348,s16,s1601a,,0,-8.540771350733017
s1601a:s16_s1601a_raw_nemo_buffer_000132-vad_percentile_rms-0000-0001-517004,s16,s1601a,,0,26.91411963779292
s1601a:s16_s1601a_raw_nemo_buffer_000133-vad_percentile_rms-0000-0000-517272,s16,s1601a,,0,3.3685767244217235
s1601a:s16_s1601a_raw_nemo_buffer_000133-vad_percentile_rms-0000-0001-518124,s16,s1601a,,0,14.3758576159092
s1601a:s16_s1601a_raw_nemo_buffer_000134-vad_percentile_rms-0000-0000-518804,s16,s1601a,-23,1,-15.034540719993355
s1601a:s16_s1601a_raw_nemo_buffer_000134-vad_percentile_rms-0000-0001-519496,s16,s1601a,100,1,4.7941371980223915
s1601a:s16_s1601a_raw_nemo_buffer_000134-vad_percentile_rms-0000-0002-519624,s16,s1601a,100,1,-10.851923999462578
s1601a:s16_s1601a_raw_nemo_buffer_000134-vad_percentile_rms-0000-0003-524040,s16,s1601a,,0,6.631561315063977
s1601a:s16_s1601a_raw_nemo_buffer_000135-vad_percentile_rms-0000-0000-524856,s16,s1601a,,0,5.4006223869425725
s1601a:s16_s1601a_raw_nemo_buffer_000135-vad_percentile_rms-0000-0001-526852,s16,s1601a,,0,4.084721818039088
s1601a:s16_s1601a_raw_nemo_buffer_000136-vad_percentile_rms-0000-0000-527648,s16,s1601a,,0,-19.886298422439516
s1601a:s16_s1601a_raw_nemo_buffer_000136-vad_percentile_rms-0000-0001-530828,s16,s1601a,,0,12.608079596700218
s1601a:s16_s1601a_raw_nemo_buffer_000137-vad_percentile_rms-0000-0000-531180,s16,s1601a,,0,-6.545741128556239
s1601a:s16_s1601a_raw_nemo_buffer_000137-vad_percentile_rms-0000-0001-534916,s16,s1601a,,0,18.973062526182712
s1601a:s16_s1601a_raw_nemo_buffer_000138-vad_percentile_rms-0000-0000-540100,s16,s1601a,,0,-16.395179952270706
s1601a:s16_s1601a_raw_nemo_buffer_000139-vad_percentile_rms-0000-0001-542484,s16,s1601a,8,1,-15.416894585482137
s1601a:s16_s1601a_raw_nemo_buffer_000139-vad_percentile_rms-0000-0002-544860,s16,s1601a,10,1,1.714651176982585
s1601a:s16_s1601a_raw_nemo_buffer_000139-vad_percentile_rms-0000-0003-547492,s16,s1601a,3,1,27.74372597593057
s1601a:s16_s1601a_raw_nemo_buffer_000139-vad_percentile_rms-0000-0004-548168,s16,s1601a,,0,8.599008196164478
s1601a:s16_s1601a_raw_nemo_buffer_000140-vad_percentile_rms-0000-0000-549012,s16,s1601a,,0,-6.274833036154515
s1601a:s16_s1601a_raw_nemo_buffer_000140-vad_percentile_rms-0000-0001-552160,s16,s1601a,,0,7.714725802368057
s1601a:s16_s1601a_raw_nemo_buffer_000141-vad_percentile_rms-0000-0000-553120,s16,s1601a,-48,1,-40.933235973050046
s1601a:s16_s1601a_raw_nemo_buffer_000141-vad_percentile_rms-0000-0001-555356,s16,s1601a,,0,11.08895565528462
s1601a:s16_s1601a_raw_nemo_buffer_000142-vad_percentile_rms-0000-0000-555676,s16,s1601a,,0,-11.426701418979071
s1601a:s16_s1601a_raw_nemo_buffer_000142-vad_percentile_rms-0000-0001-558844,s16,s1601a,,0,5.209002480120616
s1601a:s16_s1601a_raw_nemo_buffer_000143-vad_percentile_rms-0000-0000-559068,s16,s1601a,,0,-3.681212170412996
s1601a:s16_s1601a_raw_nemo_buffer_000143-vad_percentile_rms-0000-0001-561800,s16,s1601a,,0,26.505582168747914
s1601a:s16_s1601a_raw_nemo_buffer_000144-vad_percentile_rms-0000-0000-562012,s16,s1601a,,0,-1.66014203119507
s1601a:s16_s1601a_raw_nemo_buffer_000145-vad_percentile_rms-0000-0000-566372,s16,s1601a,,0,6.472537999621516
s1601a:s16_s1601a_raw_nemo_buffer_000145-vad_percentile_rms-0000-0001-567256,s16,s1601a,98,1,41.12476672430557
s1601a:s16_s1601a_raw_nemo_buffer_000145-vad_percentile_rms-0000-0002-567352,s16,s1601a,2,1,67.93264786306173
s1601a:s16_s1601a_raw_nemo_buffer_000145-vad_percentile_rms-0000-0003-570828,s16,s1601a,,0,18.1505379092881
s1601a:s16_s1601a_raw_nemo_buffer_000146-vad_percentile_rms-0000-0000-571104,s16,s1601a,,0,-7.026287863646257
s1601a:s16_s1601a_raw_nemo_buffer_000146-vad_percentile_rms-0000-0001-572324,s16,s1601a,-72,1,-22.03949641376944
s1601a:s16_s1601a_raw_nemo_buffer_000146-vad_percentile_rms-0000-0002-573980,s16,s1601a,,0,13.710987972772463
s1601a:s16_s1601a_raw_nemo_buffer_000147-vad_percentile_rms-0000-0000-574868,s16,s1601a,-4,1,-4.048392480219295
s1601a:s16_s1601a_raw_nemo_buffer_000147-vad_percentile_rms-0000-0001-576204,s16,s1601a,,0,11.801350222939888
s1601a:s16_s1601a_raw_nemo_buffer_000148-vad_percentile_rms-0000-0000-577396,s16,s1601a,,0,-0.6330918888460513
s1601a:s16_s1601a_raw_nemo_buffer_000148-vad_percentile_rms-0000-0001-579004,s16,s1601a,,0,9.444460103137464
s1601a:s16_s1601a_raw_nemo_buffer_000149-vad_percentile_rms-0000-0000-579600,s16,s1601a,,0,-26.143399795243294
s1601a:s16_s1601a_raw_nemo_buffer_000149-vad_percentile_rms-0000-0001-581388,s16,s1601a,,0,10.372392199419803
s1601a:s16_s1601a_raw_nemo_buffer_000150-vad_percentile_rms-0000-0000-581812,s16,s1601a,,0,8.01745967826347
s1601a:s16_s1601a_raw_nemo_buffer_000150-vad_percentile_rms-0000-0001-584660,s16,s1601a,,0,9.997235309175734
s1601a:s16_s1601a_raw_nemo_buffer_000150-vad_percentile_rms-0000-0002-584844,s16,s1601a,,0,20.01046064166464
s1601a:s16_s1601a_raw_nemo_buffer_000151-vad_percentile_rms-0000-0000-585292,s16,s1601a,,0,-13.907918901294043
s1601a:s16_s1601a_raw_nemo_buffer_000151-vad_percentile_rms-0000-0001-585772,s16,s1601a,,0,-2.5763844049751956
s1601a:s16_s1601a_raw_nemo_buffer_000152-vad_percentile_rms-0000-0000-586284,s16,s1601a,,0,-6.648424063167706
s1601a:s16_s1601a_raw_nemo_buffer_000152-vad_percentile_rms-0000-0001-588332,s16,s1601a,,0,4.527452822364893
s1601a:s16_s1601a_raw_nemo_buffer_000153-vad_percentile_rms-0000-0000-588748,s16,s1601a,,0,-6.085869542426918
s1601a:s16_s1601a_raw_nemo_buffer_000153-vad_percentile_rms-0000-0001-590680,s16,s1601a,,0,-1.3894175623784388
s1601a:s16_s1601a_raw_nemo_buffer_000154-vad_percentile_rms-0000-0000-591940,s16,s1601a,,0,-9.540667272395268
s1601a:s16_s1601a_raw_nemo_buffer_000154-vad_percentile_rms-0000-0001-593420,s16,s1601a,,0,18.245216513115388
s1601a:s16_s1601a_raw_nemo_buffer_000155-vad_percentile_rms-0000-0000-593676,s16,s1601a,,0,-10.773760112939481
s1601a:s16_s1601a_raw_nemo_buffer_000155-vad_percentile_rms-0000-0001-597288,s16,s1601a,55,1,62.32355479014579
s1601a:s16_s1601a_raw_nemo_buffer_000155-vad_percentile_rms-0000-0002-599996,s16,s1601a,,0,6.202053409191487
s2201a:s22_s2201a_raw_nemo_buffer_000000-vad_percentile_rms-0000-0000-23608,s22,s2201a,,0,-13.650750933673535
s2201a:s22_s2201a_raw_nemo_buffer_000000-vad_percentile_rms-0000-0001-24876,s22,s2201a,,0,10.702761247857957
s2201a:s22_s2201a_raw_nemo_buffer_000002-vad_percentile_rms-0000-0000-28908,s22,s2201a,,0,11.671354664307595
s2201a:s22_s2201a_raw_nemo_buffer_000003-vad_percentile_rms-0000-0000-31436,s22,s2201a,,0,12.535033307892085
s2201a:s22_s2201a_raw_nemo_buffer_000004-vad_percentile_rms-0000-0000-64928,s22,s2201a,,0,-23.941436641547035
s2201a:s22_s2201a_raw_nemo_buffer_000006-vad_percentile_rms-0000-0000-68112,s22,s2201a,,0,-17.21284566715343
s2201a:s22_s2201a_raw_nemo_buffer_000006-vad_percentile_rms-0000-0001-69324,s22,s2201a,,0,21.054878597911767
s2201a:s22_s2201a_raw_nemo_buffer_000007-vad_percentile_rms-0000-0000-70068,s22,s2201a,,0,-8.100758690169197
s2201a:s22_s2201a_raw_nemo_buffer_000007-vad_percentile_rms-0000-0001-73372,s22,s2201a,,0,34.21787228982115
s2201a:s22_s2201a_raw_nemo_buffer_000008-vad_percentile_rms-0000-0000-73556,s22,s2201a,,0,10.115593386769623
s2201a:s22_s2201a_raw_nemo_buffer_000008-vad_percentile_rms-0000-0001-74296,s22,s2201a,27,1,29.011495683970253
s2201a:s22_s2201a_raw_nemo_buffer_000008-vad_percentile_rms-0000-0002-75048,s22,s2201a,15,1,-21.592789684634212
s2201a:s22_s2201a_raw_nemo_buffer_000008-vad_percentile_rms-0000-0003-76384,s22,s2201a,34,1,30.766477259119657
s2201a:s22_s2201a_raw_nemo_buffer_000008-vad_percentile_rms-0000-0004-77740,s22,s2201a,,0,10.321439651752186
s2201a:s22_s2201a_raw_nemo_buffer_000009-vad_percentile_rms-0000-0000-77928,s22,s2201a,,0,3.4484348778832814
s2201a:s22_s2201a_raw_nemo_buffer_000009-vad_percentile_rms-0000-0001-79500,s22,s2201a,,0,17.06148147117377
s2201a:s22_s2201a_raw_nemo_buffer_000010-vad_percentile_rms-0000-0000-80264,s22,s2201a,-24,1,5.271640556591871
s2201a:s22_s2201a_raw_nemo_buffer_000010-vad_percentile_rms-0000-0001-81332,s22,s2201a,,0,0.2007932753096746
s2201a:s22_s2201a_raw_nemo_buffer_000011-vad_percentile_rms-0000-0000-82444,s22,s2201a,-28,1,-3.5387130971954974
s2201a:s22_s2201a_raw_nemo_buffer_000011-vad_percentile_rms-0000-0001-85500,s22,s2201a,,0,27.23407220283851
s2201a:s22_s2201a_raw_nemo_buffer_000012-vad_percentile_rms-0000-0000-86916,s22,s2201a,-20,1,-12.96592866963633
s2201a:s22_s2201a_raw_nemo_buffer_000012-vad_percentile_rms-0000-0001-87564,s22,s2201a,-87,1,-12.73245934566156
s2201a:s22_s2201a_raw_nemo_buffer_000012-vad_percentile_rms-0000-0002-87780,s22,s2201a,,0,-0.6743276064022403
s2201a:s22_s2201a_raw_nemo_buffer_000013-vad_percentile_rms-0000-0000-88168,s22,s2201a,-24,1,-2.496436288676147
s2201a:s22_s2201a_raw_nemo_buffer_000013-vad_percentile_rms-0000-0001-89228,s22,s2201a,,0,12.119991210133573
s2201a:s22_s2201a_raw_nemo_buffer_000014-vad_percentile_rms-0000-0000-89700,s22,s2201a,-20,1,2.786457573556161
s2201a:s22_s2201a_raw_nemo_buffer_000014-vad_percentile_rms-0000-0001-90728,s22,s2201a,,0,-6.816119083088555
s2201a:s22_s2201a_raw_nemo_buffer_000015-vad_percentile_rms-0000-0000-93420,s22,s2201a,,0,8.281895928552306
s2201a:s22_s2201a_raw_nemo_buffer_000016-vad_percentile_rms-0000-0000-93608,s22,s2201a,-24,1,-8.097761507044797
s2201a:s22_s2201a_raw_nemo_buffer_000016-vad_percentile_rms-0000-0001-94760,s22,s2201a,,0,39.16003514223516
s2201a:s22_s2201a_raw_nemo_buffer_000017-vad_percentile_rms-0000-0000-95068,s22,s2201a,,0,-0.5763109345572417
s2201a:s22_s2201a_raw_nemo_buffer_000017-vad_percentile_rms-0000-0001-96320,s22,s2201a,,0,13.530306763206186
s2201a:s22_s2201a_raw_nemo_buffer_000018-vad_percentile_rms-0000-0000-96904,s22,s2201a,-24,1,4.0332919230420305
s2201a:s22_s2201a_raw_nemo_buffer_000018-vad_percentile_rms-0000-0001-98176,s22,s2201a,61,1,43.779025490592744
s2201a:s22_s2201a_raw_nemo_buffer_000018-vad_percentile_rms-0000-0002-101096,s22,s2201a,,0,17.636934083930264
s2201a:s22_s2201a_raw_nemo_buffer_000019-vad_percentile_rms-0000-0000-101628,s22,s2201a,-8,1,-4.646882894559557
s2201a:s22_s2201a_raw_nemo_buffer_000019-vad_percentile_rms-0000-0001-102428,s22,s2201a,,0,20.604442338022032
s2201a:s22_s2201a_raw_nemo_buffer_000020-vad_percentile_rms-0000-0000-102656,s22,s2201a,,0,12.228622670083197
s2201a:s22_s2201a_raw_nemo_buffer_000020-vad_percentile_rms-0000-0001-104040,s22,s2201a,,0,19.793483233918376
s2201a:s22_s2201a_raw_nemo_buffer_000021-vad_percentile_rms-0000-0000-105856,s22,s2201a,-13,1,-7.644011882108906
s2201a:s22_s2201a_raw_nemo_buffer_000021-vad_percentile_rms-0000-0001-107372,s22,s2201a,,0,23.357223282972086
s2201a:s22_s2201a_raw_nemo_buffer_000022-vad_percentile_rms-0000-0000-107604,s22,s2201a,,0,-22.005507454925848
s2201a:s22_s2201a_raw_nemo_buffer_000022-vad_percentile_rms-0000-0001-108120,s22,s2201a,,0,10.58567162181998
s2201a:s22_s2201a_raw_nemo_buffer_000023-vad_percentile_rms-0000-0000-108472,s22,s2201a,,0,12.228397795691588
s2201a:s22_s2201a_raw_nemo_buffer_000023-vad_percentile_rms-0000-0001-111912,s22,s2201a,,0,-0.3066749291536901
s2201a:s22_s2201a_raw_nemo_buffer_000024-vad_percentile_rms-0000-0000-113288,s22,s2201a,-24,1,2.2029384861801535
s2201a:s22_s2201a_raw_nemo_buffer_000024-vad_percentile_rms-0000-0001-114212,s22,s2201a,,0,-0.14744563333407434
s2201a:s22_s2201a_raw_nemo_buffer_000025-vad_percentile_rms-0000-0000-116780,s22,s2201a,,0,29.412834172607788
s2201a:s22_s2201a_raw_nemo_buffer_000026-vad_percentile_rms-0000-0000-118116,s22,s2201a,-20,1,-4.287392002011725
s2201a:s22_s2201a_raw_nemo_buffer_000026-vad_percentile_rms-0000-0001-118944,s22,s2201a,,0,24.117720431227873
s2201a:s22_s2201a_raw_nemo_buffer_000027-vad_percentile_rms-0000-0000-119260,s22,s2201a,,0,-0.9784241118997024
s2201a:s22_s2201a_raw_nemo_buffer_000027-vad_percentile_rms-0000-0001-122236,s22,s2201a,,0,30.39865376413934
s2201a:s22_s2201a_raw_nemo_buffer_000028-vad_percentile_rms-0000-0000-123284,s22,s2201a,,0,-15.471857591044596
s2201a:s22_s2201a_raw_nemo_buffer_000028-vad_percentile_rms-0000-0001-124308,s22,s2201a,89,1,60.753417328830054
s2201a:s22_s2201a_raw_nemo_buffer_000028-vad_percentile_rms-0000-0002-126628,s22,s2201a,,0,14.709735678560088
s2201a:s22_s2201a_raw_nemo_buffer_000029-vad_percentile_rms-0000-0000-127128,s22,s2201a,,0,17.402243519917093
s2201a:s22_s2201a_raw_nemo_buffer_000029-vad_percentile_rms-0000-0001-128628,s22,s2201a,-1,1,19.535754985955997
s2201a:s22_s2201a_raw_nemo_buffer_000029-vad_percentile_rms-0000-0002-129788,s22,s2201a,12,1,7.896195386707886
s2201a:s22_s2201a_raw_nemo_buffer_000029-vad_percentile_rms-0000-0003-131800,s22,s2201a,,0,7.296685580479656
s2201a:s22_s2201a_raw_nemo_buffer_000030-vad_percentile_rms-0000-0000-132600,s22,s2201a,-40,1,-9.718612329284248
s2201a:s22_s2201a_raw_nemo_buffer_000030-vad_percentile_rms-0000-0001-132908,s22,s2201a,-100,1,-10.017411807761942
s2201a:s22_s2201a_raw_nemo_buffer_000030-vad_percentile_rms-0000-0002-133540,s22,s2201a,,0,13.26974663601903
s2201a:s22_s2201a_raw_nemo_buffer_000031-vad_percentile_rms-0000-0000-133976,s22,s2201a,0,1,-13.292211706582258
s2201a:s22_s2201a_raw_nemo_buffer_000031-vad_percentile_rms-0000-0001-134020,s22,s2201a,-44,1,1.1838824179080216
s2201a:s22_s2201a_raw_nemo_buffer_000031-vad_percentile_rms-0000-0002-135576,s22,s2201a,,0,11.545524074719479
s2201a:s22_s2201a_raw_nemo_buffer_000032-vad_percentile_rms-0000-0001-137340,s22,s2201a,26,1,31.194786304519965
s2201a:s22_s2201a_raw_nemo_buffer_000032-vad_percentile_rms-0000-0002-139472,s22,s2201a,,0,35.39793504072533
s2201a:s22_s2201a_raw_nemo_buffer_000033-vad_percentile_rms-0000-0000-140236,s22,s2201a,-60,1,11.156887260752049
s2201a:s22_s2201a_raw_nemo_buffer_000033-vad_percentile_rms-0000-0001-141292,s22,s2201a,,0,11.211554061862063
s2201a:s22_s2201a_raw_nemo_buffer_000034-vad_percentile_rms-0000-0000-142204,s22,s2201a,,0,10.805656339113943
s2201a:s22_s2201a_raw_nemo_buffer_000034-vad_percentile_rms-0000-0001-145468,s22,s2201a,,0,32.28641862157953
s2201a:s22_s2201a_raw_nemo_buffer_000035-vad_percentile_rms-0000-0000-145716,s22,s2201a,,0,13.117075430705205
s2201a:s22_s2201a_raw_nemo_buffer_000036-vad_percentile_rms-0000-0000-147116,s22,s2201a,-28,1,20.406780728935342
s2201a:s22_s2201a_raw_nemo_buffer_000036-vad_percentile_rms-0000-0001-147944,s22,s2201a,,0,-6.109863910574415
s2201a:s22_s2201a_raw_nemo_buffer_000037-vad_percentile_rms-0000-0000-148280,s22,s2201a,,0,6.911353621661651
s2201a:s22_s2201a_raw_nemo_buffer_000037-vad_percentile_rms-0000-0001-150988,s22,s2201a,,0,30.45476575525056
s2201a:s22_s2201a_raw_nemo_buffer_000038-vad_percentile_rms-0000-0000-151316,s22,s2201a,,0,-9.448945652762891
s2201a:s22_s2201a_raw_nemo_buffer_000038-vad_percentile_rms-0000-0001-153584,s22,s2201a,,0,43.216864416696296
s2201a:s22_s2201a_raw_nemo_buffer_000039-vad_percentile_rms-0000-0000-154508,s22,s2201a,,0,14.716437985184118
s2201a:s22_s2201a_raw_nemo_buffer_000039-vad_percentile_rms-0000-0001-155372,s22,s2201a,,0,29.97592161245198
s2201a:s22_s2201a_raw_nemo_buffer_000040-vad_percentile_rms-0000-0000-157364,s22,s2201a,-4,1,-12.303066451401225
s2201a:s22_s2201a_raw_nemo_buffer_000041-vad_percentile_rms-0000-0000-161156,s22,s2201a,-20,1,10.893245845876667
s2201a:s22_s2201a_raw_nemo_buffer_000041-vad_percentile_rms-0000-0001-166232,s22,s2201a,,0,34.4766809893933
s2201a:s22_s2201a_raw_nemo_buffer_000042-vad_percentile_rms-0000-0000-166936,s22,s2201a,-8,1,-0.2721700961435527
s2201a:s22_s2201a_raw_nemo_buffer_000042-vad_percentile_rms-0000-0001-170988,s22,s2201a,,0,21.15944273632507
s2201a:s22_s2201a_raw_nemo_buffer_000043-vad_percentile_rms-0000-0000-171572,s22,s2201a,,0,9.887696211150164
s2201a:s22_s2201a_raw_nemo_buffer_000043-vad_percentile_rms-0000-0001-173348,s22,s2201a,,0,13.314111480843492
s2201a:s22_s2201a_raw_nemo_buffer_000044-vad_percentile_rms-0000-0000-174056,s22,s2201a,,0,6.9222153809236575
s2201a:s22_s2201a_raw_nemo_buffer_000044-vad_percentile_rms-0000-0001-176832,s22,s2201a,,0,27.716062585174896
s2201a:s22_s2201a_raw_nemo_buffer_000045-vad_percentile_rms-0000-0000-177292,s22,s2201a,-28,1,-8.40750045617634
s2201a:s22_s2201a_raw_nemo_buffer_000045-vad_percentile_rms-0000-0001-178472,s22,s2201a,,0,28.393790879253125
s2201a:s22_s2201a_raw_nemo_buffer_000046-vad_percentile_rms-0000-0000-178872,s22,s2201a,-30,1,-8.363247160572922
s2201a:s22_s2201a_raw_nemo_buffer_000046-vad_percentile_rms-0000-0001-180204,s22,s2201a,,0,21.75604772146707
s2201a:s22_s2201a_raw_nemo_buffer_000047-vad_percentile_rms-0000-0000-180628,s22,s2201a,,0,16.730304767568473
s2201a:s22_s2201a_raw_nemo_buffer_000047-vad_percentile_rms-0000-0001-181736,s22,s2201a,-47,1,-14.389661404252543
s2201a:s22_s2201a_raw_nemo_buffer_000047-vad_percentile_rms-0000-0002-183132,s22,s2201a,,0,17.1063454400832
s2201a:s22_s2201a_raw_nemo_buffer_000048-vad_percentile_rms-0000-0000-183612,s22,s2201a,-44,1,-29.081739079122052
s2201a:s22_s2201a_raw_nemo_buffer_000048-vad_percentile_rms-0000-0001-184764,s22,s2201a,,0,18.763113876978025
s2201a:s22_s2201a_raw_nemo_buffer_000049-vad_percentile_rms-0000-0000-185748,s22,s2201a,,0,-9.753575406378278
s2201a:s22_s2201a_raw_nemo_buffer_000049-vad_percentile_rms-0000-0001-187116,s22,s2201a,,0,2.9724061089024847
s2201a:s22_s2201a_raw_nemo_buffer_000050-vad_percentile_rms-0000-0000-187968,s22,s2201a,-47,1,-8.373054169099213
s2201a:s22_s2201a_raw_nemo_buffer_000050-vad_percentile_rms-0000-0001-189084,s22,s2201a,,0,26.23077578799422
s2201a:s22_s2201a_raw_nemo_buffer_000051-vad_percentile_rms-0000-0001-190728,s22,s2201a,,0,6.71147307690667
s2201a:s22_s2201a_raw_nemo_buffer_000052-vad_percentile_rms-0000-0000-191124,s22,s2201a,-4,1,-12.780788021368306
s2201a:s22_s2201a_raw_nemo_buffer_000052-vad_percentile_rms-0000-0001-193036,s22,s2201a,,0,27.718369488315158
s2201a:s22_s2201a_raw_nemo_buffer_000053-vad_percentile_rms-0000-0000-194724,s22,s2201a,73,1,54.83445749047163
s2201a:s22_s2201a_raw_nemo_buffer_000053-vad_percentile_rms-0000-0001-196988,s22,s2201a,,0,25.543464540243065
s2201a:s22_s2201a_raw_nemo_buffer_000054-vad_percentile_rms-0000-0000-197380,s22,s2201a,-35,1,7.960242955546061
s2201a:s22_s2201a_raw_nemo_buffer_000054-vad_percentile_rms-0000-0001-199116,s22,s2201a,,0,27.971953902610668
s2201a:s22_s2201a_raw_nemo_buffer_000055-vad_percentile_rms-0000-0000-199572,s22,s2201a,-65,1,29.41185018185121
s2201a:s22_s2201a_raw_nemo_buffer_000056-vad_percentile_rms-0000-0000-201380,s22,s2201a,,0,10.959563313224217
s2201a:s22_s2201a_raw_nemo_buffer_000056-vad_percentile_rms-0000-0001-202196,s22,s2201a,,0,1.7159664252989675
s2201a:s22_s2201a_raw_nemo_buffer_000056-vad_percentile_rms-0000-0002-202252,s22,s2201a,,0,-3.967898252540955
s2201a:s22_s2201a_raw_nemo_buffer_000057-vad_percentile_rms-0000-0000-204920,s22,s2201a,-8,1,-3.555347336987939
s2201a:s22_s2201a_raw_nemo_buffer_000057-vad_percentile_rms-0000-0001-205668,s22,s2201a,,0,3.465858740578769
s2201a:s22_s2201a_raw_nemo_buffer_000058-vad_percentile_rms-0000-0000-206484,s22,s2201a,-2,1,-8.296619608990344
s2201a:s22_s2201a_raw_nemo_buffer_000058-vad_percentile_rms-0000-0001-207432,s22,s2201a,,0,26.745617226350774
s2201a:s22_s2201a_raw_nemo_buffer_000059-vad_percentile_rms-0000-0000-207744,s22,s2201a,,0,-7.825730705630868
s2201a:s22_s2201a_raw_nemo_buffer_000059-vad_percentile_rms-0000-0001-208532,s22,s2201a,-10,1,21.51456711552363
s2201a:s22_s2201a_raw_nemo_buffer_000059-vad_percentile_rms-0000-0002-210212,s22,s2201a,,0,9.646112548006103
s2201a:s22_s2201a_raw_nemo_buffer_000060-vad_percentile_rms-0000-0000-210844,s22,s2201a,,0,-7.279693354851009
s2201a:s22_s2201a_raw_nemo_buffer_000060-vad_percentile_rms-0000-0001-211700,s22,s2201a,,0,10.68076439641041
s2201a:s22_s2201a_raw_nemo_buffer_000061-vad_percentile_rms-0000-0000-213444,s22,s2201a,-20,1,-4.137532816494392
s2201a:s22_s2201a_raw_nemo_buffer_000061-vad_percentile_rms-0000-0001-214568,s22,s2201a,,0,21.382937620131106
s2201a:s22_s2201a_raw_nemo_buffer_000062-vad_percentile_rms-0000-0000-214868,s22,s2201a,-36,1,-5.534824368761491
s2201a:s22_s2201a_raw_nemo_buffer_000062-vad_percentile_rms-0000-0001-215564,s22,s2201a,,0,22.496882240961437
s2201a:s22_s2201a_raw_nemo_buffer_000063-vad_percentile_rms-0000-0000-216020,s22,s2201a,-4,1,-9.69171002006674
s2201a:s22_s2201a_raw_nemo_buffer_000063-vad_percentile_rms-0000-0001-216512,s22,s2201a,,0,-4.463953173053898
s2201a:s22_s2201a_raw_nemo_buffer_000064-vad_percentile_rms-0000-0000-217364,s22,s2201a,,0,13.85832544806759
s2201a:s22_s2201a_raw_nemo_buffer_000064-vad_percentile_rms-0000-0001-220292,s22,s2201a,,0,25.078092779844372
s2201a:s22_s2201a_raw_nemo_buffer_000065-vad_percentile_rms-0000-0000-221240,s22,s2201a,-2,1,-0.9064505930365172
s2201a:s22_s2201a_raw_nemo_buffer_000066-vad_percentile_rms-0000-0000-222580,s22,s2201a,,0,4.851698995364542
s2201a:s22_s2201a_raw_nemo_buffer_000066-vad_percentile_rms-0000-0001-223656,s22,s2201a,,0,-1.8411329647580068
s2201a:s22_s2201a_raw_nemo_buffer_000067-vad_percentile_rms-0000-0000-224792,s22,s2201a,-8,1,-1.4770571317801888
s2201a:s22_s2201a_raw_nemo_buffer_000067-vad_percentile_rms-0000-0001-225996,s22,s2201a,-36,1,-8.543947141642366
s2201a:s22_s2201a_raw_nemo_buffer_000067-vad_percentile_rms-0000-0002-227528,s22,s2201a,,0,35.12956258297615
s2201a:s22_s2201a_raw_nemo_buffer_000068-vad_percentile_rms-0000-0000-228148,s22,s2201a,,0,-16.16132264131199
s2201a:s22_s2201a_raw_nemo_buffer_000068-vad_percentile_rms-0000-0001-230024,s22,s2201a,,0,20.753837644471652
s2201a:s22_s2201a_raw_nemo_buffer_000069-vad_percentile_rms-0000-0000-230484,s22,s2201a,-23,1,8.798400178423108
s2201a:s22_s2201a_raw_nemo_buffer_000069-vad_percentile_rms-0000-0001-231924,s22,s2201a,,0,21.441871946924678
s2201a:s22_s2201a_raw_nemo_buffer_000070-vad_percentile_rms-0000-0000-232436,s22,s2201a,-36,1,-11.051656034021267
s2201a:s22_s2201a_raw_nemo_buffer_000070-vad_percentile_rms-0000-0001-233832,s22,s2201a,,0,29.38656530050227
s2201a:s22_s2201a_raw_nemo_buffer_000071-vad_percentile_rms-0000-0000-234428,s22,s2201a,-44,1,3.436925017724109
s2201a:s22_s2201a_raw_nemo_buffer_000071-vad_percentile_rms-0000-0001-235212,s22,s2201a,,0,-10.922400216836923
s2201a:s22_s2201a_raw_nemo_buffer_000072-vad_percentile_rms-0000-0000-236648,s22,s2201a,-24,1,3.0390685982646897
s2201a:s22_s2201a_raw_nemo_buffer_000072-vad_percentile_rms-0000-0001-239404,s22,s2201a,,0,27.819643755535278
s2201a:s22_s2201a_raw_nemo_buffer_000073-vad_percentile_rms-0000-0000-239780,s22,s2201a,,0,-7.632094221278049
s2201a:s22_s2201a_raw_nemo_buffer_000073-vad_percentile_rms-0000-0001-241576,s22,s2201a,,0,24.210169025614768
s2201a:s22_s2201a_raw_nemo_buffer_000074-vad_percentile_rms-0000-0000-242204,s22,s2201a,-27,1,1.9493558617943538
s2201a:s22_s2201a_raw_nemo_buffer_000074-vad_percentile_rms-0000-0001-243496,s22,s2201a,,0,16.066792315525564
s2201a:s22_s2201a_raw_nemo_buffer_000075-vad_percentile_rms-0000-0000-244548,s22,s2201a,-14,1,11.87097764644698
s2201a:s22_s2201a_raw_nemo_buffer_000075-vad_percentile_rms-0000-0001-245068,s22,s2201a,,0,20.220975242823172
s2201a:s22_s2201a_raw_nemo_buffer_000076-vad_percentile_rms-0000-0000-245768,s22,s2201a,,0,0.6776520494062659
s2201a:s22_s2201a_raw_nemo_buffer_000076-vad_percentile_rms-0000-0001-247816,s22,s2201a,-20,1,13.155886769853744
s2201a:s22_s2201a_raw_nemo_buffer_000076-vad_percentile_rms-0000-0002-248664,s22,s2201a,-23,1,38.95472900989405
s2201a:s22_s2201a_raw_nemo_buffer_000076-vad_percentile_rms-0000-0003-249496,s22,s2201a,,0,24.985181008936866
s2201a:s22_s2201a_raw_nemo_buffer_000077-vad_percentile_rms-0000-0000-249688,s22,s2201a,-8,1,-46.770862250409415
s2201a:s22_s2201a_raw_nemo_buffer_000077-vad_percentile_rms-0000-0001-250764,s22,s2201a,,0,11.514156968303267
s2201a:s22_s2201a_raw_nemo_buffer_000078-vad_percentile_rms-0000-0000-251500,s22,s2201a,-34,1,18.499455559863257
s2201a:s22_s2201a_raw_nemo_buffer_000078-vad_percentile_rms-0000-0001-253560,s22,s2201a,,0,19.354984176816693
s2201a:s22_s2201a_raw_nemo_buffer_000079-vad_percentile_rms-0000-0000-254168,s22,s2201a,,0,-2.2220246394037666
s2201a:s22_s2201a_raw_nemo_buffer_000079-vad_percentile_rms-0000-0001-254924,s22,s2201a,-17,1,22.49847664009588
s2201a:s22_s2201a_raw_nemo_buffer_000080-vad_percentile_rms-0000-0000-257140,s22,s2201a,,0,0.330498955956271
s2201a:s22_s2201a_raw_nemo_buffer_000080-vad_percentile_rms-0000-0001-259300,s22,s2201a,,0,13.10092372684802
s2201a:s22_s2201a_raw_nemo_buffer_000081-vad_percentile_rms-0000-0000-260944,s22,s2201a,,0,-16.352351645525527
s2201a:s22_s2201a_raw_nemo_buffer_000082-vad_percentile_rms-0000-0000-263028,s22,s2201a,-4,1,2.656857058663327
s2201a:s22_s2201a_raw_nemo_buffer_000082-vad_percentile_rms-0000-0001-264780,s22,s2201a,,0,21.631699540641396
s2201a:s22_s2201a_raw_nemo_buffer_000083-vad_percentile_rms-0000-0000-267416,s22,s2201a,,0,11.033260378000211
s2201a:s22_s2201a_raw_nemo_buffer_000083-vad_percentile_rms-0000-0001-267944,s22,s2201a,-43,1,1.763829466055146
s2201a:s22_s2201a_raw_nemo_buffer_000083-vad_percentile_rms-0000-0002-268580,s22,s2201a,,0,15.545037706788522
s2201a:s22_s2201a_raw_nemo_buffer_000084-vad_percentile_rms-0000-0000-270824,s22,s2201a,,0,26.659944056112913
s2201a:s22_s2201a_raw_nemo_buffer_000085-vad_percentile_rms-0000-0000-271336,s22,s2201a,-2,1,-7.012231185481564
s2201a:s22_s2201a_raw_nemo_buffer_000086-vad_percentile_rms-0000-0000-272984,s22,s2201a,-8,1,-36.581080875182046
s2201a:s22_s2201a_raw_nemo_buffer_000086-vad_percentile_rms-0000-0001-273520,s22,s2201a,79,1,25.387654775978152
s2201a:s22_s2201a_raw_nemo_buffer_000086-vad_percentile_rms-0000-0003-274756,s22,s2201a,,0,9.439742536359626
s2201a:s22_s2201a_raw_nemo_buffer_000087-vad_percentile_rms-0000-0000-275188,s22,s2201a,,0,-5.947196902376138
s2201a:s22_s2201a_raw_nemo_buffer_000087-vad_percentile_rms-0000-0001-278604,s22,s2201a,,0,33.31653448005081
s2201a:s22_s2201a_raw_nemo_buffer_000088-vad_percentile_rms-0000-0000-278964,s22,s2201a,,0,-1.3581577471761364
s2201a:s22_s2201a_raw_nemo_buffer_000088-vad_percentile_rms-0000-0001-280272,s22,s2201a,,0,9.48066773227678
s2201a:s22_s2201a_raw_nemo_buffer_000089-vad_percentile_rms-0000-0001-280536,s22,s2201a,-8,1,-15.935570977453562
s2201a:s22_s2201a_raw_nemo_buffer_000089-vad_percentile_rms-0000-0002-281704,s22,s2201a,,0,11.619496382375996
s2201a:s22_s2201a_raw_nemo_buffer_000090-vad_percentile_rms-0000-0000-282360,s22,s2201a,,0,-15.443540816161768
s2201a:s22_s2201a_raw_nemo_buffer_000090-vad_percentile_rms-0000-0001-284396,s22,s2201a,,0,23.852989944604552
s2201a:s22_s2201a_raw_nemo_buffer_000091-vad_percentile_rms-0000-0000-284724,s22,s2201a,,0,3.218147676513187
s2201a:s22_s2201a_raw_nemo_buffer_000091-vad_percentile_rms-0000-0001-285388,s22,s2201a,-13,1,14.371692561315037
s2201a:s22_s2201a_raw_nemo_buffer_000092-vad_percentile_rms-0000-0000-286356,s22,s2201a,-1,1,-6.255633137085457
s2201a:s22_s2201a_raw_nemo_buffer_000092-vad_percentile_rms-0000-0001-286860,s22,s2201a,30,1,28.607454522709183
s2201a:s22_s2201a_raw_nemo_buffer_000092-vad_percentile_rms-0000-0002-288300,s22,s2201a,,0,18.299293289334848
s2201a:s22_s2201a_raw_nemo_buffer_000093-vad_percentile_rms-0000-0000-290404,s22,s2201a,,0,1.153069185980403
s2201a:s22_s2201a_raw_nemo_buffer_000094-vad_percentile_rms-0000-0000-293864,s22,s2201a,-56,1,-12.119328362249384
s2201a:s22_s2201a_raw_nemo_buffer_000094-vad_percentile_rms-0000-0001-294508,s22,s2201a,34,1,48.704965916554755
s2201a:s22_s2201a_raw_nemo_buffer_000094-vad_percentile_rms-0000-0002-296360,s22,s2201a,,0,25.656507649814618
s2201a:s22_s2201a_raw_nemo_buffer_000095-vad_percentile_rms-0000-0000-297932,s22,s2201a,-49,1,29.66850590889175
s2201a:s22_s2201a_raw_nemo_buffer_000095-vad_percentile_rms-0000-0001-300396,s22,s2201a,,0,13.394089775956717
s2201a:s22_s2201a_raw_nemo_buffer_000096-vad_percentile_rms-0000-0000-301216,s22,s2201a,-39,1,3.1485170916494454
s2201a:s22_s2201a_raw_nemo_buffer_000097-vad_percentile_rms-0000-0000-302560,s22,s2201a,-16,1,14.792963606688453
s2201a:s22_s2201a_raw_nemo_buffer_000097-vad_percentile_rms-0000-0001-303076,s22,s2201a,2,1,37.604994002761956
s2201a:s22_s2201a_raw_nemo_buffer_000097-vad_percentile_rms-0000-0002-304448,s22,s2201a,,0,23.198335589003833
s2201a:s22_s2201a_raw_nemo_buffer_000098-vad_percentile_rms-0000-0000-305288,s22,s2201a,,0,3.1676178594965005
s2201a:s22_s2201a_raw_nemo_buffer_000098-vad_percentile_rms-0000-0001-305924,s22,s2201a,,0,31.533699845580273
s2201a:s22_s2201a_raw_nemo_buffer_000099-vad_percentile_rms-0000-0000-306528,s22,s2201a,-13,1,-6.51570014732658
s2201a:s22_s2201a_raw_nemo_buffer_000099-vad_percentile_rms-0000-0002-307128,s22,s2201a,-56,1,-8.296533142912345
s2201a:s22_s2201a_raw_nemo_buffer_000099-vad_percentile_rms-0000-0003-308076,s22,s2201a,0,1,0.0629761022361155
s2201a:s22_s2201a_raw_nemo_buffer_000099-vad_percentile_rms-0000-0004-309032,s22,s2201a,46,1,91.81307758615165
s2201a:s22_s2201a_raw_nemo_buffer_000099-vad_percentile_rms-0000-0005-310504,s22,s2201a,,0,26.56743585315198
s2201a:s22_s2201a_raw_nemo_buffer_000100-vad_percentile_rms-0000-0000-311412,s22,s2201a,,0,-5.421736810085125
s2201a:s22_s2201a_raw_nemo_buffer_000100-vad_percentile_rms-0000-0001-311912,s22,s2201a,,0,22.188269639579325
s2201a:s22_s2201a_raw_nemo_buffer_000101-vad_percentile_rms-0000-0000-312308,s22,s2201a,,0,11.546612318462131
s2201a:s22_s2201a_raw_nemo_buffer_000101-vad_percentile_rms-0000-0001-314468,s22,s2201a,,0,13.694095464427011
s2201a:s22_s2201a_raw_nemo_buffer_000102-vad_percentile_rms-0000-0000-316984,s22,s2201a,,0,11.462991088700043
s2201a:s22_s2201a_raw_nemo_buffer_000103-vad_percentile_rms-0000-0000-318156,s22,s2201a,,0,26.78620884909026
s2201a:s22_s2201a_raw_nemo_buffer_000104-vad_percentile_rms-0000-0000-318420,s22,s2201a,,0,14.280587005419742
s2201a:s22_s2201a_raw_nemo_buffer_000105-vad_percentile_rms-0000-0000-322092,s22,s2201a,,0,10.1266137575929
s2201a:s22_s2201a_raw_nemo_buffer_000106-vad_percentile_rms-0000-0000-323288,s22,s2201a,,0,-12.581754608346099
s2201a:s22_s2201a_raw_nemo_buffer_000106-vad_percentile_rms-0000-0001-323940,s22,s2201a,,0,3.0672042306393266
s2201a:s22_s2201a_raw_nemo_buffer_000107-vad_percentile_rms-0000-0000-324088,s22,s2201a,,0,5.151513650995213
s2201a:s22_s2201a_raw_nemo_buffer_000107-vad_percentile_rms-0000-0001-325004,s22,s2201a,,0,21.18065717384256
s2201a:s22_s2201a_raw_nemo_buffer_000108-vad_percentile_rms-0000-0000-325464,s22,s2201a,,0,-2.6270995154138674
s2201a:s22_s2201a_raw_nemo_buffer_000108-vad_percentile_rms-0000-0001-326436,s22,s2201a,,0,11.293751046852192
s2201a:s22_s2201a_raw_nemo_buffer_000109-vad_percentile_rms-0000-0000-326800,s22,s2201a,-20,1,10.995307800682903
s2201a:s22_s2201a_raw_nemo_buffer_000109-vad_percentile_rms-0000-0001-327988,s22,s2201a,37,1,64.40848199163051
s2201a:s22_s2201a_raw_nemo_buffer_000109-vad_percentile_rms-0000-0002-328652,s22,s2201a,18,1,52.81106699512437
s2201a:s22_s2201a_raw_nemo_buffer_000109-vad_percentile_rms-0000-0003-330320,s22,s2201a,95,1,84.97014260753647
s2201a:s22_s2201a_raw_nemo_buffer_000109-vad_percentile_rms-0000-0005-332892,s22,s2201a,,0,10.740028701038913
s2201a:s22_s2201a_raw_nemo_buffer_000110-vad_percentile_rms-0000-0000-333560,s22,s2201a,,0,23.74815401206567
s2201a:s22_s2201a_raw_nemo_buffer_000110-vad_percentile_rms-0000-0001-334028,s22,s2201a,-29,1,23.658724776062336
s2201a:s22_s2201a_raw_nemo_buffer_000110-vad_percentile_rms-0000-0003-334572,s22,s2201a,33,1,32.65905354845954
s2201a:s22_s2201a_raw_nemo_buffer_000110-vad_percentile_rms-0000-0004-335872,s22,s2201a,,0,16.45162601397001
s2201a:s22_s2201a_raw_nemo_buffer_000111-vad_percentile_rms-0000-0000-337484,s22,s2201a,,0,4.111559274229926
s2201a:s22_s2201a_raw_nemo_buffer_000112-vad_percentile_rms-0000-0000-337700,s22,s2201a,,0,-37.51500726680237
s2201a:s22_s2201a_raw_nemo_buffer_000112-vad_percentile_rms-0000-0001-338076,s22,s2201a,,0,14.885886280583115
s2201a:s22_s2201a_raw_nemo_buffer_000113-vad_percentile_rms-0000-0000-338912,s22,s2201a,-16,1,-11.248958898734124
s2201a:s22_s2201a_raw_nemo_buffer_000113-vad_percentile_rms-0000-0001-340076,s22,s2201a,,0,26.9965348627181
s2201a:s22_s2201a_raw_nemo_buffer_000114-vad_percentile_rms-0000-0000-341464,s22,s2201a,-8,1,-2.555773004839171
s2201a:s22_s2201a_raw_nemo_buffer_000115-vad_percentile_rms-0000-0001-346688,s22,s2201a,-6,1,25.604599521433215
s2201a:s22_s2201a_raw_nemo_buffer_000116-vad_percentile_rms-0000-0000-347928,s22,s2201a,-8,1,2.3590417035634097
s2201a:s22_s2201a_raw_nemo_buffer_000116-vad_percentile_rms-0000-0001-349376,s22,s2201a,,0,32.64637828476633
s2201a:s22_s2201a_raw_nemo_buffer_000117-vad_percentile_rms-0000-0000-349528,s22,s2201a,-6,1,-14.467320117883446
s2201a:s22_s2201a_raw_nemo_buffer_000117-vad_percentile_rms-0000-0001-350444,s22,s2201a,,0,9.26261132305532
s2201a:s22_s2201a_raw_nemo_buffer_000118-vad_percentile_rms-0000-0000-362868,s22,s2201a,,0,16.26094815318502
s2201a:s22_s2201a_raw_nemo_buffer_000119-vad_percentile_rms-0000-0000-363680,s22,s2201a,,0,-12.69326676585857
s2201a:s22_s2201a_raw_nemo_buffer_000120-vad_percentile_rms-0000-0000-364360,s22,s2201a,-23,1,-4.000573677455556
s2201a:s22_s2201a_raw_nemo_buffer_000120-vad_percentile_rms-0000-0001-366548,s22,s2201a,,0,32.63684349142508
s2201a:s22_s2201a_raw_nemo_buffer_000121-vad_percentile_rms-0000-0000-367028,s22,s2201a,-2,1,-14.40695687348035
s2201a:s22_s2201a_raw_nemo_buffer_000121-vad_percentile_rms-0000-0001-368692,s22,s2201a,,0,33.643667660546896
s2201a:s22_s2201a_raw_nemo_buffer_000122-vad_percentile_rms-0000-0000-369112,s22,s2201a,-8,1,-2.7434733820748747
s2201a:s22_s2201a_raw_nemo_buffer_000122-vad_percentile_rms-0000-0001-371112,s22,s2201a,,0,32.77476439041465
s2201a:s22_s2201a_raw_nemo_buffer_000123-vad_percentile_rms-0000-0000-371660,s22,s2201a,-25,1,-1.8976167029759026
s2201a:s22_s2201a_raw_nemo_buffer_000123-vad_percentile_rms-0000-0001-372588,s22,s2201a,,0,28.25027109306135
s2201a:s22_s2201a_raw_nemo_buffer_000124-vad_percentile_rms-0000-0000-373144,s22,s2201a,,0,-0.3130612295555899
s2201a:s22_s2201a_raw_nemo_buffer_000124-vad_percentile_rms-0000-0001-373720,s22,s2201a,28,1,23.86387713841028
s2201a:s22_s2201a_raw_nemo_buffer_000124-vad_percentile_rms-0000-0002-374588,s22,s2201a,7,1,-2.35912405934333
s2201a:s22_s2201a_raw_nemo_buffer_000124-vad_percentile_rms-0000-0003-375628,s22,s2201a,,0,17.877722067060816
s2201a:s22_s2201a_raw_nemo_buffer_000125-vad_percentile_rms-0000-0001-380248,s22,s2201a,,0,29.335252512693607
s2201a:s22_s2201a_raw_nemo_buffer_000126-vad_percentile_rms-0000-0000-380824,s22,s2201a,-8,1,-1.576035119404935
s2201a:s22_s2201a_raw_nemo_buffer_000126-vad_percentile_rms-0000-0001-381644,s22,s2201a,,0,14.67565616439142
s2201a:s22_s2201a_raw_nemo_buffer_000127-vad_percentile_rms-0000-0001-382816,s22,s2201a,,0,20.706058388854487
s2201a:s22_s2201a_raw_nemo_buffer_000128-vad_percentile_rms-0000-0000-383248,s22,s2201a,-21,1,12.291211899108452
s2201a:s22_s2201a_raw_nemo_buffer_000129-vad_percentile_rms-0000-0000-386484,s22,s2201a,,0,1.9117053745749377
s2201a:s22_s2201a_raw_nemo_buffer_000130-vad_percentile_rms-0000-0000-388756,s22,s2201a,,0,13.15565318722447
s2201a:s22_s2201a_raw_nemo_buffer_000131-vad_percentile_rms-0000-0000-390660,s22,s2201a,,0,5.488382225988257
s2201a:s22_s2201a_raw_nemo_buffer_000131-vad_percentile_rms-0000-0001-391916,s22,s2201a,,0,-4.289155018766142
s2201a:s22_s2201a_raw_nemo_buffer_000132-vad_percentile_rms-0000-0000-393304,s22,s2201a,,0,-6.519145481087982
s2201a:s22_s2201a_raw_nemo_buffer_000132-vad_percentile_rms-0000-0001-394504,s22,s2201a,,0,25.331273016275574
s2201a:s22_s2201a_raw_nemo_buffer_000133-vad_percentile_rms-0000-0000-396396,s22,s2201a,,0,23.644224028259472
s2201a:s22_s2201a_raw_nemo_buffer_000134-vad_percentile_rms-0000-0000-396692,s22,s2201a,-4,1,-15.537295696602257
s2201a:s22_s2201a_raw_nemo_buffer_000134-vad_percentile_rms-0000-0001-397880,s22,s2201a,,0,28.420751605079918
s2201a:s22_s2201a_raw_nemo_buffer_000135-vad_percentile_rms-0000-0000-398648,s22,s2201a,,0,-3.525649746187856
s2201a:s22_s2201a_raw_nemo_buffer_000135-vad_percentile_rms-0000-0001-400012,s22,s2201a,,0,13.488117823681906
s2201a:s22_s2201a_raw_nemo_buffer_000136-vad_percentile_rms-0000-0000-400444,s22,s2201a,,0,-1.5292152485690895
s2201a:s22_s2201a_raw_nemo_buffer_000136-vad_percentile_rms-0000-0002-401068,s22,s2201a,63,1,16.5725421619451
s2201a:s22_s2201a_raw_nemo_buffer_000136-vad_percentile_rms-0000-0003-403432,s22,s2201a,,0,13.808177748656986
s2201a:s22_s2201a_raw_nemo_buffer_000137-vad_percentile_rms-0000-0000-403800,s22,s2201a,,0,-13.992993652590709
s2201a:s22_s2201a_raw_nemo_buffer_000137-vad_percentile_rms-0000-0001-404396,s22,s2201a,,0,19.39096212906916
s2201a:s22_s2201a_raw_nemo_buffer_000138-vad_percentile_rms-0000-0000-404864,s22,s2201a,,0,5.952506578747062
s2201a:s22_s2201a_raw_nemo_buffer_000138-vad_percentile_rms-0000-0001-407648,s22,s2201a,-40,1,39.21170103674942
s2201a:s22_s2201a_raw_nemo_buffer_000138-vad_percentile_rms-0000-0002-408264,s22,s2201a,100,1,73.81061119161703
s2201a:s22_s2201a_raw_nemo_buffer_000138-vad_percentile_rms-0000-0003-410064,s22,s2201a,,0,33.98703280231172
s2201a:s22_s2201a_raw_nemo_buffer_000139-vad_percentile_rms-0000-0000-410360,s22,s2201a,,0,-1.5460280186191522
s2201a:s22_s2201a_raw_nemo_buffer_000139-vad_percentile_rms-0000-0001-411212,s22,s2201a,,0,19.058695479581026
s2201a:s22_s2201a_raw_nemo_buffer_000140-vad_percentile_rms-0000-0000-411672,s22,s2201a,,0,20.55435882819093
s2201a:s22_s2201a_raw_nemo_buffer_000140-vad_percentile_rms-0000-0001-414336,s22,s2201a,,0,24.402259824355568
s2201a:s22_s2201a_raw_nemo_buffer_000141-vad_percentile_rms-0000-0000-414644,s22,s2201a,,0,16.460787135523464
s2201a:s22_s2201a_raw_nemo_buffer_000141-vad_percentile_rms-0000-0001-415356,s22,s2201a,100,1,52.80918375690067
s2201a:s22_s2201a_raw_nemo_buffer_000141-vad_percentile_rms-0000-0002-415484,s22,s2201a,-4,1,34.159298518128836
s2201a:s22_s2201a_raw_nemo_buffer_000141-vad_percentile_rms-0000-0003-416412,s22,s2201a,,0,18.838040585750708
s2201a:s22_s2201a_raw_nemo_buffer_000142-vad_percentile_rms-0000-0000-416884,s22,s2201a,,0,-5.308848270586452
s2201a:s22_s2201a_raw_nemo_buffer_000142-vad_percentile_rms-0000-0001-417748,s22,s2201a,1,1,0.6705666054782018
s2201a:s22_s2201a_raw_nemo_buffer_000142-vad_percentile_rms-0000-0002-418300,s22,s2201a,,0,14.433866868688828
s2201a:s22_s2201a_raw_nemo_buffer_000143-vad_percentile_rms-0000-0000-418556,s22,s2201a,-44,1,-20.623789368606978
s2201a:s22_s2201a_raw_nemo_buffer_000143-vad_percentile_rms-0000-0001-421676,s22,s2201a,44,1,55.05160081289408
s2201a:s22_s2201a_raw_nemo_buffer_000143-vad_percentile_rms-0000-0002-424588,s22,s2201a,100,1,56.2716893310879
s2201a:s22_s2201a_raw_nemo_buffer_000143-vad_percentile_rms-0000-0003-426636,s22,s2201a,,0,16.86964934043186
s2201a:s22_s2201a_raw_nemo_buffer_000144-vad_percentile_rms-0000-0000-428160,s22,s2201a,-54,1,56.25190837573776
s2201a:s22_s2201a_raw_nemo_buffer_000144-vad_percentile_rms-0000-0001-429092,s22,s2201a,,0,26.696272018854444
s2201a:s22_s2201a_raw_nemo_buffer_000145-vad_percentile_rms-0000-0000-429540,s22,s2201a,-20,1,2.811361628349548
s2201a:s22_s2201a_raw_nemo_buffer_000145-vad_percentile_rms-0000-0001-431140,s22,s2201a,,0,43.773668841668126
s2201a:s22_s2201a_raw_nemo_buffer_000145-vad_percentile_rms-0000-0002-431608,s22,s2201a,,0,9.17835312335378
s2201a:s22_s2201a_raw_nemo_buffer_000146-vad_percentile_rms-0000-0000-431992,s22,s2201a,-15,1,-11.522744982398585
s2201a:s22_s2201a_raw_nemo_buffer_000146-vad_percentile_rms-0000-0001-434120,s22,s2201a,,0,31.371224399898683
s2201a:s22_s2201a_raw_nemo_buffer_000147-vad_percentile_rms-0000-0000-434736,s22,s2201a,-23,1,-1.2912303456157268
s2201a:s22_s2201a_raw_nemo_buffer_000147-vad_percentile_rms-0000-0001-435532,s22,s2201a,,0,21.471298140931566
s2201a:s22_s2201a_raw_nemo_buffer_000148-vad_percentile_rms-0000-0000-437292,s22,s2201a,,0,-5.763831137941953
s2201a:s22_s2201a_raw_nemo_buffer_000148-vad_percentile_rms-0000-0001-438316,s22,s2201a,,0,29.88218106806216
s2201a:s22_s2201a_raw_nemo_buffer_000149-vad_percentile_rms-0000-0000-438612,s22,s2201a,,0,-3.453204986877175
s2201a:s22_s2201a_raw_nemo_buffer_000149-vad_percentile_rms-0000-0001-439372,s22,s2201a,,0,19.985612235973743
s2201a:s22_s2201a_raw_nemo_buffer_000150-vad_percentile_rms-0000-0000-439960,s22,s2201a,,0,-6.753872416296236
s2201a:s22_s2201a_raw_nemo_buffer_000150-vad_percentile_rms-0000-0001-440876,s22,s2201a,,0,15.3459366306836
s2201a:s22_s2201a_raw_nemo_buffer_000151-vad_percentile_rms-0000-0000-441300,s22,s2201a,-4,1,-4.534503003802978
s2201a:s22_s2201a_raw_nemo_buffer_000151-vad_percentile_rms-0000-0001-442348,s22,s2201a,,0,23.746871969970506
s2201a:s22_s2201a_raw_nemo_buffer_000152-vad_percentile_rms-0000-0000-443160,s22,s2201a,,0,14.04097164773674
s2201a:s22_s2201a_raw_nemo_buffer_000152-vad_percentile_rms-0000-0001-444416,s22,s2201a,,0,26.303197938286235
s2201a:s22_s2201a_raw_nemo_buffer_000153-vad_percentile_rms-0000-0000-445048,s22,s2201a,-8,1,8.397827550987039
s2201a:s22_s2201a_raw_nemo_buffer_000153-vad_percentile_rms-0000-0001-446692,s22,s2201a,,0,23.30543369406877
s2201a:s22_s2201a_raw_nemo_buffer_000154-vad_percentile_rms-0000-0000-447396,s22,s2201a,-10,1,-0.14738733808098736
s2201a:s22_s2201a_raw_nemo_buffer_000154-vad_percentile_rms-0000-0001-448324,s22,s2201a,,0,20.08466022114783
s2201a:s22_s2201a_raw_nemo_buffer_000155-vad_percentile_rms-0000-0000-449340,s22,s2201a,-11,1,-9.995923491384524
s2201a:s22_s2201a_raw_nemo_buffer_000155-vad_percentile_rms-0000-0001-450700,s22,s2201a,,0,26.976943224629323
s2201a:s22_s2201a_raw_nemo_buffer_000156-vad_percentile_rms-0000-0000-451380,s22,s2201a,-24,1,20.861043888920946
s2201a:s22_s2201a_raw_nemo_buffer_000156-vad_percentile_rms-0000-0001-453468,s22,s2201a,,0,9.398572551956214
s2201a:s22_s2201a_raw_nemo_buffer_000157-vad_percentile_rms-0000-0000-455008,s22,s2201a,,0,21.09549416815017
s2201a:s22_s2201a_raw_nemo_buffer_000158-vad_percentile_rms-0000-0000-455772,s22,s2201a,,0,8.041199704069442
s2201a:s22_s2201a_raw_nemo_buffer_000158-vad_percentile_rms-0000-0002-459980,s22,s2201a,,0,32.66477479400604
s2201a:s22_s2201a_raw_nemo_buffer_000159-vad_percentile_rms-0000-0000-460884,s22,s2201a,,0,17.487910013700798
s2201a:s22_s2201a_raw_nemo_buffer_000160-vad_percentile_rms-0000-0000-462812,s22,s2201a,,0,35.176165771269424
s2201a:s22_s2201a_raw_nemo_buffer_000161-vad_percentile_rms-0000-0000-463444,s22,s2201a,,0,3.073461574229521
s2201a:s22_s2201a_raw_nemo_buffer_000161-vad_percentile_rms-0000-0001-463972,s22,s2201a,,0,19.18805557913786
s2201a:s22_s2201a_raw_nemo_buffer_000162-vad_percentile_rms-0000-0000-465108,s22,s2201a,,0,2.163029499318494
s2201a:s22_s2201a_raw_nemo_buffer_000162-vad_percentile_rms-0000-0001-468936,s22,s2201a,,0,11.521952644329147
s2201a:s22_s2201a_raw_nemo_buffer_000163-vad_percentile_rms-0000-0000-469284,s22,s2201a,,0,0.7600270625092804
s2201a:s22_s2201a_raw_nemo_buffer_000164-vad_percentile_rms-0000-0000-471252,s22,s2201a,,0,10.083020708368553
s2201a:s22_s2201a_raw_nemo_buffer_000164-vad_percentile_rms-0000-0001-472652,s22,s2201a,,0,24.821872141673012
s2201a:s22_s2201a_raw_nemo_buffer_000165-vad_percentile_rms-0000-0000-473252,s22,s2201a,-14,1,-11.96893503590498
s2201a:s22_s2201a_raw_nemo_buffer_000165-vad_percentile_rms-0000-0001-474400,s22,s2201a,,0,22.28500498049445
s2201a:s22_s2201a_raw_nemo_buffer_000167-vad_percentile_rms-0000-0000-476484,s22,s2201a,-20,1,-1.4176963979592205
s2201a:s22_s2201a_raw_nemo_buffer_000167-vad_percentile_rms-0000-0001-480908,s22,s2201a,,0,3.8079642587139606
s2201a:s22_s2201a_raw_nemo_buffer_000168-vad_percentile_rms-0000-0002-481348,s22,s2201a,,0,16.944286489673345
s2201a:s22_s2201a_raw_nemo_buffer_000168-vad_percentile_rms-0000-0004-482568,s22,s2201a,,0,22.072361489856977
s2201a:s22_s2201a_raw_nemo_buffer_000169-vad_percentile_rms-0000-0000-484588,s22,s2201a,,0,19.707915512707007
s2201a:s22_s2201a_raw_nemo_buffer_000170-vad_percentile_rms-0000-0000-485376,s22,s2201a,-8,1,-2.7744828827851613
s2201a:s22_s2201a_raw_nemo_buffer_000170-vad_percentile_rms-0000-0001-486188,s22,s2201a,,0,19.245393913443237
s2201a:s22_s2201a_raw_nemo_buffer_000171-vad_percentile_rms-0000-0000-488048,s22,s2201a,,0,6.028509827455547
s2201a:s22_s2201a_raw_nemo_buffer_000171-vad_percentile_rms-0000-0001-488932,s22,s2201a,,0,13.917205544531038
s2201a:s22_s2201a_raw_nemo_buffer_000172-vad_percentile_rms-0000-0000-490988,s22,s2201a,,0,-2.244573960760281
s2201a:s22_s2201a_raw_nemo_buffer_000172-vad_percentile_rms-0000-0001-492120,s22,s2201a,,0,26.899985536624598
s2201a:s22_s2201a_raw_nemo_buffer_000173-vad_percentile_rms-0000-0000-492352,s22,s2201a,-14,1,-16.79283411306734
s2201a:s22_s2201a_raw_nemo_buffer_000173-vad_percentile_rms-0000-0001-493384,s22,s2201a,,0,23.531281672711604
s2201a:s22_s2201a_raw_nemo_buffer_000174-vad_percentile_rms-0000-0000-493944,s22,s2201a,,0,3.1041080379958963
s2201a:s22_s2201a_raw_nemo_buffer_000174-vad_percentile_rms-0000-0001-496044,s22,s2201a,,0,25.873811160480038
s2201a:s22_s2201a_raw_nemo_buffer_000175-vad_percentile_rms-0000-0000-496532,s22,s2201a,-4,1,-10.475461507742455
s2201a:s22_s2201a_raw_nemo_buffer_000175-vad_percentile_rms-0000-0001-497112,s22,s2201a,,0,26.72115237146076
s2201a:s22_s2201a_raw_nemo_buffer_000176-vad_percentile_rms-0000-0000-497268,s22,s2201a,,0,12.39498978208949
s2201a:s22_s2201a_raw_nemo_buffer_000176-vad_percentile_rms-0000-0001-498856,s22,s2201a,,0,35.110808860313384
s2201a:s22_s2201a_raw_nemo_buffer_000177-vad_percentile_rms-0000-0000-499292,s22,s2201a,,0,0.33147799400727074
s2201a:s22_s2201a_raw_nemo_buffer_000177-vad_percentile_rms-0000-0001-501608,s22,s2201a,,0,24.669626272881466
s2201a:s22_s2201a_raw_nemo_buffer_000178-vad_percentile_rms-0000-0000-502280,s22,s2201a,-24,1,-4.776428196577669
s2201a:s22_s2201a_raw_nemo_buffer_000178-vad_percentile_rms-0000-0001-503016,s22,s2201a,,0,9.18326626787914
s2201a:s22_s2201a_raw_nemo_buffer_000179-vad_percentile_rms-0000-0000-503492,s22,s2201a,,0,-11.192902299074941
s2201a:s22_s2201a_raw_nemo_buffer_000179-vad_percentile_rms-0000-0001-504040,s22,s2201a,,0,42.838280612560695
s2201a:s22_s2201a_raw_nemo_buffer_000180-vad_percentile_rms-0000-0000-505032,s22,s2201a,-24,1,-19.227124997627726
s2201a:s22_s2201a_raw_nemo_buffer_000180-vad_percentile_rms-0000-0001-507048,s22,s2201a,,0,27.722020361702732
s2201a:s22_s2201a_raw_nemo_buffer_000181-vad_percentile_rms-0000-0000-508136,s22,s2201a,-24,1,-4.007705527024235
s2201a:s22_s2201a_raw_nemo_buffer_000181-vad_percentile_rms-0000-0001-508712,s22,s2201a,34,1,-0.5625644092104878
s2201a:s22_s2201a_raw_nemo_buffer_000181-vad_percentile_rms-0000-0002-508892,s22,s2201a,4,1,14.454256510715501
s2201a:s22_s2201a_raw_nemo_buffer_000181-vad_percentile_rms-0000-0003-511520,s22,s2201a,89,1,67.20101002793717
s2201a:s22_s2201a_raw_nemo_buffer_000182-vad_percentile_rms-0000-0000-514732,s22,s2201a,-46,1,-4.737517281560088
s2201a:s22_s2201a_raw_nemo_buffer_000182-vad_percentile_rms-0000-0001-515488,s22,s2201a,,0,16.62390389573069
s2201a:s22_s2201a_raw_nemo_buffer_000183-vad_percentile_rms-0000-0000-516344,s22,s2201a,-40,1,12.180020153918981
s2201a:s22_s2201a_raw_nemo_buffer_000183-vad_percentile_rms-0000-0001-517196,s22,s2201a,,0,10.918493339736775
s2201a:s22_s2201a_raw_nemo_buffer_000184-vad_percentile_rms-0000-0000-517756,s22,s2201a,,0,-0.47196918446131697
s2201a:s22_s2201a_raw_nemo_buffer_000184-vad_percentile_rms-0000-0001-520036,s22,s2201a,,0,21.402502915965336
s2201a:s22_s2201a_raw_nemo_buffer_000185-vad_percentile_rms-0000-0000-520636,s22,s2201a,-44,1,-1.3514396378725664
s2201a:s22_s2201a_raw_nemo_buffer_000186-vad_percentile_rms-0000-0000-521368,s22,s2201a,-40,1,-19.435073358809838
s2201a:s22_s2201a_raw_nemo_buffer_000186-vad_percentile_rms-0000-0001-522404,s22,s2201a,,0,23.110215711472165
s2201a:s22_s2201a_raw_nemo_buffer_000187-vad_percentile_rms-0000-0000-523072,s22,s2201a,-16,1,-22.883628249029726
s2201a:s22_s2201a_raw_nemo_buffer_000187-vad_percentile_rms-0000-0001-524356,s22,s2201a,,0,25.59407565094446
s2201a:s22_s2201a_raw_nemo_buffer_000188-vad_percentile_rms-0000-0000-524628,s22,s2201a,,0,7.139549116797969
s2201a:s22_s2201a_raw_nemo_buffer_000188-vad_percentile_rms-0000-0001-527052,s22,s2201a,,0,21.613947409219097
s2201a:s22_s2201a_raw_nemo_buffer_000189-vad_percentile_rms-0000-0000-527524,s22,s2201a,,0,-5.839176274534179
s2201a:s22_s2201a_raw_nemo_buffer_000189-vad_percentile_rms-0000-0001-528384,s22,s2201a,100,1,13.06805345420138
s2201a:s22_s2201a_raw_nemo_buffer_000189-vad_percentile_rms-0000-0002-528576,s22,s2201a,-5,1,18.72982959724995
s2201a:s22_s2201a_raw_nemo_buffer_000189-vad_percentile_rms-0000-0003-529320,s22,s2201a,,0,22.92867997121893
s2201a:s22_s2201a_raw_nemo_buffer_000190-vad_percentile_rms-0000-0000-529528,s22,s2201a,-21,1,-3.7945890000232794
s2201a:s22_s2201a_raw_nemo_buffer_000190-vad_percentile_rms-0000-0001-531624,s22,s2201a,84,1,16.53092703557472
s2201a:s22_s2201a_raw_nemo_buffer_000190-vad_percentile_rms-0000-0002-531896,s22,s2201a,61,1,59.687447568743046
s2201a:s22_s2201a_raw_nemo_buffer_000190-vad_percentile_rms-0000-0003-532836,s22,s2201a,,0,10.61727810817543
s2201a:s22_s2201a_raw_nemo_buffer_000191-vad_percentile_rms-0000-0000-533496,s22,s2201a,-7,1,-13.393204489883836
s2201a:s22_s2201a_raw_nemo_buffer_000191-vad_percentile_rms-0000-0001-534536,s22,s2201a,,0,31.315297532270225
s2201a:s22_s2201a_raw_nemo_buffer_000192-vad_percentile_rms-0000-0000-534904,s22,s2201a,,0,0.33808567418138935
s2201a:s22_s2201a_raw_nemo_buffer_000192-vad_percentile_rms-0000-0001-536972,s22,s2201a,,0,39.50279997608941
s2201a:s22_s2201a_raw_nemo_buffer_000193-vad_percentile_rms-0000-0000-537944,s22,s2201a,,0,7.060725189750984
s2201a:s22_s2201a_raw_nemo_buffer_000193-vad_percentile_rms-0000-0001-540620,s22,s2201a,44,1,4.4292666879528575
s2201a:s22_s2201a_raw_nemo_buffer_000193-vad_percentile_rms-0000-0002-541452,s22,s2201a,,0,19.65333898363697
s2201a:s22_s2201a_raw_nemo_buffer_000194-vad_percentile_rms-0000-0000-542156,s22,s2201a,-4,1,-4.3118976498267685
s2201a:s22_s2201a_raw_nemo_buffer_000194-vad_percentile_rms-0000-0001-543904,s22,s2201a,,0,14.759339300723651
s2201a:s22_s2201a_raw_nemo_buffer_000195-vad_percentile_rms-0000-0000-544180,s22,s2201a,,0,14.591905803595733
s2201a:s22_s2201a_raw_nemo_buffer_000195-vad_percentile_rms-0000-0001-548652,s22,s2201a,100,1,82.62122833847843
s2201a:s22_s2201a_raw_nemo_buffer_000195-vad_percentile_rms-0000-0002-551816,s22,s2201a,,0,7.648726262003565
s2201a:s22_s2201a_raw_nemo_buffer_000196-vad_percentile_rms-0000-0000-551956,s22,s2201a,,0,9.137952608781411
s2201a:s22_s2201a_raw_nemo_buffer_000196-vad_percentile_rms-0000-0001-554920,s22,s2201a,,0,33.576694451259065
s2201a:s22_s2201a_raw_nemo_buffer_000197-vad_percentile_rms-0000-0000-555188,s22,s2201a,,0,-17.612158910640506
s2201a:s22_s2201a_raw_nemo_buffer_000197-vad_percentile_rms-0000-0001-555888,s22,s2201a,,0,23.99998506748757
s2201a:s22_s2201a_raw_nemo_buffer_000198-vad_percentile_rms-0000-0000-556408,s22,s2201a,,0,2.90627928395752
s2201a:s22_s2201a_raw_nemo_buffer_000198-vad_percentile_rms-0000-0001-558828,s22,s2201a,,0,27.51877858295517
s2201a:s22_s2201a_raw_nemo_buffer_000199-vad_percentile_rms-0000-0000-559048,s22,s2201a,,0,-15.640795017778565
s2201a:s22_s2201a_raw_nemo_buffer_000199-vad_percentile_rms-0000-0001-559888,s22,s2201a,-32,1,25.804569927943522
s2201a:s22_s2201a_raw_nemo_buffer_000199-vad_percentile_rms-0000-0002-561484,s22,s2201a,,0,41.56618584468585
s2201a:s22_s2201a_raw_nemo_buffer_000200-vad_percentile_rms-0000-0000-561776,s22,s2201a,,0,-42.78632723045448
s2201a:s22_s2201a_raw_nemo_buffer_000200-vad_percentile_rms-0000-0001-562508,s22,s2201a,,0,3.012555851544228
s2201a:s22_s2201a_raw_nemo_buffer_000201-vad_percentile_rms-0000-0000-562900,s22,s2201a,-4,1,-14.99510734369024
s2201a:s22_s2201a_raw_nemo_buffer_000201-vad_percentile_rms-0000-0001-563984,s22,s2201a,52,1,48.78625461650551
s2201a:s22_s2201a_raw_nemo_buffer_000201-vad_percentile_rms-0000-0002-564620,s22,s2201a,,0,9.540789797839633
s2201a:s22_s2201a_raw_nemo_buffer_000202-vad_percentile_rms-0000-0000-565012,s22,s2201a,-26,1,1.7534216100298003
s2201a:s22_s2201a_raw_nemo_buffer_000202-vad_percentile_rms-0000-0001-566312,s22,s2201a,,0,5.158500303594048
s2201a:s22_s2201a_raw_nemo_buffer_000203-vad_percentile_rms-0000-0000-567060,s22,s2201a,-58,1,-13.853881876602042
s2201a:s22_s2201a_raw_nemo_buffer_000203-vad_percentile_rms-0000-0001-569220,s22,s2201a,,0,9.654863091820879
s2201a:s22_s2201a_raw_nemo_buffer_000204-vad_percentile_rms-0000-0000-569660,s22,s2201a,,0,-9.955552081766257
s2201a:s22_s2201a_raw_nemo_buffer_000204-vad_percentile_rms-0000-0001-570440,s22,s2201a,,0,13.07447174430429
s2201a:s22_s2201a_raw_nemo_buffer_000205-vad_percentile_rms-0000-0000-571656,s22,s2201a,-24,1,15.522968795612606
s2201a:s22_s2201a_raw_nemo_buffer_000205-vad_percentile_rms-0000-0001-572948,s22,s2201a,69,1,30.9268111824431
s2201a:s22_s2201a_raw_nemo_buffer_000206-vad_percentile_rms-0000-0000-574836,s22,s2201a,,0,-6.2677911249809775
s2201a:s22_s2201a_raw_nemo_buffer_000206-vad_percentile_rms-0000-0001-575744,s22,s2201a,,0,5.672941160644715
s2201a:s22_s2201a_raw_nemo_buffer_000207-vad_percentile_rms-0000-0000-576908,s22,s2201a,,0,-12.162950369808247
s2201a:s22_s2201a_raw_nemo_buffer_000207-vad_percentile_rms-0000-0001-577708,s22,s2201a,,0,16.679862091726573
s2201a:s22_s2201a_raw_nemo_buffer_000208-vad_percentile_rms-0000-0000-578676,s22,s2201a,,0,1.2549429254602824
s2201a:s22_s2201a_raw_nemo_buffer_000208-vad_percentile_rms-0000-0001-580644,s22,s2201a,,0,28.830453618243485
s2201a:s22_s2201a_raw_nemo_buffer_000209-vad_percentile_rms-0000-0000-581028,s22,s2201a,-17,1,0.9129852645328054
s2201a:s22_s2201a_raw_nemo_buffer_000209-vad_percentile_rms-0000-0002-582424,s22,s2201a,100,1,-7.07823217835713
s2201a:s22_s2201a_raw_nemo_buffer_000209-vad_percentile_rms-0000-0003-582520,s22,s2201a,20,1,-0.5433799306645479
s2201a:s22_s2201a_raw_nemo_buffer_000209-vad_percentile_rms-0000-0004-583048,s22,s2201a,,0,15.437701452622244
s2201a:s22_s2201a_raw_nemo_buffer_000210-vad_percentile_rms-0000-0000-583752,s22,s2201a,,0,-3.7234098530704927
s2201a:s22_s2201a_raw_nemo_buffer_000210-vad_percentile_rms-0000-0001-585028,s22,s2201a,,0,35.724955461355066
s2201a:s22_s2201a_raw_nemo_buffer_000211-vad_percentile_rms-0000-0000-585308,s22,s2201a,-12,1,3.232913347210175
s2201a:s22_s2201a_raw_nemo_buffer_000211-vad_percentile_rms-0000-0001-587400,s22,s2201a,,0,18.122031234200072
s2201a:s22_s2201a_raw_nemo_buffer_000212-vad_percentile_rms-0000-0000-587584,s22,s2201a,,0,16.289545491211243
s2201a:s22_s2201a_raw_nemo_buffer_000212-vad_percentile_rms-0000-0001-591196,s22,s2201a,,0,23.70454892555422
s2201a:s22_s2201a_raw_nemo_buffer_000213-vad_percentile_rms-0000-0000-591552,s22,s2201a,-48,1,-1.4792763862339147
s2201a:s22_s2201a_raw_nemo_buffer_000213-vad_percentile_rms-0000-0001-592540,s22,s2201a,,0,27.188873364046845
s2201a:s22_s2201a_raw_nemo_buffer_000214-vad_percentile_rms-0000-0000-592852,s22,s2201a,,0,-12.473158910720386
s2201a:s22_s2201a_raw_nemo_buffer_000214-vad_percentile_rms-0000-0001-594124,s22,s2201a,,0,10.7945373688905
s2201a:s22_s2201a_raw_nemo_buffer_000215-vad_percentile_rms-0000-0000-595512,s22,s2201a,-8,1,-27.59140542365747
s2201a:s22_s2201a_raw_nemo_buffer_000215-vad_percentile_rms-0000-0001-596412,s22,s2201a,-50,1,21.79641465989049
s2201a:s22_s2201a_raw_nemo_buffer_000215-vad_percentile_rms-0000-0002-599436,s22,s2201a,,0,4.245467108473006
s2201a:s22_s2201a_raw_nemo_buffer_000216-vad_percentile_rms-0000-0000-600700,s22,s2201a,,0,8.111622081352195
s2401b:s24_s2401b_raw_nemo_buffer_000000-vad_percentile_rms-0000-0000-2688,s24,s2401b,,0,-29.378411844008372
s2401b:s24_s2401b_raw_nemo_buffer_000000-vad_percentile_rms-0000-0001-3852,s24,s2401b,,0,13.580718317858144
s2401b:s24_s2401b_raw_nemo_buffer_000001-vad_percentile_rms-0000-0000-8128,s24,s2401b,,0,-2.1868557663807717
s2401b:s24_s2401b_raw_nemo_buffer_000001-vad_percentile_rms-0000-0001-9216,s24,s2401b,-10,1,9.226122411627781
s2401b:s24_s2401b_raw_nemo_buffer_000001-vad_percentile_rms-0000-0002-10668,s24,s2401b,,0,-3.1170676310854386
s2401b:s24_s2401b_raw_nemo_buffer_000002-vad_percentile_rms-0000-0000-10968,s24,s2401b,-8,1,-5.9185262309735585
s2401b:s24_s2401b_raw_nemo_buffer_000002-vad_percentile_rms-0000-0001-13420,s24,s2401b,,0,22.71567993797672
s2401b:s24_s2401b_raw_nemo_buffer_000003-vad_percentile_rms-0000-0000-30528,s24,s2401b,,0,-48.656634805861415
s2401b:s24_s2401b_raw_nemo_buffer_000003-vad_percentile_rms-0000-0001-30924,s24,s2401b,,0,18.6298886649652
s2401b:s24_s2401b_raw_nemo_buffer_000004-vad_percentile_rms-0000-0000-31860,s24,s2401b,,0,-38.389260873812276
s2401b:s24_s2401b_raw_nemo_buffer_000004-vad_percentile_rms-0000-0001-33416,s24,s2401b,-66,1,8.9724488710366
s2401b:s24_s2401b_raw_nemo_buffer_000004-vad_percentile_rms-0000-0002-34792,s24,s2401b,,0,20.420116959562623
s2401b:s24_s2401b_raw_nemo_buffer_000005-vad_percentile_rms-0000-0000-35248,s24,s2401b,,0,6.759870917911271
s2401b:s24_s2401b_raw_nemo_buffer_000005-vad_percentile_rms-0000-0001-37900,s24,s2401b,,0,11.587638202156379
s2401b:s24_s2401b_raw_nemo_buffer_000006-vad_percentile_rms-0000-0000-38796,s24,s2401b,,0,-3.4568302385844767
s2401b:s24_s2401b_raw_nemo_buffer_000006-vad_percentile_rms-0000-0001-40552,s24,s2401b,,0,26.349295144918543
s2401b:s24_s2401b_raw_nemo_buffer_000007-vad_percentile_rms-0000-0000-41228,s24,s2401b,,0,-10.933788207351785
s2401b:s24_s2401b_raw_nemo_buffer_000007-vad_percentile_rms-0000-0001-45288,s24,s2401b,,0,39.87978434282106
s2401b:s24_s2401b_raw_nemo_buffer_000007-vad_percentile_rms-0000-0002-45608,s24,s2401b,,0,16.4263909382277
s2401b:s24_s2401b_raw_nemo_buffer_000008-vad_percentile_rms-0000-0000-46280,s24,s2401b,,0,-27.33995645447685
s2401b:s24_s2401b_raw_nemo_buffer_000008-vad_percentile_rms-0000-0001-47952,s24,s2401b,23,1,27.696413946389164
s2401b:s24_s2401b_raw_nemo_buffer_000008-vad_percentile_rms-0000-0002-48008,s24,s2401b,-33,1,20.711107512266054
s2401b:s24_s2401b_raw_nemo_buffer_000008-vad_percentile_rms-0000-0003-52360,s24,s2401b,,0,29.63461917650168
s2401b:s24_s2401b_raw_nemo_buffer_000009-vad_percentile_rms-0000-0000-53152,s24,s2401b,,0,3.6020971421880468
s2401b:s24_s2401b_raw_nemo_buffer_000009-vad_percentile_rms-0000-0001-55028,s24,s2401b,41,1,64.06209754616752
s2401b:s24_s2401b_raw_nemo_buffer_000009-vad_percentile_rms-0000-0002-57176,s24,s2401b,,0,24.54013329781757
s2401b:s24_s2401b_raw_nemo_buffer_000010-vad_percentile_rms-0000-0000-58200,s24,s2401b,,0,20.70959673405867
s2401b:s24_s2401b_raw_nemo_buffer_000010-vad_percentile_rms-0000-0001-61368,s24,s2401b,,0,23.954795558102987
s2401b:s24_s2401b_raw_nemo_buffer_000011-vad_percentile_rms-0000-0000-62400,s24,s2401b,,0,-23.01425735505342
s2401b:s24_s2401b_raw_nemo_buffer_000011-vad_percentile_rms-0000-0001-65532,s24,s2401b,-56,1,4.481920868007229
s2401b:s24_s2401b_raw_nemo_buffer_000011-vad_percentile_rms-0000-0002-67416,s24,s2401b,,0,25.995513674037085
s2401b:s24_s2401b_raw_nemo_buffer_000012-vad_percentile_rms-0000-0000-70516,s24,s2401b,,0,14.71616514399005
s2401b:s24_s2401b_raw_nemo_buffer_000012-vad_percentile_rms-0000-0001-73192,s24,s2401b,,0,14.227207136950087
s2401b:s24_s2401b_raw_nemo_buffer_000013-vad_percentile_rms-0000-0000-73396,s24,s2401b,,0,12.012313819322236
s2401b:s24_s2401b_raw_nemo_buffer_000013-vad_percentile_rms-0000-0001-73820,s24,s2401b,-19,1,2.887366260248747
s2401b:s24_s2401b_raw_nemo_buffer_000013-vad_percentile_rms-0000-0002-76764,s24,s2401b,,0,21.052778598153857
s2401b:s24_s2401b_raw_nemo_buffer_000014-vad_percentile_rms-0000-0000-77816,s24,s2401b,,0,25.700724616801836
s2401b:s24_s2401b_raw_nemo_buffer_000015-vad_percentile_rms-0000-0000-78728,s24,s2401b,,0,-2.8439488403400315
s2401b:s24_s2401b_raw_nemo_buffer_000015-vad_percentile_rms-0000-0001-80520,s24,s2401b,,0,24.247157521329022
s2401b:s24_s2401b_raw_nemo_buffer_000016-vad_percentile_rms-0000-0000-80904,s24,s2401b,,0,9.127442303161397
s2401b:s24_s2401b_raw_nemo_buffer_000016-vad_percentile_rms-0000-0001-82368,s24,s2401b,,0,22.09313173755762
s2401b:s24_s2401b_raw_nemo_buffer_000017-vad_percentile_rms-0000-0000-83712,s24,s2401b,-16,1,-4.785646238230417
s2401b:s24_s2401b_raw_nemo_buffer_000017-vad_percentile_rms-0000-0001-85896,s24,s2401b,,0,25.788619032123844
s2401b:s24_s2401b_raw_nemo_buffer_000018-vad_percentile_rms-0000-0000-86712,s24,s2401b,,0,-7.282941035740116
s2401b:s24_s2401b_raw_nemo_buffer_000018-vad_percentile_rms-0000-0001-88552,s24,s2401b,,0,26.9432360108013
s2401b:s24_s2401b_raw_nemo_buffer_000019-vad_percentile_rms-0000-0000-89176,s24,s2401b,,0,2.550124775014975
s2401b:s24_s2401b_raw_nemo_buffer_000019-vad_percentile_rms-0000-0001-90624,s24,s2401b,,0,37.00697430505196
s2401b:s24_s2401b_raw_nemo_buffer_000020-vad_percentile_rms-0000-0000-90816,s24,s2401b,,0,-10.522125126136974
s2401b:s24_s2401b_raw_nemo_buffer_000020-vad_percentile_rms-0000-0001-93036,s24,s2401b,,0,17.247026969345235
s2401b:s24_s2401b_raw_nemo_buffer_000021-vad_percentile_rms-0000-0000-93848,s24,s2401b,,0,10.124341187761061
s2401b:s24_s2401b_raw_nemo_buffer_000021-vad_percentile_rms-0000-0001-94764,s24,s2401b,,0,15.08107782088274
s2401b:s24_s2401b_raw_nemo_buffer_000022-vad_percentile_rms-0000-0000-115360,s24,s2401b,,0,-7.05760470285135
s2401b:s24_s2401b_raw_nemo_buffer_000022-vad_percentile_rms-0000-0001-117828,s24,s2401b,,0,14.698801012176673
s2401b:s24_s2401b_raw_nemo_buffer_000023-vad_percentile_rms-0000-0000-117976,s24,s2401b,,0,-1.9901613060894032
s2401b:s24_s2401b_raw_nemo_buffer_000023-vad_percentile_rms-0000-0001-120620,s24,s2401b,87,1,17.178597030760425
s2401b:s24_s2401b_raw_nemo_buffer_000023-vad_percentile_rms-0000-0004-124704,s24,s2401b,,0,44.14637268309701
s2401b:s24_s2401b_raw_nemo_buffer_000024-vad_percentile_rms-0000-0000-125056,s24,s2401b,,0,1.2914257093085677
s2401b:s24_s2401b_raw_nemo_buffer_000024-vad_percentile_rms-0000-0001-127108,s24,s2401b,,0,27.89682705261597
s2401b:s24_s2401b_raw_nemo_buffer_000025-vad_percentile_rms-0000-0000-127812,s24,s2401b,,0,12.048286747020253
s2401b:s24_s2401b_raw_nemo_buffer_000025-vad_percentile_rms-0000-0001-128764,s24,s2401b,18,1,16.333028262481555
s2401b:s24_s2401b_raw_nemo_buffer_000025-vad_percentile_rms-0000-0002-130624,s24,s2401b,,0,26.39200037999781
s2401b:s24_s2401b_raw_nemo_buffer_000026-vad_percentile_rms-0000-0000-131104,s24,s2401b,,0,-26.934151129266144
s2401b:s24_s2401b_raw_nemo_buffer_000026-vad_percentile_rms-0000-0001-131712,s24,s2401b,,0,33.30519069307691
s2401b:s24_s2401b_raw_nemo_buffer_000027-vad_percentile_rms-0000-0000-132640,s24,s2401b,,0,9.96621427757365
s2401b:s24_s2401b_raw_nemo_buffer_000027-vad_percentile_rms-0000-0001-132928,s24,s2401b,-11,1,43.169633675067054
s2401b:s24_s2401b_raw_nemo_buffer_000027-vad_percentile_rms-0000-0002-135292,s24,s2401b,31,1,21.581683552113887
s2401b:s24_s2401b_raw_nemo_buffer_000027-vad_percentile_rms-0000-0003-135716,s24,s2401b,-43,1,2.722816406294001
s2401b:s24_s2401b_raw_nemo_buffer_000027-vad_percentile_rms-0000-0004-137740,s24,s2401b,,0,13.546546560246863
s2401b:s24_s2401b_raw_nemo_buffer_000028-vad_percentile_rms-0000-0000-138268,s24,s2401b,-44,1,-15.817109310544225
s2401b:s24_s2401b_raw_nemo_buffer_000028-vad_percentile_rms-0000-0001-141924,s24,s2401b,,0,22.301206807860943
s2401b:s24_s2401b_raw_nemo_buffer_000029-vad_percentile_rms-0000-0000-142176,s24,s2401b,,0,-0.011553570241909839
s2401b:s24_s2401b_raw_nemo_buffer_000029-vad_percentile_rms-0000-0001-143332,s24,s2401b,,0,39.71769215784816
s2401b:s24_s2401b_raw_nemo_buffer_000030-vad_percentile_rms-0000-0000-143708,s24,s2401b,,0,-19.086210790482266
s2401b:s24_s2401b_raw_nemo_buffer_000030-vad_percentile_rms-0000-0001-146436,s24,s2401b,,0,29.242032438178704
s2401b:s24_s2401b_raw_nemo_buffer_000031-vad_percentile_rms-0000-0000-150780,s24,s2401b,,0,-15.89314613608014
s2401b:s24_s2401b_raw_nemo_buffer_000031-vad_percentile_rms-0000-0002-151552,s24,s2401b,,0,19.44113809084851
s2401b:s24_s2401b_raw_nemo_buffer_000032-vad_percentile_rms-0000-0000-155576,s24,s2401b,,0,0.5742729579749035
s2401b:s24_s2401b_raw_nemo_buffer_000032-vad_percentile_rms-0000-0001-158980,s24,s2401b,,0,14.200151548359122
s2401b:s24_s2401b_raw_nemo_buffer_000033-vad_percentile_rms-0000-0000-177060,s24,s2401b,-20,1,-24.571056757787414
s2401b:s24_s2401b_raw_nemo_buffer_000033-vad_percentile_rms-0000-0001-180380,s24,s2401b,97,1,34.79610512000943
s2401b:s24_s2401b_raw_nemo_buffer_000033-vad_percentile_rms-0000-0002-182856,s24,s2401b,42,1,63.419802375956564
s2401b:s24_s2401b_raw_nemo_buffer_000033-vad_percentile_rms-0000-0003-184332,s24,s2401b,,0,14.945647934971367
s2401b:s24_s2401b_raw_nemo_buffer_000034-vad_percentile_rms-0000-0000-185644,s24,s2401b,,0,11.334003857871245
s2401b:s24_s2401b_raw_nemo_buffer_000034-vad_percentile_rms-0000-0001-188876,s24,s2401b,,0,16.271832617442065
s2401b:s24_s2401b_raw_nemo_buffer_000035-vad_percentile_rms-0000-0000-189304,s24,s2401b,,0,-5.05746484308321
s2401b:s24_s2401b_raw_nemo_buffer_000035-vad_percentile_rms-0000-0001-191244,s24,s2401b,26,1,30.248377167385094
s2401b:s24_s2401b_raw_nemo_buffer_000035-vad_percentile_rms-0000-0002-192520,s24,s2401b,,0,22.780053813758148
s2401b:s24_s2401b_raw_nemo_buffer_000036-vad_percentile_rms-0000-0000-192764,s24,s2401b,,0,-4.915772111168678
s2401b:s24_s2401b_raw_nemo_buffer_000036-vad_percentile_rms-0000-0001-195692,s24,s2401b,,0,27.422880599183657
s2401b:s24_s2401b_raw_nemo_buffer_000037-vad_percentile_rms-0000-0000-196212,s24,s2401b,,0,12.776429485022977
s2401b:s24_s2401b_raw_nemo_buffer_000037-vad_percentile_rms-0000-0001-198596,s24,s2401b,,0,21.47524129450783
s2401b:s24_s2401b_raw_nemo_buffer_000038-vad_percentile_rms-0000-0000-200160,s24,s2401b,,0,0.8369738222218484
s2401b:s24_s2401b_raw_nemo_buffer_000038-vad_percentile_rms-0000-0001-200744,s24,s2401b,,0,4.719859794940769
s2401b:s24_s2401b_raw_nemo_buffer_000039-vad_percentile_rms-0000-0000-228340,s24,s2401b,,0,0.018961274770381564
s2401b:s24_s2401b_raw_nemo_buffer_000039-vad_percentile_rms-0000-0001-231080,s24,s2401b,,0,21.714919519369303
s2401b:s24_s2401b_raw_nemo_buffer_000040-vad_percentile_rms-0000-0000-231292,s24,s2401b,,0,-4.189996737410926
s2401b:s24_s2401b_raw_nemo_buffer_000040-vad_percentile_rms-0000-0001-232440,s24,s2401b,-2,1,22.297577410247605
s2401b:s24_s2401b_raw_nemo_buffer_000040-vad_percentile_rms-0000-0002-234016,s24,s2401b,12,1,-12.904873579665566
s2401b:s24_s2401b_raw_nemo_buffer_000040-vad_percentile_rms-0000-0003-236236,s24,s2401b,,0,33.90426647648101
s2401b:s24_s2401b_raw_nemo_buffer_000041-vad_percentile_rms-0000-0000-236628,s24,s2401b,,0,12.17459852805879
s2401b:s24_s2401b_raw_nemo_buffer_000041-vad_percentile_rms-0000-0001-239532,s24,s2401b,,0,27.644952096792196
s2401b:s24_s2401b_raw_nemo_buffer_000042-vad_percentile_rms-0000-0000-240560,s24,s2401b,-26,1,-8.259096539956534
s2401b:s24_s2401b_raw_nemo_buffer_000042-vad_percentile_rms-0000-0001-243928,s24,s2401b,,0,36.93667634633812
s2401b:s24_s2401b_raw_nemo_buffer_000043-vad_percentile_rms-0000-0000-244344,s24,s2401b,,0,-6.110360042782553
s2401b:s24_s2401b_raw_nemo_buffer_000043-vad_percentile_rms-0000-0001-244920,s24,s2401b,,0,36.14100209118651
s2401b:s24_s2401b_raw_nemo_buffer_000044-vad_percentile_rms-0000-0000-245272,s24,s2401b,,0,10.77091194349672
s2401b:s24_s2401b_raw_nemo_buffer_000044-vad_percentile_rms-0000-0001-245908,s24,s2401b,62,1,39.68031197003197
s2401b:s24_s2401b_raw_nemo_buffer_000044-vad_percentile_rms-0000-0002-248020,s24,s2401b,,0,24.054769257487152
s2401b:s24_s2401b_raw_nemo_buffer_000045-vad_percentile_rms-0000-0000-249588,s24,s2401b,,0,-11.030843510737235
s2401b:s24_s2401b_raw_nemo_buffer_000045-vad_percentile_rms-0000-0001-251884,s24,s2401b,,0,14.579053442012842
s2401b:s24_s2401b_raw_nemo_buffer_000046-vad_percentile_rms-0000-0000-252428,s24,s2401b,,0,2.2557160596481207
s2401b:s24_s2401b_raw_nemo_buffer_000046-vad_percentile_rms-0000-0001-252964,s24,s2401b,,0,15.397618179083938
s2401b:s24_s2401b_raw_nemo_buffer_000047-vad_percentile_rms-0000-0000-253432,s24,s2401b,,0,3.5878967513813667
s2401b:s24_s2401b_raw_nemo_buffer_000047-vad_percentile_rms-0000-0001-254396,s24,s2401b,5,1,17.65190830796161
s2401b:s24_s2401b_raw_nemo_buffer_000047-vad_percentile_rms-0000-0002-255256,s24,s2401b,0,1,14.148148203773149
s2401b:s24_s2401b_raw_nemo_buffer_000047-vad_percentile_rms-0000-0003-257548,s24,s2401b,,0,18.68791079212288
s2401b:s24_s2401b_raw_nemo_buffer_000048-vad_percentile_rms-0000-0000-258140,s24,s2401b,,0,-10.567076935943192
s2401b:s24_s2401b_raw_nemo_buffer_000048-vad_percentile_rms-0000-0001-259688,s24,s2401b,,0,24.97475860115389
s2401b:s24_s2401b_raw_nemo_buffer_000049-vad_percentile_rms-0000-0000-260520,s24,s2401b,,0,-0.6196271282009587
s2401b:s24_s2401b_raw_nemo_buffer_000049-vad_percentile_rms-0000-0001-264532,s24,s2401b,,0,9.045056980911998
s2401b:s24_s2401b_raw_nemo_buffer_000050-vad_percentile_rms-0000-0000-264992,s24,s2401b,,0,13.388731813664949
s2401b:s24_s2401b_raw_nemo_buffer_000050-vad_percentile_rms-0000-0001-265716,s24,s2401b,13,1,-15.223419423124952
s2401b:s24_s2401b_raw_nemo_buffer_000050-vad_percentile_rms-0000-0002-267148,s24,s2401b,0,1,13.698285493617357
s2401b:s24_s2401b_raw_nemo_buffer_000050-vad_percentile_rms-0000-0003-268460,s24,s2401b,,0,15.39977221342911
s2401b:s24_s2401b_raw_nemo_buffer_000051-vad_percentile_rms-0000-0000-268828,s24,s2401b,,0,-2.140735412236692
s2401b:s24_s2401b_raw_nemo_buffer_000051-vad_percentile_rms-0000-0001-269284,s24,s2401b,12,1,15.15860601789488
s2401b:s24_s2401b_raw_nemo_buffer_000051-vad_percentile_rms-0000-0003-270536,s24,s2401b,,0,32.5466073613869
s2401b:s24_s2401b_raw_nemo_buffer_000052-vad_percentile_rms-0000-0000-270784,s24,s2401b,,0,-1.4396380743176422
s2401b:s24_s2401b_raw_nemo_buffer_000052-vad_percentile_rms-0000-0001-272636,s24,s2401b,,0,32.042596725105014
s2401b:s24_s2401b_raw_nemo_buffer_000053-vad_percentile_rms-0000-0000-272828,s24,s2401b,,0,14.072278398357764
s2401b:s24_s2401b_raw_nemo_buffer_000054-vad_percentile_rms-0000-0000-276144,s24,s2401b,,0,1.7214150261940215
s2401b:s24_s2401b_raw_nemo_buffer_000054-vad_percentile_rms-0000-0001-278088,s24,s2401b,,0,27.214036268937196
s2401b:s24_s2401b_raw_nemo_buffer_000055-vad_percentile_rms-0000-0000-278696,s24,s2401b,,0,-13.086652435927832
s2401b:s24_s2401b_raw_nemo_buffer_000055-vad_percentile_rms-0000-0001-279208,s24,s2401b,,0,16.103560842714426
s2401b:s24_s2401b_raw_nemo_buffer_000056-vad_percentile_rms-0000-0000-280464,s24,s2401b,,0,-22.38071438860352
s2401b:s24_s2401b_raw_nemo_buffer_000056-vad_percentile_rms-0000-0001-281184,s24,s2401b,,0,11.730049039509156
s2401b:s24_s2401b_raw_nemo_buffer_000056-vad_percentile_rms-0000-0002-281248,s24,s2401b,,0,29.549405032262207
s2401b:s24_s2401b_raw_nemo_buffer_000057-vad_percentile_rms-0000-0000-281556,s24,s2401b,,0,-6.896956701070291
s2401b:s24_s2401b_raw_nemo_buffer_000057-vad_percentile_rms-0000-0001-284224,s24,s2401b,,0,28.15154432689837
s2401b:s24_s2401b_raw_nemo_buffer_000058-vad_percentile_rms-0000-0000-286704,s24,s2401b,-13,1,-28.763931838689178
s2401b:s24_s2401b_raw_nemo_buffer_000058-vad_percentile_rms-0000-0001-288268,s24,s2401b,,0,11.465954264126426
s2401b:s24_s2401b_raw_nemo_buffer_000059-vad_percentile_rms-0000-0000-292732,s24,s2401b,,0,-1.6703747763930838
s2401b:s24_s2401b_raw_nemo_buffer_000059-vad_percentile_rms-0000-0001-296204,s24,s2401b,,0,33.416403742508244
s2401b:s24_s2401b_raw_nemo_buffer_000060-vad_percentile_rms-0000-0000-297332,s24,s2401b,,0,6.7465054185875095
s2401b:s24_s2401b_raw_nemo_buffer_000060-vad_percentile_rms-0000-0001-298092,s24,s2401b,,0,40.49786481589986
s2401b:s24_s2401b_raw_nemo_buffer_000061-vad_percentile_rms-0000-0000-299096,s24,s2401b,,0,9.592769609654127
s2401b:s24_s2401b_raw_nemo_buffer_000061-vad_percentile_rms-0000-0001-300524,s24,s2401b,,0,9.490215460761025
s2401b:s24_s2401b_raw_nemo_buffer_000062-vad_percentile_rms-0000-0000-303128,s24,s2401b,,0,-31.731040592774168
s2401b:s24_s2401b_raw_nemo_buffer_000062-vad_percentile_rms-0000-0002-303628,s24,s2401b,,0,18.577628823440776
s2401b:s24_s2401b_raw_nemo_buffer_000063-vad_percentile_rms-0000-0000-305304,s24,s2401b,,0,7.361416012340257
s2401b:s24_s2401b_raw_nemo_buffer_000063-vad_percentile_rms-0000-0001-307748,s24,s2401b,,0,10.443599469931755
s2401b:s24_s2401b_raw_nemo_buffer_000064-vad_percentile_rms-0000-0000-310284,s24,s2401b,,0,3.856919968050347
s2401b:s24_s2401b_raw_nemo_buffer_000064-vad_percentile_rms-0000-0001-313228,s24,s2401b,,0,30.590043026640938
s2401b:s24_s2401b_raw_nemo_buffer_000065-vad_percentile_rms-0000-0000-319036,s24,s2401b,,0,0.03394186095550289
s2401b:s24_s2401b_raw_nemo_buffer_000065-vad_percentile_rms-0000-0001-321800,s24,s2401b,,0,27.64560784189203
s2401b:s24_s2401b_raw_nemo_buffer_000066-vad_percentile_rms-0000-0000-322132,s24,s2401b,,0,-6.499771940509657
s2401b:s24_s2401b_raw_nemo_buffer_000066-vad_percentile_rms-0000-0001-322824,s24,s2401b,,0,22.986809692269315
s2401b:s24_s2401b_raw_nemo_buffer_000067-vad_percentile_rms-0000-0000-323868,s24,s2401b,,0,-2.743473590387284
s2401b:s24_s2401b_raw_nemo_buffer_000067-vad_percentile_rms-0000-0001-324332,s24,s2401b,,0,14.343867908537469
s2401b:s24_s2401b_raw_nemo_buffer_000068-vad_percentile_rms-0000-0000-325848,s24,s2401b,,0,4.542920630483383
s2401b:s24_s2401b_raw_nemo_buffer_000068-vad_percentile_rms-0000-0001-329224,s24,s2401b,,0,10.572206518838566
s2401b:s24_s2401b_raw_nemo_buffer_000069-vad_percentile_rms-0000-0000-329624,s24,s2401b,,0,-16.116262928284762
s2401b:s24_s2401b_raw_nemo_buffer_000069-vad_percentile_rms-0000-0001-332232,s24,s2401b,,0,31.958952331940605
s2401b:s24_s2401b_raw_nemo_buffer_000070-vad_percentile_rms-0000-0000-333016,s24,s2401b,,0,-14.303410600305718
s2401b:s24_s2401b_raw_nemo_buffer_000070-vad_percentile_rms-0000-0001-333804,s24,s2401b,,0,9.56640794129494
s2401b:s24_s2401b_raw_nemo_buffer_000071-vad_percentile_rms-0000-0000-334068,s24,s2401b,-36,1,-8.682451136601102
s2401b:s24_s2401b_raw_nemo_buffer_000071-vad_percentile_rms-0000-0001-335112,s24,s2401b,,0,27.553702610801714
s2401b:s24_s2401b_raw_nemo_buffer_000072-vad_percentile_rms-0000-0000-335540,s24,s2401b,,0,4.6250430906250966
s2401b:s24_s2401b_raw_nemo_buffer_000072-vad_percentile_rms-0000-0001-336588,s24,s2401b,,0,21.772163423386
s2401b:s24_s2401b_raw_nemo_buffer_000073-vad_percentile_rms-0000-0000-339496,s24,s2401b,,0,19.837071273172597
s2401b:s24_s2401b_raw_nemo_buffer_000074-vad_percentile_rms-0000-0000-348676,s24,s2401b,,0,4.7011800862950155
s2401b:s24_s2401b_raw_nemo_buffer_000074-vad_percentile_rms-0000-0001-351048,s24,s2401b,,0,21.599101859585375
s2401b:s24_s2401b_raw_nemo_buffer_000075-vad_percentile_rms-0000-0000-351416,s24,s2401b,,0,1.8083382724686938
s2401b:s24_s2401b_raw_nemo_buffer_000075-vad_percentile_rms-0000-0001-352544,s24,s2401b,,0,33.460626598519056
s2401b:s24_s2401b_raw_nemo_buffer_000076-vad_percentile_rms-0000-0000-358284,s24,s2401b,,0,-24.25998691146206
s2401b:s24_s2401b_raw_nemo_buffer_000076-vad_percentile_rms-0000-0001-359916,s24,s2401b,,0,5.433788181399451
s2401b:s24_s2401b_raw_nemo_buffer_000077-vad_percentile_rms-0000-0000-361208,s24,s2401b,,0,-21.348410566169097
s2401b:s24_s2401b_raw_nemo_buffer_000077-vad_percentile_rms-0000-0001-363364,s24,s2401b,,0,33.82770884520764
s2401b:s24_s2401b_raw_nemo_buffer_000078-vad_percentile_rms-0000-0000-363632,s24,s2401b,-30,1,-13.19934981479204
s2401b:s24_s2401b_raw_nemo_buffer_000078-vad_percentile_rms-0000-0002-366936,s24,s2401b,,0,30.853187200959095
s2401b:s24_s2401b_raw_nemo_buffer_000079-vad_percentile_rms-0000-0000-367544,s24,s2401b,-8,1,-13.317163704092248
s2401b:s24_s2401b_raw_nemo_buffer_000079-vad_percentile_rms-0000-0001-368964,s24,s2401b,,0,25.793329907864084
s2401b:s24_s2401b_raw_nemo_buffer_000080-vad_percentile_rms-0000-0001-376300,s24,s2401b,,0,18.963322373408076
s2401b:s24_s2401b_raw_nemo_buffer_000081-vad_percentile_rms-0000-0000-386872,s24,s2401b,,0,-60.317556303150994
s2401b:s24_s2401b_raw_nemo_buffer_000081-vad_percentile_rms-0000-0001-391372,s24,s2401b,,0,19.881210234734848
s2401b:s24_s2401b_raw_nemo_buffer_000082-vad_percentile_rms-0000-0000-391636,s24,s2401b,,0,-25.691624050330464
s2401b:s24_s2401b_raw_nemo_buffer_000082-vad_percentile_rms-0000-0001-392396,s24,s2401b,49,1,58.87566656771553
s2401b:s24_s2401b_raw_nemo_buffer_000082-vad_percentile_rms-0000-0002-395340,s24,s2401b,,0,6.379651231274354
s2401b:s24_s2401b_raw_nemo_buffer_000083-vad_percentile_rms-0000-0000-395592,s24,s2401b,-24,1,-7.412725798446587
s2401b:s24_s2401b_raw_nemo_buffer_000083-vad_percentile_rms-0000-0001-397516,s24,s2401b,,0,25.054209779279457
s2401b:s24_s2401b_raw_nemo_buffer_000084-vad_percentile_rms-0000-0000-397884,s24,s2401b,,0,-14.461226216077698
s2401b:s24_s2401b_raw_nemo_buffer_000084-vad_percentile_rms-0000-0001-400832,s24,s2401b,,0,32.07179032489773
s2401b:s24_s2401b_raw_nemo_buffer_000085-vad_percentile_rms-0000-0000-401692,s24,s2401b,,0,-3.9648277375554244
s2401b:s24_s2401b_raw_nemo_buffer_000085-vad_percentile_rms-0000-0001-402408,s24,s2401b,12,1,22.546053145071937
s2401b:s24_s2401b_raw_nemo_buffer_000085-vad_percentile_rms-0000-0002-405896,s24,s2401b,,0,25.947148990555363
s2401b:s24_s2401b_raw_nemo_buffer_000086-vad_percentile_rms-0000-0000-406344,s24,s2401b,,0,-8.68840262613438
s2401b:s24_s2401b_raw_nemo_buffer_000086-vad_percentile_rms-0000-0001-407492,s24,s2401b,20,1,13.339589592205852
s2401b:s24_s2401b_raw_nemo_buffer_000086-vad_percentile_rms-0000-0002-410020,s24,s2401b,53,1,66.27046075075243
s2401b:s24_s2401b_raw_nemo_buffer_000086-vad_percentile_rms-0000-0003-411676,s24,s2401b,41,1,37.424090348429154
s2401b:s24_s2401b_raw_nemo_buffer_000086-vad_percentile_rms-0000-0004-414136,s24,s2401b,,0,13.81691667853547
s2401b:s24_s2401b_raw_nemo_buffer_000087-vad_percentile_rms-0000-0000-414340,s24,s2401b,,0,17.32161861034338
s2401b:s24_s2401b_raw_nemo_buffer_000087-vad_percentile_rms-0000-0001-417272,s24,s2401b,8,1,11.626887886594277
s2401b:s24_s2401b_raw_nemo_buffer_000087-vad_percentile_rms-0000-0002-417996,s24,s2401b,,0,12.94729856568075
s2401b:s24_s2401b_raw_nemo_buffer_000088-vad_percentile_rms-0000-0000-420908,s24,s2401b,,0,26.3841967560644
s2401b:s24_s2401b_raw_nemo_buffer_000089-vad_percentile_rms-0000-0000-421172,s24,s2401b,,0,10.035986495385197
s2401b:s24_s2401b_raw_nemo_buffer_000089-vad_percentile_rms-0000-0001-423492,s24,s2401b,,0,23.211370586526034
s2401b:s24_s2401b_raw_nemo_buffer_000090-vad_percentile_rms-0000-0000-423796,s24,s2401b,,0,-6.009630355560361
s2401b:s24_s2401b_raw_nemo_buffer_000090-vad_percentile_rms-0000-0001-425388,s24,s2401b,,0,26.195650899855757
s2401b:s24_s2401b_raw_nemo_buffer_000091-vad_percentile_rms-0000-0000-426736,s24,s2401b,,0,-4.563337222956157
s2401b:s24_s2401b_raw_nemo_buffer_000091-vad_percentile_rms-0000-0001-427836,s24,s2401b,13,1,6.949804881586231
s2401b:s24_s2401b_raw_nemo_buffer_000091-vad_percentile_rms-0000-0002-428328,s24,s2401b,,0,3.2131524259946733
s2401b:s24_s2401b_raw_nemo_buffer_000092-vad_percentile_rms-0000-0000-442664,s24,s2401b,,0,-14.891398588457708
s2401b:s24_s2401b_raw_nemo_buffer_000092-vad_percentile_rms-0000-0001-443084,s24,s2401b,,0,28.545135078659612
s2401b:s24_s2401b_raw_nemo_buffer_000093-vad_percentile_rms-0000-0000-455424,s24,s2401b,,0,4.666144644178855
s2401b:s24_s2401b_raw_nemo_buffer_000093-vad_percentile_rms-0000-0001-456572,s24,s2401b,32,1,30.491370535286123
s2401b:s24_s2401b_raw_nemo_buffer_000093-vad_percentile_rms-0000-0002-459212,s24,s2401b,,0,-8.81318587033352
s2401b:s24_s2401b_raw_nemo_buffer_000094-vad_percentile_rms-0000-0000-460504,s24,s2401b,-8,1,-14.265908480148045
s2401b:s24_s2401b_raw_nemo_buffer_000094-vad_percentile_rms-0000-0001-462348,s24,s2401b,,0,15.610355084703873
s2401b:s24_s2401b_raw_nemo_buffer_000095-vad_percentile_rms-0000-0000-472684,s24,s2401b,,0,30.235021212051873
s2401b:s24_s2401b_raw_nemo_buffer_000096-vad_percentile_rms-0000-0000-472916,s24,s2401b,,0,-16.380636464610383
s2401b:s24_s2401b_raw_nemo_buffer_000096-vad_percentile_rms-0000-0001-476004,s24,s2401b,51,1,71.11347820453581
s2401b:s24_s2401b_raw_nemo_buffer_000096-vad_percentile_rms-0000-0002-476892,s24,s2401b,,0,22.03812736986635
s2401b:s24_s2401b_raw_nemo_buffer_000097-vad_percentile_rms-0000-0000-477212,s24,s2401b,,0,-0.019571401668425636
s2401b:s24_s2401b_raw_nemo_buffer_000097-vad_percentile_rms-0000-0001-478620,s24,s2401b,,0,23.321140502443168
s2401b:s24_s2401b_raw_nemo_buffer_000098-vad_percentile_rms-0000-0000-478908,s24,s2401b,,0,7.640915206481783
s2401b:s24_s2401b_raw_nemo_buffer_000098-vad_percentile_rms-0000-0001-479580,s24,s2401b,21,1,-3.1814874634928767
s2401b:s24_s2401b_raw_nemo_buffer_000098-vad_percentile_rms-0000-0002-481052,s24,s2401b,,0,28.23004353152706
s2401b:s24_s2401b_raw_nemo_buffer_000099-vad_percentile_rms-0000-0001-495212,s24,s2401b,-4,1,-2.781510078684761
s2401b:s24_s2401b_raw_nemo_buffer_000100-vad_percentile_rms-0000-0000-497892,s24,s2401b,37,1,46.609186516193006
s2401b:s24_s2401b_raw_nemo_buffer_000100-vad_percentile_rms-0000-0001-500616,s24,s2401b,64,1,52.43027186308666
s2401b:s24_s2401b_raw_nemo_buffer_000100-vad_percentile_rms-0000-0003-501220,s24,s2401b,4,1,2.761916469642923
s2401b:s24_s2401b_raw_nemo_buffer_000100-vad_percentile_rms-0000-0004-502988,s24,s2401b,,0,11.200113396768623
s2401b:s24_s2401b_raw_nemo_buffer_000101-vad_percentile_rms-0000-0000-503704,s24,s2401b,,0,-24.606397748698694
s2401b:s24_s2401b_raw_nemo_buffer_000101-vad_percentile_rms-0000-0001-505740,s24,s2401b,,0,19.671719357458393
s2401b:s24_s2401b_raw_nemo_buffer_000102-vad_percentile_rms-0000-0000-506648,s24,s2401b,,0,-2.7816981745717833
s2401b:s24_s2401b_raw_nemo_buffer_000102-vad_percentile_rms-0000-0001-508232,s24,s2401b,,0,27.448444860984615
s2401b:s24_s2401b_raw_nemo_buffer_000103-vad_percentile_rms-0000-0000-509720,s24,s2401b,,0,-2.6983065588134885
s2401b:s24_s2401b_raw_nemo_buffer_000103-vad_percentile_rms-0000-0001-511572,s24,s2401b,,0,29.656684334563604
s2401b:s24_s2401b_raw_nemo_buffer_000104-vad_percentile_rms-0000-0000-524056,s24,s2401b,,0,-14.000140557469717
s2401b:s24_s2401b_raw_nemo_buffer_000104-vad_percentile_rms-0000-0001-526088,s24,s2401b,,0,17.13245152827451
s2401b:s24_s2401b_raw_nemo_buffer_000105-vad_percentile_rms-0000-0000-529364,s24,s2401b,61,1,13.415797087003106
s2401b:s24_s2401b_raw_nemo_buffer_000105-vad_percentile_rms-0000-0001-533404,s24,s2401b,,0,35.16704743328387
s2401b:s24_s2401b_raw_nemo_buffer_000106-vad_percentile_rms-0000-0000-534480,s24,s2401b,,0,-7.5135156921983
s2401b:s24_s2401b_raw_nemo_buffer_000106-vad_percentile_rms-0000-0001-538060,s24,s2401b,,0,19.04796039713242
s2401b:s24_s2401b_raw_nemo_buffer_000107-vad_percentile_rms-0000-0000-538356,s24,s2401b,,0,-4.210513232175273
s2401b:s24_s2401b_raw_nemo_buffer_000107-vad_percentile_rms-0000-0001-539052,s24,s2401b,15,1,-14.89044155370394
s2401b:s24_s2401b_raw_nemo_buffer_000107-vad_percentile_rms-0000-0002-539852,s24,s2401b,,0,23.537657377971854
s2401b:s24_s2401b_raw_nemo_buffer_000108-vad_percentile_rms-0000-0000-540284,s24,s2401b,-12,1,-8.250012249451032
s2401b:s24_s2401b_raw_nemo_buffer_000108-vad_percentile_rms-0000-0001-542960,s24,s2401b,,0,15.381380954562983
s2401b:s24_s2401b_raw_nemo_buffer_000109-vad_percentile_rms-0000-0000-543580,s24,s2401b,,0,-3.3732768273998204
s2401b:s24_s2401b_raw_nemo_buffer_000109-vad_percentile_rms-0000-0001-544908,s24,s2401b,51,1,8.172530652091098
s2401b:s24_s2401b_raw_nemo_buffer_000109-vad_percentile_rms-0000-0002-544980,s24,s2401b,-21,1,-1.418961954952886
s2401b:s24_s2401b_raw_nemo_buffer_000109-vad_percentile_rms-0000-0003-547876,s24,s2401b,,0,24.455621750651666
s2401b:s24_s2401b_raw_nemo_buffer_000110-vad_percentile_rms-0000-0000-549060,s24,s2401b,,0,-16.69564893888562
s2401b:s24_s2401b_raw_nemo_buffer_000110-vad_percentile_rms-0000-0001-550668,s24,s2401b,,0,31.900687276802696
s2401b:s24_s2401b_raw_nemo_buffer_000111-vad_percentile_rms-0000-0000-550828,s24,s2401b,,0,-6.447758374047876
s2401b:s24_s2401b_raw_nemo_buffer_000111-vad_percentile_rms-0000-0002-551480,s24,s2401b,,0,19.772796066570614
s2401b:s24_s2401b_raw_nemo_buffer_000112-vad_percentile_rms-0000-0000-551992,s24,s2401b,,0,-4.052271075861228
s2401b:s24_s2401b_raw_nemo_buffer_000112-vad_percentile_rms-0000-0001-553720,s24,s2401b,,0,12.064556142007344
s2401b:s24_s2401b_raw_nemo_buffer_000113-vad_percentile_rms-0000-0000-557320,s24,s2401b,,0,-34.8205337018299
s2401b:s24_s2401b_raw_nemo_buffer_000113-vad_percentile_rms-0000-0001-558204,s24,s2401b,,0,9.683494446185726
s2401b:s24_s2401b_raw_nemo_buffer_000114-vad_percentile_rms-0000-0000-558812,s24,s2401b,-27,1,-6.372243597604143
s2401b:s24_s2401b_raw_nemo_buffer_000114-vad_percentile_rms-0000-0001-559940,s24,s2401b,,0,25.359680582126217
s2401b:s24_s2401b_raw_nemo_buffer_000115-vad_percentile_rms-0000-0000-564580,s24,s2401b,,0,16.916770426147796
s2401b:s24_s2401b_raw_nemo_buffer_000115-vad_percentile_rms-0000-0001-566176,s24,s2401b,,0,25.66030385585035
s2401b:s24_s2401b_raw_nemo_buffer_000116-vad_percentile_rms-0000-0000-567296,s24,s2401b,-17,1,-18.748766658046907
s2401b:s24_s2401b_raw_nemo_buffer_000116-vad_percentile_rms-0000-0001-568108,s24,s2401b,,0,13.19039872349469
s2401b:s24_s2401b_raw_nemo_buffer_000117-vad_percentile_rms-0000-0000-568296,s24,s2401b,-24,1,-0.8428348316933203
s2401b:s24_s2401b_raw_nemo_buffer_000117-vad_percentile_rms-0000-0001-569644,s24,s2401b,,0,12.646384686727243
