speaker_id,recording_id,geometry,unique_cutpoint_count,inside_phone_count,inside_phone_rate,depth_gt_20ms_count,depth_gt_50ms_count,depth_gt_100ms_count,depth_gt_20ms_rate,depth_gt_50ms_rate,depth_gt_100ms_rate,edge_occurrence_count,edge_inside_phone_count,edge_inside_phone_rate,edge_depth_gt_20ms_count,edge_depth_gt_50ms_count,edge_depth_gt_100ms_count,edge_depth_gt_20ms_rate,edge_depth_gt_50ms_rate,edge_depth_gt_100ms_rate,eligible_target_speech_sec,retained_target_speech_sec,speech_coverage,emitted_audio_sec,clip_count,mean_clip_duration_sec,geometry_fingerprint,candidate_count,selected_cutpoint_sha256,selected_clip_sha256
s01,s0101b,O0_4,55,9,0.16363636363636364,5,0,0,0.09090909090909091,0.0,0.0,56,9,0.16071428571428573,5,0,0,0.08928571428571429,0.0,0.0,209.11561500000002,130.0281159999999,0.6218001271688864,143.732,28,5.133285714285714,87130029b5443647ed1f1febd32ab768bf957a0a1698217eb3cf14b2d00c6ecf,172,859d0c4cd3b83eaf7502c4710a4394c7135806d330b5d8a746af01d127bd64d8,b30ca7cab60532a8eb945a34f5853f41ceeff0068be93bf74e3f95fd318082ca
s01,s0101b,O0_4_sw0p25,55,9,0.16363636363636364,5,0,0,0.09090909090909091,0.0,0.0,56,9,0.16071428571428573,5,0,0,0.08928571428571429,0.0,0.0,209.11561500000002,130.0281159999999,0.6218001271688864,143.732,28,5.133285714285714,87130029b5443647ed1f1febd32ab768bf957a0a1698217eb3cf14b2d00c6ecf,172,859d0c4cd3b83eaf7502c4710a4394c7135806d330b5d8a746af01d127bd64d8,b30ca7cab60532a8eb945a34f5853f41ceeff0068be93bf74e3f95fd318082ca
s01,s0101b,O0_4_sw0p5,56,9,0.16071428571428573,5,0,0,0.08928571428571429,0.0,0.0,58,9,0.15517241379310345,5,0,0,0.08620689655172414,0.0,0.0,209.11561500000002,132.5012669999999,0.633626843217805,146.96800000000002,29,5.067862068965518,87130029b5443647ed1f1febd32ab768bf957a0a1698217eb3cf14b2d00c6ecf,172,db74b37f4359d69b04699dc503f10643a8813162d697b6e48cd6d4da70f2f0d9,b49f7eea36e1122320218e4701c3ec2e28d7ff936df5c27ee2fb003f21973083
s01,s0101b,O0_4_sw1,56,9,0.16071428571428573,5,0,0,0.08928571428571429,0.0,0.0,58,9,0.15517241379310345,5,0,0,0.08620689655172414,0.0,0.0,209.11561500000002,132.5012669999999,0.633626843217805,146.96800000000002,29,5.067862068965518,87130029b5443647ed1f1febd32ab768bf957a0a1698217eb3cf14b2d00c6ecf,172,db74b37f4359d69b04699dc503f10643a8813162d697b6e48cd6d4da70f2f0d9,b49f7eea36e1122320218e4701c3ec2e28d7ff936df5c27ee2fb003f21973083
s01,s0101b,O0_4_sw2,58,8,0.13793103448275862,5,0,0,0.08620689655172414,0.0,0.0,62,8,0.12903225806451613,5,0,0,0.08064516129032258,0.0,0.0,209.11561500000002,134.37320199999985,0.6425785181082715,149.12,31,4.8103225806451615,87130029b5443647ed1f1febd32ab768bf957a0a1698217eb3cf14b2d00c6ecf,172,6fa0d5384eefdda1d2416294dd391c5532a7ef3fb7d8e893ab778f224b6bcbd5,68ed9df6ea4e5e3393076074b6699d02c739ed78a73708e2d06482e68eda99bf
s01,s0101b,O0_4_sw4,59,8,0.13559322033898305,5,0,0,0.0847457627118644,0.0,0.0,64,8,0.125,5,0,0,0.078125,0.0,0.0,209.11561500000002,135.42320199999983,0.6475996639466632,150.596,32,4.706125,87130029b5443647ed1f1febd32ab768bf957a0a1698217eb3cf14b2d00c6ecf,172,03a2fb60a107f6e13156de556591ab5b86b653d91b65afd6eda8895f282ad0bb,feb4d88822e7502d269cb96693d0e25995558348eaa8a9e643f10bbf24abf3c7
s01,s0101b,O0_4_keep90,55,9,0.16363636363636364,5,0,0,0.09090909090909091,0.0,0.0,56,9,0.16071428571428573,5,0,0,0.08928571428571429,0.0,0.0,209.11561500000002,130.0281159999999,0.6218001271688864,143.732,28,5.133285714285714,87130029b5443647ed1f1febd32ab768bf957a0a1698217eb3cf14b2d00c6ecf,172,859d0c4cd3b83eaf7502c4710a4394c7135806d330b5d8a746af01d127bd64d8,b30ca7cab60532a8eb945a34f5853f41ceeff0068be93bf74e3f95fd318082ca
s01,s0101b,O0_4_keep80,55,8,0.14545454545454545,5,0,0,0.09090909090909091,0.0,0.0,56,8,0.14285714285714285,5,0,0,0.08928571428571429,0.0,0.0,209.11561500000002,131.46040699999986,0.6286494052584254,145.268,28,5.188142857142857,87130029b5443647ed1f1febd32ab768bf957a0a1698217eb3cf14b2d00c6ecf,170,ad4ed8db021dac587ef67a2562b5db527fe5ac9c06359920942217c6696b8581,e0644c43f01b669e1ba4868fb4df4f97b4bba323a4f9b2ac94b8c875b3a27abd
s01,s0101b,O0_4_keep70,55,8,0.14545454545454545,5,0,0,0.09090909090909091,0.0,0.0,56,8,0.14285714285714285,5,0,0,0.08928571428571429,0.0,0.0,209.11561500000002,130.66826399999985,0.6248613428509384,144.42000000000002,28,5.157857142857144,87130029b5443647ed1f1febd32ab768bf957a0a1698217eb3cf14b2d00c6ecf,162,551793a0a457be4cee1152314adb6e8810e74dccaaa5a5a53caa1abcc773131c,5213dc2fbc912653005b37029936525f092837cb4c91ffa89ad036bc00b0c0d6
s01,s0101b,O0_4_keep60,53,9,0.16981132075471697,6,0,0,0.11320754716981132,0.0,0.0,54,9,0.16666666666666666,6,0,0,0.1111111111111111,0.0,0.0,209.11561500000002,126.0171429999999,0.6026194791814083,139.0320000000001,27,5.149333333333337,87130029b5443647ed1f1febd32ab768bf957a0a1698217eb3cf14b2d00c6ecf,151,40953dde8095b998e1bb53a2aeabd6703f4fc49a43663735a2a4ecccafc256c8,f648f5d691617ca59fa8efc14ba7f6c57663e6ef308223f95c5069c1675e63ef
s01,s0101b,O0_4_keep50,22,4,0.18181818181818182,3,0,0,0.13636363636363635,0.0,0.0,22,4,0.18181818181818182,3,0,0,0.13636363636363635,0.0,0.0,209.11561500000002,60.25258799999991,0.2881305061795596,68.40400000000011,11,6.218545454545464,87130029b5443647ed1f1febd32ab768bf957a0a1698217eb3cf14b2d00c6ecf,98,714b58a69bb857b3c0800a4b0a05b819710afd30c2dd3bcd6c92f1740768731a,62b3a06c267f85006c84f4a51770a98c83731baf4d9a84f541a44e9dcea83716
s01,s0101b,O0_4_MARGIN_all_s0p5,55,9,0.16363636363636364,5,0,0,0.09090909090909091,0.0,0.0,56,9,0.16071428571428573,5,0,0,0.08928571428571429,0.0,0.0,209.11561500000002,130.0281159999999,0.6218001271688864,143.732,28,5.133285714285714,87130029b5443647ed1f1febd32ab768bf957a0a1698217eb3cf14b2d00c6ecf,172,859d0c4cd3b83eaf7502c4710a4394c7135806d330b5d8a746af01d127bd64d8,b30ca7cab60532a8eb945a34f5853f41ceeff0068be93bf74e3f95fd318082ca
s01,s0101b,O0_4_MARGIN_all_s1,55,9,0.16363636363636364,5,0,0,0.09090909090909091,0.0,0.0,56,9,0.16071428571428573,5,0,0,0.08928571428571429,0.0,0.0,209.11561500000002,129.6340409999999,0.6199156433153015,143.196,28,5.114142857142857,87130029b5443647ed1f1febd32ab768bf957a0a1698217eb3cf14b2d00c6ecf,172,90d6de491f42d17f5cdbdf3172430b6279bc3609ad977d63edcb216305c29f26,8e1b016d78c9ef7934d9afb89c915137fa141edfd4cd58cb632282aa9e7898fa
s01,s0101b,O0_4_MARGIN_all_s2,55,9,0.16363636363636364,5,0,0,0.09090909090909091,0.0,0.0,56,9,0.16071428571428573,5,0,0,0.08928571428571429,0.0,0.0,209.11561500000002,129.6340409999999,0.6199156433153015,143.196,28,5.114142857142857,87130029b5443647ed1f1febd32ab768bf957a0a1698217eb3cf14b2d00c6ecf,172,90d6de491f42d17f5cdbdf3172430b6279bc3609ad977d63edcb216305c29f26,8e1b016d78c9ef7934d9afb89c915137fa141edfd4cd58cb632282aa9e7898fa
s01,s0101b,O0_4_MARGIN_all_s4,56,10,0.17857142857142858,6,0,0,0.10714285714285714,0.0,0.0,58,10,0.1724137931034483,6,0,0,0.10344827586206896,0.0,0.0,209.11561500000002,129.57661999999993,0.6196410535865527,143.348,29,4.9430344827586215,87130029b5443647ed1f1febd32ab768bf957a0a1698217eb3cf14b2d00c6ecf,172,e69b2fa7992d48af8eef90e790abef05a25ca52277605e9af87b77e57006cb0f,d157e08c199e88d9bf3ca0f015efcf19fb9835123efe05c6eaf4d3b71b919576
s01,s0102a,O0_4,88,17,0.19318181818181818,5,2,0,0.056818181818181816,0.022727272727272728,0.0,90,18,0.2,5,2,0,0.05555555555555555,0.022222222222222223,0.0,315.34814700000044,206.58390100000014,0.6550978750479224,232.49600000000015,45,5.166577777777781,87130029b5443647ed1f1febd32ab768bf957a0a1698217eb3cf14b2d00c6ecf,288,62a5d1a27982008e97acaadce676afc91e8bd7ad2e01809b03b4d2f6c1aafacc,704866300ea6be4cd83acf245e9defea0e4558e41ab98cf37900ae25aa461745
s01,s0102a,O0_4_sw0p25,88,17,0.19318181818181818,5,2,0,0.056818181818181816,0.022727272727272728,0.0,90,18,0.2,5,2,0,0.05555555555555555,0.022222222222222223,0.0,315.34814700000044,206.58390100000014,0.6550978750479224,232.49600000000015,45,5.166577777777781,87130029b5443647ed1f1febd32ab768bf957a0a1698217eb3cf14b2d00c6ecf,288,62a5d1a27982008e97acaadce676afc91e8bd7ad2e01809b03b4d2f6c1aafacc,704866300ea6be4cd83acf245e9defea0e4558e41ab98cf37900ae25aa461745
s01,s0102a,O0_4_sw0p5,88,17,0.19318181818181818,5,2,0,0.056818181818181816,0.022727272727272728,0.0,90,18,0.2,5,2,0,0.05555555555555555,0.022222222222222223,0.0,315.34814700000044,206.58390100000014,0.6550978750479224,232.49600000000015,45,5.166577777777781,87130029b5443647ed1f1febd32ab768bf957a0a1698217eb3cf14b2d00c6ecf,288,62a5d1a27982008e97acaadce676afc91e8bd7ad2e01809b03b4d2f6c1aafacc,704866300ea6be4cd83acf245e9defea0e4558e41ab98cf37900ae25aa461745
s01,s0102a,O0_4_sw1,88,17,0.19318181818181818,5,2,0,0.056818181818181816,0.022727272727272728,0.0,90,19,0.2111111111111111,6,3,0,0.06666666666666667,0.03333333333333333,0.0,315.34814700000044,206.87377600000013,0.6560170971925827,232.5080000000001,45,5.166844444444447,87130029b5443647ed1f1febd32ab768bf957a0a1698217eb3cf14b2d00c6ecf,288,31a078944a5132d4ddf62bbcfbaac8579e81c4487b7ea56babb7497b4e9ecee0,aa3f4cb661b77e57f5e8a71ab1a889fe75a5f436375dde6d998a0b83f08fee7b
s01,s0102a,O0_4_sw2,88,17,0.19318181818181818,5,2,0,0.056818181818181816,0.022727272727272728,0.0,90,19,0.2111111111111111,6,3,0,0.06666666666666667,0.03333333333333333,0.0,315.34814700000044,206.87377600000013,0.6560170971925827,232.5080000000001,45,5.166844444444447,87130029b5443647ed1f1febd32ab768bf957a0a1698217eb3cf14b2d00c6ecf,288,31a078944a5132d4ddf62bbcfbaac8579e81c4487b7ea56babb7497b4e9ecee0,aa3f4cb661b77e57f5e8a71ab1a889fe75a5f436375dde6d998a0b83f08fee7b
s01,s0102a,O0_4_sw4,91,17,0.18681318681318682,6,3,1,0.06593406593406594,0.03296703296703297,0.01098901098901099,96,19,0.19791666666666666,7,4,1,0.07291666666666667,0.041666666666666664,0.010416666666666666,315.34814700000044,207.9307820000002,0.6593689672132429,233.57200000000012,48,4.866083333333336,87130029b5443647ed1f1febd32ab768bf957a0a1698217eb3cf14b2d00c6ecf,288,2105e4e8603c6af26b14d64ff40e9f021237650460707c66e343b4329bc47ab8,dc7c215ec06530b0869cc11f52ad13bca80e1f083e22712ad36a21f4e7e9d4c5
s01,s0102a,O0_4_keep90,88,17,0.19318181818181818,5,2,0,0.056818181818181816,0.022727272727272728,0.0,90,18,0.2,5,2,0,0.05555555555555555,0.022222222222222223,0.0,315.34814700000044,206.58390100000014,0.6550978750479224,232.49600000000015,45,5.166577777777781,87130029b5443647ed1f1febd32ab768bf957a0a1698217eb3cf14b2d00c6ecf,288,62a5d1a27982008e97acaadce676afc91e8bd7ad2e01809b03b4d2f6c1aafacc,704866300ea6be4cd83acf245e9defea0e4558e41ab98cf37900ae25aa461745
s01,s0102a,O0_4_keep80,88,17,0.19318181818181818,6,2,0,0.06818181818181818,0.022727272727272728,0.0,90,18,0.2,7,3,0,0.07777777777777778,0.03333333333333333,0.0,315.34814700000044,205.34734900000012,0.651176646996438,231.09600000000006,45,5.135466666666668,87130029b5443647ed1f1febd32ab768bf957a0a1698217eb3cf14b2d00c6ecf,282,f821a41d0382c73bc616b8de339bfdd4b547686fb2ebfb1ef49ca3f3d5b74391,f57b6474d0c0c8484aeae43b50fa575efce06e75b5ef45f41901b2d9786ed19e
s01,s0102a,O0_4_keep70,86,14,0.16279069767441862,4,0,0,0.046511627906976744,0.0,0.0,88,14,0.1590909090909091,4,0,0,0.045454545454545456,0.0,0.0,315.34814700000044,195.7620930000001,0.6207808571648269,219.94400000000007,44,4.998727272727274,87130029b5443647ed1f1febd32ab768bf957a0a1698217eb3cf14b2d00c6ecf,272,7ef995aa259090f8827f9f52a96e372c97ddf24e767c21cadeccbdbe142cd199,0edc3d8086938ab75bed802e1fbbbb0902b3da111f547ae21d8f035594dbb897
s01,s0102a,O0_4_keep60,72,10,0.1388888888888889,4,1,1,0.05555555555555555,0.013888888888888888,0.013888888888888888,74,10,0.13513513513513514,4,1,1,0.05405405405405406,0.013513513513513514,0.013513513513513514,315.34814700000044,160.1618880000001,0.5078891045457764,179.06799999999998,37,4.839675675675675,87130029b5443647ed1f1febd32ab768bf957a0a1698217eb3cf14b2d00c6ecf,242,830e586565ad4420c1156b173a86c70f8d8a45c69494c52f48304aefcc458ce4,272e0e54ff30bcc54dd0649b7c2359f8427346e250dda5a4916c60ae05692daf
s01,s0102a,O0_4_keep50,34,6,0.17647058823529413,2,1,1,0.058823529411764705,0.029411764705882353,0.029411764705882353,36,7,0.19444444444444445,2,1,1,0.05555555555555555,0.027777777777777776,0.027777777777777776,315.34814700000044,86.6525720000003,0.27478383121750255,98.32400000000003,18,5.462444444444446,87130029b5443647ed1f1febd32ab768bf957a0a1698217eb3cf14b2d00c6ecf,167,597bd5231af3407fb1bc7bdca2bbcde7ff79a3daa94c366122d494556b3d3640,385ff58572eeed4dab1984fd987940bdb3411f58b901c2ebaf281532b6e5b827
s01,s0102a,O0_4_MARGIN_all_s0p5,88,16,0.18181818181818182,5,2,0,0.056818181818181816,0.022727272727272728,0.0,90,17,0.18888888888888888,5,2,0,0.05555555555555555,0.022222222222222223,0.0,315.34814700000044,205.60966400000012,0.6520084736695784,230.54400000000015,45,5.123200000000003,87130029b5443647ed1f1febd32ab768bf957a0a1698217eb3cf14b2d00c6ecf,288,71c05a37096a9d570c47d8e8451053f9bb2468d5067137bb1103c3272b44bf4a,d405816a213d8c7a20a3c44ec50a899a8dd74c60e05ce0618632a47b1a35217d
s01,s0102a,O0_4_MARGIN_all_s1,88,16,0.18181818181818182,5,3,0,0.056818181818181816,0.03409090909090909,0.0,90,17,0.18888888888888888,5,3,0,0.05555555555555555,0.03333333333333333,0.0,315.34814700000044,203.74059200000016,0.646081462466941,227.8400000000001,45,5.063111111111113,87130029b5443647ed1f1febd32ab768bf957a0a1698217eb3cf14b2d00c6ecf,288,78bff033327941f478478e0a5490c7c3bf7b5cbbd1d0cd9751e10fe5997d71ec,a5b86e9c718b91c9ca0544d77b6aca45fe3540b3c2c0786d15a8e67955fb5cdb
s01,s0102a,O0_4_MARGIN_all_s2,88,17,0.19318181818181818,6,4,0,0.06818181818181818,0.045454545454545456,0.0,90,18,0.2,6,4,0,0.06666666666666667,0.044444444444444446,0.0,315.34814700000044,201.02255100000013,0.6374622870385849,224.60000000000008,45,4.991111111111113,87130029b5443647ed1f1febd32ab768bf957a0a1698217eb3cf14b2d00c6ecf,288,de13cb4ae134d76f32d330ecde4251c30af4f60d7f263938e4391825e52fff1e,8e02962047d46f68dc122082e669e1bd2e10d3f11e651ca2bb9cb2aa4752d6d5
s01,s0102a,O0_4_MARGIN_all_s4,88,18,0.20454545454545456,7,4,0,0.07954545454545454,0.045454545454545456,0.0,90,19,0.2111111111111111,7,4,0,0.07777777777777778,0.044444444444444446,0.0,315.34814700000044,198.42915900000008,0.6292383858529532,221.8240000000001,45,4.929422222222224,87130029b5443647ed1f1febd32ab768bf957a0a1698217eb3cf14b2d00c6ecf,288,41d55fcbdb7f83dea1b1325f522528f364033d5047f0d830965fd9653c8d92be,b36928b95ffc990cef09f0470a82b3abd652ccf69773c3416d95aa598417b77f
s01,s0102b,O0_4,58,12,0.20689655172413793,5,1,0,0.08620689655172414,0.017241379310344827,0.0,62,13,0.20967741935483872,6,2,0,0.0967741935483871,0.03225806451612903,0.0,247.2786510000001,146.23603599999998,0.5913815665388756,165.14799999999985,31,5.327354838709673,87130029b5443647ed1f1febd32ab768bf957a0a1698217eb3cf14b2d00c6ecf,201,df59907d57e259a080439960ed9068006c75b00c27c8df699247ca8fae9f5f4a,fb0e2f67f7e2e9605864304b91e50caddcbb402eb432d9c93264ee556badb4e2
s01,s0102b,O0_4_sw0p25,58,12,0.20689655172413793,5,1,0,0.08620689655172414,0.017241379310344827,0.0,62,13,0.20967741935483872,6,2,0,0.0967741935483871,0.03225806451612903,0.0,247.2786510000001,146.23603599999998,0.5913815665388756,165.14799999999985,31,5.327354838709673,87130029b5443647ed1f1febd32ab768bf957a0a1698217eb3cf14b2d00c6ecf,201,df59907d57e259a080439960ed9068006c75b00c27c8df699247ca8fae9f5f4a,fb0e2f67f7e2e9605864304b91e50caddcbb402eb432d9c93264ee556badb4e2
s01,s0102b,O0_4_sw0p5,58,12,0.20689655172413793,5,1,0,0.08620689655172414,0.017241379310344827,0.0,62,13,0.20967741935483872,6,2,0,0.0967741935483871,0.03225806451612903,0.0,247.2786510000001,146.23603599999998,0.5913815665388756,165.14799999999985,31,5.327354838709673,87130029b5443647ed1f1febd32ab768bf957a0a1698217eb3cf14b2d00c6ecf,201,df59907d57e259a080439960ed9068006c75b00c27c8df699247ca8fae9f5f4a,fb0e2f67f7e2e9605864304b91e50caddcbb402eb432d9c93264ee556badb4e2
s01,s0102b,O0_4_sw1,58,12,0.20689655172413793,5,1,0,0.08620689655172414,0.017241379310344827,0.0,62,13,0.20967741935483872,6,2,0,0.0967741935483871,0.03225806451612903,0.0,247.2786510000001,146.23603599999998,0.5913815665388756,165.14799999999985,31,5.327354838709673,87130029b5443647ed1f1febd32ab768bf957a0a1698217eb3cf14b2d00c6ecf,201,df59907d57e259a080439960ed9068006c75b00c27c8df699247ca8fae9f5f4a,fb0e2f67f7e2e9605864304b91e50caddcbb402eb432d9c93264ee556badb4e2
s01,s0102b,O0_4_sw2,59,13,0.22033898305084745,6,2,0,0.1016949152542373,0.03389830508474576,0.0,64,15,0.234375,8,4,0,0.125,0.0625,0.0,247.2786510000001,147.99417599999995,0.5984915212110239,167.13599999999985,32,5.222999999999995,87130029b5443647ed1f1febd32ab768bf957a0a1698217eb3cf14b2d00c6ecf,201,ba32ee48aaa7c9ce4e838cb6d88faffaa4bb82b333e032ce2abe6b0fd0566206,98808ccbb0d033f1a544820edd6b20191dd8c1c88cd9c4c0ea9a5ae8fd11165c
s01,s0102b,O0_4_sw4,61,13,0.21311475409836064,6,1,0,0.09836065573770492,0.01639344262295082,0.0,68,15,0.22058823529411764,8,2,0,0.11764705882352941,0.029411764705882353,0.0,247.2786510000001,147.99417599999995,0.5984915212110239,167.13599999999985,34,4.915764705882348,87130029b5443647ed1f1febd32ab768bf957a0a1698217eb3cf14b2d00c6ecf,201,a364c273eee7aa8e238d919e5ac79a0cef10edbd534352fe102f2d1454ac9fe9,81b9165d2f165cc85834f182fa2502294061faee3f6a4c0981306bf1cdf28908
s01,s0102b,O0_4_keep90,58,12,0.20689655172413793,5,1,0,0.08620689655172414,0.017241379310344827,0.0,62,13,0.20967741935483872,6,2,0,0.0967741935483871,0.03225806451612903,0.0,247.2786510000001,146.23603599999998,0.5913815665388756,165.14799999999985,31,5.327354838709673,87130029b5443647ed1f1febd32ab768bf957a0a1698217eb3cf14b2d00c6ecf,201,df59907d57e259a080439960ed9068006c75b00c27c8df699247ca8fae9f5f4a,fb0e2f67f7e2e9605864304b91e50caddcbb402eb432d9c93264ee556badb4e2
s01,s0102b,O0_4_keep80,57,13,0.22807017543859648,5,1,0,0.08771929824561403,0.017543859649122806,0.0,60,14,0.23333333333333334,6,2,0,0.1,0.03333333333333333,0.0,247.2786510000001,142.35323799999995,0.5756794507909212,160.07999999999987,30,5.335999999999996,87130029b5443647ed1f1febd32ab768bf957a0a1698217eb3cf14b2d00c6ecf,197,022c31f8e62102cf989856b0cf10e21630d93df2d900967cca61bac268df38cb,be22826aca284d0fb1ff76619e63eea9fbd7304314543654551726ef73758e6a
s01,s0102b,O0_4_keep70,57,13,0.22807017543859648,5,0,0,0.08771929824561403,0.0,0.0,60,13,0.21666666666666667,5,0,0,0.08333333333333333,0.0,0.0,247.2786510000001,142.1695809999999,0.5749367380688268,159.71199999999988,30,5.323733333333329,87130029b5443647ed1f1febd32ab768bf957a0a1698217eb3cf14b2d00c6ecf,189,dc79c6bf886e551036258ee7d2d607cb0b4bed3dfd96b25f1d17a65fdafddb81,9062a43073067613d740c7e1f531b5bd8c70714eb4e903f0577ff018a2321f3d
s01,s0102b,O0_4_keep60,49,14,0.2857142857142857,7,1,0,0.14285714285714285,0.02040816326530612,0.0,50,14,0.28,7,1,0,0.14,0.02,0.0,247.2786510000001,120.59211299999997,0.48767700936705577,134.72000000000003,25,5.388800000000001,87130029b5443647ed1f1febd32ab768bf957a0a1698217eb3cf14b2d00c6ecf,172,0f94c22d0fb9328506e0eeef6f164ddce91d2971b665de3ca9f44a7c1c466ffb,e9f017f0cb59cea42f51ed82006c07b72121cd2069e799c9ea106e490643f72b
s01,s0102b,O0_4_keep50,26,8,0.3076923076923077,6,1,0,0.23076923076923078,0.038461538461538464,0.0,26,8,0.3076923076923077,6,1,0,0.23076923076923078,0.038461538461538464,0.0,247.2786510000001,71.98848700000012,0.29112293644791876,82.67200000000005,13,6.359384615384619,87130029b5443647ed1f1febd32ab768bf957a0a1698217eb3cf14b2d00c6ecf,121,a05f7b06df5a4b1f3284ba65185eba63eb7a0e72ff629ae5a141fdb179b7ddf6,3c565a90d8082f145452e64a526a8cb9317dc09ec4229cde95a357d9c5a44f2a
s01,s0102b,O0_4_MARGIN_all_s0p5,58,12,0.20689655172413793,5,1,0,0.08620689655172414,0.017241379310344827,0.0,62,13,0.20967741935483872,6,2,0,0.0967741935483871,0.03225806451612903,0.0,247.2786510000001,146.23603599999998,0.5913815665388756,165.14799999999985,31,5.327354838709673,87130029b5443647ed1f1febd32ab768bf957a0a1698217eb3cf14b2d00c6ecf,201,df59907d57e259a080439960ed9068006c75b00c27c8df699247ca8fae9f5f4a,fb0e2f67f7e2e9605864304b91e50caddcbb402eb432d9c93264ee556badb4e2
s01,s0102b,O0_4_MARGIN_all_s1,58,11,0.1896551724137931,5,1,0,0.08620689655172414,0.017241379310344827,0.0,62,12,0.1935483870967742,6,2,0,0.0967741935483871,0.03225806451612903,0.0,247.2786510000001,145.93748200000002,0.5901742079626597,164.72399999999988,31,5.313677419354835,87130029b5443647ed1f1febd32ab768bf957a0a1698217eb3cf14b2d00c6ecf,201,cac375e175d517e502aa4b980390442007cae440ff0d95412aa78b2db561dfe3,16dacac935dca6b92dd4ee33fe9527ade0000d1c37a0ea4086eb26399767586a
s01,s0102b,O0_4_MARGIN_all_s2,58,11,0.1896551724137931,5,1,0,0.08620689655172414,0.017241379310344827,0.0,62,12,0.1935483870967742,6,2,0,0.0967741935483871,0.03225806451612903,0.0,247.2786510000001,145.93748200000002,0.5901742079626597,164.72399999999988,31,5.313677419354835,87130029b5443647ed1f1febd32ab768bf957a0a1698217eb3cf14b2d00c6ecf,201,cac375e175d517e502aa4b980390442007cae440ff0d95412aa78b2db561dfe3,16dacac935dca6b92dd4ee33fe9527ade0000d1c37a0ea4086eb26399767586a
s01,s0102b,O0_4_MARGIN_all_s4,58,10,0.1724137931034483,4,1,0,0.06896551724137931,0.017241379310344827,0.0,62,11,0.1774193548387097,5,2,0,0.08064516129032258,0.03225806451612903,0.0,247.2786510000001,144.366589,0.5838214840471608,163.0359999999999,31,5.259225806451609,87130029b5443647ed1f1febd32ab768bf957a0a1698217eb3cf14b2d00c6ecf,201,d0dafd14ac2be0ae7c274acd565f1eef14dca7e445246d8effbf65b4d7d07bc6,baf6855f581c63106261f9b459007165f79fccd7116fa560d5572fef84130753
s01,s0103a,O0_4,43,8,0.18604651162790697,5,2,1,0.11627906976744186,0.046511627906976744,0.023255813953488372,44,9,0.20454545454545456,6,3,2,0.13636363636363635,0.06818181818181818,0.045454545454545456,184.805317,107.549769,0.581962525461321,118.15199999999992,22,5.370545454545451,87130029b5443647ed1f1febd32ab768bf957a0a1698217eb3cf14b2d00c6ecf,176,a56356c987cad84f18a58cb752a1f1b0d8d87a2217987c592c16535f421db22e,81ad904a899666431a54e1ac5da86160b603041ef29dc61954478ff6d745d717
s01,s0103a,O0_4_sw0p25,43,8,0.18604651162790697,5,2,1,0.11627906976744186,0.046511627906976744,0.023255813953488372,44,9,0.20454545454545456,6,3,2,0.13636363636363635,0.06818181818181818,0.045454545454545456,184.805317,107.549769,0.581962525461321,118.15199999999992,22,5.370545454545451,87130029b5443647ed1f1febd32ab768bf957a0a1698217eb3cf14b2d00c6ecf,176,a56356c987cad84f18a58cb752a1f1b0d8d87a2217987c592c16535f421db22e,81ad904a899666431a54e1ac5da86160b603041ef29dc61954478ff6d745d717
s01,s0103a,O0_4_sw0p5,44,9,0.20454545454545456,6,2,1,0.13636363636363635,0.045454545454545456,0.022727272727272728,46,11,0.2391304347826087,8,3,2,0.17391304347826086,0.06521739130434782,0.043478260869565216,184.805317,107.549769,0.581962525461321,118.15199999999992,23,5.137043478260866,87130029b5443647ed1f1febd32ab768bf957a0a1698217eb3cf14b2d00c6ecf,176,9831da8a59db0d2c05d90d17cbde42243287a56e15f8210a2913b9a47fe4a7e6,00cd280523661f69f13ba2e8efab1ae192178147e7d2da46a767d152eb99538b
s01,s0103a,O0_4_sw1,44,9,0.20454545454545456,6,2,1,0.13636363636363635,0.045454545454545456,0.022727272727272728,46,11,0.2391304347826087,8,3,2,0.17391304347826086,0.06521739130434782,0.043478260869565216,184.805317,107.549769,0.581962525461321,118.15199999999992,23,5.137043478260866,87130029b5443647ed1f1febd32ab768bf957a0a1698217eb3cf14b2d00c6ecf,176,9831da8a59db0d2c05d90d17cbde42243287a56e15f8210a2913b9a47fe4a7e6,00cd280523661f69f13ba2e8efab1ae192178147e7d2da46a767d152eb99538b
s01,s0103a,O0_4_sw2,45,10,0.2222222222222222,6,2,1,0.13333333333333333,0.044444444444444446,0.022222222222222223,48,13,0.2708333333333333,8,3,2,0.16666666666666666,0.0625,0.041666666666666664,184.805317,109.14044799999999,0.590569848160808,120.15199999999992,24,5.0063333333333295,87130029b5443647ed1f1febd32ab768bf957a0a1698217eb3cf14b2d00c6ecf,176,96353f6c96a73fe87f74e4c968c66a8a0d304e33ece9ea037ff4b35d00c80ad5,55f021cc7a985ac689cd0b0936ff788c870b10be890f725665d37e72b14d3efe
s01,s0103a,O0_4_sw4,45,10,0.2222222222222222,6,2,1,0.13333333333333333,0.044444444444444446,0.022222222222222223,48,13,0.2708333333333333,8,3,2,0.16666666666666666,0.0625,0.041666666666666664,184.805317,109.14044799999999,0.590569848160808,120.15199999999992,24,5.0063333333333295,87130029b5443647ed1f1febd32ab768bf957a0a1698217eb3cf14b2d00c6ecf,176,96353f6c96a73fe87f74e4c968c66a8a0d304e33ece9ea037ff4b35d00c80ad5,55f021cc7a985ac689cd0b0936ff788c870b10be890f725665d37e72b14d3efe
s01,s0103a,O0_4_keep90,43,8,0.18604651162790697,5,2,1,0.11627906976744186,0.046511627906976744,0.023255813953488372,44,9,0.20454545454545456,6,3,2,0.13636363636363635,0.06818181818181818,0.045454545454545456,184.805317,107.549769,0.581962525461321,118.15199999999992,22,5.370545454545451,87130029b5443647ed1f1febd32ab768bf957a0a1698217eb3cf14b2d00c6ecf,176,a56356c987cad84f18a58cb752a1f1b0d8d87a2217987c592c16535f421db22e,81ad904a899666431a54e1ac5da86160b603041ef29dc61954478ff6d745d717
s01,s0103a,O0_4_keep80,43,8,0.18604651162790697,5,2,1,0.11627906976744186,0.046511627906976744,0.023255813953488372,44,9,0.20454545454545456,6,3,2,0.13636363636363635,0.06818181818181818,0.045454545454545456,184.805317,107.315427,0.5806944775295615,118.10799999999993,22,5.368545454545451,87130029b5443647ed1f1febd32ab768bf957a0a1698217eb3cf14b2d00c6ecf,175,31f5451f2e5d00c8c43b340e305b07656fda13e1a8aeba2662140261499cecfe,57c0f96f839dee13a892f161000a1acd727363ec7e0e20c3b767d7cd9098bf20
s01,s0103a,O0_4_keep70,43,8,0.18604651162790697,5,2,1,0.11627906976744186,0.046511627906976744,0.023255813953488372,44,9,0.20454545454545456,6,3,2,0.13636363636363635,0.06818181818181818,0.045454545454545456,184.805317,107.315427,0.5806944775295615,118.10799999999993,22,5.368545454545451,87130029b5443647ed1f1febd32ab768bf957a0a1698217eb3cf14b2d00c6ecf,173,31f5451f2e5d00c8c43b340e305b07656fda13e1a8aeba2662140261499cecfe,57c0f96f839dee13a892f161000a1acd727363ec7e0e20c3b767d7cd9098bf20
s01,s0103a,O0_4_keep60,40,9,0.225,6,2,1,0.15,0.05,0.025,40,9,0.225,6,2,1,0.15,0.05,0.025,184.805317,95.406911,0.5162563098766254,105.04799999999999,20,5.2524,87130029b5443647ed1f1febd32ab768bf957a0a1698217eb3cf14b2d00c6ecf,158,3cadd8fa630483167f1991dd10e3c026be560b86dadabb5073ffbc5ace45eba8,4af12df684037008215cec04787e62f4ed2901d1b0a1fb120319b8dcabc6df63
s01,s0103a,O0_4_keep50,16,5,0.3125,5,2,1,0.3125,0.125,0.0625,16,5,0.3125,5,2,1,0.3125,0.125,0.0625,184.805317,41.10254900000001,0.22240999159131342,45.556000000000054,8,5.694500000000007,87130029b5443647ed1f1febd32ab768bf957a0a1698217eb3cf14b2d00c6ecf,102,0d00fb0cb11e6e040b0c4b677230240615800e5410cbf7add210a3b87771c384,05c6682f0b33b5b774ea698c0524a8e6008be3b3ce6539789eb62505a07a2b29
s01,s0103a,O0_4_MARGIN_all_s0p5,43,8,0.18604651162790697,5,2,1,0.11627906976744186,0.046511627906976744,0.023255813953488372,44,9,0.20454545454545456,6,3,2,0.13636363636363635,0.06818181818181818,0.045454545454545456,184.805317,107.549769,0.581962525461321,118.15199999999992,22,5.370545454545451,87130029b5443647ed1f1febd32ab768bf957a0a1698217eb3cf14b2d00c6ecf,176,a56356c987cad84f18a58cb752a1f1b0d8d87a2217987c592c16535f421db22e,81ad904a899666431a54e1ac5da86160b603041ef29dc61954478ff6d745d717
s01,s0103a,O0_4_MARGIN_all_s1,43,8,0.18604651162790697,5,2,1,0.11627906976744186,0.046511627906976744,0.023255813953488372,44,9,0.20454545454545456,6,3,2,0.13636363636363635,0.06818181818181818,0.045454545454545456,184.805317,107.549769,0.581962525461321,118.15199999999992,22,5.370545454545451,87130029b5443647ed1f1febd32ab768bf957a0a1698217eb3cf14b2d00c6ecf,176,a56356c987cad84f18a58cb752a1f1b0d8d87a2217987c592c16535f421db22e,81ad904a899666431a54e1ac5da86160b603041ef29dc61954478ff6d745d717
s01,s0103a,O0_4_MARGIN_all_s2,44,9,0.20454545454545456,6,2,1,0.13636363636363635,0.045454545454545456,0.022727272727272728,46,11,0.2391304347826087,8,3,2,0.17391304347826086,0.06521739130434782,0.043478260869565216,184.805317,107.549769,0.581962525461321,118.15199999999992,23,5.137043478260866,87130029b5443647ed1f1febd32ab768bf957a0a1698217eb3cf14b2d00c6ecf,176,9831da8a59db0d2c05d90d17cbde42243287a56e15f8210a2913b9a47fe4a7e6,00cd280523661f69f13ba2e8efab1ae192178147e7d2da46a767d152eb99538b
s01,s0103a,O0_4_MARGIN_all_s4,44,9,0.20454545454545456,6,2,1,0.13636363636363635,0.045454545454545456,0.022727272727272728,46,11,0.2391304347826087,8,3,2,0.17391304347826086,0.06521739130434782,0.043478260869565216,184.805317,107.1689,0.5799016053201542,117.47999999999992,23,5.107826086956519,87130029b5443647ed1f1febd32ab768bf957a0a1698217eb3cf14b2d00c6ecf,176,a08fbdac66bcff927660c4fa6a5f36c644206453ac32c7a4015a04ac43992839,e913a483aba8712180cec5e2359cef7f40b531f93b58f9bf5fa8a5e325275f0e
s02,s0201b,O0_4,18,1,0.05555555555555555,1,0,0,0.05555555555555555,0.0,0.0,18,1,0.05555555555555555,1,0,0,0.05555555555555555,0.0,0.0,84.13449100000008,41.37084499999999,0.4917227703915146,46.39599999999999,9,5.155111111111109,87130029b5443647ed1f1febd32ab768bf957a0a1698217eb3cf14b2d00c6ecf,55,21db6eaf439f07bb1b389b3f8c0aaf3e0d91ed6bceb83ed0df29d1aa92c92a94,2d9d81e5c53bd03fa486c8447519a3e74b4ed0ae4b24bf59ea326da53b01a30e
s02,s0201b,O0_4_sw0p25,18,1,0.05555555555555555,1,0,0,0.05555555555555555,0.0,0.0,18,1,0.05555555555555555,1,0,0,0.05555555555555555,0.0,0.0,84.13449100000008,41.37084499999999,0.4917227703915146,46.39599999999999,9,5.155111111111109,87130029b5443647ed1f1febd32ab768bf957a0a1698217eb3cf14b2d00c6ecf,55,21db6eaf439f07bb1b389b3f8c0aaf3e0d91ed6bceb83ed0df29d1aa92c92a94,2d9d81e5c53bd03fa486c8447519a3e74b4ed0ae4b24bf59ea326da53b01a30e
s02,s0201b,O0_4_sw0p5,18,1,0.05555555555555555,1,0,0,0.05555555555555555,0.0,0.0,18,1,0.05555555555555555,1,0,0,0.05555555555555555,0.0,0.0,84.13449100000008,41.37084499999999,0.4917227703915146,46.39599999999999,9,5.155111111111109,87130029b5443647ed1f1febd32ab768bf957a0a1698217eb3cf14b2d00c6ecf,55,21db6eaf439f07bb1b389b3f8c0aaf3e0d91ed6bceb83ed0df29d1aa92c92a94,2d9d81e5c53bd03fa486c8447519a3e74b4ed0ae4b24bf59ea326da53b01a30e
s02,s0201b,O0_4_sw1,18,1,0.05555555555555555,1,0,0,0.05555555555555555,0.0,0.0,18,1,0.05555555555555555,1,0,0,0.05555555555555555,0.0,0.0,84.13449100000008,41.37084499999999,0.4917227703915146,46.39599999999999,9,5.155111111111109,87130029b5443647ed1f1febd32ab768bf957a0a1698217eb3cf14b2d00c6ecf,55,21db6eaf439f07bb1b389b3f8c0aaf3e0d91ed6bceb83ed0df29d1aa92c92a94,2d9d81e5c53bd03fa486c8447519a3e74b4ed0ae4b24bf59ea326da53b01a30e
s02,s0201b,O0_4_sw2,18,1,0.05555555555555555,1,0,0,0.05555555555555555,0.0,0.0,18,1,0.05555555555555555,1,0,0,0.05555555555555555,0.0,0.0,84.13449100000008,41.37084499999999,0.4917227703915146,46.39599999999999,9,5.155111111111109,87130029b5443647ed1f1febd32ab768bf957a0a1698217eb3cf14b2d00c6ecf,55,21db6eaf439f07bb1b389b3f8c0aaf3e0d91ed6bceb83ed0df29d1aa92c92a94,2d9d81e5c53bd03fa486c8447519a3e74b4ed0ae4b24bf59ea326da53b01a30e
s02,s0201b,O0_4_sw4,19,1,0.05263157894736842,1,0,0,0.05263157894736842,0.0,0.0,20,1,0.05,1,0,0,0.05,0.0,0.0,84.13449100000008,41.37084499999999,0.4917227703915146,46.39599999999999,10,4.639599999999999,87130029b5443647ed1f1febd32ab768bf957a0a1698217eb3cf14b2d00c6ecf,55,f037222f2e77904d5009bb521b4eb74381e644db92661ff457f0566b2c50c229,64f3dc217ab7dc237cc04be86d174b885519ef0c7545501c1a04b175a8210332
s02,s0201b,O0_4_keep90,18,1,0.05555555555555555,1,0,0,0.05555555555555555,0.0,0.0,18,1,0.05555555555555555,1,0,0,0.05555555555555555,0.0,0.0,84.13449100000008,41.37084499999999,0.4917227703915146,46.39599999999999,9,5.155111111111109,87130029b5443647ed1f1febd32ab768bf957a0a1698217eb3cf14b2d00c6ecf,55,21db6eaf439f07bb1b389b3f8c0aaf3e0d91ed6bceb83ed0df29d1aa92c92a94,2d9d81e5c53bd03fa486c8447519a3e74b4ed0ae4b24bf59ea326da53b01a30e
s02,s0201b,O0_4_keep80,18,1,0.05555555555555555,1,0,0,0.05555555555555555,0.0,0.0,18,1,0.05555555555555555,1,0,0,0.05555555555555555,0.0,0.0,84.13449100000008,41.37084499999999,0.4917227703915146,46.39599999999999,9,5.155111111111109,87130029b5443647ed1f1febd32ab768bf957a0a1698217eb3cf14b2d00c6ecf,54,21db6eaf439f07bb1b389b3f8c0aaf3e0d91ed6bceb83ed0df29d1aa92c92a94,2d9d81e5c53bd03fa486c8447519a3e74b4ed0ae4b24bf59ea326da53b01a30e
s02,s0201b,O0_4_keep70,18,0,0.0,0,0,0,0.0,0.0,0.0,18,0,0.0,0,0,0,0.0,0.0,0.0,84.13449100000008,41.438779,0.4925302156995275,46.45199999999997,9,5.16133333333333,87130029b5443647ed1f1febd32ab768bf957a0a1698217eb3cf14b2d00c6ecf,52,0e7af8e5ea833c353425afad4951fba3636f35007da5230f3ea01003f2a68995,d5ad1c480d59b9191abb6d081b4669f537271014c6bc7b8210fb320014f94117
s02,s0201b,O0_4_keep60,12,0,0.0,0,0,0,0.0,0.0,0.0,12,0,0.0,0,0,0,0.0,0.0,0.0,84.13449100000008,28.13005899999996,0.33434633841191164,31.563999999999965,6,5.260666666666661,87130029b5443647ed1f1febd32ab768bf957a0a1698217eb3cf14b2d00c6ecf,43,efed7b6290f2946affc52446941b52961a805203d6faef7fc15146c2935e7f3b,4043bc797941bf8a6d5958fb2ed498ffcc64dab21ae247c7773a211764009cbf
s02,s0201b,O0_4_keep50,10,0,0.0,0,0,0,0.0,0.0,0.0,10,0,0.0,0,0,0,0.0,0.0,0.0,84.13449100000008,24.336933999999957,0.2892622717596275,27.583999999999975,5,5.516799999999995,87130029b5443647ed1f1febd32ab768bf957a0a1698217eb3cf14b2d00c6ecf,34,a01ea26c3d99fa95581ac769b551b42c81e78c55947eb2011edd440336814f7f,80f104c2a71ea0abb678541a26df76944143e11a7b34f501dce088766d518294
s02,s0201b,O0_4_MARGIN_all_s0p5,18,1,0.05555555555555555,1,0,0,0.05555555555555555,0.0,0.0,18,1,0.05555555555555555,1,0,0,0.05555555555555555,0.0,0.0,84.13449100000008,41.37084499999999,0.4917227703915146,46.39599999999999,9,5.155111111111109,87130029b5443647ed1f1febd32ab768bf957a0a1698217eb3cf14b2d00c6ecf,55,21db6eaf439f07bb1b389b3f8c0aaf3e0d91ed6bceb83ed0df29d1aa92c92a94,2d9d81e5c53bd03fa486c8447519a3e74b4ed0ae4b24bf59ea326da53b01a30e
s02,s0201b,O0_4_MARGIN_all_s1,18,1,0.05555555555555555,1,0,0,0.05555555555555555,0.0,0.0,18,1,0.05555555555555555,1,0,0,0.05555555555555555,0.0,0.0,84.13449100000008,41.37084499999999,0.4917227703915146,46.39599999999999,9,5.155111111111109,87130029b5443647ed1f1febd32ab768bf957a0a1698217eb3cf14b2d00c6ecf,55,21db6eaf439f07bb1b389b3f8c0aaf3e0d91ed6bceb83ed0df29d1aa92c92a94,2d9d81e5c53bd03fa486c8447519a3e74b4ed0ae4b24bf59ea326da53b01a30e
s02,s0201b,O0_4_MARGIN_all_s2,18,1,0.05555555555555555,1,0,0,0.05555555555555555,0.0,0.0,18,1,0.05555555555555555,1,0,0,0.05555555555555555,0.0,0.0,84.13449100000008,41.37084499999999,0.4917227703915146,46.39599999999999,9,5.155111111111109,87130029b5443647ed1f1febd32ab768bf957a0a1698217eb3cf14b2d00c6ecf,55,21db6eaf439f07bb1b389b3f8c0aaf3e0d91ed6bceb83ed0df29d1aa92c92a94,2d9d81e5c53bd03fa486c8447519a3e74b4ed0ae4b24bf59ea326da53b01a30e
s02,s0201b,O0_4_MARGIN_all_s4,18,1,0.05555555555555555,1,0,0,0.05555555555555555,0.0,0.0,18,1,0.05555555555555555,1,0,0,0.05555555555555555,0.0,0.0,84.13449100000008,41.37084499999999,0.4917227703915146,46.39599999999999,9,5.155111111111109,87130029b5443647ed1f1febd32ab768bf957a0a1698217eb3cf14b2d00c6ecf,55,21db6eaf439f07bb1b389b3f8c0aaf3e0d91ed6bceb83ed0df29d1aa92c92a94,2d9d81e5c53bd03fa486c8447519a3e74b4ed0ae4b24bf59ea326da53b01a30e
s02,s0202b,O0_4,48,1,0.020833333333333332,0,0,0,0.0,0.0,0.0,50,1,0.02,0,0,0,0.0,0.0,0.0,188.87636500000005,141.02551399999996,0.7466551677866097,157.92000000000004,25,6.3168000000000015,87130029b5443647ed1f1febd32ab768bf957a0a1698217eb3cf14b2d00c6ecf,119,6e2e3788b4b7c48e6e85953085ff7393c7475c11f8d22ac26a608738f4664cf1,01c62338459f1066ab415b3f6f443cb075d613912b468b172bdf2750ef158efe
s02,s0202b,O0_4_sw0p25,48,1,0.020833333333333332,0,0,0,0.0,0.0,0.0,50,1,0.02,0,0,0,0.0,0.0,0.0,188.87636500000005,141.02551399999996,0.7466551677866097,157.92000000000004,25,6.3168000000000015,87130029b5443647ed1f1febd32ab768bf957a0a1698217eb3cf14b2d00c6ecf,119,6e2e3788b4b7c48e6e85953085ff7393c7475c11f8d22ac26a608738f4664cf1,01c62338459f1066ab415b3f6f443cb075d613912b468b172bdf2750ef158efe
s02,s0202b,O0_4_sw0p5,48,1,0.020833333333333332,0,0,0,0.0,0.0,0.0,50,1,0.02,0,0,0,0.0,0.0,0.0,188.87636500000005,141.02551399999996,0.7466551677866097,157.92000000000004,25,6.3168000000000015,87130029b5443647ed1f1febd32ab768bf957a0a1698217eb3cf14b2d00c6ecf,119,6e2e3788b4b7c48e6e85953085ff7393c7475c11f8d22ac26a608738f4664cf1,01c62338459f1066ab415b3f6f443cb075d613912b468b172bdf2750ef158efe
s02,s0202b,O0_4_sw1,48,1,0.020833333333333332,0,0,0,0.0,0.0,0.0,50,1,0.02,0,0,0,0.0,0.0,0.0,188.87636500000005,141.02551399999996,0.7466551677866097,157.92000000000004,25,6.3168000000000015,87130029b5443647ed1f1febd32ab768bf957a0a1698217eb3cf14b2d00c6ecf,119,6e2e3788b4b7c48e6e85953085ff7393c7475c11f8d22ac26a608738f4664cf1,01c62338459f1066ab415b3f6f443cb075d613912b468b172bdf2750ef158efe
s02,s0202b,O0_4_sw2,49,2,0.04081632653061224,1,1,0,0.02040816326530612,0.02040816326530612,0.0,52,2,0.038461538461538464,1,1,0,0.019230769230769232,0.019230769230769232,0.0,188.87636500000005,141.53332099999997,0.7493437360465929,158.05600000000004,26,6.079076923076925,87130029b5443647ed1f1febd32ab768bf957a0a1698217eb3cf14b2d00c6ecf,119,5d3e92576f9da4c49b97f8279a725e3e6b67d1657a2f4da500c3234f66e65b35,7eb77f46833443b8a015a7068f75bf47540dc6271a1521f7955574bd8398091d
s02,s0202b,O0_4_sw4,51,2,0.0392156862745098,1,1,0,0.0196078431372549,0.0196078431372549,0.0,56,2,0.03571428571428571,1,1,0,0.017857142857142856,0.017857142857142856,0.0,188.87636500000005,141.53332099999997,0.7493437360465929,158.05600000000004,28,5.644857142857144,87130029b5443647ed1f1febd32ab768bf957a0a1698217eb3cf14b2d00c6ecf,119,34152d50342d251006963beb9f003941c740365b2192e7241f4812cd59728eb0,3af11588ce65cef3d248e06b8c36ed0c65bf12c914787f30e57a8782da257140
s02,s0202b,O0_4_keep90,48,1,0.020833333333333332,0,0,0,0.0,0.0,0.0,50,1,0.02,0,0,0,0.0,0.0,0.0,188.87636500000005,141.02551399999996,0.7466551677866097,157.92000000000004,25,6.3168000000000015,87130029b5443647ed1f1febd32ab768bf957a0a1698217eb3cf14b2d00c6ecf,119,6e2e3788b4b7c48e6e85953085ff7393c7475c11f8d22ac26a608738f4664cf1,01c62338459f1066ab415b3f6f443cb075d613912b468b172bdf2750ef158efe
s02,s0202b,O0_4_keep80,48,1,0.020833333333333332,0,0,0,0.0,0.0,0.0,50,1,0.02,0,0,0,0.0,0.0,0.0,188.87636500000005,141.02551399999996,0.7466551677866097,157.92000000000004,25,6.3168000000000015,87130029b5443647ed1f1febd32ab768bf957a0a1698217eb3cf14b2d00c6ecf,117,746a8c3ee5e88279c3a3c5a3489c8031a0a4fd11f13778d127b159a6a938c678,839b372849bec69002d56a55d1180735137c80e70a53881911097907269ee0ae
s02,s0202b,O0_4_keep70,48,1,0.020833333333333332,0,0,0,0.0,0.0,0.0,50,1,0.02,0,0,0,0.0,0.0,0.0,188.87636500000005,136.80451399999995,0.724307215463406,153.32400000000004,25,6.1329600000000015,87130029b5443647ed1f1febd32ab768bf957a0a1698217eb3cf14b2d00c6ecf,112,16bd606c2d5a7d5173c2f7cb85bf3947e8c5241628d5cd7b476ce3854847d680,855f5edc2cd5c72dbfc97ea44895d11a1fbdb7bb70cb13366b9365d1f74d2684
s02,s0202b,O0_4_keep60,42,2,0.047619047619047616,1,1,0,0.023809523809523808,0.023809523809523808,0.0,44,2,0.045454545454545456,1,1,0,0.022727272727272728,0.022727272727272728,0.0,188.87636500000005,119.63642900000008,0.6334113270339571,132.70000000000002,22,6.031818181818182,87130029b5443647ed1f1febd32ab768bf957a0a1698217eb3cf14b2d00c6ecf,101,892d655bcf8c18a71a60684cce8bed26179c28b31f7fc7caf3b31005baccd9da,75667c7abe003b9dd99f5a20fd6d40019e19800ff27d28a3077aaafdab262dd4
s02,s0202b,O0_4_keep50,20,1,0.05,1,1,0,0.05,0.05,0.0,22,1,0.045454545454545456,1,1,0,0.045454545454545456,0.045454545454545456,0.0,188.87636500000005,53.71821400000001,0.2844094018857256,60.56800000000002,11,5.50618181818182,87130029b5443647ed1f1febd32ab768bf957a0a1698217eb3cf14b2d00c6ecf,66,0cdb52cbd91920b09c388a3d21ad643855e601e799efd0461d85bd51b2fd0960,1551f6aa1323057187bf5a03a7c256dd5f51b36cb01d3f8f1274bffbca63d3c8
s02,s0202b,O0_4_MARGIN_all_s0p5,48,1,0.020833333333333332,0,0,0,0.0,0.0,0.0,50,1,0.02,0,0,0,0.0,0.0,0.0,188.87636500000005,141.02551399999996,0.7466551677866097,157.92000000000004,25,6.3168000000000015,87130029b5443647ed1f1febd32ab768bf957a0a1698217eb3cf14b2d00c6ecf,119,6e2e3788b4b7c48e6e85953085ff7393c7475c11f8d22ac26a608738f4664cf1,01c62338459f1066ab415b3f6f443cb075d613912b468b172bdf2750ef158efe
s02,s0202b,O0_4_MARGIN_all_s1,48,1,0.020833333333333332,0,0,0,0.0,0.0,0.0,50,1,0.02,0,0,0,0.0,0.0,0.0,188.87636500000005,141.02551399999996,0.7466551677866097,157.92000000000004,25,6.3168000000000015,87130029b5443647ed1f1febd32ab768bf957a0a1698217eb3cf14b2d00c6ecf,119,6e2e3788b4b7c48e6e85953085ff7393c7475c11f8d22ac26a608738f4664cf1,01c62338459f1066ab415b3f6f443cb075d613912b468b172bdf2750ef158efe
s02,s0202b,O0_4_MARGIN_all_s2,49,1,0.02040816326530612,0,0,0,0.0,0.0,0.0,50,1,0.02,0,0,0,0.0,0.0,0.0,188.87636500000005,138.92731099999995,0.7355462977064383,155.29200000000006,25,6.211680000000002,87130029b5443647ed1f1febd32ab768bf957a0a1698217eb3cf14b2d00c6ecf,119,6a8d4c9b15464890c7549457abeec4e83327414625835ae9fda724c049d30547,4c3ee3b99e8bf1e361e07b620870af309f0e893ece5abe038f3e5d139b0280b1
s02,s0202b,O0_4_MARGIN_all_s4,49,1,0.02040816326530612,0,0,0,0.0,0.0,0.0,50,1,0.02,0,0,0,0.0,0.0,0.0,188.87636500000005,138.1779389999999,0.7315787711183444,154.24400000000006,25,6.169760000000002,87130029b5443647ed1f1febd32ab768bf957a0a1698217eb3cf14b2d00c6ecf,119,0223ad0be7ccf756396f06a54beab178084b4c3be65481dc3e3f1c9a4c27bdc8,c6404de0e934550aff4e3d87f175bf25ce5a420713c1d62fae3ec23fcfba0da2
s02,s0203a,O0_4,37,1,0.02702702702702703,1,0,0,0.02702702702702703,0.0,0.0,38,1,0.02631578947368421,1,0,0,0.02631578947368421,0.0,0.0,155.45741400000006,93.75794899999998,0.6031101803867647,106.93199999999993,19,5.627999999999997,87130029b5443647ed1f1febd32ab768bf957a0a1698217eb3cf14b2d00c6ecf,113,f8678256334704e145cabf52b55d5826e112d0dd9a319142bc744ce6a5f3a380,0e5273d051e0994f096b6ca2951fd208d7fb2e9027afe2249f27214d021486fe
s02,s0203a,O0_4_sw0p25,37,1,0.02702702702702703,1,0,0,0.02702702702702703,0.0,0.0,38,1,0.02631578947368421,1,0,0,0.02631578947368421,0.0,0.0,155.45741400000006,93.75794899999998,0.6031101803867647,106.93199999999993,19,5.627999999999997,87130029b5443647ed1f1febd32ab768bf957a0a1698217eb3cf14b2d00c6ecf,113,f8678256334704e145cabf52b55d5826e112d0dd9a319142bc744ce6a5f3a380,0e5273d051e0994f096b6ca2951fd208d7fb2e9027afe2249f27214d021486fe
s02,s0203a,O0_4_sw0p5,37,1,0.02702702702702703,1,0,0,0.02702702702702703,0.0,0.0,38,1,0.02631578947368421,1,0,0,0.02631578947368421,0.0,0.0,155.45741400000006,93.75794899999998,0.6031101803867647,106.93199999999993,19,5.627999999999997,87130029b5443647ed1f1febd32ab768bf957a0a1698217eb3cf14b2d00c6ecf,113,f8678256334704e145cabf52b55d5826e112d0dd9a319142bc744ce6a5f3a380,0e5273d051e0994f096b6ca2951fd208d7fb2e9027afe2249f27214d021486fe
s02,s0203a,O0_4_sw1,38,1,0.02631578947368421,1,0,0,0.02631578947368421,0.0,0.0,40,1,0.025,1,0,0,0.025,0.0,0.0,155.45741400000006,93.75794899999998,0.6031101803867647,106.93199999999993,20,5.346599999999997,87130029b5443647ed1f1febd32ab768bf957a0a1698217eb3cf14b2d00c6ecf,113,7274df11c3d9dc8774b8b393bd424a0b22725bf14af65b665e0460717154d955,637b3e4f782c6dafad3b430ea3ba933b512136d4b56fc1a7a90ab2286f8afa7e
s02,s0203a,O0_4_sw2,39,1,0.02564102564102564,1,0,0,0.02564102564102564,0.0,0.0,42,1,0.023809523809523808,1,0,0,0.023809523809523808,0.0,0.0,155.45741400000006,93.75794899999998,0.6031101803867647,106.87599999999992,21,5.08933333333333,87130029b5443647ed1f1febd32ab768bf957a0a1698217eb3cf14b2d00c6ecf,113,2a199ae9c15ccb9e5b25c957e5567bae911b56acc72846d86605c96a877cf90f,794c6c33bf13adfe105dd55b266c5f04686249c417cf284b005a048ec437eed0
s02,s0203a,O0_4_sw4,39,1,0.02564102564102564,1,0,0,0.02564102564102564,0.0,0.0,42,1,0.023809523809523808,1,0,0,0.023809523809523808,0.0,0.0,155.45741400000006,93.75794899999998,0.6031101803867647,106.87599999999992,21,5.08933333333333,87130029b5443647ed1f1febd32ab768bf957a0a1698217eb3cf14b2d00c6ecf,113,2a199ae9c15ccb9e5b25c957e5567bae911b56acc72846d86605c96a877cf90f,794c6c33bf13adfe105dd55b266c5f04686249c417cf284b005a048ec437eed0
s02,s0203a,O0_4_keep90,37,1,0.02702702702702703,1,0,0,0.02702702702702703,0.0,0.0,38,1,0.02631578947368421,1,0,0,0.02631578947368421,0.0,0.0,155.45741400000006,93.75794899999998,0.6031101803867647,106.93199999999993,19,5.627999999999997,87130029b5443647ed1f1febd32ab768bf957a0a1698217eb3cf14b2d00c6ecf,113,f8678256334704e145cabf52b55d5826e112d0dd9a319142bc744ce6a5f3a380,0e5273d051e0994f096b6ca2951fd208d7fb2e9027afe2249f27214d021486fe
s02,s0203a,O0_4_keep80,37,1,0.02702702702702703,1,0,0,0.02702702702702703,0.0,0.0,38,1,0.02631578947368421,1,0,0,0.02631578947368421,0.0,0.0,155.45741400000006,93.75794899999998,0.6031101803867647,106.87599999999992,19,5.625052631578943,87130029b5443647ed1f1febd32ab768bf957a0a1698217eb3cf14b2d00c6ecf,111,6e3dbc1bf8c64127ee47bfe2fafc5bf5608d200ba4897e85cb1042073b004eb1,939c7bdc2f7abd46782104c8a03f1c6cd04edcff09ee212b50136663f480ca18
s02,s0203a,O0_4_keep70,34,1,0.029411764705882353,1,0,0,0.029411764705882353,0.0,0.0,34,1,0.029411764705882353,1,0,0,0.029411764705882353,0.0,0.0,155.45741400000006,90.493894,0.5821137227974214,102.94399999999992,17,6.055529411764701,87130029b5443647ed1f1febd32ab768bf957a0a1698217eb3cf14b2d00c6ecf,107,07b6a0f03cd8f5b7f9b62bd8cce21b6b434904649d3697a7b25abca201b996cb,36e3b918350c6636f55e74764a22146299808f11169fcc2a45350dc981930028
s02,s0203a,O0_4_keep60,30,1,0.03333333333333333,1,0,0,0.03333333333333333,0.0,0.0,30,1,0.03333333333333333,1,0,0,0.03333333333333333,0.0,0.0,155.45741400000006,83.04934899999998,0.5342257204921725,94.69999999999995,15,6.31333333333333,87130029b5443647ed1f1febd32ab768bf957a0a1698217eb3cf14b2d00c6ecf,97,df7431dbfdf58ce6a0b555630fc6a463717445a7bd820c2195756b25f6f8e4f4,9f07ed9a727d6e12d7d11956cf576ae721ed037c84aa785f270abf397991d8b0
s02,s0203a,O0_4_keep50,12,0,0.0,0,0,0,0.0,0.0,0.0,12,0,0.0,0,0,0,0.0,0.0,0.0,155.45741400000006,41.473949999999995,0.26678656831381475,52.0,6,8.666666666666666,87130029b5443647ed1f1febd32ab768bf957a0a1698217eb3cf14b2d00c6ecf,66,55b9f9f57e75b3b53d5f91ea7c9f0d710befad67a4389de93a3058890fccb73c,0c2b8bafa6199a6410dca57cccec4c385873e608088f462c39ce232051ac73d1
s02,s0203a,O0_4_MARGIN_all_s0p5,37,1,0.02702702702702703,1,0,0,0.02702702702702703,0.0,0.0,38,1,0.02631578947368421,1,0,0,0.02631578947368421,0.0,0.0,155.45741400000006,93.75794899999998,0.6031101803867647,106.93199999999993,19,5.627999999999997,87130029b5443647ed1f1febd32ab768bf957a0a1698217eb3cf14b2d00c6ecf,113,f8678256334704e145cabf52b55d5826e112d0dd9a319142bc744ce6a5f3a380,0e5273d051e0994f096b6ca2951fd208d7fb2e9027afe2249f27214d021486fe
s02,s0203a,O0_4_MARGIN_all_s1,37,1,0.02702702702702703,1,0,0,0.02702702702702703,0.0,0.0,38,1,0.02631578947368421,1,0,0,0.02631578947368421,0.0,0.0,155.45741400000006,93.25704299999998,0.5998880375045988,106.17599999999993,19,5.588210526315786,87130029b5443647ed1f1febd32ab768bf957a0a1698217eb3cf14b2d00c6ecf,113,73c820df96b17d0c673a4b49a8660a9f5a75960197ca280e3812a24be7ffbea7,72572d6cfe0ec19b42a1f3816ff5156a8315d00f74d36b22e1efb5472cb86649
s02,s0203a,O0_4_MARGIN_all_s2,37,1,0.02702702702702703,1,0,0,0.02702702702702703,0.0,0.0,38,1,0.02631578947368421,1,0,0,0.02631578947368421,0.0,0.0,155.45741400000006,93.08988499999998,0.5988127719659607,105.78799999999993,19,5.567789473684207,87130029b5443647ed1f1febd32ab768bf957a0a1698217eb3cf14b2d00c6ecf,113,3a6d796873e281643acc8e1bed45c213fa4f01a5b62a4a74c2c21e18a146ed08,f1d93092929519d0f9b3748c513677946ec314f8e1e682d6a0de7a488230146c
s02,s0203a,O0_4_MARGIN_all_s4,37,1,0.02702702702702703,1,0,0,0.02702702702702703,0.0,0.0,38,1,0.02631578947368421,1,0,0,0.02631578947368421,0.0,0.0,155.45741400000006,93.08988499999998,0.5988127719659607,105.78799999999993,19,5.567789473684207,87130029b5443647ed1f1febd32ab768bf957a0a1698217eb3cf14b2d00c6ecf,113,3a6d796873e281643acc8e1bed45c213fa4f01a5b62a4a74c2c21e18a146ed08,f1d93092929519d0f9b3748c513677946ec314f8e1e682d6a0de7a488230146c
s02,s0203b,O0_4,18,2,0.1111111111111111,1,0,0,0.05555555555555555,0.0,0.0,20,2,0.1,1,0,0,0.05,0.0,0.0,91.48491799999996,58.29758999999996,0.637237167332871,64.20799999999994,10,6.4207999999999945,87130029b5443647ed1f1febd32ab768bf957a0a1698217eb3cf14b2d00c6ecf,33,ed5defc2219afb709848856fd676c6a5b8cd2c7e678784e8509cd3a4d6ed6339,658c6e45a6f1e76ee9103be794f80542a010f6dec4e159f93e1e14cc9bc3ec0d
s02,s0203b,O0_4_sw0p25,18,2,0.1111111111111111,1,0,0,0.05555555555555555,0.0,0.0,20,2,0.1,1,0,0,0.05,0.0,0.0,91.48491799999996,58.29758999999996,0.637237167332871,64.20799999999994,10,6.4207999999999945,87130029b5443647ed1f1febd32ab768bf957a0a1698217eb3cf14b2d00c6ecf,33,ed5defc2219afb709848856fd676c6a5b8cd2c7e678784e8509cd3a4d6ed6339,658c6e45a6f1e76ee9103be794f80542a010f6dec4e159f93e1e14cc9bc3ec0d
s02,s0203b,O0_4_sw0p5,18,2,0.1111111111111111,1,0,0,0.05555555555555555,0.0,0.0,20,2,0.1,1,0,0,0.05,0.0,0.0,91.48491799999996,58.29758999999996,0.637237167332871,64.20799999999994,10,6.4207999999999945,87130029b5443647ed1f1febd32ab768bf957a0a1698217eb3cf14b2d00c6ecf,33,ed5defc2219afb709848856fd676c6a5b8cd2c7e678784e8509cd3a4d6ed6339,658c6e45a6f1e76ee9103be794f80542a010f6dec4e159f93e1e14cc9bc3ec0d
s02,s0203b,O0_4_sw1,18,2,0.1111111111111111,1,0,0,0.05555555555555555,0.0,0.0,20,2,0.1,1,0,0,0.05,0.0,0.0,91.48491799999996,58.29758999999996,0.637237167332871,64.20799999999994,10,6.4207999999999945,87130029b5443647ed1f1febd32ab768bf957a0a1698217eb3cf14b2d00c6ecf,33,ed5defc2219afb709848856fd676c6a5b8cd2c7e678784e8509cd3a4d6ed6339,658c6e45a6f1e76ee9103be794f80542a010f6dec4e159f93e1e14cc9bc3ec0d
s02,s0203b,O0_4_sw2,18,2,0.1111111111111111,1,0,0,0.05555555555555555,0.0,0.0,20,2,0.1,1,0,0,0.05,0.0,0.0,91.48491799999996,58.29758999999996,0.637237167332871,64.20799999999994,10,6.4207999999999945,87130029b5443647ed1f1febd32ab768bf957a0a1698217eb3cf14b2d00c6ecf,33,ed5defc2219afb709848856fd676c6a5b8cd2c7e678784e8509cd3a4d6ed6339,658c6e45a6f1e76ee9103be794f80542a010f6dec4e159f93e1e14cc9bc3ec0d
s02,s0203b,O0_4_sw4,18,1,0.05555555555555555,0,0,0,0.0,0.0,0.0,20,1,0.05,0,0,0,0.0,0.0,0.0,91.48491799999996,59.93570799999998,0.6551430477316491,65.97599999999997,10,6.597599999999997,87130029b5443647ed1f1febd32ab768bf957a0a1698217eb3cf14b2d00c6ecf,33,4b7d5ccfa416835f9e2b8c299f8ea56f6de04cba3523e9b32011e737e2f8ab13,fb03de38d0801b952c6b12ec9cbefaa813d0514e318caa89dd535bf48db111af
s02,s0203b,O0_4_keep90,18,2,0.1111111111111111,1,0,0,0.05555555555555555,0.0,0.0,20,2,0.1,1,0,0,0.05,0.0,0.0,91.48491799999996,58.29758999999996,0.637237167332871,64.20799999999994,10,6.4207999999999945,87130029b5443647ed1f1febd32ab768bf957a0a1698217eb3cf14b2d00c6ecf,33,ed5defc2219afb709848856fd676c6a5b8cd2c7e678784e8509cd3a4d6ed6339,658c6e45a6f1e76ee9103be794f80542a010f6dec4e159f93e1e14cc9bc3ec0d
s02,s0203b,O0_4_keep80,18,2,0.1111111111111111,1,0,0,0.05555555555555555,0.0,0.0,20,2,0.1,1,0,0,0.05,0.0,0.0,91.48491799999996,58.29758999999996,0.637237167332871,64.20799999999994,10,6.4207999999999945,87130029b5443647ed1f1febd32ab768bf957a0a1698217eb3cf14b2d00c6ecf,33,ed5defc2219afb709848856fd676c6a5b8cd2c7e678784e8509cd3a4d6ed6339,658c6e45a6f1e76ee9103be794f80542a010f6dec4e159f93e1e14cc9bc3ec0d
s02,s0203b,O0_4_keep70,18,1,0.05555555555555555,0,0,0,0.0,0.0,0.0,20,1,0.05,0,0,0,0.0,0.0,0.0,91.48491799999996,59.93570799999998,0.6551430477316491,65.97599999999997,10,6.597599999999997,87130029b5443647ed1f1febd32ab768bf957a0a1698217eb3cf14b2d00c6ecf,31,4b7d5ccfa416835f9e2b8c299f8ea56f6de04cba3523e9b32011e737e2f8ab13,fb03de38d0801b952c6b12ec9cbefaa813d0514e318caa89dd535bf48db111af
s02,s0203b,O0_4_keep60,16,1,0.0625,0,0,0,0.0,0.0,0.0,18,1,0.05555555555555555,0,0,0,0.0,0.0,0.0,91.48491799999996,54.85370799999998,0.5995929077621298,60.176000000000016,9,6.686222222222224,87130029b5443647ed1f1febd32ab768bf957a0a1698217eb3cf14b2d00c6ecf,28,1c7d5cffd4448923e176f8c9c66ebf8b2777c7d7a582cb2a1ca070bc6971cd95,17af217df6683094d492ab542c66fed4553f017afdba9d29dc16697ed7a5cf8f
s02,s0203b,O0_4_keep50,8,1,0.125,0,0,0,0.0,0.0,0.0,8,1,0.125,0,0,0,0.0,0.0,0.0,91.48491799999996,28.988319999999987,0.3168644693981143,31.78,4,7.945,87130029b5443647ed1f1febd32ab768bf957a0a1698217eb3cf14b2d00c6ecf,19,7b8721f79a7f03f2ac21e3203a7612d0231c3171f4ca4a19f17d0d0e27d3f858,bc2807a14b1b66c2b43314c8fa1588880187cb45875d8be34e7a8d1125732999
s02,s0203b,O0_4_MARGIN_all_s0p5,18,2,0.1111111111111111,1,0,0,0.05555555555555555,0.0,0.0,20,2,0.1,1,0,0,0.05,0.0,0.0,91.48491799999996,58.29758999999996,0.637237167332871,64.20799999999994,10,6.4207999999999945,87130029b5443647ed1f1febd32ab768bf957a0a1698217eb3cf14b2d00c6ecf,33,ed5defc2219afb709848856fd676c6a5b8cd2c7e678784e8509cd3a4d6ed6339,658c6e45a6f1e76ee9103be794f80542a010f6dec4e159f93e1e14cc9bc3ec0d
s02,s0203b,O0_4_MARGIN_all_s1,18,2,0.1111111111111111,1,0,0,0.05555555555555555,0.0,0.0,20,2,0.1,1,0,0,0.05,0.0,0.0,91.48491799999996,58.29758999999996,0.637237167332871,64.20799999999994,10,6.4207999999999945,87130029b5443647ed1f1febd32ab768bf957a0a1698217eb3cf14b2d00c6ecf,33,ed5defc2219afb709848856fd676c6a5b8cd2c7e678784e8509cd3a4d6ed6339,658c6e45a6f1e76ee9103be794f80542a010f6dec4e159f93e1e14cc9bc3ec0d
s02,s0203b,O0_4_MARGIN_all_s2,18,2,0.1111111111111111,1,0,0,0.05555555555555555,0.0,0.0,20,2,0.1,1,0,0,0.05,0.0,0.0,91.48491799999996,58.29758999999996,0.637237167332871,64.20799999999994,10,6.4207999999999945,87130029b5443647ed1f1febd32ab768bf957a0a1698217eb3cf14b2d00c6ecf,33,ed5defc2219afb709848856fd676c6a5b8cd2c7e678784e8509cd3a4d6ed6339,658c6e45a6f1e76ee9103be794f80542a010f6dec4e159f93e1e14cc9bc3ec0d
s02,s0203b,O0_4_MARGIN_all_s4,18,1,0.05555555555555555,0,0,0,0.0,0.0,0.0,20,1,0.05,0,0,0,0.0,0.0,0.0,91.48491799999996,59.93570799999998,0.6551430477316491,65.97599999999997,10,6.597599999999997,87130029b5443647ed1f1febd32ab768bf957a0a1698217eb3cf14b2d00c6ecf,33,4b7d5ccfa416835f9e2b8c299f8ea56f6de04cba3523e9b32011e737e2f8ab13,fb03de38d0801b952c6b12ec9cbefaa813d0514e318caa89dd535bf48db111af
s02,s0204a,O0_4,33,1,0.030303030303030304,0,0,0,0.0,0.0,0.0,38,1,0.02631578947368421,0,0,0,0.0,0.0,0.0,152.81252600000005,123.56057999999999,0.808576255064326,137.4919999999999,19,7.236421052631574,87130029b5443647ed1f1febd32ab768bf957a0a1698217eb3cf14b2d00c6ecf,79,a339d24a762799163d5f79dab57107b2005853f9b615502bd8ebbf516c181c88,e14203a83afe31e82a7cfecf52436fd7dee18a3e27d22bdb85e69fb155ae8e35
s02,s0204a,O0_4_sw0p25,33,1,0.030303030303030304,0,0,0,0.0,0.0,0.0,38,1,0.02631578947368421,0,0,0,0.0,0.0,0.0,152.81252600000005,123.56057999999999,0.808576255064326,137.4919999999999,19,7.236421052631574,87130029b5443647ed1f1febd32ab768bf957a0a1698217eb3cf14b2d00c6ecf,79,a339d24a762799163d5f79dab57107b2005853f9b615502bd8ebbf516c181c88,e14203a83afe31e82a7cfecf52436fd7dee18a3e27d22bdb85e69fb155ae8e35
s02,s0204a,O0_4_sw0p5,33,1,0.030303030303030304,0,0,0,0.0,0.0,0.0,38,1,0.02631578947368421,0,0,0,0.0,0.0,0.0,152.81252600000005,123.56057999999999,0.808576255064326,137.4919999999999,19,7.236421052631574,87130029b5443647ed1f1febd32ab768bf957a0a1698217eb3cf14b2d00c6ecf,79,a339d24a762799163d5f79dab57107b2005853f9b615502bd8ebbf516c181c88,e14203a83afe31e82a7cfecf52436fd7dee18a3e27d22bdb85e69fb155ae8e35
s02,s0204a,O0_4_sw1,33,1,0.030303030303030304,0,0,0,0.0,0.0,0.0,38,1,0.02631578947368421,0,0,0,0.0,0.0,0.0,152.81252600000005,123.56057999999999,0.808576255064326,137.4919999999999,19,7.236421052631574,87130029b5443647ed1f1febd32ab768bf957a0a1698217eb3cf14b2d00c6ecf,79,a339d24a762799163d5f79dab57107b2005853f9b615502bd8ebbf516c181c88,e14203a83afe31e82a7cfecf52436fd7dee18a3e27d22bdb85e69fb155ae8e35
s02,s0204a,O0_4_sw2,34,2,0.058823529411764705,0,0,0,0.0,0.0,0.0,40,2,0.05,0,0,0,0.0,0.0,0.0,152.81252600000005,125.66757999999996,0.8223643917776735,139.9519999999999,20,6.997599999999996,87130029b5443647ed1f1febd32ab768bf957a0a1698217eb3cf14b2d00c6ecf,79,f44afe12b4e877dfe68fa97dae7794db08027dca17c6a995f4a31912f0a199dc,4c7339bac19c35c1b63d6e737f773f060cd164ff4269648b0e0700a5ab99830e
s02,s0204a,O0_4_sw4,34,2,0.058823529411764705,0,0,0,0.0,0.0,0.0,40,2,0.05,0,0,0,0.0,0.0,0.0,152.81252600000005,123.76980799999995,0.809945436017463,137.8439999999999,20,6.892199999999995,87130029b5443647ed1f1febd32ab768bf957a0a1698217eb3cf14b2d00c6ecf,79,f592327aca69f004108e1aafcef9122d44ef8560fbab3e2f350dad0783d9ce34,830b4834756d86fe9aaafc41d5e004a05f31f3a9dc263d51bd22c8d0217baa69
s02,s0204a,O0_4_keep90,33,1,0.030303030303030304,0,0,0,0.0,0.0,0.0,38,1,0.02631578947368421,0,0,0,0.0,0.0,0.0,152.81252600000005,123.56057999999999,0.808576255064326,137.4919999999999,19,7.236421052631574,87130029b5443647ed1f1febd32ab768bf957a0a1698217eb3cf14b2d00c6ecf,79,a339d24a762799163d5f79dab57107b2005853f9b615502bd8ebbf516c181c88,e14203a83afe31e82a7cfecf52436fd7dee18a3e27d22bdb85e69fb155ae8e35
s02,s0204a,O0_4_keep80,33,1,0.030303030303030304,0,0,0,0.0,0.0,0.0,38,1,0.02631578947368421,0,0,0,0.0,0.0,0.0,152.81252600000005,126.11258000000001,0.8252764567218788,140.2879999999999,19,7.383578947368416,87130029b5443647ed1f1febd32ab768bf957a0a1698217eb3cf14b2d00c6ecf,76,a3045195fd20558f34ec509a66f06e692ec863879d151b75a92c4cfef9f55180,71d5612e3f0fd6ee267814544b041a460e4d736f2702e7bd7312bf40bc617a3f
s02,s0204a,O0_4_keep70,33,1,0.030303030303030304,0,0,0,0.0,0.0,0.0,38,1,0.02631578947368421,0,0,0,0.0,0.0,0.0,152.81252600000005,124.24680799999999,0.8130669078790043,138.3759999999999,19,7.282947368421047,87130029b5443647ed1f1febd32ab768bf957a0a1698217eb3cf14b2d00c6ecf,72,8e1c39b91c992869d2f6f3cb0fb9796c87b6648b92e20c5c163e01266846bc05,c25457fe85c59139fc247939a0e12ee1a7119d6be6709be14317496ab2f039ca
s02,s0204a,O0_4_keep60,31,1,0.03225806451612903,0,0,0,0.0,0.0,0.0,34,1,0.029411764705882353,0,0,0,0.0,0.0,0.0,152.81252600000005,111.81752600000004,0.7317301069939778,124.42799999999993,17,7.319294117647054,87130029b5443647ed1f1febd32ab768bf957a0a1698217eb3cf14b2d00c6ecf,65,a0ef2c05b85d6d01991b28db70b59060074e809ec8138e401cbab4bbb43d4524,eb2394657e03a2e81d7ade3c18d0a551516ce1be8f41c8ddb5c4da05755f255e
s02,s0204a,O0_4_keep50,15,1,0.06666666666666667,0,0,0,0.0,0.0,0.0,16,1,0.0625,0,0,0,0.0,0.0,0.0,152.81252600000005,56.249892000000045,0.3680973901314872,62.33999999999996,8,7.792499999999995,87130029b5443647ed1f1febd32ab768bf957a0a1698217eb3cf14b2d00c6ecf,44,1141735bf4dde79ec047acdf9a712a10828fa93dc227a2ee728972f885b2a275,389ccf74591225dbf5b45d72a5590474d46654e72affce028aa56c78d51c7d8c
s02,s0204a,O0_4_MARGIN_all_s0p5,33,1,0.030303030303030304,0,0,0,0.0,0.0,0.0,38,1,0.02631578947368421,0,0,0,0.0,0.0,0.0,152.81252600000005,123.56057999999999,0.808576255064326,137.4919999999999,19,7.236421052631574,87130029b5443647ed1f1febd32ab768bf957a0a1698217eb3cf14b2d00c6ecf,79,a339d24a762799163d5f79dab57107b2005853f9b615502bd8ebbf516c181c88,e14203a83afe31e82a7cfecf52436fd7dee18a3e27d22bdb85e69fb155ae8e35
s02,s0204a,O0_4_MARGIN_all_s1,33,1,0.030303030303030304,0,0,0,0.0,0.0,0.0,38,1,0.02631578947368421,0,0,0,0.0,0.0,0.0,152.81252600000005,123.56057999999999,0.808576255064326,137.4919999999999,19,7.236421052631574,87130029b5443647ed1f1febd32ab768bf957a0a1698217eb3cf14b2d00c6ecf,79,a339d24a762799163d5f79dab57107b2005853f9b615502bd8ebbf516c181c88,e14203a83afe31e82a7cfecf52436fd7dee18a3e27d22bdb85e69fb155ae8e35
s02,s0204a,O0_4_MARGIN_all_s2,33,1,0.030303030303030304,0,0,0,0.0,0.0,0.0,38,1,0.02631578947368421,0,0,0,0.0,0.0,0.0,152.81252600000005,123.59257999999997,0.808785661981662,137.6879999999999,19,7.246736842105258,87130029b5443647ed1f1febd32ab768bf957a0a1698217eb3cf14b2d00c6ecf,79,c18fa0e6b894954e57ab09b9560e5541f344f33a2105e4889c05ab2d0fcb9681,92d22167105c63356597d549229df067dddb04ca0b7c8db762fbecdf3c4e5d40
s02,s0204a,O0_4_MARGIN_all_s4,33,1,0.030303030303030304,0,0,0,0.0,0.0,0.0,38,1,0.02631578947368421,0,0,0,0.0,0.0,0.0,152.81252600000005,122.77268299999997,0.80342028375344,136.67599999999993,19,7.193473684210523,87130029b5443647ed1f1febd32ab768bf957a0a1698217eb3cf14b2d00c6ecf,79,b8db9737876f5eb5a63af6c50578285bdccc66182ec0f60f6f97a5606ab92da6,1ee15407405cd5503f4c2c80535a297618fdf4b089129e7025e9afce1335abf3
s02,s0204b,O0_4,54,3,0.05555555555555555,2,0,0,0.037037037037037035,0.0,0.0,56,3,0.05357142857142857,2,0,0,0.03571428571428571,0.0,0.0,201.31874800000014,141.96639900000002,0.7051822068752381,157.82400000000004,28,5.63657142857143,87130029b5443647ed1f1febd32ab768bf957a0a1698217eb3cf14b2d00c6ecf,112,b354ab750e771ac1b16f53f9e9a7a2b437ff29d4bb808660e3a5f34bd4d65613,f15b2edb569949ce17e3de0e4606f378ee8d6c34bf2bd155b95f7643245e32a4
s02,s0204b,O0_4_sw0p25,54,3,0.05555555555555555,2,0,0,0.037037037037037035,0.0,0.0,56,3,0.05357142857142857,2,0,0,0.03571428571428571,0.0,0.0,201.31874800000014,141.96639900000002,0.7051822068752381,157.82400000000004,28,5.63657142857143,87130029b5443647ed1f1febd32ab768bf957a0a1698217eb3cf14b2d00c6ecf,112,b354ab750e771ac1b16f53f9e9a7a2b437ff29d4bb808660e3a5f34bd4d65613,f15b2edb569949ce17e3de0e4606f378ee8d6c34bf2bd155b95f7643245e32a4
s02,s0204b,O0_4_sw0p5,54,3,0.05555555555555555,2,0,0,0.037037037037037035,0.0,0.0,56,3,0.05357142857142857,2,0,0,0.03571428571428571,0.0,0.0,201.31874800000014,141.96639900000002,0.7051822068752381,157.82400000000004,28,5.63657142857143,87130029b5443647ed1f1febd32ab768bf957a0a1698217eb3cf14b2d00c6ecf,112,b354ab750e771ac1b16f53f9e9a7a2b437ff29d4bb808660e3a5f34bd4d65613,f15b2edb569949ce17e3de0e4606f378ee8d6c34bf2bd155b95f7643245e32a4
s02,s0204b,O0_4_sw1,54,3,0.05555555555555555,2,0,0,0.037037037037037035,0.0,0.0,56,3,0.05357142857142857,2,0,0,0.03571428571428571,0.0,0.0,201.31874800000014,141.96639900000002,0.7051822068752381,157.82400000000004,28,5.63657142857143,87130029b5443647ed1f1febd32ab768bf957a0a1698217eb3cf14b2d00c6ecf,112,b354ab750e771ac1b16f53f9e9a7a2b437ff29d4bb808660e3a5f34bd4d65613,f15b2edb569949ce17e3de0e4606f378ee8d6c34bf2bd155b95f7643245e32a4
s02,s0204b,O0_4_sw2,56,2,0.03571428571428571,1,0,0,0.017857142857142856,0.0,0.0,60,2,0.03333333333333333,1,0,0,0.016666666666666666,0.0,0.0,201.31874800000014,143.37139900000003,0.7121611892797979,159.30400000000003,30,5.310133333333335,87130029b5443647ed1f1febd32ab768bf957a0a1698217eb3cf14b2d00c6ecf,112,a92eb782632ed98b382f6fd8d39fb53e602d3455d28f23ef10e9e1ffeab527e8,fb2781604cbb988c4fb9903059fa83833bd99b3c0c452d3737ba9e02238990c0
s02,s0204b,O0_4_sw4,57,3,0.05263157894736842,2,0,0,0.03508771929824561,0.0,0.0,62,4,0.06451612903225806,3,0,0,0.04838709677419355,0.0,0.0,201.31874800000014,143.37139900000003,0.7121611892797979,159.30400000000003,31,5.138838709677421,87130029b5443647ed1f1febd32ab768bf957a0a1698217eb3cf14b2d00c6ecf,112,3ab8825b2105b4593c53dfa889195ebf6115f069e59fef6df4e7fce17a1742c5,c0d212c43e0c190f7205c5cd2b331e9b5aaa8af8b10856b87e3adbd9cf9bd745
s02,s0204b,O0_4_keep90,54,3,0.05555555555555555,2,0,0,0.037037037037037035,0.0,0.0,56,3,0.05357142857142857,2,0,0,0.03571428571428571,0.0,0.0,201.31874800000014,141.96639900000002,0.7051822068752381,157.82400000000004,28,5.63657142857143,87130029b5443647ed1f1febd32ab768bf957a0a1698217eb3cf14b2d00c6ecf,112,b354ab750e771ac1b16f53f9e9a7a2b437ff29d4bb808660e3a5f34bd4d65613,f15b2edb569949ce17e3de0e4606f378ee8d6c34bf2bd155b95f7643245e32a4
s02,s0204b,O0_4_keep80,54,3,0.05555555555555555,2,0,0,0.037037037037037035,0.0,0.0,56,3,0.05357142857142857,2,0,0,0.03571428571428571,0.0,0.0,201.31874800000014,141.96639900000002,0.7051822068752381,157.82400000000004,28,5.63657142857143,87130029b5443647ed1f1febd32ab768bf957a0a1698217eb3cf14b2d00c6ecf,109,b354ab750e771ac1b16f53f9e9a7a2b437ff29d4bb808660e3a5f34bd4d65613,f15b2edb569949ce17e3de0e4606f378ee8d6c34bf2bd155b95f7643245e32a4
s02,s0204b,O0_4_keep70,54,3,0.05555555555555555,2,0,0,0.037037037037037035,0.0,0.0,56,3,0.05357142857142857,2,0,0,0.03571428571428571,0.0,0.0,201.31874800000014,140.00890400000003,0.6954588451940896,155.48400000000004,28,5.553000000000002,87130029b5443647ed1f1febd32ab768bf957a0a1698217eb3cf14b2d00c6ecf,102,eb687e1e2bf388827959d87a5e94399708dd8f20660a518b85e0aa281d35247a,c58675a83ed690e0a69987be33eb52e13a3fb87be3ba069f370be98d2f725602
s02,s0204b,O0_4_keep60,49,1,0.02040816326530612,0,0,0,0.0,0.0,0.0,50,1,0.02,0,0,0,0.0,0.0,0.0,201.31874800000014,130.09096899999997,0.6461940097104115,144.56400000000002,25,5.782560000000001,87130029b5443647ed1f1febd32ab768bf957a0a1698217eb3cf14b2d00c6ecf,92,b950ba4ece252c2e727bdc888d077a5a9383c7f984593b0e9a96650f076ce08d,f02dfd2aaba1579e5739466aabead40fc2cfa68b3b1235288879411fa8c2130c
s02,s0204b,O0_4_keep50,20,1,0.05,0,0,0,0.0,0.0,0.0,20,1,0.05,0,0,0,0.0,0.0,0.0,201.31874800000014,58.24254100000006,0.28930510237427076,65.86800000000001,10,6.586800000000001,87130029b5443647ed1f1febd32ab768bf957a0a1698217eb3cf14b2d00c6ecf,65,490b5d11ab833bfa752a81b3fb8dc0143846b332cd4b334adcf4869c9ea1cb01,1b0d8eb1dad8c605cda190975ac23dbc05db2839fe0c13126dde4f69d919b129
s02,s0204b,O0_4_MARGIN_all_s0p5,54,3,0.05555555555555555,2,0,0,0.037037037037037035,0.0,0.0,56,3,0.05357142857142857,2,0,0,0.03571428571428571,0.0,0.0,201.31874800000014,141.96639900000002,0.7051822068752381,157.82400000000004,28,5.63657142857143,87130029b5443647ed1f1febd32ab768bf957a0a1698217eb3cf14b2d00c6ecf,112,b354ab750e771ac1b16f53f9e9a7a2b437ff29d4bb808660e3a5f34bd4d65613,f15b2edb569949ce17e3de0e4606f378ee8d6c34bf2bd155b95f7643245e32a4
s02,s0204b,O0_4_MARGIN_all_s1,54,3,0.05555555555555555,2,0,0,0.037037037037037035,0.0,0.0,56,3,0.05357142857142857,2,0,0,0.03571428571428571,0.0,0.0,201.31874800000014,141.96639900000002,0.7051822068752381,157.82400000000004,28,5.63657142857143,87130029b5443647ed1f1febd32ab768bf957a0a1698217eb3cf14b2d00c6ecf,112,b354ab750e771ac1b16f53f9e9a7a2b437ff29d4bb808660e3a5f34bd4d65613,f15b2edb569949ce17e3de0e4606f378ee8d6c34bf2bd155b95f7643245e32a4
s02,s0204b,O0_4_MARGIN_all_s2,54,3,0.05555555555555555,2,0,0,0.037037037037037035,0.0,0.0,56,3,0.05357142857142857,2,0,0,0.03571428571428571,0.0,0.0,201.31874800000014,141.96639900000002,0.7051822068752381,157.82400000000004,28,5.63657142857143,87130029b5443647ed1f1febd32ab768bf957a0a1698217eb3cf14b2d00c6ecf,112,b354ab750e771ac1b16f53f9e9a7a2b437ff29d4bb808660e3a5f34bd4d65613,f15b2edb569949ce17e3de0e4606f378ee8d6c34bf2bd155b95f7643245e32a4
s02,s0204b,O0_4_MARGIN_all_s4,52,3,0.057692307692307696,2,0,0,0.038461538461538464,0.0,0.0,54,3,0.05555555555555555,2,0,0,0.037037037037037035,0.0,0.0,201.31874800000014,139.13939900000003,0.6911397988626471,154.61200000000005,27,5.726370370370372,87130029b5443647ed1f1febd32ab768bf957a0a1698217eb3cf14b2d00c6ecf,112,b96cfa9077c14955f7057811ff269e8eb24e27b9757f784bdabb9ac14d21397d,67b8381db7659b57ced85ed8f599f61052e1caeed00768d75fbebb764858b378
s02,s0205b,O0_4,36,4,0.1111111111111111,1,1,0,0.027777777777777776,0.027777777777777776,0.0,38,4,0.10526315789473684,1,1,0,0.02631578947368421,0.02631578947368421,0.0,161.09723800000006,104.566663,0.6490903524987807,117.40000000000012,19,6.178947368421059,87130029b5443647ed1f1febd32ab768bf957a0a1698217eb3cf14b2d00c6ecf,91,ccd9b6dda376b4be8359c5bd3b8da70eb2c88caa266177ae4b53be250295cf7d,f37e4fbd72a893e0926b466e7c302d781c6df642f642e7bee41446efac8c9038
s02,s0205b,O0_4_sw0p25,36,4,0.1111111111111111,1,1,0,0.027777777777777776,0.027777777777777776,0.0,38,4,0.10526315789473684,1,1,0,0.02631578947368421,0.02631578947368421,0.0,161.09723800000006,104.566663,0.6490903524987807,117.40000000000012,19,6.178947368421059,87130029b5443647ed1f1febd32ab768bf957a0a1698217eb3cf14b2d00c6ecf,91,ccd9b6dda376b4be8359c5bd3b8da70eb2c88caa266177ae4b53be250295cf7d,f37e4fbd72a893e0926b466e7c302d781c6df642f642e7bee41446efac8c9038
s02,s0205b,O0_4_sw0p5,36,4,0.1111111111111111,1,1,0,0.027777777777777776,0.027777777777777776,0.0,38,4,0.10526315789473684,1,1,0,0.02631578947368421,0.02631578947368421,0.0,161.09723800000006,104.566663,0.6490903524987807,117.40000000000012,19,6.178947368421059,87130029b5443647ed1f1febd32ab768bf957a0a1698217eb3cf14b2d00c6ecf,91,ccd9b6dda376b4be8359c5bd3b8da70eb2c88caa266177ae4b53be250295cf7d,f37e4fbd72a893e0926b466e7c302d781c6df642f642e7bee41446efac8c9038
s02,s0205b,O0_4_sw1,37,3,0.08108108108108109,1,1,0,0.02702702702702703,0.02702702702702703,0.0,40,3,0.075,1,1,0,0.025,0.025,0.0,161.09723800000006,106.431288,0.6606648836524432,119.41600000000008,20,5.970800000000004,87130029b5443647ed1f1febd32ab768bf957a0a1698217eb3cf14b2d00c6ecf,91,f322f83f0981e819b79de3182901174ecc823b73bcf35e36bb454f8b9d7d2a49,ead815091ecb94a57f96a4492a3aea97a7be6d5c611aee95b1fdac66e0accfed
s02,s0205b,O0_4_sw2,38,3,0.07894736842105263,1,1,0,0.02631578947368421,0.02631578947368421,0.0,42,3,0.07142857142857142,1,1,0,0.023809523809523808,0.023809523809523808,0.0,161.09723800000006,106.431288,0.6606648836524432,119.41600000000008,21,5.686476190476195,87130029b5443647ed1f1febd32ab768bf957a0a1698217eb3cf14b2d00c6ecf,91,d4fcdf0af4a483f2ddc273ee6b07c3d12af865ffde7c0f21777cc17a6a48fe0c,8db2dc5af1060bdb19d3a53087a1647a948d5b98d66291f842d56725869e33e7
s02,s0205b,O0_4_sw4,38,3,0.07894736842105263,1,1,0,0.02631578947368421,0.02631578947368421,0.0,42,3,0.07142857142857142,1,1,0,0.023809523809523808,0.023809523809523808,0.0,161.09723800000006,106.431288,0.6606648836524432,119.13600000000008,21,5.673142857142861,87130029b5443647ed1f1febd32ab768bf957a0a1698217eb3cf14b2d00c6ecf,91,b690f3bb455a69dc5196b9d1f4a1f2b9339d155f40988b26e1d3d1e8651ddd83,9b9d2571d6b5e6fc940dd329b2bf595e12f221bf6040b5ab4cd86f82462160aa
s02,s0205b,O0_4_keep90,36,4,0.1111111111111111,1,1,0,0.027777777777777776,0.027777777777777776,0.0,38,4,0.10526315789473684,1,1,0,0.02631578947368421,0.02631578947368421,0.0,161.09723800000006,104.566663,0.6490903524987807,117.40000000000012,19,6.178947368421059,87130029b5443647ed1f1febd32ab768bf957a0a1698217eb3cf14b2d00c6ecf,91,ccd9b6dda376b4be8359c5bd3b8da70eb2c88caa266177ae4b53be250295cf7d,f37e4fbd72a893e0926b466e7c302d781c6df642f642e7bee41446efac8c9038
s02,s0205b,O0_4_keep80,36,4,0.1111111111111111,1,1,0,0.027777777777777776,0.027777777777777776,0.0,38,4,0.10526315789473684,1,1,0,0.02631578947368421,0.02631578947368421,0.0,161.09723800000006,104.566663,0.6490903524987807,117.40000000000012,19,6.178947368421059,87130029b5443647ed1f1febd32ab768bf957a0a1698217eb3cf14b2d00c6ecf,91,ccd9b6dda376b4be8359c5bd3b8da70eb2c88caa266177ae4b53be250295cf7d,f37e4fbd72a893e0926b466e7c302d781c6df642f642e7bee41446efac8c9038
s02,s0205b,O0_4_keep70,34,3,0.08823529411764706,1,1,0,0.029411764705882353,0.029411764705882353,0.0,36,3,0.08333333333333333,1,1,0,0.027777777777777776,0.027777777777777776,0.0,161.09723800000006,100.27005199999999,0.6224194358937424,112.01600000000008,18,6.223111111111115,87130029b5443647ed1f1febd32ab768bf957a0a1698217eb3cf14b2d00c6ecf,86,0a060c6193fa09eb5900456599289218f9588bb22bb29605898e751f7e7dff64,c92a044fe83f2b420b32d0bd04aa5a8d7d0c59e9705608efc215f45a22e71e4e
s02,s0205b,O0_4_keep60,30,2,0.06666666666666667,1,1,0,0.03333333333333333,0.03333333333333333,0.0,30,2,0.06666666666666667,1,1,0,0.03333333333333333,0.03333333333333333,0.0,161.09723800000006,90.10030200000006,0.5592914137981684,100.47200000000004,15,6.6981333333333355,87130029b5443647ed1f1febd32ab768bf957a0a1698217eb3cf14b2d00c6ecf,78,eaae9b8b2fa76a5a648b55d5914b580051f35254ebbfddd6a2fdde38ceb3d260,b9773b44a94b707abfbf0145cb719cf1da12c58a6871d5fdd689abf63a06a8ed
s02,s0205b,O0_4_keep50,14,0,0.0,0,0,0,0.0,0.0,0.0,14,0,0.0,0,0,0,0.0,0.0,0.0,161.09723800000006,44.11961600000015,0.2738694750309756,49.76800000000003,7,7.10971428571429,87130029b5443647ed1f1febd32ab768bf957a0a1698217eb3cf14b2d00c6ecf,52,8d6ae849f5d73a905ced02d5d1244cc7b8ff8663c47a278ef209c8ce41150a47,321df978224ccccfc5311396b8ef7fccc241407c585b07f58f82fed71c801499
s02,s0205b,O0_4_MARGIN_all_s0p5,36,4,0.1111111111111111,1,1,0,0.027777777777777776,0.027777777777777776,0.0,38,4,0.10526315789473684,1,1,0,0.02631578947368421,0.02631578947368421,0.0,161.09723800000006,104.566663,0.6490903524987807,117.40000000000012,19,6.178947368421059,87130029b5443647ed1f1febd32ab768bf957a0a1698217eb3cf14b2d00c6ecf,91,ccd9b6dda376b4be8359c5bd3b8da70eb2c88caa266177ae4b53be250295cf7d,f37e4fbd72a893e0926b466e7c302d781c6df642f642e7bee41446efac8c9038
s02,s0205b,O0_4_MARGIN_all_s1,36,4,0.1111111111111111,1,1,0,0.027777777777777776,0.027777777777777776,0.0,38,4,0.10526315789473684,1,1,0,0.02631578947368421,0.02631578947368421,0.0,161.09723800000006,104.566663,0.6490903524987807,117.40000000000012,19,6.178947368421059,87130029b5443647ed1f1febd32ab768bf957a0a1698217eb3cf14b2d00c6ecf,91,ccd9b6dda376b4be8359c5bd3b8da70eb2c88caa266177ae4b53be250295cf7d,f37e4fbd72a893e0926b466e7c302d781c6df642f642e7bee41446efac8c9038
s02,s0205b,O0_4_MARGIN_all_s2,36,4,0.1111111111111111,1,1,0,0.027777777777777776,0.027777777777777776,0.0,38,4,0.10526315789473684,1,1,0,0.02631578947368421,0.02631578947368421,0.0,161.09723800000006,103.27097599999996,0.6410474647616238,116.02400000000009,19,6.106526315789478,87130029b5443647ed1f1febd32ab768bf957a0a1698217eb3cf14b2d00c6ecf,91,faf582e5fea87d457ff710e305e6b941a2550f237df6aafc583499303f0f7e13,3e15180353b8c5c2f6c1cc4baaad1858f460c61f6e756d721b9dba1f3e41a291
s02,s0205b,O0_4_MARGIN_all_s4,36,4,0.1111111111111111,1,1,0,0.027777777777777776,0.027777777777777776,0.0,38,4,0.10526315789473684,1,1,0,0.02631578947368421,0.02631578947368421,0.0,161.09723800000006,101.04507699999996,0.6272303501565926,113.66000000000008,19,5.982105263157899,87130029b5443647ed1f1febd32ab768bf957a0a1698217eb3cf14b2d00c6ecf,91,dccd2ae2ad966fe034b32867a3604d70bd6cafd40da9daf96b330efcc193e9b1,866cabcd49134ac87cc457ffe5586debbf780d04de98a70211a0bfcf9ef2e62b
s02,s0206a,O0_4,50,4,0.08,2,0,0,0.04,0.0,0.0,52,5,0.09615384615384616,2,0,0,0.038461538461538464,0.0,0.0,206.09556500000008,151.75978500000005,0.7363563839910868,168.05999999999997,26,6.463846153846153,87130029b5443647ed1f1febd32ab768bf957a0a1698217eb3cf14b2d00c6ecf,115,ec6dd8c7c2243c42be44371049a0a2d1e4cf4c1ecf25e7c02e1418323991a254,20dd4ffc92f373ab30c59130c93c084a37d43be94a2902c91c4abbea62908b31
s02,s0206a,O0_4_sw0p25,50,4,0.08,2,0,0,0.04,0.0,0.0,52,5,0.09615384615384616,2,0,0,0.038461538461538464,0.0,0.0,206.09556500000008,151.75978500000005,0.7363563839910868,168.05999999999997,26,6.463846153846153,87130029b5443647ed1f1febd32ab768bf957a0a1698217eb3cf14b2d00c6ecf,115,ec6dd8c7c2243c42be44371049a0a2d1e4cf4c1ecf25e7c02e1418323991a254,20dd4ffc92f373ab30c59130c93c084a37d43be94a2902c91c4abbea62908b31
s02,s0206a,O0_4_sw0p5,50,4,0.08,2,0,0,0.04,0.0,0.0,52,5,0.09615384615384616,2,0,0,0.038461538461538464,0.0,0.0,206.09556500000008,151.75978500000005,0.7363563839910868,167.77199999999996,26,6.4527692307692295,87130029b5443647ed1f1febd32ab768bf957a0a1698217eb3cf14b2d00c6ecf,115,219b5d90680c91091d8ae3efee629985cc58e06a4404af8af2522155eec14afe,33e62fc55ea0d3f3311c38a6953c63437b3eee45ed8903b1072ec8a0ee059e96
s02,s0206a,O0_4_sw1,50,4,0.08,2,0,0,0.04,0.0,0.0,52,5,0.09615384615384616,2,0,0,0.038461538461538464,0.0,0.0,206.09556500000008,151.75978500000005,0.7363563839910868,167.27999999999997,26,6.433846153846153,87130029b5443647ed1f1febd32ab768bf957a0a1698217eb3cf14b2d00c6ecf,115,c025e2e06fa188e08f6ac8aebdb7395e74aed26a47b8ccb4cabb8e6362103e6a,8adcae77279466b5ac30860f5b77d3fdf0675a66941e562aafaf157a9cd347b2
s02,s0206a,O0_4_sw2,50,4,0.08,2,0,0,0.04,0.0,0.0,52,5,0.09615384615384616,2,0,0,0.038461538461538464,0.0,0.0,206.09556500000008,151.75978500000005,0.7363563839910868,167.27999999999997,26,6.433846153846153,87130029b5443647ed1f1febd32ab768bf957a0a1698217eb3cf14b2d00c6ecf,115,c025e2e06fa188e08f6ac8aebdb7395e74aed26a47b8ccb4cabb8e6362103e6a,8adcae77279466b5ac30860f5b77d3fdf0675a66941e562aafaf157a9cd347b2
s02,s0206a,O0_4_sw4,50,3,0.06,1,0,0,0.02,0.0,0.0,52,4,0.07692307692307693,1,0,0,0.019230769230769232,0.0,0.0,206.09556500000008,152.79480900000007,0.7413784425686211,168.33599999999996,26,6.4744615384615365,87130029b5443647ed1f1febd32ab768bf957a0a1698217eb3cf14b2d00c6ecf,115,7515da3af5ed5a1d57661029d8821915a4b4d4cda5dff6496cfa4eb51a37c9df,2b118ef42a4c42fbd8883b42898d28f89de0e15c76d9c5da9e740672282133c4
s02,s0206a,O0_4_keep90,50,4,0.08,2,0,0,0.04,0.0,0.0,52,5,0.09615384615384616,2,0,0,0.038461538461538464,0.0,0.0,206.09556500000008,151.75978500000005,0.7363563839910868,168.05999999999997,26,6.463846153846153,87130029b5443647ed1f1febd32ab768bf957a0a1698217eb3cf14b2d00c6ecf,115,ec6dd8c7c2243c42be44371049a0a2d1e4cf4c1ecf25e7c02e1418323991a254,20dd4ffc92f373ab30c59130c93c084a37d43be94a2902c91c4abbea62908b31
s02,s0206a,O0_4_keep80,50,4,0.08,2,0,0,0.04,0.0,0.0,52,5,0.09615384615384616,2,0,0,0.038461538461538464,0.0,0.0,206.09556500000008,151.75978500000005,0.7363563839910868,167.86799999999997,26,6.456461538461538,87130029b5443647ed1f1febd32ab768bf957a0a1698217eb3cf14b2d00c6ecf,114,04a400a6827b9bf890705cc20a6ceceb1fb1844080b1965d50799042a76cb0f6,e25b239c8625b200c1287406b4876a75106e937c457a2c382b18e7ca0440a77b
s02,s0206a,O0_4_keep70,48,3,0.0625,1,0,0,0.020833333333333332,0.0,0.0,50,4,0.08,1,0,0,0.02,0.0,0.0,206.09556500000008,148.08146000000008,0.7185087170604569,162.17999999999998,25,6.487199999999999,87130029b5443647ed1f1febd32ab768bf957a0a1698217eb3cf14b2d00c6ecf,109,2c24005b63311850a0279800abf34549b957ee40d054d17b5a48ffa40d1fa3ec,ae48b690d1af9d90b2af6515a07e60b00bfbfe58a66a39d915fd477c205b392b
s02,s0206a,O0_4_keep60,47,3,0.06382978723404255,1,0,0,0.02127659574468085,0.0,0.0,48,4,0.08333333333333333,1,0,0,0.020833333333333332,0.0,0.0,206.09556500000008,137.42428400000009,0.6667988415956454,150.17199999999994,24,6.257166666666664,87130029b5443647ed1f1febd32ab768bf957a0a1698217eb3cf14b2d00c6ecf,101,99b1a042960e6b9fbc4f9343fccf5ed23f04ceb21c5e9e660a9339aa8bfd0379,5746626a90b15b259a0358e74151becc217b36103e3120c1d3a9e7cc391acacb
s02,s0206a,O0_4_keep50,14,3,0.21428571428571427,1,0,0,0.07142857142857142,0.0,0.0,14,3,0.21428571428571427,1,0,0,0.07142857142857142,0.0,0.0,206.09556500000008,37.19750400000004,0.18048667859495193,42.024000000000015,7,6.003428571428573,87130029b5443647ed1f1febd32ab768bf957a0a1698217eb3cf14b2d00c6ecf,64,5cd1a51b2888e43e91e9a61b3897e9de353535e80bc8b42dfa3dea0f22a38d25,4709a51c536208221d8429bf375ba294bf7731149d8bdab5e9c8d6fd5ce3856a
s02,s0206a,O0_4_MARGIN_all_s0p5,50,4,0.08,2,0,0,0.04,0.0,0.0,52,5,0.09615384615384616,2,0,0,0.038461538461538464,0.0,0.0,206.09556500000008,151.75978500000005,0.7363563839910868,168.05999999999997,26,6.463846153846153,87130029b5443647ed1f1febd32ab768bf957a0a1698217eb3cf14b2d00c6ecf,115,ec6dd8c7c2243c42be44371049a0a2d1e4cf4c1ecf25e7c02e1418323991a254,20dd4ffc92f373ab30c59130c93c084a37d43be94a2902c91c4abbea62908b31
s02,s0206a,O0_4_MARGIN_all_s1,50,4,0.08,2,0,0,0.04,0.0,0.0,52,5,0.09615384615384616,2,0,0,0.038461538461538464,0.0,0.0,206.09556500000008,151.75978500000005,0.7363563839910868,167.77199999999996,26,6.4527692307692295,87130029b5443647ed1f1febd32ab768bf957a0a1698217eb3cf14b2d00c6ecf,115,219b5d90680c91091d8ae3efee629985cc58e06a4404af8af2522155eec14afe,33e62fc55ea0d3f3311c38a6953c63437b3eee45ed8903b1072ec8a0ee059e96
s02,s0206a,O0_4_MARGIN_all_s2,50,4,0.08,2,0,0,0.04,0.0,0.0,52,5,0.09615384615384616,2,0,0,0.038461538461538464,0.0,0.0,206.09556500000008,151.75978500000005,0.7363563839910868,167.53199999999995,26,6.44353846153846,87130029b5443647ed1f1febd32ab768bf957a0a1698217eb3cf14b2d00c6ecf,115,bce45be53a718ab6055505a26bcd39c1b5a1e15358c653c709f0de7e78dcaf1a,06e959ec414cf2bfe44a8380fdec4a0e05526c9a671f3ca1d15b086de7a893ca
s02,s0206a,O0_4_MARGIN_all_s4,50,4,0.08,2,0,0,0.04,0.0,0.0,52,5,0.09615384615384616,2,0,0,0.038461538461538464,0.0,0.0,206.09556500000008,151.54939800000002,0.735335561442091,167.19999999999996,26,6.430769230769229,87130029b5443647ed1f1febd32ab768bf957a0a1698217eb3cf14b2d00c6ecf,115,1f22fbe244b434859cd0712a54cffc4d0ffa661d0bad73316ae95722590bd52c,a7aca11e2f61590d965fd547f94f41874a2613208143b66712f2575abc2a19aa
s03,s0301a,O0_4,38,3,0.07894736842105263,1,0,0,0.02631578947368421,0.0,0.0,48,3,0.0625,1,0,0,0.020833333333333332,0.0,0.0,152.70144000000008,124.07675500000009,0.8125447605471174,141.71199999999996,24,5.904666666666665,87130029b5443647ed1f1febd32ab768bf957a0a1698217eb3cf14b2d00c6ecf,88,865d7f0d64629572fb08c84494255ff4cea4e92ec7d8fd07646c22ce6cc6bb9a,d6164e77a18cfc2d37c8efbdceb15af9c5bfc196dcbf20e49b1e16f975609979
s03,s0301a,O0_4_sw0p25,38,3,0.07894736842105263,1,0,0,0.02631578947368421,0.0,0.0,48,3,0.0625,1,0,0,0.020833333333333332,0.0,0.0,152.70144000000008,124.07675500000009,0.8125447605471174,141.71199999999996,24,5.904666666666665,87130029b5443647ed1f1febd32ab768bf957a0a1698217eb3cf14b2d00c6ecf,88,865d7f0d64629572fb08c84494255ff4cea4e92ec7d8fd07646c22ce6cc6bb9a,d6164e77a18cfc2d37c8efbdceb15af9c5bfc196dcbf20e49b1e16f975609979
s03,s0301a,O0_4_sw0p5,38,3,0.07894736842105263,1,0,0,0.02631578947368421,0.0,0.0,48,3,0.0625,1,0,0,0.020833333333333332,0.0,0.0,152.70144000000008,124.07675500000009,0.8125447605471174,141.71199999999996,24,5.904666666666665,87130029b5443647ed1f1febd32ab768bf957a0a1698217eb3cf14b2d00c6ecf,88,fc3743abc4eb3b9472ca0f20b14d272f9486d52fc849210c6531691d4187095a,b294f506d17398e17d39c20b37ce02ed7818b873c964f68e71cafe12697b76e4
s03,s0301a,O0_4_sw1,38,3,0.07894736842105263,1,0,0,0.02631578947368421,0.0,0.0,48,3,0.0625,1,0,0,0.020833333333333332,0.0,0.0,152.70144000000008,124.07675500000009,0.8125447605471174,141.71199999999996,24,5.904666666666665,87130029b5443647ed1f1febd32ab768bf957a0a1698217eb3cf14b2d00c6ecf,88,fc3743abc4eb3b9472ca0f20b14d272f9486d52fc849210c6531691d4187095a,b294f506d17398e17d39c20b37ce02ed7818b873c964f68e71cafe12697b76e4
s03,s0301a,O0_4_sw2,42,3,0.07142857142857142,1,1,0,0.023809523809523808,0.023809523809523808,0.0,56,4,0.07142857142857142,2,2,0,0.03571428571428571,0.03571428571428571,0.0,152.70144000000008,125.40275500000011,0.8212283721751416,143.256,28,5.1162857142857145,87130029b5443647ed1f1febd32ab768bf957a0a1698217eb3cf14b2d00c6ecf,88,233c70068576ca02c655bd02de6086b485b3e3f8817e52fa389489b92d1336af,8576f18bfdd0e9bc4ea28a4076f66c4f38a0bd61e20a5d698d64a6c253ee171a
s03,s0301a,O0_4_sw4,42,3,0.07142857142857142,1,1,0,0.023809523809523808,0.023809523809523808,0.0,56,4,0.07142857142857142,2,2,0,0.03571428571428571,0.03571428571428571,0.0,152.70144000000008,123.55575500000013,0.8091328739270571,141.208,28,5.043142857142857,87130029b5443647ed1f1febd32ab768bf957a0a1698217eb3cf14b2d00c6ecf,88,05f9bc21530e5abf6bf0820476891680590ddf55f2a51e316cad92a339f1e71e,d1cefd2e1cb0c3ef601d9ab530ce78bfe23ee56aff7e67be2f389aa52ef5946c
s03,s0301a,O0_4_keep90,38,3,0.07894736842105263,1,0,0,0.02631578947368421,0.0,0.0,48,3,0.0625,1,0,0,0.020833333333333332,0.0,0.0,152.70144000000008,124.07675500000009,0.8125447605471174,141.71199999999996,24,5.904666666666665,87130029b5443647ed1f1febd32ab768bf957a0a1698217eb3cf14b2d00c6ecf,87,865d7f0d64629572fb08c84494255ff4cea4e92ec7d8fd07646c22ce6cc6bb9a,d6164e77a18cfc2d37c8efbdceb15af9c5bfc196dcbf20e49b1e16f975609979
s03,s0301a,O0_4_keep80,36,3,0.08333333333333333,1,0,0,0.027777777777777776,0.0,0.0,44,3,0.06818181818181818,1,0,0,0.022727272727272728,0.0,0.0,152.70144000000008,123.58275500000009,0.809309689548442,140.77199999999996,22,6.398727272727271,87130029b5443647ed1f1febd32ab768bf957a0a1698217eb3cf14b2d00c6ecf,82,a4afa3845bb90d1aad934d5240e0101161dfad33dbbbe7c72ef9eed9f98d917e,ad2f05f1c3a10947abcc622380691a343757032492aed465f5f94e6f8034d971
s03,s0301a,O0_4_keep70,33,2,0.06060606060606061,0,0,0,0.0,0.0,0.0,38,2,0.05263157894736842,0,0,0,0.0,0.0,0.0,152.70144000000008,104.18122400000014,0.6822543651192817,118.89200000000001,19,6.2574736842105265,87130029b5443647ed1f1febd32ab768bf957a0a1698217eb3cf14b2d00c6ecf,78,52b204cafea3112ccdc2e51e2c1c7280c000f923763c93c47278ed59e88d1dab,e55424c80fecc92bad483ec7a0d9d5c9a6284597b05e228dc5696210647abfc9
s03,s0301a,O0_4_keep60,31,2,0.06451612903225806,0,0,0,0.0,0.0,0.0,34,2,0.058823529411764705,0,0,0,0.0,0.0,0.0,152.70144000000008,89.46310200000012,0.5858694063395871,102.37999999999997,17,6.022352941176469,87130029b5443647ed1f1febd32ab768bf957a0a1698217eb3cf14b2d00c6ecf,69,dfdcbdf32c4321cc037eba6c4d3ef6c0014b83f8c26ed544e82dfb379f63de79,ef5522a0a77f14febe3d59036de6369419b366250842f588f376652edd8e3313
s03,s0301a,O0_4_keep50,18,0,0.0,0,0,0,0.0,0.0,0.0,20,0,0.0,0,0,0,0.0,0.0,0.0,152.70144000000008,59.4596920000001,0.3893852736424756,68.19600000000001,10,6.819600000000001,87130029b5443647ed1f1febd32ab768bf957a0a1698217eb3cf14b2d00c6ecf,49,7dd81d9438f21be7eba5f983fbaaaddf414afd9c9234cc7e78f54b7ca88b8a6b,6a2ba97441d3bec25577f6a1c058dd66fb99a709b3b6dd895357a5d6931394d4
s03,s0301a,O0_4_MARGIN_all_s0p5,38,3,0.07894736842105263,1,0,0,0.02631578947368421,0.0,0.0,48,3,0.0625,1,0,0,0.020833333333333332,0.0,0.0,152.70144000000008,124.07675500000009,0.8125447605471174,141.71199999999996,24,5.904666666666665,87130029b5443647ed1f1febd32ab768bf957a0a1698217eb3cf14b2d00c6ecf,88,865d7f0d64629572fb08c84494255ff4cea4e92ec7d8fd07646c22ce6cc6bb9a,d6164e77a18cfc2d37c8efbdceb15af9c5bfc196dcbf20e49b1e16f975609979
s03,s0301a,O0_4_MARGIN_all_s1,38,4,0.10526315789473684,2,1,0,0.05263157894736842,0.02631578947368421,0.0,48,4,0.08333333333333333,2,1,0,0.041666666666666664,0.020833333333333332,0.0,152.70144000000008,123.74775500000011,0.8103902294569065,141.35199999999998,24,5.889666666666666,87130029b5443647ed1f1febd32ab768bf957a0a1698217eb3cf14b2d00c6ecf,88,0c9b08d991f9132ed3d9db5e6cb8cea1a7be134fef273ec5017a1aaf015f1fd3,18d252589eb75e9edbc54016219e2c4126d0e663b0d9b30f4fe1995800120171
s03,s0301a,O0_4_MARGIN_all_s2,38,4,0.10526315789473684,2,1,0,0.05263157894736842,0.02631578947368421,0.0,48,4,0.08333333333333333,2,1,0,0.041666666666666664,0.020833333333333332,0.0,152.70144000000008,123.27703500000011,0.8073076128162252,140.67999999999995,24,5.861666666666665,87130029b5443647ed1f1febd32ab768bf957a0a1698217eb3cf14b2d00c6ecf,88,e251c08a28f91e7c95db135a1ce88e693cffdbe7ba1d59669f6576365f864594,853cca569a547765605515c18ec7136241e97f1149ee25c551843f974e44ce5f
s03,s0301a,O0_4_MARGIN_all_s4,39,4,0.10256410256410256,2,1,0,0.05128205128205128,0.02564102564102564,0.0,50,4,0.08,2,1,0,0.04,0.02,0.0,152.70144000000008,122.25703500000013,0.8006279115638992,139.23999999999995,25,5.569599999999998,87130029b5443647ed1f1febd32ab768bf957a0a1698217eb3cf14b2d00c6ecf,88,e4a474debee128c2d6223d550df1391322c2aa708e0a19c4b0a484535d4f3052,fa57adb6ab5a8ac89ef8afec8cb3ee98e7236f5f24d8169a19621e12d5149bac
s03,s0301b,O0_4,24,1,0.041666666666666664,0,0,0,0.0,0.0,0.0,28,2,0.07142857142857142,0,0,0,0.0,0.0,0.0,99.97984400000006,85.15753900000006,0.8517470681390542,96.06000000000002,14,6.861428571428573,87130029b5443647ed1f1febd32ab768bf957a0a1698217eb3cf14b2d00c6ecf,58,37065c1a3c8f45b2ec8538be0e904fe5bd6e55c3aba4c5cda7afe026d190ea0c,a797d62befde22ba37137fb7fb539fe18bb0391641dfd2065bd5a764f2708ddd
s03,s0301b,O0_4_sw0p25,24,1,0.041666666666666664,0,0,0,0.0,0.0,0.0,28,2,0.07142857142857142,0,0,0,0.0,0.0,0.0,99.97984400000006,85.15753900000006,0.8517470681390542,96.06000000000002,14,6.861428571428573,87130029b5443647ed1f1febd32ab768bf957a0a1698217eb3cf14b2d00c6ecf,58,37065c1a3c8f45b2ec8538be0e904fe5bd6e55c3aba4c5cda7afe026d190ea0c,a797d62befde22ba37137fb7fb539fe18bb0391641dfd2065bd5a764f2708ddd
s03,s0301b,O0_4_sw0p5,24,1,0.041666666666666664,0,0,0,0.0,0.0,0.0,28,2,0.07142857142857142,0,0,0,0.0,0.0,0.0,99.97984400000006,85.15753900000006,0.8517470681390542,96.06000000000002,14,6.861428571428573,87130029b5443647ed1f1febd32ab768bf957a0a1698217eb3cf14b2d00c6ecf,58,37065c1a3c8f45b2ec8538be0e904fe5bd6e55c3aba4c5cda7afe026d190ea0c,a797d62befde22ba37137fb7fb539fe18bb0391641dfd2065bd5a764f2708ddd
s03,s0301b,O0_4_sw1,25,2,0.08,0,0,0,0.0,0.0,0.0,30,4,0.13333333333333333,0,0,0,0.0,0.0,0.0,99.97984400000006,85.15753900000006,0.8517470681390542,96.06000000000002,15,6.404000000000001,87130029b5443647ed1f1febd32ab768bf957a0a1698217eb3cf14b2d00c6ecf,58,fd7a44cd52a7c0f75f318ec58ba9c0b553853af3677bb5ae92e0431d39ea27a6,f362af2c44412773df1b95f7451f59e5a840c3276e11436a4b00a28746ef4373
s03,s0301b,O0_4_sw2,27,2,0.07407407407407407,0,0,0,0.0,0.0,0.0,32,4,0.125,0,0,0,0.0,0.0,0.0,99.97984400000006,83.73060300000007,0.8374748314270227,94.17600000000002,16,5.886000000000001,87130029b5443647ed1f1febd32ab768bf957a0a1698217eb3cf14b2d00c6ecf,58,1cf9414e87477d48a5409c1b6a424c99b15b8461a460c759903c76a37f6d89da,4b91ac78ee1ab11a65f56144c4b18550df6371116abf31fe4ab156b2f5ab1b42
s03,s0301b,O0_4_sw4,26,3,0.11538461538461539,1,0,0,0.038461538461538464,0.0,0.0,34,6,0.17647058823529413,2,0,0,0.058823529411764705,0.0,0.0,99.97984400000006,86.21222800000007,0.8622960843987716,97.03200000000002,17,5.707764705882354,87130029b5443647ed1f1febd32ab768bf957a0a1698217eb3cf14b2d00c6ecf,58,c8f80ea6d8ae857e0037576a77103b17b8032ec4dcb209e6eced554ef7a93f49,598b205d6afbb30de678f93c423148547f821d8af65ec49077dcc83ef2e30de2
s03,s0301b,O0_4_keep90,24,1,0.041666666666666664,0,0,0,0.0,0.0,0.0,28,2,0.07142857142857142,0,0,0,0.0,0.0,0.0,99.97984400000006,85.15753900000006,0.8517470681390542,96.06000000000002,14,6.861428571428573,87130029b5443647ed1f1febd32ab768bf957a0a1698217eb3cf14b2d00c6ecf,58,37065c1a3c8f45b2ec8538be0e904fe5bd6e55c3aba4c5cda7afe026d190ea0c,a797d62befde22ba37137fb7fb539fe18bb0391641dfd2065bd5a764f2708ddd
s03,s0301b,O0_4_keep80,24,1,0.041666666666666664,0,0,0,0.0,0.0,0.0,28,2,0.07142857142857142,0,0,0,0.0,0.0,0.0,99.97984400000006,85.15753900000006,0.8517470681390542,96.06000000000002,14,6.861428571428573,87130029b5443647ed1f1febd32ab768bf957a0a1698217eb3cf14b2d00c6ecf,55,15f94e1aa8d97df98ce05246a4b55be6be8b05e06db49ea8bc360a9de708b870,80b4a349cd7da699cd263f26b6e239727076e39591ec8f05c870f71888830910
s03,s0301b,O0_4_keep70,24,1,0.041666666666666664,0,0,0,0.0,0.0,0.0,28,2,0.07142857142857142,0,0,0,0.0,0.0,0.0,99.97984400000006,81.57595300000007,0.8159239876389487,91.84800000000003,14,6.56057142857143,87130029b5443647ed1f1febd32ab768bf957a0a1698217eb3cf14b2d00c6ecf,51,60736ed5d9187a39eb7956936411b702f7a0d1be537a7a64e3dd875b72a2db77,65eae702f71248495e6253c1f06e310d5d9fb3dcaa48a11ae644330d7f587f72
s03,s0301b,O0_4_keep60,17,0,0.0,0,0,0,0.0,0.0,0.0,20,0,0.0,0,0,0,0.0,0.0,0.0,99.97984400000006,63.65259300000009,0.636654254031443,72.96000000000004,10,7.296000000000004,87130029b5443647ed1f1febd32ab768bf957a0a1698217eb3cf14b2d00c6ecf,44,e5681b42fca41d7318cbbb2245dd4051d50224df1b35f24c6a60c996ceedd467,7aa9e957df3a356d67c1d439e8ef45586e754e4d942aa4e2f1b8b4ff54e75721
s03,s0301b,O0_4_keep50,12,0,0.0,0,0,0,0.0,0.0,0.0,14,0,0.0,0,0,0,0.0,0.0,0.0,99.97984400000006,53.60375600000008,0.5361456255122787,61.44400000000003,7,8.777714285714291,87130029b5443647ed1f1febd32ab768bf957a0a1698217eb3cf14b2d00c6ecf,32,8891f26fbab4531bc5acc7a14a2313ea7a39494634f79b72dc1b3a8835e345c1,79c4401590efe44b42a79043abfe66eaf3d667b27d212a25d49b41155e7a2e44
s03,s0301b,O0_4_MARGIN_all_s0p5,24,1,0.041666666666666664,0,0,0,0.0,0.0,0.0,28,2,0.07142857142857142,0,0,0,0.0,0.0,0.0,99.97984400000006,85.15753900000006,0.8517470681390542,96.06000000000002,14,6.861428571428573,87130029b5443647ed1f1febd32ab768bf957a0a1698217eb3cf14b2d00c6ecf,58,37065c1a3c8f45b2ec8538be0e904fe5bd6e55c3aba4c5cda7afe026d190ea0c,a797d62befde22ba37137fb7fb539fe18bb0391641dfd2065bd5a764f2708ddd
s03,s0301b,O0_4_MARGIN_all_s1,24,1,0.041666666666666664,0,0,0,0.0,0.0,0.0,28,2,0.07142857142857142,0,0,0,0.0,0.0,0.0,99.97984400000006,85.15753900000006,0.8517470681390542,96.06000000000002,14,6.861428571428573,87130029b5443647ed1f1febd32ab768bf957a0a1698217eb3cf14b2d00c6ecf,58,37065c1a3c8f45b2ec8538be0e904fe5bd6e55c3aba4c5cda7afe026d190ea0c,a797d62befde22ba37137fb7fb539fe18bb0391641dfd2065bd5a764f2708ddd
s03,s0301b,O0_4_MARGIN_all_s2,25,1,0.04,0,0,0,0.0,0.0,0.0,28,2,0.07142857142857142,0,0,0,0.0,0.0,0.0,99.97984400000006,84.45063900000007,0.8446766430241681,95.10000000000001,14,6.792857142857144,87130029b5443647ed1f1febd32ab768bf957a0a1698217eb3cf14b2d00c6ecf,58,03c38727c614bb4f4f7478259ebef62a37c5e4eff4502e862b383ddb3eb680a9,584d6b66c738e04852ed60e214652291e8af6429bf44a30b4b169c558414f758
s03,s0301b,O0_4_MARGIN_all_s4,24,1,0.041666666666666664,0,0,0,0.0,0.0,0.0,28,2,0.07142857142857142,0,0,0,0.0,0.0,0.0,99.97984400000006,84.52197700000006,0.8453901668420288,95.37200000000003,14,6.812285714285716,87130029b5443647ed1f1febd32ab768bf957a0a1698217eb3cf14b2d00c6ecf,58,27b30a7134b02364c2a0fb3368d555a5925559c9974c7f8c4bafca191eb21192,959e26034a893413d4374b27bf3904d8d94c684a54075073a911d8dffe7c6ce8
s03,s0302a,O0_4,49,5,0.10204081632653061,2,1,0,0.04081632653061224,0.02040816326530612,0.0,54,7,0.12962962962962962,3,1,0,0.05555555555555555,0.018518518518518517,0.0,211.1286410000003,165.46476500000017,0.7837153889509474,185.08800000000014,27,6.855111111111116,87130029b5443647ed1f1febd32ab768bf957a0a1698217eb3cf14b2d00c6ecf,125,ddc5c0759c57012c2a417927c595162d357e585237bb9bc1eef9ff7d2317fadc,2b91a5fef281bd572d4d48cdb6bd64ff31e23b5ac500ffe81849f1d854d4816d
s03,s0302a,O0_4_sw0p25,49,5,0.10204081632653061,2,1,0,0.04081632653061224,0.02040816326530612,0.0,56,7,0.125,3,1,0,0.05357142857142857,0.017857142857142856,0.0,211.1286410000003,167.5647650000002,0.7936619314477563,187.46000000000012,28,6.695000000000005,87130029b5443647ed1f1febd32ab768bf957a0a1698217eb3cf14b2d00c6ecf,125,e5c5be249521e49c9956797498821d00789148efa3c79f16f676de41650f9383,a305331d7c06d189792a92058cba64ed57841d154fc8f6fe0cc60888c582c6df
s03,s0302a,O0_4_sw0p5,50,5,0.1,2,1,0,0.04,0.02,0.0,58,7,0.1206896551724138,3,1,0,0.05172413793103448,0.017241379310344827,0.0,211.1286410000003,167.5647650000002,0.7936619314477563,187.22800000000012,29,6.456137931034487,87130029b5443647ed1f1febd32ab768bf957a0a1698217eb3cf14b2d00c6ecf,125,6b4a99cbccaccd478239028192e199ddb678cb10d9b6385a52df4cd30c944cbd,d3d5aa7165360d99a12157d0b2d175e48f7697836c01590f1458a752a05107cd
s03,s0302a,O0_4_sw1,50,5,0.1,2,1,0,0.04,0.02,0.0,58,7,0.1206896551724138,3,1,0,0.05172413793103448,0.017241379310344827,0.0,211.1286410000003,167.5647650000002,0.7936619314477563,187.22800000000012,29,6.456137931034487,87130029b5443647ed1f1febd32ab768bf957a0a1698217eb3cf14b2d00c6ecf,125,6b4a99cbccaccd478239028192e199ddb678cb10d9b6385a52df4cd30c944cbd,d3d5aa7165360d99a12157d0b2d175e48f7697836c01590f1458a752a05107cd
s03,s0302a,O0_4_sw2,51,5,0.09803921568627451,2,1,0,0.0392156862745098,0.0196078431372549,0.0,60,7,0.11666666666666667,3,1,0,0.05,0.016666666666666666,0.0,211.1286410000003,167.5647650000002,0.7936619314477563,187.22800000000012,30,6.240933333333337,87130029b5443647ed1f1febd32ab768bf957a0a1698217eb3cf14b2d00c6ecf,125,7c46a1f5a1d69a4bc80e5c6531f4d353082011080bf89cd30254321d1164380c,aee800743d318b5ec467f4777256c9d7db0b68e2eee63e362e09aba62c15987e
s03,s0302a,O0_4_sw4,53,4,0.07547169811320754,2,1,0,0.03773584905660377,0.018867924528301886,0.0,64,6,0.09375,3,1,0,0.046875,0.015625,0.0,211.1286410000003,168.96060700000015,0.8002732656248184,189.11600000000013,32,5.909875000000004,87130029b5443647ed1f1febd32ab768bf957a0a1698217eb3cf14b2d00c6ecf,125,89f802e25d4db67e589371112896530f2c2ac3a89b2537f570624cc8bced1d1a,207fbd78de3ceeae173fed06e1470fa42b1266bec726e5afd574a7cc46a5a8b6
s03,s0302a,O0_4_keep90,49,5,0.10204081632653061,2,1,0,0.04081632653061224,0.02040816326530612,0.0,56,7,0.125,3,1,0,0.05357142857142857,0.017857142857142856,0.0,211.1286410000003,167.5647650000002,0.7936619314477563,187.46000000000012,28,6.695000000000005,87130029b5443647ed1f1febd32ab768bf957a0a1698217eb3cf14b2d00c6ecf,124,e5c5be249521e49c9956797498821d00789148efa3c79f16f676de41650f9383,a305331d7c06d189792a92058cba64ed57841d154fc8f6fe0cc60888c582c6df
s03,s0302a,O0_4_keep80,48,4,0.08333333333333333,2,1,0,0.041666666666666664,0.020833333333333332,0.0,54,6,0.1111111111111111,3,1,0,0.05555555555555555,0.018518518518518517,0.0,211.1286410000003,166.8442710000001,0.7902493485002817,186.7120000000001,27,6.915259259259263,87130029b5443647ed1f1febd32ab768bf957a0a1698217eb3cf14b2d00c6ecf,121,c9eab5865f7a68a715ad42d782bd8a34f79336f21acbc49c7ad421f1b9d12ebd,d267e1d12809ad55445363d32b56e576cc0d25032373493d77fdff646fd5bab6
s03,s0302a,O0_4_keep70,47,4,0.0851063829787234,2,1,0,0.0425531914893617,0.02127659574468085,0.0,52,5,0.09615384615384616,3,1,0,0.057692307692307696,0.019230769230769232,0.0,211.1286410000003,161.68489700000015,0.765812237667934,181.0400000000001,26,6.963076923076927,87130029b5443647ed1f1febd32ab768bf957a0a1698217eb3cf14b2d00c6ecf,115,22369d9a116dc24601fed0dc20a77ef777eeed963c59d0faba47f1a0d03eb38c,77c51649d5d866da796518e954c969b414273f6cc1548dd52579fe20f2c60540
s03,s0302a,O0_4_keep60,39,3,0.07692307692307693,1,1,0,0.02564102564102564,0.02564102564102564,0.0,42,3,0.07142857142857142,1,1,0,0.023809523809523808,0.023809523809523808,0.0,211.1286410000003,124.723681,0.5907473302023473,138.90800000000004,21,6.614666666666669,87130029b5443647ed1f1febd32ab768bf957a0a1698217eb3cf14b2d00c6ecf,97,f4f3b76831cd82d6b78be89f250edba6908d38bce971a9e7f4d560ade267127c,40a1f31b40489283b1e38afad73f252c626dd231af3d735803b611d39d3b5018
s03,s0302a,O0_4_keep50,27,1,0.037037037037037035,0,0,0,0.0,0.0,0.0,28,1,0.03571428571428571,0,0,0,0.0,0.0,0.0,211.1286410000003,87.57590300000005,0.4147987813742425,98.02400000000004,14,7.001714285714288,87130029b5443647ed1f1febd32ab768bf957a0a1698217eb3cf14b2d00c6ecf,73,ab7b568e1d7c756ff19e54d366bfbb697f651dd30e7b3fc01d516b63231b02bc,7685a1c8e70f43e0a8886b306dde37036f9ec876b6f466fa9975df5857dead36
s03,s0302a,O0_4_MARGIN_all_s0p5,49,5,0.10204081632653061,2,1,0,0.04081632653061224,0.02040816326530612,0.0,56,7,0.125,3,1,0,0.05357142857142857,0.017857142857142856,0.0,211.1286410000003,167.5647650000002,0.7936619314477563,187.1760000000001,28,6.684857142857147,87130029b5443647ed1f1febd32ab768bf957a0a1698217eb3cf14b2d00c6ecf,125,c3a8432803946282947f345ab4d32de6e705113f7b5e0888a4a59757755a12a6,4387bac2871ead178d89b92d277b5d7c5e79a82a13197e2c9b657b55f3247cfd
s03,s0302a,O0_4_MARGIN_all_s1,50,5,0.1,2,1,0,0.04,0.02,0.0,58,7,0.1206896551724138,3,1,0,0.05172413793103448,0.017241379310344827,0.0,211.1286410000003,166.7838100000002,0.7899629780689014,185.9520000000001,29,6.412137931034486,87130029b5443647ed1f1febd32ab768bf957a0a1698217eb3cf14b2d00c6ecf,125,1772ca3475bbc7f9a4cf150fd2f9ea3bc8ae440040e8ae5678d35957a24ca395,bb2e05b7f8c1285971c1ca18119ddc66fe6edbb36ebb3576e5f1786167dde7b0
s03,s0302a,O0_4_MARGIN_all_s2,50,5,0.1,2,1,0,0.04,0.02,0.0,58,7,0.1206896551724138,3,1,0,0.05172413793103448,0.017241379310344827,0.0,211.1286410000003,166.7838100000002,0.7899629780689014,185.9520000000001,29,6.412137931034486,87130029b5443647ed1f1febd32ab768bf957a0a1698217eb3cf14b2d00c6ecf,125,1772ca3475bbc7f9a4cf150fd2f9ea3bc8ae440040e8ae5678d35957a24ca395,bb2e05b7f8c1285971c1ca18119ddc66fe6edbb36ebb3576e5f1786167dde7b0
s03,s0302a,O0_4_MARGIN_all_s4,49,4,0.08163265306122448,2,1,0,0.04081632653061224,0.02040816326530612,0.0,58,6,0.10344827586206896,3,1,0,0.05172413793103448,0.017241379310344827,0.0,211.1286410000003,165.0522870000002,0.7817617080195196,184.09600000000012,29,6.348137931034487,87130029b5443647ed1f1febd32ab768bf957a0a1698217eb3cf14b2d00c6ecf,125,246d9018349f2cb724084c6e8a4548d26f21b073308c7eb5bbc78f2998c0a500,e8ef9ef2205f6142d64294aa635eda9c529f4dd05ec0e0089fe05ad18be8afa6
s03,s0302b,O0_4,38,4,0.10526315789473684,2,1,0,0.05263157894736842,0.02631578947368421,0.0,46,5,0.10869565217391304,3,1,0,0.06521739130434782,0.021739130434782608,0.0,146.9410219999997,132.57319799999973,0.9022204704687573,148.8280000000001,23,6.470782608695656,87130029b5443647ed1f1febd32ab768bf957a0a1698217eb3cf14b2d00c6ecf,79,6d84520d075ad910c91285894a49900c9589dd9c9615011c6523792e138f87f1,f5e9ad8779f5122982e50cccbc72c47f63b8915731f60192920c25ff7729daad
s03,s0302b,O0_4_sw0p25,38,4,0.10526315789473684,2,1,0,0.05263157894736842,0.02631578947368421,0.0,46,5,0.10869565217391304,3,1,0,0.06521739130434782,0.021739130434782608,0.0,146.9410219999997,132.57319799999973,0.9022204704687573,148.8280000000001,23,6.470782608695656,87130029b5443647ed1f1febd32ab768bf957a0a1698217eb3cf14b2d00c6ecf,79,9cfc05569e8477e485c793ccd533b7055788474c20f242d76e2ff2fd781369bf,9c9b613f7595c2b788428df34e25dae756ff083e39e836d58f75eb4b51c7f07b
s03,s0302b,O0_4_sw0p5,38,4,0.10526315789473684,2,1,0,0.05263157894736842,0.02631578947368421,0.0,46,5,0.10869565217391304,3,1,0,0.06521739130434782,0.021739130434782608,0.0,146.9410219999997,132.57319799999973,0.9022204704687573,148.8280000000001,23,6.470782608695656,87130029b5443647ed1f1febd32ab768bf957a0a1698217eb3cf14b2d00c6ecf,79,9cfc05569e8477e485c793ccd533b7055788474c20f242d76e2ff2fd781369bf,9c9b613f7595c2b788428df34e25dae756ff083e39e836d58f75eb4b51c7f07b
s03,s0302b,O0_4_sw1,38,4,0.10526315789473684,2,1,0,0.05263157894736842,0.02631578947368421,0.0,46,5,0.10869565217391304,3,1,0,0.06521739130434782,0.021739130434782608,0.0,146.9410219999997,132.57319799999973,0.9022204704687573,148.8280000000001,23,6.470782608695656,87130029b5443647ed1f1febd32ab768bf957a0a1698217eb3cf14b2d00c6ecf,79,9cfc05569e8477e485c793ccd533b7055788474c20f242d76e2ff2fd781369bf,9c9b613f7595c2b788428df34e25dae756ff083e39e836d58f75eb4b51c7f07b
s03,s0302b,O0_4_sw2,41,3,0.07317073170731707,1,0,0,0.024390243902439025,0.0,0.0,52,4,0.07692307692307693,2,0,0,0.038461538461538464,0.0,0.0,146.9410219999997,135.45463199999972,0.9218299298340256,152.2520000000001,26,5.855846153846158,87130029b5443647ed1f1febd32ab768bf957a0a1698217eb3cf14b2d00c6ecf,79,6d3e5834ac9163dbcde3cb012e5e7891363e2490afa5dc137bec9bff22ad3d98,4167271f82c272b86cc821269e302ea754cfa5667e0916c3328f1ed9381b4be1
s03,s0302b,O0_4_sw4,42,4,0.09523809523809523,2,1,0,0.047619047619047616,0.023809523809523808,0.0,54,6,0.1111111111111111,4,2,0,0.07407407407407407,0.037037037037037035,0.0,146.9410219999997,135.45463199999972,0.9218299298340256,152.2520000000001,27,5.6389629629629665,87130029b5443647ed1f1febd32ab768bf957a0a1698217eb3cf14b2d00c6ecf,79,7838ee89ab366b90fb0d08d083e29d274b2c89a9de21713c0aed8dbac59fa53a,3a169106fb80b0e49fc344c3c6d03d532eda73e1f07677928275413bbcf4259a
s03,s0302b,O0_4_keep90,38,4,0.10526315789473684,2,1,0,0.05263157894736842,0.02631578947368421,0.0,46,5,0.10869565217391304,3,1,0,0.06521739130434782,0.021739130434782608,0.0,146.9410219999997,132.57319799999973,0.9022204704687573,148.8280000000001,23,6.470782608695656,87130029b5443647ed1f1febd32ab768bf957a0a1698217eb3cf14b2d00c6ecf,79,6d84520d075ad910c91285894a49900c9589dd9c9615011c6523792e138f87f1,f5e9ad8779f5122982e50cccbc72c47f63b8915731f60192920c25ff7729daad
s03,s0302b,O0_4_keep80,36,4,0.1111111111111111,2,1,0,0.05555555555555555,0.027777777777777776,0.0,42,5,0.11904761904761904,3,1,0,0.07142857142857142,0.023809523809523808,0.0,146.9410219999997,121.08158199999974,0.8240148350131933,136.18400000000005,21,6.484952380952383,87130029b5443647ed1f1febd32ab768bf957a0a1698217eb3cf14b2d00c6ecf,74,f1832fd91471b47cc1f8df3046d6a96ed2a2774a93b9a9a17e9eb5b10e83ec1f,9b7cf2bc644ba6272e7b60abdcc4a8cb778cca4d4cdfe3290bac1a8935000df7
s03,s0302b,O0_4_keep70,36,3,0.08333333333333333,1,0,0,0.027777777777777776,0.0,0.0,42,4,0.09523809523809523,2,0,0,0.047619047619047616,0.0,0.0,146.9410219999997,123.37401599999973,0.8396158834392753,138.59200000000007,21,6.599619047619051,87130029b5443647ed1f1febd32ab768bf957a0a1698217eb3cf14b2d00c6ecf,69,99d8d47db376f71c4efdff6e33efd5c5c2c0737e6f333b0d6d7f7552de0a78c0,747a45dddc0713e9c88ace30e2d7aaf706ba393ea9356df0c118ab9d4ac33902
s03,s0302b,O0_4_keep60,30,3,0.1,2,0,0,0.06666666666666667,0.0,0.0,32,3,0.09375,2,0,0,0.0625,0.0,0.0,146.9410219999997,100.60365699999969,0.6846533094073614,113.18800000000002,16,7.074250000000001,87130029b5443647ed1f1febd32ab768bf957a0a1698217eb3cf14b2d00c6ecf,60,def719aac90cd3df83cb1d09e8c6f4a479d641eb8abace683ddb779b25c07958,8401b426372414acd6f75365755a7157f3441233bbf832da3ab75fd8b17fbd72
s03,s0302b,O0_4_keep50,27,2,0.07407407407407407,1,0,0,0.037037037037037035,0.0,0.0,30,2,0.06666666666666667,1,0,0,0.03333333333333333,0.0,0.0,146.9410219999997,93.73565699999975,0.6379134684390582,105.83600000000001,15,7.055733333333334,87130029b5443647ed1f1febd32ab768bf957a0a1698217eb3cf14b2d00c6ecf,46,73ce0e91d728c642605c22e525cc5cd516e39957460a50cf8491d3bb7cc44f65,029e9e5e425a75c1437f2f9c6addd923da34fe49ef69222420088eb27e6d5a4f
s03,s0302b,O0_4_MARGIN_all_s0p5,38,4,0.10526315789473684,2,1,0,0.05263157894736842,0.02631578947368421,0.0,46,5,0.10869565217391304,3,1,0,0.06521739130434782,0.021739130434782608,0.0,146.9410219999997,132.57319799999973,0.9022204704687573,148.63600000000008,23,6.462434782608699,87130029b5443647ed1f1febd32ab768bf957a0a1698217eb3cf14b2d00c6ecf,79,3d58a08ce30638c0edd66319c5ea7365299a6e187600c3c22118c13ff7ea9653,7fdf98bb5b7f5b5c4be056c1a1e746e4360e5259ca5f869f0340a6e1c57af0c9
s03,s0302b,O0_4_MARGIN_all_s1,38,4,0.10526315789473684,2,1,0,0.05263157894736842,0.02631578947368421,0.0,46,5,0.10869565217391304,3,1,0,0.06521739130434782,0.021739130434782608,0.0,146.9410219999997,132.57319799999973,0.9022204704687573,148.63600000000008,23,6.462434782608699,87130029b5443647ed1f1febd32ab768bf957a0a1698217eb3cf14b2d00c6ecf,79,3d58a08ce30638c0edd66319c5ea7365299a6e187600c3c22118c13ff7ea9653,7fdf98bb5b7f5b5c4be056c1a1e746e4360e5259ca5f869f0340a6e1c57af0c9
s03,s0302b,O0_4_MARGIN_all_s2,38,4,0.10526315789473684,2,1,0,0.05263157894736842,0.02631578947368421,0.0,46,5,0.10869565217391304,3,1,0,0.06521739130434782,0.021739130434782608,0.0,146.9410219999997,132.57319799999973,0.9022204704687573,148.63600000000008,23,6.462434782608699,87130029b5443647ed1f1febd32ab768bf957a0a1698217eb3cf14b2d00c6ecf,79,3d58a08ce30638c0edd66319c5ea7365299a6e187600c3c22118c13ff7ea9653,7fdf98bb5b7f5b5c4be056c1a1e746e4360e5259ca5f869f0340a6e1c57af0c9
s03,s0302b,O0_4_MARGIN_all_s4,38,4,0.10526315789473684,2,1,0,0.05263157894736842,0.02631578947368421,0.0,46,5,0.10869565217391304,3,1,0,0.06521739130434782,0.021739130434782608,0.0,146.9410219999997,132.57319799999973,0.9022204704687573,148.63600000000008,23,6.462434782608699,87130029b5443647ed1f1febd32ab768bf957a0a1698217eb3cf14b2d00c6ecf,79,3d58a08ce30638c0edd66319c5ea7365299a6e187600c3c22118c13ff7ea9653,7fdf98bb5b7f5b5c4be056c1a1e746e4360e5259ca5f869f0340a6e1c57af0c9
s03,s0303a,O0_4,42,6,0.14285714285714285,5,0,0,0.11904761904761904,0.0,0.0,48,7,0.14583333333333334,6,0,0,0.125,0.0,0.0,162.6260390000001,132.0817029999999,0.8121805327866333,148.1439999999999,24,6.172666666666662,87130029b5443647ed1f1febd32ab768bf957a0a1698217eb3cf14b2d00c6ecf,98,9c34766d548bc46586cc02e7c33131856e82a3e12e2eac156346a244f278f188,6aac21539f6e27d91c27294ca1f16450ca07e72d9443496eb19a218229895be5
s03,s0303a,O0_4_sw0p25,42,7,0.16666666666666666,6,1,0,0.14285714285714285,0.023809523809523808,0.0,50,9,0.18,8,2,0,0.16,0.04,0.0,162.6260390000001,133.97470299999992,0.8238207351283999,150.53199999999993,25,6.021279999999997,87130029b5443647ed1f1febd32ab768bf957a0a1698217eb3cf14b2d00c6ecf,98,7b6b25918aadedeec0a70aad687cd2863b3506207073a590b3a8ae7a1140f179,bbfe81913a627a3f012da699343a0fcb7ea9f4238e49ad48d856b437069633b2
s03,s0303a,O0_4_sw0p5,42,7,0.16666666666666666,6,1,0,0.14285714285714285,0.023809523809523808,0.0,50,9,0.18,8,2,0,0.16,0.04,0.0,162.6260390000001,133.97470299999992,0.8238207351283999,150.53199999999993,25,6.021279999999997,87130029b5443647ed1f1febd32ab768bf957a0a1698217eb3cf14b2d00c6ecf,98,7b6b25918aadedeec0a70aad687cd2863b3506207073a590b3a8ae7a1140f179,bbfe81913a627a3f012da699343a0fcb7ea9f4238e49ad48d856b437069633b2
s03,s0303a,O0_4_sw1,42,7,0.16666666666666666,6,1,0,0.14285714285714285,0.023809523809523808,0.0,50,9,0.18,8,2,0,0.16,0.04,0.0,162.6260390000001,133.97470299999992,0.8238207351283999,150.53199999999993,25,6.021279999999997,87130029b5443647ed1f1febd32ab768bf957a0a1698217eb3cf14b2d00c6ecf,98,7b6b25918aadedeec0a70aad687cd2863b3506207073a590b3a8ae7a1140f179,bbfe81913a627a3f012da699343a0fcb7ea9f4238e49ad48d856b437069633b2
s03,s0303a,O0_4_sw2,42,7,0.16666666666666666,6,1,0,0.14285714285714285,0.023809523809523808,0.0,52,9,0.17307692307692307,8,2,0,0.15384615384615385,0.038461538461538464,0.0,162.6260390000001,134.95670299999995,0.8298591285249213,151.80799999999994,26,5.838769230769229,87130029b5443647ed1f1febd32ab768bf957a0a1698217eb3cf14b2d00c6ecf,98,adb6ff78bb49c9d6bc091d8c7cad83695c9c636cf2289f063dcddd5e387b332f,fbccd09bf66678dc8b0d0b6eef08d48998a06bb960681ba305d4804dd3154fd5
s03,s0303a,O0_4_sw4,42,7,0.16666666666666666,6,1,0,0.14285714285714285,0.023809523809523808,0.0,52,9,0.17307692307692307,8,2,0,0.15384615384615385,0.038461538461538464,0.0,162.6260390000001,134.95670299999995,0.8298591285249213,151.80799999999994,26,5.838769230769229,87130029b5443647ed1f1febd32ab768bf957a0a1698217eb3cf14b2d00c6ecf,98,adb6ff78bb49c9d6bc091d8c7cad83695c9c636cf2289f063dcddd5e387b332f,fbccd09bf66678dc8b0d0b6eef08d48998a06bb960681ba305d4804dd3154fd5
s03,s0303a,O0_4_keep90,41,5,0.12195121951219512,5,0,0,0.12195121951219512,0.0,0.0,46,5,0.10869565217391304,5,0,0,0.10869565217391304,0.0,0.0,162.6260390000001,127.67777399999989,0.7851004352384171,143.40399999999988,23,6.234956521739125,87130029b5443647ed1f1febd32ab768bf957a0a1698217eb3cf14b2d00c6ecf,96,13cca7df0b564a6ab7d286fa26f3672620100dd866a2a3c43d0dc92dfef0964d,3b71deae5ac72ff4f970e60d91ff9f7028009de13b4e021f79c3fba154816758
s03,s0303a,O0_4_keep80,40,6,0.15,6,1,0,0.15,0.025,0.0,46,7,0.15217391304347827,7,2,0,0.15217391304347827,0.043478260869565216,0.0,162.6260390000001,126.5807739999999,0.7783548980123646,141.92399999999986,23,6.170608695652168,87130029b5443647ed1f1febd32ab768bf957a0a1698217eb3cf14b2d00c6ecf,91,0b9da8099cff77b553cb83d7cf6db4d067e38935f313185daa3a37b4f25a0df6,2d195ea610c5277f4ab13ee6da9c4c8df09b1c3940d17d1a3cdc09efc53f67cc
s03,s0303a,O0_4_keep70,39,6,0.15384615384615385,6,1,0,0.15384615384615385,0.02564102564102564,0.0,44,7,0.1590909090909091,7,2,0,0.1590909090909091,0.045454545454545456,0.0,162.6260390000001,120.67282899999987,0.7420264906040034,135.19999999999987,22,6.14545454545454,87130029b5443647ed1f1febd32ab768bf957a0a1698217eb3cf14b2d00c6ecf,89,d0e9d6e92ef0944e176fb3bd1ca5336342a200f6269ef02445b5118866b3f85d,6126736413d148ba1fd797229739f2c2d2de798263b06770b5437af335c2367d
s03,s0303a,O0_4_keep60,35,4,0.11428571428571428,4,1,0,0.11428571428571428,0.02857142857142857,0.0,38,5,0.13157894736842105,5,2,0,0.13157894736842105,0.05263157894736842,0.0,162.6260390000001,115.96497499999981,0.7130775348958708,129.96399999999988,19,6.840210526315784,87130029b5443647ed1f1febd32ab768bf957a0a1698217eb3cf14b2d00c6ecf,74,3dbad8e7f94ce9aaad47b430c0149760068eb009c82f8968c7d42064b004b08c,0398a830b1f66ea43b6287682cdff01e1ba66d1c4159476addbadf8bb6632ccf
s03,s0303a,O0_4_keep50,25,2,0.08,2,0,0,0.08,0.0,0.0,28,2,0.07142857142857142,2,0,0,0.07142857142857142,0.0,0.0,162.6260390000001,99.30297499999983,0.6106216176119236,112.18399999999997,14,8.013142857142855,87130029b5443647ed1f1febd32ab768bf957a0a1698217eb3cf14b2d00c6ecf,57,2041d63e6073420fbf6553592609a983e40eb66178bca3e1003b83766bd5ca4f,5194eb02882095df864004cfeddfdc26be76862a0885f7b75dec015248ca54b6
s03,s0303a,O0_4_MARGIN_all_s0p5,42,7,0.16666666666666666,6,1,0,0.14285714285714285,0.023809523809523808,0.0,50,9,0.18,8,2,0,0.16,0.04,0.0,162.6260390000001,133.252703,0.8193811016942982,149.27999999999992,25,5.971199999999997,87130029b5443647ed1f1febd32ab768bf957a0a1698217eb3cf14b2d00c6ecf,98,d9cfa6e0f79ea8d4cc31124601e25cbabc136ccfd1f967f1cf15e47a2dabd55d,d453fb447e88fba8ffbb8e13bdaeff216b8eff90159e0c65d3b4bb5eb87bfef2
s03,s0303a,O0_4_MARGIN_all_s1,43,8,0.18604651162790697,6,1,0,0.13953488372093023,0.023255813953488372,0.0,50,9,0.18,7,2,0,0.14,0.04,0.0,162.6260390000001,132.88870299999996,0.8171428377469113,148.91599999999988,25,5.956639999999996,87130029b5443647ed1f1febd32ab768bf957a0a1698217eb3cf14b2d00c6ecf,98,daf6b0c41715fae44e4c973910f65cb6c3c1e20f7bd22e3afb7f85a547e89239,cc216ca52d403ac11b0c2c3848bfddfec38473bb4b0d7dcfd45d9f120b1eb3b8
s03,s0303a,O0_4_MARGIN_all_s2,43,7,0.16279069767441862,5,2,1,0.11627906976744186,0.046511627906976744,0.023255813953488372,50,8,0.16,6,3,1,0.12,0.06,0.02,162.6260390000001,131.13870299999996,0.8063819533844754,146.9319999999999,25,5.877279999999996,87130029b5443647ed1f1febd32ab768bf957a0a1698217eb3cf14b2d00c6ecf,98,dc8de38cf95ae847db5bcc6b0501cfe938e0c4c75b180bba1e01d1d567a92c8c,46a7ff369c81b6fb82d364e87d2db3f63a00274adcb836867b4a67e19c2cbc14
s03,s0303a,O0_4_MARGIN_all_s4,42,5,0.11904761904761904,4,2,1,0.09523809523809523,0.047619047619047616,0.023809523809523808,50,7,0.14,5,3,1,0.1,0.06,0.02,162.6260390000001,130.21270300000003,0.8006879082875525,145.62799999999993,25,5.825119999999997,87130029b5443647ed1f1febd32ab768bf957a0a1698217eb3cf14b2d00c6ecf,98,70eb7fa1524fa4c0d94bad373b31d96ff06864f5a3edbd5a671b2f3eebb55c51,312f5557b77ea1407f1f0fb2104f3168779607a88d0cf91936a8c2b36f22efe0
s03,s0303b,O0_4,39,7,0.1794871794871795,3,3,1,0.07692307692307693,0.07692307692307693,0.02564102564102564,46,10,0.21739130434782608,4,4,1,0.08695652173913043,0.08695652173913043,0.021739130434782608,150.29388099999994,121.33861799999997,0.8073423694474962,134.51199999999994,23,5.848347826086954,87130029b5443647ed1f1febd32ab768bf957a0a1698217eb3cf14b2d00c6ecf,93,b94d6517082c5a6a712c2daec70873ada6d7bd6989801e3a27184dc685ab1d5b,93c396b28a8190298c60d437bd4a8515957bfe4f3bc8c7f65287c7824ab71430
s03,s0303b,O0_4_sw0p25,39,7,0.1794871794871795,4,4,1,0.10256410256410256,0.10256410256410256,0.02564102564102564,46,10,0.21739130434782608,6,6,1,0.13043478260869565,0.13043478260869565,0.021739130434782608,150.29388099999994,121.33861799999997,0.8073423694474962,134.51199999999994,23,5.848347826086954,87130029b5443647ed1f1febd32ab768bf957a0a1698217eb3cf14b2d00c6ecf,93,a001544de076b951289a684fc4e19c6933546b125c30d7b92011ee79afdd5700,5695225a4f96b59f964a310aacc71d4337df55bd542174c08ef48aa1bfe179f1
s03,s0303b,O0_4_sw0p5,39,7,0.1794871794871795,4,4,1,0.10256410256410256,0.10256410256410256,0.02564102564102564,46,10,0.21739130434782608,6,6,1,0.13043478260869565,0.13043478260869565,0.021739130434782608,150.29388099999994,121.33861799999997,0.8073423694474962,134.51199999999994,23,5.848347826086954,87130029b5443647ed1f1febd32ab768bf957a0a1698217eb3cf14b2d00c6ecf,93,a001544de076b951289a684fc4e19c6933546b125c30d7b92011ee79afdd5700,5695225a4f96b59f964a310aacc71d4337df55bd542174c08ef48aa1bfe179f1
s03,s0303b,O0_4_sw1,40,7,0.175,4,4,1,0.1,0.1,0.025,48,10,0.20833333333333334,6,6,1,0.125,0.125,0.020833333333333332,150.29388099999994,121.33861799999997,0.8073423694474962,134.51199999999994,24,5.604666666666664,87130029b5443647ed1f1febd32ab768bf957a0a1698217eb3cf14b2d00c6ecf,93,107c3a9ac265efa6b8754f2967d3fa7cd112dc52efa2fd26c6b9918d69caafb1,acd655689c6e14cd9fcf116df088dcc9a8412660b5ffccaaefe0a8d30e1503b2
s03,s0303b,O0_4_sw2,42,8,0.19047619047619047,5,5,1,0.11904761904761904,0.11904761904761904,0.023809523809523808,52,12,0.23076923076923078,8,8,1,0.15384615384615385,0.15384615384615385,0.019230769230769232,150.29388099999994,122.89361799999998,0.8176887653862636,136.07599999999996,26,5.233692307692307,87130029b5443647ed1f1febd32ab768bf957a0a1698217eb3cf14b2d00c6ecf,93,b4bbf93b61d13dd771d19cb80754badbf384701acec3c007eec4ec81c58446ed,82fd6d9c3a24a600ee125f996856f8ffe375553be331fb39827f33bad538820f
s03,s0303b,O0_4_sw4,43,8,0.18604651162790697,5,5,1,0.11627906976744186,0.11627906976744186,0.023255813953488372,54,12,0.2222222222222222,8,8,1,0.14814814814814814,0.14814814814814814,0.018518518518518517,150.29388099999994,123.08496499999995,0.8189619176844598,136.75999999999996,27,5.065185185185184,87130029b5443647ed1f1febd32ab768bf957a0a1698217eb3cf14b2d00c6ecf,93,cc7c48c7923655c402092aa6071929c5972e74b04b5c6e3083512f957177b39b,0438470935402c44117760f2d999a34f302a74a7a5d87800ca3d5b50406b246c
s03,s0303b,O0_4_keep90,39,7,0.1794871794871795,3,3,1,0.07692307692307693,0.07692307692307693,0.02564102564102564,46,10,0.21739130434782608,4,4,1,0.08695652173913043,0.08695652173913043,0.021739130434782608,150.29388099999994,121.33861799999997,0.8073423694474962,134.51199999999994,23,5.848347826086954,87130029b5443647ed1f1febd32ab768bf957a0a1698217eb3cf14b2d00c6ecf,93,b94d6517082c5a6a712c2daec70873ada6d7bd6989801e3a27184dc685ab1d5b,93c396b28a8190298c60d437bd4a8515957bfe4f3bc8c7f65287c7824ab71430
s03,s0303b,O0_4_keep80,38,7,0.18421052631578946,4,4,1,0.10526315789473684,0.10526315789473684,0.02631578947368421,44,9,0.20454545454545456,6,6,1,0.13636363636363635,0.13636363636363635,0.022727272727272728,150.29388099999994,117.59271399999997,0.7824185071114107,129.45199999999997,22,5.884181818181816,87130029b5443647ed1f1febd32ab768bf957a0a1698217eb3cf14b2d00c6ecf,90,24e25370dcd9d37d08504f8661b78fead62b17be0f9d1eb6e2631bc6a8ebdadf,861ffb525b25a5ed70d07c395b8c6bfddcb219ddd502ee108ffecbfff2d67f68
s03,s0303b,O0_4_keep70,34,5,0.14705882352941177,4,4,1,0.11764705882352941,0.11764705882352941,0.029411764705882353,38,7,0.18421052631578946,6,6,1,0.15789473684210525,0.15789473684210525,0.02631578947368421,150.29388099999994,99.72348499999998,0.6635232541503138,110.57599999999996,19,5.819789473684208,87130029b5443647ed1f1febd32ab768bf957a0a1698217eb3cf14b2d00c6ecf,82,0ffd2bb4573e865c0a1ffbdf5a38cce7f44b11054f60f3d5ab756188b084c7b0,535dbaa7b4a656c69dded0404e3f88a65dbbbe247746de6b18d8ef3ed7a3323d
s03,s0303b,O0_4_keep60,29,4,0.13793103448275862,3,3,0,0.10344827586206896,0.10344827586206896,0.0,32,6,0.1875,5,5,0,0.15625,0.15625,0.0,150.29388099999994,91.98481299999999,0.6120329875572248,101.40799999999997,16,6.337999999999998,87130029b5443647ed1f1febd32ab768bf957a0a1698217eb3cf14b2d00c6ecf,73,009fc5c88a21ad0796553e72cede233aef57b35dea70205f74f18b5c7893846e,9bd87a79bb1d46225b72df0d37e783a1e89e5c9422bff29873b23d3a125cc19e
s03,s0303b,O0_4_keep50,21,3,0.14285714285714285,2,2,0,0.09523809523809523,0.09523809523809523,0.0,24,5,0.20833333333333334,4,4,0,0.16666666666666666,0.16666666666666666,0.0,150.29388099999994,74.334724,0.49459581125594876,82.39999999999999,12,6.866666666666666,87130029b5443647ed1f1febd32ab768bf957a0a1698217eb3cf14b2d00c6ecf,54,93f6e1e2837b2a002b2fd1db302173d8464c3dd57aa1088c712a7f94253c8071,99c9fd3c9c347af335d0a3ffa18e6a7264ee04717b34cecaa628122777c1e983
s03,s0303b,O0_4_MARGIN_all_s0p5,39,7,0.1794871794871795,3,3,1,0.07692307692307693,0.07692307692307693,0.02564102564102564,46,10,0.21739130434782608,4,4,1,0.08695652173913043,0.08695652173913043,0.021739130434782608,150.29388099999994,120.96081899999996,0.8048286343740102,133.78399999999996,23,5.8166956521739115,87130029b5443647ed1f1febd32ab768bf957a0a1698217eb3cf14b2d00c6ecf,93,bd93b99827b25bdf683b30a63c73923bfe538b0b11853c3035dced44498fe04b,879487bd29c8f885d54987c058fcd39af762a7d3d7b5ce4edd072d3471da389b
s03,s0303b,O0_4_MARGIN_all_s1,39,7,0.1794871794871795,3,3,1,0.07692307692307693,0.07692307692307693,0.02564102564102564,46,10,0.21739130434782608,4,4,1,0.08695652173913043,0.08695652173913043,0.021739130434782608,150.29388099999994,119.63650399999995,0.796017131262982,132.17199999999997,23,5.7466086956521725,87130029b5443647ed1f1febd32ab768bf957a0a1698217eb3cf14b2d00c6ecf,93,5dd743780d2fe43dc91b710c03b2f724b28d17f8050d7079cfba2cb69c7d1ae4,35a46b67cbc84c7b9bc25a2e891da1e7bd47c46bf74675a42ecd4008b4359a3a
s03,s0303b,O0_4_MARGIN_all_s2,38,6,0.15789473684210525,3,3,1,0.07894736842105263,0.07894736842105263,0.02631578947368421,44,9,0.20454545454545456,4,4,1,0.09090909090909091,0.09090909090909091,0.022727272727272728,150.29388099999994,115.30879699999996,0.7672221665498145,127.71999999999997,22,5.805454545454544,87130029b5443647ed1f1febd32ab768bf957a0a1698217eb3cf14b2d00c6ecf,93,b641b3b87da0183c03b0a082a6a3ac2f3c69ccbf53d334ffefdb8ede04df45bc,0692eb4206fe03a2251b4dc95e1e4c71c586777e975e102faca80c4e29ea4807
s03,s0303b,O0_4_MARGIN_all_s4,38,5,0.13157894736842105,2,2,1,0.05263157894736842,0.05263157894736842,0.02631578947368421,44,8,0.18181818181818182,3,3,1,0.06818181818181818,0.06818181818181818,0.022727272727272728,150.29388099999994,116.03882799999997,0.7720795233173865,128.58399999999997,22,5.844727272727272,87130029b5443647ed1f1febd32ab768bf957a0a1698217eb3cf14b2d00c6ecf,93,66ac5cdd2e074d7235a828f73c21ad413bdc265e9345dd9271b69ed63ec7561d,be5398ebeec6f18ff8b66cdba770880ba824f810b85d77c34fc99e065701cb56
s03,s0304a,O0_4,47,1,0.02127659574468085,0,0,0,0.0,0.0,0.0,56,1,0.017857142857142856,0,0,0,0.0,0.0,0.0,191.59093099999984,161.89202399999982,0.844987928995449,182.24800000000008,28,6.508857142857146,87130029b5443647ed1f1febd32ab768bf957a0a1698217eb3cf14b2d00c6ecf,115,659cab671dbb553c92ebba651032c1965384eb001c57f9e88cfd88c20ad6d5c5,4e3f4dcd606efd55c96412553f94942978d3a950e616da4beb3d95828bbff419
s03,s0304a,O0_4_sw0p25,47,1,0.02127659574468085,0,0,0,0.0,0.0,0.0,56,1,0.017857142857142856,0,0,0,0.0,0.0,0.0,191.59093099999984,161.89202399999982,0.844987928995449,182.24800000000008,28,6.508857142857146,87130029b5443647ed1f1febd32ab768bf957a0a1698217eb3cf14b2d00c6ecf,115,659cab671dbb553c92ebba651032c1965384eb001c57f9e88cfd88c20ad6d5c5,4e3f4dcd606efd55c96412553f94942978d3a950e616da4beb3d95828bbff419
s03,s0304a,O0_4_sw0p5,47,1,0.02127659574468085,0,0,0,0.0,0.0,0.0,56,1,0.017857142857142856,0,0,0,0.0,0.0,0.0,191.59093099999984,161.89202399999982,0.844987928995449,182.24800000000008,28,6.508857142857146,87130029b5443647ed1f1febd32ab768bf957a0a1698217eb3cf14b2d00c6ecf,115,659cab671dbb553c92ebba651032c1965384eb001c57f9e88cfd88c20ad6d5c5,4e3f4dcd606efd55c96412553f94942978d3a950e616da4beb3d95828bbff419
s03,s0304a,O0_4_sw1,47,1,0.02127659574468085,0,0,0,0.0,0.0,0.0,56,1,0.017857142857142856,0,0,0,0.0,0.0,0.0,191.59093099999984,161.89202399999982,0.844987928995449,182.24800000000008,28,6.508857142857146,87130029b5443647ed1f1febd32ab768bf957a0a1698217eb3cf14b2d00c6ecf,115,659cab671dbb553c92ebba651032c1965384eb001c57f9e88cfd88c20ad6d5c5,4e3f4dcd606efd55c96412553f94942978d3a950e616da4beb3d95828bbff419
s03,s0304a,O0_4_sw2,52,4,0.07692307692307693,1,0,0,0.019230769230769232,0.0,0.0,64,7,0.109375,2,0,0,0.03125,0.0,0.0,191.59093099999984,164.01971699999984,0.8560933241667894,183.8240000000001,32,5.744500000000003,87130029b5443647ed1f1febd32ab768bf957a0a1698217eb3cf14b2d00c6ecf,115,d5511910b616c249f34bb514fe131c8995aa9382eec3bf2bf04f22a47ae293a7,bfe41388c0b2cf0ff50355dac8537cf20bb83132a3b18bb9179386ff6fae9211
s03,s0304a,O0_4_sw4,54,4,0.07407407407407407,1,0,0,0.018518518518518517,0.0,0.0,68,7,0.10294117647058823,2,0,0,0.029411764705882353,0.0,0.0,191.59093099999984,164.01971699999984,0.8560933241667894,183.8240000000001,34,5.40658823529412,87130029b5443647ed1f1febd32ab768bf957a0a1698217eb3cf14b2d00c6ecf,115,a83db11f4ef94076a7a4be3e41bbe46850f7f13cb1f823cde5b5f0033f683c57,95bd3edbf5f2df23592d7ebe6fcacd00e802948c0be97eaac86953e97b415a76
s03,s0304a,O0_4_keep90,47,1,0.02127659574468085,0,0,0,0.0,0.0,0.0,56,1,0.017857142857142856,0,0,0,0.0,0.0,0.0,191.59093099999984,161.89202399999982,0.844987928995449,182.24800000000008,28,6.508857142857146,87130029b5443647ed1f1febd32ab768bf957a0a1698217eb3cf14b2d00c6ecf,114,659cab671dbb553c92ebba651032c1965384eb001c57f9e88cfd88c20ad6d5c5,4e3f4dcd606efd55c96412553f94942978d3a950e616da4beb3d95828bbff419
s03,s0304a,O0_4_keep80,45,1,0.022222222222222223,0,0,0,0.0,0.0,0.0,52,1,0.019230769230769232,0,0,0,0.0,0.0,0.0,191.59093099999984,147.0581169999998,0.7675630377306321,166.33200000000008,26,6.3973846153846186,87130029b5443647ed1f1febd32ab768bf957a0a1698217eb3cf14b2d00c6ecf,107,2635fc6c21ea125fa452fb2c9c28869fb822db9672fceecf7bff30686c701980,8d7545e90ee7fe27ca021856687ff054cc848fc11ab1eb4b4897ebeba6e0a954
s03,s0304a,O0_4_keep70,42,1,0.023809523809523808,0,0,0,0.0,0.0,0.0,46,1,0.021739130434782608,0,0,0,0.0,0.0,0.0,191.59093099999984,134.01224999999977,0.6994707385184108,149.968,23,6.520347826086956,87130029b5443647ed1f1febd32ab768bf957a0a1698217eb3cf14b2d00c6ecf,102,754c8167b7c7bf90b634fbe0371836d7f4521caf038a0fa0d6016db5a5ada196,4af1f91008946433bb7051540d9fc1a7b1588b25f0143122d877d2a5df687931
s03,s0304a,O0_4_keep60,34,2,0.058823529411764705,0,0,0,0.0,0.0,0.0,36,2,0.05555555555555555,0,0,0,0.0,0.0,0.0,191.59093099999984,104.24969599999986,0.5441264649421216,116.012,18,6.445111111111111,87130029b5443647ed1f1febd32ab768bf957a0a1698217eb3cf14b2d00c6ecf,88,56581667da8c068c5c5e2ffa1991cdee0f2dd9cc20c3618d4c07a77e7c3fc9b8,ddebf253c227717989ccab5400bcf15ed8a48b0ca4d5644ccffc37e7b30bd6ff
s03,s0304a,O0_4_keep50,26,2,0.07692307692307693,1,0,0,0.038461538461538464,0.0,0.0,28,3,0.10714285714285714,2,0,0,0.07142857142857142,0.0,0.0,191.59093099999984,89.61611499999987,0.4677471659658042,100.45199999999997,14,7.175142857142855,87130029b5443647ed1f1febd32ab768bf957a0a1698217eb3cf14b2d00c6ecf,66,8b84ce3ceabb8ca4a989f5183b05a07ddcf4bce451613aed8a5b845d98816238,743268fd7d3b3830ec391328d07ee0c2463791a94dc54cc11028ea1972c894e4
s03,s0304a,O0_4_MARGIN_all_s0p5,47,1,0.02127659574468085,0,0,0,0.0,0.0,0.0,56,1,0.017857142857142856,0,0,0,0.0,0.0,0.0,191.59093099999984,161.89202399999982,0.844987928995449,182.24800000000008,28,6.508857142857146,87130029b5443647ed1f1febd32ab768bf957a0a1698217eb3cf14b2d00c6ecf,115,659cab671dbb553c92ebba651032c1965384eb001c57f9e88cfd88c20ad6d5c5,4e3f4dcd606efd55c96412553f94942978d3a950e616da4beb3d95828bbff419
s03,s0304a,O0_4_MARGIN_all_s1,48,1,0.020833333333333332,0,0,0,0.0,0.0,0.0,56,1,0.017857142857142856,0,0,0,0.0,0.0,0.0,191.59093099999984,161.89202399999982,0.844987928995449,181.22800000000004,28,6.472428571428573,87130029b5443647ed1f1febd32ab768bf957a0a1698217eb3cf14b2d00c6ecf,115,a07324baebe61f8ed861a564d578874ee07413b9483a84879662232996bf1490,ae5ae594e40d70cf2367cbcb8f886221dd4d3d1ae5a8d0e498973f6d4d850197
s03,s0304a,O0_4_MARGIN_all_s2,46,1,0.021739130434782608,0,0,0,0.0,0.0,0.0,56,1,0.017857142857142856,0,0,0,0.0,0.0,0.0,191.59093099999984,162.47112199999987,0.848010504213271,183.1240000000001,28,6.540142857142861,87130029b5443647ed1f1febd32ab768bf957a0a1698217eb3cf14b2d00c6ecf,115,d19e7c409785f7d0e9a1f7f7dc24c52fccfc7f137a133944cc20ab7967d842f6,8e4a700c35f2181a6b772ab9018f2ca61680ed53fe79150be17da612736dbc4d
s03,s0304a,O0_4_MARGIN_all_s4,46,2,0.043478260869565216,0,0,0,0.0,0.0,0.0,56,2,0.03571428571428571,0,0,0,0.0,0.0,0.0,191.59093099999984,161.53513399999986,0.8431251581527102,182.0280000000001,28,6.501000000000004,87130029b5443647ed1f1febd32ab768bf957a0a1698217eb3cf14b2d00c6ecf,115,98825014bcf132190a5563a040c20cae84652daa536da052bf153f544551ca64,9674903af5a3289b32dbd84f5c9a3e9419f1eb8f968f233d0c792b6e4af49c6d
s03,s0304b,O0_4,45,6,0.13333333333333333,4,3,0,0.08888888888888889,0.06666666666666667,0.0,52,8,0.15384615384615385,6,5,0,0.11538461538461539,0.09615384615384616,0.0,166.21760200000017,152.42267900000016,0.9170068462424334,170.63999999999996,26,6.563076923076921,87130029b5443647ed1f1febd32ab768bf957a0a1698217eb3cf14b2d00c6ecf,100,72340429965cc16af3a92d9520d4088d24d0f8a7aa53ef9e166f595d8f27cdc2,48a2a35782d8cc3015bf392634b6fc7e61e1aa147cc3baf19c25ae83bca44a61
s03,s0304b,O0_4_sw0p25,45,6,0.13333333333333333,4,3,0,0.08888888888888889,0.06666666666666667,0.0,52,8,0.15384615384615385,6,5,0,0.11538461538461539,0.09615384615384616,0.0,166.21760200000017,152.42267900000016,0.9170068462424334,170.41199999999995,26,6.55430769230769,87130029b5443647ed1f1febd32ab768bf957a0a1698217eb3cf14b2d00c6ecf,100,72f0578e794d6bc3bd069e382feafc18a44fc1f32c67e4864e93312668ad35d4,bf01ed441aae2a4a6c825b1d3c9de2bd9715f6ff0a3779f8c440c1eb6415533e
s03,s0304b,O0_4_sw0p5,45,6,0.13333333333333333,4,3,0,0.08888888888888889,0.06666666666666667,0.0,52,8,0.15384615384615385,6,5,0,0.11538461538461539,0.09615384615384616,0.0,166.21760200000017,152.42267900000016,0.9170068462424334,170.41199999999995,26,6.55430769230769,87130029b5443647ed1f1febd32ab768bf957a0a1698217eb3cf14b2d00c6ecf,100,72f0578e794d6bc3bd069e382feafc18a44fc1f32c67e4864e93312668ad35d4,bf01ed441aae2a4a6c825b1d3c9de2bd9715f6ff0a3779f8c440c1eb6415533e
s03,s0304b,O0_4_sw1,45,6,0.13333333333333333,4,3,0,0.08888888888888889,0.06666666666666667,0.0,52,8,0.15384615384615385,6,5,0,0.11538461538461539,0.09615384615384616,0.0,166.21760200000017,152.42267900000016,0.9170068462424334,170.41199999999995,26,6.55430769230769,87130029b5443647ed1f1febd32ab768bf957a0a1698217eb3cf14b2d00c6ecf,100,72f0578e794d6bc3bd069e382feafc18a44fc1f32c67e4864e93312668ad35d4,bf01ed441aae2a4a6c825b1d3c9de2bd9715f6ff0a3779f8c440c1eb6415533e
s03,s0304b,O0_4_sw2,47,7,0.14893617021276595,4,3,0,0.0851063829787234,0.06382978723404255,0.0,56,10,0.17857142857142858,6,5,0,0.10714285714285714,0.08928571428571429,0.0,166.21760200000017,153.25903200000013,0.9220385215279425,171.88799999999995,28,6.138857142857141,87130029b5443647ed1f1febd32ab768bf957a0a1698217eb3cf14b2d00c6ecf,100,2936f1f190100208e0abd10b557d33c8c6b4033c6dabd32d2623e5efd06e42c4,99e0c034e64a2650583d626bfa86dadd2c55ecf3c0f93f54233f5507a804f92b
s03,s0304b,O0_4_sw4,48,7,0.14583333333333334,4,3,0,0.08333333333333333,0.0625,0.0,58,10,0.1724137931034483,6,5,0,0.10344827586206896,0.08620689655172414,0.0,166.21760200000017,153.25903200000013,0.9220385215279425,171.88799999999995,29,5.927172413793102,87130029b5443647ed1f1febd32ab768bf957a0a1698217eb3cf14b2d00c6ecf,100,2fa57c7ea1d5deba17d655bb8d542cb1212b94c9bd1bbff2e5a3572861ca3434,c84b59f751ccfd6b3dc9fd153f4320d24d710cf5ed858d1473434584d98d365b
s03,s0304b,O0_4_keep90,45,6,0.13333333333333333,4,3,0,0.08888888888888889,0.06666666666666667,0.0,52,8,0.15384615384615385,6,5,0,0.11538461538461539,0.09615384615384616,0.0,166.21760200000017,152.42267900000016,0.9170068462424334,170.63999999999996,26,6.563076923076921,87130029b5443647ed1f1febd32ab768bf957a0a1698217eb3cf14b2d00c6ecf,100,72340429965cc16af3a92d9520d4088d24d0f8a7aa53ef9e166f595d8f27cdc2,48a2a35782d8cc3015bf392634b6fc7e61e1aa147cc3baf19c25ae83bca44a61
s03,s0304b,O0_4_keep80,44,5,0.11363636363636363,3,2,0,0.06818181818181818,0.045454545454545456,0.0,50,6,0.12,4,3,0,0.08,0.06,0.0,166.21760200000017,146.28562600000015,0.8800850465885075,163.84799999999996,25,6.553919999999998,87130029b5443647ed1f1febd32ab768bf957a0a1698217eb3cf14b2d00c6ecf,90,b0a4c6d6fb22bd4d11928f03f1295d7ec3614ebe1aeaffdae5975c161589e731,c4e0bf193b86a07c54c3da0b0964bbe0dac4b3bc7f5dc67718d26f52891dc5cf
s03,s0304b,O0_4_keep70,43,3,0.06976744186046512,1,1,0,0.023255813953488372,0.023255813953488372,0.0,48,4,0.08333333333333333,2,2,0,0.041666666666666664,0.041666666666666664,0.0,166.21760200000017,133.8403890000001,0.805211887246454,150.13199999999995,24,6.255499999999998,87130029b5443647ed1f1febd32ab768bf957a0a1698217eb3cf14b2d00c6ecf,84,aaaf6f22ef827b7ca80eabcbd3429bd2e57bcb53ad56c1ecde3dd13be9a32587,54a4d15d4b06952d674c681066d82487f057b251e9d028b4bd347e95265b630d
s03,s0304b,O0_4_keep60,31,2,0.06451612903225806,1,1,0,0.03225806451612903,0.03225806451612903,0.0,32,2,0.0625,1,1,0,0.03125,0.03125,0.0,166.21760200000017,96.74753,0.5820534578521949,109.59999999999992,16,6.849999999999995,87130029b5443647ed1f1febd32ab768bf957a0a1698217eb3cf14b2d00c6ecf,71,f859f2438d36d6848a633966fd91b8b054d1c508d0cf59aa34bea3005287dc9f,628674ae97160e2ef51c16d3aef36c7c076f325b44456aa2b7555526a7c2dfa8
s03,s0304b,O0_4_keep50,19,2,0.10526315789473684,1,1,0,0.05263157894736842,0.05263157894736842,0.0,20,2,0.1,1,1,0,0.05,0.05,0.0,166.21760200000017,69.28868000000001,0.4168552497827513,78.47199999999992,10,7.847199999999992,87130029b5443647ed1f1febd32ab768bf957a0a1698217eb3cf14b2d00c6ecf,56,3f233bbe2966fc8bbb86d1adf974809f30c54cc2f758dbac5843794f0e27905e,367cf6ed6396d5f30c82208ac89be09ab28e38c742efd653620569ddcf1bdb17
s03,s0304b,O0_4_MARGIN_all_s0p5,45,5,0.1111111111111111,3,2,0,0.06666666666666667,0.044444444444444446,0.0,52,6,0.11538461538461539,4,3,0,0.07692307692307693,0.057692307692307696,0.0,166.21760200000017,152.42267900000016,0.9170068462424334,170.44799999999995,26,6.555692307692306,87130029b5443647ed1f1febd32ab768bf957a0a1698217eb3cf14b2d00c6ecf,100,ae5a3bc09152d82a970edf098bad8efb0903b1102ea2fa102c0d9dc362f361d0,c24fc341e349106d65f02b14c0a33790e74d986327736b8cf0b54d58ca3e8d4d
s03,s0304b,O0_4_MARGIN_all_s1,45,5,0.1111111111111111,3,2,0,0.06666666666666667,0.044444444444444446,0.0,52,6,0.11538461538461539,4,3,0,0.07692307692307693,0.057692307692307696,0.0,166.21760200000017,152.42267900000016,0.9170068462424334,170.44799999999995,26,6.555692307692306,87130029b5443647ed1f1febd32ab768bf957a0a1698217eb3cf14b2d00c6ecf,100,ae5a3bc09152d82a970edf098bad8efb0903b1102ea2fa102c0d9dc362f361d0,c24fc341e349106d65f02b14c0a33790e74d986327736b8cf0b54d58ca3e8d4d
s03,s0304b,O0_4_MARGIN_all_s2,45,5,0.1111111111111111,3,2,0,0.06666666666666667,0.044444444444444446,0.0,52,6,0.11538461538461539,4,3,0,0.07692307692307693,0.057692307692307696,0.0,166.21760200000017,150.50744700000016,0.9054844083239753,168.34399999999997,26,6.47476923076923,87130029b5443647ed1f1febd32ab768bf957a0a1698217eb3cf14b2d00c6ecf,100,eecc34e4f1dbf1e84ba3a5ed69e69559269820498e9461055042fca824cec437,cfbe0334b27cbae5c779cf91fcedfad266ca0ed0723c378b9f9284f9d09f23fc
s03,s0304b,O0_4_MARGIN_all_s4,45,4,0.08888888888888889,2,1,0,0.044444444444444446,0.022222222222222223,0.0,52,4,0.07692307692307693,2,1,0,0.038461538461538464,0.019230769230769232,0.0,166.21760200000017,150.50744700000016,0.9054844083239753,168.34399999999997,26,6.47476923076923,87130029b5443647ed1f1febd32ab768bf957a0a1698217eb3cf14b2d00c6ecf,100,c9ae18c9e0237990a3fc9e8842cc581da38358ac06457765067d66e218cbdb4a,f6d92fd90b820e319d95282d3cf579e85dbb00acdcf62c5ad990236ab6a4e86e
s03,s0305a,O0_4,63,3,0.047619047619047616,1,1,0,0.015873015873015872,0.015873015873015872,0.0,74,3,0.04054054054054054,1,1,0,0.013513513513513514,0.013513513513513514,0.0,247.04075699999993,204.25402000000008,0.8268029230496575,225.844,37,6.103891891891892,87130029b5443647ed1f1febd32ab768bf957a0a1698217eb3cf14b2d00c6ecf,148,831292c0b63d878af9c1f664bb7a49dc5f4d8fabd221b50eba7909f28e46f67c,6c6b203bccc88adf6cc66f8ae56efffc4bb6aac9f6689881ffabcc0c92be29dc
s03,s0305a,O0_4_sw0p25,63,3,0.047619047619047616,1,1,0,0.015873015873015872,0.015873015873015872,0.0,74,3,0.04054054054054054,1,1,0,0.013513513513513514,0.013513513513513514,0.0,247.04075699999993,204.25402000000008,0.8268029230496575,225.844,37,6.103891891891892,87130029b5443647ed1f1febd32ab768bf957a0a1698217eb3cf14b2d00c6ecf,148,831292c0b63d878af9c1f664bb7a49dc5f4d8fabd221b50eba7909f28e46f67c,6c6b203bccc88adf6cc66f8ae56efffc4bb6aac9f6689881ffabcc0c92be29dc
s03,s0305a,O0_4_sw0p5,63,3,0.047619047619047616,1,1,0,0.015873015873015872,0.015873015873015872,0.0,74,3,0.04054054054054054,1,1,0,0.013513513513513514,0.013513513513513514,0.0,247.04075699999993,204.25402000000008,0.8268029230496575,225.844,37,6.103891891891892,87130029b5443647ed1f1febd32ab768bf957a0a1698217eb3cf14b2d00c6ecf,148,831292c0b63d878af9c1f664bb7a49dc5f4d8fabd221b50eba7909f28e46f67c,6c6b203bccc88adf6cc66f8ae56efffc4bb6aac9f6689881ffabcc0c92be29dc
s03,s0305a,O0_4_sw1,64,5,0.078125,3,2,0,0.046875,0.03125,0.0,76,7,0.09210526315789473,5,3,0,0.06578947368421052,0.039473684210526314,0.0,247.04075699999993,204.25402000000008,0.8268029230496575,225.844,38,5.943263157894736,87130029b5443647ed1f1febd32ab768bf957a0a1698217eb3cf14b2d00c6ecf,148,e2d4597dff5ea3c45bc85b9530d85d0c50e0a93ef6b151dffe2bf23d2d1b9b3b,02ae8b7d0668371b29f342bbefd7591c8965e8778e19a6a5143b8fd93896f821
s03,s0305a,O0_4_sw2,65,5,0.07692307692307693,3,2,0,0.046153846153846156,0.03076923076923077,0.0,78,7,0.08974358974358974,5,3,0,0.0641025641025641,0.038461538461538464,0.0,247.04075699999993,204.25402000000008,0.8268029230496575,225.844,39,5.790871794871795,87130029b5443647ed1f1febd32ab768bf957a0a1698217eb3cf14b2d00c6ecf,148,5ecec49adbeb2cb712d4c4a55792b7a58627a6b75e49c81211d36a34510e2cce,bfaca2a0b8f2a6943634d177c5cf21716ff57fc69c08d87c3ece2f6678f6263f
s03,s0305a,O0_4_sw4,69,7,0.10144927536231885,5,3,1,0.07246376811594203,0.043478260869565216,0.014492753623188406,86,11,0.12790697674418605,9,5,2,0.10465116279069768,0.05813953488372093,0.023255813953488372,247.04075699999993,204.25402000000008,0.8268029230496575,225.844,43,5.2521860465116275,87130029b5443647ed1f1febd32ab768bf957a0a1698217eb3cf14b2d00c6ecf,148,d3d33ea6442b9dfa3b072f1f7dd8d6090f390fb8340e6d34641d194e73a93f49,291b0d9ef9b3b567aba41231e7f6458a8e9b35f759388f1b1369574aa7089fca
s03,s0305a,O0_4_keep90,63,3,0.047619047619047616,1,1,0,0.015873015873015872,0.015873015873015872,0.0,74,3,0.04054054054054054,1,1,0,0.013513513513513514,0.013513513513513514,0.0,247.04075699999993,204.25402000000008,0.8268029230496575,225.844,37,6.103891891891892,87130029b5443647ed1f1febd32ab768bf957a0a1698217eb3cf14b2d00c6ecf,147,831292c0b63d878af9c1f664bb7a49dc5f4d8fabd221b50eba7909f28e46f67c,6c6b203bccc88adf6cc66f8ae56efffc4bb6aac9f6689881ffabcc0c92be29dc
s03,s0305a,O0_4_keep80,60,3,0.05,2,2,1,0.03333333333333333,0.03333333333333333,0.016666666666666666,68,3,0.04411764705882353,2,2,1,0.029411764705882353,0.029411764705882353,0.014705882352941176,247.04075699999993,187.06186800000006,0.7572105521033524,207.14799999999997,34,6.092588235294117,87130029b5443647ed1f1febd32ab768bf957a0a1698217eb3cf14b2d00c6ecf,139,5c89588a1c89e3339c07c55d62d400e27d3dffd2a871bf2dfdec5bcaef298f64,e0f8f3f96d3cc5875c65f4e534a6194d027e038bfb09e6798fbed62129c7f23a
s03,s0305a,O0_4_keep70,57,4,0.07017543859649122,3,2,1,0.05263157894736842,0.03508771929824561,0.017543859649122806,64,4,0.0625,3,2,1,0.046875,0.03125,0.015625,247.04075699999993,165.362259,0.669372378097109,183.10799999999995,32,5.722124999999998,87130029b5443647ed1f1febd32ab768bf957a0a1698217eb3cf14b2d00c6ecf,135,108ff5a87de4d45c388f6ac72267f5e1b2393923443ffd49d1b3537a28db5eb1,c6f45ded60a01a82b07674cbd980f2a2d701330b7a02d2921561c9ac3825ca7e
s03,s0305a,O0_4_keep60,52,3,0.057692307692307696,2,1,0,0.038461538461538464,0.019230769230769232,0.0,56,3,0.05357142857142857,2,1,0,0.03571428571428571,0.017857142857142856,0.0,247.04075699999993,150.686843,0.6099675407001771,166.5879999999999,28,5.949571428571425,87130029b5443647ed1f1febd32ab768bf957a0a1698217eb3cf14b2d00c6ecf,116,4acafdccd5276a19ab071c6ce560bec372eaee648aef624e78e23b3535db0833,ce99b82a51a44c09afadebd042f6eea99d4bc0f9a22a352562bb1f85c8db5a3d
s03,s0305a,O0_4_keep50,25,2,0.08,2,1,0,0.08,0.04,0.0,26,2,0.07692307692307693,2,1,0,0.07692307692307693,0.038461538461538464,0.0,247.04075699999993,79.52443299999997,0.32190814975522436,89.71999999999994,13,6.901538461538457,87130029b5443647ed1f1febd32ab768bf957a0a1698217eb3cf14b2d00c6ecf,84,9df662b0982b406d004d8c92458004cb11f1df1150911ea3e0df0867fc0b19d0,c39f673657088d70c407b14dcabeeed2e5a7ed0eee0c4d54f46834e032757fce
s03,s0305a,O0_4_MARGIN_all_s0p5,63,3,0.047619047619047616,1,1,0,0.015873015873015872,0.015873015873015872,0.0,74,3,0.04054054054054054,1,1,0,0.013513513513513514,0.013513513513513514,0.0,247.04075699999993,204.25402000000008,0.8268029230496575,225.844,37,6.103891891891892,87130029b5443647ed1f1febd32ab768bf957a0a1698217eb3cf14b2d00c6ecf,148,831292c0b63d878af9c1f664bb7a49dc5f4d8fabd221b50eba7909f28e46f67c,6c6b203bccc88adf6cc66f8ae56efffc4bb6aac9f6689881ffabcc0c92be29dc
s03,s0305a,O0_4_MARGIN_all_s1,63,3,0.047619047619047616,1,1,0,0.015873015873015872,0.015873015873015872,0.0,74,3,0.04054054054054054,1,1,0,0.013513513513513514,0.013513513513513514,0.0,247.04075699999993,204.25402000000008,0.8268029230496575,225.844,37,6.103891891891892,87130029b5443647ed1f1febd32ab768bf957a0a1698217eb3cf14b2d00c6ecf,148,831292c0b63d878af9c1f664bb7a49dc5f4d8fabd221b50eba7909f28e46f67c,6c6b203bccc88adf6cc66f8ae56efffc4bb6aac9f6689881ffabcc0c92be29dc
s03,s0305a,O0_4_MARGIN_all_s2,64,3,0.046875,1,1,0,0.015625,0.015625,0.0,76,3,0.039473684210526314,1,1,0,0.013157894736842105,0.013157894736842105,0.0,247.04075699999993,204.25402000000008,0.8268029230496575,225.59199999999998,38,5.936631578947368,87130029b5443647ed1f1febd32ab768bf957a0a1698217eb3cf14b2d00c6ecf,148,3618c56a077085d6069c58e7836fb3efd24a1ecf9dfbd9fbe7845d4a603ce3c9,d5f5775cadbab696024ba02832034e9c56721069a326501d83a5ad0f2126c7c1
s03,s0305a,O0_4_MARGIN_all_s4,62,3,0.04838709677419355,1,1,0,0.016129032258064516,0.016129032258064516,0.0,74,3,0.04054054054054054,1,1,0,0.013513513513513514,0.013513513513513514,0.0,247.04075699999993,200.98792400000008,0.8135820438730283,222.164,37,6.0044324324324325,87130029b5443647ed1f1febd32ab768bf957a0a1698217eb3cf14b2d00c6ecf,148,0723492502df18ea9fa3dc5f68f3ca275711e8db47e5f1ba1ac91714d7ea26d4,d20b7b0da98a5c671f84848ccdcf51d386e05f6887d41ad8e4f015659759c57d
s03,s0305b,O0_4,31,4,0.12903225806451613,2,2,2,0.06451612903225806,0.06451612903225806,0.06451612903225806,36,4,0.1111111111111111,2,2,2,0.05555555555555555,0.05555555555555555,0.05555555555555555,138.288746,98.82579799999999,0.7146336983922031,109.93600000000002,18,6.107555555555557,87130029b5443647ed1f1febd32ab768bf957a0a1698217eb3cf14b2d00c6ecf,78,3d68a2f5c54516f88b75b032573f5e066403678c487d41ab5246d249c2789ba9,e8f5b8b5da833551e605e40e15c237d655c05a68f117c2f60df0e3b5b7604587
s03,s0305b,O0_4_sw0p25,31,5,0.16129032258064516,3,2,2,0.0967741935483871,0.06451612903225806,0.06451612903225806,36,5,0.1388888888888889,3,2,2,0.08333333333333333,0.05555555555555555,0.05555555555555555,138.288746,98.437344,0.711824691793792,109.40400000000002,18,6.078000000000001,87130029b5443647ed1f1febd32ab768bf957a0a1698217eb3cf14b2d00c6ecf,78,5b7f735873783e735d5a378f94d1be9b31c8dbbce5e6ee728a521415765f31ac,11dc21c906ac50d3efc4b150f6d1be9d561e0603897f4c2e15595ddf2794f704
s03,s0305b,O0_4_sw0p5,31,5,0.16129032258064516,3,2,2,0.0967741935483871,0.06451612903225806,0.06451612903225806,36,5,0.1388888888888889,3,2,2,0.08333333333333333,0.05555555555555555,0.05555555555555555,138.288746,98.437344,0.711824691793792,109.40400000000002,18,6.078000000000001,87130029b5443647ed1f1febd32ab768bf957a0a1698217eb3cf14b2d00c6ecf,78,5b7f735873783e735d5a378f94d1be9b31c8dbbce5e6ee728a521415765f31ac,11dc21c906ac50d3efc4b150f6d1be9d561e0603897f4c2e15595ddf2794f704
s03,s0305b,O0_4_sw1,31,5,0.16129032258064516,3,2,2,0.0967741935483871,0.06451612903225806,0.06451612903225806,36,5,0.1388888888888889,3,2,2,0.08333333333333333,0.05555555555555555,0.05555555555555555,138.288746,98.437344,0.711824691793792,109.40400000000002,18,6.078000000000001,87130029b5443647ed1f1febd32ab768bf957a0a1698217eb3cf14b2d00c6ecf,78,5b7f735873783e735d5a378f94d1be9b31c8dbbce5e6ee728a521415765f31ac,11dc21c906ac50d3efc4b150f6d1be9d561e0603897f4c2e15595ddf2794f704
s03,s0305b,O0_4_sw2,32,4,0.125,3,3,3,0.09375,0.09375,0.09375,38,5,0.13157894736842105,4,4,4,0.10526315789473684,0.10526315789473684,0.10526315789473684,138.288746,98.47314999999998,0.7120836138032517,109.09600000000002,19,5.741894736842106,87130029b5443647ed1f1febd32ab768bf957a0a1698217eb3cf14b2d00c6ecf,78,4f7560d316229013fb7128294f6e3d356d24777a3359dce06adc06ef6636ab7e,4e720546cee09584296ec58129e513e1137fd2c480283975a42f0b8c045c930c
s03,s0305b,O0_4_sw4,32,5,0.15625,4,3,3,0.125,0.09375,0.09375,38,6,0.15789473684210525,5,4,4,0.13157894736842105,0.10526315789473684,0.10526315789473684,138.288746,98.08469599999998,0.7092746072048406,108.56400000000002,19,5.713894736842106,87130029b5443647ed1f1febd32ab768bf957a0a1698217eb3cf14b2d00c6ecf,78,c1241815f52597faa7a39b1a464acdd92b9e85d151fd230170884fdb8e495e08,77b83a65f2f6d36c70b63a99c6be90dbef4a9a117697d81963a85f1a78500227
s03,s0305b,O0_4_keep90,31,4,0.12903225806451613,2,2,2,0.06451612903225806,0.06451612903225806,0.06451612903225806,36,4,0.1111111111111111,2,2,2,0.05555555555555555,0.05555555555555555,0.05555555555555555,138.288746,98.82579799999999,0.7146336983922031,109.93600000000002,18,6.107555555555557,87130029b5443647ed1f1febd32ab768bf957a0a1698217eb3cf14b2d00c6ecf,78,3d68a2f5c54516f88b75b032573f5e066403678c487d41ab5246d249c2789ba9,e8f5b8b5da833551e605e40e15c237d655c05a68f117c2f60df0e3b5b7604587
s03,s0305b,O0_4_keep80,31,4,0.12903225806451613,2,1,1,0.06451612903225806,0.03225806451612903,0.03225806451612903,36,4,0.1111111111111111,2,1,1,0.05555555555555555,0.027777777777777776,0.027777777777777776,138.288746,98.30869799999996,0.7108944208663224,109.34000000000002,18,6.074444444444445,87130029b5443647ed1f1febd32ab768bf957a0a1698217eb3cf14b2d00c6ecf,72,d91dad9ffa84faee01aa0a6723b6324c7e1333bc55212dddb155240afc1fbf70,5b0848fea7cb32b65a318262763a05208149302417acd20d1055f8db61c273e0
s03,s0305b,O0_4_keep70,30,3,0.1,2,1,1,0.06666666666666667,0.03333333333333333,0.03333333333333333,34,3,0.08823529411764706,2,1,1,0.058823529411764705,0.029411764705882353,0.029411764705882353,138.288746,88.26656699999995,0.6382772969826478,98.00400000000002,17,5.76494117647059,87130029b5443647ed1f1febd32ab768bf957a0a1698217eb3cf14b2d00c6ecf,69,689bf5c642d5ed5eb6df36cf7a9484f725dfa20b544123da0f196a0c12955e88,5cf33f6a804d3682e7107dc4e20a0f2ee490340166b217dd3860707c110fc48c
s03,s0305b,O0_4_keep60,27,5,0.18518518518518517,4,1,1,0.14814814814814814,0.037037037037037035,0.037037037037037035,30,5,0.16666666666666666,4,1,1,0.13333333333333333,0.03333333333333333,0.03333333333333333,138.288746,81.94150199999999,0.592539193319462,90.75200000000002,15,6.050133333333335,87130029b5443647ed1f1febd32ab768bf957a0a1698217eb3cf14b2d00c6ecf,60,cd490517aea48bb81d2ba4d42a657f889cd9bf26e7e33c4ca51cb558d55d3b2e,035e57b5a6f655867910c0554e6fbdcd6498ab8150755cba6e53459f92e4badd
s03,s0305b,O0_4_keep50,21,5,0.23809523809523808,4,1,1,0.19047619047619047,0.047619047619047616,0.047619047619047616,22,5,0.22727272727272727,4,1,1,0.18181818181818182,0.045454545454545456,0.045454545454545456,138.288746,70.33762999999999,0.5086287354142324,78.02000000000001,11,7.092727272727274,87130029b5443647ed1f1febd32ab768bf957a0a1698217eb3cf14b2d00c6ecf,45,bed0b37917cf9adced2347dd15d6a978b7bfe1fe41857fcc3915e2ded0f18c94,ef5088efe70909f95b59f36f4d39c0e048d5eec164cd50f750006618ce2d590f
s03,s0305b,O0_4_MARGIN_all_s0p5,31,3,0.0967741935483871,2,2,2,0.06451612903225806,0.06451612903225806,0.06451612903225806,36,3,0.08333333333333333,2,2,2,0.05555555555555555,0.05555555555555555,0.05555555555555555,138.288746,98.47314999999998,0.7120836138032517,109.09600000000002,18,6.06088888888889,87130029b5443647ed1f1febd32ab768bf957a0a1698217eb3cf14b2d00c6ecf,78,3dc5f7e2f535eb95edc5bd699dbcd42cfda14aa89023d56c8db2670195a6f5f3,5349e65c879053254e359e515ba4f9184ea16dc21341a2671a1640491cba5fa2
s03,s0305b,O0_4_MARGIN_all_s1,31,3,0.0967741935483871,2,2,2,0.06451612903225806,0.06451612903225806,0.06451612903225806,36,3,0.08333333333333333,2,2,2,0.05555555555555555,0.05555555555555555,0.05555555555555555,138.288746,98.88301599999997,0.7150474558500948,109.68000000000002,18,6.093333333333335,87130029b5443647ed1f1febd32ab768bf957a0a1698217eb3cf14b2d00c6ecf,78,f22e75ce69a23469205eb7e86843d4fb125123030fab30a07593fe0c1a65c205,18a15527f2fef53c77ea9f81b1c95dc12bbf45e7a52546ba71ea3b6218c05662
s03,s0305b,O0_4_MARGIN_all_s2,31,4,0.12903225806451613,3,3,2,0.0967741935483871,0.0967741935483871,0.06451612903225806,36,4,0.1111111111111111,3,3,2,0.08333333333333333,0.08333333333333333,0.05555555555555555,138.288746,98.02256799999995,0.7088253443270065,108.66000000000003,18,6.036666666666668,87130029b5443647ed1f1febd32ab768bf957a0a1698217eb3cf14b2d00c6ecf,78,52b65157a0e4f6faa39ec978044193b865c6fdc57646954ffd1dfff9d2031c24,07f3633b5a3db9d5972097f7772eb2354b3eaec842fc257711161743940f7902
s03,s0305b,O0_4_MARGIN_all_s4,31,4,0.12903225806451613,3,3,2,0.0967741935483871,0.0967741935483871,0.06451612903225806,36,4,0.1111111111111111,3,3,2,0.08333333333333333,0.08333333333333333,0.05555555555555555,138.288746,98.02256799999995,0.7088253443270065,108.66000000000003,18,6.036666666666668,87130029b5443647ed1f1febd32ab768bf957a0a1698217eb3cf14b2d00c6ecf,78,52b65157a0e4f6faa39ec978044193b865c6fdc57646954ffd1dfff9d2031c24,07f3633b5a3db9d5972097f7772eb2354b3eaec842fc257711161743940f7902
s03,s0306a,O0_4,35,2,0.05714285714285714,2,1,1,0.05714285714285714,0.02857142857142857,0.02857142857142857,38,3,0.07894736842105263,3,2,2,0.07894736842105263,0.05263157894736842,0.05263157894736842,135.67482200000006,101.86996400000005,0.7508391203196125,112.09599999999992,19,5.899789473684206,87130029b5443647ed1f1febd32ab768bf957a0a1698217eb3cf14b2d00c6ecf,95,68a1aacf606faeb6b8935c1c6317826d0a16a22445eafbe2ab7b23671bb54538,be3895f9857c820595d304f1e47171f145ab1ef3c3dba3a9735830203e64edb5
s03,s0306a,O0_4_sw0p25,35,2,0.05714285714285714,2,1,1,0.05714285714285714,0.02857142857142857,0.02857142857142857,38,3,0.07894736842105263,3,2,2,0.07894736842105263,0.05263157894736842,0.05263157894736842,135.67482200000006,101.86996400000005,0.7508391203196125,112.09599999999992,19,5.899789473684206,87130029b5443647ed1f1febd32ab768bf957a0a1698217eb3cf14b2d00c6ecf,95,68a1aacf606faeb6b8935c1c6317826d0a16a22445eafbe2ab7b23671bb54538,be3895f9857c820595d304f1e47171f145ab1ef3c3dba3a9735830203e64edb5
s03,s0306a,O0_4_sw0p5,35,2,0.05714285714285714,2,1,1,0.05714285714285714,0.02857142857142857,0.02857142857142857,38,3,0.07894736842105263,3,2,2,0.07894736842105263,0.05263157894736842,0.05263157894736842,135.67482200000006,101.86996400000005,0.7508391203196125,112.09599999999992,19,5.899789473684206,87130029b5443647ed1f1febd32ab768bf957a0a1698217eb3cf14b2d00c6ecf,95,68a1aacf606faeb6b8935c1c6317826d0a16a22445eafbe2ab7b23671bb54538,be3895f9857c820595d304f1e47171f145ab1ef3c3dba3a9735830203e64edb5
s03,s0306a,O0_4_sw1,36,3,0.08333333333333333,3,2,0,0.08333333333333333,0.05555555555555555,0.0,40,5,0.125,5,4,0,0.125,0.1,0.0,135.67482200000006,102.75996400000004,0.7573989225502724,113.39199999999991,20,5.6695999999999955,87130029b5443647ed1f1febd32ab768bf957a0a1698217eb3cf14b2d00c6ecf,95,7b09cf7516d896d474d348a79b97c1beecc7160d34e5fa8b9c0b87798c093e1e,964d8d8349b0874b7cbc13162f156e2cec86200677992c8cb09fe18fbd4b8e8c
s03,s0306a,O0_4_sw2,36,3,0.08333333333333333,3,2,0,0.08333333333333333,0.05555555555555555,0.0,40,5,0.125,5,4,0,0.125,0.1,0.0,135.67482200000006,102.75996400000004,0.7573989225502724,113.39199999999991,20,5.6695999999999955,87130029b5443647ed1f1febd32ab768bf957a0a1698217eb3cf14b2d00c6ecf,95,7b09cf7516d896d474d348a79b97c1beecc7160d34e5fa8b9c0b87798c093e1e,964d8d8349b0874b7cbc13162f156e2cec86200677992c8cb09fe18fbd4b8e8c
s03,s0306a,O0_4_sw4,36,3,0.08333333333333333,3,2,0,0.08333333333333333,0.05555555555555555,0.0,40,5,0.125,5,4,0,0.125,0.1,0.0,135.67482200000006,102.75996400000004,0.7573989225502724,112.88399999999992,20,5.644199999999996,87130029b5443647ed1f1febd32ab768bf957a0a1698217eb3cf14b2d00c6ecf,95,d58d5d82e201835c50746c610a29bb7eca8c317cfdf35adbfb1fc2572d4fc71a,393646f5162a2e14a8262b047d797b80457b42f7d060768b417d9fb997a44c4a
s03,s0306a,O0_4_keep90,35,2,0.05714285714285714,2,1,1,0.05714285714285714,0.02857142857142857,0.02857142857142857,38,3,0.07894736842105263,3,2,2,0.07894736842105263,0.05263157894736842,0.05263157894736842,135.67482200000006,101.86996400000005,0.7508391203196125,112.09599999999992,19,5.899789473684206,87130029b5443647ed1f1febd32ab768bf957a0a1698217eb3cf14b2d00c6ecf,94,68a1aacf606faeb6b8935c1c6317826d0a16a22445eafbe2ab7b23671bb54538,be3895f9857c820595d304f1e47171f145ab1ef3c3dba3a9735830203e64edb5
s03,s0306a,O0_4_keep80,34,2,0.058823529411764705,2,1,1,0.058823529411764705,0.029411764705882353,0.029411764705882353,36,3,0.08333333333333333,3,2,2,0.08333333333333333,0.05555555555555555,0.05555555555555555,135.67482200000006,97.36913900000005,0.7176655002355559,106.99999999999991,18,5.944444444444439,87130029b5443647ed1f1febd32ab768bf957a0a1698217eb3cf14b2d00c6ecf,92,90ab48688ec5de4ed8137b55ae1221233620253ed9e4db8c7c94fcdc74a5e645,dbd08b220a6ff1e6db6471815d8b37945aea6718101a7f65ec5975756fde9b24
s03,s0306a,O0_4_keep70,34,2,0.058823529411764705,2,1,0,0.058823529411764705,0.029411764705882353,0.0,36,3,0.08333333333333333,3,2,0,0.08333333333333333,0.05555555555555555,0.0,135.67482200000006,98.33387000000002,0.7247761121072263,107.62399999999997,18,5.979111111111109,87130029b5443647ed1f1febd32ab768bf957a0a1698217eb3cf14b2d00c6ecf,89,bd445a1a9798540849b66f68ca5a3eb2b60b2fdcd3021b997973161744fe67c4,e5baa4e60122aee835d871a01d1343fa8fcbeb4249a7e685714d93fb6240b441
s03,s0306a,O0_4_keep60,32,3,0.09375,3,2,1,0.09375,0.0625,0.03125,32,3,0.09375,3,2,1,0.09375,0.0625,0.03125,135.67482200000006,83.31128399999999,0.6140511759801679,91.7559999999999,16,5.734749999999994,87130029b5443647ed1f1febd32ab768bf957a0a1698217eb3cf14b2d00c6ecf,76,d7812c4559896d1505d33acea56a7262734f881ad7921f7da27a4309476cb49f,19e2388b2bec0136b808ee9a99f876ba39d2fc3b5c009812366da830a0b9b375
s03,s0306a,O0_4_keep50,23,2,0.08695652173913043,2,1,1,0.08695652173913043,0.043478260869565216,0.043478260869565216,24,3,0.125,3,2,2,0.125,0.08333333333333333,0.08333333333333333,135.67482200000006,65.16475200000002,0.48030099497753526,72.33999999999996,12,6.02833333333333,87130029b5443647ed1f1febd32ab768bf957a0a1698217eb3cf14b2d00c6ecf,58,e9d53723e66f66a77aaf5aff838ae29837fdb0c3a57f145d37039f412046f7c9,3141532fe11d3dfda7ecaaf8a8ff051f481a3f41d20645d7825249ecf29e53cc
s03,s0306a,O0_4_MARGIN_all_s0p5,35,2,0.05714285714285714,2,1,1,0.05714285714285714,0.02857142857142857,0.02857142857142857,38,3,0.07894736842105263,3,2,2,0.07894736842105263,0.05263157894736842,0.05263157894736842,135.67482200000006,101.86996400000005,0.7508391203196125,111.58799999999992,19,5.873052631578943,87130029b5443647ed1f1febd32ab768bf957a0a1698217eb3cf14b2d00c6ecf,95,b39832c9e7043995a9a90c52b2f4ff5b97253cb94e9ba2bebb4277cb7bf52b91,58ddd68b03c4d4a95728af64f210d6d9782fbadfc1504fc129e477a7bb55102b
s03,s0306a,O0_4_MARGIN_all_s1,35,2,0.05714285714285714,2,1,1,0.05714285714285714,0.02857142857142857,0.02857142857142857,38,3,0.07894736842105263,3,2,2,0.07894736842105263,0.05263157894736842,0.05263157894736842,135.67482200000006,100.59796400000006,0.7414637625247816,109.75999999999992,19,5.776842105263154,87130029b5443647ed1f1febd32ab768bf957a0a1698217eb3cf14b2d00c6ecf,95,fa3d90d59edc054ea43ac8ede223495b8c00e2ef88865abb7c23750d5d74a574,bdc67e4a0a84b09f7afc68f4beb80227333fb2f4703c557efc2a3eb90d8a4823
s03,s0306a,O0_4_MARGIN_all_s2,35,2,0.05714285714285714,2,1,1,0.05714285714285714,0.02857142857142857,0.02857142857142857,38,3,0.07894736842105263,3,2,2,0.07894736842105263,0.05263157894736842,0.05263157894736842,135.67482200000006,100.59796400000006,0.7414637625247816,109.46799999999995,19,5.761473684210523,87130029b5443647ed1f1febd32ab768bf957a0a1698217eb3cf14b2d00c6ecf,95,8934cb24330e9b52b3da2f44d444de90d27c105e8139aa5bd392e40728e1ba98,9b568fbcb4f6d7776220e4c1e2913dc8e50ddbfe0f457f9a956a14ce60a3f2f1
s03,s0306a,O0_4_MARGIN_all_s4,35,2,0.05714285714285714,2,1,1,0.05714285714285714,0.02857142857142857,0.02857142857142857,38,3,0.07894736842105263,3,2,2,0.07894736842105263,0.05263157894736842,0.05263157894736842,135.67482200000006,100.59796400000006,0.7414637625247816,109.46799999999995,19,5.761473684210523,87130029b5443647ed1f1febd32ab768bf957a0a1698217eb3cf14b2d00c6ecf,95,8934cb24330e9b52b3da2f44d444de90d27c105e8139aa5bd392e40728e1ba98,9b568fbcb4f6d7776220e4c1e2913dc8e50ddbfe0f457f9a956a14ce60a3f2f1
s04,s0401b,O0_4,74,4,0.05405405405405406,2,1,0,0.02702702702702703,0.013513513513513514,0.0,76,5,0.06578947368421052,3,2,0,0.039473684210526314,0.02631578947368421,0.0,297.30200100000025,171.62390499999984,0.5772712744035641,199.82400000000004,38,5.258526315789474,87130029b5443647ed1f1febd32ab768bf957a0a1698217eb3cf14b2d00c6ecf,376,3824533ae172cee91a80760a7981153c8e9f66bb56581ff16ffea3c07fdb0279,b6c840f084e97204d1926a84f9ed06df38fba18eb7a79a108c09f1ad72e73bbb
s04,s0401b,O0_4_sw0p25,74,4,0.05405405405405406,2,1,0,0.02702702702702703,0.013513513513513514,0.0,76,5,0.06578947368421052,3,2,0,0.039473684210526314,0.02631578947368421,0.0,297.30200100000025,171.62390499999984,0.5772712744035641,199.82400000000004,38,5.258526315789474,87130029b5443647ed1f1febd32ab768bf957a0a1698217eb3cf14b2d00c6ecf,376,3824533ae172cee91a80760a7981153c8e9f66bb56581ff16ffea3c07fdb0279,b6c840f084e97204d1926a84f9ed06df38fba18eb7a79a108c09f1ad72e73bbb
s04,s0401b,O0_4_sw0p5,74,4,0.05405405405405406,2,1,0,0.02702702702702703,0.013513513513513514,0.0,76,5,0.06578947368421052,3,2,0,0.039473684210526314,0.02631578947368421,0.0,297.30200100000025,171.62390499999984,0.5772712744035641,199.82400000000004,38,5.258526315789474,87130029b5443647ed1f1febd32ab768bf957a0a1698217eb3cf14b2d00c6ecf,376,3824533ae172cee91a80760a7981153c8e9f66bb56581ff16ffea3c07fdb0279,b6c840f084e97204d1926a84f9ed06df38fba18eb7a79a108c09f1ad72e73bbb
s04,s0401b,O0_4_sw1,74,4,0.05405405405405406,2,1,0,0.02702702702702703,0.013513513513513514,0.0,76,5,0.06578947368421052,3,2,0,0.039473684210526314,0.02631578947368421,0.0,297.30200100000025,171.62390499999984,0.5772712744035641,199.82400000000004,38,5.258526315789474,87130029b5443647ed1f1febd32ab768bf957a0a1698217eb3cf14b2d00c6ecf,376,3824533ae172cee91a80760a7981153c8e9f66bb56581ff16ffea3c07fdb0279,b6c840f084e97204d1926a84f9ed06df38fba18eb7a79a108c09f1ad72e73bbb
s04,s0401b,O0_4_sw2,75,4,0.05333333333333334,2,1,0,0.02666666666666667,0.013333333333333334,0.0,78,5,0.0641025641025641,3,2,0,0.038461538461538464,0.02564102564102564,0.0,297.30200100000025,173.00590499999979,0.5819197463120998,201.44400000000005,39,5.16523076923077,87130029b5443647ed1f1febd32ab768bf957a0a1698217eb3cf14b2d00c6ecf,376,918daf82495019f24dde2fdc9e7c82ed5d7b22a4c5736778fc2382ef2b009f39,f96cf177e9d04d3fde4376fde1afc73f78395e39e54462191a7394b64551fce0
s04,s0401b,O0_4_sw4,80,5,0.0625,3,1,0,0.0375,0.0125,0.0,88,6,0.06818181818181818,4,1,0,0.045454545454545456,0.011363636363636364,0.0,297.30200100000025,173.8017799999998,0.5845967380488625,202.12000000000006,44,4.593636363636365,87130029b5443647ed1f1febd32ab768bf957a0a1698217eb3cf14b2d00c6ecf,376,3f18f93c1da3e53d9c3c3bfa7db371171fe0d45f89a3ebd92b1b5991ed5e2cf9,d0070c7db6767799b2e99ee27c3765e473024618c8082b72af30a0db8d9e986e
s04,s0401b,O0_4_keep90,74,4,0.05405405405405406,2,1,0,0.02702702702702703,0.013513513513513514,0.0,76,5,0.06578947368421052,3,2,0,0.039473684210526314,0.02631578947368421,0.0,297.30200100000025,171.62390499999984,0.5772712744035641,199.82400000000004,38,5.258526315789474,87130029b5443647ed1f1febd32ab768bf957a0a1698217eb3cf14b2d00c6ecf,375,3824533ae172cee91a80760a7981153c8e9f66bb56581ff16ffea3c07fdb0279,b6c840f084e97204d1926a84f9ed06df38fba18eb7a79a108c09f1ad72e73bbb
s04,s0401b,O0_4_keep80,74,5,0.06756756756756757,3,1,0,0.04054054054054054,0.013513513513513514,0.0,76,7,0.09210526315789473,5,2,0,0.06578947368421052,0.02631578947368421,0.0,297.30200100000025,169.55490499999988,0.5703120208733466,197.30000000000004,38,5.192105263157896,87130029b5443647ed1f1febd32ab768bf957a0a1698217eb3cf14b2d00c6ecf,368,81350fbc16f5e522bc1e534d23c9d0c871db1dfc3a2039c42730e00674225393,a5a763f86ffa07e640c590edef7f295693905829c5cee1052db4e5a5ebd6993b
s04,s0401b,O0_4_keep70,68,6,0.08823529411764706,4,3,0,0.058823529411764705,0.04411764705882353,0.0,70,8,0.11428571428571428,6,4,0,0.08571428571428572,0.05714285714285714,0.0,297.30200100000025,151.43255999999994,0.509356006655333,173.65200000000004,35,4.961485714285716,87130029b5443647ed1f1febd32ab768bf957a0a1698217eb3cf14b2d00c6ecf,351,e7f23b55ad8a4a71d14555163136f78b5704f46cf7264ec88757065a1f529d27,fe4f944f01f49e6ab3c0aec05ddd572ada95c401c64afdb9d1fb41d044455874
s04,s0401b,O0_4_keep60,60,7,0.11666666666666667,4,4,0,0.06666666666666667,0.06666666666666667,0.0,62,8,0.12903225806451613,5,5,0,0.08064516129032258,0.08064516129032258,0.0,297.30200100000025,131.10156199999994,0.440971004429936,150.544,31,4.85625806451613,87130029b5443647ed1f1febd32ab768bf957a0a1698217eb3cf14b2d00c6ecf,318,fdb59eb1f08b4d97f0d1a191c757144f83f30ef29f8d8bcf94e9bb67499d45c1,8ec994e83947c72500a0acebad3aa99c05f2ed264b87cc75463b23d6e5e8d730
s04,s0401b,O0_4_keep50,36,3,0.08333333333333333,2,2,0,0.05555555555555555,0.05555555555555555,0.0,38,4,0.10526315789473684,3,3,0,0.07894736842105263,0.07894736842105263,0.0,297.30200100000025,83.89013799999992,0.28217145433878144,97.85599999999998,19,5.150315789473683,87130029b5443647ed1f1febd32ab768bf957a0a1698217eb3cf14b2d00c6ecf,208,0d2decc96b54045bd346ba53f587f860a2cd58b363a43830262737191ae4393a,23de00933fae175961e64a1ec9cc3574df566303a768ddeafc9940b48d3b8686
s04,s0401b,O0_4_MARGIN_all_s0p5,74,4,0.05405405405405406,2,1,0,0.02702702702702703,0.013513513513513514,0.0,76,5,0.06578947368421052,3,2,0,0.039473684210526314,0.02631578947368421,0.0,297.30200100000025,171.33764299999987,0.5763084083648657,199.27200000000002,38,5.244000000000001,87130029b5443647ed1f1febd32ab768bf957a0a1698217eb3cf14b2d00c6ecf,376,e2a936ba4a53af4b87dce43811ebcadd60a4ba3c538aa305a261d88d0e3a7431,9c41e2bb20cf4e251ef3290ac7fcd9e38076156a9b0e20ab6ad8501c59c38b37
s04,s0401b,O0_4_MARGIN_all_s1,74,4,0.05405405405405406,2,1,0,0.02702702702702703,0.013513513513513514,0.0,76,5,0.06578947368421052,3,2,0,0.039473684210526314,0.02631578947368421,0.0,297.30200100000025,171.06634499999987,0.5753958749843723,198.304,38,5.2185263157894735,87130029b5443647ed1f1febd32ab768bf957a0a1698217eb3cf14b2d00c6ecf,376,a1d1d9379870e41ff3ec97fc057510abc72e23f4a85252352636b2ec047c30dc,e73f65e29e1270b09b10c71216649642e9cec1cd58821a4ca9ca29ea06cd5102
s04,s0401b,O0_4_MARGIN_all_s2,74,3,0.04054054054054054,0,0,0,0.0,0.0,0.0,76,3,0.039473684210526314,0,0,0,0.0,0.0,0.0,297.30200100000025,167.93009499999994,0.5648468373409966,192.43599999999995,38,5.064105263157893,87130029b5443647ed1f1febd32ab768bf957a0a1698217eb3cf14b2d00c6ecf,376,ce66e0c2f59fb00ed9be6afa3224d4471bc2f4871a51c7c18bd3855f642ec67a,3a0821f65c6ab85186850d2f253d86fc3de4a8dca710602e63719b74c007f168
s04,s0401b,O0_4_MARGIN_all_s4,74,2,0.02702702702702703,0,0,0,0.0,0.0,0.0,76,2,0.02631578947368421,0,0,0,0.0,0.0,0.0,297.30200100000025,166.40796999999992,0.55972704334405,190.54399999999998,38,5.014315789473684,87130029b5443647ed1f1febd32ab768bf957a0a1698217eb3cf14b2d00c6ecf,376,e0369b27afb166a4822bbc1a306357a594115370b19288229ddb6e985071bcd1,5aa96c2bc6ad3afbbee9e12322b9e12f78c21d9c5606cea44127928a5178dfa5
s04,s0402a,O0_4,70,10,0.14285714285714285,6,0,0,0.08571428571428572,0.0,0.0,72,11,0.1527777777777778,7,0,0,0.09722222222222222,0.0,0.0,267.10904999999997,147.44864999999993,0.5520166763350023,168.84799999999996,36,4.690222222222221,87130029b5443647ed1f1febd32ab768bf957a0a1698217eb3cf14b2d00c6ecf,325,b58fcbd3e7b3f734df73ba40ce8a81eb40fcfe1bd48978d5d99d5907b2cda9ed,2df0ffaf0a03143436fa27b427bfd2f5001a712d1ea420f57d1ee27d7628823a
s04,s0402a,O0_4_sw0p25,70,10,0.14285714285714285,6,0,0,0.08571428571428572,0.0,0.0,72,11,0.1527777777777778,7,0,0,0.09722222222222222,0.0,0.0,267.10904999999997,147.44864999999993,0.5520166763350023,168.84799999999996,36,4.690222222222221,87130029b5443647ed1f1febd32ab768bf957a0a1698217eb3cf14b2d00c6ecf,325,b58fcbd3e7b3f734df73ba40ce8a81eb40fcfe1bd48978d5d99d5907b2cda9ed,2df0ffaf0a03143436fa27b427bfd2f5001a712d1ea420f57d1ee27d7628823a
s04,s0402a,O0_4_sw0p5,70,10,0.14285714285714285,6,0,0,0.08571428571428572,0.0,0.0,72,11,0.1527777777777778,7,0,0,0.09722222222222222,0.0,0.0,267.10904999999997,147.44864999999993,0.5520166763350023,168.84799999999996,36,4.690222222222221,87130029b5443647ed1f1febd32ab768bf957a0a1698217eb3cf14b2d00c6ecf,325,b58fcbd3e7b3f734df73ba40ce8a81eb40fcfe1bd48978d5d99d5907b2cda9ed,2df0ffaf0a03143436fa27b427bfd2f5001a712d1ea420f57d1ee27d7628823a
s04,s0402a,O0_4_sw1,70,10,0.14285714285714285,6,0,0,0.08571428571428572,0.0,0.0,72,11,0.1527777777777778,7,0,0,0.09722222222222222,0.0,0.0,267.10904999999997,147.44864999999993,0.5520166763350023,168.84799999999996,36,4.690222222222221,87130029b5443647ed1f1febd32ab768bf957a0a1698217eb3cf14b2d00c6ecf,325,b58fcbd3e7b3f734df73ba40ce8a81eb40fcfe1bd48978d5d99d5907b2cda9ed,2df0ffaf0a03143436fa27b427bfd2f5001a712d1ea420f57d1ee27d7628823a
s04,s0402a,O0_4_sw2,70,10,0.14285714285714285,6,0,0,0.08571428571428572,0.0,0.0,72,11,0.1527777777777778,7,0,0,0.09722222222222222,0.0,0.0,267.10904999999997,147.44864999999993,0.5520166763350023,168.84799999999996,36,4.690222222222221,87130029b5443647ed1f1febd32ab768bf957a0a1698217eb3cf14b2d00c6ecf,325,b58fcbd3e7b3f734df73ba40ce8a81eb40fcfe1bd48978d5d99d5907b2cda9ed,2df0ffaf0a03143436fa27b427bfd2f5001a712d1ea420f57d1ee27d7628823a
s04,s0402a,O0_4_sw4,72,10,0.1388888888888889,6,0,0,0.08333333333333333,0.0,0.0,76,11,0.14473684210526316,7,0,0,0.09210526315789473,0.0,0.0,267.10904999999997,148.88565,0.5573965015412246,170.28800000000004,38,4.4812631578947375,87130029b5443647ed1f1febd32ab768bf957a0a1698217eb3cf14b2d00c6ecf,325,983e9d10ba0b0205429ad12dd441f1a5872d1c354f433dfbfbbc92e22371dc9d,51ae3f314c1e362def875d54e342ce2c939302111c732d037ac1e0982eefefd1
s04,s0402a,O0_4_keep90,70,10,0.14285714285714285,6,0,0,0.08571428571428572,0.0,0.0,72,11,0.1527777777777778,7,0,0,0.09722222222222222,0.0,0.0,267.10904999999997,147.44864999999993,0.5520166763350023,168.84799999999996,36,4.690222222222221,87130029b5443647ed1f1febd32ab768bf957a0a1698217eb3cf14b2d00c6ecf,325,b58fcbd3e7b3f734df73ba40ce8a81eb40fcfe1bd48978d5d99d5907b2cda9ed,2df0ffaf0a03143436fa27b427bfd2f5001a712d1ea420f57d1ee27d7628823a
s04,s0402a,O0_4_keep80,69,9,0.13043478260869565,5,0,0,0.07246376811594203,0.0,0.0,70,9,0.12857142857142856,5,0,0,0.07142857142857142,0.0,0.0,267.10904999999997,144.93483099999997,0.5426054676919407,165.33199999999994,35,4.7237714285714265,87130029b5443647ed1f1febd32ab768bf957a0a1698217eb3cf14b2d00c6ecf,321,b56eccd1dde94e7bd50417db34ff004676663ddf728be4c66442bd0c6a89f0cf,fd9005efd5d3c31ca9636a2f951fa0942d03d3bd996c107057d4973a46b004ed
s04,s0402a,O0_4_keep70,67,8,0.11940298507462686,5,0,0,0.07462686567164178,0.0,0.0,68,8,0.11764705882352941,5,0,0,0.07352941176470588,0.0,0.0,267.10904999999997,138.23307499999993,0.5175155053713079,157.21199999999988,34,4.623882352941173,87130029b5443647ed1f1febd32ab768bf957a0a1698217eb3cf14b2d00c6ecf,313,8caffa453b133f49bf36a9c239c4fb4103fba2f4797fb99aa06a32442006fa98,90d331be9d811c1f7ed61ea77b35ce9569f010ed41ae589cfc8eea99d5009200
s04,s0402a,O0_4_keep60,51,7,0.13725490196078433,5,0,0,0.09803921568627451,0.0,0.0,52,7,0.1346153846153846,5,0,0,0.09615384615384616,0.0,0.0,267.10904999999997,109.85766199999998,0.41128393815185216,124.94399999999985,26,4.805538461538456,87130029b5443647ed1f1febd32ab768bf957a0a1698217eb3cf14b2d00c6ecf,284,c5cb787cfdf962e7af3439b44b0a040262d296ad9a391d8935be9dd24814fd5c,5b79996c7f761adb22ded0742adcc0fad8fd43c38bb38afd8e2b5deaa2662996
s04,s0402a,O0_4_keep50,27,2,0.07407407407407407,1,0,0,0.037037037037037035,0.0,0.0,28,2,0.07142857142857142,1,0,0,0.03571428571428571,0.0,0.0,267.10904999999997,64.46395600000005,0.24133946790646016,74.0519999999998,14,5.289428571428557,87130029b5443647ed1f1febd32ab768bf957a0a1698217eb3cf14b2d00c6ecf,186,7fd6440c8fe666207da879e8f3500112b241f6857b74fbb3d68341870a59aee1,34b797fe645d67d3e762f09bff7da678b0af95cd637ed650575b9394d47238ce
s04,s0402a,O0_4_MARGIN_all_s0p5,70,10,0.14285714285714285,6,0,0,0.08571428571428572,0.0,0.0,72,11,0.1527777777777778,7,0,0,0.09722222222222222,0.0,0.0,267.10904999999997,146.93964999999997,0.550111087587635,167.88799999999995,36,4.663555555555554,87130029b5443647ed1f1febd32ab768bf957a0a1698217eb3cf14b2d00c6ecf,325,9438e1d29f38860185a057b42c25062f25f03881c1dead0b150c71df50da2615,c82bd53540be8af0d24b54ea7a48e07a1c6b3f6a27993585b1e5e24419dfd9cc
s04,s0402a,O0_4_MARGIN_all_s1,70,10,0.14285714285714285,6,0,0,0.08571428571428572,0.0,0.0,72,11,0.1527777777777778,7,0,0,0.09722222222222222,0.0,0.0,267.10904999999997,146.93964999999997,0.550111087587635,167.88799999999995,36,4.663555555555554,87130029b5443647ed1f1febd32ab768bf957a0a1698217eb3cf14b2d00c6ecf,325,9438e1d29f38860185a057b42c25062f25f03881c1dead0b150c71df50da2615,c82bd53540be8af0d24b54ea7a48e07a1c6b3f6a27993585b1e5e24419dfd9cc
s04,s0402a,O0_4_MARGIN_all_s2,70,11,0.15714285714285714,7,0,0,0.1,0.0,0.0,72,12,0.16666666666666666,8,0,0,0.1111111111111111,0.0,0.0,267.10904999999997,144.13834099999997,0.539623576962293,164.71999999999997,36,4.575555555555555,87130029b5443647ed1f1febd32ab768bf957a0a1698217eb3cf14b2d00c6ecf,325,58437e8d2cef5df32da961d26988c52ab4efd607f162411ff084e8267166344a,58ad6e99e59eb986c3199b39e7debf533c98ac0a963a096f0a63d75cc56d391a
s04,s0402a,O0_4_MARGIN_all_s4,70,12,0.17142857142857143,7,0,0,0.1,0.0,0.0,72,13,0.18055555555555555,8,0,0,0.1111111111111111,0.0,0.0,267.10904999999997,143.04434100000003,0.535527871481704,163.284,36,4.535666666666667,87130029b5443647ed1f1febd32ab768bf957a0a1698217eb3cf14b2d00c6ecf,325,e48d8e4d0139bcd22049f87d268e315a377e592f33e02127a5230fe89befef7d,4492278bfdf40f495e5067054d71cf817cdd7d2929b84194a7969912727feb23
s04,s0402b,O0_4,71,4,0.056338028169014086,3,1,1,0.04225352112676056,0.014084507042253521,0.014084507042253521,74,4,0.05405405405405406,3,1,1,0.04054054054054054,0.013513513513513514,0.013513513513513514,265.910721,187.4350370000001,0.7048795787365042,218.11600000000024,37,5.895027027027034,87130029b5443647ed1f1febd32ab768bf957a0a1698217eb3cf14b2d00c6ecf,295,d3a8d413011916ac4ac6241ec44415d8c433ce94f1f4e6a8123f6575fa8f863e,cb7ee18cb775b3160c5b1ab87983c9a422cca38d02b82abb3e0c895ca9fa6c52
s04,s0402b,O0_4_sw0p25,71,4,0.056338028169014086,3,1,1,0.04225352112676056,0.014084507042253521,0.014084507042253521,74,4,0.05405405405405406,3,1,1,0.04054054054054054,0.013513513513513514,0.013513513513513514,265.910721,187.4350370000001,0.7048795787365042,218.11600000000024,37,5.895027027027034,87130029b5443647ed1f1febd32ab768bf957a0a1698217eb3cf14b2d00c6ecf,295,d3a8d413011916ac4ac6241ec44415d8c433ce94f1f4e6a8123f6575fa8f863e,cb7ee18cb775b3160c5b1ab87983c9a422cca38d02b82abb3e0c895ca9fa6c52
s04,s0402b,O0_4_sw0p5,71,4,0.056338028169014086,3,1,1,0.04225352112676056,0.014084507042253521,0.014084507042253521,74,4,0.05405405405405406,3,1,1,0.04054054054054054,0.013513513513513514,0.013513513513513514,265.910721,187.4350370000001,0.7048795787365042,218.11600000000024,37,5.895027027027034,87130029b5443647ed1f1febd32ab768bf957a0a1698217eb3cf14b2d00c6ecf,295,d3a8d413011916ac4ac6241ec44415d8c433ce94f1f4e6a8123f6575fa8f863e,cb7ee18cb775b3160c5b1ab87983c9a422cca38d02b82abb3e0c895ca9fa6c52
s04,s0402b,O0_4_sw1,72,4,0.05555555555555555,3,1,1,0.041666666666666664,0.013888888888888888,0.013888888888888888,76,4,0.05263157894736842,3,1,1,0.039473684210526314,0.013157894736842105,0.013157894736842105,265.910721,187.4350370000001,0.7048795787365042,218.11600000000024,38,5.739894736842111,87130029b5443647ed1f1febd32ab768bf957a0a1698217eb3cf14b2d00c6ecf,295,7499b806167940ad37471449e5f3d1219fea8051e0cc6b71a161bdae796cb83f,8a1d83936ce8aa39bf14a90057a9942e9db73925346498546b93a977d22104d7
s04,s0402b,O0_4_sw2,75,4,0.05333333333333334,3,1,1,0.04,0.013333333333333334,0.013333333333333334,82,4,0.04878048780487805,3,1,1,0.036585365853658534,0.012195121951219513,0.012195121951219513,265.910721,191.42969700000006,0.7199021396358067,223.16400000000027,41,5.4430243902439095,87130029b5443647ed1f1febd32ab768bf957a0a1698217eb3cf14b2d00c6ecf,295,d562aa6ff521da7587d1dc49ef07a5bc1508bc49f0850317e6234e19225fb3f7,b5ef433a853e6ca9e4dd0c66f61544079c1e9fa0ac97300dfe0b08a31784e23d
s04,s0402b,O0_4_sw4,79,5,0.06329113924050633,4,1,1,0.05063291139240506,0.012658227848101266,0.012658227848101266,90,6,0.06666666666666667,5,1,1,0.05555555555555555,0.011111111111111112,0.011111111111111112,265.910721,192.16940400000001,0.7226839266853028,223.66400000000027,45,4.970311111111117,87130029b5443647ed1f1febd32ab768bf957a0a1698217eb3cf14b2d00c6ecf,295,a699b5a8dc329bfe3d33a7740265fbad64b266db0ead041de277f99504d19c80,0c22c73a41d009133d82e9d9baec12cf822473653bb19a9ff5e9a95559474849
s04,s0402b,O0_4_keep90,71,4,0.056338028169014086,3,1,1,0.04225352112676056,0.014084507042253521,0.014084507042253521,74,4,0.05405405405405406,3,1,1,0.04054054054054054,0.013513513513513514,0.013513513513513514,265.910721,187.4350370000001,0.7048795787365042,218.11600000000024,37,5.895027027027034,87130029b5443647ed1f1febd32ab768bf957a0a1698217eb3cf14b2d00c6ecf,295,d3a8d413011916ac4ac6241ec44415d8c433ce94f1f4e6a8123f6575fa8f863e,cb7ee18cb775b3160c5b1ab87983c9a422cca38d02b82abb3e0c895ca9fa6c52
s04,s0402b,O0_4_keep80,71,4,0.056338028169014086,3,1,1,0.04225352112676056,0.014084507042253521,0.014084507042253521,74,4,0.05405405405405406,3,1,1,0.04054054054054054,0.013513513513513514,0.013513513513513514,265.910721,181.93369600000008,0.6841909018027147,211.8840000000002,37,5.726594594594601,87130029b5443647ed1f1febd32ab768bf957a0a1698217eb3cf14b2d00c6ecf,281,b4c89a7a8ce60ed63a37bd2d37d09ccc3ba79f23691e9960eb95c069ce350b66,176d5bb64e79aec1ec316ff027564ebaae3480faee602ac97d6c61e2512a641c
s04,s0402b,O0_4_keep70,69,3,0.043478260869565216,2,1,1,0.028985507246376812,0.014492753623188406,0.014492753623188406,72,3,0.041666666666666664,2,1,1,0.027777777777777776,0.013888888888888888,0.013888888888888888,265.910721,179.13827900000007,0.6736782869315,209.35600000000022,36,5.81544444444445,87130029b5443647ed1f1febd32ab768bf957a0a1698217eb3cf14b2d00c6ecf,274,232616ce73d09446d3b2ba078ebeaa1aa5a930019307f417767750bb54d5f3e9,1fa1013e4aad5d2d58c8f9ad9becb1648c4b7d64095bea6d1a720dcb1b79a2d3
s04,s0402b,O0_4_keep60,63,2,0.031746031746031744,1,1,0,0.015873015873015872,0.015873015873015872,0.0,66,2,0.030303030303030304,1,1,0,0.015151515151515152,0.015151515151515152,0.0,265.910721,158.61191199999996,0.5964855850998199,185.03600000000029,33,5.607151515151524,87130029b5443647ed1f1febd32ab768bf957a0a1698217eb3cf14b2d00c6ecf,238,1996c077357089038079171ae53deee15baa0ec9bdc28cc99faf7c4186fdb7ee,8bf58201c2776a89da29aa57522831c2eb73d3e2d508ce308611cdeadfdb477a
s04,s0402b,O0_4_keep50,41,3,0.07317073170731707,2,1,0,0.04878048780487805,0.024390243902439025,0.0,42,3,0.07142857142857142,2,1,0,0.047619047619047616,0.023809523809523808,0.0,265.910721,115.27969499999985,0.4335278192863831,137.03200000000012,21,6.525333333333339,87130029b5443647ed1f1febd32ab768bf957a0a1698217eb3cf14b2d00c6ecf,169,939390a08bf2ef81bfe43efa661f31e7cf9b3271decbac50d9be8ca96c0c1400,f05b747d6d36e675427dac7436a4181c116865194801b23ae9e6db3d51cff001
s04,s0402b,O0_4_MARGIN_all_s0p5,71,4,0.056338028169014086,3,1,1,0.04225352112676056,0.014084507042253521,0.014084507042253521,74,4,0.05405405405405406,3,1,1,0.04054054054054054,0.013513513513513514,0.013513513513513514,265.910721,187.04503700000012,0.7034129210608252,217.5080000000003,37,5.8785945945946025,87130029b5443647ed1f1febd32ab768bf957a0a1698217eb3cf14b2d00c6ecf,295,0baea1680fdece985f81d6484185224ad079ed159aa268612008a7099f30c95d,90185c5dba606d2dbad2a61f6bfa5bc1676e6df4dd858282d58c4c8365b0bbd3
s04,s0402b,O0_4_MARGIN_all_s1,71,4,0.056338028169014086,3,1,1,0.04225352112676056,0.014084507042253521,0.014084507042253521,74,4,0.05405405405405406,3,1,1,0.04054054054054054,0.013513513513513514,0.013513513513513514,265.910721,185.54103700000005,0.6977568873576934,215.25600000000028,37,5.817729729729737,87130029b5443647ed1f1febd32ab768bf957a0a1698217eb3cf14b2d00c6ecf,295,212c7b30f2fd7597f87a019e91150536313ef603f9af85e98cd402f476a69ac8,027403a02f94963d5f3bcbeb5c1523485c8368e72394f3c28be2b789f80ff6e5
s04,s0402b,O0_4_MARGIN_all_s2,71,4,0.056338028169014086,3,1,1,0.04225352112676056,0.014084507042253521,0.014084507042253521,74,4,0.05405405405405406,3,1,1,0.04054054054054054,0.013513513513513514,0.013513513513513514,265.910721,184.83280000000005,0.6950934483006423,213.9480000000003,37,5.782378378378386,87130029b5443647ed1f1febd32ab768bf957a0a1698217eb3cf14b2d00c6ecf,295,512d05baff59e176b22ca5a4bfebdfe2a32e3d5754feb16a09d9b311dd8055bf,f2897cf12cde339d062c090c9bed419f72d537adefc5689b28ea168ad265322e
s04,s0402b,O0_4_MARGIN_all_s4,72,6,0.08333333333333333,4,2,1,0.05555555555555555,0.027777777777777776,0.013888888888888888,76,7,0.09210526315789473,4,2,1,0.05263157894736842,0.02631578947368421,0.013157894736842105,265.910721,181.71821400000013,0.6833805471122772,210.12400000000022,38,5.529578947368427,87130029b5443647ed1f1febd32ab768bf957a0a1698217eb3cf14b2d00c6ecf,295,8a083ad2ae9228f57fdb06da855c88d8e45334ea71b6912c9e897064a8dddbdd,8498c858f7063036004dd79c5f25c35176e668d0a7b54ba6c81183bdb198d3c0
s04,s0403a,O0_4,82,7,0.08536585365853659,2,1,0,0.024390243902439025,0.012195121951219513,0.0,84,7,0.08333333333333333,2,1,0,0.023809523809523808,0.011904761904761904,0.0,278.21848800000015,180.49618500000005,0.6487569762078499,206.97200000000024,42,4.927904761904768,87130029b5443647ed1f1febd32ab768bf957a0a1698217eb3cf14b2d00c6ecf,360,754b3a40b59ee323cfb6c1b356a3e64a1f973e88ac1cabb0962504be73cab43a,fcc826ab80cd0c78aabcf53e403edfcc6a0567e502302790e4a98c1a7d687412
s04,s0403a,O0_4_sw0p25,83,8,0.0963855421686747,3,1,0,0.03614457831325301,0.012048192771084338,0.0,86,9,0.10465116279069768,4,1,0,0.046511627906976744,0.011627906976744186,0.0,278.21848800000015,182.84418500000012,0.6571963866038982,209.5840000000002,43,4.8740465116279115,87130029b5443647ed1f1febd32ab768bf957a0a1698217eb3cf14b2d00c6ecf,360,fc01b5a1f85acc414c7d1ccf132c5c25396d84bda95976ff9e8e65fb2602295c,18435b221130b7b31cbe7187c5d6ce99f9272c306f7e64203869c7e96c9633db
s04,s0403a,O0_4_sw0p5,83,8,0.0963855421686747,3,1,0,0.03614457831325301,0.012048192771084338,0.0,86,9,0.10465116279069768,4,1,0,0.046511627906976744,0.011627906976744186,0.0,278.21848800000015,182.84418500000012,0.6571963866038982,209.5840000000002,43,4.8740465116279115,87130029b5443647ed1f1febd32ab768bf957a0a1698217eb3cf14b2d00c6ecf,360,fc01b5a1f85acc414c7d1ccf132c5c25396d84bda95976ff9e8e65fb2602295c,18435b221130b7b31cbe7187c5d6ce99f9272c306f7e64203869c7e96c9633db
s04,s0403a,O0_4_sw1,83,8,0.0963855421686747,3,1,0,0.03614457831325301,0.012048192771084338,0.0,86,9,0.10465116279069768,4,1,0,0.046511627906976744,0.011627906976744186,0.0,278.21848800000015,182.84418500000012,0.6571963866038982,209.5840000000002,43,4.8740465116279115,87130029b5443647ed1f1febd32ab768bf957a0a1698217eb3cf14b2d00c6ecf,360,fc01b5a1f85acc414c7d1ccf132c5c25396d84bda95976ff9e8e65fb2602295c,18435b221130b7b31cbe7187c5d6ce99f9272c306f7e64203869c7e96c9633db
s04,s0403a,O0_4_sw2,84,8,0.09523809523809523,3,1,0,0.03571428571428571,0.011904761904761904,0.0,88,9,0.10227272727272728,4,1,0,0.045454545454545456,0.011363636363636364,0.0,278.21848800000015,185.1991850000001,0.665660957082047,212.45600000000022,44,4.828545454545459,87130029b5443647ed1f1febd32ab768bf957a0a1698217eb3cf14b2d00c6ecf,360,ab4f869510f2a23e85cd7c6c040e9da908ca2138801cbeb8acde8c15f944986e,a1ebe869674965647e4c2309c3a6e55377579b7e36c79de531ac92c705a22eee
s04,s0403a,O0_4_sw4,85,8,0.09411764705882353,3,1,0,0.03529411764705882,0.011764705882352941,0.0,90,9,0.1,4,1,0,0.044444444444444446,0.011111111111111112,0.0,278.21848800000015,185.1991850000001,0.665660957082047,212.45600000000022,45,4.72124444444445,87130029b5443647ed1f1febd32ab768bf957a0a1698217eb3cf14b2d00c6ecf,360,59afdddf62b7513d9790c131ff7ca6f428a21467e4883a004065ca1d403b454a,d99ae587eb27b6e8cffb4eb614de3ff6d20ea86b21ebb7441fcd15d9160bd961
s04,s0403a,O0_4_keep90,82,7,0.08536585365853659,2,1,0,0.024390243902439025,0.012195121951219513,0.0,84,7,0.08333333333333333,2,1,0,0.023809523809523808,0.011904761904761904,0.0,278.21848800000015,180.49618500000005,0.6487569762078499,206.97200000000024,42,4.927904761904768,87130029b5443647ed1f1febd32ab768bf957a0a1698217eb3cf14b2d00c6ecf,360,754b3a40b59ee323cfb6c1b356a3e64a1f973e88ac1cabb0962504be73cab43a,fcc826ab80cd0c78aabcf53e403edfcc6a0567e502302790e4a98c1a7d687412
s04,s0403a,O0_4_keep80,79,5,0.06329113924050633,2,1,0,0.02531645569620253,0.012658227848101266,0.0,80,5,0.0625,2,1,0,0.025,0.0125,0.0,278.21848800000015,174.36712300000002,0.6267273043335636,198.6160000000002,40,4.965400000000005,87130029b5443647ed1f1febd32ab768bf957a0a1698217eb3cf14b2d00c6ecf,350,25d8b561bf77652b98b8bd5cb829dd13d9e4ac6d3224a1a8d084497d88b163b3,5d38e20fb1a477e6a95fa61d1a1f79b2238063fe863407628de5eb8f8b6e56f9
s04,s0403a,O0_4_keep70,77,6,0.07792207792207792,3,1,0,0.03896103896103896,0.012987012987012988,0.0,78,6,0.07692307692307693,3,1,0,0.038461538461538464,0.01282051282051282,0.0,278.21848800000015,166.94696100000002,0.600057035030684,189.45200000000023,39,4.857743589743595,87130029b5443647ed1f1febd32ab768bf957a0a1698217eb3cf14b2d00c6ecf,337,a89ef8e6fca7428bf2c1e42930c52e118abbc7f5155c8c5a942812129428c550,c2bd9273ec7fd738ca6137240847d51513d4cb19f68f11b853d51211aa6c9b32
s04,s0403a,O0_4_keep60,65,6,0.09230769230769231,3,1,0,0.046153846153846156,0.015384615384615385,0.0,66,6,0.09090909090909091,3,1,0,0.045454545454545456,0.015151515151515152,0.0,278.21848800000015,145.69039499999997,0.5236546142109718,164.36800000000022,33,4.980848484848492,87130029b5443647ed1f1febd32ab768bf957a0a1698217eb3cf14b2d00c6ecf,301,4fb10f0894f650a767e49e06339441fa4237b6428e93d4453fb01868d4a3b9fa,8b977ca4a1259694ad0aa247786216a3707b0fa9ec192beef4503d5f54d2aa22
s04,s0403a,O0_4_keep50,40,3,0.075,1,0,0,0.025,0.0,0.0,40,3,0.075,1,0,0,0.025,0.0,0.0,278.21848800000015,95.51315199999999,0.3433026780017579,107.62000000000015,20,5.381000000000007,87130029b5443647ed1f1febd32ab768bf957a0a1698217eb3cf14b2d00c6ecf,204,dd8881c05052598c2f2bbdff02fd2514d0d9118dc4a4825210ffa9f988a1e734,395daeefa82703ebf46c3d4303dfd9d96a20e0d53a1855a6da244b73bea34405
s04,s0403a,O0_4_MARGIN_all_s0p5,82,7,0.08536585365853659,2,1,0,0.024390243902439025,0.012195121951219513,0.0,84,7,0.08333333333333333,2,1,0,0.023809523809523808,0.011904761904761904,0.0,278.21848800000015,180.49618500000005,0.6487569762078499,206.97200000000024,42,4.927904761904768,87130029b5443647ed1f1febd32ab768bf957a0a1698217eb3cf14b2d00c6ecf,360,754b3a40b59ee323cfb6c1b356a3e64a1f973e88ac1cabb0962504be73cab43a,fcc826ab80cd0c78aabcf53e403edfcc6a0567e502302790e4a98c1a7d687412
s04,s0403a,O0_4_MARGIN_all_s1,83,7,0.08433734939759036,3,1,0,0.03614457831325301,0.012048192771084338,0.0,86,8,0.09302325581395349,4,1,0,0.046511627906976744,0.011627906976744186,0.0,278.21848800000015,179.561284,0.6453966639341376,204.6040000000002,43,4.7582325581395395,87130029b5443647ed1f1febd32ab768bf957a0a1698217eb3cf14b2d00c6ecf,360,906f015fec96d2a6bfef57959e1fdf73af24971a8106f198c898a3eec8414e37,2e5b811319ea250fa1ff3d957dd9b33f9bb66f20b1bc72bfb112bf732d8a8fc8
s04,s0403a,O0_4_MARGIN_all_s2,83,7,0.08433734939759036,3,1,0,0.03614457831325301,0.012048192771084338,0.0,86,8,0.09302325581395349,4,1,0,0.046511627906976744,0.011627906976744186,0.0,278.21848800000015,173.2359120000001,0.6226613955288263,197.02800000000022,43,4.582046511627912,87130029b5443647ed1f1febd32ab768bf957a0a1698217eb3cf14b2d00c6ecf,360,88aff1ce7d6144f03832e674f8c2ef6225fd45aa31d11e9878738346def2606c,14d666e8cbd09f1ff097fe4b7ed68827e0dd87c9a1d9519ca4c0969bbdd5b990
s04,s0403a,O0_4_MARGIN_all_s4,83,7,0.08433734939759036,3,1,0,0.03614457831325301,0.012048192771084338,0.0,86,8,0.09302325581395349,4,1,0,0.046511627906976744,0.011627906976744186,0.0,278.21848800000015,171.7049120000001,0.6171585261436688,195.15200000000024,43,4.538418604651168,87130029b5443647ed1f1febd32ab768bf957a0a1698217eb3cf14b2d00c6ecf,360,45019619e8b5ed927361353f49906009419397a89b86086cda66d575a102e21b,ca00ac9017c645b6a2b452d0803776477d7cb54cb3ef2a44a6968d57ad9141db
s04,s0403b,O0_4,74,13,0.17567567567567569,7,1,0,0.0945945945945946,0.013513513513513514,0.0,78,14,0.1794871794871795,8,1,0,0.10256410256410256,0.01282051282051282,0.0,247.76005400000017,152.19123600000015,0.6142686584981131,178.04799999999992,39,4.5653333333333315,87130029b5443647ed1f1febd32ab768bf957a0a1698217eb3cf14b2d00c6ecf,307,94dba8edb0a4be6ad8f778872329ed2d075ddf5f0017ab4ebd5150f570cf1ea7,30869a00970d4fe7b11224b0f04fbcd8db44ba164d6e85ce673a289548766913
s04,s0403b,O0_4_sw0p25,74,13,0.17567567567567569,7,1,0,0.0945945945945946,0.013513513513513514,0.0,78,14,0.1794871794871795,8,1,0,0.10256410256410256,0.01282051282051282,0.0,247.76005400000017,152.19123600000015,0.6142686584981131,178.04799999999992,39,4.5653333333333315,87130029b5443647ed1f1febd32ab768bf957a0a1698217eb3cf14b2d00c6ecf,307,94dba8edb0a4be6ad8f778872329ed2d075ddf5f0017ab4ebd5150f570cf1ea7,30869a00970d4fe7b11224b0f04fbcd8db44ba164d6e85ce673a289548766913
s04,s0403b,O0_4_sw0p5,74,13,0.17567567567567569,7,1,0,0.0945945945945946,0.013513513513513514,0.0,78,14,0.1794871794871795,8,1,0,0.10256410256410256,0.01282051282051282,0.0,247.76005400000017,152.19123600000015,0.6142686584981131,178.04799999999992,39,4.5653333333333315,87130029b5443647ed1f1febd32ab768bf957a0a1698217eb3cf14b2d00c6ecf,307,94dba8edb0a4be6ad8f778872329ed2d075ddf5f0017ab4ebd5150f570cf1ea7,30869a00970d4fe7b11224b0f04fbcd8db44ba164d6e85ce673a289548766913
s04,s0403b,O0_4_sw1,74,13,0.17567567567567569,7,1,0,0.0945945945945946,0.013513513513513514,0.0,78,14,0.1794871794871795,8,1,0,0.10256410256410256,0.01282051282051282,0.0,247.76005400000017,152.19123600000015,0.6142686584981131,178.04799999999992,39,4.5653333333333315,87130029b5443647ed1f1febd32ab768bf957a0a1698217eb3cf14b2d00c6ecf,307,94dba8edb0a4be6ad8f778872329ed2d075ddf5f0017ab4ebd5150f570cf1ea7,30869a00970d4fe7b11224b0f04fbcd8db44ba164d6e85ce673a289548766913
s04,s0403b,O0_4_sw2,74,13,0.17567567567567569,7,1,0,0.0945945945945946,0.013513513513513514,0.0,78,14,0.1794871794871795,8,1,0,0.10256410256410256,0.01282051282051282,0.0,247.76005400000017,152.19123600000015,0.6142686584981131,178.04799999999992,39,4.5653333333333315,87130029b5443647ed1f1febd32ab768bf957a0a1698217eb3cf14b2d00c6ecf,307,94dba8edb0a4be6ad8f778872329ed2d075ddf5f0017ab4ebd5150f570cf1ea7,30869a00970d4fe7b11224b0f04fbcd8db44ba164d6e85ce673a289548766913
s04,s0403b,O0_4_sw4,76,12,0.15789473684210525,7,1,0,0.09210526315789473,0.013157894736842105,0.0,82,13,0.15853658536585366,8,1,0,0.0975609756097561,0.012195121951219513,0.0,247.76005400000017,152.83076000000014,0.6168498817004618,178.52399999999992,41,4.3542439024390225,87130029b5443647ed1f1febd32ab768bf957a0a1698217eb3cf14b2d00c6ecf,307,1cd696d106c41cffc2d0471a22dd241b21c5f64ed32c83db64a3fcd8d94437dd,efd05b1a574a64bfb3750a755a46ac7b2b38de8b31917b98128e062354229324
s04,s0403b,O0_4_keep90,74,13,0.17567567567567569,7,1,0,0.0945945945945946,0.013513513513513514,0.0,78,14,0.1794871794871795,8,1,0,0.10256410256410256,0.01282051282051282,0.0,247.76005400000017,152.19123600000015,0.6142686584981131,178.04799999999992,39,4.5653333333333315,87130029b5443647ed1f1febd32ab768bf957a0a1698217eb3cf14b2d00c6ecf,307,94dba8edb0a4be6ad8f778872329ed2d075ddf5f0017ab4ebd5150f570cf1ea7,30869a00970d4fe7b11224b0f04fbcd8db44ba164d6e85ce673a289548766913
s04,s0403b,O0_4_keep80,74,12,0.16216216216216217,7,1,0,0.0945945945945946,0.013513513513513514,0.0,78,13,0.16666666666666666,8,1,0,0.10256410256410256,0.01282051282051282,0.0,247.76005400000017,147.61798600000012,0.5958102753723166,172.23199999999994,39,4.416205128205127,87130029b5443647ed1f1febd32ab768bf957a0a1698217eb3cf14b2d00c6ecf,298,f20efd70408706c5dfce01706def4bb880ed1f172d9f283d6e699f3aa89a79ac,6474d88f3ffb36fd5c810535903fb06670ec92e483dae0c7bb9f8edc669f82ab
s04,s0403b,O0_4_keep70,69,10,0.14492753623188406,6,0,0,0.08695652173913043,0.0,0.0,72,10,0.1388888888888889,6,0,0,0.08333333333333333,0.0,0.0,247.76005400000017,139.5141260000001,0.5631017742674531,162.2279999999999,36,4.50633333333333,87130029b5443647ed1f1febd32ab768bf957a0a1698217eb3cf14b2d00c6ecf,287,400850873d345bc9089561b2402a36c80497b3a4268c93e25cbb88f7f777383d,64381d393e7e58fa56561e4df89dbe664491fb57dbea637bbc6c1a2a52e41ea8
s04,s0403b,O0_4_keep60,56,9,0.16071428571428573,6,0,0,0.10714285714285714,0.0,0.0,58,10,0.1724137931034483,7,0,0,0.1206896551724138,0.0,0.0,247.76005400000017,120.6844450000001,0.4871021096887556,139.29999999999995,29,4.803448275862068,87130029b5443647ed1f1febd32ab768bf957a0a1698217eb3cf14b2d00c6ecf,261,3c1353392e7feb9880797da261ab1d69a45e337b0d14e79cc41dfbb851369bf3,4ce74861685932877b8ad22a242446ade005b868939e46c355ea937ea38d6584
s04,s0403b,O0_4_keep50,34,7,0.20588235294117646,4,0,0,0.11764705882352941,0.0,0.0,36,8,0.2222222222222222,5,0,0,0.1388888888888889,0.0,0.0,247.76005400000017,82.61033300000014,0.3334287818648929,96.66400000000003,18,5.370222222222224,87130029b5443647ed1f1febd32ab768bf957a0a1698217eb3cf14b2d00c6ecf,172,0a7c20dce7d14e2aa5a564bfa7882fdbc31beca47af308ece22c694cfdd3d227,8a0019c87cc84be08a91ae063748348f5c7178ea9bf76b0d35994f3a6ce38c7a
s04,s0403b,O0_4_MARGIN_all_s0p5,74,11,0.14864864864864866,6,1,0,0.08108108108108109,0.013513513513513514,0.0,78,12,0.15384615384615385,7,1,0,0.08974358974358974,0.01282051282051282,0.0,247.76005400000017,151.57073600000015,0.6117642192635301,176.86799999999994,39,4.535076923076922,87130029b5443647ed1f1febd32ab768bf957a0a1698217eb3cf14b2d00c6ecf,307,2d33ede33fd32e1e46318b703900ca3d6cae84d13106cc087bd03f7c3cf93c53,414823f894e6fbb8273612ac21692d31c7964b5e3ecb526d5bff5db894557b55
s04,s0403b,O0_4_MARGIN_all_s1,74,12,0.16216216216216217,8,1,0,0.10810810810810811,0.013513513513513514,0.0,78,13,0.16666666666666666,9,1,0,0.11538461538461539,0.01282051282051282,0.0,247.76005400000017,150.28952400000014,0.6065930386017757,174.9399999999999,39,4.485641025641024,87130029b5443647ed1f1febd32ab768bf957a0a1698217eb3cf14b2d00c6ecf,307,5bb0347d474d0a22c28acd6de6950858983d073e70b6075fc9a3bda215f61309,a8d3c2b0deb8885610fd228e036e078acc964cf4709fd189af28f2e7bb63bcac
s04,s0403b,O0_4_MARGIN_all_s2,74,10,0.13513513513513514,6,1,0,0.08108108108108109,0.013513513513513514,0.0,78,10,0.1282051282051282,6,1,0,0.07692307692307693,0.01282051282051282,0.0,247.76005400000017,146.17152700000008,0.589972130858512,169.4919999999999,39,4.3459487179487155,87130029b5443647ed1f1febd32ab768bf957a0a1698217eb3cf14b2d00c6ecf,307,360e9aaf93c8d9718a67da6a67337bd753619755bf1c069e32875ef1ac073e8c,a4662152352dca1cf4d5835f0ed5b45d159e728e5df8e99e1269ae2ef982e0a1
s04,s0403b,O0_4_MARGIN_all_s4,74,9,0.12162162162162163,5,1,0,0.06756756756756757,0.013513513513513514,0.0,78,9,0.11538461538461539,5,1,0,0.0641025641025641,0.01282051282051282,0.0,247.76005400000017,145.30027700000008,0.5864556237140632,168.3679999999999,39,4.317128205128203,87130029b5443647ed1f1febd32ab768bf957a0a1698217eb3cf14b2d00c6ecf,307,a5e23ccbc04dfbe849a55ca98ea4eab32bc626e3fd51155ac991d9218b0c68eb,9b0d63de07174b1df3fe959465213c21505e89c013d82bc214cce926d9a20915
s05,s0501a,O0_4,57,2,0.03508771929824561,1,0,0,0.017543859649122806,0.0,0.0,58,2,0.034482758620689655,1,0,0,0.017241379310344827,0.0,0.0,249.91086399999998,130.08081999999993,0.5205088643125172,151.08400000000003,29,5.209793103448277,87130029b5443647ed1f1febd32ab768bf957a0a1698217eb3cf14b2d00c6ecf,297,66218e4fec58ceee275affee704779674a0c863d3cfd0a3a84d57a2e2ea05713,d2ca83b3e7a0cce75e8f5639d79584dd33fb5570817dde40b691d3e610b9d929
s05,s0501a,O0_4_sw0p25,58,2,0.034482758620689655,1,0,0,0.017241379310344827,0.0,0.0,60,2,0.03333333333333333,1,0,0,0.016666666666666666,0.0,0.0,249.91086399999998,131.85029699999993,0.5275892967982374,153.13200000000003,30,5.104400000000001,87130029b5443647ed1f1febd32ab768bf957a0a1698217eb3cf14b2d00c6ecf,297,e583c015039deb725c8c786aafc228e4de74d3d2fad5a0a1cabdcf1e9d5a24f4,9439cd4cb18f3fec20da561a287162f033e58d5c62871180f69698a2cc46971e
s05,s0501a,O0_4_sw0p5,58,2,0.034482758620689655,1,0,0,0.017241379310344827,0.0,0.0,60,2,0.03333333333333333,1,0,0,0.016666666666666666,0.0,0.0,249.91086399999998,131.85029699999993,0.5275892967982374,153.13200000000003,30,5.104400000000001,87130029b5443647ed1f1febd32ab768bf957a0a1698217eb3cf14b2d00c6ecf,297,e583c015039deb725c8c786aafc228e4de74d3d2fad5a0a1cabdcf1e9d5a24f4,9439cd4cb18f3fec20da561a287162f033e58d5c62871180f69698a2cc46971e
s05,s0501a,O0_4_sw1,58,2,0.034482758620689655,1,0,0,0.017241379310344827,0.0,0.0,60,2,0.03333333333333333,1,0,0,0.016666666666666666,0.0,0.0,249.91086399999998,131.85029699999993,0.5275892967982374,153.13200000000003,30,5.104400000000001,87130029b5443647ed1f1febd32ab768bf957a0a1698217eb3cf14b2d00c6ecf,297,e583c015039deb725c8c786aafc228e4de74d3d2fad5a0a1cabdcf1e9d5a24f4,9439cd4cb18f3fec20da561a287162f033e58d5c62871180f69698a2cc46971e
s05,s0501a,O0_4_sw2,58,2,0.034482758620689655,1,0,0,0.017241379310344827,0.0,0.0,60,2,0.03333333333333333,1,0,0,0.016666666666666666,0.0,0.0,249.91086399999998,131.85029699999993,0.5275892967982374,153.13200000000003,30,5.104400000000001,87130029b5443647ed1f1febd32ab768bf957a0a1698217eb3cf14b2d00c6ecf,297,e583c015039deb725c8c786aafc228e4de74d3d2fad5a0a1cabdcf1e9d5a24f4,9439cd4cb18f3fec20da561a287162f033e58d5c62871180f69698a2cc46971e
s05,s0501a,O0_4_sw4,59,2,0.03389830508474576,1,0,0,0.01694915254237288,0.0,0.0,62,2,0.03225806451612903,1,0,0,0.016129032258064516,0.0,0.0,249.91086399999998,131.85029699999993,0.5275892967982374,153.13200000000003,31,4.939741935483872,87130029b5443647ed1f1febd32ab768bf957a0a1698217eb3cf14b2d00c6ecf,297,0c202aa3ec76aa8548ca8c7a2a8fbfbc44a2a4db91566737543777a26bfe3dd9,f29142fde6e189c0d3876e6aabde5a47079088352e0b135d4c34cc5d2b335b40
s05,s0501a,O0_4_keep90,57,2,0.03508771929824561,1,0,0,0.017543859649122806,0.0,0.0,58,2,0.034482758620689655,1,0,0,0.017241379310344827,0.0,0.0,249.91086399999998,130.08081999999993,0.5205088643125172,151.08400000000003,29,5.209793103448277,87130029b5443647ed1f1febd32ab768bf957a0a1698217eb3cf14b2d00c6ecf,297,66218e4fec58ceee275affee704779674a0c863d3cfd0a3a84d57a2e2ea05713,d2ca83b3e7a0cce75e8f5639d79584dd33fb5570817dde40b691d3e610b9d929
s05,s0501a,O0_4_keep80,57,2,0.03508771929824561,1,0,0,0.017543859649122806,0.0,0.0,58,2,0.034482758620689655,1,0,0,0.017241379310344827,0.0,0.0,249.91086399999998,130.08081999999993,0.5205088643125172,150.972,29,5.2059310344827585,87130029b5443647ed1f1febd32ab768bf957a0a1698217eb3cf14b2d00c6ecf,289,60566eac88f1fdba1808416be0a202cf485571a5c2a07d33e0f1d4b6d9e2a36b,6a8dfe17919a61add134600f2c731e6b747a94b48fa82ffe686db899122e02bc
s05,s0501a,O0_4_keep70,55,2,0.03636363636363636,2,1,0,0.03636363636363636,0.01818181818181818,0.0,56,2,0.03571428571428571,2,1,0,0.03571428571428571,0.017857142857142856,0.0,249.91086399999998,124.83761599999991,0.4995285679137179,144.42,28,5.157857142857142,87130029b5443647ed1f1febd32ab768bf957a0a1698217eb3cf14b2d00c6ecf,278,45c2e189a3754172b472f160c5335caa205a57bfbae9b41568f6c6b653fe3551,b85b0420f305a24db3e9e8652e97c2a9f79333bd6da356161e0f5ce8123ff47b
s05,s0501a,O0_4_keep60,44,1,0.022727272727272728,1,1,0,0.022727272727272728,0.022727272727272728,0.0,46,1,0.021739130434782608,1,1,0,0.021739130434782608,0.021739130434782608,0.0,249.91086399999998,100.88630100000002,0.4036891369396411,117.52000000000001,23,5.109565217391305,87130029b5443647ed1f1febd32ab768bf957a0a1698217eb3cf14b2d00c6ecf,250,31ab5f23b4cdf952c911b2089a5fbea24ac8330a4b6f41979224021fa11cc4e4,ab05eeada70dab823698aae5cc3b57112645606c674466f65abd26660239c7e2
s05,s0501a,O0_4_keep50,24,1,0.041666666666666664,1,1,0,0.041666666666666664,0.041666666666666664,0.0,26,1,0.038461538461538464,1,1,0,0.038461538461538464,0.038461538461538464,0.0,249.91086399999998,60.93252300000009,0.24381702349682602,71.31200000000003,13,5.4855384615384635,87130029b5443647ed1f1febd32ab768bf957a0a1698217eb3cf14b2d00c6ecf,168,8373f59223edbe08851a3f697f311f03ce75dbbe6640b45253325d15338aa13a,01112ce5c8fbfb230cbaaa9eaef700791e579e3ac5e243c0b6bf95524258d8a3
s05,s0501a,O0_4_MARGIN_all_s0p5,57,2,0.03508771929824561,1,0,0,0.017543859649122806,0.0,0.0,58,2,0.034482758620689655,1,0,0,0.017241379310344827,0.0,0.0,249.91086399999998,129.116468,0.5166500804862969,149.292,29,5.148,87130029b5443647ed1f1febd32ab768bf957a0a1698217eb3cf14b2d00c6ecf,297,d6637fce5267a5aa91658c357fb1bd8aeb57df87f8394772acaf553d4ebccc6c,9a075337268f38a286ace1ea5b9bc748755b7680edb021a0dcdbd965c7722cbb
s05,s0501a,O0_4_MARGIN_all_s1,57,2,0.03508771929824561,1,0,0,0.017543859649122806,0.0,0.0,58,2,0.034482758620689655,1,0,0,0.017241379310344827,0.0,0.0,249.91086399999998,128.75422100000003,0.5152005756740533,148.692,29,5.1273103448275865,87130029b5443647ed1f1febd32ab768bf957a0a1698217eb3cf14b2d00c6ecf,297,1f010022bebfc8852d860b6762eadb675a501d40e3c86b64e4d2d9a7a8a5549c,dfaa674ba4addd7a5d69ee9dd1b5f89fbf6b269a640603f2c1b96135c8a2ffd2
s05,s0501a,O0_4_MARGIN_all_s2,57,2,0.03508771929824561,1,0,0,0.017543859649122806,0.0,0.0,58,2,0.034482758620689655,1,0,0,0.017241379310344827,0.0,0.0,249.91086399999998,128.55873300000007,0.5144183447743196,148.204,29,5.11048275862069,87130029b5443647ed1f1febd32ab768bf957a0a1698217eb3cf14b2d00c6ecf,297,6219d24bfe7bdfac12a2883274db8bbed275ab1bbd0ade813bcf7c7601455000,8c1f337e053d44d59e2930681f0c00b31cae46df66cc6aaddf819eeb7520a0c7
s05,s0501a,O0_4_MARGIN_all_s4,57,1,0.017543859649122806,0,0,0,0.0,0.0,0.0,58,1,0.017241379310344827,0,0,0,0.0,0.0,0.0,249.91086399999998,124.79398300000004,0.49935397366318596,143.74799999999996,29,4.956827586206895,87130029b5443647ed1f1febd32ab768bf957a0a1698217eb3cf14b2d00c6ecf,297,d5b963c32e9693b301efaf264833accda9037d6badc22600d44cf02184d8b6b4,825f07225a0a52e4529d6444e6565422de488a4682a4d6e585b0e1ac1d5a25b5
s05,s0503a,O0_4,62,3,0.04838709677419355,3,1,0,0.04838709677419355,0.016129032258064516,0.0,62,3,0.04838709677419355,3,1,0,0.04838709677419355,0.016129032258064516,0.0,226.58320099999995,115.90630199999991,0.5115396970669505,133.65200000000004,31,4.311354838709679,87130029b5443647ed1f1febd32ab768bf957a0a1698217eb3cf14b2d00c6ecf,285,b5be2e2d8c76fd0e492e7f530bac806ad52cba82835163525c6aa7f59a0a18bf,8b679d9405295e7cba5285df51137b5de6804584f88a385ef76ae25426ab2e80
s05,s0503a,O0_4_sw0p25,62,3,0.04838709677419355,3,1,0,0.04838709677419355,0.016129032258064516,0.0,62,3,0.04838709677419355,3,1,0,0.04838709677419355,0.016129032258064516,0.0,226.58320099999995,115.90630199999991,0.5115396970669505,133.65200000000004,31,4.311354838709679,87130029b5443647ed1f1febd32ab768bf957a0a1698217eb3cf14b2d00c6ecf,285,b5be2e2d8c76fd0e492e7f530bac806ad52cba82835163525c6aa7f59a0a18bf,8b679d9405295e7cba5285df51137b5de6804584f88a385ef76ae25426ab2e80
s05,s0503a,O0_4_sw0p5,62,3,0.04838709677419355,3,1,0,0.04838709677419355,0.016129032258064516,0.0,62,3,0.04838709677419355,3,1,0,0.04838709677419355,0.016129032258064516,0.0,226.58320099999995,115.90630199999991,0.5115396970669505,133.65200000000004,31,4.311354838709679,87130029b5443647ed1f1febd32ab768bf957a0a1698217eb3cf14b2d00c6ecf,285,b5be2e2d8c76fd0e492e7f530bac806ad52cba82835163525c6aa7f59a0a18bf,8b679d9405295e7cba5285df51137b5de6804584f88a385ef76ae25426ab2e80
s05,s0503a,O0_4_sw1,62,3,0.04838709677419355,3,1,0,0.04838709677419355,0.016129032258064516,0.0,62,3,0.04838709677419355,3,1,0,0.04838709677419355,0.016129032258064516,0.0,226.58320099999995,115.90630199999991,0.5115396970669505,133.65200000000004,31,4.311354838709679,87130029b5443647ed1f1febd32ab768bf957a0a1698217eb3cf14b2d00c6ecf,285,b5be2e2d8c76fd0e492e7f530bac806ad52cba82835163525c6aa7f59a0a18bf,8b679d9405295e7cba5285df51137b5de6804584f88a385ef76ae25426ab2e80
s05,s0503a,O0_4_sw2,64,3,0.046875,3,0,0,0.046875,0.0,0.0,66,4,0.06060606060606061,4,0,0,0.06060606060606061,0.0,0.0,226.58320099999995,118.07146799999991,0.5210954187199427,136.4280000000001,33,4.134181818181822,87130029b5443647ed1f1febd32ab768bf957a0a1698217eb3cf14b2d00c6ecf,285,868287ea201be994117713ca8affb6ad222ce29db0991a5f853cd29e929a9c2b,6928997a8a05683504345577606be1c1d5a3eda8eff4e9e426d4d2742f5c8ccf
s05,s0503a,O0_4_sw4,64,3,0.046875,3,0,0,0.046875,0.0,0.0,66,4,0.06060606060606061,4,0,0,0.06060606060606061,0.0,0.0,226.58320099999995,118.07146799999991,0.5210954187199427,136.4280000000001,33,4.134181818181822,87130029b5443647ed1f1febd32ab768bf957a0a1698217eb3cf14b2d00c6ecf,285,868287ea201be994117713ca8affb6ad222ce29db0991a5f853cd29e929a9c2b,6928997a8a05683504345577606be1c1d5a3eda8eff4e9e426d4d2742f5c8ccf
s05,s0503a,O0_4_keep90,62,3,0.04838709677419355,3,1,0,0.04838709677419355,0.016129032258064516,0.0,62,3,0.04838709677419355,3,1,0,0.04838709677419355,0.016129032258064516,0.0,226.58320099999995,115.90630199999991,0.5115396970669505,133.65200000000004,31,4.311354838709679,87130029b5443647ed1f1febd32ab768bf957a0a1698217eb3cf14b2d00c6ecf,285,b5be2e2d8c76fd0e492e7f530bac806ad52cba82835163525c6aa7f59a0a18bf,8b679d9405295e7cba5285df51137b5de6804584f88a385ef76ae25426ab2e80
s05,s0503a,O0_4_keep80,60,2,0.03333333333333333,2,0,0,0.03333333333333333,0.0,0.0,60,2,0.03333333333333333,2,0,0,0.03333333333333333,0.0,0.0,226.58320099999995,110.39055799999998,0.48719656846934567,127.1640000000001,30,4.238800000000003,87130029b5443647ed1f1febd32ab768bf957a0a1698217eb3cf14b2d00c6ecf,278,d15e4fb626bdba3bab066b0a001d5526c362f32827769dbdce848cdcf3cfc587,fa4ac93719002d1ec40779494c0719f70dfe4b48f78e8f47ac01c2c4154ca13e
s05,s0503a,O0_4_keep70,58,2,0.034482758620689655,2,0,0,0.034482758620689655,0.0,0.0,58,2,0.034482758620689655,2,0,0,0.034482758620689655,0.0,0.0,226.58320099999995,106.34232299999995,0.4693301292005314,122.54800000000012,29,4.22579310344828,87130029b5443647ed1f1febd32ab768bf957a0a1698217eb3cf14b2d00c6ecf,269,9397b2a056362db763dc84a717522ed57bfab2e65158ed4361152e9f60fdb8d7,87a76b20b445a1f541273b041bacf90e1970e0e30777fa1282a457c334a22c7e
s05,s0503a,O0_4_keep60,48,0,0.0,0,0,0,0.0,0.0,0.0,48,0,0.0,0,0,0,0.0,0.0,0.0,226.58320099999995,86.67073499999996,0.38251174234227536,99.61200000000011,24,4.1505000000000045,87130029b5443647ed1f1febd32ab768bf957a0a1698217eb3cf14b2d00c6ecf,241,e1574519fb444ac098926a748cd53da6cf221ee878cc588db7d594b336bc38a3,9a9f602d9bb6ee0955b3c51a57e0e79f58724b835c91ed519b0ba616d184dc3e
s05,s0503a,O0_4_keep50,20,0,0.0,0,0,0,0.0,0.0,0.0,20,0,0.0,0,0,0,0.0,0.0,0.0,226.58320099999995,37.83505699999998,0.16698085662581838,45.0840000000002,10,4.50840000000002,87130029b5443647ed1f1febd32ab768bf957a0a1698217eb3cf14b2d00c6ecf,159,2a94d2cfb498c0f9def28395f7b6a2a54ccd479e1420ed7fb2ccde5d96e71b0e,2ea8610d822e2d08f3af4a002581b06f8429d7e9f683a0f8317273eb5b0850bc
s05,s0503a,O0_4_MARGIN_all_s0p5,62,2,0.03225806451612903,2,0,0,0.03225806451612903,0.0,0.0,62,2,0.03225806451612903,2,0,0,0.03225806451612903,0.0,0.0,226.58320099999995,115.76243599999991,0.5109047603224562,133.43600000000012,31,4.304387096774198,87130029b5443647ed1f1febd32ab768bf957a0a1698217eb3cf14b2d00c6ecf,285,9559e3df8ed4c3d0a4056ce5c7776cd688a8b38c0e83a8d848703ad849aa6d48,66112a1cf529d3cb476357eaabd635d1e79055942f862b52542d6ef3be52fb63
s05,s0503a,O0_4_MARGIN_all_s1,62,3,0.04838709677419355,3,1,0,0.04838709677419355,0.016129032258064516,0.0,62,3,0.04838709677419355,3,1,0,0.04838709677419355,0.016129032258064516,0.0,226.58320099999995,114.0109289999999,0.5031746771023856,130.62000000000006,31,4.213548387096776,87130029b5443647ed1f1febd32ab768bf957a0a1698217eb3cf14b2d00c6ecf,285,b414d96278b2168b365d39e44587a44ad341c575be3b52ce90b2fe3004d88fc1,4cef3c12e91370b713d677f782be259f7ac068630406a129f904495e65f15f95
s05,s0503a,O0_4_MARGIN_all_s2,62,3,0.04838709677419355,3,1,0,0.04838709677419355,0.016129032258064516,0.0,62,3,0.04838709677419355,3,1,0,0.04838709677419355,0.016129032258064516,0.0,226.58320099999995,115.91541999999991,0.5115799383556239,132.86000000000007,31,4.285806451612905,87130029b5443647ed1f1febd32ab768bf957a0a1698217eb3cf14b2d00c6ecf,285,d73e13d6d6cb0c8884df363c24a28b1aa86c814e262c6ef395f0f190a85980f8,b0ee08b5c334354ad4dcd5bd900310a8e843a899e8e4479004116152ed8acda8
s05,s0503a,O0_4_MARGIN_all_s4,62,3,0.04838709677419355,3,1,0,0.04838709677419355,0.016129032258064516,0.0,62,3,0.04838709677419355,3,1,0,0.04838709677419355,0.016129032258064516,0.0,226.58320099999995,115.04442199999993,0.5077358846210314,131.72000000000008,31,4.249032258064519,87130029b5443647ed1f1febd32ab768bf957a0a1698217eb3cf14b2d00c6ecf,285,7b37762e6e9d21831925a50efacbdbc20a2bce9c887f1fad019bdf12018d00bd,d1dfee3904f66dcf902872742928bf5546c4ef296374067554ca580b89ccb2bd
s05,s0504a,O0_4,21,0,0.0,0,0,0,0.0,0.0,0.0,22,0,0.0,0,0,0,0.0,0.0,0.0,73.6838530000001,46.48198400000003,0.6308299865914988,53.115999999999964,11,4.82872727272727,87130029b5443647ed1f1febd32ab768bf957a0a1698217eb3cf14b2d00c6ecf,92,8b090f779ca0e20ea0406a27faa416f61adcc0a2ad35c848a341179e5f14d23f,f4495bca852e1d7bd9bc3620e520f2ad496c213bd0472e256a8d802e1ea3b45f
s05,s0504a,O0_4_sw0p25,21,0,0.0,0,0,0,0.0,0.0,0.0,22,0,0.0,0,0,0,0.0,0.0,0.0,73.6838530000001,46.48198400000003,0.6308299865914988,53.115999999999964,11,4.82872727272727,87130029b5443647ed1f1febd32ab768bf957a0a1698217eb3cf14b2d00c6ecf,92,8b090f779ca0e20ea0406a27faa416f61adcc0a2ad35c848a341179e5f14d23f,f4495bca852e1d7bd9bc3620e520f2ad496c213bd0472e256a8d802e1ea3b45f
s05,s0504a,O0_4_sw0p5,21,0,0.0,0,0,0,0.0,0.0,0.0,22,0,0.0,0,0,0,0.0,0.0,0.0,73.6838530000001,46.48198400000003,0.6308299865914988,53.115999999999964,11,4.82872727272727,87130029b5443647ed1f1febd32ab768bf957a0a1698217eb3cf14b2d00c6ecf,92,8b090f779ca0e20ea0406a27faa416f61adcc0a2ad35c848a341179e5f14d23f,f4495bca852e1d7bd9bc3620e520f2ad496c213bd0472e256a8d802e1ea3b45f
s05,s0504a,O0_4_sw1,21,0,0.0,0,0,0,0.0,0.0,0.0,22,0,0.0,0,0,0,0.0,0.0,0.0,73.6838530000001,46.48198400000003,0.6308299865914988,53.115999999999964,11,4.82872727272727,87130029b5443647ed1f1febd32ab768bf957a0a1698217eb3cf14b2d00c6ecf,92,8b090f779ca0e20ea0406a27faa416f61adcc0a2ad35c848a341179e5f14d23f,f4495bca852e1d7bd9bc3620e520f2ad496c213bd0472e256a8d802e1ea3b45f
s05,s0504a,O0_4_sw2,22,0,0.0,0,0,0,0.0,0.0,0.0,24,0,0.0,0,0,0,0.0,0.0,0.0,73.6838530000001,46.48198400000003,0.6308299865914988,53.115999999999964,12,4.42633333333333,87130029b5443647ed1f1febd32ab768bf957a0a1698217eb3cf14b2d00c6ecf,92,c4dfc4780a3fdf7c7f022bfdb3c3d18209ceffe35d49e99418529b027cff5406,61510b10307dd477875a6295314a85f7107aae72f7ae630056c3f2264ef6b048
s05,s0504a,O0_4_sw4,22,0,0.0,0,0,0,0.0,0.0,0.0,24,0,0.0,0,0,0,0.0,0.0,0.0,73.6838530000001,46.48198400000003,0.6308299865914988,53.115999999999964,12,4.42633333333333,87130029b5443647ed1f1febd32ab768bf957a0a1698217eb3cf14b2d00c6ecf,92,c4dfc4780a3fdf7c7f022bfdb3c3d18209ceffe35d49e99418529b027cff5406,61510b10307dd477875a6295314a85f7107aae72f7ae630056c3f2264ef6b048
s05,s0504a,O0_4_keep90,21,0,0.0,0,0,0,0.0,0.0,0.0,22,0,0.0,0,0,0,0.0,0.0,0.0,73.6838530000001,46.48198400000003,0.6308299865914988,53.115999999999964,11,4.82872727272727,87130029b5443647ed1f1febd32ab768bf957a0a1698217eb3cf14b2d00c6ecf,92,8b090f779ca0e20ea0406a27faa416f61adcc0a2ad35c848a341179e5f14d23f,f4495bca852e1d7bd9bc3620e520f2ad496c213bd0472e256a8d802e1ea3b45f
s05,s0504a,O0_4_keep80,21,0,0.0,0,0,0,0.0,0.0,0.0,22,0,0.0,0,0,0,0.0,0.0,0.0,73.6838530000001,46.48198400000003,0.6308299865914988,53.115999999999964,11,4.82872727272727,87130029b5443647ed1f1febd32ab768bf957a0a1698217eb3cf14b2d00c6ecf,90,8b090f779ca0e20ea0406a27faa416f61adcc0a2ad35c848a341179e5f14d23f,f4495bca852e1d7bd9bc3620e520f2ad496c213bd0472e256a8d802e1ea3b45f
s05,s0504a,O0_4_keep70,21,0,0.0,0,0,0,0.0,0.0,0.0,22,0,0.0,0,0,0,0.0,0.0,0.0,73.6838530000001,43.95399700000004,0.5965214251214574,50.43199999999997,11,4.58472727272727,87130029b5443647ed1f1febd32ab768bf957a0a1698217eb3cf14b2d00c6ecf,86,7dc875a30416592f274cb807a6ab912581b55af86203a10af4dded680604c46a,0caebedb161019b886288d88db04248a7db120fd8bc4f93bc1d8d5091200850e
s05,s0504a,O0_4_keep60,14,0,0.0,0,0,0,0.0,0.0,0.0,14,0,0.0,0,0,0,0.0,0.0,0.0,73.6838530000001,31.17492300000002,0.4230902936088315,35.571999999999946,7,5.081714285714278,87130029b5443647ed1f1febd32ab768bf957a0a1698217eb3cf14b2d00c6ecf,78,7f4116fb83bce5afcbf0ec9582c2e5e8684e7e0942574dc19decb108e6c5b42f,9c5245a2c55a65d267d0a6b7f9781ca2a5c7089755988bbbfefe16bc86652731
s05,s0504a,O0_4_keep50,10,0,0.0,0,0,0,0.0,0.0,0.0,10,0,0.0,0,0,0,0.0,0.0,0.0,73.6838530000001,20.975214999999977,0.2846650133781678,24.179999999999964,5,4.835999999999993,87130029b5443647ed1f1febd32ab768bf957a0a1698217eb3cf14b2d00c6ecf,51,4d438776cc26d5ae6cdeda5179c3e34d323ab63dd5ec9e82b168fc88aa69f09b,463511f4c344ae49340c3a471ead1e8105038e30da56092df5ff383794ef989b
s05,s0504a,O0_4_MARGIN_all_s0p5,21,0,0.0,0,0,0,0.0,0.0,0.0,22,0,0.0,0,0,0,0.0,0.0,0.0,73.6838530000001,46.41198400000004,0.6298799819819408,52.82799999999995,11,4.8025454545454505,87130029b5443647ed1f1febd32ab768bf957a0a1698217eb3cf14b2d00c6ecf,92,8a659a81d630fc8e691cefce4adcb18b5b75f73a16a0444cd2d3f9b03e7ffa20,220f15bdc98552883d665a68a5119a912fce061f654dabdd5fcf91d68bf87250
s05,s0504a,O0_4_MARGIN_all_s1,21,0,0.0,0,0,0,0.0,0.0,0.0,22,0,0.0,0,0,0,0.0,0.0,0.0,73.6838530000001,46.41198400000004,0.6298799819819408,52.82799999999995,11,4.8025454545454505,87130029b5443647ed1f1febd32ab768bf957a0a1698217eb3cf14b2d00c6ecf,92,8a659a81d630fc8e691cefce4adcb18b5b75f73a16a0444cd2d3f9b03e7ffa20,220f15bdc98552883d665a68a5119a912fce061f654dabdd5fcf91d68bf87250
s05,s0504a,O0_4_MARGIN_all_s2,21,0,0.0,0,0,0,0.0,0.0,0.0,22,0,0.0,0,0,0,0.0,0.0,0.0,73.6838530000001,45.50976000000005,0.6176354539983134,51.72399999999994,11,4.7021818181818125,87130029b5443647ed1f1febd32ab768bf957a0a1698217eb3cf14b2d00c6ecf,92,d24454ae8534b89a2f048df7833f9e647d926a8dcd072e6eed13555c3f560ca5,d4171e83405df9749f8003ec211bc12162e4039d2bac49ab8241174709376f9a
s05,s0504a,O0_4_MARGIN_all_s4,21,0,0.0,0,0,0,0.0,0.0,0.0,22,0,0.0,0,0,0,0.0,0.0,0.0,73.6838530000001,44.55690400000005,0.6047037741090981,50.52399999999995,11,4.593090909090905,87130029b5443647ed1f1febd32ab768bf957a0a1698217eb3cf14b2d00c6ecf,92,9d8c9cf3a538bc5f41ecad83429f1802c66f1837809590ad9e5053fdff47fd92,21e70840c92938abaee9bd5010fb47bbccf686b0f80dac0e79da9839aff182c4
s06,s0601a,O0_4,78,12,0.15384615384615385,5,0,0,0.0641025641025641,0.0,0.0,78,12,0.15384615384615385,5,0,0,0.0641025641025641,0.0,0.0,245.50644200000008,164.34488199999998,0.6694116890016268,178.10400000000027,39,4.566769230769237,87130029b5443647ed1f1febd32ab768bf957a0a1698217eb3cf14b2d00c6ecf,191,383a56103446678fa5b53765f4cad207e325db5e7a53636c26183006cc1c40ab,e5fb227248ebe83bbb4bc41b248bc624d80860bdfeb599453b542db1b1d49f64
s06,s0601a,O0_4_sw0p25,78,12,0.15384615384615385,5,0,0,0.0641025641025641,0.0,0.0,78,12,0.15384615384615385,5,0,0,0.0641025641025641,0.0,0.0,245.50644200000008,164.34488199999998,0.6694116890016268,178.10400000000027,39,4.566769230769237,87130029b5443647ed1f1febd32ab768bf957a0a1698217eb3cf14b2d00c6ecf,191,383a56103446678fa5b53765f4cad207e325db5e7a53636c26183006cc1c40ab,e5fb227248ebe83bbb4bc41b248bc624d80860bdfeb599453b542db1b1d49f64
s06,s0601a,O0_4_sw0p5,78,12,0.15384615384615385,5,0,0,0.0641025641025641,0.0,0.0,78,12,0.15384615384615385,5,0,0,0.0641025641025641,0.0,0.0,245.50644200000008,164.34488199999998,0.6694116890016268,178.10400000000027,39,4.566769230769237,87130029b5443647ed1f1febd32ab768bf957a0a1698217eb3cf14b2d00c6ecf,191,383a56103446678fa5b53765f4cad207e325db5e7a53636c26183006cc1c40ab,e5fb227248ebe83bbb4bc41b248bc624d80860bdfeb599453b542db1b1d49f64
s06,s0601a,O0_4_sw1,78,12,0.15384615384615385,5,0,0,0.0641025641025641,0.0,0.0,78,12,0.15384615384615385,5,0,0,0.0641025641025641,0.0,0.0,245.50644200000008,164.34488199999998,0.6694116890016268,178.10400000000027,39,4.566769230769237,87130029b5443647ed1f1febd32ab768bf957a0a1698217eb3cf14b2d00c6ecf,191,383a56103446678fa5b53765f4cad207e325db5e7a53636c26183006cc1c40ab,e5fb227248ebe83bbb4bc41b248bc624d80860bdfeb599453b542db1b1d49f64
s06,s0601a,O0_4_sw2,80,14,0.175,7,2,0,0.0875,0.025,0.0,82,16,0.1951219512195122,9,4,0,0.10975609756097561,0.04878048780487805,0.0,245.50644200000008,164.34488199999998,0.6694116890016268,177.89600000000024,41,4.338926829268298,87130029b5443647ed1f1febd32ab768bf957a0a1698217eb3cf14b2d00c6ecf,191,5d060339aee7a581eae5b72daacf42ec1e43eb7075acd6143178ae982c58a2ec,526e33bc5469cb692ccf02926965371b30d54f84ee3e5d4a5b06c7934f5153c2
s06,s0601a,O0_4_sw4,80,14,0.175,7,2,0,0.0875,0.025,0.0,82,16,0.1951219512195122,9,4,0,0.10975609756097561,0.04878048780487805,0.0,245.50644200000008,164.34488199999998,0.6694116890016268,177.89600000000024,41,4.338926829268298,87130029b5443647ed1f1febd32ab768bf957a0a1698217eb3cf14b2d00c6ecf,191,5d060339aee7a581eae5b72daacf42ec1e43eb7075acd6143178ae982c58a2ec,526e33bc5469cb692ccf02926965371b30d54f84ee3e5d4a5b06c7934f5153c2
s06,s0601a,O0_4_keep90,78,12,0.15384615384615385,5,0,0,0.0641025641025641,0.0,0.0,78,12,0.15384615384615385,5,0,0,0.0641025641025641,0.0,0.0,245.50644200000008,164.34488199999998,0.6694116890016268,178.10400000000027,39,4.566769230769237,87130029b5443647ed1f1febd32ab768bf957a0a1698217eb3cf14b2d00c6ecf,191,383a56103446678fa5b53765f4cad207e325db5e7a53636c26183006cc1c40ab,e5fb227248ebe83bbb4bc41b248bc624d80860bdfeb599453b542db1b1d49f64
s06,s0601a,O0_4_keep80,78,13,0.16666666666666666,6,1,0,0.07692307692307693,0.01282051282051282,0.0,78,13,0.16666666666666666,6,1,0,0.07692307692307693,0.01282051282051282,0.0,245.50644200000008,163.191783,0.66471487131079,176.76400000000027,39,4.532410256410263,87130029b5443647ed1f1febd32ab768bf957a0a1698217eb3cf14b2d00c6ecf,188,92b0bab2923d6970cc91184bcf87f912528ed355df10c5e3fe84108b4011f99d,9c1fbacd9ec86cabd65e8f503f1406d57ed56a73c466c0db042e8a15d06839f8
s06,s0601a,O0_4_keep70,78,12,0.15384615384615385,6,1,0,0.07692307692307693,0.01282051282051282,0.0,78,12,0.15384615384615385,6,1,0,0.07692307692307693,0.01282051282051282,0.0,245.50644200000008,162.48474499999998,0.6618349550273712,175.83200000000025,39,4.508512820512827,87130029b5443647ed1f1febd32ab768bf957a0a1698217eb3cf14b2d00c6ecf,184,0dd6e363a5d75055abc9cc7943a4f057be3cd68a1a9a1c83433900f22b038fbf,027a5ce5630bcfb60a8c69e90df69c8946a796015e89cfefdd1d389cb46e31a6
s06,s0601a,O0_4_keep60,60,11,0.18333333333333332,5,1,0,0.08333333333333333,0.016666666666666666,0.0,60,11,0.18333333333333332,5,1,0,0.08333333333333333,0.016666666666666666,0.0,245.50644200000008,121.56282300000004,0.4951512555422069,130.68400000000014,30,4.356133333333338,87130029b5443647ed1f1febd32ab768bf957a0a1698217eb3cf14b2d00c6ecf,164,191eee4270e3fb0a9ed3e23c8646f4345aaa2419ea1ad121dee4907c120a611e,73092a971831d51139c726c463d6c76ba95da0c3141a3ff923e14c650005749b
s06,s0601a,O0_4_keep50,16,2,0.125,2,0,0,0.125,0.0,0.0,16,2,0.125,2,0,0,0.125,0.0,0.0,245.50644200000008,40.24190999999996,0.16391386585285592,43.21599999999992,8,5.40199999999999,87130029b5443647ed1f1febd32ab768bf957a0a1698217eb3cf14b2d00c6ecf,114,a4f45ab7eba2ac727fc03015a60b42940ce062e4a8dead25b44c335b1fab874a,e0248538f7baa87a8f3c9c8fc702e261a65a3554e3bb1be8c70c4897b6a75993
s06,s0601a,O0_4_MARGIN_all_s0p5,78,12,0.15384615384615385,5,0,0,0.0641025641025641,0.0,0.0,78,12,0.15384615384615385,5,0,0,0.0641025641025641,0.0,0.0,245.50644200000008,164.34488199999998,0.6694116890016268,178.10400000000027,39,4.566769230769237,87130029b5443647ed1f1febd32ab768bf957a0a1698217eb3cf14b2d00c6ecf,191,383a56103446678fa5b53765f4cad207e325db5e7a53636c26183006cc1c40ab,e5fb227248ebe83bbb4bc41b248bc624d80860bdfeb599453b542db1b1d49f64
s06,s0601a,O0_4_MARGIN_all_s1,78,12,0.15384615384615385,5,0,0,0.0641025641025641,0.0,0.0,78,12,0.15384615384615385,5,0,0,0.0641025641025641,0.0,0.0,245.50644200000008,164.049447,0.6682083193564425,177.6560000000003,39,4.555282051282059,87130029b5443647ed1f1febd32ab768bf957a0a1698217eb3cf14b2d00c6ecf,191,9407af3021c6c6e8b4cc30065a5c6093cd8d4ee48cc763efe57ea9a4bea66c86,c1de6180b4589647154866859d1f8c6c5b62b43ef5ba6243a2ab949586ba4c9c
s06,s0601a,O0_4_MARGIN_all_s2,78,13,0.16666666666666666,6,0,0,0.07692307692307693,0.0,0.0,78,13,0.16666666666666666,6,0,0,0.07692307692307693,0.0,0.0,245.50644200000008,162.27204999999992,0.6609686030153126,175.64800000000025,39,4.503794871794878,87130029b5443647ed1f1febd32ab768bf957a0a1698217eb3cf14b2d00c6ecf,191,b14f2f23bade5c8d2b7261a7f2be19dbfb19b5960e727b7619231ce785e04554,8c2905b6267a1f2e5b35248fcb1cd8408975219a224aa32a7f1cb075ef7e365d
s06,s0601a,O0_4_MARGIN_all_s4,78,12,0.15384615384615385,5,0,0,0.0641025641025641,0.0,0.0,78,12,0.15384615384615385,5,0,0,0.0641025641025641,0.0,0.0,245.50644200000008,163.92004999999995,0.6676812578302931,177.3240000000003,39,4.546769230769239,87130029b5443647ed1f1febd32ab768bf957a0a1698217eb3cf14b2d00c6ecf,191,f44477dc9de557c3c90a52e292212d2cde8c0c130176f37e63b3f4c0d37e77a1,746a8c57b624b4e99c69d58757aeaec55477c86c3789ff31f6c223351c3060df
s06,s0602a,O0_4,80,14,0.175,9,1,0,0.1125,0.0125,0.0,80,14,0.175,9,1,0,0.1125,0.0125,0.0,258.45341200000007,173.454618,0.6711252780829992,184.68399999999983,40,4.617099999999995,87130029b5443647ed1f1febd32ab768bf957a0a1698217eb3cf14b2d00c6ecf,217,9b449989e29248ef2f9d2f5786dd14a46c0bd721175a21f2c984d17c806da2da,5570fb97b6a5cb82c19468ba48f63682dce73250be8b234b632fbd53103e3bdd
s06,s0602a,O0_4_sw0p25,80,14,0.175,9,1,0,0.1125,0.0125,0.0,80,14,0.175,9,1,0,0.1125,0.0125,0.0,258.45341200000007,173.454618,0.6711252780829992,184.68399999999983,40,4.617099999999995,87130029b5443647ed1f1febd32ab768bf957a0a1698217eb3cf14b2d00c6ecf,217,9b449989e29248ef2f9d2f5786dd14a46c0bd721175a21f2c984d17c806da2da,5570fb97b6a5cb82c19468ba48f63682dce73250be8b234b632fbd53103e3bdd
s06,s0602a,O0_4_sw0p5,80,14,0.175,9,1,0,0.1125,0.0125,0.0,80,14,0.175,9,1,0,0.1125,0.0125,0.0,258.45341200000007,173.454618,0.6711252780829992,184.68399999999983,40,4.617099999999995,87130029b5443647ed1f1febd32ab768bf957a0a1698217eb3cf14b2d00c6ecf,217,9b449989e29248ef2f9d2f5786dd14a46c0bd721175a21f2c984d17c806da2da,5570fb97b6a5cb82c19468ba48f63682dce73250be8b234b632fbd53103e3bdd
s06,s0602a,O0_4_sw1,80,14,0.175,9,1,0,0.1125,0.0125,0.0,80,14,0.175,9,1,0,0.1125,0.0125,0.0,258.45341200000007,173.454618,0.6711252780829992,184.68399999999983,40,4.617099999999995,87130029b5443647ed1f1febd32ab768bf957a0a1698217eb3cf14b2d00c6ecf,217,9b449989e29248ef2f9d2f5786dd14a46c0bd721175a21f2c984d17c806da2da,5570fb97b6a5cb82c19468ba48f63682dce73250be8b234b632fbd53103e3bdd
s06,s0602a,O0_4_sw2,81,14,0.1728395061728395,9,1,0,0.1111111111111111,0.012345679012345678,0.0,82,14,0.17073170731707318,9,1,0,0.10975609756097561,0.012195121951219513,0.0,258.45341200000007,173.454618,0.6711252780829992,184.68399999999983,41,4.504487804878044,87130029b5443647ed1f1febd32ab768bf957a0a1698217eb3cf14b2d00c6ecf,217,ec02255e5809258633761f5e6a6f5c45828ca6659e9dd6d297dee9b5f2670b5f,3f151c8ce8d48026417786986682476053ffcdf66cfb7a2e327c551db9593051
s06,s0602a,O0_4_sw4,82,14,0.17073170731707318,9,1,0,0.10975609756097561,0.012195121951219513,0.0,84,14,0.16666666666666666,9,1,0,0.10714285714285714,0.011904761904761904,0.0,258.45341200000007,171.59248400000004,0.6639203664295211,182.64799999999988,42,4.348761904761902,87130029b5443647ed1f1febd32ab768bf957a0a1698217eb3cf14b2d00c6ecf,217,ab25dd3bbc83d014703415f7f1f4faa55912c1459523206c975a10dbefa68d99,1fcb9b83bf4a0fd123a24bd35ce58886c43b92c78e79743c7df56b63dd2fbee1
s06,s0602a,O0_4_keep90,80,14,0.175,9,1,0,0.1125,0.0125,0.0,80,14,0.175,9,1,0,0.1125,0.0125,0.0,258.45341200000007,173.454618,0.6711252780829992,184.68399999999983,40,4.617099999999995,87130029b5443647ed1f1febd32ab768bf957a0a1698217eb3cf14b2d00c6ecf,217,9b449989e29248ef2f9d2f5786dd14a46c0bd721175a21f2c984d17c806da2da,5570fb97b6a5cb82c19468ba48f63682dce73250be8b234b632fbd53103e3bdd
s06,s0602a,O0_4_keep80,80,14,0.175,9,1,0,0.1125,0.0125,0.0,80,14,0.175,9,1,0,0.1125,0.0125,0.0,258.45341200000007,173.454618,0.6711252780829992,184.68399999999983,40,4.617099999999995,87130029b5443647ed1f1febd32ab768bf957a0a1698217eb3cf14b2d00c6ecf,216,9b449989e29248ef2f9d2f5786dd14a46c0bd721175a21f2c984d17c806da2da,5570fb97b6a5cb82c19468ba48f63682dce73250be8b234b632fbd53103e3bdd
s06,s0602a,O0_4_keep70,80,15,0.1875,9,2,1,0.1125,0.025,0.0125,80,15,0.1875,9,2,1,0.1125,0.025,0.0125,258.45341200000007,172.9107280000001,0.6690208756075545,183.6559999999998,40,4.591399999999995,87130029b5443647ed1f1febd32ab768bf957a0a1698217eb3cf14b2d00c6ecf,213,1e11564677a28adee54b50431c4a4676b55272380d77c6abd7f0536645b5a64d,0da706cbd37b5f4ac00bae79a9fb17b795294af242dc6eebf7d0ba9c90beeb2c
s06,s0602a,O0_4_keep60,60,11,0.18333333333333332,8,1,1,0.13333333333333333,0.016666666666666666,0.016666666666666666,60,11,0.18333333333333332,8,1,1,0.13333333333333333,0.016666666666666666,0.016666666666666666,258.45341200000007,124.31460000000006,0.4809942304031182,131.66399999999976,30,4.388799999999992,87130029b5443647ed1f1febd32ab768bf957a0a1698217eb3cf14b2d00c6ecf,193,ae1aca2a57d3c1fc24f99db1d860c6f8853e14e3b8da55a1012734f12ba8428a,8219cc10431aebdb18bb572c1b1aa41273c04284323c30d0db94696953894c98
s06,s0602a,O0_4_keep50,16,3,0.1875,1,0,0,0.0625,0.0,0.0,16,3,0.1875,1,0,0,0.0625,0.0,0.0,258.45341200000007,32.26450500000003,0.12483683132803841,34.919999999999966,8,4.364999999999996,87130029b5443647ed1f1febd32ab768bf957a0a1698217eb3cf14b2d00c6ecf,124,28b0d16f549741653af7106ce8aec5b88d861bed8bf2509cac02f8021914d671,c9fdf8b51cac312acd4ad48e13b453e45f4f4be67f72dc0dd579614c88222e3c
s06,s0602a,O0_4_MARGIN_all_s0p5,80,14,0.175,9,1,0,0.1125,0.0125,0.0,80,14,0.175,9,1,0,0.1125,0.0125,0.0,258.45341200000007,172.711538,0.6682501757802289,183.83199999999985,40,4.595799999999996,87130029b5443647ed1f1febd32ab768bf957a0a1698217eb3cf14b2d00c6ecf,217,d98ab9e196f05ed786a10b12dfc4259b6393aa776eee5f2d4e115258ec0c5c41,91aee2d68e236368af5ed51c01a8784c6d336576e0a0be22f8939d3d880c7328
s06,s0602a,O0_4_MARGIN_all_s1,80,15,0.1875,10,2,0,0.125,0.025,0.0,80,15,0.1875,10,2,0,0.125,0.025,0.0,258.45341200000007,172.10421099999994,0.6659003248136647,183.18399999999983,40,4.579599999999996,87130029b5443647ed1f1febd32ab768bf957a0a1698217eb3cf14b2d00c6ecf,217,2047c65c81deb22e31739cd5cf6fff822cb057d16829043df8791bef85da6892,f89bc62d087b08eb9e165a620f22ae4fbd75e08567ccb168b8d09e72afd8c2fa
s06,s0602a,O0_4_MARGIN_all_s2,80,15,0.1875,10,2,0,0.125,0.025,0.0,80,15,0.1875,10,2,0,0.125,0.025,0.0,258.45341200000007,170.24207699999997,0.6586954131601865,181.14799999999988,40,4.528699999999997,87130029b5443647ed1f1febd32ab768bf957a0a1698217eb3cf14b2d00c6ecf,217,55563d1b6d965846a75c13d7f74c24f5b44ca28fc7ec0ba84ac7e42613bed9f7,39169658dc272b9ae24c8b99956a709342fb3f7b13ff3beebda86bbe079d0c9b
s06,s0602a,O0_4_MARGIN_all_s4,78,15,0.19230769230769232,10,2,0,0.1282051282051282,0.02564102564102564,0.0,78,15,0.19230769230769232,10,2,0,0.1282051282051282,0.02564102564102564,0.0,258.45341200000007,167.25653299999996,0.6471438380546507,177.89599999999987,39,4.561435897435894,87130029b5443647ed1f1febd32ab768bf957a0a1698217eb3cf14b2d00c6ecf,217,7395f386ea0d7ec9523868b21f1d4bc11003f01e01b1f06b93fdf7f397b95b06,95d45c3f75ed67291c4b10a1779ff6cccbfa4c8c0ac58c4d5c3c2db55f047a8d
s06,s0602b,O0_4,76,2,0.02631578947368421,1,1,0,0.013157894736842105,0.013157894736842105,0.0,76,2,0.02631578947368421,1,1,0,0.013157894736842105,0.013157894736842105,0.0,244.09602899999965,146.48801599999993,0.6001245354138889,167.72800000000004,38,4.413894736842106,87130029b5443647ed1f1febd32ab768bf957a0a1698217eb3cf14b2d00c6ecf,224,659ae3c8563d4d130e383fa1cfbcb2e8344d9f9fc44c3614678e824b19aac685,48b67649336933220e616fefcec2542dd1d2cbfc6d5ae819c55c8a7ae9eb62d4
s06,s0602b,O0_4_sw0p25,76,2,0.02631578947368421,1,1,0,0.013157894736842105,0.013157894736842105,0.0,76,2,0.02631578947368421,1,1,0,0.013157894736842105,0.013157894736842105,0.0,244.09602899999965,146.48801599999993,0.6001245354138889,167.72800000000004,38,4.413894736842106,87130029b5443647ed1f1febd32ab768bf957a0a1698217eb3cf14b2d00c6ecf,224,659ae3c8563d4d130e383fa1cfbcb2e8344d9f9fc44c3614678e824b19aac685,48b67649336933220e616fefcec2542dd1d2cbfc6d5ae819c55c8a7ae9eb62d4
s06,s0602b,O0_4_sw0p5,76,2,0.02631578947368421,1,1,0,0.013157894736842105,0.013157894736842105,0.0,76,2,0.02631578947368421,1,1,0,0.013157894736842105,0.013157894736842105,0.0,244.09602899999965,146.48801599999993,0.6001245354138889,167.72800000000004,38,4.413894736842106,87130029b5443647ed1f1febd32ab768bf957a0a1698217eb3cf14b2d00c6ecf,224,659ae3c8563d4d130e383fa1cfbcb2e8344d9f9fc44c3614678e824b19aac685,48b67649336933220e616fefcec2542dd1d2cbfc6d5ae819c55c8a7ae9eb62d4
s06,s0602b,O0_4_sw1,76,2,0.02631578947368421,1,1,0,0.013157894736842105,0.013157894736842105,0.0,76,2,0.02631578947368421,1,1,0,0.013157894736842105,0.013157894736842105,0.0,244.09602899999965,146.48801599999993,0.6001245354138889,167.72800000000004,38,4.413894736842106,87130029b5443647ed1f1febd32ab768bf957a0a1698217eb3cf14b2d00c6ecf,224,659ae3c8563d4d130e383fa1cfbcb2e8344d9f9fc44c3614678e824b19aac685,48b67649336933220e616fefcec2542dd1d2cbfc6d5ae819c55c8a7ae9eb62d4
s06,s0602b,O0_4_sw2,76,2,0.02631578947368421,1,1,0,0.013157894736842105,0.013157894736842105,0.0,76,2,0.02631578947368421,1,1,0,0.013157894736842105,0.013157894736842105,0.0,244.09602899999965,145.58015999999995,0.5964052778589043,166.10000000000005,38,4.371052631578949,87130029b5443647ed1f1febd32ab768bf957a0a1698217eb3cf14b2d00c6ecf,224,5c85060f88b8ec313135eec37f64e567e7948ade540f4a874528b5883f2ee5d8,f81e6a38abb02564a5abcbf4c5b519b230adceae5f1bf91b7999eff9d9063f4e
s06,s0602b,O0_4_sw4,76,2,0.02631578947368421,1,1,0,0.013157894736842105,0.013157894736842105,0.0,76,2,0.02631578947368421,1,1,0,0.013157894736842105,0.013157894736842105,0.0,244.09602899999965,144.95192499999996,0.5938315571696587,165.25200000000007,38,4.348736842105265,87130029b5443647ed1f1febd32ab768bf957a0a1698217eb3cf14b2d00c6ecf,224,742aec9b9d4f857191fa59a7f1b33dc6a54694eb8970c9eab242ebd540bc6b37,f0a1ff9af272fc5da2aeb133a738a945c94d1c8c60e270a3401c842a221f7320
s06,s0602b,O0_4_keep90,76,2,0.02631578947368421,1,1,0,0.013157894736842105,0.013157894736842105,0.0,76,2,0.02631578947368421,1,1,0,0.013157894736842105,0.013157894736842105,0.0,244.09602899999965,146.48801599999993,0.6001245354138889,167.72800000000004,38,4.413894736842106,87130029b5443647ed1f1febd32ab768bf957a0a1698217eb3cf14b2d00c6ecf,224,659ae3c8563d4d130e383fa1cfbcb2e8344d9f9fc44c3614678e824b19aac685,48b67649336933220e616fefcec2542dd1d2cbfc6d5ae819c55c8a7ae9eb62d4
s06,s0602b,O0_4_keep80,76,2,0.02631578947368421,1,1,0,0.013157894736842105,0.013157894736842105,0.0,76,2,0.02631578947368421,1,1,0,0.013157894736842105,0.013157894736842105,0.0,244.09602899999965,146.48801599999993,0.6001245354138889,167.72800000000004,38,4.413894736842106,87130029b5443647ed1f1febd32ab768bf957a0a1698217eb3cf14b2d00c6ecf,223,659ae3c8563d4d130e383fa1cfbcb2e8344d9f9fc44c3614678e824b19aac685,48b67649336933220e616fefcec2542dd1d2cbfc6d5ae819c55c8a7ae9eb62d4
s06,s0602b,O0_4_keep70,74,4,0.05405405405405406,3,2,0,0.04054054054054054,0.02702702702702703,0.0,74,4,0.05405405405405406,3,2,0,0.04054054054054054,0.02702702702702703,0.0,244.09602899999965,138.980292,0.5693672796291176,157.75199999999998,37,4.263567567567567,87130029b5443647ed1f1febd32ab768bf957a0a1698217eb3cf14b2d00c6ecf,216,db0a689323fe152a406253589361122823093dcb997b7f12fe44cc49b7913fc0,16012d1ef3844ac816dd3390a24f6d1289618628b0e4d7d7ee675c9647f430a4
s06,s0602b,O0_4_keep60,54,3,0.05555555555555555,3,2,0,0.05555555555555555,0.037037037037037035,0.0,54,3,0.05555555555555555,3,2,0,0.05555555555555555,0.037037037037037035,0.0,244.09602899999965,92.39691700000006,0.37852691573282493,104.65199999999996,27,3.8759999999999986,87130029b5443647ed1f1febd32ab768bf957a0a1698217eb3cf14b2d00c6ecf,196,37783708bffada8f9dea208b53004b088eb32566e88037a3d1eef6e58faa3e32,6cc61262af163dd9f9fb1d2231089410393c7c784e90eec3f6b50297e7a65282
s06,s0602b,O0_4_keep50,14,1,0.07142857142857142,1,0,0,0.07142857142857142,0.0,0.0,14,1,0.07142857142857142,1,0,0,0.07142857142857142,0.0,0.0,244.09602899999965,22.358509000000062,0.09159718448348905,26.56000000000001,7,3.794285714285716,87130029b5443647ed1f1febd32ab768bf957a0a1698217eb3cf14b2d00c6ecf,129,44775ffd00187d01c0ec66bac1ff753097d1e95665ddd8024b09160e07e8c26f,2e755f47f130453163cf74e874f4a907514abd260a6b28068d5427087e0dd14f
s06,s0602b,O0_4_MARGIN_all_s0p5,76,2,0.02631578947368421,1,1,0,0.013157894736842105,0.013157894736842105,0.0,76,2,0.02631578947368421,1,1,0,0.013157894736842105,0.013157894736842105,0.0,244.09602899999965,146.10563099999993,0.5985580003024144,167.02000000000007,38,4.395263157894739,87130029b5443647ed1f1febd32ab768bf957a0a1698217eb3cf14b2d00c6ecf,224,9d6cc121a87f7494fcd9a028aba3652b1cfae895e178e2686bc4043bda2de168,86fae2acfe6b5f2f092a728082dad387e9efacdc6ef19c6bbf77c53a11457ed1
s06,s0602b,O0_4_MARGIN_all_s1,76,2,0.02631578947368421,1,1,0,0.013157894736842105,0.013157894736842105,0.0,76,2,0.02631578947368421,1,1,0,0.013157894736842105,0.013157894736842105,0.0,244.09602899999965,144.607779,0.5924216776177059,164.73200000000008,38,4.335052631578949,87130029b5443647ed1f1febd32ab768bf957a0a1698217eb3cf14b2d00c6ecf,224,3dec4c9a92417b61cd6a06d07b63507357edfbaab282a944ae56336c3f4f6acb,d0076be3682bbf34a1534a21619ba4282d2dd4286bb11f7ddf62465f9df6d292
s06,s0602b,O0_4_MARGIN_all_s2,76,2,0.02631578947368421,1,1,0,0.013157894736842105,0.013157894736842105,0.0,76,2,0.02631578947368421,1,1,0,0.013157894736842105,0.013157894736842105,0.0,244.09602899999965,144.607779,0.5924216776177059,164.73200000000008,38,4.335052631578949,87130029b5443647ed1f1febd32ab768bf957a0a1698217eb3cf14b2d00c6ecf,224,3dec4c9a92417b61cd6a06d07b63507357edfbaab282a944ae56336c3f4f6acb,d0076be3682bbf34a1534a21619ba4282d2dd4286bb11f7ddf62465f9df6d292
s06,s0602b,O0_4_MARGIN_all_s4,76,2,0.02631578947368421,1,1,0,0.013157894736842105,0.013157894736842105,0.0,76,2,0.02631578947368421,1,1,0,0.013157894736842105,0.013157894736842105,0.0,244.09602899999965,143.18685499999998,0.5866005095887905,162.7640000000001,38,4.28326315789474,87130029b5443647ed1f1febd32ab768bf957a0a1698217eb3cf14b2d00c6ecf,224,5ddd9b2b8a5ec82b5d646f0e38c931bd131d9b83d38860f02f1acb7c7e463871,35d927853999a5de29bc8100a8eccc2b6b9f2c257b25d3af27e0a83e74600f64
s06,s0603a,O0_4,8,0,0.0,0,0,0,0.0,0.0,0.0,8,0,0.0,0,0,0,0.0,0.0,0.0,31.913417000000013,17.986055000000004,0.5635891324329199,20.95200000000001,4,5.238000000000002,87130029b5443647ed1f1febd32ab768bf957a0a1698217eb3cf14b2d00c6ecf,42,fca8b19f037ce27949077ba13492e9c8eab89c1af363abc6a0536272ac68df8b,01a47f2abbed5b660218a0ab1ba5ed19d3a5bc82223f341c1fba80efed40ffa5
s06,s0603a,O0_4_sw0p25,8,0,0.0,0,0,0,0.0,0.0,0.0,8,0,0.0,0,0,0,0.0,0.0,0.0,31.913417000000013,17.986055000000004,0.5635891324329199,20.95200000000001,4,5.238000000000002,87130029b5443647ed1f1febd32ab768bf957a0a1698217eb3cf14b2d00c6ecf,42,fca8b19f037ce27949077ba13492e9c8eab89c1af363abc6a0536272ac68df8b,01a47f2abbed5b660218a0ab1ba5ed19d3a5bc82223f341c1fba80efed40ffa5
s06,s0603a,O0_4_sw0p5,8,0,0.0,0,0,0,0.0,0.0,0.0,8,0,0.0,0,0,0,0.0,0.0,0.0,31.913417000000013,17.986055000000004,0.5635891324329199,20.95200000000001,4,5.238000000000002,87130029b5443647ed1f1febd32ab768bf957a0a1698217eb3cf14b2d00c6ecf,42,fca8b19f037ce27949077ba13492e9c8eab89c1af363abc6a0536272ac68df8b,01a47f2abbed5b660218a0ab1ba5ed19d3a5bc82223f341c1fba80efed40ffa5
s06,s0603a,O0_4_sw1,8,0,0.0,0,0,0,0.0,0.0,0.0,8,0,0.0,0,0,0,0.0,0.0,0.0,31.913417000000013,17.986055000000004,0.5635891324329199,20.95200000000001,4,5.238000000000002,87130029b5443647ed1f1febd32ab768bf957a0a1698217eb3cf14b2d00c6ecf,42,fca8b19f037ce27949077ba13492e9c8eab89c1af363abc6a0536272ac68df8b,01a47f2abbed5b660218a0ab1ba5ed19d3a5bc82223f341c1fba80efed40ffa5
s06,s0603a,O0_4_sw2,8,0,0.0,0,0,0,0.0,0.0,0.0,8,0,0.0,0,0,0,0.0,0.0,0.0,31.913417000000013,17.986055000000004,0.5635891324329199,20.95200000000001,4,5.238000000000002,87130029b5443647ed1f1febd32ab768bf957a0a1698217eb3cf14b2d00c6ecf,42,fca8b19f037ce27949077ba13492e9c8eab89c1af363abc6a0536272ac68df8b,01a47f2abbed5b660218a0ab1ba5ed19d3a5bc82223f341c1fba80efed40ffa5
s06,s0603a,O0_4_sw4,9,1,0.1111111111111111,1,1,0,0.1111111111111111,0.1111111111111111,0.0,10,2,0.2,2,2,0,0.2,0.2,0.0,31.913417000000013,17.986055000000004,0.5635891324329199,20.95200000000001,5,4.190400000000002,87130029b5443647ed1f1febd32ab768bf957a0a1698217eb3cf14b2d00c6ecf,42,cc491548682c2fb787af72112b69788816bccad0c23def098290787839e30b56,c90b1813bec621f1dfaecfe4420ae805a5b51076a5faa7c92917583c55ff7d2f
s06,s0603a,O0_4_keep90,8,0,0.0,0,0,0,0.0,0.0,0.0,8,0,0.0,0,0,0,0.0,0.0,0.0,31.913417000000013,17.986055000000004,0.5635891324329199,20.95200000000001,4,5.238000000000002,87130029b5443647ed1f1febd32ab768bf957a0a1698217eb3cf14b2d00c6ecf,42,fca8b19f037ce27949077ba13492e9c8eab89c1af363abc6a0536272ac68df8b,01a47f2abbed5b660218a0ab1ba5ed19d3a5bc82223f341c1fba80efed40ffa5
s06,s0603a,O0_4_keep80,8,0,0.0,0,0,0,0.0,0.0,0.0,8,0,0.0,0,0,0,0.0,0.0,0.0,31.913417000000013,17.986055000000004,0.5635891324329199,20.95200000000001,4,5.238000000000002,87130029b5443647ed1f1febd32ab768bf957a0a1698217eb3cf14b2d00c6ecf,41,fca8b19f037ce27949077ba13492e9c8eab89c1af363abc6a0536272ac68df8b,01a47f2abbed5b660218a0ab1ba5ed19d3a5bc82223f341c1fba80efed40ffa5
s06,s0603a,O0_4_keep70,8,0,0.0,0,0,0,0.0,0.0,0.0,8,0,0.0,0,0,0,0.0,0.0,0.0,31.913417000000013,17.986055000000004,0.5635891324329199,20.95200000000001,4,5.238000000000002,87130029b5443647ed1f1febd32ab768bf957a0a1698217eb3cf14b2d00c6ecf,41,fca8b19f037ce27949077ba13492e9c8eab89c1af363abc6a0536272ac68df8b,01a47f2abbed5b660218a0ab1ba5ed19d3a5bc82223f341c1fba80efed40ffa5
s06,s0603a,O0_4_keep60,2,1,0.5,1,1,0,0.5,0.5,0.0,2,1,0.5,1,1,0,0.5,0.5,0.0,31.913417000000013,3.337016999999996,0.10456470393001147,3.9239999999999995,1,3.9239999999999995,87130029b5443647ed1f1febd32ab768bf957a0a1698217eb3cf14b2d00c6ecf,36,c1669e8a2ec14648677b8efaed6c4451e97b64e4a5946e951b80c60bee3becc3,330c5f21c08b3c90ed24fc33ba28273b2da8aae930f2b3e16b06de06c9b530f3
s06,s0603a,O0_4_keep50,2,1,0.5,1,1,0,0.5,0.5,0.0,2,1,0.5,1,1,0,0.5,0.5,0.0,31.913417000000013,3.337016999999996,0.10456470393001147,3.9239999999999995,1,3.9239999999999995,87130029b5443647ed1f1febd32ab768bf957a0a1698217eb3cf14b2d00c6ecf,24,c1669e8a2ec14648677b8efaed6c4451e97b64e4a5946e951b80c60bee3becc3,330c5f21c08b3c90ed24fc33ba28273b2da8aae930f2b3e16b06de06c9b530f3
s06,s0603a,O0_4_MARGIN_all_s0p5,8,0,0.0,0,0,0,0.0,0.0,0.0,8,0,0.0,0,0,0,0.0,0.0,0.0,31.913417000000013,17.986055000000004,0.5635891324329199,20.95200000000001,4,5.238000000000002,87130029b5443647ed1f1febd32ab768bf957a0a1698217eb3cf14b2d00c6ecf,42,fca8b19f037ce27949077ba13492e9c8eab89c1af363abc6a0536272ac68df8b,01a47f2abbed5b660218a0ab1ba5ed19d3a5bc82223f341c1fba80efed40ffa5
s06,s0603a,O0_4_MARGIN_all_s1,8,0,0.0,0,0,0,0.0,0.0,0.0,8,0,0.0,0,0,0,0.0,0.0,0.0,31.913417000000013,17.986055000000004,0.5635891324329199,20.95200000000001,4,5.238000000000002,87130029b5443647ed1f1febd32ab768bf957a0a1698217eb3cf14b2d00c6ecf,42,fca8b19f037ce27949077ba13492e9c8eab89c1af363abc6a0536272ac68df8b,01a47f2abbed5b660218a0ab1ba5ed19d3a5bc82223f341c1fba80efed40ffa5
s06,s0603a,O0_4_MARGIN_all_s2,8,0,0.0,0,0,0,0.0,0.0,0.0,8,0,0.0,0,0,0,0.0,0.0,0.0,31.913417000000013,17.422957,0.5459445787331388,20.11600000000001,4,5.029000000000003,87130029b5443647ed1f1febd32ab768bf957a0a1698217eb3cf14b2d00c6ecf,42,61ca19bf761e9227c60276f1585d8e445fa6ee02f0f9c2ebf545876c841504f8,e8ea4915cffc0e66431d715b2060ebdabb0d1b400ff53a46aa7a5bf91e652de1
s06,s0603a,O0_4_MARGIN_all_s4,8,0,0.0,0,0,0,0.0,0.0,0.0,8,0,0.0,0,0,0,0.0,0.0,0.0,31.913417000000013,17.422957,0.5459445787331388,20.11600000000001,4,5.029000000000003,87130029b5443647ed1f1febd32ab768bf957a0a1698217eb3cf14b2d00c6ecf,42,61ca19bf761e9227c60276f1585d8e445fa6ee02f0f9c2ebf545876c841504f8,e8ea4915cffc0e66431d715b2060ebdabb0d1b400ff53a46aa7a5bf91e652de1
s07,s0701a,O0_4,88,11,0.125,4,1,0,0.045454545454545456,0.011363636363636364,0.0,100,14,0.14,6,2,0,0.06,0.02,0.0,378.3523960000005,270.402795,0.7146850340020039,306.80800000000016,50,6.136160000000003,87130029b5443647ed1f1febd32ab768bf957a0a1698217eb3cf14b2d00c6ecf,257,81a190ffc422bdb7be09fb41925bc29993ec70921127ef75b51e9a75b6e13473,d2c04d6c7cb33aa7b3d741a44fefc73eea7ad5c92121f9c8d3a545f2eb96cbdf
s07,s0701a,O0_4_sw0p25,88,11,0.125,4,1,0,0.045454545454545456,0.011363636363636364,0.0,100,14,0.14,6,2,0,0.06,0.02,0.0,378.3523960000005,270.402795,0.7146850340020039,306.80800000000016,50,6.136160000000003,87130029b5443647ed1f1febd32ab768bf957a0a1698217eb3cf14b2d00c6ecf,257,81a190ffc422bdb7be09fb41925bc29993ec70921127ef75b51e9a75b6e13473,d2c04d6c7cb33aa7b3d741a44fefc73eea7ad5c92121f9c8d3a545f2eb96cbdf
s07,s0701a,O0_4_sw0p5,89,12,0.1348314606741573,4,1,0,0.0449438202247191,0.011235955056179775,0.0,102,15,0.14705882352941177,6,2,0,0.058823529411764705,0.0196078431372549,0.0,378.3523960000005,272.76180600000004,0.7209199912136929,309.45200000000017,51,6.067686274509807,87130029b5443647ed1f1febd32ab768bf957a0a1698217eb3cf14b2d00c6ecf,257,6c19f64ee340ec389a82006e4189121c10accf60b97bc57909ea53495264b465,0b1a84e70b294db38910b48a67dd387af9e70a1558b1fed6fc75173cc8e39c72
s07,s0701a,O0_4_sw1,92,11,0.11956521739130435,3,1,0,0.03260869565217391,0.010869565217391304,0.0,108,14,0.12962962962962962,5,2,0,0.046296296296296294,0.018518518518518517,0.0,378.3523960000005,274.79486800000006,0.7262934526255774,311.7520000000002,54,5.773185185185189,87130029b5443647ed1f1febd32ab768bf957a0a1698217eb3cf14b2d00c6ecf,257,c38573fd8c90c76785f29ca43b5ca7a519473797a1ede576a6c2eb9646972629,81c34a31c95f46a4a46fd752b7a52957f2db1317a1e310a514d751c831e5a54e
s07,s0701a,O0_4_sw2,95,13,0.1368421052631579,4,2,1,0.042105263157894736,0.021052631578947368,0.010526315789473684,114,18,0.15789473684210525,7,4,2,0.06140350877192982,0.03508771929824561,0.017543859649122806,378.3523960000005,276.2543330000001,0.7301508750059553,313.1680000000001,57,5.494175438596494,87130029b5443647ed1f1febd32ab768bf957a0a1698217eb3cf14b2d00c6ecf,257,3c9bec00711c5495e1f86b6b905262d122fd73e9993cdf604c30f32322bb3fcb,364e4695b820f506ffbd0f407a163597aa3970938c35e25969e806345f72ca2e
s07,s0701a,O0_4_sw4,101,15,0.1485148514851485,5,3,1,0.04950495049504951,0.0297029702970297,0.009900990099009901,124,21,0.1693548387096774,9,6,2,0.07258064516129033,0.04838709677419355,0.016129032258064516,378.3523960000005,277.55126000000007,0.7335787031727947,313.4680000000001,62,5.055935483870969,87130029b5443647ed1f1febd32ab768bf957a0a1698217eb3cf14b2d00c6ecf,257,aef954599e98d7174936a693110afee43a8b83e5a6b09001941c5cf136429da8,39424173addf93ec06bdb51f826a92b52a1dc7711799a83a0a35de5dd1a9c57d
s07,s0701a,O0_4_keep90,87,11,0.12643678160919541,4,1,0,0.04597701149425287,0.011494252873563218,0.0,98,14,0.14285714285714285,6,2,0,0.061224489795918366,0.02040816326530612,0.0,378.3523960000005,270.402795,0.7146850340020039,306.80800000000016,49,6.261387755102044,87130029b5443647ed1f1febd32ab768bf957a0a1698217eb3cf14b2d00c6ecf,255,4216ed6ee33b4386a6002d86f396481372e19426650f02a16aacb6287663325b,37fe697336dfee572c22f7e16a8746df3f4c47f34d941523e4962839160b5413
s07,s0701a,O0_4_keep80,85,12,0.1411764705882353,4,1,0,0.047058823529411764,0.011764705882352941,0.0,94,15,0.1595744680851064,6,2,0,0.06382978723404255,0.02127659574468085,0.0,378.3523960000005,263.3110980000002,0.6959414048484044,298.38000000000017,47,6.348510638297876,87130029b5443647ed1f1febd32ab768bf957a0a1698217eb3cf14b2d00c6ecf,245,a36e4789a696ecc6ec7f2b3a1c14b093a1b1c0c6218818aedfc7fa0c3feeb66c,fb20886ec2e394dee9b65fedef96f24a1217bd103867d4aa7c4953144e7cf059
s07,s0701a,O0_4_keep70,84,12,0.14285714285714285,4,2,0,0.047619047619047616,0.023809523809523808,0.0,90,15,0.16666666666666666,6,3,0,0.06666666666666667,0.03333333333333333,0.0,378.3523960000005,244.56997400000012,0.6464078900665923,277.52800000000025,45,6.167288888888894,87130029b5443647ed1f1febd32ab768bf957a0a1698217eb3cf14b2d00c6ecf,233,b8f1006cc1b42785d6a220df8a40f1c5bf5bc74e8c7856f315fae1bdf2ec1b8c,032b9d331ebf4ce4ce75aebd7698c895bc6ffd7d167fcbefe613937984ac29c9
s07,s0701a,O0_4_keep60,75,14,0.18666666666666668,6,4,1,0.08,0.05333333333333334,0.013333333333333334,78,16,0.20512820512820512,7,4,1,0.08974358974358974,0.05128205128205128,0.01282051282051282,378.3523960000005,199.08213,0.5261817609845393,223.59200000000016,39,5.733128205128209,87130029b5443647ed1f1febd32ab768bf957a0a1698217eb3cf14b2d00c6ecf,200,3126fe9704083538e0d69a14eaa241984ba2d4fb14780be3d5521abbb40038e2,a91bc94cd7ed227c5c35edb3b15622eb93178498396428db8799267cd78accfb
s07,s0701a,O0_4_keep50,53,12,0.22641509433962265,6,4,1,0.11320754716981132,0.07547169811320754,0.018867924528301886,54,13,0.24074074074074073,7,4,1,0.12962962962962962,0.07407407407407407,0.018518518518518517,378.3523960000005,147.73820300000017,0.3904777782879429,166.1680000000002,27,6.154370370370378,87130029b5443647ed1f1febd32ab768bf957a0a1698217eb3cf14b2d00c6ecf,154,9c3a192ec703bed8f06e0ccfe9b33b1b076aa5e77fb12983e5a7c444885209c6,500b0e5499778b15b4c6e67da34ba410af882d18330a4ed347aea0823854d923
s07,s0701a,O0_4_MARGIN_all_s0p5,88,11,0.125,4,1,0,0.045454545454545456,0.011363636363636364,0.0,100,14,0.14,6,2,0,0.06,0.02,0.0,378.3523960000005,270.402795,0.7146850340020039,306.80800000000016,50,6.136160000000003,87130029b5443647ed1f1febd32ab768bf957a0a1698217eb3cf14b2d00c6ecf,257,81a190ffc422bdb7be09fb41925bc29993ec70921127ef75b51e9a75b6e13473,d2c04d6c7cb33aa7b3d741a44fefc73eea7ad5c92121f9c8d3a545f2eb96cbdf
s07,s0701a,O0_4_MARGIN_all_s1,88,11,0.125,4,1,0,0.045454545454545456,0.011363636363636364,0.0,100,14,0.14,6,2,0,0.06,0.02,0.0,378.3523960000005,269.944582,0.7134739593402751,306.1480000000002,50,6.1229600000000035,87130029b5443647ed1f1febd32ab768bf957a0a1698217eb3cf14b2d00c6ecf,257,54fbcdc725aa7e48ad5207f2100011b3e90c5748e0f13d7fc1c4d3894cb415ea,694278ae5f06b7455b2d299a035b03ba329cf0e29d7fe5cd3e7acf0672eb7ab6
s07,s0701a,O0_4_MARGIN_all_s2,89,10,0.11235955056179775,4,1,0,0.0449438202247191,0.011235955056179775,0.0,102,12,0.11764705882352941,6,2,0,0.058823529411764705,0.0196078431372549,0.0,378.3523960000005,267.228156,0.7062943404751153,302.3080000000001,51,5.927607843137257,87130029b5443647ed1f1febd32ab768bf957a0a1698217eb3cf14b2d00c6ecf,257,2b21606d7f67d6360b8e13e74eddf13fe498a472587b1b2eb2ccbb9c8e0b686b,2a71b6124a4a3e6568b2a93e8ed5ab1ccd9a4bfeb9a5e7f5d69b540404c51cba
s07,s0701a,O0_4_MARGIN_all_s4,91,10,0.10989010989010989,4,1,0,0.04395604395604396,0.01098901098901099,0.0,106,13,0.12264150943396226,6,2,0,0.05660377358490566,0.018867924528301886,0.0,378.3523960000005,264.191324,0.6982678761733008,298.2640000000001,53,5.627622641509436,87130029b5443647ed1f1febd32ab768bf957a0a1698217eb3cf14b2d00c6ecf,257,801138e825d919bc581987532e5ccc2682da3b965377441b6e0a5fa99bcf747a,a0db2f7c4dd6a8e6f944423267dca5bd046055bd02af99a579f9619442c6e840
s07,s0701b,O0_4,84,3,0.03571428571428571,3,1,0,0.03571428571428571,0.011904761904761904,0.0,98,4,0.04081632653061224,4,2,0,0.04081632653061224,0.02040816326530612,0.0,342.0425969999997,271.9726199999999,0.7951425418513008,310.2919999999999,49,6.332489795918366,87130029b5443647ed1f1febd32ab768bf957a0a1698217eb3cf14b2d00c6ecf,224,e2e1769fea33bb8da84f0e2e0eb8ea4922e66154668d0d6897d39bd50c27a0fe,ceceedc8e577b353aa21e9f0962d2ce084b80726034a72532b167094b43e0a9b
s07,s0701b,O0_4_sw0p25,84,3,0.03571428571428571,3,1,0,0.03571428571428571,0.011904761904761904,0.0,98,4,0.04081632653061224,4,2,0,0.04081632653061224,0.02040816326530612,0.0,342.0425969999997,271.9726199999999,0.7951425418513008,310.2919999999999,49,6.332489795918366,87130029b5443647ed1f1febd32ab768bf957a0a1698217eb3cf14b2d00c6ecf,224,e2e1769fea33bb8da84f0e2e0eb8ea4922e66154668d0d6897d39bd50c27a0fe,ceceedc8e577b353aa21e9f0962d2ce084b80726034a72532b167094b43e0a9b
s07,s0701b,O0_4_sw0p5,84,3,0.03571428571428571,3,1,0,0.03571428571428571,0.011904761904761904,0.0,98,4,0.04081632653061224,4,2,0,0.04081632653061224,0.02040816326530612,0.0,342.0425969999997,271.9726199999999,0.7951425418513008,310.2919999999999,49,6.332489795918366,87130029b5443647ed1f1febd32ab768bf957a0a1698217eb3cf14b2d00c6ecf,224,e2e1769fea33bb8da84f0e2e0eb8ea4922e66154668d0d6897d39bd50c27a0fe,ceceedc8e577b353aa21e9f0962d2ce084b80726034a72532b167094b43e0a9b
s07,s0701b,O0_4_sw1,85,3,0.03529411764705882,3,1,0,0.03529411764705882,0.011764705882352941,0.0,102,4,0.0392156862745098,4,2,0,0.0392156862745098,0.0196078431372549,0.0,342.0425969999997,272.5826199999999,0.7969259454546831,311.3399999999999,51,6.104705882352939,87130029b5443647ed1f1febd32ab768bf957a0a1698217eb3cf14b2d00c6ecf,224,39e05889e9a966eaf6ee1ea948a95905d833c9b5c7518cc338511a5a72a3ba74,1d8a1feb5738a30532a132a8342948b9bc4b318fb279a0bbd26d0ce352b9fa35
s07,s0701b,O0_4_sw2,85,3,0.03529411764705882,3,1,0,0.03529411764705882,0.011764705882352941,0.0,102,4,0.0392156862745098,4,2,0,0.0392156862745098,0.0196078431372549,0.0,342.0425969999997,272.5826199999999,0.7969259454546831,311.3399999999999,51,6.104705882352939,87130029b5443647ed1f1febd32ab768bf957a0a1698217eb3cf14b2d00c6ecf,224,39e05889e9a966eaf6ee1ea948a95905d833c9b5c7518cc338511a5a72a3ba74,1d8a1feb5738a30532a132a8342948b9bc4b318fb279a0bbd26d0ce352b9fa35
s07,s0701b,O0_4_sw4,89,3,0.033707865168539325,2,0,0,0.02247191011235955,0.0,0.0,110,4,0.03636363636363636,2,0,0,0.01818181818181818,0.0,0.0,342.0425969999997,272.5826199999999,0.7969259454546831,311.3399999999999,55,5.6607272727272715,87130029b5443647ed1f1febd32ab768bf957a0a1698217eb3cf14b2d00c6ecf,224,49c4b501ff954ed0007aa75fd52f02de546946841723cb76ead45e1b8fa24bc0,b66c0801f862c29d068f7e4f9477ee246d75e307d50c979f8c5e13c380baee02
s07,s0701b,O0_4_keep90,84,3,0.03571428571428571,3,1,0,0.03571428571428571,0.011904761904761904,0.0,98,4,0.04081632653061224,4,2,0,0.04081632653061224,0.02040816326530612,0.0,342.0425969999997,271.9726199999999,0.7951425418513008,310.2919999999999,49,6.332489795918366,87130029b5443647ed1f1febd32ab768bf957a0a1698217eb3cf14b2d00c6ecf,223,e2e1769fea33bb8da84f0e2e0eb8ea4922e66154668d0d6897d39bd50c27a0fe,ceceedc8e577b353aa21e9f0962d2ce084b80726034a72532b167094b43e0a9b
s07,s0701b,O0_4_keep80,81,3,0.037037037037037035,3,1,0,0.037037037037037035,0.012345679012345678,0.0,90,4,0.044444444444444446,4,2,0,0.044444444444444446,0.022222222222222223,0.0,342.0425969999997,251.66022199999995,0.7357569618733779,287.25199999999984,45,6.383377777777774,87130029b5443647ed1f1febd32ab768bf957a0a1698217eb3cf14b2d00c6ecf,212,d3ca0814ff32af9193e5cda838b328fb400d5b289aace38ecbe0ece7de3d016d,3e0cad08a6565e8109ee850079fab710eacb724c517a7b6313dd7fc501b3805c
s07,s0701b,O0_4_keep70,81,3,0.037037037037037035,2,0,0,0.024691358024691357,0.0,0.0,88,3,0.03409090909090909,2,0,0,0.022727272727272728,0.0,0.0,342.0425969999997,246.57527699999994,0.7208905532897709,280.9519999999998,44,6.385272727272723,87130029b5443647ed1f1febd32ab768bf957a0a1698217eb3cf14b2d00c6ecf,200,99ac06d4bd29f408aad15f028ed3d91434a46764056ce7479a07455269059b95,a7b1cd0a13a0dff0fbe3bdf23cd8341e47f881dd1bc09ccda4d8e91ecac6f7be
s07,s0701b,O0_4_keep60,75,5,0.06666666666666667,3,0,0,0.04,0.0,0.0,82,6,0.07317073170731707,4,0,0,0.04878048780487805,0.0,0.0,342.0425969999997,231.33041199999982,0.6763204759552215,264.26799999999986,41,6.4455609756097525,87130029b5443647ed1f1febd32ab768bf957a0a1698217eb3cf14b2d00c6ecf,181,e863c15db581e5af40cfe58bc1d75428bfb92514cd215b3fe63ed572ce18a75b,e57afb4a95e012b48ff483feb544b2d21a97efedc8e7a55a735056172bf80a75
s07,s0701b,O0_4_keep50,47,4,0.0851063829787234,2,0,0,0.0425531914893617,0.0,0.0,52,5,0.09615384615384616,3,0,0,0.057692307692307696,0.0,0.0,342.0425969999997,159.9515779999998,0.4676364271669939,186.31200000000007,26,7.165846153846156,87130029b5443647ed1f1febd32ab768bf957a0a1698217eb3cf14b2d00c6ecf,128,6adc828bc89f477056a8c3338a76d8376afdfe97c1082107e6bc9f0ddc6ec913,706de61acd73c8c298b30772a15d5d8b41dbc63628d67a99d27371f6a94b891d
s07,s0701b,O0_4_MARGIN_all_s0p5,84,3,0.03571428571428571,3,1,0,0.03571428571428571,0.011904761904761904,0.0,98,4,0.04081632653061224,4,2,0,0.04081632653061224,0.02040816326530612,0.0,342.0425969999997,271.9726199999999,0.7951425418513008,310.2919999999999,49,6.332489795918366,87130029b5443647ed1f1febd32ab768bf957a0a1698217eb3cf14b2d00c6ecf,224,e2e1769fea33bb8da84f0e2e0eb8ea4922e66154668d0d6897d39bd50c27a0fe,ceceedc8e577b353aa21e9f0962d2ce084b80726034a72532b167094b43e0a9b
s07,s0701b,O0_4_MARGIN_all_s1,84,3,0.03571428571428571,3,1,0,0.03571428571428571,0.011904761904761904,0.0,98,4,0.04081632653061224,4,2,0,0.04081632653061224,0.02040816326530612,0.0,342.0425969999997,271.03302799999994,0.7923955389684992,308.9319999999999,49,6.304734693877549,87130029b5443647ed1f1febd32ab768bf957a0a1698217eb3cf14b2d00c6ecf,224,4f3cc4bd8288272b7c0d644fbb85335768eb6d1cc6e3d5fc6f3b4739bf2c09c1,a278983d86784771d80b92080bf8505522f4ee8f1049717850b848e67d6f69c1
s07,s0701b,O0_4_MARGIN_all_s2,83,3,0.03614457831325301,3,1,0,0.03614457831325301,0.012048192771084338,0.0,98,4,0.04081632653061224,4,2,0,0.04081632653061224,0.02040816326530612,0.0,342.0425969999997,270.2740869999999,0.7901766896010327,308.2759999999999,49,6.291346938775508,87130029b5443647ed1f1febd32ab768bf957a0a1698217eb3cf14b2d00c6ecf,224,72b6204922b85d15dd3d384aeda980f835ab94d8690b3b0d6f65e5fdaa4ebe17,0402ef982d47a1c09c9c768a04155409d7ec394c085954146818cb026a623140
s07,s0701b,O0_4_MARGIN_all_s4,85,2,0.023529411764705882,2,0,0,0.023529411764705882,0.0,0.0,102,2,0.0196078431372549,2,0,0,0.0196078431372549,0.0,0.0,342.0425969999997,268.34484499999996,0.7845363336426784,305.90399999999994,51,5.998117647058822,87130029b5443647ed1f1febd32ab768bf957a0a1698217eb3cf14b2d00c6ecf,224,bf40fc045d61eb61683e0c3136f3d709af5dd71be1b4c75384ae17e2509a7fe1,712f8342f6c7329fd7606f69b5dc47facab2c560184c41ae13517b5b83423193
s07,s0702a,O0_4,97,14,0.14432989690721648,9,5,1,0.09278350515463918,0.05154639175257732,0.010309278350515464,114,18,0.15789473684210525,12,8,2,0.10526315789473684,0.07017543859649122,0.017543859649122806,397.1939759999996,322.8979769999999,0.812947820235824,364.776,57,6.399578947368421,87130029b5443647ed1f1febd32ab768bf957a0a1698217eb3cf14b2d00c6ecf,265,41626da9710b67f5a735514bb39031299150ab6ccbc59e752258358193886169,13e75cb3313dfea1267b8fc3171efc5b5ebd2fa8df9f7d4c27fad69dd77aa036
s07,s0702a,O0_4_sw0p25,97,13,0.13402061855670103,8,4,0,0.08247422680412371,0.041237113402061855,0.0,114,16,0.14035087719298245,10,6,0,0.08771929824561403,0.05263157894736842,0.0,397.1939759999996,322.8979769999999,0.812947820235824,364.776,57,6.399578947368421,87130029b5443647ed1f1febd32ab768bf957a0a1698217eb3cf14b2d00c6ecf,265,dd5506f3ece5738acef17c8841144f437476630b933997e9d4ae84478f1657df,e6ad2f440f037e228d1c8cb7a40f46a803658332e5731d04980a687e1c562d5a
s07,s0702a,O0_4_sw0p5,98,14,0.14285714285714285,9,4,0,0.09183673469387756,0.04081632653061224,0.0,116,18,0.15517241379310345,12,6,0,0.10344827586206896,0.05172413793103448,0.0,397.1939759999996,322.8979769999999,0.812947820235824,364.776,58,6.289241379310345,87130029b5443647ed1f1febd32ab768bf957a0a1698217eb3cf14b2d00c6ecf,265,c6a604b027300711983c02ed65f21bbd1dea0626e58eaceb913e582c8e23b770,91c33c3ce025630f468fd46fd9a4a86866e89b60cfa7eda34f4298e64f474f5a
s07,s0702a,O0_4_sw1,98,14,0.14285714285714285,9,4,0,0.09183673469387756,0.04081632653061224,0.0,116,18,0.15517241379310345,12,6,0,0.10344827586206896,0.05172413793103448,0.0,397.1939759999996,322.8979769999999,0.812947820235824,364.776,58,6.289241379310345,87130029b5443647ed1f1febd32ab768bf957a0a1698217eb3cf14b2d00c6ecf,265,c6a604b027300711983c02ed65f21bbd1dea0626e58eaceb913e582c8e23b770,91c33c3ce025630f468fd46fd9a4a86866e89b60cfa7eda34f4298e64f474f5a
s07,s0702a,O0_4_sw2,100,14,0.14,9,4,0,0.09,0.04,0.0,120,18,0.15,12,6,0,0.1,0.05,0.0,397.1939759999996,325.3260669999999,0.8190609290610193,367.776,60,6.1296,87130029b5443647ed1f1febd32ab768bf957a0a1698217eb3cf14b2d00c6ecf,265,597f4b2f669703b8c80c5843e30dbe2f94c585ac3beaf29164c9200626a6ebe4,e2634dc8f2447bd7fdb9f5d0c27370a79e74b10140c9ea8b413b0e334a25c8f2
s07,s0702a,O0_4_sw4,107,20,0.18691588785046728,13,6,0,0.12149532710280374,0.056074766355140186,0.0,134,28,0.208955223880597,19,10,0,0.1417910447761194,0.07462686567164178,0.0,397.1939759999996,325.85031599999985,0.820380810609273,368.44000000000005,67,5.499104477611941,87130029b5443647ed1f1febd32ab768bf957a0a1698217eb3cf14b2d00c6ecf,265,734b8307f52e5c1400c828f3ede2628ae888007ece6f563ff59319d1d4392404,6b4952c577d45ff08f88ebcbd26819620f0f00eb3af040bc07fdb9d165c16e7a
s07,s0702a,O0_4_keep90,97,14,0.14432989690721648,9,5,1,0.09278350515463918,0.05154639175257732,0.010309278350515464,114,18,0.15789473684210525,12,8,2,0.10526315789473684,0.07017543859649122,0.017543859649122806,397.1939759999996,322.8979769999999,0.812947820235824,364.776,57,6.399578947368421,87130029b5443647ed1f1febd32ab768bf957a0a1698217eb3cf14b2d00c6ecf,263,41626da9710b67f5a735514bb39031299150ab6ccbc59e752258358193886169,13e75cb3313dfea1267b8fc3171efc5b5ebd2fa8df9f7d4c27fad69dd77aa036
s07,s0702a,O0_4_keep80,93,14,0.15053763440860216,10,5,1,0.10752688172043011,0.053763440860215055,0.010752688172043012,110,19,0.17272727272727273,14,8,2,0.12727272727272726,0.07272727272727272,0.01818181818181818,397.1939759999996,308.76021799999995,0.777353728043449,348.42800000000005,55,6.335054545454547,87130029b5443647ed1f1febd32ab768bf957a0a1698217eb3cf14b2d00c6ecf,250,a1ae51ef3ea8f8e24076d2b1a86ba7b756fbaa964be9e22f131a7a47388df152,6fd9b2ed019380287417afada54657d446df4b5b795e847d63ab8ad80a02323a
s07,s0702a,O0_4_keep70,90,13,0.14444444444444443,10,5,1,0.1111111111111111,0.05555555555555555,0.011111111111111112,106,17,0.16037735849056603,14,7,2,0.1320754716981132,0.0660377358490566,0.018867924528301886,397.1939759999996,298.70536899999985,0.752039021357162,337.4880000000001,53,6.367698113207549,87130029b5443647ed1f1febd32ab768bf957a0a1698217eb3cf14b2d00c6ecf,235,40f5d65233024480e49c4c6f298d387579e7f5449228b8f65a39a5f404051bb0,72b522d5933b144845975cea10534f88b7cc39a34a3826fc5cd8695b5f197b47
s07,s0702a,O0_4_keep60,74,12,0.16216216216216217,8,5,1,0.10810810810810811,0.06756756756756757,0.013513513513513514,86,14,0.16279069767441862,10,6,2,0.11627906976744186,0.06976744186046512,0.023255813953488372,397.1939759999996,263.8601629999999,0.6643105861202692,298.324,43,6.937767441860466,87130029b5443647ed1f1febd32ab768bf957a0a1698217eb3cf14b2d00c6ecf,211,dda9ecced46a47820e9ab3713b287aafc4462f5e84038852b27d11d5257b5c55,4c0712e0382394580357acee26f9c673962a51949965324658da2218a9865f52
s07,s0702a,O0_4_keep50,52,11,0.21153846153846154,8,5,1,0.15384615384615385,0.09615384615384616,0.019230769230769232,58,13,0.22413793103448276,10,6,2,0.1724137931034483,0.10344827586206896,0.034482758620689655,397.1939759999996,191.50948899999992,0.4821560763046419,212.70400000000004,29,7.334620689655174,87130029b5443647ed1f1febd32ab768bf957a0a1698217eb3cf14b2d00c6ecf,148,ac28bee73fb5e4e7a8609721677331e5cf63d540102735ea595bb5340bcedd38,fc31fe58438baf30de55fdec0c7ad3d12d60f63666f7e1970c3638fa40b23554
s07,s0702a,O0_4_MARGIN_all_s0p5,97,13,0.13402061855670103,8,4,0,0.08247422680412371,0.041237113402061855,0.0,114,16,0.14035087719298245,10,6,0,0.08771929824561403,0.05263157894736842,0.0,397.1939759999996,322.8979769999999,0.812947820235824,364.776,57,6.399578947368421,87130029b5443647ed1f1febd32ab768bf957a0a1698217eb3cf14b2d00c6ecf,265,dd5506f3ece5738acef17c8841144f437476630b933997e9d4ae84478f1657df,e6ad2f440f037e228d1c8cb7a40f46a803658332e5731d04980a687e1c562d5a
s07,s0702a,O0_4_MARGIN_all_s1,97,13,0.13402061855670103,8,3,0,0.08247422680412371,0.030927835051546393,0.0,114,16,0.14035087719298245,10,4,0,0.08771929824561403,0.03508771929824561,0.0,397.1939759999996,322.8979769999999,0.812947820235824,364.776,57,6.399578947368421,87130029b5443647ed1f1febd32ab768bf957a0a1698217eb3cf14b2d00c6ecf,265,d382270db786d621fe118a7b176d35914209d7b1a4ecd81ac3c47883fed205bf,00990d21f5ce77b04fc61cc6f8ee11c228dfddf69b71ef3800ca1b2bc106075a
s07,s0702a,O0_4_MARGIN_all_s2,97,13,0.13402061855670103,8,3,0,0.08247422680412371,0.030927835051546393,0.0,114,16,0.14035087719298245,10,4,0,0.08771929824561403,0.03508771929824561,0.0,397.1939759999996,322.10199099999994,0.8109437968918246,363.652,57,6.379859649122807,87130029b5443647ed1f1febd32ab768bf957a0a1698217eb3cf14b2d00c6ecf,265,dc9aab0d5a454580fe6ed2123dad6037b7271c53e385b250d9764e9df3e551d1,7d48a9152ac74bafeb7e065f266b234c71d6bba8120eec81cb57cac2e9194bfb
s07,s0702a,O0_4_MARGIN_all_s4,98,13,0.1326530612244898,9,3,0,0.09183673469387756,0.030612244897959183,0.0,116,15,0.12931034482758622,11,3,0,0.09482758620689655,0.02586206896551724,0.0,397.1939759999996,318.130193,0.8009441537955256,359.368,58,6.196,87130029b5443647ed1f1febd32ab768bf957a0a1698217eb3cf14b2d00c6ecf,265,54452ecb14167eb8e8326804c7833e1ed94c6eb6f45a27427cae78f123686585,6a9672bec1874238de6c24f470363aa680dc58f40752f2fa488b8e4c78154c6d
s07,s0702b,O0_4,92,8,0.08695652173913043,3,0,0,0.03260869565217391,0.0,0.0,108,11,0.10185185185185185,4,0,0,0.037037037037037035,0.0,0.0,356.5397469999999,294.9625860000001,0.8272922962499331,334.3559999999999,54,6.191777777777776,87130029b5443647ed1f1febd32ab768bf957a0a1698217eb3cf14b2d00c6ecf,234,538298fd2a7a01264c34e91631980aec118e80668168be3a94fdb8d68b01e4ca,105b488ade613dc004eb2d3bdbf8293bbc7cc45d364c93f2eee14c7edcd96d78
s07,s0702b,O0_4_sw0p25,92,8,0.08695652173913043,3,0,0,0.03260869565217391,0.0,0.0,108,11,0.10185185185185185,4,0,0,0.037037037037037035,0.0,0.0,356.5397469999999,294.9625860000001,0.8272922962499331,334.3559999999999,54,6.191777777777776,87130029b5443647ed1f1febd32ab768bf957a0a1698217eb3cf14b2d00c6ecf,234,538298fd2a7a01264c34e91631980aec118e80668168be3a94fdb8d68b01e4ca,105b488ade613dc004eb2d3bdbf8293bbc7cc45d364c93f2eee14c7edcd96d78
s07,s0702b,O0_4_sw0p5,93,8,0.08602150537634409,3,0,0,0.03225806451612903,0.0,0.0,110,11,0.1,4,0,0,0.03636363636363636,0.0,0.0,356.5397469999999,297.4853780000001,0.8343680627562686,337.08399999999983,55,6.128799999999997,87130029b5443647ed1f1febd32ab768bf957a0a1698217eb3cf14b2d00c6ecf,234,23f458fc77f01155e707329e02bff99119ddb72153123ee9fbc63ec85f1bf9a3,4c3bfaab7b2e4aa9194607f9593fa584dc8f076a3854d9654dc263d5ce18ddf9
s07,s0702b,O0_4_sw1,93,8,0.08602150537634409,3,0,0,0.03225806451612903,0.0,0.0,110,11,0.1,4,0,0,0.03636363636363636,0.0,0.0,356.5397469999999,297.4853780000001,0.8343680627562686,337.08399999999983,55,6.128799999999997,87130029b5443647ed1f1febd32ab768bf957a0a1698217eb3cf14b2d00c6ecf,234,23f458fc77f01155e707329e02bff99119ddb72153123ee9fbc63ec85f1bf9a3,4c3bfaab7b2e4aa9194607f9593fa584dc8f076a3854d9654dc263d5ce18ddf9
s07,s0702b,O0_4_sw2,95,8,0.08421052631578947,3,0,0,0.031578947368421054,0.0,0.0,116,11,0.09482758620689655,4,0,0,0.034482758620689655,0.0,0.0,356.5397469999999,299.8867220000001,0.8411031996384968,339.9399999999998,58,5.861034482758618,87130029b5443647ed1f1febd32ab768bf957a0a1698217eb3cf14b2d00c6ecf,234,b88bc84de71e086222dc62250518f71c770c9b9f9b9d237a2d9e64afba9abf78,dfd59aa37ea65a1daf1448566a776943e1f8466a96fcaf633e298cbbd8ffdcc3
s07,s0702b,O0_4_sw4,101,9,0.0891089108910891,3,0,0,0.0297029702970297,0.0,0.0,128,13,0.1015625,4,0,0,0.03125,0.0,0.0,356.5397469999999,301.1950760000001,0.8447727877026854,341.8639999999998,64,5.341624999999997,87130029b5443647ed1f1febd32ab768bf957a0a1698217eb3cf14b2d00c6ecf,234,b99bbdf6fc47430dce2a5eac08c120c32e6bd506c6849f42150f7a6706103725,6cbc30ad6e665deeb6fe8c7ec1a9feab12c9ed2cd6f5cdb0ddaa9e9db7b6b33a
s07,s0702b,O0_4_keep90,92,8,0.08695652173913043,3,0,0,0.03260869565217391,0.0,0.0,108,11,0.10185185185185185,4,0,0,0.037037037037037035,0.0,0.0,356.5397469999999,294.9625860000001,0.8272922962499331,334.3559999999999,54,6.191777777777776,87130029b5443647ed1f1febd32ab768bf957a0a1698217eb3cf14b2d00c6ecf,234,538298fd2a7a01264c34e91631980aec118e80668168be3a94fdb8d68b01e4ca,105b488ade613dc004eb2d3bdbf8293bbc7cc45d364c93f2eee14c7edcd96d78
s07,s0702b,O0_4_keep80,91,7,0.07692307692307693,3,0,0,0.03296703296703297,0.0,0.0,106,9,0.08490566037735849,4,0,0,0.03773584905660377,0.0,0.0,356.5397469999999,290.7732800000001,0.8155423972968718,329.6199999999999,53,6.219245283018866,87130029b5443647ed1f1febd32ab768bf957a0a1698217eb3cf14b2d00c6ecf,222,de78dfb76a8012ef3e4190d7c979d35933defcbf4411a80e425708797f85a9db,c9c120cf0decf8bc0ac8df93c28e847abaf07a54b907df1a4c0a1f1c809e7422
s07,s0702b,O0_4_keep70,86,8,0.09302325581395349,3,0,0,0.03488372093023256,0.0,0.0,98,10,0.10204081632653061,4,0,0,0.04081632653061224,0.0,0.0,356.5397469999999,265.7910690000002,0.7454738812051726,301.6799999999999,49,6.1567346938775485,87130029b5443647ed1f1febd32ab768bf957a0a1698217eb3cf14b2d00c6ecf,206,c08b452428e07570c3ac61078e03566968bf3ab399b2a9668cdb809595e71d5e,e5d92754b1e7ff2848423c540328df55231160518f15a0a394510442a3285042
s07,s0702b,O0_4_keep60,73,7,0.0958904109589041,2,0,0,0.0273972602739726,0.0,0.0,80,8,0.1,2,0,0,0.025,0.0,0.0,356.5397469999999,221.8575420000002,0.622251919643619,251.832,40,6.2958,87130029b5443647ed1f1febd32ab768bf957a0a1698217eb3cf14b2d00c6ecf,185,923e690f29d97bf5e1ba05ab62914ccc333f36830f3bc23a146e883631bd0a87,d8a5add1fa84a13d8a02e108e7f3464f34a1accfed7e163c66b1236aeddaedb0
s07,s0702b,O0_4_keep50,47,3,0.06382978723404255,0,0,0,0.0,0.0,0.0,50,3,0.06,0,0,0,0.0,0.0,0.0,356.5397469999999,163.28454500000018,0.4579701039615093,186.288,25,7.45152,87130029b5443647ed1f1febd32ab768bf957a0a1698217eb3cf14b2d00c6ecf,132,3e22f8a8a265953e6c5175d92b0f9460836100ba43bf03dfebc6be0fdfbb67e7,54890ae040781c30a1cfdc1027f4d9c079dc7754df06226f58b7375d959ff173
s07,s0702b,O0_4_MARGIN_all_s0p5,91,8,0.08791208791208792,3,0,0,0.03296703296703297,0.0,0.0,108,11,0.10185185185185185,4,0,0,0.037037037037037035,0.0,0.0,356.5397469999999,294.7005730000001,0.8265574188563054,333.8719999999999,54,6.1828148148148125,87130029b5443647ed1f1febd32ab768bf957a0a1698217eb3cf14b2d00c6ecf,234,f638141fe235f8da05f85acc0e9bd34cb276fc09fafe3b6cc77ce68e8e5394be,ac9ad754a7b498804ef43a158ccce28f8f481a48a0f275136f13e91496ad716e
s07,s0702b,O0_4_MARGIN_all_s1,92,8,0.08695652173913043,3,0,0,0.03260869565217391,0.0,0.0,110,11,0.1,4,0,0,0.03636363636363636,0.0,0.0,356.5397469999999,297.22336500000006,0.833633185362641,336.59999999999985,55,6.119999999999997,87130029b5443647ed1f1febd32ab768bf957a0a1698217eb3cf14b2d00c6ecf,234,42b7c2a13756d85231dfc627839d65b055307b1b4016ab246f7abdf11ce72322,6ffe34f2b48f982309e258f9fadfd6500f58df4ed788c9ec5d9af3172024654f
s07,s0702b,O0_4_MARGIN_all_s2,93,7,0.07526881720430108,3,0,0,0.03225806451612903,0.0,0.0,110,9,0.08181818181818182,4,0,0,0.03636363636363636,0.0,0.0,356.5397469999999,295.3379760000001,0.8283451662403298,334.01599999999985,55,6.073018181818179,87130029b5443647ed1f1febd32ab768bf957a0a1698217eb3cf14b2d00c6ecf,234,f817cbf218ab6955aee0a361f8c93deac8ad07ce31c1eb505856fac20c74537d,59d92d5da5d72c46596d9f4989fe2365355ad9cc44660ee60504ebef31821607
s07,s0702b,O0_4_MARGIN_all_s4,95,7,0.07368421052631578,3,0,0,0.031578947368421054,0.0,0.0,112,9,0.08035714285714286,4,0,0,0.03571428571428571,0.0,0.0,356.5397469999999,292.71918100000005,0.8210001366271237,330.83999999999986,56,5.90785714285714,87130029b5443647ed1f1febd32ab768bf957a0a1698217eb3cf14b2d00c6ecf,234,d1d779518b443bbea276ecd89ec7dd1967fda46f97bf93a49618e263af8e5fdd,820582a05c02d0be6471a5fb0eab2d4602fbd58cadf0b6e37f69b089e5bf1d6b
s07,s0703a,O0_4,70,8,0.11428571428571428,5,3,0,0.07142857142857142,0.04285714285714286,0.0,76,9,0.11842105263157894,5,3,0,0.06578947368421052,0.039473684210526314,0.0,280.4691349999997,220.55200999999977,0.7863682041162925,247.97600000000003,38,6.525684210526316,87130029b5443647ed1f1febd32ab768bf957a0a1698217eb3cf14b2d00c6ecf,188,5619ed3d348887021a0039a07eecae67cd8e3709e4d41393700e94a5ec992eaa,3ee9e0756280db27704bd581e3b3664958b7425cddea579fef10083ee3afb807
s07,s0703a,O0_4_sw0p25,70,8,0.11428571428571428,5,3,0,0.07142857142857142,0.04285714285714286,0.0,76,9,0.11842105263157894,5,3,0,0.06578947368421052,0.039473684210526314,0.0,280.4691349999997,220.55200999999977,0.7863682041162925,247.97600000000003,38,6.525684210526316,87130029b5443647ed1f1febd32ab768bf957a0a1698217eb3cf14b2d00c6ecf,188,5619ed3d348887021a0039a07eecae67cd8e3709e4d41393700e94a5ec992eaa,3ee9e0756280db27704bd581e3b3664958b7425cddea579fef10083ee3afb807
s07,s0703a,O0_4_sw0p5,70,8,0.11428571428571428,5,3,0,0.07142857142857142,0.04285714285714286,0.0,76,9,0.11842105263157894,5,3,0,0.06578947368421052,0.039473684210526314,0.0,280.4691349999997,220.55200999999977,0.7863682041162925,247.97600000000003,38,6.525684210526316,87130029b5443647ed1f1febd32ab768bf957a0a1698217eb3cf14b2d00c6ecf,188,5619ed3d348887021a0039a07eecae67cd8e3709e4d41393700e94a5ec992eaa,3ee9e0756280db27704bd581e3b3664958b7425cddea579fef10083ee3afb807
s07,s0703a,O0_4_sw1,71,8,0.11267605633802817,5,3,0,0.07042253521126761,0.04225352112676056,0.0,78,9,0.11538461538461539,5,3,0,0.0641025641025641,0.038461538461538464,0.0,280.4691349999997,220.55200999999977,0.7863682041162925,247.97600000000003,39,6.358358974358975,87130029b5443647ed1f1febd32ab768bf957a0a1698217eb3cf14b2d00c6ecf,188,4300ca9075932280a2392da11f7d0ab2f7e74e17076d4b2c639f62267b8193fc,5aee928b4ef08c25b3e30f7c65c36c470557a898a02c3af59d3c83dd5530a9b4
s07,s0703a,O0_4_sw2,75,9,0.12,6,3,0,0.08,0.04,0.0,86,11,0.12790697674418605,7,3,0,0.08139534883720931,0.03488372093023256,0.0,280.4691349999997,223.10623399999974,0.7954751741221008,250.708,43,5.830418604651163,87130029b5443647ed1f1febd32ab768bf957a0a1698217eb3cf14b2d00c6ecf,188,1d77e99a6bd4d0fafa9389b9d57e35a6f412ac15ac13933723b979b86f1b06e7,d5c0182d887db57d657c7131e8af2de1af644f144687a31a7cde298762421308
s07,s0703a,O0_4_sw4,80,9,0.1125,6,2,0,0.075,0.025,0.0,96,12,0.125,8,2,0,0.08333333333333333,0.020833333333333332,0.0,280.4691349999997,226.12059199999976,0.8062227310680727,254.58,48,5.30375,87130029b5443647ed1f1febd32ab768bf957a0a1698217eb3cf14b2d00c6ecf,188,1657f1d77c73ed5f888e8c5e784a4c3540ff2fc6b6d9f2d2cf8b000d0d5d0b6d,2a1418349090a64ed7b8d459821645694ce7e6496ea209147bd64523f855134d
s07,s0703a,O0_4_keep90,70,8,0.11428571428571428,5,3,0,0.07142857142857142,0.04285714285714286,0.0,76,9,0.11842105263157894,5,3,0,0.06578947368421052,0.039473684210526314,0.0,280.4691349999997,220.55200999999977,0.7863682041162925,247.97600000000003,38,6.525684210526316,87130029b5443647ed1f1febd32ab768bf957a0a1698217eb3cf14b2d00c6ecf,188,5619ed3d348887021a0039a07eecae67cd8e3709e4d41393700e94a5ec992eaa,3ee9e0756280db27704bd581e3b3664958b7425cddea579fef10083ee3afb807
s07,s0703a,O0_4_keep80,68,7,0.10294117647058823,4,2,0,0.058823529411764705,0.029411764705882353,0.0,72,7,0.09722222222222222,4,2,0,0.05555555555555555,0.027777777777777776,0.0,280.4691349999997,213.51144199999987,0.761265377739337,239.31200000000007,36,6.647555555555558,87130029b5443647ed1f1febd32ab768bf957a0a1698217eb3cf14b2d00c6ecf,180,81f50322dfb673d3d7b00f9b1a68d9e44997c1176a11cffb23b2e9ce75ff68d5,862bd59534ba17a7937bb340e196c4d4dcc9348116f50e99e4467f7b4c208ef9
s07,s0703a,O0_4_keep70,68,10,0.14705882352941177,4,2,0,0.058823529411764705,0.029411764705882353,0.0,72,10,0.1388888888888889,4,2,0,0.05555555555555555,0.027777777777777776,0.0,280.4691349999997,211.5688269999999,0.7543390719267563,236.76000000000005,36,6.576666666666668,87130029b5443647ed1f1febd32ab768bf957a0a1698217eb3cf14b2d00c6ecf,172,3869a1a9d2efca40ac363e5917f4f0258465e24730bb846f854045621407d41c,afdb032687287cc0a3e1307bfa057a603d9edf530c9b47b550b2cac4103d566c
s07,s0703a,O0_4_keep60,62,9,0.14516129032258066,3,1,0,0.04838709677419355,0.016129032258064516,0.0,66,9,0.13636363636363635,3,1,0,0.045454545454545456,0.015151515151515152,0.0,280.4691349999997,190.99622399999987,0.6809883875457456,213.72400000000005,33,6.47648484848485,87130029b5443647ed1f1febd32ab768bf957a0a1698217eb3cf14b2d00c6ecf,148,3b06b1d70471fdfe0af1e43b126681dd7308cf8379d93802593ae56b9cc9128e,6d0b8186056d6e65be698e228d9dcb49aaf01ebb809e0c2dc0350ec7d58718d6
s07,s0703a,O0_4_keep50,39,6,0.15384615384615385,3,1,0,0.07692307692307693,0.02564102564102564,0.0,42,6,0.14285714285714285,3,1,0,0.07142857142857142,0.023809523809523808,0.0,280.4691349999997,131.92084699999992,0.4703578060380871,148.1360000000001,21,7.054095238095243,87130029b5443647ed1f1febd32ab768bf957a0a1698217eb3cf14b2d00c6ecf,113,cd9044d09837769b859ea26c4d311207699984a94f59c83fa598609700cc79ee,e4b03f3aecec9e1fa0c66795ad1433a877ba38857f9d62c0d5bf35791a093aa2
s07,s0703a,O0_4_MARGIN_all_s0p5,70,8,0.11428571428571428,5,3,0,0.07142857142857142,0.04285714285714286,0.0,76,9,0.11842105263157894,5,3,0,0.06578947368421052,0.039473684210526314,0.0,280.4691349999997,220.55200999999977,0.7863682041162925,247.97600000000003,38,6.525684210526316,87130029b5443647ed1f1febd32ab768bf957a0a1698217eb3cf14b2d00c6ecf,188,5619ed3d348887021a0039a07eecae67cd8e3709e4d41393700e94a5ec992eaa,3ee9e0756280db27704bd581e3b3664958b7425cddea579fef10083ee3afb807
s07,s0703a,O0_4_MARGIN_all_s1,70,8,0.11428571428571428,5,3,0,0.07142857142857142,0.04285714285714286,0.0,76,9,0.11842105263157894,5,3,0,0.06578947368421052,0.039473684210526314,0.0,280.4691349999997,219.23710699999975,0.7816799770142264,246.39200000000002,38,6.484000000000001,87130029b5443647ed1f1febd32ab768bf957a0a1698217eb3cf14b2d00c6ecf,188,6cf7292e4236df1e724a8b2954b6c20a1abd5b246bde0e1e724b17682a39c9ec,1e8d318f6f438f56489dfb24f174c2176da1ecc11b93646f2ede9bace7fe6f50
s07,s0703a,O0_4_MARGIN_all_s2,70,8,0.11428571428571428,5,3,0,0.07142857142857142,0.04285714285714286,0.0,76,9,0.11842105263157894,5,3,0,0.06578947368421052,0.039473684210526314,0.0,280.4691349999997,217.39683199999973,0.7751185598372525,243.98400000000004,38,6.420631578947369,87130029b5443647ed1f1febd32ab768bf957a0a1698217eb3cf14b2d00c6ecf,188,79f71a393e9b944e08217318e9e85626de88ff17c7f734965891dc014c67a32c,a3b78db6dcf37c103005f297069b19481c6ce98e29c90059b0cde3317a28f402
s07,s0703a,O0_4_MARGIN_all_s4,71,9,0.1267605633802817,5,3,0,0.07042253521126761,0.04225352112676056,0.0,78,10,0.1282051282051282,5,3,0,0.0641025641025641,0.038461538461538464,0.0,280.4691349999997,213.46003199999987,0.7610820777124018,239.37600000000003,39,6.137846153846155,87130029b5443647ed1f1febd32ab768bf957a0a1698217eb3cf14b2d00c6ecf,188,e18e1186ed5a962c23f14361f2ec9fcc7d0e78830870eb3b1a9298b7319e02d9,2c1ae3a5b5566c318e8f4af7c6ec30a77612d634b77b4b65b8007bfe9eae582e
s07,s0703b,O0_4,78,6,0.07692307692307693,3,0,0,0.038461538461538464,0.0,0.0,84,6,0.07142857142857142,3,0,0,0.03571428571428571,0.0,0.0,311.8577019999999,244.91326399999994,0.7853365891857949,270.1639999999999,42,6.432476190476187,87130029b5443647ed1f1febd32ab768bf957a0a1698217eb3cf14b2d00c6ecf,198,d727e1a39be29e1462d1bc67f32b1e25ada57f846d0b2641af73d8295cb93cf2,6bc3c4c04223c713c1973e0aa1c34a4cc296846aadfc241333813d5992036132
s07,s0703b,O0_4_sw0p25,78,6,0.07692307692307693,3,0,0,0.038461538461538464,0.0,0.0,84,6,0.07142857142857142,3,0,0,0.03571428571428571,0.0,0.0,311.8577019999999,244.91326399999994,0.7853365891857949,270.1639999999999,42,6.432476190476187,87130029b5443647ed1f1febd32ab768bf957a0a1698217eb3cf14b2d00c6ecf,198,d727e1a39be29e1462d1bc67f32b1e25ada57f846d0b2641af73d8295cb93cf2,6bc3c4c04223c713c1973e0aa1c34a4cc296846aadfc241333813d5992036132
s07,s0703b,O0_4_sw0p5,78,6,0.07692307692307693,3,0,0,0.038461538461538464,0.0,0.0,84,6,0.07142857142857142,3,0,0,0.03571428571428571,0.0,0.0,311.8577019999999,244.91326399999994,0.7853365891857949,270.1639999999999,42,6.432476190476187,87130029b5443647ed1f1febd32ab768bf957a0a1698217eb3cf14b2d00c6ecf,198,d727e1a39be29e1462d1bc67f32b1e25ada57f846d0b2641af73d8295cb93cf2,6bc3c4c04223c713c1973e0aa1c34a4cc296846aadfc241333813d5992036132
s07,s0703b,O0_4_sw1,78,6,0.07692307692307693,3,0,0,0.038461538461538464,0.0,0.0,84,6,0.07142857142857142,3,0,0,0.03571428571428571,0.0,0.0,311.8577019999999,244.91326399999994,0.7853365891857949,270.1639999999999,42,6.432476190476187,87130029b5443647ed1f1febd32ab768bf957a0a1698217eb3cf14b2d00c6ecf,198,d727e1a39be29e1462d1bc67f32b1e25ada57f846d0b2641af73d8295cb93cf2,6bc3c4c04223c713c1973e0aa1c34a4cc296846aadfc241333813d5992036132
s07,s0703b,O0_4_sw2,84,6,0.07142857142857142,2,0,0,0.023809523809523808,0.0,0.0,96,8,0.08333333333333333,3,0,0,0.03125,0.0,0.0,311.8577019999999,248.627167,0.7972455559234515,273.9039999999999,48,5.706333333333331,87130029b5443647ed1f1febd32ab768bf957a0a1698217eb3cf14b2d00c6ecf,198,daf5b0e305ef831dc7908f2b44b06eccdcc6e44176d57e61636f10885bcc7550,c85fc14b849977ddb947bdded5836034ca821bcad5641bcc499bd77d26756301
s07,s0703b,O0_4_sw4,85,6,0.07058823529411765,2,0,0,0.023529411764705882,0.0,0.0,98,8,0.08163265306122448,3,0,0,0.030612244897959183,0.0,0.0,311.8577019999999,248.627167,0.7972455559234515,273.9039999999999,49,5.589877551020406,87130029b5443647ed1f1febd32ab768bf957a0a1698217eb3cf14b2d00c6ecf,198,41cb041e91021ab7319f062cee5b4a1cb233c3d0af7b69a649fe1ea6c8f7f3dd,cfb24cd255d8b8e046da7e0c929bfc4cc31889f917cd8e3e8d3c65be4f2124e6
s07,s0703b,O0_4_keep90,78,6,0.07692307692307693,3,0,0,0.038461538461538464,0.0,0.0,84,6,0.07142857142857142,3,0,0,0.03571428571428571,0.0,0.0,311.8577019999999,244.91326399999994,0.7853365891857949,270.1639999999999,42,6.432476190476187,87130029b5443647ed1f1febd32ab768bf957a0a1698217eb3cf14b2d00c6ecf,198,d727e1a39be29e1462d1bc67f32b1e25ada57f846d0b2641af73d8295cb93cf2,6bc3c4c04223c713c1973e0aa1c34a4cc296846aadfc241333813d5992036132
s07,s0703b,O0_4_keep80,76,8,0.10526315789473684,4,1,0,0.05263157894736842,0.013157894736842105,0.0,80,8,0.1,4,1,0,0.05,0.0125,0.0,311.8577019999999,242.65756099999984,0.7781034729743501,268.21599999999995,40,6.705399999999999,87130029b5443647ed1f1febd32ab768bf957a0a1698217eb3cf14b2d00c6ecf,191,8bb47f083671c0b852d7a0c61d9841d7e4c2acf56b687692c83c84050ff84b6c,1710d1c34f739a0e6e3b3534d92a45d0e100249070f684efa4d9f0558d0eb1a8
s07,s0703b,O0_4_keep70,73,9,0.1232876712328767,5,2,0,0.0684931506849315,0.0273972602739726,0.0,76,9,0.11842105263157894,5,2,0,0.06578947368421052,0.02631578947368421,0.0,311.8577019999999,227.50193200000004,0.7295055743083751,251.392,38,6.615578947368421,87130029b5443647ed1f1febd32ab768bf957a0a1698217eb3cf14b2d00c6ecf,179,ef12e40ae749ba6af5c0a75e8572b4a9f5d614f4370097ab79123bc93d7b4c10,92ae3eafad1dd56ade015360c81e3a0b46c176e3be75071d14474fd1786e047b
s07,s0703b,O0_4_keep60,66,9,0.13636363636363635,5,2,0,0.07575757575757576,0.030303030303030304,0.0,68,9,0.1323529411764706,5,2,0,0.07352941176470588,0.029411764705882353,0.0,311.8577019999999,202.01157200000006,0.6477684235613335,223.38800000000003,34,6.570235294117648,87130029b5443647ed1f1febd32ab768bf957a0a1698217eb3cf14b2d00c6ecf,164,c155a1f2a1ce9f07489f9c9e7fcdca1723d6443b4baa1093a562da783f930fed,92fca371bc2027b2d5c184fb2933e0f7adf2461737eff512bccb05ead5a23f94
s07,s0703b,O0_4_keep50,41,6,0.14634146341463414,3,1,0,0.07317073170731707,0.024390243902439025,0.0,42,6,0.14285714285714285,3,1,0,0.07142857142857142,0.023809523809523808,0.0,311.8577019999999,118.27070899999994,0.37924575292355606,133.72,21,6.367619047619048,87130029b5443647ed1f1febd32ab768bf957a0a1698217eb3cf14b2d00c6ecf,109,23146ba59982f3071fa50dace48f547bbca9ae84c0a27a6948bf085e71889236,82efd7df0f0d9b92c737fbebdb158fee77d31ee406cc0ad3e270eab726409c55
s07,s0703b,O0_4_MARGIN_all_s0p5,78,6,0.07692307692307693,3,0,0,0.038461538461538464,0.0,0.0,84,6,0.07142857142857142,3,0,0,0.03571428571428571,0.0,0.0,311.8577019999999,244.91326399999994,0.7853365891857949,270.1639999999999,42,6.432476190476187,87130029b5443647ed1f1febd32ab768bf957a0a1698217eb3cf14b2d00c6ecf,198,d727e1a39be29e1462d1bc67f32b1e25ada57f846d0b2641af73d8295cb93cf2,6bc3c4c04223c713c1973e0aa1c34a4cc296846aadfc241333813d5992036132
s07,s0703b,O0_4_MARGIN_all_s1,78,6,0.07692307692307693,3,0,0,0.038461538461538464,0.0,0.0,84,6,0.07142857142857142,3,0,0,0.03571428571428571,0.0,0.0,311.8577019999999,244.91326399999994,0.7853365891857949,270.1639999999999,42,6.432476190476187,87130029b5443647ed1f1febd32ab768bf957a0a1698217eb3cf14b2d00c6ecf,198,d727e1a39be29e1462d1bc67f32b1e25ada57f846d0b2641af73d8295cb93cf2,6bc3c4c04223c713c1973e0aa1c34a4cc296846aadfc241333813d5992036132
s07,s0703b,O0_4_MARGIN_all_s2,78,6,0.07692307692307693,3,0,0,0.038461538461538464,0.0,0.0,84,6,0.07142857142857142,3,0,0,0.03571428571428571,0.0,0.0,311.8577019999999,244.57301299999992,0.784245543501119,269.64799999999985,42,6.420190476190473,87130029b5443647ed1f1febd32ab768bf957a0a1698217eb3cf14b2d00c6ecf,198,508c2edeffdc375da3dc583efc0673ffc1521bc850dc127a2be388071c62219c,eada98e7bffa480d39e8ac898dc2d05f7860970fa5f2414b8c6e454b638bfbad
s07,s0703b,O0_4_MARGIN_all_s4,80,6,0.075,3,0,0,0.0375,0.0,0.0,86,6,0.06976744186046512,3,0,0,0.03488372093023256,0.0,0.0,311.8577019999999,243.33388399999998,0.78027216400126,268.06399999999985,43,6.234046511627904,87130029b5443647ed1f1febd32ab768bf957a0a1698217eb3cf14b2d00c6ecf,198,e5b62c7b3486e2271ce144065107dc03fea6d5c33b5e4df28a1619c09e093f8d,1f6d4c6754b2e4ca02839190f48d736898bcec9f248f6be56bace825464d87e5
s07,s0704a,O0_4,38,2,0.05263157894736842,2,1,0,0.05263157894736842,0.02631578947368421,0.0,50,3,0.06,3,1,0,0.06,0.02,0.0,173.56520900000004,144.73935100000006,0.8339191467801593,168.51600000000002,25,6.740640000000001,87130029b5443647ed1f1febd32ab768bf957a0a1698217eb3cf14b2d00c6ecf,80,f3186c9ff922120c83b701ebe40538a15c12fffec34f3b34283b7310d3c8c388,c328e96dc82cfccbbfc088b127d85857b27740b05f466443c3a41826fa7658fc
s07,s0704a,O0_4_sw0p25,38,2,0.05263157894736842,2,1,0,0.05263157894736842,0.02631578947368421,0.0,50,3,0.06,3,1,0,0.06,0.02,0.0,173.56520900000004,144.73935100000006,0.8339191467801593,168.51600000000002,25,6.740640000000001,87130029b5443647ed1f1febd32ab768bf957a0a1698217eb3cf14b2d00c6ecf,80,f3186c9ff922120c83b701ebe40538a15c12fffec34f3b34283b7310d3c8c388,c328e96dc82cfccbbfc088b127d85857b27740b05f466443c3a41826fa7658fc
s07,s0704a,O0_4_sw0p5,38,2,0.05263157894736842,2,1,0,0.05263157894736842,0.02631578947368421,0.0,50,3,0.06,3,1,0,0.06,0.02,0.0,173.56520900000004,144.73935100000006,0.8339191467801593,168.51600000000002,25,6.740640000000001,87130029b5443647ed1f1febd32ab768bf957a0a1698217eb3cf14b2d00c6ecf,80,f3186c9ff922120c83b701ebe40538a15c12fffec34f3b34283b7310d3c8c388,c328e96dc82cfccbbfc088b127d85857b27740b05f466443c3a41826fa7658fc
s07,s0704a,O0_4_sw1,39,2,0.05128205128205128,2,1,0,0.05128205128205128,0.02564102564102564,0.0,52,3,0.057692307692307696,3,1,0,0.057692307692307696,0.019230769230769232,0.0,173.56520900000004,144.73935100000006,0.8339191467801593,168.51600000000002,26,6.481384615384616,87130029b5443647ed1f1febd32ab768bf957a0a1698217eb3cf14b2d00c6ecf,80,4e8634ad51982a27e984b38d47c82cd19ab31798b2478145cc06ca0517d2901e,319e538a775518836f66edc7230ae879d06aa30b9d16a58c02a7d7f68af29be6
s07,s0704a,O0_4_sw2,39,2,0.05128205128205128,2,1,0,0.05128205128205128,0.02564102564102564,0.0,52,3,0.057692307692307696,3,1,0,0.057692307692307696,0.019230769230769232,0.0,173.56520900000004,144.73935100000006,0.8339191467801593,168.51600000000002,26,6.481384615384616,87130029b5443647ed1f1febd32ab768bf957a0a1698217eb3cf14b2d00c6ecf,80,4e8634ad51982a27e984b38d47c82cd19ab31798b2478145cc06ca0517d2901e,319e538a775518836f66edc7230ae879d06aa30b9d16a58c02a7d7f68af29be6
s07,s0704a,O0_4_sw4,40,2,0.05,2,1,0,0.05,0.025,0.0,54,3,0.05555555555555555,3,1,0,0.05555555555555555,0.018518518518518517,0.0,173.56520900000004,144.73935100000006,0.8339191467801593,168.51600000000002,27,6.241333333333334,87130029b5443647ed1f1febd32ab768bf957a0a1698217eb3cf14b2d00c6ecf,80,ac551100ec48461206a1a2bd442153ab96e4e98f03ae952b6ff0efdc8c3222e0,96c37f1a26234e551aefa12be63c7321b15ab90e3c5946abb1e0d42e39db5bbb
s07,s0704a,O0_4_keep90,38,2,0.05263157894736842,2,1,0,0.05263157894736842,0.02631578947368421,0.0,50,3,0.06,3,1,0,0.06,0.02,0.0,173.56520900000004,144.73935100000006,0.8339191467801593,168.51600000000002,25,6.740640000000001,87130029b5443647ed1f1febd32ab768bf957a0a1698217eb3cf14b2d00c6ecf,79,f3186c9ff922120c83b701ebe40538a15c12fffec34f3b34283b7310d3c8c388,c328e96dc82cfccbbfc088b127d85857b27740b05f466443c3a41826fa7658fc
s07,s0704a,O0_4_keep80,38,2,0.05263157894736842,2,1,0,0.05263157894736842,0.02631578947368421,0.0,50,3,0.06,3,1,0,0.06,0.02,0.0,173.56520900000004,141.46178500000005,0.8150353738231031,164.576,25,6.58304,87130029b5443647ed1f1febd32ab768bf957a0a1698217eb3cf14b2d00c6ecf,76,4a7503fbbf9c8e596f41691867a24f092ba4cef01aca20c307af4ede558bcf76,b28dedd2cda405be48bc2dbe62ce224427f155d05b3f3008db2cc9a09954f7cc
s07,s0704a,O0_4_keep70,34,2,0.058823529411764705,2,1,0,0.058823529411764705,0.029411764705882353,0.0,42,2,0.047619047619047616,2,1,0,0.047619047619047616,0.023809523809523808,0.0,173.56520900000004,132.89495700000003,0.7656773944829001,155.004,21,7.381142857142857,87130029b5443647ed1f1febd32ab768bf957a0a1698217eb3cf14b2d00c6ecf,68,713f905f35eb79aee1d0c2986cb29a894eb08c976b9456675d7a1fc71ef56fdf,c2317db73bd1f4b601865296763cce1dbea4d95916150605afefeb9064ebb6ab
s07,s0704a,O0_4_keep60,32,2,0.0625,2,1,0,0.0625,0.03125,0.0,38,2,0.05263157894736842,2,1,0,0.05263157894736842,0.02631578947368421,0.0,173.56520900000004,129.12602600000002,0.7439626106174309,150.268,19,7.908842105263158,87130029b5443647ed1f1febd32ab768bf957a0a1698217eb3cf14b2d00c6ecf,62,fc54bb998ec938c1057df745cd9cc0d4e297945f8f7875cfbee70571055ee994,1bdfd4ba92358702f0d3770247dc157c28c8b0e9fd2e08363aa2aa10bab90ab2
s07,s0704a,O0_4_keep50,19,0,0.0,0,0,0,0.0,0.0,0.0,22,0,0.0,0,0,0,0.0,0.0,0.0,173.56520900000004,83.62555900000005,0.48181060871479164,97.38000000000002,11,8.852727272727275,87130029b5443647ed1f1febd32ab768bf957a0a1698217eb3cf14b2d00c6ecf,42,3477ef46e702f36b292602b765ae34b483d77fa8b38916475e5e8ac9b2d6c955,c72beb6c8fc04728461179cb00c50df72e046ec25a6156b978caca5b19530b74
s07,s0704a,O0_4_MARGIN_all_s0p5,38,2,0.05263157894736842,2,1,0,0.05263157894736842,0.02631578947368421,0.0,50,3,0.06,3,1,0,0.06,0.02,0.0,173.56520900000004,144.73935100000006,0.8339191467801593,168.51600000000002,25,6.740640000000001,87130029b5443647ed1f1febd32ab768bf957a0a1698217eb3cf14b2d00c6ecf,80,f3186c9ff922120c83b701ebe40538a15c12fffec34f3b34283b7310d3c8c388,c328e96dc82cfccbbfc088b127d85857b27740b05f466443c3a41826fa7658fc
s07,s0704a,O0_4_MARGIN_all_s1,39,2,0.05128205128205128,2,1,0,0.05128205128205128,0.02564102564102564,0.0,50,3,0.06,3,1,0,0.06,0.02,0.0,173.56520900000004,143.52547100000007,0.826925348846842,166.92000000000002,25,6.676800000000001,87130029b5443647ed1f1febd32ab768bf957a0a1698217eb3cf14b2d00c6ecf,80,898c076b87e17213281b5d934614c6d532fa75ce033bad12ea9a70a4feef6452,1cba793faf9a03cee1b9ed23f9de316b35f88a8c689559ef8b6846270e3443ff
s07,s0704a,O0_4_MARGIN_all_s2,39,2,0.05128205128205128,2,1,0,0.05128205128205128,0.02564102564102564,0.0,50,3,0.06,3,1,0,0.06,0.02,0.0,173.56520900000004,143.52547100000007,0.826925348846842,166.92000000000002,25,6.676800000000001,87130029b5443647ed1f1febd32ab768bf957a0a1698217eb3cf14b2d00c6ecf,80,898c076b87e17213281b5d934614c6d532fa75ce033bad12ea9a70a4feef6452,1cba793faf9a03cee1b9ed23f9de316b35f88a8c689559ef8b6846270e3443ff
s07,s0704a,O0_4_MARGIN_all_s4,38,2,0.05263157894736842,2,1,0,0.05263157894736842,0.02631578947368421,0.0,50,3,0.06,3,1,0,0.06,0.02,0.0,173.56520900000004,144.73935100000006,0.8339191467801593,168.51600000000002,25,6.740640000000001,87130029b5443647ed1f1febd32ab768bf957a0a1698217eb3cf14b2d00c6ecf,80,16e4b17d1801ba6257b0c6f9839bb4df28f8ac07d371449028b25e19a51df8d0,81f33c330bdbd0b8bd2ff245142c467b721a26e413962cfac1e036da97c8c724
s08,s0801a,O0_4,89,11,0.12359550561797752,2,1,0,0.02247191011235955,0.011235955056179775,0.0,90,11,0.12222222222222222,2,1,0,0.022222222222222223,0.011111111111111112,0.0,298.62118099999964,198.4384859999999,0.6645157765952313,226.94400000000027,45,5.043200000000006,87130029b5443647ed1f1febd32ab768bf957a0a1698217eb3cf14b2d00c6ecf,319,aa23cc441229ef64c0ef084237289b79eb3c0369cc72496c7e445ed3d0eea538,0ceac4f3b1fda55fd4664ed5c09e24527709f5c5cdfcbc3182a14bec8e022cfd
s08,s0801a,O0_4_sw0p25,89,11,0.12359550561797752,2,1,0,0.02247191011235955,0.011235955056179775,0.0,90,11,0.12222222222222222,2,1,0,0.022222222222222223,0.011111111111111112,0.0,298.62118099999964,198.4384859999999,0.6645157765952313,226.94400000000027,45,5.043200000000006,87130029b5443647ed1f1febd32ab768bf957a0a1698217eb3cf14b2d00c6ecf,319,aa23cc441229ef64c0ef084237289b79eb3c0369cc72496c7e445ed3d0eea538,0ceac4f3b1fda55fd4664ed5c09e24527709f5c5cdfcbc3182a14bec8e022cfd
s08,s0801a,O0_4_sw0p5,89,11,0.12359550561797752,2,1,0,0.02247191011235955,0.011235955056179775,0.0,90,11,0.12222222222222222,2,1,0,0.022222222222222223,0.011111111111111112,0.0,298.62118099999964,198.4384859999999,0.6645157765952313,226.94400000000027,45,5.043200000000006,87130029b5443647ed1f1febd32ab768bf957a0a1698217eb3cf14b2d00c6ecf,319,aa23cc441229ef64c0ef084237289b79eb3c0369cc72496c7e445ed3d0eea538,0ceac4f3b1fda55fd4664ed5c09e24527709f5c5cdfcbc3182a14bec8e022cfd
s08,s0801a,O0_4_sw1,91,12,0.13186813186813187,2,1,0,0.02197802197802198,0.01098901098901099,0.0,94,13,0.13829787234042554,2,1,0,0.02127659574468085,0.010638297872340425,0.0,298.62118099999964,198.4384859999999,0.6645157765952313,226.94400000000027,47,4.8285957446808565,87130029b5443647ed1f1febd32ab768bf957a0a1698217eb3cf14b2d00c6ecf,319,b1696ac25d308812b83c3161024854749d096cf74880eb57e0b2231e19732e77,0c1ab9148993271e6975ced8d34139c596944660a2817d7f453c5e2d832fa0a7
s08,s0801a,O0_4_sw2,93,12,0.12903225806451613,2,1,0,0.021505376344086023,0.010752688172043012,0.0,98,13,0.1326530612244898,2,1,0,0.02040816326530612,0.01020408163265306,0.0,298.62118099999964,202.8413799999999,0.6792598546450733,231.9520000000003,49,4.733714285714292,87130029b5443647ed1f1febd32ab768bf957a0a1698217eb3cf14b2d00c6ecf,319,1df0efa87537557d8c132fedbb26ee73bfd084eb313d4e16274e53f6bf5e78bb,0f37b65fd52c8e03e11912084c96820caa2273f3ffacc9be1f32a1431513b34b
s08,s0801a,O0_4_sw4,94,12,0.1276595744680851,2,1,0,0.02127659574468085,0.010638297872340425,0.0,100,13,0.13,2,1,0,0.02,0.01,0.0,298.62118099999964,201.75248799999991,0.675613455563958,230.41200000000032,50,4.6082400000000066,87130029b5443647ed1f1febd32ab768bf957a0a1698217eb3cf14b2d00c6ecf,319,d2cd7915887b03cbde716f5f46f8f1117d9cf342e4264224e4811783a24017c1,f98e0f5d660d66886880e3d8b01987adfb074df923ad61552e4f643820b32b6b
s08,s0801a,O0_4_keep90,89,11,0.12359550561797752,2,1,0,0.02247191011235955,0.011235955056179775,0.0,90,11,0.12222222222222222,2,1,0,0.022222222222222223,0.011111111111111112,0.0,298.62118099999964,198.4384859999999,0.6645157765952313,226.94400000000027,45,5.043200000000006,87130029b5443647ed1f1febd32ab768bf957a0a1698217eb3cf14b2d00c6ecf,319,aa23cc441229ef64c0ef084237289b79eb3c0369cc72496c7e445ed3d0eea538,0ceac4f3b1fda55fd4664ed5c09e24527709f5c5cdfcbc3182a14bec8e022cfd
s08,s0801a,O0_4_keep80,89,11,0.12359550561797752,2,1,0,0.02247191011235955,0.011235955056179775,0.0,90,11,0.12222222222222222,2,1,0,0.022222222222222223,0.011111111111111112,0.0,298.62118099999964,199.06250299999988,0.6666054374756495,227.3800000000002,45,5.052888888888893,87130029b5443647ed1f1febd32ab768bf957a0a1698217eb3cf14b2d00c6ecf,311,d2809f288e965bb7efea21e6847ffb30fd0f3a4c9c508dcc0f34905849000fec,1948dcdc2333a89e4b328d407b66c2850a007d6c1016913c044ac9b0410fa96b
s08,s0801a,O0_4_keep70,89,11,0.12359550561797752,2,1,0,0.02247191011235955,0.011235955056179775,0.0,90,11,0.12222222222222222,2,1,0,0.022222222222222223,0.011111111111111112,0.0,298.62118099999964,197.33445499999988,0.6608186811772073,224.9360000000002,45,4.998577777777783,87130029b5443647ed1f1febd32ab768bf957a0a1698217eb3cf14b2d00c6ecf,297,63692fc652684772ef552709a31b3fdc3aa0c2fe7a8eaee400b7c2cc4a269905,4b6295fb42fe48d8990eae92b3802204e20b3447b6e36fe033a5698e23ee0e18
s08,s0801a,O0_4_keep60,75,11,0.14666666666666667,2,1,0,0.02666666666666667,0.013333333333333334,0.0,76,11,0.14473684210526316,2,1,0,0.02631578947368421,0.013157894736842105,0.0,298.62118099999964,166.65236099999973,0.5580728079700412,189.46000000000024,38,4.985789473684217,87130029b5443647ed1f1febd32ab768bf957a0a1698217eb3cf14b2d00c6ecf,267,7e746e544705d263b3bfda564bdc324ef7ceeffdaea3f5d23c79b59367c15cdb,398ff7040647fd97c31533809a2cc425dfe73ad1cc95aa2e451f1b97f4c7a020
s08,s0801a,O0_4_keep50,40,6,0.15,1,0,0,0.025,0.0,0.0,40,6,0.15,1,0,0,0.025,0.0,0.0,298.62118099999964,100.28165699999974,0.3358156198571858,116.65200000000014,20,5.832600000000007,87130029b5443647ed1f1febd32ab768bf957a0a1698217eb3cf14b2d00c6ecf,183,01c98a8c8ce90eaed729ffb80764cc1c40865aada92ef162faf246d1bd42d45e,76bc72c4b79de3cca93b200fe733618af7a931c05dace9a5c8d0b88ccb1b10c3
s08,s0801a,O0_4_MARGIN_all_s0p5,89,11,0.12359550561797752,2,1,0,0.02247191011235955,0.011235955056179775,0.0,90,11,0.12222222222222222,2,1,0,0.022222222222222223,0.011111111111111112,0.0,298.62118099999964,197.82909999999993,0.6624751108997863,225.92400000000018,45,5.020533333333337,87130029b5443647ed1f1febd32ab768bf957a0a1698217eb3cf14b2d00c6ecf,319,3fd0293cc513ae69e85ae069346b9ca497c69f652da771f2ea8b6c2033695dc1,be8bbbba92ebb65e60f9f03a318a8b601ca0f11adc84a626a6f95f7bf7041001
s08,s0801a,O0_4_MARGIN_all_s1,89,11,0.12359550561797752,2,1,0,0.02247191011235955,0.011235955056179775,0.0,90,11,0.12222222222222222,2,1,0,0.022222222222222223,0.011111111111111112,0.0,298.62118099999964,191.96188599999994,0.6428274289090035,218.70800000000023,45,4.860177777777783,87130029b5443647ed1f1febd32ab768bf957a0a1698217eb3cf14b2d00c6ecf,319,3da34186b484075702431e6c4189913014ce85dc766ba0c9305746e6d5fa3a66,b52e76b2577117347bb0498b029e137135e2b302580e5a1acaf0348af1410b3e
s08,s0801a,O0_4_MARGIN_all_s2,90,12,0.13333333333333333,2,1,0,0.022222222222222223,0.011111111111111112,0.0,92,12,0.13043478260869565,2,1,0,0.021739130434782608,0.010869565217391304,0.0,298.62118099999964,188.70550999999995,0.6319227235257642,214.6240000000002,46,4.665739130434787,87130029b5443647ed1f1febd32ab768bf957a0a1698217eb3cf14b2d00c6ecf,319,0c5f5757b6c2cfe77347d0cedac13479c01e0a5b956fe0315c12043224871114,a869dd3d84eada26ea7fda2b8f8d9d37579c39f704557b0ee3bd7c79f67b1625
s08,s0801a,O0_4_MARGIN_all_s4,92,11,0.11956521739130435,2,1,0,0.021739130434782608,0.010869565217391304,0.0,96,11,0.11458333333333333,2,1,0,0.020833333333333332,0.010416666666666666,0.0,298.62118099999964,189.16377399999993,0.6334573233102315,214.96000000000018,48,4.478333333333337,87130029b5443647ed1f1febd32ab768bf957a0a1698217eb3cf14b2d00c6ecf,319,c9468ce6109ca4889cf83c82e5ec82f6bfb8b780e40b168305c3e8ea429939ff,d95c837b012a29f81c4812746c9b458882d81c4a8485c446ce4788ec913785c1
s08,s0801b,O0_4,84,5,0.05952380952380952,2,2,1,0.023809523809523808,0.023809523809523808,0.011904761904761904,86,5,0.05813953488372093,2,2,1,0.023255813953488372,0.023255813953488372,0.011627906976744186,267.185302,192.54884000000018,0.7206565576724733,224.32000000000025,43,5.216744186046517,87130029b5443647ed1f1febd32ab768bf957a0a1698217eb3cf14b2d00c6ecf,246,522acd4f89b1efe808660e83edb5ac6d6d65ce6497e21d36f481b45062f61292,09dbdf92c1a63404ae22ff4447988927ca7499275ca128e576d160b720ce2f08
s08,s0801b,O0_4_sw0p25,84,5,0.05952380952380952,2,2,1,0.023809523809523808,0.023809523809523808,0.011904761904761904,86,5,0.05813953488372093,2,2,1,0.023255813953488372,0.023255813953488372,0.011627906976744186,267.185302,192.54884000000018,0.7206565576724733,224.32000000000025,43,5.216744186046517,87130029b5443647ed1f1febd32ab768bf957a0a1698217eb3cf14b2d00c6ecf,246,522acd4f89b1efe808660e83edb5ac6d6d65ce6497e21d36f481b45062f61292,09dbdf92c1a63404ae22ff4447988927ca7499275ca128e576d160b720ce2f08
s08,s0801b,O0_4_sw0p5,84,5,0.05952380952380952,2,2,1,0.023809523809523808,0.023809523809523808,0.011904761904761904,86,5,0.05813953488372093,2,2,1,0.023255813953488372,0.023255813953488372,0.011627906976744186,267.185302,192.54884000000018,0.7206565576724733,224.32000000000025,43,5.216744186046517,87130029b5443647ed1f1febd32ab768bf957a0a1698217eb3cf14b2d00c6ecf,246,522acd4f89b1efe808660e83edb5ac6d6d65ce6497e21d36f481b45062f61292,09dbdf92c1a63404ae22ff4447988927ca7499275ca128e576d160b720ce2f08
s08,s0801b,O0_4_sw1,84,5,0.05952380952380952,2,2,1,0.023809523809523808,0.023809523809523808,0.011904761904761904,86,5,0.05813953488372093,2,2,1,0.023255813953488372,0.023255813953488372,0.011627906976744186,267.185302,192.54884000000018,0.7206565576724733,224.32000000000025,43,5.216744186046517,87130029b5443647ed1f1febd32ab768bf957a0a1698217eb3cf14b2d00c6ecf,246,522acd4f89b1efe808660e83edb5ac6d6d65ce6497e21d36f481b45062f61292,09dbdf92c1a63404ae22ff4447988927ca7499275ca128e576d160b720ce2f08
s08,s0801b,O0_4_sw2,86,5,0.05813953488372093,2,2,1,0.023255813953488372,0.023255813953488372,0.011627906976744186,90,5,0.05555555555555555,2,2,1,0.022222222222222223,0.022222222222222223,0.011111111111111112,267.185302,197.00104500000012,0.7373199181443002,229.11600000000027,45,5.091466666666673,87130029b5443647ed1f1febd32ab768bf957a0a1698217eb3cf14b2d00c6ecf,246,aac35a8b9a98137506eadb7d76c72fde187d8cd9919b1bf83b06e0c6fc04f953,290cbe03949acf182a8b6b02b06ba0a5b1dc41d28836c4c8163bab5ecc7d531b
s08,s0801b,O0_4_sw4,91,7,0.07692307692307693,4,2,1,0.04395604395604396,0.02197802197802198,0.01098901098901099,100,8,0.08,5,2,1,0.05,0.02,0.01,267.185302,201.56340100000008,0.7543955430602245,234.66400000000024,50,4.693280000000005,87130029b5443647ed1f1febd32ab768bf957a0a1698217eb3cf14b2d00c6ecf,246,e787b12489375da3e9f1229d5fe2dc7ef6fd77ca35333d2fad59926c73bca465,69273c4998eacdba4ccab1106651bec02b9417a2a4750f196934023ff7d9426f
s08,s0801b,O0_4_keep90,84,5,0.05952380952380952,2,2,1,0.023809523809523808,0.023809523809523808,0.011904761904761904,86,5,0.05813953488372093,2,2,1,0.023255813953488372,0.023255813953488372,0.011627906976744186,267.185302,192.54884000000018,0.7206565576724733,224.32000000000025,43,5.216744186046517,87130029b5443647ed1f1febd32ab768bf957a0a1698217eb3cf14b2d00c6ecf,246,522acd4f89b1efe808660e83edb5ac6d6d65ce6497e21d36f481b45062f61292,09dbdf92c1a63404ae22ff4447988927ca7499275ca128e576d160b720ce2f08
s08,s0801b,O0_4_keep80,84,5,0.05952380952380952,2,2,1,0.023809523809523808,0.023809523809523808,0.011904761904761904,86,5,0.05813953488372093,2,2,1,0.023255813953488372,0.023255813953488372,0.011627906976744186,267.185302,192.54884000000018,0.7206565576724733,224.32000000000025,43,5.216744186046517,87130029b5443647ed1f1febd32ab768bf957a0a1698217eb3cf14b2d00c6ecf,241,522acd4f89b1efe808660e83edb5ac6d6d65ce6497e21d36f481b45062f61292,09dbdf92c1a63404ae22ff4447988927ca7499275ca128e576d160b720ce2f08
s08,s0801b,O0_4_keep70,83,5,0.060240963855421686,2,2,1,0.024096385542168676,0.024096385542168676,0.012048192771084338,84,5,0.05952380952380952,2,2,1,0.023809523809523808,0.023809523809523808,0.011904761904761904,267.185302,188.18905900000007,0.7043391144322755,219.04800000000023,42,5.215428571428577,87130029b5443647ed1f1febd32ab768bf957a0a1698217eb3cf14b2d00c6ecf,234,b4ad7d6ecb7cf9366892e270f1c988f9cc0cb0217543002a1689cd0253fc615d,d0687d2927ed75530743d930bc8e60d6e741f46bb0130a980ae9fefaaa33fdf1
s08,s0801b,O0_4_keep60,67,5,0.07462686567164178,2,1,0,0.029850746268656716,0.014925373134328358,0.0,68,5,0.07352941176470588,2,1,0,0.029411764705882353,0.014705882352941176,0.0,267.185302,149.47780500000022,0.5594536970450577,173.67200000000014,34,5.108000000000004,87130029b5443647ed1f1febd32ab768bf957a0a1698217eb3cf14b2d00c6ecf,209,2557514ac1df8537e2bd1e570c47e1d70b03a79adb82ecf2f66c8e85a1d966f8,941f9b784ce850fbc9343683b68b9456656e433f7b00f5736c868320bbc765e3
s08,s0801b,O0_4_keep50,29,3,0.10344827586206896,2,1,0,0.06896551724137931,0.034482758620689655,0.0,30,3,0.1,2,1,0,0.06666666666666667,0.03333333333333333,0.0,267.185302,67.83128700000009,0.2538735719826388,78.43600000000009,15,5.2290666666666725,87130029b5443647ed1f1febd32ab768bf957a0a1698217eb3cf14b2d00c6ecf,145,9d23a419ace3b48e8ce904f6af782115f166765d3c514b6615661852c36da83a,de611ced20df1d9980f8be2d153959a4bd27f95f9cb8ff18ac73ef6275d94294
s08,s0801b,O0_4_MARGIN_all_s0p5,85,5,0.058823529411764705,2,2,1,0.023529411764705882,0.023529411764705882,0.011764705882352941,86,5,0.05813953488372093,2,2,1,0.023255813953488372,0.023255813953488372,0.011627906976744186,267.185302,192.54884000000018,0.7206565576724733,223.69600000000025,43,5.202232558139541,87130029b5443647ed1f1febd32ab768bf957a0a1698217eb3cf14b2d00c6ecf,246,e7efaf31ac9332feb1d9642e84173b3b44a50da7171bf03f0c478c5c5535fcee,f61224a21aadf99aedcbe4a3d6bcbc7c62a1a57688fdf91ac23535c04248b8bd
s08,s0801b,O0_4_MARGIN_all_s1,85,5,0.058823529411764705,2,2,1,0.023529411764705882,0.023529411764705882,0.011764705882352941,86,5,0.05813953488372093,2,2,1,0.023255813953488372,0.023255813953488372,0.011627906976744186,267.185302,192.54884000000018,0.7206565576724733,223.69600000000025,43,5.202232558139541,87130029b5443647ed1f1febd32ab768bf957a0a1698217eb3cf14b2d00c6ecf,246,e7efaf31ac9332feb1d9642e84173b3b44a50da7171bf03f0c478c5c5535fcee,f61224a21aadf99aedcbe4a3d6bcbc7c62a1a57688fdf91ac23535c04248b8bd
s08,s0801b,O0_4_MARGIN_all_s2,85,5,0.058823529411764705,2,2,1,0.023529411764705882,0.023529411764705882,0.011764705882352941,86,5,0.05813953488372093,2,2,1,0.023255813953488372,0.023255813953488372,0.011627906976744186,267.185302,189.52322100000018,0.7093325103639129,219.80800000000025,43,5.111813953488378,87130029b5443647ed1f1febd32ab768bf957a0a1698217eb3cf14b2d00c6ecf,246,d2abfc02cc9887da39986409c5271a89c6fafecd6f155cc81ac34943ec492321,e0399b28ed4b8ca83ea920dda9be7d49a69eb71bb84ea0ac7190f2236861c8e3
s08,s0801b,O0_4_MARGIN_all_s4,87,5,0.05747126436781609,2,2,1,0.022988505747126436,0.022988505747126436,0.011494252873563218,90,5,0.05555555555555555,2,2,1,0.022222222222222223,0.022222222222222223,0.011111111111111112,267.185302,192.60870200000014,0.7208806044278594,222.41200000000026,45,4.942488888888895,87130029b5443647ed1f1febd32ab768bf957a0a1698217eb3cf14b2d00c6ecf,246,dbd59df9681c639f4db1d2a734c7fddf8d290a227fc1932ffa7d8f6e4cbc9f1d,cf7b8b10cf32b9a937e7197d12eeda7e98b5afe5c849ae42068769f6b8c1dfed
s08,s0802b,O0_4,110,6,0.05454545454545454,3,1,0,0.02727272727272727,0.00909090909090909,0.0,112,6,0.05357142857142857,3,1,0,0.026785714285714284,0.008928571428571428,0.0,366.7549859999997,249.7726609999996,0.681034125054812,291.18800000000016,56,5.199785714285717,87130029b5443647ed1f1febd32ab768bf957a0a1698217eb3cf14b2d00c6ecf,346,2d8f502be96a2d979064a2a269533c48d6d25f87841a6a80ceb3d4cb33f5c2de,2746852a4fa4b3359e94026d4dff65efbaaa5961372a02720c7c7d21df3fe454
s08,s0802b,O0_4_sw0p25,110,6,0.05454545454545454,3,1,0,0.02727272727272727,0.00909090909090909,0.0,112,6,0.05357142857142857,3,1,0,0.026785714285714284,0.008928571428571428,0.0,366.7549859999997,249.7726609999996,0.681034125054812,291.18800000000016,56,5.199785714285717,87130029b5443647ed1f1febd32ab768bf957a0a1698217eb3cf14b2d00c6ecf,346,2d8f502be96a2d979064a2a269533c48d6d25f87841a6a80ceb3d4cb33f5c2de,2746852a4fa4b3359e94026d4dff65efbaaa5961372a02720c7c7d21df3fe454
s08,s0802b,O0_4_sw0p5,110,6,0.05454545454545454,3,1,0,0.02727272727272727,0.00909090909090909,0.0,112,6,0.05357142857142857,3,1,0,0.026785714285714284,0.008928571428571428,0.0,366.7549859999997,249.7726609999996,0.681034125054812,291.18800000000016,56,5.199785714285717,87130029b5443647ed1f1febd32ab768bf957a0a1698217eb3cf14b2d00c6ecf,346,2d8f502be96a2d979064a2a269533c48d6d25f87841a6a80ceb3d4cb33f5c2de,2746852a4fa4b3359e94026d4dff65efbaaa5961372a02720c7c7d21df3fe454
s08,s0802b,O0_4_sw1,110,6,0.05454545454545454,3,1,0,0.02727272727272727,0.00909090909090909,0.0,112,6,0.05357142857142857,3,1,0,0.026785714285714284,0.008928571428571428,0.0,366.7549859999997,249.7726609999996,0.681034125054812,291.18800000000016,56,5.199785714285717,87130029b5443647ed1f1febd32ab768bf957a0a1698217eb3cf14b2d00c6ecf,346,2d8f502be96a2d979064a2a269533c48d6d25f87841a6a80ceb3d4cb33f5c2de,2746852a4fa4b3359e94026d4dff65efbaaa5961372a02720c7c7d21df3fe454
s08,s0802b,O0_4_sw2,114,6,0.05263157894736842,3,1,0,0.02631578947368421,0.008771929824561403,0.0,120,6,0.05,3,1,0,0.025,0.008333333333333333,0.0,366.7549859999997,253.2431049999996,0.690496693070179,295.1240000000002,60,4.9187333333333365,87130029b5443647ed1f1febd32ab768bf957a0a1698217eb3cf14b2d00c6ecf,346,47d128414c9060e6a6b24bf3e6938b19fca9b1738a118bb0fb40b3d8f63ff6d5,50e3629eed17e0690c800a63aabe1860bab2c1196dfb7df93165c0cd746b9628
s08,s0802b,O0_4_sw4,117,5,0.042735042735042736,3,1,0,0.02564102564102564,0.008547008547008548,0.0,126,5,0.03968253968253968,3,1,0,0.023809523809523808,0.007936507936507936,0.0,366.7549859999997,254.66451399999957,0.6943723295420987,296.8760000000002,63,4.712317460317464,87130029b5443647ed1f1febd32ab768bf957a0a1698217eb3cf14b2d00c6ecf,346,1311123295b4b2b5a6eee878eb786fcf593e98a7ee9a9fbb286732276ca8dbe8,e31ca0bcc9c80469e6c04befe769f946de3cb7b81ff75a5390d19d3251a3ae62
s08,s0802b,O0_4_keep90,110,6,0.05454545454545454,3,1,0,0.02727272727272727,0.00909090909090909,0.0,112,6,0.05357142857142857,3,1,0,0.026785714285714284,0.008928571428571428,0.0,366.7549859999997,249.7726609999996,0.681034125054812,291.18800000000016,56,5.199785714285717,87130029b5443647ed1f1febd32ab768bf957a0a1698217eb3cf14b2d00c6ecf,346,2d8f502be96a2d979064a2a269533c48d6d25f87841a6a80ceb3d4cb33f5c2de,2746852a4fa4b3359e94026d4dff65efbaaa5961372a02720c7c7d21df3fe454
s08,s0802b,O0_4_keep80,110,4,0.03636363636363636,2,1,0,0.01818181818181818,0.00909090909090909,0.0,112,4,0.03571428571428571,2,1,0,0.017857142857142856,0.008928571428571428,0.0,366.7549859999997,245.91335899999962,0.6705112906086022,286.45600000000024,56,5.115285714285719,87130029b5443647ed1f1febd32ab768bf957a0a1698217eb3cf14b2d00c6ecf,338,6d8de524e7892c8cbe5f12dbf68512209fab7723de1867223458497621c57bb1,7ed4033aa6d478f16f398c7e44529b1f993f3a8b681e20824864620d3ff32468
s08,s0802b,O0_4_keep70,106,4,0.03773584905660377,2,1,0,0.018867924528301886,0.009433962264150943,0.0,108,4,0.037037037037037035,2,1,0,0.018518518518518517,0.009259259259259259,0.0,366.7549859999997,233.17171699999957,0.6357697261135524,271.87200000000024,54,5.034666666666671,87130029b5443647ed1f1febd32ab768bf957a0a1698217eb3cf14b2d00c6ecf,325,92254dcb645e2b7cb74b12f816d7e43641cdb60fb861d8b5b2d8f299dd037864,e1f11eda7d768ba599dc20678f1c755de502cb9c61f45b996eba24d3d00a96b1
s08,s0802b,O0_4_keep60,81,4,0.04938271604938271,2,1,0,0.024691358024691357,0.012345679012345678,0.0,82,4,0.04878048780487805,2,1,0,0.024390243902439025,0.012195121951219513,0.0,366.7549859999997,182.51908299999945,0.49765944558964936,211.04000000000008,41,5.147317073170734,87130029b5443647ed1f1febd32ab768bf957a0a1698217eb3cf14b2d00c6ecf,284,fb40ad67de5fc2fc9158303b712dcf0b9112447c8798757cdd496c010bf8727a,6f14c947acd81bdff8e300360533a64b6b6033ad43839c46f208cf61484580ac
s08,s0802b,O0_4_keep50,46,3,0.06521739130434782,2,1,0,0.043478260869565216,0.021739130434782608,0.0,46,3,0.06521739130434782,2,1,0,0.043478260869565216,0.021739130434782608,0.0,366.7549859999997,108.17850699999946,0.2949612442351351,127.45199999999998,23,5.541391304347825,87130029b5443647ed1f1febd32ab768bf957a0a1698217eb3cf14b2d00c6ecf,198,3302efd4ea5170e401bf46be1a54596da01331fa4790e21b1f71c6e575687a3f,92090c37d35e3b362fec8be25a72da59401c41b145c2d97dfd03b33e988ce5ce
s08,s0802b,O0_4_MARGIN_all_s0p5,110,6,0.05454545454545454,3,1,0,0.02727272727272727,0.00909090909090909,0.0,112,6,0.05357142857142857,3,1,0,0.026785714285714284,0.008928571428571428,0.0,366.7549859999997,249.2807199999996,0.6796927908704691,290.1680000000002,56,5.181571428571432,87130029b5443647ed1f1febd32ab768bf957a0a1698217eb3cf14b2d00c6ecf,346,81f8c49560f9d0f833edca53932d20d154473c9f1bea3971024242f568a14b3f,2c65e0e831decf32af032144404b13a1e476fe4809a3c28dd59f6b128e294e38
s08,s0802b,O0_4_MARGIN_all_s1,110,6,0.05454545454545454,3,1,0,0.02727272727272727,0.00909090909090909,0.0,112,6,0.05357142857142857,3,1,0,0.026785714285714284,0.008928571428571428,0.0,366.7549859999997,247.3819529999996,0.6745155824548212,286.65200000000016,56,5.118785714285717,87130029b5443647ed1f1febd32ab768bf957a0a1698217eb3cf14b2d00c6ecf,346,404df1bdfe003e5a79ba1d1371e292218eb65846d9032344454c563cbc6ddc2e,fc916fc5c79ce01ee95acd4ca8ece27139b8854c41bb36be12fa7aafe384edba
s08,s0802b,O0_4_MARGIN_all_s2,110,5,0.045454545454545456,2,1,0,0.01818181818181818,0.00909090909090909,0.0,112,5,0.044642857142857144,2,1,0,0.017857142857142856,0.008928571428571428,0.0,366.7549859999997,244.3082979999996,0.6661349056615138,283.04400000000015,56,5.054357142857145,87130029b5443647ed1f1febd32ab768bf957a0a1698217eb3cf14b2d00c6ecf,346,02284c9cc11f64dcad6d75fd6af9dfecc16f4e3a3c05beb4eccaeda020b156df,26a643b4bc528176db2e1a20b02bdf5bd463ea24bcbbc36873802632f49e6bd1
s08,s0802b,O0_4_MARGIN_all_s4,110,4,0.03636363636363636,1,1,0,0.00909090909090909,0.00909090909090909,0.0,114,4,0.03508771929824561,1,1,0,0.008771929824561403,0.008771929824561403,0.0,366.7549859999997,241.85167099999953,0.6594366272637388,279.95200000000017,57,4.911438596491231,87130029b5443647ed1f1febd32ab768bf957a0a1698217eb3cf14b2d00c6ecf,346,360b54378072023a7772b158f07f50daa6fb55ac7e86bb95598c9a1c14607bf7,d24920017ea3810e06958bd4e66d813d5c36728fd8ea30bbcea9e8dffd930624
s08,s0803a,O0_4,104,7,0.0673076923076923,2,1,1,0.019230769230769232,0.009615384615384616,0.009615384615384616,104,7,0.0673076923076923,2,1,1,0.019230769230769232,0.009615384615384616,0.009615384615384616,327.51184900000027,224.6334080000001,0.6858787206810337,251.7880000000003,52,4.842076923076929,87130029b5443647ed1f1febd32ab768bf957a0a1698217eb3cf14b2d00c6ecf,312,68868fa52e1d1a86631f191ec5b4c50f53b155ecf5d05dd161766e921c3617fb,630a7adacc61b6e7de9cd30d0bd40e4e9076c716680aa899170e22e2d2af3836
s08,s0803a,O0_4_sw0p25,104,7,0.0673076923076923,2,1,1,0.019230769230769232,0.009615384615384616,0.009615384615384616,104,7,0.0673076923076923,2,1,1,0.019230769230769232,0.009615384615384616,0.009615384615384616,327.51184900000027,224.6334080000001,0.6858787206810337,251.7880000000003,52,4.842076923076929,87130029b5443647ed1f1febd32ab768bf957a0a1698217eb3cf14b2d00c6ecf,312,68868fa52e1d1a86631f191ec5b4c50f53b155ecf5d05dd161766e921c3617fb,630a7adacc61b6e7de9cd30d0bd40e4e9076c716680aa899170e22e2d2af3836
s08,s0803a,O0_4_sw0p5,104,7,0.0673076923076923,2,1,1,0.019230769230769232,0.009615384615384616,0.009615384615384616,104,7,0.0673076923076923,2,1,1,0.019230769230769232,0.009615384615384616,0.009615384615384616,327.51184900000027,224.6334080000001,0.6858787206810337,251.7880000000003,52,4.842076923076929,87130029b5443647ed1f1febd32ab768bf957a0a1698217eb3cf14b2d00c6ecf,312,68868fa52e1d1a86631f191ec5b4c50f53b155ecf5d05dd161766e921c3617fb,630a7adacc61b6e7de9cd30d0bd40e4e9076c716680aa899170e22e2d2af3836
s08,s0803a,O0_4_sw1,104,7,0.0673076923076923,2,1,1,0.019230769230769232,0.009615384615384616,0.009615384615384616,104,7,0.0673076923076923,2,1,1,0.019230769230769232,0.009615384615384616,0.009615384615384616,327.51184900000027,224.6334080000001,0.6858787206810337,251.7880000000003,52,4.842076923076929,87130029b5443647ed1f1febd32ab768bf957a0a1698217eb3cf14b2d00c6ecf,312,68868fa52e1d1a86631f191ec5b4c50f53b155ecf5d05dd161766e921c3617fb,630a7adacc61b6e7de9cd30d0bd40e4e9076c716680aa899170e22e2d2af3836
s08,s0803a,O0_4_sw2,106,7,0.0660377358490566,2,1,1,0.018867924528301886,0.009433962264150943,0.009433962264150943,108,7,0.06481481481481481,2,1,1,0.018518518518518517,0.009259259259259259,0.009259259259259259,327.51184900000027,225.6268040000001,0.6889118811698319,252.72400000000027,54,4.680074074074079,87130029b5443647ed1f1febd32ab768bf957a0a1698217eb3cf14b2d00c6ecf,312,2395403be026f1e8e9660fb6375bf810dcec7a0c1fcdcb7d35096398d5a979bd,a1067fac49a6fc1f1a41b115ccd8f8d1eff44b05b7d5cfbdd65c32d0b8526379
s08,s0803a,O0_4_sw4,107,7,0.06542056074766354,2,1,1,0.018691588785046728,0.009345794392523364,0.009345794392523364,110,7,0.06363636363636363,2,1,1,0.01818181818181818,0.00909090909090909,0.00909090909090909,327.51184900000027,225.6268040000001,0.6889118811698319,252.72400000000027,55,4.594981818181823,87130029b5443647ed1f1febd32ab768bf957a0a1698217eb3cf14b2d00c6ecf,312,8fa5b3defb1f2f81727cda58ae434b286570306ad17b27518d45fd3fb01d0d3d,16383dc2ccc57e94e69c1f25bdbc1c12084b23a2407c4a1fb0f34780da164389
s08,s0803a,O0_4_keep90,104,7,0.0673076923076923,2,1,1,0.019230769230769232,0.009615384615384616,0.009615384615384616,104,7,0.0673076923076923,2,1,1,0.019230769230769232,0.009615384615384616,0.009615384615384616,327.51184900000027,224.6334080000001,0.6858787206810337,251.7880000000003,52,4.842076923076929,87130029b5443647ed1f1febd32ab768bf957a0a1698217eb3cf14b2d00c6ecf,312,68868fa52e1d1a86631f191ec5b4c50f53b155ecf5d05dd161766e921c3617fb,630a7adacc61b6e7de9cd30d0bd40e4e9076c716680aa899170e22e2d2af3836
s08,s0803a,O0_4_keep80,104,7,0.0673076923076923,2,1,1,0.019230769230769232,0.009615384615384616,0.009615384615384616,104,7,0.0673076923076923,2,1,1,0.019230769230769232,0.009615384615384616,0.009615384615384616,327.51184900000027,219.79144300000002,0.6710946296175069,246.5160000000002,52,4.740692307692312,87130029b5443647ed1f1febd32ab768bf957a0a1698217eb3cf14b2d00c6ecf,304,3debba6fb7cabbad4b43ed688fdf2853feaef45921caf57b17fe8ea6f2ab89e2,6f9c667c6bde9718b12af03d360d16d83b5305fc6f55f3c35a8d28ca49884bd7
s08,s0803a,O0_4_keep70,104,7,0.0673076923076923,2,1,1,0.019230769230769232,0.009615384615384616,0.009615384615384616,104,7,0.0673076923076923,2,1,1,0.019230769230769232,0.009615384615384616,0.009615384615384616,327.51184900000027,219.77607100000006,0.6710476939110679,246.60800000000017,52,4.742461538461542,87130029b5443647ed1f1febd32ab768bf957a0a1698217eb3cf14b2d00c6ecf,299,d3af8736286a049ac314ce8e71530e5f4a41ff089c96ead7fb661a2d32d568d6,f25112d7244349df84acdb6372191e1db087bea8d4036ef46ce8927f8e91f632
s08,s0803a,O0_4_keep60,94,6,0.06382978723404255,1,0,0,0.010638297872340425,0.0,0.0,94,6,0.06382978723404255,1,0,0,0.010638297872340425,0.0,0.0,327.51184900000027,202.59129800000008,0.618577002995699,226.06400000000016,47,4.809872340425535,87130029b5443647ed1f1febd32ab768bf957a0a1698217eb3cf14b2d00c6ecf,267,3cb47ab3aac5ee93fec13900414b9b7d3e10c823fe28124bdfc1b25dcf44142d,6440b1018ef078c6a6a23d59ac3dc5cad6a57150a6d1ae322da006949141451b
s08,s0803a,O0_4_keep50,40,3,0.075,0,0,0,0.0,0.0,0.0,40,3,0.075,0,0,0,0.0,0.0,0.0,327.51184900000027,90.92819400000012,0.2776332956429923,103.49600000000001,20,5.1748,87130029b5443647ed1f1febd32ab768bf957a0a1698217eb3cf14b2d00c6ecf,181,35ef53ca760a6f94d6751535c0180b7e333106fbfb22bea123d108d883e0fdf8,f687d236b1a89dd97832778cdcdb1fbb0a0aa16e744f11768136725960946bfb
s08,s0803a,O0_4_MARGIN_all_s0p5,104,7,0.0673076923076923,2,1,1,0.019230769230769232,0.009615384615384616,0.009615384615384616,104,7,0.0673076923076923,2,1,1,0.019230769230769232,0.009615384615384616,0.009615384615384616,327.51184900000027,224.6334080000001,0.6858787206810337,251.7880000000003,52,4.842076923076929,87130029b5443647ed1f1febd32ab768bf957a0a1698217eb3cf14b2d00c6ecf,312,68868fa52e1d1a86631f191ec5b4c50f53b155ecf5d05dd161766e921c3617fb,630a7adacc61b6e7de9cd30d0bd40e4e9076c716680aa899170e22e2d2af3836
s08,s0803a,O0_4_MARGIN_all_s1,104,7,0.0673076923076923,2,1,1,0.019230769230769232,0.009615384615384616,0.009615384615384616,104,7,0.0673076923076923,2,1,1,0.019230769230769232,0.009615384615384616,0.009615384615384616,327.51184900000027,223.4142890000001,0.6821563545934484,249.85200000000026,52,4.804846153846158,87130029b5443647ed1f1febd32ab768bf957a0a1698217eb3cf14b2d00c6ecf,312,59f154d0af535294255e6c312d365e9e016d5147c014213f1b5ab067b4aa2365,548f746def71cdf9f23f850483d87b1cd926bc0bc8b9d59b975cb5ad1c3e494e
s08,s0803a,O0_4_MARGIN_all_s2,104,7,0.0673076923076923,2,1,1,0.019230769230769232,0.009615384615384616,0.009615384615384616,104,7,0.0673076923076923,2,1,1,0.019230769230769232,0.009615384615384616,0.009615384615384616,327.51184900000027,219.55053600000008,0.6703590623373138,245.44800000000026,52,4.720153846153851,87130029b5443647ed1f1febd32ab768bf957a0a1698217eb3cf14b2d00c6ecf,312,d845d717b47ff8a7f469f3652fe7074f0bcb823c30647a19fa8812b4416dd94d,8d04e05b64b709403930c3f1361c41ba25bb66683985dac291b9db614a3d3d4f
s08,s0803a,O0_4_MARGIN_all_s4,105,7,0.06666666666666667,2,1,1,0.01904761904761905,0.009523809523809525,0.009523809523809525,106,7,0.0660377358490566,2,1,1,0.018867924528301886,0.009433962264150943,0.009433962264150943,327.51184900000027,219.55053600000008,0.6703590623373138,245.44800000000026,53,4.6310943396226465,87130029b5443647ed1f1febd32ab768bf957a0a1698217eb3cf14b2d00c6ecf,312,0090485ca593e57b8529a362ed87945bc18d8192549219733678721828eff166,e38152f9bbdc73524128a3965d272fd10777687e4a091c039ec30055f0d9b1dc
s08,s0803b,O0_4,85,4,0.047058823529411764,3,0,0,0.03529411764705882,0.0,0.0,86,4,0.046511627906976744,3,0,0,0.03488372093023256,0.0,0.0,292.44129599999997,185.86415000000022,0.6355605468250977,213.44800000000004,43,4.963906976744187,87130029b5443647ed1f1febd32ab768bf957a0a1698217eb3cf14b2d00c6ecf,296,1ed320f650c25e826eb3be6f3884aa8ff745f238dcfc3b3f2b93927a4dd18dac,b3a198e2c1ea47baa0e48fda799968870c9a7925af911b872ce6124f07b91fa3
s08,s0803b,O0_4_sw0p25,85,4,0.047058823529411764,3,0,0,0.03529411764705882,0.0,0.0,86,4,0.046511627906976744,3,0,0,0.03488372093023256,0.0,0.0,292.44129599999997,185.86415000000022,0.6355605468250977,213.44800000000004,43,4.963906976744187,87130029b5443647ed1f1febd32ab768bf957a0a1698217eb3cf14b2d00c6ecf,296,1ed320f650c25e826eb3be6f3884aa8ff745f238dcfc3b3f2b93927a4dd18dac,b3a198e2c1ea47baa0e48fda799968870c9a7925af911b872ce6124f07b91fa3
s08,s0803b,O0_4_sw0p5,85,4,0.047058823529411764,3,0,0,0.03529411764705882,0.0,0.0,86,4,0.046511627906976744,3,0,0,0.03488372093023256,0.0,0.0,292.44129599999997,185.86415000000022,0.6355605468250977,213.44800000000004,43,4.963906976744187,87130029b5443647ed1f1febd32ab768bf957a0a1698217eb3cf14b2d00c6ecf,296,1ed320f650c25e826eb3be6f3884aa8ff745f238dcfc3b3f2b93927a4dd18dac,b3a198e2c1ea47baa0e48fda799968870c9a7925af911b872ce6124f07b91fa3
s08,s0803b,O0_4_sw1,85,4,0.047058823529411764,3,0,0,0.03529411764705882,0.0,0.0,86,4,0.046511627906976744,3,0,0,0.03488372093023256,0.0,0.0,292.44129599999997,185.86415000000022,0.6355605468250977,213.44800000000004,43,4.963906976744187,87130029b5443647ed1f1febd32ab768bf957a0a1698217eb3cf14b2d00c6ecf,296,1ed320f650c25e826eb3be6f3884aa8ff745f238dcfc3b3f2b93927a4dd18dac,b3a198e2c1ea47baa0e48fda799968870c9a7925af911b872ce6124f07b91fa3
s08,s0803b,O0_4_sw2,89,4,0.0449438202247191,3,0,0,0.033707865168539325,0.0,0.0,94,4,0.0425531914893617,3,0,0,0.031914893617021274,0.0,0.0,292.44129599999997,192.21087400000013,0.657263104182113,220.556,47,4.69268085106383,87130029b5443647ed1f1febd32ab768bf957a0a1698217eb3cf14b2d00c6ecf,296,463458fa2c7bd8c27c45431d518c521439bc36dfd1804addd4fc003b61cca046,16170317466fc4df875fcafcf59ea53bb184ebd11399c167c564969baf5cb090
s08,s0803b,O0_4_sw4,91,4,0.04395604395604396,3,0,0,0.03296703296703297,0.0,0.0,98,4,0.04081632653061224,3,0,0,0.030612244897959183,0.0,0.0,292.44129599999997,192.58628500000015,0.6585468182304874,220.776,49,4.505632653061225,87130029b5443647ed1f1febd32ab768bf957a0a1698217eb3cf14b2d00c6ecf,296,78ac9120e15061bc2386bb86cfc32a95d49af504f5c7bae693e77d2684995330,7b56166ab8d57a304dcc88c5e343f25d92d13337e6942138a85ce9b212d90954
s08,s0803b,O0_4_keep90,85,4,0.047058823529411764,3,0,0,0.03529411764705882,0.0,0.0,86,4,0.046511627906976744,3,0,0,0.03488372093023256,0.0,0.0,292.44129599999997,185.86415000000022,0.6355605468250977,213.44800000000004,43,4.963906976744187,87130029b5443647ed1f1febd32ab768bf957a0a1698217eb3cf14b2d00c6ecf,296,1ed320f650c25e826eb3be6f3884aa8ff745f238dcfc3b3f2b93927a4dd18dac,b3a198e2c1ea47baa0e48fda799968870c9a7925af911b872ce6124f07b91fa3
s08,s0803b,O0_4_keep80,84,4,0.047619047619047616,3,0,0,0.03571428571428571,0.0,0.0,84,4,0.047619047619047616,3,0,0,0.03571428571428571,0.0,0.0,292.44129599999997,179.14576700000026,0.6125871053450682,205.73200000000008,42,4.898380952380954,87130029b5443647ed1f1febd32ab768bf957a0a1698217eb3cf14b2d00c6ecf,288,f453903d457f069d2e33ea518a4bc4ae9fe036379bfdc16175c1d76380940739,cb8b20a72e302dee41fb60e647f04114d785ce28d39bcae72bc6ce2fdddf8cf4
s08,s0803b,O0_4_keep70,80,4,0.05,3,0,0,0.0375,0.0,0.0,80,4,0.05,3,0,0,0.0375,0.0,0.0,292.44129599999997,167.1209530000002,0.5714683777081888,191.9400000000001,40,4.798500000000002,87130029b5443647ed1f1febd32ab768bf957a0a1698217eb3cf14b2d00c6ecf,277,c50f9af25692b11ae4f1f554b1ef162b233e06fc5128270466d940b810108504,ae20fb5dcdbad3125ae176a4643c74186e5be2bf24529d67b683e4d2f3862eee
s08,s0803b,O0_4_keep60,70,4,0.05714285714285714,3,0,0,0.04285714285714286,0.0,0.0,70,4,0.05714285714285714,3,0,0,0.04285714285714286,0.0,0.0,292.44129599999997,144.7451270000003,0.4949544711359791,166.3,35,4.751428571428572,87130029b5443647ed1f1febd32ab768bf957a0a1698217eb3cf14b2d00c6ecf,242,4db8b1ed538bcf2ad92756ffb9aba8971c4bf1a2710483f06d017f7dadd5bfc0,a2e999a8021cceb5b195536075b34d75048bd831d1baaa69712f0fcc85071c24
s08,s0803b,O0_4_keep50,32,1,0.03125,1,0,0,0.03125,0.0,0.0,32,1,0.03125,1,0,0,0.03125,0.0,0.0,292.44129599999997,72.1091240000001,0.2465764069107398,85.08800000000005,16,5.318000000000003,87130029b5443647ed1f1febd32ab768bf957a0a1698217eb3cf14b2d00c6ecf,167,71e765326f34cdd10a2f7b57bd40c6b3cbe9ac3a86ac904d6ffc9fc4f7506d35,73afd57cbd6eb6dc08b00086f647a58dbc7364d3f61f76d20cde8ed80bcf5c97
s08,s0803b,O0_4_MARGIN_all_s0p5,85,4,0.047058823529411764,3,0,0,0.03529411764705882,0.0,0.0,86,4,0.046511627906976744,3,0,0,0.03488372093023256,0.0,0.0,292.44129599999997,185.86415000000022,0.6355605468250977,213.44800000000004,43,4.963906976744187,87130029b5443647ed1f1febd32ab768bf957a0a1698217eb3cf14b2d00c6ecf,296,1ed320f650c25e826eb3be6f3884aa8ff745f238dcfc3b3f2b93927a4dd18dac,b3a198e2c1ea47baa0e48fda799968870c9a7925af911b872ce6124f07b91fa3
s08,s0803b,O0_4_MARGIN_all_s1,85,4,0.047058823529411764,3,0,0,0.03529411764705882,0.0,0.0,86,4,0.046511627906976744,3,0,0,0.03488372093023256,0.0,0.0,292.44129599999997,185.29554500000017,0.6336162078833086,212.392,43,4.939348837209303,87130029b5443647ed1f1febd32ab768bf957a0a1698217eb3cf14b2d00c6ecf,296,8d2b13e08c8407718426a48d6a228c09d9b2074dfce129275f264319e0027074,9cad3c1ad5c82b9bee3e3ce0951dbf1d679043eb8d12d60a906cbd240aa0244f
s08,s0803b,O0_4_MARGIN_all_s2,85,5,0.058823529411764705,4,0,0,0.047058823529411764,0.0,0.0,86,5,0.05813953488372093,4,0,0,0.046511627906976744,0.0,0.0,292.44129599999997,177.1332720000001,0.6057053994180087,202.172,43,4.701674418604651,87130029b5443647ed1f1febd32ab768bf957a0a1698217eb3cf14b2d00c6ecf,296,87091ad26a2227a0cd36661eda7015fe360c371ccdddb65b7c1970d0a252765b,57781e0c7a8718c3217efc75656f09219b60a2625c24c082fa499cca151c5402
s08,s0803b,O0_4_MARGIN_all_s4,87,6,0.06896551724137931,4,0,0,0.04597701149425287,0.0,0.0,90,6,0.06666666666666667,4,0,0,0.044444444444444446,0.0,0.0,292.44129599999997,177.70471400000002,0.6076594394520808,202.23999999999992,45,4.494222222222221,87130029b5443647ed1f1febd32ab768bf957a0a1698217eb3cf14b2d00c6ecf,296,9462088486b747c01278042acb922b9a14f98ab2025e68fe4a39a7eb70a58805,a7451e7511464a088eedfbe0fd5eb0ce239d8d93ad627ba3c4138ff0bcd1d9b8
s08,s0804a,O0_4,18,1,0.05555555555555555,1,0,0,0.05555555555555555,0.0,0.0,18,1,0.05555555555555555,1,0,0,0.05555555555555555,0.0,0.0,90.74609900000007,48.85475499999997,0.5383675501026213,54.97999999999999,9,6.108888888888888,87130029b5443647ed1f1febd32ab768bf957a0a1698217eb3cf14b2d00c6ecf,81,8b59b89187777e673694a40e2e8a66b3cb03f9f518c9dbda9d17e6e5464e3c79,d74453476b567a8efbb8d3fb792fe86711c0b437f8d1315a00174a4f5ada5ff9
s08,s0804a,O0_4_sw0p25,18,1,0.05555555555555555,1,0,0,0.05555555555555555,0.0,0.0,18,1,0.05555555555555555,1,0,0,0.05555555555555555,0.0,0.0,90.74609900000007,48.85475499999997,0.5383675501026213,54.97999999999999,9,6.108888888888888,87130029b5443647ed1f1febd32ab768bf957a0a1698217eb3cf14b2d00c6ecf,81,8b59b89187777e673694a40e2e8a66b3cb03f9f518c9dbda9d17e6e5464e3c79,d74453476b567a8efbb8d3fb792fe86711c0b437f8d1315a00174a4f5ada5ff9
s08,s0804a,O0_4_sw0p5,18,1,0.05555555555555555,1,0,0,0.05555555555555555,0.0,0.0,18,1,0.05555555555555555,1,0,0,0.05555555555555555,0.0,0.0,90.74609900000007,48.85475499999997,0.5383675501026213,54.97999999999999,9,6.108888888888888,87130029b5443647ed1f1febd32ab768bf957a0a1698217eb3cf14b2d00c6ecf,81,8b59b89187777e673694a40e2e8a66b3cb03f9f518c9dbda9d17e6e5464e3c79,d74453476b567a8efbb8d3fb792fe86711c0b437f8d1315a00174a4f5ada5ff9
s08,s0804a,O0_4_sw1,18,1,0.05555555555555555,1,0,0,0.05555555555555555,0.0,0.0,18,1,0.05555555555555555,1,0,0,0.05555555555555555,0.0,0.0,90.74609900000007,48.85475499999997,0.5383675501026213,54.97999999999999,9,6.108888888888888,87130029b5443647ed1f1febd32ab768bf957a0a1698217eb3cf14b2d00c6ecf,81,8b59b89187777e673694a40e2e8a66b3cb03f9f518c9dbda9d17e6e5464e3c79,d74453476b567a8efbb8d3fb792fe86711c0b437f8d1315a00174a4f5ada5ff9
s08,s0804a,O0_4_sw2,19,1,0.05263157894736842,1,0,0,0.05263157894736842,0.0,0.0,20,1,0.05,1,0,0,0.05,0.0,0.0,90.74609900000007,48.85475499999997,0.5383675501026213,54.97999999999999,10,5.497999999999999,87130029b5443647ed1f1febd32ab768bf957a0a1698217eb3cf14b2d00c6ecf,81,3a12820604daaae7bfcaa557617fee03c2401d3a064bb9874d121c6909ea0883,d7f921257f51038808aae736cec5dfb00b3cc71829a2e73ae1c90550e41be2a2
s08,s0804a,O0_4_sw4,19,1,0.05263157894736842,1,0,0,0.05263157894736842,0.0,0.0,20,1,0.05,1,0,0,0.05,0.0,0.0,90.74609900000007,48.333450999999954,0.5326229064678573,54.244,10,5.4244,87130029b5443647ed1f1febd32ab768bf957a0a1698217eb3cf14b2d00c6ecf,81,173f2302ebbacf6d76b2e4b9b5f4ac00a4872cf9a8178506d06f735ced161cc7,50f1e99c3b20a213689389455e6462f5988947ed0dd5e3109c51b4d3a6f98f27
s08,s0804a,O0_4_keep90,18,1,0.05555555555555555,1,0,0,0.05555555555555555,0.0,0.0,18,1,0.05555555555555555,1,0,0,0.05555555555555555,0.0,0.0,90.74609900000007,48.85475499999997,0.5383675501026213,54.97999999999999,9,6.108888888888888,87130029b5443647ed1f1febd32ab768bf957a0a1698217eb3cf14b2d00c6ecf,81,8b59b89187777e673694a40e2e8a66b3cb03f9f518c9dbda9d17e6e5464e3c79,d74453476b567a8efbb8d3fb792fe86711c0b437f8d1315a00174a4f5ada5ff9
s08,s0804a,O0_4_keep80,18,1,0.05555555555555555,1,0,0,0.05555555555555555,0.0,0.0,18,1,0.05555555555555555,1,0,0,0.05555555555555555,0.0,0.0,90.74609900000007,48.85475499999997,0.5383675501026213,54.97999999999999,9,6.108888888888888,87130029b5443647ed1f1febd32ab768bf957a0a1698217eb3cf14b2d00c6ecf,80,8b59b89187777e673694a40e2e8a66b3cb03f9f518c9dbda9d17e6e5464e3c79,d74453476b567a8efbb8d3fb792fe86711c0b437f8d1315a00174a4f5ada5ff9
s08,s0804a,O0_4_keep70,18,1,0.05555555555555555,1,0,0,0.05555555555555555,0.0,0.0,18,1,0.05555555555555555,1,0,0,0.05555555555555555,0.0,0.0,90.74609900000007,48.333450999999954,0.5326229064678573,54.244,9,6.027111111111111,87130029b5443647ed1f1febd32ab768bf957a0a1698217eb3cf14b2d00c6ecf,78,86e36b35531f8ba59d3313ff88b8d9d6c5a91c6ca5ce0c7b39dd603dfab496e7,a3090c98c83e4e96b00282a2d8b0b12c74e58defe236fa58dc6ac8e576ae2448
s08,s0804a,O0_4_keep60,18,1,0.05555555555555555,1,0,0,0.05555555555555555,0.0,0.0,18,1,0.05555555555555555,1,0,0,0.05555555555555555,0.0,0.0,90.74609900000007,46.85488499999995,0.5163294677824103,52.67599999999999,9,5.852888888888888,87130029b5443647ed1f1febd32ab768bf957a0a1698217eb3cf14b2d00c6ecf,72,c851d5b16bd48d4f86b6c27228e48c41da4c80ee68e24b18b23f85a6acc8ba76,5346994900af36c6e636d7fa2db9996dc428e888ceca27c6b8047c721dc437bb
s08,s0804a,O0_4_keep50,10,0,0.0,0,0,0,0.0,0.0,0.0,10,0,0.0,0,0,0,0.0,0.0,0.0,90.74609900000007,23.558227999999986,0.25960595837844186,26.924,5,5.3848,87130029b5443647ed1f1febd32ab768bf957a0a1698217eb3cf14b2d00c6ecf,46,3e1e78bcc458826b52785ae38dfdf9e9c37c5546f3ed7ef590c9b3e532c446e0,3186fa8d90547e03a0abd2fbf1312f661db4e08923b3a54bcf84edcd53e98def
s08,s0804a,O0_4_MARGIN_all_s0p5,18,1,0.05555555555555555,1,0,0,0.05555555555555555,0.0,0.0,18,1,0.05555555555555555,1,0,0,0.05555555555555555,0.0,0.0,90.74609900000007,48.85475499999997,0.5383675501026213,54.97999999999999,9,6.108888888888888,87130029b5443647ed1f1febd32ab768bf957a0a1698217eb3cf14b2d00c6ecf,81,8b59b89187777e673694a40e2e8a66b3cb03f9f518c9dbda9d17e6e5464e3c79,d74453476b567a8efbb8d3fb792fe86711c0b437f8d1315a00174a4f5ada5ff9
s08,s0804a,O0_4_MARGIN_all_s1,18,1,0.05555555555555555,1,0,0,0.05555555555555555,0.0,0.0,18,1,0.05555555555555555,1,0,0,0.05555555555555555,0.0,0.0,90.74609900000007,48.85475499999997,0.5383675501026213,54.97999999999999,9,6.108888888888888,87130029b5443647ed1f1febd32ab768bf957a0a1698217eb3cf14b2d00c6ecf,81,8b59b89187777e673694a40e2e8a66b3cb03f9f518c9dbda9d17e6e5464e3c79,d74453476b567a8efbb8d3fb792fe86711c0b437f8d1315a00174a4f5ada5ff9
s08,s0804a,O0_4_MARGIN_all_s2,18,1,0.05555555555555555,1,0,0,0.05555555555555555,0.0,0.0,18,1,0.05555555555555555,1,0,0,0.05555555555555555,0.0,0.0,90.74609900000007,48.85475499999997,0.5383675501026213,54.97999999999999,9,6.108888888888888,87130029b5443647ed1f1febd32ab768bf957a0a1698217eb3cf14b2d00c6ecf,81,8b59b89187777e673694a40e2e8a66b3cb03f9f518c9dbda9d17e6e5464e3c79,d74453476b567a8efbb8d3fb792fe86711c0b437f8d1315a00174a4f5ada5ff9
s08,s0804a,O0_4_MARGIN_all_s4,18,1,0.05555555555555555,1,0,0,0.05555555555555555,0.0,0.0,18,1,0.05555555555555555,1,0,0,0.05555555555555555,0.0,0.0,90.74609900000007,47.61496099999997,0.5247053209416741,53.203999999999986,9,5.911555555555554,87130029b5443647ed1f1febd32ab768bf957a0a1698217eb3cf14b2d00c6ecf,81,542500827a821cb6b86362fe40cad2562ac824cde666d0ee478d38237ec9d183,cb8985d109d76c1d721d9a9b6d52ba53ab4180bd08f1ca66136a310ec33b0c8a
s09,s0901a,O0_4,92,10,0.10869565217391304,6,3,1,0.06521739130434782,0.03260869565217391,0.010869565217391304,96,11,0.11458333333333333,7,4,2,0.07291666666666667,0.041666666666666664,0.020833333333333332,319.76242100000013,217.27399700000015,0.6794857141765263,250.272,48,5.2139999999999995,87130029b5443647ed1f1febd32ab768bf957a0a1698217eb3cf14b2d00c6ecf,305,1f07f10c83dbc027a5e0be320bc9c5986b6e8d287460db5d83712d23134918e4,a60cca58cc96a9d3b55d885e8acf9df1bd3a0c347cf74b4aa45aac703ed492eb
s09,s0901a,O0_4_sw0p25,92,10,0.10869565217391304,6,3,1,0.06521739130434782,0.03260869565217391,0.010869565217391304,96,11,0.11458333333333333,7,4,2,0.07291666666666667,0.041666666666666664,0.020833333333333332,319.76242100000013,217.27399700000015,0.6794857141765263,250.272,48,5.2139999999999995,87130029b5443647ed1f1febd32ab768bf957a0a1698217eb3cf14b2d00c6ecf,305,1f07f10c83dbc027a5e0be320bc9c5986b6e8d287460db5d83712d23134918e4,a60cca58cc96a9d3b55d885e8acf9df1bd3a0c347cf74b4aa45aac703ed492eb
s09,s0901a,O0_4_sw0p5,92,10,0.10869565217391304,6,3,1,0.06521739130434782,0.03260869565217391,0.010869565217391304,96,11,0.11458333333333333,7,4,2,0.07291666666666667,0.041666666666666664,0.020833333333333332,319.76242100000013,217.27399700000015,0.6794857141765263,250.272,48,5.2139999999999995,87130029b5443647ed1f1febd32ab768bf957a0a1698217eb3cf14b2d00c6ecf,305,1f07f10c83dbc027a5e0be320bc9c5986b6e8d287460db5d83712d23134918e4,a60cca58cc96a9d3b55d885e8acf9df1bd3a0c347cf74b4aa45aac703ed492eb
s09,s0901a,O0_4_sw1,92,10,0.10869565217391304,6,3,1,0.06521739130434782,0.03260869565217391,0.010869565217391304,96,11,0.11458333333333333,7,4,2,0.07291666666666667,0.041666666666666664,0.020833333333333332,319.76242100000013,217.27399700000015,0.6794857141765263,250.272,48,5.2139999999999995,87130029b5443647ed1f1febd32ab768bf957a0a1698217eb3cf14b2d00c6ecf,305,1f07f10c83dbc027a5e0be320bc9c5986b6e8d287460db5d83712d23134918e4,a60cca58cc96a9d3b55d885e8acf9df1bd3a0c347cf74b4aa45aac703ed492eb
s09,s0901a,O0_4_sw2,93,10,0.10752688172043011,6,3,1,0.06451612903225806,0.03225806451612903,0.010752688172043012,98,11,0.11224489795918367,7,4,2,0.07142857142857142,0.04081632653061224,0.02040816326530612,319.76242100000013,217.27399700000015,0.6794857141765263,250.272,49,5.107591836734693,87130029b5443647ed1f1febd32ab768bf957a0a1698217eb3cf14b2d00c6ecf,305,e98b19bebe66b51fa8cdbca9bfbde18c11c79f045f0fde8e2c9959a11ce05a9c,63bc231a2e3aff9c0a67d9783c46635d888273b66830c5c4881b49c0ba7ed7b5
s09,s0901a,O0_4_sw4,96,10,0.10416666666666667,6,3,1,0.0625,0.03125,0.010416666666666666,104,11,0.10576923076923077,7,4,2,0.0673076923076923,0.038461538461538464,0.019230769230769232,319.76242100000013,217.94206300000022,0.6815749715630285,251.31599999999995,52,4.832999999999999,87130029b5443647ed1f1febd32ab768bf957a0a1698217eb3cf14b2d00c6ecf,305,6e1bce3998c4adfa3f831de69e0f023f4a00ffdba2eac60fa6002425cf57800f,000edfe5a659b5218a67712cb567852a5d47fc1f163fbb2e6c53f1fcd6aa1316
s09,s0901a,O0_4_keep90,92,10,0.10869565217391304,6,3,1,0.06521739130434782,0.03260869565217391,0.010869565217391304,96,11,0.11458333333333333,7,4,2,0.07291666666666667,0.041666666666666664,0.020833333333333332,319.76242100000013,217.27399700000015,0.6794857141765263,250.272,48,5.2139999999999995,87130029b5443647ed1f1febd32ab768bf957a0a1698217eb3cf14b2d00c6ecf,305,1f07f10c83dbc027a5e0be320bc9c5986b6e8d287460db5d83712d23134918e4,a60cca58cc96a9d3b55d885e8acf9df1bd3a0c347cf74b4aa45aac703ed492eb
s09,s0901a,O0_4_keep80,88,11,0.125,7,3,1,0.07954545454545454,0.03409090909090909,0.011363636363636364,90,12,0.13333333333333333,8,4,2,0.08888888888888889,0.044444444444444446,0.022222222222222223,319.76242100000013,201.956108,0.6315817454984803,231.3319999999999,45,5.140711111111109,87130029b5443647ed1f1febd32ab768bf957a0a1698217eb3cf14b2d00c6ecf,295,cff6b16f110f5bc2bdd958912245ce77677e290969fe7798edb8d3a363fe846d,feb833e19e709025f167824163bb9aa5661f748dc6890bbce937a4ccdfae737f
s09,s0901a,O0_4_keep70,83,8,0.0963855421686747,6,3,1,0.07228915662650602,0.03614457831325301,0.012048192771084338,84,9,0.10714285714285714,7,4,2,0.08333333333333333,0.047619047619047616,0.023809523809523808,319.76242100000013,184.18087,0.5759928556457856,211.4719999999999,42,5.035047619047616,87130029b5443647ed1f1febd32ab768bf957a0a1698217eb3cf14b2d00c6ecf,283,636a3bdb791a8c16e757ef57f73f617a19082ce2f5d55fa231dd506eeca2ba59,2c6965effe2e9bcca12195824b4132bd94c604f2467b8fa9e7d8bfae6303007e
s09,s0901a,O0_4_keep60,74,7,0.0945945945945946,6,3,1,0.08108108108108109,0.04054054054054054,0.013513513513513514,74,7,0.0945945945945946,6,3,1,0.08108108108108109,0.04054054054054054,0.013513513513513514,319.76242100000013,165.75431000000003,0.5183670722833311,191.0639999999999,37,5.16389189189189,87130029b5443647ed1f1febd32ab768bf957a0a1698217eb3cf14b2d00c6ecf,256,f3db89ec1adc8b43db57e68d2e874a3b6f14796c6c5867f59bdc27c007590319,48cc858dd4cb90b028d6ec31be1acf3d6fe9cf21f2442c4284887474726d2123
s09,s0901a,O0_4_keep50,44,6,0.13636363636363635,5,3,1,0.11363636363636363,0.06818181818181818,0.022727272727272728,44,6,0.13636363636363635,5,3,1,0.11363636363636363,0.06818181818181818,0.022727272727272728,319.76242100000013,103.2988710000002,0.3230488144196286,119.51199999999994,22,5.432363636363633,87130029b5443647ed1f1febd32ab768bf957a0a1698217eb3cf14b2d00c6ecf,169,23d90e0fdf9994bbb6da6b8fbcbd36ce1ee660dabeec1c9f2ed8ff75fa6121a5,b43523dd97f97633300ae411f896614275b43adb018dc77619307d5af356f900
s09,s0901a,O0_4_MARGIN_all_s0p5,92,11,0.11956521739130435,7,4,1,0.07608695652173914,0.043478260869565216,0.010869565217391304,96,12,0.125,8,5,2,0.08333333333333333,0.052083333333333336,0.020833333333333332,319.76242100000013,217.18777300000013,0.6792160639789503,250.048,48,5.209333333333333,87130029b5443647ed1f1febd32ab768bf957a0a1698217eb3cf14b2d00c6ecf,305,79cd5bcdc37c09fd1b4fa44223d2825d6bebd571bffbf4d012b066287fe07fc1,c04832c2103a2a6e1c6be0fe23b687a04df6b9dc28a5ee42bee68a29df416217
s09,s0901a,O0_4_MARGIN_all_s1,92,11,0.11956521739130435,7,4,1,0.07608695652173914,0.043478260869565216,0.010869565217391304,96,12,0.125,8,5,2,0.08333333333333333,0.052083333333333336,0.020833333333333332,319.76242100000013,213.36576100000016,0.6672634024121304,244.92800000000003,48,5.102666666666667,87130029b5443647ed1f1febd32ab768bf957a0a1698217eb3cf14b2d00c6ecf,305,0561e65c63513171bd9859519e24553dfdd07657251e1d94dee6ef0707bebeaa,0d220acf695c8d6f18297ef016ac434cbed928b43a4869b8efe853a0b2ea8fb3
s09,s0901a,O0_4_MARGIN_all_s2,92,11,0.11956521739130435,7,4,1,0.07608695652173914,0.043478260869565216,0.010869565217391304,96,12,0.125,8,5,2,0.08333333333333333,0.052083333333333336,0.020833333333333332,319.76242100000013,212.71497300000019,0.6652281788922285,244.06000000000003,48,5.084583333333334,87130029b5443647ed1f1febd32ab768bf957a0a1698217eb3cf14b2d00c6ecf,305,7ff0fd2d9079be6ffb63eaf55468076c516058c579cd0ec6a2c52fe70cb703f5,5af1025d1f0e529febda3ef4270db24125e9883dbc68ba58075d4976dd2a55b5
s09,s0901a,O0_4_MARGIN_all_s4,92,9,0.09782608695652174,7,4,1,0.07608695652173914,0.043478260869565216,0.010869565217391304,96,10,0.10416666666666667,8,5,2,0.08333333333333333,0.052083333333333336,0.020833333333333332,319.76242100000013,208.75403800000018,0.6528410603946487,239.06800000000018,48,4.980583333333337,87130029b5443647ed1f1febd32ab768bf957a0a1698217eb3cf14b2d00c6ecf,305,5a217e41c3f1edd3423eec6338ae214ef1ce1ef30d3ea3c794283ba0b9b9a35a,c00bdc4422c2b777f59e783850accf4d15d24a9a49d7cec05fb885bc1b8e7c2e
s09,s0901b,O0_4,69,5,0.07246376811594203,3,0,0,0.043478260869565216,0.0,0.0,72,5,0.06944444444444445,3,0,0,0.041666666666666664,0.0,0.0,273.5998189999996,154.9971209999996,0.5665103199501744,177.58800000000002,36,4.933000000000001,87130029b5443647ed1f1febd32ab768bf957a0a1698217eb3cf14b2d00c6ecf,310,22aa9cdb32edf939e0171011f929a104ba392eb05e497b072b20fe5d3eccdd0f,9b4e5db3de0f0a456fb3e710bbaf0324c87dcce6a72d0a9644983d1f33b75cff
s09,s0901b,O0_4_sw0p25,69,5,0.07246376811594203,3,0,0,0.043478260869565216,0.0,0.0,72,5,0.06944444444444445,3,0,0,0.041666666666666664,0.0,0.0,273.5998189999996,154.9971209999996,0.5665103199501744,177.58800000000002,36,4.933000000000001,87130029b5443647ed1f1febd32ab768bf957a0a1698217eb3cf14b2d00c6ecf,310,22aa9cdb32edf939e0171011f929a104ba392eb05e497b072b20fe5d3eccdd0f,9b4e5db3de0f0a456fb3e710bbaf0324c87dcce6a72d0a9644983d1f33b75cff
s09,s0901b,O0_4_sw0p5,69,5,0.07246376811594203,3,0,0,0.043478260869565216,0.0,0.0,72,5,0.06944444444444445,3,0,0,0.041666666666666664,0.0,0.0,273.5998189999996,154.9971209999996,0.5665103199501744,177.58800000000002,36,4.933000000000001,87130029b5443647ed1f1febd32ab768bf957a0a1698217eb3cf14b2d00c6ecf,310,22aa9cdb32edf939e0171011f929a104ba392eb05e497b072b20fe5d3eccdd0f,9b4e5db3de0f0a456fb3e710bbaf0324c87dcce6a72d0a9644983d1f33b75cff
s09,s0901b,O0_4_sw1,69,5,0.07246376811594203,3,0,0,0.043478260869565216,0.0,0.0,72,5,0.06944444444444445,3,0,0,0.041666666666666664,0.0,0.0,273.5998189999996,154.9971209999996,0.5665103199501744,177.58800000000002,36,4.933000000000001,87130029b5443647ed1f1febd32ab768bf957a0a1698217eb3cf14b2d00c6ecf,310,22aa9cdb32edf939e0171011f929a104ba392eb05e497b072b20fe5d3eccdd0f,9b4e5db3de0f0a456fb3e710bbaf0324c87dcce6a72d0a9644983d1f33b75cff
s09,s0901b,O0_4_sw2,70,6,0.08571428571428572,4,0,0,0.05714285714285714,0.0,0.0,74,6,0.08108108108108109,4,0,0,0.05405405405405406,0.0,0.0,273.5998189999996,154.95284499999963,0.5663484923577374,177.488,37,4.796972972972973,87130029b5443647ed1f1febd32ab768bf957a0a1698217eb3cf14b2d00c6ecf,310,900414e2d9dbc384917aaee90a681c2e40ad18c86c5ddcdfff5bc78933baa07f,654c4b02dd84ffdfe2fd321308c0af8ea83bd43dcc46c70054beb23c3bf8d6a5
s09,s0901b,O0_4_sw4,73,7,0.0958904109589041,5,0,0,0.0684931506849315,0.0,0.0,78,8,0.10256410256410256,6,0,0,0.07692307692307693,0.0,0.0,273.5998189999996,155.9282949999996,0.5699137359443933,178.684,39,4.581641025641026,87130029b5443647ed1f1febd32ab768bf957a0a1698217eb3cf14b2d00c6ecf,310,b1f249479739db9bd935b0719369ead65911728f34ba163bb13e6da598fe8089,51930b9330ef56b3c6b242a48832c86cf352e063b7c9a7d42487302996d2e399
s09,s0901b,O0_4_keep90,69,5,0.07246376811594203,3,0,0,0.043478260869565216,0.0,0.0,72,5,0.06944444444444445,3,0,0,0.041666666666666664,0.0,0.0,273.5998189999996,154.9971209999996,0.5665103199501744,177.58800000000002,36,4.933000000000001,87130029b5443647ed1f1febd32ab768bf957a0a1698217eb3cf14b2d00c6ecf,310,22aa9cdb32edf939e0171011f929a104ba392eb05e497b072b20fe5d3eccdd0f,9b4e5db3de0f0a456fb3e710bbaf0324c87dcce6a72d0a9644983d1f33b75cff
s09,s0901b,O0_4_keep80,67,7,0.1044776119402985,5,0,0,0.07462686567164178,0.0,0.0,70,7,0.1,5,0,0,0.07142857142857142,0.0,0.0,273.5998189999996,150.55754499999966,0.5502837887476814,172.408,35,4.925942857142857,87130029b5443647ed1f1febd32ab768bf957a0a1698217eb3cf14b2d00c6ecf,302,d029e477c941bfbfc8f9e8faa6ba8de349fa2a347d8bbc471b24b16174db77eb,68baa7c6b6f4d0eba3fe47b91bb762440e5ab5fed66eb2361c885e596e581f67
s09,s0901b,O0_4_keep70,64,7,0.109375,5,0,0,0.078125,0.0,0.0,66,7,0.10606060606060606,5,0,0,0.07575757575757576,0.0,0.0,273.5998189999996,142.1214519999997,0.5194500951040464,162.7,33,4.93030303030303,87130029b5443647ed1f1febd32ab768bf957a0a1698217eb3cf14b2d00c6ecf,294,bc77944149b009b81c4e67a55c3f9c557ee0cf8c589b5ba12de0c24d3b70e438,84ebfd479e254a4a4fa45119e4353133b6d9d582f3c283fb509e382ea741c380
s09,s0901b,O0_4_keep60,47,4,0.0851063829787234,3,0,0,0.06382978723404255,0.0,0.0,48,4,0.08333333333333333,3,0,0,0.0625,0.0,0.0,273.5998189999996,110.55642299999988,0.4040807607405619,125.42799999999997,24,5.226166666666665,87130029b5443647ed1f1febd32ab768bf957a0a1698217eb3cf14b2d00c6ecf,264,dd95e0f7d690ccd96edefbca81ef95741f9b01b5a0ea3da4d0ef4d16c8f33445,4614b5a3297076f861b421df58bd3990b1518a6beff48f9d5d0925e427f2513d
s09,s0901b,O0_4_keep50,29,4,0.13793103448275862,3,0,0,0.10344827586206896,0.0,0.0,30,4,0.13333333333333333,3,0,0,0.1,0.0,0.0,273.5998189999996,70.64817799999996,0.25821719567731166,80.59600000000005,15,5.37306666666667,87130029b5443647ed1f1febd32ab768bf957a0a1698217eb3cf14b2d00c6ecf,174,39e520321a391875d9d16bb878ac3b9c04041bb58f230719cff233395a776bd6,b252dbb69241a2c162b69bf531ec72f7d1e06820788a2d6a31e108516930a474
s09,s0901b,O0_4_MARGIN_all_s0p5,68,4,0.058823529411764705,2,0,0,0.029411764705882353,0.0,0.0,70,4,0.05714285714285714,2,0,0,0.02857142857142857,0.0,0.0,273.5998189999996,152.7696289999996,0.5583688964355631,174.56,35,4.9874285714285715,87130029b5443647ed1f1febd32ab768bf957a0a1698217eb3cf14b2d00c6ecf,310,1533d6a834362d7fb6085e5cd505eeaad08223636617dd8ad13c3367b97fc174,6c2b706fb0b8c4fc91a1d1970c4e2c30c52af8787910be63ec63f728a663a077
s09,s0901b,O0_4_MARGIN_all_s1,68,5,0.07352941176470588,3,0,0,0.04411764705882353,0.0,0.0,70,5,0.07142857142857142,3,0,0,0.04285714285714286,0.0,0.0,273.5998189999996,150.95744199999962,0.551745401556716,171.86400000000003,35,4.910400000000001,87130029b5443647ed1f1febd32ab768bf957a0a1698217eb3cf14b2d00c6ecf,310,15c229759a3a719cbe064f591ffe92d97edbd2125093787c82062227d6669c7e,bdacebfc963d003a5d30dbe55e0ef909991df5dbada001a66e1e30f3001e0e28
s09,s0901b,O0_4_MARGIN_all_s2,68,4,0.058823529411764705,2,0,0,0.029411764705882353,0.0,0.0,70,4,0.05714285714285714,2,0,0,0.02857142857142857,0.0,0.0,273.5998189999996,150.3651869999996,0.5495807254170727,171.11200000000002,35,4.888914285714287,87130029b5443647ed1f1febd32ab768bf957a0a1698217eb3cf14b2d00c6ecf,310,ebbdb817df185d6d487c28706010af9e1efeb591795663ee3e830056f9173a3b,61ea6731ae5003dade2a027e8114e3cde55d83dc5c04b95960d7c066518894d9
s09,s0901b,O0_4_MARGIN_all_s4,68,4,0.058823529411764705,2,0,0,0.029411764705882353,0.0,0.0,70,4,0.05714285714285714,2,0,0,0.02857142857142857,0.0,0.0,273.5998189999996,145.86229599999962,0.5331227795878031,165.412,35,4.726057142857143,87130029b5443647ed1f1febd32ab768bf957a0a1698217eb3cf14b2d00c6ecf,310,92ec25cd53949bd56cf38e60d134cd3f29c60dfdbd6beebb4663095c5fc445d4,04b07c12d677d823c76cba5fd2c19fdf9dcc8d5cb17cd882e82ff341fef368e2
s09,s0902a,O0_4,80,16,0.2,12,0,0,0.15,0.0,0.0,82,16,0.1951219512195122,12,0,0,0.14634146341463414,0.0,0.0,284.41532999999964,197.1148509999999,0.6930528357947519,221.52000000000004,41,5.402926829268294,87130029b5443647ed1f1febd32ab768bf957a0a1698217eb3cf14b2d00c6ecf,279,3d47ee8c92862e0e9f1a8bf4063a02200611c630d63c515e709c944a5c17fe8b,bf7f7652952f10b3dcbae7647be591dada76d4f8f6f7c69096367b70d8c1ba75
s09,s0902a,O0_4_sw0p25,80,16,0.2,12,0,0,0.15,0.0,0.0,82,16,0.1951219512195122,12,0,0,0.14634146341463414,0.0,0.0,284.41532999999964,197.1148509999999,0.6930528357947519,221.52000000000004,41,5.402926829268294,87130029b5443647ed1f1febd32ab768bf957a0a1698217eb3cf14b2d00c6ecf,279,3d47ee8c92862e0e9f1a8bf4063a02200611c630d63c515e709c944a5c17fe8b,bf7f7652952f10b3dcbae7647be591dada76d4f8f6f7c69096367b70d8c1ba75
s09,s0902a,O0_4_sw0p5,80,16,0.2,12,0,0,0.15,0.0,0.0,82,16,0.1951219512195122,12,0,0,0.14634146341463414,0.0,0.0,284.41532999999964,197.1148509999999,0.6930528357947519,221.52000000000004,41,5.402926829268294,87130029b5443647ed1f1febd32ab768bf957a0a1698217eb3cf14b2d00c6ecf,279,3d47ee8c92862e0e9f1a8bf4063a02200611c630d63c515e709c944a5c17fe8b,bf7f7652952f10b3dcbae7647be591dada76d4f8f6f7c69096367b70d8c1ba75
s09,s0902a,O0_4_sw1,81,16,0.19753086419753085,12,0,0,0.14814814814814814,0.0,0.0,84,16,0.19047619047619047,12,0,0,0.14285714285714285,0.0,0.0,284.41532999999964,198.97197699999995,0.6995824627315279,223.64800000000002,42,5.324952380952381,87130029b5443647ed1f1febd32ab768bf957a0a1698217eb3cf14b2d00c6ecf,279,f4f35bca0b0051c97dd847093b732a01366593cf4c513474be627c8c34fd7f78,ebaa607fb9738b1fa73f996593b913fa4a8ca45dea9bd43b6fdf76edf9d9ccbb
s09,s0902a,O0_4_sw2,85,16,0.18823529411764706,12,0,0,0.1411764705882353,0.0,0.0,94,17,0.18085106382978725,13,0,0,0.13829787234042554,0.0,0.0,284.41532999999964,204.08007999999992,0.7175424756464435,229.976,47,4.893106382978724,87130029b5443647ed1f1febd32ab768bf957a0a1698217eb3cf14b2d00c6ecf,279,899ff3bcdfe3d44ca0176dbd5a2d9aab8c90b0d1bc1e9d8febeb3f9785073471,08be868acf3101d4c8df6e8e2a0fef1ddd48e75985f91332b607d3802510d1b1
s09,s0902a,O0_4_sw4,88,14,0.1590909090909091,10,0,0,0.11363636363636363,0.0,0.0,100,15,0.15,11,0,0,0.11,0.0,0.0,284.41532999999964,205.82699899999992,0.7236846164375182,232.1920000000001,50,4.643840000000002,87130029b5443647ed1f1febd32ab768bf957a0a1698217eb3cf14b2d00c6ecf,279,3977f6219d3cdac171d10a99491633875caecba8db3c0378dcc9f4234de02d9a,047cad85a0ed1d89bb952ad04c9dac8115a0a3f10a73ff42c339957b986bdb0b
s09,s0902a,O0_4_keep90,80,16,0.2,12,0,0,0.15,0.0,0.0,82,16,0.1951219512195122,12,0,0,0.14634146341463414,0.0,0.0,284.41532999999964,197.1148509999999,0.6930528357947519,221.52000000000004,41,5.402926829268294,87130029b5443647ed1f1febd32ab768bf957a0a1698217eb3cf14b2d00c6ecf,279,3d47ee8c92862e0e9f1a8bf4063a02200611c630d63c515e709c944a5c17fe8b,bf7f7652952f10b3dcbae7647be591dada76d4f8f6f7c69096367b70d8c1ba75
s09,s0902a,O0_4_keep80,76,16,0.21052631578947367,12,0,0,0.15789473684210525,0.0,0.0,78,16,0.20512820512820512,12,0,0,0.15384615384615385,0.0,0.0,284.41532999999964,198.0671389999999,0.6964010660044244,222.56000000000006,39,5.706666666666668,87130029b5443647ed1f1febd32ab768bf957a0a1698217eb3cf14b2d00c6ecf,271,1ce5ca01e5d1b4e99a9d0e40dc608ed93f2b88f58feef2357dc2e9b09032c5ce,6b34e949a68311f6b8f1f5ce7dc81d2ae473e5309cb963b4cfcffa671bf68f0c
s09,s0902a,O0_4_keep70,74,15,0.20270270270270271,12,0,0,0.16216216216216217,0.0,0.0,76,15,0.19736842105263158,12,0,0,0.15789473684210525,0.0,0.0,284.41532999999964,187.57010500000004,0.6594936531726341,210.72799999999998,38,5.545473684210526,87130029b5443647ed1f1febd32ab768bf957a0a1698217eb3cf14b2d00c6ecf,258,2416b8a51922a0df956c7a6d4e1a9e46621c33e5ea63c2dc2c9d9a826acb60df,a372d0f448a20d85987b13c3ef6647f1cc5b2d17512ec2646a8717c2a161ce07
s09,s0902a,O0_4_keep60,59,12,0.2033898305084746,11,0,0,0.1864406779661017,0.0,0.0,60,13,0.21666666666666667,12,0,0,0.2,0.0,0.0,284.41532999999964,132.5932119999999,0.4661957286198324,149.72799999999998,30,4.9909333333333326,87130029b5443647ed1f1febd32ab768bf957a0a1698217eb3cf14b2d00c6ecf,233,5f27913d448787d3075ec4d42f826ac4cec7a82bd1ec7cd3d2388ecc21e44983,2cc30145c33ba92c58670139e46230c1a3e591054b4a1ea2c9c245dd0bc51caa
s09,s0902a,O0_4_keep50,28,5,0.17857142857142858,5,0,0,0.17857142857142858,0.0,0.0,28,5,0.17857142857142858,5,0,0,0.17857142857142858,0.0,0.0,284.41532999999964,64.09084499999992,0.22534244198440356,72.89199999999992,14,5.206571428571423,87130029b5443647ed1f1febd32ab768bf957a0a1698217eb3cf14b2d00c6ecf,156,92582d88d5f3b78efbb46adfb77b3c8653199558f592c640a143db4191b47fd7,52824c9f1bf400be52ebccc6751fea985b1a3b4ad45e043fee8e096b74f336ca
s09,s0902a,O0_4_MARGIN_all_s0p5,80,16,0.2,12,0,0,0.15,0.0,0.0,82,16,0.1951219512195122,12,0,0,0.14634146341463414,0.0,0.0,284.41532999999964,197.1148509999999,0.6930528357947519,221.52000000000004,41,5.402926829268294,87130029b5443647ed1f1febd32ab768bf957a0a1698217eb3cf14b2d00c6ecf,279,3d47ee8c92862e0e9f1a8bf4063a02200611c630d63c515e709c944a5c17fe8b,bf7f7652952f10b3dcbae7647be591dada76d4f8f6f7c69096367b70d8c1ba75
s09,s0902a,O0_4_MARGIN_all_s1,80,16,0.2,12,0,0,0.15,0.0,0.0,82,16,0.1951219512195122,12,0,0,0.14634146341463414,0.0,0.0,284.41532999999964,197.1148509999999,0.6930528357947519,221.52000000000004,41,5.402926829268294,87130029b5443647ed1f1febd32ab768bf957a0a1698217eb3cf14b2d00c6ecf,279,3d47ee8c92862e0e9f1a8bf4063a02200611c630d63c515e709c944a5c17fe8b,bf7f7652952f10b3dcbae7647be591dada76d4f8f6f7c69096367b70d8c1ba75
s09,s0902a,O0_4_MARGIN_all_s2,80,16,0.2,12,0,0,0.15,0.0,0.0,82,16,0.1951219512195122,12,0,0,0.14634146341463414,0.0,0.0,284.41532999999964,194.7612289999999,0.6847775364288562,218.60800000000003,41,5.331902439024391,87130029b5443647ed1f1febd32ab768bf957a0a1698217eb3cf14b2d00c6ecf,279,390d13ab3212ee25b0b186d92f0bfc771f05a7eeacb52c4b136c70a97816e419,44fe177670cd645300beb96f718e3949ab933ee250db9316d61b0ccf30619273
s09,s0902a,O0_4_MARGIN_all_s4,82,14,0.17073170731707318,11,0,0,0.13414634146341464,0.0,0.0,88,14,0.1590909090909091,11,0,0,0.125,0.0,0.0,284.41532999999964,195.7635149999999,0.688301558850573,219.90000000000006,44,4.997727272727274,87130029b5443647ed1f1febd32ab768bf957a0a1698217eb3cf14b2d00c6ecf,279,0d4e458375550712f347e7c123839fe583cd8692698712ddcd46cf4e0ad61d89,4260483f3848758d1f29f1fb713af711c23b8f04f855b099752789e79a3cee13
s09,s0902b,O0_4,68,9,0.1323529411764706,5,0,0,0.07352941176470588,0.0,0.0,72,9,0.125,5,0,0,0.06944444444444445,0.0,0.0,254.63442900000018,168.00375000000008,0.6597841095557426,189.57999999999996,36,5.26611111111111,87130029b5443647ed1f1febd32ab768bf957a0a1698217eb3cf14b2d00c6ecf,254,b317fd19e713ea8912c2fc8a2d5127ec6f9b742e510218c7082025355818189e,40a5b0ecd444b5d6a7c40c510bc004941d5ef9832866e836b54ae5a3009d0d24
s09,s0902b,O0_4_sw0p25,68,9,0.1323529411764706,5,0,0,0.07352941176470588,0.0,0.0,72,9,0.125,5,0,0,0.06944444444444445,0.0,0.0,254.63442900000018,168.00375000000008,0.6597841095557426,189.57999999999996,36,5.26611111111111,87130029b5443647ed1f1febd32ab768bf957a0a1698217eb3cf14b2d00c6ecf,254,b317fd19e713ea8912c2fc8a2d5127ec6f9b742e510218c7082025355818189e,40a5b0ecd444b5d6a7c40c510bc004941d5ef9832866e836b54ae5a3009d0d24
s09,s0902b,O0_4_sw0p5,68,9,0.1323529411764706,5,0,0,0.07352941176470588,0.0,0.0,72,9,0.125,5,0,0,0.06944444444444445,0.0,0.0,254.63442900000018,168.00375000000008,0.6597841095557426,189.57999999999996,36,5.26611111111111,87130029b5443647ed1f1febd32ab768bf957a0a1698217eb3cf14b2d00c6ecf,254,b317fd19e713ea8912c2fc8a2d5127ec6f9b742e510218c7082025355818189e,40a5b0ecd444b5d6a7c40c510bc004941d5ef9832866e836b54ae5a3009d0d24
s09,s0902b,O0_4_sw1,68,9,0.1323529411764706,5,0,0,0.07352941176470588,0.0,0.0,72,9,0.125,5,0,0,0.06944444444444445,0.0,0.0,254.63442900000018,168.00375000000008,0.6597841095557426,189.408,36,5.261333333333333,87130029b5443647ed1f1febd32ab768bf957a0a1698217eb3cf14b2d00c6ecf,254,c9aef7b6421ebe3d95e20f6ccb8a8c5e766d54b9a553ad02487fd7139aa454a0,2f101a8271cbcb245fb4d8f93e673ac564d992e14ea97c90a911057bf8f406f8
s09,s0902b,O0_4_sw2,68,9,0.1323529411764706,5,0,0,0.07352941176470588,0.0,0.0,72,9,0.125,5,0,0,0.06944444444444445,0.0,0.0,254.63442900000018,168.00375000000008,0.6597841095557426,189.408,36,5.261333333333333,87130029b5443647ed1f1febd32ab768bf957a0a1698217eb3cf14b2d00c6ecf,254,c9aef7b6421ebe3d95e20f6ccb8a8c5e766d54b9a553ad02487fd7139aa454a0,2f101a8271cbcb245fb4d8f93e673ac564d992e14ea97c90a911057bf8f406f8
s09,s0902b,O0_4_sw4,71,8,0.11267605633802817,3,0,0,0.04225352112676056,0.0,0.0,78,8,0.10256410256410256,3,0,0,0.038461538461538464,0.0,0.0,254.63442900000018,169.66412600000007,0.6663047360339475,191.70799999999994,39,4.915589743589742,87130029b5443647ed1f1febd32ab768bf957a0a1698217eb3cf14b2d00c6ecf,254,7b366a6a50e20dff22032f0f657a6b6bb03da5e5a8464c6fd982261afe2a9035,2d77589370c285a96adad79ebd2cc570a515ade3d7d3f6c95277da8f025efd62
s09,s0902b,O0_4_keep90,68,9,0.1323529411764706,5,0,0,0.07352941176470588,0.0,0.0,72,9,0.125,5,0,0,0.06944444444444445,0.0,0.0,254.63442900000018,168.00375000000008,0.6597841095557426,189.57999999999996,36,5.26611111111111,87130029b5443647ed1f1febd32ab768bf957a0a1698217eb3cf14b2d00c6ecf,254,b317fd19e713ea8912c2fc8a2d5127ec6f9b742e510218c7082025355818189e,40a5b0ecd444b5d6a7c40c510bc004941d5ef9832866e836b54ae5a3009d0d24
s09,s0902b,O0_4_keep80,66,9,0.13636363636363635,5,0,0,0.07575757575757576,0.0,0.0,68,9,0.1323529411764706,5,0,0,0.07352941176470588,0.0,0.0,254.63442900000018,165.23552900000004,0.6489127556274015,186.17199999999988,34,5.475647058823526,87130029b5443647ed1f1febd32ab768bf957a0a1698217eb3cf14b2d00c6ecf,246,68dd4fb721cfb5b1191390478861ccac0cc9026138abdc2d1eb06a2081efefb1,0c4c2895a49f2037e6c921b6d1afdae63bc3e25db6e514844cc53b7bff0e3886
s09,s0902b,O0_4_keep70,62,8,0.12903225806451613,4,0,0,0.06451612903225806,0.0,0.0,64,8,0.125,4,0,0,0.0625,0.0,0.0,254.63442900000018,159.899521,0.6279571919161013,179.29199999999994,32,5.602874999999998,87130029b5443647ed1f1febd32ab768bf957a0a1698217eb3cf14b2d00c6ecf,235,b8060fcc79b85fafe6c6ec979a81dad6be2ae8de31776ac174c9788b1ccbea0d,e2c8a497f1c2927956d5ef1587db02b1b49f6bea7b31e0d60f13d085d0667ce1
s09,s0902b,O0_4_keep60,50,6,0.12,3,0,0,0.06,0.0,0.0,52,6,0.11538461538461539,3,0,0,0.057692307692307696,0.0,0.0,254.63442900000018,135.05863699999998,0.5304021044224144,150.20800000000003,26,5.77723076923077,87130029b5443647ed1f1febd32ab768bf957a0a1698217eb3cf14b2d00c6ecf,208,9144721fbc0fc6878ee2888294d24484caf00972d0cd6bb1079ee4baa42d7af5,612b9fbde3a79f2b3e5269f7c0d8861baf6a69d3e1c36e1cbf087d6a0aca7bc9
s09,s0902b,O0_4_keep50,27,4,0.14814814814814814,3,0,0,0.1111111111111111,0.0,0.0,28,4,0.14285714285714285,3,0,0,0.10714285714285714,0.0,0.0,254.63442900000018,79.22490800000003,0.31113195615821443,88.84800000000001,14,6.346285714285715,87130029b5443647ed1f1febd32ab768bf957a0a1698217eb3cf14b2d00c6ecf,145,f9e3a1e02657e3fb6b48d13d8c05f56bce999cb9c1da8500503df72b2331ea1e,4c7922476feb186969fc60ebc898b84b227906fe995568f394061a38e312ef9d
s09,s0902b,O0_4_MARGIN_all_s0p5,68,9,0.1323529411764706,5,0,0,0.07352941176470588,0.0,0.0,72,9,0.125,5,0,0,0.06944444444444445,0.0,0.0,254.63442900000018,166.84117700000002,0.6552184543748398,187.60799999999992,36,5.211333333333331,87130029b5443647ed1f1febd32ab768bf957a0a1698217eb3cf14b2d00c6ecf,254,ab38247d8bef6f16d93d540c892190cd4afbc79e80c5926b06c01fc31852233d,568e33670369fc8fb1b511fece7ba50141b4e4b3f86514212d36bea4d2d58572
s09,s0902b,O0_4_MARGIN_all_s1,68,9,0.1323529411764706,5,0,0,0.07352941176470588,0.0,0.0,72,9,0.125,5,0,0,0.06944444444444445,0.0,0.0,254.63442900000018,165.97206100000005,0.6518052631445214,185.96799999999988,36,5.165777777777774,87130029b5443647ed1f1febd32ab768bf957a0a1698217eb3cf14b2d00c6ecf,254,64ead09f725683ec740a560b3ebeff43eb730b97201749fc81445b9d424abdae,579763b501f40f1d530dc067454171ee6050d7cb4ff5ca8ac43ec05a45147e01
s09,s0902b,O0_4_MARGIN_all_s2,68,5,0.07352941176470588,2,0,0,0.029411764705882353,0.0,0.0,72,5,0.06944444444444445,2,0,0,0.027777777777777776,0.0,0.0,254.63442900000018,161.8641810000001,0.6356728021252773,180.3999999999999,36,5.011111111111108,87130029b5443647ed1f1febd32ab768bf957a0a1698217eb3cf14b2d00c6ecf,254,8e0df6d3d11778fd73a249616ca0ace64507ac2de9c46317fdb7308dd2f4acbc,c8f43305c9ec831587981b3a0072042acacb93e1bfd6736d8c7d34e7624bfe96
s09,s0902b,O0_4_MARGIN_all_s4,68,5,0.07352941176470588,2,0,0,0.029411764705882353,0.0,0.0,72,5,0.06944444444444445,2,0,0,0.027777777777777776,0.0,0.0,254.63442900000018,161.8641810000001,0.6356728021252773,180.3999999999999,36,5.011111111111108,87130029b5443647ed1f1febd32ab768bf957a0a1698217eb3cf14b2d00c6ecf,254,8e0df6d3d11778fd73a249616ca0ace64507ac2de9c46317fdb7308dd2f4acbc,c8f43305c9ec831587981b3a0072042acacb93e1bfd6736d8c7d34e7624bfe96
s09,s0903a,O0_4,89,5,0.056179775280898875,2,1,0,0.02247191011235955,0.011235955056179775,0.0,94,6,0.06382978723404255,3,2,0,0.031914893617021274,0.02127659574468085,0.0,327.9295140000001,217.23586199999983,0.6624468147139686,244.31200000000018,47,5.198127659574472,87130029b5443647ed1f1febd32ab768bf957a0a1698217eb3cf14b2d00c6ecf,343,157aa0d528a277de1b44c2ad5e9ba2bbb1ef5140ba655ca2584228aa616a5382,1c0f67e8f5c25c8d405d8f25bd24124f035a242e48c89d3201ebe4ab0ce12b02
s09,s0903a,O0_4_sw0p25,89,5,0.056179775280898875,2,1,0,0.02247191011235955,0.011235955056179775,0.0,94,6,0.06382978723404255,3,2,0,0.031914893617021274,0.02127659574468085,0.0,327.9295140000001,217.23586199999983,0.6624468147139686,244.31200000000018,47,5.198127659574472,87130029b5443647ed1f1febd32ab768bf957a0a1698217eb3cf14b2d00c6ecf,343,1cacc855eeecb9ab950834aedc320a49d2a9c3b723ae7f85068c64eab6f378da,16d276ca7d2d2b20aa0a33fcd73c74053d1c31fb85913ecf4ef5a1e324ba8b61
s09,s0903a,O0_4_sw0p5,89,5,0.056179775280898875,2,1,0,0.02247191011235955,0.011235955056179775,0.0,94,6,0.06382978723404255,3,2,0,0.031914893617021274,0.02127659574468085,0.0,327.9295140000001,217.23586199999983,0.6624468147139686,244.31200000000018,47,5.198127659574472,87130029b5443647ed1f1febd32ab768bf957a0a1698217eb3cf14b2d00c6ecf,343,1cacc855eeecb9ab950834aedc320a49d2a9c3b723ae7f85068c64eab6f378da,16d276ca7d2d2b20aa0a33fcd73c74053d1c31fb85913ecf4ef5a1e324ba8b61
s09,s0903a,O0_4_sw1,89,5,0.056179775280898875,2,1,0,0.02247191011235955,0.011235955056179775,0.0,94,6,0.06382978723404255,3,2,0,0.031914893617021274,0.02127659574468085,0.0,327.9295140000001,217.23586199999983,0.6624468147139686,244.31200000000018,47,5.198127659574472,87130029b5443647ed1f1febd32ab768bf957a0a1698217eb3cf14b2d00c6ecf,343,1cacc855eeecb9ab950834aedc320a49d2a9c3b723ae7f85068c64eab6f378da,16d276ca7d2d2b20aa0a33fcd73c74053d1c31fb85913ecf4ef5a1e324ba8b61
s09,s0903a,O0_4_sw2,93,7,0.07526881720430108,3,2,1,0.03225806451612903,0.021505376344086023,0.010752688172043012,102,9,0.08823529411764706,5,4,2,0.049019607843137254,0.0392156862745098,0.0196078431372549,327.9295140000001,222.9852939999998,0.6799793384867449,251.1200000000002,51,4.923921568627455,87130029b5443647ed1f1febd32ab768bf957a0a1698217eb3cf14b2d00c6ecf,343,2f9d92548a5be5b862564aa14093fa9b862d734c85b7694af79a2c3bdabc979b,756080957172fb1bd8f0c587cf7078b7fb3939a9ced5dbc480327af889339807
s09,s0903a,O0_4_sw4,95,6,0.06315789473684211,2,1,1,0.021052631578947368,0.010526315789473684,0.010526315789473684,106,7,0.0660377358490566,3,2,2,0.02830188679245283,0.018867924528301886,0.018867924528301886,327.9295140000001,222.9852939999998,0.6799793384867449,251.1200000000002,53,4.7381132075471735,87130029b5443647ed1f1febd32ab768bf957a0a1698217eb3cf14b2d00c6ecf,343,0ed034bf4616a677bc9bd1fcaa767c3f4a0a27bd6d17ef74aa25039c331d3d2b,033c83fa591b4c6357a340a5a3ba97937d999352d9aa9cf81e94ec67cd1acb51
s09,s0903a,O0_4_keep90,89,5,0.056179775280898875,2,1,0,0.02247191011235955,0.011235955056179775,0.0,94,6,0.06382978723404255,3,2,0,0.031914893617021274,0.02127659574468085,0.0,327.9295140000001,217.23586199999983,0.6624468147139686,244.31200000000018,47,5.198127659574472,87130029b5443647ed1f1febd32ab768bf957a0a1698217eb3cf14b2d00c6ecf,343,157aa0d528a277de1b44c2ad5e9ba2bbb1ef5140ba655ca2584228aa616a5382,1c0f67e8f5c25c8d405d8f25bd24124f035a242e48c89d3201ebe4ab0ce12b02
s09,s0903a,O0_4_keep80,86,8,0.09302325581395349,2,1,0,0.023255813953488372,0.011627906976744186,0.0,88,9,0.10227272727272728,3,2,0,0.03409090909090909,0.022727272727272728,0.0,327.9295140000001,205.76325199999985,0.6274618270559197,231.36000000000016,44,5.258181818181821,87130029b5443647ed1f1febd32ab768bf957a0a1698217eb3cf14b2d00c6ecf,331,43f631542a6f14d55db9b945dfa83d167ac1e93883d39be7d3ab5120873d9642,51632d1f1ef42638242a64379f1b28d75b8112015e3188f47042f7c1f24cf8e5
s09,s0903a,O0_4_keep70,86,8,0.09302325581395349,2,1,0,0.023255813953488372,0.011627906976744186,0.0,88,9,0.10227272727272728,3,2,0,0.03409090909090909,0.022727272727272728,0.0,327.9295140000001,205.76325199999985,0.6274618270559197,231.36000000000016,44,5.258181818181821,87130029b5443647ed1f1febd32ab768bf957a0a1698217eb3cf14b2d00c6ecf,326,43f631542a6f14d55db9b945dfa83d167ac1e93883d39be7d3ab5120873d9642,51632d1f1ef42638242a64379f1b28d75b8112015e3188f47042f7c1f24cf8e5
s09,s0903a,O0_4_keep60,70,5,0.07142857142857142,0,0,0,0.0,0.0,0.0,70,5,0.07142857142857142,0,0,0,0.0,0.0,0.0,327.9295140000001,165.3129759999999,0.5041113072853817,186.8280000000002,35,5.337942857142863,87130029b5443647ed1f1febd32ab768bf957a0a1698217eb3cf14b2d00c6ecf,290,863de558f5ebe79a14263ebf8991fd3411a9630a2c370f024e0657c6f2a44907,0b1b631939a2739c28b042111a0096a9798bc8a31d43333e449b74c517f016c3
s09,s0903a,O0_4_keep50,32,6,0.1875,1,1,0,0.03125,0.03125,0.0,32,6,0.1875,1,1,0,0.03125,0.03125,0.0,327.9295140000001,84.68728499999989,0.2582484387178394,98.15200000000004,16,6.134500000000003,87130029b5443647ed1f1febd32ab768bf957a0a1698217eb3cf14b2d00c6ecf,191,5c4592d6b1d340dd405f2abce6a8fb5dc7de7e1145e07147026dc3962eac4e60,157bf8fe55ba9e65db456a6aedbe0c411691acf7ef03110077791adb1d1c7f26
s09,s0903a,O0_4_MARGIN_all_s0p5,89,4,0.0449438202247191,1,0,0,0.011235955056179775,0.0,0.0,94,4,0.0425531914893617,1,0,0,0.010638297872340425,0.0,0.0,327.9295140000001,216.8412119999998,0.6612433548753399,243.62800000000018,47,5.18357446808511,87130029b5443647ed1f1febd32ab768bf957a0a1698217eb3cf14b2d00c6ecf,343,3c2233fd10b681fe679c88c6a7240733b34ee68a27b617b44779fe57a4529c76,d99f4372687eb5c6ba8c6ec52028efb6adcd89e65f1d15dbebcf94f502bd553c
s09,s0903a,O0_4_MARGIN_all_s1,89,4,0.0449438202247191,1,0,0,0.011235955056179775,0.0,0.0,94,4,0.0425531914893617,1,0,0,0.010638297872340425,0.0,0.0,327.9295140000001,215.09604899999982,0.6559215923456031,240.87200000000018,47,5.12493617021277,87130029b5443647ed1f1febd32ab768bf957a0a1698217eb3cf14b2d00c6ecf,343,5c00c644a6eabb570432adeca03efb0f9a3c15e35a098f7b1acc3a9e1de6644b,ee99220f44feb39f9930ad5a8f569fb6d21ee843e6d3b339e20f1712a81006e5
s09,s0903a,O0_4_MARGIN_all_s2,89,4,0.0449438202247191,1,0,0,0.011235955056179775,0.0,0.0,94,4,0.0425531914893617,1,0,0,0.010638297872340425,0.0,0.0,327.9295140000001,215.09604899999982,0.6559215923456031,240.87200000000018,47,5.12493617021277,87130029b5443647ed1f1febd32ab768bf957a0a1698217eb3cf14b2d00c6ecf,343,5c00c644a6eabb570432adeca03efb0f9a3c15e35a098f7b1acc3a9e1de6644b,ee99220f44feb39f9930ad5a8f569fb6d21ee843e6d3b339e20f1712a81006e5
s09,s0903a,O0_4_MARGIN_all_s4,89,4,0.0449438202247191,1,0,0,0.011235955056179775,0.0,0.0,94,4,0.0425531914893617,1,0,0,0.010638297872340425,0.0,0.0,327.9295140000001,210.90990199999987,0.6431562058180582,235.68000000000015,47,5.014468085106386,87130029b5443647ed1f1febd32ab768bf957a0a1698217eb3cf14b2d00c6ecf,343,c64db442cd8789e3c82ecd2751da5a9d07efb19884887239f920f448fc5d797b,b1046099d577cec571abc594df2954cb808f4abf3ed604229f64bff4cc782bd4
s09,s0903b,O0_4,47,8,0.1702127659574468,3,1,0,0.06382978723404255,0.02127659574468085,0.0,50,9,0.18,4,1,0,0.08,0.02,0.0,208.15898099999947,124.99080799999986,0.6004583967482056,138.2959999999999,25,5.531839999999996,87130029b5443647ed1f1febd32ab768bf957a0a1698217eb3cf14b2d00c6ecf,192,fb54769b107d6089a67d94ab762ea76e02dbfddef34327cac4cfc47bd185c37a,7132b27d2f1c8284774cbf19fbcef2818263247070771a88eec6b10c281a4730
s09,s0903b,O0_4_sw0p25,47,7,0.14893617021276595,2,1,0,0.0425531914893617,0.02127659574468085,0.0,50,7,0.14,2,1,0,0.04,0.02,0.0,208.15898099999947,124.99080799999986,0.6004583967482056,138.2959999999999,25,5.531839999999996,87130029b5443647ed1f1febd32ab768bf957a0a1698217eb3cf14b2d00c6ecf,192,5c8d9d8df9feba95887bb31c761dc6ecc26983b72aad95a3e2a8b3c001f0b7f9,f9ce5950cc671ffb9f03040b3d5c0a37bb156f78ef5fa92ead1ff7cd97ef78c9
s09,s0903b,O0_4_sw0p5,47,7,0.14893617021276595,2,1,0,0.0425531914893617,0.02127659574468085,0.0,50,7,0.14,2,1,0,0.04,0.02,0.0,208.15898099999947,124.99080799999986,0.6004583967482056,138.2959999999999,25,5.531839999999996,87130029b5443647ed1f1febd32ab768bf957a0a1698217eb3cf14b2d00c6ecf,192,5c8d9d8df9feba95887bb31c761dc6ecc26983b72aad95a3e2a8b3c001f0b7f9,f9ce5950cc671ffb9f03040b3d5c0a37bb156f78ef5fa92ead1ff7cd97ef78c9
s09,s0903b,O0_4_sw1,47,7,0.14893617021276595,2,1,0,0.0425531914893617,0.02127659574468085,0.0,50,7,0.14,2,1,0,0.04,0.02,0.0,208.15898099999947,124.99080799999986,0.6004583967482056,138.2959999999999,25,5.531839999999996,87130029b5443647ed1f1febd32ab768bf957a0a1698217eb3cf14b2d00c6ecf,192,5c8d9d8df9feba95887bb31c761dc6ecc26983b72aad95a3e2a8b3c001f0b7f9,f9ce5950cc671ffb9f03040b3d5c0a37bb156f78ef5fa92ead1ff7cd97ef78c9
s09,s0903b,O0_4_sw2,47,7,0.14893617021276595,2,1,0,0.0425531914893617,0.02127659574468085,0.0,50,7,0.14,2,1,0,0.04,0.02,0.0,208.15898099999947,124.99080799999986,0.6004583967482056,138.1759999999999,25,5.527039999999996,87130029b5443647ed1f1febd32ab768bf957a0a1698217eb3cf14b2d00c6ecf,192,4350b78423944d58abfd0267cc91b48a26af35c5346e0919045262f5a4d263f0,d000cd99e4b1e41e581fab660f5398279d63b9d5a2a8c41c2adf7d71cfea012b
s09,s0903b,O0_4_sw4,48,7,0.14583333333333334,2,1,0,0.041666666666666664,0.020833333333333332,0.0,52,7,0.1346153846153846,2,1,0,0.038461538461538464,0.019230769230769232,0.0,208.15898099999947,124.99080799999986,0.6004583967482056,138.1759999999999,26,5.314461538461535,87130029b5443647ed1f1febd32ab768bf957a0a1698217eb3cf14b2d00c6ecf,192,6da3cacd5c9d2107380b032db1784464e7682abfa74b0ba3aae851a8db454f47,8288082f592100ff944ccbf7f43915e094a7bc97c9047ca49ad8dce018bb5857
s09,s0903b,O0_4_keep90,47,8,0.1702127659574468,3,1,0,0.06382978723404255,0.02127659574468085,0.0,50,9,0.18,4,1,0,0.08,0.02,0.0,208.15898099999947,124.99080799999986,0.6004583967482056,138.2959999999999,25,5.531839999999996,87130029b5443647ed1f1febd32ab768bf957a0a1698217eb3cf14b2d00c6ecf,192,fb54769b107d6089a67d94ab762ea76e02dbfddef34327cac4cfc47bd185c37a,7132b27d2f1c8284774cbf19fbcef2818263247070771a88eec6b10c281a4730
s09,s0903b,O0_4_keep80,47,8,0.1702127659574468,3,1,0,0.06382978723404255,0.02127659574468085,0.0,50,8,0.16,3,1,0,0.06,0.02,0.0,208.15898099999947,120.62832599999983,0.5795009440404598,133.54399999999987,25,5.3417599999999945,87130029b5443647ed1f1febd32ab768bf957a0a1698217eb3cf14b2d00c6ecf,188,02fddf33551483a3e7db724149f54695408dcbf0b02e90e2f4d75a6aa29f533b,93c787ae53988cdb7074ea3500b294c7d9edd5b3f24e888c986c3daaa3c4f1b4
s09,s0903b,O0_4_keep70,45,8,0.17777777777777778,3,1,0,0.06666666666666667,0.022222222222222223,0.0,48,8,0.16666666666666666,3,1,0,0.0625,0.020833333333333332,0.0,208.15898099999947,117.34059999999987,0.5637066411273418,129.40399999999988,24,5.391833333333328,87130029b5443647ed1f1febd32ab768bf957a0a1698217eb3cf14b2d00c6ecf,184,a6a3067e0274f33f647d5a9c18a7e416e88d0f37bea38e6515dc583699474cf2,3800467b2db5b6676075e6d3a223f6536d780e264658b8ade5c03644ecb433e6
s09,s0903b,O0_4_keep60,33,8,0.24242424242424243,3,1,0,0.09090909090909091,0.030303030303030304,0.0,34,8,0.23529411764705882,3,1,0,0.08823529411764706,0.029411764705882353,0.0,208.15898099999947,72.47295899999979,0.3481615765596007,78.63999999999987,17,4.625882352941169,87130029b5443647ed1f1febd32ab768bf957a0a1698217eb3cf14b2d00c6ecf,163,0796cdb782e9ddbaa130075c422911e378a2327ee2ae79fd08b78a7e8390b3ee,3600302b22cfc74fd2229086d9d22210b6d6f13c817bd5eaa0e2b02db5efa57c
s09,s0903b,O0_4_keep50,19,5,0.2631578947368421,3,1,0,0.15789473684210525,0.05263157894736842,0.0,20,5,0.25,3,1,0,0.15,0.05,0.0,208.15898099999947,45.97645799999999,0.22087184410265778,50.23199999999991,10,5.02319999999999,87130029b5443647ed1f1febd32ab768bf957a0a1698217eb3cf14b2d00c6ecf,113,0c59bb852d733bf3ec9854dbac9a4fb8d0e45710c93a75ec06f0bb093ecdd6d9,b766fb243e0ebb2a5aab4493204374cafa0b5557e7d3c0eef5b7a28c319d761c
s09,s0903b,O0_4_MARGIN_all_s0p5,47,7,0.14893617021276595,2,1,0,0.0425531914893617,0.02127659574468085,0.0,50,7,0.14,2,1,0,0.04,0.02,0.0,208.15898099999947,124.99080799999986,0.6004583967482056,138.2959999999999,25,5.531839999999996,87130029b5443647ed1f1febd32ab768bf957a0a1698217eb3cf14b2d00c6ecf,192,5c8d9d8df9feba95887bb31c761dc6ecc26983b72aad95a3e2a8b3c001f0b7f9,f9ce5950cc671ffb9f03040b3d5c0a37bb156f78ef5fa92ead1ff7cd97ef78c9
s09,s0903b,O0_4_MARGIN_all_s1,47,8,0.1702127659574468,3,1,0,0.06382978723404255,0.02127659574468085,0.0,50,8,0.16,3,1,0,0.06,0.02,0.0,208.15898099999947,124.32675299999978,0.5972682629533054,137.2959999999999,25,5.491839999999996,87130029b5443647ed1f1febd32ab768bf957a0a1698217eb3cf14b2d00c6ecf,192,c3cabe6aa856820d8491e12cad9a442540c7de23fc5a1ad0ba831ee4fbb1694e,3cb224c6a7284a4adeed2f35b4e732ecba371585888cad2dc4c7a9b11d905878
s09,s0903b,O0_4_MARGIN_all_s2,47,8,0.1702127659574468,3,1,0,0.06382978723404255,0.02127659574468085,0.0,50,8,0.16,3,1,0,0.06,0.02,0.0,208.15898099999947,123.86989799999976,0.5950735221940776,136.67199999999994,25,5.466879999999998,87130029b5443647ed1f1febd32ab768bf957a0a1698217eb3cf14b2d00c6ecf,192,0dfea97e20ab71aaea234c0c91956557e710965339ecb22d001a9808fb6e591f,8907e69c3630d9b7f7e87898c9830bba3f58aee727409f3e4585f4bf0252a9f6
s09,s0903b,O0_4_MARGIN_all_s4,47,8,0.1702127659574468,3,1,0,0.06382978723404255,0.02127659574468085,0.0,50,8,0.16,3,1,0,0.06,0.02,0.0,208.15898099999947,123.53882899999975,0.5934830599502218,135.93599999999992,25,5.437439999999997,87130029b5443647ed1f1febd32ab768bf957a0a1698217eb3cf14b2d00c6ecf,192,e568ca3b68d25039f7d4473804a54d1bfa5773126cc77bc22bf9e99207075194,cc026aba6676ef73a97cff357e148807deb945604f944c87e7cca9b54c271bf7
s10,s1001a,O0_4,94,4,0.0425531914893617,2,1,1,0.02127659574468085,0.010638297872340425,0.010638297872340425,104,6,0.057692307692307696,4,2,2,0.038461538461538464,0.019230769230769232,0.019230769230769232,338.27082600000017,269.826747,0.7976648479878069,305.108,52,5.867461538461539,87130029b5443647ed1f1febd32ab768bf957a0a1698217eb3cf14b2d00c6ecf,249,6306924078b87470d03da94eb86c09077f0e2454c515586b2549008628cb64e4,1ec41398b95b078a687ed553ef232d41532a721c8f3f18c17f200774d9e44616
s10,s1001a,O0_4_sw0p25,94,4,0.0425531914893617,2,1,1,0.02127659574468085,0.010638297872340425,0.010638297872340425,104,6,0.057692307692307696,4,2,2,0.038461538461538464,0.019230769230769232,0.019230769230769232,338.27082600000017,269.826747,0.7976648479878069,305.108,52,5.867461538461539,87130029b5443647ed1f1febd32ab768bf957a0a1698217eb3cf14b2d00c6ecf,249,6306924078b87470d03da94eb86c09077f0e2454c515586b2549008628cb64e4,1ec41398b95b078a687ed553ef232d41532a721c8f3f18c17f200774d9e44616
s10,s1001a,O0_4_sw0p5,94,4,0.0425531914893617,2,1,1,0.02127659574468085,0.010638297872340425,0.010638297872340425,104,6,0.057692307692307696,4,2,2,0.038461538461538464,0.019230769230769232,0.019230769230769232,338.27082600000017,269.826747,0.7976648479878069,305.108,52,5.867461538461539,87130029b5443647ed1f1febd32ab768bf957a0a1698217eb3cf14b2d00c6ecf,249,6306924078b87470d03da94eb86c09077f0e2454c515586b2549008628cb64e4,1ec41398b95b078a687ed553ef232d41532a721c8f3f18c17f200774d9e44616
s10,s1001a,O0_4_sw1,94,4,0.0425531914893617,2,1,1,0.02127659574468085,0.010638297872340425,0.010638297872340425,104,6,0.057692307692307696,4,2,2,0.038461538461538464,0.019230769230769232,0.019230769230769232,338.27082600000017,269.826747,0.7976648479878069,305.108,52,5.867461538461539,87130029b5443647ed1f1febd32ab768bf957a0a1698217eb3cf14b2d00c6ecf,249,6306924078b87470d03da94eb86c09077f0e2454c515586b2549008628cb64e4,1ec41398b95b078a687ed553ef232d41532a721c8f3f18c17f200774d9e44616
s10,s1001a,O0_4_sw2,99,7,0.0707070707070707,4,2,1,0.04040404040404041,0.020202020202020204,0.010101010101010102,114,12,0.10526315789473684,8,4,2,0.07017543859649122,0.03508771929824561,0.017543859649122806,338.27082600000017,269.590685,0.796966998862621,304.55600000000004,57,5.343087719298246,87130029b5443647ed1f1febd32ab768bf957a0a1698217eb3cf14b2d00c6ecf,249,2d44ff5c00d6366f93bced9242f2c5b9e6bbc1534c912a1bda9ea4106c79fa98,d1ea9cdc2270f6c5153aef8717be1d7c594fcbbdf45df05b0c5c16be6c726981
s10,s1001a,O0_4_sw4,103,7,0.06796116504854369,4,2,1,0.038834951456310676,0.019417475728155338,0.009708737864077669,120,12,0.1,8,4,2,0.06666666666666667,0.03333333333333333,0.016666666666666666,338.27082600000017,268.602055,0.7940443997969836,303.62800000000004,60,5.060466666666668,87130029b5443647ed1f1febd32ab768bf957a0a1698217eb3cf14b2d00c6ecf,249,7a3d21341e11d101d30772180f3c1cd9a2c0bd54559ab088e1b44951afcb2a6f,a76aac414599bd34b67580fd51cd8baa779cb1041648503c22e69cbb749918bb
s10,s1001a,O0_4_keep90,94,4,0.0425531914893617,2,1,1,0.02127659574468085,0.010638297872340425,0.010638297872340425,104,6,0.057692307692307696,4,2,2,0.038461538461538464,0.019230769230769232,0.019230769230769232,338.27082600000017,269.826747,0.7976648479878069,305.108,52,5.867461538461539,87130029b5443647ed1f1febd32ab768bf957a0a1698217eb3cf14b2d00c6ecf,249,6306924078b87470d03da94eb86c09077f0e2454c515586b2549008628cb64e4,1ec41398b95b078a687ed553ef232d41532a721c8f3f18c17f200774d9e44616
s10,s1001a,O0_4_keep80,93,4,0.043010752688172046,2,0,0,0.021505376344086023,0.0,0.0,102,5,0.049019607843137254,3,0,0,0.029411764705882353,0.0,0.0,338.27082600000017,260.53688700000004,0.7702020599317067,295.23600000000005,51,5.78894117647059,87130029b5443647ed1f1febd32ab768bf957a0a1698217eb3cf14b2d00c6ecf,240,8b66b4ef0a64b45f447d4e6dc339f18dc550197b7b144e1e0b702761de1e562f,40167b6a739d82cb85fdea96a6360b4291b81a86931b08895e7f5cba8b15173d
s10,s1001a,O0_4_keep70,92,4,0.043478260869565216,2,0,0,0.021739130434782608,0.0,0.0,100,5,0.05,3,0,0,0.03,0.0,0.0,338.27082600000017,250.59453700000006,0.7408103736383106,283.12400000000014,50,5.662480000000003,87130029b5443647ed1f1febd32ab768bf957a0a1698217eb3cf14b2d00c6ecf,229,eeac4aaf5886f0972dd11edbe73cbe8aa94838f7a91b07d87f97b3b142c25948,1f18a373bd78028f31df8881fbb26ee155dec216fec34f1079b6425aeb154097
s10,s1001a,O0_4_keep60,69,7,0.10144927536231885,4,1,1,0.057971014492753624,0.014492753623188406,0.014492753623188406,74,7,0.0945945945945946,4,1,1,0.05405405405405406,0.013513513513513514,0.013513513513513514,338.27082600000017,175.80525000000006,0.5197174467537439,197.82799999999997,37,5.346702702702702,87130029b5443647ed1f1febd32ab768bf957a0a1698217eb3cf14b2d00c6ecf,196,4651ead335e34e08452748c3a4dcb2225648a5688760866e802acc3c348e5d3a,7330f5bb2a6fb13cfacbbdd3f5baf4e64afddf4aae74fe381d20031c2c7674d0
s10,s1001a,O0_4_keep50,41,5,0.12195121951219512,4,1,1,0.0975609756097561,0.024390243902439025,0.024390243902439025,46,5,0.10869565217391304,4,1,1,0.08695652173913043,0.021739130434782608,0.021739130434782608,338.27082600000017,115.38383,0.34109896902548714,129.33999999999992,23,5.623478260869562,87130029b5443647ed1f1febd32ab768bf957a0a1698217eb3cf14b2d00c6ecf,147,2afc3b1cd08431f4be343a1c6907994a25947c327933172bac51505806b74dd9,0a38059c44ca8925fd02e229cbeb739cf5d6224d626aaf4678cb09b271e9f6d4
s10,s1001a,O0_4_MARGIN_all_s0p5,94,4,0.0425531914893617,2,1,1,0.02127659574468085,0.010638297872340425,0.010638297872340425,104,6,0.057692307692307696,4,2,2,0.038461538461538464,0.019230769230769232,0.019230769230769232,338.27082600000017,269.590685,0.796966998862621,304.55600000000004,52,5.8568461538461545,87130029b5443647ed1f1febd32ab768bf957a0a1698217eb3cf14b2d00c6ecf,249,bc1bc1257af8f169d4f735ae1070a3a31eb50739a26519443e1d57d9eef0ba11,12087e2645de56967d29c7bdec9b5015a89987939b05ffdf733c65281747b140
s10,s1001a,O0_4_MARGIN_all_s1,95,4,0.042105263157894736,2,1,1,0.021052631578947368,0.010526315789473684,0.010526315789473684,104,6,0.057692307692307696,4,2,2,0.038461538461538464,0.019230769230769232,0.019230769230769232,338.27082600000017,267.060593,0.7894875125885076,301.148,52,5.791307692307693,87130029b5443647ed1f1febd32ab768bf957a0a1698217eb3cf14b2d00c6ecf,249,87d8ea330b9a1881cb8f84f47cd9e265d532390867eb28d6a9b6c8be2eee01ea,7182607166d69ec7b6145e458e0d5da45dfeb05f7b7ef566429b65bb9261e9da
s10,s1001a,O0_4_MARGIN_all_s2,95,5,0.05263157894736842,3,1,1,0.031578947368421054,0.010526315789473684,0.010526315789473684,104,7,0.0673076923076923,5,2,2,0.04807692307692308,0.019230769230769232,0.019230769230769232,338.27082600000017,262.87397,0.7771109708408607,295.872,52,5.689846153846154,87130029b5443647ed1f1febd32ab768bf957a0a1698217eb3cf14b2d00c6ecf,249,217e7037678849bfcb4cb0ed082fd80c5d7a4a9ae8822a7e9cc4e3b0bc83d672,57d53530b8c109d4df6152a1bd605c486e3fb343f104c8457e444590004ef074
s10,s1001a,O0_4_MARGIN_all_s4,94,5,0.05319148936170213,3,1,1,0.031914893617021274,0.010638297872340425,0.010638297872340425,104,7,0.0673076923076923,5,2,2,0.04807692307692308,0.019230769230769232,0.019230769230769232,338.27082600000017,263.792506,0.7798263572395684,296.588,52,5.703615384615385,87130029b5443647ed1f1febd32ab768bf957a0a1698217eb3cf14b2d00c6ecf,249,35f3d11e1a409cd578ee45e92a4de958dc8a5f54d066f289a6e600877834e258,664ad91054a848fcd44575e85d53534ed40ea38a7a601b5907a62f1fb49f6f3e
s10,s1001b,O0_4,108,12,0.1111111111111111,7,0,0,0.06481481481481481,0.0,0.0,116,12,0.10344827586206896,7,0,0,0.0603448275862069,0.0,0.0,408.47848400000026,284.92788399999995,0.6975346197181826,326.564,58,5.630413793103449,87130029b5443647ed1f1febd32ab768bf957a0a1698217eb3cf14b2d00c6ecf,285,c68ffadcd5277d5d2de6fd6173137ad3d499e6a79daffff76c35a40ad3f7784d,c91d4d62acc4d36da762b071815ef552b83345ff20214b6f8a8e87e855a56f37
s10,s1001b,O0_4_sw0p25,109,13,0.11926605504587157,8,0,0,0.07339449541284404,0.0,0.0,118,13,0.11016949152542373,8,0,0,0.06779661016949153,0.0,0.0,408.47848400000026,287.537331,0.7039228313430574,329.53200000000004,59,5.585288135593221,87130029b5443647ed1f1febd32ab768bf957a0a1698217eb3cf14b2d00c6ecf,285,d41b151f5c02debac6e3b0002016e074de1f1e21d843d645c7fda2028cfec0df,67abb169081bf6f0fb88ef1df31f89d6fdc9bdd7cc47c8a2531e1e6420317f86
s10,s1001b,O0_4_sw0p5,109,13,0.11926605504587157,8,0,0,0.07339449541284404,0.0,0.0,118,13,0.11016949152542373,8,0,0,0.06779661016949153,0.0,0.0,408.47848400000026,287.537331,0.7039228313430574,329.53200000000004,59,5.585288135593221,87130029b5443647ed1f1febd32ab768bf957a0a1698217eb3cf14b2d00c6ecf,285,d41b151f5c02debac6e3b0002016e074de1f1e21d843d645c7fda2028cfec0df,67abb169081bf6f0fb88ef1df31f89d6fdc9bdd7cc47c8a2531e1e6420317f86
s10,s1001b,O0_4_sw1,109,13,0.11926605504587157,8,0,0,0.07339449541284404,0.0,0.0,118,13,0.11016949152542373,8,0,0,0.06779661016949153,0.0,0.0,408.47848400000026,287.537331,0.7039228313430574,329.38800000000003,59,5.582847457627119,87130029b5443647ed1f1febd32ab768bf957a0a1698217eb3cf14b2d00c6ecf,285,b42c96f275e7f539a9f27f2cce9ee5188bb648f17d67c29f8906a9f42eac6e56,628b8a3a33339f76d6bf960fdc9151fba9239f60534a046b5378146cd700c327
s10,s1001b,O0_4_sw2,110,13,0.11818181818181818,8,0,0,0.07272727272727272,0.0,0.0,120,13,0.10833333333333334,8,0,0,0.06666666666666667,0.0,0.0,408.47848400000026,289.03259,0.707583388896439,331.432,60,5.523866666666667,87130029b5443647ed1f1febd32ab768bf957a0a1698217eb3cf14b2d00c6ecf,285,ddacf95008711571a1c02095904b554cf8363e1a648e575041ffaba2264a8975,f429a7806c2b7cc5d341bd6afa24a6a0bc0a55d5296a804516216c7ec9b747a0
s10,s1001b,O0_4_sw4,111,13,0.11711711711711711,8,0,0,0.07207207207207207,0.0,0.0,122,13,0.10655737704918032,8,0,0,0.06557377049180328,0.0,0.0,408.47848400000026,288.268989,0.7057140101411065,330.15600000000006,61,5.412393442622951,87130029b5443647ed1f1febd32ab768bf957a0a1698217eb3cf14b2d00c6ecf,285,4839dd506bff54654d0091e188ceda2355ebeeeb908f85f165aba8dd96883609,410b1c3862b0bf7e0a3f22720b2aa4566e9b4414cf0245efe12513984addb6ce
s10,s1001b,O0_4_keep90,108,12,0.1111111111111111,7,0,0,0.06481481481481481,0.0,0.0,116,12,0.10344827586206896,7,0,0,0.0603448275862069,0.0,0.0,408.47848400000026,284.92788399999995,0.6975346197181826,326.564,58,5.630413793103449,87130029b5443647ed1f1febd32ab768bf957a0a1698217eb3cf14b2d00c6ecf,285,c68ffadcd5277d5d2de6fd6173137ad3d499e6a79daffff76c35a40ad3f7784d,c91d4d62acc4d36da762b071815ef552b83345ff20214b6f8a8e87e855a56f37
s10,s1001b,O0_4_keep80,105,13,0.12380952380952381,8,0,0,0.0761904761904762,0.0,0.0,112,13,0.11607142857142858,8,0,0,0.07142857142857142,0.0,0.0,408.47848400000026,268.5444390000001,0.6574261546662026,308.5720000000001,56,5.510214285714288,87130029b5443647ed1f1febd32ab768bf957a0a1698217eb3cf14b2d00c6ecf,280,e2d6b01dd3160c9fd13cb9b367fa197ebe16fd57d57db2bfd2799f072e4ec20d,c015d4af80ce95804dd1e37d3ae72ba6cc52dc3edef1063376d4c852264c5615
s10,s1001b,O0_4_keep70,104,15,0.14423076923076922,10,0,0,0.09615384615384616,0.0,0.0,110,16,0.14545454545454545,11,0,0,0.1,0.0,0.0,408.47848400000026,258.90234100000026,0.6338212443032865,297.8240000000001,55,5.41498181818182,87130029b5443647ed1f1febd32ab768bf957a0a1698217eb3cf14b2d00c6ecf,267,7644b7a4adcde17c85d5d78ea95b0b06ccfb80833e9c7946ae8c470a9c9b3753,84dc9b2a6841e443c3985d0307751521bcc1bc242378c5e4ea728cf2293d5c48
s10,s1001b,O0_4_keep60,92,14,0.15217391304347827,11,0,0,0.11956521739130435,0.0,0.0,96,15,0.15625,12,0,0,0.125,0.0,0.0,408.47848400000026,221.3336930000003,0.5418490854955292,252.70000000000022,48,5.264583333333338,87130029b5443647ed1f1febd32ab768bf957a0a1698217eb3cf14b2d00c6ecf,231,80b2ac16bedb23d6ef41851866eebb60a0c84d56d8e550313ab096905aacc14f,24236f5686058770a80f57bd10e4ffcfe03905379fb0584576242d647363d6f9
s10,s1001b,O0_4_keep50,54,7,0.12962962962962962,6,0,0,0.1111111111111111,0.0,0.0,54,7,0.12962962962962962,6,0,0,0.1111111111111111,0.0,0.0,408.47848400000026,132.87348700000024,0.3252888272078491,152.41600000000022,27,5.645037037037046,87130029b5443647ed1f1febd32ab768bf957a0a1698217eb3cf14b2d00c6ecf,165,fb36e49d66ab2a910b960bed078742bce5b9e1c797a6a4bacae3e5148a2a5fea,1916118b4a6805265d7a897e34b581facf168e808d3fae48e95547edbe16a87a
s10,s1001b,O0_4_MARGIN_all_s0p5,108,12,0.1111111111111111,7,0,0,0.06481481481481481,0.0,0.0,116,12,0.10344827586206896,7,0,0,0.0603448275862069,0.0,0.0,408.47848400000026,284.92788399999995,0.6975346197181826,326.37600000000003,58,5.627172413793104,87130029b5443647ed1f1febd32ab768bf957a0a1698217eb3cf14b2d00c6ecf,285,059bf3b09fa9491c9234661351e1a90fee03afd7a6a8ba0e5019fef293ab22d1,52cb808612095a35eeb3b95dc7095f2b4cacd4b37ba3fdf2b94565a302676265
s10,s1001b,O0_4_MARGIN_all_s1,109,12,0.11009174311926606,8,0,0,0.07339449541284404,0.0,0.0,118,12,0.1016949152542373,8,0,0,0.06779661016949153,0.0,0.0,408.47848400000026,286.564655,0.7015416141233031,327.8960000000001,59,5.5575593220338995,87130029b5443647ed1f1febd32ab768bf957a0a1698217eb3cf14b2d00c6ecf,285,6d4326225aa53e673aa383953c70046f99e98bd2581428b10716845f1a681e20,6c52576460a944c123b46b00302c006666083ef39bc0e2f9bd7f65cf0b38b921
s10,s1001b,O0_4_MARGIN_all_s2,109,12,0.11009174311926606,8,0,0,0.07339449541284404,0.0,0.0,118,12,0.1016949152542373,8,0,0,0.06779661016949153,0.0,0.0,408.47848400000026,284.533534,0.6965692077921044,324.78000000000003,59,5.504745762711865,87130029b5443647ed1f1febd32ab768bf957a0a1698217eb3cf14b2d00c6ecf,285,0cf15144d25fd99d093c1ff58ca7b8646a0b6da35ef7dff81766a4beb2343d00,81408d1795c117b471736c46a493cab0aa02d4e64a0b8a2b5519b3b0667eb5b8
s10,s1001b,O0_4_MARGIN_all_s4,110,13,0.11818181818181818,9,0,0,0.08181818181818182,0.0,0.0,120,13,0.10833333333333334,9,0,0,0.075,0.0,0.0,408.47848400000026,283.60374399999995,0.6942929801903587,323.2160000000001,60,5.386933333333335,87130029b5443647ed1f1febd32ab768bf957a0a1698217eb3cf14b2d00c6ecf,285,992638deef933fab6a3111b82e7f96631f33d62eefdde4134e2f5ccb714aecec,cc764726a60983f0c8f63d3adaa2da6ea2162e0d03f2383adff5bf223e14c289
s10,s1002a,O0_4,109,17,0.1559633027522936,7,1,0,0.06422018348623854,0.009174311926605505,0.0,122,19,0.1557377049180328,7,1,0,0.05737704918032787,0.00819672131147541,0.0,397.357996,297.37914500000005,0.7483909924893019,342.87600000000003,61,5.620918032786886,87130029b5443647ed1f1febd32ab768bf957a0a1698217eb3cf14b2d00c6ecf,321,56f4902473d9747b8a81a69279980f4513e9187421747fdc3538f2378ec75c4e,f95a8ed0df63576f52e726ff43301c5b35091835a329e4fd27167bc20685be5b
s10,s1002a,O0_4_sw0p25,109,17,0.1559633027522936,7,1,0,0.06422018348623854,0.009174311926605505,0.0,122,19,0.1557377049180328,7,1,0,0.05737704918032787,0.00819672131147541,0.0,397.357996,297.37914500000005,0.7483909924893019,342.87600000000003,61,5.620918032786886,87130029b5443647ed1f1febd32ab768bf957a0a1698217eb3cf14b2d00c6ecf,321,fb0adb60d461b152529e66bebc9be4d18e7f352bf556699a1cb454b878a47bb4,7cbf113fb110cf0bd05f44f82b2173d8a2a6f99223d52e4a5ea5636f09b0d060
s10,s1002a,O0_4_sw0p5,109,17,0.1559633027522936,7,1,0,0.06422018348623854,0.009174311926605505,0.0,122,19,0.1557377049180328,7,1,0,0.05737704918032787,0.00819672131147541,0.0,397.357996,297.37914500000005,0.7483909924893019,342.87600000000003,61,5.620918032786886,87130029b5443647ed1f1febd32ab768bf957a0a1698217eb3cf14b2d00c6ecf,321,fb0adb60d461b152529e66bebc9be4d18e7f352bf556699a1cb454b878a47bb4,7cbf113fb110cf0bd05f44f82b2173d8a2a6f99223d52e4a5ea5636f09b0d060
s10,s1002a,O0_4_sw1,109,17,0.1559633027522936,7,1,0,0.06422018348623854,0.009174311926605505,0.0,122,19,0.1557377049180328,7,1,0,0.05737704918032787,0.00819672131147541,0.0,397.357996,297.37914500000005,0.7483909924893019,342.72,61,5.618360655737705,87130029b5443647ed1f1febd32ab768bf957a0a1698217eb3cf14b2d00c6ecf,321,ced097a1ae89638db9c2b2d8eb54256f30dfcc6fec680891746eadf38f736083,0df8fa1f93b0db9b54b401a3a6240ae2f296dd6a59d9729f6d851d30eabfce38
s10,s1002a,O0_4_sw2,111,18,0.16216216216216217,7,1,0,0.06306306306306306,0.009009009009009009,0.0,126,21,0.16666666666666666,7,1,0,0.05555555555555555,0.007936507936507936,0.0,397.357996,297.37914500000005,0.7483909924893019,342.72,63,5.44,87130029b5443647ed1f1febd32ab768bf957a0a1698217eb3cf14b2d00c6ecf,321,2b4d315a2f1ff9a20039e1f563f7112cd3c77f9cde09d6fc51ad0ddee69f2d17,ff49e61d4d4370eda335375e08137ac11380001c4d69c747c534cd983f90bc26
s10,s1002a,O0_4_sw4,116,19,0.16379310344827586,8,1,0,0.06896551724137931,0.008620689655172414,0.0,136,23,0.16911764705882354,9,1,0,0.0661764705882353,0.007352941176470588,0.0,397.357996,296.6650080000001,0.7465937793787346,341.764,68,5.025941176470589,87130029b5443647ed1f1febd32ab768bf957a0a1698217eb3cf14b2d00c6ecf,321,bf9e2cfd50b91a9386a0ae818c4a1a8c8090d1aab60fac446baa83ed42f78f82,4fe6d3d99928ef6f10ab456b907e9f0a03be4b96e2e91a844c06dfe2597d6b02
s10,s1002a,O0_4_keep90,109,17,0.1559633027522936,7,1,0,0.06422018348623854,0.009174311926605505,0.0,122,19,0.1557377049180328,7,1,0,0.05737704918032787,0.00819672131147541,0.0,397.357996,297.37914500000005,0.7483909924893019,342.87600000000003,61,5.620918032786886,87130029b5443647ed1f1febd32ab768bf957a0a1698217eb3cf14b2d00c6ecf,320,56f4902473d9747b8a81a69279980f4513e9187421747fdc3538f2378ec75c4e,f95a8ed0df63576f52e726ff43301c5b35091835a329e4fd27167bc20685be5b
s10,s1002a,O0_4_keep80,101,15,0.1485148514851485,6,1,0,0.0594059405940594,0.009900990099009901,0.0,110,17,0.15454545454545454,6,1,0,0.05454545454545454,0.00909090909090909,0.0,397.357996,275.54779499999995,0.6934497299004899,315.89199999999994,55,5.743490909090908,87130029b5443647ed1f1febd32ab768bf957a0a1698217eb3cf14b2d00c6ecf,309,1167f216456840a4b9e44eedf2dfc01ae83cb7544dd5daead4c67317b7cd82fe,4217d32832f79ea6912d9e67146ce5206016840199647e82f95e71201384e58c
s10,s1002a,O0_4_keep70,97,16,0.16494845360824742,7,1,0,0.07216494845360824,0.010309278350515464,0.0,104,18,0.17307692307692307,7,1,0,0.0673076923076923,0.009615384615384616,0.0,397.357996,261.07598599999994,0.6570296524245606,298.71599999999995,52,5.74453846153846,87130029b5443647ed1f1febd32ab768bf957a0a1698217eb3cf14b2d00c6ecf,293,da19dd45c50c85837bf074d7bce5e84f1697426e8cb057d63f3830724c7863a6,119b606e49f0291c35f6e11045f9086dcd769f125a495d9e623bd01c171443e9
s10,s1002a,O0_4_keep60,80,13,0.1625,7,1,0,0.0875,0.0125,0.0,84,13,0.15476190476190477,7,1,0,0.08333333333333333,0.011904761904761904,0.0,397.357996,219.67462600000036,0.5528380659540078,250.8720000000001,42,5.973142857142859,87130029b5443647ed1f1febd32ab768bf957a0a1698217eb3cf14b2d00c6ecf,257,7b54a3d50c31f4214f2262966c3df5f67662a4394a9ff12f6116724309df4420,cf13347a82cd5167085dbbcdff9b5b17d13cabeeb0c1cb3b3af0bcea26f5eb7b
s10,s1002a,O0_4_keep50,48,9,0.1875,5,0,0,0.10416666666666667,0.0,0.0,50,9,0.18,5,0,0,0.1,0.0,0.0,397.357996,131.9526120000002,0.33207488795569673,153.37599999999998,25,6.135039999999999,87130029b5443647ed1f1febd32ab768bf957a0a1698217eb3cf14b2d00c6ecf,180,1ee443b33b78bf6eaf83134c03388b0dd66e6814721df42d1f85691aa457bd08,ae8a4bc55ab1cb9f2f850e325940e4a801b5b93f9e61f90050b312148023e6fd
s10,s1002a,O0_4_MARGIN_all_s0p5,109,17,0.1559633027522936,7,1,0,0.06422018348623854,0.009174311926605505,0.0,122,19,0.1557377049180328,7,1,0,0.05737704918032787,0.00819672131147541,0.0,397.357996,297.37914500000005,0.7483909924893019,342.72,61,5.618360655737705,87130029b5443647ed1f1febd32ab768bf957a0a1698217eb3cf14b2d00c6ecf,321,ced097a1ae89638db9c2b2d8eb54256f30dfcc6fec680891746eadf38f736083,0df8fa1f93b0db9b54b401a3a6240ae2f296dd6a59d9729f6d851d30eabfce38
s10,s1002a,O0_4_MARGIN_all_s1,109,18,0.1651376146788991,7,1,0,0.06422018348623854,0.009174311926605505,0.0,122,20,0.16393442622950818,7,1,0,0.05737704918032787,0.00819672131147541,0.0,397.357996,294.042796,0.7399946621434038,338.356,61,5.546819672131147,87130029b5443647ed1f1febd32ab768bf957a0a1698217eb3cf14b2d00c6ecf,321,633ae29bbf8d5c7fcaa9a57c5b2a443d42927033894a9d1fb1a7760bfafdf021,786ade2c53acc23c1efc10239b05daff53f09ff736e2d46530643ae70c088f24
s10,s1002a,O0_4_MARGIN_all_s2,109,18,0.1651376146788991,7,1,0,0.06422018348623854,0.009174311926605505,0.0,122,20,0.16393442622950818,7,1,0,0.05737704918032787,0.00819672131147541,0.0,397.357996,291.798659,0.7343470168900288,335.508,61,5.5001311475409835,87130029b5443647ed1f1febd32ab768bf957a0a1698217eb3cf14b2d00c6ecf,321,0fe8accfc285009157bd4ffad288d383b4e3e75b522edb24506953da7479f2b5,00a95c0c6c02a84911b7d880502bee7880cd7cd6d0057750843a34491a586b2e
s10,s1002a,O0_4_MARGIN_all_s4,108,17,0.1574074074074074,7,1,0,0.06481481481481481,0.009259259259259259,0.0,122,19,0.1557377049180328,7,1,0,0.05737704918032787,0.00819672131147541,0.0,397.357996,293.32609299999996,0.7381909913799745,337.032,61,5.52511475409836,87130029b5443647ed1f1febd32ab768bf957a0a1698217eb3cf14b2d00c6ecf,321,78e5bd1f1f1c465ef5724451a97369d1a3b8150b907b027a4e27858471c8baac,a55610cc44bbc40c6b2144fa19c5c639d4c8f9f23ffbd046f8a5a92be453b404
s10,s1002b,O0_4,110,9,0.08181818181818182,5,1,0,0.045454545454545456,0.00909090909090909,0.0,122,11,0.09016393442622951,7,1,0,0.05737704918032787,0.00819672131147541,0.0,409.7904379999997,311.13373800000005,0.7592508490888709,356.02399999999994,61,5.836459016393442,87130029b5443647ed1f1febd32ab768bf957a0a1698217eb3cf14b2d00c6ecf,307,ab80f07bbbeea1df702132841086e554d0302b98196c3c88be2072db8cd02589,60fc09c867cbb00e3621fd9cd5f9a10ddeb01edd2665e99fdf36b34aa35817b0
s10,s1002b,O0_4_sw0p25,110,9,0.08181818181818182,5,1,0,0.045454545454545456,0.00909090909090909,0.0,122,11,0.09016393442622951,7,1,0,0.05737704918032787,0.00819672131147541,0.0,409.7904379999997,311.13373800000005,0.7592508490888709,356.02399999999994,61,5.836459016393442,87130029b5443647ed1f1febd32ab768bf957a0a1698217eb3cf14b2d00c6ecf,307,ab80f07bbbeea1df702132841086e554d0302b98196c3c88be2072db8cd02589,60fc09c867cbb00e3621fd9cd5f9a10ddeb01edd2665e99fdf36b34aa35817b0
s10,s1002b,O0_4_sw0p5,110,9,0.08181818181818182,5,1,0,0.045454545454545456,0.00909090909090909,0.0,122,11,0.09016393442622951,7,1,0,0.05737704918032787,0.00819672131147541,0.0,409.7904379999997,311.13373800000005,0.7592508490888709,356.02399999999994,61,5.836459016393442,87130029b5443647ed1f1febd32ab768bf957a0a1698217eb3cf14b2d00c6ecf,307,ab80f07bbbeea1df702132841086e554d0302b98196c3c88be2072db8cd02589,60fc09c867cbb00e3621fd9cd5f9a10ddeb01edd2665e99fdf36b34aa35817b0
s10,s1002b,O0_4_sw1,110,9,0.08181818181818182,5,1,0,0.045454545454545456,0.00909090909090909,0.0,122,11,0.09016393442622951,7,1,0,0.05737704918032787,0.00819672131147541,0.0,409.7904379999997,311.13373800000005,0.7592508490888709,356.02399999999994,61,5.836459016393442,87130029b5443647ed1f1febd32ab768bf957a0a1698217eb3cf14b2d00c6ecf,307,ab80f07bbbeea1df702132841086e554d0302b98196c3c88be2072db8cd02589,60fc09c867cbb00e3621fd9cd5f9a10ddeb01edd2665e99fdf36b34aa35817b0
s10,s1002b,O0_4_sw2,112,8,0.07142857142857142,5,1,0,0.044642857142857144,0.008928571428571428,0.0,126,10,0.07936507936507936,7,1,0,0.05555555555555555,0.007936507936507936,0.0,409.7904379999997,311.91499500000003,0.761157328419655,357.11199999999997,63,5.668444444444444,87130029b5443647ed1f1febd32ab768bf957a0a1698217eb3cf14b2d00c6ecf,307,d0ecc544156c769baf8d3be5ba884cca739a8e135cdb5583b94560f5cc46438f,026f6fbd832d70a2819f01ca810d7a92ef16bcb23eb18466a809e8463b46a98d
s10,s1002b,O0_4_sw4,117,9,0.07692307692307693,6,1,0,0.05128205128205128,0.008547008547008548,0.0,136,12,0.08823529411764706,9,1,0,0.0661764705882353,0.007352941176470588,0.0,409.7904379999997,316.64563400000003,0.7727013727928914,362.75199999999995,68,5.334588235294117,87130029b5443647ed1f1febd32ab768bf957a0a1698217eb3cf14b2d00c6ecf,307,e8abb927aeca841f9e5c1350f8603004fd7e5cef17f96402c885fd11a47be352,d1dc7c0b02c56a1524ab45bfc1b11a535528cf4dae94d760f0b604b382b58b3c
s10,s1002b,O0_4_keep90,110,9,0.08181818181818182,5,1,0,0.045454545454545456,0.00909090909090909,0.0,122,11,0.09016393442622951,7,1,0,0.05737704918032787,0.00819672131147541,0.0,409.7904379999997,311.13373800000005,0.7592508490888709,356.02399999999994,61,5.836459016393442,87130029b5443647ed1f1febd32ab768bf957a0a1698217eb3cf14b2d00c6ecf,306,ab80f07bbbeea1df702132841086e554d0302b98196c3c88be2072db8cd02589,60fc09c867cbb00e3621fd9cd5f9a10ddeb01edd2665e99fdf36b34aa35817b0
s10,s1002b,O0_4_keep80,110,10,0.09090909090909091,5,1,0,0.045454545454545456,0.00909090909090909,0.0,120,11,0.09166666666666666,6,1,0,0.05,0.008333333333333333,0.0,409.7904379999997,310.7977240000002,0.7584308836410683,355.3039999999999,60,5.921733333333332,87130029b5443647ed1f1febd32ab768bf957a0a1698217eb3cf14b2d00c6ecf,293,7534fec971d9d33b42cbaafbf6a2ee7b3b97528087880c53935c35aec7764f2c,4880b9db5596f18112010e54d095681712eff2498eb5212d280a846a0e5ffae6
s10,s1002b,O0_4_keep70,106,10,0.09433962264150944,5,1,0,0.04716981132075472,0.009433962264150943,0.0,116,11,0.09482758620689655,6,1,0,0.05172413793103448,0.008620689655172414,0.0,409.7904379999997,300.41314700000027,0.733089694494044,342.78399999999993,58,5.91006896551724,87130029b5443647ed1f1febd32ab768bf957a0a1698217eb3cf14b2d00c6ecf,276,812ec1b27d0b73a4885a6853923382821f0336732261e8ae99f7e9052ed48ed9,c3b536cd82192f5f2d8984f619fad7006816ffd45746edbb3453e63d0cc25643
s10,s1002b,O0_4_keep60,93,9,0.0967741935483871,7,1,0,0.07526881720430108,0.010752688172043012,0.0,100,11,0.11,9,1,0,0.09,0.01,0.0,409.7904379999997,272.0253390000003,0.6638157306149748,309.29999999999984,50,6.185999999999996,87130029b5443647ed1f1febd32ab768bf957a0a1698217eb3cf14b2d00c6ecf,245,fd5311e30533283a00603f646ae6ca287afee257077e51d4f6fc677ae3611024,eacc78bbd01308db7656157547c30fd5aa988391917db081ba8a9f9fe29fdbc1
s10,s1002b,O0_4_keep50,55,8,0.14545454545454545,6,0,0,0.10909090909090909,0.0,0.0,60,9,0.15,7,0,0,0.11666666666666667,0.0,0.0,409.7904379999997,176.66524000000018,0.4311111817596884,202.3280000000001,30,6.74426666666667,87130029b5443647ed1f1febd32ab768bf957a0a1698217eb3cf14b2d00c6ecf,168,1040d50fc267aa8b3b3a51f597f4c6bfcc47e2d4598ab4fea2afbdb76a3a46c6,725fec12bef61faf87cdff96f79662144a6ff194c3ee61b11907f8b051047094
s10,s1002b,O0_4_MARGIN_all_s0p5,110,9,0.08181818181818182,5,1,0,0.045454545454545456,0.00909090909090909,0.0,122,11,0.09016393442622951,7,1,0,0.05737704918032787,0.00819672131147541,0.0,409.7904379999997,311.13373800000005,0.7592508490888709,356.02399999999994,61,5.836459016393442,87130029b5443647ed1f1febd32ab768bf957a0a1698217eb3cf14b2d00c6ecf,307,ab80f07bbbeea1df702132841086e554d0302b98196c3c88be2072db8cd02589,60fc09c867cbb00e3621fd9cd5f9a10ddeb01edd2665e99fdf36b34aa35817b0
s10,s1002b,O0_4_MARGIN_all_s1,111,9,0.08108108108108109,5,1,0,0.04504504504504504,0.009009009009009009,0.0,122,11,0.09016393442622951,7,1,0,0.05737704918032787,0.00819672131147541,0.0,409.7904379999997,309.66147500000005,0.755658127386565,353.4799999999999,61,5.794754098360654,87130029b5443647ed1f1febd32ab768bf957a0a1698217eb3cf14b2d00c6ecf,307,a0943c85fd41e9e36fe95b56067e9fa557ec4de573e0b7cda5abdf8f024d5e2e,a639c5ee1e459ff5b6937aa3d101ee47ea86b74d2bf26578b00ba90abd864fb2
s10,s1002b,O0_4_MARGIN_all_s2,110,9,0.08181818181818182,5,1,0,0.045454545454545456,0.00909090909090909,0.0,122,11,0.09016393442622951,7,1,0,0.05737704918032787,0.00819672131147541,0.0,409.7904379999997,305.33230699999996,0.7450937813243953,348.5559999999999,61,5.7140327868852445,87130029b5443647ed1f1febd32ab768bf957a0a1698217eb3cf14b2d00c6ecf,307,bf0e6ae1907e9ee0e8fab8dae62f70fa460caf15b86eacbffb1daa4f2eba90a8,0e70c78595d2df13ce7624ea3a26d84ee902244574dc6487c7f8b5c31dc46244
s10,s1002b,O0_4_MARGIN_all_s4,111,9,0.08108108108108109,4,1,0,0.036036036036036036,0.009009009009009009,0.0,124,10,0.08064516129032258,5,1,0,0.04032258064516129,0.008064516129032258,0.0,409.7904379999997,303.706429,0.7411261972881862,346.26399999999995,62,5.584903225806451,87130029b5443647ed1f1febd32ab768bf957a0a1698217eb3cf14b2d00c6ecf,307,b6db8913d3b24469d4e690d4f8633ec6e0a6870f60d94b5fe1b00a8a8462c5d9,c46b4e4468fb04a7be6918593e3cb7f8b8c9dbad6bde160661f816b22c60767d
s10,s1003b,O0_4,97,9,0.09278350515463918,7,2,1,0.07216494845360824,0.020618556701030927,0.010309278350515464,112,12,0.10714285714285714,9,3,2,0.08035714285714286,0.026785714285714284,0.017857142857142856,401.8676450000002,287.2204500000005,0.7147140447198738,331.97600000000017,56,5.92814285714286,87130029b5443647ed1f1febd32ab768bf957a0a1698217eb3cf14b2d00c6ecf,250,66b2aa9f136a260bbcbb09fdbaa15e366b11226e6390e1a2cc0b148c75b72261,3cea671ce01efe74f677227bfa1c60239c7e7b487f527ff724dfec29386d5aa4
s10,s1003b,O0_4_sw0p25,97,9,0.09278350515463918,7,2,1,0.07216494845360824,0.020618556701030927,0.010309278350515464,112,12,0.10714285714285714,9,3,2,0.08035714285714286,0.026785714285714284,0.017857142857142856,401.8676450000002,287.2204500000005,0.7147140447198738,331.97600000000017,56,5.92814285714286,87130029b5443647ed1f1febd32ab768bf957a0a1698217eb3cf14b2d00c6ecf,250,66b2aa9f136a260bbcbb09fdbaa15e366b11226e6390e1a2cc0b148c75b72261,3cea671ce01efe74f677227bfa1c60239c7e7b487f527ff724dfec29386d5aa4
s10,s1003b,O0_4_sw0p5,98,9,0.09183673469387756,7,2,1,0.07142857142857142,0.02040816326530612,0.01020408163265306,114,12,0.10526315789473684,9,3,2,0.07894736842105263,0.02631578947368421,0.017543859649122806,401.8676450000002,287.2204500000005,0.7147140447198738,331.97600000000017,57,5.824140350877196,87130029b5443647ed1f1febd32ab768bf957a0a1698217eb3cf14b2d00c6ecf,250,8ab5ad93b3271fae0034eddeb09b25eecadbf95ff695384b90a70f49265332de,9e83afe24e9d2c17b0f20f1a5f8ffca060f0c8cf13008a78c81ef96c4d39f364
s10,s1003b,O0_4_sw1,98,9,0.09183673469387756,7,2,1,0.07142857142857142,0.02040816326530612,0.01020408163265306,114,12,0.10526315789473684,9,3,2,0.07894736842105263,0.02631578947368421,0.017543859649122806,401.8676450000002,287.2204500000005,0.7147140447198738,332.1200000000002,57,5.82666666666667,87130029b5443647ed1f1febd32ab768bf957a0a1698217eb3cf14b2d00c6ecf,250,95ead879c13bc6d006bfd622cfafd16f2666ebbd2af25df1ee04b51aa8bea568,429bbb9586dd467ae9b3830b15446714c08e436b13a40a8d81d63d1ba87f0191
s10,s1003b,O0_4_sw2,102,8,0.0784313725490196,6,1,1,0.058823529411764705,0.00980392156862745,0.00980392156862745,122,11,0.09016393442622951,8,2,2,0.06557377049180328,0.01639344262295082,0.01639344262295082,401.8676450000002,290.7379240000005,0.7234668618320849,335.96800000000013,61,5.507672131147543,87130029b5443647ed1f1febd32ab768bf957a0a1698217eb3cf14b2d00c6ecf,250,01b6fca194d2b7d6ba14efa282ff20bbd778d838bdbca79c4930c17f4375d735,14ce78cb6cc532a7e5fdfaad24bc789c7bb7e7a38719c8de821312cf9330d2d0
s10,s1003b,O0_4_sw4,105,8,0.0761904761904762,6,1,1,0.05714285714285714,0.009523809523809525,0.009523809523809525,128,11,0.0859375,8,2,2,0.0625,0.015625,0.015625,401.8676450000002,292.17746000000045,0.7270489765355465,337.4800000000001,64,5.273125000000001,87130029b5443647ed1f1febd32ab768bf957a0a1698217eb3cf14b2d00c6ecf,250,7937b5fc8b94dd9eeffffef96679576056ff88e10d3344828667e32bccf39c6c,93abff5b1b1cf893848c6fd71715829b6724408d61bdb1b283760de87bdf24a3
s10,s1003b,O0_4_keep90,97,9,0.09278350515463918,7,2,1,0.07216494845360824,0.020618556701030927,0.010309278350515464,112,12,0.10714285714285714,9,3,2,0.08035714285714286,0.026785714285714284,0.017857142857142856,401.8676450000002,287.2204500000005,0.7147140447198738,331.97600000000017,56,5.92814285714286,87130029b5443647ed1f1febd32ab768bf957a0a1698217eb3cf14b2d00c6ecf,250,66b2aa9f136a260bbcbb09fdbaa15e366b11226e6390e1a2cc0b148c75b72261,3cea671ce01efe74f677227bfa1c60239c7e7b487f527ff724dfec29386d5aa4
s10,s1003b,O0_4_keep80,96,8,0.08333333333333333,5,2,1,0.052083333333333336,0.020833333333333332,0.010416666666666666,108,11,0.10185185185185185,6,3,2,0.05555555555555555,0.027777777777777776,0.018518518518518517,401.8676450000002,284.25679800000046,0.7073393480084725,328.00000000000017,54,6.074074074074077,87130029b5443647ed1f1febd32ab768bf957a0a1698217eb3cf14b2d00c6ecf,238,2977b92ca709f0e72b7812a71d9c96927ead599a466ea4a3fc5b594f4fbce807,c35e5b2f1a67bb0ec132d9f1fd72e381ada610a6693044d449e6390724cf704b
s10,s1003b,O0_4_keep70,92,8,0.08695652173913043,5,2,1,0.05434782608695652,0.021739130434782608,0.010869565217391304,102,11,0.10784313725490197,6,3,2,0.058823529411764705,0.029411764705882353,0.0196078431372549,401.8676450000002,282.15031400000055,0.7020976122623667,324.71200000000016,51,6.3669019607843165,87130029b5443647ed1f1febd32ab768bf957a0a1698217eb3cf14b2d00c6ecf,228,3f33ab0bd7a63fc0d08cec219aec6668c855296f52f2e7537e1ecbae5b0f9c49,b76f5f0a4452ce4d1def229f9efaed64dc06232c3ad59b0c24c51fb0a4ab7c6f
s10,s1003b,O0_4_keep60,76,9,0.11842105263157894,6,3,1,0.07894736842105263,0.039473684210526314,0.013157894736842105,84,11,0.13095238095238096,7,4,2,0.08333333333333333,0.047619047619047616,0.023809523809523808,401.8676450000002,242.48299500000056,0.6033901908176769,280.0240000000002,42,6.6672380952381,87130029b5443647ed1f1febd32ab768bf957a0a1698217eb3cf14b2d00c6ecf,199,0b64dd10ac15e74d8b7058eb5afb506efa7ff2300d8a66318a836546d21b2651,44defe7b5b19f693b4ef3680f7c8ef088e4e92bc55e9571ce5b31d260aea2d46
s10,s1003b,O0_4_keep50,55,6,0.10909090909090909,4,1,0,0.07272727272727272,0.01818181818181818,0.0,58,6,0.10344827586206896,4,1,0,0.06896551724137931,0.017241379310344827,0.0,401.8676450000002,169.43463800000023,0.42161801306497354,198.05600000000024,29,6.829517241379318,87130029b5443647ed1f1febd32ab768bf957a0a1698217eb3cf14b2d00c6ecf,140,2fc42a289478a7904b1690d4d62315805fef92b7e1967c05e9163a26eff5b641,2eb30b9f0903806ae073793cf705108837744fa72a434c209c500211b0bef405
s10,s1003b,O0_4_MARGIN_all_s0p5,97,9,0.09278350515463918,7,2,1,0.07216494845360824,0.020618556701030927,0.010309278350515464,112,12,0.10714285714285714,9,3,2,0.08035714285714286,0.026785714285714284,0.017857142857142856,401.8676450000002,287.0349630000005,0.7142524823067067,331.4800000000002,56,5.919285714285718,87130029b5443647ed1f1febd32ab768bf957a0a1698217eb3cf14b2d00c6ecf,250,53f9362b0b1a5454214312259b83d55a14de626ae7b8c1e95de1bf77b0105f01,872e9e4a7b13c0e2adaebcb6b72cb8ba96a0250e25a773e30be281ab258bb13f
s10,s1003b,O0_4_MARGIN_all_s1,97,9,0.09278350515463918,7,2,1,0.07216494845360824,0.020618556701030927,0.010309278350515464,112,12,0.10714285714285714,9,3,2,0.08035714285714286,0.026785714285714284,0.017857142857142856,401.8676450000002,286.5349630000005,0.7130082915732128,330.7040000000002,56,5.905428571428574,87130029b5443647ed1f1febd32ab768bf957a0a1698217eb3cf14b2d00c6ecf,250,0e3eacbfb08244eb47299b1e7df792268fe4f5453d65eba82f6ba7df565532e2,4f3f18a32ac21fadeed1a50d82ca868ce7f5ca64f7429c40ea45d338fb6ae28f
s10,s1003b,O0_4_MARGIN_all_s2,97,8,0.08247422680412371,6,2,1,0.061855670103092786,0.020618556701030927,0.010309278350515464,112,11,0.09821428571428571,8,3,2,0.07142857142857142,0.026785714285714284,0.017857142857142856,401.8676450000002,280.4022130000005,0.6977476701315437,322.8720000000001,56,5.765571428571431,87130029b5443647ed1f1febd32ab768bf957a0a1698217eb3cf14b2d00c6ecf,250,96421b89bb78a2e07577b9d3e67ff902fe43bdfe994d411f3539704a96244c12,a4e6b2e79a413bc0ede755a8ec02842c1883ed8ea6aa07f37ae7e553d0ff9bc5
s10,s1003b,O0_4_MARGIN_all_s4,99,6,0.06060606060606061,4,0,0,0.04040404040404041,0.0,0.0,114,8,0.07017543859649122,5,0,0,0.043859649122807015,0.0,0.0,401.8676450000002,279.7791550000005,0.6961972641514854,321.76800000000003,57,5.645052631578948,87130029b5443647ed1f1febd32ab768bf957a0a1698217eb3cf14b2d00c6ecf,250,821be25f60bb93eeb1170c42839b44523428ea008fc9996b33a27c6d3702ec89,c13ee624fe1b38a8329be6f03d1c6613262d592fc09226852b4618a72f54e17d
s11,s1101a,O0_4,94,6,0.06382978723404255,3,2,0,0.031914893617021274,0.02127659574468085,0.0,94,6,0.06382978723404255,3,2,0,0.031914893617021274,0.02127659574468085,0.0,285.0435980000001,157.4182380000002,0.5522602124886178,189.38000000000005,47,4.029361702127661,87130029b5443647ed1f1febd32ab768bf957a0a1698217eb3cf14b2d00c6ecf,378,1cdc92e0ae9111f321b25ca64b1d79c9dc8582059016e503717ce30f0019675c,fe6511108d638097de348e26270d00c7e47a017dad99c5527867eb6b4ad0a845
s11,s1101a,O0_4_sw0p25,94,6,0.06382978723404255,3,2,0,0.031914893617021274,0.02127659574468085,0.0,94,6,0.06382978723404255,3,2,0,0.031914893617021274,0.02127659574468085,0.0,285.0435980000001,157.4182380000002,0.5522602124886178,189.38000000000005,47,4.029361702127661,87130029b5443647ed1f1febd32ab768bf957a0a1698217eb3cf14b2d00c6ecf,378,1cdc92e0ae9111f321b25ca64b1d79c9dc8582059016e503717ce30f0019675c,fe6511108d638097de348e26270d00c7e47a017dad99c5527867eb6b4ad0a845
s11,s1101a,O0_4_sw0p5,94,6,0.06382978723404255,3,2,0,0.031914893617021274,0.02127659574468085,0.0,94,6,0.06382978723404255,3,2,0,0.031914893617021274,0.02127659574468085,0.0,285.0435980000001,157.4182380000002,0.5522602124886178,189.38000000000005,47,4.029361702127661,87130029b5443647ed1f1febd32ab768bf957a0a1698217eb3cf14b2d00c6ecf,378,1cdc92e0ae9111f321b25ca64b1d79c9dc8582059016e503717ce30f0019675c,fe6511108d638097de348e26270d00c7e47a017dad99c5527867eb6b4ad0a845
s11,s1101a,O0_4_sw1,94,6,0.06382978723404255,3,2,0,0.031914893617021274,0.02127659574468085,0.0,94,6,0.06382978723404255,3,2,0,0.031914893617021274,0.02127659574468085,0.0,285.0435980000001,157.4182380000002,0.5522602124886178,189.38000000000005,47,4.029361702127661,87130029b5443647ed1f1febd32ab768bf957a0a1698217eb3cf14b2d00c6ecf,378,1cdc92e0ae9111f321b25ca64b1d79c9dc8582059016e503717ce30f0019675c,fe6511108d638097de348e26270d00c7e47a017dad99c5527867eb6b4ad0a845
s11,s1101a,O0_4_sw2,94,6,0.06382978723404255,3,2,0,0.031914893617021274,0.02127659574468085,0.0,94,6,0.06382978723404255,3,2,0,0.031914893617021274,0.02127659574468085,0.0,285.0435980000001,157.4182380000002,0.5522602124886178,189.38000000000005,47,4.029361702127661,87130029b5443647ed1f1febd32ab768bf957a0a1698217eb3cf14b2d00c6ecf,378,1cdc92e0ae9111f321b25ca64b1d79c9dc8582059016e503717ce30f0019675c,fe6511108d638097de348e26270d00c7e47a017dad99c5527867eb6b4ad0a845
s11,s1101a,O0_4_sw4,94,6,0.06382978723404255,3,2,0,0.031914893617021274,0.02127659574468085,0.0,94,6,0.06382978723404255,3,2,0,0.031914893617021274,0.02127659574468085,0.0,285.0435980000001,156.5526150000002,0.5492234033616155,188.26000000000005,47,4.005531914893618,87130029b5443647ed1f1febd32ab768bf957a0a1698217eb3cf14b2d00c6ecf,378,42ead78b95e3fcae51793010fca15348ccc6e577a7683a6e59a63c5579afe412,e1b0a350f38eaaa83b8ff8f1f150ad5793749f62f7bba7770c8a2589c2641422
s11,s1101a,O0_4_keep90,94,6,0.06382978723404255,3,2,0,0.031914893617021274,0.02127659574468085,0.0,94,6,0.06382978723404255,3,2,0,0.031914893617021274,0.02127659574468085,0.0,285.0435980000001,157.4182380000002,0.5522602124886178,189.38000000000005,47,4.029361702127661,87130029b5443647ed1f1febd32ab768bf957a0a1698217eb3cf14b2d00c6ecf,378,1cdc92e0ae9111f321b25ca64b1d79c9dc8582059016e503717ce30f0019675c,fe6511108d638097de348e26270d00c7e47a017dad99c5527867eb6b4ad0a845
s11,s1101a,O0_4_keep80,94,6,0.06382978723404255,3,2,0,0.031914893617021274,0.02127659574468085,0.0,94,6,0.06382978723404255,3,2,0,0.031914893617021274,0.02127659574468085,0.0,285.0435980000001,157.4182380000002,0.5522602124886178,189.38000000000005,47,4.029361702127661,87130029b5443647ed1f1febd32ab768bf957a0a1698217eb3cf14b2d00c6ecf,371,1cdc92e0ae9111f321b25ca64b1d79c9dc8582059016e503717ce30f0019675c,fe6511108d638097de348e26270d00c7e47a017dad99c5527867eb6b4ad0a845
s11,s1101a,O0_4_keep70,92,7,0.07608695652173914,4,2,0,0.043478260869565216,0.021739130434782608,0.0,92,7,0.07608695652173914,4,2,0,0.043478260869565216,0.021739130434782608,0.0,285.0435980000001,151.9318350000002,0.533012620055407,181.344,46,3.9422608695652173,87130029b5443647ed1f1febd32ab768bf957a0a1698217eb3cf14b2d00c6ecf,360,00a5f92cb657c94f5864d3a3414fb55630fde81dbaae6dd9cc2efb412ec89469,34858a38e8e41d04b0ceed2f7207096df50ea4e65f4feb1fad95bfbb3b60c410
s11,s1101a,O0_4_keep60,62,5,0.08064516129032258,3,1,0,0.04838709677419355,0.016129032258064516,0.0,62,5,0.08064516129032258,3,1,0,0.04838709677419355,0.016129032258064516,0.0,285.0435980000001,102.55755600000006,0.3597960337281458,120.74399999999999,31,3.8949677419354836,87130029b5443647ed1f1febd32ab768bf957a0a1698217eb3cf14b2d00c6ecf,317,c2c78642e3f5bc9e0edf226c94129a22a59b90f55cb55e9a059aabcb17e69550,6b927252a47daf0d7ace7e3fdce9b5eb57e6e33c819b6cb35c293470959156c7
s11,s1101a,O0_4_keep50,28,2,0.07142857142857142,2,0,0,0.07142857142857142,0.0,0.0,28,2,0.07142857142857142,2,0,0,0.07142857142857142,0.0,0.0,285.0435980000001,41.71907599999996,0.1463603332708421,52.928,14,3.7805714285714282,87130029b5443647ed1f1febd32ab768bf957a0a1698217eb3cf14b2d00c6ecf,212,98ffd4ce771d80a5e6d9680e0abf95bd528a331b62378b1a8c9b91d4ecb383fa,25056d6fcbe161d46e4d8d62ddad74d2ace2aa40656410ea6365ddfdf5ede2dd
s11,s1101a,O0_4_MARGIN_all_s0p5,94,7,0.07446808510638298,4,2,0,0.0425531914893617,0.02127659574468085,0.0,94,7,0.07446808510638298,4,2,0,0.0425531914893617,0.02127659574468085,0.0,285.0435980000001,156.50413100000026,0.5490533100834638,187.97600000000006,47,3.9994893617021288,87130029b5443647ed1f1febd32ab768bf957a0a1698217eb3cf14b2d00c6ecf,378,f228b7c1ea6eb5bf46429aa949f7c73b03a0c66bf08d0ada3b6055904243f4d1,a07f1787e8ad93d6b1ac730c2006719156da10b5f0961841a2479ff837cb294a
s11,s1101a,O0_4_MARGIN_all_s1,94,7,0.07446808510638298,4,2,0,0.0425531914893617,0.02127659574468085,0.0,94,7,0.07446808510638298,4,2,0,0.0425531914893617,0.02127659574468085,0.0,285.0435980000001,153.92451300000025,0.5400034032688579,184.67600000000004,47,3.929276595744682,87130029b5443647ed1f1febd32ab768bf957a0a1698217eb3cf14b2d00c6ecf,378,a4035205ec65715050f0f412a29960a0edf9880897cdba6f74a55efca85dc75b,cdfa5babb0c7b9864f5758c6324b5dc0e56fa54b6b4e61ec83327110cf702f35
s11,s1101a,O0_4_MARGIN_all_s2,94,7,0.07446808510638298,4,2,0,0.0425531914893617,0.02127659574468085,0.0,94,7,0.07446808510638298,4,2,0,0.0425531914893617,0.02127659574468085,0.0,285.0435980000001,147.62236600000028,0.5178939889749786,177.24800000000002,47,3.771234042553192,87130029b5443647ed1f1febd32ab768bf957a0a1698217eb3cf14b2d00c6ecf,378,f6e4412b2cfea43276adead85d465594bc41d9c085a6ba40fa594a9b9cb9e607,c5f002b47f230267952125bab79bbf511bb39d821e7e7ecf6a03fdb85a46d921
s11,s1101a,O0_4_MARGIN_all_s4,94,7,0.07446808510638298,4,2,0,0.0425531914893617,0.02127659574468085,0.0,94,7,0.07446808510638298,4,2,0,0.0425531914893617,0.02127659574468085,0.0,285.0435980000001,147.62236600000028,0.5178939889749786,177.24800000000002,47,3.771234042553192,87130029b5443647ed1f1febd32ab768bf957a0a1698217eb3cf14b2d00c6ecf,378,f6e4412b2cfea43276adead85d465594bc41d9c085a6ba40fa594a9b9cb9e607,c5f002b47f230267952125bab79bbf511bb39d821e7e7ecf6a03fdb85a46d921
s11,s1102a,O0_4,68,4,0.058823529411764705,3,1,0,0.04411764705882353,0.014705882352941176,0.0,68,4,0.058823529411764705,3,1,0,0.04411764705882353,0.014705882352941176,0.0,238.4946670000003,124.37223500000015,0.5214885371000769,142.65200000000002,34,4.19564705882353,87130029b5443647ed1f1febd32ab768bf957a0a1698217eb3cf14b2d00c6ecf,307,7387375c92be61b3d106f29a97633f49c014dab5a80e1fba4d0997e47c31fece,4c7024a715951d43322d7b448bd67c0b9a727f4b529bd8324190024ba42a9587
s11,s1102a,O0_4_sw0p25,68,4,0.058823529411764705,3,1,0,0.04411764705882353,0.014705882352941176,0.0,68,4,0.058823529411764705,3,1,0,0.04411764705882353,0.014705882352941176,0.0,238.4946670000003,124.37223500000015,0.5214885371000769,142.65200000000002,34,4.19564705882353,87130029b5443647ed1f1febd32ab768bf957a0a1698217eb3cf14b2d00c6ecf,307,7387375c92be61b3d106f29a97633f49c014dab5a80e1fba4d0997e47c31fece,4c7024a715951d43322d7b448bd67c0b9a727f4b529bd8324190024ba42a9587
s11,s1102a,O0_4_sw0p5,68,4,0.058823529411764705,3,1,0,0.04411764705882353,0.014705882352941176,0.0,68,4,0.058823529411764705,3,1,0,0.04411764705882353,0.014705882352941176,0.0,238.4946670000003,124.37223500000015,0.5214885371000769,142.65200000000002,34,4.19564705882353,87130029b5443647ed1f1febd32ab768bf957a0a1698217eb3cf14b2d00c6ecf,307,7387375c92be61b3d106f29a97633f49c014dab5a80e1fba4d0997e47c31fece,4c7024a715951d43322d7b448bd67c0b9a727f4b529bd8324190024ba42a9587
s11,s1102a,O0_4_sw1,68,4,0.058823529411764705,3,1,0,0.04411764705882353,0.014705882352941176,0.0,68,4,0.058823529411764705,3,1,0,0.04411764705882353,0.014705882352941176,0.0,238.4946670000003,124.37223500000015,0.5214885371000769,142.65200000000002,34,4.19564705882353,87130029b5443647ed1f1febd32ab768bf957a0a1698217eb3cf14b2d00c6ecf,307,7387375c92be61b3d106f29a97633f49c014dab5a80e1fba4d0997e47c31fece,4c7024a715951d43322d7b448bd67c0b9a727f4b529bd8324190024ba42a9587
s11,s1102a,O0_4_sw2,68,4,0.058823529411764705,3,1,0,0.04411764705882353,0.014705882352941176,0.0,68,4,0.058823529411764705,3,1,0,0.04411764705882353,0.014705882352941176,0.0,238.4946670000003,124.27131600000017,0.5210653871769804,142.5,34,4.1911764705882355,87130029b5443647ed1f1febd32ab768bf957a0a1698217eb3cf14b2d00c6ecf,307,078ac5ed3db535b2ac0c475dca341530f0510d34f2f1d759437036a78e3531b8,4a4089688c76a97f13607affda1ceb32a75f80fa6ad07b7920a15311137e3ed2
s11,s1102a,O0_4_sw4,69,5,0.07246376811594203,4,1,0,0.057971014492753624,0.014492753623188406,0.0,70,5,0.07142857142857142,4,1,0,0.05714285714285714,0.014285714285714285,0.0,238.4946670000003,124.57552300000016,0.5223409167467883,142.924,35,4.083542857142858,87130029b5443647ed1f1febd32ab768bf957a0a1698217eb3cf14b2d00c6ecf,307,3ba0456d4fe28a7f16607650bbc52a35a52437983090107fef0a838cc4d4f02c,e599afe64cf441eeab284546b526baeb657b00f984d8921352d9f54d8ffe68b2
s11,s1102a,O0_4_keep90,68,4,0.058823529411764705,3,1,0,0.04411764705882353,0.014705882352941176,0.0,68,4,0.058823529411764705,3,1,0,0.04411764705882353,0.014705882352941176,0.0,238.4946670000003,124.37223500000015,0.5214885371000769,142.65200000000002,34,4.19564705882353,87130029b5443647ed1f1febd32ab768bf957a0a1698217eb3cf14b2d00c6ecf,307,7387375c92be61b3d106f29a97633f49c014dab5a80e1fba4d0997e47c31fece,4c7024a715951d43322d7b448bd67c0b9a727f4b529bd8324190024ba42a9587
s11,s1102a,O0_4_keep80,66,4,0.06060606060606061,3,1,0,0.045454545454545456,0.015151515151515152,0.0,66,4,0.06060606060606061,3,1,0,0.045454545454545456,0.015151515151515152,0.0,238.4946670000003,120.20883400000018,0.5040315387848904,137.64799999999997,33,4.171151515151514,87130029b5443647ed1f1febd32ab768bf957a0a1698217eb3cf14b2d00c6ecf,303,2b390bc701138069bee8b65d5ce896eec7763deced42af17c80a1ff33aba4830,bf7987ad92a5e2f3b588a0fa4292ef29deea7aa4a40f0f5995ca5443ca58e162
s11,s1102a,O0_4_keep70,64,4,0.0625,3,1,0,0.046875,0.015625,0.0,64,4,0.0625,3,1,0,0.046875,0.015625,0.0,238.4946670000003,113.78687500000014,0.477104483849947,130.13999999999993,32,4.066874999999998,87130029b5443647ed1f1febd32ab768bf957a0a1698217eb3cf14b2d00c6ecf,295,44c321ff6b35e234811918040625f0ee0a58260eeb1c689c72dfd9b182027961,1617ca369cebf35b1e21cb6ed1a0f7d722bfdf8b568676efbcb1719b479fea12
s11,s1102a,O0_4_keep60,48,5,0.10416666666666667,4,1,0,0.08333333333333333,0.020833333333333332,0.0,48,5,0.10416666666666667,4,1,0,0.08333333333333333,0.020833333333333332,0.0,238.4946670000003,85.3691820000001,0.3579500668666943,96.08399999999996,24,4.003499999999998,87130029b5443647ed1f1febd32ab768bf957a0a1698217eb3cf14b2d00c6ecf,265,24c4a634ea88af8e23729af0d7566135980afeb8d69a2f3c506db73007a4445a,3e34b09b048d5d4ca0a9df9b4bf1e72066f0430c0bb26715a14a54e8f5fb0815
s11,s1102a,O0_4_keep50,30,4,0.13333333333333333,4,1,0,0.13333333333333333,0.03333333333333333,0.0,30,4,0.13333333333333333,4,1,0,0.13333333333333333,0.03333333333333333,0.0,238.4946670000003,51.76377700000006,0.21704375050029942,59.01600000000008,15,3.9344000000000054,87130029b5443647ed1f1febd32ab768bf957a0a1698217eb3cf14b2d00c6ecf,177,937e7625e341dde02da15a67bf1bb0c7c9326bb4f1d7ee0870d09df1a448db95,bc9fef79f97906262173cdb1f99fb78179d80c8f216f61d6863a43cff69f1e24
s11,s1102a,O0_4_MARGIN_all_s0p5,68,4,0.058823529411764705,3,1,0,0.04411764705882353,0.014705882352941176,0.0,68,4,0.058823529411764705,3,1,0,0.04411764705882353,0.014705882352941176,0.0,238.4946670000003,123.81150600000016,0.5191374195381904,141.728,34,4.168470588235294,87130029b5443647ed1f1febd32ab768bf957a0a1698217eb3cf14b2d00c6ecf,307,33e2ca458063f7c27030047ee5075329133c6d74b7e058c2116001f76d1045b5,6290ae9695eb9c4a24a4781e8fb3a6b65b7e32f3ba67899f67e133e1a4b47f35
s11,s1102a,O0_4_MARGIN_all_s1,68,5,0.07352941176470588,4,1,0,0.058823529411764705,0.014705882352941176,0.0,68,5,0.07352941176470588,4,1,0,0.058823529411764705,0.014705882352941176,0.0,238.4946670000003,122.06133700000011,0.5117990206464447,139.22400000000002,34,4.094823529411765,87130029b5443647ed1f1febd32ab768bf957a0a1698217eb3cf14b2d00c6ecf,307,0605dff9c1ece47fb5aaed2e8b79ec2ba431033e0fe03348e664c633adf5fed4,60f13ece3d07cffa140a63ecc07a9c7a649e3aec4f5d9f59b2b886e2fe028935
s11,s1102a,O0_4_MARGIN_all_s2,68,6,0.08823529411764706,5,2,0,0.07352941176470588,0.029411764705882353,0.0,68,6,0.08823529411764706,5,2,0,0.07352941176470588,0.029411764705882353,0.0,238.4946670000003,121.60598300000011,0.5098897368635918,138.57200000000003,34,4.07564705882353,87130029b5443647ed1f1febd32ab768bf957a0a1698217eb3cf14b2d00c6ecf,307,3beb5fab60ab5fc1aba18a7d1e17320785d058fd7ab64dd998d1193783d70839,0b6ff46d8c390daacfee8630435a76239c49260cad7edba12968dcc46a8e71f2
s11,s1102a,O0_4_MARGIN_all_s4,68,5,0.07352941176470588,4,1,0,0.058823529411764705,0.014705882352941176,0.0,68,5,0.07352941176470588,4,1,0,0.058823529411764705,0.014705882352941176,0.0,238.4946670000003,118.52573000000008,0.4969743411495232,135.32400000000004,34,3.9801176470588246,87130029b5443647ed1f1febd32ab768bf957a0a1698217eb3cf14b2d00c6ecf,307,8db2ae08f097e0b58fb015145f896a8cfb5f2ca708826e0319370071d8cdd356,7cb4e51c85c5cd5fb23a98a5cec6e4e248a0395a3363bfedbeaed2f4ba6fbe6e
s11,s1102b,O0_4,42,4,0.09523809523809523,1,0,0,0.023809523809523808,0.0,0.0,42,4,0.09523809523809523,1,0,0,0.023809523809523808,0.0,0.0,189.80443799999995,79.37668699999995,0.41820248165114016,92.27199999999992,21,4.393904761904758,87130029b5443647ed1f1febd32ab768bf957a0a1698217eb3cf14b2d00c6ecf,273,7a9a3388bd654748801d2648f28a4ee63c3969b4633ee393904c2a6b36b9948f,2bcf09217f2ac0a69352989a224e9b65c7ac73fb0ca32435cf24b452bb5840e8
s11,s1102b,O0_4_sw0p25,42,4,0.09523809523809523,1,0,0,0.023809523809523808,0.0,0.0,42,4,0.09523809523809523,1,0,0,0.023809523809523808,0.0,0.0,189.80443799999995,79.37668699999995,0.41820248165114016,92.27199999999992,21,4.393904761904758,87130029b5443647ed1f1febd32ab768bf957a0a1698217eb3cf14b2d00c6ecf,273,7a9a3388bd654748801d2648f28a4ee63c3969b4633ee393904c2a6b36b9948f,2bcf09217f2ac0a69352989a224e9b65c7ac73fb0ca32435cf24b452bb5840e8
s11,s1102b,O0_4_sw0p5,42,4,0.09523809523809523,1,0,0,0.023809523809523808,0.0,0.0,42,4,0.09523809523809523,1,0,0,0.023809523809523808,0.0,0.0,189.80443799999995,79.37668699999995,0.41820248165114016,92.27199999999992,21,4.393904761904758,87130029b5443647ed1f1febd32ab768bf957a0a1698217eb3cf14b2d00c6ecf,273,7a9a3388bd654748801d2648f28a4ee63c3969b4633ee393904c2a6b36b9948f,2bcf09217f2ac0a69352989a224e9b65c7ac73fb0ca32435cf24b452bb5840e8
s11,s1102b,O0_4_sw1,42,4,0.09523809523809523,1,0,0,0.023809523809523808,0.0,0.0,42,4,0.09523809523809523,1,0,0,0.023809523809523808,0.0,0.0,189.80443799999995,79.37668699999995,0.41820248165114016,92.27199999999992,21,4.393904761904758,87130029b5443647ed1f1febd32ab768bf957a0a1698217eb3cf14b2d00c6ecf,273,7a9a3388bd654748801d2648f28a4ee63c3969b4633ee393904c2a6b36b9948f,2bcf09217f2ac0a69352989a224e9b65c7ac73fb0ca32435cf24b452bb5840e8
s11,s1102b,O0_4_sw2,43,4,0.09302325581395349,1,0,0,0.023255813953488372,0.0,0.0,44,4,0.09090909090909091,1,0,0,0.022727272727272728,0.0,0.0,189.80443799999995,79.51326399999994,0.4189220485982523,92.42399999999994,22,4.201090909090906,87130029b5443647ed1f1febd32ab768bf957a0a1698217eb3cf14b2d00c6ecf,273,4e7029e02c5efa1836766a30312a7ec3b85063b9ff437e14536bd88e1ee947dc,555ca0796440bffc784f68f3de016ff62d18b0240448c29ecfdb05b9b2361ebc
s11,s1102b,O0_4_sw4,43,4,0.09302325581395349,1,0,0,0.023255813953488372,0.0,0.0,44,4,0.09090909090909091,1,0,0,0.022727272727272728,0.0,0.0,189.80443799999995,79.51326399999994,0.4189220485982523,92.42399999999994,22,4.201090909090906,87130029b5443647ed1f1febd32ab768bf957a0a1698217eb3cf14b2d00c6ecf,273,4e7029e02c5efa1836766a30312a7ec3b85063b9ff437e14536bd88e1ee947dc,555ca0796440bffc784f68f3de016ff62d18b0240448c29ecfdb05b9b2361ebc
s11,s1102b,O0_4_keep90,42,4,0.09523809523809523,1,0,0,0.023809523809523808,0.0,0.0,42,4,0.09523809523809523,1,0,0,0.023809523809523808,0.0,0.0,189.80443799999995,79.37668699999995,0.41820248165114016,92.27199999999992,21,4.393904761904758,87130029b5443647ed1f1febd32ab768bf957a0a1698217eb3cf14b2d00c6ecf,273,7a9a3388bd654748801d2648f28a4ee63c3969b4633ee393904c2a6b36b9948f,2bcf09217f2ac0a69352989a224e9b65c7ac73fb0ca32435cf24b452bb5840e8
s11,s1102b,O0_4_keep80,42,4,0.09523809523809523,1,0,0,0.023809523809523808,0.0,0.0,42,4,0.09523809523809523,1,0,0,0.023809523809523808,0.0,0.0,189.80443799999995,78.52176299999996,0.4136982455594636,91.28799999999994,21,4.347047619047617,87130029b5443647ed1f1febd32ab768bf957a0a1698217eb3cf14b2d00c6ecf,265,0d70b17d1e6875ed9936aa506702f8e5da12143297e5e77506a89ef077b741bb,685c84593eb38f7129c5e176a69aa8502d3949861816293886e849f9468cda31
s11,s1102b,O0_4_keep70,40,3,0.075,1,0,0,0.025,0.0,0.0,40,3,0.075,1,0,0,0.025,0.0,0.0,189.80443799999995,75.13396199999997,0.3958493425743817,87.08799999999995,20,4.354399999999997,87130029b5443647ed1f1febd32ab768bf957a0a1698217eb3cf14b2d00c6ecf,259,774bb11685e439cfabdc993ecc59305bdff1f3b72c5e4874b185e40f5340d835,8647d382a3beec346c672f441bc9644b13f6ceb867d9c234c7f43abb1e5f894c
s11,s1102b,O0_4_keep60,28,3,0.10714285714285714,2,1,1,0.07142857142857142,0.03571428571428571,0.03571428571428571,28,3,0.10714285714285714,2,1,1,0.07142857142857142,0.03571428571428571,0.03571428571428571,189.80443799999995,56.37837600000003,0.297034024041103,64.69200000000001,14,4.620857142857143,87130029b5443647ed1f1febd32ab768bf957a0a1698217eb3cf14b2d00c6ecf,227,73fc8bdb25f9e358c7521b9cff9cf108013f5ace3a414a6d4d6d3fa57a6f26f4,c58a7752a97f1cdeedfebe575782199abf3579f9fc80d17dd929815879981d62
s11,s1102b,O0_4_keep50,20,2,0.1,2,1,1,0.1,0.05,0.05,20,2,0.1,2,1,1,0.1,0.05,0.05,189.80443799999995,40.02885800000003,0.2108952689504554,45.987999999999985,10,4.598799999999999,87130029b5443647ed1f1febd32ab768bf957a0a1698217eb3cf14b2d00c6ecf,157,77bb216a45c08a97c1651798c090bea2721796349cf16e52abf61317d4879d4b,4b1a63f04d3cc047522c95748f7e02095d9bfbbf9d368ef16dc5409b116eeda4
s11,s1102b,O0_4_MARGIN_all_s0p5,42,4,0.09523809523809523,1,0,0,0.023809523809523808,0.0,0.0,42,4,0.09523809523809523,1,0,0,0.023809523809523808,0.0,0.0,189.80443799999995,79.06326399999995,0.4165511872804574,91.79999999999994,21,4.371428571428568,87130029b5443647ed1f1febd32ab768bf957a0a1698217eb3cf14b2d00c6ecf,273,54857100f741ca2eda5296ddf8df31e19c87520a1e6f6cebadb6d46eccd735b4,571a6cfed6b40a182e9b7697968c1bc94c586ae0740d0147ec87a4621aa1e18c
s11,s1102b,O0_4_MARGIN_all_s1,42,5,0.11904761904761904,2,1,1,0.047619047619047616,0.023809523809523808,0.023809523809523808,42,5,0.11904761904761904,2,1,1,0.047619047619047616,0.023809523809523808,0.023809523809523808,189.80443799999995,78.64651199999997,0.4143554957339828,91.31599999999996,21,4.348380952380951,87130029b5443647ed1f1febd32ab768bf957a0a1698217eb3cf14b2d00c6ecf,273,26916e1a9b8f5028d19489a1e7de9d62b563058ea978a62ee12fee5b40f1d17c,920c24f25ab5d97dfb00f2ef34ef016ca029ae955f63be4bba953d2ee33b8358
s11,s1102b,O0_4_MARGIN_all_s2,42,5,0.11904761904761904,2,1,1,0.047619047619047616,0.023809523809523808,0.023809523809523808,42,5,0.11904761904761904,2,1,1,0.047619047619047616,0.023809523809523808,0.023809523809523808,189.80443799999995,77.16568199999998,0.4065536233668045,89.67199999999998,21,4.270095238095237,87130029b5443647ed1f1febd32ab768bf957a0a1698217eb3cf14b2d00c6ecf,273,1ea8e5938a37e970f54ec53f09aab8ae4ee76f8d96a88325c9bef08eaa613a28,981d89dd4f9fbcd155ca3bf38472640867fa7006a1d518b3e4083c0f730b641e
s11,s1102b,O0_4_MARGIN_all_s4,42,5,0.11904761904761904,2,1,1,0.047619047619047616,0.023809523809523808,0.023809523809523808,42,5,0.11904761904761904,2,1,1,0.047619047619047616,0.023809523809523808,0.023809523809523808,189.80443799999995,77.16568199999998,0.4065536233668045,89.67199999999998,21,4.270095238095237,87130029b5443647ed1f1febd32ab768bf957a0a1698217eb3cf14b2d00c6ecf,273,1ea8e5938a37e970f54ec53f09aab8ae4ee76f8d96a88325c9bef08eaa613a28,981d89dd4f9fbcd155ca3bf38472640867fa7006a1d518b3e4083c0f730b641e
s11,s1103a,O0_4,68,2,0.029411764705882353,1,0,0,0.014705882352941176,0.0,0.0,68,2,0.029411764705882353,1,0,0,0.014705882352941176,0.0,0.0,300.7196709999997,126.71803100000002,0.4213825805894824,144.76000000000028,34,4.2576470588235376,87130029b5443647ed1f1febd32ab768bf957a0a1698217eb3cf14b2d00c6ecf,387,9167e39551df684b5814a4aea9778fce574e8cd01aa1db8da4c82a864cb30585,83c859c8724efd78913ba7aeba70684eedc5f35d6c32cb799f5454d941734055
s11,s1103a,O0_4_sw0p25,68,2,0.029411764705882353,1,0,0,0.014705882352941176,0.0,0.0,68,2,0.029411764705882353,1,0,0,0.014705882352941176,0.0,0.0,300.7196709999997,126.71803100000002,0.4213825805894824,144.76000000000028,34,4.2576470588235376,87130029b5443647ed1f1febd32ab768bf957a0a1698217eb3cf14b2d00c6ecf,387,9167e39551df684b5814a4aea9778fce574e8cd01aa1db8da4c82a864cb30585,83c859c8724efd78913ba7aeba70684eedc5f35d6c32cb799f5454d941734055
s11,s1103a,O0_4_sw0p5,68,2,0.029411764705882353,1,0,0,0.014705882352941176,0.0,0.0,68,2,0.029411764705882353,1,0,0,0.014705882352941176,0.0,0.0,300.7196709999997,126.71803100000002,0.4213825805894824,144.76000000000028,34,4.2576470588235376,87130029b5443647ed1f1febd32ab768bf957a0a1698217eb3cf14b2d00c6ecf,387,9167e39551df684b5814a4aea9778fce574e8cd01aa1db8da4c82a864cb30585,83c859c8724efd78913ba7aeba70684eedc5f35d6c32cb799f5454d941734055
s11,s1103a,O0_4_sw1,68,2,0.029411764705882353,1,0,0,0.014705882352941176,0.0,0.0,68,2,0.029411764705882353,1,0,0,0.014705882352941176,0.0,0.0,300.7196709999997,126.71803100000002,0.4213825805894824,144.76000000000028,34,4.2576470588235376,87130029b5443647ed1f1febd32ab768bf957a0a1698217eb3cf14b2d00c6ecf,387,9167e39551df684b5814a4aea9778fce574e8cd01aa1db8da4c82a864cb30585,83c859c8724efd78913ba7aeba70684eedc5f35d6c32cb799f5454d941734055
s11,s1103a,O0_4_sw2,68,2,0.029411764705882353,1,0,0,0.014705882352941176,0.0,0.0,68,2,0.029411764705882353,1,0,0,0.014705882352941176,0.0,0.0,300.7196709999997,126.71803100000002,0.4213825805894824,144.76000000000028,34,4.2576470588235376,87130029b5443647ed1f1febd32ab768bf957a0a1698217eb3cf14b2d00c6ecf,387,9167e39551df684b5814a4aea9778fce574e8cd01aa1db8da4c82a864cb30585,83c859c8724efd78913ba7aeba70684eedc5f35d6c32cb799f5454d941734055
s11,s1103a,O0_4_sw4,68,2,0.029411764705882353,1,0,0,0.014705882352941176,0.0,0.0,68,2,0.029411764705882353,1,0,0,0.014705882352941176,0.0,0.0,300.7196709999997,125.08001100000001,0.41593558074889,142.7760000000003,34,4.199294117647067,87130029b5443647ed1f1febd32ab768bf957a0a1698217eb3cf14b2d00c6ecf,387,015b3ec837cd7cc76f1b817c245b1dea5866ec7e535b099619582d866859eb27,6ae17acfbcdb79dc9be00e8dc98e3e6df01ddbd4ea8d8e7964f521b229ededb5
s11,s1103a,O0_4_keep90,68,2,0.029411764705882353,1,0,0,0.014705882352941176,0.0,0.0,68,2,0.029411764705882353,1,0,0,0.014705882352941176,0.0,0.0,300.7196709999997,126.71803100000002,0.4213825805894824,144.76000000000028,34,4.2576470588235376,87130029b5443647ed1f1febd32ab768bf957a0a1698217eb3cf14b2d00c6ecf,387,9167e39551df684b5814a4aea9778fce574e8cd01aa1db8da4c82a864cb30585,83c859c8724efd78913ba7aeba70684eedc5f35d6c32cb799f5454d941734055
s11,s1103a,O0_4_keep80,68,3,0.04411764705882353,2,0,0,0.029411764705882353,0.0,0.0,68,3,0.04411764705882353,2,0,0,0.029411764705882353,0.0,0.0,300.7196709999997,124.764092,0.4148850375670972,142.4240000000003,34,4.188941176470597,87130029b5443647ed1f1febd32ab768bf957a0a1698217eb3cf14b2d00c6ecf,385,47795dd34292ca31f3343bdeb2c7b0e86e9a408efb42b549bd783e281ed8ff40,80d0158e028ed441252ff9487e7ca537610fb218a40d0ed4875e66f5c21ef2e0
s11,s1103a,O0_4_keep70,64,3,0.046875,2,0,0,0.03125,0.0,0.0,64,3,0.046875,2,0,0,0.03125,0.0,0.0,300.7196709999997,116.62680800000007,0.3878256703732566,132.3280000000003,32,4.135250000000009,87130029b5443647ed1f1febd32ab768bf957a0a1698217eb3cf14b2d00c6ecf,373,96dc5d3b1af837c7685c96c4a63aab2396646a5e9069a6cb9d1ec74451fdf90d,e3dff4b343068de9e9625de7f414f4ef2807d7e67cab3d685800ae279de27e29
s11,s1103a,O0_4_keep60,50,2,0.04,2,0,0,0.04,0.0,0.0,50,2,0.04,2,0,0,0.04,0.0,0.0,300.7196709999997,92.91628700000004,0.3089797441285446,104.46400000000013,25,4.178560000000005,87130029b5443647ed1f1febd32ab768bf957a0a1698217eb3cf14b2d00c6ecf,343,9b421a5bb964c7b5fc4c196605994ed19302daecbb0a8aac2290f958cdb13ae9,55e5a1b5addf5321e2c9acaef478eef1cda7ed367535c5fadfe55c2db4851afc
s11,s1103a,O0_4_keep50,18,1,0.05555555555555555,1,0,0,0.05555555555555555,0.0,0.0,18,1,0.05555555555555555,1,0,0,0.05555555555555555,0.0,0.0,300.7196709999997,36.12505900000003,0.12012868622751341,40.70800000000004,9,4.523111111111116,87130029b5443647ed1f1febd32ab768bf957a0a1698217eb3cf14b2d00c6ecf,215,5b84e35a55fc86a1fbe9230cb5632b3e318e9e77ce8eb4a41156bbf1136ac9ed,d8ae43c4dfcc82a35ad3af12cbff0a28372c25e4dcc889c50f1032f055f8047b
s11,s1103a,O0_4_MARGIN_all_s0p5,68,2,0.029411764705882353,1,0,0,0.014705882352941176,0.0,0.0,68,2,0.029411764705882353,1,0,0,0.014705882352941176,0.0,0.0,300.7196709999997,126.71803100000002,0.4213825805894824,144.76000000000028,34,4.2576470588235376,87130029b5443647ed1f1febd32ab768bf957a0a1698217eb3cf14b2d00c6ecf,387,9167e39551df684b5814a4aea9778fce574e8cd01aa1db8da4c82a864cb30585,83c859c8724efd78913ba7aeba70684eedc5f35d6c32cb799f5454d941734055
s11,s1103a,O0_4_MARGIN_all_s1,68,2,0.029411764705882353,1,0,0,0.014705882352941176,0.0,0.0,68,2,0.029411764705882353,1,0,0,0.014705882352941176,0.0,0.0,300.7196709999997,122.177863,0.40628490512015797,138.84400000000025,34,4.083647058823537,87130029b5443647ed1f1febd32ab768bf957a0a1698217eb3cf14b2d00c6ecf,387,85de87465759c0917ddce83ea294f4324f85a4f00bc9c7e06cb2cf20d133d4f2,1599616e36bf8b0f246499db9a51cd407af18b4f1aee07c9ee09350727f36a11
s11,s1103a,O0_4_MARGIN_all_s2,68,2,0.029411764705882353,1,0,0,0.014705882352941176,0.0,0.0,68,2,0.029411764705882353,1,0,0,0.014705882352941176,0.0,0.0,300.7196709999997,120.92885899999999,0.40213152201805946,137.33600000000027,34,4.039294117647067,87130029b5443647ed1f1febd32ab768bf957a0a1698217eb3cf14b2d00c6ecf,387,0212e6f2e93a662642e1118a448a6dc0014379bee9bb7bac70ed83aceb624023,b1d7897720dbc9477cce388a5b8be22bcaa5a4f8ea14fa96ba121d61b80540d5
s11,s1103a,O0_4_MARGIN_all_s4,68,2,0.029411764705882353,1,0,0,0.014705882352941176,0.0,0.0,68,2,0.029411764705882353,1,0,0,0.014705882352941176,0.0,0.0,300.7196709999997,117.57311299999995,0.39097247150154024,133.24800000000025,34,3.919058823529419,87130029b5443647ed1f1febd32ab768bf957a0a1698217eb3cf14b2d00c6ecf,387,9e9681052feec03d5512ca7c3bbf3f9bdafcd2b3cdbb5e8c4a1c4280cfbbd345,24a28be9b909e194bcbd44d604204db3fefaf2107d049634f4a1838e9f43e117
s11,s1103b,O0_4,87,7,0.08045977011494253,3,1,0,0.034482758620689655,0.011494252873563218,0.0,88,7,0.07954545454545454,3,1,0,0.03409090909090909,0.011363636363636364,0.0,326.98767699999894,175.13771099999974,0.5356095147279826,201.14800000000005,44,4.571545454545456,87130029b5443647ed1f1febd32ab768bf957a0a1698217eb3cf14b2d00c6ecf,410,815515f8f74f718c24303167645a213b13c2f55d8cb05b443f371068275bbbb7,22168c6c5dd36b499aecb6812034512eb765845d4bebd74be9123365a56a7ee5
s11,s1103b,O0_4_sw0p25,87,7,0.08045977011494253,3,1,0,0.034482758620689655,0.011494252873563218,0.0,88,7,0.07954545454545454,3,1,0,0.03409090909090909,0.011363636363636364,0.0,326.98767699999894,175.13771099999974,0.5356095147279826,201.14800000000005,44,4.571545454545456,87130029b5443647ed1f1febd32ab768bf957a0a1698217eb3cf14b2d00c6ecf,410,815515f8f74f718c24303167645a213b13c2f55d8cb05b443f371068275bbbb7,22168c6c5dd36b499aecb6812034512eb765845d4bebd74be9123365a56a7ee5
s11,s1103b,O0_4_sw0p5,87,7,0.08045977011494253,3,1,0,0.034482758620689655,0.011494252873563218,0.0,88,7,0.07954545454545454,3,1,0,0.03409090909090909,0.011363636363636364,0.0,326.98767699999894,175.13771099999974,0.5356095147279826,201.14800000000005,44,4.571545454545456,87130029b5443647ed1f1febd32ab768bf957a0a1698217eb3cf14b2d00c6ecf,410,815515f8f74f718c24303167645a213b13c2f55d8cb05b443f371068275bbbb7,22168c6c5dd36b499aecb6812034512eb765845d4bebd74be9123365a56a7ee5
s11,s1103b,O0_4_sw1,87,7,0.08045977011494253,3,1,0,0.034482758620689655,0.011494252873563218,0.0,88,7,0.07954545454545454,3,1,0,0.03409090909090909,0.011363636363636364,0.0,326.98767699999894,175.13771099999974,0.5356095147279826,200.84400000000002,44,4.564636363636364,87130029b5443647ed1f1febd32ab768bf957a0a1698217eb3cf14b2d00c6ecf,410,6842edaa96f9c96941e367d418b4712f138606a2ecc2059cdb3145b0f003f204,5ed22188aadc4f429687b4f83f3792ad1dddba09978ec184e9bcff224523163b
s11,s1103b,O0_4_sw2,87,7,0.08045977011494253,3,1,0,0.034482758620689655,0.011494252873563218,0.0,88,7,0.07954545454545454,3,1,0,0.03409090909090909,0.011363636363636364,0.0,326.98767699999894,175.13771099999974,0.5356095147279826,200.84400000000002,44,4.564636363636364,87130029b5443647ed1f1febd32ab768bf957a0a1698217eb3cf14b2d00c6ecf,410,6842edaa96f9c96941e367d418b4712f138606a2ecc2059cdb3145b0f003f204,5ed22188aadc4f429687b4f83f3792ad1dddba09978ec184e9bcff224523163b
s11,s1103b,O0_4_sw4,90,7,0.07777777777777778,3,1,0,0.03333333333333333,0.011111111111111112,0.0,94,7,0.07446808510638298,3,1,0,0.031914893617021274,0.010638297872340425,0.0,326.98767699999894,174.79952599999973,0.5345752708595202,200.536,47,4.266723404255319,87130029b5443647ed1f1febd32ab768bf957a0a1698217eb3cf14b2d00c6ecf,410,6a3e2ec082fdee111cd7b01d984ec86a449aa446198d73907c16a28cd6e1cdab,d8fabead4f1ec0b1424d3e3fa5c54518eee3e5f55961a9c66c138fce4ce6db7a
s11,s1103b,O0_4_keep90,87,7,0.08045977011494253,3,1,0,0.034482758620689655,0.011494252873563218,0.0,88,7,0.07954545454545454,3,1,0,0.03409090909090909,0.011363636363636364,0.0,326.98767699999894,175.13771099999974,0.5356095147279826,201.14800000000005,44,4.571545454545456,87130029b5443647ed1f1febd32ab768bf957a0a1698217eb3cf14b2d00c6ecf,409,815515f8f74f718c24303167645a213b13c2f55d8cb05b443f371068275bbbb7,22168c6c5dd36b499aecb6812034512eb765845d4bebd74be9123365a56a7ee5
s11,s1103b,O0_4_keep80,85,6,0.07058823529411765,2,1,0,0.023529411764705882,0.011764705882352941,0.0,86,6,0.06976744186046512,2,1,0,0.023255813953488372,0.011627906976744186,0.0,326.98767699999894,168.98562799999974,0.5167950962262112,193.90000000000003,43,4.509302325581396,87130029b5443647ed1f1febd32ab768bf957a0a1698217eb3cf14b2d00c6ecf,403,ca188306aa5230f9a740f52e75ad6c99aa8b09fc0762cabf592ab4c76f1134c7,2e6b92d7cccbf57ec010c1a094b7d1b77e6bf0b8898ad49c87b71143b81c230b
s11,s1103b,O0_4_keep70,71,5,0.07042253521126761,2,1,0,0.028169014084507043,0.014084507042253521,0.0,72,5,0.06944444444444445,2,1,0,0.027777777777777776,0.013888888888888888,0.0,326.98767699999894,141.10803199999998,0.43153929620412096,160.552,36,4.459777777777777,87130029b5443647ed1f1febd32ab768bf957a0a1698217eb3cf14b2d00c6ecf,383,377d1478b54973c1ccfec8f6b9944c230a1d6b36cb8252ad8fc37c7f647c3edf,96ac772038d6b8e73090c32ddd34724ef54a6738fa3c9da69ce5974718d1ec6c
s11,s1103b,O0_4_keep60,55,4,0.07272727272727272,2,1,0,0.03636363636363636,0.01818181818181818,0.0,56,4,0.07142857142857142,2,1,0,0.03571428571428571,0.017857142857142856,0.0,326.98767699999894,109.79819699999977,0.3357869568888987,125.13600000000002,28,4.469142857142858,87130029b5443647ed1f1febd32ab768bf957a0a1698217eb3cf14b2d00c6ecf,353,aa0077fcd458ebeec48100434489548aeabe3d3deb9f2988496cac94701a48da,532cd3a77878114b69b4ccbd33b77588bce5a929fe2ce4e590bd8573545d1c62
s11,s1103b,O0_4_keep50,26,3,0.11538461538461539,3,2,0,0.11538461538461539,0.07692307692307693,0.0,26,3,0.11538461538461539,3,2,0,0.11538461538461539,0.07692307692307693,0.0,326.98767699999894,53.468306999999996,0.16351780437279345,62.79600000000007,13,4.8304615384615435,87130029b5443647ed1f1febd32ab768bf957a0a1698217eb3cf14b2d00c6ecf,224,22e3a794daa1ea351705428299be5e2c44ba93183463678a94f9904e81227925,7eb5f7de6177cd3cf985e0784192e289824065f21c56b15f11bce9c6972c0af8
s11,s1103b,O0_4_MARGIN_all_s0p5,87,7,0.08045977011494253,3,1,0,0.034482758620689655,0.011494252873563218,0.0,88,7,0.07954545454545454,3,1,0,0.03409090909090909,0.011363636363636364,0.0,326.98767699999894,175.13771099999974,0.5356095147279826,201.14800000000005,44,4.571545454545456,87130029b5443647ed1f1febd32ab768bf957a0a1698217eb3cf14b2d00c6ecf,410,815515f8f74f718c24303167645a213b13c2f55d8cb05b443f371068275bbbb7,22168c6c5dd36b499aecb6812034512eb765845d4bebd74be9123365a56a7ee5
s11,s1103b,O0_4_MARGIN_all_s1,87,7,0.08045977011494253,3,1,0,0.034482758620689655,0.011494252873563218,0.0,88,7,0.07954545454545454,3,1,0,0.03409090909090909,0.011363636363636364,0.0,326.98767699999894,174.1695229999998,0.5326485835733815,199.28400000000002,44,4.529181818181819,87130029b5443647ed1f1febd32ab768bf957a0a1698217eb3cf14b2d00c6ecf,410,c953c71ef1fa1f8b9b6b522a1830e19292e8bdf66dfd664cb31deaa487b03e45,0f3368c74e1ee2f487e7e05c65d8a75c425458fe165893caf8c48aecd03eef8a
s11,s1103b,O0_4_MARGIN_all_s2,87,6,0.06896551724137931,3,1,0,0.034482758620689655,0.011494252873563218,0.0,88,6,0.06818181818181818,3,1,0,0.03409090909090909,0.011363636363636364,0.0,326.98767699999894,172.0995249999998,0.5263180758949529,196.744,44,4.471454545454545,87130029b5443647ed1f1febd32ab768bf957a0a1698217eb3cf14b2d00c6ecf,410,e828ea30589e4bde145e8a52120653b36bc612600cfc47dbf1ba54e4db9a441d,1b683b88e4da6cbe87201910728f8d2a86a01f2bf20460e2c04658cf1f225f90
s11,s1103b,O0_4_MARGIN_all_s4,87,6,0.06896551724137931,3,1,0,0.034482758620689655,0.011494252873563218,0.0,88,6,0.06818181818181818,3,1,0,0.03409090909090909,0.011363636363636364,0.0,326.98767699999894,168.97928399999978,0.5167756948834507,193.004,44,4.386454545454545,87130029b5443647ed1f1febd32ab768bf957a0a1698217eb3cf14b2d00c6ecf,410,31518d16d626d4082a1fb651dd7b40633310facd17b1c314341f59d40f96cb92,f5099eb5d142a1db833a8789d4e31592752e32c16bafa1fffba487165c846018
s11,s1104a,O0_4,80,6,0.075,2,1,0,0.025,0.0125,0.0,80,6,0.075,2,1,0,0.025,0.0125,0.0,289.8333909999997,149.2036439999998,0.5147910787132182,171.42,40,4.2855,87130029b5443647ed1f1febd32ab768bf957a0a1698217eb3cf14b2d00c6ecf,347,d3a1732d180ed2c86ff42f161e400a79151d2736e5d010c963d702e30cdd27b8,5a8488588e6ac8bc38db9153772b0c60e4fae898bccd43002301c18edbf5d7b6
s11,s1104a,O0_4_sw0p25,80,6,0.075,2,1,0,0.025,0.0125,0.0,80,6,0.075,2,1,0,0.025,0.0125,0.0,289.8333909999997,149.2036439999998,0.5147910787132182,171.42,40,4.2855,87130029b5443647ed1f1febd32ab768bf957a0a1698217eb3cf14b2d00c6ecf,347,d3a1732d180ed2c86ff42f161e400a79151d2736e5d010c963d702e30cdd27b8,5a8488588e6ac8bc38db9153772b0c60e4fae898bccd43002301c18edbf5d7b6
s11,s1104a,O0_4_sw0p5,80,6,0.075,2,1,0,0.025,0.0125,0.0,80,6,0.075,2,1,0,0.025,0.0125,0.0,289.8333909999997,149.2036439999998,0.5147910787132182,171.42,40,4.2855,87130029b5443647ed1f1febd32ab768bf957a0a1698217eb3cf14b2d00c6ecf,347,d3a1732d180ed2c86ff42f161e400a79151d2736e5d010c963d702e30cdd27b8,5a8488588e6ac8bc38db9153772b0c60e4fae898bccd43002301c18edbf5d7b6
s11,s1104a,O0_4_sw1,80,6,0.075,2,1,0,0.025,0.0125,0.0,80,6,0.075,2,1,0,0.025,0.0125,0.0,289.8333909999997,149.2036439999998,0.5147910787132182,171.42,40,4.2855,87130029b5443647ed1f1febd32ab768bf957a0a1698217eb3cf14b2d00c6ecf,347,d3a1732d180ed2c86ff42f161e400a79151d2736e5d010c963d702e30cdd27b8,5a8488588e6ac8bc38db9153772b0c60e4fae898bccd43002301c18edbf5d7b6
s11,s1104a,O0_4_sw2,82,6,0.07317073170731707,2,1,0,0.024390243902439025,0.012195121951219513,0.0,84,6,0.07142857142857142,2,1,0,0.023809523809523808,0.011904761904761904,0.0,289.8333909999997,150.78619899999975,0.5202513018936452,173.29999999999998,42,4.126190476190476,87130029b5443647ed1f1febd32ab768bf957a0a1698217eb3cf14b2d00c6ecf,347,8183324ac9721ccf5d05b058aa643e56be53b8ff9e7822ee0ce6b137a36fae4b,66c36a60338b6eb5020d6b92a6aebf888514e391b7aef3687b5ceafd9166d0d2
s11,s1104a,O0_4_sw4,82,6,0.07317073170731707,2,1,0,0.024390243902439025,0.012195121951219513,0.0,84,6,0.07142857142857142,2,1,0,0.023809523809523808,0.011904761904761904,0.0,289.8333909999997,149.87763299999975,0.5171165147082721,172.13199999999998,42,4.098380952380952,87130029b5443647ed1f1febd32ab768bf957a0a1698217eb3cf14b2d00c6ecf,347,c286236b3e32ef2020705f0c2cb4a912241b2fb4c769fde8f8bae10b40f7755c,06235f48250b3e0309b6b441846f4cf63d103b829babf0f1d1df490bf46b53da
s11,s1104a,O0_4_keep90,80,6,0.075,2,1,0,0.025,0.0125,0.0,80,6,0.075,2,1,0,0.025,0.0125,0.0,289.8333909999997,149.2036439999998,0.5147910787132182,171.42,40,4.2855,87130029b5443647ed1f1febd32ab768bf957a0a1698217eb3cf14b2d00c6ecf,347,d3a1732d180ed2c86ff42f161e400a79151d2736e5d010c963d702e30cdd27b8,5a8488588e6ac8bc38db9153772b0c60e4fae898bccd43002301c18edbf5d7b6
s11,s1104a,O0_4_keep80,80,7,0.0875,3,2,0,0.0375,0.025,0.0,80,7,0.0875,3,2,0,0.0375,0.025,0.0,289.8333909999997,146.64144499999978,0.5059508309033997,168.532,40,4.2133,87130029b5443647ed1f1febd32ab768bf957a0a1698217eb3cf14b2d00c6ecf,340,76eea1a892719da6a358d4126f41c794becfa0e85b3f0a7caf97ed61ee650ee7,635cc3750d0b6b3c4563239a86d92e9d7194bb19d8dbfed96597ded8324329f5
s11,s1104a,O0_4_keep70,80,8,0.1,4,2,0,0.05,0.025,0.0,80,8,0.1,4,2,0,0.05,0.025,0.0,289.8333909999997,143.5123369999998,0.49515460073404705,164.756,40,4.1189,87130029b5443647ed1f1febd32ab768bf957a0a1698217eb3cf14b2d00c6ecf,330,ac0edb9fc5a07801aa4e84e742df56184576caf3097f1f162bf8a72d7400776b,3538036d9dd940210d892e3b75be345c998b714e26c6cfa011db353fa5268db5
s11,s1104a,O0_4_keep60,64,6,0.09375,2,1,0,0.03125,0.015625,0.0,64,6,0.09375,2,1,0,0.03125,0.015625,0.0,289.8333909999997,117.47415499999995,0.4053161528238134,133.90000000000003,32,4.184375000000001,87130029b5443647ed1f1febd32ab768bf957a0a1698217eb3cf14b2d00c6ecf,290,e27cd23004002a36dc52ce2810a4ab2eecba0de172fdded54afea8dfe8e53950,d69d5c4f4f449050ef1c95cacb01bf1b7baaaa84b1b3efd2f0610bdbb0b75981
s11,s1104a,O0_4_keep50,34,3,0.08823529411764706,1,0,0,0.029411764705882353,0.0,0.0,34,3,0.08823529411764706,1,0,0,0.029411764705882353,0.0,0.0,289.8333909999997,57.869679999999924,0.19966533117642052,66.96400000000004,17,3.939058823529414,87130029b5443647ed1f1febd32ab768bf957a0a1698217eb3cf14b2d00c6ecf,198,038f8f2f8030ab545c4440c3737cd5925394dd59a316f67ea53516bdec831a56,31eaafff3e9eb303fef55fc8bc83e245962268bf31da7e7adab8d02acb5fcf6b
s11,s1104a,O0_4_MARGIN_all_s0p5,80,6,0.075,2,1,0,0.025,0.0125,0.0,80,6,0.075,2,1,0,0.025,0.0125,0.0,289.8333909999997,149.2036439999998,0.5147910787132182,171.42,40,4.2855,87130029b5443647ed1f1febd32ab768bf957a0a1698217eb3cf14b2d00c6ecf,347,d3a1732d180ed2c86ff42f161e400a79151d2736e5d010c963d702e30cdd27b8,5a8488588e6ac8bc38db9153772b0c60e4fae898bccd43002301c18edbf5d7b6
s11,s1104a,O0_4_MARGIN_all_s1,80,6,0.075,2,1,0,0.025,0.0125,0.0,80,6,0.075,2,1,0,0.025,0.0125,0.0,289.8333909999997,148.5445759999998,0.5125171240190194,170.564,40,4.2641,87130029b5443647ed1f1febd32ab768bf957a0a1698217eb3cf14b2d00c6ecf,347,ef980e544b130d0ef8cd803ef15994b2b36407aa05c68fb63aa5a11ae25715c0,d4b997f79c024f639d8ed0dc552edf64e3cae26c477cb4ae6408eb36fbd0ba00
s11,s1104a,O0_4_MARGIN_all_s2,80,7,0.0875,3,1,0,0.0375,0.0125,0.0,80,7,0.0875,3,1,0,0.0375,0.0125,0.0,289.8333909999997,146.32401899999977,0.5048556292811683,167.91199999999998,40,4.197799999999999,87130029b5443647ed1f1febd32ab768bf957a0a1698217eb3cf14b2d00c6ecf,347,bc03896c55687eea9fb227afe98fc91c9d7f8230c45a9690200df6a0ca15c7d0,0371de24be33584e3070a89dcbd970360b04bac5d1109399c6b090b63b214c80
s11,s1104a,O0_4_MARGIN_all_s4,80,7,0.0875,3,1,0,0.0375,0.0125,0.0,80,7,0.0875,3,1,0,0.0375,0.0125,0.0,289.8333909999997,145.87472099999977,0.5033054352250252,167.26,40,4.1815,87130029b5443647ed1f1febd32ab768bf957a0a1698217eb3cf14b2d00c6ecf,347,4e203e8ebe9560beb249edfdb77966824810fb54fca414c3b42629b3ea254b98,3d3edb665a6bfb5bcb7c21b7c42a2c6fe76d42828d5da5399b9e3e2fab08fa59
s11,s1104b,O0_4,66,5,0.07575757575757576,2,0,0,0.030303030303030304,0.0,0.0,66,5,0.07575757575757576,2,0,0,0.030303030303030304,0.0,0.0,275.3630759999999,115.3454859999999,0.4188850868298694,131.93599999999995,33,3.9980606060606045,87130029b5443647ed1f1febd32ab768bf957a0a1698217eb3cf14b2d00c6ecf,366,edec24e8bdeea9f1924601e0086a0da2ce5f8062e6312692e370eb34ac7a27c9,9a51132011c696035b1af2ba4d6a2799a852690a7bed5df7d20c6316286b24ce
s11,s1104b,O0_4_sw0p25,66,5,0.07575757575757576,2,0,0,0.030303030303030304,0.0,0.0,66,5,0.07575757575757576,2,0,0,0.030303030303030304,0.0,0.0,275.3630759999999,115.3454859999999,0.4188850868298694,131.93599999999995,33,3.9980606060606045,87130029b5443647ed1f1febd32ab768bf957a0a1698217eb3cf14b2d00c6ecf,366,edec24e8bdeea9f1924601e0086a0da2ce5f8062e6312692e370eb34ac7a27c9,9a51132011c696035b1af2ba4d6a2799a852690a7bed5df7d20c6316286b24ce
s11,s1104b,O0_4_sw0p5,66,5,0.07575757575757576,2,0,0,0.030303030303030304,0.0,0.0,66,5,0.07575757575757576,2,0,0,0.030303030303030304,0.0,0.0,275.3630759999999,115.3454859999999,0.4188850868298694,131.93599999999995,33,3.9980606060606045,87130029b5443647ed1f1febd32ab768bf957a0a1698217eb3cf14b2d00c6ecf,366,edec24e8bdeea9f1924601e0086a0da2ce5f8062e6312692e370eb34ac7a27c9,9a51132011c696035b1af2ba4d6a2799a852690a7bed5df7d20c6316286b24ce
s11,s1104b,O0_4_sw1,66,5,0.07575757575757576,2,0,0,0.030303030303030304,0.0,0.0,66,5,0.07575757575757576,2,0,0,0.030303030303030304,0.0,0.0,275.3630759999999,115.3454859999999,0.4188850868298694,131.61599999999996,33,3.9883636363636352,87130029b5443647ed1f1febd32ab768bf957a0a1698217eb3cf14b2d00c6ecf,366,0cf1500a1781f42304b09242f7cc180d81c4d409451b42093e3856467dbd1a37,726b7d1632f4564692a44e2834f7034537014665a9454a9c3b5c6fbd059d53cf
s11,s1104b,O0_4_sw2,67,5,0.07462686567164178,2,0,0,0.029850746268656716,0.0,0.0,68,5,0.07352941176470588,2,0,0,0.029411764705882353,0.0,0.0,275.3630759999999,115.3454859999999,0.4188850868298694,131.61599999999996,34,3.8710588235294106,87130029b5443647ed1f1febd32ab768bf957a0a1698217eb3cf14b2d00c6ecf,366,1abac7b76e771e2b80767bc92fae12b84c113a8b93f89cc265405252f5e80e1e,7a04ee5418230a517dc99c7fa4dc2ab7c3ddd3ae995faddeb2b0ce778f3eb684
s11,s1104b,O0_4_sw4,67,5,0.07462686567164178,2,0,0,0.029850746268656716,0.0,0.0,68,5,0.07352941176470588,2,0,0,0.029411764705882353,0.0,0.0,275.3630759999999,115.3454859999999,0.4188850868298694,131.61599999999996,34,3.8710588235294106,87130029b5443647ed1f1febd32ab768bf957a0a1698217eb3cf14b2d00c6ecf,366,1abac7b76e771e2b80767bc92fae12b84c113a8b93f89cc265405252f5e80e1e,7a04ee5418230a517dc99c7fa4dc2ab7c3ddd3ae995faddeb2b0ce778f3eb684
s11,s1104b,O0_4_keep90,66,5,0.07575757575757576,2,0,0,0.030303030303030304,0.0,0.0,66,5,0.07575757575757576,2,0,0,0.030303030303030304,0.0,0.0,275.3630759999999,115.3454859999999,0.4188850868298694,131.93599999999995,33,3.9980606060606045,87130029b5443647ed1f1febd32ab768bf957a0a1698217eb3cf14b2d00c6ecf,366,edec24e8bdeea9f1924601e0086a0da2ce5f8062e6312692e370eb34ac7a27c9,9a51132011c696035b1af2ba4d6a2799a852690a7bed5df7d20c6316286b24ce
s11,s1104b,O0_4_keep80,64,5,0.078125,2,0,0,0.03125,0.0,0.0,64,5,0.078125,2,0,0,0.03125,0.0,0.0,275.3630759999999,111.64364799999994,0.4054416068478258,127.46399999999993,32,3.9832499999999977,87130029b5443647ed1f1febd32ab768bf957a0a1698217eb3cf14b2d00c6ecf,363,3786c52794d602cf6f71ddc500dc05984b8c3dd9d6dea38613f972e3590cd237,02cca8b4786d8553c8fc39c2997beb8c4a537913df89abd1e1f5d68ecc1d59d1
s11,s1104b,O0_4_keep70,62,6,0.0967741935483871,3,0,0,0.04838709677419355,0.0,0.0,62,6,0.0967741935483871,3,0,0,0.04838709677419355,0.0,0.0,275.3630759999999,106.64966499999996,0.3873056131897655,121.75999999999992,31,3.9277419354838683,87130029b5443647ed1f1febd32ab768bf957a0a1698217eb3cf14b2d00c6ecf,356,bd83aabde3a4c74d726f8705853336ab1ea43ef0d9ba832de0d22cc238519b18,d612c633631d9e200053477403c9c3c8ce3f179706439d7e1b2869061f34fc22
s11,s1104b,O0_4_keep60,46,4,0.08695652173913043,1,0,0,0.021739130434782608,0.0,0.0,46,4,0.08695652173913043,1,0,0,0.021739130434782608,0.0,0.0,275.3630759999999,78.41150200000001,0.2847567769035237,88.43599999999999,23,3.845043478260869,87130029b5443647ed1f1febd32ab768bf957a0a1698217eb3cf14b2d00c6ecf,315,4d62aac441603cd4ab44d6796049fc9a6b54bccf2c8156235a7eb047d3c1d44f,2f339fc95bc7dc2604253ecdf673eb47b3faa7e5088230463ccc865080ad43a3
s11,s1104b,O0_4_keep50,22,1,0.045454545454545456,0,0,0,0.0,0.0,0.0,22,1,0.045454545454545456,0,0,0,0.0,0.0,0.0,275.3630759999999,35.82561599999988,0.13010319509940357,39.89599999999996,11,3.6269090909090873,87130029b5443647ed1f1febd32ab768bf957a0a1698217eb3cf14b2d00c6ecf,211,f145120e55104dc05cfe7027c16b1366e9cd34e98d0ff7e90159b84f2c3ee702,d2bf4d894947f9cb36e9533e8c299b4565f2234ac0f868539d8d106c81424873
s11,s1104b,O0_4_MARGIN_all_s0p5,66,5,0.07575757575757576,2,0,0,0.030303030303030304,0.0,0.0,66,5,0.07575757575757576,2,0,0,0.030303030303030304,0.0,0.0,275.3630759999999,115.3454859999999,0.4188850868298694,131.93599999999995,33,3.9980606060606045,87130029b5443647ed1f1febd32ab768bf957a0a1698217eb3cf14b2d00c6ecf,366,edec24e8bdeea9f1924601e0086a0da2ce5f8062e6312692e370eb34ac7a27c9,9a51132011c696035b1af2ba4d6a2799a852690a7bed5df7d20c6316286b24ce
s11,s1104b,O0_4_MARGIN_all_s1,66,5,0.07575757575757576,2,0,0,0.030303030303030304,0.0,0.0,66,5,0.07575757575757576,2,0,0,0.030303030303030304,0.0,0.0,275.3630759999999,112.94009899999993,0.4101497580597914,128.86399999999995,33,3.904969696969695,87130029b5443647ed1f1febd32ab768bf957a0a1698217eb3cf14b2d00c6ecf,366,2f0c7da257d76a2166b113d85e9cd98640d9aea14df2964f23df62df3e9e28d8,f958ed4b734bc65f090dd3c9d8bbb2b0261098535685854762b81292261734b7
s11,s1104b,O0_4_MARGIN_all_s2,66,5,0.07575757575757576,2,0,0,0.030303030303030304,0.0,0.0,66,5,0.07575757575757576,2,0,0,0.030303030303030304,0.0,0.0,275.3630759999999,112.49577099999995,0.408536150286177,128.20399999999992,33,3.8849696969696947,87130029b5443647ed1f1febd32ab768bf957a0a1698217eb3cf14b2d00c6ecf,366,11a45cc304e055c8d2f6562180c5a662eaa32a49e4064decdc85e4184c6072f8,52a8ffb55cb489e6d79fb08c01f3ebbb839fe75c59e1136dedc6c85bc13e8537
s11,s1104b,O0_4_MARGIN_all_s4,66,5,0.07575757575757576,2,0,0,0.030303030303030304,0.0,0.0,66,5,0.07575757575757576,2,0,0,0.030303030303030304,0.0,0.0,275.3630759999999,111.96946599999997,0.40662483738378924,126.77199999999992,33,3.841575757575755,87130029b5443647ed1f1febd32ab768bf957a0a1698217eb3cf14b2d00c6ecf,366,04a5a35d77dbf40875389af63fc48189eec5ab38cace7d1137605d4367daa371,b7a54c40e2fd929d80949c706fda787fe23463a5e4f144db63dd7ab8802cee24
s12,s1201a,O0_4,82,3,0.036585365853658534,2,0,0,0.024390243902439025,0.0,0.0,94,4,0.0425531914893617,3,0,0,0.031914893617021274,0.0,0.0,358.78190500000005,260.382536,0.7257404355439832,299.25599999999986,47,6.36714893617021,87130029b5443647ed1f1febd32ab768bf957a0a1698217eb3cf14b2d00c6ecf,229,3d43db054532f32ac89d5fbbadbb555f628c2a45130aba5309e3355903bb3a85,6769abad33d3af7bcb757ca193263e9fe9ca99d345f919453b5880a778a3ebae
s12,s1201a,O0_4_sw0p25,82,3,0.036585365853658534,2,0,0,0.024390243902439025,0.0,0.0,94,4,0.0425531914893617,3,0,0,0.031914893617021274,0.0,0.0,358.78190500000005,260.382536,0.7257404355439832,299.25599999999986,47,6.36714893617021,87130029b5443647ed1f1febd32ab768bf957a0a1698217eb3cf14b2d00c6ecf,229,3d43db054532f32ac89d5fbbadbb555f628c2a45130aba5309e3355903bb3a85,6769abad33d3af7bcb757ca193263e9fe9ca99d345f919453b5880a778a3ebae
s12,s1201a,O0_4_sw0p5,82,3,0.036585365853658534,2,0,0,0.024390243902439025,0.0,0.0,94,4,0.0425531914893617,3,0,0,0.031914893617021274,0.0,0.0,358.78190500000005,260.382536,0.7257404355439832,299.25599999999986,47,6.36714893617021,87130029b5443647ed1f1febd32ab768bf957a0a1698217eb3cf14b2d00c6ecf,229,3d43db054532f32ac89d5fbbadbb555f628c2a45130aba5309e3355903bb3a85,6769abad33d3af7bcb757ca193263e9fe9ca99d345f919453b5880a778a3ebae
s12,s1201a,O0_4_sw1,84,3,0.03571428571428571,2,0,0,0.023809523809523808,0.0,0.0,98,4,0.04081632653061224,3,0,0,0.030612244897959183,0.0,0.0,358.78190500000005,260.382536,0.7257404355439832,299.25599999999986,49,6.1072653061224464,87130029b5443647ed1f1febd32ab768bf957a0a1698217eb3cf14b2d00c6ecf,229,9972026e331dfd65182a6fc7b89fe22e365542ad476d39d5bb30de75e8d2cb16,a47d21a56e86a34a0d55b7f6a247ec8c08dad8df872a59aebeb904ae6efec405
s12,s1201a,O0_4_sw2,90,4,0.044444444444444446,3,0,0,0.03333333333333333,0.0,0.0,108,6,0.05555555555555555,5,0,0,0.046296296296296294,0.0,0.0,358.78190500000005,261.495924,0.7288436801181486,300.5959999999999,54,5.566592592592591,87130029b5443647ed1f1febd32ab768bf957a0a1698217eb3cf14b2d00c6ecf,229,773095a09c1050a287d150d9658c631d712ada9c2709577db40677046b8a7ddf,b2b733dffd1c24d7816796db9808e9778c35259a6ff295f34c762f8efb4c1425
s12,s1201a,O0_4_sw4,91,3,0.03296703296703297,2,0,0,0.02197802197802198,0.0,0.0,112,4,0.03571428571428571,3,0,0,0.026785714285714284,0.0,0.0,358.78190500000005,260.382536,0.7257404355439832,299.25599999999986,56,5.34385714285714,87130029b5443647ed1f1febd32ab768bf957a0a1698217eb3cf14b2d00c6ecf,229,74a742b97ac3ad8c19e66223823ffc763e54ba5e9e30186b5880e8ba898c6da2,1d34ad04f235de5de274f09fb86635f8cae0df6dc058a0478ac29103ec695410
s12,s1201a,O0_4_keep90,81,2,0.024691358024691357,1,0,0,0.012345679012345678,0.0,0.0,92,2,0.021739130434782608,1,0,0,0.010869565217391304,0.0,0.0,358.78190500000005,260.382536,0.7257404355439832,299.25599999999986,46,6.505565217391301,87130029b5443647ed1f1febd32ab768bf957a0a1698217eb3cf14b2d00c6ecf,228,87ec1c694b7891e8327465ae46850489f6603bfdb070ab4567611f167270bcd8,0f0daf9d7063d029997e8bca5f25c9d6c5e02494f40edfe61c26f1920ec58616
s12,s1201a,O0_4_keep80,78,2,0.02564102564102564,1,0,0,0.01282051282051282,0.0,0.0,86,2,0.023255813953488372,1,0,0,0.011627906976744186,0.0,0.0,358.78190500000005,241.69059800000008,0.6736421057801119,278.8799999999999,43,6.485581395348834,87130029b5443647ed1f1febd32ab768bf957a0a1698217eb3cf14b2d00c6ecf,221,6c1e4f74feee6a25d5d8fc5cf7b9282fd16d150ab949aba965a2662e2bf5ee56,f24c667798b43629794967c44f3623e21aa3aa0858e4ccea21dde1f18e8a94af
s12,s1201a,O0_4_keep70,75,2,0.02666666666666667,1,0,0,0.013333333333333334,0.0,0.0,82,2,0.024390243902439025,1,0,0,0.012195121951219513,0.0,0.0,358.78190500000005,222.10929300000006,0.6190649246928995,257.0159999999999,41,6.268682926829266,87130029b5443647ed1f1febd32ab768bf957a0a1698217eb3cf14b2d00c6ecf,213,4042440ad850c045361127bc2b58c7dd45e6b39a63540693b2da103893a50623,b6c6eac2463103c895c25d353ae657ed6898b7cbd67c7a6f8db0e09c6f7dee8c
s12,s1201a,O0_4_keep60,66,2,0.030303030303030304,1,0,0,0.015151515151515152,0.0,0.0,70,2,0.02857142857142857,1,0,0,0.014285714285714285,0.0,0.0,358.78190500000005,184.05348999999998,0.5129954644730479,211.92,35,6.054857142857142,87130029b5443647ed1f1febd32ab768bf957a0a1698217eb3cf14b2d00c6ecf,193,c7ed0a88f178bc9b64f237115f508def985f654121b70e7568931852ec10880c,8360ab721c7796d31ffe42cedcfa98bd5fef01212cc8bd0827dd035f59507f5d
s12,s1201a,O0_4_keep50,36,1,0.027777777777777776,0,0,0,0.0,0.0,0.0,38,1,0.02631578947368421,0,0,0,0.0,0.0,0.0,358.78190500000005,104.14419100000009,0.29027158156150623,121.74800000000002,19,6.407789473684211,87130029b5443647ed1f1febd32ab768bf957a0a1698217eb3cf14b2d00c6ecf,131,7bedb33d3d8f72693b9e3014eba9773f6aa54e5ebe2c8d728b0bd68fa3ad3e21,1cabd2f7f94fe04cb2644aedd630c3632c982321e249e95893f70fe1e94f9f6c
s12,s1201a,O0_4_MARGIN_all_s0p5,82,3,0.036585365853658534,2,0,0,0.024390243902439025,0.0,0.0,94,4,0.0425531914893617,3,0,0,0.031914893617021274,0.0,0.0,358.78190500000005,260.382536,0.7257404355439832,299.1919999999999,47,6.365787234042551,87130029b5443647ed1f1febd32ab768bf957a0a1698217eb3cf14b2d00c6ecf,229,c340957ed364b8df18da235a1bfbef36da444f97f2efaf088a35b71b8ce3f490,d535f7667c4fba942496da5298598580046cf2526f84e39316af8316bb45eb1f
s12,s1201a,O0_4_MARGIN_all_s1,83,3,0.03614457831325301,2,0,0,0.024096385542168676,0.0,0.0,96,4,0.041666666666666664,3,0,0,0.03125,0.0,0.0,358.78190500000005,260.382536,0.7257404355439832,298.8639999999999,48,6.226333333333332,87130029b5443647ed1f1febd32ab768bf957a0a1698217eb3cf14b2d00c6ecf,229,6b71635f6a5ac7202044e810432a745db2904d75b4a1fd9ebd652dbbace8aa3b,55a3885e6086321c77505ef3e9def7e05ab143215327ab814bc40983cb303a70
s12,s1201a,O0_4_MARGIN_all_s2,84,2,0.023809523809523808,1,0,0,0.011904761904761904,0.0,0.0,98,2,0.02040816326530612,1,0,0,0.01020408163265306,0.0,0.0,358.78190500000005,260.382536,0.7257404355439832,298.8639999999999,49,6.099265306122447,87130029b5443647ed1f1febd32ab768bf957a0a1698217eb3cf14b2d00c6ecf,229,eb53c9f8fe967955754007f7e3bfc37c381343b8ca41dffb7d2f7a9ed9dccab8,ef71300cb06a7620943ea490e6cd29489de69ec22f1027d111e37e3b0a07caa9
s12,s1201a,O0_4_MARGIN_all_s4,87,2,0.022988505747126436,1,0,0,0.011494252873563218,0.0,0.0,104,2,0.019230769230769232,1,0,0,0.009615384615384616,0.0,0.0,358.78190500000005,260.382536,0.7257404355439832,298.8639999999999,52,5.747384615384614,87130029b5443647ed1f1febd32ab768bf957a0a1698217eb3cf14b2d00c6ecf,229,f3bcb599690568acded2ba918125b32686ba3f7657993a9c655de4043fab2cdf,6b22f00f721bb507cf5fc0d4692f1eb3253865a8065066c04b51ba7a1d4e3ae4
s12,s1202b,O0_4,80,6,0.075,1,0,0,0.0125,0.0,0.0,98,7,0.07142857142857142,1,0,0,0.01020408163265306,0.0,0.0,279.36872900000037,232.56970600000025,0.832482958391524,271.6680000000001,49,5.544244897959186,87130029b5443647ed1f1febd32ab768bf957a0a1698217eb3cf14b2d00c6ecf,197,903e43d5408d8db33162a5e92f3817857d16dd3583f3d2f257a5f5a8d4d46960,9505c373d841026e31bfaf18f4476206928278662a00d3179eb415078a5d0cdd
s12,s1202b,O0_4_sw0p25,80,5,0.0625,1,0,0,0.0125,0.0,0.0,98,5,0.05102040816326531,1,0,0,0.01020408163265306,0.0,0.0,279.36872900000037,232.56970600000025,0.832482958391524,271.6680000000001,49,5.544244897959186,87130029b5443647ed1f1febd32ab768bf957a0a1698217eb3cf14b2d00c6ecf,197,c5a3a94347031ec9bad7ac6987f10185954229839fc4466d1834b0905e10c668,a6d0f72147fb210e384ca5e83f14409ce436a78db0e76e3b13dba9b52f61bbb9
s12,s1202b,O0_4_sw0p5,80,5,0.0625,1,0,0,0.0125,0.0,0.0,98,5,0.05102040816326531,1,0,0,0.01020408163265306,0.0,0.0,279.36872900000037,232.56970600000025,0.832482958391524,271.6680000000001,49,5.544244897959186,87130029b5443647ed1f1febd32ab768bf957a0a1698217eb3cf14b2d00c6ecf,197,2bd03bd256b211e9505fc43ce4be06b3ea2d2cd99e63c7878559dc089cc36a13,990f9ae730ed3d70c6de345dd7e97d027e25c343b548e20077030a8f121d5abe
s12,s1202b,O0_4_sw1,80,5,0.0625,1,0,0,0.0125,0.0,0.0,98,5,0.05102040816326531,1,0,0,0.01020408163265306,0.0,0.0,279.36872900000037,232.56970600000025,0.832482958391524,271.6680000000001,49,5.544244897959186,87130029b5443647ed1f1febd32ab768bf957a0a1698217eb3cf14b2d00c6ecf,197,2bd03bd256b211e9505fc43ce4be06b3ea2d2cd99e63c7878559dc089cc36a13,990f9ae730ed3d70c6de345dd7e97d027e25c343b548e20077030a8f121d5abe
s12,s1202b,O0_4_sw2,81,5,0.06172839506172839,1,0,0,0.012345679012345678,0.0,0.0,100,5,0.05,1,0,0,0.01,0.0,0.0,279.36872900000037,231.77411400000025,0.8296351378682757,270.3640000000001,50,5.407280000000002,87130029b5443647ed1f1febd32ab768bf957a0a1698217eb3cf14b2d00c6ecf,197,7bd3e5aad7dfabcfc64545f4f7dea426e28be90351d27d8f10fc4b2ad5d0bb6c,f3ce87a6feb1d8296d534d36ebaa8bb1ff7264181f9e44a3274fb522f3d8b9e5
s12,s1202b,O0_4_sw4,81,5,0.06172839506172839,1,0,0,0.012345679012345678,0.0,0.0,102,5,0.049019607843137254,1,0,0,0.00980392156862745,0.0,0.0,279.36872900000037,232.9222780000002,0.8337449894043076,271.8200000000001,51,5.3298039215686295,87130029b5443647ed1f1febd32ab768bf957a0a1698217eb3cf14b2d00c6ecf,197,5ee21aed388d16fa9139ef236f256b7d548f7436b2a5a6201437ea2a6dba7567,7e63beba7a97fd973b85a4244ed458550784868fd3427672db9ea8b97c333b4c
s12,s1202b,O0_4_keep90,80,6,0.075,1,0,0,0.0125,0.0,0.0,98,7,0.07142857142857142,1,0,0,0.01020408163265306,0.0,0.0,279.36872900000037,232.56970600000025,0.832482958391524,271.6680000000001,49,5.544244897959186,87130029b5443647ed1f1febd32ab768bf957a0a1698217eb3cf14b2d00c6ecf,196,903e43d5408d8db33162a5e92f3817857d16dd3583f3d2f257a5f5a8d4d46960,9505c373d841026e31bfaf18f4476206928278662a00d3179eb415078a5d0cdd
s12,s1202b,O0_4_keep80,77,5,0.06493506493506493,1,0,0,0.012987012987012988,0.0,0.0,92,6,0.06521739130434782,1,0,0,0.010869565217391304,0.0,0.0,279.36872900000037,226.7442360000003,0.8116306961470982,264.91200000000015,46,5.758956521739134,87130029b5443647ed1f1febd32ab768bf957a0a1698217eb3cf14b2d00c6ecf,189,216df7038e88069df36cdc369af0f15495da94f57b1a76e4c7cf65f21fad5d5c,8934fc243436aef59748447e2784dd89a7a01818bc46ce80446b3d1b6c2c7ff5
s12,s1202b,O0_4_keep70,77,5,0.06493506493506493,2,0,0,0.025974025974025976,0.0,0.0,90,5,0.05555555555555555,2,0,0,0.022222222222222223,0.0,0.0,279.36872900000037,226.54928300000026,0.8109328621386253,263.84400000000016,45,5.8632000000000035,87130029b5443647ed1f1febd32ab768bf957a0a1698217eb3cf14b2d00c6ecf,175,1888d2585e40bd27294710d557dc570c7c88d56b947d84397c907ea388c48024,855368b0c649b2c9a04911a5fe630e035292a0f3fdf664ce7fbeabbbc70d0805
s12,s1202b,O0_4_keep60,68,5,0.07352941176470588,2,0,0,0.029411764705882353,0.0,0.0,78,6,0.07692307692307693,3,0,0,0.038461538461538464,0.0,0.0,279.36872900000037,208.73919200000012,0.7471816647023506,243.63600000000008,39,6.247076923076925,87130029b5443647ed1f1febd32ab768bf957a0a1698217eb3cf14b2d00c6ecf,162,cda6fc3d328d7f58f80f9182bb923ae77097e5bab20deec9900b54838ccd4766,c37cd1b8d6a12707b27d8c652f98e7e551cfd7c03ebda7b0e4cac87fb82f5c80
s12,s1202b,O0_4_keep50,37,2,0.05405405405405406,0,0,0,0.0,0.0,0.0,44,2,0.045454545454545456,0,0,0,0.0,0.0,0.0,279.36872900000037,145.49176100000014,0.5207875681748186,170.65200000000007,22,7.756909090909094,87130029b5443647ed1f1febd32ab768bf957a0a1698217eb3cf14b2d00c6ecf,107,850fefc24b365f13bd0aae54e081b71c748facc77fbeb54605f5d2b07e604738,88cbf8c6354d9dff6e3710ff8d90c90ac9cf3ed029d451caca49fbe039cf28dc
s12,s1202b,O0_4_MARGIN_all_s0p5,80,5,0.0625,1,0,0,0.0125,0.0,0.0,98,6,0.061224489795918366,1,0,0,0.01020408163265306,0.0,0.0,279.36872900000037,231.30437000000026,0.8279536898347701,269.48400000000004,49,5.499673469387756,87130029b5443647ed1f1febd32ab768bf957a0a1698217eb3cf14b2d00c6ecf,197,7572cde5b297a2a1ad8ab3ac41ed703a0a5932eb48c13987c29cfbc9792ca96a,8df4c4806f5a8c94ce719fb171f1239e8a4f23d220f3f847a355709f1df9764f
s12,s1202b,O0_4_MARGIN_all_s1,79,5,0.06329113924050633,1,0,0,0.012658227848101266,0.0,0.0,98,6,0.061224489795918366,1,0,0,0.01020408163265306,0.0,0.0,279.36872900000037,232.4525340000002,0.8320635413708021,270.94000000000005,49,5.529387755102042,87130029b5443647ed1f1febd32ab768bf957a0a1698217eb3cf14b2d00c6ecf,197,bdf528acfd113d642ecbfb70259223586d0b68ce24e2178399d2ac9abada2318,c364a996f2fa7bf5a9dc5fd14b5bd0897e1586e4e0a1b6b2fab4908b1e3aef4d
s12,s1202b,O0_4_MARGIN_all_s2,79,5,0.06329113924050633,1,0,0,0.012658227848101266,0.0,0.0,98,6,0.061224489795918366,1,0,0,0.01020408163265306,0.0,0.0,279.36872900000037,230.95228400000022,0.8266933984583504,269.02400000000006,49,5.490285714285715,87130029b5443647ed1f1febd32ab768bf957a0a1698217eb3cf14b2d00c6ecf,197,3e3060c20ca21067c0661d6bcc3310414da76d43f15f9b27c51b5caa56dffee6,bd9ba43015cc4da925dade4e9f049c3aa529b7c841652ed62b954db96fdbc9cb
s12,s1202b,O0_4_MARGIN_all_s4,76,5,0.06578947368421052,1,0,0,0.013157894736842105,0.0,0.0,94,6,0.06382978723404255,1,0,0,0.010638297872340425,0.0,0.0,279.36872900000037,228.31501900000026,0.8172533118407821,265.82400000000007,47,5.655829787234044,87130029b5443647ed1f1febd32ab768bf957a0a1698217eb3cf14b2d00c6ecf,197,53da608d3cb92657ee14aa83d528d72413e5f31d4020a4a44cabbc5582e1d92b,983c962f6c00197dd92dcc7500724e16495eec2bed6bcc350c92bcbcdae6d153
s12,s1203a,O0_4,94,6,0.06382978723404255,3,0,0,0.031914893617021274,0.0,0.0,108,7,0.06481481481481481,3,0,0,0.027777777777777776,0.0,0.0,388.30411899999996,322.9269959999999,0.8316342273979328,363.58800000000014,54,6.733111111111113,87130029b5443647ed1f1febd32ab768bf957a0a1698217eb3cf14b2d00c6ecf,215,ee7c6c19d7679e18aa23ba6c441ba73809defb4787a03a904b46582e36268578,d48a1195fcade01611f07137758fde208caebea161909106b1cae7a9440c0154
s12,s1203a,O0_4_sw0p25,94,6,0.06382978723404255,3,0,0,0.031914893617021274,0.0,0.0,108,7,0.06481481481481481,3,0,0,0.027777777777777776,0.0,0.0,388.30411899999996,322.9269959999999,0.8316342273979328,363.58800000000014,54,6.733111111111113,87130029b5443647ed1f1febd32ab768bf957a0a1698217eb3cf14b2d00c6ecf,215,ee7c6c19d7679e18aa23ba6c441ba73809defb4787a03a904b46582e36268578,d48a1195fcade01611f07137758fde208caebea161909106b1cae7a9440c0154
s12,s1203a,O0_4_sw0p5,95,6,0.06315789473684211,3,0,0,0.031578947368421054,0.0,0.0,110,7,0.06363636363636363,3,0,0,0.02727272727272727,0.0,0.0,388.30411899999996,322.9269959999999,0.8316342273979328,363.58800000000014,55,6.610690909090912,87130029b5443647ed1f1febd32ab768bf957a0a1698217eb3cf14b2d00c6ecf,215,979023b2bad85c9151b76566b54ffe06225ddcd5aa493a76926947b1b4c05654,bc22ea1a055abd40a0a680eda1498b03e401b713a753147af5794af3317806b2
s12,s1203a,O0_4_sw1,97,7,0.07216494845360824,4,0,0,0.041237113402061855,0.0,0.0,114,9,0.07894736842105263,5,0,0,0.043859649122807015,0.0,0.0,388.30411899999996,322.9269959999999,0.8316342273979328,363.58800000000014,57,6.3787368421052655,87130029b5443647ed1f1febd32ab768bf957a0a1698217eb3cf14b2d00c6ecf,215,633120c3d9f120dcf651e92a0bbe7dd967c1a7b696e51107856b59e027aa4def,b65ee481fc09e739e34e98bc417c71ba6f4c53184542ca3ade3240807b3ada0b
s12,s1203a,O0_4_sw2,100,7,0.07,4,0,0,0.04,0.0,0.0,122,10,0.08196721311475409,6,0,0,0.04918032786885246,0.0,0.0,388.30411899999996,325.9092079999999,0.8393143210515362,367.0000000000001,61,6.016393442622952,87130029b5443647ed1f1febd32ab768bf957a0a1698217eb3cf14b2d00c6ecf,215,986b004733d79fe94b05c3a7bf64b31d6a446668456ffda8e01a6a68e2cf456a,964b923fb017fbc35cb0ad513d87f76db94e2f36e0cc6ed929db658945da927b
s12,s1203a,O0_4_sw4,101,7,0.06930693069306931,4,0,0,0.039603960396039604,0.0,0.0,124,10,0.08064516129032258,6,0,0,0.04838709677419355,0.0,0.0,388.30411899999996,325.4518539999999,0.8381364968214513,366.25600000000014,62,5.90735483870968,87130029b5443647ed1f1febd32ab768bf957a0a1698217eb3cf14b2d00c6ecf,215,eae25d2760e53c11e758920c8453c2fb677189ad947dba632419d8e5bf24908b,7bd9b89a39b2a609aa67ff4a9d08ae0ead7be580d36a503b60f9d5875809ab37
s12,s1203a,O0_4_keep90,94,6,0.06382978723404255,3,0,0,0.031914893617021274,0.0,0.0,108,7,0.06481481481481481,3,0,0,0.027777777777777776,0.0,0.0,388.30411899999996,322.9269959999999,0.8316342273979328,363.58800000000014,54,6.733111111111113,87130029b5443647ed1f1febd32ab768bf957a0a1698217eb3cf14b2d00c6ecf,215,ee7c6c19d7679e18aa23ba6c441ba73809defb4787a03a904b46582e36268578,d48a1195fcade01611f07137758fde208caebea161909106b1cae7a9440c0154
s12,s1203a,O0_4_keep80,91,6,0.06593406593406594,3,0,0,0.03296703296703297,0.0,0.0,104,7,0.0673076923076923,3,0,0,0.028846153846153848,0.0,0.0,388.30411899999996,304.0192169999999,0.7829410045480356,342.32,52,6.583076923076923,87130029b5443647ed1f1febd32ab768bf957a0a1698217eb3cf14b2d00c6ecf,206,cec191cdddb322e02a6d8a006d8311d5bbca01a80064aa78632924112b244727,c0502b3e7c01146a4276aae32578389ec853fadfd6c02188dffebf68d8e4f953
s12,s1203a,O0_4_keep70,89,5,0.056179775280898875,3,0,0,0.033707865168539325,0.0,0.0,100,5,0.05,3,0,0,0.03,0.0,0.0,388.30411899999996,294.831731,0.7592804623326698,331.91999999999996,50,6.638399999999999,87130029b5443647ed1f1febd32ab768bf957a0a1698217eb3cf14b2d00c6ecf,197,4190dabfd8a33fdb876be9b044054bcee03472d98dc4b0b681ac5a1beb2a59f9,3c606db4b447816a627a8b8db35fd0d48c100b590aaf5c95ccd389017e51ae3d
s12,s1203a,O0_4_keep60,79,3,0.0379746835443038,2,0,0,0.02531645569620253,0.0,0.0,86,3,0.03488372093023256,2,0,0,0.023255813953488372,0.0,0.0,388.30411899999996,271.07053900000005,0.698088239955034,303.6,43,7.060465116279071,87130029b5443647ed1f1febd32ab768bf957a0a1698217eb3cf14b2d00c6ecf,174,f90f1aaea6871add89e527f58eabc2211427d309b7b456cc38721cc6d7b8cca0,c43f8aee6d88f83b5cc8bd4b76ccc3cb62d204b073ed32501a9dded80acc00e2
s12,s1203a,O0_4_keep50,43,3,0.06976744186046512,3,0,0,0.06976744186046512,0.0,0.0,46,4,0.08695652173913043,4,0,0,0.08695652173913043,0.0,0.0,388.30411899999996,143.99590499999965,0.37083280334710966,163.76399999999978,23,7.120173913043469,87130029b5443647ed1f1febd32ab768bf957a0a1698217eb3cf14b2d00c6ecf,120,acc11aff7332b12b3ceabcaec37acc92a59f6082f8e5376fc02958086bb2bf08,71792df9a854b68b7e4ba628af8f605bfc18f4a5f3edaac71b0d3ee7e99bb27b
s12,s1203a,O0_4_MARGIN_all_s0p5,94,6,0.06382978723404255,3,0,0,0.031914893617021274,0.0,0.0,108,7,0.06481481481481481,3,0,0,0.027777777777777776,0.0,0.0,388.30411899999996,323.3843499999999,0.8328120516280177,364.2840000000001,54,6.746000000000002,87130029b5443647ed1f1febd32ab768bf957a0a1698217eb3cf14b2d00c6ecf,215,db102682d94438e55d0f2dc077f041d9358990dd8889644f9c00e6f888c5750a,ea509d6e69d5e60a8348a271df03dea64e9ed27d603dd14c50a77743695d385b
s12,s1203a,O0_4_MARGIN_all_s1,94,6,0.06382978723404255,3,0,0,0.031914893617021274,0.0,0.0,108,7,0.06481481481481481,3,0,0,0.027777777777777776,0.0,0.0,388.30411899999996,323.3843499999999,0.8328120516280177,364.2840000000001,54,6.746000000000002,87130029b5443647ed1f1febd32ab768bf957a0a1698217eb3cf14b2d00c6ecf,215,db102682d94438e55d0f2dc077f041d9358990dd8889644f9c00e6f888c5750a,ea509d6e69d5e60a8348a271df03dea64e9ed27d603dd14c50a77743695d385b
s12,s1203a,O0_4_MARGIN_all_s2,94,5,0.05319148936170213,2,0,0,0.02127659574468085,0.0,0.0,110,6,0.05454545454545454,2,0,0,0.01818181818181818,0.0,0.0,388.30411899999996,325.9092079999999,0.8393143210515362,366.9520000000001,55,6.671854545454548,87130029b5443647ed1f1febd32ab768bf957a0a1698217eb3cf14b2d00c6ecf,215,567a9ac6fd5280587c00dd22f47306db262e2f7cc25d97557ef4bc888f53feee,8d7d2831e1ac44b93e7e9dd1917588eb06215ffa379160a342cefee9bf17cfbf
s12,s1203a,O0_4_MARGIN_all_s4,97,5,0.05154639175257732,2,0,0,0.020618556701030927,0.0,0.0,116,6,0.05172413793103448,2,0,0,0.017241379310344827,0.0,0.0,388.30411899999996,324.682102,0.836154153698277,364.7240000000001,58,6.288344827586209,87130029b5443647ed1f1febd32ab768bf957a0a1698217eb3cf14b2d00c6ecf,215,c4b981647ee284ec5375f1456e1852dbbe4e2b63ac08e06605ffbc34aa7cbf3a,2bbbb09695ca97c5123a872fd7999291448e243596a97276a4d41f67e400af2e
s13,s1301a,O0_4,116,5,0.04310344827586207,1,0,0,0.008620689655172414,0.0,0.0,116,5,0.04310344827586207,1,0,0,0.008620689655172414,0.0,0.0,392.2692699999997,266.8974039999999,0.680393353269809,297.34799999999984,58,5.126689655172411,87130029b5443647ed1f1febd32ab768bf957a0a1698217eb3cf14b2d00c6ecf,331,4373628b32bca0752e256b495d10abdc149ccbdf1744549531349e1cd584299f,6fe94b5377370e70e1c77c063e483ae7cd0123852f516d6c9af8f62f0bc45a95
s13,s1301a,O0_4_sw0p25,116,5,0.04310344827586207,1,0,0,0.008620689655172414,0.0,0.0,116,5,0.04310344827586207,1,0,0,0.008620689655172414,0.0,0.0,392.2692699999997,266.8974039999999,0.680393353269809,297.34799999999984,58,5.126689655172411,87130029b5443647ed1f1febd32ab768bf957a0a1698217eb3cf14b2d00c6ecf,331,4373628b32bca0752e256b495d10abdc149ccbdf1744549531349e1cd584299f,6fe94b5377370e70e1c77c063e483ae7cd0123852f516d6c9af8f62f0bc45a95
s13,s1301a,O0_4_sw0p5,116,5,0.04310344827586207,1,0,0,0.008620689655172414,0.0,0.0,116,5,0.04310344827586207,1,0,0,0.008620689655172414,0.0,0.0,392.2692699999997,266.8974039999999,0.680393353269809,297.34799999999984,58,5.126689655172411,87130029b5443647ed1f1febd32ab768bf957a0a1698217eb3cf14b2d00c6ecf,331,4373628b32bca0752e256b495d10abdc149ccbdf1744549531349e1cd584299f,6fe94b5377370e70e1c77c063e483ae7cd0123852f516d6c9af8f62f0bc45a95
s13,s1301a,O0_4_sw1,116,5,0.04310344827586207,1,0,0,0.008620689655172414,0.0,0.0,116,5,0.04310344827586207,1,0,0,0.008620689655172414,0.0,0.0,392.2692699999997,266.5474039999999,0.6795011090213621,296.7479999999999,58,5.116344827586205,87130029b5443647ed1f1febd32ab768bf957a0a1698217eb3cf14b2d00c6ecf,331,56da6dd68461f3498c797c79b152a958fd901077cd1b3aaf0817b8268802a5ba,b3d5bb755df465dd8e5c3de1f9f1b40bb7852282f634e89ef5211e6ab801c905
s13,s1301a,O0_4_sw2,118,6,0.05084745762711865,2,0,0,0.01694915254237288,0.0,0.0,120,7,0.058333333333333334,3,0,0,0.025,0.0,0.0,392.2692699999997,266.5474039999999,0.6795011090213621,296.7479999999999,60,4.9457999999999975,87130029b5443647ed1f1febd32ab768bf957a0a1698217eb3cf14b2d00c6ecf,331,f72e9a87488077dd9f85843fe8591fcc4c58d7084b84b9b0f4c1244860607222,d728e1d03171b8fc1bf00806454bfa9d0e610b2b495b74b0e08e6fdf3b25a053
s13,s1301a,O0_4_sw4,119,7,0.058823529411764705,3,1,0,0.025210084033613446,0.008403361344537815,0.0,122,9,0.07377049180327869,5,2,0,0.040983606557377046,0.01639344262295082,0.0,392.2692699999997,267.1072159999999,0.6809282205562522,297.4639999999998,61,4.87645901639344,87130029b5443647ed1f1febd32ab768bf957a0a1698217eb3cf14b2d00c6ecf,331,2b93e5d100bd1e542590f762e71d10a1801bcdcdc3f1ad81b620a69e1175eb47,aa396ccff0aa17bffdb6c818d0cc01cf7bd3ccdd0db20e63290be22449cd2f63
s13,s1301a,O0_4_keep90,116,5,0.04310344827586207,1,0,0,0.008620689655172414,0.0,0.0,116,5,0.04310344827586207,1,0,0,0.008620689655172414,0.0,0.0,392.2692699999997,266.8974039999999,0.680393353269809,297.34799999999984,58,5.126689655172411,87130029b5443647ed1f1febd32ab768bf957a0a1698217eb3cf14b2d00c6ecf,331,4373628b32bca0752e256b495d10abdc149ccbdf1744549531349e1cd584299f,6fe94b5377370e70e1c77c063e483ae7cd0123852f516d6c9af8f62f0bc45a95
s13,s1301a,O0_4_keep80,116,5,0.04310344827586207,1,0,0,0.008620689655172414,0.0,0.0,116,5,0.04310344827586207,1,0,0,0.008620689655172414,0.0,0.0,392.2692699999997,266.8974039999999,0.680393353269809,296.7119999999998,58,5.115724137931031,87130029b5443647ed1f1febd32ab768bf957a0a1698217eb3cf14b2d00c6ecf,326,44430ff85ccfca987a49588eebe02c10709c5cd47ef2e9ebf2fae307ae96adc9,9d1265e336c88d872713c347ba957fc8d2f551f0679b9f1b9732bf47df7b7d72
s13,s1301a,O0_4_keep70,116,5,0.04310344827586207,1,0,0,0.008620689655172414,0.0,0.0,116,5,0.04310344827586207,1,0,0,0.008620689655172414,0.0,0.0,392.2692699999997,266.06500399999993,0.678271341520074,295.4279999999999,58,5.09358620689655,87130029b5443647ed1f1febd32ab768bf957a0a1698217eb3cf14b2d00c6ecf,316,db01e41439de9cb66f481ca9ac474a7115c3ed71a67190099f1ce242887643a1,4ef5be2b8b45cb84dc99577aded7e3bf2b57dc8c323144f02c2345fc7dd045f4
s13,s1301a,O0_4_keep60,100,5,0.05,2,0,0,0.02,0.0,0.0,100,5,0.05,2,0,0,0.02,0.0,0.0,392.2692699999997,219.59179200000008,0.5597986097661951,244.3639999999999,50,4.887279999999998,87130029b5443647ed1f1febd32ab768bf957a0a1698217eb3cf14b2d00c6ecf,280,15a10421dbb23e08e123794e247aa6cf229796063094d5b404f0bc2aca97534b,93f45e5b98185477cfa518758de4ad0499ffcbc443b9ee0deb8f1204e4fbde8e
s13,s1301a,O0_4_keep50,46,2,0.043478260869565216,1,0,0,0.021739130434782608,0.0,0.0,46,2,0.043478260869565216,1,0,0,0.021739130434782608,0.0,0.0,392.2692699999997,104.94265900000009,0.26752709688424015,120.24399999999991,23,5.227999999999996,87130029b5443647ed1f1febd32ab768bf957a0a1698217eb3cf14b2d00c6ecf,187,31d2a3c34b7a591e3db16b36e9ff1d00fb28548b30c71fbbf3d288aeae6ddc34,2fbfe00b9061aad06b1aaff2f98bec40a330d90eb825e10b69f7f86f4c24671d
s13,s1301a,O0_4_MARGIN_all_s0p5,116,5,0.04310344827586207,1,0,0,0.008620689655172414,0.0,0.0,116,5,0.04310344827586207,1,0,0,0.008620689655172414,0.0,0.0,392.2692699999997,266.8974039999999,0.680393353269809,297.29199999999986,58,5.125724137931032,87130029b5443647ed1f1febd32ab768bf957a0a1698217eb3cf14b2d00c6ecf,331,8a31e5b670339015181ee421eb5eedeabfa73ea847e4795488c32def94fdced6,4a1925ae0f91cba33356c3d0c23ca536f5c7c2b9fd6dfa4a9441440edcd66935
s13,s1301a,O0_4_MARGIN_all_s1,116,5,0.04310344827586207,1,0,0,0.008620689655172414,0.0,0.0,116,5,0.04310344827586207,1,0,0,0.008620689655172414,0.0,0.0,392.2692699999997,266.8974039999999,0.680393353269809,297.29199999999986,58,5.125724137931032,87130029b5443647ed1f1febd32ab768bf957a0a1698217eb3cf14b2d00c6ecf,331,8a31e5b670339015181ee421eb5eedeabfa73ea847e4795488c32def94fdced6,4a1925ae0f91cba33356c3d0c23ca536f5c7c2b9fd6dfa4a9441440edcd66935
s13,s1301a,O0_4_MARGIN_all_s2,116,5,0.04310344827586207,1,0,0,0.008620689655172414,0.0,0.0,116,5,0.04310344827586207,1,0,0,0.008620689655172414,0.0,0.0,392.2692699999997,266.4150039999999,0.6791635857685209,296.6079999999999,58,5.113931034482757,87130029b5443647ed1f1febd32ab768bf957a0a1698217eb3cf14b2d00c6ecf,331,f0dd53efef7f0ccb808ad6c26244f6f638874b6f12f038e6235c900d63f243f8,abd2d16313f72ce561a985151e0c1adf2280f56417e8e99358e1139e9c0552cc
s13,s1301a,O0_4_MARGIN_all_s4,116,5,0.04310344827586207,1,0,0,0.008620689655172414,0.0,0.0,116,5,0.04310344827586207,1,0,0,0.008620689655172414,0.0,0.0,392.2692699999997,263.18455299999994,0.6709282962695501,292.8519999999999,58,5.049172413793102,87130029b5443647ed1f1febd32ab768bf957a0a1698217eb3cf14b2d00c6ecf,331,3e8cc5a8889f7a5932f6158161f04aa35940dc8d38db9f9606bff141adf5ce71,56b47d7e754e156c8588de8ec89ae19ca51214c1f984e3d53276290a1a50c989
s13,s1301b,O0_4,124,5,0.04032258064516129,5,1,0,0.04032258064516129,0.008064516129032258,0.0,124,5,0.04032258064516129,5,1,0,0.04032258064516129,0.008064516129032258,0.0,397.994431,267.471043,0.6720472000775307,291.0519999999999,62,4.694387096774192,87130029b5443647ed1f1febd32ab768bf957a0a1698217eb3cf14b2d00c6ecf,341,29b617137ad5fd1e39dffb710d48c3c78d97949bb75f6d56d97b80a13b298d47,480d6e52ff5467297c616b475d85717e6ce60c4a4a70f182e9807687dbf7c850
s13,s1301b,O0_4_sw0p25,124,5,0.04032258064516129,5,1,0,0.04032258064516129,0.008064516129032258,0.0,124,5,0.04032258064516129,5,1,0,0.04032258064516129,0.008064516129032258,0.0,397.994431,267.471043,0.6720472000775307,291.0519999999999,62,4.694387096774192,87130029b5443647ed1f1febd32ab768bf957a0a1698217eb3cf14b2d00c6ecf,341,29b617137ad5fd1e39dffb710d48c3c78d97949bb75f6d56d97b80a13b298d47,480d6e52ff5467297c616b475d85717e6ce60c4a4a70f182e9807687dbf7c850
s13,s1301b,O0_4_sw0p5,124,5,0.04032258064516129,5,1,0,0.04032258064516129,0.008064516129032258,0.0,124,5,0.04032258064516129,5,1,0,0.04032258064516129,0.008064516129032258,0.0,397.994431,267.471043,0.6720472000775307,291.0519999999999,62,4.694387096774192,87130029b5443647ed1f1febd32ab768bf957a0a1698217eb3cf14b2d00c6ecf,341,29b617137ad5fd1e39dffb710d48c3c78d97949bb75f6d56d97b80a13b298d47,480d6e52ff5467297c616b475d85717e6ce60c4a4a70f182e9807687dbf7c850
s13,s1301b,O0_4_sw1,124,5,0.04032258064516129,5,1,0,0.04032258064516129,0.008064516129032258,0.0,124,5,0.04032258064516129,5,1,0,0.04032258064516129,0.008064516129032258,0.0,397.994431,267.471043,0.6720472000775307,291.0519999999999,62,4.694387096774192,87130029b5443647ed1f1febd32ab768bf957a0a1698217eb3cf14b2d00c6ecf,341,29b617137ad5fd1e39dffb710d48c3c78d97949bb75f6d56d97b80a13b298d47,480d6e52ff5467297c616b475d85717e6ce60c4a4a70f182e9807687dbf7c850
s13,s1301b,O0_4_sw2,128,5,0.0390625,5,1,0,0.0390625,0.0078125,0.0,132,5,0.03787878787878788,5,1,0,0.03787878787878788,0.007575757575757576,0.0,397.994431,267.471043,0.6720472000775307,291.0519999999999,66,4.409878787878786,87130029b5443647ed1f1febd32ab768bf957a0a1698217eb3cf14b2d00c6ecf,341,e95378c790adc4b4ede0b2b33a59d80938fccc94c83171c2f3d437c56f92a9a3,b46742ab1cca0c1c8db34abc202e78a5a7429cd1a72d8c11f7f49f0c884b6b6d
s13,s1301b,O0_4_sw4,128,5,0.0390625,5,1,0,0.0390625,0.0078125,0.0,132,5,0.03787878787878788,5,1,0,0.03787878787878788,0.007575757575757576,0.0,397.994431,266.95662200000004,0.6707546669164324,290.13599999999985,66,4.395999999999998,87130029b5443647ed1f1febd32ab768bf957a0a1698217eb3cf14b2d00c6ecf,341,0b60b9969291d88ed9fce214d87bd80ff02f5ad679496627664538b15127d29f,fef2d5c458a57c6469fa00c7336daa98c8a5546851640dbc4586346353b2371c
s13,s1301b,O0_4_keep90,124,5,0.04032258064516129,5,1,0,0.04032258064516129,0.008064516129032258,0.0,124,5,0.04032258064516129,5,1,0,0.04032258064516129,0.008064516129032258,0.0,397.994431,267.471043,0.6720472000775307,291.0519999999999,62,4.694387096774192,87130029b5443647ed1f1febd32ab768bf957a0a1698217eb3cf14b2d00c6ecf,341,29b617137ad5fd1e39dffb710d48c3c78d97949bb75f6d56d97b80a13b298d47,480d6e52ff5467297c616b475d85717e6ce60c4a4a70f182e9807687dbf7c850
s13,s1301b,O0_4_keep80,122,5,0.040983606557377046,5,1,0,0.040983606557377046,0.00819672131147541,0.0,122,5,0.040983606557377046,5,1,0,0.040983606557377046,0.00819672131147541,0.0,397.994431,263.93113300000005,0.6631528293922284,286.9759999999999,61,4.704524590163933,87130029b5443647ed1f1febd32ab768bf957a0a1698217eb3cf14b2d00c6ecf,340,6752fefb8780fc12ad5562ac56e39eeeb1564d0f14bd82b66681700e0065ecc6,5844f2c3cd3c707b377400388b83b15aa6cf353d3b6e81a674ad71fc46294e73
s13,s1301b,O0_4_keep70,118,4,0.03389830508474576,4,1,0,0.03389830508474576,0.00847457627118644,0.0,118,4,0.03389830508474576,4,1,0,0.03389830508474576,0.00847457627118644,0.0,397.994431,257.00417400000003,0.6457481662601455,278.9719999999998,59,4.728338983050844,87130029b5443647ed1f1febd32ab768bf957a0a1698217eb3cf14b2d00c6ecf,331,57ef6bbde75db457c3d097ee436a5895c1de852375418dea3aef64bf0a89c227,bab179cae1b69043f614a37e45f0e348c7d45b5eb75366145bb9bcdf0b41a97f
s13,s1301b,O0_4_keep60,102,3,0.029411764705882353,3,1,0,0.029411764705882353,0.00980392156862745,0.0,102,3,0.029411764705882353,3,1,0,0.029411764705882353,0.00980392156862745,0.0,397.994431,215.69583200000008,0.541956909944803,232.77999999999977,51,4.564313725490192,87130029b5443647ed1f1febd32ab768bf957a0a1698217eb3cf14b2d00c6ecf,296,5ca136254e986b8d383485c93eb3709b7dc3bc34674d8df8057b2a3c6fbd61f9,942905d6dde931c9adf746b144d99c72a55dd330b34c7a853e9480caa4f7c409
s13,s1301b,O0_4_keep50,48,3,0.0625,3,1,0,0.0625,0.020833333333333332,0.0,48,3,0.0625,3,1,0,0.0625,0.020833333333333332,0.0,397.994431,95.7840079999999,0.24066670420320505,105.55999999999997,24,4.3983333333333325,87130029b5443647ed1f1febd32ab768bf957a0a1698217eb3cf14b2d00c6ecf,192,4f0afe56aa1a239229b449d993781b6882efd94a8b03f1a0e622c9046d9f3485,6caa6c24d4106671f3c3e64b39d7887d53b95ca4adffc35af1884132a3281478
s13,s1301b,O0_4_MARGIN_all_s0p5,124,5,0.04032258064516129,5,1,0,0.04032258064516129,0.008064516129032258,0.0,124,5,0.04032258064516129,5,1,0,0.04032258064516129,0.008064516129032258,0.0,397.994431,267.471043,0.6720472000775307,290.7359999999999,62,4.689290322580643,87130029b5443647ed1f1febd32ab768bf957a0a1698217eb3cf14b2d00c6ecf,341,8b41887e9001b6d9a202b31759ef46d7d99f3212d9ed92edb0b6fa4450633627,0863c35bcab326691232e19589925627db68d79c70fbec4e0166c58ab14d1a84
s13,s1301b,O0_4_MARGIN_all_s1,124,5,0.04032258064516129,5,1,0,0.04032258064516129,0.008064516129032258,0.0,124,5,0.04032258064516129,5,1,0,0.04032258064516129,0.008064516129032258,0.0,397.994431,266.44400299999995,0.6694666614568784,289.41599999999994,62,4.667999999999999,87130029b5443647ed1f1febd32ab768bf957a0a1698217eb3cf14b2d00c6ecf,341,99df3ecdc93a751b3a48890486582d8cc0a7007b8461c1c929752808e39dd775,86720c26b23fefb12f778b718121a46c174e6e1be36215548c06fcd43110539e
s13,s1301b,O0_4_MARGIN_all_s2,124,5,0.04032258064516129,5,1,0,0.04032258064516129,0.008064516129032258,0.0,124,5,0.04032258064516129,5,1,0,0.04032258064516129,0.008064516129032258,0.0,397.994431,259.6186419999999,0.6523172732535041,280.5359999999999,62,4.524774193548385,87130029b5443647ed1f1febd32ab768bf957a0a1698217eb3cf14b2d00c6ecf,341,e3b133b276a0140b17efda195500fe0dc88144f638e99ae0a6900feeb6ca6488,bed230a6030d31392254e9902a073110dc5ec4a5f79f7f6d75f42d91029d73e1
s13,s1301b,O0_4_MARGIN_all_s4,124,5,0.04032258064516129,5,1,0,0.04032258064516129,0.008064516129032258,0.0,124,5,0.04032258064516129,5,1,0,0.04032258064516129,0.008064516129032258,0.0,397.994431,259.205971,0.6512803969360063,279.87599999999986,62,4.5141290322580625,87130029b5443647ed1f1febd32ab768bf957a0a1698217eb3cf14b2d00c6ecf,341,da3589840e923e1d0651cc30f3bf56b7ef4d4e09d044f2a042894ddf2780452d,2c5164c4d0acdb381773a3387de175ed965e4f9bfa49764ebc8d4ab2b787e293
s13,s1302a,O0_4,140,5,0.03571428571428571,1,1,1,0.007142857142857143,0.007142857142857143,0.007142857142857143,142,5,0.035211267605633804,1,1,1,0.007042253521126761,0.007042253521126761,0.007042253521126761,461.33878399999975,338.80191699999983,0.7343885421087858,366.85599999999994,71,5.1669859154929565,87130029b5443647ed1f1febd32ab768bf957a0a1698217eb3cf14b2d00c6ecf,356,5d3e6f46ba2bf52d7be0dafdefcbb219a6a21ccac1dd114f51adbb5f2049fbe1,49b8e05abfdc38254cf7efcc5e91d19a864ca835fb3e39578d12d95be3f5e210
s13,s1302a,O0_4_sw0p25,141,5,0.03546099290780142,1,1,1,0.0070921985815602835,0.0070921985815602835,0.0070921985815602835,144,5,0.034722222222222224,1,1,1,0.006944444444444444,0.006944444444444444,0.006944444444444444,461.33878399999975,341.58296899999976,0.7404167627926984,369.79999999999995,72,5.13611111111111,87130029b5443647ed1f1febd32ab768bf957a0a1698217eb3cf14b2d00c6ecf,356,26554c4446ad41bddb3f7494d1f4613df87c66bd87ef5ef20594879a2e8c80d2,f33fe561fb0aeec9f60533574868e467a0cb3594ce5b283fa49cde688daa3ee3
s13,s1302a,O0_4_sw0p5,141,5,0.03546099290780142,1,1,1,0.0070921985815602835,0.0070921985815602835,0.0070921985815602835,144,5,0.034722222222222224,1,1,1,0.006944444444444444,0.006944444444444444,0.006944444444444444,461.33878399999975,341.58296899999976,0.7404167627926984,369.79999999999995,72,5.13611111111111,87130029b5443647ed1f1febd32ab768bf957a0a1698217eb3cf14b2d00c6ecf,356,26554c4446ad41bddb3f7494d1f4613df87c66bd87ef5ef20594879a2e8c80d2,f33fe561fb0aeec9f60533574868e467a0cb3594ce5b283fa49cde688daa3ee3
s13,s1302a,O0_4_sw1,141,4,0.028368794326241134,0,0,0,0.0,0.0,0.0,144,4,0.027777777777777776,0,0,0,0.0,0.0,0.0,461.33878399999975,341.80469499999987,0.7408973770564238,369.816,72,5.136333333333333,87130029b5443647ed1f1febd32ab768bf957a0a1698217eb3cf14b2d00c6ecf,356,f11c97a0f3788380188925657e9d45626596d5249b276976a00a5a6575b22690,f646f03560b399891ef064bd8e603d51414300de0c86d001dcbc0b6c04ecc946
s13,s1302a,O0_4_sw2,145,6,0.041379310344827586,2,1,0,0.013793103448275862,0.006896551724137931,0.0,152,8,0.05263157894736842,4,2,0,0.02631578947368421,0.013157894736842105,0.0,461.33878399999975,344.6234769999998,0.7470073814561404,372.79599999999994,76,4.905210526315789,87130029b5443647ed1f1febd32ab768bf957a0a1698217eb3cf14b2d00c6ecf,356,8272c5a0f19cd8de082913eeed5e99225a48f5e58be49db4b678fef78ac37c24,6def50bed97a1d18fdee0a1e8ff32dfb387959bc4ad1d61e34a35ea5bc4fbfeb
s13,s1302a,O0_4_sw4,145,6,0.041379310344827586,2,1,0,0.013793103448275862,0.006896551724137931,0.0,152,8,0.05263157894736842,4,2,0,0.02631578947368421,0.013157894736842105,0.0,461.33878399999975,344.2333869999998,0.7461618206372175,372.28399999999993,76,4.898473684210526,87130029b5443647ed1f1febd32ab768bf957a0a1698217eb3cf14b2d00c6ecf,356,5d3c0115642c0839506a208e019edf2925bf4566a5aad7cf3d758577ab366dbf,0e7651057eb0dd489336d99bcce6bb63b18180b6f146b955ea5f16d35bfb920a
s13,s1302a,O0_4_keep90,140,5,0.03571428571428571,1,1,1,0.007142857142857143,0.007142857142857143,0.007142857142857143,142,5,0.035211267605633804,1,1,1,0.007042253521126761,0.007042253521126761,0.007042253521126761,461.33878399999975,338.80191699999983,0.7343885421087858,366.85599999999994,71,5.1669859154929565,87130029b5443647ed1f1febd32ab768bf957a0a1698217eb3cf14b2d00c6ecf,356,5d3e6f46ba2bf52d7be0dafdefcbb219a6a21ccac1dd114f51adbb5f2049fbe1,49b8e05abfdc38254cf7efcc5e91d19a864ca835fb3e39578d12d95be3f5e210
s13,s1302a,O0_4_keep80,141,6,0.0425531914893617,2,2,1,0.014184397163120567,0.014184397163120567,0.0070921985815602835,144,7,0.04861111111111111,3,3,1,0.020833333333333332,0.020833333333333332,0.006944444444444444,461.33878399999975,341.07726199999973,0.7393205900503694,369.18,72,5.1275,87130029b5443647ed1f1febd32ab768bf957a0a1698217eb3cf14b2d00c6ecf,348,ae08aa65e160a548aa694d582c51be04ea21cb2ee7b2a6d1b6bdab07285cc3c3,8245593aa216800d12d49294f7c326796e1eb99c601911294e0d2e26a010fb79
s13,s1302a,O0_4_keep70,139,6,0.04316546762589928,2,2,1,0.014388489208633094,0.014388489208633094,0.007194244604316547,142,7,0.04929577464788732,3,3,1,0.02112676056338028,0.02112676056338028,0.007042253521126761,461.33878399999975,339.9845129999998,0.7369519424579747,367.6679999999999,71,5.178422535211266,87130029b5443647ed1f1febd32ab768bf957a0a1698217eb3cf14b2d00c6ecf,342,e1540e30d476368a7f2e6793342adea0a7d831272c21149620257816151cc242,bf26760e79fd6474d281f6f6a694cbe582cc8ad97128a113cbc102bc9ea757f5
s13,s1302a,O0_4_keep60,116,8,0.06896551724137931,3,2,1,0.02586206896551724,0.017241379310344827,0.008620689655172414,116,8,0.06896551724137931,3,2,1,0.02586206896551724,0.017241379310344827,0.008620689655172414,461.33878399999975,286.27821799999975,0.620537938557535,307.488,58,5.30151724137931,87130029b5443647ed1f1febd32ab768bf957a0a1698217eb3cf14b2d00c6ecf,306,9f9063aee0c805185507d9f86ea8247b0c3cce2af2a27a86c944f32009aa23b6,b70b1aaec86c045bcbcebc902eaed9ebde5c3b5db56b0dfef5b2d14da408e146
s13,s1302a,O0_4_keep50,44,4,0.09090909090909091,2,1,0,0.045454545454545456,0.022727272727272728,0.0,44,4,0.09090909090909091,2,1,0,0.045454545454545456,0.022727272727272728,0.0,461.33878399999975,123.53435499999968,0.2677736173163359,136.61599999999999,22,6.209818181818181,87130029b5443647ed1f1febd32ab768bf957a0a1698217eb3cf14b2d00c6ecf,202,0e442aae269b705c528578cad50a8c7211b38c67dc79bf72fcec1bcc117be42f,55e40cdd0f99ef8c107e4613731d7fe614c78e1a5c87fbb2521c53280c821e4c
s13,s1302a,O0_4_MARGIN_all_s0p5,140,5,0.03571428571428571,1,1,1,0.007142857142857143,0.007142857142857143,0.007142857142857143,142,5,0.035211267605633804,1,1,1,0.007042253521126761,0.007042253521126761,0.007042253521126761,461.33878399999975,338.80191699999983,0.7343885421087858,366.85599999999994,71,5.1669859154929565,87130029b5443647ed1f1febd32ab768bf957a0a1698217eb3cf14b2d00c6ecf,356,5d3e6f46ba2bf52d7be0dafdefcbb219a6a21ccac1dd114f51adbb5f2049fbe1,49b8e05abfdc38254cf7efcc5e91d19a864ca835fb3e39578d12d95be3f5e210
s13,s1302a,O0_4_MARGIN_all_s1,140,5,0.03571428571428571,1,1,1,0.007142857142857143,0.007142857142857143,0.007142857142857143,142,5,0.035211267605633804,1,1,1,0.007042253521126761,0.007042253521126761,0.007042253521126761,461.33878399999975,337.92250499999983,0.732482324746406,365.46799999999996,71,5.1474366197183095,87130029b5443647ed1f1febd32ab768bf957a0a1698217eb3cf14b2d00c6ecf,356,fb3ceeb9452114cd7cd137a0cdb1e289342bde498a33b66e5b8eef90eed2631d,0edfa34714ff15b574c25464281d1a0fc27d74bb114a0851b0aeda98dbc8f2b0
s13,s1302a,O0_4_MARGIN_all_s2,142,4,0.028169014084507043,0,0,0,0.0,0.0,0.0,146,4,0.0273972602739726,0,0,0,0.0,0.0,0.0,461.33878399999975,341.0110379999998,0.7391770426134388,368.316,73,5.045424657534246,87130029b5443647ed1f1febd32ab768bf957a0a1698217eb3cf14b2d00c6ecf,356,5a7ceace1b4e9fe849d1aa7ec02cdaff26139eee8d3199df2dfc18a9dd7e540e,cf6ff9639740a74c0e4429c547fbd8516183cb654d3981f8ec9517fee7ac9e28
s13,s1302a,O0_4_MARGIN_all_s4,143,4,0.027972027972027972,0,0,0,0.0,0.0,0.0,148,4,0.02702702702702703,0,0,0,0.0,0.0,0.0,461.33878399999975,341.11580799999973,0.7394041425314025,367.456,74,4.965621621621622,87130029b5443647ed1f1febd32ab768bf957a0a1698217eb3cf14b2d00c6ecf,356,4aa3156d94e66da9ccf1ac86d7e15007ada758546b6722cdaca736cb0f64bfb0,980e73f2b368674492926f8020be833e857c62a7b8c9aaadf59e368ec6cb1dec
s13,s1302b,O0_4,88,4,0.045454545454545456,0,0,0,0.0,0.0,0.0,88,4,0.045454545454545456,0,0,0,0.0,0.0,0.0,385.7584199999994,193.15016599999976,0.5007023981485617,209.4520000000001,44,4.76027272727273,87130029b5443647ed1f1febd32ab768bf957a0a1698217eb3cf14b2d00c6ecf,393,53b03d2ae3d6f48e03b86d5bda35f774a0bad86995eb05d733711fd52dd04780,a4d503a09e834bd8b2aabf7042c64ece53d5ce08afe77df3c1840803ef85a33c
s13,s1302b,O0_4_sw0p25,88,4,0.045454545454545456,0,0,0,0.0,0.0,0.0,88,4,0.045454545454545456,0,0,0,0.0,0.0,0.0,385.7584199999994,193.15016599999976,0.5007023981485617,209.4520000000001,44,4.76027272727273,87130029b5443647ed1f1febd32ab768bf957a0a1698217eb3cf14b2d00c6ecf,393,53b03d2ae3d6f48e03b86d5bda35f774a0bad86995eb05d733711fd52dd04780,a4d503a09e834bd8b2aabf7042c64ece53d5ce08afe77df3c1840803ef85a33c
s13,s1302b,O0_4_sw0p5,88,4,0.045454545454545456,0,0,0,0.0,0.0,0.0,88,4,0.045454545454545456,0,0,0,0.0,0.0,0.0,385.7584199999994,193.15016599999976,0.5007023981485617,209.4520000000001,44,4.76027272727273,87130029b5443647ed1f1febd32ab768bf957a0a1698217eb3cf14b2d00c6ecf,393,53b03d2ae3d6f48e03b86d5bda35f774a0bad86995eb05d733711fd52dd04780,a4d503a09e834bd8b2aabf7042c64ece53d5ce08afe77df3c1840803ef85a33c
s13,s1302b,O0_4_sw1,88,4,0.045454545454545456,0,0,0,0.0,0.0,0.0,88,4,0.045454545454545456,0,0,0,0.0,0.0,0.0,385.7584199999994,193.15016599999976,0.5007023981485617,209.4520000000001,44,4.76027272727273,87130029b5443647ed1f1febd32ab768bf957a0a1698217eb3cf14b2d00c6ecf,393,53b03d2ae3d6f48e03b86d5bda35f774a0bad86995eb05d733711fd52dd04780,a4d503a09e834bd8b2aabf7042c64ece53d5ce08afe77df3c1840803ef85a33c
s13,s1302b,O0_4_sw2,89,4,0.0449438202247191,0,0,0,0.0,0.0,0.0,90,4,0.044444444444444446,0,0,0,0.0,0.0,0.0,385.7584199999994,193.15016599999976,0.5007023981485617,209.4520000000001,45,4.654488888888891,87130029b5443647ed1f1febd32ab768bf957a0a1698217eb3cf14b2d00c6ecf,393,21b688a22bae4f0b95a6c527ae6fe37c590f6053d05f0866ad24310620cee30d,f9ad5ffbc7ae04723611c742d447ace5907b06836a4f6b4b274eba6dad48cd8d
s13,s1302b,O0_4_sw4,89,4,0.0449438202247191,0,0,0,0.0,0.0,0.0,90,4,0.044444444444444446,0,0,0,0.0,0.0,0.0,385.7584199999994,192.57831199999973,0.4992199833253155,208.7440000000001,45,4.638755555555558,87130029b5443647ed1f1febd32ab768bf957a0a1698217eb3cf14b2d00c6ecf,393,8ccb469dfc9547630721bb4c580a6e2ba00c20072dbe58992d8db1f3b82889c9,5e3b95413bc636a8b3ce8acbf352abfd1b821a30fcf9818eb95e2fe9de701e79
s13,s1302b,O0_4_keep90,88,4,0.045454545454545456,0,0,0,0.0,0.0,0.0,88,4,0.045454545454545456,0,0,0,0.0,0.0,0.0,385.7584199999994,193.15016599999976,0.5007023981485617,209.4520000000001,44,4.76027272727273,87130029b5443647ed1f1febd32ab768bf957a0a1698217eb3cf14b2d00c6ecf,393,53b03d2ae3d6f48e03b86d5bda35f774a0bad86995eb05d733711fd52dd04780,a4d503a09e834bd8b2aabf7042c64ece53d5ce08afe77df3c1840803ef85a33c
s13,s1302b,O0_4_keep80,88,3,0.03409090909090909,0,0,0,0.0,0.0,0.0,88,3,0.03409090909090909,0,0,0,0.0,0.0,0.0,385.7584199999994,192.58229999999983,0.49923032140166934,208.76400000000012,44,4.744636363636366,87130029b5443647ed1f1febd32ab768bf957a0a1698217eb3cf14b2d00c6ecf,391,a9b3faa01fb0f78bb1355646615aebf43182a0207d910905b46a02defd6aa7d0,93b43b040fce9ac1dcdb0d6588b4a46b38ccf686d8c951ef6afbfd313dfac433
s13,s1302b,O0_4_keep70,88,3,0.03409090909090909,0,0,0,0.0,0.0,0.0,88,3,0.03409090909090909,0,0,0,0.0,0.0,0.0,385.7584199999994,192.58229999999983,0.49923032140166934,208.76400000000012,44,4.744636363636366,87130029b5443647ed1f1febd32ab768bf957a0a1698217eb3cf14b2d00c6ecf,386,a9b3faa01fb0f78bb1355646615aebf43182a0207d910905b46a02defd6aa7d0,93b43b040fce9ac1dcdb0d6588b4a46b38ccf686d8c951ef6afbfd313dfac433
s13,s1302b,O0_4_keep60,72,3,0.041666666666666664,1,1,0,0.013888888888888888,0.013888888888888888,0.0,72,3,0.041666666666666664,1,1,0,0.013888888888888888,0.013888888888888888,0.0,385.7584199999994,158.03516199999984,0.409673914570679,169.8040000000001,36,4.71677777777778,87130029b5443647ed1f1febd32ab768bf957a0a1698217eb3cf14b2d00c6ecf,358,97ec9e9aef94fb96d51e1d63d35067f817092eff8b0ee95d6568e980ee490f3f,041eee69d2c2c70f2b4c78b51713e8c844b38ea4d86919f476aef3c803e3243f
s13,s1302b,O0_4_keep50,24,2,0.08333333333333333,1,1,0,0.041666666666666664,0.041666666666666664,0.0,24,2,0.08333333333333333,1,1,0,0.041666666666666664,0.041666666666666664,0.0,385.7584199999994,52.41524300000002,0.13587582352706676,58.00799999999998,12,4.833999999999999,87130029b5443647ed1f1febd32ab768bf957a0a1698217eb3cf14b2d00c6ecf,219,62b413cae1f80df9a0b0ddd54647b2cfc2cf2fc1ca5c53a1ac8a1855e3eb54e7,be2ea519ed36bf1fc88ab94fde72ccf20cf9c6b76b520fb31968ae48f2ffb1fa
s13,s1302b,O0_4_MARGIN_all_s0p5,88,4,0.045454545454545456,0,0,0,0.0,0.0,0.0,88,4,0.045454545454545456,0,0,0,0.0,0.0,0.0,385.7584199999994,192.55860299999975,0.4991688917639181,208.58000000000013,44,4.740454545454548,87130029b5443647ed1f1febd32ab768bf957a0a1698217eb3cf14b2d00c6ecf,393,0fe17fdfd9a7225730740f9a30e48b4d0dc9a04709c0fd97e595542d81f3c3f0,fd1c5a0fbd0a06c8eff49d02e7588692a8f4c5a7d88b7beabaa2b4ce59fa7855
s13,s1302b,O0_4_MARGIN_all_s1,88,4,0.045454545454545456,0,0,0,0.0,0.0,0.0,88,4,0.045454545454545456,0,0,0,0.0,0.0,0.0,385.7584199999994,191.40313999999975,0.49617358967822417,207.04800000000012,44,4.7056363636363665,87130029b5443647ed1f1febd32ab768bf957a0a1698217eb3cf14b2d00c6ecf,393,53a6535ea461f8b41edac8f34ce20981d44a4a4e53b37ac862c1c5d731c41546,51d9ec0542207669d0c47658340f8dcb4743cc1a197dba6fdcb76a1270072c33
s13,s1302b,O0_4_MARGIN_all_s2,86,4,0.046511627906976744,0,0,0,0.0,0.0,0.0,86,4,0.046511627906976744,0,0,0,0.0,0.0,0.0,385.7584199999994,187.8241389999998,0.4868957597866564,203.00400000000013,43,4.721023255813956,87130029b5443647ed1f1febd32ab768bf957a0a1698217eb3cf14b2d00c6ecf,393,efc8b3b3f954d5cb7a52132c9e450b06a4f6ed49470a09523902c21cabe11421,bbf77b2a73b98143b2c8db35f255ea9cd785715702eed2e1a300d1102b68d2ee
s13,s1302b,O0_4_MARGIN_all_s4,86,4,0.046511627906976744,0,0,0,0.0,0.0,0.0,86,4,0.046511627906976744,0,0,0,0.0,0.0,0.0,385.7584199999994,187.8241389999998,0.4868957597866564,203.00400000000013,43,4.721023255813956,87130029b5443647ed1f1febd32ab768bf957a0a1698217eb3cf14b2d00c6ecf,393,efc8b3b3f954d5cb7a52132c9e450b06a4f6ed49470a09523902c21cabe11421,bbf77b2a73b98143b2c8db35f255ea9cd785715702eed2e1a300d1102b68d2ee
s13,s1303a,O0_4,88,3,0.03409090909090909,1,0,0,0.011363636363636364,0.0,0.0,88,3,0.03409090909090909,1,0,0,0.011363636363636364,0.0,0.0,394.1540639999997,198.75124599999975,0.5042476131871113,217.0359999999998,44,4.932636363636359,87130029b5443647ed1f1febd32ab768bf957a0a1698217eb3cf14b2d00c6ecf,408,a1afe611ecd2659e039a873e2ac2973805b04f19c450b436f36589cec27214a0,4eb006da165f18f4dbef5a44f6511bd22a01ed4094dccba15a7a8050e586ed10
s13,s1303a,O0_4_sw0p25,88,3,0.03409090909090909,1,0,0,0.011363636363636364,0.0,0.0,88,3,0.03409090909090909,1,0,0,0.011363636363636364,0.0,0.0,394.1540639999997,198.75124599999975,0.5042476131871113,217.0359999999998,44,4.932636363636359,87130029b5443647ed1f1febd32ab768bf957a0a1698217eb3cf14b2d00c6ecf,408,a1afe611ecd2659e039a873e2ac2973805b04f19c450b436f36589cec27214a0,4eb006da165f18f4dbef5a44f6511bd22a01ed4094dccba15a7a8050e586ed10
s13,s1303a,O0_4_sw0p5,88,3,0.03409090909090909,1,0,0,0.011363636363636364,0.0,0.0,88,3,0.03409090909090909,1,0,0,0.011363636363636364,0.0,0.0,394.1540639999997,198.75124599999975,0.5042476131871113,217.0359999999998,44,4.932636363636359,87130029b5443647ed1f1febd32ab768bf957a0a1698217eb3cf14b2d00c6ecf,408,a1afe611ecd2659e039a873e2ac2973805b04f19c450b436f36589cec27214a0,4eb006da165f18f4dbef5a44f6511bd22a01ed4094dccba15a7a8050e586ed10
s13,s1303a,O0_4_sw1,88,3,0.03409090909090909,1,0,0,0.011363636363636364,0.0,0.0,88,3,0.03409090909090909,1,0,0,0.011363636363636364,0.0,0.0,394.1540639999997,198.75124599999975,0.5042476131871113,217.0359999999998,44,4.932636363636359,87130029b5443647ed1f1febd32ab768bf957a0a1698217eb3cf14b2d00c6ecf,408,a1afe611ecd2659e039a873e2ac2973805b04f19c450b436f36589cec27214a0,4eb006da165f18f4dbef5a44f6511bd22a01ed4094dccba15a7a8050e586ed10
s13,s1303a,O0_4_sw2,90,3,0.03333333333333333,1,0,0,0.011111111111111112,0.0,0.0,92,3,0.03260869565217391,1,0,0,0.010869565217391304,0.0,0.0,394.1540639999997,203.09083599999974,0.515257495860806,221.98399999999978,46,4.825739130434778,87130029b5443647ed1f1febd32ab768bf957a0a1698217eb3cf14b2d00c6ecf,408,bb1a16f86df6746f1cebc313e1741c518dfeac7e6be854b5cdb14bcbf8482367,e975d4545c59bcbd3bee0d1b6dd27cd36fcee453d48647add4dd992762ef444f
s13,s1303a,O0_4_sw4,92,3,0.03260869565217391,1,0,0,0.010869565217391304,0.0,0.0,96,3,0.03125,1,0,0,0.010416666666666666,0.0,0.0,394.1540639999997,201.7868549999997,0.5119491930444737,220.19599999999983,48,4.587416666666663,87130029b5443647ed1f1febd32ab768bf957a0a1698217eb3cf14b2d00c6ecf,408,3a2bb6d73d89f6978b3156a0cd65980b9419620dfb820ae805d018eef7f4790f,82efb414df9cb2818925e67af09e686bd090e100664206fb2a979150fed24412
s13,s1303a,O0_4_keep90,88,3,0.03409090909090909,1,0,0,0.011363636363636364,0.0,0.0,88,3,0.03409090909090909,1,0,0,0.011363636363636364,0.0,0.0,394.1540639999997,198.75124599999975,0.5042476131871113,217.0359999999998,44,4.932636363636359,87130029b5443647ed1f1febd32ab768bf957a0a1698217eb3cf14b2d00c6ecf,408,a1afe611ecd2659e039a873e2ac2973805b04f19c450b436f36589cec27214a0,4eb006da165f18f4dbef5a44f6511bd22a01ed4094dccba15a7a8050e586ed10
s13,s1303a,O0_4_keep80,88,3,0.03409090909090909,1,0,0,0.011363636363636364,0.0,0.0,88,3,0.03409090909090909,1,0,0,0.011363636363636364,0.0,0.0,394.1540639999997,198.02368499999972,0.5024017334500954,216.11599999999984,44,4.911727272727269,87130029b5443647ed1f1febd32ab768bf957a0a1698217eb3cf14b2d00c6ecf,407,cff009f9324ede8f03988322d274ea517b8d9d260e0b30aa9a64dea7594fece1,e1ae542a942d60b86b10cd096c29c11ed346df0dced6896b6c49795b4f972183
s13,s1303a,O0_4_keep70,88,3,0.03409090909090909,1,0,0,0.011363636363636364,0.0,0.0,88,3,0.03409090909090909,1,0,0,0.011363636363636364,0.0,0.0,394.1540639999997,187.3733139999997,0.47538090080431045,205.0439999999998,44,4.660090909090905,87130029b5443647ed1f1febd32ab768bf957a0a1698217eb3cf14b2d00c6ecf,391,f736fe61b20f7f87abe8fb0285b8e9f48991023c33ed993bb30f9a193560a5b5,88c6fd54b9eb6ca4d6bff5d62f13c5c898858ad26bb0e38dab868efc9953a285
s13,s1303a,O0_4_keep60,84,3,0.03571428571428571,1,0,0,0.011904761904761904,0.0,0.0,84,3,0.03571428571428571,1,0,0,0.011904761904761904,0.0,0.0,394.1540639999997,180.98277799999974,0.4591676060962798,197.62799999999984,42,4.705428571428568,87130029b5443647ed1f1febd32ab768bf957a0a1698217eb3cf14b2d00c6ecf,368,3a46b8850852fb4d0131ee2591be78e1b2ebcb992d215468c830cb8e2c068042,0fa13b04401c76ae9bcee16baac8b05dd64c8b4f645c2c910b69323e317f44e5
s13,s1303a,O0_4_keep50,36,1,0.027777777777777776,0,0,0,0.0,0.0,0.0,36,1,0.027777777777777776,0,0,0,0.0,0.0,0.0,394.1540639999997,82.76177599999971,0.20997316419906245,93.25199999999978,18,5.180666666666655,87130029b5443647ed1f1febd32ab768bf957a0a1698217eb3cf14b2d00c6ecf,221,2784ce820437a7498f45d466f0c8ac6d52d89c3b332649035849e039ba864639,07c79854fb5172064a28cfe4a5229bb3574949b40f79fe4efbb43e91d11a1d67
s13,s1303a,O0_4_MARGIN_all_s0p5,88,3,0.03409090909090909,1,0,0,0.011363636363636364,0.0,0.0,88,3,0.03409090909090909,1,0,0,0.011363636363636364,0.0,0.0,394.1540639999997,198.75124599999975,0.5042476131871113,217.0359999999998,44,4.932636363636359,87130029b5443647ed1f1febd32ab768bf957a0a1698217eb3cf14b2d00c6ecf,408,a1afe611ecd2659e039a873e2ac2973805b04f19c450b436f36589cec27214a0,4eb006da165f18f4dbef5a44f6511bd22a01ed4094dccba15a7a8050e586ed10
s13,s1303a,O0_4_MARGIN_all_s1,88,3,0.03409090909090909,1,0,0,0.011363636363636364,0.0,0.0,88,3,0.03409090909090909,1,0,0,0.011363636363636364,0.0,0.0,394.1540639999997,198.75124599999975,0.5042476131871113,217.0359999999998,44,4.932636363636359,87130029b5443647ed1f1febd32ab768bf957a0a1698217eb3cf14b2d00c6ecf,408,a1afe611ecd2659e039a873e2ac2973805b04f19c450b436f36589cec27214a0,4eb006da165f18f4dbef5a44f6511bd22a01ed4094dccba15a7a8050e586ed10
s13,s1303a,O0_4_MARGIN_all_s2,88,3,0.03409090909090909,1,0,0,0.011363636363636364,0.0,0.0,88,3,0.03409090909090909,1,0,0,0.011363636363636364,0.0,0.0,394.1540639999997,197.06988499999972,0.49998186749636014,214.95199999999986,44,4.885272727272724,87130029b5443647ed1f1febd32ab768bf957a0a1698217eb3cf14b2d00c6ecf,408,ed7bd37bd20a7afc07d4122979acf51814563c0a5b41801016d87932fe7fca75,4c1bed5a1e052b5b1b86a673caf4b8ee28322e5835bccb6074b1f81aa4ef5778
s13,s1303a,O0_4_MARGIN_all_s4,88,4,0.045454545454545456,2,1,0,0.022727272727272728,0.011363636363636364,0.0,88,4,0.045454545454545456,2,1,0,0.022727272727272728,0.011363636363636364,0.0,394.1540639999997,194.8906409999997,0.49445295330000666,212.26799999999983,44,4.8242727272727235,87130029b5443647ed1f1febd32ab768bf957a0a1698217eb3cf14b2d00c6ecf,408,c0f41fb79510979653a10f54650eaa8ab9480331dd62fc6c2f290848e2129bd4,5edb6d5e2923cab07ab8f4ac1c6977b412b0122c4277a098b402ed719b47c1bb
s13,s1303b,O0_4,123,5,0.04065040650406504,2,1,0,0.016260162601626018,0.008130081300813009,0.0,126,6,0.047619047619047616,3,1,0,0.023809523809523808,0.007936507936507936,0.0,394.5759039999998,289.2714470000002,0.7331198992830549,316.408,63,5.022349206349206,87130029b5443647ed1f1febd32ab768bf957a0a1698217eb3cf14b2d00c6ecf,314,9c87895cfc2337c08aabf1ed96fc5b49f3d2fb7874c9bf29ffb274f903aa0167,d8dd7dd2ebf4b2cae56cdd2bf64f3b1a9b3c92f04c1666e77b83915720a81915
s13,s1303b,O0_4_sw0p25,123,5,0.04065040650406504,2,1,0,0.016260162601626018,0.008130081300813009,0.0,126,6,0.047619047619047616,3,1,0,0.023809523809523808,0.007936507936507936,0.0,394.5759039999998,289.2714470000002,0.7331198992830549,316.408,63,5.022349206349206,87130029b5443647ed1f1febd32ab768bf957a0a1698217eb3cf14b2d00c6ecf,314,9c87895cfc2337c08aabf1ed96fc5b49f3d2fb7874c9bf29ffb274f903aa0167,d8dd7dd2ebf4b2cae56cdd2bf64f3b1a9b3c92f04c1666e77b83915720a81915
s13,s1303b,O0_4_sw0p5,123,5,0.04065040650406504,2,1,0,0.016260162601626018,0.008130081300813009,0.0,126,6,0.047619047619047616,3,1,0,0.023809523809523808,0.007936507936507936,0.0,394.5759039999998,289.2714470000002,0.7331198992830549,316.408,63,5.022349206349206,87130029b5443647ed1f1febd32ab768bf957a0a1698217eb3cf14b2d00c6ecf,314,9c87895cfc2337c08aabf1ed96fc5b49f3d2fb7874c9bf29ffb274f903aa0167,d8dd7dd2ebf4b2cae56cdd2bf64f3b1a9b3c92f04c1666e77b83915720a81915
s13,s1303b,O0_4_sw1,123,5,0.04065040650406504,2,1,0,0.016260162601626018,0.008130081300813009,0.0,126,6,0.047619047619047616,3,1,0,0.023809523809523808,0.007936507936507936,0.0,394.5759039999998,289.2714470000002,0.7331198992830549,316.408,63,5.022349206349206,87130029b5443647ed1f1febd32ab768bf957a0a1698217eb3cf14b2d00c6ecf,314,9c87895cfc2337c08aabf1ed96fc5b49f3d2fb7874c9bf29ffb274f903aa0167,d8dd7dd2ebf4b2cae56cdd2bf64f3b1a9b3c92f04c1666e77b83915720a81915
s13,s1303b,O0_4_sw2,125,6,0.048,3,1,0,0.024,0.008,0.0,132,9,0.06818181818181818,6,2,0,0.045454545454545456,0.015151515151515152,0.0,394.5759039999998,292.14649000000026,0.7404063122921981,319.692,66,4.843818181818182,87130029b5443647ed1f1febd32ab768bf957a0a1698217eb3cf14b2d00c6ecf,314,d9a51e9bed460a80e8b03c16521b994bd210862cef65e33b51de51dc4d4bf96b,a4f800b904917fe5079415a2616d39a126e49bf4e88ef040cfa04e00f46c808e
s13,s1303b,O0_4_sw4,125,6,0.048,3,1,0,0.024,0.008,0.0,132,9,0.06818181818181818,6,2,0,0.045454545454545456,0.015151515151515152,0.0,394.5759039999998,290.9282240000003,0.7373187796079925,318.356,66,4.823575757575758,87130029b5443647ed1f1febd32ab768bf957a0a1698217eb3cf14b2d00c6ecf,314,5726c43d97187b0a5447a855109bc3b8de552231dcd72641b6df29ec0dd7567a,f5a644ff4a153c9b98464d814019ae6065d16ced897be8d90f5d9228228776a7
s13,s1303b,O0_4_keep90,123,5,0.04065040650406504,2,1,0,0.016260162601626018,0.008130081300813009,0.0,126,6,0.047619047619047616,3,1,0,0.023809523809523808,0.007936507936507936,0.0,394.5759039999998,289.2714470000002,0.7331198992830549,316.408,63,5.022349206349206,87130029b5443647ed1f1febd32ab768bf957a0a1698217eb3cf14b2d00c6ecf,314,9c87895cfc2337c08aabf1ed96fc5b49f3d2fb7874c9bf29ffb274f903aa0167,d8dd7dd2ebf4b2cae56cdd2bf64f3b1a9b3c92f04c1666e77b83915720a81915
s13,s1303b,O0_4_keep80,121,3,0.024793388429752067,0,0,0,0.0,0.0,0.0,124,3,0.024193548387096774,0,0,0,0.0,0.0,0.0,394.5759039999998,290.3400620000003,0.7358281614682696,317.384,62,5.119096774193548,87130029b5443647ed1f1febd32ab768bf957a0a1698217eb3cf14b2d00c6ecf,310,09a310723abcf83ba71dbc8767cc419c6209526ff1c9534c9cb31de43877f47d,ff151ba52f58fc6c6339b237d83471a57a017715df293d85476c1e7526c266f5
s13,s1303b,O0_4_keep70,119,2,0.01680672268907563,0,0,0,0.0,0.0,0.0,122,2,0.01639344262295082,0,0,0,0.0,0.0,0.0,394.5759039999998,284.0775840000003,0.7199567462690282,310.77200000000005,61,5.094622950819673,87130029b5443647ed1f1febd32ab768bf957a0a1698217eb3cf14b2d00c6ecf,299,f42e1c8a0bf7b0aaa723688190cd903bc120174165680a2a597feb14bd895725,ae00ce577f78274208f5c3cd8c88a80b40f6970bbd71d5c6d1878516ba56daed
s13,s1303b,O0_4_keep60,101,2,0.019801980198019802,0,0,0,0.0,0.0,0.0,102,2,0.0196078431372549,0,0,0,0.0,0.0,0.0,394.5759039999998,236.43180500000005,0.5992048744061172,258.2000000000001,51,5.062745098039218,87130029b5443647ed1f1febd32ab768bf957a0a1698217eb3cf14b2d00c6ecf,270,70732eeb7595a4d0e08859b84d0ec8d7342b5a525bdb0be4820b8ecbd6d52732,79d2f03feba2887b58a1af02617871d381de95eeb53108557bee6d985a44bb25
s13,s1303b,O0_4_keep50,51,0,0.0,0,0,0,0.0,0.0,0.0,52,0,0.0,0,0,0,0.0,0.0,0.0,394.5759039999998,131.0718320000001,0.33218407579191694,145.5320000000001,26,5.597384615384619,87130029b5443647ed1f1febd32ab768bf957a0a1698217eb3cf14b2d00c6ecf,173,e4051642710c8fb49c4b5597853e224fd6bc1214206b15a30799d8ddffa3359f,85f6d7c403f9deaea4d60c1f47d3ee5acea54eb7ff76593b654fea53d64582c4
s13,s1303b,O0_4_MARGIN_all_s0p5,123,5,0.04065040650406504,2,1,0,0.016260162601626018,0.008130081300813009,0.0,126,6,0.047619047619047616,3,1,0,0.023809523809523808,0.007936507936507936,0.0,394.5759039999998,289.2714470000002,0.7331198992830549,316.408,63,5.022349206349206,87130029b5443647ed1f1febd32ab768bf957a0a1698217eb3cf14b2d00c6ecf,314,9c87895cfc2337c08aabf1ed96fc5b49f3d2fb7874c9bf29ffb274f903aa0167,d8dd7dd2ebf4b2cae56cdd2bf64f3b1a9b3c92f04c1666e77b83915720a81915
s13,s1303b,O0_4_MARGIN_all_s1,123,5,0.04065040650406504,2,1,0,0.016260162601626018,0.008130081300813009,0.0,126,6,0.047619047619047616,3,1,0,0.023809523809523808,0.007936507936507936,0.0,394.5759039999998,287.3006890000002,0.7281252759925257,314.05600000000004,63,4.985015873015874,87130029b5443647ed1f1febd32ab768bf957a0a1698217eb3cf14b2d00c6ecf,314,b3e3403f430e4cb311d413310407347be1b7ee380b4156577f4ede5414d555d7,1dab0d2c763bb2ef2ce2dcfe0053fc43f3682972354b950345b2b8f23c001bf9
s13,s1303b,O0_4_MARGIN_all_s2,123,4,0.032520325203252036,1,1,0,0.008130081300813009,0.008130081300813009,0.0,126,4,0.031746031746031744,1,1,0,0.007936507936507936,0.007936507936507936,0.0,394.5759039999998,285.3541300000002,0.7231919818398246,311.7080000000001,63,4.947746031746033,87130029b5443647ed1f1febd32ab768bf957a0a1698217eb3cf14b2d00c6ecf,314,36c51c461370dbdb6c92fddc449bf2d62c3ad13449ad26ed29956fef3f1476bf,5762a9d9ebbc1040cc3385f082b96ca696e0e310c0b4b199d69b14ef47c70446
s13,s1303b,O0_4_MARGIN_all_s4,121,3,0.024793388429752067,1,1,0,0.008264462809917356,0.008264462809917356,0.0,124,3,0.024193548387096774,1,1,0,0.008064516129032258,0.008064516129032258,0.0,394.5759039999998,280.5986380000003,0.7111398216552027,306.7600000000001,62,4.947741935483872,87130029b5443647ed1f1febd32ab768bf957a0a1698217eb3cf14b2d00c6ecf,314,3688d9a9eddcd096007d4de945a84baeafa9c5b2a55befde19f9284f91a59271,9d5d0b8f7f70e1a38427bea84901d7429ca0612e6560dbd7fdfd9d892edf5e88
s13,s1304a,O0_4,54,4,0.07407407407407407,1,0,0,0.018518518518518517,0.0,0.0,54,4,0.07407407407407407,1,0,0,0.018518518518518517,0.0,0.0,181.15421500000005,122.21869300000003,0.6746665706895089,131.93599999999998,27,4.886518518518518,87130029b5443647ed1f1febd32ab768bf957a0a1698217eb3cf14b2d00c6ecf,141,3eed8bf499661a020ca38176148e6e903a14b5add2940da1fc08f32b54deec62,8da44603e2d53ef56cba1d4d99dc84d5011cecce78dbd57d0dd517102629a920
s13,s1304a,O0_4_sw0p25,54,4,0.07407407407407407,1,0,0,0.018518518518518517,0.0,0.0,54,4,0.07407407407407407,1,0,0,0.018518518518518517,0.0,0.0,181.15421500000005,122.21869300000003,0.6746665706895089,131.93599999999998,27,4.886518518518518,87130029b5443647ed1f1febd32ab768bf957a0a1698217eb3cf14b2d00c6ecf,141,3eed8bf499661a020ca38176148e6e903a14b5add2940da1fc08f32b54deec62,8da44603e2d53ef56cba1d4d99dc84d5011cecce78dbd57d0dd517102629a920
s13,s1304a,O0_4_sw0p5,54,4,0.07407407407407407,1,0,0,0.018518518518518517,0.0,0.0,54,4,0.07407407407407407,1,0,0,0.018518518518518517,0.0,0.0,181.15421500000005,122.21869300000003,0.6746665706895089,131.93599999999998,27,4.886518518518518,87130029b5443647ed1f1febd32ab768bf957a0a1698217eb3cf14b2d00c6ecf,141,3eed8bf499661a020ca38176148e6e903a14b5add2940da1fc08f32b54deec62,8da44603e2d53ef56cba1d4d99dc84d5011cecce78dbd57d0dd517102629a920
s13,s1304a,O0_4_sw1,55,4,0.07272727272727272,1,0,0,0.01818181818181818,0.0,0.0,56,4,0.07142857142857142,1,0,0,0.017857142857142856,0.0,0.0,181.15421500000005,122.21869300000003,0.6746665706895089,131.93599999999998,28,4.711999999999999,87130029b5443647ed1f1febd32ab768bf957a0a1698217eb3cf14b2d00c6ecf,141,dcc303197797104aefe0a709d42b936baaf149f0e68ead28ab5a3be3f70ff43e,444dc46b5124ecdd3f8dc2eadb65f804d675ccdf75ef0064b6648c316de9ac2b
s13,s1304a,O0_4_sw2,55,4,0.07272727272727272,1,0,0,0.01818181818181818,0.0,0.0,56,4,0.07142857142857142,1,0,0,0.017857142857142856,0.0,0.0,181.15421500000005,122.21869300000003,0.6746665706895089,131.93599999999998,28,4.711999999999999,87130029b5443647ed1f1febd32ab768bf957a0a1698217eb3cf14b2d00c6ecf,141,dcc303197797104aefe0a709d42b936baaf149f0e68ead28ab5a3be3f70ff43e,444dc46b5124ecdd3f8dc2eadb65f804d675ccdf75ef0064b6648c316de9ac2b
s13,s1304a,O0_4_sw4,55,4,0.07272727272727272,1,0,0,0.01818181818181818,0.0,0.0,56,4,0.07142857142857142,1,0,0,0.017857142857142856,0.0,0.0,181.15421500000005,122.21869300000003,0.6746665706895089,131.93599999999998,28,4.711999999999999,87130029b5443647ed1f1febd32ab768bf957a0a1698217eb3cf14b2d00c6ecf,141,dcc303197797104aefe0a709d42b936baaf149f0e68ead28ab5a3be3f70ff43e,444dc46b5124ecdd3f8dc2eadb65f804d675ccdf75ef0064b6648c316de9ac2b
s13,s1304a,O0_4_keep90,54,4,0.07407407407407407,1,0,0,0.018518518518518517,0.0,0.0,54,4,0.07407407407407407,1,0,0,0.018518518518518517,0.0,0.0,181.15421500000005,122.21869300000003,0.6746665706895089,131.93599999999998,27,4.886518518518518,87130029b5443647ed1f1febd32ab768bf957a0a1698217eb3cf14b2d00c6ecf,141,3eed8bf499661a020ca38176148e6e903a14b5add2940da1fc08f32b54deec62,8da44603e2d53ef56cba1d4d99dc84d5011cecce78dbd57d0dd517102629a920
s13,s1304a,O0_4_keep80,54,4,0.07407407407407407,1,0,0,0.018518518518518517,0.0,0.0,54,4,0.07407407407407407,1,0,0,0.018518518518518517,0.0,0.0,181.15421500000005,122.21869300000003,0.6746665706895089,131.93599999999998,27,4.886518518518518,87130029b5443647ed1f1febd32ab768bf957a0a1698217eb3cf14b2d00c6ecf,141,3eed8bf499661a020ca38176148e6e903a14b5add2940da1fc08f32b54deec62,8da44603e2d53ef56cba1d4d99dc84d5011cecce78dbd57d0dd517102629a920
s13,s1304a,O0_4_keep70,54,4,0.07407407407407407,1,0,0,0.018518518518518517,0.0,0.0,54,4,0.07407407407407407,1,0,0,0.018518518518518517,0.0,0.0,181.15421500000005,122.21869300000003,0.6746665706895089,131.93599999999998,27,4.886518518518518,87130029b5443647ed1f1febd32ab768bf957a0a1698217eb3cf14b2d00c6ecf,140,3eed8bf499661a020ca38176148e6e903a14b5add2940da1fc08f32b54deec62,8da44603e2d53ef56cba1d4d99dc84d5011cecce78dbd57d0dd517102629a920
s13,s1304a,O0_4_keep60,46,3,0.06521739130434782,1,0,0,0.021739130434782608,0.0,0.0,46,3,0.06521739130434782,1,0,0,0.021739130434782608,0.0,0.0,181.15421500000005,108.59750200000008,0.5994754358875947,115.19599999999998,23,5.008521739130434,87130029b5443647ed1f1febd32ab768bf957a0a1698217eb3cf14b2d00c6ecf,129,f9c272290c3e24016091f0080191f1ce5bc1bf831c7fffffef68f260e3c0a6d8,42d725c79d4fc0e35f5d3edb091b027749d3296b5fdcc4f958157b92d3eadccc
s13,s1304a,O0_4_keep50,12,0,0.0,0,0,0,0.0,0.0,0.0,12,0,0.0,0,0,0,0.0,0.0,0.0,181.15421500000005,35.645390000000035,0.19676820658023345,38.51600000000001,6,6.419333333333335,87130029b5443647ed1f1febd32ab768bf957a0a1698217eb3cf14b2d00c6ecf,79,d69a158dd4813aaf8e3e86893fea0cc6fa38a1094946269d792d42a95ebed8c1,9031ae333eaa7c662bcddbacc90613c9251486bd43c6bf9d524627688ad925e0
s13,s1304a,O0_4_MARGIN_all_s0p5,54,4,0.07407407407407407,1,0,0,0.018518518518518517,0.0,0.0,54,4,0.07407407407407407,1,0,0,0.018518518518518517,0.0,0.0,181.15421500000005,122.21869300000003,0.6746665706895089,131.93599999999998,27,4.886518518518518,87130029b5443647ed1f1febd32ab768bf957a0a1698217eb3cf14b2d00c6ecf,141,3eed8bf499661a020ca38176148e6e903a14b5add2940da1fc08f32b54deec62,8da44603e2d53ef56cba1d4d99dc84d5011cecce78dbd57d0dd517102629a920
s13,s1304a,O0_4_MARGIN_all_s1,54,4,0.07407407407407407,1,0,0,0.018518518518518517,0.0,0.0,54,4,0.07407407407407407,1,0,0,0.018518518518518517,0.0,0.0,181.15421500000005,122.21869300000003,0.6746665706895089,131.93599999999998,27,4.886518518518518,87130029b5443647ed1f1febd32ab768bf957a0a1698217eb3cf14b2d00c6ecf,141,3eed8bf499661a020ca38176148e6e903a14b5add2940da1fc08f32b54deec62,8da44603e2d53ef56cba1d4d99dc84d5011cecce78dbd57d0dd517102629a920
s13,s1304a,O0_4_MARGIN_all_s2,54,4,0.07407407407407407,1,0,0,0.018518518518518517,0.0,0.0,54,4,0.07407407407407407,1,0,0,0.018518518518518517,0.0,0.0,181.15421500000005,122.21869300000003,0.6746665706895089,131.93599999999998,27,4.886518518518518,87130029b5443647ed1f1febd32ab768bf957a0a1698217eb3cf14b2d00c6ecf,141,3eed8bf499661a020ca38176148e6e903a14b5add2940da1fc08f32b54deec62,8da44603e2d53ef56cba1d4d99dc84d5011cecce78dbd57d0dd517102629a920
s13,s1304a,O0_4_MARGIN_all_s4,54,4,0.07407407407407407,1,0,0,0.018518518518518517,0.0,0.0,54,4,0.07407407407407407,1,0,0,0.018518518518518517,0.0,0.0,181.15421500000005,120.36352800000003,0.6644257656384093,129.83999999999997,27,4.808888888888888,87130029b5443647ed1f1febd32ab768bf957a0a1698217eb3cf14b2d00c6ecf,141,bbcdb0109732cd888a6842c5e8bf6169ad48bd6ddbdd29ed3b34c66b5afce7fe,8632e18622a898e56225041a64e5ae52b7d3cd4d869c46f515104554b6221ec9
s14,s1401a,O0_4,78,4,0.05128205128205128,2,0,0,0.02564102564102564,0.0,0.0,88,5,0.056818181818181816,2,0,0,0.022727272727272728,0.0,0.0,339.05232500000045,246.4105310000004,0.7267625461645192,266.57200000000006,44,6.058454545454547,87130029b5443647ed1f1febd32ab768bf957a0a1698217eb3cf14b2d00c6ecf,189,84416599ce93776436ed5ce205f178076f2c58970e71507f2efd7ef81f218f9b,07efca6aa625d8120eeebe7794021592d9943048be6d0e2260c8b482ad3d76f5
s14,s1401a,O0_4_sw0p25,78,4,0.05128205128205128,2,0,0,0.02564102564102564,0.0,0.0,88,5,0.056818181818181816,2,0,0,0.022727272727272728,0.0,0.0,339.05232500000045,246.4105310000004,0.7267625461645192,266.57200000000006,44,6.058454545454547,87130029b5443647ed1f1febd32ab768bf957a0a1698217eb3cf14b2d00c6ecf,189,84416599ce93776436ed5ce205f178076f2c58970e71507f2efd7ef81f218f9b,07efca6aa625d8120eeebe7794021592d9943048be6d0e2260c8b482ad3d76f5
s14,s1401a,O0_4_sw0p5,78,4,0.05128205128205128,2,0,0,0.02564102564102564,0.0,0.0,88,5,0.056818181818181816,2,0,0,0.022727272727272728,0.0,0.0,339.05232500000045,246.4105310000004,0.7267625461645192,266.57200000000006,44,6.058454545454547,87130029b5443647ed1f1febd32ab768bf957a0a1698217eb3cf14b2d00c6ecf,189,84416599ce93776436ed5ce205f178076f2c58970e71507f2efd7ef81f218f9b,07efca6aa625d8120eeebe7794021592d9943048be6d0e2260c8b482ad3d76f5
s14,s1401a,O0_4_sw1,79,4,0.05063291139240506,2,0,0,0.02531645569620253,0.0,0.0,90,5,0.05555555555555555,2,0,0,0.022222222222222223,0.0,0.0,339.05232500000045,246.4105310000004,0.7267625461645192,266.8960000000001,45,5.931022222222224,87130029b5443647ed1f1febd32ab768bf957a0a1698217eb3cf14b2d00c6ecf,189,ed359a87ab0d02143093a5e0c999855a1fe8077e8408dfc4cca64dd13b3404c8,9ef22b8d5454ec8262db4b3734d4ca4696bb89b10512121215376bae6098f066
s14,s1401a,O0_4_sw2,79,4,0.05063291139240506,2,0,0,0.02531645569620253,0.0,0.0,90,5,0.05555555555555555,2,0,0,0.022222222222222223,0.0,0.0,339.05232500000045,246.4105310000004,0.7267625461645192,266.57200000000006,45,5.923822222222223,87130029b5443647ed1f1febd32ab768bf957a0a1698217eb3cf14b2d00c6ecf,189,271343e8bb4badfd8c1688f27f87cc929dbf6d27c101fc4e1489ca9a30026326,f58978025fc89a4c08f5d3dbb4dc6003a9265f30084d1bb545992ebdfacdf8b5
s14,s1401a,O0_4_sw4,81,6,0.07407407407407407,3,1,0,0.037037037037037035,0.012345679012345678,0.0,94,9,0.09574468085106383,4,2,0,0.0425531914893617,0.02127659574468085,0.0,339.05232500000045,246.4105310000004,0.7267625461645192,266.57200000000006,47,5.671744680851065,87130029b5443647ed1f1febd32ab768bf957a0a1698217eb3cf14b2d00c6ecf,189,fe45b0184b2f301ff9683c2cf3433d163167df2378f63890e15d49b58cb3ba5c,f364b49921fae1a4d85eb6bd844b555f1746895568daea4afb28f052e8003f98
s14,s1401a,O0_4_keep90,78,4,0.05128205128205128,2,0,0,0.02564102564102564,0.0,0.0,88,5,0.056818181818181816,2,0,0,0.022727272727272728,0.0,0.0,339.05232500000045,246.4105310000004,0.7267625461645192,266.57200000000006,44,6.058454545454547,87130029b5443647ed1f1febd32ab768bf957a0a1698217eb3cf14b2d00c6ecf,189,84416599ce93776436ed5ce205f178076f2c58970e71507f2efd7ef81f218f9b,07efca6aa625d8120eeebe7794021592d9943048be6d0e2260c8b482ad3d76f5
s14,s1401a,O0_4_keep80,76,4,0.05263157894736842,2,0,0,0.02631578947368421,0.0,0.0,86,5,0.05813953488372093,2,0,0,0.023255813953488372,0.0,0.0,339.05232500000045,248.91029100000037,0.7341353314713298,269.968,43,6.278325581395349,87130029b5443647ed1f1febd32ab768bf957a0a1698217eb3cf14b2d00c6ecf,184,034f3a6c0bbbd025fd19ca7a0b25896c0df6cf0a349f9a799439e0be0d16adf2,6950ff7fecb93cb65cfedda86bd8a6f8f19717b03f8ce243c43ce45dbea2f663
s14,s1401a,O0_4_keep70,76,4,0.05263157894736842,2,0,0,0.02631578947368421,0.0,0.0,86,5,0.05813953488372093,2,0,0,0.023255813953488372,0.0,0.0,339.05232500000045,248.91029100000037,0.7341353314713298,269.968,43,6.278325581395349,87130029b5443647ed1f1febd32ab768bf957a0a1698217eb3cf14b2d00c6ecf,180,034f3a6c0bbbd025fd19ca7a0b25896c0df6cf0a349f9a799439e0be0d16adf2,6950ff7fecb93cb65cfedda86bd8a6f8f19717b03f8ce243c43ce45dbea2f663
s14,s1401a,O0_4_keep60,65,5,0.07692307692307693,3,1,0,0.046153846153846156,0.015384615384615385,0.0,72,7,0.09722222222222222,4,2,0,0.05555555555555555,0.027777777777777776,0.0,339.05232500000045,213.2639370000002,0.6290000724814375,231.63199999999998,36,6.434222222222221,87130029b5443647ed1f1febd32ab768bf957a0a1698217eb3cf14b2d00c6ecf,165,9b0674a5494f74799dc500c3ee9a6575e87cc7d186e0e7abb599ced7daf85db0,8589a544986ae8f416fe316a84505db441a21d62a288aa35349843d1d75c3a35
s14,s1401a,O0_4_keep50,26,2,0.07692307692307693,1,1,0,0.038461538461538464,0.038461538461538464,0.0,28,4,0.14285714285714285,2,2,0,0.07142857142857142,0.07142857142857142,0.0,339.05232500000045,85.47861100000017,0.25211038148757736,94.84000000000013,14,6.774285714285724,87130029b5443647ed1f1febd32ab768bf957a0a1698217eb3cf14b2d00c6ecf,110,8e16e4f7f65ad41bb17430ef837aeb4c3802b957041319d6bab835d994e1ca90,28377084ce8b241267f18372d65cbdb0ba597d76f8b399482b16bae01d31fa48
s14,s1401a,O0_4_MARGIN_all_s0p5,78,4,0.05128205128205128,2,0,0,0.02564102564102564,0.0,0.0,88,5,0.056818181818181816,2,0,0,0.022727272727272728,0.0,0.0,339.05232500000045,246.4105310000004,0.7267625461645192,266.57200000000006,44,6.058454545454547,87130029b5443647ed1f1febd32ab768bf957a0a1698217eb3cf14b2d00c6ecf,189,84416599ce93776436ed5ce205f178076f2c58970e71507f2efd7ef81f218f9b,07efca6aa625d8120eeebe7794021592d9943048be6d0e2260c8b482ad3d76f5
s14,s1401a,O0_4_MARGIN_all_s1,78,4,0.05128205128205128,2,0,0,0.02564102564102564,0.0,0.0,88,5,0.056818181818181816,2,0,0,0.022727272727272728,0.0,0.0,339.05232500000045,246.4105310000004,0.7267625461645192,266.38400000000007,44,6.05418181818182,87130029b5443647ed1f1febd32ab768bf957a0a1698217eb3cf14b2d00c6ecf,189,2082ef04ba99ac678c754bff4b61584745d369079a07d52b2f0d923e49b184fb,c7195b2334bbde9190b978d8c0592f8236bf926db8f9f3250213a19f51b2d682
s14,s1401a,O0_4_MARGIN_all_s2,78,4,0.05128205128205128,2,0,0,0.02564102564102564,0.0,0.0,88,5,0.056818181818181816,2,0,0,0.022727272727272728,0.0,0.0,339.05232500000045,246.4105310000004,0.7267625461645192,266.38400000000007,44,6.05418181818182,87130029b5443647ed1f1febd32ab768bf957a0a1698217eb3cf14b2d00c6ecf,189,2082ef04ba99ac678c754bff4b61584745d369079a07d52b2f0d923e49b184fb,c7195b2334bbde9190b978d8c0592f8236bf926db8f9f3250213a19f51b2d682
s14,s1401a,O0_4_MARGIN_all_s4,78,4,0.05128205128205128,2,0,0,0.02564102564102564,0.0,0.0,88,5,0.056818181818181816,2,0,0,0.022727272727272728,0.0,0.0,339.05232500000045,245.61394800000033,0.7244131064430837,265.3240000000001,44,6.030090909090912,87130029b5443647ed1f1febd32ab768bf957a0a1698217eb3cf14b2d00c6ecf,189,7e4a558882525bde40273038d7b457b4ed57a786e926dcf03406d9a4d1e71a0a,581d5b0c27ce4155fcbd0adf195c27c3768d09226b36d01f3c99516fc942360f
s14,s1401b,O0_4,96,6,0.0625,5,3,0,0.052083333333333336,0.03125,0.0,114,10,0.08771929824561403,8,5,0,0.07017543859649122,0.043859649122807015,0.0,475.42898099999957,351.6377789999998,0.7396220951032013,385.2759999999998,57,6.759228070175435,87130029b5443647ed1f1febd32ab768bf957a0a1698217eb3cf14b2d00c6ecf,206,0605d975b0b89f6b33f1fc7ae20ce58d64eaeb78034e594df2767afef84b4d4f,ef16537397f692327b637d23d315e7abea1eb8701caaed8e54d47a8712ccd715
s14,s1401b,O0_4_sw0p25,96,6,0.0625,5,3,0,0.052083333333333336,0.03125,0.0,114,10,0.08771929824561403,8,5,0,0.07017543859649122,0.043859649122807015,0.0,475.42898099999957,351.7537789999998,0.7398660852776244,385.39199999999977,57,6.761263157894732,87130029b5443647ed1f1febd32ab768bf957a0a1698217eb3cf14b2d00c6ecf,206,e8735416cb154a78b9d99128e682e747370b254b72a37185256da1d203a0b819,3152f014275610992691b31ff42872eba0d083c0ca19dcb0cd79741fb3c870cb
s14,s1401b,O0_4_sw0p5,96,6,0.0625,5,3,0,0.052083333333333336,0.03125,0.0,114,10,0.08771929824561403,8,5,0,0.07017543859649122,0.043859649122807015,0.0,475.42898099999957,351.7537789999998,0.7398660852776244,385.39199999999977,57,6.761263157894732,87130029b5443647ed1f1febd32ab768bf957a0a1698217eb3cf14b2d00c6ecf,206,e8735416cb154a78b9d99128e682e747370b254b72a37185256da1d203a0b819,3152f014275610992691b31ff42872eba0d083c0ca19dcb0cd79741fb3c870cb
s14,s1401b,O0_4_sw1,96,6,0.0625,5,3,0,0.052083333333333336,0.03125,0.0,114,10,0.08771929824561403,8,5,0,0.07017543859649122,0.043859649122807015,0.0,475.42898099999957,351.7537789999998,0.7398660852776244,385.39199999999977,57,6.761263157894732,87130029b5443647ed1f1febd32ab768bf957a0a1698217eb3cf14b2d00c6ecf,206,e8735416cb154a78b9d99128e682e747370b254b72a37185256da1d203a0b819,3152f014275610992691b31ff42872eba0d083c0ca19dcb0cd79741fb3c870cb
s14,s1401b,O0_4_sw2,96,6,0.0625,5,3,0,0.052083333333333336,0.03125,0.0,114,10,0.08771929824561403,8,5,0,0.07017543859649122,0.043859649122807015,0.0,475.42898099999957,351.7537789999998,0.7398660852776244,385.39199999999977,57,6.761263157894732,87130029b5443647ed1f1febd32ab768bf957a0a1698217eb3cf14b2d00c6ecf,206,e8735416cb154a78b9d99128e682e747370b254b72a37185256da1d203a0b819,3152f014275610992691b31ff42872eba0d083c0ca19dcb0cd79741fb3c870cb
s14,s1401b,O0_4_sw4,100,6,0.06,5,3,0,0.05,0.03,0.0,120,10,0.08333333333333333,8,5,0,0.06666666666666667,0.041666666666666664,0.0,475.42898099999957,349.3138019999999,0.7347339265378108,382.3679999999998,60,6.372799999999997,87130029b5443647ed1f1febd32ab768bf957a0a1698217eb3cf14b2d00c6ecf,206,13ac623679d4f43474a32a10a38e6fa27cb124a56e95e281296302aee8f8a1f6,b523869e9e7a4f5a3ecffe4c8115dfbd9e4dd00d6973c6bfc2e17fdf918d5fba
s14,s1401b,O0_4_keep90,96,6,0.0625,5,3,0,0.052083333333333336,0.03125,0.0,114,10,0.08771929824561403,8,5,0,0.07017543859649122,0.043859649122807015,0.0,475.42898099999957,351.6377789999998,0.7396220951032013,385.2759999999998,57,6.759228070175435,87130029b5443647ed1f1febd32ab768bf957a0a1698217eb3cf14b2d00c6ecf,206,0605d975b0b89f6b33f1fc7ae20ce58d64eaeb78034e594df2767afef84b4d4f,ef16537397f692327b637d23d315e7abea1eb8701caaed8e54d47a8712ccd715
s14,s1401b,O0_4_keep80,90,5,0.05555555555555555,5,3,0,0.05555555555555555,0.03333333333333333,0.0,106,8,0.07547169811320754,8,5,0,0.07547169811320754,0.04716981132075472,0.0,475.42898099999957,341.7500819999998,0.7188246734163648,373.76799999999974,53,7.052226415094335,87130029b5443647ed1f1febd32ab768bf957a0a1698217eb3cf14b2d00c6ecf,197,9a0da84514dc9af41f8c2ff857e05d66dac9edd289a1d48952ec958d5d65a474,fddb319a566af3b37abdef1c367686da2a9d87bb8833b791a473902e3df926ac
s14,s1401b,O0_4_keep70,85,7,0.08235294117647059,7,5,0,0.08235294117647059,0.058823529411764705,0.0,96,10,0.10416666666666667,10,7,0,0.10416666666666667,0.07291666666666667,0.0,475.42898099999957,336.02959999999996,0.7067924199597758,367.27999999999975,48,7.651666666666661,87130029b5443647ed1f1febd32ab768bf957a0a1698217eb3cf14b2d00c6ecf,185,972b3ee43cff1385464e5e6c33b604bd82d21dc044b901e342584266f672a146,beb159d958ee6fc938de558fded2f17e6db72e60e09cf5021183a582b25391c1
s14,s1401b,O0_4_keep60,76,5,0.06578947368421052,5,3,0,0.06578947368421052,0.039473684210526314,0.0,84,7,0.08333333333333333,7,4,0,0.08333333333333333,0.047619047619047616,0.0,475.42898099999957,314.85370799999976,0.6622518201093847,344.01199999999983,42,8.190761904761901,87130029b5443647ed1f1febd32ab768bf957a0a1698217eb3cf14b2d00c6ecf,166,335dc69c34ab760421829171f49c00492be754a3c055e8c62818a6b56ca29a0e,b22b9a12032db33309dd78f0f2bd80115b4b9b2d32bc522f379f2ff0d896b987
s14,s1401b,O0_4_keep50,46,3,0.06521739130434782,3,2,0,0.06521739130434782,0.043478260869565216,0.0,50,4,0.08,4,3,0,0.08,0.06,0.0,475.42898099999957,196.8145819999998,0.4139726223378881,217.092,25,8.68368,87130029b5443647ed1f1febd32ab768bf957a0a1698217eb3cf14b2d00c6ecf,117,f29b1e3967cdf6966b95c9624bc13a25babfce75738b1a04b9a79973ad506d6a,4e8c0359eaf68a990cb27c9271853653ee61cd6936ac8f66d092aa1031690231
s14,s1401b,O0_4_MARGIN_all_s0p5,96,6,0.0625,5,3,0,0.052083333333333336,0.03125,0.0,114,10,0.08771929824561403,8,5,0,0.07017543859649122,0.043859649122807015,0.0,475.42898099999957,351.1485779999998,0.7385931275401155,384.5559999999998,57,6.7465964912280665,87130029b5443647ed1f1febd32ab768bf957a0a1698217eb3cf14b2d00c6ecf,206,080ca6fdb074d328b4939ff3b053be294bf28e1fefbf2ced19b91792bd876271,6ea018bc97209d239c0ed4a109cb2217e8d7efb0680f91b2b1d37f809027b0cd
s14,s1401b,O0_4_MARGIN_all_s1,96,6,0.0625,5,3,0,0.052083333333333336,0.03125,0.0,114,10,0.08771929824561403,8,5,0,0.07017543859649122,0.043859649122807015,0.0,475.42898099999957,350.3394549999998,0.736891247696152,383.5199999999998,57,6.7284210526315755,87130029b5443647ed1f1febd32ab768bf957a0a1698217eb3cf14b2d00c6ecf,206,6a4de00ad00b2748e5b9e96b5a40edfb85355926521e5e5b4d325222d90a4f56,57b8d631f3274e02564797d91553f1fdea0677264d91d05495c4119316290de1
s14,s1401b,O0_4_MARGIN_all_s2,97,6,0.061855670103092786,5,3,0,0.05154639175257732,0.030927835051546393,0.0,114,10,0.08771929824561403,8,5,0,0.07017543859649122,0.043859649122807015,0.0,475.42898099999957,344.5493979999999,0.7247126527189982,376.59999999999985,57,6.607017543859646,87130029b5443647ed1f1febd32ab768bf957a0a1698217eb3cf14b2d00c6ecf,206,6faf0e43c78a54bbec836ccdef8b381f70e5842e677f344792b1426c7388403b,174af590190e5944797c5691b1816a057121f602833b3c7421654336e0883259
s14,s1401b,O0_4_MARGIN_all_s4,96,6,0.0625,5,3,0,0.052083333333333336,0.03125,0.0,114,10,0.08771929824561403,8,5,0,0.07017543859649122,0.043859649122807015,0.0,475.42898099999957,345.8460759999999,0.7274400379896072,377.99999999999983,57,6.631578947368418,87130029b5443647ed1f1febd32ab768bf957a0a1698217eb3cf14b2d00c6ecf,206,c11267009a50598d4f3439f57a375be4bf2d3f8300720b20bd867d2e7a1acf1e,5069902cb8bbd6ea5bd69395020b979dc77ef35ac0b0760236e0647f1c9154c8
s14,s1402a,O0_4,92,12,0.13043478260869565,6,1,0,0.06521739130434782,0.010869565217391304,0.0,98,12,0.12244897959183673,6,1,0,0.061224489795918366,0.01020408163265306,0.0,382.0668270000001,274.5889930000001,0.7186936252908447,298.62800000000016,49,6.0944489795918395,87130029b5443647ed1f1febd32ab768bf957a0a1698217eb3cf14b2d00c6ecf,194,17f85ce009fa8004d0f76132c4fffe093bd5edd972cdc0b8159cfecbd5d54cb1,c35471f6fa61d5bb1e3e6e047e2ef7d70176fee6001a0e80d9a2d0a2fa56919f
s14,s1402a,O0_4_sw0p25,93,13,0.13978494623655913,6,1,0,0.06451612903225806,0.010752688172043012,0.0,100,13,0.13,6,1,0,0.06,0.01,0.0,382.0668270000001,277.09467500000005,0.7252518549588708,301.4920000000002,50,6.029840000000004,87130029b5443647ed1f1febd32ab768bf957a0a1698217eb3cf14b2d00c6ecf,194,0b24203d48a38832e9d50732d64dcdc37335300a86bcef9530bf8ca455393d45,a951142fd9abdc33ab581008fb3ac7abb2ea432b70e201250edff592a1451938
s14,s1402a,O0_4_sw0p5,93,13,0.13978494623655913,6,1,0,0.06451612903225806,0.010752688172043012,0.0,100,13,0.13,6,1,0,0.06,0.01,0.0,382.0668270000001,277.09467500000005,0.7252518549588708,301.4920000000002,50,6.029840000000004,87130029b5443647ed1f1febd32ab768bf957a0a1698217eb3cf14b2d00c6ecf,194,0b24203d48a38832e9d50732d64dcdc37335300a86bcef9530bf8ca455393d45,a951142fd9abdc33ab581008fb3ac7abb2ea432b70e201250edff592a1451938
s14,s1402a,O0_4_sw1,94,14,0.14893617021276595,6,1,0,0.06382978723404255,0.010638297872340425,0.0,102,15,0.14705882352941177,6,1,0,0.058823529411764705,0.00980392156862745,0.0,382.0668270000001,278.7712410000001,0.7296400035274457,303.3880000000002,51,5.948784313725494,87130029b5443647ed1f1febd32ab768bf957a0a1698217eb3cf14b2d00c6ecf,194,4740afaad9c8c61e35f27d71d84eb75469a555518938fd4004ea68239ca21309,45d38d8d44feba96d52ad65a74e3e57c84800eeddf6c611d9110953b377b218f
s14,s1402a,O0_4_sw2,95,14,0.14736842105263157,6,1,0,0.06315789473684211,0.010526315789473684,0.0,106,15,0.14150943396226415,6,1,0,0.05660377358490566,0.009433962264150943,0.0,382.0668270000001,280.6787410000001,0.7346325856235617,305.5080000000002,53,5.764301886792457,87130029b5443647ed1f1febd32ab768bf957a0a1698217eb3cf14b2d00c6ecf,194,ab992c9a7388431f91a2769a4aeb3db01434f87a6fbc929271231e2fdf8eee81,ef862e252374fdd57f5c50069e4477f449a5f55fb92f3557338be3addc258719
s14,s1402a,O0_4_sw4,97,14,0.14432989690721648,6,1,0,0.061855670103092786,0.010309278350515464,0.0,110,15,0.13636363636363635,6,1,0,0.05454545454545454,0.00909090909090909,0.0,382.0668270000001,280.6787410000001,0.7346325856235617,305.5080000000002,55,5.554690909090913,87130029b5443647ed1f1febd32ab768bf957a0a1698217eb3cf14b2d00c6ecf,194,ef39bd743517dacb4258d0d01175efc5f7a34c4e2495825c5b2351afa8a48bbb,5db448ffb024ced21652f6c0c70a5ad26f5c442dc1712407c170a18afb2cbac3
s14,s1402a,O0_4_keep90,92,12,0.13043478260869565,6,1,0,0.06521739130434782,0.010869565217391304,0.0,98,12,0.12244897959183673,6,1,0,0.061224489795918366,0.01020408163265306,0.0,382.0668270000001,274.5889930000001,0.7186936252908447,298.62800000000016,49,6.0944489795918395,87130029b5443647ed1f1febd32ab768bf957a0a1698217eb3cf14b2d00c6ecf,194,17f85ce009fa8004d0f76132c4fffe093bd5edd972cdc0b8159cfecbd5d54cb1,c35471f6fa61d5bb1e3e6e047e2ef7d70176fee6001a0e80d9a2d0a2fa56919f
s14,s1402a,O0_4_keep80,91,14,0.15384615384615385,7,2,0,0.07692307692307693,0.02197802197802198,0.0,98,14,0.14285714285714285,7,2,0,0.07142857142857142,0.02040816326530612,0.0,382.0668270000001,273.1444900000001,0.7149128652302493,297.41200000000015,49,6.069632653061228,87130029b5443647ed1f1febd32ab768bf957a0a1698217eb3cf14b2d00c6ecf,187,a4feba273ab518fa24bdbf955d29ae95be2b34c84e23b25f71d825ebc9e57266,f827cb7306490bbf63d3ff0112f65b4a877665d5786776393f446faabf0fb356
s14,s1402a,O0_4_keep70,90,14,0.15555555555555556,7,2,0,0.07777777777777778,0.022222222222222223,0.0,96,14,0.14583333333333334,7,2,0,0.07291666666666667,0.020833333333333332,0.0,382.0668270000001,270.2879410000001,0.7074362962163162,294.3840000000001,48,6.133000000000003,87130029b5443647ed1f1febd32ab768bf957a0a1698217eb3cf14b2d00c6ecf,184,fe4b551a738c8fb87fe937519d9c77d5f2787031b19a5c35764d68a4beec132a,586841c962d7f80f6e440f5bd330bdf9f02ee03fbf2563dc35aa053ff5904794
s14,s1402a,O0_4_keep60,72,11,0.1527777777777778,4,2,0,0.05555555555555555,0.027777777777777776,0.0,74,11,0.14864864864864866,4,2,0,0.05405405405405406,0.02702702702702703,0.0,382.0668270000001,207.72748899999996,0.5436941244836205,226.1440000000001,37,6.112000000000003,87130029b5443647ed1f1febd32ab768bf957a0a1698217eb3cf14b2d00c6ecf,160,d9ea1a59ae10974e0fa5e1ef9e3cc0856eb625842559ecac6e0cfdd7171964de,e21b4bf20a9aaf15e105a5c5f28f30e02c59a22c2c00d4983cda412d57585995
s14,s1402a,O0_4_keep50,35,6,0.17142857142857143,2,2,0,0.05714285714285714,0.05714285714285714,0.0,36,6,0.16666666666666666,2,2,0,0.05555555555555555,0.05555555555555555,0.0,382.0668270000001,120.8021979999999,0.3161808078145446,133.01199999999997,18,7.389555555555554,87130029b5443647ed1f1febd32ab768bf957a0a1698217eb3cf14b2d00c6ecf,110,6157edd456f64d193ecfbb2bb7739057d0687aaddc9558ef029b9cc8d556fabf,da6f53b1db18d15716e13e32e8d38c0175d8e32f99cac381aa3359eed742224f
s14,s1402a,O0_4_MARGIN_all_s0p5,92,12,0.13043478260869565,6,1,0,0.06521739130434782,0.010869565217391304,0.0,98,12,0.12244897959183673,6,1,0,0.061224489795918366,0.01020408163265306,0.0,382.0668270000001,274.5889930000001,0.7186936252908447,298.62800000000016,49,6.0944489795918395,87130029b5443647ed1f1febd32ab768bf957a0a1698217eb3cf14b2d00c6ecf,194,17f85ce009fa8004d0f76132c4fffe093bd5edd972cdc0b8159cfecbd5d54cb1,c35471f6fa61d5bb1e3e6e047e2ef7d70176fee6001a0e80d9a2d0a2fa56919f
s14,s1402a,O0_4_MARGIN_all_s1,92,11,0.11956521739130435,5,1,0,0.05434782608695652,0.010869565217391304,0.0,98,11,0.11224489795918367,5,1,0,0.05102040816326531,0.01020408163265306,0.0,382.0668270000001,275.1317110000001,0.7201141045411934,299.4280000000001,49,6.110775510204084,87130029b5443647ed1f1febd32ab768bf957a0a1698217eb3cf14b2d00c6ecf,194,78239dc46c55d73b5f5cdc9aea25243b6e3897ac680a9debb3e8f719cfc461a9,9803b668a6202123293c4597cf9b0421176129e326cde210bacf33b31b5968f7
s14,s1402a,O0_4_MARGIN_all_s2,92,10,0.10869565217391304,5,1,0,0.05434782608695652,0.010869565217391304,0.0,98,10,0.10204081632653061,5,1,0,0.05102040816326531,0.01020408163265306,0.0,382.0668270000001,273.0987730000001,0.7147932081525623,297.05200000000013,49,6.062285714285717,87130029b5443647ed1f1febd32ab768bf957a0a1698217eb3cf14b2d00c6ecf,194,bb4ee7e1d3cfeabfa8bd9d2670986083b3c3bd08221c0d1cbae10f6354125ce3,9a75559c21feb5fed625f360d60903d3a2d7ceed234ca0504243a6d72f71a95c
s14,s1402a,O0_4_MARGIN_all_s4,93,10,0.10752688172043011,5,1,0,0.053763440860215055,0.010752688172043012,0.0,102,10,0.09803921568627451,5,1,0,0.049019607843137254,0.00980392156862745,0.0,382.0668270000001,272.34516300000007,0.712820752166479,296.2280000000001,51,5.808392156862747,87130029b5443647ed1f1febd32ab768bf957a0a1698217eb3cf14b2d00c6ecf,194,eb1311a2d813c4f6b115667bfcb63531d3a7c1179461c550ce5aa37c4949ce79,b422a77c84dc967401b23dcb7240cb282f070e6c2f1040c364f0c023d8473fab
s14,s1402b,O0_4,84,4,0.047619047619047616,1,0,0,0.011904761904761904,0.0,0.0,98,5,0.05102040816326531,2,0,0,0.02040816326530612,0.0,0.0,363.4329330000003,277.92022500000013,0.764708422832996,302.236,49,6.168081632653061,87130029b5443647ed1f1febd32ab768bf957a0a1698217eb3cf14b2d00c6ecf,179,c0fb0e9160f738070ebc92c52de9e2f361ef0677a139aa1424492a7f4e677b3c,a7faf901b7a9f68fd56d3f8191f2fb64ea43f5596068d971644c783657ff5c79
s14,s1402b,O0_4_sw0p25,84,4,0.047619047619047616,1,0,0,0.011904761904761904,0.0,0.0,98,5,0.05102040816326531,2,0,0,0.02040816326530612,0.0,0.0,363.4329330000003,277.92022500000013,0.764708422832996,302.236,49,6.168081632653061,87130029b5443647ed1f1febd32ab768bf957a0a1698217eb3cf14b2d00c6ecf,179,fd014f6ad588c6fd814ff8d009a0e8415883de3991ffae95b09e085ca1b64d7d,80942d04fee808cc1b59a82548cb243a472b4950e06466477509235f179c8956
s14,s1402b,O0_4_sw0p5,84,4,0.047619047619047616,1,0,0,0.011904761904761904,0.0,0.0,98,5,0.05102040816326531,2,0,0,0.02040816326530612,0.0,0.0,363.4329330000003,277.92022500000013,0.764708422832996,302.236,49,6.168081632653061,87130029b5443647ed1f1febd32ab768bf957a0a1698217eb3cf14b2d00c6ecf,179,5ab92796c2a7487a8b5069176c2d40e582748164d8fce87950df603af3cb057d,e198ae4c4bfef43026bc8c3222938bdc36204015e683b22d4f775b7b60038468
s14,s1402b,O0_4_sw1,84,5,0.05952380952380952,2,0,0,0.023809523809523808,0.0,0.0,98,7,0.07142857142857142,4,0,0,0.04081632653061224,0.0,0.0,363.4329330000003,277.92022500000013,0.764708422832996,302.236,49,6.168081632653061,87130029b5443647ed1f1febd32ab768bf957a0a1698217eb3cf14b2d00c6ecf,179,433f2b375999c0d6d80a0416b7363d5e2a326ff134a1b4e828a5b0ca0c8a304e,c432225023b52d5873ce991f1766b8984cad2473a914acdbd8518422c3f4a7bc
s14,s1402b,O0_4_sw2,85,5,0.058823529411764705,2,0,0,0.023529411764705882,0.0,0.0,100,7,0.07,4,0,0,0.04,0.0,0.0,363.4329330000003,277.5760350000001,0.7637613705194952,301.788,50,6.03576,87130029b5443647ed1f1febd32ab768bf957a0a1698217eb3cf14b2d00c6ecf,179,818c39dae6d4770d3bc7d7ecfe69042436c5ea4f4bcb82a54c55315aee1174c3,a76a532c0b55fc61c51921bc8d435bf5519fdac4d70d0a98b88c882372c4fc55
s14,s1402b,O0_4_sw4,88,5,0.056818181818181816,1,0,0,0.011363636363636364,0.0,0.0,106,7,0.0660377358490566,2,0,0,0.018867924528301886,0.0,0.0,363.4329330000003,278.68828300000007,0.7668217646087672,303.22400000000005,53,5.721207547169812,87130029b5443647ed1f1febd32ab768bf957a0a1698217eb3cf14b2d00c6ecf,179,ee67871ac4220fff23f50378dba9ced0188d6f591846e6c5c8954525e110a81a,c86ac7e9335b4388bc796847a61128e5b39cb013c771e5df4edb665d0acc2f17
s14,s1402b,O0_4_keep90,84,4,0.047619047619047616,1,0,0,0.011904761904761904,0.0,0.0,98,5,0.05102040816326531,2,0,0,0.02040816326530612,0.0,0.0,363.4329330000003,277.92022500000013,0.764708422832996,302.236,49,6.168081632653061,87130029b5443647ed1f1febd32ab768bf957a0a1698217eb3cf14b2d00c6ecf,177,9bf6974c1cee61920ddcb3da3bbfa24e428b8054014ebbab2d08fb1731bf6f32,f6b69ab2edbd0ea278e92f64415e5d55bee58f028402ca1b319ab8d9673d8da6
s14,s1402b,O0_4_keep80,83,4,0.04819277108433735,1,0,0,0.012048192771084338,0.0,0.0,96,5,0.052083333333333336,2,0,0,0.020833333333333332,0.0,0.0,363.4329330000003,271.2844220000002,0.7464497500560853,295.28,48,6.151666666666666,87130029b5443647ed1f1febd32ab768bf957a0a1698217eb3cf14b2d00c6ecf,171,c58597e43599da08a8b12989abd15d13049a249ae634d1acdf19edfbdad84ac4,c0df51a490ea7124d107b93838355b05f57449c26575c08fc1f32b33e8eeb04b
s14,s1402b,O0_4_keep70,80,2,0.025,0,0,0,0.0,0.0,0.0,90,2,0.022222222222222223,0,0,0,0.0,0.0,0.0,363.4329330000003,267.67359800000014,0.7365144258954648,291.092,45,6.46871111111111,87130029b5443647ed1f1febd32ab768bf957a0a1698217eb3cf14b2d00c6ecf,165,280bc4d5e67ecbcdf603a748b1e3706474bdab151d0e36807da2a049aefc11b2,69a0dfa1024dc1bab54087b55dbb2d4ca282e35df0610caca3e5225db7ddfee8
s14,s1402b,O0_4_keep60,69,3,0.043478260869565216,0,0,0,0.0,0.0,0.0,76,3,0.039473684210526314,0,0,0,0.0,0.0,0.0,363.4329330000003,241.16220300000015,0.6635672805138987,261.996,38,6.894631578947368,87130029b5443647ed1f1febd32ab768bf957a0a1698217eb3cf14b2d00c6ecf,150,42b46d1de97e8215634333f3c5d3ffc5ced4e8634b486c96bca827ba270b9d28,692637b0f8dbc3ea4d792e9efb5bedf4279194674ea53fc7ca03a1f6cd62bfbe
s14,s1402b,O0_4_keep50,32,1,0.03125,0,0,0,0.0,0.0,0.0,36,1,0.027777777777777776,0,0,0,0.0,0.0,0.0,363.4329330000003,121.92042000000012,0.33546882775205195,135.16000000000003,18,7.50888888888889,87130029b5443647ed1f1febd32ab768bf957a0a1698217eb3cf14b2d00c6ecf,103,85985655b9a34280e70ef10db5a4f5e80956705ebc04211eeb8e17336accce20,17673784c9bcb8d0e62dd03af2cbcef100e9a2edbd425f745808b98b5d15fe13
s14,s1402b,O0_4_MARGIN_all_s0p5,84,4,0.047619047619047616,1,0,0,0.011904761904761904,0.0,0.0,98,5,0.05102040816326531,2,0,0,0.02040816326530612,0.0,0.0,363.4329330000003,277.92022500000013,0.764708422832996,302.236,49,6.168081632653061,87130029b5443647ed1f1febd32ab768bf957a0a1698217eb3cf14b2d00c6ecf,179,fd014f6ad588c6fd814ff8d009a0e8415883de3991ffae95b09e085ca1b64d7d,80942d04fee808cc1b59a82548cb243a472b4950e06466477509235f179c8956
s14,s1402b,O0_4_MARGIN_all_s1,84,4,0.047619047619047616,1,0,0,0.011904761904761904,0.0,0.0,98,5,0.05102040816326531,2,0,0,0.02040816326530612,0.0,0.0,363.4329330000003,277.1902250000001,0.7626997991401068,301.09200000000004,49,6.144734693877552,87130029b5443647ed1f1febd32ab768bf957a0a1698217eb3cf14b2d00c6ecf,179,df0d154bc35a3c669b3dbf584e65f7a37f442ca567109839acaf4e3fc8035953,ee1a674a9c2495826979a7d32d5c4342059161f2317d96fd471a148d58226009
s14,s1402b,O0_4_MARGIN_all_s2,84,4,0.047619047619047616,1,0,0,0.011904761904761904,0.0,0.0,98,5,0.05102040816326531,2,0,0,0.02040816326530612,0.0,0.0,363.4329330000003,277.1902250000001,0.7626997991401068,301.09200000000004,49,6.144734693877552,87130029b5443647ed1f1febd32ab768bf957a0a1698217eb3cf14b2d00c6ecf,179,df0d154bc35a3c669b3dbf584e65f7a37f442ca567109839acaf4e3fc8035953,ee1a674a9c2495826979a7d32d5c4342059161f2317d96fd471a148d58226009
s14,s1402b,O0_4_MARGIN_all_s4,85,4,0.047058823529411764,1,0,0,0.011764705882352941,0.0,0.0,100,5,0.05,2,0,0,0.02,0.0,0.0,363.4329330000003,277.1902250000001,0.7626997991401068,301.09200000000004,50,6.021840000000001,87130029b5443647ed1f1febd32ab768bf957a0a1698217eb3cf14b2d00c6ecf,179,081ed57af0d07bdfee878b6a2de9c0567d07f4a20465cee223eb27b0ffd759f5,a125847bf9eab39f58835e6f799360e84f730586a68c425d9a79189823911a55
s14,s1403a,O0_4,87,2,0.022988505747126436,2,1,0,0.022988505747126436,0.011494252873563218,0.0,96,3,0.03125,3,2,0,0.03125,0.020833333333333332,0.0,331.02790899999997,232.16668700000005,0.7013507945639715,254.32399999999998,48,5.298416666666666,87130029b5443647ed1f1febd32ab768bf957a0a1698217eb3cf14b2d00c6ecf,213,997ad030d4e00f0960729da99a1b5a3ce422e9bef15bf2ef8353cc5bca7b3b1c,5f297562334add4cdcf3d800ebf3f6ce53963c9ee15ecc55eb1892b261e40fd5
s14,s1403a,O0_4_sw0p25,87,2,0.022988505747126436,2,1,0,0.022988505747126436,0.011494252873563218,0.0,96,3,0.03125,3,2,0,0.03125,0.020833333333333332,0.0,331.02790899999997,232.16668700000005,0.7013507945639715,254.32399999999998,48,5.298416666666666,87130029b5443647ed1f1febd32ab768bf957a0a1698217eb3cf14b2d00c6ecf,213,997ad030d4e00f0960729da99a1b5a3ce422e9bef15bf2ef8353cc5bca7b3b1c,5f297562334add4cdcf3d800ebf3f6ce53963c9ee15ecc55eb1892b261e40fd5
s14,s1403a,O0_4_sw0p5,87,2,0.022988505747126436,2,1,0,0.022988505747126436,0.011494252873563218,0.0,96,3,0.03125,3,2,0,0.03125,0.020833333333333332,0.0,331.02790899999997,232.16668700000005,0.7013507945639715,254.32399999999998,48,5.298416666666666,87130029b5443647ed1f1febd32ab768bf957a0a1698217eb3cf14b2d00c6ecf,213,997ad030d4e00f0960729da99a1b5a3ce422e9bef15bf2ef8353cc5bca7b3b1c,5f297562334add4cdcf3d800ebf3f6ce53963c9ee15ecc55eb1892b261e40fd5
s14,s1403a,O0_4_sw1,87,3,0.034482758620689655,3,2,0,0.034482758620689655,0.022988505747126436,0.0,96,5,0.052083333333333336,5,4,0,0.052083333333333336,0.041666666666666664,0.0,331.02790899999997,232.16668700000005,0.7013507945639715,254.32399999999998,48,5.298416666666666,87130029b5443647ed1f1febd32ab768bf957a0a1698217eb3cf14b2d00c6ecf,213,85bd739f6685203916d7c2bcababdaef38f7e39abdcab2116452a6b8cc3f4651,f2fab44e23f57cc3ce3fdd8404eda83e31fc95d70c5c59daa81ba48d787bd9b0
s14,s1403a,O0_4_sw2,88,3,0.03409090909090909,3,2,0,0.03409090909090909,0.022727272727272728,0.0,98,5,0.05102040816326531,5,4,0,0.05102040816326531,0.04081632653061224,0.0,331.02790899999997,232.16668700000005,0.7013507945639715,254.32399999999998,49,5.190285714285714,87130029b5443647ed1f1febd32ab768bf957a0a1698217eb3cf14b2d00c6ecf,213,78f28eb44a72e88f618cb40bf10a6dc591d1d6ab6bcd15e7316daba7834ebb77,06ffce864b6889fc8f7c423a348a15821d7d31e7cf3bf763d91e79fb0fa5f958
s14,s1403a,O0_4_sw4,88,3,0.03409090909090909,3,2,0,0.03409090909090909,0.022727272727272728,0.0,98,5,0.05102040816326531,5,4,0,0.05102040816326531,0.04081632653061224,0.0,331.02790899999997,232.16668700000005,0.7013507945639715,254.32399999999998,49,5.190285714285714,87130029b5443647ed1f1febd32ab768bf957a0a1698217eb3cf14b2d00c6ecf,213,78f28eb44a72e88f618cb40bf10a6dc591d1d6ab6bcd15e7316daba7834ebb77,06ffce864b6889fc8f7c423a348a15821d7d31e7cf3bf763d91e79fb0fa5f958
s14,s1403a,O0_4_keep90,87,2,0.022988505747126436,2,1,0,0.022988505747126436,0.011494252873563218,0.0,96,3,0.03125,3,2,0,0.03125,0.020833333333333332,0.0,331.02790899999997,232.16668700000005,0.7013507945639715,254.32399999999998,48,5.298416666666666,87130029b5443647ed1f1febd32ab768bf957a0a1698217eb3cf14b2d00c6ecf,213,997ad030d4e00f0960729da99a1b5a3ce422e9bef15bf2ef8353cc5bca7b3b1c,5f297562334add4cdcf3d800ebf3f6ce53963c9ee15ecc55eb1892b261e40fd5
s14,s1403a,O0_4_keep80,87,2,0.022988505747126436,2,1,0,0.022988505747126436,0.011494252873563218,0.0,96,3,0.03125,3,2,0,0.03125,0.020833333333333332,0.0,331.02790899999997,232.16668700000005,0.7013507945639715,254.32399999999998,48,5.298416666666666,87130029b5443647ed1f1febd32ab768bf957a0a1698217eb3cf14b2d00c6ecf,211,997ad030d4e00f0960729da99a1b5a3ce422e9bef15bf2ef8353cc5bca7b3b1c,5f297562334add4cdcf3d800ebf3f6ce53963c9ee15ecc55eb1892b261e40fd5
s14,s1403a,O0_4_keep70,83,2,0.024096385542168676,2,1,0,0.024096385542168676,0.012048192771084338,0.0,88,3,0.03409090909090909,3,2,0,0.03409090909090909,0.022727272727272728,0.0,331.02790899999997,204.18714100000003,0.6168275708740922,223.81199999999998,44,5.086636363636363,87130029b5443647ed1f1febd32ab768bf957a0a1698217eb3cf14b2d00c6ecf,206,1b035de0f3a2b9c0b777f5d428499427edaf39fa44ebcf69961e4d91f71f9ce1,33db33b5e31482898a669157d3386d53d813c6cb28da3a39f2891650e7368091
s14,s1403a,O0_4_keep60,72,2,0.027777777777777776,2,1,0,0.027777777777777776,0.013888888888888888,0.0,74,2,0.02702702702702703,2,1,0,0.02702702702702703,0.013513513513513514,0.0,331.02790899999997,172.4997960000001,0.5211034819423643,188.292,37,5.088972972972973,87130029b5443647ed1f1febd32ab768bf957a0a1698217eb3cf14b2d00c6ecf,188,4464ae1d076831a9ac5960364e58dd9761a7ed03d4597679c36738221f67a619,d8751769f317d64b6dd61c00e845df5508842df7fe36ba3df5329fb84bf6c894
s14,s1403a,O0_4_keep50,29,1,0.034482758620689655,1,1,0,0.034482758620689655,0.034482758620689655,0.0,30,1,0.03333333333333333,1,1,0,0.03333333333333333,0.03333333333333333,0.0,331.02790899999997,75.93334299999997,0.229386528856091,83.94000000000001,15,5.596000000000001,87130029b5443647ed1f1febd32ab768bf957a0a1698217eb3cf14b2d00c6ecf,118,64950a3ea3784b8a5afb9146ace948f673351cbbb428d54f342fb109c38bf2f8,8fb4bb3466a258a12d01f25ea48b63cb180a84d5865d8dd803bf0744eb38c0c8
s14,s1403a,O0_4_MARGIN_all_s0p5,87,3,0.034482758620689655,3,2,0,0.034482758620689655,0.022988505747126436,0.0,96,5,0.052083333333333336,5,4,0,0.052083333333333336,0.041666666666666664,0.0,331.02790899999997,230.95065400000001,0.6976772885938147,252.68399999999994,48,5.264249999999999,87130029b5443647ed1f1febd32ab768bf957a0a1698217eb3cf14b2d00c6ecf,213,bdd5935dcf11b91df3ec98fee5e2cc0c342b04037479f41a9d8050447494b712,4b9a370cd9ddbff9a783d06b8a141c7d11601978b4e6a283831eb7e69a555316
s14,s1403a,O0_4_MARGIN_all_s1,87,3,0.034482758620689655,3,2,0,0.034482758620689655,0.022988505747126436,0.0,96,5,0.052083333333333336,5,4,0,0.052083333333333336,0.041666666666666664,0.0,331.02790899999997,230.95065400000001,0.6976772885938147,252.68399999999994,48,5.264249999999999,87130029b5443647ed1f1febd32ab768bf957a0a1698217eb3cf14b2d00c6ecf,213,bdd5935dcf11b91df3ec98fee5e2cc0c342b04037479f41a9d8050447494b712,4b9a370cd9ddbff9a783d06b8a141c7d11601978b4e6a283831eb7e69a555316
s14,s1403a,O0_4_MARGIN_all_s2,87,3,0.034482758620689655,3,2,0,0.034482758620689655,0.022988505747126436,0.0,96,5,0.052083333333333336,5,4,0,0.052083333333333336,0.041666666666666664,0.0,331.02790899999997,230.95065400000001,0.6976772885938147,252.68399999999994,48,5.264249999999999,87130029b5443647ed1f1febd32ab768bf957a0a1698217eb3cf14b2d00c6ecf,213,bdd5935dcf11b91df3ec98fee5e2cc0c342b04037479f41a9d8050447494b712,4b9a370cd9ddbff9a783d06b8a141c7d11601978b4e6a283831eb7e69a555316
s14,s1403a,O0_4_MARGIN_all_s4,87,3,0.034482758620689655,3,2,0,0.034482758620689655,0.022988505747126436,0.0,96,5,0.052083333333333336,5,4,0,0.052083333333333336,0.041666666666666664,0.0,331.02790899999997,230.95065400000001,0.6976772885938147,252.68399999999994,48,5.264249999999999,87130029b5443647ed1f1febd32ab768bf957a0a1698217eb3cf14b2d00c6ecf,213,bdd5935dcf11b91df3ec98fee5e2cc0c342b04037479f41a9d8050447494b712,4b9a370cd9ddbff9a783d06b8a141c7d11601978b4e6a283831eb7e69a555316
s14,s1403b,O0_4,59,7,0.11864406779661017,2,0,0,0.03389830508474576,0.0,0.0,62,7,0.11290322580645161,2,0,0,0.03225806451612903,0.0,0.0,233.89246400000053,171.6457570000003,0.7338661283246813,185.78799999999984,31,5.9931612903225755,87130029b5443647ed1f1febd32ab768bf957a0a1698217eb3cf14b2d00c6ecf,172,9efb7fc9620e8a67b79db7622bde02ad050db381cfcdce88cf607b812ebdd831,6c5dc2550e061578479d811e4c0aac1acf254743f76acfb5e3fdaa312797cdef
s14,s1403b,O0_4_sw0p25,59,7,0.11864406779661017,2,0,0,0.03389830508474576,0.0,0.0,62,7,0.11290322580645161,2,0,0,0.03225806451612903,0.0,0.0,233.89246400000053,171.6457570000003,0.7338661283246813,185.78799999999984,31,5.9931612903225755,87130029b5443647ed1f1febd32ab768bf957a0a1698217eb3cf14b2d00c6ecf,172,9efb7fc9620e8a67b79db7622bde02ad050db381cfcdce88cf607b812ebdd831,6c5dc2550e061578479d811e4c0aac1acf254743f76acfb5e3fdaa312797cdef
s14,s1403b,O0_4_sw0p5,59,7,0.11864406779661017,2,0,0,0.03389830508474576,0.0,0.0,62,7,0.11290322580645161,2,0,0,0.03225806451612903,0.0,0.0,233.89246400000053,171.6457570000003,0.7338661283246813,185.78799999999984,31,5.9931612903225755,87130029b5443647ed1f1febd32ab768bf957a0a1698217eb3cf14b2d00c6ecf,172,9efb7fc9620e8a67b79db7622bde02ad050db381cfcdce88cf607b812ebdd831,6c5dc2550e061578479d811e4c0aac1acf254743f76acfb5e3fdaa312797cdef
s14,s1403b,O0_4_sw1,59,7,0.11864406779661017,2,0,0,0.03389830508474576,0.0,0.0,62,7,0.11290322580645161,2,0,0,0.03225806451612903,0.0,0.0,233.89246400000053,171.6457570000003,0.7338661283246813,185.78799999999984,31,5.9931612903225755,87130029b5443647ed1f1febd32ab768bf957a0a1698217eb3cf14b2d00c6ecf,172,9efb7fc9620e8a67b79db7622bde02ad050db381cfcdce88cf607b812ebdd831,6c5dc2550e061578479d811e4c0aac1acf254743f76acfb5e3fdaa312797cdef
s14,s1403b,O0_4_sw2,61,7,0.11475409836065574,2,0,0,0.03278688524590164,0.0,0.0,66,7,0.10606060606060606,2,0,0,0.030303030303030304,0.0,0.0,233.89246400000053,171.6457570000003,0.7338661283246813,185.78799999999984,33,5.629939393939389,87130029b5443647ed1f1febd32ab768bf957a0a1698217eb3cf14b2d00c6ecf,172,21affa71ce85d184e50c0e988e392b5849b10920e0b830fb4347f6012a65ea2c,444401281064b9914dc1366bbed4afd57cd12801929fdbfbd945f4013863a19a
s14,s1403b,O0_4_sw4,62,7,0.11290322580645161,2,0,0,0.03225806451612903,0.0,0.0,68,7,0.10294117647058823,2,0,0,0.029411764705882353,0.0,0.0,233.89246400000053,169.75906400000025,0.7257996307226037,183.48399999999984,34,5.396588235294113,87130029b5443647ed1f1febd32ab768bf957a0a1698217eb3cf14b2d00c6ecf,172,b814f794b43a9c5609a9b6ec5e67637b6d6a820f109df99e32d68c6322e05c41,ff3a5c77c6d482939654e3533de422066e3592b95d810f5d43f805ae26ce4764
s14,s1403b,O0_4_keep90,59,7,0.11864406779661017,2,0,0,0.03389830508474576,0.0,0.0,62,7,0.11290322580645161,2,0,0,0.03225806451612903,0.0,0.0,233.89246400000053,171.6457570000003,0.7338661283246813,185.78799999999984,31,5.9931612903225755,87130029b5443647ed1f1febd32ab768bf957a0a1698217eb3cf14b2d00c6ecf,172,9efb7fc9620e8a67b79db7622bde02ad050db381cfcdce88cf607b812ebdd831,6c5dc2550e061578479d811e4c0aac1acf254743f76acfb5e3fdaa312797cdef
s14,s1403b,O0_4_keep80,59,7,0.11864406779661017,2,0,0,0.03389830508474576,0.0,0.0,62,7,0.11290322580645161,2,0,0,0.03225806451612903,0.0,0.0,233.89246400000053,171.6457570000003,0.7338661283246813,185.78799999999984,31,5.9931612903225755,87130029b5443647ed1f1febd32ab768bf957a0a1698217eb3cf14b2d00c6ecf,171,9efb7fc9620e8a67b79db7622bde02ad050db381cfcdce88cf607b812ebdd831,6c5dc2550e061578479d811e4c0aac1acf254743f76acfb5e3fdaa312797cdef
s14,s1403b,O0_4_keep70,58,8,0.13793103448275862,3,0,0,0.05172413793103448,0.0,0.0,60,8,0.13333333333333333,3,0,0,0.05,0.0,0.0,233.89246400000053,169.25599300000027,0.7236487662124929,182.50399999999985,30,6.083466666666662,87130029b5443647ed1f1febd32ab768bf957a0a1698217eb3cf14b2d00c6ecf,166,530cd64859ff30660991f09c75331b7b332e2cb371e51172746629ebbf9e1e28,a51641336c8eb893d00fb6458366a81997592aa8c954b5701e56313f3cbddd23
s14,s1403b,O0_4_keep60,56,7,0.125,3,0,0,0.05357142857142857,0.0,0.0,58,7,0.1206896551724138,3,0,0,0.05172413793103448,0.0,0.0,233.89246400000053,158.26491500000026,0.6766567519678611,170.51199999999986,29,5.87972413793103,87130029b5443647ed1f1febd32ab768bf957a0a1698217eb3cf14b2d00c6ecf,159,58d1b588e0e40fed400f921ec9f64230e6f95a303866aa9fe96ffa2ce8b78494,8e5951d6f245502725430eac02d682026b2fcc392a53e91d4cc895c450e2ce34
s14,s1403b,O0_4_keep50,19,3,0.15789473684210525,1,0,0,0.05263157894736842,0.0,0.0,20,3,0.15,1,0,0,0.05,0.0,0.0,233.89246400000053,64.24454500000019,0.2746755662893014,72.05599999999995,10,7.205599999999995,87130029b5443647ed1f1febd32ab768bf957a0a1698217eb3cf14b2d00c6ecf,98,5e7ab2228f0ab84128dd8946860085df4d9321efaaefe46405e55f375ae75a55,782fc621d8a04946c52aa92efb713fd6db4dfa12bb1dab93dd4375ec44267a99
s14,s1403b,O0_4_MARGIN_all_s0p5,59,7,0.11864406779661017,2,0,0,0.03389830508474576,0.0,0.0,62,7,0.11290322580645161,2,0,0,0.03225806451612903,0.0,0.0,233.89246400000053,171.6457570000003,0.7338661283246813,185.78799999999984,31,5.9931612903225755,87130029b5443647ed1f1febd32ab768bf957a0a1698217eb3cf14b2d00c6ecf,172,9efb7fc9620e8a67b79db7622bde02ad050db381cfcdce88cf607b812ebdd831,6c5dc2550e061578479d811e4c0aac1acf254743f76acfb5e3fdaa312797cdef
s14,s1403b,O0_4_MARGIN_all_s1,59,7,0.11864406779661017,2,0,0,0.03389830508474576,0.0,0.0,62,7,0.11290322580645161,2,0,0,0.03225806451612903,0.0,0.0,233.89246400000053,171.6457570000003,0.7338661283246813,185.78799999999984,31,5.9931612903225755,87130029b5443647ed1f1febd32ab768bf957a0a1698217eb3cf14b2d00c6ecf,172,9efb7fc9620e8a67b79db7622bde02ad050db381cfcdce88cf607b812ebdd831,6c5dc2550e061578479d811e4c0aac1acf254743f76acfb5e3fdaa312797cdef
s14,s1403b,O0_4_MARGIN_all_s2,60,7,0.11666666666666667,2,0,0,0.03333333333333333,0.0,0.0,64,7,0.109375,2,0,0,0.03125,0.0,0.0,233.89246400000053,170.74388700000026,0.7300102110173156,184.66799999999984,32,5.770874999999995,87130029b5443647ed1f1febd32ab768bf957a0a1698217eb3cf14b2d00c6ecf,172,6903fc009481317ba18140062666a704ee77dfae17b3f9687a6859584e9eda11,713094ac32a4eee1c07a5cc7c714b90c87ed563245a793fdb1d7605d790026c9
s14,s1403b,O0_4_MARGIN_all_s4,62,7,0.11290322580645161,2,0,0,0.03225806451612903,0.0,0.0,68,7,0.10294117647058823,2,0,0,0.029411764705882353,0.0,0.0,233.89246400000053,170.44456200000025,0.7287304562322275,184.04799999999986,34,5.4131764705882315,87130029b5443647ed1f1febd32ab768bf957a0a1698217eb3cf14b2d00c6ecf,172,6b280672ad26f0d9a1aebba3eb5f743e03842949845b431dde9f1805d9e3e43c,8a9f8bd66f5f21c2c3d892b356f55541542ac2a02f09c83a61dc93547f9d3799
s15,s1501a,O0_4,107,4,0.037383177570093455,1,0,0,0.009345794392523364,0.0,0.0,116,4,0.034482758620689655,1,0,0,0.008620689655172414,0.0,0.0,395.99358299999983,301.52766099999997,0.7614458262572403,350.47200000000015,58,6.042620689655175,87130029b5443647ed1f1febd32ab768bf957a0a1698217eb3cf14b2d00c6ecf,309,5a2c867d41932f7fb6b27cad6c40bb200014c95bcd021b085737d50711cea2b1,bc1dfe9c156f54fb620b1905fafd648992a3523e663732aecb4db278248eeac7
s15,s1501a,O0_4_sw0p25,107,4,0.037383177570093455,1,0,0,0.009345794392523364,0.0,0.0,116,4,0.034482758620689655,1,0,0,0.008620689655172414,0.0,0.0,395.99358299999983,301.52766099999997,0.7614458262572403,350.47200000000015,58,6.042620689655175,87130029b5443647ed1f1febd32ab768bf957a0a1698217eb3cf14b2d00c6ecf,309,5a2c867d41932f7fb6b27cad6c40bb200014c95bcd021b085737d50711cea2b1,bc1dfe9c156f54fb620b1905fafd648992a3523e663732aecb4db278248eeac7
s15,s1501a,O0_4_sw0p5,107,4,0.037383177570093455,1,0,0,0.009345794392523364,0.0,0.0,118,4,0.03389830508474576,1,0,0,0.00847457627118644,0.0,0.0,395.99358299999983,303.39402799999993,0.7661589506110761,352.71200000000016,59,5.978169491525427,87130029b5443647ed1f1febd32ab768bf957a0a1698217eb3cf14b2d00c6ecf,309,9049be19fbf360019d1aac8b6bb81b334ab236397595036adaee7a6e5287f17e,1cfafc5c489a1a62844ad085212580978677f540e610e839fd7fd2f5769c13dd
s15,s1501a,O0_4_sw1,107,4,0.037383177570093455,1,0,0,0.009345794392523364,0.0,0.0,118,4,0.03389830508474576,1,0,0,0.00847457627118644,0.0,0.0,395.99358299999983,303.39402799999993,0.7661589506110761,352.71200000000016,59,5.978169491525427,87130029b5443647ed1f1febd32ab768bf957a0a1698217eb3cf14b2d00c6ecf,309,9049be19fbf360019d1aac8b6bb81b334ab236397595036adaee7a6e5287f17e,1cfafc5c489a1a62844ad085212580978677f540e610e839fd7fd2f5769c13dd
s15,s1501a,O0_4_sw2,110,5,0.045454545454545456,2,0,0,0.01818181818181818,0.0,0.0,124,6,0.04838709677419355,3,0,0,0.024193548387096774,0.0,0.0,395.99358299999983,308.4002559999999,0.7788011453710856,358.52400000000017,62,5.782645161290326,87130029b5443647ed1f1febd32ab768bf957a0a1698217eb3cf14b2d00c6ecf,309,8ae98fae6b497cd7ef28cf82fb0283f3412b0ef673e40655580b43d8661f06c1,0625c15796d77c125a8d47b1f9ae939448c3ef3ef9f0ddeca96244ab7160dca6
s15,s1501a,O0_4_sw4,110,5,0.045454545454545456,2,0,0,0.01818181818181818,0.0,0.0,124,6,0.04838709677419355,3,0,0,0.024193548387096774,0.0,0.0,395.99358299999983,306.73579699999993,0.7745978979664427,356.27200000000016,62,5.746322580645164,87130029b5443647ed1f1febd32ab768bf957a0a1698217eb3cf14b2d00c6ecf,309,bf8c30283b7547eff62e9688e5f3aa33b26b0065359f9518a5ee5df5791803b4,3121c2ff63b834a0f7ebeeff61914a65faea4f15e470085bab3e0ee042b51535
s15,s1501a,O0_4_keep90,107,4,0.037383177570093455,1,0,0,0.009345794392523364,0.0,0.0,116,4,0.034482758620689655,1,0,0,0.008620689655172414,0.0,0.0,395.99358299999983,301.52766099999997,0.7614458262572403,350.47200000000015,58,6.042620689655175,87130029b5443647ed1f1febd32ab768bf957a0a1698217eb3cf14b2d00c6ecf,309,5a2c867d41932f7fb6b27cad6c40bb200014c95bcd021b085737d50711cea2b1,bc1dfe9c156f54fb620b1905fafd648992a3523e663732aecb4db278248eeac7
s15,s1501a,O0_4_keep80,102,5,0.049019607843137254,2,1,0,0.0196078431372549,0.00980392156862745,0.0,108,5,0.046296296296296294,2,1,0,0.018518518518518517,0.009259259259259259,0.0,395.99358299999983,272.65050199999996,0.688522525881436,318.0040000000002,54,5.8889629629629665,87130029b5443647ed1f1febd32ab768bf957a0a1698217eb3cf14b2d00c6ecf,299,a3d5e7cca8772efafaebb21a75897933809aeef6ebf2c72da91336af3ccd1176,32412bcaeeb472363d6a4d01e68fd8b40a5eb0044d4383c9783d434e0f6de316
s15,s1501a,O0_4_keep70,96,4,0.041666666666666664,2,1,0,0.020833333333333332,0.010416666666666666,0.0,98,4,0.04081632653061224,2,1,0,0.02040816326530612,0.01020408163265306,0.0,395.99358299999983,250.28817300000026,0.632051083009596,292.4640000000003,49,5.9686530612244955,87130029b5443647ed1f1febd32ab768bf957a0a1698217eb3cf14b2d00c6ecf,281,a428d3e6713b9dbb720ba5106c27a10c4cb0817e56008abdf35f0d96c3123727,49539785cd389b16bcb1175e614a5d6a5a1d7bbbab457b7fa75b392b41d0213b
s15,s1501a,O0_4_keep60,88,3,0.03409090909090909,1,0,0,0.011363636363636364,0.0,0.0,90,3,0.03333333333333333,1,0,0,0.011111111111111112,0.0,0.0,395.99358299999983,220.35205300000018,0.5564535953604084,256.22400000000016,45,5.69386666666667,87130029b5443647ed1f1febd32ab768bf957a0a1698217eb3cf14b2d00c6ecf,251,898b7f62710444da6c2f509083f1c75b67cc8ff234898a6765139e66d2117da3,4ed06c6a36422d2b0c0509c91e26952b00b9b90883dbb89ec9ea05a780a168cc
s15,s1501a,O0_4_keep50,55,2,0.03636363636363636,1,0,0,0.01818181818181818,0.0,0.0,56,2,0.03571428571428571,1,0,0,0.017857142857142856,0.0,0.0,395.99358299999983,134.25567100000006,0.3390349661297419,160.80400000000003,28,5.743000000000001,87130029b5443647ed1f1febd32ab768bf957a0a1698217eb3cf14b2d00c6ecf,176,95892f58e8e273a50e88293d743cdd326e6e4beabe1977234226f968e888040f,ad0aaab31523b2998b2cd27d46fb5091e74317b56be95b632a6e2ad2e7b9d72b
s15,s1501a,O0_4_MARGIN_all_s0p5,107,4,0.037383177570093455,1,0,0,0.009345794392523364,0.0,0.0,116,4,0.034482758620689655,1,0,0,0.008620689655172414,0.0,0.0,395.99358299999983,301.52766099999997,0.7614458262572403,350.12400000000014,58,6.036620689655175,87130029b5443647ed1f1febd32ab768bf957a0a1698217eb3cf14b2d00c6ecf,309,0f87dc761e8e4ba430c5edeae8a3ad851b2e8387a6ab318619b7fe0995d4d6b9,333432700953f4db6038c565c6df0c67df1ee8d7cb2fa3f194ee98ca7717d30d
s15,s1501a,O0_4_MARGIN_all_s1,107,4,0.037383177570093455,2,0,0,0.018691588785046728,0.0,0.0,118,4,0.03389830508474576,2,0,0,0.01694915254237288,0.0,0.0,395.99358299999983,302.611609,0.7641831130379709,351.6440000000002,59,5.960067796610172,87130029b5443647ed1f1febd32ab768bf957a0a1698217eb3cf14b2d00c6ecf,309,76b3b52978db688258525ed671d0fea92a1c51b9d303b1b694cfcbba8748ee17,a51674a00e05aae61be3fa3ce38ce6dc25a1e41894cf4f60f9bd2074198852a7
s15,s1501a,O0_4_MARGIN_all_s2,107,4,0.037383177570093455,2,0,0,0.018691588785046728,0.0,0.0,118,4,0.03389830508474576,2,0,0,0.01694915254237288,0.0,0.0,395.99358299999983,299.07981500000005,0.7552642967954362,346.3880000000002,59,5.870983050847461,87130029b5443647ed1f1febd32ab768bf957a0a1698217eb3cf14b2d00c6ecf,309,3250cb7d47f4d7ae5db12f0152b156ada8d2e161cfb29328e746e4e4ad0797fe,ff79e036252755518b30a5802bc9c12a7d9e4581a47f30d6bb7ac54627f60d96
s15,s1501a,O0_4_MARGIN_all_s4,107,4,0.037383177570093455,2,0,0,0.018691588785046728,0.0,0.0,118,4,0.03389830508474576,2,0,0,0.01694915254237288,0.0,0.0,395.99358299999983,298.277686,0.7532386856885005,345.2960000000002,59,5.85247457627119,87130029b5443647ed1f1febd32ab768bf957a0a1698217eb3cf14b2d00c6ecf,309,3156b716349fd8f7a607109c213f77a4b5253d4877785e09b2ff609c80bacb7f,e8a93ab0fd6a6993c0c7962d9d13eb3cdd90c3de543928f60c5d7a7164c90b32
s15,s1501b,O0_4,109,6,0.05504587155963303,4,0,0,0.03669724770642202,0.0,0.0,120,8,0.06666666666666667,5,0,0,0.041666666666666664,0.0,0.0,388.26682699999975,291.247249,0.7501213823760436,342.22399999999993,60,5.703733333333332,87130029b5443647ed1f1febd32ab768bf957a0a1698217eb3cf14b2d00c6ecf,281,c61f2d04f194b242c9edba0fc0c38eb00b984aeed51f8b9da044079eaf1e3858,ce1b5452b3e876ad9571bf643c4cac7ccf1ff9b3343fcd3c5cdff5552c372d41
s15,s1501b,O0_4_sw0p25,109,6,0.05504587155963303,4,0,0,0.03669724770642202,0.0,0.0,120,8,0.06666666666666667,5,0,0,0.041666666666666664,0.0,0.0,388.26682699999975,291.247249,0.7501213823760436,342.22399999999993,60,5.703733333333332,87130029b5443647ed1f1febd32ab768bf957a0a1698217eb3cf14b2d00c6ecf,281,c61f2d04f194b242c9edba0fc0c38eb00b984aeed51f8b9da044079eaf1e3858,ce1b5452b3e876ad9571bf643c4cac7ccf1ff9b3343fcd3c5cdff5552c372d41
s15,s1501b,O0_4_sw0p5,109,6,0.05504587155963303,4,0,0,0.03669724770642202,0.0,0.0,120,8,0.06666666666666667,5,0,0,0.041666666666666664,0.0,0.0,388.26682699999975,291.247249,0.7501213823760436,342.22399999999993,60,5.703733333333332,87130029b5443647ed1f1febd32ab768bf957a0a1698217eb3cf14b2d00c6ecf,281,c61f2d04f194b242c9edba0fc0c38eb00b984aeed51f8b9da044079eaf1e3858,ce1b5452b3e876ad9571bf643c4cac7ccf1ff9b3343fcd3c5cdff5552c372d41
s15,s1501b,O0_4_sw1,109,6,0.05504587155963303,4,0,0,0.03669724770642202,0.0,0.0,120,8,0.06666666666666667,5,0,0,0.041666666666666664,0.0,0.0,388.26682699999975,291.247249,0.7501213823760436,342.22399999999993,60,5.703733333333332,87130029b5443647ed1f1febd32ab768bf957a0a1698217eb3cf14b2d00c6ecf,281,c61f2d04f194b242c9edba0fc0c38eb00b984aeed51f8b9da044079eaf1e3858,ce1b5452b3e876ad9571bf643c4cac7ccf1ff9b3343fcd3c5cdff5552c372d41
s15,s1501b,O0_4_sw2,117,8,0.06837606837606838,5,0,0,0.042735042735042736,0.0,0.0,136,12,0.08823529411764706,7,0,0,0.051470588235294115,0.0,0.0,388.26682699999975,299.001677,0.7700932869034423,351.79599999999994,68,5.173470588235293,87130029b5443647ed1f1febd32ab768bf957a0a1698217eb3cf14b2d00c6ecf,281,438fcd27493ccc7cb73aef0fb213b600c93cbe70a4579ee458d047e71f3c718e,2ce1c96e55a919f97748b6caf71f96bc6b674d0f67283e5f412c3965cf5a4617
s15,s1501b,O0_4_sw4,120,7,0.058333333333333334,4,0,0,0.03333333333333333,0.0,0.0,142,11,0.07746478873239436,6,0,0,0.04225352112676056,0.0,0.0,388.26682699999975,299.459193,0.7712716414992626,352.4799999999999,71,4.96450704225352,87130029b5443647ed1f1febd32ab768bf957a0a1698217eb3cf14b2d00c6ecf,281,0b139d771d20fa5d7d30a0c1b3f55da819ef480854b44a8a5e7cef5e5f0d040a,87bde201f59dc17d218f619c907c36690f74abc7dfc268dced4e23a4320bf118
s15,s1501b,O0_4_keep90,109,6,0.05504587155963303,4,0,0,0.03669724770642202,0.0,0.0,120,8,0.06666666666666667,5,0,0,0.041666666666666664,0.0,0.0,388.26682699999975,291.247249,0.7501213823760436,342.22399999999993,60,5.703733333333332,87130029b5443647ed1f1febd32ab768bf957a0a1698217eb3cf14b2d00c6ecf,281,c61f2d04f194b242c9edba0fc0c38eb00b984aeed51f8b9da044079eaf1e3858,ce1b5452b3e876ad9571bf643c4cac7ccf1ff9b3343fcd3c5cdff5552c372d41
s15,s1501b,O0_4_keep80,109,5,0.045871559633027525,3,0,0,0.027522935779816515,0.0,0.0,120,7,0.058333333333333334,4,0,0,0.03333333333333333,0.0,0.0,388.26682699999975,291.19863,0.7499961617890167,342.05199999999985,60,5.7008666666666645,87130029b5443647ed1f1febd32ab768bf957a0a1698217eb3cf14b2d00c6ecf,273,ca0e88c0589810530e3cded2f7f59fec6f9e3aaf519e6b7c152d8f944c6bee66,0e5f7f864d28994b51c48160d3eeb92526563aaa3d13fa34a6d3e4c227086046
s15,s1501b,O0_4_keep70,103,3,0.02912621359223301,2,0,0,0.019417475728155338,0.0,0.0,110,3,0.02727272727272727,2,0,0,0.01818181818181818,0.0,0.0,388.26682699999975,277.99596099999997,0.7159920489421574,324.74399999999986,55,5.9044363636363615,87130029b5443647ed1f1febd32ab768bf957a0a1698217eb3cf14b2d00c6ecf,259,eddf71801184b7549560391259b40ad41b87ae9b47c956ca494651dd657ce0f8,7d234ebef3dad153f37a3af73f8de93b535d4fc9d635be190609fd5757dd9d50
s15,s1501b,O0_4_keep60,86,3,0.03488372093023256,2,0,0,0.023255813953488372,0.0,0.0,90,3,0.03333333333333333,2,0,0,0.022222222222222223,0.0,0.0,388.26682699999975,230.7961289999999,0.5944265977685497,269.54399999999987,45,5.989866666666663,87130029b5443647ed1f1febd32ab768bf957a0a1698217eb3cf14b2d00c6ecf,236,e3a1781fee69afdb2689d52acd08d9607f008ef3784a6077f87b46ea6edc3f6b,f539a2dc1a03679dc92f9b54d377e51797484d39aefd2504bb3876a8722b7ca2
s15,s1501b,O0_4_keep50,40,2,0.05,2,0,0,0.05,0.0,0.0,44,2,0.045454545454545456,2,0,0,0.045454545454545456,0.0,0.0,388.26682699999975,114.21257599999977,0.294160015890309,137.02399999999994,22,6.228363636363634,87130029b5443647ed1f1febd32ab768bf957a0a1698217eb3cf14b2d00c6ecf,157,236c8a274ce8f17667915945fa71255817b664c4287999654c53ef3b0dea8ced,680f0a23852ecab54704e462b4ce7bb3e1a60a0bf20163dc3c1b0cab0815c295
s15,s1501b,O0_4_MARGIN_all_s0p5,109,6,0.05504587155963303,4,0,0,0.03669724770642202,0.0,0.0,120,8,0.06666666666666667,5,0,0,0.041666666666666664,0.0,0.0,388.26682699999975,291.247249,0.7501213823760436,342.22399999999993,60,5.703733333333332,87130029b5443647ed1f1febd32ab768bf957a0a1698217eb3cf14b2d00c6ecf,281,06b9701909a8ac4a76afad351fbba50d2704b3d9d6d9d660e48acbe8f8026057,4963bcaa541fd7028e559cc7bc6e59d0c791e12360eedd6168cb9f7a07c86b7b
s15,s1501b,O0_4_MARGIN_all_s1,109,6,0.05504587155963303,4,0,0,0.03669724770642202,0.0,0.0,120,8,0.06666666666666667,5,0,0,0.041666666666666664,0.0,0.0,388.26682699999975,291.247249,0.7501213823760436,342.22399999999993,60,5.703733333333332,87130029b5443647ed1f1febd32ab768bf957a0a1698217eb3cf14b2d00c6ecf,281,06b9701909a8ac4a76afad351fbba50d2704b3d9d6d9d660e48acbe8f8026057,4963bcaa541fd7028e559cc7bc6e59d0c791e12360eedd6168cb9f7a07c86b7b
s15,s1501b,O0_4_MARGIN_all_s2,109,6,0.05504587155963303,4,0,0,0.03669724770642202,0.0,0.0,120,8,0.06666666666666667,5,0,0,0.041666666666666664,0.0,0.0,388.26682699999975,291.247249,0.7501213823760436,342.22399999999993,60,5.703733333333332,87130029b5443647ed1f1febd32ab768bf957a0a1698217eb3cf14b2d00c6ecf,281,06b9701909a8ac4a76afad351fbba50d2704b3d9d6d9d660e48acbe8f8026057,4963bcaa541fd7028e559cc7bc6e59d0c791e12360eedd6168cb9f7a07c86b7b
s15,s1501b,O0_4_MARGIN_all_s4,111,6,0.05405405405405406,4,0,0,0.036036036036036036,0.0,0.0,124,8,0.06451612903225806,5,0,0,0.04032258064516129,0.0,0.0,388.26682699999975,292.946545,0.7544980014478554,344.16799999999995,62,5.551096774193548,87130029b5443647ed1f1febd32ab768bf957a0a1698217eb3cf14b2d00c6ecf,281,6ae38b12d1b306cc0760b6f2655a0d55a2a2623e7fc8a24680b66ec4fe6a972d,d1f999e875d7cd0c98ab31997cb6d04c09e3181421b3b1a7bc553d14ab0be7a3
s15,s1502a,O0_4,92,3,0.03260869565217391,2,0,0,0.021739130434782608,0.0,0.0,94,4,0.0425531914893617,3,0,0,0.031914893617021274,0.0,0.0,351.06815300000005,237.09494200000012,0.6753530332328381,273.12,47,5.811063829787234,87130029b5443647ed1f1febd32ab768bf957a0a1698217eb3cf14b2d00c6ecf,276,106dc803555ff5b87e3c4a59256b1ee78fb212d7f525d5bd80cca59ba7e0e8f1,3e1337030c6037137152e43e755b98f2a24bd2e1326019a51319a07be4012d62
s15,s1502a,O0_4_sw0p25,92,3,0.03260869565217391,2,0,0,0.021739130434782608,0.0,0.0,94,4,0.0425531914893617,3,0,0,0.031914893617021274,0.0,0.0,351.06815300000005,237.67298900000014,0.6769995710775853,273.8,47,5.8255319148936175,87130029b5443647ed1f1febd32ab768bf957a0a1698217eb3cf14b2d00c6ecf,276,73ba7314764c4fff06b5891e6aa01c12dd31ea02cdb22f7fa82848871fb61dfd,3f1eeb66b577dafc469323e957480c55e97147466e1dd5bbe4da7f13c0e02160
s15,s1502a,O0_4_sw0p5,93,3,0.03225806451612903,2,0,0,0.021505376344086023,0.0,0.0,96,4,0.041666666666666664,3,0,0,0.03125,0.0,0.0,351.06815300000005,237.67298900000014,0.6769995710775853,273.8,48,5.704166666666667,87130029b5443647ed1f1febd32ab768bf957a0a1698217eb3cf14b2d00c6ecf,276,c14496983aa4e37cc5ee83de0e08ec8697c01352e514288e3a488a2086499079,f9b5c60d940dc08ed0ba2d30752860fe0924db86650e81a1f7c4505cb092e025
s15,s1502a,O0_4_sw1,93,3,0.03225806451612903,2,0,0,0.021505376344086023,0.0,0.0,96,4,0.041666666666666664,3,0,0,0.03125,0.0,0.0,351.06815300000005,237.67298900000014,0.6769995710775853,273.8,48,5.704166666666667,87130029b5443647ed1f1febd32ab768bf957a0a1698217eb3cf14b2d00c6ecf,276,c14496983aa4e37cc5ee83de0e08ec8697c01352e514288e3a488a2086499079,f9b5c60d940dc08ed0ba2d30752860fe0924db86650e81a1f7c4505cb092e025
s15,s1502a,O0_4_sw2,95,3,0.031578947368421054,2,0,0,0.021052631578947368,0.0,0.0,100,4,0.04,3,0,0,0.03,0.0,0.0,351.06815300000005,237.12952600000017,0.6754515440197167,273.024,50,5.4604800000000004,87130029b5443647ed1f1febd32ab768bf957a0a1698217eb3cf14b2d00c6ecf,276,a98970a9074a6d497e95096a9af76b7609fe90bf916eeeea86c2cf91a05f435b,38b6aeb7a6a2fa28318a151b1061e03bd370147e9046949beaa7d902747e130f
s15,s1502a,O0_4_sw4,96,3,0.03125,2,0,0,0.020833333333333332,0.0,0.0,102,4,0.0392156862745098,3,0,0,0.029411764705882353,0.0,0.0,351.06815300000005,237.12952600000017,0.6754515440197167,273.024,51,5.353411764705882,87130029b5443647ed1f1febd32ab768bf957a0a1698217eb3cf14b2d00c6ecf,276,68d13fff1ba594939db0aafb4699f688b966cde425f1ce38a67a30e41641abf6,95bbd12829b6c81d76b396608bdade8a02f464220d0205e495c7b81243b1ff06
s15,s1502a,O0_4_keep90,92,3,0.03260869565217391,2,0,0,0.021739130434782608,0.0,0.0,94,4,0.0425531914893617,3,0,0,0.031914893617021274,0.0,0.0,351.06815300000005,237.09494200000012,0.6753530332328381,273.12,47,5.811063829787234,87130029b5443647ed1f1febd32ab768bf957a0a1698217eb3cf14b2d00c6ecf,276,106dc803555ff5b87e3c4a59256b1ee78fb212d7f525d5bd80cca59ba7e0e8f1,3e1337030c6037137152e43e755b98f2a24bd2e1326019a51319a07be4012d62
s15,s1502a,O0_4_keep80,92,3,0.03260869565217391,2,0,0,0.021739130434782608,0.0,0.0,94,4,0.0425531914893617,3,0,0,0.031914893617021274,0.0,0.0,351.06815300000005,234.1802750000001,0.6670507506842982,269.87600000000003,47,5.7420425531914905,87130029b5443647ed1f1febd32ab768bf957a0a1698217eb3cf14b2d00c6ecf,274,d9f1f96fb98df2bfd8f3e4fbe4c7c40f49b60dd6ffeff0765b4b3c41b11550ea,37622d453cd1b55eaef76eba74cdccee0f27decfab369e32e02d325003bb8430
s15,s1502a,O0_4_keep70,89,2,0.02247191011235955,1,0,0,0.011235955056179775,0.0,0.0,90,2,0.022222222222222223,1,0,0,0.011111111111111112,0.0,0.0,351.06815300000005,227.97239600000006,0.649367919168675,261.9800000000001,45,5.821777777777779,87130029b5443647ed1f1febd32ab768bf957a0a1698217eb3cf14b2d00c6ecf,265,8432289c67288d6fb20d4a47c0eb5a9c43db57733cb920adfacf22a8d68132b9,9f8c93fd53616a3dff93feb76cb85b6b2bba28178f703e77207dfb2f72fa3dba
s15,s1502a,O0_4_keep60,69,1,0.014492753623188406,0,0,0,0.0,0.0,0.0,70,1,0.014285714285714285,0,0,0,0.0,0.0,0.0,351.06815300000005,181.17118700000023,0.5160570261125343,206.38400000000013,35,5.896685714285718,87130029b5443647ed1f1febd32ab768bf957a0a1698217eb3cf14b2d00c6ecf,232,e90d7c8873c5c55f2debcb4f8011f39e4f84b95a66b8580d560a547f1e45a66e,a99386b8afbc5954156bafd217fbf6fc34bbfea8738e6b9d8a18f7777f2eb9bb
s15,s1502a,O0_4_keep50,32,0,0.0,0,0,0,0.0,0.0,0.0,32,0,0.0,0,0,0,0.0,0.0,0.0,351.06815300000005,91.67774200000008,0.2611394432009333,105.25600000000006,16,6.578500000000004,87130029b5443647ed1f1febd32ab768bf957a0a1698217eb3cf14b2d00c6ecf,163,a9caf2a5c173428aad91ac0ac8bbfec3482eece844658148fe015df38103a445,41de90511899b9513267d7d4e33cd374724dcd464e272779eaa70fef80084ba0
s15,s1502a,O0_4_MARGIN_all_s0p5,92,3,0.03260869565217391,2,0,0,0.021739130434782608,0.0,0.0,94,4,0.0425531914893617,3,0,0,0.031914893617021274,0.0,0.0,351.06815300000005,236.7713290000001,0.6744312378571122,272.27200000000005,47,5.793021276595746,87130029b5443647ed1f1febd32ab768bf957a0a1698217eb3cf14b2d00c6ecf,276,07ce6eca0e0cf78de48264dd91428e7d7dd27d925638a6e322214e01e4dabd73,41348bc7cf9340c776fbe274edfd60c5f9803bbd39932e8bc5f39221fe491f45
s15,s1502a,O0_4_MARGIN_all_s1,92,3,0.03260869565217391,2,0,0,0.021739130434782608,0.0,0.0,94,4,0.0425531914893617,3,0,0,0.031914893617021274,0.0,0.0,351.06815300000005,235.47415200000012,0.6707362943285832,270.552,47,5.7564255319148945,87130029b5443647ed1f1febd32ab768bf957a0a1698217eb3cf14b2d00c6ecf,276,abcefa538e0914832f15dede1acd22efbb89491e270e47cbc6687a88a4df9c33,5ff4f6bf537a57ed08724aabff94439dd752ed8c43cc56ba408d7613b4599f01
s15,s1502a,O0_4_MARGIN_all_s2,93,3,0.03225806451612903,2,0,0,0.021505376344086023,0.0,0.0,94,4,0.0425531914893617,3,0,0,0.031914893617021274,0.0,0.0,351.06815300000005,233.40021100000007,0.6648287775621733,267.824,47,5.698382978723404,87130029b5443647ed1f1febd32ab768bf957a0a1698217eb3cf14b2d00c6ecf,276,79dcc2f2bda8bb324bc1d6aa6b44e5d30c8c20c283eb77bca86ae3c584802e3f,02b5c5e7680384a58706889aedf4c64211e0ef4a6b61cb40ad78c6d92cdb0936
s15,s1502a,O0_4_MARGIN_all_s4,93,3,0.03225806451612903,2,0,0,0.021505376344086023,0.0,0.0,94,4,0.0425531914893617,3,0,0,0.031914893617021274,0.0,0.0,351.06815300000005,232.83370400000013,0.6632151108277831,266.352,47,5.667063829787233,87130029b5443647ed1f1febd32ab768bf957a0a1698217eb3cf14b2d00c6ecf,276,a0433ab9994396e5ed79f7a0b8ad6ba5db4f9d866cbd69c35aa73a848735dd46,568469c7c2d81d802bacf30c2c37ba9060cc220494a2130b76db136f60500d34
s15,s1502b,O0_4,101,3,0.0297029702970297,2,0,0,0.019801980198019802,0.0,0.0,108,3,0.027777777777777776,2,0,0,0.018518518518518517,0.0,0.0,403.84522399999963,271.1299709999997,0.6713709978157374,316.6639999999999,54,5.8641481481481454,87130029b5443647ed1f1febd32ab768bf957a0a1698217eb3cf14b2d00c6ecf,304,5969897a1766a7e7e73fa239f9b6df7a4024e3450c215d2c4f1cde7b5ab7fa45,6733fca9678286d2517ebb42595d19dee7ce14808bf0d0a0ff9204bc319de8c2
s15,s1502b,O0_4_sw0p25,101,3,0.0297029702970297,2,0,0,0.019801980198019802,0.0,0.0,108,3,0.027777777777777776,2,0,0,0.018518518518518517,0.0,0.0,403.84522399999963,271.1299709999997,0.6713709978157374,316.6639999999999,54,5.8641481481481454,87130029b5443647ed1f1febd32ab768bf957a0a1698217eb3cf14b2d00c6ecf,304,5969897a1766a7e7e73fa239f9b6df7a4024e3450c215d2c4f1cde7b5ab7fa45,6733fca9678286d2517ebb42595d19dee7ce14808bf0d0a0ff9204bc319de8c2
s15,s1502b,O0_4_sw0p5,101,3,0.0297029702970297,2,0,0,0.019801980198019802,0.0,0.0,108,3,0.027777777777777776,2,0,0,0.018518518518518517,0.0,0.0,403.84522399999963,271.1299709999997,0.6713709978157374,316.6639999999999,54,5.8641481481481454,87130029b5443647ed1f1febd32ab768bf957a0a1698217eb3cf14b2d00c6ecf,304,5969897a1766a7e7e73fa239f9b6df7a4024e3450c215d2c4f1cde7b5ab7fa45,6733fca9678286d2517ebb42595d19dee7ce14808bf0d0a0ff9204bc319de8c2
s15,s1502b,O0_4_sw1,101,3,0.0297029702970297,2,0,0,0.019801980198019802,0.0,0.0,108,3,0.027777777777777776,2,0,0,0.018518518518518517,0.0,0.0,403.84522399999963,271.1299709999997,0.6713709978157374,316.6639999999999,54,5.8641481481481454,87130029b5443647ed1f1febd32ab768bf957a0a1698217eb3cf14b2d00c6ecf,304,5969897a1766a7e7e73fa239f9b6df7a4024e3450c215d2c4f1cde7b5ab7fa45,6733fca9678286d2517ebb42595d19dee7ce14808bf0d0a0ff9204bc319de8c2
s15,s1502b,O0_4_sw2,102,3,0.029411764705882353,2,0,0,0.0196078431372549,0.0,0.0,110,3,0.02727272727272727,2,0,0,0.01818181818181818,0.0,0.0,403.84522399999963,273.27529799999974,0.676683248332782,318.9919999999999,55,5.799854545454544,87130029b5443647ed1f1febd32ab768bf957a0a1698217eb3cf14b2d00c6ecf,304,8effe22fdbf9451165d17a2ccfa78e621fb19d3d44601fc2e5b31a157d91294e,22104370458caa0cd860e000d5f42d8631d1940ad5ff2a83d51d7eead6411236
s15,s1502b,O0_4_sw4,105,2,0.01904761904761905,1,0,0,0.009523809523809525,0.0,0.0,118,2,0.01694915254237288,1,0,0,0.00847457627118644,0.0,0.0,403.84522399999963,276.53867199999974,0.6847640025575739,323.27599999999984,59,5.479254237288133,87130029b5443647ed1f1febd32ab768bf957a0a1698217eb3cf14b2d00c6ecf,304,5e5acbda93d2dfed0018220e72d72556e25ebc200cb47a36ff5c8addf68fd223,88b09d7d5c15a2c8bf5dfcc99f871e3e2a26daf529701f4d561b22eb00c57c2f
s15,s1502b,O0_4_keep90,101,3,0.0297029702970297,2,0,0,0.019801980198019802,0.0,0.0,108,3,0.027777777777777776,2,0,0,0.018518518518518517,0.0,0.0,403.84522399999963,271.1299709999997,0.6713709978157374,316.6639999999999,54,5.8641481481481454,87130029b5443647ed1f1febd32ab768bf957a0a1698217eb3cf14b2d00c6ecf,304,5969897a1766a7e7e73fa239f9b6df7a4024e3450c215d2c4f1cde7b5ab7fa45,6733fca9678286d2517ebb42595d19dee7ce14808bf0d0a0ff9204bc319de8c2
s15,s1502b,O0_4_keep80,99,3,0.030303030303030304,2,0,0,0.020202020202020204,0.0,0.0,104,3,0.028846153846153848,2,0,0,0.019230769230769232,0.0,0.0,403.84522399999963,264.2153699999998,0.6542490892500935,308.69199999999984,52,5.936384615384612,87130029b5443647ed1f1febd32ab768bf957a0a1698217eb3cf14b2d00c6ecf,294,3e29a48a9959999f54413307371a3903caeed9b19f28d389975f38ed35802770,bf48cca2e8cd5ec9bda353a8c682907909fabcde5b313e0a6c271200f66f7547
s15,s1502b,O0_4_keep70,93,4,0.043010752688172046,2,1,0,0.021505376344086023,0.010752688172043012,0.0,98,4,0.04081632653061224,2,1,0,0.02040816326530612,0.01020408163265306,0.0,403.84522399999963,255.23942299999976,0.6320228835985937,298.0319999999998,49,6.08228571428571,87130029b5443647ed1f1febd32ab768bf957a0a1698217eb3cf14b2d00c6ecf,281,3a582f8b0cae3933f25b69ae3d72052f627315e6312e48aefd0ad0378dbede02,acaf1c3673930c9686c45f375b5d0a661a24fd67362ed47a06557576cc603487
s15,s1502b,O0_4_keep60,86,5,0.05813953488372093,3,1,0,0.03488372093023256,0.011627906976744186,0.0,90,5,0.05555555555555555,3,1,0,0.03333333333333333,0.011111111111111112,0.0,403.84522399999963,227.25742099999974,0.5627339572053475,264.44399999999985,45,5.87653333333333,87130029b5443647ed1f1febd32ab768bf957a0a1698217eb3cf14b2d00c6ecf,255,22e5f74281b21f27292a949520523123b5fd41705940d527c61fa10f1882ce1c,a5161819fc87cbcf28ecc8930349b4b1587919fea4ce929c0aefdcb0f2794459
s15,s1502b,O0_4_keep50,55,3,0.05454545454545454,1,0,0,0.01818181818181818,0.0,0.0,58,3,0.05172413793103448,1,0,0,0.017241379310344827,0.0,0.0,403.84522399999963,148.79176199999978,0.36843759231878376,176.21999999999997,29,6.07655172413793,87130029b5443647ed1f1febd32ab768bf957a0a1698217eb3cf14b2d00c6ecf,169,f4d0d8b43f3a448e3e4f5b74af37ce48756b0c1f60c9c0ba1abfd1a5de4c2b67,515462d519a1432fb2a12f8be7dbfb3b9ac1c3eac8fe48db9c7b9d148d0cd174
s15,s1502b,O0_4_MARGIN_all_s0p5,101,3,0.0297029702970297,2,0,0,0.019801980198019802,0.0,0.0,108,3,0.027777777777777776,2,0,0,0.018518518518518517,0.0,0.0,403.84522399999963,271.1299709999997,0.6713709978157374,316.6639999999999,54,5.8641481481481454,87130029b5443647ed1f1febd32ab768bf957a0a1698217eb3cf14b2d00c6ecf,304,5969897a1766a7e7e73fa239f9b6df7a4024e3450c215d2c4f1cde7b5ab7fa45,6733fca9678286d2517ebb42595d19dee7ce14808bf0d0a0ff9204bc319de8c2
s15,s1502b,O0_4_MARGIN_all_s1,101,3,0.0297029702970297,2,0,0,0.019801980198019802,0.0,0.0,108,3,0.027777777777777776,2,0,0,0.018518518518518517,0.0,0.0,403.84522399999963,271.1299709999997,0.6713709978157374,316.6639999999999,54,5.8641481481481454,87130029b5443647ed1f1febd32ab768bf957a0a1698217eb3cf14b2d00c6ecf,304,5969897a1766a7e7e73fa239f9b6df7a4024e3450c215d2c4f1cde7b5ab7fa45,6733fca9678286d2517ebb42595d19dee7ce14808bf0d0a0ff9204bc319de8c2
s15,s1502b,O0_4_MARGIN_all_s2,101,3,0.0297029702970297,2,0,0,0.019801980198019802,0.0,0.0,108,3,0.027777777777777776,2,0,0,0.018518518518518517,0.0,0.0,403.84522399999963,270.23137099999974,0.6691458879305702,315.47199999999987,54,5.8420740740740715,87130029b5443647ed1f1febd32ab768bf957a0a1698217eb3cf14b2d00c6ecf,304,f41106755f5524df39a66cb13b6027ea3626cf42ccd630647b6221e1b6073ba7,0d37febdadba2097e2819a7256661720b8fc204d685e36d151b1614f9583e57f
s15,s1502b,O0_4_MARGIN_all_s4,102,2,0.0196078431372549,1,0,0,0.00980392156862745,0.0,0.0,110,2,0.01818181818181818,1,0,0,0.00909090909090909,0.0,0.0,403.84522399999963,269.00803899999977,0.6661166779082672,313.42399999999975,55,5.698618181818177,87130029b5443647ed1f1febd32ab768bf957a0a1698217eb3cf14b2d00c6ecf,304,48618750477c9e8f9c1ac171bb68a9418047481c13e36a2f42ccd5ab8de058a2,abfe47fb6ea9403769c2cc6006ef383711590d781635f0ca02da22abb66a1c07
s16,s1601a,O0_4,124,10,0.08064516129032258,5,1,0,0.04032258064516129,0.008064516129032258,0.0,126,11,0.0873015873015873,5,1,0,0.03968253968253968,0.007936507936507936,0.0,411.3029530000003,267.0168340000004,0.6491974639433241,295.54799999999994,63,4.691238095238094,87130029b5443647ed1f1febd32ab768bf957a0a1698217eb3cf14b2d00c6ecf,352,2fdd54fe123d54e136ba3f7bd6cf43d79e75c71f854280f320b457d8cab2365e,8318f696508e1cf183f78d6baff3d6c15e4e85a9b26e918ae7bc25014db7ead3
s16,s1601a,O0_4_sw0p25,124,10,0.08064516129032258,5,1,0,0.04032258064516129,0.008064516129032258,0.0,126,11,0.0873015873015873,5,1,0,0.03968253968253968,0.007936507936507936,0.0,411.3029530000003,267.0168340000004,0.6491974639433241,295.54799999999994,63,4.691238095238094,87130029b5443647ed1f1febd32ab768bf957a0a1698217eb3cf14b2d00c6ecf,352,2fdd54fe123d54e136ba3f7bd6cf43d79e75c71f854280f320b457d8cab2365e,8318f696508e1cf183f78d6baff3d6c15e4e85a9b26e918ae7bc25014db7ead3
s16,s1601a,O0_4_sw0p5,124,10,0.08064516129032258,5,1,0,0.04032258064516129,0.008064516129032258,0.0,126,11,0.0873015873015873,5,1,0,0.03968253968253968,0.007936507936507936,0.0,411.3029530000003,267.0168340000004,0.6491974639433241,295.54799999999994,63,4.691238095238094,87130029b5443647ed1f1febd32ab768bf957a0a1698217eb3cf14b2d00c6ecf,352,2fdd54fe123d54e136ba3f7bd6cf43d79e75c71f854280f320b457d8cab2365e,8318f696508e1cf183f78d6baff3d6c15e4e85a9b26e918ae7bc25014db7ead3
s16,s1601a,O0_4_sw1,124,10,0.08064516129032258,5,1,0,0.04032258064516129,0.008064516129032258,0.0,126,11,0.0873015873015873,5,1,0,0.03968253968253968,0.007936507936507936,0.0,411.3029530000003,267.0168340000004,0.6491974639433241,295.54799999999994,63,4.691238095238094,87130029b5443647ed1f1febd32ab768bf957a0a1698217eb3cf14b2d00c6ecf,352,2fdd54fe123d54e136ba3f7bd6cf43d79e75c71f854280f320b457d8cab2365e,8318f696508e1cf183f78d6baff3d6c15e4e85a9b26e918ae7bc25014db7ead3
s16,s1601a,O0_4_sw2,128,9,0.0703125,4,0,0,0.03125,0.0,0.0,134,11,0.08208955223880597,4,0,0,0.029850746268656716,0.0,0.0,411.3029530000003,273.7952530000004,0.6656778197262304,303.2319999999999,67,4.525850746268655,87130029b5443647ed1f1febd32ab768bf957a0a1698217eb3cf14b2d00c6ecf,352,b102b4c949ec09f4ae7d8c1790d8f1154024ecb86ffa9a608e846e1b685ffc7b,2e077797d9e6b8743fcf88eeb03458f50f981fe3d62f8f3c305568ba87120f2b
s16,s1601a,O0_4_sw4,130,9,0.06923076923076923,4,0,0,0.03076923076923077,0.0,0.0,138,11,0.07971014492753623,4,0,0,0.028985507246376812,0.0,0.0,411.3029530000003,273.33989400000036,0.6645707063523081,302.55599999999987,69,4.3848695652173895,87130029b5443647ed1f1febd32ab768bf957a0a1698217eb3cf14b2d00c6ecf,352,5ce5795e944b7d6c37c303decae3e519795ef8e459dcbc59b9bb0aa5ff46261b,ab43d4a062bdb180db3a7038c820d68a9bbb2c7cea4de41c5cd7a4d667f14ba1
s16,s1601a,O0_4_keep90,124,10,0.08064516129032258,5,1,0,0.04032258064516129,0.008064516129032258,0.0,126,11,0.0873015873015873,5,1,0,0.03968253968253968,0.007936507936507936,0.0,411.3029530000003,267.0168340000004,0.6491974639433241,295.54799999999994,63,4.691238095238094,87130029b5443647ed1f1febd32ab768bf957a0a1698217eb3cf14b2d00c6ecf,352,2fdd54fe123d54e136ba3f7bd6cf43d79e75c71f854280f320b457d8cab2365e,8318f696508e1cf183f78d6baff3d6c15e4e85a9b26e918ae7bc25014db7ead3
s16,s1601a,O0_4_keep80,124,10,0.08064516129032258,5,1,0,0.04032258064516129,0.008064516129032258,0.0,126,11,0.0873015873015873,5,1,0,0.03968253968253968,0.007936507936507936,0.0,411.3029530000003,267.0168340000004,0.6491974639433241,295.54799999999994,63,4.691238095238094,87130029b5443647ed1f1febd32ab768bf957a0a1698217eb3cf14b2d00c6ecf,349,2fdd54fe123d54e136ba3f7bd6cf43d79e75c71f854280f320b457d8cab2365e,8318f696508e1cf183f78d6baff3d6c15e4e85a9b26e918ae7bc25014db7ead3
s16,s1601a,O0_4_keep70,122,8,0.06557377049180328,3,0,0,0.02459016393442623,0.0,0.0,124,9,0.07258064516129033,3,0,0,0.024193548387096774,0.0,0.0,411.3029530000003,256.74972500000035,0.6242350635396487,284.03999999999985,62,4.581290322580643,87130029b5443647ed1f1febd32ab768bf957a0a1698217eb3cf14b2d00c6ecf,335,a9157e90151ab0ccf6752058306f6d0e876deb0722682a03a92d68b020fed481,274d7d818f99a11bf28335bf72bb0bc5a5b413ae24c505065857554424da039b
s16,s1601a,O0_4_keep60,105,8,0.0761904761904762,4,0,0,0.0380952380952381,0.0,0.0,106,9,0.08490566037735849,4,0,0,0.03773584905660377,0.0,0.0,411.3029530000003,217.59436400000027,0.5290367171275819,238.64399999999998,53,4.502716981132075,87130029b5443647ed1f1febd32ab768bf957a0a1698217eb3cf14b2d00c6ecf,311,47f17b4d40c184cdb5adfe747b8d8dedb6d320f4c20630057f8d99be1606dfdf,588b4042e59c0e4abc34e5156b06a122b903ab3b8d28a6e0f53e2832572f6269
s16,s1601a,O0_4_keep50,34,3,0.08823529411764706,1,0,0,0.029411764705882353,0.0,0.0,34,3,0.08823529411764706,1,0,0,0.029411764705882353,0.0,0.0,411.3029530000003,68.31280500000017,0.16608877836089866,76.36799999999997,17,4.492235294117645,87130029b5443647ed1f1febd32ab768bf957a0a1698217eb3cf14b2d00c6ecf,196,699a76f26f992731b231c475527b5b1bd2aa20b305c5291c80f9c42273f9c33d,03983290ed23266bb09ca67da9170d44815b25582d65b55a68ab36d64e96f95e
s16,s1601a,O0_4_MARGIN_all_s0p5,124,9,0.07258064516129033,4,1,0,0.03225806451612903,0.008064516129032258,0.0,126,10,0.07936507936507936,4,1,0,0.031746031746031744,0.007936507936507936,0.0,411.3029530000003,266.4348340000004,0.6477824485738624,294.75199999999995,63,4.6786031746031735,87130029b5443647ed1f1febd32ab768bf957a0a1698217eb3cf14b2d00c6ecf,352,089d8767ad883b3c980be95ac388d4db87e27e0d41cbe9522b814e3e1d6d06cf,77995823a429c3079e01b3f91183c290616f04a1a23f5e5d9650bdb236b42801
s16,s1601a,O0_4_MARGIN_all_s1,124,8,0.06451612903225806,4,1,0,0.03225806451612903,0.008064516129032258,0.0,126,9,0.07142857142857142,4,1,0,0.031746031746031744,0.007936507936507936,0.0,411.3029530000003,263.7080640000003,0.6411528584381453,291.3839999999999,63,4.625142857142856,87130029b5443647ed1f1febd32ab768bf957a0a1698217eb3cf14b2d00c6ecf,352,93bee991d2cb9d7523e0cb2aed5d1e97ddca7f02a913f7fe7e48926a11522785,ec17a097211065d647594af1275e0271625ac55c4a6188b4578e8ac4fd5e2fdf
s16,s1601a,O0_4_MARGIN_all_s2,124,7,0.056451612903225805,3,1,0,0.024193548387096774,0.008064516129032258,0.0,126,8,0.06349206349206349,3,1,0,0.023809523809523808,0.007936507936507936,0.0,411.3029530000003,261.3881710000003,0.6355125074922574,288.7159999999999,63,4.582793650793649,87130029b5443647ed1f1febd32ab768bf957a0a1698217eb3cf14b2d00c6ecf,352,ee46cf5f1e0552ea4f7d789e1a81000fccc73474126f001d9a0b5b03768bff0e,fa007332ceb378a03f212d3df890203a2392f928ed9430045343f4e9c3e2799c
s16,s1601a,O0_4_MARGIN_all_s4,125,7,0.056,3,1,0,0.024,0.008,0.0,128,8,0.0625,3,1,0,0.0234375,0.0078125,0.0,411.3029530000003,260.82917100000026,0.6341534119741661,287.7479999999999,64,4.496062499999998,87130029b5443647ed1f1febd32ab768bf957a0a1698217eb3cf14b2d00c6ecf,352,ca38864da36a292531d838a6574db80493432bc7cf72a6e0943e7bd41f6daa16,6f89bc78a1a71f42a2f2a621313730f8b4938b94090ca71efb89d15dc674d56c
s16,s1601b,O0_4,106,6,0.05660377358490566,4,0,0,0.03773584905660377,0.0,0.0,114,7,0.06140350877192982,5,0,0,0.043859649122807015,0.0,0.0,386.1117060000002,265.19077100000027,0.6868239602142499,298.4800000000001,57,5.236491228070177,87130029b5443647ed1f1febd32ab768bf957a0a1698217eb3cf14b2d00c6ecf,315,88dfff09e2cdc0889340a84ea2a46d2cc1d4e6fcb985b656b9fc7e39e4d19049,71bc57fa846a7ca0a9ae2bd1882f70cc6841fa92defe4d637ec3eabea51a7bb2
s16,s1601b,O0_4_sw0p25,106,6,0.05660377358490566,4,0,0,0.03773584905660377,0.0,0.0,114,7,0.06140350877192982,5,0,0,0.043859649122807015,0.0,0.0,386.1117060000002,265.19077100000027,0.6868239602142499,298.4800000000001,57,5.236491228070177,87130029b5443647ed1f1febd32ab768bf957a0a1698217eb3cf14b2d00c6ecf,315,88dfff09e2cdc0889340a84ea2a46d2cc1d4e6fcb985b656b9fc7e39e4d19049,71bc57fa846a7ca0a9ae2bd1882f70cc6841fa92defe4d637ec3eabea51a7bb2
s16,s1601b,O0_4_sw0p5,106,6,0.05660377358490566,4,0,0,0.03773584905660377,0.0,0.0,114,7,0.06140350877192982,5,0,0,0.043859649122807015,0.0,0.0,386.1117060000002,265.19077100000027,0.6868239602142499,298.4800000000001,57,5.236491228070177,87130029b5443647ed1f1febd32ab768bf957a0a1698217eb3cf14b2d00c6ecf,315,88dfff09e2cdc0889340a84ea2a46d2cc1d4e6fcb985b656b9fc7e39e4d19049,71bc57fa846a7ca0a9ae2bd1882f70cc6841fa92defe4d637ec3eabea51a7bb2
s16,s1601b,O0_4_sw1,106,6,0.05660377358490566,4,0,0,0.03773584905660377,0.0,0.0,114,7,0.06140350877192982,5,0,0,0.043859649122807015,0.0,0.0,386.1117060000002,265.19077100000027,0.6868239602142499,298.4800000000001,57,5.236491228070177,87130029b5443647ed1f1febd32ab768bf957a0a1698217eb3cf14b2d00c6ecf,315,88dfff09e2cdc0889340a84ea2a46d2cc1d4e6fcb985b656b9fc7e39e4d19049,71bc57fa846a7ca0a9ae2bd1882f70cc6841fa92defe4d637ec3eabea51a7bb2
s16,s1601b,O0_4_sw2,107,6,0.056074766355140186,4,0,0,0.037383177570093455,0.0,0.0,116,7,0.0603448275862069,5,0,0,0.04310344827586207,0.0,0.0,386.1117060000002,266.5647710000003,0.6903825158825933,300.13600000000014,58,5.174758620689658,87130029b5443647ed1f1febd32ab768bf957a0a1698217eb3cf14b2d00c6ecf,315,da3ae3b63ef852bdd65978ff234adf825c53a43a1bc71b79e09d070faf702388,0c06fe7104cf54549c6786c556a7d80fcdb36f7a1762a5f6da7392de6494e911
s16,s1601b,O0_4_sw4,110,7,0.06363636363636363,4,0,0,0.03636363636363636,0.0,0.0,122,8,0.06557377049180328,5,0,0,0.040983606557377046,0.0,0.0,386.1117060000002,267.19377100000025,0.6920115781208667,300.9080000000002,61,4.932918032786889,87130029b5443647ed1f1febd32ab768bf957a0a1698217eb3cf14b2d00c6ecf,315,5f9437bc2a8606779ce44e26a588ddf1e4e7bc5be13ebf17fc74c9a9b467ac5a,eab18f5d2b5fba4923955d1f6ce727f4c7ac1445dda9e6cfc26e7444dbeb7d7d
s16,s1601b,O0_4_keep90,106,6,0.05660377358490566,4,0,0,0.03773584905660377,0.0,0.0,114,7,0.06140350877192982,5,0,0,0.043859649122807015,0.0,0.0,386.1117060000002,265.19077100000027,0.6868239602142499,298.4800000000001,57,5.236491228070177,87130029b5443647ed1f1febd32ab768bf957a0a1698217eb3cf14b2d00c6ecf,315,88dfff09e2cdc0889340a84ea2a46d2cc1d4e6fcb985b656b9fc7e39e4d19049,71bc57fa846a7ca0a9ae2bd1882f70cc6841fa92defe4d637ec3eabea51a7bb2
s16,s1601b,O0_4_keep80,105,6,0.05714285714285714,4,0,0,0.0380952380952381,0.0,0.0,112,7,0.0625,5,0,0,0.044642857142857144,0.0,0.0,386.1117060000002,261.48877100000027,0.6772360613174472,294.1840000000001,56,5.253285714285716,87130029b5443647ed1f1febd32ab768bf957a0a1698217eb3cf14b2d00c6ecf,308,e4cd258a243f992f81953aaca47aca9e1f7425ddaea4f3fd20584fbd21919c5c,5ad66b0b38381a83d490f42186edad7f7d17d0602ca42d0b3e53db51a90fbf03
s16,s1601b,O0_4_keep70,99,6,0.06060606060606061,4,0,0,0.04040404040404041,0.0,0.0,106,7,0.0660377358490566,5,0,0,0.04716981132075472,0.0,0.0,386.1117060000002,253.22367000000025,0.6558300773196453,284.3000000000001,53,5.364150943396229,87130029b5443647ed1f1febd32ab768bf957a0a1698217eb3cf14b2d00c6ecf,297,305e349bb26c37b592a013507e05b6849fb644a704ac0af514b1997af7dbb75f,02585234a824b8dec9363f2887ad0d5fc54c7f12a29d9b6140a3e21aa2e560b3
s16,s1601b,O0_4_keep60,78,2,0.02564102564102564,2,0,0,0.02564102564102564,0.0,0.0,82,2,0.024390243902439025,2,0,0,0.024390243902439025,0.0,0.0,386.1117060000002,209.7822180000001,0.5433200152703995,235.68400000000008,41,5.748390243902441,87130029b5443647ed1f1febd32ab768bf957a0a1698217eb3cf14b2d00c6ecf,266,2a6517ed434e16693b2a1f935cb59ce6d9dc55e4536e5ebafa984982bbfb583d,3adaff88bc3b6dd3062acffe8262db7a5e1a5fe86960254477425a13f568d2e8
s16,s1601b,O0_4_keep50,42,0,0.0,0,0,0,0.0,0.0,0.0,44,0,0.0,0,0,0,0.0,0.0,0.0,386.1117060000002,127.39556700000026,0.32994484502886373,144.48399999999998,22,6.567454545454544,87130029b5443647ed1f1febd32ab768bf957a0a1698217eb3cf14b2d00c6ecf,177,07d316dd3f2423322dfd79d364184c3221ff5699133b6ed0828ea7f36080bc64,213832f658a627f89294de5fa8422729d4bb942e0cc3afb6c0c22c1c6606ad7f
s16,s1601b,O0_4_MARGIN_all_s0p5,106,6,0.05660377358490566,4,0,0,0.03773584905660377,0.0,0.0,114,7,0.06140350877192982,5,0,0,0.043859649122807015,0.0,0.0,386.1117060000002,264.79179500000026,0.6857906426696116,297.8920000000001,57,5.226175438596493,87130029b5443647ed1f1febd32ab768bf957a0a1698217eb3cf14b2d00c6ecf,315,3b6d27b03cd1e2b44d91d41fcb576b9189ce90a07375b099530bc777e7cde34f,9bf19a678fe66fa50041f7734e95f80c65375132509e995f61e3ec940e45686f
s16,s1601b,O0_4_MARGIN_all_s1,106,6,0.05660377358490566,4,0,0,0.03773584905660377,0.0,0.0,114,7,0.06140350877192982,5,0,0,0.043859649122807015,0.0,0.0,386.1117060000002,264.3867950000003,0.6847417234223926,297.2760000000001,57,5.215368421052633,87130029b5443647ed1f1febd32ab768bf957a0a1698217eb3cf14b2d00c6ecf,315,d0ac26731c663a196e52ae1aaeef6d3c86f244f75f2f2b600914ff7d677ea586,c0d741ca660d430acdf1772f26ac28681639b3761835a3a385d6ea4aaf470a57
s16,s1601b,O0_4_MARGIN_all_s2,106,5,0.04716981132075472,3,0,0,0.02830188679245283,0.0,0.0,114,5,0.043859649122807015,3,0,0,0.02631578947368421,0.0,0.0,386.1117060000002,264.95791400000024,0.686220878265732,297.8080000000001,57,5.224701754385967,87130029b5443647ed1f1febd32ab768bf957a0a1698217eb3cf14b2d00c6ecf,315,f4eeb007e4422b6700717bb0cb81cce7199355c98d9c8783624ffc619b0b4042,6ba3109d1fadb37c3a6825d4657b59aca8846e6c57c8d82ef471849acbb938cf
s16,s1601b,O0_4_MARGIN_all_s4,107,6,0.056074766355140186,3,0,0,0.028037383177570093,0.0,0.0,116,6,0.05172413793103448,3,0,0,0.02586206896551724,0.0,0.0,386.1117060000002,261.65257900000006,0.6776603115990478,293.8440000000001,58,5.066275862068967,87130029b5443647ed1f1febd32ab768bf957a0a1698217eb3cf14b2d00c6ecf,315,179ad1566d657bc8088781f886812b10badf9d97a3371049dbb79e8d922af167,0b7eaf7af6e7b09c496fb06ccee9bae36c8fb0f569364a7f04df024a2a2e32b3
s16,s1602a,O0_4,119,4,0.03361344537815126,2,0,0,0.01680672268907563,0.0,0.0,124,5,0.04032258064516129,3,0,0,0.024193548387096774,0.0,0.0,417.5880069999999,262.50600700000007,0.6286243919835565,303.62000000000023,62,4.897096774193552,87130029b5443647ed1f1febd32ab768bf957a0a1698217eb3cf14b2d00c6ecf,407,8b176bc966615b7bd02d74a1ce55a6d182175715118699a08b6e427fc25a6da7,dff6dfb46b67ce84931d3e00ce676cc4937e2c04d03df550823895d92fa871b9
s16,s1602a,O0_4_sw0p25,119,4,0.03361344537815126,2,0,0,0.01680672268907563,0.0,0.0,124,5,0.04032258064516129,3,0,0,0.024193548387096774,0.0,0.0,417.5880069999999,262.50600700000007,0.6286243919835565,303.71600000000024,62,4.898645161290326,87130029b5443647ed1f1febd32ab768bf957a0a1698217eb3cf14b2d00c6ecf,407,a3481a55c3efb72b783700ab33cf88730321358c5f548f476e9300608c22a994,00d2bc2587e078b9dc7310bd2c1b2cf6e42c591710c9bef1d4d248301e560f9a
s16,s1602a,O0_4_sw0p5,119,4,0.03361344537815126,2,0,0,0.01680672268907563,0.0,0.0,124,5,0.04032258064516129,3,0,0,0.024193548387096774,0.0,0.0,417.5880069999999,262.50600700000007,0.6286243919835565,303.71600000000024,62,4.898645161290326,87130029b5443647ed1f1febd32ab768bf957a0a1698217eb3cf14b2d00c6ecf,407,a3481a55c3efb72b783700ab33cf88730321358c5f548f476e9300608c22a994,00d2bc2587e078b9dc7310bd2c1b2cf6e42c591710c9bef1d4d248301e560f9a
s16,s1602a,O0_4_sw1,120,4,0.03333333333333333,2,0,0,0.016666666666666666,0.0,0.0,126,5,0.03968253968253968,3,0,0,0.023809523809523808,0.0,0.0,417.5880069999999,264.88600700000006,0.634323789380283,306.3400000000002,63,4.862539682539686,87130029b5443647ed1f1febd32ab768bf957a0a1698217eb3cf14b2d00c6ecf,407,b5775f7731e6f49ec632c326c4ee3dccdf6f0a87a724bf71c6b01d565d0e4962,6197883ca084bf823b7ddd44559eb7a142e07d102a8542ee27c89dcc82321a4d
s16,s1602a,O0_4_sw2,122,4,0.03278688524590164,2,0,0,0.01639344262295082,0.0,0.0,130,5,0.038461538461538464,3,0,0,0.023076923076923078,0.0,0.0,417.5880069999999,266.192224,0.6374517934850559,307.7640000000002,65,4.734830769230772,87130029b5443647ed1f1febd32ab768bf957a0a1698217eb3cf14b2d00c6ecf,407,89ba0d607fe71baadb5db410aaa2dc44e0d85d2bc517c8103754fee92c015c10,63b6c48d728d4f211901448f379603210838ab79bfab581bce2bd88bdca6c1dd
s16,s1602a,O0_4_sw4,124,5,0.04032258064516129,3,1,0,0.024193548387096774,0.008064516129032258,0.0,134,7,0.05223880597014925,5,2,0,0.03731343283582089,0.014925373134328358,0.0,417.5880069999999,265.6809770000001,0.6362275078460291,306.8760000000002,67,4.580238805970152,87130029b5443647ed1f1febd32ab768bf957a0a1698217eb3cf14b2d00c6ecf,407,2f794fcf0750e9763bdff823a440d4b3dbe451e6ea80aa8770fd7d3812d3c56b,7fb0577f35f9f57a05137e6c4c1b5acaf33bd6f11eb2e84426e820fb70365a12
s16,s1602a,O0_4_keep90,119,4,0.03361344537815126,2,0,0,0.01680672268907563,0.0,0.0,124,5,0.04032258064516129,3,0,0,0.024193548387096774,0.0,0.0,417.5880069999999,262.50600700000007,0.6286243919835565,303.62000000000023,62,4.897096774193552,87130029b5443647ed1f1febd32ab768bf957a0a1698217eb3cf14b2d00c6ecf,407,8b176bc966615b7bd02d74a1ce55a6d182175715118699a08b6e427fc25a6da7,dff6dfb46b67ce84931d3e00ce676cc4937e2c04d03df550823895d92fa871b9
s16,s1602a,O0_4_keep80,119,4,0.03361344537815126,2,0,0,0.01680672268907563,0.0,0.0,124,5,0.04032258064516129,3,0,0,0.024193548387096774,0.0,0.0,417.5880069999999,262.50600700000007,0.6286243919835565,303.71600000000024,62,4.898645161290326,87130029b5443647ed1f1febd32ab768bf957a0a1698217eb3cf14b2d00c6ecf,399,6dbf90628e8685ba1bfedc0a43404183f5806a869564879b20b2b67b21ad51fb,cd857a7d764c072b777473bebf83520273341c30b6778383f0ab79c654b09380
s16,s1602a,O0_4_keep70,111,3,0.02702702702702703,1,0,0,0.009009009009009009,0.0,0.0,114,3,0.02631578947368421,1,0,0,0.008771929824561403,0.0,0.0,417.5880069999999,243.56774999999988,0.5832728572590447,280.5640000000002,57,4.922175438596494,87130029b5443647ed1f1febd32ab768bf957a0a1698217eb3cf14b2d00c6ecf,381,a1541e756ac8eff0322f67872827ed71b6f0a8517e35542ed51a9886f42af015,aa427dd5633afa5f6ca50f5ee9e3b3641bb9740da9b056c5f2f587c0ac59722a
s16,s1602a,O0_4_keep60,93,3,0.03225806451612903,1,0,0,0.010752688172043012,0.0,0.0,94,3,0.031914893617021274,1,0,0,0.010638297872340425,0.0,0.0,417.5880069999999,194.5502289999999,0.4658903649979582,224.11600000000013,47,4.768425531914897,87130029b5443647ed1f1febd32ab768bf957a0a1698217eb3cf14b2d00c6ecf,346,8583cc9370630336420dd5be607f538046eda878fbffb11648a9308c33f3147e,c4338b9819ce5dd991da3c385c3b7630aa5abd2c7d6aa84a2de4b7a6ca7d3aaf
s16,s1602a,O0_4_keep50,38,3,0.07894736842105263,3,1,0,0.07894736842105263,0.02631578947368421,0.0,38,3,0.07894736842105263,3,1,0,0.07894736842105263,0.02631578947368421,0.0,417.5880069999999,84.88069999999985,0.2032642187446726,99.50000000000003,19,5.236842105263159,87130029b5443647ed1f1febd32ab768bf957a0a1698217eb3cf14b2d00c6ecf,229,b0676d686b616c01ab654788db380840ce80f614323d704e00cbbbf6112897be,9ccd16a067eb4b9f69f6490d69ba4b874db228a5bdff17626b7b8c3f0a66fc73
s16,s1602a,O0_4_MARGIN_all_s0p5,119,4,0.03361344537815126,2,0,0,0.01680672268907563,0.0,0.0,124,5,0.04032258064516129,3,0,0,0.024193548387096774,0.0,0.0,417.5880069999999,262.50600700000007,0.6286243919835565,303.71600000000024,62,4.898645161290326,87130029b5443647ed1f1febd32ab768bf957a0a1698217eb3cf14b2d00c6ecf,407,a3481a55c3efb72b783700ab33cf88730321358c5f548f476e9300608c22a994,00d2bc2587e078b9dc7310bd2c1b2cf6e42c591710c9bef1d4d248301e560f9a
s16,s1602a,O0_4_MARGIN_all_s1,119,4,0.03361344537815126,2,0,0,0.01680672268907563,0.0,0.0,124,5,0.04032258064516129,3,0,0,0.024193548387096774,0.0,0.0,417.5880069999999,258.81092100000006,0.6197757518452874,299.4600000000002,62,4.830000000000004,87130029b5443647ed1f1febd32ab768bf957a0a1698217eb3cf14b2d00c6ecf,407,c47c7aa67c68d38af8f6403f6ec9c7f597e719c2ea605e8b4a82c9c31fd6b00d,1d776f7d1a1bb32fda722630b2c69e8c52715e1df0a65bbcb0afb288a0b3c0a0
s16,s1602a,O0_4_MARGIN_all_s2,119,4,0.03361344537815126,2,0,0,0.01680672268907563,0.0,0.0,124,5,0.04032258064516129,3,0,0,0.024193548387096774,0.0,0.0,417.5880069999999,254.64462900000012,0.6097987124424293,294.01600000000025,62,4.7421935483871005,87130029b5443647ed1f1febd32ab768bf957a0a1698217eb3cf14b2d00c6ecf,407,8a510a99360d753854e602ad052a68b56e99179ee6e3da8bf54d9f446e4ade54,f0e896062ccf9606c43a2f662e9b5a56c78aed5951618e83e49e9c14396d8946
s16,s1602a,O0_4_MARGIN_all_s4,121,5,0.04132231404958678,3,1,0,0.024793388429752067,0.008264462809917356,0.0,128,6,0.046875,4,1,0,0.03125,0.0078125,0.0,417.5880069999999,249.848431,0.5983132341250406,287.58000000000015,64,4.493437500000002,87130029b5443647ed1f1febd32ab768bf957a0a1698217eb3cf14b2d00c6ecf,407,f311d0394d702638cdf1ae885ed521454d64c57f3445129c2902a8dbba654302,200f9338bae8909c46e317d7b3c8d43667e282f19a55d7fcdb23b89bea33266a
s16,s1602b,O0_4,87,7,0.08045977011494253,3,1,1,0.034482758620689655,0.011494252873563218,0.011494252873563218,88,7,0.07954545454545454,3,1,1,0.03409090909090909,0.011363636363636364,0.011363636363636364,346.54061999999965,182.8572469999998,0.5276646847345052,215.2199999999998,44,4.891363636363632,87130029b5443647ed1f1febd32ab768bf957a0a1698217eb3cf14b2d00c6ecf,367,c15370e17e4669319df8025a1228a82f6ce3e92b6a7d8783ea515ebed0f6c5f9,15df7e690f4f97936cb897175414753f9fc516e5e9451fac36968e029edf0e85
s16,s1602b,O0_4_sw0p25,88,7,0.07954545454545454,3,1,1,0.03409090909090909,0.011363636363636364,0.011363636363636364,90,7,0.07777777777777778,3,1,1,0.03333333333333333,0.011111111111111112,0.011111111111111112,346.54061999999965,184.60112999999984,0.5326969461761799,217.12799999999976,45,4.825066666666661,87130029b5443647ed1f1febd32ab768bf957a0a1698217eb3cf14b2d00c6ecf,367,0155a4114ca1cba2d2927b6f676868040e25036e551871be39d3efb673b3b199,48d9fd959d32f44fc85e6062b1192e8f05bd52064245d070dd992d99502b9cd6
s16,s1602b,O0_4_sw0p5,88,7,0.07954545454545454,3,1,1,0.03409090909090909,0.011363636363636364,0.011363636363636364,90,7,0.07777777777777778,3,1,1,0.03333333333333333,0.011111111111111112,0.011111111111111112,346.54061999999965,184.60112999999984,0.5326969461761799,217.12799999999976,45,4.825066666666661,87130029b5443647ed1f1febd32ab768bf957a0a1698217eb3cf14b2d00c6ecf,367,0155a4114ca1cba2d2927b6f676868040e25036e551871be39d3efb673b3b199,48d9fd959d32f44fc85e6062b1192e8f05bd52064245d070dd992d99502b9cd6
s16,s1602b,O0_4_sw1,88,7,0.07954545454545454,3,1,1,0.03409090909090909,0.011363636363636364,0.011363636363636364,90,7,0.07777777777777778,3,1,1,0.03333333333333333,0.011111111111111112,0.011111111111111112,346.54061999999965,184.60112999999984,0.5326969461761799,217.12799999999976,45,4.825066666666661,87130029b5443647ed1f1febd32ab768bf957a0a1698217eb3cf14b2d00c6ecf,367,0155a4114ca1cba2d2927b6f676868040e25036e551871be39d3efb673b3b199,48d9fd959d32f44fc85e6062b1192e8f05bd52064245d070dd992d99502b9cd6
s16,s1602b,O0_4_sw2,90,7,0.07777777777777778,3,1,1,0.03333333333333333,0.011111111111111112,0.011111111111111112,94,7,0.07446808510638298,3,1,1,0.031914893617021274,0.010638297872340425,0.010638297872340425,346.54061999999965,184.60112999999984,0.5326969461761799,217.12799999999976,47,4.619744680851059,87130029b5443647ed1f1febd32ab768bf957a0a1698217eb3cf14b2d00c6ecf,367,f89bf6c592f9b96ab7d193026138f25851057d44098e0aedcbd5a8f508805fa7,34ab8bee6f5e69699da9fd6bef2979d2227e207f199d595b2ab55a1a95af517f
s16,s1602b,O0_4_sw4,92,7,0.07608695652173914,2,0,0,0.021739130434782608,0.0,0.0,98,7,0.07142857142857142,2,0,0,0.02040816326530612,0.0,0.0,346.54061999999965,184.64012999999994,0.5328094870956257,217.3159999999998,49,4.435020408163261,87130029b5443647ed1f1febd32ab768bf957a0a1698217eb3cf14b2d00c6ecf,367,461c23fab62d90ab98d2c95e743cbd7996173235099f7bbd2ab9a5c9ea5a1657,b565d134f5be797862ce2318fe8a2c2647f992a6bea9de11e6cc4013a1d332a8
s16,s1602b,O0_4_keep90,87,7,0.08045977011494253,3,1,1,0.034482758620689655,0.011494252873563218,0.011494252873563218,88,7,0.07954545454545454,3,1,1,0.03409090909090909,0.011363636363636364,0.011363636363636364,346.54061999999965,182.8572469999998,0.5276646847345052,215.2199999999998,44,4.891363636363632,87130029b5443647ed1f1febd32ab768bf957a0a1698217eb3cf14b2d00c6ecf,367,c15370e17e4669319df8025a1228a82f6ce3e92b6a7d8783ea515ebed0f6c5f9,15df7e690f4f97936cb897175414753f9fc516e5e9451fac36968e029edf0e85
s16,s1602b,O0_4_keep80,87,8,0.09195402298850575,4,1,1,0.04597701149425287,0.011494252873563218,0.011494252873563218,88,8,0.09090909090909091,4,1,1,0.045454545454545456,0.011363636363636364,0.011363636363636364,346.54061999999965,178.21922799999987,0.5142809174866717,210.61999999999978,44,4.786818181818177,87130029b5443647ed1f1febd32ab768bf957a0a1698217eb3cf14b2d00c6ecf,359,a1d7ed61d0c1c0c161b4292f9f4a8b43654c5a559d187944fcb736fb49183e49,b842cc117b85aae8cfd3adcc29c86f36b0382804f3347616c5612872cf78122e
s16,s1602b,O0_4_keep70,83,8,0.0963855421686747,4,1,1,0.04819277108433735,0.012048192771084338,0.012048192771084338,84,8,0.09523809523809523,4,1,1,0.047619047619047616,0.011904761904761904,0.011904761904761904,346.54061999999965,169.10186099999999,0.48797125427893606,199.4199999999998,42,4.7480952380952335,87130029b5443647ed1f1febd32ab768bf957a0a1698217eb3cf14b2d00c6ecf,351,b48c9a2f5de44a9522b440e2a8781b38b35228264ceb3008b7f55f1086a12497,3a4a8c0d948a2e4436034b1f667655e47b7f730a5b40c86c571635ab87e0ac71
s16,s1602b,O0_4_keep60,75,8,0.10666666666666667,3,0,0,0.04,0.0,0.0,76,8,0.10526315789473684,3,0,0,0.039473684210526314,0.0,0.0,346.54061999999965,148.36586199999994,0.42813411599482937,175.48399999999978,38,4.617999999999994,87130029b5443647ed1f1febd32ab768bf957a0a1698217eb3cf14b2d00c6ecf,311,9dc89889dc517edf7c0eca12c526fdbc48b57998f2572593d214889b9cd0037d,e175146bc8c592f3e8ac9bd60f0c276f96a15c293a193135cfd486e75d46e7b8
s16,s1602b,O0_4_keep50,46,6,0.13043478260869565,2,0,0,0.043478260869565216,0.0,0.0,46,6,0.13043478260869565,2,0,0,0.043478260869565216,0.0,0.0,346.54061999999965,92.11903999999976,0.2658246528213629,112.63999999999996,23,4.897391304347824,87130029b5443647ed1f1febd32ab768bf957a0a1698217eb3cf14b2d00c6ecf,210,fcbfe916d1a239d833044296b7d01852b2de8d8dbed86f552f682e8a5d3a139b,1b778c20add7546b3cee9bb45a09aeb98dd587bd98eb78e40358e2b5b429714c
s16,s1602b,O0_4_MARGIN_all_s0p5,87,7,0.08045977011494253,3,1,1,0.034482758620689655,0.011494252873563218,0.011494252873563218,88,7,0.07954545454545454,3,1,1,0.03409090909090909,0.011363636363636364,0.011363636363636364,346.54061999999965,182.8572469999998,0.5276646847345052,215.2199999999998,44,4.891363636363632,87130029b5443647ed1f1febd32ab768bf957a0a1698217eb3cf14b2d00c6ecf,367,c15370e17e4669319df8025a1228a82f6ce3e92b6a7d8783ea515ebed0f6c5f9,15df7e690f4f97936cb897175414753f9fc516e5e9451fac36968e029edf0e85
s16,s1602b,O0_4_MARGIN_all_s1,88,7,0.07954545454545454,3,1,1,0.03409090909090909,0.011363636363636364,0.011363636363636364,90,7,0.07777777777777778,3,1,1,0.03333333333333333,0.011111111111111112,0.011111111111111112,346.54061999999965,184.60112999999984,0.5326969461761799,217.12799999999976,45,4.825066666666661,87130029b5443647ed1f1febd32ab768bf957a0a1698217eb3cf14b2d00c6ecf,367,0155a4114ca1cba2d2927b6f676868040e25036e551871be39d3efb673b3b199,48d9fd959d32f44fc85e6062b1192e8f05bd52064245d070dd992d99502b9cd6
s16,s1602b,O0_4_MARGIN_all_s2,88,8,0.09090909090909091,4,1,1,0.045454545454545456,0.011363636363636364,0.011363636363636364,90,8,0.08888888888888889,4,1,1,0.044444444444444446,0.011111111111111112,0.011111111111111112,346.54061999999965,180.48415099999988,0.5208167256121377,212.2959999999997,45,4.717688888888882,87130029b5443647ed1f1febd32ab768bf957a0a1698217eb3cf14b2d00c6ecf,367,018f8820bf8c578974061b084e590ac3d0c1f42dd5931606095a2d8ffcf68609,ed80fe9cc0d4f1fd35ef0fdae1e1cbcb6be736d0ff498927a7fd7ddaffe36d1f
s16,s1602b,O0_4_MARGIN_all_s4,88,8,0.09090909090909091,3,0,0,0.03409090909090909,0.0,0.0,90,8,0.08888888888888889,3,0,0,0.03333333333333333,0.0,0.0,346.54061999999965,178.12315099999984,0.5140036714887855,209.44399999999973,45,4.654311111111105,87130029b5443647ed1f1febd32ab768bf957a0a1698217eb3cf14b2d00c6ecf,367,097ce9049c95a3396bbcccaab5b8fe512146c109d10fb9ce50de852a9eb15333,39ad4b5a7d3b25614d9be8eea57594709daf1821ca5bd3fb44c2fdeeaac96af0
s16,s1603a,O0_4,120,9,0.075,6,1,0,0.05,0.008333333333333333,0.0,124,10,0.08064516129032258,7,1,0,0.056451612903225805,0.008064516129032258,0.0,429.5231180000001,265.7973009999998,0.6188195462857478,300.5679999999999,62,4.847870967741934,87130029b5443647ed1f1febd32ab768bf957a0a1698217eb3cf14b2d00c6ecf,402,7af3d0d513f0ef5982fa5a9913436ef3594cd28074ab8785255499e87d046900,a0f86bf11d92bdd1ba2dc1e21ee5625d487f4e85d1b21f389babfd1513b18824
s16,s1603a,O0_4_sw0p25,120,9,0.075,6,1,0,0.05,0.008333333333333333,0.0,124,10,0.08064516129032258,7,1,0,0.056451612903225805,0.008064516129032258,0.0,429.5231180000001,265.7973009999998,0.6188195462857478,300.5679999999999,62,4.847870967741934,87130029b5443647ed1f1febd32ab768bf957a0a1698217eb3cf14b2d00c6ecf,402,7af3d0d513f0ef5982fa5a9913436ef3594cd28074ab8785255499e87d046900,a0f86bf11d92bdd1ba2dc1e21ee5625d487f4e85d1b21f389babfd1513b18824
s16,s1603a,O0_4_sw0p5,121,8,0.06611570247933884,5,1,0,0.04132231404958678,0.008264462809917356,0.0,126,9,0.07142857142857142,6,1,0,0.047619047619047616,0.007936507936507936,0.0,429.5231180000001,267.42462899999975,0.6226082317646048,302.5839999999999,63,4.802920634920633,87130029b5443647ed1f1febd32ab768bf957a0a1698217eb3cf14b2d00c6ecf,402,63e949f08c0330533a22802004fab438ded763060c4e0f5f60fe4f74048f25c8,d2ac53447faa9be1f971b4345637e416e1d64154e4ca40639fe3f5af2533bcef
s16,s1603a,O0_4_sw1,122,8,0.06557377049180328,5,1,0,0.040983606557377046,0.00819672131147541,0.0,128,9,0.0703125,6,1,0,0.046875,0.0078125,0.0,429.5231180000001,268.84062899999975,0.6259049111298352,304.1039999999999,64,4.751624999999999,87130029b5443647ed1f1febd32ab768bf957a0a1698217eb3cf14b2d00c6ecf,402,c551e4fc5dd450bc0777b808d6cb78dfc68c96566defb5ac6b4e0280d41b4224,d6c60ae31f3ad6e3b718db5eed0ffd01967c29c1514446efb22415b211b7f6cc
s16,s1603a,O0_4_sw2,124,8,0.06451612903225806,5,1,0,0.04032258064516129,0.008064516129032258,0.0,132,9,0.06818181818181818,6,1,0,0.045454545454545456,0.007575757575757576,0.0,429.5231180000001,269.69862899999976,0.6279024753214789,305.1359999999999,66,4.623272727272726,87130029b5443647ed1f1febd32ab768bf957a0a1698217eb3cf14b2d00c6ecf,402,63a9ff948d4c9ad1803c3e1f6a41d6e0b9639359dac77869d9a36595c3a8c0c7,7baff3fe11d3119d38fb61fe31f73b7c7522fd857210c35e0f871eb82b79724c
s16,s1603a,O0_4_sw4,125,7,0.056,4,1,0,0.032,0.008,0.0,134,8,0.05970149253731343,5,1,0,0.03731343283582089,0.007462686567164179,0.0,429.5231180000001,269.2462199999998,0.6268491932487782,304.1959999999999,67,4.540238805970148,87130029b5443647ed1f1febd32ab768bf957a0a1698217eb3cf14b2d00c6ecf,402,71ef09ef5d8220e35ba0cd8e70c1f4b3cf91367005ebc00233c17c0490f0cedc,f81349c01998e61251e5c57d85e8e26c3cd654b13072a293c771143f61d90c15
s16,s1603a,O0_4_keep90,120,9,0.075,6,1,0,0.05,0.008333333333333333,0.0,124,10,0.08064516129032258,7,1,0,0.056451612903225805,0.008064516129032258,0.0,429.5231180000001,265.7973009999998,0.6188195462857478,300.5679999999999,62,4.847870967741934,87130029b5443647ed1f1febd32ab768bf957a0a1698217eb3cf14b2d00c6ecf,402,7af3d0d513f0ef5982fa5a9913436ef3594cd28074ab8785255499e87d046900,a0f86bf11d92bdd1ba2dc1e21ee5625d487f4e85d1b21f389babfd1513b18824
s16,s1603a,O0_4_keep80,120,9,0.075,6,1,0,0.05,0.008333333333333333,0.0,124,10,0.08064516129032258,7,1,0,0.056451612903225805,0.008064516129032258,0.0,429.5231180000001,264.98830099999975,0.6169360621003865,299.52799999999996,62,4.831096774193548,87130029b5443647ed1f1febd32ab768bf957a0a1698217eb3cf14b2d00c6ecf,395,9582beb3a97c0737b9e569ce4a9bdff6085c2e9e1970e434f70a93e3bacf4ce3,93a50c13cd9a767189b9a55775c128ceed2ca264a2df8ec80365f5fa98cf2f0a
s16,s1603a,O0_4_keep70,113,6,0.05309734513274336,4,1,0,0.035398230088495575,0.008849557522123894,0.0,116,7,0.0603448275862069,5,1,0,0.04310344827586207,0.008620689655172414,0.0,429.5231180000001,246.2819399999998,0.5733845971941369,277.9559999999999,58,4.792344827586205,87130029b5443647ed1f1febd32ab768bf957a0a1698217eb3cf14b2d00c6ecf,383,ccec61267670acff9a05020399a49bfd2bd6d5a053c6da3a8e4abfcf9fc5bbd1,6b794309696c20598efac74643acccad201a43e4c8790b85228b7e90a774bdad
s16,s1603a,O0_4_keep60,89,4,0.0449438202247191,3,1,0,0.033707865168539325,0.011235955056179775,0.0,92,5,0.05434782608695652,4,1,0,0.043478260869565216,0.010869565217391304,0.0,429.5231180000001,196.26751199999964,0.4569428367764819,221.45999999999992,46,4.814347826086955,87130029b5443647ed1f1febd32ab768bf957a0a1698217eb3cf14b2d00c6ecf,347,ce9b52a6f257e870ef163f8ed6e1452d40e5a2cc388c03d332812a7dbc2229df,b4a10aad26f608ac822bc08be9153b79d8d9f52cc6796f65c0aabdde043f0b79
s16,s1603a,O0_4_keep50,37,4,0.10810810810810811,1,0,0,0.02702702702702703,0.0,0.0,38,5,0.13157894736842105,2,0,0,0.05263157894736842,0.0,0.0,429.5231180000001,91.29092900000015,0.21254019905862231,104.71599999999992,19,5.5113684210526275,87130029b5443647ed1f1febd32ab768bf957a0a1698217eb3cf14b2d00c6ecf,225,7062d8a0b895a0cf4f76d9249fc649aa829cfd6659f2fb4801cbb6964fcb1385,6e461a5ebcfd0d2b739f43b2289c3b30672854843bac4d1048f0bc1c0cd608d5
s16,s1603a,O0_4_MARGIN_all_s0p5,120,7,0.058333333333333334,4,1,0,0.03333333333333333,0.008333333333333333,0.0,124,8,0.06451612903225806,5,1,0,0.04032258064516129,0.008064516129032258,0.0,429.5231180000001,265.0430459999997,0.617063517405365,298.87999999999994,62,4.820645161290321,87130029b5443647ed1f1febd32ab768bf957a0a1698217eb3cf14b2d00c6ecf,402,99128ac1a3f68f22eab9a393ad8a894440d161b7719274977a44f817415248b6,a21bd61bc6e9fb8baab1de887e4b95ab610e3e710947e235cfad8cdc8175bcb3
s16,s1603a,O0_4_MARGIN_all_s1,120,7,0.058333333333333334,4,1,0,0.03333333333333333,0.008333333333333333,0.0,124,8,0.06451612903225806,5,1,0,0.04032258064516129,0.008064516129032258,0.0,429.5231180000001,264.78089199999977,0.6164531800590991,298.31999999999994,62,4.8116129032258055,87130029b5443647ed1f1febd32ab768bf957a0a1698217eb3cf14b2d00c6ecf,402,e2e6a7e7907277da0eeb741aab9cfb40c1540892d318d69930fb92f13b10113d,2691235e11e65f9b4df8524dd01e03e3bb6f04a9f0e470bdb8e941fb7eb70bc6
s16,s1603a,O0_4_MARGIN_all_s2,122,7,0.05737704918032787,4,1,0,0.03278688524590164,0.00819672131147541,0.0,126,8,0.06349206349206349,5,1,0,0.03968253968253968,0.007936507936507936,0.0,429.5231180000001,260.64848199999966,0.6068322543700653,293.0639999999999,63,4.651809523809522,87130029b5443647ed1f1febd32ab768bf957a0a1698217eb3cf14b2d00c6ecf,402,eeb1762422e606f1bb9998543649e13ed2a2ba2797be5d189e9abd1e9c3dd489,fd87538bd82594f365024c6eef30a69224d4d3f2b4976ee795184efabca4723d
s16,s1603a,O0_4_MARGIN_all_s4,124,7,0.056451612903225805,4,2,0,0.03225806451612903,0.016129032258064516,0.0,130,8,0.06153846153846154,5,2,0,0.038461538461538464,0.015384615384615385,0.0,429.5231180000001,258.80036799999965,0.6025295430082056,291.0839999999999,65,4.478215384615383,87130029b5443647ed1f1febd32ab768bf957a0a1698217eb3cf14b2d00c6ecf,402,47c83b4f1397d65b91fed073c77db9c077fb536aa620a3f9b91d1fbf4ea6cc2a,4f0b43a6af21d31d10118e2afa0998b99545baa98a7f9571265f99eac6ec366b
s16,s1604a,O0_4,115,10,0.08695652173913043,2,0,0,0.017391304347826087,0.0,0.0,120,10,0.08333333333333333,2,0,0,0.016666666666666666,0.0,0.0,456.3730579999997,288.85601600000007,0.6329383624569711,329.27200000000016,60,5.48786666666667,87130029b5443647ed1f1febd32ab768bf957a0a1698217eb3cf14b2d00c6ecf,410,b1114318f6d2ca45ae29965d32f9a10f3d7b077d1e258cdf3ebd6daebbf05e8a,bd15666734aa614dda82542ca72e4a0fa086f9470cf15747c923a597f2fad66f
s16,s1604a,O0_4_sw0p25,116,10,0.08620689655172414,2,0,0,0.017241379310344827,0.0,0.0,122,10,0.08196721311475409,2,0,0,0.01639344262295082,0.0,0.0,456.3730579999997,291.10384,0.6378637715287746,331.7920000000002,61,5.439213114754102,87130029b5443647ed1f1febd32ab768bf957a0a1698217eb3cf14b2d00c6ecf,410,6faf82afa5c9be6c4aa240436e079c37608f7f9866f8ef1f8afbba1fad9c1a49,10b31e7f69b0caaa4db810704de24b46c80473a19d7165e5f8de00f41bbc0a87
s16,s1604a,O0_4_sw0p5,116,10,0.08620689655172414,2,0,0,0.017241379310344827,0.0,0.0,124,10,0.08064516129032258,2,0,0,0.016129032258064516,0.0,0.0,456.3730579999997,292.0873260000001,0.6400187760426478,333.45200000000017,62,5.378258064516132,87130029b5443647ed1f1febd32ab768bf957a0a1698217eb3cf14b2d00c6ecf,410,a5906772e288262df336abd1b1bb90ba15f9dd2afbd9099a8991b09ea2e79ff2,be13d78fbbb6a3e05ae85546fbd4c2bfb2b5094ed9e20ec5d0c1f431a7d82af8
s16,s1604a,O0_4_sw1,117,10,0.08547008547008547,2,0,0,0.017094017094017096,0.0,0.0,126,10,0.07936507936507936,2,0,0,0.015873015873015872,0.0,0.0,456.3730579999997,292.0873260000001,0.6400187760426478,333.45200000000017,63,5.292888888888892,87130029b5443647ed1f1febd32ab768bf957a0a1698217eb3cf14b2d00c6ecf,410,173d5cc8f8d9b3a24746e2845c1f68609b33729719f68eabdf41f8d7bfb7abf8,d73ebc9d8caeaccd43c97eccaf6e68fec8df0d23b13d9a57f0b5572d5107df74
s16,s1604a,O0_4_sw2,120,11,0.09166666666666666,2,0,0,0.016666666666666666,0.0,0.0,132,11,0.08333333333333333,2,0,0,0.015151515151515152,0.0,0.0,456.3730579999997,295.06445900000006,0.6465422395727844,337.1960000000001,66,5.109030303030305,87130029b5443647ed1f1febd32ab768bf957a0a1698217eb3cf14b2d00c6ecf,410,cb5cf90c838558d96ee67236e8f355713ddad7d4d13ec4d7866b4e30cb3104e0,7b16d9c55e3e440164c315d368df2108d968927fda73ca33320f167d77aac41a
s16,s1604a,O0_4_sw4,124,12,0.0967741935483871,3,0,0,0.024193548387096774,0.0,0.0,140,13,0.09285714285714286,4,0,0,0.02857142857142857,0.0,0.0,456.3730579999997,296.645361,0.6500062959457177,338.98800000000006,70,4.842685714285715,87130029b5443647ed1f1febd32ab768bf957a0a1698217eb3cf14b2d00c6ecf,410,79c41ce40dfd7973362f626a65d4257dc25bfabc04aa61099cc1b77170e9d6c6,c71258ba391f695b0d4147b5effd5bbf55b53747105550946f0a991e0f8f61f3
s16,s1604a,O0_4_keep90,115,10,0.08695652173913043,2,0,0,0.017391304347826087,0.0,0.0,120,10,0.08333333333333333,2,0,0,0.016666666666666666,0.0,0.0,456.3730579999997,288.85601600000007,0.6329383624569711,329.27200000000016,60,5.48786666666667,87130029b5443647ed1f1febd32ab768bf957a0a1698217eb3cf14b2d00c6ecf,410,b1114318f6d2ca45ae29965d32f9a10f3d7b077d1e258cdf3ebd6daebbf05e8a,bd15666734aa614dda82542ca72e4a0fa086f9470cf15747c923a597f2fad66f
s16,s1604a,O0_4_keep80,114,11,0.09649122807017543,3,0,0,0.02631578947368421,0.0,0.0,120,12,0.1,4,0,0,0.03333333333333333,0.0,0.0,456.3730579999997,283.473033,0.6211432248921237,322.6680000000001,60,5.377800000000002,87130029b5443647ed1f1febd32ab768bf957a0a1698217eb3cf14b2d00c6ecf,400,ff8d1cf6783229cbdea15dab10cc945527285012dcb933640379b0d73ec3a51d,9ced088d0134217af8e130ee4701be158f26f60a70816337bac26f543cb3637d
s16,s1604a,O0_4_keep70,112,10,0.08928571428571429,2,0,0,0.017857142857142856,0.0,0.0,116,10,0.08620689655172414,2,0,0,0.017241379310344827,0.0,0.0,456.3730579999997,276.0332000000001,0.6048411385406548,313.5720000000003,58,5.406413793103453,87130029b5443647ed1f1febd32ab768bf957a0a1698217eb3cf14b2d00c6ecf,389,6cc09883c1258e480218b3ef2e1f61a98adaee42a71872f8de9d3316339958fc,ba2a4441b48c3da8a7ec20c219c7ce1cf8ab7eb5c07bd8a04a5a4e12537a9f83
s16,s1604a,O0_4_keep60,89,6,0.06741573033707865,2,0,0,0.02247191011235955,0.0,0.0,92,6,0.06521739130434782,2,0,0,0.021739130434782608,0.0,0.0,456.3730579999997,226.622534,0.4965729900733977,255.60000000000016,46,5.556521739130439,87130029b5443647ed1f1febd32ab768bf957a0a1698217eb3cf14b2d00c6ecf,342,5f3e6ce70654439db96842d9c872ca38ed8d3951d1b8a1f6c0ca8340c650d8c3,536fc430ccb4238080b9c30c3beb68dbc4316bde8ac6f13abf08ceedf55befc0
s16,s1604a,O0_4_keep50,43,4,0.09302325581395349,2,1,0,0.046511627906976744,0.023255813953488372,0.0,44,4,0.09090909090909091,2,1,0,0.045454545454545456,0.022727272727272728,0.0,456.3730579999997,124.07452699999985,0.271870840806733,141.67999999999998,22,6.439999999999999,87130029b5443647ed1f1febd32ab768bf957a0a1698217eb3cf14b2d00c6ecf,235,d1e300c25c2beea1ec56335ec2e26db73a663183ae23e960923ed33fa8bc780e,cc5944cbbc9a92d9b8c9c5bf3fa8d152c380c83f8253f412a073bec834c7c71f
s16,s1604a,O0_4_MARGIN_all_s0p5,115,10,0.08695652173913043,2,0,0,0.017391304347826087,0.0,0.0,120,10,0.08333333333333333,2,0,0,0.016666666666666666,0.0,0.0,456.3730579999997,287.8480220000001,0.6307296562629259,327.8000000000001,60,5.463333333333336,87130029b5443647ed1f1febd32ab768bf957a0a1698217eb3cf14b2d00c6ecf,410,9fbed1bc5b3f17f7afcfbd7f171cf01dc832b2ca5b52f1e930846feb92fe0b4c,2a724e51fa3d1e91b74d731db66afea4c7e5d81c209d10d2f32782ae88848916
s16,s1604a,O0_4_MARGIN_all_s1,115,10,0.08695652173913043,2,0,0,0.017391304347826087,0.0,0.0,120,10,0.08333333333333333,2,0,0,0.016666666666666666,0.0,0.0,456.3730579999997,287.2991830000001,0.6295270458318779,326.64800000000014,60,5.444133333333336,87130029b5443647ed1f1febd32ab768bf957a0a1698217eb3cf14b2d00c6ecf,410,df93faafa011f19ab2f0897e66dd24a7139a5dec7d988569201a4684ec43e13b,934207af1f99ded877da81e5cbc723edaa8f1fb59cb55c8dab2c2efb267c1b29
s16,s1604a,O0_4_MARGIN_all_s2,115,10,0.08695652173913043,3,1,0,0.02608695652173913,0.008695652173913044,0.0,122,10,0.08196721311475409,3,1,0,0.02459016393442623,0.00819672131147541,0.0,456.3730579999997,285.40547100000015,0.6253775633705361,324.564,61,5.320721311475411,87130029b5443647ed1f1febd32ab768bf957a0a1698217eb3cf14b2d00c6ecf,410,85cb793066e57dc6e65a6d88ce5c8007a9db4c395ecfc73ad78a491b7514d922,db93c5e94f0cab312e9e6053d70746455986553cd84bf1701a905bc87217837e
s16,s1604a,O0_4_MARGIN_all_s4,116,10,0.08620689655172414,3,1,0,0.02586206896551724,0.008620689655172414,0.0,124,10,0.08064516129032258,3,1,0,0.024193548387096774,0.008064516129032258,0.0,456.3730579999997,283.763634,0.6217799868457621,322.548,62,5.202387096774194,87130029b5443647ed1f1febd32ab768bf957a0a1698217eb3cf14b2d00c6ecf,410,d12631f955c40ef46ac983826a96df35fcac809b366aea33095e1e588f1c08ac,53cc82dcfd69e57f2e3e249003368154e1bdc9b4b875c1c0b49980ece1c44a62
s17,s1701a,O0_4,57,3,0.05263157894736842,2,1,1,0.03508771929824561,0.017543859649122806,0.017543859649122806,68,5,0.07352941176470588,3,2,2,0.04411764705882353,0.029411764705882353,0.029411764705882353,245.8421080000001,190.07505899999995,0.7731590838783398,213.17199999999997,34,6.269764705882352,87130029b5443647ed1f1febd32ab768bf957a0a1698217eb3cf14b2d00c6ecf,151,2bac708c99395e5dd8cbef0cc4c58ce0e98062caf1ec91ea3d3898440a7564b4,28c427f8d281060d519200fe0a0e875091fc626133643494dbc951ee08ea7d1a
s17,s1701a,O0_4_sw0p25,57,3,0.05263157894736842,2,1,1,0.03508771929824561,0.017543859649122806,0.017543859649122806,68,5,0.07352941176470588,3,2,2,0.04411764705882353,0.029411764705882353,0.029411764705882353,245.8421080000001,190.07505899999995,0.7731590838783398,213.30399999999997,34,6.273647058823529,87130029b5443647ed1f1febd32ab768bf957a0a1698217eb3cf14b2d00c6ecf,151,a86a748ac39aae79609839bf11850fe0524aca7f98101c0754dcaf27882b8cf4,57b78178d0f5e995e64594375237dcb4073787076452a5a27cd7911adf3a00df
s17,s1701a,O0_4_sw0p5,58,3,0.05172413793103448,2,1,1,0.034482758620689655,0.017241379310344827,0.017241379310344827,70,5,0.07142857142857142,3,2,2,0.04285714285714286,0.02857142857142857,0.02857142857142857,245.8421080000001,190.07505899999995,0.7731590838783398,213.30399999999997,35,6.094399999999999,87130029b5443647ed1f1febd32ab768bf957a0a1698217eb3cf14b2d00c6ecf,151,10d6e468200fdd58dd974f351e45bb0786b17b2d757bb9e1ea789925c3bd8447,61cb6054d32d14cdc6d9090e14fdc5f6918472c4ec460c89792ac2dab1115997
s17,s1701a,O0_4_sw1,58,3,0.05172413793103448,2,1,1,0.034482758620689655,0.017241379310344827,0.017241379310344827,70,5,0.07142857142857142,3,2,2,0.04285714285714286,0.02857142857142857,0.02857142857142857,245.8421080000001,190.07505899999995,0.7731590838783398,213.30399999999997,35,6.094399999999999,87130029b5443647ed1f1febd32ab768bf957a0a1698217eb3cf14b2d00c6ecf,151,10d6e468200fdd58dd974f351e45bb0786b17b2d757bb9e1ea789925c3bd8447,61cb6054d32d14cdc6d9090e14fdc5f6918472c4ec460c89792ac2dab1115997
s17,s1701a,O0_4_sw2,61,4,0.06557377049180328,3,1,1,0.04918032786885246,0.01639344262295082,0.01639344262295082,76,7,0.09210526315789473,5,2,2,0.06578947368421052,0.02631578947368421,0.02631578947368421,245.8421080000001,192.73605899999995,0.7839831043101854,216.15599999999998,38,5.688315789473684,87130029b5443647ed1f1febd32ab768bf957a0a1698217eb3cf14b2d00c6ecf,151,aa757c8281c4ab7aab084d332058f3e49eac1d815b710168ee76ef5404a84ca4,5638e6d37d36cfaad046bb37e6ece107cdeeb66d686135cbba8bb75f8c2bca94
s17,s1701a,O0_4_sw4,62,4,0.06451612903225806,3,1,1,0.04838709677419355,0.016129032258064516,0.016129032258064516,78,7,0.08974358974358974,5,2,2,0.0641025641025641,0.02564102564102564,0.02564102564102564,245.8421080000001,192.73605899999995,0.7839831043101854,216.15599999999998,39,5.542461538461538,87130029b5443647ed1f1febd32ab768bf957a0a1698217eb3cf14b2d00c6ecf,151,cdc1fe0fdf312bfe39601550a18c48da22c1dfceab19d22eada21391fecacbec,efa784400955218442b3a269cc6941d400f73e5b915fc7076983453c3d3073c6
s17,s1701a,O0_4_keep90,57,3,0.05263157894736842,2,1,1,0.03508771929824561,0.017543859649122806,0.017543859649122806,68,5,0.07352941176470588,3,2,2,0.04411764705882353,0.029411764705882353,0.029411764705882353,245.8421080000001,190.07505899999995,0.7731590838783398,213.17199999999997,34,6.269764705882352,87130029b5443647ed1f1febd32ab768bf957a0a1698217eb3cf14b2d00c6ecf,151,2bac708c99395e5dd8cbef0cc4c58ce0e98062caf1ec91ea3d3898440a7564b4,28c427f8d281060d519200fe0a0e875091fc626133643494dbc951ee08ea7d1a
s17,s1701a,O0_4_keep80,56,5,0.08928571428571429,3,2,2,0.05357142857142857,0.03571428571428571,0.03571428571428571,66,8,0.12121212121212122,4,3,3,0.06060606060606061,0.045454545454545456,0.045454545454545456,245.8421080000001,184.34050999999988,0.7498329374884786,206.25599999999991,33,6.250181818181815,87130029b5443647ed1f1febd32ab768bf957a0a1698217eb3cf14b2d00c6ecf,143,162f3e045f50ccf97a09a8647a6209b09d1c760dd0f879332785650efc83485b,6c3597146811dade1dc0ca3d6da02d1e63ad83bb0cff417c9ab987eb468ea2db
s17,s1701a,O0_4_keep70,52,5,0.09615384615384616,3,2,2,0.057692307692307696,0.038461538461538464,0.038461538461538464,60,8,0.13333333333333333,4,3,3,0.06666666666666667,0.05,0.05,245.8421080000001,177.84654699999993,0.7234177596622294,198.97199999999992,30,6.632399999999998,87130029b5443647ed1f1febd32ab768bf957a0a1698217eb3cf14b2d00c6ecf,138,8df127c6b1b0ab3680b0a4bcd3df62556d3457000502e5bdafbb1edcb29528bb,192bd08e6a8cfa5c1d11dbed821846d3e520acb269174684443b918c0d5e6994
s17,s1701a,O0_4_keep60,47,6,0.1276595744680851,3,2,2,0.06382978723404255,0.0425531914893617,0.0425531914893617,52,10,0.19230769230769232,4,3,3,0.07692307692307693,0.057692307692307696,0.057692307692307696,245.8421080000001,153.54969099999985,0.6245866188228413,170.808,26,6.569538461538461,87130029b5443647ed1f1febd32ab768bf957a0a1698217eb3cf14b2d00c6ecf,122,201bde8d0a060befcc919ac0fe75cb8902e725467d0cb61d3d1a4bb666ee39bf,6679e0d37f87fab86f6e4237a3edc608ac7f94b0093fcc5926fa26a26d9d829c
s17,s1701a,O0_4_keep50,32,6,0.1875,3,2,2,0.09375,0.0625,0.0625,36,9,0.25,4,3,3,0.1111111111111111,0.08333333333333333,0.08333333333333333,245.8421080000001,116.86378799999984,0.4753611533464389,131.10000000000002,18,7.283333333333335,87130029b5443647ed1f1febd32ab768bf957a0a1698217eb3cf14b2d00c6ecf,88,3ff55e1b01f833ec408560b218ab184debfcff988de4d48ee6d9962210f50986,6a84a79eaf78a8d4fa1ea76986adf281611102da980e89de172a9a38ebe15d3d
s17,s1701a,O0_4_MARGIN_all_s0p5,57,3,0.05263157894736842,2,1,1,0.03508771929824561,0.017543859649122806,0.017543859649122806,68,5,0.07352941176470588,3,2,2,0.04411764705882353,0.029411764705882353,0.029411764705882353,245.8421080000001,190.07505899999995,0.7731590838783398,213.17199999999997,34,6.269764705882352,87130029b5443647ed1f1febd32ab768bf957a0a1698217eb3cf14b2d00c6ecf,151,2bac708c99395e5dd8cbef0cc4c58ce0e98062caf1ec91ea3d3898440a7564b4,28c427f8d281060d519200fe0a0e875091fc626133643494dbc951ee08ea7d1a
s17,s1701a,O0_4_MARGIN_all_s1,58,3,0.05172413793103448,2,1,1,0.034482758620689655,0.017241379310344827,0.017241379310344827,70,5,0.07142857142857142,3,2,2,0.04285714285714286,0.02857142857142857,0.02857142857142857,245.8421080000001,190.07505899999995,0.7731590838783398,213.17199999999997,35,6.090628571428571,87130029b5443647ed1f1febd32ab768bf957a0a1698217eb3cf14b2d00c6ecf,151,a90bc2ebf502878e760097dfc44d965b131477b5b84e70dc2181df02f42e8f54,47f1dcd26b9b47733b131f52ff1db17d3b71fb72f394fb5e22779e20165c01e8
s17,s1701a,O0_4_MARGIN_all_s2,58,3,0.05172413793103448,2,1,1,0.034482758620689655,0.017241379310344827,0.017241379310344827,70,5,0.07142857142857142,3,2,2,0.04285714285714286,0.02857142857142857,0.02857142857142857,245.8421080000001,189.50905899999992,0.7708567931739335,212.25999999999996,35,6.064571428571427,87130029b5443647ed1f1febd32ab768bf957a0a1698217eb3cf14b2d00c6ecf,151,84fd95f58b31b2340486d7b2c6371ed9862c47888afb205bb0bba111ed208d46,bd1897b79eb5b66c404020bab24544c54afe40d3f3a575809b04edaed19b0ad4
s17,s1701a,O0_4_MARGIN_all_s4,60,3,0.05,2,1,1,0.03333333333333333,0.016666666666666666,0.016666666666666666,74,5,0.06756756756756757,3,2,2,0.04054054054054054,0.02702702702702703,0.02702702702702703,245.8421080000001,189.10505899999993,0.7692134619997638,211.85599999999994,37,5.725837837837836,87130029b5443647ed1f1febd32ab768bf957a0a1698217eb3cf14b2d00c6ecf,151,0f28bee8ffebe8d849d7899949706b6d9fc3dec48eeed23bfea0161f3d300073,6a438f16f922d77238e7a02cdd52e1ca41729d7bd57ec7e9aca9603e4a5d1955
s17,s1702a,O0_4,86,12,0.13953488372093023,11,4,0,0.12790697674418605,0.046511627906976744,0.0,92,15,0.16304347826086957,14,6,0,0.15217391304347827,0.06521739130434782,0.0,344.6748890000001,233.04696900000022,0.6761356177589141,265.1880000000002,46,5.764956521739135,87130029b5443647ed1f1febd32ab768bf957a0a1698217eb3cf14b2d00c6ecf,272,e500badaaf2e4b5a99a7f555f91c56601b294120ad4eb27f26a1dcae4e5b0757,630abe93701653d2e1c7890c9a80899f19c3d4596bd08685b611dd82e0adf1cc
s17,s1702a,O0_4_sw0p25,86,12,0.13953488372093023,11,4,0,0.12790697674418605,0.046511627906976744,0.0,92,15,0.16304347826086957,14,6,0,0.15217391304347827,0.06521739130434782,0.0,344.6748890000001,233.04696900000022,0.6761356177589141,265.1880000000002,46,5.764956521739135,87130029b5443647ed1f1febd32ab768bf957a0a1698217eb3cf14b2d00c6ecf,272,e500badaaf2e4b5a99a7f555f91c56601b294120ad4eb27f26a1dcae4e5b0757,630abe93701653d2e1c7890c9a80899f19c3d4596bd08685b611dd82e0adf1cc
s17,s1702a,O0_4_sw0p5,86,12,0.13953488372093023,11,4,0,0.12790697674418605,0.046511627906976744,0.0,92,15,0.16304347826086957,14,6,0,0.15217391304347827,0.06521739130434782,0.0,344.6748890000001,233.04696900000022,0.6761356177589141,265.1880000000002,46,5.764956521739135,87130029b5443647ed1f1febd32ab768bf957a0a1698217eb3cf14b2d00c6ecf,272,e500badaaf2e4b5a99a7f555f91c56601b294120ad4eb27f26a1dcae4e5b0757,630abe93701653d2e1c7890c9a80899f19c3d4596bd08685b611dd82e0adf1cc
s17,s1702a,O0_4_sw1,86,12,0.13953488372093023,11,4,0,0.12790697674418605,0.046511627906976744,0.0,92,15,0.16304347826086957,14,6,0,0.15217391304347827,0.06521739130434782,0.0,344.6748890000001,233.04696900000022,0.6761356177589141,265.1880000000002,46,5.764956521739135,87130029b5443647ed1f1febd32ab768bf957a0a1698217eb3cf14b2d00c6ecf,272,e500badaaf2e4b5a99a7f555f91c56601b294120ad4eb27f26a1dcae4e5b0757,630abe93701653d2e1c7890c9a80899f19c3d4596bd08685b611dd82e0adf1cc
s17,s1702a,O0_4_sw2,87,12,0.13793103448275862,11,5,0,0.12643678160919541,0.05747126436781609,0.0,94,15,0.1595744680851064,14,7,0,0.14893617021276595,0.07446808510638298,0.0,344.6748890000001,235.3139690000002,0.6827128302926649,267.4720000000002,47,5.690893617021281,87130029b5443647ed1f1febd32ab768bf957a0a1698217eb3cf14b2d00c6ecf,272,22e9ce55dada5a52182414e3275af80fa1bc50d6298e12f6ee1d032b7ecb3d28,00da07d013edae845ce08292558d7b4ca121152fb13e5303e29780eef17c65c3
s17,s1702a,O0_4_sw4,88,11,0.125,10,5,0,0.11363636363636363,0.056818181818181816,0.0,96,13,0.13541666666666666,12,7,0,0.125,0.07291666666666667,0.0,344.6748890000001,235.3139690000002,0.6827128302926649,267.4720000000002,48,5.572333333333337,87130029b5443647ed1f1febd32ab768bf957a0a1698217eb3cf14b2d00c6ecf,272,f77bf7ba2d8d5394a1d577eb4b920611507f30dc26d88c6a60c18b712e082a31,fa2a445d554c9bffc18d194b9a888f1adaf44ee31e2a3e7ead2328ee59bfbc5a
s17,s1702a,O0_4_keep90,86,12,0.13953488372093023,11,4,0,0.12790697674418605,0.046511627906976744,0.0,92,15,0.16304347826086957,14,6,0,0.15217391304347827,0.06521739130434782,0.0,344.6748890000001,233.04696900000022,0.6761356177589141,265.1880000000002,46,5.764956521739135,87130029b5443647ed1f1febd32ab768bf957a0a1698217eb3cf14b2d00c6ecf,272,e500badaaf2e4b5a99a7f555f91c56601b294120ad4eb27f26a1dcae4e5b0757,630abe93701653d2e1c7890c9a80899f19c3d4596bd08685b611dd82e0adf1cc
s17,s1702a,O0_4_keep80,85,10,0.11764705882352941,9,4,0,0.10588235294117647,0.047058823529411764,0.0,90,12,0.13333333333333333,11,6,0,0.12222222222222222,0.06666666666666667,0.0,344.6748890000001,224.01278300000024,0.6499248716665291,253.75200000000024,45,5.6389333333333385,87130029b5443647ed1f1febd32ab768bf957a0a1698217eb3cf14b2d00c6ecf,263,a21b49371c3f44022d5785edc1747a7ab054b3edaf06c1dcb322d49a687aab88,d7b72728b0b6b5d893b8e8053b93f0fe6883385f1a0bcdaa1c42cc6d5b48f8f5
s17,s1702a,O0_4_keep70,82,12,0.14634146341463414,11,5,0,0.13414634146341464,0.06097560975609756,0.0,86,13,0.1511627906976744,12,6,0,0.13953488372093023,0.06976744186046512,0.0,344.6748890000001,210.9377830000002,0.6119905735285524,239.1400000000002,43,5.561395348837214,87130029b5443647ed1f1febd32ab768bf957a0a1698217eb3cf14b2d00c6ecf,249,40ebbf1c731e311cce25e66325abd097cad5b2def04fdd094d1792236067fc9f,af320e872297e91116e8f22fbc9bc573ce6df7c7d6a89768954b92a31865471a
s17,s1702a,O0_4_keep60,76,13,0.17105263157894737,12,6,1,0.15789473684210525,0.07894736842105263,0.013157894736842105,76,13,0.17105263157894737,12,6,1,0.15789473684210525,0.07894736842105263,0.013157894736842105,344.6748890000001,177.01736400000016,0.5135777790879338,201.5720000000001,38,5.304526315789476,87130029b5443647ed1f1febd32ab768bf957a0a1698217eb3cf14b2d00c6ecf,224,a2b2bf3cc165197ba7dd9804b16fe06ffd4f0932effd18ef058b55888781eb29,59861928ff149bed3360d0874f267cd48c6dffdcb5a78b50f6b65b003e2f3310
s17,s1702a,O0_4_keep50,50,9,0.18,9,4,1,0.18,0.08,0.02,50,9,0.18,9,4,1,0.18,0.08,0.02,344.6748890000001,121.17126800000004,0.35155235228058634,137.60800000000015,25,5.504320000000006,87130029b5443647ed1f1febd32ab768bf957a0a1698217eb3cf14b2d00c6ecf,159,82a625ecfa5afa8b68ee3a24e78c5b611a237a559b8a43a27f0e6fac80e2e6d8,347c5960d9eb5006c15c3817e54e897a7df74cfb6de8d76a28c656ad404c5e30
s17,s1702a,O0_4_MARGIN_all_s0p5,86,12,0.13953488372093023,11,4,0,0.12790697674418605,0.046511627906976744,0.0,92,15,0.16304347826086957,14,6,0,0.15217391304347827,0.06521739130434782,0.0,344.6748890000001,233.04696900000022,0.6761356177589141,265.1880000000002,46,5.764956521739135,87130029b5443647ed1f1febd32ab768bf957a0a1698217eb3cf14b2d00c6ecf,272,e500badaaf2e4b5a99a7f555f91c56601b294120ad4eb27f26a1dcae4e5b0757,630abe93701653d2e1c7890c9a80899f19c3d4596bd08685b611dd82e0adf1cc
s17,s1702a,O0_4_MARGIN_all_s1,86,13,0.1511627906976744,12,4,0,0.13953488372093023,0.046511627906976744,0.0,92,16,0.17391304347826086,15,6,0,0.16304347826086957,0.06521739130434782,0.0,344.6748890000001,231.32934900000015,0.671152313042451,262.9360000000002,46,5.716000000000005,87130029b5443647ed1f1febd32ab768bf957a0a1698217eb3cf14b2d00c6ecf,272,637f7e667e2f14e43c473fc1578afa212fbbbc8d384aa057698a2ce7bdee18d5,99259c90c4a36c84f1d435b870155bc1ec3b93085ecb39153eea1b9285ebc555
s17,s1702a,O0_4_MARGIN_all_s2,86,13,0.1511627906976744,12,4,0,0.13953488372093023,0.046511627906976744,0.0,92,16,0.17391304347826086,15,6,0,0.16304347826086957,0.06521739130434782,0.0,344.6748890000001,231.32934900000015,0.671152313042451,262.9360000000002,46,5.716000000000005,87130029b5443647ed1f1febd32ab768bf957a0a1698217eb3cf14b2d00c6ecf,272,637f7e667e2f14e43c473fc1578afa212fbbbc8d384aa057698a2ce7bdee18d5,99259c90c4a36c84f1d435b870155bc1ec3b93085ecb39153eea1b9285ebc555
s17,s1702a,O0_4_MARGIN_all_s4,87,12,0.13793103448275862,11,4,0,0.12643678160919541,0.04597701149425287,0.0,94,15,0.1595744680851064,14,6,0,0.14893617021276595,0.06382978723404255,0.0,344.6748890000001,232.53712500000012,0.6746564151355976,264.0520000000002,47,5.618127659574472,87130029b5443647ed1f1febd32ab768bf957a0a1698217eb3cf14b2d00c6ecf,272,5572162dceb627cda856e42338997f996ac42f80bbfc58b21f68467c727b4008,3e4e3b1e769098102649971217689cc11abee5a0c00ab5769c2e5cdbb9d489e5
s17,s1703a,O0_4,90,11,0.12222222222222222,4,3,1,0.044444444444444446,0.03333333333333333,0.011111111111111112,92,11,0.11956521739130435,4,3,1,0.043478260869565216,0.03260869565217391,0.010869565217391304,347.56502900000015,220.6325720000001,0.6347950846343635,247.6800000000001,46,5.384347826086959,87130029b5443647ed1f1febd32ab768bf957a0a1698217eb3cf14b2d00c6ecf,260,590330226a4a1c371483ed975776e75a665a7ec933312544c2966219d042b95e,8178a4e168cf5e7b51c618bf5449e82054aa50407aa177d28e54f9835f17558b
s17,s1703a,O0_4_sw0p25,91,12,0.13186813186813187,5,4,2,0.054945054945054944,0.04395604395604396,0.02197802197802198,94,13,0.13829787234042554,6,5,3,0.06382978723404255,0.05319148936170213,0.031914893617021274,347.56502900000015,222.64357200000006,0.6405810522438953,250.3720000000001,47,5.327063829787236,87130029b5443647ed1f1febd32ab768bf957a0a1698217eb3cf14b2d00c6ecf,260,2d6d8899064c882462b85c5e622927a1660dafd08b43c748a0f0420b0038a8d1,2004948396a33d43a26770bee6d1cac3d8c25aeed9ba6f9f1dedd0e33f3f7eb7
s17,s1703a,O0_4_sw0p5,91,12,0.13186813186813187,5,4,2,0.054945054945054944,0.04395604395604396,0.02197802197802198,94,13,0.13829787234042554,6,5,3,0.06382978723404255,0.05319148936170213,0.031914893617021274,347.56502900000015,222.64357200000006,0.6405810522438953,250.3720000000001,47,5.327063829787236,87130029b5443647ed1f1febd32ab768bf957a0a1698217eb3cf14b2d00c6ecf,260,2d6d8899064c882462b85c5e622927a1660dafd08b43c748a0f0420b0038a8d1,2004948396a33d43a26770bee6d1cac3d8c25aeed9ba6f9f1dedd0e33f3f7eb7
s17,s1703a,O0_4_sw1,91,12,0.13186813186813187,5,4,2,0.054945054945054944,0.04395604395604396,0.02197802197802198,94,13,0.13829787234042554,6,5,3,0.06382978723404255,0.05319148936170213,0.031914893617021274,347.56502900000015,222.64357200000006,0.6405810522438953,250.3720000000001,47,5.327063829787236,87130029b5443647ed1f1febd32ab768bf957a0a1698217eb3cf14b2d00c6ecf,260,2d6d8899064c882462b85c5e622927a1660dafd08b43c748a0f0420b0038a8d1,2004948396a33d43a26770bee6d1cac3d8c25aeed9ba6f9f1dedd0e33f3f7eb7
s17,s1703a,O0_4_sw2,91,12,0.13186813186813187,5,4,2,0.054945054945054944,0.04395604395604396,0.02197802197802198,94,13,0.13829787234042554,6,5,3,0.06382978723404255,0.05319148936170213,0.031914893617021274,347.56502900000015,222.64357200000006,0.6405810522438953,250.3720000000001,47,5.327063829787236,87130029b5443647ed1f1febd32ab768bf957a0a1698217eb3cf14b2d00c6ecf,260,2d6d8899064c882462b85c5e622927a1660dafd08b43c748a0f0420b0038a8d1,2004948396a33d43a26770bee6d1cac3d8c25aeed9ba6f9f1dedd0e33f3f7eb7
s17,s1703a,O0_4_sw4,91,12,0.13186813186813187,5,4,2,0.054945054945054944,0.04395604395604396,0.02197802197802198,94,13,0.13829787234042554,6,5,3,0.06382978723404255,0.05319148936170213,0.031914893617021274,347.56502900000015,221.87957200000005,0.6383829024409702,249.33200000000008,47,5.304936170212768,87130029b5443647ed1f1febd32ab768bf957a0a1698217eb3cf14b2d00c6ecf,260,9a1d2fa1a713c37083b2891e5a7082c2d396bb406771ca728e86dbaf7646172a,a9e9299f693ed1d1906739dc558bf40312d58e651e7e59502e76142acc083d66
s17,s1703a,O0_4_keep90,90,11,0.12222222222222222,4,3,1,0.044444444444444446,0.03333333333333333,0.011111111111111112,92,11,0.11956521739130435,4,3,1,0.043478260869565216,0.03260869565217391,0.010869565217391304,347.56502900000015,220.6325720000001,0.6347950846343635,247.6800000000001,46,5.384347826086959,87130029b5443647ed1f1febd32ab768bf957a0a1698217eb3cf14b2d00c6ecf,260,590330226a4a1c371483ed975776e75a665a7ec933312544c2966219d042b95e,8178a4e168cf5e7b51c618bf5449e82054aa50407aa177d28e54f9835f17558b
s17,s1703a,O0_4_keep80,90,14,0.15555555555555556,7,5,3,0.07777777777777778,0.05555555555555555,0.03333333333333333,92,14,0.15217391304347827,7,5,3,0.07608695652173914,0.05434782608695652,0.03260869565217391,347.56502900000015,216.23757200000009,0.6221499689486885,242.90000000000006,46,5.280434782608697,87130029b5443647ed1f1febd32ab768bf957a0a1698217eb3cf14b2d00c6ecf,253,7432fe8b9c8d2b964f5a08008513fcbe5fbc3593b748b1499420731f99ed8970,34580a8d76ea1e35d71311767cd617da75b1246b0e8dc35d433ae00548542422
s17,s1703a,O0_4_keep70,89,14,0.15730337078651685,7,5,4,0.07865168539325842,0.056179775280898875,0.0449438202247191,92,15,0.16304347826086957,8,6,5,0.08695652173913043,0.06521739130434782,0.05434782608695652,347.56502900000015,210.92257200000006,0.6068578665893339,236.79200000000006,46,5.147652173913045,87130029b5443647ed1f1febd32ab768bf957a0a1698217eb3cf14b2d00c6ecf,244,c44ef441e445d20888065affd2e31737c9d0966d8bbb8261a4a8ff3f45d81ccd,5712a4abe5d61df2297a86c179d7a62074a194c7e7fb7d92ff24bdcd45dc3203
s17,s1703a,O0_4_keep60,83,13,0.1566265060240964,6,4,3,0.07228915662650602,0.04819277108433735,0.03614457831325301,86,14,0.16279069767441862,7,5,4,0.08139534883720931,0.05813953488372093,0.046511627906976744,347.56502900000015,190.65439499999985,0.5485430900471858,214.62,43,4.9911627906976745,87130029b5443647ed1f1febd32ab768bf957a0a1698217eb3cf14b2d00c6ecf,222,e39af3a2a942755fceeb493e39ff6a00fb93e8b2388cb6fa47b1add7490744b0,e29664b272383d5c2df4e94ca99e7ca0e2ca01a316508ae01ee5e009c362341d
s17,s1703a,O0_4_keep50,36,7,0.19444444444444445,5,4,3,0.1388888888888889,0.1111111111111111,0.08333333333333333,38,7,0.18421052631578946,5,4,3,0.13157894736842105,0.10526315789473684,0.07894736842105263,347.56502900000015,86.61657399999993,0.24920969249757258,100.916,19,5.311368421052632,87130029b5443647ed1f1febd32ab768bf957a0a1698217eb3cf14b2d00c6ecf,150,99fd8f703c643edabff7844c1ccf6e3128ea5a227df0efb7333dbd96d092e887,147d40f4e8fcee5f199ca9c4d548f242cd081d26b5ab6f001ef4d81fc5a5eec3
s17,s1703a,O0_4_MARGIN_all_s0p5,90,11,0.12222222222222222,4,3,1,0.044444444444444446,0.03333333333333333,0.011111111111111112,92,11,0.11956521739130435,4,3,1,0.043478260869565216,0.03260869565217391,0.010869565217391304,347.56502900000015,220.6325720000001,0.6347950846343635,247.6800000000001,46,5.384347826086959,87130029b5443647ed1f1febd32ab768bf957a0a1698217eb3cf14b2d00c6ecf,260,590330226a4a1c371483ed975776e75a665a7ec933312544c2966219d042b95e,8178a4e168cf5e7b51c618bf5449e82054aa50407aa177d28e54f9835f17558b
s17,s1703a,O0_4_MARGIN_all_s1,90,11,0.12222222222222222,4,3,1,0.044444444444444446,0.03333333333333333,0.011111111111111112,92,11,0.11956521739130435,4,3,1,0.043478260869565216,0.03260869565217391,0.010869565217391304,347.56502900000015,219.11757200000008,0.6304361881010762,245.58000000000007,46,5.338695652173914,87130029b5443647ed1f1febd32ab768bf957a0a1698217eb3cf14b2d00c6ecf,260,40a9888876b3ef809112ade11075b880a86e98b73bf09c4f75bd582f2d7ee541,ba2797cf3f19b22799453d4ef0a428bf03b374929646ec0287e1954188914d87
s17,s1703a,O0_4_MARGIN_all_s2,90,11,0.12222222222222222,5,4,2,0.05555555555555555,0.044444444444444446,0.022222222222222223,92,11,0.11956521739130435,5,4,2,0.05434782608695652,0.043478260869565216,0.021739130434782608,347.56502900000015,216.02457200000003,0.6215371339905429,241.80000000000004,46,5.256521739130435,87130029b5443647ed1f1febd32ab768bf957a0a1698217eb3cf14b2d00c6ecf,260,cee0ce43e2ee58e8c40ee1dc922ef6d5e39cfabe8f2887723c754a9f9293aa4d,f3a7c5d25a9845e21733896ff2ba08c36d8bb4a2a9026e1d214c7d2283055789
s17,s1703a,O0_4_MARGIN_all_s4,91,10,0.10989010989010989,5,4,2,0.054945054945054944,0.04395604395604396,0.02197802197802198,94,10,0.10638297872340426,5,4,2,0.05319148936170213,0.0425531914893617,0.02127659574468085,347.56502900000015,215.56548200000003,0.6202162588687826,240.1480000000001,47,5.109531914893619,87130029b5443647ed1f1febd32ab768bf957a0a1698217eb3cf14b2d00c6ecf,260,81634ee26cba767ecf39d1a7b86df85e017e05d58c00372aba34072e384ea183,e4c6c26a03fd8f811004af851ef99fdcc3261936d1c4eb1e88620d703baae42a
s17,s1703b,O0_4,64,7,0.109375,5,3,0,0.078125,0.046875,0.0,66,8,0.12121212121212122,6,4,0,0.09090909090909091,0.06060606060606061,0.0,199.897655,160.05751200000006,0.8006972968242178,185.9760000000001,33,5.635636363636367,87130029b5443647ed1f1febd32ab768bf957a0a1698217eb3cf14b2d00c6ecf,174,a8c2b3e5f9d68d545076731ce779ea5708f47d16de777bc306abd49482798c6f,712db1bc716bd2e665e2b555d62087e3c095d72f4fad96c2c7fbabfdf71e67ac
s17,s1703b,O0_4_sw0p25,64,7,0.109375,5,3,0,0.078125,0.046875,0.0,66,8,0.12121212121212122,6,4,0,0.09090909090909091,0.06060606060606061,0.0,199.897655,160.05751200000006,0.8006972968242178,185.9760000000001,33,5.635636363636367,87130029b5443647ed1f1febd32ab768bf957a0a1698217eb3cf14b2d00c6ecf,174,a8c2b3e5f9d68d545076731ce779ea5708f47d16de777bc306abd49482798c6f,712db1bc716bd2e665e2b555d62087e3c095d72f4fad96c2c7fbabfdf71e67ac
s17,s1703b,O0_4_sw0p5,64,7,0.109375,5,3,0,0.078125,0.046875,0.0,66,8,0.12121212121212122,6,4,0,0.09090909090909091,0.06060606060606061,0.0,199.897655,160.05751200000006,0.8006972968242178,185.9760000000001,33,5.635636363636367,87130029b5443647ed1f1febd32ab768bf957a0a1698217eb3cf14b2d00c6ecf,174,a8c2b3e5f9d68d545076731ce779ea5708f47d16de777bc306abd49482798c6f,712db1bc716bd2e665e2b555d62087e3c095d72f4fad96c2c7fbabfdf71e67ac
s17,s1703b,O0_4_sw1,64,7,0.109375,5,3,0,0.078125,0.046875,0.0,66,8,0.12121212121212122,6,4,0,0.09090909090909091,0.06060606060606061,0.0,199.897655,160.05751200000006,0.8006972968242178,185.9760000000001,33,5.635636363636367,87130029b5443647ed1f1febd32ab768bf957a0a1698217eb3cf14b2d00c6ecf,174,a8c2b3e5f9d68d545076731ce779ea5708f47d16de777bc306abd49482798c6f,712db1bc716bd2e665e2b555d62087e3c095d72f4fad96c2c7fbabfdf71e67ac
s17,s1703b,O0_4_sw2,67,6,0.08955223880597014,4,2,0,0.05970149253731343,0.029850746268656716,0.0,72,7,0.09722222222222222,5,3,0,0.06944444444444445,0.041666666666666664,0.0,199.897655,161.60851200000005,0.8084562672833758,189.42000000000013,36,5.26166666666667,87130029b5443647ed1f1febd32ab768bf957a0a1698217eb3cf14b2d00c6ecf,174,55b5b51df4e97ac838096418d982418cabd21b979357b820a2a7f345ef66f8f5,c52b5b37a760cc1980f95f03f008702f79c90c908d3b53504df95fa89b152d4f
s17,s1703b,O0_4_sw4,68,6,0.08823529411764706,4,3,0,0.058823529411764705,0.04411764705882353,0.0,74,8,0.10810810810810811,6,5,0,0.08108108108108109,0.06756756756756757,0.0,199.897655,160.47951200000008,0.8028083771167805,188.08000000000015,37,5.083243243243247,87130029b5443647ed1f1febd32ab768bf957a0a1698217eb3cf14b2d00c6ecf,174,ac8d0a379598f42f3cee7481f1054eef2015de6cc3b8f57e9a61150e32e83b66,44c0cf75404e700297ecb4a0d1c14fc25de3928b5acdc9274e739f507910c483
s17,s1703b,O0_4_keep90,64,7,0.109375,5,3,0,0.078125,0.046875,0.0,66,8,0.12121212121212122,6,4,0,0.09090909090909091,0.06060606060606061,0.0,199.897655,160.05751200000006,0.8006972968242178,185.9760000000001,33,5.635636363636367,87130029b5443647ed1f1febd32ab768bf957a0a1698217eb3cf14b2d00c6ecf,174,a8c2b3e5f9d68d545076731ce779ea5708f47d16de777bc306abd49482798c6f,712db1bc716bd2e665e2b555d62087e3c095d72f4fad96c2c7fbabfdf71e67ac
s17,s1703b,O0_4_keep80,64,6,0.09375,4,2,0,0.0625,0.03125,0.0,66,7,0.10606060606060606,5,3,0,0.07575757575757576,0.045454545454545456,0.0,199.897655,158.15651200000016,0.791187430387816,182.5640000000001,33,5.532242424242427,87130029b5443647ed1f1febd32ab768bf957a0a1698217eb3cf14b2d00c6ecf,165,2decc425e2078ce0c454a767599b7f0f29a961eda2d660761f4785995dc3a3a0,1aab35ba5669cb166e2cea8681ac56eb65b92a3b6fe9b5e3d562fa386724f1fc
s17,s1703b,O0_4_keep70,62,4,0.06451612903225806,3,1,0,0.04838709677419355,0.016129032258064516,0.0,64,4,0.0625,3,1,0,0.046875,0.015625,0.0,199.897655,154.80472900000015,0.7744199350412598,177.2200000000001,32,5.5381250000000035,87130029b5443647ed1f1febd32ab768bf957a0a1698217eb3cf14b2d00c6ecf,160,f6e5688f972ac0113401164b552fdc9dbd415566d1fb7d25e0ad0de73861f3f4,0a35f1d955017fd9b055776467e2cb9484ffdfe745da30a4e44b025f4305a7dd
s17,s1703b,O0_4_keep60,56,4,0.07142857142857142,2,0,0,0.03571428571428571,0.0,0.0,58,4,0.06896551724137931,2,0,0,0.034482758620689655,0.0,0.0,199.897655,131.65972900000008,0.6586356853460842,150.74800000000008,29,5.198206896551727,87130029b5443647ed1f1febd32ab768bf957a0a1698217eb3cf14b2d00c6ecf,141,6e82e375820328317302c6aa6ef805c2b59dfcc263f04ebca75f477d237ef46f,cb2309c4de8f88550690be25a36296d3860252458ae557ddc34c1e3d6c63568e
s17,s1703b,O0_4_keep50,33,1,0.030303030303030304,0,0,0,0.0,0.0,0.0,34,1,0.029411764705882353,0,0,0,0.0,0.0,0.0,199.897655,82.30344400000004,0.4117279114654949,96.6960000000001,17,5.688000000000006,87130029b5443647ed1f1febd32ab768bf957a0a1698217eb3cf14b2d00c6ecf,99,ec2f6fad97b59f5c33fabecf80164b0c2c25b64b7458355e039a78186db86031,b1025e973d0c91dbadf5552b2dd3a55b869b332b4db30dfc80dbd14db6ef8115
s17,s1703b,O0_4_MARGIN_all_s0p5,64,7,0.109375,5,3,0,0.078125,0.046875,0.0,66,8,0.12121212121212122,6,4,0,0.09090909090909091,0.06060606060606061,0.0,199.897655,159.00378500000008,0.7954259643516083,184.7000000000001,33,5.5969696969697,87130029b5443647ed1f1febd32ab768bf957a0a1698217eb3cf14b2d00c6ecf,174,2c1fd7257205719efec57cb0264f4c84945f1065e3353694943878aa24ac8203,707034659c65af024c6077340ebac9b37ee8e9449824b1880e3f8bc58a1df88d
s17,s1703b,O0_4_MARGIN_all_s1,64,6,0.09375,5,3,0,0.078125,0.046875,0.0,66,7,0.10606060606060606,6,4,0,0.09090909090909091,0.06060606060606061,0.0,199.897655,156.85169100000005,0.7846599851308914,181.6520000000001,33,5.504606060606064,87130029b5443647ed1f1febd32ab768bf957a0a1698217eb3cf14b2d00c6ecf,174,8b6277c8d70471422e3aeecb1965d2ecaeddc2eec5597ec3b0c35b9e2f5bce11,ccf3aaed9f2629248c852a3a47bcd45e09a6325f543bb706cb27bd83fc5be770
s17,s1703b,O0_4_MARGIN_all_s2,64,6,0.09375,5,3,0,0.078125,0.046875,0.0,66,7,0.10606060606060606,6,4,0,0.09090909090909091,0.06060606060606061,0.0,199.897655,156.2296910000001,0.7815483928513324,180.7400000000001,33,5.4769696969697,87130029b5443647ed1f1febd32ab768bf957a0a1698217eb3cf14b2d00c6ecf,174,142f7d1aa91b315b885ce030b19dd645f32bb41c58a69f1bb925fb6563b13d57,626e86a27addf4efe4eab8a45a063a1d568d976f1985d336ea74b7c08356134f
s17,s1703b,O0_4_MARGIN_all_s4,65,5,0.07692307692307693,4,2,0,0.06153846153846154,0.03076923076923077,0.0,68,6,0.08823529411764706,5,3,0,0.07352941176470588,0.04411764705882353,0.0,199.897655,157.36769100000006,0.7872413060573425,183.46800000000013,34,5.396117647058827,87130029b5443647ed1f1febd32ab768bf957a0a1698217eb3cf14b2d00c6ecf,174,233d39f88149be2f9b8509c7b4990917da566aef9f4e5c971d6920ad58d5d45c,1eeba24c78ebfce1cd65d28ce69b9b5c5d47d5058d8f46d51fe0edb94a9e4b1e
s18,s1801a,O0_4,82,7,0.08536585365853659,5,0,0,0.06097560975609756,0.0,0.0,84,8,0.09523809523809523,5,0,0,0.05952380952380952,0.0,0.0,308.74047000000076,179.00294600000035,0.5797845225797574,206.59600000000017,42,4.918952380952385,87130029b5443647ed1f1febd32ab768bf957a0a1698217eb3cf14b2d00c6ecf,330,683a5e4e85013220dc28d7c58ce0dfc59a1e5f2aaa1bbb4498de590a9536918f,f803987d6c896d2a24d3e1d2b932b85218b4d413d4f100e5700c2b5ee041b418
s18,s1801a,O0_4_sw0p25,82,7,0.08536585365853659,5,0,0,0.06097560975609756,0.0,0.0,84,8,0.09523809523809523,5,0,0,0.05952380952380952,0.0,0.0,308.74047000000076,179.00294600000035,0.5797845225797574,206.59600000000017,42,4.918952380952385,87130029b5443647ed1f1febd32ab768bf957a0a1698217eb3cf14b2d00c6ecf,330,683a5e4e85013220dc28d7c58ce0dfc59a1e5f2aaa1bbb4498de590a9536918f,f803987d6c896d2a24d3e1d2b932b85218b4d413d4f100e5700c2b5ee041b418
s18,s1801a,O0_4_sw0p5,82,7,0.08536585365853659,5,0,0,0.06097560975609756,0.0,0.0,84,8,0.09523809523809523,5,0,0,0.05952380952380952,0.0,0.0,308.74047000000076,179.00294600000035,0.5797845225797574,206.59600000000017,42,4.918952380952385,87130029b5443647ed1f1febd32ab768bf957a0a1698217eb3cf14b2d00c6ecf,330,683a5e4e85013220dc28d7c58ce0dfc59a1e5f2aaa1bbb4498de590a9536918f,f803987d6c896d2a24d3e1d2b932b85218b4d413d4f100e5700c2b5ee041b418
s18,s1801a,O0_4_sw1,82,7,0.08536585365853659,5,0,0,0.06097560975609756,0.0,0.0,84,8,0.09523809523809523,5,0,0,0.05952380952380952,0.0,0.0,308.74047000000076,179.00294600000035,0.5797845225797574,206.59600000000017,42,4.918952380952385,87130029b5443647ed1f1febd32ab768bf957a0a1698217eb3cf14b2d00c6ecf,330,683a5e4e85013220dc28d7c58ce0dfc59a1e5f2aaa1bbb4498de590a9536918f,f803987d6c896d2a24d3e1d2b932b85218b4d413d4f100e5700c2b5ee041b418
s18,s1801a,O0_4_sw2,86,8,0.09302325581395349,5,0,0,0.05813953488372093,0.0,0.0,92,10,0.10869565217391304,6,0,0,0.06521739130434782,0.0,0.0,308.74047000000076,184.94001300000036,0.599014482940963,213.20400000000012,46,4.634869565217394,87130029b5443647ed1f1febd32ab768bf957a0a1698217eb3cf14b2d00c6ecf,330,a8ff0a444a77922225f7c9ce007a725ee0ff2c4cb2bb538cf65a462e7771906f,7533037ce45e4ebca8330f006b11ec17dd49380d97fa75589ee7b6ff27a73282
s18,s1801a,O0_4_sw4,86,8,0.09302325581395349,5,0,0,0.05813953488372093,0.0,0.0,92,10,0.10869565217391304,6,0,0,0.06521739130434782,0.0,0.0,308.74047000000076,184.94001300000036,0.599014482940963,213.20400000000012,46,4.634869565217394,87130029b5443647ed1f1febd32ab768bf957a0a1698217eb3cf14b2d00c6ecf,330,a8ff0a444a77922225f7c9ce007a725ee0ff2c4cb2bb538cf65a462e7771906f,7533037ce45e4ebca8330f006b11ec17dd49380d97fa75589ee7b6ff27a73282
s18,s1801a,O0_4_keep90,82,7,0.08536585365853659,5,0,0,0.06097560975609756,0.0,0.0,84,8,0.09523809523809523,5,0,0,0.05952380952380952,0.0,0.0,308.74047000000076,179.00294600000035,0.5797845225797574,206.59600000000017,42,4.918952380952385,87130029b5443647ed1f1febd32ab768bf957a0a1698217eb3cf14b2d00c6ecf,330,683a5e4e85013220dc28d7c58ce0dfc59a1e5f2aaa1bbb4498de590a9536918f,f803987d6c896d2a24d3e1d2b932b85218b4d413d4f100e5700c2b5ee041b418
s18,s1801a,O0_4_keep80,82,7,0.08536585365853659,4,0,0,0.04878048780487805,0.0,0.0,84,8,0.09523809523809523,4,0,0,0.047619047619047616,0.0,0.0,308.74047000000076,181.32011100000028,0.5872897420930915,209.20400000000012,42,4.981047619047622,87130029b5443647ed1f1febd32ab768bf957a0a1698217eb3cf14b2d00c6ecf,322,b99228b262eff9fabd2919f326531f899d0900cad3a81464b815cf1956290015,dd386d49ce07c8a4e909e580a03cbf0f00c80fd15c6c6ef676b9a694eb391c37
s18,s1801a,O0_4_keep70,73,8,0.1095890410958904,5,0,0,0.0684931506849315,0.0,0.0,74,9,0.12162162162162163,5,0,0,0.06756756756756757,0.0,0.0,308.74047000000076,161.63742400000027,0.523538180789839,185.5080000000001,37,5.013729729729732,87130029b5443647ed1f1febd32ab768bf957a0a1698217eb3cf14b2d00c6ecf,315,f32368f6a3c8937bcef67bfa1a48d6de5f39510a1fbded63cddc7631b753518f,bc688cfd7cc953d5bd712d969e621bbbd4be3a01f09b01580ec0e7d6726b557d
s18,s1801a,O0_4_keep60,57,8,0.14035087719298245,6,0,0,0.10526315789473684,0.0,0.0,58,9,0.15517241379310345,6,0,0,0.10344827586206896,0.0,0.0,308.74047000000076,128.01817000000023,0.4146465476327088,146.82799999999992,29,5.063034482758618,87130029b5443647ed1f1febd32ab768bf957a0a1698217eb3cf14b2d00c6ecf,277,9ccfccf0ae0d168ce0273494bc7505b74c5c083aad7e9dd431a3477ecbda3570,ed50cd16c552bcd75c8ce268649b17eef6afc6c8024a8b41fe645e5fe9563ae4
s18,s1801a,O0_4_keep50,33,4,0.12121212121212122,3,0,0,0.09090909090909091,0.0,0.0,34,5,0.14705882352941177,3,0,0,0.08823529411764706,0.0,0.0,308.74047000000076,81.51535900000019,0.264025506601062,94.96800000000002,17,5.586352941176472,87130029b5443647ed1f1febd32ab768bf957a0a1698217eb3cf14b2d00c6ecf,193,cc8a47b18f0ebe8b88de6db0cb0ad2d9086c0650f2ce07ef815d2348861bb89b,20eeccc1bcc086285dca964cd8a0d58e4d6510b4d1bcd61b0a6ec351e16c56bd
s18,s1801a,O0_4_MARGIN_all_s0p5,82,7,0.08536585365853659,5,0,0,0.06097560975609756,0.0,0.0,84,8,0.09523809523809523,5,0,0,0.05952380952380952,0.0,0.0,308.74047000000076,178.25782200000037,0.5773710910008005,205.3080000000001,42,4.888285714285717,87130029b5443647ed1f1febd32ab768bf957a0a1698217eb3cf14b2d00c6ecf,330,a01b84e05aaaa9d09bcb2d7f6418137d3aeca548ac9e7b4261f3395e4526c258,ad7cb6bd4a2f496b0f43205f1b0cd777ae81c50699ad1016626fcf5030d254a8
s18,s1801a,O0_4_MARGIN_all_s1,82,7,0.08536585365853659,5,0,0,0.06097560975609756,0.0,0.0,84,8,0.09523809523809523,5,0,0,0.05952380952380952,0.0,0.0,308.74047000000076,175.94826800000038,0.5698905232605235,202.46400000000006,42,4.82057142857143,87130029b5443647ed1f1febd32ab768bf957a0a1698217eb3cf14b2d00c6ecf,330,55c7c2ac99a7332bfc82688860e8a62e7b38205feaddd8fa8104fc94678b2a3c,3ea1bbed9bbf2803eecd54dc3400c3cef6d06e86a6ffab024885701fbe342729
s18,s1801a,O0_4_MARGIN_all_s2,82,7,0.08536585365853659,5,0,0,0.06097560975609756,0.0,0.0,84,8,0.09523809523809523,5,0,0,0.05952380952380952,0.0,0.0,308.74047000000076,171.44652400000035,0.5553095258292505,196.88800000000003,42,4.687809523809524,87130029b5443647ed1f1febd32ab768bf957a0a1698217eb3cf14b2d00c6ecf,330,ab96aec6d6385df519658b4086223bf8b473581f5b8a76057a648877a89b7f0c,da501ebb22d5e8caef0745662afcd1936fd4b5bc7385863bb042301b9e1c91ec
s18,s1801a,O0_4_MARGIN_all_s4,82,7,0.08536585365853659,5,0,0,0.06097560975609756,0.0,0.0,84,8,0.09523809523809523,5,0,0,0.05952380952380952,0.0,0.0,308.74047000000076,169.52758300000036,0.5490941404604325,194.83200000000005,42,4.638857142857144,87130029b5443647ed1f1febd32ab768bf957a0a1698217eb3cf14b2d00c6ecf,330,c1b50f7799e7999d080584633c025091fc27550eb7c9a510ae600b6251adc948,b79b3fe79f1d0726600e573f3a0383db1274a3774afa38469a554285dc20b89b
s18,s1801b,O0_4,100,13,0.13,6,2,0,0.06,0.02,0.0,102,13,0.12745098039215685,6,2,0,0.058823529411764705,0.0196078431372549,0.0,352.18614600000035,218.1489700000002,0.6194138312300336,252.2920000000003,51,4.946901960784319,87130029b5443647ed1f1febd32ab768bf957a0a1698217eb3cf14b2d00c6ecf,336,f0b7947a039aeca048d661c97225acbe374b7573d8e88d2d668dd2518cfeaca6,9549e1fe6e3f27cdd03d0035f7f9e9bad151e2d3d3d40545723fb218a84457dc
s18,s1801b,O0_4_sw0p25,100,13,0.13,6,2,0,0.06,0.02,0.0,102,13,0.12745098039215685,6,2,0,0.058823529411764705,0.0196078431372549,0.0,352.18614600000035,218.1489700000002,0.6194138312300336,252.2920000000003,51,4.946901960784319,87130029b5443647ed1f1febd32ab768bf957a0a1698217eb3cf14b2d00c6ecf,336,f0b7947a039aeca048d661c97225acbe374b7573d8e88d2d668dd2518cfeaca6,9549e1fe6e3f27cdd03d0035f7f9e9bad151e2d3d3d40545723fb218a84457dc
s18,s1801b,O0_4_sw0p5,100,13,0.13,6,2,0,0.06,0.02,0.0,102,13,0.12745098039215685,6,2,0,0.058823529411764705,0.0196078431372549,0.0,352.18614600000035,218.1489700000002,0.6194138312300336,252.2920000000003,51,4.946901960784319,87130029b5443647ed1f1febd32ab768bf957a0a1698217eb3cf14b2d00c6ecf,336,f0b7947a039aeca048d661c97225acbe374b7573d8e88d2d668dd2518cfeaca6,9549e1fe6e3f27cdd03d0035f7f9e9bad151e2d3d3d40545723fb218a84457dc
s18,s1801b,O0_4_sw1,100,13,0.13,6,2,0,0.06,0.02,0.0,102,13,0.12745098039215685,6,2,0,0.058823529411764705,0.0196078431372549,0.0,352.18614600000035,218.1489700000002,0.6194138312300336,252.2920000000003,51,4.946901960784319,87130029b5443647ed1f1febd32ab768bf957a0a1698217eb3cf14b2d00c6ecf,336,f0b7947a039aeca048d661c97225acbe374b7573d8e88d2d668dd2518cfeaca6,9549e1fe6e3f27cdd03d0035f7f9e9bad151e2d3d3d40545723fb218a84457dc
s18,s1801b,O0_4_sw2,101,12,0.1188118811881188,6,2,0,0.0594059405940594,0.019801980198019802,0.0,104,12,0.11538461538461539,6,2,0,0.057692307692307696,0.019230769230769232,0.0,352.18614600000035,220.05755200000016,0.6248330733600178,254.34000000000023,52,4.89115384615385,87130029b5443647ed1f1febd32ab768bf957a0a1698217eb3cf14b2d00c6ecf,336,73971c0ee4c1a960bb40a93de6b0ccaf0d697b9b4bccdf87c7df0de6b6c5001b,19516e7091d0c394e2d3bd253163ce280b84d9f934e656ea32e5c65c90dc4e28
s18,s1801b,O0_4_sw4,102,13,0.12745098039215685,7,2,0,0.06862745098039216,0.0196078431372549,0.0,106,14,0.1320754716981132,7,2,0,0.0660377358490566,0.018867924528301886,0.0,352.18614600000035,218.5974230000001,0.6206871720615605,252.61600000000024,53,4.766339622641514,87130029b5443647ed1f1febd32ab768bf957a0a1698217eb3cf14b2d00c6ecf,336,58f3f498e9c251944b8bc40b532114ae32c7359270c8f789e06107f00de35396,e99dd7f9ce931bdcca0ef52298870e273066bfc4f613568c099c8a78df3e85df
s18,s1801b,O0_4_keep90,100,13,0.13,6,2,0,0.06,0.02,0.0,102,13,0.12745098039215685,6,2,0,0.058823529411764705,0.0196078431372549,0.0,352.18614600000035,218.1489700000002,0.6194138312300336,252.2920000000003,51,4.946901960784319,87130029b5443647ed1f1febd32ab768bf957a0a1698217eb3cf14b2d00c6ecf,336,f0b7947a039aeca048d661c97225acbe374b7573d8e88d2d668dd2518cfeaca6,9549e1fe6e3f27cdd03d0035f7f9e9bad151e2d3d3d40545723fb218a84457dc
s18,s1801b,O0_4_keep80,100,12,0.12,6,2,0,0.06,0.02,0.0,102,12,0.11764705882352941,6,2,0,0.058823529411764705,0.0196078431372549,0.0,352.18614600000035,220.05755200000016,0.6248330733600178,254.34000000000023,51,4.987058823529416,87130029b5443647ed1f1febd32ab768bf957a0a1698217eb3cf14b2d00c6ecf,331,219ca4b31405d6966aadad90b5a49df68c7d53fc32eebca7342a1e3c778b729c,d8d01eba60793fa65382c8fcf2946e3697e39f4aef793fae3dde37b451be6c33
s18,s1801b,O0_4_keep70,97,12,0.12371134020618557,6,2,0,0.061855670103092786,0.020618556701030927,0.0,98,12,0.12244897959183673,6,2,0,0.061224489795918366,0.02040816326530612,0.0,352.18614600000035,203.24713000000014,0.5771014343079808,235.5080000000002,49,4.8062857142857185,87130029b5443647ed1f1febd32ab768bf957a0a1698217eb3cf14b2d00c6ecf,317,b999182e4d04ddf7f1c1064f94653f3a1e43730af12f352c7188af6ce2524540,44f1544c5da1e1a6d2be17d37fe7f30f11acaddf511458b49f871628fe5d4bba
s18,s1801b,O0_4_keep60,80,11,0.1375,7,2,0,0.0875,0.025,0.0,80,11,0.1375,7,2,0,0.0875,0.025,0.0,352.18614600000035,157.011752,0.44582035319469904,181.09200000000013,40,4.527300000000003,87130029b5443647ed1f1febd32ab768bf957a0a1698217eb3cf14b2d00c6ecf,282,df09b59041b33047f9d55407921e424af4d5e05cd3e76b20edfb253caea6a86e,86487ba870d0afb76d818612ebc557493378655c8f4222683db94bbcbdfde028
s18,s1801b,O0_4_keep50,30,5,0.16666666666666666,3,1,0,0.1,0.03333333333333333,0.0,30,5,0.16666666666666666,3,1,0,0.1,0.03333333333333333,0.0,352.18614600000035,64.53381999999986,0.18323781537959702,73.8840000000001,15,4.925600000000006,87130029b5443647ed1f1febd32ab768bf957a0a1698217eb3cf14b2d00c6ecf,190,e15957d92a50c20afedc498253cd06680256e420ef3250528210c6ab6835c6f4,35854eb4a7f617d5879710a321112289428980f358374f76ef52673f18f88560
s18,s1801b,O0_4_MARGIN_all_s0p5,100,13,0.13,6,2,0,0.06,0.02,0.0,102,13,0.12745098039215685,6,2,0,0.058823529411764705,0.0196078431372549,0.0,352.18614600000035,217.8934730000002,0.6186883711206516,251.7920000000003,51,4.937098039215692,87130029b5443647ed1f1febd32ab768bf957a0a1698217eb3cf14b2d00c6ecf,336,32d7cf3e668a560c4af63102c26dff60c1d5ae373967851625bcae7cb5f9ff39,b1f7f2dfb6a8156d0a54e01df01db18042116c2773bd8ad7fa7657038f9d4ee5
s18,s1801b,O0_4_MARGIN_all_s1,100,12,0.12,6,2,0,0.06,0.02,0.0,102,12,0.11764705882352941,6,2,0,0.058823529411764705,0.0196078431372549,0.0,352.18614600000035,213.77220400000016,0.6069864088293807,246.61600000000035,51,4.835607843137262,87130029b5443647ed1f1febd32ab768bf957a0a1698217eb3cf14b2d00c6ecf,336,eeba99396d5951a4c89a90895dfccdd1c2a09bfa3197c38332a274fedb9322f0,300ad1683065c03dcec422826268567f4f8be4957f4c9c319f774dfe520630db
s18,s1801b,O0_4_MARGIN_all_s2,100,11,0.11,5,1,0,0.05,0.01,0.0,102,11,0.10784313725490197,5,1,0,0.049019607843137254,0.00980392156862745,0.0,352.18614600000035,210.74826400000012,0.5984002107794436,241.84000000000026,51,4.74196078431373,87130029b5443647ed1f1febd32ab768bf957a0a1698217eb3cf14b2d00c6ecf,336,75922fcae79866183f2149051837e9276fd2bb60c0f0a41dd5bdd863f6957c57,43920a5c95d4afc067287adfc0d98ce205c7a1bd28b8e0fb896166c0e0311264
s18,s1801b,O0_4_MARGIN_all_s4,101,10,0.09900990099009901,6,1,0,0.0594059405940594,0.009900990099009901,0.0,104,10,0.09615384615384616,6,1,0,0.057692307692307696,0.009615384615384616,0.0,352.18614600000035,211.84084600000006,0.6015024963531639,243.01200000000017,52,4.673307692307696,87130029b5443647ed1f1febd32ab768bf957a0a1698217eb3cf14b2d00c6ecf,336,cc169e7cf0d2f43e7bb12c3a9d146d55c70f3ea8300aa4609ab03367d2c39a81,774a02a1161cc09f9a6146988001b3eb8cc305b511ae35be63c4d9ae9b50faf3
s18,s1803a,O0_4,92,4,0.043478260869565216,0,0,0,0.0,0.0,0.0,94,5,0.05319148936170213,0,0,0,0.0,0.0,0.0,336.5856770000002,208.51164300000008,0.6194905405912443,245.93599999999992,47,5.2326808510638285,87130029b5443647ed1f1febd32ab768bf957a0a1698217eb3cf14b2d00c6ecf,334,491e26dff602635bc02a486cde831adb4a2b700242c61e7524673d852af53897,a8c04e0ede851330c374e48c4e1fb0e2c9f227f7cbc2debadeb2c49671c7f301
s18,s1803a,O0_4_sw0p25,93,4,0.043010752688172046,0,0,0,0.0,0.0,0.0,96,5,0.052083333333333336,0,0,0,0.0,0.0,0.0,336.5856770000002,210.48513500000007,0.6253538085044538,248.69199999999995,48,5.181083333333333,87130029b5443647ed1f1febd32ab768bf957a0a1698217eb3cf14b2d00c6ecf,334,11211b958101062ab9c965bbda3521531807d40489baed3752a8c8b979ad0049,6a640118ae28d939b4dc0b15953d75f4aee80de0ea659ba9f2354102022ea0c6
s18,s1803a,O0_4_sw0p5,94,4,0.0425531914893617,0,0,0,0.0,0.0,0.0,98,5,0.05102040816326531,0,0,0,0.0,0.0,0.0,336.5856770000002,212.32897600000007,0.630831881773745,251.06799999999993,49,5.123836734693876,87130029b5443647ed1f1febd32ab768bf957a0a1698217eb3cf14b2d00c6ecf,334,17277730679dc296b4d20ff02850d6a185dd83afc8b9bfb03668d910fad98879,4185d0830172f110f9a0551e6b08d63142db8647f25b1cf42079ddfb2126762f
s18,s1803a,O0_4_sw1,95,4,0.042105263157894736,0,0,0,0.0,0.0,0.0,100,5,0.05,0,0,0,0.0,0.0,0.0,336.5856770000002,212.32897600000007,0.630831881773745,251.06799999999993,50,5.021359999999999,87130029b5443647ed1f1febd32ab768bf957a0a1698217eb3cf14b2d00c6ecf,334,a6d07eeb1c4d8ab56edd8654a8bf36247992b821ed5f67aaea98f1f584a9068d,99e311d98416b3f22b4cf5c1860239920f63bed49961779e347cd52504094d05
s18,s1803a,O0_4_sw2,101,4,0.039603960396039604,0,0,0,0.0,0.0,0.0,112,5,0.044642857142857144,0,0,0,0.0,0.0,0.0,336.5856770000002,214.34605100000005,0.636824635291893,253.2519999999999,56,4.522357142857141,87130029b5443647ed1f1febd32ab768bf957a0a1698217eb3cf14b2d00c6ecf,334,c3f53fe103e2d68690fc7c124fc82cd7c939e4288ce560f6a563363cad33dc33,d6d68740bfe3e4db0f66fb155aaea136c933a6ad3ae65d98b9c10df8bfaf38e5
s18,s1803a,O0_4_sw4,102,4,0.0392156862745098,0,0,0,0.0,0.0,0.0,114,5,0.043859649122807015,0,0,0,0.0,0.0,0.0,336.5856770000002,214.34605100000005,0.636824635291893,253.2519999999999,57,4.443017543859647,87130029b5443647ed1f1febd32ab768bf957a0a1698217eb3cf14b2d00c6ecf,334,625f98d03dfddda4cfa7eec25c23f67a104665015853df188535f5d9e9b376cd,9157780c214bb7626aa4b46733183e1978be9411cafa6ddbba13c9c30d07ca33
s18,s1803a,O0_4_keep90,92,4,0.043478260869565216,0,0,0,0.0,0.0,0.0,94,5,0.05319148936170213,0,0,0,0.0,0.0,0.0,336.5856770000002,208.51164300000008,0.6194905405912443,245.93599999999992,47,5.2326808510638285,87130029b5443647ed1f1febd32ab768bf957a0a1698217eb3cf14b2d00c6ecf,334,491e26dff602635bc02a486cde831adb4a2b700242c61e7524673d852af53897,a8c04e0ede851330c374e48c4e1fb0e2c9f227f7cbc2debadeb2c49671c7f301
s18,s1803a,O0_4_keep80,90,3,0.03333333333333333,0,0,0,0.0,0.0,0.0,92,3,0.03260869565217391,0,0,0,0.0,0.0,0.0,336.5856770000002,200.410593,0.5954222258839609,235.23599999999993,46,5.113826086956521,87130029b5443647ed1f1febd32ab768bf957a0a1698217eb3cf14b2d00c6ecf,323,dc0f4bc83f9bc53d17648c211cc53a57af5b5603209e44711cc449546e678c8e,c590cca8335b9be78c43c3358d8510e1c3b834490dc88b62ef4512aca9104220
s18,s1803a,O0_4_keep70,86,3,0.03488372093023256,0,0,0,0.0,0.0,0.0,88,3,0.03409090909090909,0,0,0,0.0,0.0,0.0,336.5856770000002,191.0464340000001,0.5676011995008331,223.53599999999994,44,5.080363636363635,87130029b5443647ed1f1febd32ab768bf957a0a1698217eb3cf14b2d00c6ecf,316,8bff9ad6f3c836b9464a9de81cf21cc2d65972c4b0bf419be488856b9dbbda30,ee4471cccebe01bdf5deaade4d54122440f2b8456c4e8f83ea0e84dd41632c5b
s18,s1803a,O0_4_keep60,70,3,0.04285714285714286,0,0,0,0.0,0.0,0.0,72,3,0.041666666666666664,0,0,0,0.0,0.0,0.0,336.5856770000002,152.97127399999994,0.4544794518989584,177.94400000000002,36,4.9428888888888896,87130029b5443647ed1f1febd32ab768bf957a0a1698217eb3cf14b2d00c6ecf,273,81aa78e57effe156899e4a949bf1db01cba25472d140d521b649ae02c45eee4e,1cde35b2935c9940679c7e842791fe712d4f028745bf37726af8a8f33c477bc4
s18,s1803a,O0_4_keep50,46,2,0.043478260869565216,0,0,0,0.0,0.0,0.0,48,2,0.041666666666666664,0,0,0,0.0,0.0,0.0,336.5856770000002,109.24137100000004,0.32455739642183284,128.74800000000002,24,5.3645000000000005,87130029b5443647ed1f1febd32ab768bf957a0a1698217eb3cf14b2d00c6ecf,194,2b7ccbceae81d1f2554c0a3a419da84a624fa6cba7f14ce112cc19dc5519edb7,e143e1348aad43d5426577ab1a1f6c143ddb4b3b5b1073b801fe779b35c14b10
s18,s1803a,O0_4_MARGIN_all_s0p5,92,4,0.043478260869565216,0,0,0,0.0,0.0,0.0,94,5,0.05319148936170213,0,0,0,0.0,0.0,0.0,336.5856770000002,208.18519900000015,0.6185206716327386,245.12,47,5.21531914893617,87130029b5443647ed1f1febd32ab768bf957a0a1698217eb3cf14b2d00c6ecf,334,fd9b9fa96935f517cadc21f1739704b11de1bcbc976a89e6b7988edd7a0a8752,8e1b626ddf77852468ca41d421a620cda9b369dbdb0b9bdae3b985c15836b0d2
s18,s1803a,O0_4_MARGIN_all_s1,93,4,0.043010752688172046,0,0,0,0.0,0.0,0.0,96,5,0.052083333333333336,0,0,0,0.0,0.0,0.0,336.5856770000002,209.2187270000002,0.6215912954608585,245.89599999999996,48,5.1228333333333325,87130029b5443647ed1f1febd32ab768bf957a0a1698217eb3cf14b2d00c6ecf,334,1d2f3aaab5d06604fad517b02c5dab8c0df5079ebb7e06fb585bc811353ebda1,5c14bd490ef579b39bd1504cc9d94b20974563465961db82efe7cf718f36b700
s18,s1803a,O0_4_MARGIN_all_s2,94,4,0.0425531914893617,0,0,0,0.0,0.0,0.0,98,5,0.05102040816326531,0,0,0,0.0,0.0,0.0,336.5856770000002,210.6565160000002,0.6258629834685452,247.55999999999995,49,5.0522448979591825,87130029b5443647ed1f1febd32ab768bf957a0a1698217eb3cf14b2d00c6ecf,334,5f3deab3e041897a5f7414c5afcf1b5a7fcdbdf7804785bfe48f9d8fa42601a3,83177d706e7308deb14e8a0cbe9c6849f798ef26b5216167c8e526b617dbfa49
s18,s1803a,O0_4_MARGIN_all_s4,97,3,0.030927835051546393,0,0,0,0.0,0.0,0.0,104,3,0.028846153846153848,0,0,0,0.0,0.0,0.0,336.5856770000002,210.2741790000002,0.6247270557505038,246.82399999999996,52,4.746615384615383,87130029b5443647ed1f1febd32ab768bf957a0a1698217eb3cf14b2d00c6ecf,334,d7d2834a9c5204a7d695a8ef0db98446e2a328a07fc680f86b9eceecbfac9a2f,4cf4ba2243a6a0b8a74001b873c9d64047b3d7178e583ea1a133768a9f8c63a9
s18,s1803b,O0_4,95,6,0.06315789473684211,2,0,0,0.021052631578947368,0.0,0.0,98,6,0.061224489795918366,2,0,0,0.02040816326530612,0.0,0.0,349.29989300000005,198.27346499999982,0.5676310499184716,235.17199999999983,49,4.799428571428568,87130029b5443647ed1f1febd32ab768bf957a0a1698217eb3cf14b2d00c6ecf,399,ccfcee2bcb6353ad89ee7abf17f4ec308983978e55a5a202a092988777f9f845,0254723b3416daf66c4df8ba3a3dd032bf8e72b52e5d087d0bfb684956d5ab39
s18,s1803b,O0_4_sw0p25,95,6,0.06315789473684211,2,0,0,0.021052631578947368,0.0,0.0,98,6,0.061224489795918366,2,0,0,0.02040816326530612,0.0,0.0,349.29989300000005,198.27346499999982,0.5676310499184716,235.17199999999983,49,4.799428571428568,87130029b5443647ed1f1febd32ab768bf957a0a1698217eb3cf14b2d00c6ecf,399,ccfcee2bcb6353ad89ee7abf17f4ec308983978e55a5a202a092988777f9f845,0254723b3416daf66c4df8ba3a3dd032bf8e72b52e5d087d0bfb684956d5ab39
s18,s1803b,O0_4_sw0p5,95,6,0.06315789473684211,2,0,0,0.021052631578947368,0.0,0.0,98,6,0.061224489795918366,2,0,0,0.02040816326530612,0.0,0.0,349.29989300000005,198.27346499999982,0.5676310499184716,235.17199999999983,49,4.799428571428568,87130029b5443647ed1f1febd32ab768bf957a0a1698217eb3cf14b2d00c6ecf,399,ccfcee2bcb6353ad89ee7abf17f4ec308983978e55a5a202a092988777f9f845,0254723b3416daf66c4df8ba3a3dd032bf8e72b52e5d087d0bfb684956d5ab39
s18,s1803b,O0_4_sw1,95,6,0.06315789473684211,2,0,0,0.021052631578947368,0.0,0.0,98,6,0.061224489795918366,2,0,0,0.02040816326530612,0.0,0.0,349.29989300000005,198.27346499999982,0.5676310499184716,235.17199999999983,49,4.799428571428568,87130029b5443647ed1f1febd32ab768bf957a0a1698217eb3cf14b2d00c6ecf,399,ccfcee2bcb6353ad89ee7abf17f4ec308983978e55a5a202a092988777f9f845,0254723b3416daf66c4df8ba3a3dd032bf8e72b52e5d087d0bfb684956d5ab39
s18,s1803b,O0_4_sw2,97,6,0.061855670103092786,2,0,0,0.020618556701030927,0.0,0.0,102,6,0.058823529411764705,2,0,0,0.0196078431372549,0.0,0.0,349.29989300000005,200.42230599999982,0.5737829012160613,237.5959999999998,51,4.658745098039212,87130029b5443647ed1f1febd32ab768bf957a0a1698217eb3cf14b2d00c6ecf,399,76b2dfbe8ce320705c01fc8d7ca3929449ce79ca2cc684d0822e1d3861a7b729,b52ab9d9ab1ddb7efd99e6dd08e622754c2fffb772a3b0c29c97c17b32a5793d
s18,s1803b,O0_4_sw4,100,8,0.08,3,0,0,0.03,0.0,0.0,108,9,0.08333333333333333,4,0,0,0.037037037037037035,0.0,0.0,349.29989300000005,202.74197999999987,0.5804238250940428,239.6359999999998,54,4.4377037037037,87130029b5443647ed1f1febd32ab768bf957a0a1698217eb3cf14b2d00c6ecf,399,3c68e13161a35d87ef45c1eae64d70ef420f1697a6aa698b0fdadee271326a2c,5fdfc948822ba2b461b384e0c0c0b5cfdc93234b2211ad6b6940cb23385504e8
s18,s1803b,O0_4_keep90,95,6,0.06315789473684211,2,0,0,0.021052631578947368,0.0,0.0,98,6,0.061224489795918366,2,0,0,0.02040816326530612,0.0,0.0,349.29989300000005,198.27346499999982,0.5676310499184716,235.17199999999983,49,4.799428571428568,87130029b5443647ed1f1febd32ab768bf957a0a1698217eb3cf14b2d00c6ecf,398,ccfcee2bcb6353ad89ee7abf17f4ec308983978e55a5a202a092988777f9f845,0254723b3416daf66c4df8ba3a3dd032bf8e72b52e5d087d0bfb684956d5ab39
s18,s1803b,O0_4_keep80,95,7,0.07368421052631578,3,0,0,0.031578947368421054,0.0,0.0,98,7,0.07142857142857142,3,0,0,0.030612244897959183,0.0,0.0,349.29989300000005,198.26759999999982,0.5676142591890224,234.5639999999998,49,4.7870204081632615,87130029b5443647ed1f1febd32ab768bf957a0a1698217eb3cf14b2d00c6ecf,390,73436dccb9f5b123e494b493ee702cff2d4a4f608cafa8ac1989ebfb118bd5ae,0e8882be4302cb10ca07781f189ab305a4ac7931eb1a3bc8b87b2bc89a656665
s18,s1803b,O0_4_keep70,91,7,0.07692307692307693,3,0,0,0.03296703296703297,0.0,0.0,92,7,0.07608695652173914,3,0,0,0.03260869565217391,0.0,0.0,349.29989300000005,188.7193319999998,0.5402788142279785,222.85599999999974,46,4.8446956521739075,87130029b5443647ed1f1febd32ab768bf957a0a1698217eb3cf14b2d00c6ecf,372,3e2ade96005cbccdf1270b63b35d3be050f31ac308fd6fb566af66a30dc30819,93cb45e16911f5e24fbf520163725d0cfd3f6be6b4ab3c10da1b63c14ab64209
s18,s1803b,O0_4_keep60,69,4,0.057971014492753624,3,0,0,0.043478260869565216,0.0,0.0,70,4,0.05714285714285714,3,0,0,0.04285714285714286,0.0,0.0,349.29989300000005,147.8750519999999,0.4233469719385224,174.6319999999997,35,4.989485714285705,87130029b5443647ed1f1febd32ab768bf957a0a1698217eb3cf14b2d00c6ecf,331,bf564ddf8f98b8e35ebea9bbc6e5e61c36fe0532f52be6e2be9e7748bc7d5182,fe8932e66177e823b519bb9b22123ae6438e7ad72967675f2fe2b5a5bf6431aa
s18,s1803b,O0_4_keep50,39,3,0.07692307692307693,2,0,0,0.05128205128205128,0.0,0.0,40,3,0.075,2,0,0,0.05,0.0,0.0,349.29989300000005,85.99349799999987,0.24618816015497566,103.33600000000004,20,5.166800000000002,87130029b5443647ed1f1febd32ab768bf957a0a1698217eb3cf14b2d00c6ecf,227,c5186a2d438681a049643287b7755c6c699f59e7d3a7dff4aae771a9af8c81ee,dbd11b985fc7be16efea04d7325aa9a79da0691d5bf650494457158941c24265
s18,s1803b,O0_4_MARGIN_all_s0p5,95,7,0.07368421052631578,3,0,0,0.031578947368421054,0.0,0.0,98,7,0.07142857142857142,3,0,0,0.030612244897959183,0.0,0.0,349.29989300000005,198.23758099999984,0.5675283187103634,235.13199999999983,49,4.798612244897956,87130029b5443647ed1f1febd32ab768bf957a0a1698217eb3cf14b2d00c6ecf,399,6009b8de2712bae9f384365aad05fc1359c6ee3c7562f9f96d60ae296c32d938,055b028a1f172aba5adcc4519171b0ab7e86db022f6a92616206cfe6e9f94f85
s18,s1803b,O0_4_MARGIN_all_s1,95,6,0.06315789473684211,3,0,0,0.031578947368421054,0.0,0.0,98,6,0.061224489795918366,3,0,0,0.030612244897959183,0.0,0.0,349.29989300000005,195.24636799999982,0.5589648663304909,230.85999999999984,49,4.711428571428568,87130029b5443647ed1f1febd32ab768bf957a0a1698217eb3cf14b2d00c6ecf,399,38a05eb6a6b44165159eb42297c44f7adc55839e15d63651034e92fc3c062392,80304ec6b39db2120c910b1bce6b24e8dad6b6c7046ee1ba087206144c088569
s18,s1803b,O0_4_MARGIN_all_s2,95,6,0.06315789473684211,3,0,0,0.031578947368421054,0.0,0.0,98,6,0.061224489795918366,3,0,0,0.030612244897959183,0.0,0.0,349.29989300000005,190.98287799999989,0.5467590509682746,225.30399999999986,49,4.598040816326527,87130029b5443647ed1f1febd32ab768bf957a0a1698217eb3cf14b2d00c6ecf,399,adc70266959cb63b79dc5320f4d962bf3b84188c251395f09f373057c7e7f5f5,45766ef92cbb1408ac4e1d8695ba8891daa3d5a25e2d193003fc36515748b613
s18,s1803b,O0_4_MARGIN_all_s4,96,7,0.07291666666666667,5,0,0,0.052083333333333336,0.0,0.0,100,7,0.07,5,0,0,0.05,0.0,0.0,349.29989300000005,190.7136489999999,0.5459882834833845,224.18799999999985,50,4.483759999999997,87130029b5443647ed1f1febd32ab768bf957a0a1698217eb3cf14b2d00c6ecf,399,08ccf8aafddb05e91903806e7bd84f19fd43d14813e02b61ad1096241107137d,eaa2be1553e48525f62743485003f13d3a6c613ac6f87c2fcfd89b288492111b
s19,s1901a,O0_4,93,5,0.053763440860215055,3,0,0,0.03225806451612903,0.0,0.0,98,6,0.061224489795918366,4,0,0,0.04081632653061224,0.0,0.0,315.94474199999985,229.50980299999958,0.7264238725643982,273.31999999999994,49,5.577959183673468,87130029b5443647ed1f1febd32ab768bf957a0a1698217eb3cf14b2d00c6ecf,278,3474434451f50565d3593d3ef940ff78a818d2876e410c490bcd7c030bc4cb00,f8f68e5d9105072c749d0f39f86b9907892b7fdf792feaa7101f7f464e52b5f8
s19,s1901a,O0_4_sw0p25,94,5,0.05319148936170213,3,0,0,0.031914893617021274,0.0,0.0,100,6,0.06,4,0,0,0.04,0.0,0.0,315.94474199999985,230.9198029999996,0.7308866782786964,275.29599999999994,50,5.505919999999999,87130029b5443647ed1f1febd32ab768bf957a0a1698217eb3cf14b2d00c6ecf,278,398cf1eafb6e8dd743f07678bc0aa8d4a0c0b405d89673741bd4e1c90cea5e0c,4da9f6775600282cc383167b67732abaa031de93b62753fcbd154888fdaf7ac8
s19,s1901a,O0_4_sw0p5,94,5,0.05319148936170213,3,0,0,0.031914893617021274,0.0,0.0,100,6,0.06,4,0,0,0.04,0.0,0.0,315.94474199999985,230.9198029999996,0.7308866782786964,275.29599999999994,50,5.505919999999999,87130029b5443647ed1f1febd32ab768bf957a0a1698217eb3cf14b2d00c6ecf,278,398cf1eafb6e8dd743f07678bc0aa8d4a0c0b405d89673741bd4e1c90cea5e0c,4da9f6775600282cc383167b67732abaa031de93b62753fcbd154888fdaf7ac8
s19,s1901a,O0_4_sw1,95,5,0.05263157894736842,3,0,0,0.031578947368421054,0.0,0.0,102,6,0.058823529411764705,4,0,0,0.0392156862745098,0.0,0.0,315.94474199999985,232.16526999999957,0.7348287188776818,277.0079999999999,51,5.431529411764704,87130029b5443647ed1f1febd32ab768bf957a0a1698217eb3cf14b2d00c6ecf,278,15bdd4bd5c9aa3d6b5ed4f92922802d62afade5a59cb9a9ee024576d526d2872,4b3649328e00c0cdea3dd205c935fab81637e72833bc61fb1b0541d620d75333
s19,s1901a,O0_4_sw2,97,5,0.05154639175257732,3,0,0,0.030927835051546393,0.0,0.0,106,6,0.05660377358490566,4,0,0,0.03773584905660377,0.0,0.0,315.94474199999985,232.16526999999957,0.7348287188776818,277.0079999999999,53,5.226566037735847,87130029b5443647ed1f1febd32ab768bf957a0a1698217eb3cf14b2d00c6ecf,278,933c59e9c07b1771c0eff003297f01e20a9aed2ef4509fa71518d4e66c4f8b2f,4633d3d1767ca39d3f5d7c0b917a27d2b3d2ac0319f7d5984388b5c93e391af4
s19,s1901a,O0_4_sw4,102,7,0.06862745098039216,4,0,0,0.0392156862745098,0.0,0.0,116,10,0.08620689655172414,6,0,0,0.05172413793103448,0.0,0.0,315.94474199999985,231.04810299999963,0.7312927619475932,275.4719999999999,58,4.749517241379309,87130029b5443647ed1f1febd32ab768bf957a0a1698217eb3cf14b2d00c6ecf,278,5ea79167b96f2c09d7d3179163fc5931ce00f7f579dd47438391779335844f42,60174e5b670fbda95cda2fcc767d2cb6f76458c49154ef85d94bc6d57d9ae68e
s19,s1901a,O0_4_keep90,93,5,0.053763440860215055,3,0,0,0.03225806451612903,0.0,0.0,98,6,0.061224489795918366,4,0,0,0.04081632653061224,0.0,0.0,315.94474199999985,229.50980299999958,0.7264238725643982,273.31999999999994,49,5.577959183673468,87130029b5443647ed1f1febd32ab768bf957a0a1698217eb3cf14b2d00c6ecf,278,3474434451f50565d3593d3ef940ff78a818d2876e410c490bcd7c030bc4cb00,f8f68e5d9105072c749d0f39f86b9907892b7fdf792feaa7101f7f464e52b5f8
s19,s1901a,O0_4_keep80,90,3,0.03333333333333333,2,0,0,0.022222222222222223,0.0,0.0,92,3,0.03260869565217391,2,0,0,0.021739130434782608,0.0,0.0,315.94474199999985,219.91985199999965,0.6960706185767123,262.54799999999994,46,5.707565217391303,87130029b5443647ed1f1febd32ab768bf957a0a1698217eb3cf14b2d00c6ecf,267,f4979a502433a5da88e3a41cae0f03431deedd73f197ed2cb12056d24a5c4440,96390fc894f21da166e12b6247edd4785f126b069dbbef81f5152cef1bb1dd88
s19,s1901a,O0_4_keep70,90,3,0.03333333333333333,2,0,0,0.022222222222222223,0.0,0.0,92,3,0.03260869565217391,2,0,0,0.021739130434782608,0.0,0.0,315.94474199999985,216.12281099999979,0.6840525644829369,257.71199999999993,46,5.602434782608694,87130029b5443647ed1f1febd32ab768bf957a0a1698217eb3cf14b2d00c6ecf,254,726473e333ad9f5d3717c564c3f50bd7efa7c594fe7eb2f58372a4a2ed589b23,6936a04c7d546036b4552033092282db8a6a5f34f7336df301160b037dee7cc2
s19,s1901a,O0_4_keep60,77,4,0.05194805194805195,2,0,0,0.025974025974025976,0.0,0.0,78,4,0.05128205128205128,2,0,0,0.02564102564102564,0.0,0.0,315.94474199999985,181.80119799999963,0.5754208690075295,215.92000000000002,39,5.536410256410257,87130029b5443647ed1f1febd32ab768bf957a0a1698217eb3cf14b2d00c6ecf,219,362697ce02cdcbc9d18891cf523131d2a9651e75de29ee3e351215ba5787f1ac,1744845a885b4ac65315de8bb4b49a16ba46b4f7197e5a41d1d54c61000d91d1
s19,s1901a,O0_4_keep50,48,2,0.041666666666666664,0,0,0,0.0,0.0,0.0,48,2,0.041666666666666664,0,0,0,0.0,0.0,0.0,315.94474199999985,113.55382299999964,0.359410390187787,135.9720000000001,24,5.665500000000004,87130029b5443647ed1f1febd32ab768bf957a0a1698217eb3cf14b2d00c6ecf,161,8516a16b86166bc0cbbcdc0af906448aa2da875e31677d172dd3a08697b52271,6437e073d69b041fe6b48fa829c01c94e28bd47302f494c700c809a4dd38f5ab
s19,s1901a,O0_4_MARGIN_all_s0p5,93,5,0.053763440860215055,3,0,0,0.03225806451612903,0.0,0.0,98,6,0.061224489795918366,4,0,0,0.04081632653061224,0.0,0.0,315.94474199999985,229.50980299999958,0.7264238725643982,273.31999999999994,49,5.577959183673468,87130029b5443647ed1f1febd32ab768bf957a0a1698217eb3cf14b2d00c6ecf,278,3474434451f50565d3593d3ef940ff78a818d2876e410c490bcd7c030bc4cb00,f8f68e5d9105072c749d0f39f86b9907892b7fdf792feaa7101f7f464e52b5f8
s19,s1901a,O0_4_MARGIN_all_s1,93,5,0.053763440860215055,3,0,0,0.03225806451612903,0.0,0.0,98,6,0.061224489795918366,4,0,0,0.04081632653061224,0.0,0.0,315.94474199999985,229.50980299999958,0.7264238725643982,273.31999999999994,49,5.577959183673468,87130029b5443647ed1f1febd32ab768bf957a0a1698217eb3cf14b2d00c6ecf,278,3474434451f50565d3593d3ef940ff78a818d2876e410c490bcd7c030bc4cb00,f8f68e5d9105072c749d0f39f86b9907892b7fdf792feaa7101f7f464e52b5f8
s19,s1901a,O0_4_MARGIN_all_s2,93,5,0.053763440860215055,3,0,0,0.03225806451612903,0.0,0.0,98,6,0.061224489795918366,4,0,0,0.04081632653061224,0.0,0.0,315.94474199999985,225.8313689999996,0.7147812227240664,268.7839999999999,49,5.485387755102038,87130029b5443647ed1f1febd32ab768bf957a0a1698217eb3cf14b2d00c6ecf,278,fa7146632e503b1737f383e9af565ef42689835c54f292bb1368be204f1560a8,ccdecedfa7fcb9891e9965101d86b99bb39e5585eb6af5b039f3a606cd8eb7cb
s19,s1901a,O0_4_MARGIN_all_s4,93,5,0.053763440860215055,3,0,0,0.03225806451612903,0.0,0.0,98,6,0.061224489795918366,4,0,0,0.04081632653061224,0.0,0.0,315.94474199999985,224.92136899999963,0.7119009722276047,267.57999999999987,49,5.46081632653061,87130029b5443647ed1f1febd32ab768bf957a0a1698217eb3cf14b2d00c6ecf,278,298ae993fd84bd75ba95cac72a43bf310b083b67426937cdb80c5f3a20166826,4100d5231806f1e7015fea33c7d313a55294d9433c11fb94edb85d380a5e8aaa
s19,s1902a,O0_4,98,5,0.05102040816326531,2,0,0,0.02040816326530612,0.0,0.0,102,5,0.049019607843137254,2,0,0,0.0196078431372549,0.0,0.0,314.40116800000015,239.42574400000038,0.7615294355395024,287.4039999999998,51,5.635372549019604,87130029b5443647ed1f1febd32ab768bf957a0a1698217eb3cf14b2d00c6ecf,266,0722c51b7be5c329ee9d7777b78d3c21f293554a9a9da84787d9d4e61e0f9268,b06250f4440bf45865cb8e31422242d46a5cee78edeae9218415c7655e15d34b
s19,s1902a,O0_4_sw0p25,98,5,0.05102040816326531,2,0,0,0.02040816326530612,0.0,0.0,102,5,0.049019607843137254,2,0,0,0.0196078431372549,0.0,0.0,314.40116800000015,239.42574400000038,0.7615294355395024,287.4039999999998,51,5.635372549019604,87130029b5443647ed1f1febd32ab768bf957a0a1698217eb3cf14b2d00c6ecf,266,0722c51b7be5c329ee9d7777b78d3c21f293554a9a9da84787d9d4e61e0f9268,b06250f4440bf45865cb8e31422242d46a5cee78edeae9218415c7655e15d34b
s19,s1902a,O0_4_sw0p5,100,5,0.05,2,0,0,0.02,0.0,0.0,106,5,0.04716981132075472,2,0,0,0.018867924528301886,0.0,0.0,314.40116800000015,241.31195600000038,0.7675288152873537,289.4199999999998,53,5.460754716981128,87130029b5443647ed1f1febd32ab768bf957a0a1698217eb3cf14b2d00c6ecf,266,efdcd0880f6bd9894ee443cd831d646562417c14c91a9f1084f1761229cb1e75,f58108851d49ae307c4e059788e64feaf06b366ee9b92462edb45776336c6d35
s19,s1902a,O0_4_sw1,100,5,0.05,2,0,0,0.02,0.0,0.0,106,5,0.04716981132075472,2,0,0,0.018867924528301886,0.0,0.0,314.40116800000015,241.31195600000038,0.7675288152873537,289.1079999999998,53,5.454867924528298,87130029b5443647ed1f1febd32ab768bf957a0a1698217eb3cf14b2d00c6ecf,266,d2f5ba008a6087261338d5a9f71b426d8e072384b0ee7a2ec11cbc8bc217aa00,b894ef5b41ca5760f36f82f51c88ca12e58fa81b7fa457bd1e3d9d0154601917
s19,s1902a,O0_4_sw2,103,6,0.05825242718446602,3,0,0,0.02912621359223301,0.0,0.0,112,7,0.0625,4,0,0,0.03571428571428571,0.0,0.0,314.40116800000015,242.55695200000036,0.7714887115177647,290.11599999999976,56,5.180642857142852,87130029b5443647ed1f1febd32ab768bf957a0a1698217eb3cf14b2d00c6ecf,266,71525dea2e723c1bacee8c0788360ee46d6536039a8cccdce47e3dd6efccf531,e041ae76a9a816b430283ddc8d7274611324575713ac0d351c1cf228e74be823
s19,s1902a,O0_4_sw4,109,6,0.05504587155963303,3,0,0,0.027522935779816515,0.0,0.0,124,7,0.056451612903225805,4,0,0,0.03225806451612903,0.0,0.0,314.40116800000015,242.79879900000032,0.7722579421206228,290.30399999999975,62,4.682322580645157,87130029b5443647ed1f1febd32ab768bf957a0a1698217eb3cf14b2d00c6ecf,266,d1ebe13d4c10a570441f9a2ae7042b5ad6dfa06bd029d1b030e8d0a61b3efc39,3f090bf3fb7a046830ffdea209f90277403d5e4532b75c57d7d04ce2e2814831
s19,s1902a,O0_4_keep90,97,4,0.041237113402061855,1,0,0,0.010309278350515464,0.0,0.0,100,4,0.04,1,0,0,0.01,0.0,0.0,314.40116800000015,237.08548200000033,0.7540858817674628,284.0719999999997,50,5.681439999999994,87130029b5443647ed1f1febd32ab768bf957a0a1698217eb3cf14b2d00c6ecf,265,4f3c7f5d88e486f2a7a7bd7dd5c60f2bc7d780136c0fa894c6ea8120a650904c,5e59d4478b6b6e0a2ca59e286eefe2f4021814ed55ff741f59a8cee97a072e49
s19,s1902a,O0_4_keep80,97,4,0.041237113402061855,1,0,0,0.010309278350515464,0.0,0.0,100,4,0.04,1,0,0,0.01,0.0,0.0,314.40116800000015,235.84184100000033,0.7501302953174787,282.5319999999997,50,5.650639999999994,87130029b5443647ed1f1febd32ab768bf957a0a1698217eb3cf14b2d00c6ecf,259,4a28d86f5713a36092e67d687e87fd8fd3b32205690cbc4e7f88994caa0884ca,c73e9d8d64da1947cafcc8c023cc7d2c3a15330309f9d3353fab52fc86fe5775
s19,s1902a,O0_4_keep70,93,5,0.053763440860215055,2,0,0,0.021505376344086023,0.0,0.0,96,5,0.052083333333333336,2,0,0,0.020833333333333332,0.0,0.0,314.40116800000015,223.24700100000024,0.7100705204759294,267.5279999999999,48,5.573499999999998,87130029b5443647ed1f1febd32ab768bf957a0a1698217eb3cf14b2d00c6ecf,241,eb0b6ed972ae254fee2f6d8cccfd7bf2cef3c9630cfeeaa51fc95fcfdfb777a2,ef35587f9a248927e193796ac86a695eeaf60cf462a141a1dbf24239d9790924
s19,s1902a,O0_4_keep60,89,6,0.06741573033707865,3,0,0,0.033707865168539325,0.0,0.0,92,6,0.06521739130434782,3,0,0,0.03260869565217391,0.0,0.0,314.40116800000015,206.4837470000002,0.6567524806396396,246.46399999999994,46,5.35791304347826,87130029b5443647ed1f1febd32ab768bf957a0a1698217eb3cf14b2d00c6ecf,216,f3c028ed354ac0e7f8e2c2df6c139090e4fcca8fdf464c6c9b5f3e2b31a213dd,e45faee86c4ee7fb6a992c65a054ebb6a601d010a4f041494171725ec208929e
s19,s1902a,O0_4_keep50,55,4,0.07272727272727272,1,0,0,0.01818181818181818,0.0,0.0,56,4,0.07142857142857142,1,0,0,0.017857142857142856,0.0,0.0,314.40116800000015,140.54196499999978,0.44701476745149915,168.04000000000002,28,6.001428571428572,87130029b5443647ed1f1febd32ab768bf957a0a1698217eb3cf14b2d00c6ecf,147,188efec4a5a659f4dc755c20a6efe465a7ea32dc644082b91e2c805c8d1f703d,8771315527605f1fc4892a77b00de4e3a58f5910c19dd5c46a685bdc0c262a30
s19,s1902a,O0_4_MARGIN_all_s0p5,97,4,0.041237113402061855,1,0,0,0.010309278350515464,0.0,0.0,100,4,0.04,1,0,0,0.01,0.0,0.0,314.40116800000015,236.61409700000033,0.7525865711796599,283.3799999999997,50,5.667599999999994,87130029b5443647ed1f1febd32ab768bf957a0a1698217eb3cf14b2d00c6ecf,266,7a39cea1318e4f620a917ebef0114878afb465eb147db1f438b991e17b02f7c8,33d189260c554f1592439779096cce1544d1a8ec34af2a43c2a9d30b3ed8426f
s19,s1902a,O0_4_MARGIN_all_s1,97,4,0.041237113402061855,1,0,0,0.010309278350515464,0.0,0.0,100,4,0.04,1,0,0,0.01,0.0,0.0,314.40116800000015,235.0972780000004,0.7477621011891414,281.2199999999997,50,5.624399999999993,87130029b5443647ed1f1febd32ab768bf957a0a1698217eb3cf14b2d00c6ecf,266,ed6c7c907c70583ca54a4c64691a0850b5ad9087a944a2330df7b9c46608fe42,64a496e7b11431e0e9ef480feea6423ccfa9c5066d57ea1a62c2686ea0560c4f
s19,s1902a,O0_4_MARGIN_all_s2,97,5,0.05154639175257732,2,0,0,0.020618556701030927,0.0,0.0,100,5,0.05,2,0,0,0.02,0.0,0.0,314.40116800000015,234.32794200000032,0.7453151128242634,279.26799999999974,50,5.585359999999995,87130029b5443647ed1f1febd32ab768bf957a0a1698217eb3cf14b2d00c6ecf,266,7c4c2a8c0fd9e540a494ba80299c02b8349f62ad342e8e2c74671a84f7e17d8d,b753c332c61cc90da2dfed2da80dcfbda503a1a90fe783c449c9597ab2481910
s19,s1902a,O0_4_MARGIN_all_s4,98,5,0.05102040816326531,2,0,0,0.02040816326530612,0.0,0.0,100,5,0.05,2,0,0,0.02,0.0,0.0,314.40116800000015,229.96973300000022,0.7314531764080473,273.46799999999985,50,5.469359999999997,87130029b5443647ed1f1febd32ab768bf957a0a1698217eb3cf14b2d00c6ecf,266,9a3a89b8e3c69e1bcaa8a0f63d826de65773d3d55b4210be9ea6dbbf6912dda2,a991267c3793556186d770534b4cf50e124bce34db26a300c7ed0370e369dc08
s19,s1902b,O0_4,80,9,0.1125,3,0,0,0.0375,0.0,0.0,84,11,0.13095238095238096,4,0,0,0.047619047619047616,0.0,0.0,303.7564060000003,184.6368830000002,0.6078452317479686,218.604,42,5.2048571428571435,87130029b5443647ed1f1febd32ab768bf957a0a1698217eb3cf14b2d00c6ecf,318,0d6e01ffcaf8ed80793129e1c0c06f0d8987ffea6907196f9b674548512f40f6,ab1baa598c059b5bb8e0a73eb9f74f20bac077dbaec4e308549e230c4c9210c1
s19,s1902b,O0_4_sw0p25,81,9,0.1111111111111111,3,0,0,0.037037037037037035,0.0,0.0,86,11,0.12790697674418605,4,0,0,0.046511627906976744,0.0,0.0,303.7564060000003,186.47626300000022,0.6139006760568534,220.80800000000002,43,5.135069767441861,87130029b5443647ed1f1febd32ab768bf957a0a1698217eb3cf14b2d00c6ecf,318,1259b04714275f78e322c4192822bfd80710aeb5a7cc7b022f1b1fcc4d22b322,712f3e8ae008861c99f204c00666005af0eeb865868af347f38c41dab6c78e72
s19,s1902b,O0_4_sw0p5,81,9,0.1111111111111111,3,0,0,0.037037037037037035,0.0,0.0,86,11,0.12790697674418605,4,0,0,0.046511627906976744,0.0,0.0,303.7564060000003,186.47626300000022,0.6139006760568534,220.80800000000002,43,5.135069767441861,87130029b5443647ed1f1febd32ab768bf957a0a1698217eb3cf14b2d00c6ecf,318,1259b04714275f78e322c4192822bfd80710aeb5a7cc7b022f1b1fcc4d22b322,712f3e8ae008861c99f204c00666005af0eeb865868af347f38c41dab6c78e72
s19,s1902b,O0_4_sw1,81,9,0.1111111111111111,3,0,0,0.037037037037037035,0.0,0.0,86,11,0.12790697674418605,4,0,0,0.046511627906976744,0.0,0.0,303.7564060000003,186.47626300000022,0.6139006760568534,220.80800000000002,43,5.135069767441861,87130029b5443647ed1f1febd32ab768bf957a0a1698217eb3cf14b2d00c6ecf,318,1259b04714275f78e322c4192822bfd80710aeb5a7cc7b022f1b1fcc4d22b322,712f3e8ae008861c99f204c00666005af0eeb865868af347f38c41dab6c78e72
s19,s1902b,O0_4_sw2,84,9,0.10714285714285714,3,0,0,0.03571428571428571,0.0,0.0,92,11,0.11956521739130435,4,0,0,0.043478260869565216,0.0,0.0,303.7564060000003,186.47626300000022,0.6139006760568534,220.80800000000002,46,4.800173913043479,87130029b5443647ed1f1febd32ab768bf957a0a1698217eb3cf14b2d00c6ecf,318,c0b195908562684156a78fdd083a0112ec7ba10079ef748068804330ffb6ef88,f3092b64b293d70a7745d1ec1f4b6e394237503db8d739308f8272d655b988ef
s19,s1902b,O0_4_sw4,86,9,0.10465116279069768,3,0,0,0.03488372093023256,0.0,0.0,96,12,0.125,4,0,0,0.041666666666666664,0.0,0.0,303.7564060000003,186.2394020000002,0.6131209032016267,220.532,48,4.594416666666667,87130029b5443647ed1f1febd32ab768bf957a0a1698217eb3cf14b2d00c6ecf,318,b9c9fcc69ad0496568c7135a4cf35e143b4db47bd620d29b4f0740f48cbfc517,1dcc1de2d163a919e257314b1c321889ced73b9595055e77696ce4fb8ac50a21
s19,s1902b,O0_4_keep90,80,9,0.1125,3,0,0,0.0375,0.0,0.0,84,11,0.13095238095238096,4,0,0,0.047619047619047616,0.0,0.0,303.7564060000003,184.6368830000002,0.6078452317479686,218.604,42,5.2048571428571435,87130029b5443647ed1f1febd32ab768bf957a0a1698217eb3cf14b2d00c6ecf,318,0d6e01ffcaf8ed80793129e1c0c06f0d8987ffea6907196f9b674548512f40f6,ab1baa598c059b5bb8e0a73eb9f74f20bac077dbaec4e308549e230c4c9210c1
s19,s1902b,O0_4_keep80,80,9,0.1125,3,0,0,0.0375,0.0,0.0,84,11,0.13095238095238096,4,0,0,0.047619047619047616,0.0,0.0,303.7564060000003,184.6368830000002,0.6078452317479686,218.604,42,5.2048571428571435,87130029b5443647ed1f1febd32ab768bf957a0a1698217eb3cf14b2d00c6ecf,310,0d6e01ffcaf8ed80793129e1c0c06f0d8987ffea6907196f9b674548512f40f6,ab1baa598c059b5bb8e0a73eb9f74f20bac077dbaec4e308549e230c4c9210c1
s19,s1902b,O0_4_keep70,76,6,0.07894736842105263,2,0,0,0.02631578947368421,0.0,0.0,80,8,0.1,3,0,0,0.0375,0.0,0.0,303.7564060000003,172.58796200000018,0.5681788386711423,203.16399999999993,40,5.079099999999999,87130029b5443647ed1f1febd32ab768bf957a0a1698217eb3cf14b2d00c6ecf,292,72d7ca5a464834e468dce37a96ef4e87c50fc97e21a7e40247e159992cc6272d,16e9be2f2cd88034a46f262129074d3b8c14f82718b86904741bc3f17b91dd3f
s19,s1902b,O0_4_keep60,65,5,0.07692307692307693,1,0,0,0.015384615384615385,0.0,0.0,68,6,0.08823529411764706,1,0,0,0.014705882352941176,0.0,0.0,303.7564060000003,142.25188900000018,0.46830909962768,169.45999999999984,34,4.984117647058818,87130029b5443647ed1f1febd32ab768bf957a0a1698217eb3cf14b2d00c6ecf,264,ee6221bea14c37558a428d46c9fa97be2888b73077cf8d47a4fbc98066218cc8,58eada2a9aa7a41f64c13b9cb34b10009bdd656d70e7332be78014cef625ea6e
s19,s1902b,O0_4_keep50,40,3,0.075,0,0,0,0.0,0.0,0.0,42,3,0.07142857142857142,0,0,0,0.0,0.0,0.0,303.7564060000003,94.09251400000028,0.30976306060192255,113.34399999999997,21,5.397333333333331,87130029b5443647ed1f1febd32ab768bf957a0a1698217eb3cf14b2d00c6ecf,177,89808ad50097713496cfcb6fda9ef1e1e3a2ffe6aad01ce25e33b5120d99ca93,582f544b4a0fda5649b5032dcfd41e42599f3bf776c7894be290a7d3e0d8399c
s19,s1902b,O0_4_MARGIN_all_s0p5,80,9,0.1125,3,0,0,0.0375,0.0,0.0,84,11,0.13095238095238096,4,0,0,0.047619047619047616,0.0,0.0,303.7564060000003,184.1516470000001,0.6062477806640888,217.50800000000004,42,5.178761904761906,87130029b5443647ed1f1febd32ab768bf957a0a1698217eb3cf14b2d00c6ecf,318,65677fe9075a27fa23cbbc9abdfeaf0b0536849e8f448e12eabbbcfe92165203,4345f2e2cfccf184b025c683f6464da893479a5996ef6575b3f93fd0ad843093
s19,s1902b,O0_4_MARGIN_all_s1,81,9,0.1111111111111111,3,0,0,0.037037037037037035,0.0,0.0,86,11,0.12790697674418605,4,0,0,0.046511627906976744,0.0,0.0,303.7564060000003,185.01152800000014,0.6090786049134382,218.21600000000007,43,5.07479069767442,87130029b5443647ed1f1febd32ab768bf957a0a1698217eb3cf14b2d00c6ecf,318,26a957ace41a49fbbcb005e14f07f5dfdb6d3135ec05f66d50538b2bcaa36adb,975144cfce2e9d6a6dd93cd617d6f0ef255f13046c356be286deca5d2caaa263
s19,s1902b,O0_4_MARGIN_all_s2,81,9,0.1111111111111111,4,0,0,0.04938271604938271,0.0,0.0,86,11,0.12790697674418605,6,0,0,0.06976744186046512,0.0,0.0,303.7564060000003,181.06029700000016,0.5960707113449321,213.2040000000001,43,4.958232558139537,87130029b5443647ed1f1febd32ab768bf957a0a1698217eb3cf14b2d00c6ecf,318,dacdf95d6ec928e2fd3fdbdb815ea88694cc1fe027b10bb5b28fbe0dd95db8e4,00f85b587736721f1f90dd32055978f2722841d76c2d67896c098c60c10ac5da
s19,s1902b,O0_4_MARGIN_all_s4,82,8,0.0975609756097561,4,0,0,0.04878048780487805,0.0,0.0,88,10,0.11363636363636363,6,0,0,0.06818181818181818,0.0,0.0,303.7564060000003,180.42343600000015,0.5939740938335962,212.38000000000008,44,4.826818181818184,87130029b5443647ed1f1febd32ab768bf957a0a1698217eb3cf14b2d00c6ecf,318,266a853234fd29298ed61fa27f3907cc71a264bf578cc065f5c3c25902ca0496,761fa169f814770b8256d2c1262b1a8b4548a196fd6d9c99d4c967d8b455f7d3
s19,s1904a,O0_4,76,6,0.07894736842105263,3,0,0,0.039473684210526314,0.0,0.0,78,7,0.08974358974358974,4,0,0,0.05128205128205128,0.0,0.0,310.3453850000004,181.3019260000001,0.584194045611472,212.62799999999987,39,5.451999999999996,87130029b5443647ed1f1febd32ab768bf957a0a1698217eb3cf14b2d00c6ecf,341,15aceaf96e9a5ccd1e3f61de4ddea9eeb0a609af9d6c1febe1983c0a8c87d652,b4faf10d53e1afdedbce65e67a651f2593a854ac0a53d958432fc8e13c6f1fa0
s19,s1904a,O0_4_sw0p25,76,6,0.07894736842105263,3,0,0,0.039473684210526314,0.0,0.0,78,7,0.08974358974358974,4,0,0,0.05128205128205128,0.0,0.0,310.3453850000004,181.3019260000001,0.584194045611472,212.62799999999987,39,5.451999999999996,87130029b5443647ed1f1febd32ab768bf957a0a1698217eb3cf14b2d00c6ecf,341,15aceaf96e9a5ccd1e3f61de4ddea9eeb0a609af9d6c1febe1983c0a8c87d652,b4faf10d53e1afdedbce65e67a651f2593a854ac0a53d958432fc8e13c6f1fa0
s19,s1904a,O0_4_sw0p5,77,6,0.07792207792207792,3,0,0,0.03896103896103896,0.0,0.0,80,7,0.0875,4,0,0,0.05,0.0,0.0,310.3453850000004,181.3019260000001,0.584194045611472,212.62799999999987,40,5.315699999999997,87130029b5443647ed1f1febd32ab768bf957a0a1698217eb3cf14b2d00c6ecf,341,038e07d9517620732e7b54dece8689498da97a6ce9947f0cc4d331b2ab888d59,53b28f9066170d70c9ccac022b6a1d4cbcb14712b28b355fc64bec89b29a1102
s19,s1904a,O0_4_sw1,77,6,0.07792207792207792,3,0,0,0.03896103896103896,0.0,0.0,80,7,0.0875,4,0,0,0.05,0.0,0.0,310.3453850000004,181.3019260000001,0.584194045611472,212.44799999999987,40,5.311199999999997,87130029b5443647ed1f1febd32ab768bf957a0a1698217eb3cf14b2d00c6ecf,341,c7ec96332c0cc35910e89ebc8e9567ec06ca1d95265088b394e7f963e1d7948e,fc02a96f41b86f604d20950123c118aa3bc5e26b0dfb36316b8590b4ee9574ac
s19,s1904a,O0_4_sw2,81,7,0.08641975308641975,3,0,0,0.037037037037037035,0.0,0.0,88,9,0.10227272727272728,4,0,0,0.045454545454545456,0.0,0.0,310.3453850000004,187.42875900000013,0.6039360275971234,219.05999999999986,44,4.978636363636361,87130029b5443647ed1f1febd32ab768bf957a0a1698217eb3cf14b2d00c6ecf,341,84241ada379be7a396ec961704791534efef4a8d11f9829423a4ca00749dfed8,78ae8c38cf56a04e8cc7bf4e3fd81272343ef68a5874c9fe0a78ace5d02ac590
s19,s1904a,O0_4_sw4,83,7,0.08433734939759036,3,0,0,0.03614457831325301,0.0,0.0,92,9,0.09782608695652174,4,0,0,0.043478260869565216,0.0,0.0,310.3453850000004,187.9021050000001,0.6054612508576528,219.49599999999987,46,4.771652173913041,87130029b5443647ed1f1febd32ab768bf957a0a1698217eb3cf14b2d00c6ecf,341,63e3f14f1cedcdc458ecb9e922b8d682d836cfc8fff912e15541bd279074bf1a,d9ff75d3a9745e6205313dbff74c38f598e41c7e5e487e59176b088570a48bbd
s19,s1904a,O0_4_keep90,76,6,0.07894736842105263,3,0,0,0.039473684210526314,0.0,0.0,78,7,0.08974358974358974,4,0,0,0.05128205128205128,0.0,0.0,310.3453850000004,181.3019260000001,0.584194045611472,212.62799999999987,39,5.451999999999996,87130029b5443647ed1f1febd32ab768bf957a0a1698217eb3cf14b2d00c6ecf,341,15aceaf96e9a5ccd1e3f61de4ddea9eeb0a609af9d6c1febe1983c0a8c87d652,b4faf10d53e1afdedbce65e67a651f2593a854ac0a53d958432fc8e13c6f1fa0
s19,s1904a,O0_4_keep80,76,6,0.07894736842105263,3,0,0,0.039473684210526314,0.0,0.0,78,7,0.08974358974358974,4,0,0,0.05128205128205128,0.0,0.0,310.3453850000004,183.0758570000001,0.5899100352338085,214.4999999999999,39,5.499999999999997,87130029b5443647ed1f1febd32ab768bf957a0a1698217eb3cf14b2d00c6ecf,332,43f0761333b029726d468c34c6849137237b8e6867c7fc7a1201d2d9daebdfe6,dfa4521dd0c00ceb582ad8ab359beaa36af6098cf212f353f55f72ae2f39121e
s19,s1904a,O0_4_keep70,76,7,0.09210526315789473,4,1,1,0.05263157894736842,0.013157894736842105,0.013157894736842105,78,8,0.10256410256410256,5,1,1,0.0641025641025641,0.01282051282051282,0.01282051282051282,310.3453850000004,182.64424500000007,0.5885192879539672,213.69599999999988,39,5.479384615384612,87130029b5443647ed1f1febd32ab768bf957a0a1698217eb3cf14b2d00c6ecf,309,653288543abf33843fecccc4b06cb805a89ba1697e01a86c86944eea895abd72,5c6289a06bf7ad21453be7d61150d45455a66094dfb956d58a3b1fc3c5c09853
s19,s1904a,O0_4_keep60,73,5,0.0684931506849315,3,1,1,0.0410958904109589,0.0136986301369863,0.0136986301369863,74,5,0.06756756756756757,3,1,1,0.04054054054054054,0.013513513513513514,0.013513513513513514,310.3453850000004,171.17995100000013,0.5515788514142071,200.31599999999995,37,5.413945945945945,87130029b5443647ed1f1febd32ab768bf957a0a1698217eb3cf14b2d00c6ecf,285,faf62aa67785cc17ba63e32d5f56e9c0b0c0ce933d83580467783e65f94a3e81,2ade67717a1be1bc8c37f6ef201114131954907865a25cb5acb9c8646bf31610
s19,s1904a,O0_4_keep50,53,1,0.018867924528301886,1,1,0,0.018867924528301886,0.018867924528301886,0.0,54,1,0.018518518518518517,1,1,0,0.018518518518518517,0.018518518518518517,0.0,310.3453850000004,130.0475110000002,0.4190412272442847,151.77999999999994,27,5.62148148148148,87130029b5443647ed1f1febd32ab768bf957a0a1698217eb3cf14b2d00c6ecf,187,1dcbf3f113caf413678de794544ace2a5d397d1e3e651c6ab45c6b22714f3c22,d3d256d87e17377f579f3ed6282c085c4dcf31f8065b0024d353b6937c625074
s19,s1904a,O0_4_MARGIN_all_s0p5,76,6,0.07894736842105263,3,0,0,0.039473684210526314,0.0,0.0,78,7,0.08974358974358974,4,0,0,0.05128205128205128,0.0,0.0,310.3453850000004,181.3019260000001,0.584194045611472,212.44799999999987,39,5.447384615384612,87130029b5443647ed1f1febd32ab768bf957a0a1698217eb3cf14b2d00c6ecf,341,50aa04c133c436e3a53c7f2cde35a51dcd7134ce8b84d659b07bbf0084e904b3,1cd2105a814b28258819a61294244db24a271de39d64f541cfd55d267a95a84c
s19,s1904a,O0_4_MARGIN_all_s1,76,6,0.07894736842105263,3,0,0,0.039473684210526314,0.0,0.0,78,7,0.08974358974358974,4,0,0,0.05128205128205128,0.0,0.0,310.3453850000004,179.0944630000001,0.5770811220537397,209.57199999999986,39,5.373641025641022,87130029b5443647ed1f1febd32ab768bf957a0a1698217eb3cf14b2d00c6ecf,341,cb22387eecb21fb06b482141e5f7d07f6105ea661dda0b805c129e8463049112,bc83bb1ec16e0c2083cd96c3bf13e2f5f00eb34eca0269c098cdbdcaa37bf4e2
s19,s1904a,O0_4_MARGIN_all_s2,76,6,0.07894736842105263,3,0,0,0.039473684210526314,0.0,0.0,78,7,0.08974358974358974,4,0,0,0.05128205128205128,0.0,0.0,310.3453850000004,179.0944630000001,0.5770811220537397,209.57199999999986,39,5.373641025641022,87130029b5443647ed1f1febd32ab768bf957a0a1698217eb3cf14b2d00c6ecf,341,cb22387eecb21fb06b482141e5f7d07f6105ea661dda0b805c129e8463049112,bc83bb1ec16e0c2083cd96c3bf13e2f5f00eb34eca0269c098cdbdcaa37bf4e2
s19,s1904a,O0_4_MARGIN_all_s4,77,6,0.07792207792207792,3,0,0,0.03896103896103896,0.0,0.0,80,7,0.0875,4,0,0,0.05,0.0,0.0,310.3453850000004,180.86839400000005,0.5827971116760761,210.99599999999987,40,5.274899999999997,87130029b5443647ed1f1febd32ab768bf957a0a1698217eb3cf14b2d00c6ecf,341,8c1141a904ea68e934ec6b1db2c48dbcc2e0927116ec3ac53d2c1ae1f1ad83ae,83eaff65f0b0be30085b5546d1e483a61d9d07f0377b1cb8a02c395a59360f44
s19,s1904b,O0_4,80,13,0.1625,5,1,0,0.0625,0.0125,0.0,82,13,0.15853658536585366,5,1,0,0.06097560975609756,0.012195121951219513,0.0,320.27711800000003,186.4365520000003,0.5821101212731665,217.312,41,5.3002926829268295,87130029b5443647ed1f1febd32ab768bf957a0a1698217eb3cf14b2d00c6ecf,311,6b86d024f5ddb1ec5015c17dbd24c89ec6bfa742cfc24cbda379f60a002bf5cb,09eec3fa7f1af4cebd73c42d42049d3a184461ecaf60fc85acfa2c5a2c3f81b3
s19,s1904b,O0_4_sw0p25,80,13,0.1625,5,1,0,0.0625,0.0125,0.0,82,13,0.15853658536585366,5,1,0,0.06097560975609756,0.012195121951219513,0.0,320.27711800000003,186.4365520000003,0.5821101212731665,217.312,41,5.3002926829268295,87130029b5443647ed1f1febd32ab768bf957a0a1698217eb3cf14b2d00c6ecf,311,6b86d024f5ddb1ec5015c17dbd24c89ec6bfa742cfc24cbda379f60a002bf5cb,09eec3fa7f1af4cebd73c42d42049d3a184461ecaf60fc85acfa2c5a2c3f81b3
s19,s1904b,O0_4_sw0p5,80,13,0.1625,5,1,0,0.0625,0.0125,0.0,82,13,0.15853658536585366,5,1,0,0.06097560975609756,0.012195121951219513,0.0,320.27711800000003,186.4365520000003,0.5821101212731665,217.06,41,5.2941463414634145,87130029b5443647ed1f1febd32ab768bf957a0a1698217eb3cf14b2d00c6ecf,311,0c768bc28aca81bc99ce19c21617465e0bea888fa57133627cf3979aef715b1b,04d07982c3857295cecb3cd14d295892dcb4d34211e8ae27627d589aadafc093
s19,s1904b,O0_4_sw1,80,13,0.1625,5,1,0,0.0625,0.0125,0.0,82,13,0.15853658536585366,5,1,0,0.06097560975609756,0.012195121951219513,0.0,320.27711800000003,186.4365520000003,0.5821101212731665,217.06,41,5.2941463414634145,87130029b5443647ed1f1febd32ab768bf957a0a1698217eb3cf14b2d00c6ecf,311,0c768bc28aca81bc99ce19c21617465e0bea888fa57133627cf3979aef715b1b,04d07982c3857295cecb3cd14d295892dcb4d34211e8ae27627d589aadafc093
s19,s1904b,O0_4_sw2,80,13,0.1625,5,1,0,0.0625,0.0125,0.0,82,13,0.15853658536585366,5,1,0,0.06097560975609756,0.012195121951219513,0.0,320.27711800000003,186.4365520000003,0.5821101212731665,217.06,41,5.2941463414634145,87130029b5443647ed1f1febd32ab768bf957a0a1698217eb3cf14b2d00c6ecf,311,0c768bc28aca81bc99ce19c21617465e0bea888fa57133627cf3979aef715b1b,04d07982c3857295cecb3cd14d295892dcb4d34211e8ae27627d589aadafc093
s19,s1904b,O0_4_sw4,82,13,0.15853658536585366,5,1,0,0.06097560975609756,0.012195121951219513,0.0,86,13,0.1511627906976744,5,1,0,0.05813953488372093,0.011627906976744186,0.0,320.27711800000003,186.4365520000003,0.5821101212731665,217.06,43,5.047906976744186,87130029b5443647ed1f1febd32ab768bf957a0a1698217eb3cf14b2d00c6ecf,311,1b4fcdd8339fe72bdb08ab22f6c7d9bb05c2cdf4557a8b44ba994f9fdd39c072,ab02919d6712dd52a85bb2ed0da6c4c011f05177f3dc56dbe1806ac2abdc1d13
s19,s1904b,O0_4_keep90,80,13,0.1625,5,1,0,0.0625,0.0125,0.0,82,13,0.15853658536585366,5,1,0,0.06097560975609756,0.012195121951219513,0.0,320.27711800000003,186.4365520000003,0.5821101212731665,217.312,41,5.3002926829268295,87130029b5443647ed1f1febd32ab768bf957a0a1698217eb3cf14b2d00c6ecf,311,6b86d024f5ddb1ec5015c17dbd24c89ec6bfa742cfc24cbda379f60a002bf5cb,09eec3fa7f1af4cebd73c42d42049d3a184461ecaf60fc85acfa2c5a2c3f81b3
s19,s1904b,O0_4_keep80,80,13,0.1625,5,1,0,0.0625,0.0125,0.0,82,13,0.15853658536585366,5,1,0,0.06097560975609756,0.012195121951219513,0.0,320.27711800000003,186.4365520000003,0.5821101212731665,217.312,41,5.3002926829268295,87130029b5443647ed1f1febd32ab768bf957a0a1698217eb3cf14b2d00c6ecf,304,6b86d024f5ddb1ec5015c17dbd24c89ec6bfa742cfc24cbda379f60a002bf5cb,09eec3fa7f1af4cebd73c42d42049d3a184461ecaf60fc85acfa2c5a2c3f81b3
s19,s1904b,O0_4_keep70,76,11,0.14473684210526316,4,1,0,0.05263157894736842,0.013157894736842105,0.0,78,11,0.14102564102564102,4,1,0,0.05128205128205128,0.01282051282051282,0.0,320.27711800000003,179.42543800000024,0.5602193472966127,208.84000000000003,39,5.354871794871796,87130029b5443647ed1f1febd32ab768bf957a0a1698217eb3cf14b2d00c6ecf,293,e2181f938502d422b4c8b46a52e7c0b18dbfe121c75f2bd2afeadabaf4106ef5,1c480cd864e198367d278cddcda308249c0a7d28c56753efad5cdf47846e830a
s19,s1904b,O0_4_keep60,65,9,0.13846153846153847,4,1,0,0.06153846153846154,0.015384615384615385,0.0,66,9,0.13636363636363635,4,1,0,0.06060606060606061,0.015151515151515152,0.0,320.27711800000003,152.49582300000023,0.4761371151091731,178.54000000000008,33,5.410303030303033,87130029b5443647ed1f1febd32ab768bf957a0a1698217eb3cf14b2d00c6ecf,266,7913ffb9ac7251e577cac76d5df7cec57aa7b82e0198f16bf277f156591f16db,583b4207ebcf5359a50c84bcb5afd12c38ebcd2e7ada7e920a3ea93edbee2872
s19,s1904b,O0_4_keep50,33,3,0.09090909090909091,1,0,0,0.030303030303030304,0.0,0.0,34,3,0.08823529411764706,1,0,0,0.029411764705882353,0.0,0.0,320.27711800000003,88.86138900000017,0.277451569300059,106.91600000000008,17,6.28917647058824,87130029b5443647ed1f1febd32ab768bf957a0a1698217eb3cf14b2d00c6ecf,174,ba9754cec14d54fe58f5cbbad2134736951cf9ce800be3f81cefd46badd8e9b6,6359b308dc9427078204f223fd73385cbb8186ec9604997085c26afc2b2daa22
s19,s1904b,O0_4_MARGIN_all_s0p5,80,13,0.1625,5,1,0,0.0625,0.0125,0.0,82,13,0.15853658536585366,5,1,0,0.06097560975609756,0.012195121951219513,0.0,320.27711800000003,186.4365520000003,0.5821101212731665,217.06,41,5.2941463414634145,87130029b5443647ed1f1febd32ab768bf957a0a1698217eb3cf14b2d00c6ecf,311,0c768bc28aca81bc99ce19c21617465e0bea888fa57133627cf3979aef715b1b,04d07982c3857295cecb3cd14d295892dcb4d34211e8ae27627d589aadafc093
s19,s1904b,O0_4_MARGIN_all_s1,80,13,0.1625,5,1,0,0.0625,0.0125,0.0,82,13,0.15853658536585366,5,1,0,0.06097560975609756,0.012195121951219513,0.0,320.27711800000003,185.2488480000003,0.5784017576928498,215.58800000000002,41,5.258243902439025,87130029b5443647ed1f1febd32ab768bf957a0a1698217eb3cf14b2d00c6ecf,311,678679a97dca673dd2a0cdcaf516297b801693ea45e41d79e227982f9b1b2e14,c41a4d8a2da1cebb64bb6f79ae23490e6587298ba992f5ca396ba0685da5b7be
s19,s1904b,O0_4_MARGIN_all_s2,80,14,0.175,6,1,0,0.075,0.0125,0.0,82,14,0.17073170731707318,6,1,0,0.07317073170731707,0.012195121951219513,0.0,320.27711800000003,181.74251400000023,0.5674539446804945,211.12799999999993,41,5.149463414634145,87130029b5443647ed1f1febd32ab768bf957a0a1698217eb3cf14b2d00c6ecf,311,c909e14eae5da49e67ae30b41db9f65e8b7ccf860ea427c5e4f0e75f2ba28874,00bd18471b074d16f89a3c2f9e3e6fc13b34aaa016378bc2989bf9d9e1257261
s19,s1904b,O0_4_MARGIN_all_s4,80,13,0.1625,6,1,0,0.075,0.0125,0.0,82,13,0.15853658536585366,6,1,0,0.07317073170731707,0.012195121951219513,0.0,320.27711800000003,178.95549400000021,0.5587520429729863,208.07199999999992,41,5.074926829268291,87130029b5443647ed1f1febd32ab768bf957a0a1698217eb3cf14b2d00c6ecf,311,9444ca5af6581af19e546d636a9e2096410343bfd0a2c812411fb4a432e47bbd,60676b270e01185bc7e597d8522625d25da68b37bee5edca851a8c3568685a0c
s20,s2002b,O0_4,33,3,0.09090909090909091,1,0,0,0.030303030303030304,0.0,0.0,34,3,0.08823529411764706,1,0,0,0.029411764705882353,0.0,0.0,126.60653799999977,83.06886499999972,0.6561182882988228,91.70799999999991,17,5.394588235294113,87130029b5443647ed1f1febd32ab768bf957a0a1698217eb3cf14b2d00c6ecf,102,6a317b275e7b0bf1448b1051fc4619ab33f01c2e3726d5a60960d0c6c97a90ca,4e329a200852968b6607736d95c6f6b808fa954ad4537030cc17abee64140d83
s20,s2002b,O0_4_sw0p25,33,3,0.09090909090909091,1,0,0,0.030303030303030304,0.0,0.0,34,3,0.08823529411764706,1,0,0,0.029411764705882353,0.0,0.0,126.60653799999977,83.06886499999972,0.6561182882988228,91.70799999999991,17,5.394588235294113,87130029b5443647ed1f1febd32ab768bf957a0a1698217eb3cf14b2d00c6ecf,102,6a317b275e7b0bf1448b1051fc4619ab33f01c2e3726d5a60960d0c6c97a90ca,4e329a200852968b6607736d95c6f6b808fa954ad4537030cc17abee64140d83
s20,s2002b,O0_4_sw0p5,34,3,0.08823529411764706,1,0,0,0.029411764705882353,0.0,0.0,36,3,0.08333333333333333,1,0,0,0.027777777777777776,0.0,0.0,126.60653799999977,83.06886499999972,0.6561182882988228,91.70799999999991,18,5.094888888888884,87130029b5443647ed1f1febd32ab768bf957a0a1698217eb3cf14b2d00c6ecf,102,0cec64d1630eded0053b777e2a9c7317988f25b0cee7b58ba3af137d0127c6fc,0d493cec02a255286d1bc41d8b10ad544c71c857dbdd84769b433360807b4580
s20,s2002b,O0_4_sw1,34,3,0.08823529411764706,1,0,0,0.029411764705882353,0.0,0.0,36,3,0.08333333333333333,1,0,0,0.027777777777777776,0.0,0.0,126.60653799999977,83.06886499999972,0.6561182882988228,91.70799999999991,18,5.094888888888884,87130029b5443647ed1f1febd32ab768bf957a0a1698217eb3cf14b2d00c6ecf,102,0cec64d1630eded0053b777e2a9c7317988f25b0cee7b58ba3af137d0127c6fc,0d493cec02a255286d1bc41d8b10ad544c71c857dbdd84769b433360807b4580
s20,s2002b,O0_4_sw2,34,2,0.058823529411764705,0,0,0,0.0,0.0,0.0,36,2,0.05555555555555555,0,0,0,0.0,0.0,0.0,126.60653799999977,82.25990399999976,0.6497287209606815,90.55199999999991,18,5.0306666666666615,87130029b5443647ed1f1febd32ab768bf957a0a1698217eb3cf14b2d00c6ecf,102,c7149f9e98b7f4343552e2887fe19236078ea464dc156dfd1d5ec05e7178ab9f,8bc7394ea0d4ccba251a40ae8e31b4756c1936ea9dab2d0dd0a405ede0b2697c
s20,s2002b,O0_4_sw4,34,2,0.058823529411764705,0,0,0,0.0,0.0,0.0,36,2,0.05555555555555555,0,0,0,0.0,0.0,0.0,126.60653799999977,80.68142999999985,0.6372611657701279,88.83199999999988,18,4.935111111111104,87130029b5443647ed1f1febd32ab768bf957a0a1698217eb3cf14b2d00c6ecf,102,f546b38cb74cb8b8acd53fa3d63b65279a8d0c38528e2ba75696eb8b033a4434,4c526ba5e53ac0a9ab657515afd7da313a03daa06184a893fcb5cc8094c5f30b
s20,s2002b,O0_4_keep90,33,3,0.09090909090909091,1,0,0,0.030303030303030304,0.0,0.0,34,3,0.08823529411764706,1,0,0,0.029411764705882353,0.0,0.0,126.60653799999977,83.06886499999972,0.6561182882988228,91.70799999999991,17,5.394588235294113,87130029b5443647ed1f1febd32ab768bf957a0a1698217eb3cf14b2d00c6ecf,102,6a317b275e7b0bf1448b1051fc4619ab33f01c2e3726d5a60960d0c6c97a90ca,4e329a200852968b6607736d95c6f6b808fa954ad4537030cc17abee64140d83
s20,s2002b,O0_4_keep80,33,3,0.09090909090909091,1,0,0,0.030303030303030304,0.0,0.0,34,3,0.08823529411764706,1,0,0,0.029411764705882353,0.0,0.0,126.60653799999977,81.02463699999974,0.6399719815417423,89.31999999999994,17,5.25411764705882,87130029b5443647ed1f1febd32ab768bf957a0a1698217eb3cf14b2d00c6ecf,101,66da2cf53db6858cf12eff157f9930d79fc5182fa31e7edc295c677049bdf78e,2ecd34f17cdf3e0fd8dc6dab4423bc0983102da1ec7cae46607600e13ffad774
s20,s2002b,O0_4_keep70,33,2,0.06060606060606061,0,0,0,0.0,0.0,0.0,34,2,0.058823529411764705,0,0,0,0.0,0.0,0.0,126.60653799999977,79.4031689999998,0.6271648388332043,87.10799999999989,17,5.1239999999999934,87130029b5443647ed1f1febd32ab768bf957a0a1698217eb3cf14b2d00c6ecf,97,766d2b566150112a555d9f8fd9838c4f8678ceb8475a7543e00d86beb653dc7e,77cd8c8259ef045d007d08f72628760a202f38d0162fa44c8934d216367514d9
s20,s2002b,O0_4_keep60,32,2,0.0625,0,0,0,0.0,0.0,0.0,32,2,0.0625,0,0,0,0.0,0.0,0.0,126.60653799999977,74.71566899999992,0.5901406845197841,81.86799999999988,16,5.116749999999993,87130029b5443647ed1f1febd32ab768bf957a0a1698217eb3cf14b2d00c6ecf,88,d6db02f31c5675078aa54fb85633b70927e3e1cf9973b93741a67346ff28cfec,749b2e5a37bc732b8c93c3a5c5337ed3223c26ed526d0ef5658a9ba62a50197e
s20,s2002b,O0_4_keep50,14,0,0.0,0,0,0,0.0,0.0,0.0,14,0,0.0,0,0,0,0.0,0.0,0.0,126.60653799999977,37.472603000000014,0.2959768396794807,41.8319999999999,7,5.975999999999986,87130029b5443647ed1f1febd32ab768bf957a0a1698217eb3cf14b2d00c6ecf,60,0736b69bf6fcd388ef11725b8a4aabeddca10a573a0c33d90d5dd5050fc3c7f4,69d62fd21588b8002f53b72c6102520b539292887c02217a4f3ffa5fccfdcda7
s20,s2002b,O0_4_MARGIN_all_s0p5,33,3,0.09090909090909091,1,0,0,0.030303030303030304,0.0,0.0,34,3,0.08823529411764706,1,0,0,0.029411764705882353,0.0,0.0,126.60653799999977,82.84104499999972,0.6543188551605437,91.30799999999991,17,5.371058823529406,87130029b5443647ed1f1febd32ab768bf957a0a1698217eb3cf14b2d00c6ecf,102,13e053e5bb2fddcbc961a1f2bfb76102c2c9fd47718a0d4eb9a0747f44351b6e,c53b756c1ad25a2d5f2eca9f26ddab8df9e927f6ce0eceb9252270230ee4a9f3
s20,s2002b,O0_4_MARGIN_all_s1,34,3,0.08823529411764706,1,0,0,0.029411764705882353,0.0,0.0,34,3,0.08823529411764706,1,0,0,0.029411764705882353,0.0,0.0,126.60653799999977,81.48571399999975,0.643613791888061,89.6999999999999,17,5.276470588235289,87130029b5443647ed1f1febd32ab768bf957a0a1698217eb3cf14b2d00c6ecf,102,4b98511f39855b734a37ca4b1ba67b8d34be74e5720985dfe2972b157257e04d,548e048cdcbe019bfa9787eea16c663041e04f37d0c729d0340ad150094ef47c
s20,s2002b,O0_4_MARGIN_all_s2,33,2,0.06060606060606061,0,0,0,0.0,0.0,0.0,34,2,0.058823529411764705,0,0,0,0.0,0.0,0.0,126.60653799999977,79.9878559999998,0.6317829810653217,87.76399999999992,17,5.1625882352941135,87130029b5443647ed1f1febd32ab768bf957a0a1698217eb3cf14b2d00c6ecf,102,8f754456d880fcef2c373072f28bdaef4bccc9013ef8bbe3cf0ea7dd10a6660f,e7331006ad2ab45dafc2c1ee69e5c14ad5b26e5200c460097ed8122175f14706
s20,s2002b,O0_4_MARGIN_all_s4,34,2,0.058823529411764705,0,0,0,0.0,0.0,0.0,36,2,0.05555555555555555,0,0,0,0.0,0.0,0.0,126.60653799999977,79.9878559999998,0.6317829810653217,87.76399999999992,18,4.875777777777774,87130029b5443647ed1f1febd32ab768bf957a0a1698217eb3cf14b2d00c6ecf,102,e1c843b00530f35f99d239954c4960fffe275e433461c8d9ab71ef094001c7f8,ff1653f19d685f0c1386f0e2a2b6e6e12a049e5ac8ed46e4b96c37f496dabf3e
s20,s2003a,O0_4,26,2,0.07692307692307693,1,0,0,0.038461538461538464,0.0,0.0,28,2,0.07142857142857142,1,0,0,0.03571428571428571,0.0,0.0,124.08455999999993,67.16016399999994,0.5412451315457779,74.73599999999989,14,5.338285714285706,87130029b5443647ed1f1febd32ab768bf957a0a1698217eb3cf14b2d00c6ecf,81,236e2d92f2a511f21ec280f3d75902ce73b53e92a5db3e0e90a2a8631b7e950e,780b26d3f0f63440ebe22b2e718fc05310d6085fd927a4f02195963312309271
s20,s2003a,O0_4_sw0p25,26,2,0.07692307692307693,1,0,0,0.038461538461538464,0.0,0.0,28,2,0.07142857142857142,1,0,0,0.03571428571428571,0.0,0.0,124.08455999999993,67.16016399999994,0.5412451315457779,74.73599999999989,14,5.338285714285706,87130029b5443647ed1f1febd32ab768bf957a0a1698217eb3cf14b2d00c6ecf,81,9c4e2007ad19840f7a37824177c23a2d641bc54f47fbe33fd10504f894b70390,0ca56e981128089c2573e2b6df4d3f6a34134b4eb871928673e9f7bec6ee176e
s20,s2003a,O0_4_sw0p5,26,2,0.07692307692307693,1,0,0,0.038461538461538464,0.0,0.0,28,2,0.07142857142857142,1,0,0,0.03571428571428571,0.0,0.0,124.08455999999993,67.16016399999994,0.5412451315457779,74.73599999999989,14,5.338285714285706,87130029b5443647ed1f1febd32ab768bf957a0a1698217eb3cf14b2d00c6ecf,81,9c4e2007ad19840f7a37824177c23a2d641bc54f47fbe33fd10504f894b70390,0ca56e981128089c2573e2b6df4d3f6a34134b4eb871928673e9f7bec6ee176e
s20,s2003a,O0_4_sw1,26,2,0.07692307692307693,1,0,0,0.038461538461538464,0.0,0.0,28,2,0.07142857142857142,1,0,0,0.03571428571428571,0.0,0.0,124.08455999999993,67.16016399999994,0.5412451315457779,74.73599999999989,14,5.338285714285706,87130029b5443647ed1f1febd32ab768bf957a0a1698217eb3cf14b2d00c6ecf,81,9c4e2007ad19840f7a37824177c23a2d641bc54f47fbe33fd10504f894b70390,0ca56e981128089c2573e2b6df4d3f6a34134b4eb871928673e9f7bec6ee176e
s20,s2003a,O0_4_sw2,27,3,0.1111111111111111,2,0,0,0.07407407407407407,0.0,0.0,30,4,0.13333333333333333,3,0,0,0.1,0.0,0.0,124.08455999999993,69.35815499999994,0.5589587858473285,77.11999999999988,15,5.141333333333325,87130029b5443647ed1f1febd32ab768bf957a0a1698217eb3cf14b2d00c6ecf,81,d4979156291a10cfcd2ff4c6be44c9fec34de1f2a8b7d15ffb2d4b2dd5a9066e,ef54bb499db60b02f321a676beddee2cc38fd6ca497d236e26b69477d35aee57
s20,s2003a,O0_4_sw4,27,2,0.07407407407407407,1,0,0,0.037037037037037035,0.0,0.0,30,2,0.06666666666666667,1,0,0,0.03333333333333333,0.0,0.0,124.08455999999993,69.35815499999994,0.5589587858473285,77.11999999999988,15,5.141333333333325,87130029b5443647ed1f1febd32ab768bf957a0a1698217eb3cf14b2d00c6ecf,81,f249c4244b0c3725a9f663060a8907944822f00dd4fb3c5d48a466f476f79224,8b15700060d77975c359931224eb0c96b6f1f4a7726784c03b3ccc96336c6b59
s20,s2003a,O0_4_keep90,26,2,0.07692307692307693,1,0,0,0.038461538461538464,0.0,0.0,28,2,0.07142857142857142,1,0,0,0.03571428571428571,0.0,0.0,124.08455999999993,67.16016399999994,0.5412451315457779,74.73599999999989,14,5.338285714285706,87130029b5443647ed1f1febd32ab768bf957a0a1698217eb3cf14b2d00c6ecf,81,236e2d92f2a511f21ec280f3d75902ce73b53e92a5db3e0e90a2a8631b7e950e,780b26d3f0f63440ebe22b2e718fc05310d6085fd927a4f02195963312309271
s20,s2003a,O0_4_keep80,25,3,0.12,2,0,0,0.08,0.0,0.0,26,3,0.11538461538461539,2,0,0,0.07692307692307693,0.0,0.0,124.08455999999993,62.11621099999995,0.5005958114369748,69.11599999999986,13,5.316615384615374,87130029b5443647ed1f1febd32ab768bf957a0a1698217eb3cf14b2d00c6ecf,79,ad900fde1b66879bd63a163927e5c04c76aec4de56c3b8a350577373a9a0ffdb,57bcd805f8ad42a6e2b370abd7792210ee34bfd91cff780713faae74d26fc3cc
s20,s2003a,O0_4_keep70,25,2,0.08,1,0,0,0.04,0.0,0.0,26,2,0.07692307692307693,1,0,0,0.038461538461538464,0.0,0.0,124.08455999999993,61.79300599999995,0.4979910957495436,68.70799999999984,13,5.285230769230757,87130029b5443647ed1f1febd32ab768bf957a0a1698217eb3cf14b2d00c6ecf,74,10d42f3500fcce99046b902fcdd50ba926295fcc70406c3d3d409f33d521ff87,adad316d836327adc1e5e5e620ffa69ce222a127773a1cea2d6121272615467e
s20,s2003a,O0_4_keep60,22,1,0.045454545454545456,0,0,0,0.0,0.0,0.0,22,1,0.045454545454545456,0,0,0,0.0,0.0,0.0,124.08455999999993,53.6130899999999,0.4320689858593199,59.25999999999989,11,5.387272727272717,87130029b5443647ed1f1febd32ab768bf957a0a1698217eb3cf14b2d00c6ecf,69,a6df8303965d4e7c810ba0e5f43c7564002a6a9313e77619ab89d3bf58321951,46c623b2f1162fc61d616a3ce60285371c56cfca4df802b7b532e5d81fa82fdf
s20,s2003a,O0_4_keep50,12,1,0.08333333333333333,1,1,0,0.08333333333333333,0.08333333333333333,0.0,12,1,0.08333333333333333,1,1,0,0.08333333333333333,0.08333333333333333,0.0,124.08455999999993,30.982023999999882,0.24968476335814788,34.73599999999996,6,5.789333333333327,87130029b5443647ed1f1febd32ab768bf957a0a1698217eb3cf14b2d00c6ecf,46,3f604dd6cf353e8bda02b8b0a324cdcc9880dc267c0f628d1301794f2bee10cc,89521c3298960dfb9093f8b1b22beee5a6f4b34daa5b3676f757e8d5176f3b7b
s20,s2003a,O0_4_MARGIN_all_s0p5,26,2,0.07692307692307693,1,0,0,0.038461538461538464,0.0,0.0,28,2,0.07142857142857142,1,0,0,0.03571428571428571,0.0,0.0,124.08455999999993,67.16016399999994,0.5412451315457779,74.73599999999989,14,5.338285714285706,87130029b5443647ed1f1febd32ab768bf957a0a1698217eb3cf14b2d00c6ecf,81,236e2d92f2a511f21ec280f3d75902ce73b53e92a5db3e0e90a2a8631b7e950e,780b26d3f0f63440ebe22b2e718fc05310d6085fd927a4f02195963312309271
s20,s2003a,O0_4_MARGIN_all_s1,26,2,0.07692307692307693,1,0,0,0.038461538461538464,0.0,0.0,28,2,0.07142857142857142,1,0,0,0.03571428571428571,0.0,0.0,124.08455999999993,67.16016399999994,0.5412451315457779,74.73599999999989,14,5.338285714285706,87130029b5443647ed1f1febd32ab768bf957a0a1698217eb3cf14b2d00c6ecf,81,236e2d92f2a511f21ec280f3d75902ce73b53e92a5db3e0e90a2a8631b7e950e,780b26d3f0f63440ebe22b2e718fc05310d6085fd927a4f02195963312309271
s20,s2003a,O0_4_MARGIN_all_s2,26,2,0.07692307692307693,1,0,0,0.038461538461538464,0.0,0.0,28,2,0.07142857142857142,1,0,0,0.03571428571428571,0.0,0.0,124.08455999999993,66.21624899999996,0.5336381013076889,73.59199999999989,14,5.25657142857142,87130029b5443647ed1f1febd32ab768bf957a0a1698217eb3cf14b2d00c6ecf,81,5d4bd8a9f440f33ffdda43fe6f120d71649b35ff593f12808a0f12c21dbd5ce8,73537f29dc2696117b183769d9eeb46c4dce6b05b355d8eb07e56aa755752fb4
s20,s2003a,O0_4_MARGIN_all_s4,26,2,0.07692307692307693,1,0,0,0.038461538461538464,0.0,0.0,28,2,0.07142857142857142,1,0,0,0.03571428571428571,0.0,0.0,124.08455999999993,66.21624899999996,0.5336381013076889,73.59199999999989,14,5.25657142857142,87130029b5443647ed1f1febd32ab768bf957a0a1698217eb3cf14b2d00c6ecf,81,5d4bd8a9f440f33ffdda43fe6f120d71649b35ff593f12808a0f12c21dbd5ce8,73537f29dc2696117b183769d9eeb46c4dce6b05b355d8eb07e56aa755752fb4
s20,s2003b,O0_4,54,9,0.16666666666666666,6,1,1,0.1111111111111111,0.018518518518518517,0.018518518518518517,58,9,0.15517241379310345,6,1,1,0.10344827586206896,0.017241379310344827,0.017241379310344827,226.11595900000012,162.48827699999995,0.7186059653578006,177.29599999999996,29,6.113655172413792,87130029b5443647ed1f1febd32ab768bf957a0a1698217eb3cf14b2d00c6ecf,151,2373e34c242ab33b8e90d58f3559391e701131da6694a7cee467c34820ae8f38,65e70eb5f646ad2746e4e706c504d2f4454acbfa160fc9537bf3fe4971439c6a
s20,s2003b,O0_4_sw0p25,55,9,0.16363636363636364,6,1,1,0.10909090909090909,0.01818181818181818,0.01818181818181818,60,9,0.15,6,1,1,0.1,0.016666666666666666,0.016666666666666666,226.11595900000012,162.48827699999995,0.7186059653578006,177.29599999999996,30,5.909866666666665,87130029b5443647ed1f1febd32ab768bf957a0a1698217eb3cf14b2d00c6ecf,151,a9ec450a290f1998e1cfbd6a809f99e76723d8e9979f841c6a9360b42b923245,e1a220b9db0412eaa116e5fda68b7069f00032631bac917c860416f7d93b62cb
s20,s2003b,O0_4_sw0p5,55,9,0.16363636363636364,6,1,1,0.10909090909090909,0.01818181818181818,0.01818181818181818,60,9,0.15,6,1,1,0.1,0.016666666666666666,0.016666666666666666,226.11595900000012,162.48827699999995,0.7186059653578006,177.29599999999996,30,5.909866666666665,87130029b5443647ed1f1febd32ab768bf957a0a1698217eb3cf14b2d00c6ecf,151,a9ec450a290f1998e1cfbd6a809f99e76723d8e9979f841c6a9360b42b923245,e1a220b9db0412eaa116e5fda68b7069f00032631bac917c860416f7d93b62cb
s20,s2003b,O0_4_sw1,55,8,0.14545454545454545,5,1,1,0.09090909090909091,0.01818181818181818,0.01818181818181818,62,8,0.12903225806451613,5,1,1,0.08064516129032258,0.016129032258064516,0.016129032258064516,226.11595900000012,164.72859499999996,0.7285137932258903,179.55199999999996,31,5.791999999999999,87130029b5443647ed1f1febd32ab768bf957a0a1698217eb3cf14b2d00c6ecf,151,d29c386b3ac486a4f5fd5da0e92d70483a7dfbb9bebc233d4953c50a417725c0,883d7587e5e99d9d146aee64f68df80e65659840fd8ec67d13c008f86e755cf2
s20,s2003b,O0_4_sw2,58,8,0.13793103448275862,5,1,1,0.08620689655172414,0.017241379310344827,0.017241379310344827,68,8,0.11764705882352941,5,1,1,0.07352941176470588,0.014705882352941176,0.014705882352941176,226.11595900000012,167.14967399999998,0.7392210383522726,182.19999999999996,34,5.358823529411763,87130029b5443647ed1f1febd32ab768bf957a0a1698217eb3cf14b2d00c6ecf,151,747166e7875c7d026cfd3670d1c02ec41900e28067a31a1ce5411351fa12bd78,9953de4c8b2362adf9ff8b16db4472dfa2391373bed8e35982a818b37c2bf145
s20,s2003b,O0_4_sw4,60,9,0.15,6,1,1,0.1,0.016666666666666666,0.016666666666666666,72,10,0.1388888888888889,7,1,1,0.09722222222222222,0.013888888888888888,0.013888888888888888,226.11595900000012,167.14967399999998,0.7392210383522726,181.94799999999995,36,5.0541111111111094,87130029b5443647ed1f1febd32ab768bf957a0a1698217eb3cf14b2d00c6ecf,151,5aff8fc7722652b82f8c5fee559d208671487b0ae3d5cb46da267c81e61342ee,499a25066cf8762bf33ebd2e905c26b6cf26989e01f85e10f385d323603642bb
s20,s2003b,O0_4_keep90,54,9,0.16666666666666666,6,1,1,0.1111111111111111,0.018518518518518517,0.018518518518518517,58,9,0.15517241379310345,6,1,1,0.10344827586206896,0.017241379310344827,0.017241379310344827,226.11595900000012,162.48827699999995,0.7186059653578006,177.29599999999996,29,6.113655172413792,87130029b5443647ed1f1febd32ab768bf957a0a1698217eb3cf14b2d00c6ecf,151,2373e34c242ab33b8e90d58f3559391e701131da6694a7cee467c34820ae8f38,65e70eb5f646ad2746e4e706c504d2f4454acbfa160fc9537bf3fe4971439c6a
s20,s2003b,O0_4_keep80,52,10,0.19230769230769232,7,1,1,0.1346153846153846,0.019230769230769232,0.019230769230769232,58,11,0.1896551724137931,8,1,1,0.13793103448275862,0.017241379310344827,0.017241379310344827,226.11595900000012,164.48412599999997,0.7274326267258292,178.79999999999998,29,6.16551724137931,87130029b5443647ed1f1febd32ab768bf957a0a1698217eb3cf14b2d00c6ecf,146,d5b77288b7b8db7f33e5541f14445491b61d685b6bff9178070efbe23c057895,af1dc56e110821c15d583ff864347f59f7bd6560ffffd40770336d469d2a0230
s20,s2003b,O0_4_keep70,52,10,0.19230769230769232,7,1,1,0.1346153846153846,0.019230769230769232,0.019230769230769232,58,11,0.1896551724137931,8,1,1,0.13793103448275862,0.017241379310344827,0.017241379310344827,226.11595900000012,161.35912,0.7136122576823509,175.50799999999995,29,6.051999999999999,87130029b5443647ed1f1febd32ab768bf957a0a1698217eb3cf14b2d00c6ecf,140,8a670fa12b31fa49b8a26bf2c764c0639317a6108d98d0214ef00d7171c8060c,b62931b161f892f6bf86d478d79befe48671bb2ac0c64ee0bf588cb50bb2cd5e
s20,s2003b,O0_4_keep60,44,8,0.18181818181818182,5,0,0,0.11363636363636363,0.0,0.0,48,8,0.16666666666666666,5,0,0,0.10416666666666667,0.0,0.0,226.11595900000012,137.953488,0.6101006254052148,149.51999999999987,24,6.229999999999994,87130029b5443647ed1f1febd32ab768bf957a0a1698217eb3cf14b2d00c6ecf,123,2daded690c1697ff75ecca0ec910c4ce0c40cf50fd294bf2b455adc44ab7cfcf,5896d8f7a3b4eb57a960b62f1e55eb9c0eee87170676fb507402c1c852a6c592
s20,s2003b,O0_4_keep50,23,6,0.2608695652173913,4,0,0,0.17391304347826086,0.0,0.0,24,6,0.25,4,0,0,0.16666666666666666,0.0,0.0,226.11595900000012,81.10728999999996,0.3586977688735359,88.18799999999999,12,7.348999999999999,87130029b5443647ed1f1febd32ab768bf957a0a1698217eb3cf14b2d00c6ecf,88,40af765fa83c6db831623767bd1ba21b5e69bd7c111e0d97cc87d18d79527f32,c65920a20b5355a2af7f51df6c346b4dc88a279c045fdca0f4eff60b7303d5ae
s20,s2003b,O0_4_MARGIN_all_s0p5,54,9,0.16666666666666666,6,1,1,0.1111111111111111,0.018518518518518517,0.018518518518518517,58,9,0.15517241379310345,6,1,1,0.10344827586206896,0.017241379310344827,0.017241379310344827,226.11595900000012,162.48827699999995,0.7186059653578006,177.29599999999996,29,6.113655172413792,87130029b5443647ed1f1febd32ab768bf957a0a1698217eb3cf14b2d00c6ecf,151,2373e34c242ab33b8e90d58f3559391e701131da6694a7cee467c34820ae8f38,65e70eb5f646ad2746e4e706c504d2f4454acbfa160fc9537bf3fe4971439c6a
s20,s2003b,O0_4_MARGIN_all_s1,54,9,0.16666666666666666,6,1,1,0.1111111111111111,0.018518518518518517,0.018518518518518517,58,9,0.15517241379310345,6,1,1,0.10344827586206896,0.017241379310344827,0.017241379310344827,226.11595900000012,162.48827699999995,0.7186059653578006,177.29599999999996,29,6.113655172413792,87130029b5443647ed1f1febd32ab768bf957a0a1698217eb3cf14b2d00c6ecf,151,2373e34c242ab33b8e90d58f3559391e701131da6694a7cee467c34820ae8f38,65e70eb5f646ad2746e4e706c504d2f4454acbfa160fc9537bf3fe4971439c6a
s20,s2003b,O0_4_MARGIN_all_s2,54,8,0.14814814814814814,5,1,1,0.09259259259259259,0.018518518518518517,0.018518518518518517,60,8,0.13333333333333333,5,1,1,0.08333333333333333,0.016666666666666666,0.016666666666666666,226.11595900000012,164.72859499999996,0.7285137932258903,179.55199999999996,30,5.985066666666666,87130029b5443647ed1f1febd32ab768bf957a0a1698217eb3cf14b2d00c6ecf,151,8e1de3c4ec2a03cdce878b46b4b9f8711b0cc96c231bb22bac6b806aea32b83c,f2160c1fe8f8fb915b4a74b5a47f2f4f10858f10c94d36158a450e02240e0c13
s20,s2003b,O0_4_MARGIN_all_s4,55,8,0.14545454545454545,5,1,1,0.09090909090909091,0.01818181818181818,0.01818181818181818,62,8,0.12903225806451613,5,1,1,0.08064516129032258,0.016129032258064516,0.016129032258064516,226.11595900000012,164.153066,0.7259685106967612,178.55599999999995,31,5.759870967741934,87130029b5443647ed1f1febd32ab768bf957a0a1698217eb3cf14b2d00c6ecf,151,96257719b747aa0c74915eeeb65e63912164ba22b70b254614f70b972337dc5c,88fc6f194db563e8aca157743b7c36e15073401826f5c37ba0459bcf9b197d52
s20,s2004a,O0_4,33,4,0.12121212121212122,0,0,0,0.0,0.0,0.0,34,4,0.11764705882352941,0,0,0,0.0,0.0,0.0,144.97945300000003,94.629951,0.6527128433847794,102.7040000000001,17,6.041411764705888,87130029b5443647ed1f1febd32ab768bf957a0a1698217eb3cf14b2d00c6ecf,111,8161dce7924ec0f410105530e733bcb1c4f3e9fbc5a19118847c771d4b2c308e,13b8a5a3367b4451a0121641bc8fedd02abd4bf6356fec54afed1c0ebe8b3497
s20,s2004a,O0_4_sw0p25,33,4,0.12121212121212122,0,0,0,0.0,0.0,0.0,34,4,0.11764705882352941,0,0,0,0.0,0.0,0.0,144.97945300000003,94.629951,0.6527128433847794,102.7040000000001,17,6.041411764705888,87130029b5443647ed1f1febd32ab768bf957a0a1698217eb3cf14b2d00c6ecf,111,8161dce7924ec0f410105530e733bcb1c4f3e9fbc5a19118847c771d4b2c308e,13b8a5a3367b4451a0121641bc8fedd02abd4bf6356fec54afed1c0ebe8b3497
s20,s2004a,O0_4_sw0p5,33,4,0.12121212121212122,0,0,0,0.0,0.0,0.0,34,4,0.11764705882352941,0,0,0,0.0,0.0,0.0,144.97945300000003,94.629951,0.6527128433847794,102.7040000000001,17,6.041411764705888,87130029b5443647ed1f1febd32ab768bf957a0a1698217eb3cf14b2d00c6ecf,111,8161dce7924ec0f410105530e733bcb1c4f3e9fbc5a19118847c771d4b2c308e,13b8a5a3367b4451a0121641bc8fedd02abd4bf6356fec54afed1c0ebe8b3497
s20,s2004a,O0_4_sw1,34,5,0.14705882352941177,1,0,0,0.029411764705882353,0.0,0.0,36,6,0.16666666666666666,2,0,0,0.05555555555555555,0.0,0.0,144.97945300000003,94.629951,0.6527128433847794,102.7040000000001,18,5.705777777777783,87130029b5443647ed1f1febd32ab768bf957a0a1698217eb3cf14b2d00c6ecf,111,5f3f4a0de4e62af8785678cb8a02d47c980177c189a482ec4653202d54543d98,1a10584855f39490657b879ad4db73156c6263235516d3e24fc8cc08120b4e27
s20,s2004a,O0_4_sw2,35,5,0.14285714285714285,1,0,0,0.02857142857142857,0.0,0.0,38,6,0.15789473684210525,2,0,0,0.05263157894736842,0.0,0.0,144.97945300000003,94.629951,0.6527128433847794,102.7040000000001,19,5.4054736842105315,87130029b5443647ed1f1febd32ab768bf957a0a1698217eb3cf14b2d00c6ecf,111,e084acde8cb72c2fb1be0ea5ebc621f869b75012578ad577e5192f47a7d0c2e4,805a0ff411ce3e85116e5768ca5afb5504363b8921721e2705ddc74cd64e65c7
s20,s2004a,O0_4_sw4,36,6,0.16666666666666666,2,0,0,0.05555555555555555,0.0,0.0,42,8,0.19047619047619047,4,0,0,0.09523809523809523,0.0,0.0,144.97945300000003,95.291086,0.6572730413046874,103.51600000000008,21,4.929333333333337,87130029b5443647ed1f1febd32ab768bf957a0a1698217eb3cf14b2d00c6ecf,111,5ffe90354769c35090e5df5816b5f41c28e84b3348b2fd8a0dabd1d02bf7168d,c49ad6b6c1ecbdb1a3e3c43a7689c48c625b7485056482b0442a0d11050e5c85
s20,s2004a,O0_4_keep90,33,4,0.12121212121212122,0,0,0,0.0,0.0,0.0,34,4,0.11764705882352941,0,0,0,0.0,0.0,0.0,144.97945300000003,94.629951,0.6527128433847794,102.7040000000001,17,6.041411764705888,87130029b5443647ed1f1febd32ab768bf957a0a1698217eb3cf14b2d00c6ecf,111,8161dce7924ec0f410105530e733bcb1c4f3e9fbc5a19118847c771d4b2c308e,13b8a5a3367b4451a0121641bc8fedd02abd4bf6356fec54afed1c0ebe8b3497
s20,s2004a,O0_4_keep80,31,3,0.0967741935483871,0,0,0,0.0,0.0,0.0,32,3,0.09375,0,0,0,0.0,0.0,0.0,144.97945300000003,84.83534699999998,0.5851542769995136,92.74400000000009,16,5.796500000000005,87130029b5443647ed1f1febd32ab768bf957a0a1698217eb3cf14b2d00c6ecf,109,612da9d9f4f7e7ce02abf401fafb82a94e48d094f96998e608e779916d46d29b,a7621a1d640dea99e3e1e162db22647ca0bb3a90c02675798f22a8411130d5d3
s20,s2004a,O0_4_keep70,31,2,0.06451612903225806,1,0,0,0.03225806451612903,0.0,0.0,32,2,0.0625,1,0,0,0.03125,0.0,0.0,144.97945300000003,81.30923799999997,0.560832837464216,88.91600000000008,16,5.557250000000005,87130029b5443647ed1f1febd32ab768bf957a0a1698217eb3cf14b2d00c6ecf,103,dd6dde45e3984d6fd9310fa46cf0a0a5e218979a6cfc530d377981d432bb01db,84b3cfe627250cecb797fe32d6a2666468c1bf1ec9e66c33950cbda17fa30071
s20,s2004a,O0_4_keep60,28,3,0.10714285714285714,1,0,0,0.03571428571428571,0.0,0.0,28,3,0.10714285714285714,1,0,0,0.03571428571428571,0.0,0.0,144.97945300000003,64.03210399999998,0.44166330245431373,70.10000000000005,14,5.007142857142861,87130029b5443647ed1f1febd32ab768bf957a0a1698217eb3cf14b2d00c6ecf,96,dce97cd7d0085670d641e5f900121e77083e7e10bf0fe5ad358153b811807d2c,e5682dac0e4b570a6bee61d3ce5abb90a39a5aea6349ca85a4f9c63461fb3bee
s20,s2004a,O0_4_keep50,14,1,0.07142857142857142,0,0,0,0.0,0.0,0.0,14,1,0.07142857142857142,0,0,0,0.0,0.0,0.0,144.97945300000003,29.169326999999974,0.20119628262082054,32.040000000000035,7,4.577142857142862,87130029b5443647ed1f1febd32ab768bf957a0a1698217eb3cf14b2d00c6ecf,66,46ba6dae80791d1da887b4875c4247f43f0da434a1faa183e9665a7b74917a85,32168aeae4f10b5812b6598ba2fb763b03747c4524f6e25649f7acaaad674396
s20,s2004a,O0_4_MARGIN_all_s0p5,33,4,0.12121212121212122,0,0,0,0.0,0.0,0.0,34,4,0.11764705882352941,0,0,0,0.0,0.0,0.0,144.97945300000003,94.629951,0.6527128433847794,102.7040000000001,17,6.041411764705888,87130029b5443647ed1f1febd32ab768bf957a0a1698217eb3cf14b2d00c6ecf,111,8161dce7924ec0f410105530e733bcb1c4f3e9fbc5a19118847c771d4b2c308e,13b8a5a3367b4451a0121641bc8fedd02abd4bf6356fec54afed1c0ebe8b3497
s20,s2004a,O0_4_MARGIN_all_s1,33,4,0.12121212121212122,0,0,0,0.0,0.0,0.0,34,4,0.11764705882352941,0,0,0,0.0,0.0,0.0,144.97945300000003,94.629951,0.6527128433847794,102.7040000000001,17,6.041411764705888,87130029b5443647ed1f1febd32ab768bf957a0a1698217eb3cf14b2d00c6ecf,111,8161dce7924ec0f410105530e733bcb1c4f3e9fbc5a19118847c771d4b2c308e,13b8a5a3367b4451a0121641bc8fedd02abd4bf6356fec54afed1c0ebe8b3497
s20,s2004a,O0_4_MARGIN_all_s2,33,4,0.12121212121212122,0,0,0,0.0,0.0,0.0,34,4,0.11764705882352941,0,0,0,0.0,0.0,0.0,144.97945300000003,94.629951,0.6527128433847794,102.7040000000001,17,6.041411764705888,87130029b5443647ed1f1febd32ab768bf957a0a1698217eb3cf14b2d00c6ecf,111,8161dce7924ec0f410105530e733bcb1c4f3e9fbc5a19118847c771d4b2c308e,13b8a5a3367b4451a0121641bc8fedd02abd4bf6356fec54afed1c0ebe8b3497
s20,s2004a,O0_4_MARGIN_all_s4,32,3,0.09375,1,0,0,0.03125,0.0,0.0,34,4,0.11764705882352941,2,0,0,0.058823529411764705,0.0,0.0,144.97945300000003,91.148729,0.6287010132394415,98.95600000000007,17,5.820941176470592,87130029b5443647ed1f1febd32ab768bf957a0a1698217eb3cf14b2d00c6ecf,111,a32396e2edc969fdd64be44afd318552603da856d2148908e3c282cce6eba3fd,e7c61ee842e4689f48525fd6e04c81d0436e13f3ee21774f4fa133de5bed1d9d
s21,s2101b,O0_4,91,10,0.10989010989010989,6,1,0,0.06593406593406594,0.01098901098901099,0.0,96,11,0.11458333333333333,6,1,0,0.0625,0.010416666666666666,0.0,322.43769900000007,199.53355100000005,0.6188282313725356,235.81599999999963,48,4.912833333333325,87130029b5443647ed1f1febd32ab768bf957a0a1698217eb3cf14b2d00c6ecf,330,fba0144460cd32aa8c4e690eed77a4a5d1c9449d17d440849d56bdccd204070b,90b8a7583f61938e6dcd5bcea893e3d1b4936b39af9b581465b19234f950fefe
s21,s2101b,O0_4_sw0p25,92,9,0.09782608695652174,5,0,0,0.05434782608695652,0.0,0.0,98,10,0.10204081632653061,5,0,0,0.05102040816326531,0.0,0.0,322.43769900000007,202.30606000000006,0.6274268195915889,238.69999999999965,49,4.871428571428564,87130029b5443647ed1f1febd32ab768bf957a0a1698217eb3cf14b2d00c6ecf,330,e872454616ce3c062c34a799b0668d5b6a1ec089661c635674bb5af692b5a5d1,e3eeebc097ea4ffa98e86d950c83177ebaa6595ce3a1a270eec277d7ac1665a8
s21,s2101b,O0_4_sw0p5,92,9,0.09782608695652174,5,0,0,0.05434782608695652,0.0,0.0,98,10,0.10204081632653061,5,0,0,0.05102040816326531,0.0,0.0,322.43769900000007,202.30606000000006,0.6274268195915889,238.69999999999965,49,4.871428571428564,87130029b5443647ed1f1febd32ab768bf957a0a1698217eb3cf14b2d00c6ecf,330,e872454616ce3c062c34a799b0668d5b6a1ec089661c635674bb5af692b5a5d1,e3eeebc097ea4ffa98e86d950c83177ebaa6595ce3a1a270eec277d7ac1665a8
s21,s2101b,O0_4_sw1,92,9,0.09782608695652174,5,0,0,0.05434782608695652,0.0,0.0,98,10,0.10204081632653061,5,0,0,0.05102040816326531,0.0,0.0,322.43769900000007,202.30606000000006,0.6274268195915889,238.69999999999965,49,4.871428571428564,87130029b5443647ed1f1febd32ab768bf957a0a1698217eb3cf14b2d00c6ecf,330,e872454616ce3c062c34a799b0668d5b6a1ec089661c635674bb5af692b5a5d1,e3eeebc097ea4ffa98e86d950c83177ebaa6595ce3a1a270eec277d7ac1665a8
s21,s2101b,O0_4_sw2,98,11,0.11224489795918367,7,2,0,0.07142857142857142,0.02040816326530612,0.0,110,15,0.13636363636363635,10,4,0,0.09090909090909091,0.03636363636363636,0.0,322.43769900000007,205.294668,0.636695611700169,242.3039999999997,55,4.405527272727267,87130029b5443647ed1f1febd32ab768bf957a0a1698217eb3cf14b2d00c6ecf,330,21c48f2d4bdb9996a5d46fc46b6742e29927a164eb9d8d82593795c5e45e8c8a,cad11cbaf06973af8288a0c3a40ef8b12f91de2715e5d0fb7819c62058bbe94a
s21,s2101b,O0_4_sw4,99,10,0.10101010101010101,7,2,0,0.0707070707070707,0.020202020202020204,0.0,112,13,0.11607142857142858,10,4,0,0.08928571428571429,0.03571428571428571,0.0,322.43769900000007,204.967668,0.6356814622970001,241.79999999999978,56,4.317857142857139,87130029b5443647ed1f1febd32ab768bf957a0a1698217eb3cf14b2d00c6ecf,330,66fbb12cc5827f76e7dda4a97c3a262a1278708667b317fb56a3519e02aec072,c4ec62f94193485d625e63401931af956099dda9a58b2bb7db3b5c37c2151884
s21,s2101b,O0_4_keep90,91,10,0.10989010989010989,6,1,0,0.06593406593406594,0.01098901098901099,0.0,96,11,0.11458333333333333,6,1,0,0.0625,0.010416666666666666,0.0,322.43769900000007,199.53355100000005,0.6188282313725356,235.81599999999963,48,4.912833333333325,87130029b5443647ed1f1febd32ab768bf957a0a1698217eb3cf14b2d00c6ecf,329,fba0144460cd32aa8c4e690eed77a4a5d1c9449d17d440849d56bdccd204070b,90b8a7583f61938e6dcd5bcea893e3d1b4936b39af9b581465b19234f950fefe
s21,s2101b,O0_4_keep80,90,9,0.1,6,1,0,0.06666666666666667,0.011111111111111112,0.0,94,9,0.09574468085106383,6,1,0,0.06382978723404255,0.010638297872340425,0.0,322.43769900000007,194.628822,0.6036168307974433,229.83999999999963,47,4.890212765957439,87130029b5443647ed1f1febd32ab768bf957a0a1698217eb3cf14b2d00c6ecf,317,f8dd4f0991c780df11621164e9819541208a767c7d260e13aab1f86a32d5afa9,e21491ce58e9cb4e23c1c5b91c6db5b5f779e211a219bcdce15de0d2a25f6c9e
s21,s2101b,O0_4_keep70,85,8,0.09411764705882353,4,0,0,0.047058823529411764,0.0,0.0,90,8,0.08888888888888889,4,0,0,0.044444444444444446,0.0,0.0,322.43769900000007,184.47304799999995,0.5721199740976936,217.11599999999973,45,4.824799999999994,87130029b5443647ed1f1febd32ab768bf957a0a1698217eb3cf14b2d00c6ecf,305,73a999064be36343751594219e552529caa109efd23eef93ab1e087f17268ca9,0d56c45c5cdffa51052e9b6e20788005e2e8b5f1845397624ba12591e71ac838
s21,s2101b,O0_4_keep60,72,9,0.125,5,1,0,0.06944444444444445,0.013888888888888888,0.0,74,9,0.12162162162162163,5,1,0,0.06756756756756757,0.013513513513513514,0.0,322.43769900000007,157.2352159999998,0.4876452613563645,185.41599999999994,37,5.011243243243242,87130029b5443647ed1f1febd32ab768bf957a0a1698217eb3cf14b2d00c6ecf,271,5c80c76fbbb192c1b12dbf23e59ee6b304f27ef31b19def661bd6f6adea21605,9454dce169dc582478032bb9dd7500da208ed9fdf7a64de21c4c045e88c12e64
s21,s2101b,O0_4_keep50,45,7,0.15555555555555556,3,1,0,0.06666666666666667,0.022222222222222223,0.0,46,7,0.15217391304347827,3,1,0,0.06521739130434782,0.021739130434782608,0.0,322.43769900000007,105.50509900000007,0.32721080483830167,127.3000000000001,23,5.534782608695656,87130029b5443647ed1f1febd32ab768bf957a0a1698217eb3cf14b2d00c6ecf,191,a0c915c5e112402bfd51db5e675f3f2af6f5bab1d25ed24693deb98968a3eedc,d0214272ff7d89873255be37ac1dea6e96ad284a66c2d55a64e1d1c7a62e124f
s21,s2101b,O0_4_MARGIN_all_s0p5,92,9,0.09782608695652174,5,0,0,0.05434782608695652,0.0,0.0,98,10,0.10204081632653061,5,0,0,0.05102040816326531,0.0,0.0,322.43769900000007,202.30606000000006,0.6274268195915889,238.69999999999965,49,4.871428571428564,87130029b5443647ed1f1febd32ab768bf957a0a1698217eb3cf14b2d00c6ecf,330,2ba26af74de59a0fada4533edb9572e0bfe1c94431ff687fed01210e26c24512,d9785dbda81185972fe0614fa4624db7d2f88c1cabbcf8562e4db662b3cbeb52
s21,s2101b,O0_4_MARGIN_all_s1,92,9,0.09782608695652174,5,0,0,0.05434782608695652,0.0,0.0,98,10,0.10204081632653061,5,0,0,0.05102040816326531,0.0,0.0,322.43769900000007,201.43127700000008,0.6247137900584014,237.33599999999973,49,4.843591836734689,87130029b5443647ed1f1febd32ab768bf957a0a1698217eb3cf14b2d00c6ecf,330,16a2f82683a1e280b444e8510bc9f0823c51d4216ab72f6657fd7aa57d2ba61c,991937d08e0305cdd424f8d76a4a395eb17ffdf70cf35753dca257201f395462
s21,s2101b,O0_4_MARGIN_all_s2,92,9,0.09782608695652174,5,0,0,0.05434782608695652,0.0,0.0,98,10,0.10204081632653061,5,0,0,0.05102040816326531,0.0,0.0,322.43769900000007,199.62378800000016,0.6191080900871958,235.3319999999997,49,4.802693877551015,87130029b5443647ed1f1febd32ab768bf957a0a1698217eb3cf14b2d00c6ecf,330,75aa0aa548a55fb5d8dc0129c0e729e14ec1ae75c06a6a117029a7000c4ddc01,7e4434dee87a35fc96e6003cee1bbc4f6b348a70ad3b77e1f3da42eb87548202
s21,s2101b,O0_4_MARGIN_all_s4,92,9,0.09782608695652174,5,0,0,0.05434782608695652,0.0,0.0,98,10,0.10204081632653061,5,0,0,0.05102040816326531,0.0,0.0,322.43769900000007,199.62378800000016,0.6191080900871958,235.3319999999997,49,4.802693877551015,87130029b5443647ed1f1febd32ab768bf957a0a1698217eb3cf14b2d00c6ecf,330,75aa0aa548a55fb5d8dc0129c0e729e14ec1ae75c06a6a117029a7000c4ddc01,7e4434dee87a35fc96e6003cee1bbc4f6b348a70ad3b77e1f3da42eb87548202
s21,s2102b,O0_4,97,12,0.12371134020618557,5,1,0,0.05154639175257732,0.010309278350515464,0.0,98,12,0.12244897959183673,5,1,0,0.05102040816326531,0.01020408163265306,0.0,339.1314599999995,206.76422599999958,0.6096875412266378,247.74799999999976,49,5.056081632653056,87130029b5443647ed1f1febd32ab768bf957a0a1698217eb3cf14b2d00c6ecf,354,a3d596c9bc2cc7621236793990ec39f4f8d6a530157738d8e6bdb41a3ae22fd9,e1a4bd54c4aa6e24deccb843c38271aa4b0923eccdc9a4772032638c9873d1b8
s21,s2102b,O0_4_sw0p25,97,12,0.12371134020618557,5,1,0,0.05154639175257732,0.010309278350515464,0.0,98,12,0.12244897959183673,5,1,0,0.05102040816326531,0.01020408163265306,0.0,339.1314599999995,206.76422599999958,0.6096875412266378,247.74799999999976,49,5.056081632653056,87130029b5443647ed1f1febd32ab768bf957a0a1698217eb3cf14b2d00c6ecf,354,a3d596c9bc2cc7621236793990ec39f4f8d6a530157738d8e6bdb41a3ae22fd9,e1a4bd54c4aa6e24deccb843c38271aa4b0923eccdc9a4772032638c9873d1b8
s21,s2102b,O0_4_sw0p5,99,11,0.1111111111111111,4,1,0,0.04040404040404041,0.010101010101010102,0.0,102,11,0.10784313725490197,4,1,0,0.0392156862745098,0.00980392156862745,0.0,339.1314599999995,209.7472649999996,0.6184836552763342,251.51999999999975,51,4.931764705882348,87130029b5443647ed1f1febd32ab768bf957a0a1698217eb3cf14b2d00c6ecf,354,b8735a7d01179295c9c6ac7dcdaa14e8cb3b6fc461eaede4cf66235e3f1436ea,2eeca131556b8733f5397170f6e76d091267ce31ded301dcd45b3ac8a3d21fc7
s21,s2102b,O0_4_sw1,99,11,0.1111111111111111,4,1,0,0.04040404040404041,0.010101010101010102,0.0,102,11,0.10784313725490197,4,1,0,0.0392156862745098,0.00980392156862745,0.0,339.1314599999995,209.7472649999996,0.6184836552763342,251.51999999999975,51,4.931764705882348,87130029b5443647ed1f1febd32ab768bf957a0a1698217eb3cf14b2d00c6ecf,354,b8735a7d01179295c9c6ac7dcdaa14e8cb3b6fc461eaede4cf66235e3f1436ea,2eeca131556b8733f5397170f6e76d091267ce31ded301dcd45b3ac8a3d21fc7
s21,s2102b,O0_4_sw2,101,12,0.1188118811881188,5,1,0,0.04950495049504951,0.009900990099009901,0.0,106,13,0.12264150943396226,6,1,0,0.05660377358490566,0.009433962264150943,0.0,339.1314599999995,209.7472649999996,0.6184836552763342,251.51999999999975,53,4.745660377358486,87130029b5443647ed1f1febd32ab768bf957a0a1698217eb3cf14b2d00c6ecf,354,2b81598fc239cd35b57f68a40d808789700092c8c5db096658c786ecb7ffe268,a7ad514c0cb4256c7272a0b5ce964e492de844ec1e5f594c7dafc3dc169a40ed
s21,s2102b,O0_4_sw4,104,11,0.10576923076923077,4,1,0,0.038461538461538464,0.009615384615384616,0.0,112,12,0.10714285714285714,5,1,0,0.044642857142857144,0.008928571428571428,0.0,339.1314599999995,210.36162699999957,0.6202952300562145,252.25999999999976,56,4.504642857142853,87130029b5443647ed1f1febd32ab768bf957a0a1698217eb3cf14b2d00c6ecf,354,b0d6f64e91bba9ce58e993c08aec320fe896a67a142d03f2923c993b36a4f716,12e61f7db2d51df627fd2167918535f38d4761b0ae044113d3d81a3d7c3f5dec
s21,s2102b,O0_4_keep90,97,12,0.12371134020618557,5,1,0,0.05154639175257732,0.010309278350515464,0.0,98,12,0.12244897959183673,5,1,0,0.05102040816326531,0.01020408163265306,0.0,339.1314599999995,206.76422599999958,0.6096875412266378,247.74799999999976,49,5.056081632653056,87130029b5443647ed1f1febd32ab768bf957a0a1698217eb3cf14b2d00c6ecf,354,a3d596c9bc2cc7621236793990ec39f4f8d6a530157738d8e6bdb41a3ae22fd9,e1a4bd54c4aa6e24deccb843c38271aa4b0923eccdc9a4772032638c9873d1b8
s21,s2102b,O0_4_keep80,95,10,0.10526315789473684,4,1,0,0.042105263157894736,0.010526315789473684,0.0,96,10,0.10416666666666667,4,1,0,0.041666666666666664,0.010416666666666666,0.0,339.1314599999995,200.21137099999962,0.590365078486083,239.83999999999975,48,4.996666666666662,87130029b5443647ed1f1febd32ab768bf957a0a1698217eb3cf14b2d00c6ecf,347,64f452a47dde690aefac73d52ed70ce6c0066e0fed1aa80b4ebf8850244655c9,0c348131eca155b9c62416accbed4b6c900a49c8e3ef3cf735ef1c82170760b3
s21,s2102b,O0_4_keep70,93,10,0.10752688172043011,4,1,0,0.043010752688172046,0.010752688172043012,0.0,94,10,0.10638297872340426,4,1,0,0.0425531914893617,0.010638297872340425,0.0,339.1314599999995,193.47693999999964,0.5705072009538718,232.14399999999972,47,4.939234042553186,87130029b5443647ed1f1febd32ab768bf957a0a1698217eb3cf14b2d00c6ecf,331,84861d21e3c68ab1e649772aac764e743e9265ccf39d93162ecf5367d0ad6f3a,2e6fb90c9874d192501f1389df2add36093d920c4a2caa4ff47b5f40c18139b2
s21,s2102b,O0_4_keep60,67,9,0.13432835820895522,4,1,0,0.05970149253731343,0.014925373134328358,0.0,68,9,0.1323529411764706,4,1,0,0.058823529411764705,0.014705882352941176,0.0,339.1314599999995,136.2169579999997,0.40166417471266125,161.79199999999986,34,4.758588235294114,87130029b5443647ed1f1febd32ab768bf957a0a1698217eb3cf14b2d00c6ecf,295,ca7e380e9cfe6f23c248dc0c6820cc4f135400a3d5fe312f7646ffd0e3d04f3b,6a21bb74a53303dbfdadd518e8d209918a4028e6411e9f0dc19cb3f2d934e9c3
s21,s2102b,O0_4_keep50,40,4,0.1,2,0,0,0.05,0.0,0.0,40,4,0.1,2,0,0,0.05,0.0,0.0,339.1314599999995,78.53983199999985,0.23159111218994535,92.65999999999985,20,4.632999999999993,87130029b5443647ed1f1febd32ab768bf957a0a1698217eb3cf14b2d00c6ecf,203,c2d607e865b24d9db028b45056ffc2aa2cecd687955f15e966cf59ba6ee4936d,860e4fa39863693ed6094d04c2bc68b3ffc54ec05e7ffa1e938545f2d021da23
s21,s2102b,O0_4_MARGIN_all_s0p5,97,12,0.12371134020618557,5,1,0,0.05154639175257732,0.010309278350515464,0.0,98,12,0.12244897959183673,5,1,0,0.05102040816326531,0.01020408163265306,0.0,339.1314599999995,205.77913899999956,0.6067828062899262,246.43599999999975,49,5.029306122448975,87130029b5443647ed1f1febd32ab768bf957a0a1698217eb3cf14b2d00c6ecf,354,6b583c4a90098ad0aea38c45b99bf719439a14b20e6c68b83dc293308c71c076,42247788d2da0c2bc2791cb8f42432c7888ca35de5e91f4e20019972ad948d69
s21,s2102b,O0_4_MARGIN_all_s1,97,11,0.1134020618556701,4,1,0,0.041237113402061855,0.010309278350515464,0.0,98,11,0.11224489795918367,4,1,0,0.04081632653061224,0.01020408163265306,0.0,339.1314599999995,204.5299509999996,0.6030993143484829,244.61599999999976,49,4.992163265306117,87130029b5443647ed1f1febd32ab768bf957a0a1698217eb3cf14b2d00c6ecf,354,1463479440fed65e736f0131a8585ec868633715f80379a61c7866c56b94b913,79637a13d2e8a2b4dea1650d1b50443346d92364a2ab33602058f588fc969413
s21,s2102b,O0_4_MARGIN_all_s2,98,11,0.11224489795918367,4,1,0,0.04081632653061224,0.01020408163265306,0.0,100,11,0.11,4,1,0,0.04,0.01,0.0,339.1314599999995,206.14992899999962,0.6078761581128449,246.60799999999978,50,4.932159999999995,87130029b5443647ed1f1febd32ab768bf957a0a1698217eb3cf14b2d00c6ecf,354,ad762cb0435d8c53e2f866e34211c76278e121800626ab9b223a6b09d4c7e07c,6009023fda9697bb9b8195d9d5560d43c3a567814d4fc1db88dfd432ce38115d
s21,s2102b,O0_4_MARGIN_all_s4,98,10,0.10204081632653061,4,1,0,0.04081632653061224,0.01020408163265306,0.0,100,10,0.1,4,1,0,0.04,0.01,0.0,339.1314599999995,204.25178699999967,0.6022790896485981,244.3279999999998,50,4.886559999999996,87130029b5443647ed1f1febd32ab768bf957a0a1698217eb3cf14b2d00c6ecf,354,63dd8d8a2c575fc24196d2d7da2dd41990158ce465a19cb1916381ce3f01b700,33dfdc6cc4763f966050d4f3d59708e3c021ebd353e30d768f3e6bfcd3bcdb36
s22,s2201a,O0_4,50,11,0.22,5,0,0,0.1,0.0,0.0,50,11,0.22,5,0,0,0.1,0.0,0.0,323.9832690000002,90.38155900000012,0.2789698347046436,104.86000000000034,25,4.194400000000013,87130029b5443647ed1f1febd32ab768bf957a0a1698217eb3cf14b2d00c6ecf,444,9961894719866e44f4dd6e6efc96602899f314d1ff114ed10aa81476a564ef55,6c4b1831fe8c2fd13c5e07fa75cde6bbc94d458784330b8939da412c0525abd0
s22,s2201a,O0_4_sw0p25,50,11,0.22,5,0,0,0.1,0.0,0.0,50,11,0.22,5,0,0,0.1,0.0,0.0,323.9832690000002,90.38155900000012,0.2789698347046436,104.86000000000034,25,4.194400000000013,87130029b5443647ed1f1febd32ab768bf957a0a1698217eb3cf14b2d00c6ecf,444,9961894719866e44f4dd6e6efc96602899f314d1ff114ed10aa81476a564ef55,6c4b1831fe8c2fd13c5e07fa75cde6bbc94d458784330b8939da412c0525abd0
s22,s2201a,O0_4_sw0p5,50,11,0.22,5,0,0,0.1,0.0,0.0,50,11,0.22,5,0,0,0.1,0.0,0.0,323.9832690000002,90.38155900000012,0.2789698347046436,104.86000000000034,25,4.194400000000013,87130029b5443647ed1f1febd32ab768bf957a0a1698217eb3cf14b2d00c6ecf,444,9961894719866e44f4dd6e6efc96602899f314d1ff114ed10aa81476a564ef55,6c4b1831fe8c2fd13c5e07fa75cde6bbc94d458784330b8939da412c0525abd0
s22,s2201a,O0_4_sw1,50,11,0.22,5,0,0,0.1,0.0,0.0,50,11,0.22,5,0,0,0.1,0.0,0.0,323.9832690000002,90.38155900000012,0.2789698347046436,104.86000000000034,25,4.194400000000013,87130029b5443647ed1f1febd32ab768bf957a0a1698217eb3cf14b2d00c6ecf,444,9961894719866e44f4dd6e6efc96602899f314d1ff114ed10aa81476a564ef55,6c4b1831fe8c2fd13c5e07fa75cde6bbc94d458784330b8939da412c0525abd0
s22,s2201a,O0_4_sw2,51,11,0.21568627450980393,5,0,0,0.09803921568627451,0.0,0.0,52,11,0.21153846153846154,5,0,0,0.09615384615384616,0.0,0.0,323.9832690000002,91.98340400000015,0.283914056068124,106.90800000000034,26,4.111846153846167,87130029b5443647ed1f1febd32ab768bf957a0a1698217eb3cf14b2d00c6ecf,444,7897061aa4292b5cc2a679ec5ca9e39fdd7e8ed3d4d4fab973019308f7b69b7e,2ab8fc303e40fcdd6e02faeb1fb7889ef850638cab79a94b55610126b0dfc2f3
s22,s2201a,O0_4_sw4,52,11,0.21153846153846154,6,0,0,0.11538461538461539,0.0,0.0,54,11,0.2037037037037037,6,0,0,0.1111111111111111,0.0,0.0,323.9832690000002,91.27805600000008,0.2817369436444572,106.00800000000025,27,3.9262222222222314,87130029b5443647ed1f1febd32ab768bf957a0a1698217eb3cf14b2d00c6ecf,444,fd8a9ae3df77ce4138f29426e9be2ffa7a8ac9a779cb6021879c9cd914e8ae61,68270d7ff034b855b9cf005950f6d1408c313625fac27819a92d79aee0c2dc46
s22,s2201a,O0_4_keep90,50,11,0.22,5,0,0,0.1,0.0,0.0,50,11,0.22,5,0,0,0.1,0.0,0.0,323.9832690000002,90.38155900000012,0.2789698347046436,104.86000000000034,25,4.194400000000013,87130029b5443647ed1f1febd32ab768bf957a0a1698217eb3cf14b2d00c6ecf,444,9961894719866e44f4dd6e6efc96602899f314d1ff114ed10aa81476a564ef55,6c4b1831fe8c2fd13c5e07fa75cde6bbc94d458784330b8939da412c0525abd0
s22,s2201a,O0_4_keep80,50,11,0.22,6,1,0,0.12,0.02,0.0,50,11,0.22,6,1,0,0.12,0.02,0.0,323.9832690000002,87.85715000000013,0.27117804654289135,101.68800000000037,25,4.067520000000015,87130029b5443647ed1f1febd32ab768bf957a0a1698217eb3cf14b2d00c6ecf,441,557cd487588eaf2ff4f674b9d5f5da64b6f928541b651e739daaf1199fd31e78,0c5d0cbf4e96ac1c6b21b804e4ca3ed6edfd743d5c45639c02ae9e56bd62d329
s22,s2201a,O0_4_keep70,50,10,0.2,5,1,0,0.1,0.02,0.0,50,10,0.2,5,1,0,0.1,0.02,0.0,323.9832690000002,86.82312000000016,0.26798643111413295,100.61600000000037,25,4.024640000000015,87130029b5443647ed1f1febd32ab768bf957a0a1698217eb3cf14b2d00c6ecf,430,d23166f0efbe1935197b6f086e47f9cefdbee7b7a982b337c96e2030477dbd0a,89dbc34dbdf93e69dc3d16859946b46a233272a6e09d09de6ee438f0f0252e19
s22,s2201a,O0_4_keep60,42,7,0.16666666666666666,4,0,0,0.09523809523809523,0.0,0.0,42,7,0.16666666666666666,4,0,0,0.09523809523809523,0.0,0.0,323.9832690000002,71.47961300000004,0.22062748246422564,82.12000000000027,21,3.9104761904762038,87130029b5443647ed1f1febd32ab768bf957a0a1698217eb3cf14b2d00c6ecf,405,8bc1b18ba1ac882802e6d17eec37538ead5ea1a923ebaef1dbe66cf79227d794,a44a660d32f36a31cc38f012a54d28de45055e14eee4548e3e6deb6007479263
s22,s2201a,O0_4_keep50,16,2,0.125,2,0,0,0.125,0.0,0.0,16,2,0.125,2,0,0,0.125,0.0,0.0,323.9832690000002,25.940076999999988,0.08006610057385394,30.296000000000177,8,3.787000000000022,87130029b5443647ed1f1febd32ab768bf957a0a1698217eb3cf14b2d00c6ecf,253,ced17ed564c082a1744b0f1e68a3f051b76801482c72ac357ced53f15063375f,780410bacc56363ee945c8c906c33d91c2ac134a3a9c17d65ad499415689aa14
s22,s2201a,O0_4_MARGIN_all_s0p5,50,11,0.22,5,0,0,0.1,0.0,0.0,50,11,0.22,5,0,0,0.1,0.0,0.0,323.9832690000002,90.38155900000012,0.2789698347046436,104.86000000000034,25,4.194400000000013,87130029b5443647ed1f1febd32ab768bf957a0a1698217eb3cf14b2d00c6ecf,444,9961894719866e44f4dd6e6efc96602899f314d1ff114ed10aa81476a564ef55,6c4b1831fe8c2fd13c5e07fa75cde6bbc94d458784330b8939da412c0525abd0
s22,s2201a,O0_4_MARGIN_all_s1,50,11,0.22,5,0,0,0.1,0.0,0.0,50,11,0.22,5,0,0,0.1,0.0,0.0,323.9832690000002,89.87505400000012,0.2774064669370321,104.12000000000033,25,4.164800000000013,87130029b5443647ed1f1febd32ab768bf957a0a1698217eb3cf14b2d00c6ecf,444,c4e284c2966a1876b04ea4c05741dc98ba4370a277159b90a69030754fe470fd,1b68a53f0ea50c6f9110dffe140944cc81c83a30d1c2b639051fc4410ce3d38f
s22,s2201a,O0_4_MARGIN_all_s2,50,11,0.22,6,0,0,0.12,0.0,0.0,50,11,0.22,6,0,0,0.12,0.0,0.0,323.9832690000002,87.63647,0.2704969002581425,101.42000000000023,25,4.056800000000009,87130029b5443647ed1f1febd32ab768bf957a0a1698217eb3cf14b2d00c6ecf,444,2906bad1c24ee1c160b6327a5f26ebd0337b2d37f6b37f4d2645eb23652f900e,5c628a244230a2bae79a349e2afe9d359ba1401f1f90f060900c4860121af6db
s22,s2201a,O0_4_MARGIN_all_s4,51,12,0.23529411764705882,6,0,0,0.11764705882352941,0.0,0.0,52,12,0.23076923076923078,6,0,0,0.11538461538461539,0.0,0.0,323.9832690000002,86.19358700000002,0.26604332768801087,99.92000000000024,26,3.8430769230769326,87130029b5443647ed1f1febd32ab768bf957a0a1698217eb3cf14b2d00c6ecf,444,849da23fc78411b0b930ebe1c8c7a2dfc7eb4d261d05e93978ee13b2b280f0b4,8320c6ac3ad766ee916817434f1adf42eaa8116750fff3e73fe21e9e1c4f8ed1
s22,s2201b,O0_4,58,9,0.15517241379310345,4,1,0,0.06896551724137931,0.017241379310344827,0.0,58,9,0.15517241379310345,4,1,0,0.06896551724137931,0.017241379310344827,0.0,342.59070799999927,107.25100399999984,0.3130587067761338,127.01600000000003,29,4.379862068965519,87130029b5443647ed1f1febd32ab768bf957a0a1698217eb3cf14b2d00c6ecf,458,c0ef9a2197d735b8560d1f762aa1a97f2b6a38df9b2bd2216165c6133c31ea41,438ea065f09b25b2ce518d91a504c34cecca689fdcfa2481972eea11542011bb
s22,s2201b,O0_4_sw0p25,58,9,0.15517241379310345,4,1,0,0.06896551724137931,0.017241379310344827,0.0,58,9,0.15517241379310345,4,1,0,0.06896551724137931,0.017241379310344827,0.0,342.59070799999927,107.25100399999984,0.3130587067761338,127.01600000000003,29,4.379862068965519,87130029b5443647ed1f1febd32ab768bf957a0a1698217eb3cf14b2d00c6ecf,458,c0ef9a2197d735b8560d1f762aa1a97f2b6a38df9b2bd2216165c6133c31ea41,438ea065f09b25b2ce518d91a504c34cecca689fdcfa2481972eea11542011bb
s22,s2201b,O0_4_sw0p5,58,9,0.15517241379310345,4,1,0,0.06896551724137931,0.017241379310344827,0.0,58,9,0.15517241379310345,4,1,0,0.06896551724137931,0.017241379310344827,0.0,342.59070799999927,107.25100399999984,0.3130587067761338,127.01600000000003,29,4.379862068965519,87130029b5443647ed1f1febd32ab768bf957a0a1698217eb3cf14b2d00c6ecf,458,c0ef9a2197d735b8560d1f762aa1a97f2b6a38df9b2bd2216165c6133c31ea41,438ea065f09b25b2ce518d91a504c34cecca689fdcfa2481972eea11542011bb
s22,s2201b,O0_4_sw1,58,9,0.15517241379310345,4,1,0,0.06896551724137931,0.017241379310344827,0.0,58,9,0.15517241379310345,4,1,0,0.06896551724137931,0.017241379310344827,0.0,342.59070799999927,107.25100399999984,0.3130587067761338,127.01600000000003,29,4.379862068965519,87130029b5443647ed1f1febd32ab768bf957a0a1698217eb3cf14b2d00c6ecf,458,c0ef9a2197d735b8560d1f762aa1a97f2b6a38df9b2bd2216165c6133c31ea41,438ea065f09b25b2ce518d91a504c34cecca689fdcfa2481972eea11542011bb
s22,s2201b,O0_4_sw2,58,9,0.15517241379310345,4,1,0,0.06896551724137931,0.017241379310344827,0.0,58,9,0.15517241379310345,4,1,0,0.06896551724137931,0.017241379310344827,0.0,342.59070799999927,107.25100399999984,0.3130587067761338,127.01600000000003,29,4.379862068965519,87130029b5443647ed1f1febd32ab768bf957a0a1698217eb3cf14b2d00c6ecf,458,c0ef9a2197d735b8560d1f762aa1a97f2b6a38df9b2bd2216165c6133c31ea41,438ea065f09b25b2ce518d91a504c34cecca689fdcfa2481972eea11542011bb
s22,s2201b,O0_4_sw4,58,8,0.13793103448275862,5,2,0,0.08620689655172414,0.034482758620689655,0.0,58,8,0.13793103448275862,5,2,0,0.08620689655172414,0.034482758620689655,0.0,342.59070799999927,105.92214999999987,0.3091798683576675,125.59200000000007,29,4.330758620689657,87130029b5443647ed1f1febd32ab768bf957a0a1698217eb3cf14b2d00c6ecf,458,7ca6b65a1575d05bfa1e5a475784d9a0e7b61549c0c98ad1a80a40d7f4f44f44,3b4143249ecfc4ee4af73594d73976f82b1a930d4a7215f7ae51318a78c3d25a
s22,s2201b,O0_4_keep90,58,9,0.15517241379310345,4,1,0,0.06896551724137931,0.017241379310344827,0.0,58,9,0.15517241379310345,4,1,0,0.06896551724137931,0.017241379310344827,0.0,342.59070799999927,107.25100399999984,0.3130587067761338,127.01600000000003,29,4.379862068965519,87130029b5443647ed1f1febd32ab768bf957a0a1698217eb3cf14b2d00c6ecf,458,c0ef9a2197d735b8560d1f762aa1a97f2b6a38df9b2bd2216165c6133c31ea41,438ea065f09b25b2ce518d91a504c34cecca689fdcfa2481972eea11542011bb
s22,s2201b,O0_4_keep80,58,9,0.15517241379310345,5,2,0,0.08620689655172414,0.034482758620689655,0.0,58,9,0.15517241379310345,5,2,0,0.08620689655172414,0.034482758620689655,0.0,342.59070799999927,105.57378499999987,0.3081630135747876,125.22400000000007,29,4.318068965517244,87130029b5443647ed1f1febd32ab768bf957a0a1698217eb3cf14b2d00c6ecf,452,004a7811a876c26182e6d65d3ed3b7340cb2b77b14b2730e26c5bf5047a4a1ad,79a6d23dbb641781649609f1fe49f6e700fa103bb4a85354f1024ebc0d5e5c03
s22,s2201b,O0_4_keep70,58,8,0.13793103448275862,5,2,0,0.08620689655172414,0.034482758620689655,0.0,58,8,0.13793103448275862,5,2,0,0.08620689655172414,0.034482758620689655,0.0,342.59070799999927,103.65768199999991,0.30257003351065825,122.4920000000001,29,4.223862068965521,87130029b5443647ed1f1febd32ab768bf957a0a1698217eb3cf14b2d00c6ecf,442,d5f59314ee23b79c5e5dbdc24a80e1bb1e46c63371f28302d73951cf1b64ba75,2ff2edc21b967412b1b99f865553c5faf5782c1707b9c3a191c9dfca1ee10d5c
s22,s2201b,O0_4_keep60,46,6,0.13043478260869565,4,1,0,0.08695652173913043,0.021739130434782608,0.0,46,6,0.13043478260869565,4,1,0,0.08695652173913043,0.021739130434782608,0.0,342.59070799999927,79.66478800000004,0.2325363360409653,94.80800000000004,23,4.12208695652174,87130029b5443647ed1f1febd32ab768bf957a0a1698217eb3cf14b2d00c6ecf,409,fd759a947c12b2efedb76eae0a0dec32fd0eeaa3053d27f15c7c9633f1235131,3fd838211dcbc93960bff5e7223ce78b567b8f59d951fb0a13901782f57dc1b4
s22,s2201b,O0_4_keep50,22,3,0.13636363636363635,2,0,0,0.09090909090909091,0.0,0.0,22,3,0.13636363636363635,2,0,0,0.09090909090909091,0.0,0.0,342.59070799999927,40.96810099999992,0.11958322290515833,49.616,11,4.510545454545454,87130029b5443647ed1f1febd32ab768bf957a0a1698217eb3cf14b2d00c6ecf,254,b319134faa5ab9cc833174ef2a04fcda7e8863b668d823dd70869f1f5de5b3f0,8f0d2550b622b9c1f8f6c5e6099816741152e8d60fb7d07a292a408769c9079f
s22,s2201b,O0_4_MARGIN_all_s0p5,58,8,0.13793103448275862,4,1,0,0.06896551724137931,0.017241379310344827,0.0,58,8,0.13793103448275862,4,1,0,0.06896551724137931,0.017241379310344827,0.0,342.59070799999927,105.44189399999986,0.307778032321881,124.63600000000007,29,4.297793103448278,87130029b5443647ed1f1febd32ab768bf957a0a1698217eb3cf14b2d00c6ecf,458,0771bf1a48a2d03455f855a4b58a5027b3327bf206060582acbe8d8405533baf,ea59e1fb42aa85d3fc7a5090e39a1cfdae8b09ed6d91bc6a6bb73cee0890a566
s22,s2201b,O0_4_MARGIN_all_s1,58,9,0.15517241379310345,4,1,0,0.06896551724137931,0.017241379310344827,0.0,58,9,0.15517241379310345,4,1,0,0.06896551724137931,0.017241379310344827,0.0,342.59070799999927,103.79366199999991,0.3029669502886813,122.60000000000012,29,4.2275862068965555,87130029b5443647ed1f1febd32ab768bf957a0a1698217eb3cf14b2d00c6ecf,458,10283cabd25cc64ff0f91d05e411bdcc320333b231c94a45e19a4d08ddb780cf,6045acd7032f4f8ba0122b0bd5ed82f426ab1141b6de686bdd23d3d4d04a80d6
s22,s2201b,O0_4_MARGIN_all_s2,58,9,0.15517241379310345,4,1,0,0.06896551724137931,0.017241379310344827,0.0,58,9,0.15517241379310345,4,1,0,0.06896551724137931,0.017241379310344827,0.0,342.59070799999927,100.60391799999996,0.29365629496291,118.66400000000004,29,4.0918620689655185,87130029b5443647ed1f1febd32ab768bf957a0a1698217eb3cf14b2d00c6ecf,458,7000c3ce7d0432c493f2266a9621ce1daa87bd98097a59630c1c4aae5e096186,4973e8e44f11411080b60ec9697bc01b2917d9680c227afd7f7f8de76a42afed
s22,s2201b,O0_4_MARGIN_all_s4,58,9,0.15517241379310345,4,1,0,0.06896551724137931,0.017241379310344827,0.0,58,9,0.15517241379310345,4,1,0,0.06896551724137931,0.017241379310344827,0.0,342.59070799999927,97.15779199999996,0.28359727725014705,114.59600000000006,29,3.951586206896554,87130029b5443647ed1f1febd32ab768bf957a0a1698217eb3cf14b2d00c6ecf,458,258b55c2f625999dfdb604a16a429b7c5d903883f5b98bf2450279e6adc42e4c,b91ee7c922434fe50362efe148483bd06753163db1fcd00e39696811b3d4c96c
s22,s2202b,O0_4,52,9,0.17307692307692307,1,0,0,0.019230769230769232,0.0,0.0,52,9,0.17307692307692307,1,0,0,0.019230769230769232,0.0,0.0,296.8867750000001,94.54787300000015,0.3184644145903775,110.04400000000004,26,4.23246153846154,87130029b5443647ed1f1febd32ab768bf957a0a1698217eb3cf14b2d00c6ecf,432,351d2f02abd72d67c43c55daa56d7083ab9d98d8cb84069760cd6767797c1861,11fa8418cafd3b27f36dfcf4ad24b2a28c39eff8b2b49a2930956732c63ee7f9
s22,s2202b,O0_4_sw0p25,52,9,0.17307692307692307,1,0,0,0.019230769230769232,0.0,0.0,52,9,0.17307692307692307,1,0,0,0.019230769230769232,0.0,0.0,296.8867750000001,94.54787300000015,0.3184644145903775,110.04400000000004,26,4.23246153846154,87130029b5443647ed1f1febd32ab768bf957a0a1698217eb3cf14b2d00c6ecf,432,351d2f02abd72d67c43c55daa56d7083ab9d98d8cb84069760cd6767797c1861,11fa8418cafd3b27f36dfcf4ad24b2a28c39eff8b2b49a2930956732c63ee7f9
s22,s2202b,O0_4_sw0p5,52,9,0.17307692307692307,1,0,0,0.019230769230769232,0.0,0.0,52,9,0.17307692307692307,1,0,0,0.019230769230769232,0.0,0.0,296.8867750000001,94.54787300000015,0.3184644145903775,110.04400000000004,26,4.23246153846154,87130029b5443647ed1f1febd32ab768bf957a0a1698217eb3cf14b2d00c6ecf,432,351d2f02abd72d67c43c55daa56d7083ab9d98d8cb84069760cd6767797c1861,11fa8418cafd3b27f36dfcf4ad24b2a28c39eff8b2b49a2930956732c63ee7f9
s22,s2202b,O0_4_sw1,52,9,0.17307692307692307,1,0,0,0.019230769230769232,0.0,0.0,52,9,0.17307692307692307,1,0,0,0.019230769230769232,0.0,0.0,296.8867750000001,94.54787300000015,0.3184644145903775,109.82000000000005,26,4.223846153846155,87130029b5443647ed1f1febd32ab768bf957a0a1698217eb3cf14b2d00c6ecf,432,5a8ee865cb3ffd7f19e3ba64bd97ab899ba9907f8632814c4986851a62f5965d,f75129568b7b36a90a6acc99c3f10934c2564b4248c229d06465584445cdb06a
s22,s2202b,O0_4_sw2,52,8,0.15384615384615385,0,0,0,0.0,0.0,0.0,52,8,0.15384615384615385,0,0,0,0.0,0.0,0.0,296.8867750000001,94.19942800000015,0.3172907516678711,109.32000000000005,26,4.204615384615386,87130029b5443647ed1f1febd32ab768bf957a0a1698217eb3cf14b2d00c6ecf,432,d449942711a87202a52827401ec4f5da5a0a3090bd6c3fba192a1f5a6a1282f2,ac67502c85822cff2a2c8c669313a93a0872dd0c90f0eb2f49c7f3c917199088
s22,s2202b,O0_4_sw4,53,9,0.16981132075471697,1,1,0,0.018867924528301886,0.018867924528301886,0.0,54,10,0.18518518518518517,2,2,0,0.037037037037037035,0.037037037037037035,0.0,296.8867750000001,93.40850100000017,0.3146266821753853,108.35600000000005,27,4.013185185185187,87130029b5443647ed1f1febd32ab768bf957a0a1698217eb3cf14b2d00c6ecf,432,cba24faf10eeaea588c711dbee54fe1256b7e09ea652237af2bbdaaa01d36909,69ce868766baafc92b27db7b43cb6597891b1f2ef5cc23024a695e42512436f6
s22,s2202b,O0_4_keep90,52,9,0.17307692307692307,1,0,0,0.019230769230769232,0.0,0.0,52,9,0.17307692307692307,1,0,0,0.019230769230769232,0.0,0.0,296.8867750000001,94.54787300000015,0.3184644145903775,110.04400000000004,26,4.23246153846154,87130029b5443647ed1f1febd32ab768bf957a0a1698217eb3cf14b2d00c6ecf,432,351d2f02abd72d67c43c55daa56d7083ab9d98d8cb84069760cd6767797c1861,11fa8418cafd3b27f36dfcf4ad24b2a28c39eff8b2b49a2930956732c63ee7f9
s22,s2202b,O0_4_keep80,52,9,0.17307692307692307,1,0,0,0.019230769230769232,0.0,0.0,52,9,0.17307692307692307,1,0,0,0.019230769230769232,0.0,0.0,296.8867750000001,94.54787300000015,0.3184644145903775,109.68000000000004,26,4.21846153846154,87130029b5443647ed1f1febd32ab768bf957a0a1698217eb3cf14b2d00c6ecf,430,2a61c27c1c8a745a6335dad4b7669aae57f663c9eccec25d5d3b63615350f1fe,6ce73b20b77b2f204bc9e76a7ba3f7b7ff098c1b92ec6262acfb7a2ae8f0f19f
s22,s2202b,O0_4_keep70,48,9,0.1875,1,0,0,0.020833333333333332,0.0,0.0,48,9,0.1875,1,0,0,0.020833333333333332,0.0,0.0,296.8867750000001,87.0521730000002,0.2932167423085793,100.45600000000007,24,4.18566666666667,87130029b5443647ed1f1febd32ab768bf957a0a1698217eb3cf14b2d00c6ecf,419,aaa957b5446b5a637a91b95c797d388698cc7254fb0612510cb612a301bf76ed,821974ed6eceb2b08b44f782cf2303ccf5b990513506dbffff2313fe43c120df
s22,s2202b,O0_4_keep60,44,7,0.1590909090909091,1,0,0,0.022727272727272728,0.0,0.0,44,7,0.1590909090909091,1,0,0,0.022727272727272728,0.0,0.0,296.8867750000001,80.53821700000019,0.2712758660267038,92.83200000000008,22,4.219636363636368,87130029b5443647ed1f1febd32ab768bf957a0a1698217eb3cf14b2d00c6ecf,390,80d6382b0f631ca67907e0d533528f3aa1d75adea6a3debf5b7b144e591cae92,f81b6ef5d3730229dd790cd7a81bab502a196ae31f5251073fdab01e2bb4a729
s22,s2202b,O0_4_keep50,22,5,0.22727272727272727,0,0,0,0.0,0.0,0.0,22,5,0.22727272727272727,0,0,0,0.0,0.0,0.0,296.8867750000001,46.543814000000204,0.15677294483730433,52.69600000000006,11,4.79054545454546,87130029b5443647ed1f1febd32ab768bf957a0a1698217eb3cf14b2d00c6ecf,242,1729f8d7b1f6d2a99dee07fa4c0539b16e6a56cee868464b85f8bb5e94df4dc2,20cb05565411a3f7057b6b817c72f1c730f7ed797774c4c43b361833f967ea5e
s22,s2202b,O0_4_MARGIN_all_s0p5,52,9,0.17307692307692307,1,0,0,0.019230769230769232,0.0,0.0,52,9,0.17307692307692307,1,0,0,0.019230769230769232,0.0,0.0,296.8867750000001,94.54787300000015,0.3184644145903775,110.04400000000004,26,4.23246153846154,87130029b5443647ed1f1febd32ab768bf957a0a1698217eb3cf14b2d00c6ecf,432,351d2f02abd72d67c43c55daa56d7083ab9d98d8cb84069760cd6767797c1861,11fa8418cafd3b27f36dfcf4ad24b2a28c39eff8b2b49a2930956732c63ee7f9
s22,s2202b,O0_4_MARGIN_all_s1,52,9,0.17307692307692307,1,0,0,0.019230769230769232,0.0,0.0,52,9,0.17307692307692307,1,0,0,0.019230769230769232,0.0,0.0,296.8867750000001,92.65749800000016,0.3120970881912814,107.86000000000004,26,4.14846153846154,87130029b5443647ed1f1febd32ab768bf957a0a1698217eb3cf14b2d00c6ecf,432,be5a6bfe288368f452aea107a7e2cf80efe4975342c28978351418c2bbb67378,44195e21809504f2a40564989cdf23213131e9d6468ccb05834939bbb50bf9a6
s22,s2202b,O0_4_MARGIN_all_s2,52,10,0.19230769230769232,2,0,0,0.038461538461538464,0.0,0.0,52,10,0.19230769230769232,2,0,0,0.038461538461538464,0.0,0.0,296.8867750000001,91.11721900000016,0.30690898575728115,105.80000000000004,26,4.069230769230771,87130029b5443647ed1f1febd32ab768bf957a0a1698217eb3cf14b2d00c6ecf,432,f67a0c30a1be9c25a9e130df658470c3bf6a52ca8d50f3923a9396ec64937809,d3e5e190ba247438ebe2544851ca6fcbf8f9f41a8d9757aad1533aa0b48dccc6
s22,s2202b,O0_4_MARGIN_all_s4,52,10,0.19230769230769232,2,0,0,0.038461538461538464,0.0,0.0,52,10,0.19230769230769232,2,0,0,0.038461538461538464,0.0,0.0,296.8867750000001,89.89405500000018,0.3027890177997998,104.22800000000002,26,4.008769230769231,87130029b5443647ed1f1febd32ab768bf957a0a1698217eb3cf14b2d00c6ecf,432,705afb675f72cca8918aba8c86f69bef6f5f19156308d868bc2511dc2fea3bc1,7af0b032302529fe0840e8664afe137a9b63f62909b44643b0e459e5c5cf45d9
s22,s2203b,O0_4,46,10,0.21739130434782608,3,0,0,0.06521739130434782,0.0,0.0,46,10,0.21739130434782608,3,0,0,0.06521739130434782,0.0,0.0,293.0139249999996,86.65587999999997,0.2957398014445904,100.72400000000002,23,4.379304347826087,87130029b5443647ed1f1febd32ab768bf957a0a1698217eb3cf14b2d00c6ecf,407,8f928eadb56e6aed10e15e08e8930abad90797ed73eef0af58c9628232face15,20643f902f3299c63f29505725a889b039fd416a830e1f02f426eac861214cdf
s22,s2203b,O0_4_sw0p25,46,10,0.21739130434782608,3,0,0,0.06521739130434782,0.0,0.0,46,10,0.21739130434782608,3,0,0,0.06521739130434782,0.0,0.0,293.0139249999996,86.65587999999997,0.2957398014445904,100.72400000000002,23,4.379304347826087,87130029b5443647ed1f1febd32ab768bf957a0a1698217eb3cf14b2d00c6ecf,407,8f928eadb56e6aed10e15e08e8930abad90797ed73eef0af58c9628232face15,20643f902f3299c63f29505725a889b039fd416a830e1f02f426eac861214cdf
s22,s2203b,O0_4_sw0p5,46,10,0.21739130434782608,3,0,0,0.06521739130434782,0.0,0.0,46,10,0.21739130434782608,3,0,0,0.06521739130434782,0.0,0.0,293.0139249999996,86.65587999999997,0.2957398014445904,100.72400000000002,23,4.379304347826087,87130029b5443647ed1f1febd32ab768bf957a0a1698217eb3cf14b2d00c6ecf,407,8f928eadb56e6aed10e15e08e8930abad90797ed73eef0af58c9628232face15,20643f902f3299c63f29505725a889b039fd416a830e1f02f426eac861214cdf
s22,s2203b,O0_4_sw1,46,10,0.21739130434782608,3,0,0,0.06521739130434782,0.0,0.0,46,10,0.21739130434782608,3,0,0,0.06521739130434782,0.0,0.0,293.0139249999996,86.65587999999997,0.2957398014445904,100.72400000000002,23,4.379304347826087,87130029b5443647ed1f1febd32ab768bf957a0a1698217eb3cf14b2d00c6ecf,407,8f928eadb56e6aed10e15e08e8930abad90797ed73eef0af58c9628232face15,20643f902f3299c63f29505725a889b039fd416a830e1f02f426eac861214cdf
s22,s2203b,O0_4_sw2,47,10,0.2127659574468085,3,0,0,0.06382978723404255,0.0,0.0,48,10,0.20833333333333334,3,0,0,0.0625,0.0,0.0,293.0139249999996,86.65587999999997,0.2957398014445904,100.72400000000002,24,4.196833333333334,87130029b5443647ed1f1febd32ab768bf957a0a1698217eb3cf14b2d00c6ecf,407,70460ac7b184292a6eeae8b6bccf6aede71fb1d23cf1210736e345a4233b8cb2,b8ef188167e46a79b0847fd6a65410398b28bcacd94168c8d9fac12847c30f70
s22,s2203b,O0_4_sw4,47,10,0.2127659574468085,3,0,0,0.06382978723404255,0.0,0.0,48,10,0.20833333333333334,3,0,0,0.0625,0.0,0.0,293.0139249999996,86.65587999999997,0.2957398014445904,100.72400000000002,24,4.196833333333334,87130029b5443647ed1f1febd32ab768bf957a0a1698217eb3cf14b2d00c6ecf,407,70460ac7b184292a6eeae8b6bccf6aede71fb1d23cf1210736e345a4233b8cb2,b8ef188167e46a79b0847fd6a65410398b28bcacd94168c8d9fac12847c30f70
s22,s2203b,O0_4_keep90,46,10,0.21739130434782608,3,0,0,0.06521739130434782,0.0,0.0,46,10,0.21739130434782608,3,0,0,0.06521739130434782,0.0,0.0,293.0139249999996,86.65587999999997,0.2957398014445904,100.72400000000002,23,4.379304347826087,87130029b5443647ed1f1febd32ab768bf957a0a1698217eb3cf14b2d00c6ecf,407,8f928eadb56e6aed10e15e08e8930abad90797ed73eef0af58c9628232face15,20643f902f3299c63f29505725a889b039fd416a830e1f02f426eac861214cdf
s22,s2203b,O0_4_keep80,46,10,0.21739130434782608,3,0,0,0.06521739130434782,0.0,0.0,46,10,0.21739130434782608,3,0,0,0.06521739130434782,0.0,0.0,293.0139249999996,86.65587999999997,0.2957398014445904,100.72400000000002,23,4.379304347826087,87130029b5443647ed1f1febd32ab768bf957a0a1698217eb3cf14b2d00c6ecf,404,8f928eadb56e6aed10e15e08e8930abad90797ed73eef0af58c9628232face15,20643f902f3299c63f29505725a889b039fd416a830e1f02f426eac861214cdf
s22,s2203b,O0_4_keep70,40,7,0.175,2,0,0,0.05,0.0,0.0,40,7,0.175,2,0,0,0.05,0.0,0.0,293.0139249999996,74.753737,0.2551200834567849,87.15599999999998,20,4.357799999999999,87130029b5443647ed1f1febd32ab768bf957a0a1698217eb3cf14b2d00c6ecf,391,395e119048faf42acc926ffaca0d2a15c98fb4f14dc66a6661b9f586e1ccfbe9,9dc3108d4c270b7aa4be8ef9ebba1c14f9dd0fb8e55d753a7a9e32f71c5962fe
s22,s2203b,O0_4_keep60,34,6,0.17647058823529413,1,0,0,0.029411764705882353,0.0,0.0,34,6,0.17647058823529413,1,0,0,0.029411764705882353,0.0,0.0,293.0139249999996,61.39370499999998,0.2095248715568725,71.45199999999994,17,4.203058823529409,87130029b5443647ed1f1febd32ab768bf957a0a1698217eb3cf14b2d00c6ecf,370,bf50411ca9f6130c3211f016c77bd23b13241aaba531cf38ede531c89ceba8ad,84cb1d509407a3a8ef7b9a9404caf6254dbf4dded9712454ced563a06c06fc71
s22,s2203b,O0_4_keep50,20,2,0.1,0,0,0,0.0,0.0,0.0,20,2,0.1,0,0,0,0.0,0.0,0.0,293.0139249999996,37.394244999999984,0.12761934437074973,45.07999999999993,10,4.507999999999993,87130029b5443647ed1f1febd32ab768bf957a0a1698217eb3cf14b2d00c6ecf,233,de9c09afb744f53c6afb3d73c1a7c11d891fa882afa042d99971bebbd9c5e607,531c1c802e4115bda74ef281a78894a65bd0a0dbef02802c8e9187787e22a660
s22,s2203b,O0_4_MARGIN_all_s0p5,46,10,0.21739130434782608,3,0,0,0.06521739130434782,0.0,0.0,46,10,0.21739130434782608,3,0,0,0.06521739130434782,0.0,0.0,293.0139249999996,86.65587999999997,0.2957398014445904,100.64800000000002,23,4.376000000000001,87130029b5443647ed1f1febd32ab768bf957a0a1698217eb3cf14b2d00c6ecf,407,2646ade2001bcb3c369bea1a093cf6dec0d2f1a2d6704c980a0d8717c5552e22,9e22142bd39b5874e6285dc2ec774bc4018efc144bae6afcc391917729857904
s22,s2203b,O0_4_MARGIN_all_s1,46,10,0.21739130434782608,3,0,0,0.06521739130434782,0.0,0.0,46,10,0.21739130434782608,3,0,0,0.06521739130434782,0.0,0.0,293.0139249999996,86.41578599999997,0.2949204069397046,99.93200000000007,23,4.344869565217395,87130029b5443647ed1f1febd32ab768bf957a0a1698217eb3cf14b2d00c6ecf,407,0f667615662f8da46eac20bdb858e1ffe5a1ce9f286ef53934020abc87958765,d6199e5711accbed884de6fe90b45e4ad6792c683f1c6bd40e4581634c90f6f2
s22,s2203b,O0_4_MARGIN_all_s2,46,10,0.21739130434782608,3,0,0,0.06521739130434782,0.0,0.0,46,10,0.21739130434782608,3,0,0,0.06521739130434782,0.0,0.0,293.0139249999996,85.36822799999993,0.29134529357265204,98.70800000000008,23,4.2916521739130475,87130029b5443647ed1f1febd32ab768bf957a0a1698217eb3cf14b2d00c6ecf,407,f573372a3510c31434a1e12f148f33000e12b5857efe387e829b9f402b3cbfa9,45bfe14f78a453f2d7891fc17cb386420f341b39ec01592861fd16ebc031db64
s22,s2203b,O0_4_MARGIN_all_s4,46,9,0.1956521739130435,3,0,0,0.06521739130434782,0.0,0.0,46,9,0.1956521739130435,3,0,0,0.06521739130434782,0.0,0.0,293.0139249999996,81.37824899999994,0.27772826496215175,93.76000000000005,23,4.0765217391304365,87130029b5443647ed1f1febd32ab768bf957a0a1698217eb3cf14b2d00c6ecf,407,b4bd63d8856653125911c5957529f438ba85246f1140df17e60b7dcb64d131d1,4ca1b5a7fffea147c7bfd300ea65e721ff09ead0176dde41b5e24673e1faa2f0
s24,s2401b,O0_4,64,4,0.0625,3,0,0,0.046875,0.0,0.0,64,4,0.0625,3,0,0,0.046875,0.0,0.0,255.15574200000026,124.16631200000013,0.4866295033250712,137.33599999999973,32,4.2917499999999915,87130029b5443647ed1f1febd32ab768bf957a0a1698217eb3cf14b2d00c6ecf,269,5dd10fbaac0856b87213c68127860dd69c68040678413b2495cc02efb90b2c5d,29a9718da0787e7a06c419e78612d1407dc4cdd632fa31370d416365b4dac3f7
s24,s2401b,O0_4_sw0p25,64,4,0.0625,3,0,0,0.046875,0.0,0.0,64,4,0.0625,3,0,0,0.046875,0.0,0.0,255.15574200000026,124.16631200000013,0.4866295033250712,137.33599999999973,32,4.2917499999999915,87130029b5443647ed1f1febd32ab768bf957a0a1698217eb3cf14b2d00c6ecf,269,5dd10fbaac0856b87213c68127860dd69c68040678413b2495cc02efb90b2c5d,29a9718da0787e7a06c419e78612d1407dc4cdd632fa31370d416365b4dac3f7
s24,s2401b,O0_4_sw0p5,64,4,0.0625,3,0,0,0.046875,0.0,0.0,64,4,0.0625,3,0,0,0.046875,0.0,0.0,255.15574200000026,124.16631200000013,0.4866295033250712,137.33599999999973,32,4.2917499999999915,87130029b5443647ed1f1febd32ab768bf957a0a1698217eb3cf14b2d00c6ecf,269,5dd10fbaac0856b87213c68127860dd69c68040678413b2495cc02efb90b2c5d,29a9718da0787e7a06c419e78612d1407dc4cdd632fa31370d416365b4dac3f7
s24,s2401b,O0_4_sw1,64,4,0.0625,3,0,0,0.046875,0.0,0.0,64,4,0.0625,3,0,0,0.046875,0.0,0.0,255.15574200000026,124.16631200000013,0.4866295033250712,137.33599999999973,32,4.2917499999999915,87130029b5443647ed1f1febd32ab768bf957a0a1698217eb3cf14b2d00c6ecf,269,5dd10fbaac0856b87213c68127860dd69c68040678413b2495cc02efb90b2c5d,29a9718da0787e7a06c419e78612d1407dc4cdd632fa31370d416365b4dac3f7
s24,s2401b,O0_4_sw2,64,4,0.0625,3,0,0,0.046875,0.0,0.0,64,4,0.0625,3,0,0,0.046875,0.0,0.0,255.15574200000026,124.16631200000013,0.4866295033250712,137.33599999999973,32,4.2917499999999915,87130029b5443647ed1f1febd32ab768bf957a0a1698217eb3cf14b2d00c6ecf,269,5dd10fbaac0856b87213c68127860dd69c68040678413b2495cc02efb90b2c5d,29a9718da0787e7a06c419e78612d1407dc4cdd632fa31370d416365b4dac3f7
s24,s2401b,O0_4_sw4,66,4,0.06060606060606061,3,0,0,0.045454545454545456,0.0,0.0,68,4,0.058823529411764705,3,0,0,0.04411764705882353,0.0,0.0,255.15574200000026,124.16631200000013,0.4866295033250712,137.33599999999973,34,4.039294117647051,87130029b5443647ed1f1febd32ab768bf957a0a1698217eb3cf14b2d00c6ecf,269,f320c78608ace83894dce614f5c6a62b5781346bd340404c0c132decc6371875,7654845769e92d49ec9f114885b75ce40a16fe6338b3895868c94ce323eac759
s24,s2401b,O0_4_keep90,64,4,0.0625,3,0,0,0.046875,0.0,0.0,64,4,0.0625,3,0,0,0.046875,0.0,0.0,255.15574200000026,124.16631200000013,0.4866295033250712,137.33599999999973,32,4.2917499999999915,87130029b5443647ed1f1febd32ab768bf957a0a1698217eb3cf14b2d00c6ecf,269,5dd10fbaac0856b87213c68127860dd69c68040678413b2495cc02efb90b2c5d,29a9718da0787e7a06c419e78612d1407dc4cdd632fa31370d416365b4dac3f7
s24,s2401b,O0_4_keep80,64,4,0.0625,3,0,0,0.046875,0.0,0.0,64,4,0.0625,3,0,0,0.046875,0.0,0.0,255.15574200000026,122.01447100000014,0.4781960619173525,134.8759999999997,32,4.21487499999999,87130029b5443647ed1f1febd32ab768bf957a0a1698217eb3cf14b2d00c6ecf,267,b362a52fc46c9bfa4fc460ee6e6d0463e40f9c856c351899b85a04a620b839d4,c13a50bdbe5cb155c05fbb3422c74494ff1c422e051608eec11fbf6313e0ded6
s24,s2401b,O0_4_keep70,64,4,0.0625,3,0,0,0.046875,0.0,0.0,64,4,0.0625,3,0,0,0.046875,0.0,0.0,255.15574200000026,120.73252700000013,0.4731718990670412,133.3999999999997,32,4.16874999999999,87130029b5443647ed1f1febd32ab768bf957a0a1698217eb3cf14b2d00c6ecf,260,1015e9073e742bc27d5d41cac8b5ddb84f00cb532c263eb9e001da96a8b08b6c,fec7ca168ce8079da060f6521fd22521e54658e7a2ec0632c89097a44b9f860f
s24,s2401b,O0_4_keep60,56,4,0.07142857142857142,3,0,0,0.05357142857142857,0.0,0.0,56,4,0.07142857142857142,3,0,0,0.05357142857142857,0.0,0.0,255.15574200000026,105.2472650000001,0.4124824476809148,115.79199999999975,28,4.135428571428562,87130029b5443647ed1f1febd32ab768bf957a0a1698217eb3cf14b2d00c6ecf,238,577fc8dee4134402c673d18bf4f9fada1539f4d72343eb979c48e20484c7a38c,37ad380330b691a59e15639b8465aafc35e87479bd5215e928819cc78e166d06
s24,s2401b,O0_4_keep50,26,0,0.0,0,0,0,0.0,0.0,0.0,26,0,0.0,0,0,0,0.0,0.0,0.0,255.15574200000026,50.65991500000012,0.1985450713470523,56.647999999999975,13,4.35753846153846,87130029b5443647ed1f1febd32ab768bf957a0a1698217eb3cf14b2d00c6ecf,149,3f7792cbd05a9ff317d83abed746b3119b059fea8a7d217c4d83cb989c825cc2,b5da531af7c7e8920daee11248a7f49c439a20acc6a5895d1a83ea040936b049
s24,s2401b,O0_4_MARGIN_all_s0p5,64,5,0.078125,3,0,0,0.046875,0.0,0.0,64,5,0.078125,3,0,0,0.046875,0.0,0.0,255.15574200000026,124.15552700000013,0.486587235022914,137.04799999999972,32,4.282749999999991,87130029b5443647ed1f1febd32ab768bf957a0a1698217eb3cf14b2d00c6ecf,269,139cde7bbf6d703fd9533aec233a1a46a402271e4ba6b74f8d64cc9faaf7143e,3b7c8142829cf6251e9042a26ecb2a499e39e506d6db511269bd56ddd90620bd
s24,s2401b,O0_4_MARGIN_all_s1,64,5,0.078125,3,0,0,0.046875,0.0,0.0,64,5,0.078125,3,0,0,0.046875,0.0,0.0,255.15574200000026,123.10633600000013,0.4824752719066773,135.44399999999973,32,4.232624999999992,87130029b5443647ed1f1febd32ab768bf957a0a1698217eb3cf14b2d00c6ecf,269,a1c592f0a181107b6b67d350c158c7497627fa141bb160fad016abdd10b5eb41,4c18d3232dd764e613c86f02122407996d82305384c1b0ff24eb3005ca9a17ca
s24,s2401b,O0_4_MARGIN_all_s2,64,6,0.09375,3,0,0,0.046875,0.0,0.0,64,6,0.09375,3,0,0,0.046875,0.0,0.0,255.15574200000026,121.45769300000013,0.47601395151044656,133.33199999999974,32,4.166624999999992,87130029b5443647ed1f1febd32ab768bf957a0a1698217eb3cf14b2d00c6ecf,269,f4100a4742327f4d24c6ebfe4563f4bebcb108b36e2b128e659c098460fc6d3b,4d95e78ba45c5111cd40e8d4a53ab67c21a90f5defe5671da100f772570b1c10
s24,s2401b,O0_4_MARGIN_all_s4,60,6,0.1,3,0,0,0.05,0.0,0.0,60,6,0.1,3,0,0,0.05,0.0,0.0,255.15574200000026,114.00601700000017,0.4468095293736327,125.12799999999979,30,4.170933333333326,87130029b5443647ed1f1febd32ab768bf957a0a1698217eb3cf14b2d00c6ecf,269,6c33a8887332a0432cdd9c9bbb91e30d8ea83035808c18bb55339fa76e466293,05dab35fa0a0c622fd530f437eb4d144aea88afca76ff2de60da08b950402e0f
s24,s2402a,O0_4,70,1,0.014285714285714285,0,0,0,0.0,0.0,0.0,70,1,0.014285714285714285,0,0,0,0.0,0.0,0.0,318.3237590000002,146.47305699999967,0.46013862571910497,161.07199999999997,35,4.602057142857142,87130029b5443647ed1f1febd32ab768bf957a0a1698217eb3cf14b2d00c6ecf,339,4497d18104bc490aaeff8ae14a2f837a4e68b6fd9c3748d8fd1669a1f66843b5,edb9502c7dbeef2de734b1f5c874f6b010e2297ddf96b12a4d1c56a40135540e
s24,s2402a,O0_4_sw0p25,70,1,0.014285714285714285,0,0,0,0.0,0.0,0.0,70,1,0.014285714285714285,0,0,0,0.0,0.0,0.0,318.3237590000002,146.47305699999967,0.46013862571910497,161.07199999999997,35,4.602057142857142,87130029b5443647ed1f1febd32ab768bf957a0a1698217eb3cf14b2d00c6ecf,339,4497d18104bc490aaeff8ae14a2f837a4e68b6fd9c3748d8fd1669a1f66843b5,edb9502c7dbeef2de734b1f5c874f6b010e2297ddf96b12a4d1c56a40135540e
s24,s2402a,O0_4_sw0p5,70,1,0.014285714285714285,0,0,0,0.0,0.0,0.0,70,1,0.014285714285714285,0,0,0,0.0,0.0,0.0,318.3237590000002,146.47305699999967,0.46013862571910497,161.07199999999997,35,4.602057142857142,87130029b5443647ed1f1febd32ab768bf957a0a1698217eb3cf14b2d00c6ecf,339,4497d18104bc490aaeff8ae14a2f837a4e68b6fd9c3748d8fd1669a1f66843b5,edb9502c7dbeef2de734b1f5c874f6b010e2297ddf96b12a4d1c56a40135540e
s24,s2402a,O0_4_sw1,70,1,0.014285714285714285,0,0,0,0.0,0.0,0.0,70,1,0.014285714285714285,0,0,0,0.0,0.0,0.0,318.3237590000002,146.47305699999967,0.46013862571910497,161.07199999999997,35,4.602057142857142,87130029b5443647ed1f1febd32ab768bf957a0a1698217eb3cf14b2d00c6ecf,339,4497d18104bc490aaeff8ae14a2f837a4e68b6fd9c3748d8fd1669a1f66843b5,edb9502c7dbeef2de734b1f5c874f6b010e2297ddf96b12a4d1c56a40135540e
s24,s2402a,O0_4_sw2,71,1,0.014084507042253521,0,0,0,0.0,0.0,0.0,72,1,0.013888888888888888,0,0,0,0.0,0.0,0.0,318.3237590000002,146.7626289999997,0.46104830334074937,161.516,36,4.486555555555555,87130029b5443647ed1f1febd32ab768bf957a0a1698217eb3cf14b2d00c6ecf,339,2172cc85850aef6bfa70fef5506212faff2a804d4f25d81652830b293c9e639d,c06be7c9d94e58c0c286c9e82be3b67f745165327fa14f079f7ee16c329ee564
s24,s2402a,O0_4_sw4,71,1,0.014084507042253521,0,0,0,0.0,0.0,0.0,72,1,0.013888888888888888,0,0,0,0.0,0.0,0.0,318.3237590000002,146.7626289999997,0.46104830334074937,161.516,36,4.486555555555555,87130029b5443647ed1f1febd32ab768bf957a0a1698217eb3cf14b2d00c6ecf,339,2172cc85850aef6bfa70fef5506212faff2a804d4f25d81652830b293c9e639d,c06be7c9d94e58c0c286c9e82be3b67f745165327fa14f079f7ee16c329ee564
s24,s2402a,O0_4_keep90,70,1,0.014285714285714285,0,0,0,0.0,0.0,0.0,70,1,0.014285714285714285,0,0,0,0.0,0.0,0.0,318.3237590000002,146.47305699999967,0.46013862571910497,161.07199999999997,35,4.602057142857142,87130029b5443647ed1f1febd32ab768bf957a0a1698217eb3cf14b2d00c6ecf,339,4497d18104bc490aaeff8ae14a2f837a4e68b6fd9c3748d8fd1669a1f66843b5,edb9502c7dbeef2de734b1f5c874f6b010e2297ddf96b12a4d1c56a40135540e
s24,s2402a,O0_4_keep80,70,1,0.014285714285714285,0,0,0,0.0,0.0,0.0,70,1,0.014285714285714285,0,0,0,0.0,0.0,0.0,318.3237590000002,146.47305699999967,0.46013862571910497,161.07199999999997,35,4.602057142857142,87130029b5443647ed1f1febd32ab768bf957a0a1698217eb3cf14b2d00c6ecf,339,4497d18104bc490aaeff8ae14a2f837a4e68b6fd9c3748d8fd1669a1f66843b5,edb9502c7dbeef2de734b1f5c874f6b010e2297ddf96b12a4d1c56a40135540e
s24,s2402a,O0_4_keep70,68,1,0.014705882352941176,0,0,0,0.0,0.0,0.0,68,1,0.014705882352941176,0,0,0,0.0,0.0,0.0,318.3237590000002,141.47169199999965,0.4444270589302747,155.41599999999997,34,4.571058823529411,87130029b5443647ed1f1febd32ab768bf957a0a1698217eb3cf14b2d00c6ecf,329,c59ba9c8df4742851e0707025b679f9bc6b159839883c5a93eb4fe959b1ba080,527e326446b35eae34425fcaa91eff5508c727b21df394156f5786da14ac7ea0
s24,s2402a,O0_4_keep60,62,1,0.016129032258064516,0,0,0,0.0,0.0,0.0,62,1,0.016129032258064516,0,0,0,0.0,0.0,0.0,318.3237590000002,132.78677499999972,0.4171437765661709,145.21199999999996,31,4.684258064516127,87130029b5443647ed1f1febd32ab768bf957a0a1698217eb3cf14b2d00c6ecf,312,2e06e5ee1165c173e036dbef80025f1ebf6c5105c6b0c52dd64bc16657cd7df1,86d0099e86359a9dd3735787b5fd6b1966bbff75fccf124fa56f80e92012149b
s24,s2402a,O0_4_keep50,18,0,0.0,0,0,0,0.0,0.0,0.0,18,0,0.0,0,0,0,0.0,0.0,0.0,318.3237590000002,43.30634599999998,0.13604496923523685,49.64000000000007,9,5.515555555555563,87130029b5443647ed1f1febd32ab768bf957a0a1698217eb3cf14b2d00c6ecf,187,ccca20eaea4733110fbb36ace0410768a11b36e7a62b02fad119badb11538c79,8b48917ceb52f734ca62b38da3a9267312ecb7bae0e759bd6b546b5d2aa003a2
s24,s2402a,O0_4_MARGIN_all_s0p5,70,1,0.014285714285714285,0,0,0,0.0,0.0,0.0,70,1,0.014285714285714285,0,0,0,0.0,0.0,0.0,318.3237590000002,146.47305699999967,0.46013862571910497,161.07199999999997,35,4.602057142857142,87130029b5443647ed1f1febd32ab768bf957a0a1698217eb3cf14b2d00c6ecf,339,4497d18104bc490aaeff8ae14a2f837a4e68b6fd9c3748d8fd1669a1f66843b5,edb9502c7dbeef2de734b1f5c874f6b010e2297ddf96b12a4d1c56a40135540e
s24,s2402a,O0_4_MARGIN_all_s1,70,1,0.014285714285714285,0,0,0,0.0,0.0,0.0,70,1,0.014285714285714285,0,0,0,0.0,0.0,0.0,318.3237590000002,146.47305699999967,0.46013862571910497,161.07199999999997,35,4.602057142857142,87130029b5443647ed1f1febd32ab768bf957a0a1698217eb3cf14b2d00c6ecf,339,4497d18104bc490aaeff8ae14a2f837a4e68b6fd9c3748d8fd1669a1f66843b5,edb9502c7dbeef2de734b1f5c874f6b010e2297ddf96b12a4d1c56a40135540e
s24,s2402a,O0_4_MARGIN_all_s2,70,1,0.014285714285714285,0,0,0,0.0,0.0,0.0,70,1,0.014285714285714285,0,0,0,0.0,0.0,0.0,318.3237590000002,146.0979519999997,0.4589602499636215,160.4119999999999,35,4.583199999999997,87130029b5443647ed1f1febd32ab768bf957a0a1698217eb3cf14b2d00c6ecf,339,e6033a8f6fd61f5974f537550dc11025038f726cb96175984a78f027840a5a58,d33c2cbf8e8d2b37305fc6fae4083db9690b55b7e28c31d106ee587735eb52a0
s24,s2402a,O0_4_MARGIN_all_s4,71,1,0.014084507042253521,0,0,0,0.0,0.0,0.0,72,1,0.013888888888888888,0,0,0,0.0,0.0,0.0,318.3237590000002,146.0979519999997,0.4589602499636215,160.4119999999999,36,4.455888888888886,87130029b5443647ed1f1febd32ab768bf957a0a1698217eb3cf14b2d00c6ecf,339,45fa9e1500ad3801d9b53bcc4ce26c08a3d589b054fd074d9b76a12c54a38519,add22cb27bd741b54f0b862318bbd25c6e3811c42829ca87cb827b1a19db201a
s24,s2402b,O0_4,86,4,0.046511627906976744,2,1,0,0.023255813953488372,0.011627906976744186,0.0,86,4,0.046511627906976744,2,1,0,0.023255813953488372,0.011627906976744186,0.0,292.2592680000001,172.6559539999999,0.5907629728272632,188.2,43,4.376744186046511,87130029b5443647ed1f1febd32ab768bf957a0a1698217eb3cf14b2d00c6ecf,292,d7436263dfa9a2351a6aa838ddd17ee0f244954c4f10e5808027e62efd8d1b93,39b8db794393266586af87640ab027d0813dd362b132dd485634ca696867029c
s24,s2402b,O0_4_sw0p25,86,4,0.046511627906976744,2,1,0,0.023255813953488372,0.011627906976744186,0.0,86,4,0.046511627906976744,2,1,0,0.023255813953488372,0.011627906976744186,0.0,292.2592680000001,172.6559539999999,0.5907629728272632,188.2,43,4.376744186046511,87130029b5443647ed1f1febd32ab768bf957a0a1698217eb3cf14b2d00c6ecf,292,d7436263dfa9a2351a6aa838ddd17ee0f244954c4f10e5808027e62efd8d1b93,39b8db794393266586af87640ab027d0813dd362b132dd485634ca696867029c
s24,s2402b,O0_4_sw0p5,86,4,0.046511627906976744,2,1,0,0.023255813953488372,0.011627906976744186,0.0,86,4,0.046511627906976744,2,1,0,0.023255813953488372,0.011627906976744186,0.0,292.2592680000001,172.6559539999999,0.5907629728272632,188.2,43,4.376744186046511,87130029b5443647ed1f1febd32ab768bf957a0a1698217eb3cf14b2d00c6ecf,292,d7436263dfa9a2351a6aa838ddd17ee0f244954c4f10e5808027e62efd8d1b93,39b8db794393266586af87640ab027d0813dd362b132dd485634ca696867029c
s24,s2402b,O0_4_sw1,86,4,0.046511627906976744,2,1,0,0.023255813953488372,0.011627906976744186,0.0,86,4,0.046511627906976744,2,1,0,0.023255813953488372,0.011627906976744186,0.0,292.2592680000001,172.6559539999999,0.5907629728272632,188.2,43,4.376744186046511,87130029b5443647ed1f1febd32ab768bf957a0a1698217eb3cf14b2d00c6ecf,292,d7436263dfa9a2351a6aa838ddd17ee0f244954c4f10e5808027e62efd8d1b93,39b8db794393266586af87640ab027d0813dd362b132dd485634ca696867029c
s24,s2402b,O0_4_sw2,86,4,0.046511627906976744,2,2,1,0.023255813953488372,0.023255813953488372,0.011627906976744186,86,4,0.046511627906976744,2,2,1,0.023255813953488372,0.023255813953488372,0.011627906976744186,292.2592680000001,171.90395399999989,0.5881899149901376,187.308,43,4.356,87130029b5443647ed1f1febd32ab768bf957a0a1698217eb3cf14b2d00c6ecf,292,9297bf6f90f425e16e1f1e56ad1840d25cf8c0e9260760cc34d67a3cfbf9d230,87a991201215f0f7bda4e595f381ca7bbd2332e4dfcabb1b573c50a971a8fce0
s24,s2402b,O0_4_sw4,86,3,0.03488372093023256,1,1,1,0.011627906976744186,0.011627906976744186,0.011627906976744186,86,3,0.03488372093023256,1,1,1,0.011627906976744186,0.011627906976744186,0.011627906976744186,292.2592680000001,169.60078499999986,0.5803093471102508,184.64800000000002,43,4.294139534883722,87130029b5443647ed1f1febd32ab768bf957a0a1698217eb3cf14b2d00c6ecf,292,71d1fe8022e5979b47e9012ad6c63260e344e4fcb6abe35bf31a6c03539feccf,565b2da7d2f50959ae2d3a889fd3f37204337845f1f2fc518b36d23afd43a85b
s24,s2402b,O0_4_keep90,86,4,0.046511627906976744,2,1,0,0.023255813953488372,0.011627906976744186,0.0,86,4,0.046511627906976744,2,1,0,0.023255813953488372,0.011627906976744186,0.0,292.2592680000001,172.6559539999999,0.5907629728272632,188.2,43,4.376744186046511,87130029b5443647ed1f1febd32ab768bf957a0a1698217eb3cf14b2d00c6ecf,292,d7436263dfa9a2351a6aa838ddd17ee0f244954c4f10e5808027e62efd8d1b93,39b8db794393266586af87640ab027d0813dd362b132dd485634ca696867029c
s24,s2402b,O0_4_keep80,86,4,0.046511627906976744,2,1,0,0.023255813953488372,0.011627906976744186,0.0,86,4,0.046511627906976744,2,1,0,0.023255813953488372,0.011627906976744186,0.0,292.2592680000001,172.6559539999999,0.5907629728272632,188.2,43,4.376744186046511,87130029b5443647ed1f1febd32ab768bf957a0a1698217eb3cf14b2d00c6ecf,292,d7436263dfa9a2351a6aa838ddd17ee0f244954c4f10e5808027e62efd8d1b93,39b8db794393266586af87640ab027d0813dd362b132dd485634ca696867029c
s24,s2402b,O0_4_keep70,84,3,0.03571428571428571,1,1,0,0.011904761904761904,0.011904761904761904,0.0,84,3,0.03571428571428571,1,1,0,0.011904761904761904,0.011904761904761904,0.0,292.2592680000001,167.90848999999986,0.5745189575989762,182.97199999999998,42,4.35647619047619,87130029b5443647ed1f1febd32ab768bf957a0a1698217eb3cf14b2d00c6ecf,285,e2b742bc93e8187dc2126c189cabf0b2c800262830bf5dd3aeedf9e764846b1f,4aab17203dc37419b2d43da0913115aded3789a6b8d42537746d0d441d799303
s24,s2402b,O0_4_keep60,68,2,0.029411764705882353,0,0,0,0.0,0.0,0.0,68,2,0.029411764705882353,0,0,0,0.0,0.0,0.0,292.2592680000001,130.29187099999982,0.44580920184881795,141.092,34,4.149764705882354,87130029b5443647ed1f1febd32ab768bf957a0a1698217eb3cf14b2d00c6ecf,258,0de54414e1e25ee6a8956493b4519f02d9fae5218dc32d75d6e09060b2b0ec65,f3f0ceed39b9fae9cff04d33960b79abb44fe87b821d32ee45d0a5bdd1176ebb
s24,s2402b,O0_4_keep50,28,2,0.07142857142857142,0,0,0,0.0,0.0,0.0,28,2,0.07142857142857142,0,0,0,0.0,0.0,0.0,292.2592680000001,59.53671699999977,0.20371198972550547,65.58,14,4.684285714285714,87130029b5443647ed1f1febd32ab768bf957a0a1698217eb3cf14b2d00c6ecf,168,90d1e2bebf73d65c1639f650caa7cf4355c730477edf329a95e885d33063b8c5,b70f310655cff4bcaec8c2b7fa77db55c1ee90cdbb8a0a464dc1cab003ac4d60
s24,s2402b,O0_4_MARGIN_all_s0p5,86,4,0.046511627906976744,2,1,0,0.023255813953488372,0.011627906976744186,0.0,86,4,0.046511627906976744,2,1,0,0.023255813953488372,0.011627906976744186,0.0,292.2592680000001,172.31593199999992,0.5895995469337858,187.632,43,4.363534883720931,87130029b5443647ed1f1febd32ab768bf957a0a1698217eb3cf14b2d00c6ecf,292,5ab880828254f86810e644a6d47c0b26e03c3a2c1202ab9b1b2183ca07cd3289,36e27cfb6f5ce13720306577f74db8367d5ec70eca2d8fef241911026f718e30
s24,s2402b,O0_4_MARGIN_all_s1,86,4,0.046511627906976744,2,2,1,0.023255813953488372,0.023255813953488372,0.011627906976744186,86,4,0.046511627906976744,2,2,1,0.023255813953488372,0.023255813953488372,0.011627906976744186,292.2592680000001,171.2128409999999,0.5858251892973326,186.24,43,4.331162790697674,87130029b5443647ed1f1febd32ab768bf957a0a1698217eb3cf14b2d00c6ecf,292,f45cbdf1da2fe3f6620ea80670ebcc6c2aa665cb3012cd4942a79c8baa6291b0,8d0ace413a08cf82cae0bff9cb4844234be359076ed8fbfea1b7a0d66c9321f6
s24,s2402b,O0_4_MARGIN_all_s2,86,4,0.046511627906976744,2,2,1,0.023255813953488372,0.023255813953488372,0.011627906976744186,86,4,0.046511627906976744,2,2,1,0.023255813953488372,0.023255813953488372,0.011627906976744186,292.2592680000001,171.2128409999999,0.5858251892973326,186.24,43,4.331162790697674,87130029b5443647ed1f1febd32ab768bf957a0a1698217eb3cf14b2d00c6ecf,292,f45cbdf1da2fe3f6620ea80670ebcc6c2aa665cb3012cd4942a79c8baa6291b0,8d0ace413a08cf82cae0bff9cb4844234be359076ed8fbfea1b7a0d66c9321f6
s24,s2402b,O0_4_MARGIN_all_s4,86,4,0.046511627906976744,2,2,1,0.023255813953488372,0.023255813953488372,0.011627906976744186,86,4,0.046511627906976744,2,2,1,0.023255813953488372,0.023255813953488372,0.011627906976744186,292.2592680000001,168.8633819999999,0.5777862346524452,183.47200000000004,43,4.26679069767442,87130029b5443647ed1f1febd32ab768bf957a0a1698217eb3cf14b2d00c6ecf,292,c2534f66adba9a2fcc47c3ccca2f07f9205a47db71bf785526a473a0e8411ea6,a4cf43befab1e5ce27a9c7c96161c7eaf198e8fd79dbcc7b80105342810f2d79
s24,s2403a,O0_4,60,6,0.1,1,1,0,0.016666666666666666,0.016666666666666666,0.0,60,6,0.1,1,1,0,0.016666666666666666,0.016666666666666666,0.0,290.60342199999906,127.02409299999958,0.43710460161064446,135.9320000000001,30,4.53106666666667,87130029b5443647ed1f1febd32ab768bf957a0a1698217eb3cf14b2d00c6ecf,299,70344645089a6a43aba7f50a1075c51d02c3615071408ed8c051024e87a60bc9,4ab7d2693b2bdd7e646b3462de789c9c33517a5c42690bb7ed8036ac2bed8fba
s24,s2403a,O0_4_sw0p25,60,6,0.1,1,1,0,0.016666666666666666,0.016666666666666666,0.0,60,6,0.1,1,1,0,0.016666666666666666,0.016666666666666666,0.0,290.60342199999906,127.02409299999958,0.43710460161064446,135.9320000000001,30,4.53106666666667,87130029b5443647ed1f1febd32ab768bf957a0a1698217eb3cf14b2d00c6ecf,299,70344645089a6a43aba7f50a1075c51d02c3615071408ed8c051024e87a60bc9,4ab7d2693b2bdd7e646b3462de789c9c33517a5c42690bb7ed8036ac2bed8fba
s24,s2403a,O0_4_sw0p5,60,6,0.1,1,1,0,0.016666666666666666,0.016666666666666666,0.0,60,6,0.1,1,1,0,0.016666666666666666,0.016666666666666666,0.0,290.60342199999906,127.02409299999958,0.43710460161064446,135.9320000000001,30,4.53106666666667,87130029b5443647ed1f1febd32ab768bf957a0a1698217eb3cf14b2d00c6ecf,299,70344645089a6a43aba7f50a1075c51d02c3615071408ed8c051024e87a60bc9,4ab7d2693b2bdd7e646b3462de789c9c33517a5c42690bb7ed8036ac2bed8fba
s24,s2403a,O0_4_sw1,60,6,0.1,1,1,0,0.016666666666666666,0.016666666666666666,0.0,60,6,0.1,1,1,0,0.016666666666666666,0.016666666666666666,0.0,290.60342199999906,127.02409299999958,0.43710460161064446,135.9320000000001,30,4.53106666666667,87130029b5443647ed1f1febd32ab768bf957a0a1698217eb3cf14b2d00c6ecf,299,70344645089a6a43aba7f50a1075c51d02c3615071408ed8c051024e87a60bc9,4ab7d2693b2bdd7e646b3462de789c9c33517a5c42690bb7ed8036ac2bed8fba
s24,s2403a,O0_4_sw2,60,6,0.1,1,1,0,0.016666666666666666,0.016666666666666666,0.0,60,6,0.1,1,1,0,0.016666666666666666,0.016666666666666666,0.0,290.60342199999906,127.02409299999958,0.43710460161064446,135.9320000000001,30,4.53106666666667,87130029b5443647ed1f1febd32ab768bf957a0a1698217eb3cf14b2d00c6ecf,299,70344645089a6a43aba7f50a1075c51d02c3615071408ed8c051024e87a60bc9,4ab7d2693b2bdd7e646b3462de789c9c33517a5c42690bb7ed8036ac2bed8fba
s24,s2403a,O0_4_sw4,60,6,0.1,1,1,0,0.016666666666666666,0.016666666666666666,0.0,60,6,0.1,1,1,0,0.016666666666666666,0.016666666666666666,0.0,290.60342199999906,127.02409299999958,0.43710460161064446,135.9320000000001,30,4.53106666666667,87130029b5443647ed1f1febd32ab768bf957a0a1698217eb3cf14b2d00c6ecf,299,70344645089a6a43aba7f50a1075c51d02c3615071408ed8c051024e87a60bc9,4ab7d2693b2bdd7e646b3462de789c9c33517a5c42690bb7ed8036ac2bed8fba
s24,s2403a,O0_4_keep90,60,6,0.1,1,1,0,0.016666666666666666,0.016666666666666666,0.0,60,6,0.1,1,1,0,0.016666666666666666,0.016666666666666666,0.0,290.60342199999906,127.02409299999958,0.43710460161064446,135.9320000000001,30,4.53106666666667,87130029b5443647ed1f1febd32ab768bf957a0a1698217eb3cf14b2d00c6ecf,299,70344645089a6a43aba7f50a1075c51d02c3615071408ed8c051024e87a60bc9,4ab7d2693b2bdd7e646b3462de789c9c33517a5c42690bb7ed8036ac2bed8fba
s24,s2403a,O0_4_keep80,60,6,0.1,1,1,0,0.016666666666666666,0.016666666666666666,0.0,60,6,0.1,1,1,0,0.016666666666666666,0.016666666666666666,0.0,290.60342199999906,127.02409299999958,0.43710460161064446,135.9320000000001,30,4.53106666666667,87130029b5443647ed1f1febd32ab768bf957a0a1698217eb3cf14b2d00c6ecf,299,70344645089a6a43aba7f50a1075c51d02c3615071408ed8c051024e87a60bc9,4ab7d2693b2bdd7e646b3462de789c9c33517a5c42690bb7ed8036ac2bed8fba
s24,s2403a,O0_4_keep70,60,6,0.1,1,1,0,0.016666666666666666,0.016666666666666666,0.0,60,6,0.1,1,1,0,0.016666666666666666,0.016666666666666666,0.0,290.60342199999906,127.02409299999958,0.43710460161064446,135.9320000000001,30,4.53106666666667,87130029b5443647ed1f1febd32ab768bf957a0a1698217eb3cf14b2d00c6ecf,291,70344645089a6a43aba7f50a1075c51d02c3615071408ed8c051024e87a60bc9,4ab7d2693b2bdd7e646b3462de789c9c33517a5c42690bb7ed8036ac2bed8fba
s24,s2403a,O0_4_keep60,58,5,0.08620689655172414,0,0,0,0.0,0.0,0.0,58,5,0.08620689655172414,0,0,0,0.0,0.0,0.0,290.60342199999906,123.91404999999956,0.42640258379338686,132.4680000000001,29,4.567862068965521,87130029b5443647ed1f1febd32ab768bf957a0a1698217eb3cf14b2d00c6ecf,275,1c2d7be321c221bf8545c315efe05566d5f1ca76ad4f7302bac5792c58a085da,3a1e6995ae05e41e9bcbd896131e15e45b65a6ee5bdde21022e2f5e0fc59a442
s24,s2403a,O0_4_keep50,22,1,0.045454545454545456,0,0,0,0.0,0.0,0.0,22,1,0.045454545454545456,0,0,0,0.0,0.0,0.0,290.60342199999906,53.524795999999924,0.18418501623838449,58.3560000000001,11,5.305090909090918,87130029b5443647ed1f1febd32ab768bf957a0a1698217eb3cf14b2d00c6ecf,171,201449b5a6474eb296cee2324ab49b5e40979d92a49818697edfa7dcfe18721d,4f024f2c7d1790bd26135b90e1962cdcb945e14d40cf85c34942899ae9261ed5
s24,s2403a,O0_4_MARGIN_all_s0p5,60,6,0.1,1,1,0,0.016666666666666666,0.016666666666666666,0.0,60,6,0.1,1,1,0,0.016666666666666666,0.016666666666666666,0.0,290.60342199999906,127.02409299999958,0.43710460161064446,135.9320000000001,30,4.53106666666667,87130029b5443647ed1f1febd32ab768bf957a0a1698217eb3cf14b2d00c6ecf,299,70344645089a6a43aba7f50a1075c51d02c3615071408ed8c051024e87a60bc9,4ab7d2693b2bdd7e646b3462de789c9c33517a5c42690bb7ed8036ac2bed8fba
s24,s2403a,O0_4_MARGIN_all_s1,60,6,0.1,1,1,0,0.016666666666666666,0.016666666666666666,0.0,60,6,0.1,1,1,0,0.016666666666666666,0.016666666666666666,0.0,290.60342199999906,127.02409299999958,0.43710460161064446,135.9320000000001,30,4.53106666666667,87130029b5443647ed1f1febd32ab768bf957a0a1698217eb3cf14b2d00c6ecf,299,70344645089a6a43aba7f50a1075c51d02c3615071408ed8c051024e87a60bc9,4ab7d2693b2bdd7e646b3462de789c9c33517a5c42690bb7ed8036ac2bed8fba
s24,s2403a,O0_4_MARGIN_all_s2,60,6,0.1,2,2,0,0.03333333333333333,0.03333333333333333,0.0,60,6,0.1,2,2,0,0.03333333333333333,0.03333333333333333,0.0,290.60342199999906,125.13925999999962,0.4306186731689623,133.59600000000012,30,4.453200000000004,87130029b5443647ed1f1febd32ab768bf957a0a1698217eb3cf14b2d00c6ecf,299,2c353d78aa79703af2d522d3180d906234f9df670812e406e62f27dbdd2c18f7,7b44746fd32c121252950b4d14fee4dc267c745a6a431a4196b9600ef928a06f
s24,s2403a,O0_4_MARGIN_all_s4,60,6,0.1,2,2,0,0.03333333333333333,0.03333333333333333,0.0,60,6,0.1,2,2,0,0.03333333333333333,0.03333333333333333,0.0,290.60342199999906,125.13925999999962,0.4306186731689623,133.59600000000012,30,4.453200000000004,87130029b5443647ed1f1febd32ab768bf957a0a1698217eb3cf14b2d00c6ecf,299,2c353d78aa79703af2d522d3180d906234f9df670812e406e62f27dbdd2c18f7,7b44746fd32c121252950b4d14fee4dc267c745a6a431a4196b9600ef928a06f
s24,s2403b,O0_4,70,7,0.1,4,0,0,0.05714285714285714,0.0,0.0,70,7,0.1,4,0,0,0.05714285714285714,0.0,0.0,285.733641,140.51128100000008,0.4917561702158833,152.7200000000001,35,4.3634285714285745,87130029b5443647ed1f1febd32ab768bf957a0a1698217eb3cf14b2d00c6ecf,321,8d13ed5b1bd132819c18361e68648f6d6a20a23d852c987833102497c1311b3c,9ad9846bf15d3a8a04d0bedc83ca9bdd5edf3a27d9bad3f25f576efbaeba1e1e
s24,s2403b,O0_4_sw0p25,70,7,0.1,4,0,0,0.05714285714285714,0.0,0.0,70,7,0.1,4,0,0,0.05714285714285714,0.0,0.0,285.733641,140.51128100000008,0.4917561702158833,152.7200000000001,35,4.3634285714285745,87130029b5443647ed1f1febd32ab768bf957a0a1698217eb3cf14b2d00c6ecf,321,8d13ed5b1bd132819c18361e68648f6d6a20a23d852c987833102497c1311b3c,9ad9846bf15d3a8a04d0bedc83ca9bdd5edf3a27d9bad3f25f576efbaeba1e1e
s24,s2403b,O0_4_sw0p5,70,7,0.1,4,0,0,0.05714285714285714,0.0,0.0,70,7,0.1,4,0,0,0.05714285714285714,0.0,0.0,285.733641,140.51128100000008,0.4917561702158833,152.7200000000001,35,4.3634285714285745,87130029b5443647ed1f1febd32ab768bf957a0a1698217eb3cf14b2d00c6ecf,321,8d13ed5b1bd132819c18361e68648f6d6a20a23d852c987833102497c1311b3c,9ad9846bf15d3a8a04d0bedc83ca9bdd5edf3a27d9bad3f25f576efbaeba1e1e
s24,s2403b,O0_4_sw1,70,7,0.1,4,0,0,0.05714285714285714,0.0,0.0,70,7,0.1,4,0,0,0.05714285714285714,0.0,0.0,285.733641,140.51128100000008,0.4917561702158833,152.7200000000001,35,4.3634285714285745,87130029b5443647ed1f1febd32ab768bf957a0a1698217eb3cf14b2d00c6ecf,321,8d13ed5b1bd132819c18361e68648f6d6a20a23d852c987833102497c1311b3c,9ad9846bf15d3a8a04d0bedc83ca9bdd5edf3a27d9bad3f25f576efbaeba1e1e
s24,s2403b,O0_4_sw2,71,8,0.11267605633802817,5,0,0,0.07042253521126761,0.0,0.0,72,9,0.125,6,0,0,0.08333333333333333,0.0,0.0,285.733641,140.51128100000008,0.4917561702158833,152.7200000000001,36,4.2422222222222254,87130029b5443647ed1f1febd32ab768bf957a0a1698217eb3cf14b2d00c6ecf,321,57b6b6c41eb97da7c6b95f54cefb653055f1b7be62ff0b0203d71fc927ae3663,b243e3a4cf2df3f9809a98d5f06c089052213ad4be1e5c6ca161d0a89d8fdb73
s24,s2403b,O0_4_sw4,71,8,0.11267605633802817,5,0,0,0.07042253521126761,0.0,0.0,72,9,0.125,6,0,0,0.08333333333333333,0.0,0.0,285.733641,140.51128100000008,0.4917561702158833,152.7200000000001,36,4.2422222222222254,87130029b5443647ed1f1febd32ab768bf957a0a1698217eb3cf14b2d00c6ecf,321,57b6b6c41eb97da7c6b95f54cefb653055f1b7be62ff0b0203d71fc927ae3663,b243e3a4cf2df3f9809a98d5f06c089052213ad4be1e5c6ca161d0a89d8fdb73
s24,s2403b,O0_4_keep90,70,7,0.1,4,0,0,0.05714285714285714,0.0,0.0,70,7,0.1,4,0,0,0.05714285714285714,0.0,0.0,285.733641,140.51128100000008,0.4917561702158833,152.7200000000001,35,4.3634285714285745,87130029b5443647ed1f1febd32ab768bf957a0a1698217eb3cf14b2d00c6ecf,321,8d13ed5b1bd132819c18361e68648f6d6a20a23d852c987833102497c1311b3c,9ad9846bf15d3a8a04d0bedc83ca9bdd5edf3a27d9bad3f25f576efbaeba1e1e
s24,s2403b,O0_4_keep80,70,7,0.1,4,0,0,0.05714285714285714,0.0,0.0,70,7,0.1,4,0,0,0.05714285714285714,0.0,0.0,285.733641,140.51128100000008,0.4917561702158833,152.7200000000001,35,4.3634285714285745,87130029b5443647ed1f1febd32ab768bf957a0a1698217eb3cf14b2d00c6ecf,320,8d13ed5b1bd132819c18361e68648f6d6a20a23d852c987833102497c1311b3c,9ad9846bf15d3a8a04d0bedc83ca9bdd5edf3a27d9bad3f25f576efbaeba1e1e
s24,s2403b,O0_4_keep70,70,7,0.1,4,0,0,0.05714285714285714,0.0,0.0,70,7,0.1,4,0,0,0.05714285714285714,0.0,0.0,285.733641,140.51128100000008,0.4917561702158833,152.7200000000001,35,4.3634285714285745,87130029b5443647ed1f1febd32ab768bf957a0a1698217eb3cf14b2d00c6ecf,315,8d13ed5b1bd132819c18361e68648f6d6a20a23d852c987833102497c1311b3c,9ad9846bf15d3a8a04d0bedc83ca9bdd5edf3a27d9bad3f25f576efbaeba1e1e
s24,s2403b,O0_4_keep60,56,7,0.125,4,0,0,0.07142857142857142,0.0,0.0,56,7,0.125,4,0,0,0.07142857142857142,0.0,0.0,285.733641,112.65909800000007,0.3942801330838047,120.69600000000001,28,4.310571428571429,87130029b5443647ed1f1febd32ab768bf957a0a1698217eb3cf14b2d00c6ecf,284,2281b754517e8f740c23cf0f477140636008c9f1dff61f12536fe662ee3b50dc,e46b6aceb42aea666c9850164c45f467e5821b2f3fd9adf39a8134d3f72bb361
s24,s2403b,O0_4_keep50,18,3,0.16666666666666666,2,0,0,0.1111111111111111,0.0,0.0,18,3,0.16666666666666666,2,0,0,0.1111111111111111,0.0,0.0,285.733641,38.5397930000001,0.134880138247355,41.727999999999966,9,4.63644444444444,87130029b5443647ed1f1febd32ab768bf957a0a1698217eb3cf14b2d00c6ecf,184,3317cc1199019d9401607c95d2e2719ad044aa56e8861f3d8a1453e1d197d835,78553b11c967123f573417238ffe21dca74fd574ee4fe2d200368c4f84a7c0c7
s24,s2403b,O0_4_MARGIN_all_s0p5,70,7,0.1,4,0,0,0.05714285714285714,0.0,0.0,70,7,0.1,4,0,0,0.05714285714285714,0.0,0.0,285.733641,140.36328100000006,0.4912382053046392,152.57200000000012,35,4.359200000000003,87130029b5443647ed1f1febd32ab768bf957a0a1698217eb3cf14b2d00c6ecf,321,66a0df90b1dc8c5f62b9bae6a90a33bd651bf1012c88ba5ea981b7535175cd37,68284fa7ef7787c039fac54ab78b54dff77069225a062d299f32cdaa33b01836
s24,s2403b,O0_4_MARGIN_all_s1,70,7,0.1,4,0,0,0.05714285714285714,0.0,0.0,70,7,0.1,4,0,0,0.05714285714285714,0.0,0.0,285.733641,138.10588600000003,0.4833378580018166,149.70800000000006,35,4.27737142857143,87130029b5443647ed1f1febd32ab768bf957a0a1698217eb3cf14b2d00c6ecf,321,7443c402d2d8f63902c8081f31b4265018c7d8fda25790dc86848eb38c760b50,971e42d900c950c705283db610870a267fcb69dc47b2f904d24949e73749dcc8
s24,s2403b,O0_4_MARGIN_all_s2,70,7,0.1,4,0,0,0.05714285714285714,0.0,0.0,70,7,0.1,4,0,0,0.05714285714285714,0.0,0.0,285.733641,135.122724,0.4728974982683261,146.34400000000005,35,4.181257142857144,87130029b5443647ed1f1febd32ab768bf957a0a1698217eb3cf14b2d00c6ecf,321,771e1f078446ff0799a11fd248ebeaa2ba2ea615125e9460b0581396c8924871,25f7cb2098cdcc7e01cef06255d84515201205a3d547171466bba5a06230f2b8
s24,s2403b,O0_4_MARGIN_all_s4,70,7,0.1,4,0,0,0.05714285714285714,0.0,0.0,70,7,0.1,4,0,0,0.05714285714285714,0.0,0.0,285.733641,134.573768,0.47097628241821204,145.64400000000006,35,4.161257142857145,87130029b5443647ed1f1febd32ab768bf957a0a1698217eb3cf14b2d00c6ecf,321,23b594358b23658e0fa4cc55c9c683cc8896d739f53afd6fd969b3777cd7f884,325a35cfcd8d9c1864dd624ebfce3dd807a5cf5a09e2d218c73972bd672e7448
